word,pos,assigned_cefr,level_source,assigned_level_frequency,total_frequency,crf_A1,crf_A2,crf_B1,crf_B2,crf_C1,crf_C2,crf_total,beacco_A1,beacco_A2,beacco_B1,beacco_B2,beacco_C1,beacco_C2,beacco_total,beacco_level,match_method,crf_word,crf_pos,beacco_word,beacco_pos
de,DET,B1,beacco,1389.8474,1276.617,1215.0058,1014.4307,1389.8474,1169.9976,1331.785,1960.4454,1276.617,0.4856,8.399,14.3676,31.2325,56.8202,112.15,24.2824,B1,word_pos,de,DET,de,DET:ART
faillir,VERB,B1,beacco,1175.3547,1177.6853,1404.6789,1303.5606,1175.3547,962.2439,1062.2642,582.4811,1177.6853,0.0,8.7497,0.4317,1.3018,0.0,19.328,4.0506,B1,word_pos,faillir,V,faillir,VER
dont,PRON,B1,beacco,549.351,411.0555,0.3158,92.8074,549.351,657.071,803.7912,1453.9339,411.0555,0.6291,100.419,465.5178,570.7287,842.1925,1318.9585,382.9654,B1,word_pos,dont,PRO,dont,PRO
que,ADV,B1,beacco,301.2712,259.6567,63.1072,216.1701,301.2712,297.8922,326.4441,421.6204,259.6567,0.6291,39.448,112.9278,114.8293,138.4002,77.4712,83.0147,B1,word_pos,que,ADV,que,ADV
public,ADJ,B1,beacco,238.7499,210.0545,6.5353,17.4887,238.7499,246.5087,499.3472,769.9376,210.0545,0.8075,14.8728,124.0248,70.6284,317.7089,135.3747,97.9924,B1,word_pos,public,A,public,ADJ
public,NOUN,B1,beacco,225.5215,112.1747,0.0,44.6871,225.5215,57.3723,222.6387,115.0793,112.1747,0.0,45.544,233.7259,51.6459,282.3932,230.3781,125.6645,B1,word_pos,public,N,public,NOM
avenir,NOUN,B1,beacco,212.4348,145.7233,8.5726,126.7534,212.4348,148.9208,194.0786,83.6785,145.7233,1.1123,109.6591,146.0618,90.2515,180.777,93.687,110.2962,B1,word_pos,avenir,N,avenir,NOM
-ci,ADV,B1,beacco,210.1782,186.2201,,,,,,,,0.8346,198.0576,210.1782,223.4478,297.6957,154.624,186.2201,B1,beacco_only,,,-ci,ADV
regard,NOUN,B1,beacco,191.8784,156.6113,17.8784,166.5318,191.8784,241.3223,173.2703,9.6228,156.6113,7.3735,140.1896,163.0894,239.1139,171.3895,19.328,141.5148,B1,word_pos,regard,N,regard,NOM
puisque,CONJ,B1,beacco,183.3747,130.024,5.2789,61.912,183.3747,281.6022,111.7563,126.4605,130.024,7.2908,35.9022,79.6,175.603,80.0959,56.7717,76.6627,B1,word_pos,puisque,CONJS,puisque,KON
mouvement,NOUN,B1,beacco,180.5433,101.1587,9.3536,32.9274,180.5433,65.7105,205.4336,48.0277,101.1587,7.2908,33.2339,169.3101,80.4044,215.3928,56.7717,102.1698,B1,word_pos,mouvement,N,mouvement,NOM
remettre,VERB,B1,beacco,177.8376,102.0943,0.5025,67.1217,177.8376,147.7607,57.7841,48.0277,102.0943,0.6291,78.4305,205.9928,153.2357,76.6769,56.7717,116.8434,B1,word_pos,remettre,V,remettre,VER
état,NOUN,B1,beacco,176.9333,175.7865,11.64,127.0337,176.9333,105.0577,498.772,304.8448,175.7865,7.5967,109.2847,98.353,43.6762,434.2873,206.3501,122.9521,B1,word_pos,état,N,état,NOM
attirer,VERB,B1,beacco,171.3309,107.8778,4.0247,66.3101,171.3309,206.9189,78.2735,19.4814,107.8778,1.1764,62.0046,139.1574,124.4968,88.3167,25.6659,86.4715,B1,word_pos,attirer,V,attirer,VER
chef,NOUN,B1,beacco,165.4717,125.6495,0.2541,122.2282,165.4717,159.7396,84.3776,243.7473,125.6495,0.9051,135.2796,182.343,204.5671,40.6321,208.1843,131.2962,B1,word_pos,chef,N,chef,NOM
foule,NOUN,B1,beacco,154.9071,41.5593,0.7967,0.3469,154.9071,6.6199,18.6069,0.0,41.5593,1.6691,0.7079,171.1125,9.5296,18.0014,0.0,47.1086,B1,word_pos,foule,N,foule,NOM
politique,NOUN,B1,beacco,148.3406,153.3079,1.005,16.439,148.3406,97.405,503.036,705.713,153.3079,0.9051,24.3036,95.0799,58.9523,349.622,277.2274,103.73,B1,word_pos,politique,N,politique,NOM
action,NOUN,B1,beacco,147.8856,105.4151,1.3242,20.7176,147.8856,104.309,255.2565,213.6675,105.4151,1.2635,21.2432,127.8568,92.7962,344.1439,173.1709,105.6987,B1,word_pos,action,N,action,NOM
médaille,NOUN,B1,beacco,145.6553,165.365,42.2194,151.9705,145.6553,136.4634,290.2849,169.1042,165.365,0.0,49.6464,5.1436,0.0,0.0,12.833,12.478,B1,word_pos,médaille,N,médaille,NOM
assurer,VERB,B1,beacco,144.498,109.3971,0.4014,34.6702,144.498,116.7769,237.4294,415.1184,109.3971,0.7319,30.9657,128.0901,115.2526,239.7132,374.8543,103.4754,B1,word_pos,assurer,V,assurer,VER
plupart,NOUN,B1,beacco,143.454,99.7524,0.5025,48.6565,143.454,91.9076,199.3281,119.7316,99.7524,0.9051,51.7991,140.7146,106.6242,257.1513,174.5002,108.3641,B1,word_pos,plupart,N,plupart,NOM
adresser,VERB,B1,beacco,142.369,91.6025,0.0,110.3575,142.369,85.5857,32.7469,96.9035,91.6025,0.0,89.6519,135.6924,64.9101,40.0479,86.9662,79.2959,B1,word_pos,adresser,V,adresser,VER
importer,VERB,B1,beacco,140.7804,83.7709,0.0,43.6907,140.7804,126.2449,89.1209,55.0502,83.7709,0.0,43.906,125.5703,137.1935,112.8614,131.2856,84.3123,B1,word_pos,importer,V,importer,VER
pouvoir,NOUN,B1,beacco,139.2259,109.1532,7.6622,37.7274,139.2259,47.567,181.0823,561.2079,109.1532,7.1602,63.2503,150.7366,95.9443,197.0345,402.4391,119.7392,B1,word_pos,pouvoir,N,pouvoir,NOM
obtenir,VERB,B1,beacco,137.7342,101.319,2.2771,36.9138,137.7342,80.5925,168.7751,407.748,101.319,1.1764,60.7726,155.8407,57.9594,266.4547,504.8167,123.0933,B1,word_pos,obtenir,V,obtenir,VER
d'ailleurs,ADV,B1,beacco,135.7193,121.9952,,,,,,,,7.37,24.0478,135.7193,213.2635,268.1292,319.5546,121.9952,B1,beacco_only,,,d'ailleurs,ADV
charger,VERB,B1,beacco,135.5523,81.1917,13.5134,46.7324,135.5523,39.4212,159.0056,28.5334,81.1917,3.6596,45.3308,104.8135,46.0535,183.0858,56.7717,75.4802,B1,word_pos,charger,V,charger,VER
professionnel,ADJ,B1,beacco,134.2489,108.7353,0.3265,172.2016,134.2489,72.5263,31.2327,347.5614,108.7353,0.171,149.0663,113.0603,80.256,51.4303,479.6306,107.607,B1,word_pos,professionnel,A,professionnel,ADJ
paraître,VERB,B1,beacco,132.7092,99.6373,0.0,74.2079,132.7092,161.1819,98.6136,115.0793,99.6373,0.0,90.9987,155.1586,155.9154,104.5381,86.9662,109.9528,B1,word_pos,paraître,V,paraître,VER
cesser,VERB,B1,beacco,129.1863,65.3581,0.0,6.781,129.1863,54.4335,147.1542,121.1253,65.3581,0.0,6.8377,106.7481,62.6133,90.8893,164.1035,58.2042,B1,word_pos,cesser,V,cesser,VER
cadre,NOUN,B1,beacco,128.7536,71.975,0.0,32.7643,128.7536,67.2372,47.0849,113.8624,71.975,0.0,64.0594,160.0947,100.5411,115.031,202.2974,104.1951,B1,word_pos,cadre,N,cadre,NOM
pauvre,ADJ,B1,beacco,128.5976,115.451,15.57,180.2529,128.5976,116.4209,87.0587,28.8683,115.451,2.9277,220.5316,143.2661,164.0474,133.3758,19.328,139.2067,B1,word_pos,pauvre,A,pauvre,ADJ
tendance,NOUN,B1,beacco,127.7484,77.9476,2.6523,25.479,127.7484,59.8231,141.1011,72.0284,77.9476,4.5607,26.1134,102.6116,57.8144,172.8425,77.4712,73.5478,B1,word_pos,tendance,N,tendance,NOM
oser,VERB,B1,beacco,125.4613,63.5047,0.0,65.7602,125.4613,37.4691,4.8126,102.0603,63.5047,0.0,64.7912,140.1426,25.1952,6.8846,87.6689,65.9304,B1,word_pos,oser,V,oser,VER
festival,NOUN,B1,beacco,125.4606,48.3671,0.0,43.5321,125.4606,2.8249,9.3035,0.0,48.3671,0.171,45.4706,64.0731,5.0821,12.0009,0.0,39.8921,B1,word_pos,festival,N,festival,NOM
poursuivre,VERB,B1,beacco,125.009,67.9419,7.4795,10.1045,125.009,139.779,52.1857,9.6228,67.9419,1.1764,19.986,115.3737,106.5707,52.5392,19.328,63.7078,B1,word_pos,poursuivre,V,poursuivre,VER
estimer,VERB,B1,beacco,124.038,84.0237,0.0,9.74,124.038,98.8109,195.2135,174.5447,84.0237,0.0,12.3444,124.4759,65.1564,224.5396,173.1709,79.7074,B1,word_pos,estimer,V,estimer,VER
étrange,ADJ,B1,beacco,120.3642,78.3732,14.0808,59.2141,120.3642,86.3331,41.6087,0.0,78.3732,2.2015,26.643,136.8543,78.1333,34.1646,0.0,70.2049,B1,word_pos,étrange,A,étrange,ADJ
augmenter,VERB,B1,beacco,119.5653,74.7987,0.0,44.359,119.5653,14.1238,95.9572,436.0008,74.7987,0.0,71.0593,115.2197,14.0086,139.9744,313.5343,80.789,B1,word_pos,augmenter,V,augmenter,VER
planète,NOUN,B1,beacco,117.7163,74.9096,0.0,34.0476,117.7163,46.0773,207.4553,22.1371,74.9096,0.0,28.252,74.6802,49.6988,268.1783,43.8345,69.9259,B1,word_pos,planète,N,planète,NOM
intérêt,NOUN,B1,beacco,116.4582,86.2062,0.0,34.8677,116.4582,172.1726,53.5053,157.8469,86.2062,0.0,37.7338,154.8656,116.0677,115.1111,173.9324,95.4107,B1,word_pos,intérêt,N,intérêt,NOM
envier,VERB,B1,beacco,114.6958,148.2544,140.5994,236.6706,114.6958,169.9227,23.3886,0.0,148.2544,0.6291,1.0679,3.5156,42.7288,6.0005,0.0,10.0946,B1,word_pos,envier,V,envier,VER
édition,NOUN,B1,beacco,114.6863,89.956,1.6274,54.821,114.6863,61.4771,159.2275,223.0134,89.956,1.6151,53.8161,106.5815,51.0645,160.5429,123.3691,79.3059,B1,word_pos,édition,N,édition,NOM
entourer,VERB,B1,beacco,112.0163,72.6881,0.0,69.57,112.0163,95.5507,54.0828,28.471,72.6881,0.0,53.4813,91.6051,104.4077,74.5252,43.8345,66.944,B1,word_pos,entourer,V,entourer,VER
ligne,NOUN,B1,beacco,111.3146,95.8416,17.8761,33.2146,111.3146,135.8984,179.2453,64.3237,95.8416,7.5812,29.7338,139.338,159.8625,182.8888,77.4712,106.0246,B1,word_pos,ligne,N,ligne,NOM
comportement,NOUN,B1,beacco,109.8699,73.6055,9.3619,7.3889,109.8699,52.7525,196.6128,113.8624,73.6055,7.5737,12.5906,100.6348,37.6072,195.5041,185.5908,72.9062,B1,word_pos,comportement,N,comportement,NOM
rapport,NOUN,B1,beacco,109.0904,101.5578,0.0,1.1107,109.0904,234.2061,209.8454,482.2549,101.5578,0.4856,24.7317,117.4412,230.3565,303.8506,736.866,143.1362,B1,word_pos,rapport,N,rapport,NOM
caractère,NOUN,B1,beacco,108.3885,50.7387,0.5025,11.6763,108.3885,43.1746,25.7756,116.18,50.7387,0.9051,13.2136,74.6321,58.7774,40.0479,143.8051,46.5683,B1,word_pos,caractère,N,caractère,NOM
geste,NOUN,B1,beacco,107.9716,77.1681,0.5081,21.3135,107.9716,164.2624,62.023,85.6001,77.1681,0.5504,16.9109,89.1474,119.2734,42.0032,113.6757,62.3497,B1,word_pos,geste,N,geste,NOM
mort,ADJ,B1,beacco,106.4499,126.6946,92.1714,220.7879,106.4499,98.0504,41.8407,0.0,126.6946,0.5547,8.7929,6.5024,1.3018,12.0009,0.0,9.3153,B1,word_pos,mort,A,mort,ADJ
employé,NOUN,B1,beacco,105.5314,71.5882,2.0342,17.5102,105.5314,234.5337,12.8336,0.0,71.5882,4.0377,18.4244,85.4129,241.589,10.3269,0.0,74.2746,B1,word_pos,employé,N,employé,NOM
révolution,NOUN,B1,beacco,104.6304,84.3025,0.7622,34.6384,104.6304,39.6232,192.4054,227.7248,84.3025,0.5504,25.4743,90.4542,52.7388,145.048,113.5434,69.417,B1,word_pos,révolution,N,révolution,NOM
éviter,VERB,B1,beacco,104.0636,76.5477,0.3983,51.1271,104.0636,39.7552,170.8026,86.9525,76.5477,0.0,62.6381,111.2539,38.2775,196.9069,77.4712,79.4855,B1,word_pos,éviter,V,éviter,VER
appel,NOUN,B1,beacco,103.9076,44.547,1.2205,0.3209,103.9076,25.6506,99.3105,9.6228,44.547,0.8075,6.0425,102.7335,37.7445,130.116,56.7717,56.5989,B1,word_pos,appel,N,appel,NOM
tenter,VERB,B1,beacco,103.4223,82.1807,0.2541,35.925,103.4223,67.3191,210.6021,125.9778,82.1807,0.5504,44.8634,84.2917,67.1527,246.037,113.6757,75.791,B1,word_pos,tenter,V,tenter,VER
acteur,NOUN,B1,beacco,103.3388,72.5346,22.8674,73.5818,103.3388,36.8235,76.5068,57.7365,72.5346,7.132,47.61,53.3,25.2191,60.4644,96.64,48.306,B1,word_pos,acteur,N,acteur,NOM
phénomène,NOUN,B1,beacco,102.2986,87.2508,0.4996,11.6828,102.2986,25.2526,362.8374,174.0949,87.2508,0.0,9.1255,98.1734,27.2745,360.3339,208.1843,87.0445,B1,word_pos,phénomène,N,phénomène,NOM
souffrir,VERB,B1,beacco,102.2919,57.3921,0.4014,9.3229,102.2919,56.0372,132.9351,19.2455,57.3921,0.7319,9.7652,93.9937,62.7722,150.7601,38.656,60.6316,B1,word_pos,souffrir,V,souffrir,VER
malgré,PREP,B1,beacco,101.3374,71.2061,6.1086,25.939,101.3374,93.1332,67.1038,240.6725,71.2061,7.6074,39.7019,106.3796,129.3189,47.8426,285.9783,81.7064,B1,word_pos,malgré,PREP,malgré,PRP
serrer,VERB,B1,beacco,101.3212,53.8245,10.359,33.9082,101.3212,50.9104,6.2023,0.0,53.8245,7.2761,30.4218,122.535,74.5054,12.0009,0.0,62.4928,B1,word_pos,serrer,V,serrer,VER
opposer,VERB,B1,beacco,99.6034,65.7488,0.3983,4.4673,99.6034,28.33,137.5795,293.0408,65.7488,0.8346,8.2353,80.3914,14.4942,188.2341,190.172,62.2311,B1,word_pos,opposer,V,opposer,VER
esprit,NOUN,B1,beacco,99.5163,95.8659,0.0,63.8842,99.5163,101.7097,259.453,174.5809,95.8659,0.0,50.1752,121.0301,156.5024,317.893,231.6667,117.8316,B1,word_pos,esprit,N,esprit,NOM
désir,NOUN,B1,beacco,98.2005,60.3541,0.0,8.4931,98.2005,73.545,155.9112,28.8683,60.3541,0.0,15.5981,59.4501,50.3989,144.5357,38.656,47.8483,B1,word_pos,désir,N,désir,NOM
élever,VERB,B1,beacco,97.7899,57.9128,0.0,54.0265,97.7899,21.2601,69.0437,94.2471,57.9128,0.0,79.9218,156.6236,83.8184,163.4292,259.353,106.478,B1,word_pos,élever,V,élever,VER
ministre,NOUN,B1,beacco,97.1125,79.0492,1.3242,16.8166,97.1125,116.6874,206.434,195.0959,79.0492,0.0,23.2791,97.7751,106.0862,249.1615,154.9424,67.5458,B1,word_pos,ministre,N,ministre,NOM
tendre,VERB,B1,beacco,96.4561,75.9872,0.3158,49.7655,96.4561,132.0982,86.0616,28.8683,75.9872,0.6291,43.8989,90.5316,147.0584,104.967,38.656,76.6274,B1,word_pos,tendre,V,tendre,VER
complètement,ADV,B1,beacco,95.8063,44.1306,0.0,19.4724,95.8063,32.0889,45.6318,28.8683,44.1306,0.0,32.0637,95.3728,44.4184,51.9203,57.984,55.3663,B1,word_pos,complètement,ADV,complètement,ADV
changement,NOUN,B1,beacco,95.2507,50.9186,5.2796,10.7473,95.2507,3.0277,86.7247,187.4754,50.9186,1.1556,8.6739,75.0352,2.2839,127.9249,170.3152,44.3888,B1,word_pos,changement,N,changement,NOM
grève,NOUN,B1,beacco,94.739,28.1357,0.5477,5.1804,94.739,0.7062,0.0,0.0,28.1357,0.5987,6.8826,111.1478,1.2705,0.0,0.0,32.0972,B1,word_pos,grève,N,grève,NOM
empêcher,VERB,B1,beacco,94.5308,72.4491,0.0,60.9583,94.5308,97.665,40.4203,159.1124,72.4491,0.0,87.549,120.3141,123.9654,49.7006,111.7223,87.7447,B1,word_pos,empêcher,V,empêcher,VER
lac,NOUN,B1,beacco,94.2305,43.3416,0.7967,13.589,94.2305,0.0,67.7967,0.0,43.3416,0.8346,17.8245,79.698,0.0,58.4378,0.0,35.9065,B1,word_pos,lac,N,lac,NOM
afin,CONJ,B1,beacco,92.8452,86.2627,,,,,,,,0.9051,30.6961,92.8452,68.182,298.7706,151.257,86.2627,B1,beacco_only,,,afin,KON
privé,ADJ,B1,beacco,92.5941,90.4348,4.0627,30.9218,92.5941,134.1425,172.6654,218.3499,90.4348,1.2635,9.6028,59.4418,58.2332,144.2387,227.3515,60.1685,B1,word_pos,privé,A,privé,ADJ
modèle,NOUN,B1,beacco,92.4068,63.6643,2.0342,23.9754,92.4068,20.0704,102.4642,272.6485,63.6643,0.8075,22.1271,70.8573,18.6978,153.8329,268.3622,53.8115,B1,word_pos,modèle,N,modèle,NOM
bête,NOUN,B1,beacco,92.4004,55.2412,0.0,16.2723,92.4004,93.6017,45.6318,0.0,55.2412,0.7319,20.341,110.689,49.1501,26.3397,0.0,55.8413,B1,word_pos,bête,N,bête,NOM
religieux,ADJ,B1,beacco,91.9567,53.2765,0.4068,37.0044,91.9567,24.9247,100.9647,0.0,53.2765,0.8075,33.0641,48.094,19.035,66.9321,0.0,36.1397,B1,word_pos,religieux,A,religieux,ADJ
résultat,NOUN,B1,beacco,91.9022,100.6172,4.0086,56.1688,91.9022,140.6542,206.6975,250.1298,100.6172,3.4669,47.7462,98.2051,144.365,230.815,250.9018,102.557,B1,word_pos,résultat,N,résultat,NOM
voie,NOUN,B1,beacco,90.4415,57.3975,,,,,,,,0.0,23.075,90.4415,51.8719,140.1595,56.7717,57.3975,B1,beacco_only,,,voie,NOM
autrefois,ADV,B1,beacco,89.5864,50.0095,1.005,24.1725,89.5864,9.821,63.6929,160.3817,50.0095,0.9051,19.2045,68.6593,13.0662,60.0719,112.15,43.1506,B1,word_pos,autrefois,ADV,autrefois,ADV
menacer,VERB,B1,beacco,89.2898,55.8875,5.7921,14.4008,89.2898,47.7655,61.3515,151.6652,55.8875,0.6291,16.7143,77.6075,57.7256,123.697,93.687,56.8977,B1,word_pos,menacer,V,menacer,VER
membre,NOUN,B1,beacco,89.2652,57.4301,0.0,21.6054,89.2652,22.5868,113.884,182.7867,57.4301,0.0,20.5285,92.6167,27.1312,99.0294,192.6297,56.9593,B1,word_pos,membre,N,membre,NOM
apprécier,VERB,B1,beacco,88.855,53.4989,2.2771,36.9823,88.855,23.2772,31.0115,104.0243,53.4989,2.3528,27.6892,87.5571,23.0366,18.0014,162.4685,50.8406,B1,word_pos,apprécier,V,apprécier,VER
lecteur,NOUN,B1,beacco,88.5797,59.0165,0.5025,12.0898,88.5797,97.6702,95.1148,9.6228,59.0165,0.0,10.8223,61.743,69.9918,89.0767,19.328,50.4329,B1,word_pos,lecteur,N,lecteur,NOM
régional,ADJ,B1,beacco,88.4797,40.0251,4.6291,13.4935,88.4797,4.9436,52.1857,0.0,40.0251,4.6279,13.0925,80.1571,1.2705,41.2358,0.0,32.0033,B1,word_pos,régional,A,régional,ADJ
emporter,VERB,B1,beacco,87.5812,69.1666,0.5025,86.282,87.5812,51.7913,120.0605,0.0,69.1666,1.8101,81.5742,91.1644,24.684,96.3812,0.0,62.4841,B1,word_pos,emporter,V,emporter,VER
cent,DET,B1,beacco,87.4002,73.9925,49.6568,80.4971,87.4002,69.0309,29.5463,9.6228,73.9925,0.0,40.5099,78.1321,63.986,0.0,0.0,41.5714,B1,unique_word,cent,DET,cent,NOM
diminuer,VERB,B1,beacco,86.6035,47.0452,0.0,15.7347,86.6035,13.2448,84.8734,117.0576,47.0452,0.0,22.0172,73.646,8.3751,101.408,113.5434,44.3583,B1,word_pos,diminuer,V,diminuer,VER
mise,NOUN,B1,beacco,85.6754,65.9881,0.0,15.6733,85.6754,63.4132,235.1185,9.6228,65.9881,1.1764,9.8901,60.0587,80.1875,235.104,19.328,62.2189,B1,word_pos,mise,N,mise,NOM
faible,ADJ,B1,beacco,85.2017,66.4235,0.7967,27.9652,85.2017,76.2372,157.2146,57.0668,66.4235,1.6691,20.6871,82.6945,57.5772,160.0868,56.7717,58.4272,B1,word_pos,faible,A,faible,ADJ
réclamer,VERB,B1,beacco,85.1682,30.6953,0.0,4.5172,85.1682,6.7096,52.4964,0.0,30.6953,0.0,3.6333,54.9664,8.2033,80.3223,0.0,26.342,B1,word_pos,réclamer,V,réclamer,VER
franc,NOUN,B1,beacco,84.6678,80.8516,0.4068,130.0964,84.6678,142.6498,0.0,19.4814,80.8516,0.8075,93.942,63.6485,176.2539,0.0,25.6659,71.0135,B1,word_pos,franc,N,franc,NOM
but,NOUN,B1,beacco,83.9409,67.0267,2.0787,49.7136,83.9409,50.2955,121.1977,38.9627,67.0267,1.1123,37.9221,101.4074,51.3908,119.1068,64.1649,66.6283,B1,word_pos,but,N,but,NOM
bouger,VERB,B1,beacco,83.5647,48.0499,6.633,41.0718,83.5647,37.9059,0.0,39.0192,48.0499,7.3752,52.3691,65.4531,73.0771,0.0,56.7717,52.2541,B1,word_pos,bouger,V,bouger,VER
quotidien,NOUN,B1,beacco,83.3966,50.3127,0.0,58.0811,83.3966,1.4125,73.6185,38.491,50.3127,0.0,57.2439,59.3729,11.6267,80.2715,19.328,42.67,B1,word_pos,quotidien,N,quotidien,NOM
physique,ADJ,B1,beacco,81.9011,83.8848,0.0,36.1165,81.9011,39.4124,96.2748,827.7884,83.8848,0.9464,62.355,70.5768,43.0319,133.3758,683.6896,96.0383,B1,word_pos,physique,A,physique,ADJ
sorte,NOUN,B1,beacco,81.8759,60.1212,1.1453,16.2268,81.8759,84.7491,119.2298,135.8422,60.1212,7.1552,80.3705,143.0071,191.1127,216.8217,268.3622,129.482,B1,word_pos,sorte,N,sorte,NOM
compagnon,NOUN,B1,beacco,81.143,35.9761,8.3916,9.1848,81.143,13.8842,24.7923,0.0,35.9761,2.5037,9.9122,84.0328,19.035,27.9938,0.0,37.679,B1,word_pos,compagnon,N,compagnon,NOM
fier,ADJ,B1,beacco,81.0324,39.7459,27.1657,9.2445,81.0324,18.6629,4.8126,19.2455,39.7459,2.3113,6.5892,33.7041,18.6978,3.4423,19.328,20.4452,B1,word_pos,fier,A,fier,ADJ
lutte,NOUN,B1,beacco,80.4442,63.3253,0.3983,3.2248,80.4442,54.8599,194.1729,94.2471,63.3253,0.8346,6.4636,80.3155,57.1282,106.3135,95.2552,56.8041,B1,word_pos,lutte,N,lutte,NOM
système,NOUN,B1,beacco,80.4043,118.6978,5.1829,70.6852,80.4043,63.6612,539.1084,189.3849,118.6978,7.2546,37.9843,101.8506,58.9093,554.8139,162.4685,116.5031,B1,word_pos,système,N,système,NOM
révéler,VERB,B1,beacco,80.3368,58.9825,0.0,11.1859,80.3368,133.4239,95.3849,38.491,58.9825,0.0,15.4371,81.6803,84.5563,108.3837,57.984,57.0608,B1,word_pos,révéler,V,révéler,VER
principe,NOUN,B1,beacco,79.8822,44.803,0.0,1.2634,79.8822,29.1394,117.5965,38.9627,44.803,0.0,10.0761,65.6879,27.2745,142.1027,95.2552,48.2769,B1,word_pos,principe,N,principe,NOM
enfuir,VERB,B1,beacco,79.768,45.9531,6.8589,26.2007,79.768,36.7229,6.4168,9.6228,45.9531,7.4133,51.7434,93.9063,19.5638,6.8846,19.328,54.9932,B1,word_pos,enfuir,V,enfuir,VER
majorité,NOUN,B1,beacco,77.821,70.6713,1.005,24.5958,77.821,43.53,245.2505,116.5635,70.6713,1.8101,36.0776,77.1164,50.862,190.2392,138.6137,70.4355,B1,word_pos,majorité,N,majorité,NOM
jurer,VERB,B1,beacco,77.4161,29.7874,0.7967,18.8662,77.4161,1.6517,6.4168,0.0,29.7874,1.6691,15.8072,77.5498,1.3018,6.8846,0.0,32.0335,B1,word_pos,jurer,V,jurer,VER
événement,NOUN,B1,beacco,77.3949,42.5696,0.3158,26.2298,77.3949,10.737,35.623,69.3619,42.5696,7.3458,32.325,144.9066,51.477,135.2963,86.9662,79.834,B1,word_pos,événement,N,événement,NOM
voter,VERB,B1,beacco,76.5704,30.0781,0.5693,5.4558,76.5704,1.5139,19.6566,45.4565,30.0781,1.1764,11.0715,73.4726,2.2839,27.9938,25.6659,32.2354,B1,word_pos,voter,V,voter,VER
disputer,VERB,B1,beacco,76.3642,31.0697,3.6602,23.1253,76.3642,1.5856,2.0505,0.0,31.0697,7.3356,24.8347,66.7682,1.6204,4.139,0.0,31.3262,B1,word_pos,disputer,V,disputer,VER
consommation,NOUN,B1,beacco,76.2634,68.9468,0.8137,21.8475,76.2634,19.4248,308.0447,72.0284,68.9468,0.8075,28.2846,64.4696,14.1801,406.8372,111.7223,72.6592,B1,word_pos,consommation,N,consommation,NOM
lier,VERB,B1,beacco,76.0026,79.1061,1.3242,31.4533,76.0026,100.5256,203.6498,174.4076,79.1061,1.2635,28.8823,94.6717,78.3774,265.0237,316.3039,93.3809,B1,word_pos,lier,V,lier,VER
usage,NOUN,B1,beacco,75.9691,72.8393,0.0,9.4043,75.9691,84.5619,260.4585,144.3413,72.8393,0.9051,8.9644,51.5297,65.061,257.1513,220.886,63.7118,B1,word_pos,usage,N,usage,NOM
unique,ADJ,B1,beacco,75.8028,52.8519,0.0,60.2096,75.8028,37.4807,14.3534,159.605,52.8519,0.0,62.6878,81.7528,52.7877,16.5561,78.971,54.6053,B1,word_pos,unique,A,unique,ADJ
frontière,NOUN,B1,beacco,75.7661,39.9659,0.6621,2.3359,75.7661,6.8058,126.0428,64.9379,39.9659,1.2635,4.7094,35.7161,1.3018,47.8426,51.3319,24.0176,B1,word_pos,frontière,N,frontière,NOM
espèce,NOUN,B1,beacco,74.3134,53.132,0.7622,0.4275,74.3134,43.0852,120.3633,144.3271,53.132,0.5504,4.1382,77.8324,51.1434,108.2591,123.3691,57.5166,B1,word_pos,espèce,N,espèce,NOM
destiner,VERB,B1,beacco,72.3847,45.0242,1.005,3.543,72.3847,52.3982,121.3888,0.0,45.0242,0.9051,4.633,71.0864,23.036,162.175,0.0,43.613,B1,word_pos,destiner,V,destiner,VER
maladie,NOUN,B1,beacco,71.8535,77.5812,0.5025,57.4391,71.8535,77.5516,237.3958,72.7833,77.5812,0.9051,54.9738,74.9821,76.477,306.4096,113.6757,90.9964,B1,word_pos,maladie,N,maladie,NOM
affirmer,VERB,B1,beacco,71.4631,67.1318,1.0394,17.8366,71.4631,55.7245,157.7019,266.155,67.1318,1.1123,36.611,82.7071,52.6131,135.4811,323.1451,72.9739,B1,word_pos,affirmer,V,affirmer,VER
trou,NOUN,B1,beacco,71.0852,39.6512,0.5197,28.8021,71.0852,65.3026,0.0,9.6228,39.6512,1.1123,33.3545,104.1927,60.0517,0.0,19.328,52.0019,B1,word_pos,trou,N,trou,NOM
livrer,VERB,B1,beacco,71.0195,37.6014,0.7967,2.229,71.0195,23.9455,107.0474,12.9876,37.6014,0.8346,5.8259,59.2883,37.5596,103.3225,25.6659,39.0249,B1,word_pos,livrer,V,livrer,VER
modifier,VERB,B1,beacco,70.7331,49.9752,0.0,8.4569,70.7331,72.9534,42.8753,289.6396,49.9752,0.0,13.2857,47.8823,42.6512,77.1586,277.2274,44.6698,B1,word_pos,modifier,V,modifier,VER
épaule,NOUN,B1,beacco,70.575,44.1691,5.8878,51.7276,70.575,31.6455,2.0505,0.0,44.1691,0.5547,61.0763,82.4892,50.2212,4.139,0.0,53.1943,B1,word_pos,épaule,N,épaule,NOM
échapper,VERB,B1,beacco,70.4902,80.4961,1.2043,43.5271,70.4902,228.2407,120.1929,28.5334,80.4961,0.7319,43.8943,76.7314,295.7231,100.1053,56.7717,91.0107,B1,word_pos,échapper,V,échapper,VER
détruire,VERB,B1,beacco,70.4472,34.0974,0.0,5.2416,70.4472,16.8107,85.2714,19.2455,34.0974,0.0,3.6137,61.7825,15.6003,94.8864,19.328,30.9897,B1,word_pos,détruire,V,détruire,VER
risque,NOUN,B1,beacco,70.4256,80.6268,4.5257,10.1536,70.4256,39.3603,275.628,276.8283,80.6268,4.6279,17.3023,74.3812,13.7036,340.0881,249.6704,78.0893,B1,word_pos,risque,N,risque,NOM
actuel,ADJ,B1,beacco,70.3879,83.9011,0.5693,102.9808,70.3879,49.7926,151.6202,258.9559,83.9011,1.1764,129.6377,86.0828,55.415,219.9849,183.2011,99.2638,B1,word_pos,actuel,A,actuel,ADJ
tiers,NOUN,B1,beacco,70.2619,39.7652,0.5304,5.9834,70.2619,10.2418,110.3712,57.7365,39.7652,0.4856,4.7328,66.3904,9.0915,113.9785,77.312,37.6541,B1,word_pos,tiers,N,tiers,NOM
expérience,NOUN,B1,beacco,69.5279,95.6821,9.3522,80.4199,69.5279,84.851,250.4401,177.0932,95.6821,7.5616,116.2647,95.2482,86.3658,274.7886,205.5383,120.4233,B1,word_pos,expérience,N,expérience,NOM
municipal,ADJ,B1,beacco,69.4496,30.2561,0.0,14.4365,69.4496,0.0,24.2475,115.0793,30.2561,0.0,17.8737,71.055,0.0,49.5147,113.6757,32.6442,B1,word_pos,municipal,A,municipal,ADJ
émouvoir,VERB,B1,beacco,68.7453,32.1891,5.7255,11.432,68.7453,13.1141,15.5058,0.0,32.1891,0.7319,7.9907,61.562,8.7861,6.0005,0.0,24.9703,B1,word_pos,émouvoir,V,émouvoir,VER
acte,NOUN,B1,beacco,68.203,64.5899,15.2741,4.9002,68.203,128.0789,128.6669,112.7361,64.5899,7.6141,4.6636,43.7003,65.0798,103.3225,173.1709,47.5937,B1,word_pos,acte,N,acte,NOM
guérir,VERB,B1,beacco,68.1987,37.7396,0.0,50.7858,68.1987,25.4849,4.101,0.0,37.7396,0.0,41.6608,63.1087,9.1403,8.2781,0.0,32.5395,B1,word_pos,guérir,V,guérir,VER
objectif,NOUN,B1,beacco,68.0703,63.5178,0.0,23.8438,68.0703,31.3477,195.5295,171.1991,63.5178,0.0,14.0435,29.478,18.0886,184.776,76.9978,41.3136,B1,word_pos,objectif,N,objectif,NOM
formation,NOUN,B1,beacco,68.0609,78.4135,3.5557,75.8901,68.0609,20.4477,247.4873,298.9264,78.4135,7.2471,72.1166,71.623,31.1602,201.9333,361.3185,82.423,B1,word_pos,formation,N,formation,NOM
blesser,VERB,B1,beacco,67.771,58.2654,12.4034,78.6866,67.771,38.5053,46.1996,0.0,58.2654,6.6765,73.028,57.5114,54.1963,40.1357,0.0,54.0862,B1,word_pos,blesser,V,blesser,VER
tristesse,NOUN,B1,beacco,67.2648,25.5118,0.5025,14.9361,67.2648,13.8842,0.0,0.0,25.5118,0.0,22.4049,69.5695,9.0915,0.0,0.0,26.9178,B1,word_pos,tristesse,N,tristesse,NOM
source,NOUN,B1,beacco,66.7951,40.0328,0.0,1.8512,66.7951,25.3987,148.7435,12.9876,40.0328,0.0,1.2121,66.5114,31.8367,154.3172,12.833,41.016,B1,word_pos,source,N,source,NOM
peuple,NOUN,B1,beacco,66.4111,51.1363,1.2043,70.3436,66.4111,21.9454,68.1241,56.9312,51.1363,2.1958,94.9355,78.9046,17.6317,75.5206,56.7717,60.3223,B1,word_pos,peuple,N,peuple,NOM
dépasser,VERB,B1,beacco,65.9922,45.0754,0.0,18.4046,65.9922,42.85,39.395,156.0767,45.0754,0.0,20.7335,73.1756,57.1282,72.1618,145.006,53.3434,B1,word_pos,dépasser,V,dépasser,VER
durée,NOUN,B1,beacco,65.7908,61.0262,1.005,30.3605,65.7908,22.1354,110.3069,309.9283,61.0262,1.8101,27.5841,63.2679,27.2745,108.6005,202.2974,56.2219,B1,word_pos,durée,N,durée,NOM
établir,VERB,B1,beacco,65.6254,47.8217,0.2652,11.1195,65.6254,48.6379,89.1222,83.6785,47.8217,0.4856,8.9176,50.3011,48.7997,150.7601,93.687,48.0953,B1,word_pos,établir,V,établir,VER
manteau,NOUN,B1,beacco,65.4413,37.929,16.4143,27.6889,65.4413,27.688,0.0,0.0,37.929,1.2635,31.4754,66.809,46.0707,0.0,0.0,38.3365,B1,word_pos,manteau,N,manteau,NOM
saisir,VERB,B1,beacco,65.3889,32.2323,1.5934,5.0243,65.3889,7.5693,44.058,12.9876,32.2323,0.8346,7.4488,65.5323,6.8518,40.6321,12.833,31.7552,B1,word_pos,saisir,V,saisir,VER
total,ADJ,B1,beacco,65.3541,42.3594,11.0259,6.3765,65.3541,29.1581,78.2147,81.2491,42.3594,7.4217,9.0406,54.5819,23.2199,65.9532,56.7717,35.0194,B1,word_pos,total,A,total,ADJ
compte,NOUN,B1,beacco,65.2171,77.2024,1.3242,37.0092,65.2171,91.8818,188.7375,283.7778,77.2024,7.1097,67.3752,101.2972,105.1406,221.41,307.0033,105.2427,B1,word_pos,compte,N,compte,NOM
vivant,ADJ,B1,beacco,64.8403,70.514,23.3347,61.8677,64.8403,84.5311,63.6688,76.982,70.514,0.5547,16.1086,24.4931,34.8647,31.3528,19.328,25.6238,B1,word_pos,vivant,A,vivant,ADJ
signifier,VERB,B1,beacco,64.8013,52.1478,7.2352,24.1377,64.8013,16.9899,138.9927,72.1635,52.1478,7.1772,33.1531,80.9096,14.4942,132.72,43.8345,57.0477,B1,word_pos,signifier,V,signifier,VER
manifestation,NOUN,B1,beacco,64.7163,30.8607,0.0,27.1845,64.7163,5.8607,19.6566,19.2455,30.8607,0.0,32.8113,75.1817,8.3751,20.6179,19.328,40.9846,B1,word_pos,manifestation,N,manifestation,NOM
éducation,NOUN,B1,beacco,64.6575,56.2203,0.6621,10.7622,64.6575,90.4895,99.8296,125.9778,56.2203,1.2635,21.0246,58.5868,57.8094,115.031,162.4685,57.2962,B1,word_pos,éducation,N,éducation,NOM
signer,VERB,B1,beacco,64.6413,43.3748,0.5693,29.0851,64.6413,15.4163,66.6715,114.1335,43.3748,1.1764,29.8877,61.4304,6.8597,80.2715,77.4712,40.5434,B1,word_pos,signer,V,signer,VER
habitation,NOUN,B1,beacco,63.721,27.9126,0.5025,18.5759,63.721,1.5139,6.4168,9.6228,27.9126,0.9051,17.4908,29.0494,2.2839,13.7692,19.328,22.0852,B1,word_pos,habitation,N,habitation,NOM
malheur,NOUN,B1,beacco,63.6276,35.1267,0.4068,52.5095,63.6276,4.9879,3.2084,0.0,35.1267,0.8075,62.4771,76.4979,9.013,3.4423,0.0,42.3998,B1,word_pos,malheur,N,malheur,NOM
bien,NOUN,B1,beacco,63.458,61.832,7.7746,42.5144,63.458,28.7877,158.1291,87.2723,61.832,0.0,27.9908,43.683,21.9324,131.2211,56.7717,41.1856,B1,word_pos,bien,N,bien,NOM
conflit,NOUN,B1,beacco,63.4135,35.5255,0.0,6.5853,63.4135,36.6224,26.6563,19.4814,35.5255,0.0,4.7328,34.1625,19.035,24.8342,25.6659,24.4201,B1,word_pos,conflit,N,conflit,NOM
rythme,NOUN,B1,beacco,63.09,53.6887,0.0,17.8242,63.09,76.6879,62.9101,195.0959,53.6887,0.0,20.5046,54.1676,86.6801,92.2241,154.9424,57.7455,B1,word_pos,rythme,N,rythme,NOM
création,NOUN,B1,beacco,62.9321,62.152,0.0,17.8794,62.9321,37.6715,115.1604,407.6713,62.152,0.0,21.5232,77.8466,36.8832,144.8267,386.9515,69.5042,B1,word_pos,création,N,création,NOM
supprimer,VERB,B1,beacco,62.8934,33.564,1.7682,4.4005,62.8934,18.5864,67.3058,9.6228,33.564,1.8243,3.7811,41.4902,14.4824,50.0526,19.328,26.705,B1,word_pos,supprimer,V,supprimer,VER
nommer,VERB,B1,beacco,62.5231,32.5727,5.7255,13.7431,62.5231,7.2554,52.3355,0.0,32.5727,0.7319,12.853,61.5349,2.2839,51.4303,0.0,29.3307,B1,word_pos,nommer,V,nommer,VER
totalement,ADV,B1,beacco,62.375,36.9197,0.5025,18.7742,62.375,22.3783,55.9489,9.6228,36.9197,0.9051,18.6365,59.8422,12.7415,56.8202,19.328,37.1247,B1,word_pos,totalement,ADV,totalement,ADV
importance,NOUN,B1,beacco,61.8106,46.0172,0.8137,6.8525,61.8106,35.4531,57.3733,203.9085,46.0172,1.6151,10.3933,55.85,40.7022,68.3463,135.3747,44.471,B1,word_pos,importance,N,importance,NOM
siège,NOUN,B1,beacco,61.171,39.7174,0.4068,50.4248,61.171,4.8711,77.9161,0.0,39.7174,0.8075,32.4222,50.1128,8.1533,101.2835,0.0,32.8224,B1,word_pos,siège,N,siège,NOM
augmentation,NOUN,B1,beacco,61.1068,40.3869,0.5025,11.0079,61.1068,0.5285,81.5693,150.72,40.3869,0.9051,8.8581,63.8815,0.8102,74.0582,138.6137,39.684,B1,word_pos,augmentation,N,augmentation,NOM
hasard,NOUN,B1,beacco,60.9768,38.6381,0.0,26.7263,60.9768,11.1874,88.1218,28.8683,38.6381,1.1123,67.9355,93.4746,52.7999,82.4715,19.328,66.2957,B1,word_pos,hasard,N,hasard,NOM
transmettre,VERB,B1,beacco,60.9449,38.0365,0.2652,19.1576,60.9449,7.4827,106.2588,0.0,38.0365,0.4856,22.1489,59.7694,8.3751,137.8797,0.0,45.9914,B1,word_pos,transmettre,V,transmettre,VER
familial,ADJ,B1,beacco,60.6719,87.0158,0.0,59.9644,60.6719,69.511,240.4504,367.0809,87.0158,0.0,46.8362,59.8962,80.0906,211.637,227.3515,77.279,B1,word_pos,familial,A,familial,ADJ
croiser,VERB,B1,beacco,60.661,31.5956,0.5025,20.3857,60.661,31.3465,9.3035,0.0,31.5956,0.0,7.1537,56.7253,18.9886,12.0009,0.0,23.9959,B1,word_pos,croiser,V,croiser,VER
épreuve,NOUN,B1,beacco,60.456,36.655,0.3983,5.455,60.456,8.2709,100.9647,19.4814,36.655,0.8346,3.1139,36.8226,8.3751,92.388,25.6659,28.1309,B1,word_pos,épreuve,N,épreuve,NOM
prononcer,VERB,B1,beacco,59.5099,56.6387,0.9991,36.1979,59.5099,49.1378,104.5886,116.5635,56.6387,0.9464,34.9226,62.4402,47.9344,90.442,95.2552,54.0433,B1,word_pos,prononcer,V,prononcer,VER
assemblée,NOUN,B1,beacco,59.3954,35.1432,6.1086,3.769,59.3954,7.0743,45.0494,107.2896,35.1432,7.6074,4.486,58.5226,8.2319,73.3785,113.5434,37.7677,B1,word_pos,assemblée,N,assemblée,NOM
âme,NOUN,B1,beacco,59.2692,38.5275,0.5081,15.421,59.2692,21.4785,125.0127,0.0,38.5275,0.5504,20.5698,63.5123,31.3265,101.622,0.0,42.8375,B1,word_pos,âme,N,âme,NOM
réduire,VERB,B1,beacco,59.2283,71.2558,0.0,23.5658,59.2283,30.7775,225.6813,442.6001,71.2558,0.9051,35.8773,57.7798,65.5712,226.0178,201.2195,71.1308,B1,word_pos,réduire,V,réduire,VER
sombre,ADJ,B1,beacco,58.8952,49.5279,2.5406,51.962,58.8952,80.1961,36.9099,0.0,49.5279,2.2015,51.6611,83.2931,88.9753,29.205,0.0,59.8566,B1,word_pos,sombre,A,sombre,ADJ
dizaine,NOUN,B1,beacco,58.3544,39.2118,0.2738,7.0814,58.3544,53.646,80.047,53.8043,39.2118,0.5987,14.3006,52.3566,66.1106,103.3225,77.5234,47.1525,B1,word_pos,dizaine,N,dizaine,NOM
aspect,NOUN,B1,beacco,58.1744,52.0023,3.4156,9.4952,58.1744,60.1796,62.6813,256.8004,52.0023,1.1764,8.4164,73.9334,21.9169,60.4644,145.006,40.3027,B1,word_pos,aspect,N,aspect,NOM
profond,ADJ,B1,beacco,58.1306,65.3505,0.7967,26.7083,58.1306,95.3453,153.1581,130.8307,65.3505,0.8346,24.3965,68.1238,72.6585,131.9064,113.5434,61.2585,B1,word_pos,profond,A,profond,ADJ
témoin,NOUN,B1,beacco,57.7683,39.2293,0.0,10.0658,57.7683,86.2706,35.0096,9.6228,39.2293,0.0,6.8377,59.8338,76.0089,27.403,19.328,36.5788,B1,word_pos,témoin,N,témoin,NOM
être,NOUN,B1,beacco,57.6817,44.583,0.0,21.9989,57.6817,66.9436,85.2714,39.0461,44.583,0.0,9.0777,10.248,18.2638,12.0009,44.6051,13.6995,B1,word_pos,être,N,être,NOM
costume,NOUN,B1,beacco,57.6062,36.2928,8.0271,11.4889,57.6062,53.2381,13.3747,0.0,36.2928,0.0,11.9348,31.5385,75.9162,0.0,0.0,26.6649,B1,word_pos,costume,N,costume,NOM
couler,VERB,B1,beacco,57.2595,33.1416,0.3983,16.5853,57.2595,40.5553,28.892,0.0,33.1416,0.8346,16.6006,65.4547,37.258,20.6179,0.0,34.8827,B1,word_pos,couler,V,couler,VER
juger,VERB,B1,beacco,56.9161,45.4714,0.7967,29.9972,56.9161,70.0751,50.0736,28.5334,45.4714,0.8346,47.5143,59.9549,91.058,94.3838,56.7717,61.1578,B1,word_pos,juger,V,juger,VER
raisonnable,ADJ,B1,beacco,56.3891,22.5826,0.0,7.3982,56.3891,33.492,1.6042,0.0,22.5826,0.0,0.7079,42.4038,28.6989,3.4423,0.0,16.8027,B1,word_pos,raisonnable,A,raisonnable,ADJ
individu,NOUN,B1,beacco,55.9852,97.032,0.0,7.3086,55.9852,125.9284,334.3641,388.4021,97.032,0.0,9.4775,73.3663,96.1246,252.6084,253.6962,81.9589,B1,word_pos,individu,N,individu,NOM
ouvert,ADJ,B1,beacco,55.9325,47.8034,1.1453,40.9181,55.9325,84.3962,46.1803,0.0,47.8034,0.0,77.9541,48.5973,96.3119,90.8893,4.0185,60.1455,B1,word_pos,ouvert,A,ouvert,ADJ
voire,ADV,B1,beacco,55.9298,25.0405,0.0,0.0,55.9298,6.0554,114.5752,0.0,25.0405,0.0,4.4611,53.3323,32.0041,222.4187,113.5434,47.8504,B1,word_pos,voire,ADV,voire,ADV
manger,NOUN,B1,beacco,55.8229,70.986,179.0942,108.3038,55.8229,5.0981,6.1515,6.4938,70.986,0.0,6.6656,0.438,0.0,0.0,0.0,1.7743,B1,word_pos,manger,N,manger,NOM
courrier,NOUN,B1,beacco,55.6619,32.4303,1.3242,11.5141,55.6619,33.6701,33.3916,0.0,32.4303,1.2635,9.8304,36.6199,26.8458,49.7006,0.0,28.3274,B1,word_pos,courrier,N,courrier,NOM
atmosphère,NOUN,B1,beacco,55.5169,41.5436,10.9192,13.8877,55.5169,19.7801,146.0001,0.0,41.5436,7.2313,14.7068,49.5029,18.2638,138.0671,0.0,38.952,B1,word_pos,atmosphère,N,atmosphère,NOM
atteindre,VERB,B1,beacco,55.2021,56.9626,0.4014,11.2986,55.2021,31.0536,199.7768,241.7309,56.9626,0.7319,15.5975,65.8448,40.8723,262.2571,185.2088,67.648,B1,word_pos,atteindre,V,atteindre,VER
est-à-dire,ADV,B1,beacco,55.1661,69.1085,,,,,,,,0.9464,38.5814,55.1661,64.3759,151.0412,283.3744,69.1085,B1,beacco_only,,,est-à-dire,ADV
budget,NOUN,B1,beacco,55.0971,20.8975,0.2449,7.3842,55.0971,1.5139,24.7923,9.6228,20.8975,0.513,10.0148,35.7431,2.2839,27.9938,19.328,11.9471,B1,word_pos,budget,N,budget,NOM
front,NOUN,B1,beacco,55.0221,29.2722,0.0,4.9657,55.0221,76.7083,13.8696,0.0,29.2722,0.0,9.8415,48.1499,122.3366,6.0005,0.0,35.916,B1,word_pos,front,N,front,NOM
songer,VERB,B1,beacco,55.0129,18.1829,0.0,3.3832,55.0129,6.3945,9.3035,0.0,18.1829,0.0,4.7828,32.1856,11.6267,6.0005,0.0,14.2249,B1,word_pos,songer,V,songer,VER
espoir,NOUN,B1,beacco,54.9724,21.6357,0.0,5.4115,54.9724,0.5755,38.5091,28.5334,21.6357,0.0,15.6677,63.4102,8.3751,116.5686,113.5434,39.1052,B1,word_pos,espoir,N,espoir,NOM
quant,PREP,B1,beacco,54.5766,57.5044,,,,,,,,0.0,6.8416,54.5766,106.3883,134.0173,77.4712,57.5044,B1,beacco_only,,,quant,PRP
salarié,NOUN,B1,beacco,54.5443,39.4723,0.0,8.1155,54.5443,72.0031,68.9093,19.2455,39.4723,0.0,7.1537,42.9616,62.4003,77.1586,38.656,36.6929,B1,word_pos,salarié,N,salarié,NOM
chasseur,NOUN,B1,beacco,53.9483,23.1608,0.0,1.0107,53.9483,4.9476,52.5187,28.8683,23.1608,0.0,1.0275,54.3329,9.5296,12.0009,19.328,19.9138,B1,word_pos,chasseur,N,chasseur,NOM
littéraire,ADJ,B1,beacco,53.7643,64.7588,0.7967,14.9416,53.7643,32.4631,236.9675,326.5329,64.7588,0.8346,20.9788,43.5526,35.7858,256.89,301.2996,66.5611,B1,word_pos,littéraire,A,littéraire,ADJ
star,NOUN,B1,beacco,53.7042,36.4753,1.4672,36.3507,53.7042,21.866,0.0,39.0461,36.4753,1.664,34.2615,45.1269,27.6789,0.0,4.0185,32.4459,B1,word_pos,star,N,star,NOM
pâle,ADJ,B1,beacco,53.5917,26.1222,5.9882,11.5893,53.5917,12.4165,0.0,0.0,26.1222,7.6152,10.6015,63.2043,11.8071,0.0,0.0,29.3602,B1,word_pos,pâle,A,pâle,ADJ
régulièrement,ADV,B1,beacco,53.4331,40.1658,7.2688,18.0077,53.4331,46.8121,9.3035,101.5791,40.1658,7.1121,13.3565,50.6771,62.8457,12.0009,77.4712,40.5074,B1,word_pos,régulièrement,ADV,régulièrement,ADV
écriture,NOUN,B1,beacco,53.3608,57.9154,0.5693,6.8966,53.3608,107.2729,192.5457,159.605,57.9154,1.1764,4.5746,69.7973,41.702,192.0101,143.7667,60.8183,B1,word_pos,écriture,N,écriture,NOM
hurler,VERB,B1,beacco,52.8852,24.9483,8.4323,11.6682,52.8852,2.0121,0.0,0.0,24.9483,7.2908,9.6181,68.4702,5.38,0.0,0.0,30.2094,B1,word_pos,hurler,V,hurler,VER
rejoindre,VERB,B1,beacco,52.8464,66.9637,1.1385,60.33,52.8464,69.3041,189.0467,72.7833,66.9637,1.1764,74.1198,58.5302,88.7068,160.5429,113.5434,75.4008,B1,word_pos,rejoindre,V,rejoindre,VER
exercer,VERB,B1,beacco,52.7507,48.5556,1.4987,6.3245,52.7507,41.6526,108.6951,199.6971,48.5556,0.9464,12.528,44.8141,33.0578,113.8499,230.3781,48.5962,B1,word_pos,exercer,V,exercer,VER
traiter,VERB,B1,beacco,52.5433,47.5345,0.0,22.0647,52.5433,60.0144,131.8204,38.491,47.5345,0.0,44.5781,33.1094,39.5924,170.8307,38.656,49.2583,B1,word_pos,traiter,V,traiter,VER
guide,NOUN,B1,beacco,52.5078,28.2896,13.711,11.5303,52.5078,4.5416,59.5451,0.0,28.2896,4.7357,4.7328,44.7911,0.0,80.3223,0.0,24.3677,B1,word_pos,guide,N,guide,NOM
davantage,ADV,B1,beacco,52.3146,47.1435,0.0,14.3498,52.3146,59.0479,156.4799,43.6102,47.1435,0.0,22.7602,41.4965,42.8349,147.3573,86.9662,43.0915,B1,word_pos,davantage,ADV,davantage,ADV
éloigner,VERB,B1,beacco,52.1702,27.877,0.0,21.0945,52.1702,13.5998,17.3764,6.4938,27.877,0.0,51.539,51.1174,21.0667,40.0479,12.833,38.2666,B1,word_pos,éloigner,V,éloigner,VER
crime,NOUN,B1,beacco,51.8645,102.5523,0.3983,3.1471,51.8645,592.2646,210.7028,0.0,102.5523,0.8346,0.7079,66.5016,472.985,127.8789,0.0,92.0361,B1,word_pos,crime,N,crime,NOM
contrat,NOUN,B1,beacco,51.7845,49.2744,1.6274,20.208,51.7845,19.6006,124.9651,242.2911,49.2744,0.8075,22.1247,72.3032,18.0886,148.5441,388.6761,62.7264,B1,word_pos,contrat,N,contrat,NOM
curé,NOUN,B1,beacco,51.6921,20.485,1.2043,10.341,51.6921,0.0,0.0,0.0,20.485,0.7319,2.1236,45.3609,0.0,0.0,0.0,15.1698,B1,word_pos,curé,N,curé,NOM
pensée,NOUN,B1,beacco,51.4116,56.9537,0.2738,16.3896,51.4116,81.1683,147.2168,162.6923,56.9537,0.5987,17.4572,67.2822,90.0748,120.3766,151.257,61.8074,B1,word_pos,pensée,N,pensée,NOM
conséquence,NOUN,B1,beacco,51.1052,42.6261,0.4068,6.1515,51.1052,31.204,214.3969,0.0,42.6261,0.8075,4.6921,59.7223,38.2206,195.5687,0.0,45.1887,B1,word_pos,conséquence,N,conséquence,NOM
confier,VERB,B1,beacco,51.0744,24.3939,0.0,18.9551,51.0744,8.0668,25.0482,6.4938,24.3939,0.0,16.5993,61.1803,11.742,29.205,12.833,27.7521,B1,word_pos,confier,V,confier,VER
minuit,NOUN,B1,beacco,51.0503,38.6478,19.0024,41.034,51.0503,27.4682,4.8126,9.6228,38.6478,7.0309,45.07,79.39,29.5292,6.8846,19.328,48.1812,B1,word_pos,minuit,N,minuit,NOM
tandis,CONJ,B1,beacco,50.9419,44.0011,,,,,,,,0.0,22.8741,50.9419,49.7477,94.8864,131.2856,44.0011,B1,beacco_only,,,tandis,KON
robot,NOUN,B1,beacco,49.9793,26.646,0.4068,20.5254,49.9793,0.0,16.042,0.0,26.646,0.8075,31.0668,39.628,0.0,17.2115,0.0,30.2584,B1,word_pos,robot,N,robot,NOM
écrier,VERB,B1,beacco,49.9164,58.8368,8.4323,103.7128,49.9164,46.9451,6.1515,0.0,58.8368,1.4639,70.3012,41.4205,47.9016,4.139,0.0,45.8735,B1,word_pos,écrier,V,écrier,VER
victime,NOUN,B1,beacco,49.5947,74.1965,0.0,13.0459,49.5947,290.8123,169.2426,43.6102,74.1965,0.5504,9.9122,59.1315,335.5003,197.8597,86.9662,89.6622,B1,word_pos,victime,N,victime,NOM
récent,ADJ,B1,beacco,49.2503,53.4066,0.4421,31.6936,49.2503,66.8095,49.5846,154.1931,53.4066,0.9121,47.5985,44.6733,50.862,62.3406,192.6297,54.9965,B1,word_pos,récent,A,récent,ADJ
personnalité,NOUN,B1,beacco,49.0719,21.6835,0.0,3.8952,49.0719,13.6247,16.2172,0.0,21.6835,1.1556,32.752,61.3808,4.5679,60.4644,12.833,37.9039,B1,word_pos,personnalité,N,personnalité,NOM
provoquer,VERB,B1,beacco,48.896,54.5893,0.0,9.4619,48.896,76.3521,109.1238,291.831,54.5893,0.0,12.1358,40.9891,50.4381,174.3629,306.6137,56.2945,B1,word_pos,provoquer,V,provoquer,VER
conscience,NOUN,B1,beacco,48.8181,66.1563,0.0,5.568,48.8181,99.8557,285.4853,101.5791,66.1563,0.0,3.0548,41.3698,37.6072,220.0709,113.6757,44.71,B1,word_pos,conscience,N,conscience,NOM
entretien,NOUN,B1,beacco,48.8122,52.9149,4.0627,39.117,48.8122,28.8717,105.4268,138.7238,52.9149,1.2635,26.6523,38.6304,23.1002,54.0583,77.4712,35.1035,B1,word_pos,entretien,N,entretien,NOM
pencher,VERB,B1,beacco,48.6274,45.5812,2.1907,22.7906,48.6274,47.9472,70.4067,19.4814,45.5812,1.1973,23.4074,51.2277,76.9821,69.9024,25.6659,49.3567,B1,word_pos,pencher,V,pencher,VER
attente,NOUN,B1,beacco,48.578,36.1194,3.4156,15.6908,48.578,61.2845,43.6353,0.0,36.1194,3.5292,34.6795,49.3081,45.2114,54.0583,0.0,40.9025,B1,word_pos,attente,N,attente,NOM
contenir,VERB,B1,beacco,48.5667,38.971,0.5081,6.3136,48.5667,66.8787,72.9017,28.8683,38.971,1.1008,3.6137,73.6903,48.8932,103.8406,38.656,48.6064,B1,word_pos,contenir,V,contenir,VER
acquérir,VERB,B1,beacco,48.4996,32.1035,0.2541,3.6481,48.4996,16.0518,96.4087,72.1042,32.1035,0.5504,7.6258,48.0878,24.2145,124.5768,131.2856,39.1862,B1,word_pos,acquérir,V,acquérir,VER
immobile,ADJ,B1,beacco,47.9491,20.637,0.0,17.1956,47.9491,2.0121,6.2023,0.0,20.637,0.0,14.5136,49.2342,5.38,6.0005,0.0,22.1846,B1,word_pos,immobile,A,immobile,ADJ
couteau,NOUN,B1,beacco,47.9182,69.3107,11.7549,78.7535,47.9182,117.9308,38.905,0.0,69.3107,0.9121,92.1577,37.5656,147.9099,61.3394,0.0,77.2596,B1,word_pos,couteau,N,couteau,NOM
machine,NOUN,B1,beacco,47.5997,59.457,0.5197,103.8331,47.5997,52.4142,101.8361,0.0,59.457,1.1123,92.4725,72.7422,83.2124,63.1587,0.0,68.7917,B1,word_pos,machine,N,machine,NOM
baisse,NOUN,B1,beacco,47.5681,25.4077,0.0,9.0903,47.5681,1.1509,57.5782,157.8469,25.4077,0.0,15.5656,33.2493,0.911,86.6209,170.3152,23.136,B1,word_pos,baisse,N,baisse,NOM
nourrir,VERB,B1,beacco,47.5594,28.6743,0.0,12.9812,47.5594,3.0277,73.2678,43.6102,28.6743,0.0,13.177,52.4068,2.2839,52.5392,56.7717,27.9023,B1,word_pos,nourrir,V,nourrir,VER
maigre,ADJ,B1,beacco,47.5453,29.7959,6.1825,8.0321,47.5453,47.4874,15.7275,9.6228,29.7959,7.5967,13.4821,50.1167,58.0059,20.6179,19.328,35.8954,B1,word_pos,maigre,A,maigre,ADJ
isoler,VERB,B1,beacco,47.4577,15.5401,0.0,0.1425,47.4577,19.9678,3.1012,0.0,15.5401,0.8346,4.0894,32.4878,29.3307,12.0009,0.0,20.7517,B1,word_pos,isoler,V,isoler,VER
exceptionnel,ADJ,B1,beacco,47.4112,21.5964,7.4795,5.85,47.4112,15.1178,0.0,0.0,21.5964,7.6141,6.6325,39.1916,12.6911,0.0,0.0,19.6867,B1,word_pos,exceptionnel,A,exceptionnel,ADJ
relever,VERB,B1,beacco,47.4051,64.8911,0.0,46.0875,47.4051,104.7362,121.22,206.6608,64.8911,0.0,66.1625,50.3565,58.7114,145.2645,209.3923,64.5561,B1,word_pos,relever,V,relever,VER
séduire,VERB,B1,beacco,47.0901,33.9386,5.9882,26.5895,47.0901,45.7449,16.8923,0.0,33.9386,7.6152,53.4356,61.7636,37.8135,27.9938,0.0,45.7684,B1,word_pos,séduire,V,séduire,VER
courant,ADJ,B1,beacco,46.9913,23.6292,18.323,5.1569,46.9913,6.0554,19.6975,0.0,23.6292,0.4856,3.9045,22.0853,4.5679,31.3528,0.0,14.6363,B1,word_pos,courant,A,courant,ADJ
intégrer,VERB,B1,beacco,46.74,38.9294,0.0,9.3984,46.74,10.7839,134.7382,158.8797,38.9294,0.0,12.0295,41.3908,10.1033,187.8578,145.006,41.5669,B1,word_pos,intégrer,V,intégrer,VER
expression,NOUN,B1,beacco,46.5037,70.1417,0.0,35.7288,46.5037,61.7636,202.3063,500.8123,70.1417,0.0,31.4707,46.5785,63.7949,158.8936,383.1881,64.714,B1,word_pos,expression,N,expression,NOM
bouleverser,VERB,B1,beacco,46.4955,28.9668,1.2043,4.5795,46.4955,25.5869,43.4161,0.0,28.9668,0.7319,1.0275,49.4801,23.9918,36.0028,0.0,28.1956,B1,word_pos,bouleverser,V,bouleverser,VER
consulter,VERB,B1,beacco,46.4377,20.7366,0.0,13.4835,46.4377,11.2745,9.3035,0.0,20.7366,0.0,15.6333,52.6396,8.4038,6.0005,4.0185,23.3448,B1,word_pos,consulter,V,consulter,VER
ordonner,VERB,B1,beacco,46.1936,21.6234,6.1602,5.792,46.1936,10.2018,0.0,6.4938,21.6234,1.6691,3.7244,36.6096,8.2319,0.0,12.833,18.3044,B1,word_pos,ordonner,V,ordonner,VER
ennemi,NOUN,B1,beacco,46.188,17.8685,0.7967,10.8418,46.188,0.8949,2.0505,0.0,17.8685,0.8346,11.1897,48.4252,1.8983,4.139,0.0,19.301,B1,word_pos,ennemi,N,ennemi,NOM
tabac,NOUN,B1,beacco,46.1618,52.1946,0.0,48.7992,46.1618,89.873,22.4589,28.8683,52.1946,0.0,44.0507,24.6606,96.5249,17.2115,19.328,41.2974,B1,word_pos,tabac,N,tabac,NOM
consommateur,NOUN,B1,beacco,46.1285,40.2286,4.6459,4.2783,46.1285,4.5416,157.9239,96.3631,40.2286,7.1121,8.6344,56.2069,4.5679,249.3406,143.7667,54.2489,B1,word_pos,consommateur,N,consommateur,NOM
thème,NOUN,B1,beacco,46.0976,52.6417,16.8278,22.2075,46.0976,7.7686,95.2368,201.6639,52.6417,7.132,18.9031,43.21,5.0821,85.2966,113.5434,39.6781,B1,word_pos,thème,N,thème,NOM
effectuer,VERB,B1,beacco,46.0531,43.9357,0.4996,8.1127,46.0531,53.592,91.0653,96.3631,43.9357,0.9464,8.9726,44.941,35.7537,87.1382,112.15,40.7178,B1,word_pos,effectuer,V,effectuer,VER
préciser,VERB,B1,beacco,45.8666,49.7914,0.0,15.0386,45.8666,67.761,124.676,178.8921,49.7914,0.0,12.6525,27.4955,43.764,65.9532,164.1035,33.0605,B1,word_pos,préciser,V,préciser,VER
silencieux,ADJ,B1,beacco,45.8279,39.4443,0.0,25.5908,45.8279,110.0055,0.0,38.491,39.4443,0.0,41.0571,50.2384,59.069,0.0,0.0,34.9592,B1,word_pos,silencieux,A,silencieux,ADJ
valoir,VERB,B1,beacco,45.713,87.5984,0.5477,54.5286,45.713,160.9938,218.2278,162.4982,87.5984,0.5987,75.9266,46.4383,163.8088,198.0589,173.9324,91.3803,B1,word_pos,valoir,V,valoir,VER
furieux,ADJ,B1,beacco,45.5436,24.0977,0.7967,16.2832,45.5436,9.055,0.0,0.0,24.0977,1.6691,21.3727,51.3387,7.0007,0.0,0.0,29.4263,B1,word_pos,furieux,A,furieux,ADJ
danger,NOUN,B1,beacco,45.5146,39.9061,8.1335,24.0357,45.5146,15.7215,74.9602,86.9525,39.9061,7.2872,47.5712,109.8698,40.5843,116.5686,157.5143,77.531,B1,word_pos,danger,N,danger,NOM
millier,NOUN,B1,beacco,45.3555,37.8407,24.2794,16.6655,45.3555,26.34,57.2876,57.0668,37.8407,7.1121,18.7475,67.5795,21.1614,92.388,56.7717,45.74,B1,word_pos,millier,N,millier,NOM
prévenir,VERB,B1,beacco,45.2842,40.8031,6.7105,36.9441,45.2842,0.0,110.8177,64.3237,40.8031,1.8874,46.7022,51.3698,0.0,65.9532,56.7717,35.7942,B1,word_pos,prévenir,V,prévenir,VER
demeurer,VERB,B1,beacco,45.2686,25.4383,0.0,10.3358,45.2686,14.2296,27.7392,39.7676,25.4383,0.0,11.6927,49.1174,14.0086,27.9938,43.8345,27.3172,B1,word_pos,demeurer,V,demeurer,VER
supposer,VERB,B1,beacco,44.9835,45.3489,1.6274,14.6906,44.9835,28.7955,118.451,216.4906,45.3489,0.8075,17.3033,37.3122,25.431,169.1265,112.15,43.6933,B1,word_pos,supposer,V,supposer,VER
parfaitement,ADV,B1,beacco,44.9832,38.5236,0.5197,36.4277,44.9832,42.8841,0.0,162.4982,38.5236,1.1123,34.5814,53.4794,33.6361,0.0,173.9324,40.893,B1,word_pos,parfaitement,ADV,parfaitement,ADV
gendarme,NOUN,B1,beacco,44.9375,30.0526,0.0,25.6835,44.9375,33.8071,1.6042,0.0,30.0526,0.0,39.8104,49.4105,36.1961,3.4423,0.0,38.8086,B1,word_pos,gendarme,N,gendarme,NOM
chasse,NOUN,B1,beacco,44.8855,29.9288,1.7078,15.493,44.8855,20.9478,27.9104,9.6228,29.9288,1.1764,22.8403,34.5375,19.0591,18.0014,38.656,28.6182,B1,word_pos,chasse,N,chasse,NOM
précipiter,VERB,B1,beacco,44.787,37.2737,0.0,42.0119,44.787,44.2464,39.395,0.0,37.2737,0.0,41.1078,65.8813,50.8553,31.3528,0.0,43.6017,B1,word_pos,précipiter,V,précipiter,VER
convenir,VERB,B1,beacco,44.5739,34.985,0.5025,17.0478,44.5739,38.3339,62.338,45.034,34.985,0.8346,1.2121,15.3753,8.7861,65.9532,0.0,15.9398,B1,word_pos,convenir,V,convenir,VER
rassembler,VERB,B1,beacco,44.5591,32.1984,6.531,10.7045,44.5591,22.569,36.6567,38.491,32.1984,7.5737,21.3457,34.3913,23.856,40.6321,19.328,31.5575,B1,word_pos,rassembler,V,rassembler,VER
milliard,NOUN,B1,beacco,44.4809,34.5311,0.0,4.7363,44.4809,24.2217,95.7945,48.0277,34.5311,0.0,5.082,38.2427,15.9876,125.6164,77.4712,32.6271,B1,word_pos,milliard,N,milliard,NOM
sol,NOUN,B1,beacco,44.3234,59.6968,1.005,63.2325,44.3234,130.1267,60.7102,9.6228,59.6968,1.8101,43.5568,44.0782,115.1848,87.1382,19.328,56.6616,B1,word_pos,sol,N,sol,NOM
existence,NOUN,B1,beacco,44.2824,44.0636,0.3158,30.3047,44.2824,21.26,137.2547,92.392,44.0636,0.6291,26.0661,47.2587,28.8924,157.558,183.2011,51.5574,B1,word_pos,existence,N,existence,NOM
parcours,NOUN,B1,beacco,44.1473,35.8487,2.0787,12.1197,44.1473,8.4175,53.4083,38.491,35.8487,1.1123,8.0849,31.963,9.0915,43.7771,38.656,25.0429,B1,word_pos,parcours,N,parcours,NOM
imposer,VERB,B1,beacco,43.6334,54.4564,0.0,33.5671,43.6334,21.2333,140.2758,422.0472,54.4564,0.8346,22.7858,56.1092,44.4572,201.2289,430.0607,72.209,B1,word_pos,imposer,V,imposer,VER
savoir,NOUN,B1,beacco,43.5892,37.9072,0.0,7.3893,43.5892,45.5337,115.0721,81.2491,37.9072,1.2635,14.849,49.3064,58.9164,104.5381,138.6137,47.9751,B1,word_pos,savoir,N,savoir,NOM
briser,VERB,B1,beacco,43.529,14.8897,1.9917,0.1076,43.529,1.5139,9.3035,0.0,14.8897,1.6691,17.6988,42.3845,8.1049,12.0009,0.0,22.6721,B1,word_pos,briser,V,briser,VER
bague,NOUN,B1,beacco,43.4441,21.2015,0.0,22.0078,43.4441,2.6847,0.0,0.0,21.2015,0.0,29.2596,39.515,5.6949,0.0,0.0,22.1088,B1,word_pos,bague,N,bague,NOM
rapporter,VERB,B1,beacco,43.0814,37.7006,3.497,38.2651,43.0814,46.5818,33.3358,0.0,37.7006,1.8928,34.5147,69.1857,41.0293,54.0583,0.0,46.6873,B1,word_pos,rapporter,V,rapporter,VER
conquérir,VERB,B1,beacco,42.9305,17.5127,0.0,9.3689,42.9305,0.7062,9.8067,28.8683,17.5127,0.0,7.2274,35.3668,1.2705,19.861,19.328,15.3317,B1,word_pos,conquérir,V,conquérir,VER
plaine,NOUN,B1,beacco,42.8297,15.8922,2.4086,0.5168,42.8297,0.0,21.7081,0.0,15.8922,1.4639,1.0679,36.642,0.0,12.0009,0.0,12.8699,B1,word_pos,plaine,N,plaine,NOM
réel,ADJ,B1,beacco,42.5017,54.7181,0.0,5.1201,42.5017,83.9313,151.2395,271.8951,54.7181,0.0,6.091,37.5676,33.0578,130.3361,209.3923,40.013,B1,word_pos,réel,A,réel,ADJ
tribunal,NOUN,B1,beacco,42.4909,22.3403,0.7967,9.7925,42.4909,4.9551,12.4046,0.0,22.3403,1.6691,12.1355,45.2664,3.9054,6.0005,0.0,22.7271,B1,word_pos,tribunal,N,tribunal,NOM
proportion,NOUN,B1,beacco,42.2233,14.8069,0.0,0.2117,42.2233,1.1509,39.6967,0.0,14.8069,0.0,0.8313,23.1276,0.911,66.9321,19.328,16.1841,B1,word_pos,proportion,N,proportion,NOM
limiter,VERB,B1,beacco,41.9839,58.1309,1.2205,12.7982,41.9839,42.8567,165.4936,323.1872,58.1309,0.8075,19.0487,36.449,19.035,216.6899,301.2996,55.9675,B1,word_pos,limiter,V,limiter,VER
secret,ADJ,B1,beacco,41.9395,25.6884,0.0,18.4954,41.9395,28.3429,12.4046,0.0,25.6884,1.1008,16.1051,23.3218,29.0817,20.024,0.0,21.5537,B1,word_pos,secret,A,secret,ADJ
bénéficier,VERB,B1,beacco,41.9107,39.7193,0.0,25.7912,41.9107,11.2845,165.276,28.8683,39.7193,0.0,12.4581,19.0568,2.2839,103.0894,38.656,23.1077,B1,word_pos,bénéficier,V,bénéficier,VER
passe,NOUN,B1,beacco,41.1535,14.2962,14.2837,0.0,41.1535,6.2486,0.0,0.0,14.2962,6.9301,3.5076,13.9307,1.8983,6.0005,56.7717,12.4182,B1,word_pos,passe,N,passe,NOM
refaire,VERB,B1,beacco,41.107,22.0242,1.005,19.0503,41.107,4.7828,25.7756,0.0,22.0242,0.9051,19.4417,37.3821,1.2705,31.3528,0.0,22.725,B1,word_pos,refaire,V,refaire,VER
colocation,NOUN,B1,beacco,40.9553,14.8019,0.5693,10.1854,40.9553,0.0,0.0,0.0,14.8019,1.1764,9.6408,24.5183,0.0,0.0,0.0,10.3164,B1,word_pos,colocation,N,colocation,NOM
conclure,VERB,B1,beacco,40.9524,32.2313,0.0,10.7496,40.9524,68.0977,29.1381,38.491,32.2313,0.0,6.8285,24.6488,43.392,29.205,38.656,22.4013,B1,word_pos,conclure,V,conclure,VER
chasser,VERB,B1,beacco,40.8667,28.4474,0.4014,40.4323,40.8667,3.3034,0.0,57.7365,28.4474,0.7319,39.9725,33.8791,0.0,0.0,19.328,21.1776,B1,word_pos,chasser,V,chasser,VER
présentation,NOUN,B1,beacco,40.7041,23.5625,14.2189,2.4487,40.7041,6.8216,0.0,136.3243,23.5625,7.2908,3.9045,39.8387,9.1403,0.0,93.687,23.0629,B1,word_pos,présentation,N,présentation,NOM
creuser,VERB,B1,beacco,40.6885,21.0194,0.5197,17.0374,40.6885,0.0,15.5058,19.2455,21.0194,1.1123,16.168,48.6886,0.0,18.0014,19.328,21.6909,B1,word_pos,creuser,V,creuser,VER
supporter,VERB,B1,beacco,40.6296,32.2885,0.0,30.6111,40.6296,47.1972,3.2084,48.1138,32.2885,0.0,31.8167,31.4643,33.7807,3.4423,38.656,29.1708,B1,word_pos,supporter,V,supporter,VER
cou,NOUN,B1,beacco,40.6014,35.2241,0.5693,19.8271,40.6014,73.6687,15.6669,38.491,35.2241,1.1764,34.3182,36.6387,73.7972,20.024,19.328,38.8171,B1,word_pos,cou,N,cou,NOM
debout,ADV,B1,beacco,40.46,35.4072,0.0,69.1701,40.46,25.3771,0.0,0.0,35.4072,7.4266,88.338,41.8432,46.4862,20.024,0.0,51.5666,B1,word_pos,debout,ADV,debout,ADV
armée,NOUN,B1,beacco,40.4407,41.2359,8.3145,47.8371,40.4407,20.0566,55.1534,28.8683,41.2359,7.2705,37.1808,31.9068,17.6317,58.4378,19.328,32.8589,B1,word_pos,armée,N,armée,NOM
dérouler,VERB,B1,beacco,40.3692,30.0887,0.7967,14.5481,40.3692,22.4206,73.5899,0.0,30.0887,0.8346,25.1855,52.064,21.4505,78.6751,0.0,36.2672,B1,word_pos,dérouler,V,dérouler,VER
employer,VERB,B1,beacco,40.2225,42.3279,0.4014,14.6464,40.2225,49.9319,41.0361,266.8878,42.3279,0.7319,24.9124,62.3185,66.5104,60.4644,277.2274,58.7032,B1,word_pos,employer,V,employer,VER
chaleur,NOUN,B1,beacco,40.1874,18.7538,3.6329,10.9703,40.1874,0.8949,15.6669,0.0,18.7538,7.1825,10.0908,42.4376,1.8983,31.3528,0.0,21.4764,B1,word_pos,chaleur,N,chaleur,NOM
amener,VERB,B1,beacco,40.1092,49.2636,1.4987,78.745,40.1092,47.2106,12.7628,104.0243,49.2636,0.9464,57.2024,39.4916,49.2066,26.3397,56.7717,44.0785,B1,word_pos,amener,V,amener,VER
écraser,VERB,B1,beacco,39.9383,21.5948,0.0,23.7412,39.9383,22.497,0.0,0.0,21.5948,0.0,24.9778,47.1332,26.7491,0.0,0.0,26.0561,B1,word_pos,écraser,V,écraser,VER
figure,NOUN,B1,beacco,39.7851,22.0011,0.4996,18.5344,39.7851,14.0878,9.3035,0.0,22.0011,0.9464,12.303,44.0329,19.6504,6.0005,12.833,25.1336,B1,word_pos,figure,N,figure,NOM
risquer,VERB,B1,beacco,39.7238,38.1882,0.3983,5.4597,39.7238,57.6796,89.5062,0.0,38.1882,0.8346,9.554,42.5561,35.7537,111.3228,0.0,37.1816,B1,word_pos,risquer,V,risquer,VER
récit,NOUN,B1,beacco,39.6707,48.4343,2.4411,59.2679,39.6707,28.8945,84.9033,19.2455,48.4343,1.6151,45.8227,36.1078,25.2238,56.8202,19.328,38.0502,B1,word_pos,récit,N,récit,NOM
inutile,ADJ,B1,beacco,39.5917,36.8037,0.5727,17.212,39.5917,83.0157,18.6069,64.3237,36.8037,1.1556,27.0367,39.9095,62.6503,18.0014,56.7717,37.2718,B1,word_pos,inutile,A,inutile,ADJ
gorge,NOUN,B1,beacco,39.4825,24.4001,0.0,5.974,39.4825,15.2188,73.7384,0.0,24.4001,0.5504,1.8025,33.4829,10.8364,54.0583,0.0,22.3323,B1,word_pos,gorge,N,gorge,NOM
joue,NOUN,B1,beacco,39.2549,17.2231,0.0,25.0299,39.2549,0.6707,0.0,0.0,17.2231,0.0,28.2126,36.3046,9.7303,0.0,0.0,19.8738,B1,word_pos,joue,N,joue,NOM
baisser,VERB,B1,beacco,39.2531,51.6315,1.2043,100.2734,39.2531,21.2541,58.6409,6.4938,51.6315,0.7319,93.0267,56.3349,25.9162,34.1646,12.833,51.6029,B1,word_pos,baisser,V,baisser,VER
poitrine,NOUN,B1,beacco,39.253,24.7756,0.7967,29.63,39.253,18.373,0.0,0.0,24.7756,0.8346,40.4835,33.2829,19.3845,0.0,0.0,25.9896,B1,word_pos,poitrine,N,poitrine,NOM
catégorie,NOUN,B1,beacco,39.2358,28.0766,0.0,0.4879,39.2358,27.146,120.2509,19.2455,28.0766,0.0,0.9327,18.9107,29.0837,108.1167,19.328,22.5923,B1,word_pos,catégorie,N,catégorie,NOM
salaire,NOUN,B1,beacco,39.1065,35.6654,0.0,34.8697,39.1065,35.1533,24.8092,57.7365,35.6654,0.0,33.9504,52.203,49.8228,30.0023,77.312,44.7439,B1,word_pos,salaire,N,salaire,NOM
duc,NOUN,B1,beacco,38.8714,17.5323,7.7516,3.8617,38.8714,0.0,0.0,0.0,17.5323,0.8346,4.4239,33.1363,0.0,0.0,0.0,13.5618,B1,word_pos,duc,N,duc,NOM
fortement,ADV,B1,beacco,38.711,22.5312,0.0,5.1804,38.711,25.4268,14.3534,6.176,22.5312,0.0,8.7567,23.7161,23.8285,8.2781,4.0185,20.4135,B1,word_pos,fortement,ADV,fortement,ADV
poche,NOUN,B1,beacco,38.4446,86.5446,3.1181,136.0864,38.4446,204.9003,36.5308,58.4441,86.5446,3.3369,124.2332,41.9432,266.5506,31.3528,12.833,89.2665,B1,word_pos,poche,N,poche,NOM
répandre,VERB,B1,beacco,38.1466,26.4727,7.4442,6.063,38.1466,4.5416,36.6567,54.0717,26.4727,7.5737,9.6848,41.9557,6.8518,76.6769,43.8345,32.0657,B1,word_pos,répandre,V,répandre,VER
troubler,VERB,B1,beacco,38.0919,14.8151,0.0,1.5592,38.0919,0.0,9.6252,9.6228,14.8151,0.0,2.0851,63.311,0.911,6.8846,19.328,22.2639,B1,word_pos,troubler,V,troubler,VER
opinion,NOUN,B1,beacco,38.0467,32.5483,0.0,16.7313,38.0467,17.1822,53.1141,115.0793,32.5483,0.0,19.1485,32.0028,41.1936,129.0978,277.2274,49.8755,B1,word_pos,opinion,N,opinion,NOM
communiquer,VERB,B1,beacco,37.9171,24.1911,5.4899,4.5022,37.9171,13.6777,20.4505,45.4565,24.1911,7.3735,6.4637,44.8886,14.4824,20.6179,12.833,25.7747,B1,word_pos,communiquer,V,communiquer,VER
éclater,VERB,B1,beacco,37.8861,22.2787,0.3158,0.57,37.8861,49.3387,22.8111,0.0,22.2787,0.6291,0.8672,29.0364,25.431,26.3397,0.0,19.1945,B1,word_pos,éclater,V,éclater,VER
violence,NOUN,B1,beacco,37.8782,43.3105,0.0,11.8292,37.8782,44.5863,126.1605,116.8882,43.3105,0.0,16.8234,45.4151,65.7686,215.3928,142.6471,57.6116,B1,word_pos,violence,N,violence,NOM
second,NOUN,B1,beacco,37.755,45.4428,7.4814,29.9541,37.755,72.7815,107.9529,0.0,45.4428,1.2635,4.7883,15.3792,4.5679,18.0014,77.4712,16.6365,B1,word_pos,second,N,second,NOM
disparition,NOUN,B1,beacco,37.6945,40.2798,1.5934,39.6678,37.6945,25.3987,25.0482,201.6639,40.2798,0.8346,26.9462,49.7753,31.8367,36.8208,113.5434,40.1265,B1,word_pos,disparition,N,disparition,NOM
menace,NOUN,B1,beacco,37.655,21.9338,0.7622,4.2923,37.655,27.9493,29.7295,0.0,21.9338,0.5504,4.7828,33.4008,19.2521,12.0009,0.0,18.2038,B1,word_pos,menace,N,menace,NOM
près,PREP,B1,crf_first_attested,37.6509,12.7746,0.0,0.0,37.6509,13.7507,0.0,19.2455,12.7746,,,,,,,,,crf_only,près,PREP,,
brillant,ADJ,B1,beacco,37.5544,21.6492,0.0,11.2348,37.5544,20.4953,8.2019,6.4938,21.6492,0.0,23.1057,37.0584,24.8845,4.139,12.833,25.9293,B1,word_pos,brillant,A,brillant,ADJ
douter,VERB,B1,beacco,37.3083,20.2348,3.88,5.5021,37.3083,1.5139,52.0771,0.0,20.2348,0.7319,6.8416,36.7559,9.8252,12.0009,0.0,18.7005,B1,word_pos,douter,V,douter,VER
effort,NOUN,B1,beacco,37.2943,54.227,7.1737,51.7942,37.2943,61.6423,41.9584,84.4193,54.227,7.2908,50.2364,37.1206,49.2566,62.3406,76.9978,53.1533,B1,word_pos,effort,N,effort,NOM
méfier,VERB,B1,beacco,37.2252,10.877,0.0,3.4811,37.2252,1.1509,0.0,0.0,10.877,0.0,4.5837,39.0569,0.911,0.0,0.0,11.7575,B1,word_pos,méfier,V,méfier,VER
offre,NOUN,B1,beacco,37.1488,33.659,0.6621,17.648,37.1488,12.1109,60.56,86.6048,33.659,0.0,18.9132,37.6394,9.1358,55.9876,96.64,32.614,B1,word_pos,offre,N,offre,NOM
bataille,NOUN,B1,beacco,36.9891,36.2938,4.2126,55.3184,36.9891,19.5356,11.2294,39.0461,36.2938,7.132,47.6745,27.7822,29.0837,6.8846,0.0,29.5662,B1,word_pos,bataille,N,bataille,NOM
psychologique,ADJ,B1,beacco,36.9009,27.4634,0.4068,5.0789,36.9009,14.4034,66.9988,104.5166,27.4634,0.8075,4.43,35.1679,17.7382,51.4303,56.7717,25.0709,B1,word_pos,psychologique,A,psychologique,ADJ
manque,NOUN,B1,beacco,36.7664,51.0903,0.5727,36.4893,36.7664,108.0079,59.352,57.7365,51.0903,1.1556,20.6304,29.8465,50.2604,36.8208,57.984,35.4447,B1,word_pos,manque,N,manque,NOM
collectif,ADJ,B1,beacco,36.6856,31.8965,4.4285,3.9208,36.6856,13.8842,86.0405,79.5562,31.8965,7.0309,4.5709,53.3406,14.4824,120.2103,56.7717,37.9409,B1,word_pos,collectif,A,collectif,ADJ
distinguer,VERB,B1,beacco,36.552,46.3155,1.1385,11.313,36.552,105.6878,28.892,347.4064,46.3155,1.1764,22.9658,14.8438,49.437,40.6321,321.8903,37.4804,B1,word_pos,distinguer,V,distinguer,VER
vingtaine,NOUN,B1,beacco,36.4397,18.5857,2.652,0.7405,36.4397,12.3589,14.569,28.471,18.5857,0.4856,1.2121,34.1316,8.1386,19.861,43.8345,18.3334,B1,word_pos,vingtaine,N,vingtaine,NOM
exiger,VERB,B1,beacco,36.3913,34.6124,0.0,17.2033,36.3913,35.7755,110.5115,32.4689,34.6124,0.0,15.0588,23.9914,32.0073,102.8605,25.6659,29.2512,B1,word_pos,exiger,V,exiger,VER
témoignage,NOUN,B1,beacco,36.2797,38.0011,0.0,32.2789,36.2797,69.5606,40.315,0.0,38.0011,0.0,29.2219,36.8192,48.8077,24.0018,0.0,33.5477,B1,word_pos,témoignage,N,témoignage,NOM
volonté,NOUN,B1,beacco,36.1296,23.5549,0.6621,2.9516,36.1296,6.0554,51.0722,117.0576,23.5549,1.2635,4.569,39.9989,4.5679,60.4644,213.1318,30.2952,B1,word_pos,volonté,N,volonté,NOM
maintenir,VERB,B1,beacco,35.91,37.4729,6.3605,11.1756,35.91,4.9879,74.0896,285.3338,37.4729,0.9121,0.7079,17.4524,0.0,108.1167,190.5105,22.8567,B1,word_pos,maintenir,V,maintenir,VER
domicile,NOUN,B1,beacco,35.7516,13.1562,0.0,5.5599,35.7516,0.0,3.1012,19.2455,13.1562,0.9051,11.6927,33.7926,0.0,6.0005,38.656,16.1946,B1,word_pos,domicile,N,domicile,NOM
courant,NOUN,B1,beacco,35.695,36.946,0.3158,47.1743,35.695,48.0598,30.3551,0.0,36.946,7.3458,36.6997,111.9518,112.3554,40.0479,0.0,70.8917,B1,word_pos,courant,N,courant,NOM
déplacement,NOUN,B1,beacco,35.6909,27.722,2.01,16.0429,35.6909,10.2418,34.1127,12.9876,27.722,3.6203,15.9125,25.7531,18.183,30.0023,25.6659,30.0292,B1,word_pos,déplacement,N,déplacement,NOM
causer,VERB,B1,beacco,35.6779,21.1011,0.4068,0.2439,35.6779,3.0277,84.9776,12.9876,21.1011,0.8075,4.4611,41.1218,4.5679,86.6209,25.6659,28.0273,B1,word_pos,causer,V,causer,VER
misère,NOUN,B1,beacco,35.6101,19.4455,0.2738,14.2003,35.6101,0.5285,1.6042,19.2455,19.4455,0.5987,14.1986,39.8734,0.8102,19.861,38.656,25.098,B1,word_pos,misère,N,misère,NOM
traduire,VERB,B1,beacco,35.5717,41.1963,0.0,20.9357,35.5717,61.131,85.7549,115.0793,41.1963,0.0,21.6527,36.4927,49.6469,80.2715,86.9662,36.9632,B1,word_pos,traduire,V,traduire,VER
largement,ADV,B1,beacco,35.4921,33.2153,1.7078,8.3737,35.4921,27.9493,77.3176,81.2491,33.2153,1.1764,10.0148,33.6837,23.8285,80.2715,113.6757,31.5498,B1,word_pos,largement,ADV,largement,ADV
prêt,NOUN,B1,beacco,35.4898,19.3775,0.6621,12.9447,35.4898,4.9879,18.6069,0.0,19.3775,0.0,4.4863,0.5531,1.2705,6.0005,0.0,3.3788,B1,word_pos,prêt,N,prêt,NOM
charge,NOUN,B1,beacco,35.3292,41.1334,2.01,9.7001,35.3292,24.7972,152.8409,115.0793,41.1334,1.8101,9.8776,46.3944,25.4252,173.1804,162.4685,47.3741,B1,word_pos,charge,N,charge,NOM
apprentissage,NOUN,B1,beacco,35.2568,30.2896,0.0,14.4606,35.2568,60.819,32.7469,28.8683,30.2896,0.0,12.7828,38.0265,27.0642,20.024,57.984,25.8929,B1,word_pos,apprentissage,N,apprentissage,NOM
apparemment,ADV,B1,beacco,35.1943,15.4659,0.0,3.1951,35.1943,20.6268,4.101,0.0,15.4659,0.0,6.5064,14.8845,23.9058,4.139,0.0,11.955,B1,word_pos,apparemment,ADV,apparemment,ADV
pousse,NOUN,B1,beacco,35.1408,22.4028,0.0,22.6001,35.1408,20.0166,9.3035,0.0,22.4028,1.2635,13.0379,12.8168,13.5743,6.0005,0.0,13.9256,B1,word_pos,pousse,N,pousse,NOM
déplacer,VERB,B1,beacco,34.9349,52.8986,3.5922,73.4164,34.9349,93.4603,24.8092,28.8683,52.8986,7.056,96.3676,37.246,75.5948,30.0023,19.328,56.4426,B1,word_pos,déplacer,V,déplacer,VER
solide,ADJ,B1,beacco,34.8059,24.1692,0.3983,3.5373,34.8059,50.0024,37.9244,0.0,24.1692,0.8346,12.2437,35.8296,59.4731,58.4378,0.0,32.1586,B1,word_pos,solide,A,solide,ADJ
structure,NOUN,B1,beacco,34.6949,26.7017,0.0,4.9092,34.6949,12.1109,19.6566,209.9996,26.7017,0.0,3.547,24.3356,11.4197,20.6179,252.259,25.4935,B1,word_pos,structure,N,structure,NOM
mal,ADJ,B1,beacco,34.6151,26.84,49.7294,22.4564,34.6151,1.3414,0.0,0.0,26.84,7.2583,16.259,8.6666,13.4327,0.0,0.0,12.528,B1,word_pos,mal,A,mal,ADJ
somme,NOUN,B1,beacco,34.6137,36.5159,0.6621,34.7977,34.6137,34.0992,94.3999,0.0,36.5159,1.2635,36.2629,37.5801,33.4801,106.3577,0.0,40.2155,B1,word_pos,somme,N,somme,NOM
tombe,NOUN,B1,beacco,34.3916,25.6935,7.9668,38.8308,34.3916,2.1187,0.0,0.0,25.6935,4.1728,26.1722,24.5293,1.2705,0.0,0.0,18.466,B1,word_pos,tombe,N,tombe,NOM
centaine,NOUN,B1,beacco,34.3703,52.6314,1.2205,21.1408,34.3703,59.6543,153.6272,150.72,52.6314,0.8075,36.9944,52.5974,69.9054,144.2387,145.006,61.0692,B1,word_pos,centaine,N,centaine,NOM
catastrophe,NOUN,B1,beacco,34.2387,33.1503,13.3382,8.3686,34.2387,4.5416,151.8141,0.0,33.1503,7.1552,9.0405,25.6628,2.2839,158.8399,0.0,29.7645,B1,word_pos,catastrophe,N,catastrophe,NOM
réflexion,NOUN,B1,beacco,34.1011,38.5985,0.0,12.0518,34.1011,36.3046,186.9306,19.2455,38.5985,0.0,9.0839,38.8481,19.035,187.7066,38.656,38.4448,B1,word_pos,réflexion,N,réflexion,NOM
spécialiste,NOUN,B1,beacco,34.0913,47.3696,7.0922,9.3662,34.0913,20.5441,224.1336,103.766,47.3696,7.1602,13.1484,30.0451,28.3602,239.7132,239.8153,52.6466,B1,word_pos,spécialiste,N,spécialiste,NOM
créateur,NOUN,B1,beacco,34.0216,29.2699,0.2541,22.262,34.0216,11.3051,32.1283,72.1042,29.2699,0.5504,9.1493,13.0375,11.742,54.0583,171.4545,23.1014,B1,word_pos,créateur,N,créateur,NOM
majeur,ADJ,B1,beacco,33.8484,26.3274,0.0816,6.2694,33.8484,18.8519,73.5104,6.4938,26.3274,0.171,8.399,36.6568,23.856,96.3812,12.833,29.2348,B1,word_pos,majeur,A,majeur,ADJ
débarrasser,VERB,B1,beacco,33.7935,17.2717,8.3033,9.3704,33.7935,8.1945,0.0,19.2455,17.2717,7.387,3.8626,29.4638,0.8102,0.0,19.328,14.2185,B1,word_pos,débarrasser,V,débarrasser,VER
respect,NOUN,B1,beacco,33.7818,36.1465,3.5922,23.5555,33.7818,27.0459,81.5787,25.9752,36.1465,7.056,22.5215,36.2794,14.4824,92.2241,12.833,32.8811,B1,word_pos,respect,N,respect,NOM
intérêts,NOUN,B1,crf_first_attested,33.734,15.151,0.0,0.0,33.734,8.2709,31.3338,43.6102,15.151,,,,,,,,,crf_only,intérêts,N,,
don,NOUN,B1,beacco,33.7033,22.0427,7.6622,32.878,33.7033,1.6517,0.0,0.0,22.0427,0.5504,67.6082,48.2795,0.0,0.0,0.0,32.1558,B1,word_pos,don,N,don,NOM
goutte,NOUN,B1,beacco,33.6255,21.3178,0.0,11.4412,33.6255,12.3822,41.0675,0.0,21.3178,0.0,9.9763,22.5633,13.8484,41.2358,0.0,17.8199,B1,word_pos,goutte,N,goutte,NOM
commune,NOUN,B1,beacco,33.5813,20.0497,0.0,26.0517,33.5813,11.2845,6.4168,0.0,20.0497,0.0,28.0983,30.5792,9.0915,36.3157,0.0,23.0477,B1,word_pos,commune,N,commune,NOM
civil,ADJ,B1,beacco,33.5597,37.6547,0.0,27.0038,33.5597,30.4109,84.3599,101.5791,37.6547,0.0,25.1455,26.7226,23.998,80.2315,170.3152,36.5681,B1,word_pos,civil,A,civil,ADJ
destin,NOUN,B1,beacco,33.4947,20.6801,0.0,3.2166,33.4947,7.809,50.7348,44.2742,20.6801,0.0,3.1313,29.4598,8.2033,58.4378,87.6689,23.3109,B1,word_pos,destin,N,destin,NOM
formule,NOUN,B1,beacco,33.4399,31.8962,1.5912,10.6143,33.4399,5.1209,62.4654,232.36,31.8962,0.9713,5.057,29.3643,9.0915,34.1646,106.6986,27.9509,B1,word_pos,formule,N,formule,NOM
sacré,ADJ,B1,beacco,33.4072,18.221,7.2189,9.5932,33.4072,4.7249,18.7334,0.0,18.221,7.2705,0.9302,27.2589,38.8057,27.403,0.0,21.8306,B1,word_pos,sacré,A,sacré,ADJ
éclairer,VERB,B1,beacco,33.0725,31.9892,0.0,25.8197,33.0725,65.5451,35.7275,0.0,31.9892,0.0,50.2261,67.7813,108.1742,40.0479,0.0,57.8709,B1,word_pos,éclairer,V,éclairer,VER
réussite,NOUN,B1,beacco,32.9632,34.4288,21.7882,23.0745,32.9632,14.1995,30.8494,211.7006,34.4288,3.4669,20.7823,32.6167,10.1033,34.1646,135.296,26.541,B1,word_pos,réussite,N,réussite,NOM
envahir,VERB,B1,beacco,32.9109,29.6885,0.5693,30.2781,32.9109,13.8842,73.6009,9.6228,29.6885,1.1764,37.9257,30.0697,9.0915,65.168,19.328,29.6665,B1,word_pos,envahir,V,envahir,VER
défense,NOUN,B1,beacco,32.9017,17.3833,0.4996,11.3517,32.9017,1.5139,12.4046,6.4938,17.3833,0.9464,9.9799,22.3914,2.2839,18.0014,12.833,17.3263,B1,word_pos,défense,N,défense,NOM
entièrement,ADV,B1,beacco,32.757,24.969,4.6345,8.156,32.757,15.4105,49.5797,0.0,24.969,2.5271,6.3029,31.8627,26.3203,49.1091,0.0,25.7291,B1,word_pos,entièrement,ADV,entièrement,ADV
mine,NOUN,B1,beacco,32.654,17.1801,0.0,4.315,32.654,0.0,12.4046,25.9752,17.1801,0.0,4.4246,31.0133,0.0,31.3528,25.6659,15.3261,B1,word_pos,mine,N,mine,NOM
accrocher,VERB,B1,beacco,32.3822,25.2374,,,,,,,,0.5504,23.4712,32.3822,21.1614,18.0014,0.0,25.2374,B1,beacco_only,,,accrocher,VER
empire,NOUN,B1,beacco,32.3631,15.8583,0.0,8.1112,32.3631,7.8035,0.0,19.2455,15.8583,0.0,4.1195,26.1819,9.5948,0.0,38.656,14.1084,B1,word_pos,empire,N,empire,NOM
monstre,NOUN,B1,beacco,32.3291,12.7334,0.0,6.2578,32.3291,2.3018,0.0,0.0,12.7334,0.0,16.3171,26.7721,1.822,0.0,0.0,13.296,B1,word_pos,monstre,N,monstre,NOM
clientèle,NOUN,B1,beacco,32.2976,9.5273,0.0,2.229,32.2976,0.0,13.8696,0.0,9.5273,0.0,4.4863,17.5093,0.0,20.6179,0.0,9.5444,B1,word_pos,clientèle,N,clientèle,NOM
rejeter,VERB,B1,beacco,32.2509,17.0568,0.0,4.2326,32.2509,12.0033,30.8494,0.0,17.0568,0.0,6.2771,34.7437,12.6911,49.0825,0.0,20.5764,B1,word_pos,rejeter,V,rejeter,VER
attribuer,VERB,B1,beacco,32.1707,14.7395,0.0,2.2095,32.1707,11.2845,4.101,28.8683,14.7395,0.0,4.4239,26.026,9.0915,4.139,38.656,14.8127,B1,word_pos,attribuer,V,attribuer,VER
prétendre,VERB,B1,beacco,32.1101,15.1084,0.0,0.6418,32.1101,19.5564,20.5337,0.0,15.1084,0.0,1.2456,52.2655,19.2437,41.2358,0.0,24.7103,B1,word_pos,prétendre,V,prétendre,VER
électronique,ADJ,B1,beacco,32.0728,34.5475,0.5693,30.6481,32.0728,1.4125,156.4799,0.0,34.5475,1.1764,40.8174,40.068,1.2705,202.567,0.0,45.4298,B1,word_pos,électronique,A,électronique,ADJ
rage,NOUN,B1,beacco,32.0655,15.1211,0.0,0.3469,32.0655,2.4776,51.5512,0.0,15.1211,0.0,0.7079,23.3967,1.3018,40.0479,0.0,11.6546,B1,word_pos,rage,N,rage,NOM
moi-même,PRON,B1,beacco,31.9822,30.5161,,,,,,,,0.0,40.3961,31.9822,47.0704,3.4423,19.328,30.5161,B1,beacco_only,,,moi-même,PRO
désert,ADJ,B1,beacco,31.9261,11.038,0.0,0.9626,31.9261,6.4162,0.0,0.0,11.038,0.0,1.2456,46.8329,9.5948,0.0,0.0,16.4527,B1,word_pos,désert,A,désert,ADJ
correspondre,VERB,B1,beacco,31.9098,42.535,1.1385,22.5681,31.9098,46.6918,64.0313,292.458,42.535,1.1764,34.0015,29.4328,32.917,49.5147,269.6186,41.6951,B1,word_pos,correspondre,V,correspondre,VER
grandir,VERB,B1,beacco,31.8249,31.1285,0.4996,30.8556,31.8249,21.5083,42.058,81.2491,31.1285,0.9464,45.0661,30.438,19.5681,27.9938,162.4685,35.538,B1,word_pos,grandir,V,grandir,VER
lent,ADJ,B1,beacco,31.6178,17.5538,1.9862,11.6485,31.6178,3.0277,9.3035,6.4938,17.5538,1.2635,13.8128,37.4981,4.5679,12.0009,12.833,22.0474,B1,word_pos,lent,A,lent,ADJ
secours,NOUN,B1,beacco,31.6166,27.1737,0.0,41.1584,31.6166,4.5416,25.5257,38.491,27.1737,0.8075,36.1922,37.5775,9.1403,6.8846,0.0,26.8022,B1,word_pos,secours,N,secours,NOM
dossier,NOUN,B1,beacco,31.6122,43.3277,0.0,31.3143,31.6122,47.0136,24.8092,257.8576,43.3277,0.0,35.0814,21.575,23.036,24.0018,158.0166,35.5874,B1,word_pos,dossier,N,dossier,NOM
encourager,VERB,B1,beacco,31.6018,33.2298,0.5197,14.7862,31.6018,32.1772,64.5033,38.491,33.2298,1.1123,13.1396,30.3049,19.035,60.4644,38.656,28.4709,B1,word_pos,encourager,V,encourager,VER
évident,ADJ,B1,beacco,31.4711,19.0419,0.0,11.0767,31.4711,6.0141,41.0675,19.2455,19.0419,0.0,9.9767,38.0551,8.8102,20.6179,19.328,16.6214,B1,word_pos,évident,A,évident,ADJ
assiette,NOUN,B1,beacco,31.3877,26.7984,5.6748,26.1658,31.3877,30.0967,4.8126,0.0,26.7984,7.3616,29.174,28.7703,35.4853,3.4423,0.0,27.1998,B1,word_pos,assiette,N,assiette,NOM
dépenser,VERB,B1,beacco,31.3645,18.9595,6.7886,9.0333,31.3645,11.6053,25.5361,12.9876,18.9595,4.7485,11.4793,41.8224,30.3518,40.1357,25.6659,26.7802,B1,word_pos,dépenser,V,dépenser,VER
résister,VERB,B1,beacco,31.3622,36.4557,10.2966,11.9127,31.3622,22.7078,2.0505,304.8448,36.4557,2.1958,14.5996,42.9881,6.8518,4.139,209.3923,30.486,B1,word_pos,résister,V,résister,VER
rater,VERB,B1,beacco,31.2541,11.2996,0.0,6.3957,31.2541,2.3018,0.0,0.0,11.2996,0.0,12.2246,22.1148,0.911,0.0,0.0,10.1925,B1,word_pos,rater,V,rater,VER
reculer,VERB,B1,beacco,31.2496,22.8261,3.7354,6.1315,31.2496,26.8691,24.2475,19.4814,22.8261,7.429,12.5034,22.4864,36.5358,51.4303,25.6659,28.7878,B1,word_pos,reculer,V,reculer,VER
absolument,ADV,B1,beacco,31.1039,39.835,0.9991,51.997,31.1039,66.4824,51.07,0.0,39.835,0.9464,55.2222,34.8657,46.1469,49.5147,0.0,39.9798,B1,word_pos,absolument,ADV,absolument,ADV
civilisation,NOUN,B1,beacco,30.9209,19.7477,1.005,7.9708,30.9209,13.8842,33.2874,0.0,19.7477,1.8101,10.0148,29.6195,9.0915,40.1357,0.0,19.39,B1,word_pos,civilisation,N,civilisation,NOM
annonce,NOUN,B1,beacco,30.9145,46.1828,24.7912,34.9551,30.9145,80.7474,34.062,9.6228,46.1828,0.9713,12.276,40.3323,86.8697,86.0088,19.328,43.6202,B1,word_pos,annonce,N,annonce,NOM
propriété,NOUN,B1,beacco,30.8904,33.9408,0.0,24.9692,30.8904,8.1945,133.8808,12.9876,33.9408,0.0,16.7143,48.4128,8.1049,233.7514,12.833,48.6501,B1,word_pos,propriété,N,propriété,NOM
mériter,VERB,B1,beacco,30.8476,15.8049,0.7967,13.3275,30.8476,0.0,12.4046,0.0,15.8049,2.5037,16.0744,14.4038,0.0,6.0005,0.0,11.2168,B1,word_pos,mériter,V,mériter,VER
rose,ADJ,B1,beacco,30.66,16.4946,4.9206,4.4842,30.66,1.5139,24.8092,0.0,16.4946,0.5504,21.0022,32.6903,2.2839,24.0018,4.0185,23.9836,B1,word_pos,rose,A,rose,ADJ
généralement,ADV,B1,beacco,30.6599,31.8613,0.4421,11.6661,30.6599,26.4895,117.9186,43.6102,31.8613,0.9121,17.7945,33.0283,19.2521,108.1167,86.9662,32.7068,B1,word_pos,généralement,ADV,généralement,ADV
enseigner,VERB,B1,beacco,30.5852,25.2479,0.0,25.4135,30.5852,22.8644,26.2593,0.0,25.2479,0.0,28.6789,29.9671,18.9231,6.0005,0.0,22.5224,B1,word_pos,enseigner,V,enseigner,VER
propos,NOUN,B1,beacco,30.2775,41.1022,3.88,11.7077,30.2775,11.2874,181.2864,130.8307,41.1022,7.4133,12.3344,19.545,50.7873,162.175,202.2974,46.2588,B1,word_pos,propos,N,propos,NOM
ton,NOUN,B1,beacco,30.2627,36.1772,0.0,56.626,30.2627,84.5089,20.7298,0.0,36.1772,0.5987,52.049,37.3852,65.6314,20.024,0.0,39.2569,B1,word_pos,ton,N,ton,NOM
gêner,VERB,B1,beacco,30.2021,31.5467,2.2771,47.6422,30.2021,25.9344,13.8696,6.4938,31.5467,1.1764,14.2539,23.5371,22.9509,20.6179,12.833,23.2048,B1,word_pos,gêner,V,gêner,VER
admettre,VERB,B1,beacco,30.1934,35.4626,1.1453,9.8303,30.1934,34.1611,53.1294,207.532,35.4626,0.0,4.4863,37.2467,21.1206,24.0018,134.1811,26.6139,B1,word_pos,admettre,V,admettre,VER
enregistrer,VERB,B1,beacco,30.1858,30.7241,16.7845,16.8656,30.1858,6.3945,62.9119,19.2455,30.7241,7.2778,20.6897,21.9921,9.0915,61.8536,19.328,26.3806,B1,word_pos,enregistrer,V,enregistrer,VER
universel,ADJ,B1,beacco,30.1642,29.9446,1.9983,11.5202,30.1642,56.2868,21.4487,19.2455,29.9446,1.8928,16.1978,25.902,56.9556,6.0005,19.328,26.338,B1,word_pos,universel,A,universel,ADJ
distribuer,VERB,B1,beacco,30.158,26.1467,3.5155,6.0244,30.158,16.8351,76.0728,10.2933,26.1467,6.8456,10.0148,26.9986,19.035,54.0583,4.0185,24.1929,B1,word_pos,distribuer,V,distribuer,VER
trace,NOUN,B1,beacco,30.0112,57.3485,2.2906,27.7466,30.0112,255.3702,32.7469,19.2455,57.3485,2.3113,19.0173,35.3416,264.5321,40.0479,19.328,61.2653,B1,word_pos,trace,N,trace,NOM
loyer,NOUN,B1,beacco,29.9788,20.5482,0.0,25.0835,29.9788,0.0,15.6669,0.0,20.5482,0.0,8.286,25.6272,0.0,20.024,0.0,13.4237,B1,word_pos,loyer,N,loyer,NOM
interrompre,VERB,B1,beacco,29.9682,22.2844,13.8762,3.5373,29.9682,14.658,35.623,0.0,22.2844,7.3756,6.6325,36.6763,12.8024,31.5653,0.0,25.1727,B1,word_pos,interrompre,V,interrompre,VER
initiative,NOUN,B1,beacco,29.9515,24.0303,0.0,6.1147,29.9515,62.6883,22.8111,0.0,24.0303,0.0,4.5382,33.7826,54.6354,65.168,0.0,27.274,B1,word_pos,initiative,N,initiative,NOM
dommage,NOUN,B1,beacco,29.9501,14.7178,1.0394,10.9719,29.9501,8.4175,0.0,0.0,14.7178,1.1123,14.9715,36.7106,18.0886,0.0,0.0,19.3614,B1,word_pos,dommage,N,dommage,NOM
patte,NOUN,B1,beacco,29.8668,14.0581,0.0,1.9445,29.8668,1.7264,36.3023,6.4938,14.0581,0.0,3.8815,20.9985,0.911,31.3781,12.833,12.4681,B1,word_pos,patte,N,patte,NOM
poing,NOUN,B1,beacco,29.8533,17.972,0.0,19.7289,29.8533,16.6498,0.0,0.0,17.972,0.0,15.145,38.7623,24.7941,0.0,0.0,20.0383,B1,word_pos,poing,N,poing,NOM
prêtre,NOUN,B1,beacco,29.8066,16.5347,0.7967,9.8366,29.8066,0.0,3.2084,19.2455,16.5347,0.8346,11.307,13.7294,0.0,3.4423,19.328,11.5443,B1,word_pos,prêtre,N,prêtre,NOM
citoyen,NOUN,B1,beacco,29.6478,25.2825,0.0,9.3194,29.6478,4.5416,88.9599,57.0668,25.2825,0.0,19.9731,78.0623,2.2839,123.9206,25.6659,42.4446,B1,word_pos,citoyen,N,citoyen,NOM
accorder,VERB,B1,beacco,29.462,32.3147,2.39,25.9253,29.462,4.8562,107.1971,56.9312,32.3147,4.1728,30.9525,45.0125,8.3751,133.8641,113.6757,44.31,B1,word_pos,accorder,V,accorder,VER
résider,VERB,B1,beacco,29.4514,10.1872,0.0,0.2527,29.4514,0.0,31.2327,0.0,10.1872,0.0,4.4769,28.886,0.0,40.1357,0.0,12.9852,B1,word_pos,résider,V,résider,VER
annuel,ADJ,B1,beacco,29.2806,19.1586,0.0,18.5974,29.2806,13.6777,30.0911,0.0,19.1586,0.0,11.412,28.4142,23.856,40.1357,0.0,19.6859,B1,word_pos,annuel,A,annuel,ADJ
soigner,VERB,B1,beacco,29.2384,33.4839,0.7967,17.5191,29.2384,56.3882,21.8856,56.9312,33.4839,1.6691,15.2371,26.374,58.2404,19.861,56.7717,31.6036,B1,word_pos,soigner,V,soigner,VER
enterrer,VERB,B1,beacco,29.218,18.1425,1.2043,28.808,29.218,0.0,3.1012,0.0,18.1425,0.7319,18.1284,31.3693,0.0,6.0005,0.0,15.8427,B1,word_pos,enterrer,V,enterrer,VER
alimentaire,ADJ,B1,beacco,29.0695,22.6026,0.8137,2.3325,29.0695,0.5285,91.4836,25.9752,22.6026,0.8075,4.6912,22.8105,0.8102,101.2835,38.4989,24.4988,B1,word_pos,alimentaire,A,alimentaire,ADJ
renoncer,VERB,B1,beacco,29.0621,30.5228,0.7967,38.81,29.0621,46.7114,33.3358,0.0,30.5228,2.5037,28.7213,34.3887,20.4316,40.1357,0.0,29.3191,B1,word_pos,renoncer,V,renoncer,VER
bijou,NOUN,B1,beacco,28.9462,11.5108,9.7909,6.5942,28.9462,1.6517,9.3035,0.0,11.5108,5.6622,10.2026,39.0911,1.3018,6.0005,0.0,15.1921,B1,word_pos,bijou,N,bijou,NOM
attitude,NOUN,B1,beacco,28.9064,40.6565,0.5025,14.5217,28.9064,72.7058,117.2576,43.6102,40.6565,0.9051,12.8463,29.5317,18.2805,75.5206,56.7717,29.7432,B1,word_pos,attitude,N,attitude,NOM
fumée,NOUN,B1,beacco,28.9029,19.4997,0.0,13.7657,28.9029,54.8386,0.0,0.0,19.4997,0.0,13.4821,19.1898,40.5974,0.0,0.0,15.709,B1,word_pos,fumée,N,fumée,NOM
diffusion,NOUN,B1,beacco,28.8882,18.6964,0.0,1.0585,28.8882,0.0,86.9846,39.0192,18.6964,0.0,0.8313,14.8188,0.0,54.0583,77.4712,13.0505,B1,word_pos,diffusion,N,diffusion,NOM
philosophie,NOUN,B1,beacco,28.8522,22.3139,0.0,1.9999,28.8522,12.133,83.6009,6.176,22.3139,0.0,3.6645,23.1511,21.1614,62.7562,8.037,23.0568,B1,word_pos,philosophie,N,philosophie,NOM
cocher,NOUN,B1,beacco,28.7768,10.9985,0.5025,1.769,28.7768,0.5755,0.0,0.0,10.9985,0.0,1.8333,22.91,0.911,0.0,0.0,8.8834,B1,word_pos,cocher,N,cocher,NOM
enrichir,VERB,B1,beacco,28.6689,17.4611,0.0,10.0387,28.6689,13.2448,3.2084,48.0277,17.4611,0.0,16.2853,30.3638,14.1801,3.4423,56.7717,21.0864,B1,word_pos,enrichir,V,enrichir,VER
dresser,VERB,B1,beacco,28.656,23.5032,1.005,3.6148,28.656,22.7019,40.901,56.9312,23.5032,0.9051,4.4863,39.7555,21.1206,31.3781,86.9662,26.2853,B1,word_pos,dresser,V,dresser,VER
effacer,VERB,B1,beacco,28.4187,12.6801,0.0,2.0673,28.4187,1.4125,12.4046,6.4938,12.6801,0.0,2.1359,31.297,2.5411,24.0018,12.833,17.162,B1,word_pos,effacer,V,effacer,VER
aborder,VERB,B1,beacco,28.3675,19.2307,0.0,5.8508,28.3675,7.7447,44.5454,6.4938,19.2307,0.0,4.4863,42.8479,11.0661,55.2176,12.833,26.176,B1,word_pos,aborder,V,aborder,VER
utilisation,NOUN,B1,beacco,28.3339,57.3829,2.0342,11.1562,28.3339,30.7884,324.0989,79.5562,57.3829,0.8075,14.9648,31.5003,14.4824,269.9597,127.4317,48.3804,B1,word_pos,utilisation,N,utilisation,NOM
trésor,NOUN,B1,beacco,28.3019,26.9188,4.5827,34.2271,28.3019,0.0,29.7295,0.0,26.9188,7.2908,44.0986,14.1072,0.0,20.024,0.0,22.2045,B1,word_pos,trésor,N,trésor,NOM
multiplier,VERB,B1,beacco,28.2782,30.4945,1.2043,14.9112,28.2782,30.431,72.3375,39.0192,30.4945,0.7319,7.8519,29.7219,41.3713,121.9436,56.7717,34.4875,B1,word_pos,multiplier,V,multiplier,VER
toile,NOUN,B1,beacco,28.2487,33.416,0.0,29.0333,28.2487,72.7834,13.8696,9.6228,33.416,0.0,24.6282,25.4683,19.0072,6.0005,0.0,19.4217,B1,word_pos,toile,N,toile,NOM
soin,NOUN,B1,beacco,28.2418,19.2489,0.0,1.6044,28.2418,23.9289,51.3298,0.0,19.2489,0.4856,4.6488,41.4696,18.4484,106.6581,38.656,33.2664,B1,word_pos,soin,N,soin,NOM
pareil,ADJ,B1,beacco,28.2329,33.0893,8.9773,78.1366,28.2329,6.6199,9.3035,0.0,33.0893,7.1463,81.131,19.3526,19.5681,18.0014,0.0,36.233,B1,word_pos,pareil,A,pareil,ADJ
indépendance,NOUN,B1,beacco,28.1568,16.1909,0.5025,1.9395,28.1568,0.0,0.0,199.6971,16.1909,0.9051,6.0143,20.795,0.0,0.0,138.6137,13.1678,B1,word_pos,indépendance,N,indépendance,NOM
consister,VERB,B1,beacco,28.0417,30.9892,0.0,2.229,28.0417,49.703,108.2303,92.392,30.9892,0.0,4.4863,37.605,41.9504,138.0671,93.687,35.7476,B1,word_pos,consister,V,consister,VER
naturellement,ADV,B1,beacco,27.9933,24.6194,8.0508,15.6466,27.9933,11.2281,31.3338,56.3681,24.6194,7.3458,20.9809,32.144,14.4942,40.0479,77.4712,30.5919,B1,word_pos,naturellement,ADV,naturellement,ADV
officier,NOUN,B1,beacco,27.9265,19.4285,0.0,7.9793,27.9265,6.0554,33.3358,0.0,19.4285,0.0,11.3259,29.0875,2.2839,20.6179,0.0,15.9895,B1,word_pos,officier,N,officier,NOM
figurer,VERB,B1,beacco,27.9059,18.3179,0.5025,4.5553,27.9059,16.9899,9.3035,28.8683,18.3179,0.9051,3.6645,44.8096,19.0072,18.0014,38.656,25.9416,B1,word_pos,figurer,V,figurer,VER
touche,NOUN,B1,beacco,27.8981,10.4061,0.0,3.2201,27.8981,8.4175,0.0,0.0,10.4061,0.0,3.8651,22.389,9.0915,0.0,0.0,10.1742,B1,word_pos,touche,N,touche,NOM
trembler,VERB,B1,beacco,27.87,12.539,0.3983,11.2817,27.87,0.0,0.0,0.0,12.539,0.8346,12.2539,52.1231,0.0,0.0,0.0,20.242,B1,word_pos,trembler,V,trembler,VER
accès,NOUN,B1,beacco,27.7995,42.8568,0.0816,11.2501,27.7995,85.8239,39.3132,136.7505,42.8568,0.171,14.0555,24.4185,48.0921,68.3291,86.9662,32.4039,B1,word_pos,accès,N,accès,NOM
réalisation,NOUN,B1,beacco,27.7372,30.5403,5.2567,6.9885,27.7372,16.7693,122.3129,12.9876,30.5403,7.2778,4.7328,21.0258,19.2437,90.8893,25.6659,26.5495,B1,word_pos,réalisation,N,réalisation,NOM
manche,NOUN,B1,beacco,27.6918,10.4295,0.3983,2.5237,27.6918,0.7062,3.2084,0.0,10.4295,0.8346,4.8826,29.7081,1.2705,6.8846,0.0,14.5662,B1,word_pos,manche,N,manche,NOM
langage,NOUN,B1,beacco,27.5157,34.1386,0.0,17.9728,27.5157,15.1386,68.4334,125.9778,34.1386,0.0,23.7115,21.7607,4.5679,62.7057,113.6757,27.3016,B1,word_pos,langage,N,langage,NOM
correct,ADJ,B1,beacco,27.4778,12.0134,0.0,5.1773,27.4778,0.0,8.2019,9.6228,12.0134,0.0,8.0423,27.4579,0.0,8.2781,19.328,13.8012,B1,word_pos,correct,A,correct,ADJ
interpréter,VERB,B1,beacco,27.4644,16.7074,0.0,9.3752,27.4644,0.7062,41.0675,9.6228,16.7074,0.0,13.1139,21.7319,1.2705,20.6179,19.328,15.4549,B1,word_pos,interpréter,V,interpréter,VER
financier,ADJ,B1,beacco,27.3786,54.4209,0.6621,21.2949,27.3786,44.3055,184.7537,204.3768,54.4209,1.2635,25.7756,22.5226,35.6876,162.9079,201.2195,43.1645,B1,word_pos,financier,A,financier,ADJ
fantôme,NOUN,B1,beacco,27.3515,28.8667,1.2633,12.1325,27.3515,11.5619,26.2593,0.0,28.8667,1.2583,9.9125,39.3887,7.8109,27.9938,0.0,29.4661,B1,word_pos,fantôme,N,fantôme,NOM
contenter,VERB,B1,beacco,27.3348,25.7371,0.2541,14.2089,27.3348,28.3781,32.9961,28.8683,25.7371,0.0,13.0925,25.5843,19.035,40.1357,19.328,21.4842,B1,word_pos,contenter,V,contenter,VER
honte,NOUN,B1,beacco,27.3258,10.9746,3.6971,3.5904,27.3258,1.1509,0.0,0.0,10.9746,7.2805,3.7447,32.7112,0.911,0.0,0.0,13.4457,B1,word_pos,honte,N,honte,NOM
misérable,ADJ,B1,beacco,27.0954,15.6459,2.0071,2.0673,27.0954,6.7999,25.7756,0.0,15.6459,2.1958,7.4756,20.1518,11.8663,20.024,0.0,18.3869,B1,word_pos,misérable,A,misérable,ADJ
réparer,VERB,B1,beacco,27.0213,20.7312,0.5025,26.3969,27.0213,9.6324,12.7628,0.0,20.7312,0.9051,22.0766,28.4184,13.7435,20.024,0.0,21.8543,B1,word_pos,réparer,V,réparer,VER
mission,NOUN,B1,beacco,26.8489,30.9686,0.7967,11.0683,26.8489,20.5026,40.4203,163.5868,30.9686,0.8346,6.2494,32.1474,18.0886,49.7006,173.9519,28.541,B1,word_pos,mission,N,mission,NOM
vitesse,NOUN,B1,beacco,26.8212,33.9102,0.0,56.9502,26.8212,29.1182,87.8175,0.0,33.9102,0.0,61.6877,39.5503,38.9595,65.9532,0.0,37.0162,B1,word_pos,vitesse,N,vitesse,NOM
parcourir,VERB,B1,beacco,26.8047,18.4434,0.0,23.2657,26.8047,11.2077,3.2084,6.4938,18.4434,0.0,33.9401,32.4148,12.8024,3.4423,12.833,23.954,B1,word_pos,parcourir,V,parcourir,VER
connaissances,NOUN,B1,crf_first_attested,26.7564,23.0726,0.0,0.0,26.7564,2.8249,128.5285,28.5334,23.0726,,,,,,,,,crf_only,connaissances,N,,
mobiliser,VERB,B1,beacco,26.7399,15.7044,0.0,1.5161,26.7399,0.0,19.4525,64.3237,15.7044,0.0,1.0275,25.3532,0.0,40.7953,77.4712,19.0401,B1,word_pos,mobiliser,V,mobiliser,VER
capitaine,NOUN,B1,beacco,26.7143,18.0765,1.5075,17.7788,26.7143,1.5139,2.0505,0.0,18.0765,0.0,16.8827,26.9243,2.2839,4.139,0.0,15.7355,B1,word_pos,capitaine,N,capitaine,NOM
noble,ADJ,B1,beacco,26.6811,15.9023,1.5934,11.6166,26.6811,8.0668,0.0,0.0,15.9023,1.6691,10.1363,18.9893,9.1403,0.0,0.0,12.5082,B1,word_pos,noble,A,noble,ADJ
fréquent,ADJ,B1,beacco,26.6708,20.9572,0.0,14.2681,26.6708,3.0277,46.9594,57.7365,20.9572,0.0,17.3703,29.4225,2.2839,40.6321,38.656,19.4004,B1,word_pos,fréquent,A,fréquent,ADJ
évidence,NOUN,B1,beacco,26.6254,18.1725,0.3158,4.4968,26.6254,7.1381,1.6042,104.0243,18.1725,0.6291,6.4637,27.5312,15.2047,6.8846,86.9662,21.5554,B1,word_pos,évidence,N,évidence,NOM
siffler,VERB,B1,beacco,26.5877,15.6877,1.5075,18.9472,26.5877,0.0,0.0,0.0,15.6877,0.9051,2.4033,14.3897,0.0,0.0,0.0,5.1235,B1,word_pos,siffler,V,siffler,VER
ferme,NOUN,B1,beacco,26.548,26.7021,8.4323,61.0007,26.548,0.0,6.4168,0.0,26.7021,0.7319,19.5496,4.9578,0.0,0.0,0.0,7.5051,B1,word_pos,ferme,N,ferme,NOM
durant,PREP,B1,beacco,26.5001,29.8525,0.4014,8.4779,26.5001,5.781,148.5937,2.0587,29.8525,0.7319,9.216,20.3834,5.2073,118.1033,4.0185,26.9793,B1,word_pos,durant,PREP,durant,PRP
enjeu,NOUN,B1,beacco,26.3351,19.2936,0.0,2.6461,26.3351,11.2845,36.5955,38.491,19.2936,0.0,4.873,19.2876,14.4824,49.0825,19.328,17.8131,B1,word_pos,enjeu,N,enjeu,NOM
fiche,NOUN,B1,beacco,26.3266,25.423,0.5197,8.6541,26.3266,89.0955,0.0,0.0,25.423,1.1123,9.457,3.7062,5.6949,0.0,0.0,7.7604,B1,word_pos,fiche,N,fiche,NOM
automobile,NOUN,B1,beacco,26.2534,19.1965,0.8137,13.4447,26.2534,8.0668,28.892,0.0,19.1965,1.6151,8.5391,14.2711,9.1403,27.9938,0.0,13.3569,B1,word_pos,automobile,N,automobile,NOM
haut,NOUN,B1,beacco,26.2522,16.4848,0.5081,7.5903,26.2522,23.61,1.6042,0.0,16.4848,1.1008,4.7328,52.2968,13.4327,3.4423,0.0,20.7234,B1,word_pos,haut,N,haut,NOM
rideau,NOUN,B1,beacco,26.2458,21.4249,1.7078,32.9052,26.2458,7.4055,0.0,0.0,21.4249,1.1764,39.1831,37.0662,11.8663,0.0,0.0,26.3721,B1,word_pos,rideau,N,rideau,NOM
sélectionner,VERB,B1,beacco,26.2332,14.1065,0.0,5.9057,26.2332,4.5416,0.0,45.4565,14.1065,0.0,6.7862,23.4044,2.2839,6.0005,12.833,12.7013,B1,word_pos,sélectionner,V,sélectionner,VER
statue,NOUN,B1,beacco,26.1166,7.3243,0.0,3.3832,26.1166,0.0,0.0,0.0,7.3243,0.0,4.7828,44.74,0.0,0.0,0.0,12.1302,B1,word_pos,statue,N,statue,NOM
pompier,NOUN,B1,beacco,26.0544,12.7838,0.8137,11.4644,26.0544,0.0,1.6042,0.0,12.7838,1.6151,10.3564,26.8063,0.0,3.4423,0.0,15.3655,B1,word_pos,pompier,N,pompier,NOM
progresser,VERB,B1,beacco,26.0404,19.0228,0.0,12.265,26.0404,3.0277,33.1658,38.491,19.0228,0.0,9.8649,23.48,2.2839,43.5754,0.0,16.7791,B1,word_pos,progresser,V,progresser,VER
couverture,NOUN,B1,beacco,26.039,21.6574,0.0,8.2783,26.039,36.5611,42.8753,19.2455,21.6574,0.0,10.1688,30.1301,36.7047,54.0583,19.328,26.412,B1,word_pos,couverture,N,couverture,NOM
soi,PRON,B1,beacco,26.0379,29.4622,0.0,6.7319,26.0379,31.9557,106.9511,32.4689,29.4622,1.1556,9.8904,49.3645,83.8395,224.8985,77.4712,58.9706,B1,word_pos,soi,PRO,soi,PRO
administration,NOUN,B1,beacco,25.9029,41.3105,2.5113,4.3468,25.9029,4.5416,159.7457,365.5734,41.3105,5.1048,4.7328,26.1829,2.2839,172.9276,192.6297,31.6448,B1,word_pos,administration,N,administration,NOM
accéder,VERB,B1,beacco,25.8834,20.3574,0.0,7.4686,25.8834,11.2845,13.3747,130.2559,20.3574,0.0,6.8285,13.5449,9.0915,19.861,173.9324,18.8718,B1,word_pos,accéder,V,accéder,VER
jugement,NOUN,B1,beacco,25.7803,12.6028,0.0,2.5842,25.7803,1.5139,15.7275,25.9752,12.6028,0.0,3.2038,28.9888,2.2839,20.6179,12.833,14.3183,B1,word_pos,jugement,N,jugement,NOM
partenaire,NOUN,B1,beacco,25.6692,30.5718,2.9974,1.6935,25.6692,0.7062,137.4208,94.2471,30.5718,1.8928,0.8313,23.2938,1.2705,170.4606,77.4712,29.9532,B1,word_pos,partenaire,N,partenaire,NOM
contraire,NOUN,B1,beacco,25.6448,21.2862,0.3158,2.0066,25.6448,1.7898,88.062,45.034,21.2862,7.387,51.4735,92.4324,100.6643,172.0176,131.5034,88.2952,B1,word_pos,contraire,N,contraire,NOM
peser,VERB,B1,beacco,25.6408,25.7602,0.0,22.4518,25.6408,10.597,64.0726,19.2455,25.7602,0.0,32.5144,29.439,6.8518,73.6669,19.328,29.1742,B1,word_pos,peser,V,peser,VER
uniquement,ADV,B1,beacco,25.6329,15.6313,0.0,1.5512,25.6329,14.7301,26.9096,25.9752,15.6313,0.0,3.1491,31.5301,18.0886,40.1357,25.6659,18.9262,B1,word_pos,uniquement,ADV,uniquement,ADV
éternel,ADJ,B1,beacco,25.628,17.4344,0.0,7.1236,25.628,0.0,34.1127,25.9752,17.4344,0.0,8.7687,27.918,0.0,18.0014,12.833,15.1418,B1,word_pos,éternel,A,éternel,ADJ
intervenir,VERB,B1,beacco,25.5422,22.579,4.6682,7.9246,25.5422,37.8677,19.8484,38.491,22.579,7.0973,12.9377,27.1029,44.4572,40.1357,19.328,27.861,B1,word_pos,intervenir,V,intervenir,VER
curiosité,NOUN,B1,beacco,25.3149,24.5352,2.01,16.9693,25.3149,25.3498,1.6042,87.2204,24.5352,0.9051,16.083,41.8341,29.0339,3.4423,86.9662,30.9638,B1,word_pos,curiosité,N,curiosité,NOM
contrôler,VERB,B1,beacco,25.2369,36.4138,15.629,4.7638,25.2369,74.9634,80.047,19.2455,36.4138,0.5987,3.4287,28.4416,83.0097,104.5381,19.328,36.0625,B1,word_pos,contrôler,V,contrôler,VER
taureau,NOUN,B1,beacco,25.1508,17.5323,0.0,23.0714,25.1508,2.1187,0.0,0.0,17.5323,0.0,11.7846,18.7768,1.2705,0.0,0.0,9.7239,B1,word_pos,taureau,N,taureau,NOM
preuve,NOUN,B1,beacco,25.1328,56.9194,2.01,29.4157,25.1328,116.1477,111.005,178.1535,56.9194,0.9051,34.652,46.1004,124.3811,160.0868,209.3923,69.4429,B1,word_pos,preuve,N,preuve,NOM
là-haut,ADV,B1,beacco,25.0468,19.6661,,,,,,,,2.1958,12.8965,25.0468,25.2703,0.0,0.0,19.6661,B1,beacco_only,,,là-haut,ADV
urgence,NOUN,B1,beacco,24.9245,26.7115,0.4068,34.0397,24.9245,4.5416,40.3921,38.491,26.7115,0.8075,31.7151,27.1787,2.2839,64.7832,38.656,31.5244,B1,word_pos,urgence,N,urgence,NOM
présence,NOUN,B1,beacco,24.687,48.7217,0.3265,25.8244,24.687,24.9281,157.2142,348.0711,48.7217,0.171,28.0582,13.4588,54.6085,162.3917,283.8586,48.1211,B1,word_pos,présence,N,présence,NOM
agiter,VERB,B1,beacco,24.6127,16.8072,0.2541,7.5782,24.6127,5.8607,12.4046,43.6102,16.8072,7.2705,0.8672,27.1713,18.0984,12.0009,12.833,18.847,B1,word_pos,agiter,V,agiter,VER
drame,NOUN,B1,beacco,24.5086,19.548,21.9168,3.8881,24.5086,33.8381,0.0,0.0,19.548,7.3713,4.7828,18.241,17.8082,0.0,0.0,12.9834,B1,word_pos,drame,N,drame,NOM
mêler,VERB,B1,beacco,24.4272,19.7497,0.7622,1.0337,24.4272,13.6222,72.9017,6.4938,19.7497,0.5504,2.1359,36.79,28.3503,50.0526,12.833,26.8504,B1,word_pos,mêler,V,mêler,VER
mien,ADJ,B1,beacco,24.3749,32.4872,0.0,41.715,24.3749,39.7202,62.6676,0.0,32.4872,0.5987,58.3199,23.589,31.4126,40.0479,0.0,34.8998,B1,unique_word,mien,A,mien,PRO
gâcher,VERB,B1,beacco,24.3602,15.5762,0.5025,3.7166,24.3602,13.6247,4.8126,0.0,15.5762,0.0,3.847,18.0164,4.5679,3.4423,0.0,9.5107,B1,word_pos,gâcher,V,gâcher,VER
sexe,NOUN,B1,beacco,24.3512,33.8971,0.0,5.7597,24.3512,33.8917,83.7311,25.9752,33.8971,0.0,5.7963,25.4116,39.0908,48.0037,38.4989,32.0467,B1,word_pos,sexe,N,sexe,NOM
ballet,NOUN,B1,beacco,24.3062,7.815,0.0,3.0023,24.3062,0.0,0.0,0.0,7.815,0.0,4.5837,14.3582,0.0,0.0,0.0,6.1077,B1,word_pos,ballet,N,ballet,NOM
charbon,NOUN,B1,beacco,24.2349,11.4655,0.0,2.0673,24.2349,0.0,20.5337,19.4814,11.4655,0.0,1.0679,23.7177,0.0,31.3781,38.4989,10.906,B1,word_pos,charbon,N,charbon,NOM
murmurer,VERB,B1,beacco,24.1916,8.0188,0.0,0.2612,24.1916,0.8949,3.2084,0.0,8.0188,0.8346,5.8194,21.3363,1.8983,3.4423,0.0,11.2193,B1,word_pos,murmurer,V,murmurer,VER
imagination,NOUN,B1,beacco,24.1531,17.8879,0.0,12.7614,24.1531,39.7725,9.8488,0.0,17.8879,0.0,12.4968,33.5982,50.4156,20.024,0.0,25.3925,B1,word_pos,imagination,N,imagination,NOM
intervention,NOUN,B1,beacco,24.1377,19.7073,0.0,3.9208,24.1377,13.6777,77.2564,0.0,19.7073,0.0,4.5709,27.106,11.6267,49.1091,0.0,18.0177,B1,word_pos,intervention,N,intervention,NOM
quelques-uns,PRON,B1,beacco,24.0938,10.9689,,,,,,,,0.0,4.6396,24.0938,1.8983,4.139,0.0,10.9689,B1,beacco_only,,,quelques-uns,PRO
emprunter,VERB,B1,beacco,24.0185,22.689,0.9991,8.0857,24.0185,29.316,45.3131,9.6228,22.689,0.9464,3.6645,23.3797,24.7132,41.2358,19.328,21.9913,B1,word_pos,emprunter,V,emprunter,VER
coupable,ADJ,B1,beacco,23.9932,16.1353,0.0,10.4725,23.9932,27.5288,2.0505,0.0,16.1353,0.0,23.2505,19.9927,91.4179,4.139,0.0,28.5848,B1,word_pos,coupable,A,coupable,ADJ
revue,NOUN,B1,beacco,23.9848,39.1839,4.4829,20.4583,23.9848,11.2971,62.2274,244.3621,39.1839,7.3631,25.9163,16.6723,8.1049,80.2315,238.1482,36.782,B1,word_pos,revue,N,revue,NOM
ferme,ADV,B1,beacco,23.9454,19.32,,,,,,,,0.9051,32.912,23.9454,0.0,40.1357,0.0,19.32,B1,beacco_only,,,ferme,ADV
cabinet,NOUN,B1,beacco,23.7585,15.8317,0.6621,8.4926,23.7585,13.2199,8.2019,9.6228,15.8317,1.2635,11.8393,24.3057,28.95,8.2781,19.328,22.7,B1,word_pos,cabinet,N,cabinet,NOM
vase,NOUN,B1,beacco,23.6983,11.079,0.4421,2.2283,23.6983,0.0,3.1012,0.0,11.079,0.9121,1.2017,15.9977,0.0,6.0005,0.0,8.5407,B1,word_pos,vase,N,vase,NOM
tas,NOUN,B1,beacco,23.6252,10.8047,0.3158,7.752,23.6252,0.6707,1.6042,0.0,10.8047,0.6291,10.0849,35.7805,1.7933,3.4423,0.0,15.5473,B1,word_pos,tas,N,tas,NOM
miroir,NOUN,B1,beacco,23.6045,30.9293,0.8841,17.6371,23.6045,10.8522,96.2748,0.0,30.9293,0.9121,13.1411,8.0409,7.0007,56.8202,0.0,18.9721,B1,word_pos,miroir,N,miroir,NOM
vote,NOUN,B1,beacco,23.5152,9.9318,0.0,0.5054,23.5152,0.0,27.7392,0.0,9.9318,0.0,1.0275,24.3931,0.0,27.9938,0.0,10.9199,B1,word_pos,vote,N,vote,NOM
indispensable,ADJ,B1,beacco,23.508,25.5786,5.9254,4.6042,23.508,25.5779,24.7923,57.7365,25.5786,7.2715,7.4889,20.2177,18.183,45.1187,38.656,27.2899,B1,word_pos,indispensable,A,indispensable,ADJ
barque,NOUN,B1,beacco,23.3889,9.5168,2.0342,0.8608,23.3889,0.5285,0.0,0.0,9.5168,1.6151,0.7441,22.5061,0.8102,0.0,0.0,9.5555,B1,word_pos,barque,N,barque,NOM
villa,NOUN,B1,beacco,23.1819,7.9095,0.0,1.792,23.1819,0.0,9.8488,0.0,7.9095,0.0,3.6645,20.7096,0.0,20.024,0.0,9.3688,B1,word_pos,villa,N,villa,NOM
tort,NOUN,B1,beacco,23.0091,30.3361,0.0,43.1665,23.0091,4.9257,71.0916,38.491,30.3361,0.0,45.3584,15.5521,19.0113,80.3223,38.656,31.917,B1,word_pos,tort,N,tort,NOM
avocat,NOUN,B1,beacco,23.0079,35.7796,3.6868,55.7151,23.0079,35.8132,1.6042,0.0,35.7796,7.3458,67.7963,17.4382,57.9683,3.4423,0.0,41.4813,B1,word_pos,avocat,N,avocat,NOM
pointe,NOUN,B1,beacco,22.834,14.1711,0.0,1.7559,22.834,0.0,64.1923,19.4814,14.1711,0.0,3.7603,31.23,0.0,51.4303,12.833,15.5117,B1,word_pos,pointe,N,pointe,NOM
occidental,ADJ,B1,beacco,22.7995,15.4599,0.0,11.5293,22.7995,1.5139,29.6447,9.6228,15.4599,0.0,13.3642,23.4442,2.2839,39.7963,19.328,17.7987,B1,word_pos,occidental,A,occidental,ADJ
recommander,VERB,B1,beacco,22.761,22.5017,0.5025,22.6959,22.761,3.0277,46.1996,48.0277,22.5017,0.0,23.757,20.9945,2.2839,66.9321,56.7717,23.9072,B1,word_pos,recommander,V,recommander,VER
vaste,ADJ,B1,beacco,22.7389,17.8004,0.0,23.337,22.7389,8.4175,24.8092,9.6228,17.8004,0.0,16.8828,17.607,9.0915,12.0009,19.328,15.7356,B1,word_pos,vaste,A,vaste,ADJ
rougir,VERB,B1,beacco,22.7388,18.7141,3.4359,25.9475,22.7388,16.2936,0.0,0.0,18.7141,2.3113,14.2217,31.9897,13.6059,0.0,0.0,16.1209,B1,word_pos,rougir,V,rougir,VER
ange,NOUN,B1,beacco,22.7255,10.9585,0.2738,9.1289,22.7255,0.0,3.2084,0.0,10.9585,0.5987,13.1249,38.3207,0.0,3.4423,0.0,16.7855,B1,word_pos,ange,N,ange,NOM
choquer,VERB,B1,beacco,22.7088,13.3321,0.0,3.543,22.7088,2.1187,30.8494,0.0,13.3321,0.0,6.2953,19.1733,1.2705,41.2358,0.0,13.4118,B1,word_pos,choquer,V,choquer,VER
honnête,ADJ,B1,beacco,22.6666,23.8629,0.0,9.2313,22.6666,83.7271,12.4046,9.6228,23.8629,0.0,7.5031,26.0131,58.2164,6.0005,19.328,21.5664,B1,word_pos,honnête,A,honnête,ADJ
fixe,ADJ,B1,beacco,22.62,12.3849,3.3104,0.3469,22.62,1.5139,15.5058,19.2455,12.3849,0.0,4.8004,14.638,8.3751,18.0014,19.328,13.8227,B1,word_pos,fixe,A,fixe,ADJ
victoire,NOUN,B1,beacco,22.5741,26.3272,0.7967,40.0904,22.5741,17.4508,41.4596,0.0,26.3272,0.8346,44.7203,24.2255,8.1049,31.3528,0.0,26.2433,B1,word_pos,victoire,N,victoire,NOM
passionné,NOUN,B1,crf_first_attested,22.5563,5.0354,0.0,0.0,22.5563,0.7062,0.0,0.0,5.0354,,,,,,,,,crf_only,passionné,N,,
fréquenter,VERB,B1,beacco,22.5092,22.1034,0.0,26.6462,22.5092,48.7302,16.8923,0.0,22.1034,1.1764,34.8702,35.0466,44.8609,27.9938,0.0,31.9335,B1,word_pos,fréquenter,V,fréquenter,VER
comparer,VERB,B1,beacco,22.4097,17.0084,1.0394,11.9259,22.4097,10.6273,12.4046,9.6228,17.0084,1.1123,19.6391,24.6884,9.1403,20.6179,19.328,20.5329,B1,word_pos,comparer,V,comparer,VER
méthode,NOUN,B1,beacco,22.3628,40.6108,0.2541,2.2283,22.3628,54.0894,252.8748,19.2455,40.6108,0.5504,1.2017,31.671,30.4094,253.2767,19.328,42.3985,B1,word_pos,méthode,N,méthode,NOM
adopter,VERB,B1,beacco,22.3129,42.6303,1.9983,20.7038,22.3129,25.4659,122.5919,209.9996,42.6303,1.8928,30.5842,31.0289,29.9042,146.4853,162.4685,49.7389,B1,word_pos,adopter,V,adopter,VER
docteur,NOUN,B1,beacco,22.205,28.0292,0.4421,0.2845,22.205,65.3856,32.9961,126.3794,28.0292,0.9121,4.6979,19.1371,77.894,20.6179,113.5434,27.7293,B1,word_pos,docteur,N,docteur,NOM
auparavant,ADV,B1,beacco,22.162,20.063,0.0,11.3425,22.162,5.2855,32.8328,48.1138,20.063,0.0,3.1313,26.2406,0.8102,12.0009,0.0,11.1847,B1,word_pos,auparavant,ADV,auparavant,ADV
berger,NOUN,B1,beacco,22.133,16.7312,7.0751,4.5767,22.133,2.4776,12.8336,0.0,16.7312,7.149,8.8843,9.3548,1.3018,13.7692,0.0,13.6485,B1,word_pos,berger,N,berger,NOM
hors,PREP,B1,beacco,22.106,19.9348,0.0,0.0,22.106,7.45,30.8753,305.5949,19.9348,0.0,21.5139,60.155,50.346,149.137,415.8411,67.2385,B1,word_pos,hors,PREP,hors,PRP
pardonner,VERB,B1,beacco,22.0845,9.1863,0.0,4.6941,22.0845,1.1509,0.0,9.6228,9.1863,0.0,4.7369,26.5789,1.822,0.0,19.328,12.0367,B1,word_pos,pardonner,V,pardonner,VER
obéir,VERB,B1,beacco,22.0259,39.1222,0.7967,72.7944,22.0259,48.3457,12.8336,19.2455,39.1222,1.6691,52.7825,23.8376,57.6627,10.3269,38.656,36.7332,B1,word_pos,obéir,V,obéir,VER
jupe,NOUN,B1,beacco,21.9847,12.6816,1.005,22.7567,21.9847,0.0,0.0,0.0,12.6816,0.9051,36.317,20.7714,0.0,0.0,0.0,14.9988,B1,word_pos,jupe,N,jupe,NOM
solitaire,ADJ,B1,beacco,21.9685,8.0308,0.0,4.2316,21.9685,0.0,6.2023,0.0,8.0308,0.0,4.2283,10.5786,0.0,6.0005,0.0,5.1899,B1,word_pos,solitaire,A,solitaire,ADJ
trajet,NOUN,B1,beacco,21.9025,13.5956,0.0,3.0283,21.9025,19.6504,25.7756,0.0,13.5956,0.0,4.1194,27.7771,14.1801,20.024,0.0,16.7861,B1,word_pos,trajet,N,trajet,NOM
soulever,VERB,B1,beacco,21.8056,35.5498,11.8758,46.0769,21.8056,0.4335,136.4297,0.0,35.5498,2.5037,54.1221,20.4099,0.3387,112.2698,0.0,33.335,B1,word_pos,soulever,V,soulever,VER
envoler,VERB,B1,beacco,21.7819,10.4867,0.0,11.7044,21.7819,10.3134,0.0,0.0,10.4867,0.0,12.7467,28.5867,8.7861,0.0,0.0,14.0615,B1,word_pos,envoler,V,envoler,VER
récupérer,VERB,B1,beacco,21.7467,25.592,0.5025,17.1595,21.7467,41.5949,12.7628,43.6102,25.592,0.9051,6.0824,39.2547,25.9567,26.3397,56.7717,27.0851,B1,word_pos,récupérer,V,récupérer,VER
vente,NOUN,B1,beacco,21.6577,28.3373,0.0,20.9339,21.6577,17.9591,86.424,19.2455,28.3373,0.0,27.448,34.0299,30.3404,87.1382,38.656,35.6892,B1,word_pos,vente,N,vente,NOM
distance,NOUN,B1,beacco,21.6165,17.5344,0.0,5.8788,21.6165,14.5038,46.1803,19.2455,17.5344,0.0,4.675,21.9659,25.431,58.4378,19.328,20.8678,B1,word_pos,distance,N,distance,NOM
pénétrer,VERB,B1,beacco,21.5604,16.5649,0.0,5.2794,21.5604,18.3649,15.6669,19.4814,16.5649,0.0,3.7244,23.8031,10.5383,31.3528,12.833,16.0094,B1,word_pos,pénétrer,V,pénétrer,VER
sou,NOUN,B1,beacco,21.4957,16.0124,0.0,20.5666,21.4957,7.3154,6.2023,0.0,16.0124,0.0,2.1359,10.4839,8.4038,6.0005,0.0,7.7687,B1,word_pos,sou,N,sou,NOM
bête,ADJ,B1,beacco,21.4536,22.6431,2.0071,48.054,21.4536,0.6707,4.8126,0.0,22.6431,1.4639,47.6268,12.4626,18.1992,3.4423,0.0,21.9749,B1,word_pos,bête,A,bête,ADJ
fortune,NOUN,B1,beacco,21.4068,11.9179,0.0,4.4643,21.4068,9.3724,12.4046,0.0,11.9179,1.2635,4.486,49.703,11.2274,6.0005,0.0,19.7231,B1,word_pos,fortune,N,fortune,NOM
inconnu,NOUN,B1,beacco,21.3857,10.2727,0.5025,14.7952,21.3857,0.0,0.0,0.0,10.2727,0.9051,17.0344,30.7556,0.0,0.0,0.0,13.9929,B1,word_pos,inconnu,N,inconnu,NOM
coq,NOUN,B1,beacco,21.371,7.5777,1.2043,2.803,21.371,0.0,0.0,0.0,7.5777,0.7319,1.2017,43.2211,0.0,0.0,0.0,12.5426,B1,word_pos,coq,N,coq,NOM
désert,NOUN,B1,beacco,21.3701,7.6716,0.0,9.6092,21.3701,0.0,0.0,0.0,7.6716,0.0,9.0066,22.6632,0.0,0.0,0.0,8.0091,B1,word_pos,désert,N,désert,NOM
domestique,NOUN,B1,beacco,21.3001,23.3173,0.7967,7.4873,21.3001,109.7622,0.0,0.0,23.3173,0.8346,10.1723,20.5637,113.9606,0.0,0.0,25.6801,B1,word_pos,domestique,N,domestique,NOM
comporter,VERB,B1,beacco,21.2716,32.4929,0.0,4.5647,21.2716,51.4785,62.338,321.2864,32.4929,0.0,1.2456,28.4739,43.8135,65.9532,213.947,30.1723,B1,word_pos,comporter,V,comporter,VER
critique,NOUN,B1,beacco,21.2601,42.6468,7.4956,24.2297,21.2601,59.2713,91.1965,125.0958,42.6468,0.7319,12.2108,15.3546,41.1045,104.0459,115.968,33.665,B1,word_pos,critique,N,critique,NOM
mesure,NOUN,B1,beacco,21.2528,28.3887,0.0,0.7405,21.2528,32.194,106.3406,146.3752,28.3887,0.9051,7.5358,48.6265,96.8561,449.5342,232.4136,86.6624,B1,word_pos,mesure,N,mesure,NOM
parvenir,VERB,B1,beacco,21.2511,42.3678,0.0,22.8276,21.2511,81.5319,101.0427,185.5717,42.3678,0.0,19.5738,26.7986,68.024,120.2103,209.3923,44.8244,B1,word_pos,parvenir,V,parvenir,VER
loger,VERB,B1,beacco,21.2345,13.1551,1.005,7.3715,21.2345,1.6517,20.4505,0.0,13.1551,1.8101,9.7264,15.2518,1.3018,31.3781,0.0,15.0209,B1,word_pos,loger,V,loger,VER
volontiers,ADV,B1,beacco,21.1349,12.2761,0.0,2.7726,21.1349,7.45,31.3338,19.2455,12.2761,0.0,3.7973,29.9951,9.0915,26.3397,38.656,18.5687,B1,word_pos,volontiers,ADV,volontiers,ADV
légèrement,ADV,B1,beacco,21.1267,24.1604,0.0,8.8874,21.1267,30.7582,49.2438,32.4689,24.1604,0.0,9.864,20.3093,23.8285,46.7967,12.833,21.7796,B1,word_pos,légèrement,ADV,légèrement,ADV
contrainte,NOUN,B1,beacco,21.0027,14.8226,0.2541,2.231,21.0027,9.0831,27.9104,0.0,14.8226,0.5504,4.479,24.0985,2.2839,18.0014,0.0,13.7524,B1,word_pos,contrainte,N,contrainte,NOM
poison,NOUN,B1,beacco,20.9337,6.8145,0.0,0.6106,20.9337,1.1509,0.0,0.0,6.8145,0.0,1.1553,28.3045,0.911,0.0,0.0,9.6906,B1,word_pos,poison,N,poison,NOM
série,NOUN,B1,beacco,20.9299,33.1207,0.0,13.8582,20.9299,67.7904,109.2145,6.176,33.1207,0.0,15.07,20.584,27.5676,90.442,0.0,25.5517,B1,word_pos,série,N,série,NOM
people,NOUN,B1,crf_first_attested,20.9039,6.415,0.0,0.0,20.9039,0.0,4.8126,9.6228,6.415,,,,,,,,,crf_only,people,N,,
plainte,NOUN,B1,beacco,20.9016,12.6753,2.6483,2.9619,20.9016,8.2709,0.0,9.6228,12.6753,0.0,1.2121,19.2036,14.1801,0.0,19.328,10.8889,B1,word_pos,plainte,N,plainte,NOM
semblable,ADJ,B1,beacco,20.5621,17.9994,0.0,0.6418,20.5621,54.1682,0.0,76.982,17.9994,0.0,4.6396,28.5766,33.6207,4.139,38.656,18.995,B1,word_pos,semblable,A,semblable,ADJ
le plus souvent,ADV,B1,crf_first_attested,20.5526,12.1958,0.0,0.0,20.5526,0.0,46.9594,67.5905,12.1958,,,,,,,,,crf_only,le plus souvent,ADV,,
dégâts,NOUN,B1,crf_first_attested,20.4287,9.4448,0.0,0.0,20.4287,0.0,35.5458,6.4938,9.4448,,,,,,,,,crf_only,dégâts,N,,
urbain,ADJ,B1,beacco,20.4224,31.1299,,,,,,,,0.9051,10.0334,20.4224,38.2104,104.5381,0.0,31.1299,B1,beacco_only,,,urbain,ADJ
policier,NOUN,B1,beacco,20.4211,78.1921,0.0,66.9138,20.4211,308.7824,128.7178,0.0,78.1921,0.0,47.2271,7.6929,350.7751,110.0354,0.0,72.1396,B1,word_pos,policier,N,policier,NOM
vision,NOUN,B1,beacco,20.4177,26.1895,0.0,1.9936,20.4177,36.6268,140.8339,9.6228,26.1895,0.0,3.9981,21.0013,31.1622,102.8605,19.328,24.6161,B1,word_pos,vision,N,vision,NOM
ceinture,NOUN,B1,beacco,20.414,13.3252,2.2771,17.3533,20.414,5.1209,0.0,0.0,13.3252,1.1764,4.0425,27.015,9.0915,0.0,19.328,12.3845,B1,word_pos,ceinture,N,ceinture,NOM
talent,NOUN,B1,beacco,20.3696,24.5875,0.0,21.2093,20.3696,10.2418,67.5168,48.1138,24.5875,0.0,24.5318,22.0986,11.6267,31.3781,19.328,22.0021,B1,word_pos,talent,N,talent,NOM
par-dessus,ADV,B1,beacco,20.2113,9.8747,,,,,,,,0.5987,4.7828,20.2113,2.2839,6.0005,0.0,9.8747,B1,beacco_only,,,par-dessus,ADV
priver,VERB,B1,beacco,20.0173,11.8033,0.5025,0.4234,20.0173,3.0277,53.5985,0.0,11.8033,1.8101,11.5926,44.5076,39.0908,153.9452,86.9662,49.1221,B1,word_pos,priver,V,priver,VER
brusquement,ADV,B1,beacco,19.9821,25.4003,0.0,43.8131,19.9821,32.089,1.6042,0.0,25.4003,0.0,22.6402,22.1586,26.0495,3.4423,0.0,21.6393,B1,word_pos,brusquement,ADV,brusquement,ADV
haine,NOUN,B1,beacco,19.9678,21.3665,0.0,0.5168,19.9678,14.8429,143.9574,0.0,21.3665,0.0,2.1359,17.4943,28.5887,96.005,0.0,21.7848,B1,word_pos,haine,N,haine,NOM
conseiller,NOUN,B1,beacco,19.9213,19.8242,0.0,15.7248,19.9213,6.3945,77.3176,0.0,19.8242,0.0,3.9448,15.4715,0.0,39.722,0.0,10.521,B1,word_pos,conseiller,N,conseiller,NOM
écart,NOUN,B1,beacco,19.8495,13.5192,0.0,1.5505,19.8495,5.1209,34.1127,9.6228,13.5192,0.0,1.0679,19.6644,9.0915,30.0023,19.328,14.3867,B1,word_pos,écart,N,écart,NOM
saint,ADJ,B1,beacco,19.7267,14.091,14.7224,3.447,19.7267,0.7062,18.6069,0.0,14.091,0.9051,3.9783,23.969,1.2705,12.0009,0.0,13.4277,B1,word_pos,saint,A,saint,ADJ
traîner,VERB,B1,beacco,19.7256,20.759,0.3983,42.0906,19.7256,2.1187,29.7295,0.0,20.759,0.8346,21.7679,17.2019,2.5411,31.3528,0.0,17.9277,B1,word_pos,traîner,V,traîner,VER
emplacement,NOUN,B1,beacco,19.6787,7.1351,0.2541,4.8966,19.6787,0.0,0.0,0.0,7.1351,0.5504,9.8314,20.5022,0.0,0.0,0.0,8.921,B1,word_pos,emplacement,N,emplacement,NOM
codes,NOUN,B1,crf_first_attested,19.6585,9.7785,0.0,0.0,19.6585,3.0277,35.623,0.0,9.7785,,,,,,,,,crf_only,codes,N,,
quinzaine,NOUN,B1,beacco,19.6264,10.7202,0.0,2.9894,19.6264,6.0554,6.4168,0.0,10.7202,0.0,4.4786,16.9474,2.2839,3.4423,0.0,8.947,B1,word_pos,quinzaine,N,quinzaine,NOM
temple,NOUN,B1,beacco,19.6219,7.7934,1.0162,0.1887,19.6219,5.8607,0.0,0.0,7.7934,1.6512,6.5784,14.6886,8.3751,0.0,0.0,8.7359,B1,word_pos,temple,N,temple,NOM
rayon,NOUN,B1,beacco,19.5822,22.8402,0.0,22.7764,19.5822,2.1187,41.0675,96.3631,22.8402,0.0,27.1482,18.9614,3.8116,41.2358,78.971,24.9425,B1,word_pos,rayon,N,rayon,NOM
empoisonner,VERB,B1,beacco,19.5196,10.0754,1.2043,2.8494,19.5196,0.0,0.0,0.0,10.0754,0.7319,0.7702,24.508,0.0,0.0,0.0,9.452,B1,word_pos,empoisonner,V,empoisonner,VER
associer,VERB,B1,beacco,19.511,25.7686,0.0,9.3552,19.511,20.7718,67.8295,104.5166,25.7686,0.0,16.1818,37.5243,14.4824,82.4715,95.2552,34.3113,B1,word_pos,associer,V,associer,VER
mémoire,NOUN,B1,beacco,19.4841,48.5206,0.4996,10.4758,19.4841,1.5139,284.4406,281.2489,48.5206,0.9464,13.0333,28.7042,2.2839,164.5094,337.6659,47.2118,B1,word_pos,mémoire,N,mémoire,NOM
deviner,VERB,B1,beacco,19.4234,21.0394,0.3158,6.7879,19.4234,90.7223,6.2023,0.0,21.0394,0.6291,9.9041,16.7404,136.7318,6.0005,0.0,27.1336,B1,word_pos,deviner,V,deviner,VER
bas,NOUN,B1,beacco,19.3709,9.1515,0.0,0.1103,19.3709,25.4268,0.0,0.0,9.1515,1.4639,12.6797,30.0708,61.0637,31.3781,19.328,29.2378,B1,word_pos,bas,N,bas,NOM
réaction,NOUN,B1,beacco,19.3207,17.0817,0.0,10.9814,19.3207,1.6517,36.6567,81.2491,17.0817,0.0,15.0994,17.2419,1.3018,40.6321,86.9662,17.4662,B1,word_pos,réaction,N,réaction,NOM
particulier,NOUN,B1,beacco,19.21,7.5368,0.0,0.6351,19.21,6.2781,0.0,0.0,7.5368,7.2471,6.8826,45.9951,32.5462,107.8881,96.64,41.1038,B1,word_pos,particulier,N,particulier,NOM
pic,NOUN,B1,beacco,19.1076,8.9251,0.0,1.8414,19.1076,1.4125,15.6669,12.9876,8.9251,0.0,3.8043,19.5798,1.2705,20.024,12.833,9.4514,B1,word_pos,pic,N,pic,NOM
certes,ADV,B1,beacco,18.9897,37.9335,0.0,4.9851,18.9897,11.6053,232.2324,240.9257,37.9335,0.0,4.1482,19.1073,9.0915,190.138,228.8816,31.8565,B1,word_pos,certes,ADV,certes,ADV
plaindre,VERB,B1,beacco,18.9602,16.0521,0.0,24.6644,18.9602,0.5755,38.4493,0.0,16.0521,1.2635,55.0707,39.0449,0.911,72.5363,0.0,36.5213,B1,word_pos,plaindre,V,plaindre,VER
décourager,VERB,B1,beacco,18.9454,12.4476,5.9882,10.8418,18.9454,4.5416,0.0,0.0,12.4476,7.6152,12.0876,17.4048,2.2839,0.0,0.0,11.5698,B1,word_pos,décourager,V,décourager,VER
veuve,NOUN,B1,crf_first_attested,18.9407,3.6617,0.0,0.0,18.9407,0.0,0.0,0.0,3.6617,,,,,,,,,crf_only,veuve,N,,
veille,NOUN,B1,beacco,18.9256,14.6492,0.7967,22.3579,18.9256,2.6828,1.6042,0.0,14.6492,0.8346,39.94,41.6966,12.5533,54.0583,0.0,36.1089,B1,word_pos,veille,N,veille,NOM
barrière,NOUN,B1,beacco,18.8586,10.3588,0.0,13.9334,18.8586,3.0277,0.0,0.0,10.3588,0.0,9.9041,8.0708,2.2839,0.0,0.0,6.1173,B1,word_pos,barrière,N,barrière,NOM
tri,NOUN,B1,beacco,18.8415,8.3003,0.0,3.239,18.8415,0.0,12.4046,0.0,8.3003,0.0,5.8259,13.6729,0.0,12.0009,0.0,8.7228,B1,word_pos,tri,N,tri,NOM
os,NOUN,B1,beacco,18.8365,14.3222,19.782,0.5168,18.8365,1.6517,0.0,153.964,14.3222,6.6046,1.0679,23.0026,1.3018,0.0,77.312,9.5377,B1,word_pos,os,N,os,NOM
revenu,NOUN,B1,beacco,18.8334,27.8376,0.2652,40.4488,18.8334,23.6389,41.0675,19.2455,27.8376,0.4856,18.4827,14.4224,39.3407,31.3781,38.656,28.8968,B1,word_pos,revenu,N,revenu,NOM
impôt,NOUN,B1,beacco,18.8263,19.5926,0.0,22.0247,18.8263,7.5693,31.2327,0.0,19.5926,0.0,24.2083,16.1827,6.8518,49.5147,0.0,21.9152,B1,word_pos,impôt,N,impôt,NOM
riche,NOUN,B1,beacco,18.8077,18.3113,0.0,15.8275,18.8077,61.0551,0.0,0.0,18.3113,0.0,22.8912,16.658,54.4225,0.0,0.0,19.5082,B1,word_pos,riche,N,riche,NOM
considérable,ADJ,B1,beacco,18.792,22.4116,0.0,4.5738,18.792,10.6747,41.6087,141.8722,22.4116,0.0,4.5743,14.0312,11.804,41.2358,87.6689,19.269,B1,word_pos,considérable,A,considérable,ADJ
puissance,NOUN,B1,beacco,18.7899,32.5895,0.0,3.1469,18.7899,35.7933,143.9574,152.5896,32.5895,0.0,4.5382,33.0166,31.8098,160.463,172.1226,40.9744,B1,word_pos,puissance,N,puissance,NOM
quelque,ADV,B1,crf_first_attested,18.7555,7.5131,0.0,0.0,18.7555,4.5416,25.3674,0.0,7.5131,,,,,,,,,crf_only,quelque,ADV,,
véritablement,ADV,B1,beacco,18.6762,12.4311,0.0,3.2366,18.6762,9.9222,31.3338,0.0,12.4311,0.0,1.2017,20.0082,8.7861,40.0479,0.0,14.0271,B1,word_pos,véritablement,ADV,véritablement,ADV
améliorer,VERB,B1,beacco,18.6635,38.7939,1.2205,43.9971,18.6635,30.7922,59.2255,103.9006,38.7939,2.4226,30.442,31.8339,31.0347,54.0583,51.3319,38.006,B1,word_pos,améliorer,V,améliorer,VER
affronter,VERB,B1,beacco,18.6466,22.3983,1.195,27.8081,18.6466,12.707,22.8111,0.0,22.3983,1.6691,14.9946,25.675,14.4995,20.024,0.0,20.3888,B1,word_pos,affronter,V,affronter,VER
savoir - faire,NOUN,B1,crf_first_attested,18.5985,9.8065,0.0,0.0,18.5985,0.0,72.5656,0.0,9.8065,,,,,,,,,crf_only,savoir - faire,N,,
inquiétant,ADJ,B1,beacco,18.5971,10.6018,0.7622,2.3166,18.5971,0.0,26.9096,22.1371,10.6018,0.5504,4.675,11.6666,0.0,40.1357,43.8345,11.6154,B1,word_pos,inquiétant,A,inquiétant,ADJ
cavalier,NOUN,B1,beacco,18.5492,13.2131,6.9807,7.7758,18.5492,0.0,9.3035,0.0,13.2131,0.8346,4.7883,18.6523,0.0,6.0005,0.0,9.0309,B1,word_pos,cavalier,N,cavalier,NOM
supplémentaire,ADJ,B1,beacco,18.5483,12.8862,0.4068,8.5842,18.5483,4.8562,13.8696,39.0192,12.8862,0.8075,10.0334,17.0944,8.3751,27.9938,56.7717,18.4294,B1,word_pos,supplémentaire,A,supplémentaire,ADJ
cracher,VERB,B1,beacco,18.4934,11.5271,0.0,18.0882,18.4934,3.0277,0.0,0.0,11.5271,0.0,17.4174,20.2782,2.2839,0.0,0.0,11.7304,B1,word_pos,cracher,V,cracher,VER
avertir,VERB,B1,beacco,18.4853,5.6299,0.0,0.1425,18.4853,0.0,6.2023,0.0,5.6299,0.0,4.1382,26.9723,0.0,6.0005,0.0,9.1419,B1,word_pos,avertir,V,avertir,VER
remarque,NOUN,B1,beacco,18.4823,18.1935,3.7284,24.237,18.4823,21.1252,0.0,0.0,18.1935,7.18,32.2232,38.3524,23.2683,4.139,0.0,30.0126,B1,word_pos,remarque,N,remarque,NOM
accuser,VERB,B1,beacco,18.4781,26.3902,0.9475,7.2677,18.4781,130.3616,10.2669,0.0,26.3902,1.8874,4.7328,24.7156,153.5827,20.6179,0.0,33.07,B1,word_pos,accuser,V,accuser,VER
policier,ADJ,B1,beacco,18.4428,45.4956,0.6317,28.0424,18.4428,141.1204,73.3135,0.0,45.4956,0.6291,16.4238,23.1092,73.4267,49.1091,0.0,32.9915,B1,word_pos,policier,A,policier,ADJ
taper,VERB,B1,beacco,18.4013,12.4385,0.0,10.9137,18.4013,6.0554,0.0,0.0,12.4385,0.0,3.8815,23.8742,2.2839,0.0,0.0,9.6094,B1,word_pos,taper,V,taper,VER
inconvénient,NOUN,B1,beacco,18.3862,7.7356,0.0816,2.429,18.3862,0.0,6.2023,0.0,7.7356,0.171,4.852,9.2182,0.0,12.0009,0.0,6.2283,B1,word_pos,inconvénient,N,inconvénient,NOM
douceur,NOUN,B1,beacco,18.3808,16.1834,0.0,18.514,18.3808,0.0,53.1294,0.0,16.1834,0.0,17.2838,29.9494,0.0,50.0526,0.0,19.1248,B1,word_pos,douceur,N,douceur,NOM
profondément,ADV,B1,beacco,18.3639,28.8207,1.5934,22.1495,18.3639,54.5461,33.8984,12.9876,28.8207,0.8346,28.9417,16.8464,37.1193,31.3528,12.833,26.7195,B1,word_pos,profondément,ADV,profondément,ADV
témoigner,VERB,B1,beacco,18.334,33.8385,0.0,14.9421,18.334,93.268,41.4618,38.491,33.8385,0.0,9.0946,25.7352,48.2103,43.5754,57.984,30.3642,B1,word_pos,témoigner,V,témoigner,VER
miracle,NOUN,B1,beacco,18.3055,10.9066,0.2738,14.0365,18.3055,0.0,0.0,9.6228,10.9066,7.2839,4.6417,16.6189,0.0,20.6179,19.328,12.2138,B1,word_pos,miracle,N,miracle,NOM
motivation,NOUN,B1,beacco,18.2799,14.8464,0.0,24.8869,18.2799,14.0699,2.0505,22.1371,14.8464,0.0,34.7956,15.0903,14.1801,4.139,43.8345,19.2524,B1,word_pos,motivation,N,motivation,NOM
transporter,VERB,B1,beacco,18.1983,23.1953,17.7401,29.75,18.1983,4.7432,32.7469,0.0,23.1953,7.6152,41.7798,20.6889,8.1049,51.9203,0.0,27.9638,B1,word_pos,transporter,V,transporter,VER
avance,NOUN,B1,beacco,18.1858,26.7057,0.0,42.3182,18.1858,21.7415,80.6301,0.0,26.7057,5.0618,64.7336,44.8923,30.8575,60.4644,0.0,42.3608,B1,word_pos,avance,N,avance,NOM
recette,NOUN,B1,beacco,18.185,19.0947,1.1453,19.3159,18.185,9.0831,29.5463,0.0,19.0947,2.3113,8.9587,17.7926,4.5679,51.9203,0.0,17.9285,B1,word_pos,recette,N,recette,NOM
surface,NOUN,B1,beacco,18.1842,24.2649,0.0,1.916,18.1842,33.0863,123.4223,9.6228,24.2649,0.0,3.9045,18.5593,25.2191,212.2144,19.328,32.488,B1,word_pos,surface,N,surface,NOM
absence,NOUN,B1,beacco,18.1509,41.4738,6.8589,18.7497,18.1509,94.9175,64.0726,92.7691,41.4738,7.4133,16.0247,29.6427,66.9849,94.8864,138.6137,45.6871,B1,word_pos,absence,N,absence,NOM
routier,ADJ,B1,beacco,18.0842,9.5297,0.0,4.9043,18.0842,0.0,21.7081,0.0,9.5297,0.0,10.0818,11.9273,0.0,18.0014,0.0,9.5687,B1,word_pos,routier,A,routier,ADJ
vache,NOUN,B1,beacco,18.0337,8.9645,0.5197,2.4006,18.0337,1.5139,13.8696,0.0,8.9645,1.1123,4.7328,28.2118,2.2839,27.9938,0.0,15.7207,B1,word_pos,vache,N,vache,NOM
apparence,NOUN,B1,beacco,17.9795,18.0008,0.0,11.0866,17.9795,25.6994,8.021,28.8683,18.0008,0.0,14.8156,23.5221,25.2078,3.4423,38.656,19.6533,B1,word_pos,apparence,N,apparence,NOM
procurer,VERB,B1,beacco,17.8248,9.8809,0.0,1.604,17.8248,2.4776,1.6042,48.1138,9.8809,0.0,3.2656,26.238,1.3018,3.4423,57.984,13.0826,B1,word_pos,procurer,V,procurer,VER
éclair,NOUN,B1,beacco,17.7186,14.3607,0.0,19.3183,17.7186,2.0121,15.5058,0.0,14.3607,0.0,18.4847,18.6258,5.38,6.0005,0.0,14.3285,B1,word_pos,éclair,N,éclair,NOM
franchir,VERB,B1,beacco,17.7031,11.5333,0.0,2.5237,17.7031,21.4415,13.8696,0.0,11.5333,0.0,4.8826,15.2091,10.5383,27.9938,0.0,12.5186,B1,word_pos,franchir,V,franchir,VER
habit,NOUN,B1,beacco,17.6713,7.1684,0.0,0.0,17.6713,16.4979,0.0,0.0,7.1684,1.1764,12.7345,45.9835,3.9054,0.0,0.0,19.9201,B1,word_pos,habit,N,habit,NOM
condamner,VERB,B1,beacco,17.6272,48.8257,1.5934,15.9793,17.6272,70.398,120.7819,130.8307,48.8257,1.6691,48.8248,15.118,134.6892,124.9658,56.7717,61.7749,B1,word_pos,condamner,V,condamner,VER
plat,ADJ,B1,beacco,17.5231,14.8808,1.3242,12.7922,17.5231,6.0554,0.0,28.8683,14.8808,1.2635,31.6585,14.5634,2.2839,0.0,19.328,16.7563,B1,word_pos,plat,A,plat,ADJ
précédent,ADJ,B1,beacco,17.5132,21.7551,3.5187,5.4022,17.5132,0.2167,97.9099,25.9752,21.7551,7.132,4.5743,21.4016,0.3387,86.0088,25.6659,21.4443,B1,word_pos,précédent,A,précédent,ADJ
examiner,VERB,B1,beacco,17.4837,26.9353,0.0,10.9027,17.4837,142.4124,15.7275,4.1173,26.9353,0.0,3.6303,29.2761,95.0133,20.6179,8.037,25.8934,B1,word_pos,examiner,V,examiner,VER
influence,NOUN,B1,beacco,17.3577,23.3471,1.9983,8.3037,17.3577,22.0507,29.1381,86.6048,23.3471,1.8928,6.2707,15.0433,18.2638,29.205,135.296,24.6685,B1,word_pos,influence,N,influence,NOM
paysan,NOUN,B1,beacco,17.3524,39.5046,16.8599,60.1045,17.3524,0.5755,34.6336,0.0,39.5046,7.3193,40.1492,26.3455,0.911,59.5829,0.0,36.2424,B1,word_pos,paysan,N,paysan,NOM
col,NOUN,B1,beacco,17.3126,11.0721,0.8215,7.7159,17.3126,0.0,15.7275,0.0,11.0721,1.1973,4.7285,33.6901,0.0,20.6179,0.0,14.2285,B1,word_pos,col,N,col,NOM
magique,ADJ,B1,beacco,17.2738,34.2804,0.4068,120.2993,17.2738,0.0,36.5308,0.0,34.2804,0.8075,125.5319,22.6889,0.0,20.024,0.0,32.9673,B1,word_pos,magique,A,magique,ADJ
payant,ADJ,B1,beacco,17.2715,6.9128,0.0,4.4409,17.2715,0.0,3.1012,0.0,6.9128,0.0,6.0989,13.3162,0.0,6.0005,0.0,6.8264,B1,word_pos,payant,A,payant,ADJ
incident,NOUN,B1,beacco,17.239,9.5297,0.0,2.2462,17.239,1.6517,0.0,19.4814,9.5297,0.0,1.2456,16.5376,1.3018,0.0,12.833,7.3463,B1,word_pos,incident,N,incident,NOM
afficher,VERB,B1,beacco,17.2205,14.9736,0.0,10.3608,17.2205,5.1209,64.0313,0.0,14.9736,0.0,4.486,20.0064,9.0915,91.5429,0.0,18.4383,B1,word_pos,afficher,V,afficher,VER
ménagère,NOUN,B1,crf_first_attested,17.1244,3.364,0.0,0.0,17.1244,0.0,0.0,0.0,3.364,,,,,,,,,crf_only,ménagère,N,,
autorisation,NOUN,B1,beacco,17.0729,9.9929,1.0394,6.5584,17.0729,0.0,6.2023,2.0587,9.9929,2.2246,9.8901,15.3998,0.0,6.0005,4.0185,11.1991,B1,word_pos,autorisation,N,autorisation,NOM
chemise,NOUN,B1,beacco,17.0557,31.5878,2.6523,79.527,17.0557,38.2706,0.0,0.0,31.5878,1.8243,80.7999,22.5028,41.9038,0.0,0.0,35.0117,B1,word_pos,chemise,N,chemise,NOM
illusion,NOUN,B1,beacco,17.0259,19.7216,0.0,3.401,17.0259,0.0,78.6376,98.7603,19.7216,0.0,4.6488,12.3474,0.0,66.9321,178.4203,17.8269,B1,word_pos,illusion,N,illusion,NOM
sous le nom de,PREP,B1,crf_first_attested,17.0167,3.3159,0.0,0.0,17.0167,0.0,0.0,0.0,3.3159,,,,,,,,,crf_only,sous le nom de,PREP,,
limite,NOUN,B1,beacco,16.9334,22.1585,0.0,14.8559,16.9334,42.7482,29.1381,47.2681,22.1585,0.0,19.4847,19.5221,47.8677,29.205,174.5002,28.6233,B1,word_pos,limite,N,limite,NOM
gai,ADJ,B1,beacco,16.9091,8.1994,0.0,8.6541,16.9091,1.3414,0.0,0.0,8.1994,0.4856,20.4642,44.3832,19.0591,0.0,0.0,24.2344,B1,word_pos,gai,A,gai,ADJ
guider,VERB,B1,beacco,16.8802,13.5595,0.0,15.003,16.8802,1.1509,12.4046,28.5334,13.5595,0.0,21.3449,30.4248,0.911,12.0009,56.7717,19.2927,B1,word_pos,guider,V,guider,VER
salutations,NOUN,B1,crf_first_attested,16.846,3.2222,0.0,0.0,16.846,0.0,0.0,0.0,3.2222,,,,,,,,,crf_only,salutations,N,,
court,ADV,B1,beacco,16.8313,7.4684,,,,,,,,0.7319,4.4296,16.8313,0.0,0.0,0.0,7.4684,B1,beacco_only,,,court,ADV
à condition de,PREP,B1,crf_first_attested,16.7972,4.3954,0.0,0.0,16.7972,1.1509,0.0,0.0,4.3954,,,,,,,,,crf_only,à condition de,PREP,,
folie,NOUN,B1,beacco,16.7954,11.2135,9.5004,3.4071,16.7954,1.7898,0.0,9.6228,11.2135,7.3616,4.6396,9.6154,3.7966,0.0,19.328,9.9232,B1,word_pos,folie,N,folie,NOM
constamment,ADV,B1,beacco,16.7804,12.8613,0.0,2.202,16.7804,11.8506,29.4201,22.1371,12.8613,0.0,4.4863,19.8892,17.8055,19.861,43.8345,16.3168,B1,word_pos,constamment,ADV,constamment,ADV
nouveauté,NOUN,B1,beacco,16.6979,8.6939,0.0,5.5021,16.6979,0.5285,9.3035,0.0,8.6939,0.0,6.8416,25.7258,0.8102,6.0005,0.0,11.5069,B1,word_pos,nouveauté,N,nouveauté,NOM
contribuer,VERB,B1,beacco,16.687,44.7342,0.0,9.5131,16.687,68.0853,183.1754,283.4715,44.7342,0.0,6.0545,26.6558,44.6269,175.0335,250.5305,39.9965,B1,word_pos,contribuer,V,contribuer,VER
méchant,NOUN,B1,beacco,16.613,7.5382,0.0,6.4397,16.613,0.7062,0.0,0.0,7.5382,0.0,9.3852,0.2331,1.2705,0.0,0.0,3.0079,B1,word_pos,méchant,N,méchant,NOM
refermer,VERB,B1,beacco,16.5848,33.1566,0.0,53.395,16.5848,89.049,1.6042,0.0,33.1566,0.0,34.7864,14.7248,56.151,3.4423,0.0,24.2527,B1,word_pos,refermer,V,refermer,VER
initier,VERB,B1,beacco,16.5288,21.8153,0.7967,16.4449,16.5288,22.8251,62.8471,0.0,21.8153,0.8346,8.705,25.0795,13.0662,51.4303,0.0,20.5764,B1,word_pos,initier,V,initier,VER
bagage,NOUN,B1,beacco,16.4626,6.4958,0.0,4.8758,16.4626,1.5139,0.0,0.0,6.4958,0.0,9.8649,14.7267,2.2839,0.0,0.0,8.1528,B1,word_pos,bagage,N,bagage,NOM
sérieusement,ADV,B1,beacco,16.4093,12.4896,0.0,23.5811,16.4093,0.8259,0.0,12.9876,12.4896,0.0,19.9946,11.6952,1.3018,0.0,12.833,11.5228,B1,word_pos,sérieusement,ADV,sérieusement,ADV
lequel,DET,B1,crf_first_attested,16.297,8.9795,0.0,0.0,16.297,9.0831,12.4046,0.0,8.9795,,,,,,,,,crf_only,lequel,DET,,
personnel,NOUN,B1,beacco,16.2883,24.0299,9.1434,11.5722,16.2883,8.3855,106.9511,0.0,24.0299,0.0,14.7169,14.8345,1.7933,39.7963,0.0,14.7166,B1,word_pos,personnel,N,personnel,NOM
joindre,VERB,B1,beacco,16.2707,9.4393,0.0,5.9546,16.2707,5.6486,3.1012,9.6228,9.4393,0.0,6.8285,22.0915,17.8055,6.0005,19.328,15.1823,B1,word_pos,joindre,V,joindre,VER
repos,NOUN,B1,beacco,16.2562,17.1661,0.5025,23.5053,16.2562,0.7062,3.2084,58.4441,17.1661,0.4856,16.0481,20.0258,1.2705,3.4423,25.6659,15.709,B1,word_pos,repos,N,repos,NOM
artistique,ADJ,B1,beacco,16.2197,44.3065,1.1385,23.3341,16.2197,103.4277,46.1803,41.1734,44.3065,2.3528,30.4897,18.5062,78.4599,50.0526,24.1109,43.1685,B1,word_pos,artistique,A,artistique,ADJ
déchet,NOUN,B1,beacco,16.2185,15.8314,,,,,,,,0.0,23.0212,16.2185,0.0,18.0014,0.0,15.8314,B1,beacco_only,,,déchet,NOM
cohabitation,NOUN,B1,beacco,16.1865,8.012,0.0,5.3705,16.1865,4.7828,3.1012,0.0,8.012,0.0,3.1548,9.6671,8.4014,6.0005,0.0,6.282,B1,word_pos,cohabitation,N,cohabitation,NOM
ennui,NOUN,B1,beacco,16.1442,17.041,0.0,2.723,16.1442,20.3965,68.4334,0.0,17.041,0.0,5.6833,23.868,24.3846,67.0087,0.0,20.2277,B1,word_pos,ennui,N,ennui,NOM
mensuel,ADJ,B1,beacco,16.1209,10.6457,0.0,13.5165,16.1209,8.4175,0.0,9.6228,10.6457,0.0,8.5207,12.9636,14.4824,0.0,19.328,10.274,B1,word_pos,mensuel,A,mensuel,ADJ
dramatique,ADJ,B1,beacco,16.1184,16.8654,0.9991,7.0746,16.1184,1.5139,83.4515,0.0,16.8654,1.8928,1.2017,19.1626,2.2839,94.8864,0.0,18.4823,B1,word_pos,dramatique,A,dramatique,ADJ
renvoyer,VERB,B1,beacco,16.1156,26.1572,1.0953,13.3895,16.1156,37.2626,56.5881,67.5905,26.1572,0.5987,14.3872,20.9692,36.1283,65.168,134.1811,31.6908,B1,word_pos,renvoyer,V,renvoyer,VER
mordre,VERB,B1,beacco,16.0056,7.8407,0.0,3.8068,16.0056,0.0,18.4508,0.0,7.8407,0.0,4.7094,28.5771,0.0,19.861,0.0,11.3089,B1,word_pos,mordre,V,mordre,VER
central,ADJ,B1,beacco,15.9773,28.9767,0.2738,2.1953,15.9773,49.9348,102.6597,107.4203,28.9767,0.5987,4.4246,9.3144,37.5577,92.388,52.5084,24.0006,B1,word_pos,central,A,central,ADJ
militaire,ADJ,B1,beacco,15.955,8.2129,0.0,2.2919,15.955,3.0277,6.2023,6.4938,8.2129,0.0,4.5837,24.3668,14.0086,12.0009,12.833,16.0007,B1,word_pos,militaire,A,militaire,ADJ
muet,ADJ,B1,beacco,15.9512,12.7162,0.3983,6.7749,15.9512,9.0831,14.569,0.0,12.7162,0.8346,10.0362,17.7034,8.1049,19.861,0.0,14.9627,B1,word_pos,muet,A,muet,ADJ
équiper,VERB,B1,beacco,15.9331,19.2124,3.88,16.8291,15.9331,3.0277,75.9873,9.6228,19.2124,7.5967,15.8545,15.3336,4.5679,92.2241,19.328,23.1079,B1,word_pos,équiper,V,équiper,VER
satisfaction,NOUN,B1,beacco,15.9122,12.2435,0.0,7.0705,15.9122,1.4125,30.3551,0.0,12.2435,0.0,4.5709,15.0357,2.5411,26.3397,0.0,11.2028,B1,word_pos,satisfaction,N,satisfaction,NOM
vague,NOUN,B1,beacco,15.9014,8.1544,0.0,6.2822,15.9014,1.1509,12.4046,0.0,8.1544,0.0,1.8025,7.8476,0.911,6.0005,0.0,5.683,B1,word_pos,vague,N,vague,NOM
automobile,ADJ,B1,beacco,15.8432,14.2382,0.5025,4.2783,15.8432,9.0467,24.3636,19.4814,14.2382,0.9051,3.4287,12.7532,1.3018,41.2358,12.833,14.2988,B1,word_pos,automobile,A,automobile,ADJ
vocation,NOUN,B1,beacco,15.7494,13.7384,0.0,0.7318,15.7494,20.5026,36.875,19.2455,13.7384,0.0,0.9327,19.2143,23.175,51.4303,38.656,17.3809,B1,word_pos,vocation,N,vocation,NOM
envers,PREP,B1,beacco,15.5338,15.9461,0.6621,3.8288,15.5338,10.283,32.8328,28.8683,15.9461,1.2635,4.2582,18.9264,12.6911,31.3781,38.656,18.4455,B1,word_pos,envers,PREP,envers,PRP
refuge,NOUN,B1,beacco,15.4972,5.664,0.7622,0.3469,15.4972,0.0,0.0,0.0,5.664,0.5504,0.7079,20.2158,0.0,0.0,0.0,5.7384,B1,word_pos,refuge,N,refuge,NOM
positif,ADJ,B1,beacco,15.3588,21.3394,1.4987,16.8805,15.3588,13.8842,4.101,142.6669,21.3394,0.9464,15.393,17.1222,19.035,8.2781,113.6757,23.002,B1,word_pos,positif,A,positif,ADJ
hache,NOUN,B1,beacco,15.3138,5.5214,0.0,1.8966,15.3138,0.0,0.0,0.0,5.5214,0.0,3.6252,11.8846,0.0,0.0,0.0,4.5416,B1,word_pos,hache,N,hache,NOM
gouvernemental,ADJ,B1,beacco,15.3101,7.0961,0.0,1.6171,15.3101,0.0,0.0,32.4689,7.0961,0.0,3.3389,12.1061,0.0,0.0,38.4989,6.8598,B1,word_pos,gouvernemental,A,gouvernemental,ADJ
végétal,ADJ,B1,beacco,15.2961,14.6613,0.0,5.8508,15.2961,4.5416,42.4715,28.8683,14.6613,0.0,6.8416,17.28,2.2839,103.707,19.328,19.7548,B1,word_pos,végétal,A,végétal,ADJ
exploser,VERB,B1,beacco,15.294,14.897,0.0,28.2221,15.294,1.4125,12.4046,0.0,14.897,0.0,28.5849,19.4002,2.5411,6.0005,0.0,16.52,B1,word_pos,exploser,V,exploser,VER
patience,NOUN,B1,beacco,15.2335,18.5606,9.9394,18.5056,15.2335,20.8504,4.101,0.0,18.5606,7.2546,8.9707,10.8154,28.8519,4.139,0.0,15.2747,B1,word_pos,patience,N,patience,NOM
cybernétique,ADJ,B1,crf_first_attested,15.1909,3.3536,0.0,0.0,15.1909,1.5139,0.0,0.0,3.3536,,,,,,,,,crf_only,cybernétique,A,,
circuler,VERB,B1,beacco,15.1757,29.0104,0.5025,25.2258,15.1757,47.0038,66.1263,19.2455,29.0104,0.9051,30.9258,20.9479,31.3147,76.6769,19.328,30.5711,B1,word_pos,circuler,V,circuler,VER
serviteur,NOUN,B1,beacco,15.0004,15.8494,3.1867,20.6054,15.0004,1.6517,0.0,19.4814,15.8494,2.5037,11.926,16.93,1.3018,0.0,12.833,13.1411,B1,word_pos,serviteur,N,serviteur,NOM
caractéristique,NOUN,B1,beacco,14.9582,13.463,0.0,2.9856,14.9582,1.0571,51.3298,19.4814,13.463,0.0,3.9045,20.2014,0.8102,40.1357,56.7717,14.5257,B1,word_pos,caractéristique,N,caractéristique,NOM
tarder,VERB,B1,beacco,14.9385,9.0111,0.5025,2.803,14.9385,0.0,13.8696,28.5334,9.0111,0.9051,1.2017,14.2411,0.0,20.6179,56.7717,10.0336,B1,word_pos,tarder,V,tarder,VER
fée,NOUN,B1,beacco,14.8841,22.2905,0.7967,64.6273,14.8841,0.0,6.4168,0.0,22.2905,0.8346,67.0963,9.1048,0.0,6.8846,0.0,20.1981,B1,word_pos,fée,N,fée,NOM
déchirer,VERB,B1,beacco,14.8479,15.3244,0.0,15.7107,14.8479,34.4751,1.6042,0.0,15.3244,0.0,20.889,20.102,42.5568,3.4423,0.0,19.9364,B1,word_pos,déchirer,V,déchirer,VER
intention,NOUN,B1,beacco,14.6556,20.7999,0.0,26.9806,14.6556,10.1252,59.5216,19.2455,20.7999,0.0,30.8457,13.7741,17.8055,49.5147,38.656,23.0021,B1,word_pos,intention,N,intention,NOM
anglo - saxon,ADJ,B1,crf_first_attested,14.6412,12.0694,0.0,0.0,14.6412,5.1209,56.2659,0.0,12.0694,,,,,,,,,crf_only,anglo - saxon,A,,
orage,NOUN,B1,beacco,14.5948,19.4455,3.9725,47.5827,14.5948,0.0,3.1012,0.0,19.4455,2.5271,28.6697,19.2631,0.0,6.0005,0.0,15.8901,B1,word_pos,orage,N,orage,NOM
tragique,ADJ,B1,beacco,14.5254,5.3819,0.0,0.3469,14.5254,1.5139,6.2023,0.0,5.3819,0.0,0.7079,23.0029,2.2839,12.0009,0.0,9.6073,B1,word_pos,tragique,A,tragique,ADJ
tambour,NOUN,B1,beacco,14.5183,7.6338,3.6363,2.0816,14.5183,0.0,0.0,0.0,7.6338,7.149,2.1236,20.0582,0.0,0.0,0.0,9.6254,B1,word_pos,tambour,N,tambour,NOM
convivialité,NOUN,B1,beacco,14.3653,14.4887,0.4014,7.4822,14.3653,18.2452,22.8111,0.0,14.4887,0.7319,6.5784,10.2267,18.0886,20.024,0.0,12.635,B1,word_pos,convivialité,N,convivialité,NOM
ainsi que,CONJ,B1,crf_first_attested,14.3288,12.5943,0.0,0.0,14.3288,33.072,39.3501,0.0,12.5943,,,,,,,,,crf_only,ainsi que,CONJS,,
étonnant,ADJ,B1,beacco,14.3241,18.9315,0.2934,8.8737,14.3241,29.6572,20.7298,28.8683,18.9315,0.5547,7.5813,19.1614,30.986,20.024,38.656,21.6295,B1,word_pos,étonnant,A,étonnant,ADJ
commissaire,NOUN,B1,beacco,14.2959,96.5163,1.2633,63.5968,14.2959,364.2826,73.0907,0.0,96.5163,1.8874,48.1929,12.9377,447.5542,50.2393,0.0,117.8715,B1,word_pos,commissaire,N,commissaire,NOM
agriculteur,NOUN,B1,beacco,14.2844,4.7673,0.0,0.3469,14.2844,0.5755,4.101,0.0,4.7673,0.0,0.7079,22.544,0.911,0.0,0.0,7.8239,B1,word_pos,agriculteur,N,agriculteur,NOM
catholique,ADJ,B1,beacco,14.2743,10.7262,1.2205,3.2088,14.2743,1.1509,13.3747,0.0,10.7262,0.8075,2.4911,16.7035,8.4038,27.403,0.0,14.6388,B1,word_pos,catholique,A,catholique,ADJ
industrie,NOUN,B1,beacco,14.2742,38.3485,1.2043,28.7959,14.2742,14.3592,127.135,25.9752,38.3485,2.1958,15.7947,19.313,8.2319,101.408,25.6659,28.5942,B1,word_pos,industrie,N,industrie,NOM
brancher,VERB,B1,beacco,14.2582,10.7471,0.5025,9.8145,14.2582,2.8249,1.6042,0.0,10.7471,0.9051,12.4835,6.6448,1.2705,40.1357,0.0,11.2444,B1,word_pos,brancher,V,brancher,VER
inaugurer,VERB,B1,beacco,14.227,7.8523,0.5197,1.1107,14.227,0.6707,0.0,28.8683,7.8523,1.1123,1.8181,14.9315,1.7933,0.0,38.656,10.5165,B1,word_pos,inaugurer,V,inaugurer,VER
impressionnant,ADJ,B1,beacco,14.2028,9.4167,0.0,2.202,14.2028,8.3335,19.6975,0.0,9.4167,0.0,4.4863,10.4723,14.5526,20.024,0.0,11.0422,B1,word_pos,impressionnant,A,impressionnant,ADJ
songe,NOUN,B1,beacco,14.1967,3.8065,0.0,0.0,14.1967,0.0,6.2023,0.0,3.8065,0.0,0.7079,4.768,0.0,6.0005,0.0,3.0583,B1,word_pos,songe,N,songe,NOM
agent,NOUN,B1,beacco,14.1791,32.4279,0.0,15.5951,14.1791,124.4202,55.8167,6.4938,32.4279,0.0,31.8261,13.3777,164.4634,66.9321,12.833,45.6344,B1,word_pos,agent,N,agent,NOM
valise,NOUN,B1,beacco,14.1499,11.6325,1.6274,9.9852,14.1499,1.1509,0.0,0.0,11.6325,0.8075,12.502,6.8049,0.911,0.0,0.0,7.9885,B1,word_pos,valise,N,valise,NOM
toutefois,ADV,B1,beacco,14.1194,27.1816,0.0,4.2875,14.1194,10.597,195.4069,25.9752,27.1816,0.0,6.8476,14.7321,6.8518,144.5357,25.6659,24.2447,B1,word_pos,toutefois,ADV,toutefois,ADV
habituel,ADJ,B1,beacco,14.1194,19.9759,1.3242,33.4501,14.1194,4.342,24.8092,0.0,19.9759,1.2635,17.6059,12.2874,6.1497,12.0009,0.0,13.6004,B1,word_pos,habituel,A,habituel,ADJ
sentier,NOUN,B1,beacco,14.1122,15.5727,0.0,24.1011,14.1122,19.0031,6.2023,0.0,15.5727,0.0,27.0465,22.3051,18.0984,6.0005,0.0,18.3626,B1,word_pos,sentier,N,sentier,NOM
trentaine,NOUN,B1,beacco,14.0263,22.2306,0.4996,5.0179,14.0263,20.0819,78.8946,57.7365,22.2306,0.9464,10.1035,18.757,24.6051,40.1357,38.656,22.4011,B1,word_pos,trentaine,N,trentaine,NOM
marchand,ADJ,B1,beacco,14.0228,11.1919,1.005,2.0816,14.0228,15.2188,3.1012,0.0,11.1919,0.9051,2.8315,7.6875,9.8252,6.0005,19.328,10.4542,B1,word_pos,marchand,A,marchand,ADJ
explorer,VERB,B1,beacco,13.9972,13.7629,0.0,3.7112,13.9972,8.4175,52.5187,6.4938,13.7629,0.0,6.3029,8.6224,9.0915,52.5392,12.833,14.8997,B1,word_pos,explorer,V,explorer,VER
cachette,NOUN,B1,beacco,13.9878,10.6444,0.0,3.5623,13.9878,24.0038,0.0,0.0,10.6444,0.0,1.7343,17.4518,6.4469,0.0,0.0,9.4069,B1,word_pos,cachette,N,cachette,NOM
mensonge,NOUN,B1,beacco,13.9614,11.8386,0.0,12.0615,13.9614,0.0,0.0,79.9558,11.8386,0.0,9.8153,14.4907,0.0,0.0,101.8986,11.708,B1,word_pos,mensonge,N,mensonge,NOM
bâton,NOUN,B1,beacco,13.9015,9.6028,0.0,15.1721,13.9015,0.0,9.3035,0.0,9.6028,0.0,18.651,16.8533,0.0,6.0005,0.0,10.7964,B1,word_pos,bâton,N,bâton,NOM
en outre,ADV,B1,crf_first_attested,13.8795,10.7589,0.0,0.0,13.8795,10.597,30.8753,6.4938,10.7589,,,,,,,,,crf_only,en outre,ADV,,
pénible,ADJ,B1,beacco,13.8693,7.4664,0.5197,2.3325,13.8693,0.0,15.6669,6.4938,7.4664,1.1123,3.9412,19.976,0.0,20.024,12.833,12.0417,B1,word_pos,pénible,A,pénible,ADJ
profil,NOUN,B1,beacco,13.8377,14.6303,0.0,5.1663,13.8377,10.2418,34.6336,28.5334,14.6303,0.0,6.8122,16.7046,9.0915,36.8208,56.7717,16.4097,B1,word_pos,profil,N,profil,NOM
évanouir,VERB,B1,beacco,13.7763,9.095,0.4068,10.9577,13.7763,1.6517,0.0,0.0,9.095,0.8075,4.4208,17.1624,2.6036,0.0,0.0,9.8627,B1,word_pos,évanouir,V,évanouir,VER
deux mille,DET,B1,crf_first_attested,13.7334,3.449,0.0,0.0,13.7334,0.6707,0.0,0.0,3.449,,,,,,,,,crf_only,deux mille,DET,,
identifier,VERB,B1,beacco,13.6856,23.3766,0.4996,3.2884,13.6856,11.7215,110.0147,45.034,23.3766,0.9464,3.7964,17.8023,8.3751,84.0628,131.2856,23.8194,B1,word_pos,identifier,V,identifier,VER
probablement,ADV,B1,beacco,13.6817,24.934,0.6621,4.0773,13.6817,64.5395,61.9079,56.9312,24.934,1.2635,4.9777,22.2706,47.52,65.9532,86.9662,29.2614,B1,word_pos,probablement,ADV,probablement,ADV
négociation,NOUN,B1,beacco,13.6433,6.1774,0.0,2.2283,13.6433,0.0,0.0,25.9752,6.1774,0.0,1.2017,16.0054,0.0,0.0,25.6659,7.8042,B1,word_pos,négociation,N,négociation,NOM
insolite,ADJ,B1,beacco,13.6181,14.9336,0.2541,8.8693,13.6181,29.0817,0.0,0.0,14.9336,0.5504,4.4863,9.0155,23.8737,0.0,0.0,11.2562,B1,word_pos,insolite,A,insolite,ADJ
dollar,NOUN,B1,beacco,13.4989,12.5495,0.0,0.8468,13.4989,22.7078,25.5361,0.0,12.5495,0.0,0.8313,22.0993,20.5555,40.1357,0.0,17.6096,B1,word_pos,dollar,N,dollar,NOM
venger,VERB,B1,beacco,13.4979,9.9294,0.4014,9.0367,13.4979,0.6707,4.8126,0.0,9.9294,0.7319,9.7143,26.1121,1.7933,3.4423,0.0,15.2579,B1,word_pos,venger,V,venger,VER
abbaye,NOUN,B1,beacco,13.4662,6.7876,0.0,12.6819,13.4662,0.0,0.0,0.0,6.7876,0.0,7.633,14.5595,0.0,3.4423,0.0,6.4078,B1,word_pos,abbaye,N,abbaye,NOM
jungle,NOUN,B1,beacco,13.4569,4.4947,0.0,3.5247,13.4569,0.0,0.0,0.0,4.4947,0.0,4.2029,12.3583,0.0,0.0,0.0,4.7482,B1,word_pos,jungle,N,jungle,NOM
éveiller,VERB,B1,beacco,13.4234,9.3738,0.0,7.1544,13.4234,1.6517,0.0,8.2347,9.3738,0.0,7.7116,13.724,1.3018,4.139,8.037,11.5615,B1,word_pos,éveiller,V,éveiller,VER
lance,NOUN,B1,beacco,13.363,22.1048,1.9917,59.2005,13.363,0.0,38.4493,0.0,22.1048,4.1728,40.0205,7.8424,0.0,40.1357,0.0,18.9617,B1,word_pos,lance,N,lance,NOM
ni,ADV,B1,crf_first_attested,13.3095,7.352,0.0,0.0,13.3095,4.7707,28.0139,0.0,7.352,,,,,,,,,crf_only,ni,ADV,,
intelligence,NOUN,B1,beacco,13.2698,26.5006,0.0,17.1536,13.2698,50.8368,37.6721,96.2275,26.5006,0.0,10.2572,14.541,70.3819,51.4303,173.9519,30.7656,B1,word_pos,intelligence,N,intelligence,NOM
habituer,VERB,B1,beacco,13.2216,11.1097,1.2043,19.2548,13.2216,0.0,3.1012,6.4938,11.1097,0.7319,19.9067,15.5799,0.0,12.0009,12.833,14.6129,B1,word_pos,habituer,V,habituer,VER
brigadier,NOUN,B1,beacco,13.2118,5.7764,0.0,2.7754,13.2118,0.0,0.0,0.0,5.7764,0.0,4.9551,15.6945,0.0,0.0,0.0,5.6922,B1,word_pos,brigadier,N,brigadier,NOM
seigneur,NOUN,B1,beacco,13.2018,22.9904,9.6363,63.6242,13.2018,0.5755,0.0,0.0,22.9904,5.8419,50.8298,12.0033,0.911,0.0,0.0,20.086,B1,word_pos,seigneur,N,seigneur,NOM
coût,NOUN,B1,beacco,13.1932,32.5455,0.0,21.8516,13.1932,34.9162,153.9904,25.9752,32.5455,0.0,17.5708,17.583,42.2312,149.137,25.6659,35.0028,B1,word_pos,coût,N,coût,NOM
punition,NOUN,B1,beacco,13.1605,3.8925,0.0,0.5168,13.1605,0.8949,0.0,0.0,3.8925,0.0,1.0679,14.0052,1.8983,0.0,0.0,5.6135,B1,word_pos,punition,N,punition,NOM
satisfaire,VERB,B1,beacco,13.1604,22.724,0.0,34.5752,13.1604,32.5393,12.4046,39.0192,22.724,0.0,29.6746,28.4356,11.6267,12.0009,56.7717,24.01,B1,word_pos,satisfaire,V,satisfaire,VER
plafond,NOUN,B1,beacco,13.1554,17.8295,12.9184,14.1859,13.1554,12.3078,6.2023,19.2455,17.8295,2.2015,24.945,15.7607,15.7322,6.0005,38.656,20.3682,B1,word_pos,plafond,N,plafond,NOM
à force de,PREP,B1,crf_first_attested,13.0948,6.4349,0.0,0.0,13.0948,0.0,31.4551,9.6228,6.4349,,,,,,,,,crf_only,à force de,PREP,,
réaliste,ADJ,B1,beacco,13.0877,17.6167,1.2043,9.2304,13.0877,2.4776,59.4043,0.0,17.6167,0.7319,4.5743,11.746,1.3018,38.8097,0.0,12.4649,B1,word_pos,réaliste,A,réaliste,ADJ
envelopper,VERB,B1,beacco,13.0822,4.7364,0.5197,0.5168,13.0822,0.0,1.6042,0.0,4.7364,1.1123,3.373,15.9378,0.0,3.4423,0.0,8.5479,B1,word_pos,envelopper,V,envelopper,VER
préfecture,NOUN,B1,beacco,13.0234,7.5039,2.4411,3.4071,13.0234,1.6517,0.0,0.0,7.5039,0.8075,4.6396,6.7316,1.3018,0.0,0.0,5.4985,B1,word_pos,préfecture,N,préfecture,NOM
diplôme,NOUN,B1,beacco,12.992,27.9981,0.4068,30.5582,12.992,14.6761,18.4544,176.0169,27.9981,0.8075,20.435,8.7496,18.9886,37.2512,211.3504,31.3638,B1,word_pos,diplôme,N,diplôme,NOM
publication,NOUN,B1,beacco,12.9672,14.975,0.0,0.3469,12.9672,6.0554,66.6715,96.3631,14.975,0.0,0.7079,14.6164,4.5679,94.8864,157.942,20.088,B1,word_pos,publication,N,publication,NOM
camp,NOUN,B1,beacco,12.9013,8.5803,0.0,4.5073,12.9013,0.0,29.1381,0.0,8.5803,0.0,8.4754,12.6087,0.0,29.205,0.0,9.1114,B1,word_pos,camp,N,camp,NOM
couronne,NOUN,B1,beacco,12.8769,8.8704,0.3158,14.6381,12.8769,0.0,0.0,0.0,8.8704,0.6291,9.3399,3.7062,0.0,0.0,0.0,4.6504,B1,word_pos,couronne,N,couronne,NOM
autrement,ADV,B1,beacco,12.8642,16.0496,0.3158,3.4071,12.8642,29.8073,52.3355,0.0,16.0496,0.6291,4.6396,21.06,25.431,162.7924,12.833,29.2425,B1,word_pos,autrement,ADV,autrement,ADV
cigarette,NOUN,B1,beacco,12.8335,34.9092,0.4068,16.6541,12.8335,123.9654,48.4082,0.0,34.9092,0.8075,13.0763,7.4448,117.9171,46.7967,0.0,34.1633,B1,word_pos,cigarette,N,cigarette,NOM
hauteur,NOUN,B1,beacco,12.7934,13.1108,0.0,2.7032,12.7934,11.3051,61.1564,0.0,13.1108,0.0,3.6356,31.0153,33.1711,86.6209,0.0,25.7158,B1,word_pos,hauteur,N,hauteur,NOM
précisément,ADV,B1,beacco,12.7917,14.8492,0.0,2.4981,12.7917,9.3096,53.5211,47.8486,14.8492,0.0,3.6333,16.4844,8.2047,56.8202,43.8345,15.8133,B1,word_pos,précisément,ADV,précisément,ADV
porteur,ADJ,B1,crf_first_attested,12.6098,7.6004,0.0,0.0,12.6098,9.0831,6.2023,19.2455,7.6004,,,,,,,,,crf_only,porteur,A,,
manuel,ADJ,B1,beacco,12.5849,8.261,3.3104,4.243,12.5849,0.0,0.0,0.0,8.261,0.0,3.6333,0.5857,0.0,4.139,0.0,1.8459,B1,word_pos,manuel,A,manuel,ADJ
interactif,ADJ,B1,beacco,12.5713,8.6709,2.4411,6.7153,12.5713,0.0,3.1012,0.0,8.6709,1.6151,6.613,5.1358,0.0,6.0005,0.0,5.9563,B1,word_pos,interactif,A,interactif,ADJ
extérieur,NOUN,B1,beacco,12.5687,24.5385,1.3242,12.4287,12.5687,46.073,75.9873,0.0,24.5385,7.0947,8.9787,13.7975,29.1682,78.6751,0.0,23.6793,B1,word_pos,extérieur,N,extérieur,NOM
sauf à,PREP,B1,crf_first_attested,12.5591,4.6217,0.0,0.0,12.5591,1.5139,0.0,39.0461,4.6217,,,,,,,,,crf_only,sauf à,PREP,,
variété,NOUN,B1,beacco,12.5541,9.1849,0.0,2.2869,12.5541,0.0,38.2901,6.4938,9.1849,0.0,4.5743,19.5229,0.0,27.9938,12.833,10.4711,B1,word_pos,variété,N,variété,NOM
adolescent,ADJ,B1,beacco,12.5339,14.0293,7.7753,2.7895,12.5339,3.0277,39.3501,6.4938,14.0293,1.1556,3.7272,3.7375,2.2839,4.139,0.0,5.1909,B1,word_pos,adolescent,A,adolescent,ADJ
dispute,NOUN,B1,beacco,12.5329,15.4379,0.0,17.4138,12.5329,27.4239,2.0505,0.0,15.4379,0.0,4.8004,14.9906,12.2697,4.139,0.0,9.7501,B1,word_pos,dispute,N,dispute,NOM
solo,NOUN,B1,beacco,12.5244,4.2609,0.0,0.0,12.5244,0.0,6.4168,0.0,4.2609,0.0,1.2121,7.0158,1.2705,20.024,0.0,8.165,B1,word_pos,solo,N,solo,NOM
capacités,NOUN,B1,crf_first_attested,12.5063,17.5819,0.0,0.0,12.5063,39.4801,61.7969,72.7833,17.5819,,,,,,,,,crf_only,capacités,N,,
ours,NOUN,B1,beacco,12.4247,9.6337,0.0,7.0134,12.4247,12.1109,0.0,0.0,9.6337,0.0,11.1792,21.0182,15.9876,0.0,0.0,16.8837,B1,word_pos,ours,N,ours,NOM
défenseur,NOUN,B1,beacco,12.4052,7.2156,0.0,1.0337,12.4052,7.5693,6.2023,0.0,7.2156,0.0,2.1359,5.3792,6.8518,12.0009,0.0,7.1697,B1,word_pos,défenseur,N,défenseur,NOM
boomer,NOUN,B1,crf_first_attested,12.3994,2.1804,0.0,0.0,12.3994,0.0,0.0,0.0,2.1804,,,,,,,,,crf_only,boomer,N,,
confort,NOUN,B1,beacco,12.363,8.2085,0.2652,6.9711,12.363,1.7264,10.2669,0.0,8.2085,0.4856,9.151,14.8033,0.911,20.6179,0.0,10.6994,B1,word_pos,confort,N,confort,NOM
arranger,VERB,B1,beacco,12.2988,8.6792,0.3158,1.0337,12.2988,16.8806,3.2084,0.0,8.6792,0.6291,2.1359,20.4821,25.0526,3.4423,0.0,14.1667,B1,word_pos,arranger,V,arranger,VER
fatigue,NOUN,B1,beacco,12.2327,13.2117,1.1737,9.1954,12.2327,16.1082,14.569,9.6228,13.2117,0.5547,7.6602,20.2355,18.1826,19.861,19.328,16.7653,B1,word_pos,fatigue,N,fatigue,NOM
armer,VERB,B1,beacco,12.2297,12.6355,13.4326,0.5168,12.2297,8.485,33.7847,0.0,12.6355,4.1728,4.9127,12.2309,8.4038,20.6179,4.0185,11.3165,B1,word_pos,armer,V,armer,VER
lion,NOUN,B1,beacco,12.2053,27.8175,2.39,109.4044,12.2053,0.8949,0.0,0.0,27.8175,4.1728,44.7544,4.9507,1.8983,0.0,0.0,15.4952,B1,word_pos,lion,N,lion,NOM
tranche,NOUN,B1,beacco,12.162,9.073,1.1385,5.3705,12.162,0.0,24.6958,0.0,9.073,1.1764,6.0583,14.358,0.0,19.861,0.0,9.3253,B1,word_pos,tranche,N,tranche,NOM
dimension,NOUN,B1,beacco,12.0953,9.6131,4.7609,0.3469,12.0953,1.5139,41.4596,0.0,9.6131,4.96,0.7079,18.3004,2.2839,20.024,0.0,8.9397,B1,word_pos,dimension,N,dimension,NOM
quête,NOUN,B1,beacco,12.076,9.696,1.5934,0.6456,12.076,0.7062,41.7735,0.0,9.696,1.6691,4.0696,12.895,1.2705,51.4303,0.0,12.0983,B1,word_pos,quête,N,quête,NOM
fort,ADV,B1,beacco,12.0562,21.636,1.0953,7.7473,12.0562,20.1704,24.3636,136.2093,21.636,7.3052,14.1582,51.2367,25.1025,130.3775,43.8345,44.6974,B1,word_pos,fort,ADV,fort,ADV
obscurité,NOUN,B1,beacco,12.0477,9.1323,0.0,6.5332,12.0477,4.1293,3.1012,0.0,9.1323,0.0,5.9866,13.8276,2.6036,6.0005,0.0,9.6011,B1,word_pos,obscurité,N,obscurité,NOM
rentrée,NOUN,B1,beacco,12.0441,12.2468,6.072,18.5933,12.0441,8.4175,0.0,0.0,12.2468,7.3458,24.2386,8.7428,9.0915,0.0,0.0,13.6085,B1,word_pos,rentrée,N,rentrée,NOM
modeste,ADJ,B1,beacco,12.0321,23.3381,1.1385,23.2129,12.0321,34.9162,45.0494,0.0,23.3381,1.1764,31.2323,12.3154,14.4824,55.9876,0.0,23.0311,B1,word_pos,modeste,A,modeste,ADJ
en l' occurrence,ADV,B1,crf_first_attested,12.029,4.2514,0.0,0.0,12.029,3.0277,0.0,9.6228,4.2514,,,,,,,,,crf_only,en l' occurrence,ADV,,
ancêtre,NOUN,B1,beacco,11.9902,5.8319,1.2043,3.2245,11.9902,0.0,3.1012,0.0,5.8319,0.7319,3.8021,12.2943,0.0,6.0005,0.0,6.7848,B1,word_pos,ancêtre,N,ancêtre,NOM
escalade,NOUN,B1,beacco,11.9843,5.5288,0.0,3.2088,11.9843,0.0,0.0,0.0,5.5288,0.0,2.4911,6.3397,0.0,0.0,0.0,3.1245,B1,word_pos,escalade,N,escalade,NOM
tigre,NOUN,B1,beacco,11.97,6.9764,1.3242,0.4234,11.97,0.0,19.6975,0.0,6.9764,1.2635,0.8313,7.6113,0.0,20.024,0.0,5.8539,B1,word_pos,tigre,N,tigre,NOM
vocal,ADJ,B1,beacco,11.9622,6.2594,0.0,6.6772,11.9622,0.0,0.0,6.4938,6.2594,0.0,4.4786,8.3359,0.0,0.0,12.833,4.9663,B1,word_pos,vocal,A,vocal,ADJ
fichier,NOUN,B1,beacco,11.9417,16.5605,0.0,13.9206,11.9417,10.2418,41.1914,0.0,16.5605,0.0,15.1721,3.6369,18.183,45.1187,0.0,14.5762,B1,word_pos,fichier,N,fichier,NOM
clef,NOUN,B1,beacco,11.8344,8.4296,0.0,2.4919,11.8344,6.6068,9.3035,0.0,8.4296,0.0,7.7893,11.7934,6.5091,6.0005,0.0,11.4962,B1,word_pos,clef,N,clef,NOM
extraits,NOUN,B1,crf_first_attested,11.8207,3.7419,0.0,0.0,11.8207,1.1509,2.0505,0.0,3.7419,,,,,,,,,crf_only,extraits,N,,
au-dessous,ADV,B1,beacco,11.7991,8.8848,,,,,,,,0.0,7.6602,11.7991,2.6036,3.4423,0.0,8.8848,B1,beacco_only,,,au-dessous,ADV
assassin,NOUN,B1,beacco,11.7451,119.0269,0.0,25.2162,11.7451,1127.5034,0.0,0.0,119.0269,0.0,6.9732,14.2951,863.9964,0.0,0.0,90.7489,B1,word_pos,assassin,N,assassin,NOM
répertoire,NOUN,B1,beacco,11.7436,4.2654,0.0,2.803,11.7436,0.0,0.0,0.0,4.2654,0.0,1.2017,10.1211,0.0,0.0,0.0,3.7322,B1,word_pos,répertoire,N,répertoire,NOM
provenir,VERB,B1,beacco,11.7381,20.4731,0.0,11.9894,11.7381,32.4757,76.3593,22.517,20.4731,0.0,8.8494,12.2889,27.0935,123.6812,44.6051,24.2708,B1,word_pos,provenir,V,provenir,VER
bouton,NOUN,B1,beacco,11.7316,30.7627,13.2607,46.9474,11.7316,24.7591,25.7756,0.0,30.7627,7.2839,31.8348,9.7029,50.2018,26.3397,0.0,31.4631,B1,word_pos,bouton,N,bouton,NOM
révolutionnaire,ADJ,B1,beacco,11.6403,9.8501,0.0,5.8718,11.6403,0.0,32.5926,0.0,9.8501,0.0,6.5775,15.1815,0.0,46.7967,0.0,11.8489,B1,word_pos,révolutionnaire,A,révolutionnaire,ADJ
matinée,NOUN,B1,beacco,11.6348,18.7616,5.2999,21.8632,11.6348,26.9975,13.3747,0.0,18.7616,7.18,23.4592,11.8892,17.7501,27.403,0.0,20.6284,B1,word_pos,matinée,N,matinée,NOM
élection,NOUN,B1,beacco,11.6105,15.7294,0.0,11.0764,11.6105,19.1834,3.2084,56.3681,15.7294,0.0,18.9629,17.4376,2.2839,3.4423,77.4712,16.6221,B1,word_pos,élection,N,élection,NOM
ainsi qu',CONJ,B1,crf_first_attested,11.6096,18.8745,0.0,0.0,11.6096,19.0031,125.3912,48.1138,18.8745,,,,,,,,,crf_only,ainsi qu',CONJC,,
enthousiasme,NOUN,B1,beacco,11.486,21.7278,0.0,44.1734,11.486,32.5262,1.6042,28.8683,21.7278,0.0,36.5255,11.908,17.8082,3.4423,38.656,20.3175,B1,word_pos,enthousiasme,N,enthousiasme,NOM
fièvre,NOUN,B1,beacco,11.4465,22.9908,0.5304,35.6009,11.4465,6.7447,43.4161,0.0,22.9908,0.4856,31.3903,13.6673,9.013,48.0037,0.0,23.663,B1,word_pos,fièvre,N,fièvre,NOM
tenue,NOUN,B1,beacco,11.3878,9.6857,0.6621,4.2256,11.3878,9.9222,1.6042,9.6228,9.6857,1.2635,3.839,5.9147,8.7861,3.4423,19.328,10.1303,B1,word_pos,tenue,N,tenue,NOM
pollution,NOUN,B1,beacco,11.3324,24.5448,3.6435,15.4312,11.3324,10.2096,47.1826,71.4317,24.5448,7.3616,18.406,12.1938,9.0915,52.5392,64.1649,22.9658,B1,word_pos,pollution,N,pollution,NOM
croix,NOUN,B1,beacco,11.3139,13.3146,0.2652,24.9984,11.3139,13.8842,0.0,0.0,13.3146,0.4856,26.6478,8.1215,19.035,0.0,0.0,14.2052,B1,word_pos,croix,N,croix,NOM
murmure,NOUN,B1,beacco,11.2748,10.3508,10.3206,5.0913,11.2748,1.6517,3.2084,0.0,10.3508,1.1123,4.1986,13.8117,1.3018,6.8846,0.0,10.7028,B1,word_pos,murmure,N,murmure,NOM
user,VERB,B1,beacco,11.2713,18.6044,0.0,25.999,11.2713,41.4586,0.0,28.8683,18.6044,0.0,31.2149,14.9361,21.3109,6.0005,57.984,21.623,B1,word_pos,user,V,user,VER
technique,ADJ,B1,beacco,11.2145,32.4242,4.3415,18.9608,11.2145,30.4109,148.9171,0.0,32.4242,1.1008,14.973,36.9212,58.1639,162.3783,0.0,43.7268,B1,word_pos,technique,A,technique,ADJ
maîtrise,NOUN,B1,beacco,11.2121,13.9693,0.0,12.7043,11.2121,0.7062,73.6361,6.4938,13.9693,0.0,8.9538,15.3998,1.2705,92.2241,12.833,17.2158,B1,word_pos,maîtrise,N,maîtrise,NOM
chef - d' oeuvre,NOUN,B1,crf_first_attested,11.1845,2.836,0.0,0.0,11.1845,1.5139,0.0,0.0,2.836,,,,,,,,,crf_only,chef - d' oeuvre,N,,
job,NOUN,B1,beacco,11.1663,5.2844,0.0,2.2742,11.1663,1.4125,0.0,0.0,5.2844,0.0,1.0275,15.8393,2.5411,0.0,0.0,7.1591,B1,word_pos,job,N,job,NOM
fil,NOUN,B1,beacco,11.1358,43.1192,0.8215,33.2895,11.1358,54.1838,174.997,79.5353,43.1192,0.5987,41.4479,26.7577,89.1505,122.9978,112.15,51.3477,B1,word_pos,fil,N,fil,NOM
grand,NOUN,B1,crf_first_attested,11.1306,3.4573,0.0,0.0,11.1306,2.4776,0.0,0.0,3.4573,,,,,,,,,crf_only,grand,N,,
de manière à,PREP,B1,crf_first_attested,11.1303,2.5435,0.0,0.0,11.1303,0.0,0.0,0.0,2.5435,,,,,,,,,crf_only,de manière à,PREP,,
séance,NOUN,B1,beacco,11.1204,18.4681,2.8464,21.1833,11.1204,24.7289,18.4508,0.0,18.4681,1.1764,27.501,7.6994,17.8082,29.205,0.0,18.1501,B1,word_pos,séance,N,séance,NOM
supplier,VERB,B1,beacco,11.0753,8.0938,0.3983,0.3469,11.0753,16.5763,3.2084,0.0,8.0938,0.8346,0.7079,14.7427,17.981,3.4423,0.0,10.277,B1,word_pos,supplier,V,supplier,VER
aboyer,VERB,B1,beacco,11.034,7.8354,3.6283,7.0134,11.034,0.0,0.0,0.0,7.8354,7.2462,2.0851,11.117,0.0,0.0,0.0,7.8857,B1,word_pos,aboyer,V,aboyer,VER
bond,NOUN,B1,beacco,11.0255,10.2723,4.9206,7.585,11.0255,0.0,8.2019,0.0,10.2723,0.5504,8.8123,13.2366,0.0,8.2781,0.0,9.8237,B1,word_pos,bond,N,bond,NOM
redevenir,VERB,B1,beacco,11.0095,15.9692,0.3158,51.2399,11.0095,2.4776,0.0,0.0,15.9692,0.6291,46.7579,15.3773,1.3018,0.0,0.0,17.0452,B1,word_pos,redevenir,V,redevenir,VER
obligation,NOUN,B1,beacco,10.9967,13.965,0.0,3.0033,10.9967,12.1109,49.0335,0.0,13.965,0.0,6.0017,8.4995,6.8518,54.8059,0.0,14.1859,B1,word_pos,obligation,N,obligation,NOM
princesse,NOUN,B1,beacco,10.9675,26.9008,3.5212,84.6396,10.9675,0.0,3.1012,0.0,26.9008,2.7733,152.4014,12.2327,0.0,20.024,0.0,43.005,B1,word_pos,princesse,N,princesse,NOM
entourage,NOUN,B1,beacco,10.9661,21.692,0.0,4.0901,10.9661,28.2313,44.3541,81.2491,21.692,0.0,4.5697,15.1876,11.6267,47.8426,86.9662,19.2535,B1,word_pos,entourage,N,entourage,NOM
rocher,NOUN,B1,beacco,10.9472,13.3926,13.7481,15.6301,10.9472,0.0,0.0,0.0,13.3926,1.1008,12.3714,3.1522,0.0,0.0,0.0,7.2872,B1,word_pos,rocher,N,rocher,NOM
réagir,VERB,B1,beacco,10.9438,19.4201,0.6621,46.0175,10.9438,3.0277,16.4039,0.0,19.4201,1.2635,67.3613,15.106,2.2839,16.5561,0.0,26.0556,B1,word_pos,réagir,V,réagir,VER
récompenser,VERB,B1,beacco,10.9103,11.0569,0.0,9.6403,10.9103,1.4125,0.0,68.1256,11.0569,0.0,13.0161,7.1272,2.5411,0.0,56.7717,10.447,B1,word_pos,récompenser,V,récompenser,VER
efficace,ADJ,B1,beacco,10.9013,24.0741,0.0,8.8397,10.9013,33.8534,87.036,43.6102,24.0741,0.0,9.1255,12.3117,18.183,119.0184,56.7717,25.804,B1,word_pos,efficace,A,efficace,ADJ
marchand,NOUN,B1,beacco,10.8648,14.8355,0.5197,17.5426,10.8648,20.5512,6.2023,9.6228,14.8355,1.1123,19.3638,19.2214,38.1537,6.0005,0.0,24.9332,B1,word_pos,marchand,N,marchand,NOM
bien au contraire,ADV,B1,crf_first_attested,10.8621,2.715,0.0,0.0,10.8621,0.0,0.0,9.6228,2.715,,,,,,,,,crf_only,bien au contraire,ADV,,
critère,NOUN,B1,beacco,10.8031,24.6507,0.1633,2.229,10.8031,32.7595,173.4977,28.5334,24.6507,0.171,4.4863,13.3162,31.2403,180.884,56.7717,29.0376,B1,word_pos,critère,N,critère,NOM
négatif,ADJ,B1,beacco,10.7733,21.1882,0.0,17.5371,10.7733,0.0,107.8451,48.1138,21.1882,0.0,18.2832,7.557,0.0,69.9024,38.656,16.3877,B1,word_pos,négatif,A,négatif,ADJ
réputation,NOUN,B1,beacco,10.7641,12.521,0.6621,8.3494,10.7641,26.4702,12.4046,0.0,12.521,1.2635,8.9864,11.2361,23.1828,18.0014,0.0,15.8511,B1,word_pos,réputation,N,réputation,NOM
tonne,NOUN,B1,beacco,10.7483,12.8109,0.0,5.9546,10.7483,3.0277,77.4108,0.0,12.8109,0.0,9.9115,15.5707,2.2839,91.5429,0.0,16.6447,B1,word_pos,tonne,N,tonne,NOM
à moins de,PREP,B1,crf_first_attested,10.7335,5.7828,0.0,0.0,10.7335,20.9348,0.0,0.0,5.7828,,,,,,,,,crf_only,à moins de,PREP,,
circulation,NOUN,B1,beacco,10.7277,21.3667,0.4068,17.9086,10.7277,33.879,27.7392,28.5334,21.3667,0.8075,19.9591,10.3925,11.8554,31.3781,56.7717,20.3995,B1,word_pos,circulation,N,circulation,NOM
gaz,NOUN,B1,beacco,10.6961,24.1494,1.005,11.4955,10.6961,0.5285,116.4294,102.7228,24.1494,0.9051,14.1515,12.1243,0.8102,186.8885,158.8032,34.1894,B1,word_pos,gaz,N,gaz,NOM
embouteillage,NOUN,B1,beacco,10.6764,6.6324,0.4068,1.9936,10.6764,0.0,12.4046,0.0,6.6324,0.8075,3.9981,8.753,0.0,12.0009,0.0,7.6915,B1,word_pos,embouteillage,N,embouteillage,NOM
trouble,NOUN,B1,beacco,10.675,17.9027,0.0,6.766,10.675,7.4055,55.5153,85.6001,17.9027,0.0,3.6137,12.4295,6.4342,51.9203,56.7717,14.8121,B1,word_pos,trouble,N,trouble,NOM
glacer,VERB,B1,beacco,10.635,4.0781,0.0,2.5842,10.635,0.0,0.0,0.0,4.0781,0.0,1.0679,29.0131,0.0,0.0,0.0,7.4109,B1,word_pos,glacer,V,glacer,VER
exact,ADJ,B1,beacco,10.626,7.763,0.0,7.7922,10.626,11.2281,0.0,0.0,7.763,0.0,8.8464,8.6821,14.4942,0.0,0.0,8.5057,B1,word_pos,exact,A,exact,ADJ
rompre,VERB,B1,beacco,10.6114,19.0228,0.0,6.4162,10.6114,5.6499,64.5904,48.1138,19.0228,0.0,4.2499,9.5242,2.5411,113.9785,38.656,18.105,B1,word_pos,rompre,V,rompre,VER
épouse,NOUN,B1,beacco,10.6072,10.5664,1.5934,9.4947,10.6072,0.0,29.7022,0.0,10.5664,0.8346,8.8262,15.1877,0.8102,33.4475,0.0,13.7506,B1,word_pos,épouse,N,épouse,NOM
excès,NOUN,B1,beacco,10.5586,10.4769,0.0,3.2366,10.5586,0.0,14.569,96.9035,10.4769,0.0,1.2017,26.1201,0.0,29.205,95.2552,15.6775,B1,word_pos,excès,N,excès,NOM
spatial,ADJ,B1,beacco,10.4859,4.347,0.0,1.1753,10.4859,0.0,2.0505,19.2455,4.347,0.0,1.3053,10.4927,0.0,4.139,19.328,3.5552,B1,word_pos,spatial,A,spatial,ADJ
projection,NOUN,B1,beacco,10.4819,5.0278,0.0,0.4879,10.4819,0.0,3.1012,12.9876,5.0278,0.0,0.9327,7.6896,0.0,6.0005,12.833,5.0362,B1,word_pos,projection,N,projection,NOM
longuement,ADV,B1,beacco,10.4245,13.4606,0.0,15.441,10.4245,15.3107,18.6069,0.0,13.4606,0.0,14.5748,15.084,24.4793,12.0009,0.0,16.2205,B1,word_pos,longuement,ADV,longuement,ADV
pas moins,ADV,B1,crf_first_attested,10.4121,1.7731,0.0,0.0,10.4121,0.0,0.0,0.0,1.7731,,,,,,,,,crf_only,pas moins,ADV,,
combattre,VERB,B1,beacco,10.3982,24.8095,1.5934,33.3085,10.3982,10.2096,49.6184,28.8683,24.8095,2.5037,36.0135,14.3391,9.0915,30.0023,19.328,21.2367,B1,word_pos,combattre,V,combattre,VER
clairement,ADV,B1,beacco,10.3956,10.0963,0.5727,11.1363,10.3956,0.2167,15.5058,0.0,10.0963,1.1556,4.5746,10.2131,0.3387,6.0005,0.0,7.3509,B1,word_pos,clairement,ADV,clairement,ADV
maîtriser,VERB,B1,beacco,10.3894,22.3082,1.9862,3.4812,10.3894,5.3694,143.2399,9.6228,22.3082,1.2635,6.0824,19.0961,1.8983,131.9064,19.328,22.321,B1,word_pos,maîtriser,V,maîtriser,VER
mets,NOUN,B1,beacco,10.3746,15.241,5.9019,20.0843,10.3746,12.575,6.2023,0.0,15.241,1.1764,1.4157,3.9254,0.0,6.0005,0.0,3.8511,B1,word_pos,mets,N,mets,NOM
of,X,B1,crf_first_attested,10.3738,6.3656,0.0,0.0,10.3738,3.0277,13.8696,2.0587,6.3656,,,,,,,,,crf_only,of,X,,
régime,NOUN,B1,beacco,10.3067,19.388,1.2205,9.2083,10.3067,1.5139,25.5361,189.3849,19.388,0.8075,7.4889,9.0376,2.2839,40.1357,113.6757,16.0705,B1,word_pos,régime,N,régime,NOM
mythe,NOUN,B1,beacco,10.2919,5.5999,0.0,0.3469,10.2919,0.0,6.2023,25.9752,5.5999,0.0,0.7079,9.6793,0.0,6.0005,12.833,5.25,B1,word_pos,mythe,N,mythe,NOM
désespoir,NOUN,B1,beacco,10.2568,5.0653,0.0,3.8257,10.2568,1.6517,0.0,0.0,5.0653,0.0,7.7704,9.7094,1.3018,0.0,0.0,6.3667,B1,word_pos,désespoir,N,désespoir,NOM
principalement,ADV,B1,beacco,10.2502,11.252,3.8568,10.2912,10.2502,0.0,24.3636,9.6228,11.252,7.5984,9.7159,9.0231,0.0,20.6179,19.328,12.3958,B1,word_pos,principalement,ADV,principalement,ADV
révélation,NOUN,B1,beacco,10.2477,8.5114,0.6317,7.6622,10.2477,1.6517,3.2084,0.0,8.5114,0.6291,6.613,11.5849,1.3018,3.4423,0.0,8.78,B1,word_pos,révélation,N,révélation,NOM
politesse,NOUN,B1,beacco,10.1998,7.243,0.0,4.1738,10.1998,30.3587,1.6042,0.0,7.243,0.0,4.5597,10.0875,18.1186,3.4423,0.0,10.0896,B1,word_pos,politesse,N,politesse,NOM
boulot,NOUN,B1,beacco,10.1617,20.3723,2.6483,8.0793,10.1617,46.9397,26.9096,6.4938,20.3723,1.2635,19.0868,15.1554,52.6831,40.1357,12.833,27.1691,B1,word_pos,boulot,N,boulot,NOM
banal,ADJ,B1,beacco,10.1107,13.6855,0.0,3.4071,10.1107,11.928,60.0832,19.2455,13.6855,0.0,4.6396,14.54,26.3009,54.0583,19.328,16.8716,B1,word_pos,banal,A,banal,ADJ
panier,NOUN,B1,beacco,10.0248,10.672,0.0,27.0114,10.0248,4.5416,0.0,0.0,10.672,0.0,11.1694,7.326,2.2839,0.0,0.0,7.1178,B1,word_pos,panier,N,panier,NOM
respirer,VERB,B1,beacco,9.9661,22.0678,0.3983,24.396,9.9661,19.09,27.9104,48.1138,22.0678,0.8346,32.2135,13.499,36.0036,18.0014,38.656,26.5746,B1,word_pos,respirer,V,respirer,VER
concentrer,VERB,B1,beacco,9.95,12.9023,0.0,6.9654,9.95,8.0668,52.2974,9.6228,12.9023,0.0,4.6417,8.753,9.1403,77.1586,19.328,15.3373,B1,word_pos,concentrer,V,concentrer,VER
épais,ADJ,B1,beacco,9.9435,13.5109,1.5934,14.6367,9.9435,9.5414,12.4046,0.0,13.5109,0.8346,14.6716,22.0201,13.6059,6.0005,0.0,16.9325,B1,word_pos,épais,A,épais,ADJ
ressortir,VERB,B1,beacco,9.9384,18.6757,1.5934,20.8175,9.9384,30.4631,0.0,6.176,18.6757,0.8346,9.7803,0.1243,9.013,0.0,4.0185,7.0349,B1,word_pos,ressortir,V,ressortir,VER
immigrer,VERB,B1,beacco,9.9299,12.6674,,,,,,,,0.9464,3.1313,9.9299,8.4014,39.722,19.328,12.6674,B1,beacco_only,,,immigrer,VER
vaisselle,NOUN,B1,beacco,9.8729,6.1034,2.4979,5.8038,9.8729,0.0,0.0,0.0,6.1034,0.9464,4.7369,7.6455,0.0,0.0,0.0,4.726,B1,word_pos,vaisselle,N,vaisselle,NOM
reggae,NOUN,B1,beacco,9.8558,3.7357,0.4996,0.4879,9.8558,0.0,0.0,0.0,3.7357,0.9464,0.9327,0.1029,0.0,0.0,0.0,1.8456,B1,word_pos,reggae,N,reggae,NOM
frappe,NOUN,B1,beacco,9.8196,8.2552,0.0,6.8084,9.8196,0.0,3.2084,28.8683,8.2552,0.0,0.7079,11.832,1.8983,6.8846,19.328,7.6416,B1,word_pos,frappe,N,frappe,NOM
soulager,VERB,B1,beacco,9.7994,7.0004,0.0,2.0447,9.7994,1.5856,18.4508,0.0,7.0004,0.0,3.7964,10.4705,0.8102,19.861,0.0,7.625,B1,word_pos,soulager,V,soulager,VER
pitié,NOUN,B1,beacco,9.7947,11.9917,0.0,10.1393,9.7947,2.1187,39.2268,0.0,11.9917,0.0,12.9179,7.104,1.2705,19.861,0.0,8.8926,B1,word_pos,pitié,N,pitié,NOM
tourmenter,VERB,B1,beacco,9.7947,6.6704,0.0,3.447,9.7947,1.1509,4.8126,0.0,6.6704,0.0,0.7079,9.4763,0.911,3.4423,0.0,4.7926,B1,word_pos,tourmenter,V,tourmenter,VER
émerveiller,VERB,B1,beacco,9.7835,10.735,13.2354,6.3096,9.7835,0.0,15.5058,0.0,10.735,7.5737,9.5891,14.106,0.0,12.0009,0.0,11.5352,B1,word_pos,émerveiller,V,émerveiller,VER
barbe,NOUN,B1,beacco,9.7681,20.7417,1.5075,57.7062,9.7681,2.1142,0.0,0.0,20.7417,0.9051,53.6346,12.1642,1.6204,0.0,0.0,18.7858,B1,word_pos,barbe,N,barbe,NOM
repousser,VERB,B1,beacco,9.749,13.1377,0.0,5.9638,9.749,2.0121,45.6318,19.4814,13.1377,0.0,4.9127,16.8902,3.5867,40.0479,38.4989,16.9255,B1,word_pos,repousser,V,repousser,VER
redescendre,VERB,B1,beacco,9.6068,16.8913,0.0,14.4468,9.6068,55.4652,0.0,0.0,16.8913,0.0,19.5321,10.3598,52.3265,0.0,0.0,19.6229,B1,word_pos,redescendre,V,redescendre,VER
reportage,NOUN,B1,beacco,9.5228,5.605,0.0,15.5007,9.5228,0.0,0.0,0.0,5.605,0.0,19.5755,6.1412,0.0,0.0,0.0,5.2995,B1,word_pos,reportage,N,reportage,NOM
à quoi bon,ADV,B1,crf_first_attested,9.5206,1.8251,0.0,0.0,9.5206,0.0,0.0,0.0,1.8251,,,,,,,,,crf_only,à quoi bon,ADV,,
jusqu' alors,ADV,B1,crf_first_attested,9.4664,4.0081,0.0,0.0,9.4664,0.0,19.6134,0.0,4.0081,,,,,,,,,crf_only,jusqu' alors,ADV,,
clos,ADJ,B1,crf_first_attested,9.4418,1.5623,0.0,0.0,9.4418,0.0,0.0,0.0,1.5623,,,,,,,,,crf_only,clos,A,,
travers,NOUN,B1,beacco,9.426,3.7573,0.0,0.0,9.426,0.0,10.2524,0.0,3.7573,0.5547,60.3546,220.3603,109.5546,182.8888,315.0619,129.7233,B1,word_pos,travers,N,travers,NOM
en sorte,ADV,B1,crf_first_attested,9.4189,1.7888,0.0,0.0,9.4189,0.0,0.0,0.0,1.7888,,,,,,,,,crf_only,en sorte,ADV,,
discipline,NOUN,B1,beacco,9.4153,13.0975,0.0,24.4299,9.4153,1.7264,10.2524,19.2455,13.0975,0.0,13.0925,12.3838,1.822,8.2781,38.656,13.4822,B1,word_pos,discipline,N,discipline,NOM
petits-enfants,NOUN,B1,beacco,9.394,6.2843,,,,,,,,0.9464,0.8313,9.394,0.0,0.0,12.833,6.2843,B1,beacco_only,,,petits-enfants,NOM
marteau,NOUN,B1,beacco,9.3914,4.7085,0.0,1.5505,9.3914,1.6517,0.0,0.0,4.7085,0.0,1.0679,7.5084,1.3018,0.0,0.0,3.8599,B1,word_pos,marteau,N,marteau,NOM
couturier,NOUN,B1,beacco,9.3743,8.6469,2.0787,7.4772,9.3743,0.0,0.0,39.0461,8.6469,1.1123,1.8333,6.6554,0.0,0.0,4.0185,5.86,B1,word_pos,couturier,N,couturier,NOM
professionnel,NOUN,B1,beacco,9.3621,16.283,0.0,10.5108,9.3621,25.2227,26.2593,56.9312,16.283,0.0,12.495,14.5468,28.9647,12.0009,56.7717,19.807,B1,word_pos,professionnel,N,professionnel,NOM
marin,ADJ,B1,beacco,9.3143,16.2937,0.4996,0.5197,9.3143,1.5856,101.354,0.0,16.2937,0.9464,6.3347,7.6379,0.8102,90.2374,0.0,17.9269,B1,word_pos,marin,A,marin,ADJ
stress,NOUN,B1,beacco,9.3038,14.4419,0.4068,10.291,9.3038,3.0277,6.2023,144.3413,14.4419,0.8075,9.95,14.6497,4.5679,6.0005,115.968,18.3066,B1,word_pos,stress,N,stress,NOM
tissu,NOUN,B1,beacco,9.289,23.987,11.576,7.6738,9.289,15.2133,35.623,38.491,23.987,7.2471,14.1611,11.0018,44.5131,51.9203,57.984,32.2318,B1,word_pos,tissu,N,tissu,NOM
artificiel,ADJ,B1,beacco,9.2882,19.6942,10.504,34.5744,9.2882,1.5139,21.7081,25.5316,19.6942,7.2471,19.8284,10.2019,2.2839,24.0018,43.8345,15.0045,B1,word_pos,artificiel,A,artificiel,ADJ
religieux,NOUN,B1,beacco,9.2636,7.6396,0.4996,15.4154,9.2636,0.0,0.0,9.6228,7.6396,0.9464,8.3652,23.6898,0.0,0.0,19.328,11.0736,B1,word_pos,religieux,N,religieux,NOM
retraité,NOUN,B1,beacco,9.2545,9.7097,0.8137,3.4141,9.2545,1.5139,11.2294,12.9876,9.7097,7.1121,6.0553,15.2768,2.2839,17.2115,12.833,16.8571,B1,word_pos,retraité,N,retraité,NOM
tournant,NOUN,B1,beacco,9.2474,7.9256,0.0,1.4809,9.2474,1.0571,19.4525,0.0,7.9256,0.0,1.2121,11.1761,0.8102,20.024,0.0,7.844,B1,word_pos,tournant,N,tournant,NOM
remuer,VERB,B1,beacco,9.2393,14.6529,0.0,18.7785,9.2393,10.0828,0.0,0.0,14.6529,0.0,23.1786,12.05,19.3845,0.0,0.0,17.536,B1,word_pos,remuer,V,remuer,VER
tasse,NOUN,B1,beacco,9.2264,7.2371,0.9475,0.5168,9.2264,19.8598,0.0,0.0,7.2371,1.2583,1.0679,11.8592,19.3845,0.0,0.0,9.1449,B1,word_pos,tasse,N,tasse,NOM
mélodie,NOUN,B1,beacco,9.1666,4.1306,0.0,4.8012,9.1666,0.0,0.0,0.0,4.1306,0.0,4.7328,3.3506,0.0,0.0,0.0,2.4722,B1,word_pos,mélodie,N,mélodie,NOM
vieillir,VERB,B1,beacco,9.1619,23.5601,0.0,4.0843,9.1619,50.2353,4.8126,312.2862,23.5601,0.0,4.5584,5.9101,40.0419,3.4423,323.1451,16.3947,B1,word_pos,vieillir,V,vieillir,VER
concierge,NOUN,B1,beacco,9.1344,13.8545,0.0,1.4636,9.1344,79.0006,0.0,0.0,13.8545,0.0,1.3991,5.4885,95.6977,0.0,0.0,15.6615,B1,word_pos,concierge,N,concierge,NOM
inclure,VERB,B1,beacco,9.0774,5.6454,0.9991,1.5505,9.0774,0.5755,0.0,0.0,5.6454,0.9464,1.0679,3.5957,0.911,0.0,0.0,3.1106,B1,word_pos,inclure,V,inclure,VER
discret,ADJ,B1,beacco,9.0668,7.2303,0.0,12.9404,9.0668,0.0,3.2084,12.9876,7.2303,0.0,3.7603,14.6798,0.0,6.8846,12.833,8.3934,B1,word_pos,discret,A,discret,ADJ
fâcher,VERB,B1,beacco,9.0519,8.3817,0.7622,1.792,9.0519,12.0033,0.0,0.0,8.3817,0.5504,8.6463,8.3757,8.4014,0.0,0.0,10.4721,B1,word_pos,fâcher,V,fâcher,VER
extraire,VERB,B1,beacco,9.049,15.4947,0.0,2.5551,9.049,15.596,103.3835,9.6228,15.4947,0.0,3.9448,17.7184,27.6789,173.2418,19.328,29.1809,B1,word_pos,extraire,V,extraire,VER
fatal,ADJ,B1,beacco,9.0305,4.6854,0.0,0.3469,9.0305,9.0467,0.0,0.0,4.6854,0.0,0.7079,7.1139,8.7861,0.0,0.0,4.3383,B1,word_pos,fatal,A,fatal,ADJ
renverser,VERB,B1,beacco,8.9978,11.8428,0.0,5.3384,8.9978,19.5415,30.0911,0.0,11.8428,0.0,4.7828,12.3551,19.5638,34.1646,0.0,13.721,B1,word_pos,renverser,V,renverser,VER
calendrier,NOUN,B1,beacco,8.9973,5.906,0.0,2.803,8.9973,5.1209,1.6042,0.0,5.906,0.0,1.2017,9.3315,1.2705,3.4423,0.0,6.3742,B1,word_pos,calendrier,N,calendrier,NOM
contrairement,ADV,B1,beacco,8.985,7.0118,0.0,2.2236,8.985,0.0,12.8336,9.6228,7.0118,0.0,12.6681,14.5761,37.5361,72.5363,50.4231,25.9447,B1,word_pos,contrairement,ADV,contrairement,ADV
en courant,ADV,B1,crf_first_attested,8.9772,3.1009,0.0,0.0,8.9772,4.9476,0.0,0.0,3.1009,,,,,,,,,crf_only,en courant,ADV,,
originalité,NOUN,B1,beacco,8.9588,8.6243,0.0,1.792,8.9588,26.1498,3.1012,0.0,8.6243,0.0,3.6645,14.1724,8.4014,6.0005,0.0,9.2479,B1,word_pos,originalité,N,originalité,NOM
gnian,X,B1,crf_first_attested,8.9491,0.8238,0.0,0.0,8.9491,0.0,0.0,0.0,0.8238,,,,,,,,,crf_only,gnian,X,,
constitution,NOUN,B1,beacco,8.8986,9.225,0.0,2.4006,8.8986,0.0,46.189,28.8683,9.225,0.0,4.7328,10.224,0.0,40.1357,38.656,10.2125,B1,word_pos,constitution,N,constitution,NOM
tournoi,NOUN,B1,beacco,8.8943,8.2803,3.1867,5.9253,8.8943,0.0,0.0,0.0,8.2803,6.6765,7.7193,4.5626,0.0,0.0,0.0,7.6325,B1,word_pos,tournoi,N,tournoi,NOM
arrêt,NOUN,B1,beacco,8.8741,28.977,1.9862,35.4095,8.8741,68.9496,6.2023,32.4689,28.977,1.2635,31.2555,14.7128,65.8891,6.0005,25.6659,29.5418,B1,word_pos,arrêt,N,arrêt,NOM
égal,ADJ,B1,beacco,8.871,28.7483,0.5727,14.8171,8.871,83.0597,66.5368,28.5334,28.7483,1.1556,12.9994,11.7363,50.6346,102.8605,56.7717,30.423,B1,word_pos,égal,A,égal,ADJ
sud,ADJ,B1,beacco,8.8458,11.2823,0.0,14.5001,8.8458,12.7889,1.6042,0.0,11.2823,0.0,17.0188,12.3937,2.2839,6.8846,19.328,13.4826,B1,word_pos,sud,A,sud,ADJ
dentelle,NOUN,B1,beacco,8.8439,5.4721,0.0,1.0408,8.8439,0.5285,9.3035,0.0,5.4721,0.0,2.1236,15.5563,0.8102,6.0005,0.0,7.5048,B1,word_pos,dentelle,N,dentelle,NOM
prestigieux,ADJ,B1,beacco,8.831,10.5895,0.0,3.5373,8.831,16.4091,9.3035,19.4814,10.5895,0.0,4.7165,7.3938,18.0571,6.0005,12.833,9.8842,B1,word_pos,prestigieux,A,prestigieux,ADJ
qualifier,VERB,B1,beacco,8.801,5.8726,0.0,1.5505,8.801,0.0,0.0,49.3801,5.8726,1.2635,1.0679,15.8393,2.2839,12.0009,108.7521,15.1822,B1,word_pos,qualifier,V,qualifier,VER
simplicité,NOUN,B1,beacco,8.7928,8.108,0.0,15.0309,8.7928,0.867,0.0,0.0,8.108,0.0,4.6396,7.6379,0.6774,0.0,0.0,3.8393,B1,word_pos,simplicité,N,simplicité,NOM
rattacher,VERB,B1,beacco,8.7808,5.6065,0.4014,0.5168,8.7808,0.0,12.3029,0.0,5.6065,0.7319,1.0679,7.1073,0.0,8.2781,0.0,5.2143,B1,word_pos,rattacher,V,rattacher,VER
sourd,ADJ,B1,beacco,8.7346,8.5141,1.2703,11.6064,8.7346,3.3034,0.0,0.0,8.5141,1.6512,15.9664,22.8337,3.9054,0.0,0.0,14.6509,B1,word_pos,sourd,A,sourd,ADJ
profondeur,NOUN,B1,beacco,8.71,9.6883,0.0,3.401,8.71,0.7062,32.7469,12.9876,9.6883,0.0,4.6488,11.9336,1.2705,67.0087,25.6659,16.2266,B1,word_pos,profondeur,N,profondeur,NOM
indifférent,ADJ,B1,beacco,8.6641,6.6801,0.0,12.9987,8.6641,0.7062,0.0,9.6228,6.6801,0.0,9.5032,11.1761,1.2705,0.0,19.328,8.1451,B1,word_pos,indifférent,A,indifférent,ADJ
tuyau,NOUN,B1,beacco,8.6503,5.4424,0.0,2.5986,8.6503,0.0,9.3035,0.0,5.4424,0.0,1.0425,4.9206,0.0,12.0009,0.0,3.8682,B1,word_pos,tuyau,N,tuyau,NOM
gestion,NOUN,B1,beacco,8.6407,16.7193,0.0,5.8508,8.6407,6.3945,50.0964,72.0284,16.7193,0.0,8.9726,5.4335,1.2705,43.5754,77.4712,13.4479,B1,word_pos,gestion,N,gestion,NOM
essuyer,VERB,B1,beacco,8.6253,6.1848,0.0,2.0673,8.6253,12.6192,0.0,0.0,6.1848,0.0,4.8919,11.8351,17.7679,0.0,0.0,8.9734,B1,word_pos,essuyer,V,essuyer,VER
intriguer,VERB,B1,beacco,8.6134,7.7162,0.0,5.3764,8.6134,8.2585,0.0,0.0,7.7162,0.0,3.7244,14.2568,7.8109,0.0,0.0,10.06,B1,word_pos,intriguer,V,intriguer,VER
pédal,NOUN,B1,crf_first_attested,8.6117,1.5758,0.0,0.0,8.6117,0.0,0.0,0.0,1.5758,,,,,,,,,crf_only,pédal,N,,
hisser,VERB,B1,beacco,8.6097,4.8434,0.0,3.0529,8.6097,0.0,2.0505,9.6228,4.8434,0.0,1.1553,9.4254,0.0,4.139,19.328,5.1161,B1,word_pos,hisser,V,hisser,VER
extérieur,ADJ,B1,beacco,8.5593,14.805,0.7622,11.9873,8.5593,3.817,51.0722,0.0,14.805,0.0,9.529,9.3814,6.0629,49.5147,0.0,11.905,B1,word_pos,extérieur,A,extérieur,ADJ
fuir,VERB,B1,beacco,8.5573,18.7975,0.7967,17.4254,8.5573,32.1852,15.5058,19.2455,18.7975,0.8346,22.1303,15.2602,25.431,6.0005,38.656,20.5713,B1,word_pos,fuir,V,fuir,VER
verbal,ADJ,B1,beacco,8.5246,12.2479,0.0,3.584,8.5246,10.6273,0.0,93.2201,12.2479,0.0,3.6645,3.5244,9.1403,0.0,77.5234,8.2575,B1,word_pos,verbal,A,verbal,ADJ
régulier,ADJ,B1,beacco,8.5215,11.6525,0.0,4.0932,8.5215,4.6862,31.2327,38.9627,11.6525,0.0,6.0989,6.1414,8.2033,40.1357,38.4989,14.0054,B1,word_pos,régulier,A,régulier,ADJ
révolutionner,VERB,B1,beacco,8.5187,5.7393,0.0,6.2656,8.5187,2.4776,0.0,0.0,5.7393,0.0,8.8852,7.5777,1.3018,0.0,0.0,5.9246,B1,word_pos,révolutionner,V,révolutionner,VER
bilan,NOUN,B1,beacco,8.516,10.6572,0.0,4.3559,8.516,1.5139,41.0675,39.0192,10.6572,0.0,3.1313,9.4931,2.2839,61.8536,56.7717,11.8349,B1,word_pos,bilan,N,bilan,NOM
envoi,NOUN,B1,beacco,8.516,3.36,0.0,0.5168,8.516,0.0,4.101,0.0,3.36,0.0,1.0679,18.1442,0.0,4.139,0.0,6.1749,B1,word_pos,envoi,N,envoi,NOM
motiver,VERB,B1,beacco,8.5102,9.1751,0.0,20.9432,8.5102,0.0,0.0,6.4938,9.1751,0.0,15.2979,5.09,0.0,3.4423,12.833,8.0206,B1,word_pos,motiver,V,motiver,VER
revendiquer,VERB,B1,beacco,8.4778,13.347,0.0,2.5459,8.4778,13.4762,79.5586,9.6228,13.347,0.0,0.7079,9.6474,24.2145,76.6769,19.328,15.1714,B1,word_pos,revendiquer,V,revendiquer,VER
en dépit de,PREP,B1,crf_first_attested,8.4631,8.3828,0.0,0.0,8.4631,0.0,11.2294,125.9778,8.3828,,,,,,,,,crf_only,en dépit de,PREP,,
financer,VERB,B1,beacco,8.4508,17.2429,0.0,14.5911,8.4508,56.6617,2.0505,0.0,17.2429,0.0,9.8923,9.0009,30.2407,4.139,0.0,13.8361,B1,word_pos,financer,V,financer,VER
disponible,ADJ,B1,beacco,8.4375,22.6453,0.5081,48.9891,8.4375,12.0033,24.7923,9.6228,22.6453,0.5504,38.4591,9.1427,16.0538,45.1187,19.328,25.6012,B1,word_pos,disponible,A,disponible,ADJ
matériel,NOUN,B1,beacco,8.424,7.8779,0.0,6.0378,8.424,3.0277,6.1515,9.6228,7.8779,0.0,4.0909,2.4178,0.0,0.0,0.0,2.2771,B1,word_pos,matériel,N,matériel,NOM
abbé,NOUN,B1,beacco,8.3736,2.7498,0.0,0.6418,8.3736,0.0,0.0,0.0,2.7498,0.0,1.2456,9.7876,0.0,0.0,0.0,3.6281,B1,word_pos,abbé,N,abbé,NOM
démunis,ADJ,B1,crf_first_attested,8.3585,3.8089,0.0,0.0,8.3585,0.0,19.6134,0.0,3.8089,,,,,,,,,crf_only,démunis,A,,
tousser,VERB,B1,beacco,8.3345,7.191,0.5304,12.6575,8.3345,0.0,0.0,0.0,7.191,0.4856,12.2894,9.8703,0.0,0.0,0.0,7.1271,B1,word_pos,tousser,V,tousser,VER
chauffer,VERB,B1,beacco,8.2957,7.2958,0.0,9.0024,8.2957,0.0,12.4046,0.0,7.2958,0.0,7.7685,13.9882,0.0,30.0023,0.0,10.9717,B1,word_pos,chauffer,V,chauffer,VER
candidature,NOUN,B1,beacco,8.286,13.158,3.3104,10.0727,8.286,8.4175,2.0505,28.8683,13.158,3.7906,9.864,5.3203,9.0915,4.139,19.328,11.6099,B1,word_pos,candidature,N,candidature,NOM
char,NOUN,B1,beacco,8.2793,7.4374,0.0,9.3161,8.2793,2.8773,0.0,0.0,7.4374,0.0,8.5391,6.4757,3.644,0.0,0.0,9.3093,B1,word_pos,char,N,char,NOM
téléphonique,ADJ,B1,beacco,8.2495,7.0189,2.0342,0.4234,8.2495,0.6707,9.3035,0.0,7.0189,1.6151,0.8313,10.1605,1.7933,12.0009,0.0,9.4674,B1,word_pos,téléphonique,A,téléphonique,ADJ
pauvreté,NOUN,B1,beacco,8.2382,10.0441,1.2043,7.5862,8.2382,0.7062,27.7392,0.0,10.0441,0.7319,12.6482,7.5611,1.2705,20.6179,0.0,10.4758,B1,word_pos,pauvreté,N,pauvreté,NOM
ruine,NOUN,B1,beacco,8.1584,11.452,2.5984,24.2557,8.1584,3.0277,0.0,0.0,11.452,3.3369,16.3056,9.505,2.2839,0.0,0.0,11.3346,B1,word_pos,ruine,N,ruine,NOM
familier,ADJ,B1,beacco,8.143,15.6916,0.9991,13.3958,8.143,39.0937,9.3035,0.0,15.6916,0.0,16.4077,5.0185,35.4778,12.0009,0.0,14.5854,B1,word_pos,familier,A,familier,ADJ
volet,NOUN,B1,beacco,8.1174,13.6789,1.005,1.9261,8.1174,33.8909,9.3035,0.0,13.6789,0.0,3.6808,9.641,27.3334,12.0009,0.0,11.7981,B1,word_pos,volet,N,volet,NOM
au moyen de,PREP,B1,crf_first_attested,8.1012,1.5618,0.0,0.0,8.1012,0.0,0.0,0.0,1.5618,,,,,,,,,crf_only,au moyen de,PREP,,
poumon,NOUN,B1,beacco,8.0911,10.9507,0.0,2.2214,8.0911,15.8406,1.6042,69.3619,10.9507,0.0,1.2121,6.1741,14.5373,3.4423,56.7717,9.2012,B1,word_pos,poumon,N,poumon,NOM
embrasse,NOUN,B1,beacco,8.0663,7.1912,1.718,1.4742,8.0663,2.8249,0.0,0.0,7.1912,0.0,1.8333,5.1473,0.0,0.0,0.0,2.6676,B1,word_pos,embrasse,N,embrasse,NOM
notion,NOUN,B1,beacco,8.0446,19.3637,0.0,10.3608,8.0446,0.5755,88.5259,153.4441,19.3637,0.0,4.486,12.2889,0.911,94.0024,183.2011,20.2828,B1,word_pos,notion,N,notion,NOM
désespérément,ADV,B1,beacco,8.0032,4.7539,0.0,9.4216,8.0032,0.0,0.0,0.0,4.7539,0.0,5.8242,9.6714,0.0,0.0,0.0,4.5089,B1,word_pos,désespérément,ADV,désespérément,ADV
énormément,ADV,B1,beacco,7.9719,8.8185,1.2043,21.9261,7.9719,0.0,0.0,0.0,8.8185,0.7319,22.3642,11.7815,0.0,0.0,0.0,9.6932,B1,word_pos,énormément,ADV,énormément,ADV
ministère,NOUN,B1,beacco,7.9648,4.6563,0.0,0.0,7.9648,1.5139,13.3747,6.4938,4.6563,0.0,4.6921,33.991,9.0915,61.3361,135.3747,27.9151,B1,word_pos,ministère,N,ministère,NOM
agricole,ADJ,B1,beacco,7.9647,8.3485,0.5197,5.0343,7.9647,1.4125,26.9096,0.0,8.3485,1.1123,3.6808,4.7796,2.5411,40.1357,0.0,9.4744,B1,word_pos,agricole,A,agricole,ADJ
plaisanterie,NOUN,B1,beacco,7.9331,21.4479,0.0,16.1538,7.9331,58.9937,39.395,0.0,21.4479,0.0,12.22,6.5437,42.2663,26.3397,0.0,17.489,B1,word_pos,plaisanterie,N,plaisanterie,NOM
libertés,NOUN,B1,crf_first_attested,7.92,4.295,0.0,0.0,7.92,0.5285,16.8923,0.0,4.295,,,,,,,,,crf_only,libertés,N,,
propros,VERB,B1,crf_first_attested,7.9123,1.8446,0.0,0.0,7.9123,0.0,1.6042,0.0,1.8446,,,,,,,,,crf_only,propros,V,,
d' autant plus que,CONJ,B1,crf_first_attested,7.8903,8.066,0.0,0.0,7.8903,22.5748,18.6069,0.0,8.066,,,,,,,,,crf_only,d' autant plus que,CONJS,,
absurde,ADJ,B1,beacco,7.8894,6.3124,0.0,3.401,7.8894,14.7391,0.0,0.0,6.3124,0.0,4.6488,6.8894,25.467,0.0,0.0,7.5193,B1,word_pos,absurde,A,absurde,ADJ
au jour,ADV,B1,crf_first_attested,7.8835,1.5192,0.0,0.0,7.8835,0.0,0.0,0.0,1.5192,,,,,,,,,crf_only,au jour,ADV,,
natal,ADJ,B1,beacco,7.8732,7.8565,0.7967,3.4812,7.8732,6.0554,6.2023,0.0,7.8565,0.8346,4.5709,9.3711,2.2839,12.0009,0.0,8.8608,B1,word_pos,natal,A,natal,ADJ
restauration,NOUN,B1,beacco,7.8718,7.0929,0.0,0.6418,7.8718,0.7062,10.2669,67.3593,7.0929,0.0,1.2456,7.6113,1.2705,20.6179,38.656,8.582,B1,word_pos,restauration,N,restauration,NOM
d' un côté,ADV,B1,crf_first_attested,7.8534,2.7625,0.0,0.0,7.8534,1.5856,0.0,0.0,2.7625,,,,,,,,,crf_only,d' un côté,ADV,,
contenu,NOUN,B1,beacco,7.8125,24.1647,0.0,6.72,7.8125,73.5657,58.6409,0.0,24.1647,0.0,7.5841,6.6815,41.5952,55.9876,0.0,19.3959,B1,word_pos,contenu,N,contenu,NOM
cloche,NOUN,B1,beacco,7.8068,6.0918,0.4014,7.6657,7.8068,5.1209,0.0,0.0,6.0918,0.7319,6.9732,20.3487,9.0915,0.0,0.0,11.6593,B1,word_pos,cloche,N,cloche,NOM
passeport,NOUN,B1,beacco,7.7848,7.2464,1.005,4.9837,7.7848,1.3414,0.0,9.6228,7.2464,1.8101,7.7893,5.0402,3.5867,0.0,19.328,9.0473,B1,word_pos,passeport,N,passeport,NOM
ressentir,VERB,B1,beacco,7.7213,14.3319,0.9991,4.404,7.7213,22.8794,20.4505,28.5334,14.3319,0.9464,4.4863,5.3066,4.5679,31.3781,56.7717,12.0131,B1,word_pos,ressentir,V,ressentir,VER
vivement,ADV,B1,beacco,7.7186,5.2226,0.8841,1.792,7.7186,4.8562,0.0,0.0,5.2226,0.9121,3.6645,9.55,8.3751,0.0,0.0,7.9186,B1,word_pos,vivement,ADV,vivement,ADV
retracer,VERB,B1,beacco,7.7089,7.1566,1.005,3.7671,7.7089,0.0,15.1776,0.0,7.1566,0.9051,7.8733,10.35,0.0,26.3397,0.0,8.8895,B1,word_pos,retracer,V,retracer,VER
exemplaire,NOUN,B1,beacco,7.7032,15.1154,0.0,9.6375,7.7032,38.8472,15.7275,38.491,15.1154,0.0,22.5822,7.7266,31.8367,31.3781,19.328,18.4199,B1,word_pos,exemplaire,N,exemplaire,NOM
dénoncer,VERB,B1,beacco,7.6999,15.7515,0.0,11.5727,7.6999,10.2418,30.8753,72.7833,15.7515,0.0,4.4416,7.1075,9.0915,49.8105,56.7717,13.7796,B1,word_pos,dénoncer,V,dénoncer,VER
hier,NOUN,B1,beacco,7.6875,8.0051,,,,,,,,1.1764,0.7079,7.6875,13.727,6.0005,0.0,8.0051,B1,beacco_only,,,hier,NOM
réellement,ADV,B1,beacco,7.6739,20.9499,0.0,2.31,7.6739,55.4022,52.0771,92.392,20.9499,0.0,4.633,13.8547,33.4156,62.7562,134.1811,23.7932,B1,word_pos,réellement,ADV,réellement,ADV
éducatif,ADJ,B1,beacco,7.6646,12.3681,0.0,21.7761,7.6646,16.5418,4.101,0.0,12.3681,0.0,20.9786,11.2361,14.1801,4.139,0.0,12.6497,B1,word_pos,éducatif,A,éducatif,ADJ
mélange,NOUN,B1,beacco,7.6569,5.631,0.0,3.0459,7.6569,3.0277,12.4046,0.0,5.631,0.0,3.1313,12.0866,9.0915,42.0032,0.0,12.8314,B1,word_pos,mélange,N,mélange,NOM
producteur,NOUN,B1,beacco,7.6524,23.132,0.2652,6.6711,7.6524,37.3007,61.0763,0.0,23.132,0.4856,9.7669,7.1584,27.0642,69.6055,0.0,22.941,B1,word_pos,producteur,N,producteur,NOM
angeles,X,B1,crf_first_attested,7.5955,1.3675,0.0,0.0,7.5955,0.0,0.0,0.0,1.3675,,,,,,,,,crf_only,angeles,X,,
cyberbar,NOUN,B1,crf_first_attested,7.5955,1.3675,0.0,0.0,7.5955,0.0,0.0,0.0,1.3675,,,,,,,,,crf_only,cyberbar,N,,
cybernaute,NOUN,B1,crf_first_attested,7.5955,1.3675,0.0,0.0,7.5955,0.0,0.0,0.0,1.3675,,,,,,,,,crf_only,cybernaute,N,,
los,X,B1,crf_first_attested,7.5955,1.3675,0.0,0.0,7.5955,0.0,0.0,0.0,1.3675,,,,,,,,,crf_only,los,X,,
gêné,ADJ,B1,beacco,7.5926,6.853,,,,,,,,0.0,6.7862,7.5926,9.5296,0.0,0.0,6.853,B1,beacco_only,,,gêné,ADJ
britannique,ADJ,B1,beacco,7.5852,9.9321,0.0,7.1282,7.5852,3.0277,19.6975,43.6102,9.9321,0.0,4.5382,10.1949,2.2839,31.3528,56.7717,11.565,B1,word_pos,britannique,A,britannique,ADJ
puissant,ADJ,B1,beacco,7.5787,30.941,19.8524,38.5746,7.5787,14.2257,50.7348,101.5791,30.941,7.132,43.6685,14.6004,16.4648,41.1274,113.5434,32.5355,B1,word_pos,puissant,A,puissant,ADJ
fièrement,ADV,B1,beacco,7.5615,5.9157,0.0,6.8084,7.5615,4.5416,0.0,0.0,5.9157,0.0,1.4157,7.4067,4.5679,0.0,0.0,5.09,B1,word_pos,fièrement,ADV,fièrement,ADV
roux,ADJ,B1,beacco,7.5392,13.5194,7.5952,6.2544,7.5392,18.2288,0.0,0.0,13.5194,7.2471,10.7067,8.488,39.1047,0.0,0.0,18.8067,B1,word_pos,roux,A,roux,ADJ
méchant,ADJ,B1,beacco,7.518,26.1722,5.3633,70.1319,7.518,12.5501,0.0,0.0,26.1722,7.5737,67.1428,9.9155,13.727,0.0,0.0,27.4035,B1,word_pos,méchant,A,méchant,ADJ
retomber,VERB,B1,beacco,7.4761,11.963,0.0,17.316,7.4761,13.6688,2.0505,6.4938,11.963,0.0,8.5699,4.9896,19.6729,4.139,12.833,10.8491,B1,word_pos,retomber,V,retomber,VER
à la fin de,PREP,B1,crf_first_attested,7.4263,3.7832,0.0,0.0,7.4263,4.8562,6.1515,0.0,3.7832,,,,,,,,,crf_only,à la fin de,PREP,,
opérer,VERB,B1,beacco,7.4066,14.6815,11.658,0.3469,7.4066,0.0,57.7841,86.6048,14.6815,1.1764,0.7079,7.7544,0.0,52.5392,77.312,12.0808,B1,word_pos,opérer,V,opérer,VER
règne,NOUN,B1,beacco,7.3657,10.4926,0.0,18.0998,7.3657,13.4191,0.0,0.0,10.4926,0.0,12.2171,5.2642,16.4065,0.0,0.0,8.669,B1,word_pos,règne,N,règne,NOM
cochon,NOUN,B1,beacco,7.3603,4.2471,1.005,3.081,7.3603,0.0,0.0,0.0,4.2471,1.8101,4.1482,14.4984,0.0,0.0,0.0,7.7529,B1,word_pos,cochon,N,cochon,NOM
essence,NOUN,B1,beacco,7.3555,10.8782,0.4068,4.1994,7.3555,0.0,32.8328,12.352,10.8782,0.8075,4.1513,7.6424,2.2839,64.7832,12.0555,16.6095,B1,word_pos,essence,N,essence,NOM
bref,ADV,B1,beacco,7.3525,23.9748,24.8469,10.878,7.3525,32.0027,20.5337,45.034,23.9748,6.893,9.8607,12.0812,9.1403,20.6179,44.6051,16.1218,B1,word_pos,bref,ADV,bref,ADV
nappe,NOUN,B1,beacco,7.3476,4.5008,0.2652,1.0337,7.3476,0.0,4.8126,0.0,4.5008,0.4856,1.0679,7.6811,0.0,3.4423,0.0,3.9407,B1,word_pos,nappe,N,nappe,NOM
millénaire,NOUN,B1,beacco,7.3268,3.756,0.0,6.9824,7.3268,0.0,0.0,0.0,3.756,0.0,8.8334,11.8087,0.0,0.0,12.833,6.5435,B1,word_pos,millénaire,N,millénaire,NOM
donner lieu,VERB,B1,crf_first_attested,7.3268,2.3904,0.0,0.0,7.3268,0.0,0.0,19.2455,2.3904,,,,,,,,,crf_only,donner lieu,V,,
linge,NOUN,B1,beacco,7.3153,14.1241,1.3242,26.9329,7.3153,4.2284,3.2084,0.0,14.1241,1.2635,24.8955,17.3418,3.2407,6.8846,0.0,17.9292,B1,word_pos,linge,N,linge,NOM
fabuleux,ADJ,B1,beacco,7.3103,4.5458,0.0,7.3634,7.3103,0.0,6.2023,4.1173,4.5458,0.0,11.2264,8.8035,0.0,6.0005,8.037,6.8514,B1,word_pos,fabuleux,A,fabuleux,ADJ
espérance,NOUN,B1,beacco,7.3064,9.7768,0.5025,1.6171,7.3064,2.4776,4.8126,38.9627,9.7768,0.9051,3.3389,15.2995,9.1403,20.024,25.6659,13.6572,B1,word_pos,espérance,N,espérance,NOM
papy,NOUN,B1,crf_first_attested,7.3064,2.4708,0.0,0.0,7.3064,0.0,0.0,12.9876,2.4708,,,,,,,,,crf_only,papy,N,,
reconnaissance,NOUN,B1,beacco,7.2704,10.3413,0.0,8.5749,7.2704,8.8358,8.2019,0.0,10.3413,0.0,6.8285,5.4966,8.4014,8.2781,0.0,8.0072,B1,word_pos,reconnaissance,N,reconnaissance,NOM
résistance,NOUN,B1,beacco,7.2686,33.8616,0.0,0.1887,7.2686,1.5139,232.539,415.3232,33.8616,0.0,3.6645,7.1643,2.2839,177.7215,209.3923,26.6212,B1,word_pos,résistance,N,résistance,NOM
sous peine de,PREP,B1,crf_first_attested,7.2672,2.3918,0.0,0.0,7.2672,3.0277,0.0,0.0,2.3918,,,,,,,,,crf_only,sous peine de,PREP,,
élan,NOUN,B1,beacco,7.2543,5.7852,0.4014,5.8751,7.2543,0.0,0.0,9.6228,5.7852,0.7319,3.6333,6.2495,0.0,0.0,19.328,5.42,B1,word_pos,élan,N,élan,NOM
magie,NOUN,B1,beacco,7.2125,10.0112,7.6622,6.2464,7.2125,0.0,21.4487,0.0,10.0112,0.5504,3.539,7.1139,0.0,31.5653,0.0,7.6143,B1,word_pos,magie,N,magie,NOM
exiler,VERB,B1,beacco,7.207,5.1168,1.5934,0.5168,7.207,6.0554,3.1012,0.0,5.1168,0.8346,1.0679,9.5186,2.2839,12.0009,0.0,7.2554,B1,word_pos,exiler,V,exiler,VER
coton,NOUN,B1,beacco,7.1822,2.7669,0.0,2.435,7.1822,0.0,0.0,0.0,2.7669,0.0,4.1382,9.9628,0.0,0.0,0.0,4.0131,B1,word_pos,coton,N,coton,NOM
guerrier,NOUN,B1,beacco,7.095,3.3116,0.0,2.9516,7.095,0.0,0.0,0.0,3.3116,0.0,7.7252,0.8759,0.0,0.0,12.833,3.1729,B1,word_pos,guerrier,N,guerrier,NOM
à court terme,ADV,B1,crf_first_attested,7.0904,1.3696,0.0,0.0,7.0904,0.0,0.0,0.0,1.3696,,,,,,,,,crf_only,à court terme,ADV,,
permis,NOUN,B1,beacco,7.0833,5.7722,0.5025,4.6393,7.0833,0.0,0.0,12.9876,5.7722,0.0,5.7823,25.9923,0.0,0.0,12.833,9.7411,B1,word_pos,permis,N,permis,NOM
dans l' ombre de,PREP,B1,crf_first_attested,7.0753,1.3522,0.0,0.0,7.0753,0.0,0.0,0.0,1.3522,,,,,,,,,crf_only,dans l' ombre de,PREP,,
mérite,NOUN,B1,beacco,7.0752,10.1312,0.7967,2.803,7.0752,20.7718,15.7275,0.0,10.1312,0.0,1.2017,7.0672,19.035,20.6179,0.0,9.596,B1,word_pos,mérite,N,mérite,NOM
gars,NOUN,B1,beacco,7.0487,8.8437,0.5197,3.5351,7.0487,0.0,31.0115,0.0,8.8437,1.1123,4.5837,5.1982,0.0,18.0014,0.0,7.1797,B1,word_pos,gars,N,gars,NOM
cauchemar,NOUN,B1,beacco,7.0014,10.6062,2.1907,11.0103,7.0014,11.2745,0.0,0.0,10.6062,1.1973,9.4844,0.8759,8.4038,0.0,0.0,6.1765,B1,word_pos,cauchemar,N,cauchemar,NOM
fusil,NOUN,B1,beacco,6.9993,5.3286,0.0,7.2854,6.9993,0.0,0.0,0.0,5.3286,0.0,7.7865,10.1734,0.0,0.0,0.0,8.6075,B1,word_pos,fusil,N,fusil,NOM
licence,NOUN,B1,beacco,6.9906,9.1831,0.0,36.3926,6.9906,0.0,0.0,0.0,9.1831,0.0,30.6984,15.2917,0.0,0.0,0.0,10.7254,B1,word_pos,licence,N,licence,NOM
enregistrement,NOUN,B1,beacco,6.9753,4.1437,0.0,4.8873,6.9753,0.0,3.1012,0.0,4.1437,0.0,6.7862,7.5797,0.0,6.0005,0.0,5.3888,B1,word_pos,enregistrement,N,enregistrement,NOM
passant,NOUN,B1,beacco,6.9478,6.0108,0.0,3.3821,6.9478,1.7898,12.4046,0.0,6.0108,0.0,12.8029,7.3788,13.8506,12.0009,0.0,11.0376,B1,word_pos,passant,N,passant,NOM
banc,NOUN,B1,beacco,6.8822,20.5872,1.643,46.0737,6.8822,17.0232,8.2019,0.0,20.5872,3.5919,46.1196,3.8538,23.3411,4.139,0.0,18.3632,B1,word_pos,banc,N,banc,NOM
sourcil,NOUN,B1,beacco,6.8528,8.8435,0.0,19.5132,6.8528,7.329,0.0,0.0,8.8435,0.0,10.1838,10.0429,8.2287,0.0,0.0,9.0882,B1,word_pos,sourcil,N,sourcil,NOM
distinction,NOUN,B1,beacco,6.8484,6.7319,0.0,2.2283,6.8484,0.0,20.5049,0.0,6.7319,0.0,1.2017,3.5736,0.0,16.5561,0.0,5.0395,B1,word_pos,distinction,N,distinction,NOM
garantie,NOUN,B1,beacco,6.8378,11.8179,0.2652,2.9356,6.8378,0.0,68.0941,19.2455,11.8179,0.4856,6.0545,1.1062,0.0,94.3838,19.328,11.7772,B1,word_pos,garantie,N,garantie,NOM
pli,NOUN,B1,beacco,6.7984,2.7761,0.0,1.0337,6.7984,0.0,3.1012,0.0,2.7761,0.0,2.1359,7.7117,0.0,6.0005,0.0,4.1315,B1,word_pos,pli,N,pli,NOM
physiquement,ADV,B1,beacco,6.7928,3.4362,0.0,2.2624,6.7928,1.5139,0.0,0.0,3.4362,0.0,4.542,6.5452,2.2839,0.0,0.0,4.8372,B1,word_pos,physiquement,ADV,physiquement,ADV
régaler,VERB,B1,beacco,6.7899,3.8615,0.5693,0.7405,6.7899,0.0,1.6042,0.0,3.8615,1.1764,3.7973,3.5244,0.0,3.4423,4.0185,5.5629,B1,word_pos,régaler,V,régaler,VER
servante,NOUN,B1,beacco,6.7838,6.7909,,,,,,,,0.0,16.1774,6.7838,0.0,0.0,0.0,6.7909,B1,beacco_only,,,servante,NOM
indigner,VERB,B1,beacco,6.7681,5.2346,0.0,3.5904,6.7681,0.0,12.4046,0.0,5.2346,0.0,3.7447,2.934,0.0,6.0005,0.0,2.8716,B1,word_pos,indigner,V,indigner,VER
idiot,ADJ,B1,beacco,6.7524,6.4678,0.0,6.4397,6.7524,1.6517,3.2084,0.0,6.4678,0.0,6.554,7.1674,1.3018,3.4423,0.0,6.5051,B1,word_pos,idiot,A,idiot,ADJ
propriétaire,ADJ,B1,beacco,6.7454,11.6627,,,,,,,,0.0,15.9596,6.7454,1.3018,18.0014,19.328,11.6627,B1,beacco_only,,,propriétaire,ADJ
actifs,NOUN,B1,crf_first_attested,6.7394,7.0012,0.0,0.0,6.7394,3.0277,12.8336,25.9752,7.0012,,,,,,,,,crf_only,actifs,N,,
tee-shirt,NOUN,B1,beacco,6.7338,5.4932,,,,,,,,1.2635,6.7862,6.7338,0.0,0.0,0.0,5.4932,B1,beacco_only,,,tee-shirt,NOM
restreint,ADJ,B1,crf_first_attested,6.732,2.8069,0.0,0.0,6.732,0.0,13.8696,0.0,2.8069,,,,,,,,,crf_only,restreint,A,,
délai,NOUN,B1,beacco,6.7241,7.7969,0.0,2.2214,6.7241,0.0,25.7756,19.4814,7.7969,0.0,1.2121,8.7975,0.0,40.0479,38.4989,11.0847,B1,word_pos,délai,N,délai,NOM
minimum,NOUN,B1,beacco,6.7178,4.4105,0.5025,0.0,6.7178,0.0,10.2669,6.4938,4.4105,0.9051,6.8476,39.93,4.5679,31.3781,86.9662,26.6967,B1,word_pos,minimum,N,minimum,NOM
laid,ADJ,B1,beacco,6.7052,10.6618,0.8215,24.7488,6.7052,5.3137,0.0,0.0,10.6618,0.5987,29.7616,6.2681,9.1403,0.0,0.0,12.793,B1,word_pos,laid,A,laid,ADJ
flamme,NOUN,B1,beacco,6.7013,8.3529,0.0,9.3742,6.7013,0.0,24.8092,0.0,8.3529,0.0,9.4834,11.1587,0.0,12.0009,0.0,8.0196,B1,word_pos,flamme,N,flamme,NOM
enveloppe,NOUN,B1,beacco,6.6996,7.4359,0.5693,6.334,6.6996,8.5186,0.0,6.4938,7.4359,1.1764,2.1359,7.3276,7.9024,0.0,12.833,7.393,B1,word_pos,enveloppe,N,enveloppe,NOM
trafic,NOUN,B1,beacco,6.6683,3.7037,0.0,3.6057,6.6683,0.0,6.2023,0.0,3.7037,0.0,4.4611,9.9696,0.0,12.0009,0.0,6.2142,B1,word_pos,trafic,N,trafic,NOM
cerveau,NOUN,B1,beacco,6.6572,30.2539,0.0,4.5935,6.6572,20.5566,85.4465,535.4769,30.2539,0.0,9.9122,2.611,29.5916,142.4287,647.4194,41.8203,B1,word_pos,cerveau,N,cerveau,NOM
patienter,VERB,B1,beacco,6.6519,4.1618,0.0,1.2702,6.6519,1.1509,1.6042,0.0,4.1618,0.0,4.7884,0.5857,0.911,3.4423,0.0,2.9037,B1,word_pos,patienter,V,patienter,VER
adaptation,NOUN,B1,beacco,6.6362,13.4591,0.0,31.9862,6.6362,0.0,4.8126,28.8683,13.4591,0.0,30.4947,10.7081,0.0,10.3269,19.328,14.8364,B1,word_pos,adaptation,N,adaptation,NOM
décès,NOUN,B1,beacco,6.6108,9.4698,0.0,1.0107,6.6108,10.597,34.728,0.0,9.4698,0.0,2.055,7.0202,6.8518,31.3781,0.0,9.2683,B1,word_pos,décès,N,décès,NOM
quoi que,CONJ,B1,crf_first_attested,6.5834,2.4722,0.0,0.0,6.5834,1.5139,1.6042,0.0,2.4722,,,,,,,,,crf_only,quoi que,CONJS,,
cycle,NOUN,B1,beacco,6.5725,6.9183,1.195,9.7801,6.5725,0.0,0.0,12.9876,6.9183,0.8346,13.3966,7.3728,0.0,0.0,25.6659,8.5238,B1,word_pos,cycle,N,cycle,NOM
chérir,VERB,B1,beacco,6.5578,4.3809,,,,,,,,0.0,3.7603,6.5578,0.0,3.4423,0.0,4.3809,B1,beacco_only,,,chérir,VER
arrêté,NOUN,B1,beacco,6.5548,3.5441,0.0,0.2527,6.5548,3.0277,3.1012,0.0,3.5441,0.0,4.6921,7.557,29.821,6.0005,0.0,10.0794,B1,word_pos,arrêté,N,arrêté,NOM
sàcheter,ADV,B1,crf_first_attested,6.5286,1.2786,0.0,0.0,6.5286,0.0,0.0,0.0,1.2786,,,,,,,,,crf_only,sàcheter,ADV,,
impliquer,VERB,B1,beacco,6.5173,25.6596,0.0,5.0029,6.5173,23.2076,125.884,187.4754,25.6596,0.0,9.9703,12.549,35.6876,151.4214,202.2974,34.9121,B1,word_pos,impliquer,V,impliquer,VER
jusqu' ici,ADV,B1,crf_first_attested,6.4985,2.0699,0.0,0.0,6.4985,0.0,0.0,19.2455,2.0699,,,,,,,,,crf_only,jusqu' ici,ADV,,
sale,NOUN,B1,crf_first_attested,6.4981,1.8638,0.0,0.0,6.4981,0.8949,0.0,0.0,1.8638,,,,,,,,,crf_only,sale,N,,
soudain,PREP,B1,crf_first_attested,6.4981,1.1825,0.0,0.0,6.4981,0.0,0.0,0.0,1.1825,,,,,,,,,crf_only,soudain,PREP,,
faciliter,VERB,B1,beacco,6.4891,15.5908,0.0,3.0206,6.4891,7.5693,81.9541,43.6102,15.5908,0.0,6.4129,3.7679,6.8518,101.2835,56.7717,16.2362,B1,word_pos,faciliter,V,faciliter,VER
coach,NOUN,B1,beacco,6.4891,5.4129,0.0,0.4879,6.4891,1.5139,12.3029,0.0,5.4129,0.0,0.9327,3.7679,2.2839,12.4171,0.0,5.4692,B1,word_pos,coach,N,coach,NOM
d' ores et déjà,ADV,B1,crf_first_attested,6.4863,7.0023,0.0,0.0,6.4863,4.5416,38.2901,0.0,7.0023,,,,,,,,,crf_only,d' ores et déjà,ADV,,
circuit,NOUN,B1,beacco,6.4642,16.2614,0.8137,13.7352,6.4642,0.7062,61.204,48.1138,16.2614,0.8075,21.1389,7.7393,1.2705,65.168,57.984,17.3862,B1,word_pos,circuit,N,circuit,NOM
démonstration,NOUN,B1,beacco,6.4545,9.5183,0.0,4.458,6.4545,12.8232,39.6967,0.0,9.5183,0.0,4.4863,9.7887,15.6408,51.4303,0.0,12.4786,B1,word_pos,démonstration,N,démonstration,NOM
dominer,VERB,B1,beacco,6.4519,17.0055,0.0,15.99,6.4519,29.4595,25.7756,28.5334,17.0055,0.0,21.8232,7.968,19.0399,31.5653,56.7717,20.0749,B1,word_pos,dominer,V,dominer,VER
préférence,NOUN,B1,beacco,6.4476,6.7818,0.5025,7.3322,6.4476,3.0277,4.101,0.0,6.7818,0.9051,9.8684,7.6994,2.2839,8.2781,0.0,9.4957,B1,word_pos,préférence,N,préférence,NOM
renouveler,VERB,B1,beacco,6.4291,12.8452,0.0,2.2322,6.4291,48.5202,6.2023,64.3237,12.8452,0.0,4.486,7.6901,29.3733,6.0005,111.7223,15.1075,B1,word_pos,renouveler,V,renouveler,VER
là-dedans,ADV,B1,beacco,6.4266,6.8735,,,,,,,,0.0,3.7811,6.4266,1.8983,6.8846,0.0,6.8735,B1,beacco_only,,,là-dedans,ADV
si,NOUN,B1,crf_first_attested,6.4151,6.1295,0.0,0.0,6.4151,26.4895,1.6042,0.0,6.1295,,,,,,,,,crf_only,si,N,,
médaille,NOUN,B1,beacco,6.4143,12.7119,0.0,40.7441,6.4143,0.0,0.0,19.4814,12.7119,0.0,49.6464,5.1436,0.0,0.0,12.833,12.478,B1,word_pos,médaille,N,médaille,NOM
incendie,NOUN,B1,beacco,6.4131,6.4219,5.2567,5.1824,6.4131,0.0,1.6042,0.0,6.4219,7.2778,6.1464,11.5706,0.0,3.4423,0.0,9.1834,B1,word_pos,incendie,N,incendie,NOM
débuter,VERB,B1,beacco,6.4075,13.0605,2.2771,3.0859,6.4075,13.6777,0.0,165.0698,13.0605,1.1764,4.4863,10.2131,11.6267,0.0,213.1318,17.9788,B1,word_pos,débuter,V,débuter,VER
interview,NOUN,B1,beacco,6.3773,14.8134,0.0,11.6423,6.3773,15.596,31.3338,56.9312,14.8134,0.0,6.8048,3.5244,18.0886,26.3397,56.7717,12.9874,B1,word_pos,interview,N,interview,NOM
aise,NOUN,B1,beacco,6.3745,1.7269,0.0,0.0944,6.3745,0.0,0.0,0.0,1.7269,0.0,3.9045,22.5758,1.2705,0.0,0.0,8.5523,B1,word_pos,aise,N,aise,NOM
malgré tout,ADV,B1,crf_first_attested,6.3733,4.1148,0.0,0.0,6.3733,10.597,0.0,9.6228,4.1148,,,,,,,,,crf_only,malgré tout,ADV,,
vainqueur,NOUN,B1,beacco,6.3631,3.7502,0.0,3.9811,6.3631,0.0,9.3035,0.0,3.7502,0.0,8.6806,7.5797,0.0,6.0005,0.0,4.5079,B1,word_pos,vainqueur,N,vainqueur,NOM
librement,ADV,B1,beacco,6.3523,5.7851,4.8397,0.5168,6.3523,1.6517,19.6975,0.0,5.7851,6.9049,1.0679,12.0502,1.3018,20.024,0.0,9.4534,B1,word_pos,librement,ADV,librement,ADV
bagarre,NOUN,B1,beacco,6.3318,4.925,0.0,7.6893,6.3318,0.0,6.2023,0.0,4.925,0.0,9.907,7.2057,0.0,6.0005,0.0,5.7463,B1,word_pos,bagarre,N,bagarre,NOM
douer,VERB,B1,beacco,6.326,4.999,0.0,6.7949,6.326,0.7062,3.2084,0.0,4.999,0.0,3.8815,6.9376,1.2705,3.4423,0.0,6.2579,B1,word_pos,douer,V,douer,VER
rez-de-chaussée,NOUN,B1,beacco,6.3254,10.2873,,,,,,,,1.8101,15.6782,6.3254,9.025,0.0,0.0,10.2873,B1,beacco_only,,,rez-de-chaussée,NOM
emparer,VERB,B1,beacco,6.3249,12.6985,0.0,6.8729,6.3249,17.4721,53.1134,0.0,12.6985,0.0,9.5129,8.9919,15.1942,65.9532,0.0,14.2524,B1,word_pos,emparer,V,emparer,VER
tendre,ADJ,B1,beacco,6.3217,2.7426,0.0,3.1024,6.3217,3.0277,0.0,0.0,2.7426,0.4856,7.526,12.3496,2.2839,0.0,0.0,7.8339,B1,word_pos,tendre,A,tendre,ADJ
gaulois,ADJ,B1,beacco,6.305,5.6319,0.0,7.0652,6.305,0.0,0.0,38.491,5.6319,0.0,7.372,14.3177,0.0,3.4423,19.328,9.9268,B1,word_pos,gaulois,A,gaulois,ADJ
cueillir,VERB,B1,beacco,6.2652,4.9311,0.0,12.608,6.2652,0.0,0.0,0.0,4.9311,0.0,12.4765,12.6969,0.0,6.0005,0.0,8.4073,B1,word_pos,cueillir,V,cueillir,VER
change,NOUN,B1,beacco,6.2595,7.0301,3.4156,1.8745,6.2595,0.0,15.5058,0.0,7.0301,0.0,4.5709,0.1219,0.0,6.0005,0.0,1.6531,B1,word_pos,change,N,change,NOM
nombre de,DET,B1,crf_first_attested,6.2529,1.7991,0.0,0.0,6.2529,0.0,0.0,9.6228,1.7991,,,,,,,,,crf_only,nombre de,DET,,
caserne,NOUN,B1,beacco,6.2457,4.2655,0.0,4.1631,6.2457,0.0,0.0,0.0,4.2655,0.0,4.9551,9.0578,0.0,0.0,0.0,3.8714,B1,word_pos,caserne,N,caserne,NOM
curieusement,ADV,B1,beacco,6.2441,4.3008,0.0,3.7425,6.2441,0.0,9.8067,0.0,4.3008,0.0,5.8191,3.0801,0.0,19.861,0.0,4.8006,B1,word_pos,curieusement,ADV,curieusement,ADV
salir,VERB,B1,beacco,6.2327,3.1903,0.0,3.2926,6.2327,0.6707,0.0,0.0,3.1903,0.0,4.7328,2.9042,1.7933,0.0,0.0,2.6934,B1,word_pos,salir,V,salir,VER
médical,ADJ,B1,beacco,6.1867,27.0668,0.4068,3.8224,6.1867,12.1109,111.7128,209.0333,27.0668,0.8075,7.8733,9.2981,2.2839,86.6209,223.4446,26.026,B1,word_pos,médical,A,médical,ADJ
écologie,NOUN,B1,beacco,6.1781,3.6094,0.5025,0.0,6.1781,4.9436,0.0,0.0,3.6094,0.9051,1.0275,7.5617,2.5411,6.0005,0.0,6.9204,B1,word_pos,écologie,N,écologie,NOM
faute,NOUN,B1,beacco,6.1391,26.8081,5.491,38.4579,6.1391,49.6658,39.2268,0.0,26.8081,6.9301,39.7716,20.8433,100.12,87.6149,0.0,47.0913,B1,word_pos,faute,N,faute,NOM
énerver,VERB,B1,beacco,6.1282,10.0175,0.3158,29.4136,6.1282,0.7062,0.0,0.0,10.0175,0.6291,25.3716,16.531,1.2705,0.0,0.0,14.5061,B1,word_pos,énerver,V,énerver,VER
en vue de,PREP,B1,crf_first_attested,6.1074,2.7867,0.0,0.0,6.1074,0.0,0.0,32.4689,2.7867,,,,,,,,,crf_only,en vue de,PREP,,
aveugle,NOUN,B1,beacco,6.0872,6.1629,0.0,14.5597,6.0872,3.0277,0.0,0.0,6.1629,0.0,9.895,7.6204,2.2839,0.0,0.0,5.8671,B1,word_pos,aveugle,N,aveugle,NOM
œuvre,NOUN,B1,crf_first_attested,6.0638,2.1096,0.0,0.0,6.0638,0.0,0.0,19.2455,2.1096,,,,,,,,,crf_only,œuvre,N,,
à l' inverse,ADV,B1,crf_first_attested,6.0604,2.0863,0.0,0.0,6.0604,0.5755,4.101,0.0,2.0863,,,,,,,,,crf_only,à l' inverse,ADV,,
établissement,NOUN,B1,beacco,6.0557,8.9777,0.0,3.5325,6.0557,21.451,24.3636,0.0,8.9777,0.171,6.2953,32.3089,42.8137,34.1646,0.0,22.7972,B1,word_pos,établissement,N,établissement,NOM
confondre,VERB,B1,beacco,6.0531,9.1706,0.0,1.9253,6.0531,17.8175,9.3035,9.6228,9.1706,0.0,1.2456,4.8043,16.3166,12.0009,19.328,9.1642,B1,word_pos,confondre,V,confondre,VER
acier,NOUN,B1,beacco,6.0422,6.6564,0.0,9.0024,6.0422,0.0,12.7628,0.0,6.6564,0.0,4.8826,4.8043,0.0,26.3397,0.0,6.3143,B1,word_pos,acier,N,acier,NOM
pourvoir,VERB,B1,crf_first_attested,6.0083,1.7998,0.0,0.0,6.0083,0.7062,0.0,0.0,1.7998,,,,,,,,,crf_only,pourvoir,V,,
olympique,ADJ,B1,beacco,5.9746,10.108,0.5869,10.0566,5.9746,3.0277,8.2019,0.0,10.108,1.1093,6.8476,7.7951,2.2839,4.139,0.0,8.0505,B1,word_pos,olympique,A,olympique,ADJ
poème,NOUN,B1,beacco,5.9475,16.6062,0.8841,7.9603,5.9475,20.3705,52.5248,0.0,16.6062,0.9121,16.042,3.6048,17.7043,40.0479,0.0,15.2658,B1,word_pos,poème,N,poème,NOM
ticket,NOUN,B1,beacco,5.9333,10.4019,5.9587,3.8327,5.9333,4.5416,12.4046,0.0,10.4019,3.7906,6.5775,3.7679,2.2839,6.0005,0.0,7.0946,B1,word_pos,ticket,N,ticket,NOM
doré,ADJ,B1,beacco,5.9022,3.4352,0.4996,0.6939,5.9022,0.0,2.0505,0.0,3.4352,7.2313,0.7079,0.4317,0.0,0.0,0.0,2.1219,B1,word_pos,doré,A,doré,ADJ
participant,ADJ,B1,beacco,5.8878,1.7783,0.0,0.3702,5.8878,0.0,0.0,0.0,1.7783,0.0,4.633,3.7375,0.0,0.0,0.0,2.4407,B1,word_pos,participant,A,participant,ADJ
silhouette,NOUN,B1,beacco,5.8784,13.0333,0.0,4.7864,5.8784,45.9094,19.6975,0.0,13.0333,0.0,9.0108,7.2622,41.2847,20.024,0.0,14.3379,B1,word_pos,silhouette,N,silhouette,NOM
au - delà,ADV,B1,crf_first_attested,5.8535,2.7376,0.0,0.0,5.8535,0.0,3.2084,6.4938,2.7376,,,,,,,,,crf_only,au - delà,ADV,,
navette,NOUN,B1,beacco,5.8344,4.4105,0.0,6.2681,5.8344,0.0,3.2084,0.0,4.4105,0.0,4.4753,6.4999,0.0,3.4423,0.0,2.5938,B1,word_pos,navette,N,navette,NOM
élu,ADJ,B1,crf_first_attested,5.8212,0.9919,0.0,0.0,5.8212,0.0,0.0,0.0,0.9919,,,,,,,,,crf_only,élu,A,,
à peu près la même,ADV,B1,crf_first_attested,5.8206,1.0409,0.0,0.0,5.8206,0.0,0.0,0.0,1.0409,,,,,,,,,crf_only,à peu près la même,ADV,,
speedating,NOUN,B1,crf_first_attested,5.7978,1.024,0.0,0.0,5.7978,0.0,0.0,0.0,1.024,,,,,,,,,crf_only,speedating,N,,
supérieur,NOUN,B1,beacco,5.7964,3.5552,0.0,4.2104,5.7964,0.7062,0.0,0.0,3.5552,0.0,3.7938,4.5587,1.2705,0.0,0.0,3.7622,B1,word_pos,supérieur,N,supérieur,NOM
cinématographique,ADJ,B1,beacco,5.7797,4.0362,0.0,1.4809,5.7797,0.8259,1.6042,0.0,4.0362,0.0,2.4241,4.4575,1.3018,3.4423,0.0,5.7606,B1,word_pos,cinématographique,A,cinématographique,ADJ
au large,ADV,B1,crf_first_attested,5.7677,1.1235,0.0,0.0,5.7677,0.0,0.0,0.0,1.1235,,,,,,,,,crf_only,au large,ADV,,
fiction,NOUN,B1,beacco,5.7577,37.2991,0.0,11.5109,5.7577,8.8358,51.5512,237.7077,37.2991,0.0,1.2456,6.2642,8.4014,20.024,260.0374,25.0225,B1,word_pos,fiction,N,fiction,NOM
sensation,NOUN,B1,beacco,5.756,20.7339,2.4979,2.6955,5.756,12.1109,103.3835,12.9876,20.7339,1.8928,4.2499,8.1125,4.5679,101.622,12.833,19.092,B1,word_pos,sensation,N,sensation,NOM
joyeusement,ADV,B1,beacco,5.7334,2.9033,0.4014,1.957,5.7334,0.0,0.0,0.0,2.9033,0.7319,3.9526,2.6486,0.0,0.0,0.0,3.3057,B1,word_pos,joyeusement,ADV,joyeusement,ADV
fiancé,NOUN,B1,beacco,5.7302,4.8712,0.0,0.0,5.7302,10.2736,9.3035,0.0,4.8712,0.0,0.7079,14.4474,27.6849,12.0009,0.0,12.1152,B1,word_pos,fiancé,N,fiancé,NOM
condamnation,NOUN,B1,beacco,5.7224,2.9104,0.0,4.9041,5.7224,0.0,0.0,0.0,2.9104,0.0,7.7744,2.5801,0.0,0.0,0.0,3.1226,B1,word_pos,condamnation,N,condamnation,NOM
dominant,ADJ,B1,beacco,5.7212,5.166,0.0,0.0,5.7212,4.5416,24.6958,0.0,5.166,0.0,0.9327,7.5611,2.2839,12.4171,0.0,6.8959,B1,word_pos,dominant,A,dominant,ADJ
cliché,NOUN,B1,beacco,5.7018,4.7943,0.0,0.5054,5.7018,1.1509,12.4046,0.0,4.7943,0.0,1.0275,6.8209,0.911,6.0005,0.0,4.8354,B1,word_pos,cliché,N,cliché,NOM
étouffer,VERB,B1,beacco,5.7001,7.2557,0.0,3.4107,5.7001,14.0699,4.101,0.0,7.2557,0.0,4.1382,8.271,8.3751,4.139,0.0,8.009,B1,word_pos,étouffer,V,étouffer,VER
géant,NOUN,B1,beacco,5.6993,7.3618,0.5081,12.5283,5.6993,0.0,3.1012,12.9876,7.3618,7.2715,36.225,23.7751,0.911,6.8846,12.833,22.9266,B1,word_pos,géant,N,géant,NOM
replier,VERB,B1,beacco,5.6514,8.654,0.0,5.8751,5.6514,3.8221,34.728,0.0,8.654,0.0,3.6333,3.5957,0.3387,20.6179,0.0,4.761,B1,word_pos,replier,V,replier,VER
sire,NOUN,B1,beacco,5.6326,6.3278,,,,,,,,2.5037,1.1553,5.6326,0.0,3.4423,0.0,6.3278,B1,beacco_only,,,sire,NOM
depuis de,PREP,B1,crf_first_attested,5.6196,0.9794,0.0,0.0,5.6196,0.0,0.0,0.0,0.9794,,,,,,,,,crf_only,depuis de,PREP,,
à la façon de,PREP,B1,crf_first_attested,5.6168,1.0073,0.0,0.0,5.6168,0.0,0.0,0.0,1.0073,,,,,,,,,crf_only,à la façon de,PREP,,
pichenottes,NOUN,B1,crf_first_attested,5.6049,0.516,0.0,0.0,5.6049,0.0,0.0,0.0,0.516,,,,,,,,,crf_only,pichenottes,N,,
survivre,VERB,B1,beacco,5.6031,10.1155,0.0,2.8484,5.6031,6.0554,61.1564,0.0,10.1155,0.0,3.7964,5.2747,4.5679,65.168,0.0,10.0045,B1,word_pos,survivre,V,survivre,VER
en jeu,ADV,B1,crf_first_attested,5.5646,3.056,0.0,0.0,5.5646,0.7062,4.101,0.0,3.056,,,,,,,,,crf_only,en jeu,ADV,,
science-fiction,NOUN,B1,beacco,5.4885,4.2371,,,,,,,,0.0,4.7165,5.4885,0.0,6.0005,0.0,4.2371,B1,beacco_only,,,science-fiction,NOM
jalousie,NOUN,B1,beacco,5.4794,7.1299,0.3158,14.276,5.4794,0.0,0.0,0.0,7.1299,0.6291,16.8934,7.981,0.0,0.0,0.0,7.5651,B1,word_pos,jalousie,N,jalousie,NOM
hausse,NOUN,B1,beacco,5.4717,8.8792,1.3242,7.3134,5.4717,1.5139,33.6238,0.0,8.8792,1.2635,6.3096,10.1617,2.2839,36.8208,0.0,10.6327,B1,word_pos,hausse,N,hausse,NOM
de sorte que,CONJ,B1,crf_first_attested,5.4551,2.4313,0.0,0.0,5.4551,3.0277,3.1012,0.0,2.4313,,,,,,,,,crf_only,de sorte que,CONJS,,
tâche,NOUN,B1,beacco,5.4349,19.5523,9.9915,1.2835,5.4349,1.4125,46.1996,287.2427,19.5523,3.7857,1.2456,10.3624,2.5411,54.0583,360.8378,24.5501,B1,word_pos,tâche,N,tâche,NOM
reproche,NOUN,B1,beacco,5.4339,5.9911,0.5197,4.5051,5.4339,6.1216,0.0,0.0,5.9911,1.1123,4.542,3.5058,8.2287,0.0,0.0,5.9137,B1,word_pos,reproche,N,reproche,NOM
prière,NOUN,B1,beacco,5.397,15.5673,7.2746,44.1407,5.397,1.5139,1.6042,0.0,15.5673,7.0973,44.7234,4.8588,2.2839,3.4423,0.0,16.8616,B1,word_pos,prière,N,prière,NOM
marchandise,NOUN,B1,beacco,5.3666,9.3555,0.5727,6.5916,5.3666,14.6761,8.2019,0.0,9.3555,1.1556,6.3708,7.7393,9.013,8.2781,0.0,13.0176,B1,word_pos,marchandise,N,marchandise,NOM
progressivement,ADV,B1,beacco,5.3655,15.6939,0.4996,2.2316,5.3655,0.0,143.2803,19.4814,15.6939,0.9464,4.7285,7.6994,0.0,116.5686,25.6659,16.4129,B1,word_pos,progressivement,ADV,progressivement,ADV
suffisant,ADJ,B1,beacco,5.3645,6.4057,0.0,1.2634,5.3645,4.9436,2.0505,22.1371,6.4057,0.0,2.5687,3.4815,1.2705,4.139,43.8345,6.4135,B1,word_pos,suffisant,A,suffisant,ADJ
incapable,ADJ,B1,beacco,5.3586,13.5865,0.4068,18.9542,5.3586,16.0509,8.2019,0.0,13.5865,0.8075,14.7068,2.8823,20.8331,4.139,0.0,12.4881,B1,word_pos,incapable,A,incapable,ADJ
cnrs,NOUN,B1,crf_first_attested,5.3499,14.6072,0.0,0.0,5.3499,0.0,123.3975,119.3029,14.6072,,,,,,,,,crf_only,cnrs,N,,
hé bien,ADV,B1,crf_first_attested,5.3427,0.9931,0.0,0.0,5.3427,0.0,0.0,0.0,0.9931,,,,,,,,,crf_only,hé bien,ADV,,
portée,NOUN,B1,beacco,5.3293,7.4109,0.0,0.7405,5.3293,0.0,37.6721,44.2742,7.4109,0.0,5.8259,7.6424,0.0,60.4644,43.8345,10.9492,B1,word_pos,portée,N,portée,NOM
commencement,NOUN,B1,beacco,5.3281,6.698,0.0,13.4804,5.3281,7.9161,0.0,0.0,6.698,0.0,6.613,7.622,16.5843,0.0,0.0,8.2518,B1,word_pos,commencement,N,commencement,NOM
hommage,NOUN,B1,beacco,5.3247,6.8338,0.0,6.8155,5.3247,1.7264,0.0,39.0461,6.8338,0.0,8.5171,7.5797,0.911,0.0,4.0185,7.2302,B1,word_pos,hommage,N,hommage,NOM
absolu,ADJ,B1,beacco,5.3241,7.3205,1.895,2.803,5.3241,2.1187,9.8488,39.0461,7.3205,0.6291,1.2017,0.4317,1.2705,18.0014,44.6051,7.9731,B1,word_pos,absolu,A,absolu,ADJ
pause,NOUN,B1,beacco,5.3024,5.1562,0.8841,11.5919,5.3024,0.0,0.0,0.0,5.1562,0.0,20.1287,10.1957,0.0,0.0,0.0,7.7819,B1,word_pos,pause,N,pause,NOM
uniforme,NOUN,B1,beacco,5.2973,4.1212,3.6377,0.0,5.2973,0.0,12.4046,0.0,4.1212,6.6738,0.7079,9.4561,0.0,24.0018,0.0,8.3394,B1,word_pos,uniforme,N,uniforme,NOM
convention,NOUN,B1,beacco,5.2859,14.5765,0.0,2.803,5.2859,0.0,165.5153,2.0587,14.5765,0.0,1.2017,12.4858,2.2839,199.9316,44.6051,22.4547,B1,word_pos,convention,N,convention,NOM
ventre,NOUN,B1,beacco,5.2777,7.9587,0.2738,0.4234,5.2777,0.0,25.3674,9.6228,7.9587,0.5987,0.8313,6.3313,0.0,31.3528,19.328,11.173,B1,word_pos,ventre,N,ventre,NOM
quitte à,PREP,B1,crf_first_attested,5.2715,2.474,0.0,0.0,5.2715,0.0,13.8696,0.0,2.474,,,,,,,,,crf_only,quitte à,PREP,,
conservateur,NOUN,B1,beacco,5.2664,3.8524,0.0,3.1687,5.2664,0.0,9.3035,0.0,3.8524,0.0,4.9127,3.7679,0.0,6.0005,0.0,3.6236,B1,word_pos,conservateur,N,conservateur,NOM
tu te rends compte,ADV,B1,crf_first_attested,5.2299,0.9782,0.0,0.0,5.2299,0.0,0.0,0.0,0.9782,,,,,,,,,crf_only,tu te rends compte,ADV,,
nord,ADJ,B1,beacco,5.2233,4.0994,0.0,4.5942,5.2233,1.5139,1.6042,0.0,4.0994,0.0,1.2017,17.0489,9.0915,19.861,0.0,10.9413,B1,word_pos,nord,A,nord,ADJ
calculer,VERB,B1,beacco,5.2177,14.9699,0.0,4.8997,5.2177,10.5566,96.7117,19.2455,14.9699,0.0,9.895,7.5617,18.9886,56.8202,19.328,15.9994,B1,word_pos,calculer,V,calculer,VER
permis de conduire,NOUN,B1,crf_first_attested,5.1971,0.9611,0.0,0.0,5.1971,0.0,0.0,0.0,0.9611,,,,,,,,,crf_only,permis de conduire,N,,
conclusions,NOUN,B1,crf_first_attested,5.1907,6.3235,0.0,0.0,5.1907,6.8216,15.5058,19.4814,6.3235,,,,,,,,,crf_only,conclusions,N,,
accru,ADJ,B1,crf_first_attested,5.1639,6.2389,0.0,0.0,5.1639,0.0,46.1996,39.0192,6.2389,,,,,,,,,crf_only,accru,A,,
physique,NOUN,B1,beacco,5.1381,25.8359,0.4996,18.2509,5.1381,16.1441,162.6395,0.0,25.8359,0.0,3.8895,0.6378,6.5091,49.1091,0.0,8.679,B1,word_pos,physique,N,physique,NOM
subventionner,VERB,B1,beacco,5.1078,5.0344,0.0,2.9647,5.1078,4.9436,0.0,0.0,5.0344,0.0,3.1313,3.6369,1.2705,0.0,0.0,2.6341,B1,word_pos,subventionner,V,subventionner,VER
dette,NOUN,B1,beacco,5.0797,4.5362,0.0,11.3547,5.0797,0.0,0.0,0.0,4.5362,0.0,8.9581,11.2743,0.0,0.0,0.0,5.7068,B1,word_pos,dette,N,dette,NOM
sculpteur,NOUN,B1,beacco,5.0695,9.1954,2.6523,6.4572,5.0695,15.3545,6.2023,0.0,9.1954,2.7364,4.7328,7.2096,19.0113,6.0005,0.0,10.249,B1,word_pos,sculpteur,N,sculpteur,NOM
nucléaire,NOUN,B1,beacco,5.0439,9.1154,0.0,0.2439,5.0439,0.0,30.8006,292.2205,9.1154,0.9464,3.7964,0.0,0.0,0.0,346.4902,15.4874,B1,word_pos,nucléaire,N,nucléaire,NOM
éditeur,NOUN,B1,beacco,5.017,28.2896,1.1385,0.8468,5.017,7.0375,220.3078,68.1256,28.2896,2.3528,1.247,2.3426,12.6911,185.5004,86.9662,27.7642,B1,word_pos,éditeur,N,éditeur,NOM
joignable,ADJ,B1,crf_first_attested,5.017,0.8029,0.0,0.0,5.017,0.0,0.0,0.0,0.8029,,,,,,,,,crf_only,joignable,A,,
interpeller,VERB,B1,beacco,4.9901,5.984,0.0,10.8332,4.9901,0.0,6.1515,0.0,5.984,0.0,9.2995,7.1924,0.0,12.4171,0.0,7.9511,B1,word_pos,interpeller,V,interpeller,VER
toute,ADV,B1,beacco,4.9896,6.2908,,,,,,,,0.0,1.0679,4.9896,25.1065,0.0,0.0,6.2908,B1,beacco_only,,,toute,ADV
trottoir,NOUN,B1,beacco,4.9795,20.0396,0.0,13.6096,4.9795,29.6985,56.781,0.0,20.0396,0.0,17.2794,8.7004,47.1053,41.1274,0.0,20.7684,B1,word_pos,trottoir,N,trottoir,NOM
imposant,ADJ,B1,beacco,4.977,6.8716,0.3983,2.0997,4.977,7.329,3.1012,28.8683,6.8716,0.0,4.1513,3.4656,1.3018,0.0,19.328,4.3853,B1,word_pos,imposant,A,imposant,ADJ
insulte,NOUN,B1,beacco,4.9751,11.0614,0.0,1.5161,4.9751,3.0277,41.5144,25.9752,11.0614,0.0,1.0275,6.4575,2.2839,58.4378,12.833,11.3101,B1,word_pos,insulte,N,insulte,NOM
baiser,VERB,B1,crf_first_attested,4.9704,0.9322,0.0,0.0,4.9704,0.0,0.0,0.0,0.9322,,,,,,,,,crf_only,baiser,V,,
en tête du,PREP,B1,crf_first_attested,4.9693,1.9773,0.0,0.0,4.9693,0.7062,2.0505,0.0,1.9773,,,,,,,,,crf_only,en tête du,PREP,,
mitigé,ADJ,B1,crf_first_attested,4.9491,0.8728,0.0,0.0,4.9491,0.0,0.0,0.0,0.8728,,,,,,,,,crf_only,mitigé,A,,
fréquentation,NOUN,B1,beacco,4.9444,3.0431,0.0,4.4968,4.9444,0.0,0.0,0.0,3.0431,0.0,4.5858,3.6187,0.0,0.0,0.0,2.4333,B1,word_pos,fréquentation,N,fréquentation,NOM
signaler,VERB,B1,beacco,4.9353,12.8986,0.0,3.921,4.9353,10.2418,30.3551,93.2201,12.8986,0.0,3.9412,3.6369,11.6267,31.3528,52.5084,12.115,B1,word_pos,signaler,V,signaler,VER
concernant,NOUN,B1,crf_first_attested,4.9353,0.8661,0.0,0.0,4.9353,0.0,0.0,0.0,0.8661,,,,,,,,,crf_only,concernant,N,,
dans le même temps,ADV,B1,crf_first_attested,4.9235,1.7697,0.0,0.0,4.9235,0.0,0.0,12.9876,1.7697,,,,,,,,,crf_only,dans le même temps,ADV,,
pratiquement,ADV,B1,beacco,4.9229,7.4585,0.0,1.0395,4.9229,11.928,4.101,19.4814,7.4585,0.0,1.0425,11.9422,8.7861,8.2781,12.833,9.7516,B1,word_pos,pratiquement,ADV,pratiquement,ADV
aménager,VERB,B1,beacco,4.9155,7.8255,0.0,19.5813,4.9155,0.5285,0.0,28.8683,7.8255,0.0,14.9199,6.206,0.8102,0.0,19.328,8.445,B1,word_pos,aménager,V,aménager,VER
règle,NOUN,B1,beacco,4.9143,11.5589,0.6621,5.0185,4.9143,28.7736,18.7334,9.6228,11.5589,1.2635,3.888,13.8571,25.7572,27.403,19.328,16.1558,B1,word_pos,règle,N,règle,NOM
fauteuil,NOUN,B1,beacco,4.8776,8.4888,1.718,4.0044,4.8776,24.6946,0.0,0.0,8.4888,1.1556,3.7123,7.3938,42.25,0.0,0.0,11.7592,B1,word_pos,fauteuil,N,fauteuil,NOM
ménager,ADJ,B1,beacco,4.8619,4.3679,2.4979,1.8512,4.8619,0.0,1.6042,0.0,4.3679,0.9464,3.0302,5.4966,0.0,19.861,0.0,7.1258,B1,word_pos,ménager,A,ménager,ADJ
cinquantaine,NOUN,B1,beacco,4.8584,7.7467,0.6621,3.5374,4.8584,9.1168,6.4168,0.0,7.7467,1.2635,4.4863,5.3066,12.0408,3.4423,0.0,8.9032,B1,word_pos,cinquantaine,N,cinquantaine,NOM
rédaction,NOUN,B1,beacco,4.8584,4.4351,0.5727,0.5054,4.8584,2.1187,3.1012,0.0,4.4351,1.1556,1.0275,5.1837,1.2705,6.0005,0.0,5.8018,B1,word_pos,rédaction,N,rédaction,NOM
adepte,NOUN,B1,beacco,4.8363,3.6869,0.0,2.2236,4.8363,3.0277,3.1012,0.0,3.6869,0.0,4.4769,6.6448,2.2839,12.0009,0.0,6.7039,B1,word_pos,adepte,N,adepte,NOM
anticiper,VERB,B1,beacco,4.8342,3.588,0.0,0.2117,4.8342,0.0,12.3029,0.0,3.588,0.0,4.486,10.0381,0.0,8.2781,0.0,6.2143,B1,word_pos,anticiper,V,anticiper,VER
promotion,NOUN,B1,beacco,4.8315,8.9029,0.4996,1.4837,4.8315,4.5416,8.2019,57.0668,8.9029,0.9464,3.1491,6.0248,2.2839,16.5561,86.9662,12.6591,B1,word_pos,promotion,N,promotion,NOM
case,NOUN,B1,beacco,4.8169,4.8556,0.0,0.8456,4.8169,0.0,24.8092,0.0,4.8556,0.0,1.2017,6.7315,0.0,12.0009,0.0,4.8337,B1,word_pos,case,N,case,NOM
rarement,ADV,B1,beacco,4.7909,18.9105,1.9983,14.1238,4.7909,16.389,59.5216,38.491,18.9105,1.8928,11.4948,6.9541,16.2097,49.5147,57.984,19.3452,B1,word_pos,rarement,ADV,rarement,ADV
renseignement,NOUN,B1,beacco,4.7798,4.0472,0.5197,5.1904,4.7798,0.0,4.101,0.0,4.0472,1.1123,8.8852,9.6043,0.0,4.139,0.0,8.0066,B1,word_pos,renseignement,N,renseignement,NOM
elle-même,PRON,B1,beacco,4.7626,25.1567,,,,,,,,0.0,35.6471,4.7626,31.0174,20.6951,86.9662,25.1567,B1,beacco_only,,,elle-même,PRO
à fond,ADV,B1,crf_first_attested,4.7577,0.8607,0.0,0.0,4.7577,0.0,0.0,0.0,0.8607,,,,,,,,,crf_only,à fond,ADV,,
poids,NOUN,B1,beacco,4.7457,11.889,0.0,26.5509,4.7457,1.5139,2.0505,67.3593,11.889,0.0,24.9631,7.1134,2.2839,4.139,77.312,14.8223,B1,word_pos,poids,N,poids,NOM
référence,NOUN,B1,beacco,4.681,20.078,0.8841,5.5727,4.681,6.0554,33.3358,128.5112,20.078,1.8243,6.1835,5.294,4.5679,60.4644,80.9493,19.8427,B1,word_pos,référence,N,référence,NOM
le mille,DET,B1,crf_first_attested,4.681,0.8224,0.0,0.0,4.681,0.0,0.0,0.0,0.8224,,,,,,,,,crf_only,le mille,DET,,
arroser,VERB,B1,beacco,4.6798,7.4974,0.5025,6.5756,4.6798,12.2423,0.0,6.4938,7.4974,0.9051,4.8004,3.1164,9.1403,0.0,12.833,6.8405,B1,word_pos,arroser,V,arroser,VER
global,ADJ,B1,beacco,4.6735,14.0882,0.0,3.8551,4.6735,4.9436,87.3047,19.4814,14.0882,0.0,3.6523,3.7375,2.5411,90.4055,12.833,11.5062,B1,word_pos,global,A,global,ADJ
hélas,ADV,B1,beacco,4.6735,0.8269,0.0,0.0,4.6735,0.0,0.0,0.0,0.8269,1.2635,1.8333,26.1613,1.8983,0.0,0.0,10.8961,B1,unique_word,hélas,ADV,hélas,INT
ruban,NOUN,B1,beacco,4.6062,10.4645,2.5125,7.586,4.6062,12.3135,0.0,19.4814,10.4645,0.9051,1.2017,3.196,17.6317,0.0,12.833,7.165,B1,word_pos,ruban,N,ruban,NOM
présent,NOUN,B1,beacco,4.5588,5.3756,1.1453,0.9141,4.5588,1.5139,18.6069,0.0,5.3756,1.1556,0.7459,22.88,6.0629,49.1091,0.0,14.2185,B1,word_pos,présent,N,présent,NOM
craquer,VERB,B1,beacco,4.5537,12.595,0.7622,21.4366,4.5537,0.8259,42.058,0.0,12.595,0.5504,11.3832,3.3494,1.3018,20.6179,0.0,8.1317,B1,word_pos,craquer,V,craquer,VER
concret,ADJ,B1,beacco,4.5527,6.6709,0.0,2.2948,4.5527,1.1509,15.6669,19.4814,6.6709,0.0,4.5709,5.2747,0.911,31.3528,12.833,9.1052,B1,word_pos,concret,A,concret,ADJ
passager,NOUN,B1,beacco,4.4981,15.163,0.5693,7.795,4.4981,19.6801,34.1127,0.0,15.163,1.1764,8.7947,0.933,11.4197,42.0032,0.0,15.3133,B1,word_pos,passager,N,passager,NOM
à l' envie de,PREP,B1,crf_first_attested,4.4946,0.8717,0.0,0.0,4.4946,0.0,0.0,0.0,0.8717,,,,,,,,,crf_only,à l' envie de,PREP,,
rêverie,NOUN,B1,beacco,4.491,4.367,0.0,7.0078,4.491,0.0,6.2023,0.0,4.367,0.0,7.7181,0.4317,0.0,6.0005,0.0,2.9425,B1,word_pos,rêverie,N,rêverie,NOM
d' autant plus,ADV,B1,crf_first_attested,4.4908,9.8511,0.0,0.0,4.4908,8.7882,78.6376,9.6228,9.8511,,,,,,,,,crf_only,d' autant plus,ADV,,
foncer,VERB,B1,beacco,4.4712,8.8083,0.5477,9.7973,4.4712,15.2808,0.0,0.0,8.8083,0.5987,4.6393,2.934,0.8102,0.0,0.0,4.3893,B1,word_pos,foncer,V,foncer,VER
chausser,VERB,B1,beacco,4.4655,9.3476,1.005,10.7529,4.4655,9.1168,1.6042,0.0,9.3476,0.0,3.8021,0.5857,0.0,3.4423,0.0,2.4581,B1,word_pos,chausser,V,chausser,VER
héberger,VERB,B1,beacco,4.4655,3.8974,0.0,3.2342,4.4655,0.0,6.2023,0.0,3.8974,0.0,3.9158,2.501,0.0,6.0005,0.0,2.0422,B1,word_pos,héberger,V,héberger,VER
dessus,ADV,B1,beacco,4.4653,1.4148,0.0,0.0,4.4653,0.8949,0.0,0.0,1.4148,0.5987,14.4785,30.8402,18.1767,3.4423,56.7717,21.1179,B1,word_pos,dessus,ADV,dessus,ADV
en faveur de,PREP,B1,crf_first_attested,4.4558,3.8449,0.0,0.0,4.4558,0.0,15.7275,38.491,3.8449,,,,,,,,,crf_only,en faveur de,PREP,,
affolé,ADJ,B1,crf_first_attested,4.4478,0.8159,0.0,0.0,4.4478,0.0,0.0,0.0,0.8159,,,,,,,,,crf_only,affolé,A,,
regrouper,VERB,B1,beacco,4.4437,20.9485,0.5025,11.0048,4.4437,8.5241,94.3999,126.4605,20.9485,0.9051,4.6396,5.741,9.8252,80.2315,56.7717,17.2623,B1,word_pos,regrouper,V,regrouper,VER
accélérer,VERB,B1,beacco,4.4437,3.8753,0.0,0.5168,4.4437,0.0,13.8696,9.6228,3.8753,0.0,1.0679,3.5715,0.0,20.6179,19.328,4.4949,B1,word_pos,accélérer,V,accélérer,VER
en grande partie,ADV,B1,crf_first_attested,4.4437,1.4592,0.0,0.0,4.4437,0.0,2.0505,0.0,1.4592,,,,,,,,,crf_only,en grande partie,ADV,,
marié,NOUN,B1,beacco,4.4384,7.4873,0.0,11.2859,4.4384,1.5139,4.101,9.6228,7.4873,0.0,15.0098,5.3238,1.8983,8.2781,19.328,10.4531,B1,word_pos,marié,N,marié,NOM
adieu,NOUN,B1,beacco,4.4353,2.5053,0.0,0.7796,4.4353,0.5755,0.0,0.0,2.5053,0.0,9.8283,35.2953,0.0,6.0005,0.0,13.9556,B1,word_pos,adieu,N,adieu,NOM
tremblant,ADJ,B1,beacco,4.4353,2.4049,0.0,2.9202,4.4353,0.0,0.0,0.0,2.4049,0.0,4.1986,3.3475,0.0,0.0,0.0,2.3494,B1,word_pos,tremblant,A,tremblant,ADJ
particularité,NOUN,B1,beacco,4.4324,11.3483,1.3242,10.4359,4.4324,0.0,9.3035,67.3593,11.3483,1.2635,13.0763,4.7209,0.0,12.0009,57.984,11.3875,B1,word_pos,particularité,N,particularité,NOM
paquebot,NOUN,B1,beacco,4.426,3.0572,0.0,6.4732,4.426,0.0,0.0,0.0,3.0572,0.0,6.6325,3.6187,0.0,0.0,0.0,3.0625,B1,word_pos,paquebot,N,paquebot,NOM
souffle,NOUN,B1,beacco,4.4221,10.3022,0.4068,6.6306,4.4221,4.9611,36.5308,4.1173,10.3022,0.8075,5.945,11.3679,8.7861,31.3528,4.0185,14.3272,B1,word_pos,souffle,N,souffle,NOM
décrocher,VERB,B1,beacco,4.4221,6.8794,0.0,6.0909,4.4221,6.0554,13.3747,0.0,6.8794,0.0,4.6417,8.7646,4.5679,19.861,0.0,8.677,B1,word_pos,décrocher,V,décrocher,VER
protestant,NOUN,B1,beacco,4.4089,3.7256,0.0,3.2088,4.4089,0.0,0.0,0.0,3.7256,0.0,1.8684,6.2674,0.0,0.0,0.0,3.4908,B1,word_pos,protestant,N,protestant,NOM
en public,ADV,B1,crf_first_attested,4.4061,0.7979,0.0,0.0,4.4061,0.0,0.0,0.0,0.7979,,,,,,,,,crf_only,en public,ADV,,
antarctique,NOUN,B1,crf_first_attested,4.3745,0.4027,0.0,0.0,4.3745,0.0,0.0,0.0,0.4027,,,,,,,,,crf_only,antarctique,N,,
choquant,ADJ,B1,beacco,4.3672,0.7707,0.0,0.0,4.3672,0.0,0.0,0.0,0.7707,0.0,1.0275,5.0872,0.0,4.139,0.0,3.2848,B1,word_pos,choquant,A,choquant,ADJ
pilote,NOUN,B1,beacco,4.3416,3.9501,0.0,0.2612,4.3416,0.7062,20.7298,0.0,3.9501,0.0,7.2772,3.5822,1.2705,41.1274,0.0,6.9536,B1,word_pos,pilote,N,pilote,NOM
tolérance,NOUN,B1,beacco,4.3292,6.177,0.6621,1.0107,4.3292,4.2374,10.2669,0.0,6.177,1.2635,1.0275,5.3614,2.5411,20.6179,0.0,7.8146,B1,word_pos,tolérance,N,tolérance,NOM
littoral,NOUN,B1,beacco,4.3292,3.0604,0.0,3.5373,4.3292,1.5139,0.0,0.0,3.0604,0.0,1.2017,5.3614,2.2839,0.0,0.0,3.6691,B1,word_pos,littoral,N,littoral,NOM
au bout du compte,ADV,B1,crf_first_attested,4.3292,2.0695,0.0,0.0,4.3292,0.0,0.0,28.5334,2.0695,,,,,,,,,crf_only,au bout du compte,ADV,,
en solo,ADV,B1,crf_first_attested,4.3116,1.9456,0.0,0.0,4.3116,0.0,9.3035,0.0,1.9456,,,,,,,,,crf_only,en solo,ADV,,
frotter,VERB,B1,beacco,4.2751,7.5249,0.2652,14.9708,4.2751,0.7062,0.0,0.0,7.5249,0.4856,12.8665,5.9679,1.2705,0.0,0.0,8.0482,B1,word_pos,frotter,V,frotter,VER
contexte,NOUN,B1,beacco,4.2551,20.542,0.0,5.8958,4.2551,5.3137,61.3515,362.1142,20.542,0.0,1.0679,5.09,9.1403,72.2624,213.1318,17.9057,B1,word_pos,contexte,N,contexte,NOM
cinéaste,NOUN,B1,beacco,4.2551,2.7925,0.0,1.8773,4.2551,1.5139,0.0,0.0,2.7925,0.0,3.9091,3.4815,2.2839,0.0,0.0,3.1024,B1,word_pos,cinéaste,N,cinéaste,NOM
prise,NOUN,B1,beacco,4.1793,16.3766,0.2541,0.2117,4.1793,20.7718,58.9191,114.1335,16.3766,0.0,4.4786,7.4124,9.0915,86.0088,173.9324,20.3651,B1,word_pos,prise,N,prise,NOM
avant - goût,NOUN,B1,crf_first_attested,4.1746,1.1686,0.0,0.0,4.1746,0.0,3.1012,0.0,1.1686,,,,,,,,,crf_only,avant - goût,N,,
mourant,ADJ,B1,beacco,4.1582,3.5496,0.0,7.337,4.1582,0.0,0.0,0.0,3.5496,0.0,4.6636,3.1948,0.0,0.0,0.0,2.029,B1,word_pos,mourant,A,mourant,ADJ
immobilier,ADJ,B1,beacco,4.1291,2.8455,0.5025,2.2659,4.1291,0.0,0.0,0.0,2.8455,0.9051,4.6534,2.8865,0.0,0.0,0.0,3.8812,B1,word_pos,immobilier,A,immobilier,ADJ
papillons,NOUN,B1,crf_first_attested,4.105,0.6994,0.0,0.0,4.105,0.0,0.0,0.0,0.6994,,,,,,,,,crf_only,papillons,N,,
drap,NOUN,B1,beacco,4.0982,9.4577,1.1385,7.3413,4.0982,9.8514,0.0,8.2347,9.4577,1.1764,12.2894,2.5792,13.6456,0.0,8.037,11.5834,B1,word_pos,drap,N,drap,NOM
rose,NOUN,B1,beacco,4.0886,9.9802,1.9983,10.1248,4.0886,0.0,9.3035,25.5316,9.9802,1.8928,3.0302,4.0444,0.0,6.0005,19.328,7.7315,B1,word_pos,rose,N,rose,NOM
fumeur,NOUN,B1,beacco,4.081,11.4075,1.2205,7.8839,4.081,9.0831,3.2084,0.0,11.4075,0.8075,15.0942,12.6344,4.5679,13.7692,0.0,15.3253,B1,word_pos,fumeur,N,fumeur,NOM
concurrence,NOUN,B1,beacco,4.0628,20.5454,1.2043,1.0107,4.0628,11.0662,45.2699,264.4126,20.5454,0.7319,1.0275,3.5206,9.0915,40.1357,112.15,12.7291,B1,word_pos,concurrence,N,concurrence,NOM
dépourvoir,VERB,B1,crf_first_attested,4.0356,2.1599,0.0,0.0,4.0356,1.5139,3.2084,0.0,2.1599,,,,,,,,,crf_only,dépourvoir,V,,
cigare,NOUN,B1,beacco,4.0135,4.3106,0.0,0.3469,4.0135,13.6247,0.0,0.0,4.3106,0.0,0.7079,5.1752,6.8518,0.0,0.0,4.5973,B1,word_pos,cigare,N,cigare,NOM
siens,NOUN,B1,crf_first_attested,4.0125,3.2765,0.0,0.0,4.0125,0.0,31.3338,0.0,3.2765,,,,,,,,,crf_only,siens,N,,
évaluer,VERB,B1,beacco,4.0055,16.4562,0.0,5.7266,4.0055,16.7664,55.3524,58.4441,16.4562,0.0,6.5784,7.5358,9.0915,69.823,38.4989,17.1224,B1,word_pos,évaluer,V,évaluer,VER
transmission,NOUN,B1,beacco,4.0055,15.0388,0.0,1.2993,4.0055,21.6201,59.4589,67.3593,15.0388,0.0,1.5638,5.4335,17.8055,66.4491,57.984,16.1608,B1,word_pos,transmission,N,transmission,NOM
basque,ADJ,B1,beacco,3.9704,11.296,10.2469,3.1223,3.9704,8.2709,6.1515,0.0,11.296,5.8819,7.7865,4.9238,8.3751,0.0,0.0,11.6598,B1,word_pos,basque,A,basque,ADJ
plate - forme,NOUN,B1,crf_first_attested,3.9683,3.6232,0.0,0.0,3.9683,7.5693,6.1515,0.0,3.6232,,,,,,,,,crf_only,plate - forme,N,,
issu,VERB,B1,crf_first_attested,3.9651,6.0716,0.0,0.0,3.9651,21.4046,22.8111,0.0,6.0716,,,,,,,,,crf_only,issu,V,,
critique,ADJ,B1,beacco,3.8811,11.2195,0.0,10.0541,3.8811,0.7062,28.7068,19.2455,11.2195,0.0,6.6325,12.2309,1.2705,16.5561,0.0,11.0625,B1,word_pos,critique,A,critique,ADJ
unir,VERB,B1,beacco,3.8692,8.0488,0.3983,0.2152,3.8692,0.0,42.058,38.491,8.0488,0.8346,3.8626,11.8477,9.1403,49.0825,19.328,14.7697,B1,word_pos,unir,V,unir,VER
portrait,NOUN,B1,beacco,3.8672,24.7256,7.5401,40.3978,3.8672,10.9897,21.7081,86.6048,24.7256,0.5987,19.7234,7.56,12.2697,12.0009,57.984,17.7136,B1,word_pos,portrait,N,portrait,NOM
prudent,ADJ,B1,beacco,3.8626,3.1606,0.0,3.7827,3.8626,0.0,0.0,12.9876,3.1606,0.0,4.6439,7.5558,0.0,0.0,12.833,4.6624,B1,word_pos,prudent,A,prudent,ADJ
stupéfait,ADJ,B1,crf_first_attested,3.8581,1.2113,0.0,0.0,3.8581,0.0,1.6042,0.0,1.2113,,,,,,,,,crf_only,stupéfait,A,,
tombée,NOUN,B1,beacco,3.8543,3.4651,0.0,9.6552,3.8543,0.0,0.0,0.0,3.4651,0.0,8.6575,3.0801,0.0,0.0,0.0,3.5073,B1,word_pos,tombée,N,tombée,NOM
gênant,ADJ,B1,beacco,3.84,4.6108,0.0,2.2022,3.84,3.0277,4.8126,0.0,4.6108,0.0,3.9526,3.4715,2.2839,3.4423,0.0,4.33,B1,word_pos,gênant,A,gênant,ADJ
cirque,NOUN,B1,beacco,3.8136,7.5793,0.0,2.231,3.8136,2.4776,25.5257,12.9876,7.5793,0.0,4.479,6.2818,1.3018,31.5653,12.833,9.7883,B1,word_pos,cirque,N,cirque,NOM
piquer,VERB,B1,beacco,3.8062,3.4195,0.0,0.5897,3.8062,0.0,15.1776,0.0,3.4195,0.0,1.8333,3.1016,0.0,20.024,0.0,3.7915,B1,word_pos,piquer,V,piquer,VER
alors même que,CONJ,B1,crf_first_attested,3.7893,1.8003,0.0,0.0,3.7893,0.0,6.1515,0.0,1.8003,,,,,,,,,crf_only,alors même que,CONJS,,
halte,NOUN,B1,beacco,3.7893,1.264,0.0,0.0,3.7893,0.7062,0.0,0.0,1.264,0.0,0.7079,7.5777,1.2705,0.0,0.0,3.611,B1,word_pos,halte,N,halte,NOM
réfugié,NOUN,B1,crf_first_attested,3.7797,0.6773,0.0,0.0,3.7797,0.0,0.0,0.0,0.6773,,,,,,,,,crf_only,réfugié,N,,
menacé,ADJ,B1,crf_first_attested,3.7756,1.4131,0.0,0.0,3.7756,3.0277,0.0,0.0,1.4131,,,,,,,,,crf_only,menacé,A,,
présider,VERB,B1,beacco,3.7685,4.3722,0.0,0.5168,3.7685,0.7062,6.1515,19.2455,4.3722,0.0,1.0679,7.18,1.2705,0.0,19.328,4.609,B1,word_pos,présider,V,présider,VER
d' autant,ADV,B1,crf_first_attested,3.7428,2.847,0.0,0.0,3.7428,0.7062,4.101,6.4938,2.847,,,,,,,,,crf_only,d' autant,ADV,,
lyonnais,ADJ,B1,beacco,3.7409,2.8476,0.0,1.8891,3.7409,0.0,0.0,0.0,2.8476,0.0,3.782,1.757,0.0,0.0,0.0,2.4297,B1,word_pos,lyonnais,A,lyonnais,ADJ
moral,ADJ,B1,beacco,3.7381,16.2045,0.0,15.7238,3.7381,40.9433,12.7628,25.9752,16.2045,0.0,12.1386,12.3897,44.5787,3.4423,25.6659,18.5868,B1,word_pos,moral,A,moral,ADJ
vide - ordures,NOUN,B1,crf_first_attested,3.7366,0.344,0.0,0.0,3.7366,0.0,0.0,0.0,0.344,,,,,,,,,crf_only,vide - ordures,N,,
pressant,ADJ,B1,beacco,3.7364,1.8457,0.0,0.5168,3.7364,0.0,0.0,6.4938,1.8457,0.0,1.0679,3.6369,0.0,0.0,12.833,2.528,B1,word_pos,pressant,A,pressant,ADJ
gigantesque,ADJ,B1,beacco,3.7305,7.6124,0.0,12.0777,3.7305,8.1945,4.101,9.6228,7.6124,0.0,4.2582,6.2742,14.0086,4.139,19.328,9.009,B1,word_pos,gigantesque,A,gigantesque,ADJ
automatiquement,ADV,B1,beacco,3.7305,4.4061,0.0,0.8468,3.7305,1.5139,15.7275,9.6228,4.4061,0.0,0.8313,2.501,2.2839,20.6179,19.328,5.2947,B1,word_pos,automatiquement,ADV,automatiquement,ADV
variable,ADJ,B1,beacco,3.7257,5.6275,0.0,6.6739,3.7257,0.0,25.7756,0.0,5.6275,0.0,6.8285,7.5617,0.0,31.3528,0.0,7.5132,B1,word_pos,variable,A,variable,ADJ
à venir,ADJ,B1,crf_first_attested,3.7257,1.8097,0.0,0.0,3.7257,0.0,0.0,6.176,1.8097,,,,,,,,,crf_only,à venir,A,,
en plein air,ADV,B1,crf_first_attested,3.7257,0.6978,0.0,0.0,3.7257,0.0,0.0,0.0,0.6978,,,,,,,,,crf_only,en plein air,ADV,,
à l' envers,ADV,B1,crf_first_attested,3.7214,2.1482,0.0,0.0,3.7214,3.5691,3.1012,0.0,2.1482,,,,,,,,,crf_only,à l' envers,ADV,,
esprits,NOUN,B1,crf_first_attested,3.7084,5.8511,0.0,0.0,3.7084,6.8216,28.892,9.6228,5.8511,,,,,,,,,crf_only,esprits,N,,
drapeau,NOUN,B1,beacco,3.6886,12.1866,0.5727,23.3929,3.6886,8.4175,26.2593,0.0,12.1866,1.1556,9.7606,7.1916,9.0915,20.6179,0.0,12.1981,B1,word_pos,drapeau,N,drapeau,NOM
uni,ADJ,B1,beacco,3.6699,9.7063,0.0,5.9546,3.6699,15.1386,26.2593,0.0,9.7063,0.0,1.2017,0.5531,9.1358,0.0,0.0,3.3488,B1,word_pos,uni,A,uni,ADJ
fonctionnaire,NOUN,B1,beacco,3.666,7.0228,0.0,4.2875,3.666,9.7124,4.101,19.2455,7.0228,0.8075,1.2456,3.5301,8.3751,8.2781,38.656,9.4436,B1,word_pos,fonctionnaire,N,fonctionnaire,NOM
palme,NOUN,B1,beacco,3.666,5.7902,0.5025,12.438,3.666,0.0,6.2023,0.0,5.7902,0.9051,12.1648,3.5301,0.0,12.0009,0.0,7.4291,B1,word_pos,palme,N,palme,NOM
nettoyage,NOUN,B1,beacco,3.6632,3.7438,0.0,6.9885,3.6632,0.0,1.6042,0.0,3.7438,0.0,4.7328,5.1989,0.0,3.4423,0.0,3.9425,B1,word_pos,nettoyage,N,nettoyage,NOM
permission,NOUN,B1,beacco,3.6589,3.6162,1.5934,3.933,3.6589,0.0,0.0,0.0,3.6162,0.8346,4.0903,7.1196,0.0,0.0,0.0,4.2557,B1,word_pos,permission,N,permission,NOM
répandu,ADJ,B1,crf_first_attested,3.6558,2.338,0.0,0.0,3.6558,1.5139,4.8126,0.0,2.338,,,,,,,,,crf_only,répandu,A,,
attentivement,ADV,B1,beacco,3.6524,9.8164,0.0,18.0376,3.6524,6.6068,0.0,0.0,9.8164,0.0,13.9799,0.6118,3.9054,0.0,0.0,6.6246,B1,word_pos,attentivement,ADV,attentivement,ADV
piège,NOUN,B1,beacco,3.6515,23.3054,0.0,13.095,3.6515,68.5652,31.3338,79.5562,23.3054,0.0,6.746,3.5861,66.8056,31.3528,56.7717,18.9456,B1,word_pos,piège,N,piège,NOM
en travers du,PREP,B1,crf_first_attested,3.6515,2.0357,0.0,0.0,3.6515,0.0,8.2019,0.0,2.0357,,,,,,,,,crf_only,en travers du,PREP,,
excuse,NOUN,B1,beacco,3.6485,4.7713,0.0,0.1425,3.6485,7.2463,12.4046,0.0,4.7713,0.0,4.0617,3.5736,8.7861,6.0005,0.0,5.6266,B1,word_pos,excuse,N,excuse,NOM
sans précédent,ADV,B1,crf_first_attested,3.6478,2.5236,0.0,0.0,3.6478,0.0,6.1515,6.4938,2.5236,,,,,,,,,crf_only,sans précédent,ADV,,
exprès de,PREP,B1,crf_first_attested,3.64,0.7284,0.0,0.0,3.64,0.0,0.0,0.0,0.7284,,,,,,,,,crf_only,exprès de,PREP,,
façade,NOUN,B1,beacco,3.6374,10.2359,0.9991,15.7243,3.6374,6.3426,3.1012,0.0,10.2359,0.9464,19.1299,7.104,3.2407,6.0005,0.0,11.9487,B1,word_pos,façade,N,façade,NOM
tous,NOUN,B1,beacco,3.6369,2.992,,,,,,,,1.1123,1.2017,3.6369,0.0,0.0,0.0,2.992,B1,beacco_only,,,tous,NOM
à ce point,ADV,B1,crf_first_attested,3.6211,1.7606,0.0,0.0,3.6211,1.1509,0.0,9.6228,1.7606,,,,,,,,,crf_only,à ce point,ADV,,
journal,ADJ,B1,beacco,3.6187,1.9388,,,,,,,,0.0,1.2017,3.6187,0.0,0.0,0.0,1.9388,B1,beacco_only,,,journal,ADJ
en - voiture,NOUN,B1,crf_first_attested,3.6181,0.3331,0.0,0.0,3.6181,0.0,0.0,0.0,0.3331,,,,,,,,,crf_only,en - voiture,N,,
à - pied,ADV,B1,crf_first_attested,3.6181,0.3331,0.0,0.0,3.6181,0.0,0.0,0.0,0.3331,,,,,,,,,crf_only,à - pied,ADV,,
communion,NOUN,B1,beacco,3.616,2.6764,0.0,3.3162,3.616,0.0,2.0505,0.0,2.6764,0.0,3.6137,4.7209,0.0,4.139,0.0,3.5845,B1,word_pos,communion,N,communion,NOM
dispositions,NOUN,B1,crf_first_attested,3.6124,3.7535,0.0,0.0,3.6124,6.0554,12.7628,0.0,3.7535,,,,,,,,,crf_only,dispositions,N,,
reprogrammation,NOUN,B1,crf_first_attested,3.6124,0.6555,0.0,0.0,3.6124,0.0,0.0,0.0,0.6555,,,,,,,,,crf_only,reprogrammation,N,,
égyptiens,NOUN,B1,crf_first_attested,3.6124,0.6555,0.0,0.0,3.6124,0.0,0.0,0.0,0.6555,,,,,,,,,crf_only,égyptiens,N,,
avec,ADV,B1,beacco,3.6048,16.9863,,,,,,,,0.9464,4.633,3.6048,51.8848,54.0583,0.0,16.9863,B1,beacco_only,,,avec,ADV
copain,ADJ,B1,beacco,3.6048,3.5264,,,,,,,,1.1556,4.5709,3.6048,0.0,0.0,0.0,3.5264,B1,beacco_only,,,copain,ADJ
donner vie,VERB,B1,crf_first_attested,3.5845,0.6478,0.0,0.0,3.5845,0.0,0.0,0.0,0.6478,,,,,,,,,crf_only,donner vie,V,,
seau,NOUN,B1,beacco,3.5828,2.6144,0.0,5.9769,3.5828,0.0,0.0,0.0,2.6144,0.0,2.6063,5.3191,0.0,0.0,0.0,2.7809,B1,word_pos,seau,N,seau,NOM
joueur,ADJ,B1,crf_first_attested,3.5805,0.6124,0.0,0.0,3.5805,0.0,0.0,0.0,0.6124,,,,,,,,,crf_only,joueur,A,,
gratter,VERB,B1,beacco,3.5793,2.3375,0.0,0.7835,3.5793,0.0,0.0,0.0,2.3375,0.0,4.2623,2.2924,0.0,0.0,0.0,2.3668,B1,word_pos,gratter,V,gratter,VER
baccalauréat,NOUN,B1,beacco,3.577,2.4284,0.4068,1.235,3.577,3.0277,4.101,0.0,2.4284,0.8075,0.6381,6.981,2.2839,8.2781,0.0,4.0535,B1,word_pos,baccalauréat,N,baccalauréat,NOM
sérieux,NOUN,B1,beacco,3.5535,3.7524,0.0,1.8512,3.5535,0.6707,1.6042,0.0,3.7524,0.0,12.4666,20.7363,9.5296,40.1357,0.0,16.3337,B1,word_pos,sérieux,N,sérieux,NOM
masqué,ADJ,B1,crf_first_attested,3.5485,0.619,0.0,0.0,3.5485,0.0,0.0,0.0,0.619,,,,,,,,,crf_only,masqué,A,,
air,X,B1,crf_first_attested,3.5452,0.6848,0.0,0.0,3.5452,0.0,0.0,0.0,0.6848,,,,,,,,,crf_only,air,X,,
file,NOUN,B1,beacco,3.5435,5.0662,0.5477,1.9936,3.5435,4.7249,3.2084,0.0,5.0662,0.5987,3.9981,0.7866,8.2319,6.8846,0.0,7.5461,B1,word_pos,file,N,file,NOM
renard,NOUN,B1,beacco,3.5433,1.478,0.0,0.7405,3.5433,0.0,0.0,0.0,1.478,0.0,1.2121,6.892,0.0,0.0,0.0,3.0352,B1,word_pos,renard,N,renard,NOM
bruire,VERB,B1,beacco,3.542,11.8548,,,,,,,,0.0,10.0707,3.542,54.5762,0.0,0.0,11.8548,B1,beacco_only,,,bruire,VER
mère,ADJ,B1,beacco,3.5358,8.9129,,,,,,,,7.3616,6.8542,3.5358,1.3018,20.024,0.0,8.9129,B1,beacco_only,,,mère,ADJ
soigneusement,ADV,B1,beacco,3.5327,2.2453,1.895,0.3469,3.5327,0.0,3.1012,0.0,2.2453,0.6291,0.7079,7.1761,0.0,6.0005,0.0,4.2283,B1,word_pos,soigneusement,ADV,soigneusement,ADV
cordes,NOUN,B1,crf_first_attested,3.513,0.9892,0.0,0.0,3.513,1.5139,0.0,0.0,0.9892,,,,,,,,,crf_only,cordes,N,,
couverte,NOUN,B1,crf_first_attested,3.513,0.6768,0.0,0.0,3.513,0.0,0.0,0.0,0.6768,,,,,,,,,crf_only,couverte,N,,
en rentrant,ADV,B1,crf_first_attested,3.513,0.6768,0.0,0.0,3.513,0.0,0.0,0.0,0.6768,,,,,,,,,crf_only,en rentrant,ADV,,
souris,NOUN,B1,beacco,3.5091,12.7057,0.0,5.8968,3.5091,1.7898,24.6958,138.7238,12.7057,0.0,3.0556,11.511,13.7435,19.861,173.9324,17.0061,B1,word_pos,souris,N,souris,NOM
à la hauteur de,PREP,B1,crf_first_attested,3.5066,3.5076,0.0,0.0,3.5066,10.6273,6.2023,0.0,3.5076,,,,,,,,,crf_only,à la hauteur de,PREP,,
photographier,VERB,B1,beacco,3.5061,10.1434,3.1181,2.7618,3.5061,2.6847,36.5308,0.0,10.1434,5.5615,3.9091,2.9677,1.8983,40.0479,0.0,9.8243,B1,word_pos,photographier,V,photographier,VER
grecque,ADJ,B1,beacco,3.5051,4.5072,,,,,,,,2.5271,1.2456,3.5051,0.911,0.0,0.0,4.5072,B1,beacco_only,,,grecque,ADJ
nouveau,NOUN,B1,beacco,3.5051,4.4837,,,,,,,,0.9121,4.5709,3.5051,0.0,6.0005,0.0,4.4837,B1,beacco_only,,,nouveau,NOM
efficacité,NOUN,B1,beacco,3.4834,7.4119,0.0,3.5374,3.4834,0.0,6.1515,100.8319,7.4119,0.0,7.9732,6.7747,0.0,8.2781,113.5434,10.5518,B1,word_pos,efficacité,N,efficacité,NOM
monte,NOUN,B1,beacco,3.4748,6.2268,0.0,7.9078,3.4748,6.5159,0.0,4.1173,6.2268,0.0,19.5238,0.487,0.0,0.0,4.0185,5.1656,B1,word_pos,monte,N,monte,NOM
regagner,VERB,B1,beacco,3.4579,1.7066,0.0,0.7796,3.4579,0.0,0.0,0.0,1.7066,0.0,1.5638,6.7513,0.0,0.0,0.0,3.0717,B1,word_pos,regagner,V,regagner,VER
filmer,VERB,B1,beacco,3.4535,12.8774,0.7622,33.7893,3.4535,1.4125,12.7628,0.0,12.8774,7.0947,50.1494,3.0304,2.5411,26.3397,0.0,19.1871,B1,word_pos,filmer,V,filmer,VER
opposition,NOUN,B1,beacco,3.4526,3.4078,0.0,3.8506,3.4526,0.5285,0.0,0.0,3.4078,0.0,1.2456,3.5715,0.8102,4.139,0.0,4.0425,B1,word_pos,opposition,N,opposition,NOM
pot,NOUN,B1,beacco,3.4501,23.0568,0.5477,71.3912,3.4501,28.9866,1.6042,9.6228,23.0568,0.5987,68.2073,6.4076,25.242,3.4423,19.328,25.8647,B1,word_pos,pot,N,pot,NOM
multinationale,NOUN,B1,crf_first_attested,3.441,3.7415,0.0,0.0,3.441,0.7062,18.4544,0.0,3.7415,,,,,,,,,crf_only,multinationale,N,,
agrandir,VERB,B1,beacco,3.4324,5.5115,0.0,12.8707,3.4324,5.4089,4.101,0.0,5.5115,0.0,9.6542,3.6048,17.7382,4.139,0.0,9.1046,B1,word_pos,agrandir,V,agrandir,VER
repasser,VERB,B1,beacco,3.4324,4.1886,0.0,3.6034,3.4324,0.0,9.3035,9.6228,4.1886,0.0,4.5697,6.5763,0.0,0.0,19.328,4.6555,B1,word_pos,repasser,V,repasser,VER
paysan,ADJ,B1,beacco,3.3954,5.7009,0.0,7.3322,3.3954,3.0277,14.569,0.0,5.7009,2.9277,20.881,6.0345,4.5679,36.8208,0.0,15.4461,B1,word_pos,paysan,A,paysan,ADJ
fuite,NOUN,B1,beacco,3.3888,11.5775,0.7967,10.987,3.3888,19.439,2.0505,0.0,11.5775,0.8346,10.0134,3.1409,10.5383,4.139,0.0,8.4401,B1,word_pos,fuite,N,fuite,NOM
coffret,NOUN,B1,beacco,3.3704,1.8145,0.0,0.6106,3.3704,0.0,0.0,0.0,1.8145,0.0,1.1553,7.1012,0.0,0.0,0.0,3.6784,B1,word_pos,coffret,N,coffret,NOM
souper,NOUN,B1,beacco,3.3648,2.7,0.3983,1.0337,3.3648,0.0,1.6042,0.0,2.7,0.8346,1.0679,5.0986,0.0,3.4423,0.0,3.9419,B1,word_pos,souper,N,souper,NOM
alterné,ADJ,B1,crf_first_attested,3.3575,0.567,0.0,0.0,3.3575,0.0,0.0,0.0,0.567,,,,,,,,,crf_only,alterné,A,,
à part entier,ADJ,B1,crf_first_attested,3.3575,0.567,0.0,0.0,3.3575,0.0,0.0,0.0,0.567,,,,,,,,,crf_only,à part entier,A,,
ouvrier,ADJ,B1,beacco,3.3449,4.9348,0.0,8.4651,3.3449,0.5755,1.6042,0.0,4.9348,0.0,15.5487,6.4704,0.911,3.4423,0.0,9.7093,B1,word_pos,ouvrier,A,ouvrier,ADJ
sélectif,ADJ,B1,beacco,3.3243,5.9833,0.0,3.239,3.3243,9.5656,13.8696,0.0,5.9833,0.0,5.8259,6.2597,8.4014,20.6179,0.0,8.6283,B1,word_pos,sélectif,A,sélectif,ADJ
description,NOUN,B1,beacco,3.3182,15.3867,0.0,7.3423,3.3182,32.3318,33.3358,105.3719,15.3867,0.0,2.1359,3.222,33.9154,40.1357,93.687,13.5124,B1,word_pos,description,N,description,NOM
clôture,NOUN,B1,beacco,3.2563,7.0087,0.0,2.2205,3.2563,21.194,0.0,0.0,7.0087,0.0,4.4611,1.9134,15.9876,0.0,0.0,7.0865,B1,word_pos,clôture,N,clôture,NOM
détacher,VERB,B1,beacco,3.2411,10.0351,0.7967,14.9547,3.2411,8.1945,25.3674,0.0,10.0351,1.6691,14.5766,3.5058,8.1049,41.1274,0.0,13.1013,B1,word_pos,détacher,V,détacher,VER
en forme de,PREP,B1,crf_first_attested,3.2364,0.6031,0.0,0.0,3.2364,0.0,0.0,0.0,0.6031,,,,,,,,,crf_only,en forme de,PREP,,
barreau,NOUN,B1,beacco,3.2346,2.2391,0.0,0.3469,3.2346,4.8035,0.0,0.0,2.2391,0.0,0.7079,5.0713,7.104,0.0,0.0,3.7032,B1,word_pos,barreau,N,barreau,NOM
blouse,NOUN,B1,beacco,3.2125,4.0581,0.0,7.7451,3.2125,0.0,0.0,0.0,4.0581,0.0,9.8253,2.9222,0.0,0.0,0.0,4.6068,B1,word_pos,blouse,N,blouse,NOM
autrement dit,ADV,B1,crf_first_attested,3.2071,10.7269,0.0,0.0,3.2071,9.0831,96.4087,6.4938,10.7269,,,,,,,,,crf_only,autrement dit,ADV,,
faute de,PREP,B1,crf_first_attested,3.2071,7.0349,0.0,0.0,3.2071,24.8557,16.4039,0.0,7.0349,,,,,,,,,crf_only,faute de,PREP,,
à l' approche de,PREP,B1,crf_first_attested,3.2071,0.5482,0.0,0.0,3.2071,0.0,0.0,0.0,0.5482,,,,,,,,,crf_only,à l' approche de,PREP,,
faiblesse,NOUN,B1,beacco,3.1903,7.7697,0.0,0.6351,3.1903,0.5755,24.3636,33.8071,7.7697,0.0,0.8313,2.934,0.911,27.9938,43.8345,7.5039,B1,word_pos,faiblesse,N,faiblesse,NOM
amélioration,NOUN,B1,beacco,3.1838,9.7188,0.0,5.5034,3.1838,1.6517,1.6042,173.905,9.7188,0.0,9.433,5.998,1.3018,6.8846,127.4317,15.1488,B1,word_pos,amélioration,N,amélioration,NOM
venues,ADJ,B1,crf_first_attested,3.1737,0.4921,0.0,0.0,3.1737,0.0,0.0,0.0,0.4921,,,,,,,,,crf_only,venues,A,,
impossible,NOUN,B1,beacco,3.1735,3.7462,,,,,,,,0.5987,3.7123,3.1735,0.0,4.139,0.0,3.7462,B1,beacco_only,,,impossible,NOM
au bord de,PREP,B1,crf_first_attested,3.1702,0.6713,0.0,0.0,3.1702,0.0,0.0,0.0,0.6713,,,,,,,,,crf_only,au bord de,PREP,,
accro,NOUN,B1,crf_first_attested,3.1298,1.5415,0.0,0.0,3.1298,0.0,1.6042,9.6228,1.5415,,,,,,,,,crf_only,accro,N,,
adèle,NOUN,B1,crf_first_attested,3.126,0.2878,0.0,0.0,3.126,0.0,0.0,0.0,0.2878,,,,,,,,,crf_only,adèle,N,,
allons,INT,B1,beacco,3.1164,1.6579,,,,,,,,0.0,3.5393,3.1164,0.0,0.0,0.0,1.6579,B1,beacco_only,,,allons,INT
carton,NOUN,B1,beacco,3.1138,22.436,0.2738,27.6492,3.1138,8.4175,83.0288,0.0,22.436,0.5987,16.1844,1.1717,9.0915,50.0526,0.0,14.3441,B1,word_pos,carton,N,carton,NOM
cabane,NOUN,B1,beacco,3.0885,5.2546,1.3242,11.049,3.0885,0.0,0.0,0.0,5.2546,1.2635,15.2643,5.0496,0.0,0.0,0.0,6.65,B1,word_pos,cabane,N,cabane,NOM
évènement,NOUN,B1,crf_first_attested,3.0755,0.4539,0.0,0.0,3.0755,0.0,0.0,0.0,0.4539,,,,,,,,,crf_only,évènement,N,,
en plus du,PREP,B1,crf_first_attested,3.0664,0.9362,0.0,0.0,3.0664,0.0,1.6042,0.0,0.9362,,,,,,,,,crf_only,en plus du,PREP,,
trompe - l' oeil,NOUN,B1,crf_first_attested,3.0638,0.5543,0.0,0.0,3.0638,0.0,0.0,0.0,0.5543,,,,,,,,,crf_only,trompe - l' oeil,N,,
bourgeoisie,NOUN,B1,beacco,3.0568,1.6643,0.0,0.9626,3.0568,0.0,0.0,0.0,1.6643,0.0,1.2456,3.222,0.0,0.0,0.0,1.9586,B1,word_pos,bourgeoisie,N,bourgeoisie,NOM
frissonner,VERB,B1,beacco,2.9498,2.9587,0.0,5.5343,2.9498,0.0,3.1012,0.0,2.9587,0.0,4.1482,5.9892,0.0,6.0005,0.0,4.2984,B1,word_pos,frissonner,V,frissonner,VER
rhume,NOUN,B1,beacco,2.9352,5.3216,0.0,16.7904,2.9352,0.0,2.0505,0.0,5.3216,0.0,15.4412,2.6301,0.0,4.139,0.0,5.444,B1,word_pos,rhume,N,rhume,NOM
invisible,ADJ,B1,beacco,2.9163,9.2024,0.0,6.8085,2.9163,0.0,6.2023,100.8319,9.2024,0.0,12.8433,2.2125,0.0,6.0005,113.6757,9.0717,B1,word_pos,invisible,A,invisible,ADJ
dans bien,ADV,B1,crf_first_attested,2.9163,1.2458,0.0,0.0,2.9163,0.0,0.0,6.4938,1.2458,,,,,,,,,crf_only,dans bien,ADV,,
écrit,NOUN,B1,beacco,2.9106,8.7776,0.0,2.803,2.9106,27.3555,18.6069,0.0,8.7776,0.0,1.2017,3.5957,18.9886,18.0014,0.0,8.6184,B1,word_pos,écrit,N,écrit,NOM
d' autant que,CONJ,B1,crf_first_attested,2.9106,5.2116,0.0,0.0,2.9106,33.6701,4.101,0.0,5.2116,,,,,,,,,crf_only,d' autant que,CONJS,,
revivre,VERB,B1,beacco,2.9106,1.9661,0.5081,0.5168,2.9106,0.0,3.2084,0.0,1.9661,0.5504,1.0679,3.5957,1.7933,3.4423,0.0,3.9851,B1,word_pos,revivre,V,revivre,VER
partiel,ADJ,B1,beacco,2.9104,6.5167,0.0,1.0107,2.9104,6.3236,15.5058,12.9876,6.5167,0.0,2.055,3.6369,8.4038,12.0009,12.833,7.0498,B1,word_pos,partiel,A,partiel,ADJ
interprète,NOUN,B1,beacco,2.9104,3.5405,0.4996,1.8745,2.9104,5.6486,0.0,0.0,3.5405,0.9464,3.839,0.6378,8.1049,0.0,0.0,4.6524,B1,word_pos,interprète,N,interprète,NOM
vague,ADJ,B1,beacco,2.9075,3.9958,0.0,2.2236,2.9075,1.1509,4.8126,0.0,3.9958,0.0,6.0017,15.757,0.911,6.8846,0.0,9.4931,B1,word_pos,vague,A,vague,ADJ
vis - à - vis de,PREP,B1,crf_first_attested,2.9075,1.8835,0.0,0.0,2.9075,0.0,0.0,43.6102,1.8835,,,,,,,,,crf_only,vis - à - vis de,PREP,,
romancier,NOUN,B1,beacco,2.8992,13.2081,11.6376,2.452,2.8992,49.4365,12.4046,0.0,13.2081,7.6054,4.9127,3.5206,41.3152,12.0009,0.0,13.6668,B1,word_pos,romancier,N,romancier,NOM
porcelaine,NOUN,B1,beacco,2.8989,2.0908,0.0,2.2283,2.8989,1.5139,0.0,0.0,2.0908,0.0,1.2017,5.4506,2.2839,0.0,0.0,3.6579,B1,word_pos,porcelaine,N,porcelaine,NOM
pour l' heure,ADV,B1,crf_first_attested,2.8989,0.9785,0.0,0.0,2.8989,0.0,3.1012,0.0,0.9785,,,,,,,,,crf_only,pour l' heure,ADV,,
flore,NOUN,B1,beacco,2.8945,4.8113,1.7078,4.404,2.8945,0.0,4.101,0.0,4.8113,1.1764,4.4863,3.2785,0.0,4.139,0.0,5.3017,B1,word_pos,flore,N,flore,NOM
colocataire,NOUN,B1,beacco,2.8944,3.8918,0.0,10.0371,2.8944,0.0,0.0,0.0,3.8918,0.0,10.1585,1.9134,0.0,0.0,0.0,3.1554,B1,word_pos,colocataire,N,colocataire,NOM
implanter,VERB,B1,beacco,2.8925,6.7897,0.0,4.4566,2.8925,11.2281,1.6042,19.4814,6.7897,0.0,6.6325,3.5957,9.1403,3.4423,12.833,8.0644,B1,word_pos,implanter,V,implanter,VER
dans le domaine du,PREP,B1,crf_first_attested,2.8925,3.2008,0.0,0.0,2.8925,2.4776,6.2023,2.0587,3.2008,,,,,,,,,crf_only,dans le domaine du,PREP,,
exprès,ADV,B1,beacco,2.8904,3.1245,,,,,,,,0.0,6.5775,2.8904,0.0,0.0,0.0,3.1245,B1,beacco_only,,,exprès,ADV
mouche,NOUN,B1,beacco,2.8841,5.4822,0.0,5.674,2.8841,9.0467,1.6042,0.0,5.4822,0.0,4.7771,3.6423,8.7861,3.4423,0.0,6.0635,B1,word_pos,mouche,N,mouche,NOM
dépense,NOUN,B1,beacco,2.8802,1.002,0.0,0.0,2.8802,0.6707,0.0,0.0,1.002,0.9121,9.9828,24.884,0.0,8.2781,19.328,15.1081,B1,word_pos,dépense,N,dépense,NOM
marchandisation,NOUN,B1,crf_first_attested,2.8802,0.5034,0.0,0.0,2.8802,0.0,0.0,0.0,0.5034,,,,,,,,,crf_only,marchandisation,N,,
à la demande de,PREP,B1,crf_first_attested,2.8675,1.0204,0.0,0.0,2.8675,0.0,0.0,9.6228,1.0204,,,,,,,,,crf_only,à la demande de,PREP,,
brevet,NOUN,B1,beacco,2.8671,5.7752,0.0,1.1107,2.8671,0.0,20.4505,44.2742,5.7752,0.0,7.7685,3.5736,0.0,20.6179,87.6689,9.5451,B1,word_pos,brevet,N,brevet,NOM
vingt,NOUN,B1,crf_first_attested,2.8649,0.4861,0.0,0.0,2.8649,0.0,0.0,0.0,0.4861,,,,,,,,,crf_only,vingt,N,,
breton,ADJ,B1,beacco,2.864,3.3343,1.9917,4.6146,2.864,0.0,0.0,0.0,3.3343,1.6691,9.1634,3.6187,0.0,0.0,0.0,4.9731,B1,word_pos,breton,A,breton,ADJ
sans même,ADV,B1,crf_first_attested,2.8366,2.2465,0.0,0.0,2.8366,4.9476,1.6042,0.0,2.2465,,,,,,,,,crf_only,sans même,ADV,,
citadin,NOUN,B1,beacco,2.8098,2.4798,0.0,4.0731,2.8098,3.0277,0.0,0.0,2.4798,0.0,3.782,0.6378,4.5679,0.0,0.0,3.1082,B1,word_pos,citadin,N,citadin,NOM
logiciel,NOUN,B1,beacco,2.7986,15.7669,5.6959,0.6351,2.7986,4.5416,115.4425,0.0,15.7669,4.0377,1.247,4.9037,6.8518,62.7562,0.0,15.7371,B1,word_pos,logiciel,N,logiciel,NOM
poil,NOUN,B1,beacco,2.7818,9.5705,1.2043,23.8975,2.7818,0.5285,0.0,0.0,9.5705,0.7319,20.321,4.7944,0.8102,0.0,0.0,9.4844,B1,word_pos,poil,N,poil,NOM
test,NOUN,B1,beacco,2.7791,11.3043,0.0,9.2339,2.7791,1.5139,47.1826,45.034,11.3043,0.0,8.691,3.5205,2.2839,61.8536,44.6051,14.3211,B1,word_pos,test,N,test,NOM
garer,VERB,B1,beacco,2.7731,4.1804,1.1737,3.0455,2.7731,1.5139,0.0,6.4938,4.1804,7.1739,4.6417,4.7816,2.2839,0.0,12.833,7.6282,B1,word_pos,garer,V,garer,VER
mille,NOUN,B1,beacco,2.7658,4.3005,0.0,0.5168,2.7658,8.9564,6.2023,0.0,4.3005,0.0,1.0679,3.5093,6.1497,6.0005,0.0,3.8984,B1,word_pos,mille,N,mille,NOM
bonté,NOUN,B1,beacco,2.7658,3.512,0.0,1.5505,2.7658,1.6517,6.2023,0.0,3.512,0.0,1.0679,3.5636,1.3018,6.0005,0.0,3.5495,B1,word_pos,bonté,N,bonté,NOM
isolé,ADJ,B1,beacco,2.7637,6.7584,0.3983,9.9859,2.7637,0.7062,13.8696,0.0,6.7584,0.0,4.486,5.1741,0.0,4.139,0.0,3.5668,B1,word_pos,isolé,A,isolé,ADJ
demi - douzaine,NOUN,B1,crf_first_attested,2.7593,0.9834,0.0,0.0,2.7593,0.0,0.0,9.6228,0.9834,,,,,,,,,crf_only,demi - douzaine,N,,
mouchoir,NOUN,B1,beacco,2.7536,7.8699,0.0,1.6911,2.7536,20.995,0.0,0.0,7.8699,0.0,3.5076,1.9481,19.974,0.0,0.0,7.9596,B1,word_pos,mouchoir,N,mouchoir,NOM
gnian,NOUN,B1,crf_first_attested,2.7536,0.2535,0.0,0.0,2.7536,0.0,0.0,0.0,0.2535,,,,,,,,,crf_only,gnian,N,,
répétition,NOUN,B1,beacco,2.7483,10.5979,0.0,18.2272,2.7483,3.0277,13.8696,56.3681,10.5979,0.0,19.8888,3.5715,4.5679,31.3781,77.4712,14.4992,B1,word_pos,répétition,N,répétition,NOM
au niveau de,PREP,B1,crf_first_attested,2.7457,3.2174,0.0,0.0,2.7457,0.0,20.4505,19.2455,3.2174,,,,,,,,,crf_only,au niveau de,PREP,,
sacrément rabat,ADV,B1,crf_first_attested,2.7206,0.2505,0.0,0.0,2.7206,0.0,0.0,0.0,0.2505,,,,,,,,,crf_only,sacrément rabat,ADV,,
sein,NOUN,B1,beacco,2.7024,1.8956,0.0,0.0,2.7024,3.0277,0.0,9.6228,1.8956,0.0,6.6325,44.3616,23.2535,164.1806,328.0847,49.7018,B1,word_pos,sein,N,sein,NOM
mi-temps,NOUN,B1,beacco,2.6879,2.7233,,,,,,,,0.0,1.0275,2.6879,2.2839,0.0,0.0,2.7233,B1,beacco_only,,,mi-temps,NOM
écouler,VERB,B1,beacco,2.673,5.4852,0.0,3.3449,2.673,1.0571,8.2019,6.4938,5.4852,0.0,4.7094,3.7062,0.8102,12.4171,12.833,7.1085,B1,word_pos,écouler,V,écouler,VER
varié,ADJ,B1,beacco,2.6577,9.7342,1.005,12.2429,2.6577,12.2423,0.0,38.491,9.7342,1.1764,12.6019,9.9299,9.1403,0.0,38.656,12.295,B1,word_pos,varié,A,varié,ADJ
intensif,ADJ,B1,beacco,2.6577,2.2445,0.0,3.1352,2.6577,0.0,2.0505,0.0,2.2445,0.0,4.542,3.7375,0.0,4.139,0.0,3.4733,B1,word_pos,intensif,A,intensif,ADJ
voir le jour,VERB,B1,crf_first_attested,2.6577,0.4651,0.0,0.0,2.6577,0.0,0.0,0.0,0.4651,,,,,,,,,crf_only,voir le jour,V,,
plus souvent,ADV,B1,crf_first_attested,2.6401,2.7703,0.0,0.0,2.6401,16.3014,0.0,0.0,2.7703,,,,,,,,,crf_only,plus souvent,ADV,,
selim,NOUN,B1,crf_first_attested,2.6279,0.2419,0.0,0.0,2.6279,0.0,0.0,0.0,0.2419,,,,,,,,,crf_only,selim,N,,
casse - tête,NOUN,B1,crf_first_attested,2.6247,1.9355,0.0,0.0,2.6247,6.0554,0.0,0.0,1.9355,,,,,,,,,crf_only,casse - tête,N,,
aventurier,NOUN,B1,beacco,2.618,2.4779,1.2205,0.9757,2.618,0.0,0.0,0.0,2.4779,0.0,0.9327,4.9507,0.0,0.0,0.0,2.424,B1,word_pos,aventurier,N,aventurier,NOM
naturaliste,ADJ,B1,crf_first_attested,2.6131,0.4823,0.0,0.0,2.6131,0.0,0.0,0.0,0.4823,,,,,,,,,crf_only,naturaliste,A,,
économiser,VERB,B1,beacco,2.6111,3.3305,0.0,6.2179,2.6111,1.5139,3.1012,0.0,3.3305,0.0,4.8204,2.6153,2.2839,6.0005,0.0,3.8247,B1,word_pos,économiser,V,économiser,VER
sachez que,CONJ,B1,crf_first_attested,2.6111,0.4553,0.0,0.0,2.6111,0.0,0.0,0.0,0.4553,,,,,,,,,crf_only,sachez que,CONJS,,
difficilement,ADV,B1,beacco,2.6044,9.7896,0.0,4.4145,2.6044,25.6722,14.569,19.4814,9.7896,0.0,3.6167,2.501,31.1602,29.205,12.833,11.4647,B1,word_pos,difficilement,ADV,difficilement,ADV
voyageur,ADJ,B1,beacco,2.6044,3.2512,0.0,5.2309,2.6044,0.0,6.2023,0.0,3.2512,0.0,10.1385,6.0765,0.0,6.0005,0.0,5.9005,B1,word_pos,voyageur,A,voyageur,ADJ
branche,NOUN,B1,beacco,2.5898,13.9164,0.7967,17.2494,2.5898,12.1109,15.5058,9.6228,13.9164,0.8346,22.4968,7.2283,9.1358,0.0,19.328,14.7714,B1,word_pos,branche,N,branche,NOM
à parler de,PREP,B1,crf_first_attested,2.5898,0.5245,0.0,0.0,2.5898,0.0,0.0,0.0,0.5245,,,,,,,,,crf_only,à parler de,PREP,,
violet,ADJ,B1,beacco,2.5886,6.235,1.2043,3.3782,2.5886,0.0,3.2084,4.1173,6.235,0.7319,2.6063,4.1358,0.0,0.0,4.0185,5.8794,B1,word_pos,violet,A,violet,ADJ
ferme,ADJ,B1,beacco,2.5849,14.3337,0.4996,9.634,2.5849,6.7447,29.5463,117.0576,14.3337,0.7319,37.7975,7.4009,1.2705,3.4423,77.4712,16.3556,B1,word_pos,ferme,A,ferme,ADJ
à tout prix,ADV,B1,crf_first_attested,2.5658,0.4873,0.0,0.0,2.5658,0.0,0.0,0.0,0.4873,,,,,,,,,crf_only,à tout prix,ADV,,
bronze,NOUN,B1,beacco,2.5614,3.0553,0.0,3.5373,2.5614,1.1509,0.0,0.0,3.0553,0.0,6.6325,0.6118,0.911,0.0,0.0,3.4284,B1,word_pos,bronze,N,bronze,NOM
haïr,VERB,B1,beacco,2.5602,6.2394,0.0,12.5479,2.5602,6.0554,0.0,0.0,6.2394,0.0,15.5371,0.2331,2.2839,0.0,0.0,4.4541,B1,word_pos,haïr,V,haïr,VER
au reste,ADV,B1,crf_first_attested,2.5602,0.8628,0.0,0.0,2.5602,0.5755,0.0,0.0,0.8628,,,,,,,,,crf_only,au reste,ADV,,
tu m' aimes encore,ADV,B1,crf_first_attested,2.5602,0.4791,0.0,0.0,2.5602,0.0,0.0,0.0,0.4791,,,,,,,,,crf_only,tu m' aimes encore,ADV,,
venter,VERB,B1,crf_first_attested,2.5602,0.4791,0.0,0.0,2.5602,0.0,0.0,0.0,0.4791,,,,,,,,,crf_only,venter,V,,
transformation,NOUN,B1,beacco,2.5348,23.9242,0.0,11.9276,2.5348,10.2096,111.9953,178.96,23.9242,0.0,7.7744,4.9147,9.0915,113.7632,138.6137,21.0264,B1,word_pos,transformation,N,transformation,NOM
parures,NOUN,B1,crf_first_attested,2.5348,1.2225,0.0,0.0,2.5348,0.0,6.2023,0.0,1.2225,,,,,,,,,crf_only,parures,N,,
sous terre,ADV,B1,crf_first_attested,2.5303,0.4748,0.0,0.0,2.5303,0.0,0.0,0.0,0.4748,,,,,,,,,crf_only,sous terre,ADV,,
imaginaire,NOUN,B1,crf_first_attested,2.5211,3.4139,0.0,0.0,2.5211,1.1509,21.8856,0.0,3.4139,,,,,,,,,crf_only,imaginaire,N,,
militaire,NOUN,B1,crf_first_attested,2.5199,2.2322,0.0,0.0,2.5199,0.5285,9.3035,0.0,2.2322,,,,,,,,,crf_only,militaire,N,,
travailleur,ADJ,B1,beacco,2.4969,4.7394,0.5304,3.2088,2.4969,0.6707,0.0,0.0,4.7394,0.0,6.2771,3.1011,3.5867,0.0,0.0,4.22,B1,word_pos,travailleur,A,travailleur,ADJ
meuble,NOUN,B1,beacco,2.492,22.9193,0.8841,54.8762,2.492,54.6906,4.8126,0.0,22.9193,0.9121,55.4232,4.9896,55.8409,10.3269,0.0,26.8661,B1,word_pos,meuble,N,meuble,NOM
boucher,VERB,B1,beacco,2.492,7.254,0.0,14.201,2.492,15.5411,0.0,0.0,7.254,0.0,6.3347,4.9896,11.0661,0.0,0.0,6.7895,B1,word_pos,boucher,V,boucher,VER
dedans,ADV,B1,beacco,2.492,0.9571,0.0,0.285,2.492,0.0,0.0,0.0,0.9571,2.5271,4.4416,7.7482,0.0,6.0005,0.0,7.8895,B1,word_pos,dedans,ADV,dedans,ADV
à mesure que,CONJ,B1,crf_first_attested,2.4732,4.5175,0.0,0.0,2.4732,9.0831,0.0,64.3237,4.5175,,,,,,,,,crf_only,à mesure que,CONJS,,
commande,NOUN,B1,beacco,2.4678,7.0769,0.0,18.5635,2.4678,1.5139,6.4168,0.0,7.0769,0.0,10.4031,12.3117,18.0886,41.1274,56.7717,13.8963,B1,word_pos,commande,N,commande,NOM
de plein fouet,ADV,B1,crf_first_attested,2.4678,0.4503,0.0,0.0,2.4678,0.0,0.0,0.0,0.4503,,,,,,,,,crf_only,de plein fouet,ADV,,
issus,VERB,B1,crf_first_attested,2.4677,4.713,0.0,0.0,2.4677,0.0,45.7939,19.2455,4.713,,,,,,,,,crf_only,issus,V,,
ailler,VERB,B1,beacco,2.4519,10.6133,,,,,,,,7.0583,10.0751,2.4519,23.51,0.0,0.0,10.6133,B1,beacco_only,,,ailler,VER
calmer,VERB,B1,beacco,2.4473,11.8469,5.6815,12.3694,2.4473,0.8949,4.101,12.9876,11.8469,7.2445,22.9902,13.4389,13.727,4.139,12.833,21.4199,B1,word_pos,calmer,V,calmer,VER
violemment,ADV,B1,beacco,2.4434,4.2415,0.0,11.9187,2.4434,0.5285,0.0,0.0,4.2415,0.0,9.8901,3.4682,0.8102,0.0,0.0,4.6861,B1,word_pos,violemment,ADV,violemment,ADV
dehors,NOUN,B1,beacco,2.4418,4.5044,0.0,0.0,2.4418,9.4042,6.2023,28.8683,4.5044,7.2987,14.0984,50.557,44.8329,27.9938,56.7717,37.3371,B1,word_pos,dehors,N,dehors,NOM
caresse,NOUN,B1,beacco,2.4351,4.4517,2.0071,3.5298,2.4351,1.1509,0.0,0.0,4.4517,1.4639,4.6417,1.2756,0.911,0.0,0.0,4.0507,B1,word_pos,caresse,N,caresse,NOM
paresseux,ADJ,B1,beacco,2.4219,4.0675,1.1385,5.7565,2.4219,0.7062,0.0,0.0,4.0675,1.1764,4.7285,4.9091,0.0,0.0,0.0,4.1702,B1,word_pos,paresseux,A,paresseux,ADJ
ouest,ADJ,B1,beacco,2.4107,2.9495,0.0,8.1219,2.4107,0.0,0.0,0.0,2.9495,0.0,1.2017,3.338,1.2705,0.0,0.0,3.0848,B1,word_pos,ouest,A,ouest,ADJ
cochon,ADJ,B1,crf_first_attested,2.4017,0.4405,0.0,0.0,2.4017,0.0,0.0,0.0,0.4405,,,,,,,,,crf_only,cochon,A,,
propre,NOUN,B1,crf_first_attested,2.4003,0.4311,0.0,0.0,2.4003,0.0,0.0,0.0,0.4311,,,,,,,,,crf_only,propre,N,,
brûlant,ADJ,B1,beacco,2.3904,2.412,0.0,1.8101,2.3904,4.5416,0.0,0.0,2.412,0.0,3.5076,3.4715,2.2839,0.0,0.0,2.959,B1,word_pos,brûlant,A,brûlant,ADJ
matériel,ADJ,B1,beacco,2.3843,9.8255,0.2541,6.4856,2.3843,6.7049,27.9104,0.0,9.8255,0.5504,16.0988,6.2912,14.1801,40.6321,19.328,15.9267,B1,word_pos,matériel,A,matériel,ADJ
fantaisie,NOUN,B1,beacco,2.3806,4.8429,0.2652,4.8012,2.3806,0.0,3.2084,0.0,4.8429,0.4856,4.7328,7.4124,0.0,6.8846,0.0,6.5437,B1,word_pos,fantaisie,N,fantaisie,NOM
argenter,VERB,B1,crf_first_attested,2.3793,0.4648,0.0,0.0,2.3793,0.0,0.0,0.0,0.4648,,,,,,,,,crf_only,argenter,V,,
mouiller,VERB,B1,beacco,2.3781,2.6646,0.0,4.2109,2.3781,0.8949,0.0,0.0,2.6646,0.0,8.2553,6.1936,17.1323,6.0005,0.0,9.4252,B1,word_pos,mouiller,V,mouiller,VER
au plus vite,ADV,B1,crf_first_attested,2.3658,0.3492,0.0,0.0,2.3658,0.0,0.0,0.0,0.3492,,,,,,,,,crf_only,au plus vite,ADV,,
ultrasélectif,ADJ,B1,crf_first_attested,2.3658,0.3492,0.0,0.0,2.3658,0.0,0.0,0.0,0.3492,,,,,,,,,crf_only,ultrasélectif,A,,
à la manière de,PREP,B1,crf_first_attested,2.3658,0.3492,0.0,0.0,2.3658,0.0,0.0,0.0,0.3492,,,,,,,,,crf_only,à la manière de,PREP,,
en signe de,PREP,B1,crf_first_attested,2.3331,0.2148,0.0,0.0,2.3331,0.0,0.0,0.0,0.2148,,,,,,,,,crf_only,en signe de,PREP,,
l1,NOUN,B1,crf_first_attested,2.3331,0.2148,0.0,0.0,2.3331,0.0,0.0,0.0,0.2148,,,,,,,,,crf_only,l1,N,,
troupes,NOUN,B1,crf_first_attested,2.3294,3.3101,0.0,0.0,2.3294,1.1509,11.2294,0.0,3.3101,,,,,,,,,crf_only,troupes,N,,
flots,NOUN,B1,crf_first_attested,2.3197,0.4146,0.0,0.0,2.3197,0.0,0.0,0.0,0.4146,,,,,,,,,crf_only,flots,N,,
arène,NOUN,B1,beacco,2.3103,8.8307,0.9991,8.4559,2.3103,12.0033,0.0,0.0,8.8307,0.9464,6.9599,2.3312,8.4014,0.0,0.0,8.036,B1,word_pos,arène,N,arène,NOM
corrida,NOUN,B1,beacco,2.3103,4.734,0.0,1.9582,2.3103,2.1187,0.0,0.0,4.734,0.0,3.591,3.73,1.2705,0.0,0.0,5.94,B1,word_pos,corrida,N,corrida,NOM
récompense,NOUN,B1,beacco,2.2449,8.4059,0.3158,3.1687,2.2449,27.3171,12.4046,0.0,8.4059,0.6291,4.9127,3.8148,24.8505,12.0009,0.0,9.53,B1,word_pos,récompense,N,récompense,NOM
lingère,NOUN,B1,crf_first_attested,2.2446,0.2066,0.0,0.0,2.2446,0.0,0.0,0.0,0.2066,,,,,,,,,crf_only,lingère,N,,
troupe,NOUN,B1,beacco,2.2128,3.4414,0.0,4.6356,2.2128,1.4125,0.0,0.0,3.4414,0.0,4.8004,12.8417,12.6911,6.8846,0.0,10.6468,B1,word_pos,troupe,N,troupe,NOM
privé,NOUN,B1,crf_first_attested,2.1981,4.2639,0.0,0.0,2.1981,1.6517,15.7275,38.491,4.2639,,,,,,,,,crf_only,privé,N,,
en couple,ADV,B1,crf_first_attested,2.1708,1.882,0.0,0.0,2.1708,0.0,6.2023,9.6228,1.882,,,,,,,,,crf_only,en couple,ADV,,
auto - stoppeur,NOUN,B1,crf_first_attested,2.1708,0.1998,0.0,0.0,2.1708,0.0,0.0,0.0,0.1998,,,,,,,,,crf_only,auto - stoppeur,N,,
claustrophilie,NOUN,B1,crf_first_attested,2.1708,0.1998,0.0,0.0,2.1708,0.0,0.0,0.0,0.1998,,,,,,,,,crf_only,claustrophilie,N,,
contrairement à ce que l',CONJ,B1,crf_first_attested,2.1708,0.1998,0.0,0.0,2.1708,0.0,0.0,0.0,0.1998,,,,,,,,,crf_only,contrairement à ce que l',CONJS,,
en hausse,ADV,B1,crf_first_attested,2.1708,0.1998,0.0,0.0,2.1708,0.0,0.0,0.0,0.1998,,,,,,,,,crf_only,en hausse,ADV,,
en stop,ADV,B1,crf_first_attested,2.1708,0.1998,0.0,0.0,2.1708,0.0,0.0,0.0,0.1998,,,,,,,,,crf_only,en stop,ADV,,
service minimum,NOUN,B1,crf_first_attested,2.1708,0.1998,0.0,0.0,2.1708,0.0,0.0,0.0,0.1998,,,,,,,,,crf_only,service minimum,N,,
tournée,NOUN,B1,beacco,2.1292,2.8337,0.0,2.9619,2.1292,0.0,0.0,0.0,2.8337,0.0,9.9659,1.3139,0.0,0.0,0.0,3.7168,B1,word_pos,tournée,N,tournée,NOM
relier,VERB,B1,beacco,2.1228,9.9289,0.0,6.3998,2.1228,12.1109,18.6069,19.2455,9.9289,0.0,9.8954,6.5353,9.1358,12.0009,19.328,11.7012,B1,word_pos,relier,V,relier,VER
hall,NOUN,B1,beacco,2.1228,2.9955,0.0,8.146,2.1228,0.0,0.0,0.0,2.9955,0.0,12.7318,0.1243,0.0,0.0,0.0,3.1204,B1,word_pos,hall,N,hall,NOM
retraiter,VERB,B1,beacco,2.1102,3.2101,0.9991,0.0618,2.1102,0.0,0.0,12.9876,3.2101,0.9464,3.4287,0.4665,0.0,0.0,0.0,1.992,B1,word_pos,retraiter,V,retraiter,VER
automobiliste,NOUN,B1,beacco,2.1102,2.2905,0.0,3.2125,2.1102,0.0,3.1012,0.0,2.2905,0.0,4.4611,2.5994,0.0,0.0,0.0,2.4288,B1,word_pos,automobiliste,N,automobiliste,NOM
mille - feuille,NOUN,B1,crf_first_attested,2.0759,0.1911,0.0,0.0,2.0759,0.0,0.0,0.0,0.1911,,,,,,,,,crf_only,mille - feuille,N,,
césaire,NOUN,B1,crf_first_attested,2.0652,0.1901,0.0,0.0,2.0652,0.0,0.0,0.0,0.1901,,,,,,,,,crf_only,césaire,N,,
du reste,ADV,B1,crf_first_attested,2.0405,1.4606,0.0,0.0,2.0405,4.5416,0.0,0.0,1.4606,,,,,,,,,crf_only,du reste,ADV,,
atermoyeurs,NOUN,B1,crf_first_attested,2.0405,0.1878,0.0,0.0,2.0405,0.0,0.0,0.0,0.1878,,,,,,,,,crf_only,atermoyeurs,N,,
châtre,NOUN,B1,crf_first_attested,2.0405,0.1878,0.0,0.0,2.0405,0.0,0.0,0.0,0.1878,,,,,,,,,crf_only,châtre,N,,
donc ici,ADV,B1,crf_first_attested,2.0405,0.1878,0.0,0.0,2.0405,0.0,0.0,0.0,0.1878,,,,,,,,,crf_only,donc ici,ADV,,
fort peu,ADV,B1,crf_first_attested,2.0405,0.1878,0.0,0.0,2.0405,0.0,0.0,0.0,0.1878,,,,,,,,,crf_only,fort peu,ADV,,
it,VERB,B1,crf_first_attested,2.0405,0.1878,0.0,0.0,2.0405,0.0,0.0,0.0,0.1878,,,,,,,,,crf_only,it,V,,
habile,ADJ,B1,beacco,2.0392,6.3647,1.5075,5.6529,2.0392,1.0571,0.0,12.9876,6.3647,0.9051,4.7883,3.1766,0.8102,0.0,12.833,5.4321,B1,word_pos,habile,A,habile,ADJ
four,NOUN,B1,beacco,2.0028,3.3626,0.2652,0.6351,2.0028,0.0,15.5058,0.0,3.3626,0.4856,4.4863,3.5957,0.0,6.0005,0.0,3.9152,B1,word_pos,four,N,four,NOM
abri,NOUN,B1,beacco,1.9817,4.4725,3.1584,5.3764,1.9817,0.5755,0.0,0.0,4.4725,2.5165,1.5638,7.1395,0.911,0.0,0.0,5.5297,B1,word_pos,abri,N,abri,NOM
expéditions,NOUN,B1,crf_first_attested,1.9669,0.9984,0.0,0.0,1.9669,0.0,3.2084,0.0,0.9984,,,,,,,,,crf_only,expéditions,N,,
bonnet,NOUN,B1,beacco,1.9564,6.9496,1.2205,7.0746,1.9564,21.4046,0.0,0.0,6.9496,0.8075,1.2017,3.7375,8.3751,0.0,0.0,5.3717,B1,word_pos,bonnet,N,bonnet,NOM
humanitaire,ADJ,B1,beacco,1.9564,6.055,0.0,23.2746,1.9564,0.7062,1.6042,0.0,6.055,0.0,10.424,5.4506,1.2705,6.8846,0.0,8.355,B1,word_pos,humanitaire,A,humanitaire,ADJ
guillotine,NOUN,B1,beacco,1.9564,4.436,0.0,2.803,1.9564,3.1713,12.4046,0.0,4.436,0.0,1.2017,0.5531,0.8102,6.0005,0.0,2.8494,B1,word_pos,guillotine,N,guillotine,NOM
loin de là,ADV,B1,crf_first_attested,1.9564,1.075,0.0,0.0,1.9564,0.0,6.2023,0.0,1.075,,,,,,,,,crf_only,loin de là,ADV,,
quasi - totalité,NOUN,B1,crf_first_attested,1.9564,1.0104,0.0,0.0,1.9564,0.0,3.2084,0.0,1.0104,,,,,,,,,crf_only,quasi - totalité,N,,
à défaut de,PREP,B1,crf_first_attested,1.9454,1.6346,0.0,0.0,1.9454,0.0,15.6669,0.0,1.6346,,,,,,,,,crf_only,à défaut de,PREP,,
dix mille,DET,B1,crf_first_attested,1.9454,1.4011,0.0,0.0,1.9454,6.8065,0.0,0.0,1.4011,,,,,,,,,crf_only,dix mille,DET,,
au juste,ADV,B1,crf_first_attested,1.9454,0.7804,0.0,0.0,1.9454,0.0,2.0505,0.0,0.7804,,,,,,,,,crf_only,au juste,ADV,,
ronde,NOUN,B1,beacco,1.9237,3.5251,3.6283,0.0,1.9237,1.6517,0.0,0.0,3.5251,1.6691,14.0375,0.4665,0.0,0.0,0.0,4.9515,B1,word_pos,ronde,N,ronde,NOM
résidu,NOUN,B1,beacco,1.9237,2.4639,0.0,1.2835,1.9237,0.0,3.1012,0.0,2.4639,0.0,1.2456,0.4665,0.0,6.0005,0.0,1.8007,B1,word_pos,résidu,N,résidu,NOM
cinquième,NOUN,B1,beacco,1.9237,2.3919,0.0,0.0,1.9237,4.7828,0.0,6.4938,2.3919,0.0,4.572,0.4665,12.6911,0.0,12.833,5.2508,B1,word_pos,cinquième,N,cinquième,NOM
écoattitude,NOUN,B1,crf_first_attested,1.9237,0.1771,0.0,0.0,1.9237,0.0,0.0,0.0,0.1771,,,,,,,,,crf_only,écoattitude,N,,
écovillage,NOUN,B1,crf_first_attested,1.9237,0.1771,0.0,0.0,1.9237,0.0,0.0,0.0,0.1771,,,,,,,,,crf_only,écovillage,N,,
grimper,VERB,B1,beacco,1.9018,16.6264,1.7078,22.7565,1.9018,37.6319,13.8696,0.0,16.6264,1.1764,20.4215,3.5522,16.4574,20.6179,0.0,14.0995,B1,word_pos,grimper,V,grimper,VER
à moitié,ADV,B1,crf_first_attested,1.8898,2.7801,0.0,0.0,1.8898,22.3071,0.0,0.0,2.7801,,,,,,,,,crf_only,à moitié,ADV,,
d' emblée,ADV,B1,crf_first_attested,1.8898,0.7681,0.0,0.0,1.8898,1.5139,0.0,0.0,0.7681,,,,,,,,,crf_only,d' emblée,ADV,,
derrière,ADV,B1,beacco,1.8842,1.6274,2.0342,0.0,1.8842,1.3414,0.0,0.0,1.6274,7.3752,4.8826,7.18,3.5867,3.4423,0.0,9.0958,B1,word_pos,derrière,ADV,derrière,ADV
on,NOUN,B1,crf_first_attested,1.8842,1.4966,0.0,0.0,1.8842,0.0,8.021,0.0,1.4966,,,,,,,,,crf_only,on,N,,
y,NOUN,B1,crf_first_attested,1.8842,0.3393,0.0,0.0,1.8842,0.0,0.0,0.0,0.3393,,,,,,,,,crf_only,y,N,,
nature,ADJ,B1,crf_first_attested,1.8838,4.8045,0.0,0.0,1.8838,1.7264,13.8696,62.2019,4.8045,,,,,,,,,crf_only,nature,A,,
agréer,VERB,B1,beacco,1.8838,4.1598,0.0,4.1845,1.8838,8.4175,0.0,12.9876,4.1598,0.0,8.6516,3.5957,14.4824,0.0,12.833,8.1286,B1,word_pos,agréer,V,agréer,VER
laïc,ADJ,B1,crf_first_attested,1.8838,0.3578,0.0,0.0,1.8838,0.0,0.0,0.0,0.3578,,,,,,,,,crf_only,laïc,A,,
jusqu' à présent,ADV,B1,crf_first_attested,1.8786,9.6256,0.0,0.0,1.8786,3.5691,66.5368,76.0167,9.6256,,,,,,,,,crf_only,jusqu' à présent,ADV,,
classement,NOUN,B1,beacco,1.8786,5.3191,0.0,2.2322,1.8786,0.7062,3.2084,87.8525,5.3191,0.0,4.486,0.5857,1.2705,3.4423,93.687,6.5573,B1,word_pos,classement,N,classement,NOM
coucher,NOUN,B1,beacco,1.8786,3.3734,0.0,5.079,1.8786,6.0554,0.0,0.0,3.3734,0.0,9.7159,0.438,4.5679,0.0,0.0,4.1383,B1,word_pos,coucher,N,coucher,NOM
tambourin,NOUN,B1,beacco,1.8786,2.4466,1.2043,2.0816,1.8786,0.0,0.0,0.0,2.4466,2.1958,2.1236,0.5857,0.0,0.0,0.0,2.3466,B1,word_pos,tambourin,N,tambourin,NOM
bouclier,NOUN,B1,beacco,1.8786,2.1118,0.0,3.9811,1.8786,0.0,6.2023,0.0,2.1118,0.0,4.6792,0.5857,0.0,6.0005,0.0,1.9161,B1,word_pos,bouclier,N,bouclier,NOM
musique - tambour,NOUN,B1,crf_first_attested,1.8786,0.3556,0.0,0.0,1.8786,0.0,0.0,0.0,0.3556,,,,,,,,,crf_only,musique - tambour,N,,
tout autour de,PREP,B1,crf_first_attested,1.8786,0.3556,0.0,0.0,1.8786,0.0,0.0,0.0,0.3556,,,,,,,,,crf_only,tout autour de,PREP,,
noire,NOUN,B1,crf_first_attested,1.8683,1.6211,0.0,0.0,1.8683,5.8607,0.0,0.0,1.6211,,,,,,,,,crf_only,noire,N,,
pichenotte,NOUN,B1,crf_first_attested,1.8683,0.172,0.0,0.0,1.8683,0.0,0.0,0.0,0.172,,,,,,,,,crf_only,pichenotte,N,,
injuste,ADJ,B1,beacco,1.8679,2.0375,0.0,0.5168,1.8679,6.0554,0.0,0.0,2.0375,0.0,1.0679,3.6423,4.5679,0.0,0.0,3.156,B1,word_pos,injuste,A,injuste,ADJ
vivants,NOUN,B1,crf_first_attested,1.8679,1.0255,0.0,0.0,1.8679,0.0,4.101,0.0,1.0255,,,,,,,,,crf_only,vivants,N,,
compétition,NOUN,B1,beacco,1.8673,12.9384,0.0,16.3267,1.8673,3.4528,8.2019,79.5562,12.9384,0.0,20.0525,3.6048,2.733,12.4171,56.7717,14.3003,B1,word_pos,compétition,N,compétition,NOM
médiathèque,NOUN,B1,beacco,1.8673,2.1997,0.0,2.1271,1.8673,2.1187,0.0,0.0,2.1997,0.0,3.7722,3.6048,2.5411,0.0,0.0,4.1631,B1,word_pos,médiathèque,N,médiathèque,NOM
immigré,ADJ,B1,crf_first_attested,1.8673,2.1526,0.0,0.0,1.8673,0.0,6.1515,19.2455,2.1526,,,,,,,,,crf_only,immigré,A,,
brutal,ADJ,B1,beacco,1.8629,6.9629,0.0,11.6318,1.8629,5.1209,20.5337,6.4938,6.9629,0.0,9.0259,3.5715,9.0915,20.6179,12.833,8.5472,B1,word_pos,brutal,A,brutal,ADJ
identifié,ADJ,B1,crf_first_attested,1.8629,0.7701,0.0,0.0,1.8629,0.0,0.0,9.6228,0.7701,,,,,,,,,crf_only,identifié,A,,
corne,NOUN,B1,beacco,1.8542,3.208,3.6128,0.5168,1.8542,0.0,29.7295,0.0,3.208,2.1958,1.0679,3.6262,0.0,20.024,0.0,3.8216,B1,word_pos,corne,N,corne,NOM
éric,NOUN,B1,crf_first_attested,1.835,0.3379,0.0,0.0,1.835,0.0,0.0,0.0,0.3379,,,,,,,,,crf_only,éric,N,,
industrialisés,ADJ,B1,crf_first_attested,1.8328,0.9613,0.0,0.0,1.8328,0.0,0.0,19.4814,0.9613,,,,,,,,,crf_only,industrialisés,A,,
en qualité de,PREP,B1,crf_first_attested,1.8309,0.919,0.0,0.0,1.8309,1.6517,0.0,0.0,0.919,,,,,,,,,crf_only,en qualité de,PREP,,
menteur,NOUN,B1,beacco,1.8292,0.9181,0.0,1.0176,1.8292,0.0,0.0,0.0,0.9181,0.0,1.9256,3.5679,0.0,0.0,0.0,1.7258,B1,word_pos,menteur,N,menteur,NOM
carrefour,NOUN,B1,beacco,1.8239,2.5725,0.3983,3.5373,1.8239,0.0,3.1012,0.0,2.5725,0.8346,8.1306,3.5051,0.0,6.0005,0.0,5.7,B1,word_pos,carrefour,N,carrefour,NOM
en conséquence,ADV,B1,crf_first_attested,1.8239,0.7572,0.0,0.0,1.8239,0.0,1.6042,0.0,0.7572,,,,,,,,,crf_only,en conséquence,ADV,,
timide,NOUN,B1,crf_first_attested,1.8239,0.3333,0.0,0.0,1.8239,0.0,0.0,0.0,0.3333,,,,,,,,,crf_only,timide,N,,
dégager,VERB,B1,beacco,1.8184,12.3805,0.0,3.1912,1.8184,0.5755,94.1861,93.2201,12.3805,0.0,4.1022,3.5636,0.911,96.3812,106.9533,14.7525,B1,word_pos,dégager,V,dégager,VER
autorité,NOUN,B1,beacco,1.8184,4.4085,0.0,1.2835,1.8184,6.0554,0.0,25.9752,4.4085,1.2635,4.7328,17.5327,19.0072,18.0014,111.7223,21.829,B1,word_pos,autorité,N,autorité,NOM
refléchir,VERB,B1,crf_first_attested,1.8184,1.2502,0.0,0.0,1.8184,0.0,6.1515,0.0,1.2502,,,,,,,,,crf_only,refléchir,V,,
en guise de,PREP,B1,crf_first_attested,1.8184,1.0257,0.0,0.0,1.8184,1.1509,0.0,0.0,1.0257,,,,,,,,,crf_only,en guise de,PREP,,
insécurité,NOUN,B1,beacco,1.809,7.4324,0.0,5.9572,1.809,1.5139,41.0675,0.0,7.4324,0.0,4.6396,1.2756,2.2839,20.6179,0.0,5.2958,B1,word_pos,insécurité,N,insécurité,NOM
dès lors que,CONJ,B1,crf_first_attested,1.809,5.4989,0.0,0.0,1.809,0.0,18.6069,66.4113,5.4989,,,,,,,,,crf_only,dès lors que,CONJS,,
transparent,ADJ,B1,beacco,1.809,4.2628,0.0,2.2283,1.809,0.7062,4.101,6.4938,4.2628,0.0,1.2017,0.6378,0.0,4.139,12.833,2.4631,B1,word_pos,transparent,A,transparent,ADJ
jet,NOUN,B1,beacco,1.809,3.2915,1.1453,2.5986,1.809,0.0,0.0,0.0,3.2915,1.1556,1.0425,0.6378,0.0,0.0,0.0,1.7547,B1,word_pos,jet,N,jet,NOM
coude,NOUN,B1,beacco,1.809,2.5736,0.0,3.7425,1.809,0.0,3.1012,0.0,2.5736,0.0,4.7094,1.2756,0.0,6.0005,0.0,2.9438,B1,word_pos,coude,N,coude,NOM
emplois,NOUN,B1,crf_first_attested,1.809,2.4338,0.0,0.0,1.809,3.0277,9.3035,0.0,2.4338,,,,,,,,,crf_only,emplois,N,,
après - guerre,NOUN,B1,crf_first_attested,1.809,0.1665,0.0,0.0,1.809,0.0,0.0,0.0,0.1665,,,,,,,,,crf_only,après - guerre,N,,
chiffré,ADJ,B1,crf_first_attested,1.809,0.1665,0.0,0.0,1.809,0.0,0.0,0.0,0.1665,,,,,,,,,crf_only,chiffré,A,,
coaching,X,B1,crf_first_attested,1.809,0.1665,0.0,0.0,1.809,0.0,0.0,0.0,0.1665,,,,,,,,,crf_only,coaching,X,,
dans la foulée,ADV,B1,crf_first_attested,1.809,0.1665,0.0,0.0,1.809,0.0,0.0,0.0,0.1665,,,,,,,,,crf_only,dans la foulée,ADV,,
en mains,ADV,B1,crf_first_attested,1.809,0.1665,0.0,0.0,1.809,0.0,0.0,0.0,0.1665,,,,,,,,,crf_only,en mains,ADV,,
facilités,NOUN,B1,crf_first_attested,1.809,0.1665,0.0,0.0,1.809,0.0,0.0,0.0,0.1665,,,,,,,,,crf_only,facilités,N,,
loi,DET,B1,crf_first_attested,1.809,0.1665,0.0,0.0,1.809,0.0,0.0,0.0,0.1665,,,,,,,,,crf_only,loi,DET,,
supervacances,NOUN,B1,crf_first_attested,1.809,0.1665,0.0,0.0,1.809,0.0,0.0,0.0,0.1665,,,,,,,,,crf_only,supervacances,N,,
tendance,X,B1,crf_first_attested,1.809,0.1665,0.0,0.0,1.809,0.0,0.0,0.0,0.1665,,,,,,,,,crf_only,tendance,X,,
ttc,ADV,B1,crf_first_attested,1.809,0.1665,0.0,0.0,1.809,0.0,0.0,0.0,0.1665,,,,,,,,,crf_only,ttc,ADV,,
à priori est,ADV,B1,crf_first_attested,1.809,0.1665,0.0,0.0,1.809,0.0,0.0,0.0,0.1665,,,,,,,,,crf_only,à priori est,ADV,,
pc,NOUN,B1,crf_first_attested,1.808,3.9229,0.0,0.0,1.808,3.0277,32.7469,0.0,3.9229,,,,,,,,,crf_only,pc,N,,
parler,NOUN,B1,beacco,1.8062,7.7221,0.5197,3.7276,1.8062,0.8949,3.1012,142.6669,7.7221,1.1123,11.8723,17.0519,1.8983,31.5653,170.3152,23.4242,B1,word_pos,parler,N,parler,NOM
désarmer,VERB,B1,beacco,1.804,3.4028,0.7967,0.3469,1.804,0.0,24.7899,0.0,3.4028,1.6691,0.7079,3.5244,0.0,20.6179,0.0,4.1376,B1,word_pos,désarmer,V,désarmer,VER
vents,NOUN,B1,crf_first_attested,1.804,0.3337,0.0,0.0,1.804,0.0,0.0,0.0,0.3337,,,,,,,,,crf_only,vents,N,,
plier,VERB,B1,beacco,1.8026,4.7813,0.0,2.5842,1.8026,7.4246,0.0,19.4814,4.7813,0.0,2.1359,5.1496,13.727,3.4423,12.833,8.3727,B1,word_pos,plier,V,plier,VER
à jamais,ADV,B1,crf_first_attested,1.8024,0.3265,0.0,0.0,1.8024,0.0,0.0,0.0,0.3265,,,,,,,,,crf_only,à jamais,ADV,,
gosse,ADJ,B1,crf_first_attested,1.7919,0.3219,0.0,0.0,1.7919,0.0,0.0,0.0,0.3219,,,,,,,,,crf_only,gosse,A,,
aîné,NOUN,B1,beacco,1.7841,1.4906,0.0,0.7405,1.7841,0.0,0.0,9.6228,1.4906,0.7319,3.1491,10.4764,0.0,4.139,57.984,8.6031,B1,word_pos,aîné,N,aîné,NOM
horloge,NOUN,B1,beacco,1.7769,13.8556,1.005,4.2124,1.7769,39.3603,0.0,19.2455,13.8556,0.9051,3.8626,3.2049,27.4073,0.0,19.328,12.7332,B1,word_pos,horloge,N,horloge,NOM
tu pourrais,ADV,B1,crf_first_attested,1.7769,0.3257,0.0,0.0,1.7769,0.0,0.0,0.0,0.3257,,,,,,,,,crf_only,tu pourrais,ADV,,
frite,NOUN,B1,beacco,1.7718,2.3797,1.7078,1.4809,1.7718,0.0,0.0,0.0,2.3797,2.3528,1.2121,3.4415,0.0,0.0,0.0,3.4239,B1,word_pos,frite,N,frite,NOM
faiblement,ADV,B1,beacco,1.7699,2.0947,0.3983,2.0353,1.7699,0.0,0.0,0.0,2.0947,0.8346,0.7702,3.4682,0.0,0.0,0.0,2.7435,B1,word_pos,faiblement,ADV,faiblement,ADV
marathon,NOUN,B1,beacco,1.7498,3.3121,0.0,3.1469,1.7498,0.0,0.0,12.9876,3.3121,0.0,6.24,2.7656,0.0,0.0,12.833,4.9678,B1,word_pos,marathon,N,marathon,NOM
crète,NOUN,B1,crf_first_attested,1.7498,0.1611,0.0,0.0,1.7498,0.0,0.0,0.0,0.1611,,,,,,,,,crf_only,crète,N,,
exploration,NOUN,B1,beacco,1.7257,4.0943,0.0,7.6808,1.7257,0.0,4.8126,0.0,4.0943,0.0,10.0908,2.7286,0.0,6.8846,0.0,6.2784,B1,word_pos,exploration,N,exploration,NOM
respiration,NOUN,B1,beacco,1.7206,3.6326,0.0,1.4809,1.7206,0.8949,12.4046,0.0,3.6326,0.0,1.2121,3.3506,1.8983,6.0005,0.0,4.0582,B1,word_pos,respiration,N,respiration,NOM
rallumer,VERB,B1,beacco,1.7193,1.2297,0.0,0.5168,1.7193,0.6707,0.0,0.0,1.2297,0.0,1.0679,3.3475,1.7933,0.0,0.0,2.4888,B1,word_pos,rallumer,V,rallumer,VER
tendrement,ADV,B1,beacco,1.696,2.1606,0.5727,4.2051,1.696,0.0,0.0,0.0,2.1606,1.1556,4.2582,3.3323,0.0,0.0,0.0,3.4266,B1,word_pos,tendrement,ADV,tendrement,ADV
jury,NOUN,B1,beacco,1.6832,5.9605,0.0,6.4631,1.6832,0.0,15.7275,12.9876,5.9605,0.0,10.0148,0.933,0.0,20.6179,25.6659,7.0074,B1,word_pos,jury,N,jury,NOM
fierté,NOUN,B1,beacco,1.6771,4.124,0.0,9.108,1.6771,0.0,12.7628,0.0,4.124,0.0,8.7317,2.6301,0.0,20.024,0.0,5.0196,B1,word_pos,fierté,N,fierté,NOM
grippe,NOUN,B1,beacco,1.6694,18.3784,0.0,4.5942,1.6694,2.1187,139.5519,0.0,18.3784,0.0,1.2017,2.5994,1.2705,144.0111,0.0,18.3246,B1,word_pos,grippe,N,grippe,NOM
hier matin,ADV,B1,crf_first_attested,1.6676,1.0306,0.0,0.0,1.6676,1.3414,0.0,0.0,1.0306,,,,,,,,,crf_only,hier matin,ADV,,
nébuleux,ADJ,B1,crf_first_attested,1.6676,0.2966,0.0,0.0,1.6676,0.0,0.0,0.0,0.2966,,,,,,,,,crf_only,nébuleux,A,,
survey,X,B1,crf_first_attested,1.656,1.176,0.0,0.0,1.656,0.7062,0.0,0.0,1.176,,,,,,,,,crf_only,survey,X,,
archeological,X,B1,crf_first_attested,1.656,0.2444,0.0,0.0,1.656,0.0,0.0,0.0,0.2444,,,,,,,,,crf_only,archeological,X,,
india,X,B1,crf_first_attested,1.656,0.2444,0.0,0.0,1.656,0.0,0.0,0.0,0.2444,,,,,,,,,crf_only,india,X,,
secouer,VERB,B1,beacco,1.6466,4.3938,0.6317,7.9417,1.6466,1.6517,0.0,0.0,4.3938,0.6291,9.0259,7.1751,1.3018,0.0,0.0,6.8304,B1,word_pos,secouer,V,secouer,VER
meublé,ADJ,B1,crf_first_attested,1.6466,0.312,0.0,0.0,1.6466,0.0,0.0,0.0,0.312,,,,,,,,,crf_only,meublé,A,,
bricolage,NOUN,B1,beacco,1.6341,4.29,1.3242,5.855,1.6341,0.0,0.0,6.4938,4.29,1.2635,6.6074,2.4712,0.0,0.0,12.833,5.0597,B1,word_pos,bricolage,N,bricolage,NOM
facture,NOUN,B1,beacco,1.6107,5.1885,0.5025,10.6968,1.6107,3.0277,0.0,6.4938,5.1885,0.9051,8.0931,3.2785,2.2839,0.0,12.833,5.7394,B1,word_pos,facture,N,facture,NOM
disc - jockey,NOUN,B1,crf_first_attested,1.5844,0.3113,0.0,0.0,1.5844,0.0,0.0,0.0,0.3113,,,,,,,,,crf_only,disc - jockey,N,,
bougie,NOUN,B1,beacco,1.5692,4.3257,11.1309,5.1804,1.5692,0.0,0.0,0.0,4.3257,7.2872,6.8826,3.1016,0.0,0.0,0.0,5.1374,B1,word_pos,bougie,N,bougie,NOM
effectivement,ADV,B1,beacco,1.5443,19.0186,0.0,26.7595,1.5443,39.263,20.5337,57.7365,19.0186,0.0,22.5249,0.4317,19.1959,20.6179,38.656,14.8758,B1,word_pos,effectivement,ADV,effectivement,ADV
fast - food,NOUN,B1,crf_first_attested,1.5416,0.2779,0.0,0.0,1.5416,0.0,0.0,0.0,0.2779,,,,,,,,,crf_only,fast - food,N,,
échec,NOUN,B1,beacco,1.541,7.5454,0.0,6.1818,1.541,1.5139,16.4039,19.2455,7.5454,0.0,4.8004,3.0304,2.2839,24.8342,38.656,10.0062,B1,word_pos,échec,N,échec,NOM
au soleil,ADV,B1,crf_first_attested,1.5212,1.8,0.0,0.0,1.5212,0.0,15.5058,0.0,1.8,,,,,,,,,crf_only,au soleil,ADV,,
publicitaire,ADJ,B1,beacco,1.5118,8.4964,0.4068,1.916,1.5118,0.0,47.0849,19.2455,8.4964,0.8075,4.486,6.7316,0.0,74.2771,38.656,16.2514,B1,word_pos,publicitaire,A,publicitaire,ADJ
étienne,NOUN,B1,crf_first_attested,1.506,0.1386,0.0,0.0,1.506,0.0,0.0,0.0,0.1386,,,,,,,,,crf_only,étienne,N,,
possession,NOUN,B1,beacco,1.5003,8.8368,0.7967,3.4344,1.5003,27.8194,6.4168,0.0,8.8368,0.8346,6.8826,2.6373,12.1258,10.3269,0.0,10.2898,B1,word_pos,possession,N,possession,NOM
auditeur,NOUN,B1,beacco,1.4965,11.2045,0.0,31.743,1.4965,0.0,32.4345,9.6228,11.2045,0.0,42.9252,2.6879,0.0,27.403,19.328,14.2228,B1,word_pos,auditeur,N,auditeur,NOM
choc,NOUN,B1,beacco,1.4647,17.288,0.4014,20.6204,1.4647,36.6268,6.1515,32.4689,17.288,0.7319,27.021,2.504,31.0018,4.139,38.4989,19.0562,B1,word_pos,choc,N,choc,NOM
record,NOUN,B1,beacco,1.464,11.1629,0.0,25.2005,1.464,44.8425,3.1012,0.0,11.1629,0.0,24.7487,2.5994,25.1252,6.0005,0.0,11.0367,B1,word_pos,record,N,record,NOM
conduite,NOUN,B1,beacco,1.4582,4.7957,0.0,5.0793,1.4582,0.5755,13.3747,0.0,4.7957,0.0,4.7328,1.6593,0.911,19.861,0.0,5.9216,B1,word_pos,conduite,N,conduite,NOM
tube,NOUN,B1,beacco,1.4582,4.7308,0.0,11.1444,1.4582,0.0,4.101,0.0,4.7308,0.0,10.0848,0.5531,0.0,8.2781,0.0,4.3431,B1,word_pos,tube,N,tube,NOM
convaincant,ADJ,B1,beacco,1.4582,3.7364,0.0,5.3302,1.4582,0.0,2.0505,9.6228,3.7364,0.0,4.633,0.5531,0.0,4.139,19.328,3.3863,B1,word_pos,convaincant,A,convaincant,ADJ
reconduire,VERB,B1,beacco,1.4582,2.8912,0.5727,0.5168,1.4582,2.6847,0.0,0.0,2.8912,1.1556,1.0679,0.5531,1.8983,0.0,0.0,2.3887,B1,word_pos,reconduire,V,reconduire,VER
surveillé,ADJ,B1,crf_first_attested,1.4582,1.7431,0.0,0.0,1.4582,0.8949,4.101,0.0,1.7431,,,,,,,,,crf_only,surveillé,A,,
supposé,ADJ,B1,crf_first_attested,1.4582,1.1917,0.0,0.0,1.4582,0.0,9.3035,0.0,1.1917,,,,,,,,,crf_only,supposé,A,,
très près,ADV,B1,crf_first_attested,1.4582,1.1269,0.0,0.0,1.4582,1.7898,0.0,0.0,1.1269,,,,,,,,,crf_only,très près,ADV,,
cuitez,NOUN,B1,crf_first_attested,1.4582,0.1342,0.0,0.0,1.4582,0.0,0.0,0.0,0.1342,,,,,,,,,crf_only,cuitez,N,,
fanissime,NOUN,B1,crf_first_attested,1.4582,0.1342,0.0,0.0,1.4582,0.0,0.0,0.0,0.1342,,,,,,,,,crf_only,fanissime,N,,
géophysique,ADJ,B1,crf_first_attested,1.4582,0.1342,0.0,0.0,1.4582,0.0,0.0,0.0,0.1342,,,,,,,,,crf_only,géophysique,A,,
plus de soixante aujourd'hui,ADV,B1,crf_first_attested,1.4582,0.1342,0.0,0.0,1.4582,0.0,0.0,0.0,0.1342,,,,,,,,,crf_only,plus de soixante aujourd'hui,ADV,,
re,NOUN,B1,crf_first_attested,1.4582,0.1342,0.0,0.0,1.4582,0.0,0.0,0.0,0.1342,,,,,,,,,crf_only,re,N,,
sud - africain,ADJ,B1,crf_first_attested,1.4582,0.1342,0.0,0.0,1.4582,0.0,0.0,0.0,0.1342,,,,,,,,,crf_only,sud - africain,A,,
à contre - emploi,ADV,B1,crf_first_attested,1.4582,0.1342,0.0,0.0,1.4582,0.0,0.0,0.0,0.1342,,,,,,,,,crf_only,à contre - emploi,ADV,,
écureuil,NOUN,B1,beacco,1.4531,5.5638,0.0,5.0541,1.4531,0.0,31.3338,0.0,5.5638,0.0,4.102,0.7812,0.0,20.024,0.0,3.6966,B1,word_pos,écureuil,N,écureuil,NOM
panne,NOUN,B1,beacco,1.4473,4.0828,0.0,8.7392,1.4473,0.7062,1.6042,6.4938,4.0828,0.0,6.0545,6.7859,1.2705,3.4423,12.833,6.5505,B1,word_pos,panne,N,panne,NOM
sexuel,ADJ,B1,beacco,1.4472,14.1503,0.0,2.803,1.4472,9.0831,67.5077,51.9503,14.1503,0.0,1.2017,1.2756,2.2839,41.1274,38.4989,9.6368,B1,word_pos,sexuel,A,sexuel,ADJ
sien,PRON,B1,beacco,1.4472,4.925,0.0,0.7581,1.4472,20.6059,3.1012,0.0,4.925,0.5987,7.4889,15.4786,87.4851,78.6751,0.0,29.9338,B1,word_pos,sien,PRO,sien,PRO
acharné,ADJ,B1,crf_first_attested,1.4472,2.5742,0.0,0.0,1.4472,13.4191,0.0,0.0,2.5742,,,,,,,,,crf_only,acharné,A,,
relique,NOUN,B1,beacco,1.4472,1.7548,0.0,1.2835,1.4472,0.0,3.1012,0.0,1.7548,0.0,2.4911,0.6378,0.0,6.0005,0.0,2.06,B1,word_pos,relique,N,relique,NOM
baby - boomer,NOUN,B1,crf_first_attested,1.4472,0.1332,0.0,0.0,1.4472,0.0,0.0,0.0,0.1332,,,,,,,,,crf_only,baby - boomer,N,,
dignitaire,ADJ,B1,crf_first_attested,1.4472,0.1332,0.0,0.0,1.4472,0.0,0.0,0.0,0.1332,,,,,,,,,crf_only,dignitaire,A,,
electric,X,B1,crf_first_attested,1.4472,0.1332,0.0,0.0,1.4472,0.0,0.0,0.0,0.1332,,,,,,,,,crf_only,electric,X,,
en quelque sorte,ADV,B1,crf_first_attested,1.4472,0.1332,0.0,0.0,1.4472,0.0,0.0,0.0,0.1332,,,,,,,,,crf_only,en quelque sorte,ADV,,
general,X,B1,crf_first_attested,1.4472,0.1332,0.0,0.0,1.4472,0.0,0.0,0.0,0.1332,,,,,,,,,crf_only,general,X,,
quinze,NOUN,B1,crf_first_attested,1.4472,0.1332,0.0,0.0,1.4472,0.0,0.0,0.0,0.1332,,,,,,,,,crf_only,quinze,N,,
timbre - poste,NOUN,B1,crf_first_attested,1.4472,0.1332,0.0,0.0,1.4472,0.0,0.0,0.0,0.1332,,,,,,,,,crf_only,timbre - poste,N,,
du nouveau,ADV,B1,crf_first_attested,1.438,1.2823,0.0,0.0,1.438,3.3535,0.0,0.0,1.2823,,,,,,,,,crf_only,du nouveau,ADV,,
dans le but de,PREP,B1,crf_first_attested,1.438,0.2541,0.0,0.0,1.438,0.0,0.0,0.0,0.2541,,,,,,,,,crf_only,dans le but de,PREP,,
academy,NOUN,B1,crf_first_attested,1.4195,0.8579,0.0,0.0,1.4195,0.0,1.6042,0.0,0.8579,,,,,,,,,crf_only,academy,N,,
albigeois,NOUN,B1,crf_first_attested,1.4195,0.2095,0.0,0.0,1.4195,0.0,0.0,0.0,0.2095,,,,,,,,,crf_only,albigeois,N,,
cendrillon,NOUN,B1,beacco,1.3995,4.0289,,,,,,,,0.0,14.6668,1.3995,0.0,0.0,0.0,4.0289,B1,beacco_only,,,cendrillon,NOM
de jour en jour,ADV,B1,crf_first_attested,1.398,0.2598,0.0,0.0,1.398,0.0,0.0,0.0,0.2598,,,,,,,,,crf_only,de jour en jour,ADV,,
dégourdi,NOUN,B1,crf_first_attested,1.3768,0.1267,0.0,0.0,1.3768,0.0,0.0,0.0,0.1267,,,,,,,,,crf_only,dégourdi,N,,
pneu,NOUN,B1,beacco,1.3603,3.3635,0.5197,2.803,1.3603,0.0,6.2023,0.0,3.3635,1.1123,4.7165,1.1713,0.0,6.0005,0.0,4.0812,B1,word_pos,pneu,N,pneu,NOM
à cet effet,ADV,B1,crf_first_attested,1.3603,1.2151,0.0,0.0,1.3603,0.0,6.1515,0.0,1.2151,,,,,,,,,crf_only,à cet effet,ADV,,
bras - le - corps,NOUN,B1,crf_first_attested,1.3603,0.1252,0.0,0.0,1.3603,0.0,0.0,0.0,0.1252,,,,,,,,,crf_only,bras - le - corps,N,,
en tous cas,ADV,B1,crf_first_attested,1.3603,0.1252,0.0,0.0,1.3603,0.0,0.0,0.0,0.1252,,,,,,,,,crf_only,en tous cas,ADV,,
plus de mal,ADV,B1,crf_first_attested,1.3603,0.1252,0.0,0.0,1.3603,0.0,0.0,0.0,0.1252,,,,,,,,,crf_only,plus de mal,ADV,,
grégoire,NOUN,B1,crf_first_attested,1.3178,0.1213,0.0,0.0,1.3178,0.0,0.0,0.0,0.1213,,,,,,,,,crf_only,grégoire,N,,
au hasard,ADV,B1,crf_first_attested,1.3147,0.5715,0.0,0.0,1.3147,0.5755,0.0,0.0,0.5715,,,,,,,,,crf_only,au hasard,ADV,,
raté,ADJ,B1,crf_first_attested,1.3115,0.2449,0.0,0.0,1.3115,0.0,0.0,0.0,0.2449,,,,,,,,,crf_only,raté,A,,
bohémien,NOUN,B1,beacco,1.2706,11.8616,0.0,30.1442,1.2706,1.1509,0.0,0.0,11.8616,0.0,31.854,2.5643,0.0,0.0,0.0,3.1241,B1,word_pos,bohémien,N,bohémien,NOM
issues,NOUN,B1,crf_first_attested,1.2455,1.0432,0.0,0.0,1.2455,0.0,0.0,19.2455,1.0432,,,,,,,,,crf_only,issues,N,,
dommages,NOUN,B1,crf_first_attested,1.2455,0.5762,0.0,0.0,1.2455,0.5755,0.0,0.0,0.5762,,,,,,,,,crf_only,dommages,N,,
alcoolisé,ADJ,B1,crf_first_attested,1.2455,0.1147,0.0,0.0,1.2455,0.0,0.0,0.0,0.1147,,,,,,,,,crf_only,alcoolisé,A,,
arrièrer,NOUN,B1,crf_first_attested,1.2455,0.1147,0.0,0.0,1.2455,0.0,0.0,0.0,0.1147,,,,,,,,,crf_only,arrièrer,N,,
camembérer,NOUN,B1,crf_first_attested,1.2455,0.1147,0.0,0.0,1.2455,0.0,0.0,0.0,0.1147,,,,,,,,,crf_only,camembérer,N,,
démoder,VERB,B1,crf_first_attested,1.2455,0.1147,0.0,0.0,1.2455,0.0,0.0,0.0,0.1147,,,,,,,,,crf_only,démoder,V,,
els,X,B1,crf_first_attested,1.2455,0.1147,0.0,0.0,1.2455,0.0,0.0,0.0,0.1147,,,,,,,,,crf_only,els,X,,
exception faite du,PREP,B1,crf_first_attested,1.2455,0.1147,0.0,0.0,1.2455,0.0,0.0,0.0,0.1147,,,,,,,,,crf_only,exception faite du,PREP,,
jumelé,ADJ,B1,crf_first_attested,1.2455,0.1147,0.0,0.0,1.2455,0.0,0.0,0.0,0.1147,,,,,,,,,crf_only,jumelé,A,,
provin,NOUN,B1,crf_first_attested,1.2455,0.1147,0.0,0.0,1.2455,0.0,0.0,0.0,0.1147,,,,,,,,,crf_only,provin,N,,
médicis,NOUN,B1,crf_first_attested,1.2243,0.1127,0.0,0.0,1.2243,0.0,0.0,0.0,0.1127,,,,,,,,,crf_only,médicis,N,,
en question,ADV,B1,crf_first_attested,1.2023,0.1107,0.0,0.0,1.2023,0.0,0.0,0.0,0.1107,,,,,,,,,crf_only,en question,ADV,,
en à peine,ADV,B1,crf_first_attested,1.2023,0.1107,0.0,0.0,1.2023,0.0,0.0,0.0,0.1107,,,,,,,,,crf_only,en à peine,ADV,,
galien,NOUN,B1,crf_first_attested,1.2023,0.1107,0.0,0.0,1.2023,0.0,0.0,0.0,0.1107,,,,,,,,,crf_only,galien,N,,
mordant,ADJ,B1,crf_first_attested,1.2023,0.1107,0.0,0.0,1.2023,0.0,0.0,0.0,0.1107,,,,,,,,,crf_only,mordant,A,,
tu en parles,ADV,B1,crf_first_attested,1.2023,0.1107,0.0,0.0,1.2023,0.0,0.0,0.0,0.1107,,,,,,,,,crf_only,tu en parles,ADV,,
vers quoi tu penses,ADV,B1,crf_first_attested,1.2023,0.1107,0.0,0.0,1.2023,0.0,0.0,0.0,0.1107,,,,,,,,,crf_only,vers quoi tu penses,ADV,,
à l' essentiel,ADV,B1,crf_first_attested,1.2023,0.1107,0.0,0.0,1.2023,0.0,0.0,0.0,0.1107,,,,,,,,,crf_only,à l' essentiel,ADV,,
prévision,NOUN,B1,beacco,1.1829,7.1744,0.0,0.3702,1.1829,6.0554,20.4505,57.7365,7.1744,0.0,4.7328,0.0,2.2839,40.6321,19.328,5.9573,B1,word_pos,prévision,N,prévision,NOM
évêque,NOUN,B1,beacco,1.1829,6.9004,0.0,27.3921,1.1829,1.6517,0.0,0.0,6.9004,0.0,39.514,0.438,1.3018,0.0,0.0,6.2764,B1,word_pos,évêque,N,évêque,NOM
conservateur,ADJ,B1,beacco,1.1829,1.6166,0.0,0.5168,1.1829,0.0,0.0,6.4938,1.6166,0.0,1.0679,3.5058,0.0,0.0,12.833,2.5128,B1,word_pos,conservateur,A,conservateur,ADJ
anti - star,ADJ,B1,crf_first_attested,1.1829,0.1746,0.0,0.0,1.1829,0.0,0.0,0.0,0.1746,,,,,,,,,crf_only,anti - star,A,,
en partie fondu,ADV,B1,crf_first_attested,1.1829,0.1746,0.0,0.0,1.1829,0.0,0.0,0.0,0.1746,,,,,,,,,crf_only,en partie fondu,ADV,,
faute de neige,ADV,B1,crf_first_attested,1.1829,0.1746,0.0,0.0,1.1829,0.0,0.0,0.0,0.1746,,,,,,,,,crf_only,faute de neige,ADV,,
gaule,NOUN,B1,crf_first_attested,1.1829,0.1746,0.0,0.0,1.1829,0.0,0.0,0.0,0.1746,,,,,,,,,crf_only,gaule,N,,
négligee,ADJ,B1,crf_first_attested,1.1829,0.1746,0.0,0.0,1.1829,0.0,0.0,0.0,0.1746,,,,,,,,,crf_only,négligee,A,,
top - model,NOUN,B1,crf_first_attested,1.1829,0.1746,0.0,0.0,1.1829,0.0,0.0,0.0,0.1746,,,,,,,,,crf_only,top - model,N,,
vers l' intérieur du,PREP,B1,crf_first_attested,1.1829,0.1746,0.0,0.0,1.1829,0.0,0.0,0.0,0.1746,,,,,,,,,crf_only,vers l' intérieur du,PREP,,
intituler,VERB,B1,beacco,1.1665,9.5524,0.0,8.9668,1.1665,2.8249,32.9961,28.8683,9.5524,0.0,22.3067,1.1062,2.5411,54.0583,19.328,12.9235,B1,word_pos,intituler,V,intituler,VER
générosité,NOUN,B1,beacco,1.1665,4.9126,0.0,4.8012,1.1665,9.7124,2.0505,0.0,4.9126,0.0,6.7083,1.1062,8.3751,4.139,0.0,6.1253,B1,word_pos,générosité,N,générosité,NOM
guerrier,ADJ,B1,beacco,1.1665,3.3231,0.0,7.4352,1.1665,0.0,0.0,6.4938,3.3231,0.0,13.9598,2.5235,0.0,0.0,0.0,3.6679,B1,word_pos,guerrier,A,guerrier,ADJ
ue,NOUN,B1,crf_first_attested,1.1665,2.4512,0.0,0.0,1.1665,3.0277,0.0,38.9627,2.4512,,,,,,,,,crf_only,ue,N,,
à commencer par,PREP,B1,crf_first_attested,1.1665,1.5606,0.0,0.0,1.1665,1.5139,0.0,12.9876,1.5606,,,,,,,,,crf_only,à commencer par,PREP,,
auto - école,NOUN,B1,crf_first_attested,1.1665,0.1074,0.0,0.0,1.1665,0.0,0.0,0.0,0.1074,,,,,,,,,crf_only,auto - école,N,,
chypre,NOUN,B1,crf_first_attested,1.1665,0.1074,0.0,0.0,1.1665,0.0,0.0,0.0,0.1074,,,,,,,,,crf_only,chypre,N,,
cætera,NOUN,B1,crf_first_attested,1.1665,0.1074,0.0,0.0,1.1665,0.0,0.0,0.0,0.1074,,,,,,,,,crf_only,cætera,N,,
formez,PREP,B1,crf_first_attested,1.1665,0.1074,0.0,0.0,1.1665,0.0,0.0,0.0,0.1074,,,,,,,,,crf_only,formez,PREP,,
fédéré,NOUN,B1,crf_first_attested,1.1665,0.1074,0.0,0.0,1.1665,0.0,0.0,0.0,0.1074,,,,,,,,,crf_only,fédéré,N,,
marseillais,ADJ,B1,crf_first_attested,1.1665,0.1074,0.0,0.0,1.1665,0.0,0.0,0.0,0.1074,,,,,,,,,crf_only,marseillais,A,,
par tout,ADV,B1,crf_first_attested,1.1665,0.1074,0.0,0.0,1.1665,0.0,0.0,0.0,0.1074,,,,,,,,,crf_only,par tout,ADV,,
souleve,VERB,B1,crf_first_attested,1.1665,0.1074,0.0,0.0,1.1665,0.0,0.0,0.0,0.1074,,,,,,,,,crf_only,souleve,V,,
bohémien,ADJ,B1,beacco,1.1551,8.6779,0.0,23.9331,1.1551,0.0,0.0,0.0,8.6779,0.0,6.3708,0.4662,0.911,0.0,0.0,1.9976,B1,word_pos,bohémien,A,bohémien,ADJ
boue,NOUN,B1,beacco,1.1295,6.3532,0.0,14.0837,1.1295,1.5139,3.1012,9.6228,6.3532,0.0,7.5865,1.5731,2.2839,6.0005,19.328,6.4686,B1,word_pos,boue,N,boue,NOM
mal finir,ADV,B1,crf_first_attested,1.1295,0.104,0.0,0.0,1.1295,0.0,0.0,0.0,0.104,,,,,,,,,crf_only,mal finir,ADV,,
support,NOUN,B1,beacco,1.0854,5.8203,0.0,1.8512,1.0854,0.0,25.7756,43.6102,5.8203,0.0,1.2121,0.6378,0.0,40.0479,56.7717,6.3231,B1,word_pos,support,N,support,NOM
une fois de plus,ADV,B1,crf_first_attested,1.0854,2.0325,0.0,0.0,1.0854,0.0,24.2475,0.0,2.0325,,,,,,,,,crf_only,une fois de plus,ADV,,
dernièrement,ADV,B1,beacco,1.0854,1.648,0.0,2.5237,1.0854,0.2167,0.0,0.0,1.648,0.0,4.8826,0.6378,0.3387,0.0,0.0,1.9387,B1,word_pos,dernièrement,ADV,dernièrement,ADV
bordeaux,ADJ,B1,crf_first_attested,1.0854,1.0976,0.0,0.0,1.0854,1.5139,3.1012,0.0,1.0976,,,,,,,,,crf_only,bordeaux,A,,
seb,NOUN,B1,crf_first_attested,1.0854,0.8684,0.0,0.0,1.0854,3.0277,0.0,0.0,0.8684,,,,,,,,,crf_only,seb,N,,
conservatoire,ADJ,B1,crf_first_attested,1.0854,0.6503,0.0,0.0,1.0854,0.0,0.0,9.6228,0.6503,,,,,,,,,crf_only,conservatoire,A,,
approfondi,ADJ,B1,crf_first_attested,1.0854,0.592,0.0,0.0,1.0854,0.0,2.0505,0.0,0.592,,,,,,,,,crf_only,approfondi,A,,
après moi,ADV,B1,crf_first_attested,1.0854,0.0999,0.0,0.0,1.0854,0.0,0.0,0.0,0.0999,,,,,,,,,crf_only,après moi,ADV,,
au même titre que,CONJ,B1,crf_first_attested,1.0854,0.0999,0.0,0.0,1.0854,0.0,0.0,0.0,0.0999,,,,,,,,,crf_only,au même titre que,CONJS,,
au prix de,PREP,B1,crf_first_attested,1.0854,0.0999,0.0,0.0,1.0854,0.0,0.0,0.0,0.0999,,,,,,,,,crf_only,au prix de,PREP,,
barbu,NOUN,B1,crf_first_attested,1.0854,0.0999,0.0,0.0,1.0854,0.0,0.0,0.0,0.0999,,,,,,,,,crf_only,barbu,N,,
bu,NOUN,B1,crf_first_attested,1.0854,0.0999,0.0,0.0,1.0854,0.0,0.0,0.0,0.0999,,,,,,,,,crf_only,bu,N,,
calais,NOUN,B1,crf_first_attested,1.0854,0.0999,0.0,0.0,1.0854,0.0,0.0,0.0,0.0999,,,,,,,,,crf_only,calais,N,,
chargé,NOUN,B1,crf_first_attested,1.0854,0.0999,0.0,0.0,1.0854,0.0,0.0,0.0,0.0999,,,,,,,,,crf_only,chargé,N,,
chaumont,NOUN,B1,crf_first_attested,1.0854,0.0999,0.0,0.0,1.0854,0.0,0.0,0.0,0.0999,,,,,,,,,crf_only,chaumont,N,,
confiance en soi,NOUN,B1,crf_first_attested,1.0854,0.0999,0.0,0.0,1.0854,0.0,0.0,0.0,0.0999,,,,,,,,,crf_only,confiance en soi,N,,
créé,ADJ,B1,crf_first_attested,1.0854,0.0999,0.0,0.0,1.0854,0.0,0.0,0.0,0.0999,,,,,,,,,crf_only,créé,A,,
demi - tour,NOUN,B1,crf_first_attested,1.0854,0.0999,0.0,0.0,1.0854,0.0,0.0,0.0,0.0999,,,,,,,,,crf_only,demi - tour,N,,
dessinez,PREP,B1,crf_first_attested,1.0854,0.0999,0.0,0.0,1.0854,0.0,0.0,0.0,0.0999,,,,,,,,,crf_only,dessinez,PREP,,
et0,NOUN,B1,crf_first_attested,1.0854,0.0999,0.0,0.0,1.0854,0.0,0.0,0.0,0.0999,,,,,,,,,crf_only,et0,N,,
hexagonalité,VERB,B1,crf_first_attested,1.0854,0.0999,0.0,0.0,1.0854,0.0,0.0,0.0,0.0999,,,,,,,,,crf_only,hexagonalité,V,,
hexagonalité,NOUN,B1,crf_first_attested,1.0854,0.0999,0.0,0.0,1.0854,0.0,0.0,0.0,0.0999,,,,,,,,,crf_only,hexagonalité,N,,
indination,NOUN,B1,crf_first_attested,1.0854,0.0999,0.0,0.0,1.0854,0.0,0.0,0.0,0.0999,,,,,,,,,crf_only,indination,N,,
intéral,ADJ,B1,crf_first_attested,1.0854,0.0999,0.0,0.0,1.0854,0.0,0.0,0.0,0.0999,,,,,,,,,crf_only,intéral,A,,
laposte,NOUN,B1,crf_first_attested,1.0854,0.0999,0.0,0.0,1.0854,0.0,0.0,0.0,0.0999,,,,,,,,,crf_only,laposte,N,,
nogent,NOUN,B1,crf_first_attested,1.0854,0.0999,0.0,0.0,1.0854,0.0,0.0,0.0,0.0999,,,,,,,,,crf_only,nogent,N,,
partout ailleurs,ADV,B1,crf_first_attested,1.0854,0.0999,0.0,0.0,1.0854,0.0,0.0,0.0,0.0999,,,,,,,,,crf_only,partout ailleurs,ADV,,
plus question de,PREP,B1,crf_first_attested,1.0854,0.0999,0.0,0.0,1.0854,0.0,0.0,0.0,0.0999,,,,,,,,,crf_only,plus question de,PREP,,
ras,ADV,B1,crf_first_attested,1.0854,0.0999,0.0,0.0,1.0854,0.0,0.0,0.0,0.0999,,,,,,,,,crf_only,ras,ADV,,
volontaire,NOUN,B1,crf_first_attested,1.0854,0.0999,0.0,0.0,1.0854,0.0,0.0,0.0,0.0999,,,,,,,,,crf_only,volontaire,N,,
épargne - logement,NOUN,B1,crf_first_attested,1.0854,0.0999,0.0,0.0,1.0854,0.0,0.0,0.0,0.0999,,,,,,,,,crf_only,épargne - logement,N,,
ouvreuse,NOUN,B1,crf_first_attested,1.0548,0.4997,0.0,0.0,1.0548,0.0,1.6042,0.0,0.4997,,,,,,,,,crf_only,ouvreuse,N,,
auxquelles,PRON,B1,crf_first_attested,1.0379,3.3431,0.0,0.0,1.0379,1.6517,6.2023,28.8683,3.3431,,,,,,,,,crf_only,auxquelles,PREPPRO,,
dominical,ADJ,B1,beacco,1.0379,1.6216,0.0,0.5054,1.0379,0.0,1.6042,0.0,1.6216,0.0,1.0275,0.3906,0.0,3.4423,0.0,1.6439,B1,word_pos,dominical,A,dominical,ADJ
arpenteur,NOUN,B1,crf_first_attested,1.0379,0.0955,0.0,0.0,1.0379,0.0,0.0,0.0,0.0955,,,,,,,,,crf_only,arpenteur,N,,
arrondi,ADJ,B1,crf_first_attested,1.0379,0.0955,0.0,0.0,1.0379,0.0,0.0,0.0,0.0955,,,,,,,,,crf_only,arrondi,A,,
fraises,NOUN,B1,crf_first_attested,1.0379,0.0955,0.0,0.0,1.0379,0.0,0.0,0.0,0.0955,,,,,,,,,crf_only,fraises,N,,
pmu,NOUN,B1,crf_first_attested,1.0379,0.0955,0.0,0.0,1.0379,0.0,0.0,0.0,0.0955,,,,,,,,,crf_only,pmu,N,,
séparé,ADJ,B1,crf_first_attested,1.0379,0.0955,0.0,0.0,1.0379,0.0,0.0,0.0,0.0955,,,,,,,,,crf_only,séparé,A,,
à part,ADV,B1,crf_first_attested,1.0379,0.0955,0.0,0.0,1.0379,0.0,0.0,0.0,0.0955,,,,,,,,,crf_only,à part,ADV,,
carrosse,NOUN,B1,beacco,1.0203,4.6668,0.5025,9.4348,1.0203,0.0,0.0,0.0,4.6668,0.0,6.1112,0.8634,0.0,0.0,0.0,2.3514,B1,word_pos,carrosse,N,carrosse,NOM
avis au,PREP,B1,crf_first_attested,1.0203,1.2221,0.0,0.0,1.0203,4.7828,0.0,0.0,1.2221,,,,,,,,,crf_only,avis au,PREP,,
acteur - roi,NOUN,B1,crf_first_attested,1.0203,0.0939,0.0,0.0,1.0203,0.0,0.0,0.0,0.0939,,,,,,,,,crf_only,acteur - roi,N,,
athos,NOUN,B1,crf_first_attested,1.0203,0.0939,0.0,0.0,1.0203,0.0,0.0,0.0,0.0939,,,,,,,,,crf_only,athos,N,,
cinéphile,ADJ,B1,crf_first_attested,1.0203,0.0939,0.0,0.0,1.0203,0.0,0.0,0.0,0.0939,,,,,,,,,crf_only,cinéphile,A,,
di,NOUN,B1,crf_first_attested,1.0203,0.0939,0.0,0.0,1.0203,0.0,0.0,0.0,0.0939,,,,,,,,,crf_only,di,N,,
poursuites,NOUN,B1,crf_first_attested,1.0203,0.0939,0.0,0.0,1.0203,0.0,0.0,0.0,0.0939,,,,,,,,,crf_only,poursuites,N,,
tragique,NOUN,B1,crf_first_attested,1.0203,0.0939,0.0,0.0,1.0203,0.0,0.0,0.0,0.0939,,,,,,,,,crf_only,tragique,N,,
égal,NOUN,B1,crf_first_attested,1.0202,2.3096,0.0,0.0,1.0202,3.0277,8.2019,0.0,2.3096,,,,,,,,,crf_only,égal,N,,
franc,ADJ,B1,beacco,1.0202,1.0646,0.2652,0.0,1.0202,0.0,1.6042,0.0,1.0646,0.4856,26.9308,22.5179,27.4085,3.4423,0.0,23.6325,B1,word_pos,franc,A,franc,ADJ
sous l' influence de,PREP,B1,crf_first_attested,1.0202,1.0267,0.0,0.0,1.0202,0.0,0.0,28.8683,1.0267,,,,,,,,,crf_only,sous l' influence de,PREP,,
sans peine,ADV,B1,crf_first_attested,1.0202,0.5153,0.0,0.0,1.0202,0.0,3.1012,0.0,0.5153,,,,,,,,,crf_only,sans peine,ADV,,
agenzia,X,B1,crf_first_attested,1.0202,0.0939,0.0,0.0,1.0202,0.0,0.0,0.0,0.0939,,,,,,,,,crf_only,agenzia,X,,
alamane,NOUN,B1,crf_first_attested,1.0202,0.0939,0.0,0.0,1.0202,0.0,0.0,0.0,0.0939,,,,,,,,,crf_only,alamane,N,,
attico,NOUN,B1,crf_first_attested,1.0202,0.0939,0.0,0.0,1.0202,0.0,0.0,0.0,0.0939,,,,,,,,,crf_only,attico,N,,
créatif,NOUN,B1,crf_first_attested,1.0202,0.0939,0.0,0.0,1.0202,0.0,0.0,0.0,0.0939,,,,,,,,,crf_only,créatif,N,,
easyroommate,NOUN,B1,crf_first_attested,1.0202,0.0939,0.0,0.0,1.0202,0.0,0.0,0.0,0.0939,,,,,,,,,crf_only,easyroommate,N,,
en majeur,ADV,B1,crf_first_attested,1.0202,0.0939,0.0,0.0,1.0202,0.0,0.0,0.0,0.0939,,,,,,,,,crf_only,en majeur,ADV,,
en mineur,ADV,B1,crf_first_attested,1.0202,0.0939,0.0,0.0,1.0202,0.0,0.0,0.0,0.0939,,,,,,,,,crf_only,en mineur,ADV,,
fouillé,ADJ,B1,crf_first_attested,1.0202,0.0939,0.0,0.0,1.0202,0.0,0.0,0.0,0.0939,,,,,,,,,crf_only,fouillé,A,,
huaraches,NOUN,B1,crf_first_attested,1.0202,0.0939,0.0,0.0,1.0202,0.0,0.0,0.0,0.0939,,,,,,,,,crf_only,huaraches,N,,
idéer,VERB,B1,crf_first_attested,1.0202,0.0939,0.0,0.0,1.0202,0.0,0.0,0.0,0.0939,,,,,,,,,crf_only,idéer,V,,
imaginez que,CONJ,B1,crf_first_attested,1.0202,0.0939,0.0,0.0,1.0202,0.0,0.0,0.0,0.0939,,,,,,,,,crf_only,imaginez que,CONJS,,
immobiliare,X,B1,crf_first_attested,1.0202,0.0939,0.0,0.0,1.0202,0.0,0.0,0.0,0.0939,,,,,,,,,crf_only,immobiliare,X,,
it ainsi que,CONJ,B1,crf_first_attested,1.0202,0.0939,0.0,0.0,1.0202,0.0,0.0,0.0,0.0939,,,,,,,,,crf_only,it ainsi que,CONJS,,
jolie,NOUN,B1,crf_first_attested,1.0202,0.0939,0.0,0.0,1.0202,0.0,0.0,0.0,0.0939,,,,,,,,,crf_only,jolie,N,,
pile à,PREP,B1,crf_first_attested,1.0202,0.0939,0.0,0.0,1.0202,0.0,0.0,0.0,0.0939,,,,,,,,,crf_only,pile à,PREP,,
piucase,NOUN,B1,crf_first_attested,1.0202,0.0939,0.0,0.0,1.0202,0.0,0.0,0.0,0.0939,,,,,,,,,crf_only,piucase,N,,
quasi - ivresse,NOUN,B1,crf_first_attested,1.0202,0.0939,0.0,0.0,1.0202,0.0,0.0,0.0,0.0939,,,,,,,,,crf_only,quasi - ivresse,N,,
quittez,PREP,B1,crf_first_attested,1.0202,0.0939,0.0,0.0,1.0202,0.0,0.0,0.0,0.0939,,,,,,,,,crf_only,quittez,PREP,,
secondmano,NOUN,B1,crf_first_attested,1.0202,0.0939,0.0,0.0,1.0202,0.0,0.0,0.0,0.0939,,,,,,,,,crf_only,secondmano,N,,
sek,NOUN,B1,crf_first_attested,1.0202,0.0939,0.0,0.0,1.0202,0.0,0.0,0.0,0.0939,,,,,,,,,crf_only,sek,N,,
sudoku,NOUN,B1,crf_first_attested,1.0202,0.0939,0.0,0.0,1.0202,0.0,0.0,0.0,0.0939,,,,,,,,,crf_only,sudoku,N,,
tee - shirt,NOUN,B1,crf_first_attested,1.0202,0.0939,0.0,0.0,1.0202,0.0,0.0,0.0,0.0939,,,,,,,,,crf_only,tee - shirt,N,,
warm,NOUN,B1,crf_first_attested,1.0202,0.0939,0.0,0.0,1.0202,0.0,0.0,0.0,0.0939,,,,,,,,,crf_only,warm,N,,
réparation,NOUN,B1,beacco,0.9618,3.4002,0.0,11.7792,0.9618,0.0,0.0,0.0,3.4002,0.0,11.2025,0.4665,0.0,0.0,0.0,2.8071,B1,word_pos,réparation,N,réparation,NOM
en tant,PREP,B1,crf_first_attested,0.9618,0.5384,0.0,0.0,0.9618,0.0,2.0505,0.0,0.5384,,,,,,,,,crf_only,en tant,PREP,,
ebay,NOUN,B1,crf_first_attested,0.9618,0.0885,0.0,0.0,0.9618,0.0,0.0,0.0,0.0885,,,,,,,,,crf_only,ebay,N,,
en règle,ADV,B1,crf_first_attested,0.9618,0.0885,0.0,0.0,0.9618,0.0,0.0,0.0,0.0885,,,,,,,,,crf_only,en règle,ADV,,
model,X,B1,crf_first_attested,0.9618,0.0885,0.0,0.0,0.9618,0.0,0.0,0.0,0.0885,,,,,,,,,crf_only,model,X,,
top,X,B1,crf_first_attested,0.9618,0.0885,0.0,0.0,0.9618,0.0,0.0,0.0,0.0885,,,,,,,,,crf_only,top,X,,
tu peux te foutre,ADV,B1,crf_first_attested,0.9618,0.0885,0.0,0.0,0.9618,0.0,0.0,0.0,0.0885,,,,,,,,,crf_only,tu peux te foutre,ADV,,
grandeur,NOUN,B1,beacco,0.9463,6.0247,0.0,3.2072,0.9463,10.7839,4.101,19.2455,6.0247,0.0,3.9045,0.438,19.2521,4.139,19.328,6.7125,B1,word_pos,grandeur,N,grandeur,NOM
à raison de,PREP,B1,crf_first_attested,0.9463,2.4489,0.0,0.0,0.9463,0.0,28.892,0.0,2.4489,,,,,,,,,crf_only,à raison de,PREP,,
peigner,VERB,B1,crf_first_attested,0.9463,0.8419,0.0,0.0,0.9463,0.6707,0.0,0.0,0.8419,,,,,,,,,crf_only,peigner,V,,
canevas,NOUN,B1,crf_first_attested,0.9463,0.1397,0.0,0.0,0.9463,0.0,0.0,0.0,0.1397,,,,,,,,,crf_only,canevas,N,,
cheikha,NOUN,B1,crf_first_attested,0.9463,0.1397,0.0,0.0,0.9463,0.0,0.0,0.0,0.1397,,,,,,,,,crf_only,cheikha,N,,
golden - boy,NOUN,B1,crf_first_attested,0.9463,0.1397,0.0,0.0,0.9463,0.0,0.0,0.0,0.1397,,,,,,,,,crf_only,golden - boy,N,,
mac,NOUN,B1,beacco,0.933,3.5215,,,,,,,,0.8075,8.8681,0.933,0.0,0.0,0.0,3.5215,B1,beacco_only,,,mac,NOM
serviette,NOUN,B1,beacco,0.9179,20.4193,0.8215,27.5224,0.9179,57.7915,22.8111,0.0,20.4193,0.5987,15.1526,0.9741,25.242,20.024,0.0,12.647,B1,word_pos,serviette,N,serviette,NOM
collé,ADJ,B1,crf_first_attested,0.9179,0.0845,0.0,0.0,0.9179,0.0,0.0,0.0,0.0845,,,,,,,,,crf_only,collé,A,,
bastien,NOUN,B1,crf_first_attested,0.9062,0.0834,0.0,0.0,0.9062,0.0,0.0,0.0,0.0834,,,,,,,,,crf_only,bastien,N,,
canto,NOUN,B1,crf_first_attested,0.9041,0.0832,0.0,0.0,0.9041,0.0,0.0,0.0,0.0832,,,,,,,,,crf_only,canto,N,,
célébres,ADJ,B1,crf_first_attested,0.9041,0.0832,0.0,0.0,0.9041,0.0,0.0,0.0,0.0832,,,,,,,,,crf_only,célébres,A,,
deum,X,B1,crf_first_attested,0.9041,0.0832,0.0,0.0,0.9041,0.0,0.0,0.0,0.0832,,,,,,,,,crf_only,deum,X,,
communautarisme,NOUN,B1,crf_first_attested,0.8749,2.2731,0.0,0.0,0.8749,6.0554,4.101,0.0,2.2731,,,,,,,,,crf_only,communautarisme,N,,
sur le terrain,ADV,B1,crf_first_attested,0.8749,1.7054,0.0,0.0,0.8749,0.7062,3.1012,9.6228,1.7054,,,,,,,,,crf_only,sur le terrain,ADV,,
à l' arrière de,PREP,B1,crf_first_attested,0.8749,1.6769,0.0,0.0,0.8749,9.3724,0.0,0.0,1.6769,,,,,,,,,crf_only,à l' arrière de,PREP,,
par le passé,ADV,B1,crf_first_attested,0.8749,1.4529,0.0,0.0,0.8749,3.0277,0.0,9.6228,1.4529,,,,,,,,,crf_only,par le passé,ADV,,
coll,NOUN,B1,crf_first_attested,0.8749,0.9666,0.0,0.0,0.8749,0.0,0.0,19.4814,0.9666,,,,,,,,,crf_only,coll,N,,
déboires,NOUN,B1,crf_first_attested,0.8749,0.475,0.0,0.0,0.8749,0.0,3.1012,0.0,0.475,,,,,,,,,crf_only,déboires,N,,
écossais,NOUN,B1,crf_first_attested,0.8749,0.475,0.0,0.0,0.8749,0.0,3.1012,0.0,0.475,,,,,,,,,crf_only,écossais,N,,
boursier,NOUN,B1,crf_first_attested,0.8749,0.0805,0.0,0.0,0.8749,0.0,0.0,0.0,0.0805,,,,,,,,,crf_only,boursier,N,,
bug,NOUN,B1,crf_first_attested,0.8749,0.0805,0.0,0.0,0.8749,0.0,0.0,0.0,0.0805,,,,,,,,,crf_only,bug,N,,
crétois,NOUN,B1,crf_first_attested,0.8749,0.0805,0.0,0.0,0.8749,0.0,0.0,0.0,0.0805,,,,,,,,,crf_only,crétois,N,,
fantaisie,ADJ,B1,crf_first_attested,0.8749,0.0805,0.0,0.0,0.8749,0.0,0.0,0.0,0.0805,,,,,,,,,crf_only,fantaisie,A,,
irrationnel,NOUN,B1,crf_first_attested,0.8749,0.0805,0.0,0.0,0.8749,0.0,0.0,0.0,0.0805,,,,,,,,,crf_only,irrationnel,N,,
mitterrandiens,NOUN,B1,crf_first_attested,0.8749,0.0805,0.0,0.0,0.8749,0.0,0.0,0.0,0.0805,,,,,,,,,crf_only,mitterrandiens,N,,
méconnu,NOUN,B1,crf_first_attested,0.8749,0.0805,0.0,0.0,0.8749,0.0,0.0,0.0,0.0805,,,,,,,,,crf_only,méconnu,N,,
occidental,NOUN,B1,crf_first_attested,0.8749,0.0805,0.0,0.0,0.8749,0.0,0.0,0.0,0.0805,,,,,,,,,crf_only,occidental,N,,
paparazzo,NOUN,B1,crf_first_attested,0.8749,0.0805,0.0,0.0,0.8749,0.0,0.0,0.0,0.0805,,,,,,,,,crf_only,paparazzo,N,,
tondeur,NOUN,B1,crf_first_attested,0.8749,0.0805,0.0,0.0,0.8749,0.0,0.0,0.0,0.0805,,,,,,,,,crf_only,tondeur,N,,
villette,NOUN,B1,crf_first_attested,0.8749,0.0805,0.0,0.0,0.8749,0.0,0.0,0.0,0.0805,,,,,,,,,crf_only,villette,N,,
webcam,NOUN,B1,crf_first_attested,0.8749,0.0805,0.0,0.0,0.8749,0.0,0.0,0.0,0.0805,,,,,,,,,crf_only,webcam,N,,
à coup sûr,ADV,B1,crf_first_attested,0.8749,0.0805,0.0,0.0,0.8749,0.0,0.0,0.0,0.0805,,,,,,,,,crf_only,à coup sûr,ADV,,
possible,NOUN,B1,beacco,0.8634,4.8759,,,,,,,,0.5547,3.5076,0.8634,9.8252,0.0,0.0,4.8759,B1,beacco_only,,,possible,NOM
handball,NOUN,B1,crf_first_attested,0.8304,0.8081,0.0,0.0,0.8304,3.0277,0.0,0.0,0.8081,,,,,,,,,crf_only,handball,N,,
journal,X,B1,crf_first_attested,0.8304,0.5831,0.0,0.0,0.8304,0.0,0.0,9.6228,0.5831,,,,,,,,,crf_only,journal,X,,
collimateur,NOUN,B1,crf_first_attested,0.8304,0.0764,0.0,0.0,0.8304,0.0,0.0,0.0,0.0764,,,,,,,,,crf_only,collimateur,N,,
développements,NOUN,B1,crf_first_attested,0.8304,0.0764,0.0,0.0,0.8304,0.0,0.0,0.0,0.0764,,,,,,,,,crf_only,développements,N,,
vivendi,NOUN,B1,crf_first_attested,0.8304,0.0764,0.0,0.0,0.8304,0.0,0.0,0.0,0.0764,,,,,,,,,crf_only,vivendi,N,,
vu,NOUN,B1,crf_first_attested,0.8304,0.0764,0.0,0.0,0.8304,0.0,0.0,0.0,0.0764,,,,,,,,,crf_only,vu,N,,
équipage,NOUN,B1,beacco,0.8162,6.8628,0.0,19.6692,0.8162,9.3724,0.0,0.0,6.8628,0.0,4.7722,0.8634,11.2274,0.0,0.0,4.2985,B1,word_pos,équipage,N,équipage,NOM
agitation,NOUN,B1,beacco,0.8162,3.5746,6.1825,2.4301,0.8162,0.0,0.0,0.0,3.5746,0.7319,3.9055,0.4317,0.0,0.0,0.0,2.2763,B1,word_pos,agitation,N,agitation,NOM
laine,NOUN,B1,beacco,0.8162,3.0495,0.5025,6.5329,0.8162,0.0,0.0,0.0,3.0495,0.0,6.5149,0.4317,0.0,0.0,0.0,1.9418,B1,word_pos,laine,N,laine,NOM
de plus belle,ADV,B1,crf_first_attested,0.8162,0.4216,0.0,0.0,0.8162,0.0,3.1012,0.0,0.4216,,,,,,,,,crf_only,de plus belle,ADV,,
désemparé,ADJ,B1,crf_first_attested,0.8162,0.0751,0.0,0.0,0.8162,0.0,0.0,0.0,0.0751,,,,,,,,,crf_only,désemparé,A,,
vieillard,NOUN,B1,beacco,0.753,9.2772,0.7622,9.0674,0.753,0.5755,31.0115,0.0,9.2772,0.5504,1.1188,0.7866,0.911,12.0009,0.0,4.3754,B1,word_pos,vieillard,N,vieillard,NOM
section,NOUN,B1,beacco,0.753,4.1098,0.0,6.1214,0.753,0.0,8.2019,0.0,4.1098,0.0,4.5709,1.5731,0.0,4.139,0.0,3.4115,B1,word_pos,section,N,section,NOM
capitaliste,NOUN,B1,crf_first_attested,0.753,0.7831,0.0,0.0,0.753,0.0,3.2084,0.0,0.7831,,,,,,,,,crf_only,capitaliste,N,,
chant,VERB,B1,crf_first_attested,0.753,0.0693,0.0,0.0,0.753,0.0,0.0,0.0,0.0693,,,,,,,,,crf_only,chant,V,,
à bas,ADV,B1,crf_first_attested,0.753,0.0693,0.0,0.0,0.753,0.0,0.0,0.0,0.0693,,,,,,,,,crf_only,à bas,ADV,,
désordre,NOUN,B1,beacco,0.7236,8.6294,0.0,5.1328,0.7236,31.2814,10.2524,0.0,8.6294,0.0,4.8826,0.6378,24.7678,8.2781,0.0,7.0372,B1,word_pos,désordre,N,désordre,NOM
vigne,NOUN,B1,beacco,0.7236,8.1095,2.0071,3.584,0.7236,19.3285,9.3035,0.0,8.1095,3.6596,3.6645,0.6378,9.8491,6.0005,0.0,6.404,B1,word_pos,vigne,N,vigne,NOM
frigo,NOUN,B1,beacco,0.7236,7.2355,0.5304,24.1081,0.7236,3.0277,0.0,0.0,7.2355,0.0,23.4802,0.6378,2.2839,0.0,0.0,5.7324,B1,word_pos,frigo,N,frigo,NOM
déserter,VERB,B1,beacco,0.7236,7.0247,0.0,4.0044,0.7236,1.0571,16.4039,28.8683,7.0247,0.0,6.6971,0.6378,0.0,8.2781,19.328,4.8774,B1,word_pos,déserter,V,déserter,VER
initiation,NOUN,B1,beacco,0.7236,5.6201,0.0,2.2869,0.7236,10.7839,20.4505,0.0,5.6201,0.0,4.5743,1.2756,10.1033,20.6179,0.0,7.5608,B1,word_pos,initiation,N,initiation,NOM
contrairement au,PREP,B1,crf_first_attested,0.7236,5.4553,0.0,0.0,0.7236,13.4191,6.2023,12.352,5.4553,,,,,,,,,crf_only,contrairement au,PREP,,
objectif,ADJ,B1,beacco,0.7236,5.0339,0.0,0.0944,0.7236,0.0,66.6327,0.0,5.0339,0.0,16.298,21.1698,0.0,129.0281,77.4712,25.6795,B1,word_pos,objectif,A,objectif,ADJ
strict,ADJ,B1,beacco,0.7236,4.8748,0.0,1.2702,0.7236,1.6517,3.2084,48.0277,4.8748,0.0,4.4863,1.2756,9.1403,3.4423,77.4712,8.896,B1,word_pos,strict,A,strict,ADJ
formuler,VERB,B1,beacco,0.7236,4.1688,0.0,0.2599,0.7236,2.1187,1.6042,62.2019,4.1688,0.0,4.542,0.6378,1.2705,3.4423,50.4231,6.1318,B1,word_pos,formuler,V,formuler,VER
bien - être,NOUN,B1,crf_first_attested,0.7236,3.9804,0.0,0.0,0.7236,8.4175,29.1381,0.0,3.9804,,,,,,,,,crf_only,bien - être,N,,
pêcher,VERB,B1,beacco,0.7236,2.7925,0.0,3.3295,0.7236,0.0,8.2019,0.0,2.7925,0.0,4.6351,3.1463,0.0,8.2781,0.0,4.2737,B1,word_pos,pêcher,V,pêcher,VER
savoir - vivre,NOUN,B1,crf_first_attested,0.7236,2.1638,0.0,0.0,0.7236,1.1509,8.021,0.0,2.1638,,,,,,,,,crf_only,savoir - vivre,N,,
de base,ADJ,B1,crf_first_attested,0.7236,1.906,0.0,0.0,0.7236,4.8562,6.2023,0.0,1.906,,,,,,,,,crf_only,de base,A,,
amande,NOUN,B1,beacco,0.7236,1.8856,2.5125,0.9626,0.7236,0.0,0.0,0.0,1.8856,0.9051,4.7285,1.2756,0.0,0.0,0.0,2.5051,B1,word_pos,amande,N,amande,NOM
brume,NOUN,B1,beacco,0.7236,1.7817,0.0,3.5373,0.7236,0.5755,0.0,0.0,1.7817,0.0,1.2017,0.6378,0.911,0.0,0.0,1.8703,B1,word_pos,brume,N,brume,NOM
à vrai dire,ADV,B1,crf_first_attested,0.7236,1.5033,0.0,0.0,0.7236,10.1962,0.0,0.0,1.5033,,,,,,,,,crf_only,à vrai dire,ADV,,
provincial,NOUN,B1,beacco,0.7236,1.4558,1.9862,0.0,0.7236,1.1509,0.0,0.0,1.4558,1.2635,1.2456,4.687,0.911,0.0,0.0,4.8237,B1,word_pos,provincial,N,provincial,NOM
par définition,ADV,B1,crf_first_attested,0.7236,0.8847,0.0,0.0,0.7236,0.0,6.1515,0.0,0.8847,,,,,,,,,crf_only,par définition,ADV,,
en solitaire,ADV,B1,crf_first_attested,0.7236,0.8762,0.0,0.0,0.7236,0.0,0.0,45.4565,0.8762,,,,,,,,,crf_only,en solitaire,ADV,,
en peine,ADV,B1,crf_first_attested,0.7236,0.717,0.0,0.0,0.7236,0.0,4.101,0.0,0.717,,,,,,,,,crf_only,en peine,ADV,,
bioéthique,NOUN,B1,crf_first_attested,0.7236,0.5176,0.0,0.0,0.7236,0.0,0.0,9.6228,0.5176,,,,,,,,,crf_only,bioéthique,N,,
allemande,NOUN,B1,crf_first_attested,0.7236,0.4967,0.0,0.0,0.7236,1.5139,0.0,0.0,0.4967,,,,,,,,,crf_only,allemande,N,,
porte,ADJ,B1,beacco,0.7236,0.4716,0.4068,0.0,0.7236,0.0,0.0,0.0,0.4716,0.0,1.0679,11.3289,1.8983,0.0,0.0,4.8527,B1,word_pos,porte,A,porte,ADJ
angevin,NOUN,B1,crf_first_attested,0.7236,0.0666,0.0,0.0,0.7236,0.0,0.0,0.0,0.0666,,,,,,,,,crf_only,angevin,N,,
assourdissante5,ADJ,B1,crf_first_attested,0.7236,0.0666,0.0,0.0,0.7236,0.0,0.0,0.0,0.0666,,,,,,,,,crf_only,assourdissante5,A,,
assuré,ADJ,B1,crf_first_attested,0.7236,0.0666,0.0,0.0,0.7236,0.0,0.0,0.0,0.0666,,,,,,,,,crf_only,assuré,A,,
au premier pas,ADV,B1,crf_first_attested,0.7236,0.0666,0.0,0.0,0.7236,0.0,0.0,0.0,0.0666,,,,,,,,,crf_only,au premier pas,ADV,,
bicentenaire,NOUN,B1,crf_first_attested,0.7236,0.0666,0.0,0.0,0.7236,0.0,0.0,0.0,0.0666,,,,,,,,,crf_only,bicentenaire,N,,
cœurs,NOUN,B1,crf_first_attested,0.7236,0.0666,0.0,0.0,0.7236,0.0,0.0,0.0,0.0666,,,,,,,,,crf_only,cœurs,N,,
dortoir,NOUN,B1,crf_first_attested,0.7236,0.0666,0.0,0.0,0.7236,0.0,0.0,0.0,0.0666,,,,,,,,,crf_only,dortoir,N,,
du stop,ADV,B1,crf_first_attested,0.7236,0.0666,0.0,0.0,0.7236,0.0,0.0,0.0,0.0666,,,,,,,,,crf_only,du stop,ADV,,
dualisation,NOUN,B1,crf_first_attested,0.7236,0.0666,0.0,0.0,0.7236,0.0,0.0,0.0,0.0666,,,,,,,,,crf_only,dualisation,N,,
en définitive,ADV,B1,crf_first_attested,0.7236,0.0666,0.0,0.0,0.7236,0.0,0.0,0.0,0.0666,,,,,,,,,crf_only,en définitive,ADV,,
gratte - ciel,NOUN,B1,crf_first_attested,0.7236,0.0666,0.0,0.0,0.7236,0.0,0.0,0.0,0.0666,,,,,,,,,crf_only,gratte - ciel,N,,
hypertrophié,ADJ,B1,crf_first_attested,0.7236,0.0666,0.0,0.0,0.7236,0.0,0.0,0.0,0.0666,,,,,,,,,crf_only,hypertrophié,A,,
indivi,NOUN,B1,crf_first_attested,0.7236,0.0666,0.0,0.0,0.7236,0.0,0.0,0.0,0.0666,,,,,,,,,crf_only,indivi,N,,
marinier,ADJ,B1,crf_first_attested,0.7236,0.0666,0.0,0.0,0.7236,0.0,0.0,0.0,0.0666,,,,,,,,,crf_only,marinier,A,,
micro - ondes,NOUN,B1,crf_first_attested,0.7236,0.0666,0.0,0.0,0.7236,0.0,0.0,0.0,0.0666,,,,,,,,,crf_only,micro - ondes,N,,
min,NOUN,B1,crf_first_attested,0.7236,0.0666,0.0,0.0,0.7236,0.0,0.0,0.0,0.0666,,,,,,,,,crf_only,min,N,,
moutarde,ADJ,B1,crf_first_attested,0.7236,0.0666,0.0,0.0,0.7236,0.0,0.0,0.0,0.0666,,,,,,,,,crf_only,moutarde,A,,
museeduvinparis,NOUN,B1,crf_first_attested,0.7236,0.0666,0.0,0.0,0.7236,0.0,0.0,0.0,0.0666,,,,,,,,,crf_only,museeduvinparis,N,,
mêle,ADJ,B1,crf_first_attested,0.7236,0.0666,0.0,0.0,0.7236,0.0,0.0,0.0,0.0666,,,,,,,,,crf_only,mêle,A,,
new,X,B1,crf_first_attested,0.7236,0.0666,0.0,0.0,0.7236,0.0,0.0,0.0,0.0666,,,,,,,,,crf_only,new,X,,
norvégien,NOUN,B1,crf_first_attested,0.7236,0.0666,0.0,0.0,0.7236,0.0,0.0,0.0,0.0666,,,,,,,,,crf_only,norvégien,N,,
odile,NOUN,B1,crf_first_attested,0.7236,0.0666,0.0,0.0,0.7236,0.0,0.0,0.0,0.0666,,,,,,,,,crf_only,odile,N,,
resto - bar,NOUN,B1,crf_first_attested,0.7236,0.0666,0.0,0.0,0.7236,0.0,0.0,0.0,0.0666,,,,,,,,,crf_only,resto - bar,N,,
réapproprier,VERB,B1,crf_first_attested,0.7236,0.0666,0.0,0.0,0.7236,0.0,0.0,0.0,0.0666,,,,,,,,,crf_only,réapproprier,V,,
stoppeur,NOUN,B1,crf_first_attested,0.7236,0.0666,0.0,0.0,0.7236,0.0,0.0,0.0,0.0666,,,,,,,,,crf_only,stoppeur,N,,
sur l' initiative de,PREP,B1,crf_first_attested,0.7236,0.0666,0.0,0.0,0.7236,0.0,0.0,0.0,0.0666,,,,,,,,,crf_only,sur l' initiative de,PREP,,
tartare,NOUN,B1,crf_first_attested,0.7236,0.0666,0.0,0.0,0.7236,0.0,0.0,0.0,0.0666,,,,,,,,,crf_only,tartare,N,,
time,X,B1,crf_first_attested,0.7236,0.0666,0.0,0.0,0.7236,0.0,0.0,0.0,0.0666,,,,,,,,,crf_only,time,X,,
troublant,NOUN,B1,crf_first_attested,0.7236,0.0666,0.0,0.0,0.7236,0.0,0.0,0.0,0.0666,,,,,,,,,crf_only,troublant,N,,
york,X,B1,crf_first_attested,0.7236,0.0666,0.0,0.0,0.7236,0.0,0.0,0.0,0.0666,,,,,,,,,crf_only,york,X,,
à plein temps,ADV,B1,crf_first_attested,0.7236,0.0666,0.0,0.0,0.7236,0.0,0.0,0.0,0.0666,,,,,,,,,crf_only,à plein temps,ADV,,
attentif,ADJ,B1,beacco,0.7214,5.0002,0.3158,11.1363,0.7214,0.0,2.0505,9.6228,5.0002,0.6291,4.5746,0.4665,0.0,4.139,19.328,4.0594,B1,word_pos,attentif,A,attentif,ADJ
décerner,VERB,B1,beacco,0.7214,4.1701,0.0,2.971,0.7214,0.0,9.3035,28.8683,4.1701,0.0,6.0824,0.933,0.0,6.0005,19.328,4.1877,B1,word_pos,décerner,V,décerner,VER
excursion,NOUN,B1,beacco,0.7214,3.784,4.1574,5.8813,0.7214,0.0,0.0,0.0,3.784,2.2246,10.0848,0.4665,0.0,0.0,0.0,3.8217,B1,word_pos,excursion,N,excursion,NOM
talon,NOUN,B1,beacco,0.7214,3.603,1.3242,8.7763,0.7214,0.0,0.0,0.0,3.603,1.2635,18.1231,0.933,0.0,0.0,0.0,6.2828,B1,word_pos,talon,N,talon,NOM
à proximité de,PREP,B1,crf_first_attested,0.7214,1.3987,0.0,0.0,0.7214,0.0,6.2023,6.4938,1.3987,,,,,,,,,crf_only,à proximité de,PREP,,
consacrent,NOUN,B1,crf_first_attested,0.7214,0.0664,0.0,0.0,0.7214,0.0,0.0,0.0,0.0664,,,,,,,,,crf_only,consacrent,N,,
en marge de,PREP,B1,crf_first_attested,0.7214,0.0664,0.0,0.0,0.7214,0.0,0.0,0.0,0.0664,,,,,,,,,crf_only,en marge de,PREP,,
il y avoir plein,VERB,B1,crf_first_attested,0.7214,0.0664,0.0,0.0,0.7214,0.0,0.0,0.0,0.0664,,,,,,,,,crf_only,il y avoir plein,V,,
motorisés,ADJ,B1,crf_first_attested,0.7214,0.0664,0.0,0.0,0.7214,0.0,0.0,0.0,0.0664,,,,,,,,,crf_only,motorisés,A,,
méandres,NOUN,B1,crf_first_attested,0.7214,0.0664,0.0,0.0,0.7214,0.0,0.0,0.0,0.0664,,,,,,,,,crf_only,méandres,N,,
précieux,NOUN,B1,crf_first_attested,0.7214,0.0664,0.0,0.0,0.7214,0.0,0.0,0.0,0.0664,,,,,,,,,crf_only,précieux,N,,
dragon,NOUN,B1,beacco,0.7097,11.281,0.0,69.1933,0.7097,0.0,0.0,0.0,11.281,0.0,103.9725,0.8759,0.0,0.0,0.0,16.9585,B1,word_pos,dragon,N,dragon,NOM
conquête,NOUN,B1,beacco,0.7097,10.3988,0.0,5.1331,0.7097,0.0,27.7392,175.4484,10.3988,0.0,8.8134,0.438,0.0,20.6179,113.5434,7.2076,B1,word_pos,conquête,N,conquête,NOM
sandwich,NOUN,B1,beacco,0.7097,5.2216,0.5025,3.838,0.7097,6.0362,0.0,0.0,5.2216,0.9051,4.2952,0.438,16.1399,0.0,0.0,6.9951,B1,word_pos,sandwich,N,sandwich,NOM
lame,NOUN,B1,beacco,0.7097,3.9113,0.0,2.2127,0.7097,1.7898,6.4168,0.0,3.9113,0.0,4.43,0.438,3.7966,10.3269,0.0,5.5883,B1,word_pos,lame,N,lame,NOM
déesse,NOUN,B1,beacco,0.7097,3.2443,0.5081,0.7405,0.7097,0.0,15.5058,0.0,3.2443,0.5504,1.2121,0.438,0.0,6.0005,0.0,2.4613,B1,word_pos,déesse,N,déesse,NOM
tilleul,NOUN,B1,beacco,0.7097,1.1961,0.0,1.1107,0.7097,0.5755,0.0,0.0,1.1961,0.0,1.8181,0.8759,0.911,0.0,0.0,2.0162,B1,word_pos,tilleul,N,tilleul,NOM
parfait,NOUN,B1,crf_first_attested,0.7097,0.6918,0.0,0.0,0.7097,0.7062,0.0,0.0,0.6918,,,,,,,,,crf_only,parfait,N,,
pêle - mêle,ADV,B1,crf_first_attested,0.7097,0.6106,0.0,0.0,0.7097,1.5139,0.0,0.0,0.6106,,,,,,,,,crf_only,pêle - mêle,ADV,,
ailé,ADJ,B1,crf_first_attested,0.7097,0.1048,0.0,0.0,0.7097,0.0,0.0,0.0,0.1048,,,,,,,,,crf_only,ailé,A,,
arc - en - ciel,NOUN,B1,crf_first_attested,0.7097,0.1048,0.0,0.0,0.7097,0.0,0.0,0.0,0.1048,,,,,,,,,crf_only,arc - en - ciel,N,,
artist,X,B1,crf_first_attested,0.7097,0.1048,0.0,0.0,0.7097,0.0,0.0,0.0,0.1048,,,,,,,,,crf_only,artist,X,,
au pas,ADV,B1,crf_first_attested,0.7097,0.1048,0.0,0.0,0.7097,0.0,0.0,0.0,0.1048,,,,,,,,,crf_only,au pas,ADV,,
cambré,ADJ,B1,crf_first_attested,0.7097,0.1048,0.0,0.0,0.7097,0.0,0.0,0.0,0.1048,,,,,,,,,crf_only,cambré,A,,
cheque,X,B1,crf_first_attested,0.7097,0.1048,0.0,0.0,0.7097,0.0,0.0,0.0,0.1048,,,,,,,,,crf_only,cheque,X,,
consolamentum,NOUN,B1,crf_first_attested,0.7097,0.1048,0.0,0.0,0.7097,0.0,0.0,0.0,0.1048,,,,,,,,,crf_only,consolamentum,N,,
cyberbang,NOUN,B1,crf_first_attested,0.7097,0.1048,0.0,0.0,0.7097,0.0,0.0,0.0,0.1048,,,,,,,,,crf_only,cyberbang,N,,
cyberspace,NOUN,B1,crf_first_attested,0.7097,0.1048,0.0,0.0,0.7097,0.0,0.0,0.0,0.1048,,,,,,,,,crf_only,cyberspace,N,,
girl,X,B1,crf_first_attested,0.7097,0.1048,0.0,0.0,0.7097,0.0,0.0,0.0,0.1048,,,,,,,,,crf_only,girl,X,,
guest,X,B1,crf_first_attested,0.7097,0.1048,0.0,0.0,0.7097,0.0,0.0,0.0,0.1048,,,,,,,,,crf_only,guest,X,,
inn signifiant auberge,ADV,B1,crf_first_attested,0.7097,0.1048,0.0,0.0,0.7097,0.0,0.0,0.0,0.1048,,,,,,,,,crf_only,inn signifiant auberge,ADV,,
line,X,B1,crf_first_attested,0.7097,0.1048,0.0,0.0,0.7097,0.0,0.0,0.0,0.1048,,,,,,,,,crf_only,line,X,,
mats,NOUN,B1,crf_first_attested,0.7097,0.1048,0.0,0.0,0.7097,0.0,0.0,0.0,0.1048,,,,,,,,,crf_only,mats,N,,
pur,NOUN,B1,crf_first_attested,0.7097,0.1048,0.0,0.0,0.7097,0.0,0.0,0.0,0.1048,,,,,,,,,crf_only,pur,N,,
réexpédier,VERB,B1,crf_first_attested,0.7097,0.1048,0.0,0.0,0.7097,0.0,0.0,0.0,0.1048,,,,,,,,,crf_only,réexpédier,V,,
sex - appeal,NOUN,B1,crf_first_attested,0.7097,0.1048,0.0,0.0,0.7097,0.0,0.0,0.0,0.1048,,,,,,,,,crf_only,sex - appeal,N,,
tart,ADJ,B1,crf_first_attested,0.7097,0.1048,0.0,0.0,0.7097,0.0,0.0,0.0,0.1048,,,,,,,,,crf_only,tart,A,,
traveller,NOUN,B1,crf_first_attested,0.7097,0.1048,0.0,0.0,0.7097,0.0,0.0,0.0,0.1048,,,,,,,,,crf_only,traveller,N,,
trimbaler,VERB,B1,crf_first_attested,0.7097,0.1048,0.0,0.0,0.7097,0.0,0.0,0.0,0.1048,,,,,,,,,crf_only,trimbaler,V,,
seuil,NOUN,B1,beacco,0.6884,11.0937,0.0,1.4809,0.6884,13.5943,51.8789,57.0668,11.0937,0.0,1.2121,0.487,8.2287,66.9321,56.7717,10.3517,B1,word_pos,seuil,N,seuil,NOM
grenier,NOUN,B1,beacco,0.6884,7.5286,2.5984,5.6919,0.6884,1.1509,18.6069,0.0,7.5286,2.2246,8.9725,0.487,0.911,18.0014,0.0,7.9147,B1,word_pos,grenier,N,grenier,NOM
étonnement,NOUN,B1,beacco,0.6884,5.8585,1.2043,9.807,0.6884,6.3292,0.0,0.0,5.8585,0.7319,17.3445,0.487,8.1533,0.0,0.0,7.5437,B1,word_pos,étonnement,N,étonnement,NOM
coudre,VERB,B1,beacco,0.6884,5.3155,0.0,17.0131,0.6884,1.4125,0.0,0.0,5.3155,0.0,16.9211,0.487,1.2705,0.0,0.0,4.8229,B1,word_pos,coudre,V,coudre,VER
au bout,ADV,B1,crf_first_attested,0.6884,0.7607,0.0,0.0,0.6884,0.0,4.101,0.0,0.7607,,,,,,,,,crf_only,au bout,ADV,,
tu entends,ADV,B1,crf_first_attested,0.6884,0.6081,0.0,0.0,0.6884,0.6707,0.0,0.0,0.6081,,,,,,,,,crf_only,tu entends,ADV,,
plein,ADV,B1,crf_first_attested,0.6884,0.6013,0.0,0.0,0.6884,0.7062,0.0,0.0,0.6013,,,,,,,,,crf_only,plein,ADV,,
quarante,PRON,B1,crf_first_attested,0.6884,0.5667,0.0,0.0,0.6884,0.8949,0.0,0.0,0.5667,,,,,,,,,crf_only,quarante,PRO,,
en voilà,ADV,B1,crf_first_attested,0.6884,0.4883,0.0,0.0,0.6884,0.0,1.6042,0.0,0.4883,,,,,,,,,crf_only,en voilà,ADV,,
de derrière,PREP,B1,crf_first_attested,0.6884,0.0634,0.0,0.0,0.6884,0.0,0.0,0.0,0.0634,,,,,,,,,crf_only,de derrière,PREP,,
en avec,PREP,B1,crf_first_attested,0.6884,0.0634,0.0,0.0,0.6884,0.0,0.0,0.0,0.0634,,,,,,,,,crf_only,en avec,PREP,,
enlève,NOUN,B1,crf_first_attested,0.6884,0.0634,0.0,0.0,0.6884,0.0,0.0,0.0,0.0634,,,,,,,,,crf_only,enlève,N,,
jusqu' au fond,ADV,B1,crf_first_attested,0.6884,0.0634,0.0,0.0,0.6884,0.0,0.0,0.0,0.0634,,,,,,,,,crf_only,jusqu' au fond,ADV,,
par - dessus de,PREP,B1,crf_first_attested,0.6884,0.0634,0.0,0.0,0.6884,0.0,0.0,0.0,0.0634,,,,,,,,,crf_only,par - dessus de,PREP,,
penché,ADJ,B1,crf_first_attested,0.6884,0.0634,0.0,0.0,0.6884,0.0,0.0,0.0,0.0634,,,,,,,,,crf_only,penché,A,,
pendant que,PREP,B1,crf_first_attested,0.6884,0.0634,0.0,0.0,0.6884,0.0,0.0,0.0,0.0634,,,,,,,,,crf_only,pendant que,PREP,,
perché,NOUN,B1,crf_first_attested,0.6884,0.0634,0.0,0.0,0.6884,0.0,0.0,0.0,0.0634,,,,,,,,,crf_only,perché,N,,
plié,ADJ,B1,crf_first_attested,0.6884,0.0634,0.0,0.0,0.6884,0.0,0.0,0.0,0.0634,,,,,,,,,crf_only,plié,A,,
vaincu,ADJ,B1,crf_first_attested,0.6884,0.0634,0.0,0.0,0.6884,0.0,0.0,0.0,0.0634,,,,,,,,,crf_only,vaincu,A,,
doubler,VERB,B1,beacco,0.6802,8.8447,0.0,1.6347,0.6802,16.1639,46.9594,43.6102,8.8447,0.0,3.1491,0.5857,14.7395,73.3785,56.7717,12.2217,B1,word_pos,doubler,V,doubler,VER
imiter,VERB,B1,beacco,0.6802,7.5651,0.0,11.7015,0.6802,13.6868,19.6975,0.0,7.5651,0.0,4.7369,0.5857,17.9341,26.3397,0.0,8.0742,B1,word_pos,imiter,V,imiter,VER
voleur,ADJ,B1,beacco,0.6802,7.0241,0.3158,11.0574,0.6802,12.1109,0.0,0.0,7.0241,0.8346,8.6599,3.6423,0.3387,0.0,0.0,5.8371,B1,word_pos,voleur,A,voleur,ADJ
regret,NOUN,B1,beacco,0.6802,6.6804,0.0,11.0392,0.6802,1.1509,21.7081,0.0,6.6804,0.0,7.8646,1.1713,0.911,12.0009,0.0,5.8672,B1,word_pos,regret,N,regret,NOM
imprimer,VERB,B1,beacco,0.6802,6.1207,1.718,3.769,0.6802,1.5139,21.7081,0.0,6.1207,3.4669,0.8313,0.5857,2.2839,18.0014,0.0,5.8726,B1,word_pos,imprimer,V,imprimer,VER
tester,VERB,B1,beacco,0.6802,5.0099,0.0,9.1263,0.6802,3.0277,6.2023,9.6228,5.0099,0.0,9.8684,0.5857,2.2839,12.0009,19.328,6.3369,B1,word_pos,tester,V,tester,VER
ressource,NOUN,B1,beacco,0.6802,4.7933,0.0,0.2035,0.6802,1.4125,16.4039,6.4938,4.7933,0.0,4.4239,17.2009,36.366,28.9732,56.7717,23.5062,B1,word_pos,ressource,N,ressource,NOM
fleurir,VERB,B1,beacco,0.6802,2.3633,0.0,0.6418,0.6802,4.7249,3.1012,0.0,2.3633,0.0,3.782,1.757,8.2319,6.0005,0.0,6.0602,B1,word_pos,fleurir,V,fleurir,VER
soi,NOUN,B1,crf_first_attested,0.6802,2.3245,0.0,0.0,0.6802,3.0277,9.6252,0.0,2.3245,,,,,,,,,crf_only,soi,N,,
synthétique,ADJ,B1,beacco,0.6802,1.7805,0.0,0.7835,0.6802,0.0,15.5058,0.0,1.7805,0.0,0.7459,0.5857,0.0,18.0014,0.0,1.66,B1,word_pos,synthétique,A,synthétique,ADJ
cent mille,DET,B1,crf_first_attested,0.6802,1.4773,0.0,0.0,0.6802,9.8514,0.0,0.0,1.4773,,,,,,,,,crf_only,cent mille,DET,,
en dit,ADV,B1,crf_first_attested,0.6802,1.3408,0.0,0.0,0.6802,10.597,0.0,0.0,1.3408,,,,,,,,,crf_only,en dit,ADV,,
généralisé,ADJ,B1,crf_first_attested,0.6802,1.3063,0.0,0.0,0.6802,0.0,6.2023,9.6228,1.3063,,,,,,,,,crf_only,généralisé,A,,
transgénique,ADJ,B1,crf_first_attested,0.6802,1.1188,0.0,0.0,0.6802,0.0,2.0505,12.9876,1.1188,,,,,,,,,crf_only,transgénique,A,,
au travers de,PREP,B1,crf_first_attested,0.6802,1.0005,0.0,0.0,0.6802,1.5139,0.0,9.6228,1.0005,,,,,,,,,crf_only,au travers de,PREP,,
équilibré,ADJ,B1,crf_first_attested,0.6802,0.8807,0.0,0.0,0.6802,1.7264,0.0,0.0,0.8807,,,,,,,,,crf_only,équilibré,A,,
onze,ADJ,B1,crf_first_attested,0.6802,0.7524,0.0,0.0,0.6802,2.4776,0.0,0.0,0.7524,,,,,,,,,crf_only,onze,A,,
spa,NOUN,B1,crf_first_attested,0.6802,0.6845,0.0,0.0,0.6802,0.0,0.0,19.2455,0.6845,,,,,,,,,crf_only,spa,N,,
fax,NOUN,B1,crf_first_attested,0.6802,0.4834,0.0,0.0,0.6802,0.0,2.0505,0.0,0.4834,,,,,,,,,crf_only,fax,N,,
national,X,B1,crf_first_attested,0.6802,0.4834,0.0,0.0,0.6802,0.0,2.0505,0.0,0.4834,,,,,,,,,crf_only,national,X,,
agathe,NOUN,B1,crf_first_attested,0.6802,0.0626,0.0,0.0,0.6802,0.0,0.0,0.0,0.0626,,,,,,,,,crf_only,agathe,N,,
ambulant,NOUN,B1,crf_first_attested,0.6802,0.0626,0.0,0.0,0.6802,0.0,0.0,0.0,0.0626,,,,,,,,,crf_only,ambulant,N,,
arbitrer,VERB,B1,crf_first_attested,0.6802,0.0626,0.0,0.0,0.6802,0.0,0.0,0.0,0.0626,,,,,,,,,crf_only,arbitrer,V,,
au long de,PREP,B1,crf_first_attested,0.6802,0.0626,0.0,0.0,0.6802,0.0,0.0,0.0,0.0626,,,,,,,,,crf_only,au long de,PREP,,
bateau,ADJ,B1,crf_first_attested,0.6802,0.0626,0.0,0.0,0.6802,0.0,0.0,0.0,0.0626,,,,,,,,,crf_only,bateau,A,,
choriste,NOUN,B1,crf_first_attested,0.6802,0.0626,0.0,0.0,0.6802,0.0,0.0,0.0,0.0626,,,,,,,,,crf_only,choriste,N,,
combustible,ADJ,B1,crf_first_attested,0.6802,0.0626,0.0,0.0,0.6802,0.0,0.0,0.0,0.0626,,,,,,,,,crf_only,combustible,A,,
council,X,B1,crf_first_attested,0.6802,0.0626,0.0,0.0,0.6802,0.0,0.0,0.0,0.0626,,,,,,,,,crf_only,council,X,,
cuisiné,ADJ,B1,crf_first_attested,0.6802,0.0626,0.0,0.0,0.6802,0.0,0.0,0.0,0.0626,,,,,,,,,crf_only,cuisiné,A,,
dans l' instant,ADV,B1,crf_first_attested,0.6802,0.0626,0.0,0.0,0.6802,0.0,0.0,0.0,0.0626,,,,,,,,,crf_only,dans l' instant,ADV,,
de prime abord,ADV,B1,crf_first_attested,0.6802,0.0626,0.0,0.0,0.6802,0.0,0.0,0.0,0.0626,,,,,,,,,crf_only,de prime abord,ADV,,
decouvre,PREP,B1,crf_first_attested,0.6802,0.0626,0.0,0.0,0.6802,0.0,0.0,0.0,0.0626,,,,,,,,,crf_only,decouvre,PREP,,
en choeur,ADV,B1,crf_first_attested,0.6802,0.0626,0.0,0.0,0.6802,0.0,0.0,0.0,0.0626,,,,,,,,,crf_only,en choeur,ADV,,
en fait foi,ADV,B1,crf_first_attested,0.6802,0.0626,0.0,0.0,0.6802,0.0,0.0,0.0,0.0626,,,,,,,,,crf_only,en fait foi,ADV,,
en sus de,PREP,B1,crf_first_attested,0.6802,0.0626,0.0,0.0,0.6802,0.0,0.0,0.0,0.0626,,,,,,,,,crf_only,en sus de,PREP,,
errer le long,VERB,B1,crf_first_attested,0.6802,0.0626,0.0,0.0,0.6802,0.0,0.0,0.0,0.0626,,,,,,,,,crf_only,errer le long,V,,
excerptionnel,ADJ,B1,crf_first_attested,0.6802,0.0626,0.0,0.0,0.6802,0.0,0.0,0.0,0.0626,,,,,,,,,crf_only,excerptionnel,A,,
germain,ADJ,B1,crf_first_attested,0.6802,0.0626,0.0,0.0,0.6802,0.0,0.0,0.0,0.0626,,,,,,,,,crf_only,germain,A,,
girelle,NOUN,B1,crf_first_attested,0.6802,0.0626,0.0,0.0,0.6802,0.0,0.0,0.0,0.0626,,,,,,,,,crf_only,girelle,N,,
géographico,NOUN,B1,crf_first_attested,0.6802,0.0626,0.0,0.0,0.6802,0.0,0.0,0.0,0.0626,,,,,,,,,crf_only,géographico,N,,
jusque au côtes de,PREP,B1,crf_first_attested,0.6802,0.0626,0.0,0.0,0.6802,0.0,0.0,0.0,0.0626,,,,,,,,,crf_only,jusque au côtes de,PREP,,
leger,VERB,B1,crf_first_attested,0.6802,0.0626,0.0,0.0,0.6802,0.0,0.0,0.0,0.0626,,,,,,,,,crf_only,leger,V,,
mal écrit,ADV,B1,crf_first_attested,0.6802,0.0626,0.0,0.0,0.6802,0.0,0.0,0.0,0.0626,,,,,,,,,crf_only,mal écrit,ADV,,
mojidoku,NOUN,B1,crf_first_attested,0.6802,0.0626,0.0,0.0,0.6802,0.0,0.0,0.0,0.0626,,,,,,,,,crf_only,mojidoku,N,,
movement,X,B1,crf_first_attested,0.6802,0.0626,0.0,0.0,0.6802,0.0,0.0,0.0,0.0626,,,,,,,,,crf_only,movement,X,,
musulman,NOUN,B1,crf_first_attested,0.6802,0.0626,0.0,0.0,0.6802,0.0,0.0,0.0,0.0626,,,,,,,,,crf_only,musulman,N,,
même toute,ADV,B1,crf_first_attested,0.6802,0.0626,0.0,0.0,0.6802,0.0,0.0,0.0,0.0626,,,,,,,,,crf_only,même toute,ADV,,
newsmagazine,NOUN,B1,crf_first_attested,0.6802,0.0626,0.0,0.0,0.6802,0.0,0.0,0.0,0.0626,,,,,,,,,crf_only,newsmagazine,N,,
néo - rural,NOUN,B1,crf_first_attested,0.6802,0.0626,0.0,0.0,0.6802,0.0,0.0,0.0,0.0626,,,,,,,,,crf_only,néo - rural,N,,
paquet - boat,NOUN,B1,crf_first_attested,0.6802,0.0626,0.0,0.0,0.6802,0.0,0.0,0.0,0.0626,,,,,,,,,crf_only,paquet - boat,N,,
plus ou moins vrai,ADV,B1,crf_first_attested,0.6802,0.0626,0.0,0.0,0.6802,0.0,0.0,0.0,0.0626,,,,,,,,,crf_only,plus ou moins vrai,ADV,,
rot post - biberon,NOUN,B1,crf_first_attested,0.6802,0.0626,0.0,0.0,0.6802,0.0,0.0,0.0,0.0626,,,,,,,,,crf_only,rot post - biberon,N,,
saint - pierre,NOUN,B1,crf_first_attested,0.6802,0.0626,0.0,0.0,0.6802,0.0,0.0,0.0,0.0626,,,,,,,,,crf_only,saint - pierre,N,,
sensationnel,NOUN,B1,crf_first_attested,0.6802,0.0626,0.0,0.0,0.6802,0.0,0.0,0.0,0.0626,,,,,,,,,crf_only,sensationnel,N,,
sous les auspices de,PREP,B1,crf_first_attested,0.6802,0.0626,0.0,0.0,0.6802,0.0,0.0,0.0,0.0626,,,,,,,,,crf_only,sous les auspices de,PREP,,
à l' initiative de,PREP,B1,crf_first_attested,0.6802,0.0626,0.0,0.0,0.6802,0.0,0.0,0.0,0.0626,,,,,,,,,crf_only,à l' initiative de,PREP,,
au téléphone,ADV,B1,crf_first_attested,0.6548,0.9234,0.0,0.0,0.6548,4.9476,0.0,0.0,0.9234,,,,,,,,,crf_only,au téléphone,ADV,,
pique-niquer,VERB,B1,beacco,0.6378,3.5075,,,,,,,,4.4492,2.0851,0.6378,0.0,0.0,0.0,3.5075,B1,beacco_only,,,pique-niquer,VER
présidence,NOUN,B1,beacco,0.6378,2.851,,,,,,,,0.0,3.3389,0.6378,0.0,0.0,38.4989,2.851,B1,beacco_only,,,présidence,NOM
bavard,ADJ,B1,beacco,0.6228,4.3071,14.4188,3.4071,0.6228,0.0,0.0,0.0,4.3071,0.9051,4.6396,0.3906,0.0,0.0,0.0,2.4675,B1,word_pos,bavard,A,bavard,ADJ
brouillard,NOUN,B1,beacco,0.6228,3.991,1.2043,6.4905,0.6228,0.0,6.2023,0.0,3.991,0.7319,6.1835,0.3906,0.0,6.0005,0.0,3.8472,B1,word_pos,brouillard,N,brouillard,NOM
déprimé,ADJ,B1,crf_first_attested,0.6228,0.747,0.0,0.0,0.6228,0.0,3.2084,0.0,0.747,,,,,,,,,crf_only,déprimé,A,,
agitateur,NOUN,B1,crf_first_attested,0.6228,0.0573,0.0,0.0,0.6228,0.0,0.0,0.0,0.0573,,,,,,,,,crf_only,agitateur,N,,
catalan,NOUN,B1,crf_first_attested,0.6228,0.0573,0.0,0.0,0.6228,0.0,0.0,0.0,0.0573,,,,,,,,,crf_only,catalan,N,,
fausse,DET,B1,crf_first_attested,0.6228,0.0573,0.0,0.0,0.6228,0.0,0.0,0.0,0.0573,,,,,,,,,crf_only,fausse,DET,,
gegants,X,B1,crf_first_attested,0.6228,0.0573,0.0,0.0,0.6228,0.0,0.0,0.0,0.0573,,,,,,,,,crf_only,gegants,X,,
insensiblement,ADV,B1,crf_first_attested,0.6228,0.0573,0.0,0.0,0.6228,0.0,0.0,0.0,0.0573,,,,,,,,,crf_only,insensiblement,ADV,,
lente,NOUN,B1,crf_first_attested,0.6228,0.0573,0.0,0.0,0.6228,0.0,0.0,0.0,0.0573,,,,,,,,,crf_only,lente,N,,
levant,NOUN,B1,crf_first_attested,0.6228,0.0573,0.0,0.0,0.6228,0.0,0.0,0.0,0.0573,,,,,,,,,crf_only,levant,N,,
musiquer,VERB,B1,crf_first_attested,0.6228,0.0573,0.0,0.0,0.6228,0.0,0.0,0.0,0.0573,,,,,,,,,crf_only,musiquer,V,,
passant,ADJ,B1,crf_first_attested,0.6228,0.0573,0.0,0.0,0.6228,0.0,0.0,0.0,0.0573,,,,,,,,,crf_only,passant,A,,
précarisation,NOUN,B1,crf_first_attested,0.6228,0.0573,0.0,0.0,0.6228,0.0,0.0,0.0,0.0573,,,,,,,,,crf_only,précarisation,N,,
risqué,ADJ,B1,crf_first_attested,0.6228,0.0573,0.0,0.0,0.6228,0.0,0.0,0.0,0.0573,,,,,,,,,crf_only,risqué,A,,
rudiments,NOUN,B1,crf_first_attested,0.6228,0.0573,0.0,0.0,0.6228,0.0,0.0,0.0,0.0573,,,,,,,,,crf_only,rudiments,N,,
semailles,NOUN,B1,crf_first_attested,0.6228,0.0573,0.0,0.0,0.6228,0.0,0.0,0.0,0.0573,,,,,,,,,crf_only,semailles,N,,
tchacher,NOUN,B1,crf_first_attested,0.6228,0.0573,0.0,0.0,0.6228,0.0,0.0,0.0,0.0573,,,,,,,,,crf_only,tchacher,N,,
yéyé,NOUN,B1,crf_first_attested,0.6228,0.0573,0.0,0.0,0.6228,0.0,0.0,0.0,0.0573,,,,,,,,,crf_only,yéyé,N,,
rentrayer,VERB,B1,crf_first_attested,0.6122,1.1611,0.0,0.0,0.6122,3.5796,0.0,0.0,1.1611,,,,,,,,,crf_only,rentrayer,V,,
au fort de,PREP,B1,crf_first_attested,0.6122,0.0564,0.0,0.0,0.6122,0.0,0.0,0.0,0.0564,,,,,,,,,crf_only,au fort de,PREP,,
contre - espionnage,NOUN,B1,crf_first_attested,0.6122,0.0564,0.0,0.0,0.6122,0.0,0.0,0.0,0.0564,,,,,,,,,crf_only,contre - espionnage,N,,
de long en large,ADV,B1,crf_first_attested,0.6122,0.0564,0.0,0.0,0.6122,0.0,0.0,0.0,0.0564,,,,,,,,,crf_only,de long en large,ADV,,
en éclaireur,ADV,B1,crf_first_attested,0.6122,0.0564,0.0,0.0,0.6122,0.0,0.0,0.0,0.0564,,,,,,,,,crf_only,en éclaireur,ADV,,
vers le fort de,PREP,B1,crf_first_attested,0.6122,0.0564,0.0,0.0,0.6122,0.0,0.0,0.0,0.0564,,,,,,,,,crf_only,vers le fort de,PREP,,
violénts,NOUN,B1,crf_first_attested,0.6122,0.0564,0.0,0.0,0.6122,0.0,0.0,0.0,0.0564,,,,,,,,,crf_only,violénts,N,,
écerveler,VERB,B1,crf_first_attested,0.6122,0.0564,0.0,0.0,0.6122,0.0,0.0,0.0,0.0564,,,,,,,,,crf_only,écerveler,V,,
affreux,ADJ,B1,beacco,0.6028,9.4816,0.0,18.1043,0.6028,21.9794,0.0,0.0,9.4816,0.0,16.4607,0.6118,12.8024,0.0,0.0,7.8404,B1,word_pos,affreux,A,affreux,ADJ
toucher,NOUN,B1,beacco,0.6028,3.8602,0.0,3.5374,0.6028,0.0,25.7756,0.0,3.8602,0.0,4.4863,0.6118,0.911,26.3397,0.0,5.8097,B1,word_pos,toucher,N,toucher,NOM
sursauter,VERB,B1,beacco,0.6028,3.1864,1.2043,2.0848,0.6028,0.8259,0.0,0.0,3.1864,0.7319,4.0359,0.6118,1.3018,0.0,0.0,4.1159,B1,word_pos,sursauter,V,sursauter,VER
tonneau,NOUN,B1,beacco,0.6028,1.9826,0.0,2.803,0.6028,1.5139,0.0,0.0,1.9826,0.0,1.2017,1.2237,2.2839,0.0,0.0,2.6215,B1,word_pos,tonneau,N,tonneau,NOM
nommé,ADJ,B1,beacco,0.5857,4.0257,,,,,,,,0.0,5.3397,0.5857,5.38,0.0,0.0,4.0257,B1,beacco_only,,,nommé,ADJ
maghrébin,ADJ,B1,beacco,0.5833,7.33,0.0,7.6622,0.5833,3.0277,0.0,144.3413,7.33,0.0,6.613,0.5531,2.2839,0.0,135.296,8.7068,B1,word_pos,maghrébin,A,maghrébin,ADJ
match,NOUN,B1,beacco,0.5833,6.0898,1.1385,17.84,0.5833,0.0,12.4046,0.0,6.0898,1.1764,10.3707,0.5531,0.0,24.0018,0.0,4.3206,B1,word_pos,match,N,match,NOM
conventions,NOUN,B1,crf_first_attested,0.5833,3.395,0.0,0.0,0.5833,1.5139,26.9096,19.4814,3.395,,,,,,,,,crf_only,conventions,N,,
à l' instar de,PREP,B1,crf_first_attested,0.5833,2.9426,0.0,0.0,0.5833,3.0277,4.101,38.491,2.9426,,,,,,,,,crf_only,à l' instar de,PREP,,
tempête,NOUN,B1,beacco,0.5833,1.6219,0.0,3.8589,0.5833,0.0,3.1012,0.0,1.6219,0.0,6.4364,0.5531,0.0,6.0005,0.0,2.439,B1,word_pos,tempête,N,tempête,NOM
payés,ADJ,B1,crf_first_attested,0.5833,1.2659,0.0,0.0,0.5833,0.0,9.6252,0.0,1.2659,,,,,,,,,crf_only,payés,A,,
devant,NOUN,B1,beacco,0.5833,1.2329,0.0,0.5168,0.5833,0.0,0.0,19.2455,1.2329,0.0,1.0679,3.6262,0.0,0.0,19.328,2.4995,B1,word_pos,devant,N,devant,NOM
à demi - mot,ADV,B1,crf_first_attested,0.5833,0.6978,0.0,0.0,0.5833,3.0277,0.0,0.0,0.6978,,,,,,,,,crf_only,à demi - mot,ADV,,
à l' extrême,ADV,B1,crf_first_attested,0.5833,0.6978,0.0,0.0,0.5833,1.1509,0.0,0.0,0.6978,,,,,,,,,crf_only,à l' extrême,ADV,,
arrière - plan,NOUN,B1,crf_first_attested,0.5833,0.0537,0.0,0.0,0.5833,0.0,0.0,0.0,0.0537,,,,,,,,,crf_only,arrière - plan,N,,
au prorata de,PREP,B1,crf_first_attested,0.5833,0.0537,0.0,0.0,0.5833,0.0,0.0,0.0,0.0537,,,,,,,,,crf_only,au prorata de,PREP,,
au vert,ADV,B1,crf_first_attested,0.5833,0.0537,0.0,0.0,0.5833,0.0,0.0,0.0,0.0537,,,,,,,,,crf_only,au vert,ADV,,
avant - gardistes,NOUN,B1,crf_first_attested,0.5833,0.0537,0.0,0.0,0.5833,0.0,0.0,0.0,0.0537,,,,,,,,,crf_only,avant - gardistes,N,,
baie,NOUN,B1,crf_first_attested,0.5833,0.0537,0.0,0.0,0.5833,0.0,0.0,0.0,0.0537,,,,,,,,,crf_only,baie,N,,
circenses,NOUN,B1,crf_first_attested,0.5833,0.0537,0.0,0.0,0.5833,0.0,0.0,0.0,0.0537,,,,,,,,,crf_only,circenses,N,,
donc tendance,ADV,B1,crf_first_attested,0.5833,0.0537,0.0,0.0,0.5833,0.0,0.0,0.0,0.0537,,,,,,,,,crf_only,donc tendance,ADV,,
douteur,ADJ,B1,crf_first_attested,0.5833,0.0537,0.0,0.0,0.5833,0.0,0.0,0.0,0.0537,,,,,,,,,crf_only,douteur,A,,
défilés automne - hiver,ADJ,B1,crf_first_attested,0.5833,0.0537,0.0,0.0,0.5833,0.0,0.0,0.0,0.0537,,,,,,,,,crf_only,défilés automne - hiver,A,,
dû,NOUN,B1,crf_first_attested,0.5833,0.0537,0.0,0.0,0.5833,0.0,0.0,0.0,0.0537,,,,,,,,,crf_only,dû,N,,
en tout genre,ADV,B1,crf_first_attested,0.5833,0.0537,0.0,0.0,0.5833,0.0,0.0,0.0,0.0537,,,,,,,,,crf_only,en tout genre,ADV,,
europarjour,X,B1,crf_first_attested,0.5833,0.0537,0.0,0.0,0.5833,0.0,0.0,0.0,0.0537,,,,,,,,,crf_only,europarjour,X,,
food,X,B1,crf_first_attested,0.5833,0.0537,0.0,0.0,0.5833,0.0,0.0,0.0,0.0537,,,,,,,,,crf_only,food,X,,
garde - robe,NOUN,B1,crf_first_attested,0.5833,0.0537,0.0,0.0,0.5833,0.0,0.0,0.0,0.0537,,,,,,,,,crf_only,garde - robe,N,,
grigri,NOUN,B1,crf_first_attested,0.5833,0.0537,0.0,0.0,0.5833,0.0,0.0,0.0,0.0537,,,,,,,,,crf_only,grigri,N,,
grâce,PREP,B1,crf_first_attested,0.5833,0.0537,0.0,0.0,0.5833,0.0,0.0,0.0,0.0537,,,,,,,,,crf_only,grâce,PREP,,
indiens,X,B1,crf_first_attested,0.5833,0.0537,0.0,0.0,0.5833,0.0,0.0,0.0,0.0537,,,,,,,,,crf_only,indiens,X,,
inutile,NOUN,B1,crf_first_attested,0.5833,0.0537,0.0,0.0,0.5833,0.0,0.0,0.0,0.0537,,,,,,,,,crf_only,inutile,N,,
kraft,X,B1,crf_first_attested,0.5833,0.0537,0.0,0.0,0.5833,0.0,0.0,0.0,0.0537,,,,,,,,,crf_only,kraft,X,,
kwa,X,B1,crf_first_attested,0.5833,0.0537,0.0,0.0,0.5833,0.0,0.0,0.0,0.0537,,,,,,,,,crf_only,kwa,X,,
kwaka,X,B1,crf_first_attested,0.5833,0.0537,0.0,0.0,0.5833,0.0,0.0,0.0,0.0537,,,,,,,,,crf_only,kwaka,X,,
milka,NOUN,B1,crf_first_attested,0.5833,0.0537,0.0,0.0,0.5833,0.0,0.0,0.0,0.0537,,,,,,,,,crf_only,milka,N,,
modulable,ADJ,B1,crf_first_attested,0.5833,0.0537,0.0,0.0,0.5833,0.0,0.0,0.0,0.0537,,,,,,,,,crf_only,modulable,A,,
panem,NOUN,B1,crf_first_attested,0.5833,0.0537,0.0,0.0,0.5833,0.0,0.0,0.0,0.0537,,,,,,,,,crf_only,panem,N,,
pas plus,ADV,B1,crf_first_attested,0.5833,0.0537,0.0,0.0,0.5833,0.0,0.0,0.0,0.0537,,,,,,,,,crf_only,pas plus,ADV,,
permisaun,X,B1,crf_first_attested,0.5833,0.0537,0.0,0.0,0.5833,0.0,0.0,0.0,0.0537,,,,,,,,,crf_only,permisaun,X,,
piéter,VERB,B1,crf_first_attested,0.5833,0.0537,0.0,0.0,0.5833,0.0,0.0,0.0,0.0537,,,,,,,,,crf_only,piéter,V,,
post - colonial,ADJ,B1,crf_first_attested,0.5833,0.0537,0.0,0.0,0.5833,0.0,0.0,0.0,0.0537,,,,,,,,,crf_only,post - colonial,A,,
quatre - vingt - dix,DET,B1,crf_first_attested,0.5833,0.0537,0.0,0.0,0.5833,0.0,0.0,0.0,0.0537,,,,,,,,,crf_only,quatre - vingt - dix,DET,,
rmistes,NOUN,B1,crf_first_attested,0.5833,0.0537,0.0,0.0,0.5833,0.0,0.0,0.0,0.0537,,,,,,,,,crf_only,rmistes,N,,
sans - emploi,NOUN,B1,crf_first_attested,0.5833,0.0537,0.0,0.0,0.5833,0.0,0.0,0.0,0.0537,,,,,,,,,crf_only,sans - emploi,N,,
semi - marathon,NOUN,B1,crf_first_attested,0.5833,0.0537,0.0,0.0,0.5833,0.0,0.0,0.0,0.0537,,,,,,,,,crf_only,semi - marathon,N,,
tam,NOUN,B1,crf_first_attested,0.5833,0.0537,0.0,0.0,0.5833,0.0,0.0,0.0,0.0537,,,,,,,,,crf_only,tam,N,,
tempéré,ADJ,B1,crf_first_attested,0.5833,0.0537,0.0,0.0,0.5833,0.0,0.0,0.0,0.0537,,,,,,,,,crf_only,tempéré,A,,
vaguer,VERB,B1,crf_first_attested,0.5833,0.0537,0.0,0.0,0.5833,0.0,0.0,0.0,0.0537,,,,,,,,,crf_only,vaguer,V,,
castagnettes,NOUN,B1,beacco,0.5776,3.907,1.1385,3.4693,0.5776,0.0,0.0,0.0,3.907,1.1764,3.5393,0.6994,0.0,0.0,0.0,2.5933,B1,word_pos,castagnettes,N,castagnettes,NOM
déshabiller,VERB,B1,beacco,0.5648,3.0129,0.0,5.972,0.5648,0.0,3.2084,0.0,3.0129,0.0,10.159,0.7866,0.0,3.4423,12.833,5.275,B1,word_pos,déshabiller,V,déshabiller,VER
cuit,ADJ,B1,crf_first_attested,0.5648,0.052,0.0,0.0,0.5648,0.0,0.0,0.0,0.052,,,,,,,,,crf_only,cuit,A,,
équipé,ADJ,B1,crf_first_attested,0.5648,0.052,0.0,0.0,0.5648,0.0,0.0,0.0,0.052,,,,,,,,,crf_only,équipé,A,,
VRAI,NOUN,B1,beacco,0.5531,6.2352,,,,,,,,0.0,6.2707,0.5531,19.5681,0.0,4.0185,6.2352,B1,beacco_only,,,VRAI,NOM
bloc - notes,NOUN,B1,crf_first_attested,0.5445,0.3305,0.0,0.0,0.5445,1.5139,0.0,0.0,0.3305,,,,,,,,,crf_only,bloc - notes,N,,
normalement,ADV,B1,beacco,0.4809,15.9198,14.6943,28.2442,0.4809,3.3034,19.6975,19.2455,15.9198,0.9051,20.1815,0.4665,2.6036,20.024,19.328,10.5267,B1,word_pos,normalement,ADV,normalement,ADV
aimable,ADJ,B1,beacco,0.4809,13.8021,2.6483,17.054,0.4809,32.0624,12.4046,0.0,13.8021,2.5271,21.7305,0.4665,23.2199,6.0005,0.0,12.8458,B1,word_pos,aimable,A,aimable,ADJ
déborder,VERB,B1,beacco,0.4809,4.6197,0.5025,7.3434,0.4809,0.0,0.0,38.491,4.6197,0.9051,8.0862,0.933,0.0,3.4423,19.328,5.4927,B1,word_pos,déborder,V,déborder,VER
accro,ADJ,B1,crf_first_attested,0.4809,3.3351,0.0,0.0,0.4809,0.0,36.9099,9.6228,3.3351,,,,,,,,,crf_only,accro,A,,
foudre,NOUN,B1,beacco,0.4809,3.1291,0.0,1.7075,0.4809,1.5139,15.5058,0.0,3.1291,0.0,0.9327,0.4665,2.2839,6.0005,0.0,2.6905,B1,word_pos,foudre,N,foudre,NOM
souple,ADJ,B1,beacco,0.4809,2.5009,0.0,4.7123,0.4809,1.6517,0.0,0.0,2.5009,0.0,4.4786,0.4665,1.3018,0.0,0.0,2.4361,B1,word_pos,souple,A,souple,ADJ
délibéré,ADJ,B1,crf_first_attested,0.4809,2.4139,0.0,0.0,0.4809,0.0,15.5058,19.2455,2.4139,,,,,,,,,crf_only,délibéré,A,,
plane,NOUN,B1,crf_first_attested,0.4809,1.3178,0.0,0.0,0.4809,0.0,15.5058,0.0,1.3178,,,,,,,,,crf_only,plane,N,,
à moins,ADV,B1,crf_first_attested,0.4809,1.1962,0.0,0.0,0.4809,1.5139,6.2023,0.0,1.1962,,,,,,,,,crf_only,à moins,ADV,,
reconfigurer,VERB,B1,crf_first_attested,0.4809,0.4664,0.0,0.0,0.4809,0.0,0.0,9.6228,0.4664,,,,,,,,,crf_only,reconfigurer,V,,
apertintaille,NOUN,B1,crf_first_attested,0.4809,0.0443,0.0,0.0,0.4809,0.0,0.0,0.0,0.0443,,,,,,,,,crf_only,apertintaille,N,,
babouchka,NOUN,B1,crf_first_attested,0.4809,0.0443,0.0,0.0,0.4809,0.0,0.0,0.0,0.0443,,,,,,,,,crf_only,babouchka,N,,
bateau - hôpital,NOUN,B1,crf_first_attested,0.4809,0.0443,0.0,0.0,0.4809,0.0,0.0,0.0,0.0443,,,,,,,,,crf_only,bateau - hôpital,N,,
bouilli,ADJ,B1,crf_first_attested,0.4809,0.0443,0.0,0.0,0.4809,0.0,0.0,0.0,0.0443,,,,,,,,,crf_only,bouilli,A,,
bovidé,NOUN,B1,crf_first_attested,0.4809,0.0443,0.0,0.0,0.4809,0.0,0.0,0.0,0.0443,,,,,,,,,crf_only,bovidé,N,,
commun,NOUN,B1,beacco,0.4809,0.0443,0.0,0.0,0.4809,0.0,0.0,0.0,0.0443,1.2635,30.6339,29.1868,0.8102,65.168,19.328,25.9942,B1,word_pos,commun,N,commun,NOM
contrevenant,NOUN,B1,crf_first_attested,0.4809,0.0443,0.0,0.0,0.4809,0.0,0.0,0.0,0.0443,,,,,,,,,crf_only,contrevenant,N,,
dite,NOUN,B1,crf_first_attested,0.4809,0.0443,0.0,0.0,0.4809,0.0,0.0,0.0,0.0443,,,,,,,,,crf_only,dite,N,,
en licence,ADV,B1,crf_first_attested,0.4809,0.0443,0.0,0.0,0.4809,0.0,0.0,0.0,0.0443,,,,,,,,,crf_only,en licence,ADV,,
en mets,ADV,B1,crf_first_attested,0.4809,0.0443,0.0,0.0,0.4809,0.0,0.0,0.0,0.0443,,,,,,,,,crf_only,en mets,ADV,,
faire halte,VERB,B1,crf_first_attested,0.4809,0.0443,0.0,0.0,0.4809,0.0,0.0,0.0,0.0443,,,,,,,,,crf_only,faire halte,V,,
impondérable,NOUN,B1,crf_first_attested,0.4809,0.0443,0.0,0.0,0.4809,0.0,0.0,0.0,0.0443,,,,,,,,,crf_only,impondérable,N,,
infirmiére,NOUN,B1,crf_first_attested,0.4809,0.0443,0.0,0.0,0.4809,0.0,0.0,0.0,0.0443,,,,,,,,,crf_only,infirmiére,N,,
jusque au palais du,PREP,B1,crf_first_attested,0.4809,0.0443,0.0,0.0,0.4809,0.0,0.0,0.0,0.0443,,,,,,,,,crf_only,jusque au palais du,PREP,,
moulins,NOUN,B1,crf_first_attested,0.4809,0.0443,0.0,0.0,0.4809,0.0,0.0,0.0,0.0443,,,,,,,,,crf_only,moulins,N,,
même si tu,CONJ,B1,crf_first_attested,0.4809,0.0443,0.0,0.0,0.4809,0.0,0.0,0.0,0.0443,,,,,,,,,crf_only,même si tu,CONJS,,
mêmelorsqu,NOUN,B1,crf_first_attested,0.4809,0.0443,0.0,0.0,0.4809,0.0,0.0,0.0,0.0443,,,,,,,,,crf_only,mêmelorsqu,N,,
naviguez au coeur de,PREP,B1,crf_first_attested,0.4809,0.0443,0.0,0.0,0.4809,0.0,0.0,0.0,0.0443,,,,,,,,,crf_only,naviguez au coeur de,PREP,,
notez,PREP,B1,crf_first_attested,0.4809,0.0443,0.0,0.0,0.4809,0.0,0.0,0.0,0.0443,,,,,,,,,crf_only,notez,PREP,,
obsédant,ADJ,B1,crf_first_attested,0.4809,0.0443,0.0,0.0,0.4809,0.0,0.0,0.0,0.0443,,,,,,,,,crf_only,obsédant,A,,
oû,PRON,B1,crf_first_attested,0.4809,0.0443,0.0,0.0,0.4809,0.0,0.0,0.0,0.0443,,,,,,,,,crf_only,oû,PRO,,
paparazzis,NOUN,B1,crf_first_attested,0.4809,0.0443,0.0,0.0,0.4809,0.0,0.0,0.0,0.0443,,,,,,,,,crf_only,paparazzis,N,,
pelmeni,NOUN,B1,crf_first_attested,0.4809,0.0443,0.0,0.0,0.4809,0.0,0.0,0.0,0.0443,,,,,,,,,crf_only,pelmeni,N,,
présidentielle,NOUN,B1,crf_first_attested,0.4809,0.0443,0.0,0.0,0.4809,0.0,0.0,0.0,0.0443,,,,,,,,,crf_only,présidentielle,N,,
retardé,ADJ,B1,crf_first_attested,0.4809,0.0443,0.0,0.0,0.4809,0.0,0.0,0.0,0.0443,,,,,,,,,crf_only,retardé,A,,
sous l' oeil de,PREP,B1,crf_first_attested,0.4809,0.0443,0.0,0.0,0.4809,0.0,0.0,0.0,0.0443,,,,,,,,,crf_only,sous l' oeil de,PREP,,
vodnitsa,NOUN,B1,crf_first_attested,0.4809,0.0443,0.0,0.0,0.4809,0.0,0.0,0.0,0.0443,,,,,,,,,crf_only,vodnitsa,N,,
à bord du,PREP,B1,crf_first_attested,0.4809,0.0443,0.0,0.0,0.4809,0.0,0.0,0.0,0.0443,,,,,,,,,crf_only,à bord du,PREP,,
diamètre,NOUN,B1,beacco,0.4732,8.0361,5.788,5.2015,0.4732,5.6012,22.8111,0.0,8.0361,7.2471,4.7328,0.438,8.2047,20.024,0.0,7.4251,B1,word_pos,diamètre,N,diamètre,NOM
arrière,NOUN,B1,beacco,0.4732,8.0316,0.0,13.5887,0.4732,19.2486,0.0,6.4938,8.0316,1.1123,13.9787,28.4274,77.3508,20.6179,56.7717,31.8528,B1,word_pos,arrière,N,arrière,NOM
réjouir,VERB,B1,beacco,0.4732,5.3379,0.0,11.513,0.4732,0.0,22.2727,0.0,5.3379,0.0,9.8649,0.438,0.0,27.9938,0.0,5.3271,B1,word_pos,réjouir,V,réjouir,VER
en mesure de,PREP,B1,crf_first_attested,0.4732,4.2858,0.0,0.0,0.4732,11.7416,30.8494,0.0,4.2858,,,,,,,,,crf_only,en mesure de,PREP,,
fédération,NOUN,B1,beacco,0.4732,3.3775,0.0,0.4879,0.4732,3.0277,6.2023,12.9876,3.3775,0.0,11.3832,6.1559,35.7537,12.0009,12.833,15.1038,B1,word_pos,fédération,N,fédération,NOM
membre,ADJ,B1,crf_first_attested,0.4732,2.3056,0.0,0.0,0.4732,0.0,18.6069,9.6228,2.3056,,,,,,,,,crf_only,membre,A,,
demi - frère,NOUN,B1,crf_first_attested,0.4732,0.6828,0.0,0.0,0.4732,0.0,0.0,19.2455,0.6828,,,,,,,,,crf_only,demi - frère,N,,
hors pair,ADV,B1,crf_first_attested,0.4732,0.504,0.0,0.0,0.4732,1.5139,0.0,0.0,0.504,,,,,,,,,crf_only,hors pair,ADV,,
oil,X,B1,crf_first_attested,0.4732,0.4685,0.0,0.0,0.4732,0.0,3.1012,0.0,0.4685,,,,,,,,,crf_only,oil,X,,
bas - relief,NOUN,B1,crf_first_attested,0.4732,0.1746,0.0,0.0,0.4732,1.7264,0.0,0.0,0.1746,,,,,,,,,crf_only,bas - relief,N,,
abrév,X,B1,crf_first_attested,0.4732,0.0698,0.0,0.0,0.4732,0.0,0.0,0.0,0.0698,,,,,,,,,crf_only,abrév,X,,
au premier chef,ADV,B1,crf_first_attested,0.4732,0.0698,0.0,0.0,0.4732,0.0,0.0,0.0,0.0698,,,,,,,,,crf_only,au premier chef,ADV,,
au premier moment,ADV,B1,crf_first_attested,0.4732,0.0698,0.0,0.0,0.4732,0.0,0.0,0.0,0.0698,,,,,,,,,crf_only,au premier moment,ADV,,
ballotter,VERB,B1,crf_first_attested,0.4732,0.0698,0.0,0.0,0.4732,0.0,0.0,0.0,0.0698,,,,,,,,,crf_only,ballotter,V,,
bouna,X,B1,crf_first_attested,0.4732,0.0698,0.0,0.0,0.4732,0.0,0.0,0.0,0.0698,,,,,,,,,crf_only,bouna,X,,
boutros,X,B1,crf_first_attested,0.4732,0.0698,0.0,0.0,0.4732,0.0,0.0,0.0,0.0698,,,,,,,,,crf_only,boutros,X,,
caracole,NOUN,B1,crf_first_attested,0.4732,0.0698,0.0,0.0,0.4732,0.0,0.0,0.0,0.0698,,,,,,,,,crf_only,caracole,N,,
chiwawas,ADJ,B1,crf_first_attested,0.4732,0.0698,0.0,0.0,0.4732,0.0,0.0,0.0,0.0698,,,,,,,,,crf_only,chiwawas,A,,
de premier plan,ADV,B1,crf_first_attested,0.4732,0.0698,0.0,0.0,0.4732,0.0,0.0,0.0,0.0698,,,,,,,,,crf_only,de premier plan,ADV,,
dévoué,ADJ,B1,crf_first_attested,0.4732,0.0698,0.0,0.0,0.4732,0.0,0.0,0.0,0.0698,,,,,,,,,crf_only,dévoué,A,,
en - bas,ADV,B1,crf_first_attested,0.4732,0.0698,0.0,0.0,0.4732,0.0,0.0,0.0,0.0698,,,,,,,,,crf_only,en - bas,ADV,,
en - haut,ADV,B1,crf_first_attested,0.4732,0.0698,0.0,0.0,0.4732,0.0,0.0,0.0,0.0698,,,,,,,,,crf_only,en - haut,ADV,,
en demi,ADV,B1,crf_first_attested,0.4732,0.0698,0.0,0.0,0.4732,0.0,0.0,0.0,0.0698,,,,,,,,,crf_only,en demi,ADV,,
en panne,ADV,B1,crf_first_attested,0.4732,0.0698,0.0,0.0,0.4732,0.0,0.0,0.0,0.0698,,,,,,,,,crf_only,en panne,ADV,,
en vogue,ADV,B1,crf_first_attested,0.4732,0.0698,0.0,0.0,0.4732,0.0,0.0,0.0,0.0698,,,,,,,,,crf_only,en vogue,ADV,,
froncé,ADJ,B1,crf_first_attested,0.4732,0.0698,0.0,0.0,0.4732,0.0,0.0,0.0,0.0698,,,,,,,,,crf_only,froncé,A,,
hoquette,VERB,B1,crf_first_attested,0.4732,0.0698,0.0,0.0,0.4732,0.0,0.0,0.0,0.0698,,,,,,,,,crf_only,hoquette,V,,
khouriyyé,NOUN,B1,crf_first_attested,0.4732,0.0698,0.0,0.0,0.4732,0.0,0.0,0.0,0.0698,,,,,,,,,crf_only,khouriyyé,N,,
lorque,CONJ,B1,crf_first_attested,0.4732,0.0698,0.0,0.0,0.4732,0.0,0.0,0.0,0.0698,,,,,,,,,crf_only,lorque,CONJS,,
nanti,ADJ,B1,crf_first_attested,0.4732,0.0698,0.0,0.0,0.4732,0.0,0.0,0.0,0.0698,,,,,,,,,crf_only,nanti,A,,
par demi - canton,ADV,B1,crf_first_attested,0.4732,0.0698,0.0,0.0,0.4732,0.0,0.0,0.0,0.0698,,,,,,,,,crf_only,par demi - canton,ADV,,
par habitude,ADV,B1,crf_first_attested,0.4732,0.0698,0.0,0.0,0.4732,0.0,0.0,0.0,0.0698,,,,,,,,,crf_only,par habitude,ADV,,
pedis,NOUN,B1,crf_first_attested,0.4732,0.0698,0.0,0.0,0.4732,0.0,0.0,0.0,0.0698,,,,,,,,,crf_only,pedis,N,,
pes,NOUN,B1,crf_first_attested,0.4732,0.0698,0.0,0.0,0.4732,0.0,0.0,0.0,0.0698,,,,,,,,,crf_only,pes,N,,
pointeuse,NOUN,B1,crf_first_attested,0.4732,0.0698,0.0,0.0,0.4732,0.0,0.0,0.0,0.0698,,,,,,,,,crf_only,pointeuse,N,,
pont et chaussée,NOUN,B1,crf_first_attested,0.4732,0.0698,0.0,0.0,0.4732,0.0,0.0,0.0,0.0698,,,,,,,,,crf_only,pont et chaussée,N,,
sage - femme,NOUN,B1,crf_first_attested,0.4732,0.0698,0.0,0.0,0.4732,0.0,0.0,0.0,0.0698,,,,,,,,,crf_only,sage - femme,N,,
sarrasin,NOUN,B1,crf_first_attested,0.4732,0.0698,0.0,0.0,0.4732,0.0,0.0,0.0,0.0698,,,,,,,,,crf_only,sarrasin,N,,
sept cent,DET,B1,crf_first_attested,0.4732,0.0698,0.0,0.0,0.4732,0.0,0.0,0.0,0.0698,,,,,,,,,crf_only,sept cent,DET,,
séparément,PREP,B1,crf_first_attested,0.4732,0.0698,0.0,0.0,0.4732,0.0,0.0,0.0,0.0698,,,,,,,,,crf_only,séparément,PREP,,
tantour,NOUN,B1,crf_first_attested,0.4732,0.0698,0.0,0.0,0.4732,0.0,0.0,0.0,0.0698,,,,,,,,,crf_only,tantour,N,,
tribalisation,NOUN,B1,crf_first_attested,0.4732,0.0698,0.0,0.0,0.4732,0.0,0.0,0.0,0.0698,,,,,,,,,crf_only,tribalisation,N,,
velox,ADJ,B1,crf_first_attested,0.4732,0.0698,0.0,0.0,0.4732,0.0,0.0,0.0,0.0698,,,,,,,,,crf_only,velox,A,,
vélo,X,B1,crf_first_attested,0.4732,0.0698,0.0,0.0,0.4732,0.0,0.0,0.0,0.0698,,,,,,,,,crf_only,vélo,X,,
à l' instigation de,PREP,B1,crf_first_attested,0.4732,0.0698,0.0,0.0,0.4732,0.0,0.0,0.0,0.0698,,,,,,,,,crf_only,à l' instigation de,PREP,,
vendeur,ADJ,B1,beacco,0.4665,3.9719,,,,,,,,7.2778,1.4157,0.4665,1.2705,0.0,0.0,3.9719,B1,beacco_only,,,vendeur,ADJ
neuf,NOUN,B1,beacco,0.4665,3.7574,,,,,,,,0.7319,5.9866,0.4665,0.0,4.139,0.0,3.7574,B1,beacco_only,,,neuf,NOM
mesdemoiselles,NOUN,B1,beacco,0.4665,3.6037,,,,,,,,0.9464,9.4405,0.4665,0.0,0.0,0.0,3.6037,B1,beacco_only,,,mesdemoiselles,NOM
orange,NOUN,B1,beacco,0.4621,11.3036,23.0136,8.3262,0.4621,0.0,0.0,0.0,11.3036,7.0517,7.7865,0.4662,0.0,0.0,0.0,6.851,B1,word_pos,orange,N,orange,NOM
cigarier,NOUN,B1,crf_first_attested,0.4621,0.0425,0.0,0.0,0.4621,0.0,0.0,0.0,0.0425,,,,,,,,,crf_only,cigarier,N,,
fossé,NOUN,B1,beacco,0.4589,9.393,0.4068,2.4971,0.4589,13.5998,34.3369,0.0,9.393,0.8075,3.5953,0.487,2.6036,45.1187,0.0,8.8268,B1,word_pos,fossé,N,fossé,NOM
jaune,NOUN,B1,beacco,0.4589,3.1112,0.0,1.9253,0.4589,6.0554,3.1012,0.0,3.1112,0.0,2.4911,0.9741,4.5679,6.0005,0.0,4.9082,B1,word_pos,jaune,N,jaune,NOM
premièrement,ADV,B1,beacco,0.4589,2.7487,0.0,7.6682,0.4589,0.7062,0.0,0.0,2.7487,0.0,4.8826,0.487,1.2705,0.0,0.0,2.5216,B1,word_pos,premièrement,ADV,premièrement,ADV
prolongemen,NOUN,B1,crf_first_attested,0.4589,2.55,0.0,0.0,0.4589,2.3018,0.0,38.9627,2.55,,,,,,,,,crf_only,prolongemen,N,,
grossir,VERB,B1,beacco,0.4589,1.8623,0.0,1.2634,0.4589,1.4125,0.0,0.0,1.8623,0.0,1.0275,0.487,2.5411,0.0,0.0,2.2838,B1,word_pos,grossir,V,grossir,VER
maigrir,VERB,B1,beacco,0.4589,1.2069,0.0,3.1951,0.4589,0.0,0.0,0.0,1.2069,0.0,6.5064,0.9741,0.0,0.0,0.0,2.3499,B1,word_pos,maigrir,V,maigrir,VER
maitre,NOUN,B1,crf_first_attested,0.4589,0.8872,0.0,0.0,0.4589,0.0,9.3035,0.0,0.8872,,,,,,,,,crf_only,maitre,N,,
en l' écoutant,ADV,B1,crf_first_attested,0.4589,0.4597,0.0,0.0,0.4589,0.0,0.0,9.6228,0.4597,,,,,,,,,crf_only,en l' écoutant,ADV,,
honoré,NOUN,B1,crf_first_attested,0.4589,0.0422,0.0,0.0,0.4589,0.0,0.0,0.0,0.0422,,,,,,,,,crf_only,honoré,N,,
montivilliers,NOUN,B1,crf_first_attested,0.4589,0.0422,0.0,0.0,0.4589,0.0,0.0,0.0,0.0422,,,,,,,,,crf_only,montivilliers,N,,
tournevent,NOUN,B1,crf_first_attested,0.4589,0.0422,0.0,0.0,0.4589,0.0,0.0,0.0,0.0422,,,,,,,,,crf_only,tournevent,N,,
en valeur,ADV,B1,crf_first_attested,0.4538,0.0418,0.0,0.0,0.4538,0.0,0.0,0.0,0.0418,,,,,,,,,crf_only,en valeur,ADV,,
invétérer,VERB,B1,crf_first_attested,0.4538,0.0418,0.0,0.0,0.4538,0.0,0.0,0.0,0.0418,,,,,,,,,crf_only,invétérer,V,,
tartinette,NOUN,B1,crf_first_attested,0.4538,0.0418,0.0,0.0,0.4538,0.0,0.0,0.0,0.0418,,,,,,,,,crf_only,tartinette,N,,
ironique,ADJ,B1,beacco,0.4521,3.6334,0.2738,1.7526,0.4521,8.0668,0.0,0.0,3.6334,0.5987,3.6808,0.6118,9.1403,0.0,0.0,5.1175,B1,word_pos,ironique,A,ironique,ADJ
renaissance,ADJ,B1,crf_first_attested,0.4521,0.0416,0.0,0.0,0.4521,0.0,0.0,0.0,0.0416,,,,,,,,,crf_only,renaissance,A,,
sur l' ordre de,PREP,B1,crf_first_attested,0.4521,0.0416,0.0,0.0,0.4521,0.0,0.0,0.0,0.0416,,,,,,,,,crf_only,sur l' ordre de,PREP,,
ordinateur,ADJ,B1,beacco,0.438,3.5443,,,,,,,,0.0,6.4919,0.438,2.2839,3.4423,0.0,3.5443,B1,beacco_only,,,ordinateur,ADJ
sortant,NOUN,B1,beacco,0.4317,2.6525,,,,,,,,0.5504,5.9113,0.4317,0.0,0.0,0.0,2.6525,B1,beacco_only,,,sortant,NOM
de mieux en mieux,ADV,B1,crf_first_attested,0.4186,0.0385,0.0,0.0,0.4186,0.0,0.0,0.0,0.0385,,,,,,,,,crf_only,de mieux en mieux,ADV,,
technologique,ADJ,B1,beacco,0.4152,17.2713,0.8137,3.6847,0.4152,20.1314,117.5434,57.0668,17.2713,0.8075,3.1548,0.3906,23.1828,134.9799,25.6659,18.6769,B1,word_pos,technologique,A,technologique,ADJ
disposition,NOUN,B1,beacco,0.4152,11.7993,3.6094,16.1979,0.4152,7.0743,32.1283,19.2455,11.7993,7.2705,9.864,6.5452,23.1332,88.3167,19.328,23.3226,B1,word_pos,disposition,N,disposition,NOM
en soi,ADV,B1,crf_first_attested,0.4152,6.0386,0.0,0.0,0.4152,14.0699,21.0617,28.5334,6.0386,,,,,,,,,crf_only,en soi,ADV,,
respectueux,ADJ,B1,beacco,0.4152,6.0227,0.7967,7.1962,0.4152,4.7828,9.8488,9.6228,6.0227,0.8346,14.774,0.3906,8.4014,20.024,19.328,10.8239,B1,word_pos,respectueux,A,respectueux,ADJ
indemne,ADJ,B1,beacco,0.4152,3.4688,0.0,4.8012,0.4152,0.0,8.021,0.0,3.4688,0.0,4.7328,0.3906,0.0,3.4423,0.0,2.5149,B1,word_pos,indemne,A,indemne,ADJ
républicain,ADJ,B1,beacco,0.4152,3.2044,0.0,2.3196,0.4152,3.0277,6.1515,0.0,3.2044,0.0,1.0679,0.0,2.2839,8.2781,0.0,2.1402,B1,word_pos,républicain,A,républicain,ADJ
music,X,B1,crf_first_attested,0.4152,2.0624,0.0,0.0,0.4152,1.4125,8.2019,0.0,2.0624,,,,,,,,,crf_only,music,X,,
espérances,NOUN,B1,crf_first_attested,0.4152,1.9759,0.0,0.0,0.4152,1.5139,15.5058,0.0,1.9759,,,,,,,,,crf_only,espérances,N,,
camionnette,NOUN,B1,beacco,0.4152,1.9073,0.0,1.2824,0.4152,0.0,8.2019,0.0,1.9073,0.0,2.0234,0.7812,0.0,4.139,0.0,2.0244,B1,word_pos,camionnette,N,camionnette,NOM
réactualiser,VERB,B1,crf_first_attested,0.4152,0.6536,0.0,0.0,0.4152,0.0,4.101,0.0,0.6536,,,,,,,,,crf_only,réactualiser,V,,
music - hall,NOUN,B1,crf_first_attested,0.4152,0.4789,0.0,0.0,0.4152,0.6707,0.0,0.0,0.4789,,,,,,,,,crf_only,music - hall,N,,
au gré de,PREP,B1,crf_first_attested,0.4152,0.4449,0.0,0.0,0.4152,0.0,0.0,9.6228,0.4449,,,,,,,,,crf_only,au gré de,PREP,,
faire l' objet,VERB,B1,crf_first_attested,0.4152,0.3576,0.0,0.0,0.4152,0.0,3.1012,0.0,0.3576,,,,,,,,,crf_only,faire l' objet,V,,
faire état,VERB,B1,crf_first_attested,0.4152,0.3576,0.0,0.0,0.4152,0.0,3.1012,0.0,0.3576,,,,,,,,,crf_only,faire état,V,,
achile,NOUN,B1,crf_first_attested,0.4152,0.0382,0.0,0.0,0.4152,0.0,0.0,0.0,0.0382,,,,,,,,,crf_only,achile,N,,
be,ADV,B1,crf_first_attested,0.4152,0.0382,0.0,0.0,0.4152,0.0,0.0,0.0,0.0382,,,,,,,,,crf_only,be,ADV,,
bien fait,ADV,B1,crf_first_attested,0.4152,0.0382,0.0,0.0,0.4152,0.0,0.0,0.0,0.0382,,,,,,,,,crf_only,bien fait,ADV,,
booû,NOUN,B1,crf_first_attested,0.4152,0.0382,0.0,0.0,0.4152,0.0,0.0,0.0,0.0382,,,,,,,,,crf_only,booû,N,,
brassens,X,B1,crf_first_attested,0.4152,0.0382,0.0,0.0,0.4152,0.0,0.0,0.0,0.0382,,,,,,,,,crf_only,brassens,X,,
crève - coeur,NOUN,B1,crf_first_attested,0.4152,0.0382,0.0,0.0,0.4152,0.0,0.0,0.0,0.0382,,,,,,,,,crf_only,crève - coeur,N,,
des soi - disant notaire,NOUN,B1,crf_first_attested,0.4152,0.0382,0.0,0.0,0.4152,0.0,0.0,0.0,0.0382,,,,,,,,,crf_only,des soi - disant notaire,N,,
débraillé,NOUN,B1,crf_first_attested,0.4152,0.0382,0.0,0.0,0.4152,0.0,0.0,0.0,0.0382,,,,,,,,,crf_only,débraillé,N,,
engages,NOUN,B1,crf_first_attested,0.4152,0.0382,0.0,0.0,0.4152,0.0,0.0,0.0,0.0382,,,,,,,,,crf_only,engages,N,,
füi,NOUN,B1,crf_first_attested,0.4152,0.0382,0.0,0.0,0.4152,0.0,0.0,0.0,0.0382,,,,,,,,,crf_only,füi,N,,
hauban,NOUN,B1,crf_first_attested,0.4152,0.0382,0.0,0.0,0.4152,0.0,0.0,0.0,0.0382,,,,,,,,,crf_only,hauban,N,,
jobpilot,NOUN,B1,crf_first_attested,0.4152,0.0382,0.0,0.0,0.4152,0.0,0.0,0.0,0.0382,,,,,,,,,crf_only,jobpilot,N,,
maîtrisez,NOUN,B1,crf_first_attested,0.4152,0.0382,0.0,0.0,0.4152,0.0,0.0,0.0,0.0382,,,,,,,,,crf_only,maîtrisez,N,,
orge,NOUN,B1,crf_first_attested,0.4152,0.0382,0.0,0.0,0.4152,0.0,0.0,0.0,0.0382,,,,,,,,,crf_only,orge,N,,
orgues,NOUN,B1,crf_first_attested,0.4152,0.0382,0.0,0.0,0.4152,0.0,0.0,0.0,0.0382,,,,,,,,,crf_only,orgues,N,,
par le biais,PREP,B1,crf_first_attested,0.4152,0.0382,0.0,0.0,0.4152,0.0,0.0,0.0,0.0382,,,,,,,,,crf_only,par le biais,PREP,,
petit - neveu,NOUN,B1,crf_first_attested,0.4152,0.0382,0.0,0.0,0.4152,0.0,0.0,0.0,0.0382,,,,,,,,,crf_only,petit - neveu,N,,
relever,NOUN,B1,crf_first_attested,0.4152,0.0382,0.0,0.0,0.4152,0.0,0.0,0.0,0.0382,,,,,,,,,crf_only,relever,N,,
sas,X,B1,crf_first_attested,0.4152,0.0382,0.0,0.0,0.4152,0.0,0.0,0.0,0.0382,,,,,,,,,crf_only,sas,X,,
top - management,NOUN,B1,crf_first_attested,0.4152,0.0382,0.0,0.0,0.4152,0.0,0.0,0.0,0.0382,,,,,,,,,crf_only,top - management,N,,
tu t',ADV,B1,crf_first_attested,0.4152,0.0382,0.0,0.0,0.4152,0.0,0.0,0.0,0.0382,,,,,,,,,crf_only,tu t',ADV,,
tâchez de,PREP,B1,crf_first_attested,0.4152,0.0382,0.0,0.0,0.4152,0.0,0.0,0.0,0.0382,,,,,,,,,crf_only,tâchez de,PREP,,
universal,X,B1,crf_first_attested,0.4152,0.0382,0.0,0.0,0.4152,0.0,0.0,0.0,0.0382,,,,,,,,,crf_only,universal,X,,
yéyé,ADJ,B1,crf_first_attested,0.4152,0.0382,0.0,0.0,0.4152,0.0,0.0,0.0,0.0382,,,,,,,,,crf_only,yéyé,A,,
littéralement,ADV,B1,beacco,0.4092,3.7008,0.0,1.931,0.4092,10.6273,2.0505,0.0,3.7008,0.0,3.7603,0.1243,9.1403,4.139,0.0,3.6555,B1,word_pos,littéralement,ADV,littéralement,ADV
propreté,NOUN,B1,beacco,0.4092,3.6949,1.3242,3.4353,0.4092,0.5755,0.0,0.0,3.6949,1.2635,3.8021,0.1243,0.911,0.0,0.0,3.5103,B1,word_pos,propreté,N,propreté,NOM
semblant,NOUN,B1,beacco,0.4092,2.1343,0.0,0.0,0.4092,4.8711,12.4046,0.0,2.1343,0.0,1.8025,0.1243,8.9868,0.0,0.0,3.5138,B1,word_pos,semblant,N,semblant,NOM
assiégé,NOUN,B1,crf_first_attested,0.4092,0.0377,0.0,0.0,0.4092,0.0,0.0,0.0,0.0377,,,,,,,,,crf_only,assiégé,N,,
gardois,ADJ,B1,crf_first_attested,0.4092,0.0377,0.0,0.0,0.4092,0.0,0.0,0.0,0.0377,,,,,,,,,crf_only,gardois,A,,
maudit,NOUN,B1,crf_first_attested,0.4092,0.0377,0.0,0.0,0.4092,0.0,0.0,0.0,0.0377,,,,,,,,,crf_only,maudit,N,,
mobilisé,ADJ,B1,crf_first_attested,0.4092,0.0377,0.0,0.0,0.4092,0.0,0.0,0.0,0.0377,,,,,,,,,crf_only,mobilisé,A,,
naufragé,ADJ,B1,crf_first_attested,0.4092,0.0377,0.0,0.0,0.4092,0.0,0.0,0.0,0.0377,,,,,,,,,crf_only,naufragé,A,,
par portable,ADV,B1,crf_first_attested,0.4092,0.0377,0.0,0.0,0.4092,0.0,0.0,0.0,0.0377,,,,,,,,,crf_only,par portable,ADV,,
attaque,NOUN,B1,beacco,0.4081,10.7777,0.3983,4.6815,0.4081,35.1639,34.062,0.0,10.7777,0.0,4.0377,0.4317,45.2238,40.1357,0.0,11.013,B1,word_pos,attaque,N,attaque,NOM
vitre,NOUN,B1,beacco,0.4081,6.3943,0.0,16.5322,0.4081,3.3535,3.1012,0.0,6.3943,0.0,12.289,0.4317,7.1733,6.0005,0.0,6.5383,B1,word_pos,vitre,N,vitre,NOM
combattant,NOUN,B1,beacco,0.4081,1.0616,0.7967,0.0,0.4081,0.7062,0.0,0.0,1.0616,1.6691,0.7079,0.4317,1.2705,0.0,0.0,2.3866,B1,word_pos,combattant,N,combattant,NOM
héritier,ADJ,B1,crf_first_attested,0.4081,0.6558,0.0,0.0,0.4081,0.0,3.2084,0.0,0.6558,,,,,,,,,crf_only,héritier,A,,
fausse,NOUN,B1,crf_first_attested,0.4081,0.4771,0.0,0.0,0.4081,0.6707,0.0,0.0,0.4771,,,,,,,,,crf_only,fausse,N,,
aramis,NOUN,B1,crf_first_attested,0.4081,0.0376,0.0,0.0,0.4081,0.0,0.0,0.0,0.0376,,,,,,,,,crf_only,aramis,N,,
corrompu,ADJ,B1,crf_first_attested,0.4081,0.0376,0.0,0.0,0.4081,0.0,0.0,0.0,0.0376,,,,,,,,,crf_only,corrompu,A,,
en retrait,ADV,B1,crf_first_attested,0.4081,0.0376,0.0,0.0,0.4081,0.0,0.0,0.0,0.0376,,,,,,,,,crf_only,en retrait,ADV,,
martyr,ADJ,B1,crf_first_attested,0.4081,0.0376,0.0,0.0,0.4081,0.0,0.0,0.0,0.0376,,,,,,,,,crf_only,martyr,A,,
noir,VERB,B1,crf_first_attested,0.4081,0.0376,0.0,0.0,0.4081,0.0,0.0,0.0,0.0376,,,,,,,,,crf_only,noir,V,,
sur de,PREP,B1,crf_first_attested,0.4081,0.0376,0.0,0.0,0.4081,0.0,0.0,0.0,0.0376,,,,,,,,,crf_only,sur de,PREP,,
tant et si bien que,CONJ,B1,crf_first_attested,0.4081,0.0376,0.0,0.0,0.4081,0.0,0.0,0.0,0.0376,,,,,,,,,crf_only,tant et si bien que,CONJS,,
à court de,PREP,B1,crf_first_attested,0.4081,0.0376,0.0,0.0,0.4081,0.0,0.0,0.0,0.0376,,,,,,,,,crf_only,à court de,PREP,,
épar,NOUN,B1,crf_first_attested,0.4081,0.0376,0.0,0.0,0.4081,0.0,0.0,0.0,0.0376,,,,,,,,,crf_only,épar,N,,
héroïne,NOUN,B1,beacco,0.3906,5.3203,,,,,,,,0.9464,6.8305,0.3906,1.3018,0.0,4.0185,5.3203,B1,beacco_only,,,héroïne,NOM
surgeler,VERB,B1,beacco,0.3906,2.453,,,,,,,,0.0,4.4611,0.3906,1.2705,0.0,0.0,2.453,B1,beacco_only,,,surgeler,VER
forcer,VERB,B1,beacco,0.3765,15.7465,2.2771,23.4356,0.3765,45.2616,0.0,6.4938,15.7465,2.3528,16.8786,0.3933,23.4137,0.0,12.833,11.726,B1,word_pos,forcer,V,forcer,VER
sabot,NOUN,B1,beacco,0.3765,9.1211,2.81,1.5505,0.3765,38.5367,1.6042,0.0,9.1211,3.6596,1.0679,0.3933,6.5091,3.4423,0.0,5.8979,B1,word_pos,sabot,N,sabot,NOM
cassé,ADJ,B1,beacco,0.3765,8.1896,0.0,36.6673,0.3765,0.0,9.8488,0.0,8.1896,0.0,11.7227,0.3933,0.0,20.024,0.0,5.1408,B1,word_pos,cassé,A,cassé,ADJ
injustice,NOUN,B1,beacco,0.3765,4.5902,11.7479,0.5168,0.3765,1.5139,24.7899,0.0,4.5902,7.429,1.0679,0.7866,2.2839,20.6179,0.0,5.9951,B1,word_pos,injustice,N,injustice,NOM
caresser,VERB,B1,beacco,0.3765,4.5601,1.2043,11.1014,0.3765,0.0,0.0,6.4938,4.5601,1.4639,19.5242,2.5067,0.0,0.0,12.833,7.9956,B1,word_pos,caresser,V,caresser,VER
panique,NOUN,B1,beacco,0.3765,4.1083,0.2541,7.7904,0.3765,1.6517,0.0,0.0,4.1083,0.5504,4.6417,0.3933,1.3018,0.0,0.0,3.2468,B1,word_pos,panique,N,panique,NOM
réapparaître,VERB,B1,beacco,0.3765,3.4345,0.0,2.3059,0.3765,1.6517,15.6669,0.0,3.4345,0.0,4.6636,0.3933,1.3018,20.024,0.0,4.6077,B1,word_pos,réapparaître,V,réapparaître,VER
fillette,NOUN,B1,beacco,0.3765,2.5161,0.0,10.1906,0.3765,0.0,0.0,0.0,2.5161,0.0,12.9572,0.3933,0.0,0.0,0.0,2.8837,B1,word_pos,fillette,N,fillette,NOM
imbécile,NOUN,B1,beacco,0.3765,2.1465,0.0,0.9626,0.3765,0.0,12.7628,0.0,2.1465,0.5987,6.6433,3.4682,8.2047,6.0005,0.0,7.72,B1,word_pos,imbécile,N,imbécile,NOM
tragédie,NOUN,B1,beacco,0.3765,1.4207,0.0,2.3872,0.3765,0.0,3.1012,0.0,1.4207,0.0,6.9599,0.3933,0.0,6.0005,0.0,2.9987,B1,word_pos,tragédie,N,tragédie,NOM
dans le fond,ADV,B1,crf_first_attested,0.3765,0.9661,0.0,0.0,0.3765,4.8711,0.0,0.0,0.9661,,,,,,,,,crf_only,dans le fond,ADV,,
entrouvert,ADJ,B1,crf_first_attested,0.3765,0.8151,0.0,0.0,0.3765,2.4776,0.0,0.0,0.8151,,,,,,,,,crf_only,entrouvert,A,,
en fait partie,ADV,B1,crf_first_attested,0.3765,0.6564,0.0,0.0,0.3765,0.0,0.0,12.9876,0.6564,,,,,,,,,crf_only,en fait partie,ADV,,
mettre fin,VERB,B1,crf_first_attested,0.3765,0.3409,0.0,0.0,0.3765,0.0,3.1012,0.0,0.3409,,,,,,,,,crf_only,mettre fin,V,,
dehors,ADJ,B1,crf_first_attested,0.3765,0.0347,0.0,0.0,0.3765,0.0,0.0,0.0,0.0347,,,,,,,,,crf_only,dehors,A,,
en hurlant,ADV,B1,crf_first_attested,0.3765,0.0347,0.0,0.0,0.3765,0.0,0.0,0.0,0.0347,,,,,,,,,crf_only,en hurlant,ADV,,
face - à - face,NOUN,B1,crf_first_attested,0.3765,0.0347,0.0,0.0,0.3765,0.0,0.0,0.0,0.0347,,,,,,,,,crf_only,face - à - face,N,,
il n y avoir,VERB,B1,crf_first_attested,0.3765,0.0347,0.0,0.0,0.3765,0.0,0.0,0.0,0.0347,,,,,,,,,crf_only,il n y avoir,V,,
journalistique,ADJ,B1,crf_first_attested,0.3765,0.0347,0.0,0.0,0.3765,0.0,0.0,0.0,0.0347,,,,,,,,,crf_only,journalistique,A,,
mal à l' aise,ADJ,B1,crf_first_attested,0.3765,0.0347,0.0,0.0,0.3765,0.0,0.0,0.0,0.0347,,,,,,,,,crf_only,mal à l' aise,A,,
par derrière,ADV,B1,crf_first_attested,0.3765,0.0347,0.0,0.0,0.3765,0.0,0.0,0.0,0.0347,,,,,,,,,crf_only,par derrière,ADV,,
soudain,CONJ,B1,crf_first_attested,0.3765,0.0347,0.0,0.0,0.3765,0.0,0.0,0.0,0.0347,,,,,,,,,crf_only,soudain,CONJS,,
sous les yeux de,PREP,B1,crf_first_attested,0.3765,0.0347,0.0,0.0,0.3765,0.0,0.0,0.0,0.0347,,,,,,,,,crf_only,sous les yeux de,PREP,,
tu m' entends,ADV,B1,crf_first_attested,0.3765,0.0347,0.0,0.0,0.3765,0.0,0.0,0.0,0.0347,,,,,,,,,crf_only,tu m' entends,ADV,,
photographie,NOUN,B1,beacco,0.3625,10.9614,5.7349,0.2117,0.3625,2.6847,89.7802,0.0,10.9614,0.9121,3.9981,0.185,1.8983,51.4303,0.0,7.8108,B1,word_pos,photographie,N,photographie,NOM
au vu de,PREP,B1,crf_first_attested,0.3625,0.0334,0.0,0.0,0.3625,0.0,0.0,0.0,0.0334,,,,,,,,,crf_only,au vu de,PREP,,
contrat d' assurance - vie,NOUN,B1,crf_first_attested,0.3625,0.0334,0.0,0.0,0.3625,0.0,0.0,0.0,0.0334,,,,,,,,,crf_only,contrat d' assurance - vie,N,,
près à,PREP,B1,crf_first_attested,0.3625,0.0334,0.0,0.0,0.3625,0.0,0.0,0.0,0.0334,,,,,,,,,crf_only,près à,PREP,,
téléspectateur,NOUN,B1,beacco,0.3618,18.9157,0.0,8.3037,0.3618,24.7182,0.0,269.4371,18.9157,0.0,8.7547,0.6378,6.3527,0.0,328.5759,18.8383,B1,word_pos,téléspectateur,N,téléspectateur,NOM
sel,NOUN,B1,beacco,0.3618,15.6739,1.8564,15.6415,0.3618,1.5139,54.543,0.0,15.6739,1.4569,16.0958,0.6378,2.2839,0.0,0.0,4.8567,B1,word_pos,sel,N,sel,NOM
souhait,NOUN,B1,beacco,0.3618,12.2055,3.4156,49.4497,0.3618,0.5755,0.0,0.0,12.2055,3.5292,41.9034,0.6378,0.911,0.0,0.0,11.5858,B1,word_pos,souhait,N,souhait,NOM
plaque,NOUN,B1,beacco,0.3618,9.1224,0.0,18.2031,0.3618,0.0,49.6184,0.0,9.1224,0.0,18.2359,0.6378,0.0,54.0042,0.0,10.6966,B1,word_pos,plaque,N,plaque,NOM
détendre,VERB,B1,beacco,0.3618,4.3462,1.0953,2.9746,0.3618,6.0554,4.8126,0.0,4.3462,0.5987,6.4234,0.6378,2.2839,3.4423,0.0,4.8751,B1,word_pos,détendre,V,détendre,VER
réservation,NOUN,B1,beacco,0.3618,3.9765,3.6344,3.9879,0.3618,6.0554,0.0,0.0,3.9765,7.1121,4.3586,0.6378,4.5679,0.0,0.0,5.7406,B1,word_pos,réservation,N,réservation,NOM
saucisse,NOUN,B1,beacco,0.3618,3.5031,2.2771,9.1166,0.3618,0.0,0.0,0.0,3.5031,1.1764,18.4366,0.6378,0.0,0.0,0.0,5.1706,B1,word_pos,saucisse,N,saucisse,NOM
périple,NOUN,B1,beacco,0.3618,2.4631,0.0,3.9565,0.3618,0.7062,3.2084,0.0,2.4631,0.0,4.5697,0.6378,1.2705,3.4423,0.0,3.5909,B1,word_pos,périple,N,périple,NOM
goûter,NOUN,B1,beacco,0.3618,2.4598,0.4996,3.862,0.3618,0.0,4.8126,0.0,2.4598,0.9464,4.2847,0.6378,0.0,6.8846,0.0,3.6333,B1,word_pos,goûter,N,goûter,NOM
lourdement,ADV,B1,beacco,0.3618,2.2597,0.0,1.5505,0.3618,5.0553,3.1012,0.0,2.2597,0.0,1.0679,0.6378,9.7303,6.0005,0.0,3.631,B1,word_pos,lourdement,ADV,lourdement,ADV
batterie,NOUN,B1,beacco,0.3618,2.2178,0.0,2.0534,0.3618,1.5139,9.3035,0.0,2.2178,0.0,4.091,0.6378,2.2839,12.0009,0.0,3.568,B1,word_pos,batterie,N,batterie,NOM
camper,VERB,B1,beacco,0.3618,1.9231,0.0,4.3794,0.3618,1.1509,0.0,0.0,1.9231,0.0,4.7285,0.6378,0.911,0.0,0.0,2.552,B1,word_pos,camper,V,camper,VER
en parallèle,ADV,B1,crf_first_attested,0.3618,1.5791,0.0,0.0,0.3618,0.0,25.5257,0.0,1.5791,,,,,,,,,crf_only,en parallèle,ADV,,
habituellement,ADV,B1,beacco,0.3618,1.5224,2.5125,0.5168,0.3618,3.0277,0.0,0.0,1.5224,1.8101,1.0679,0.6378,2.2839,0.0,0.0,2.9959,B1,word_pos,habituellement,ADV,habituellement,ADV
th,NOUN,B1,crf_first_attested,0.3618,1.3806,0.0,0.0,0.3618,13.6115,0.0,0.0,1.3806,,,,,,,,,crf_only,th,N,,
sirène,NOUN,B1,beacco,0.3618,1.2997,0.0,4.5129,0.3618,1.5139,0.0,0.0,1.2997,0.0,5.1019,0.6378,2.2839,0.0,0.0,2.0839,B1,word_pos,sirène,N,sirène,NOM
au chaud,ADV,B1,crf_first_attested,0.3618,1.0222,0.0,0.0,0.3618,0.6707,6.2023,0.0,1.0222,,,,,,,,,crf_only,au chaud,ADV,,
assisté,ADJ,B1,crf_first_attested,0.3618,0.8696,0.0,0.0,0.3618,0.0,12.4046,0.0,0.8696,,,,,,,,,crf_only,assisté,A,,
intérimaire,NOUN,B1,crf_first_attested,0.3618,0.8696,0.0,0.0,0.3618,0.0,12.4046,0.0,0.8696,,,,,,,,,crf_only,intérimaire,N,,
doctissimo,NOUN,B1,crf_first_attested,0.3618,0.8002,0.0,0.0,0.3618,0.0,10.2524,0.0,0.8002,,,,,,,,,crf_only,doctissimo,N,,
congelé,NOUN,B1,crf_first_attested,0.3618,0.7724,0.0,0.0,0.3618,0.5755,0.0,9.6228,0.7724,,,,,,,,,crf_only,congelé,N,,
cela étant,ADV,B1,crf_first_attested,0.3618,0.6245,0.0,0.0,0.3618,0.0,6.1515,0.0,0.6245,,,,,,,,,crf_only,cela étant,ADV,,
facultés,NOUN,B1,crf_first_attested,0.3618,0.6245,0.0,0.0,0.3618,0.0,6.1515,0.0,0.6245,,,,,,,,,crf_only,facultés,N,,
mal - être,NOUN,B1,crf_first_attested,0.3618,0.6245,0.0,0.0,0.3618,0.0,6.1515,0.0,0.6245,,,,,,,,,crf_only,mal - être,N,,
dr,NOUN,B1,crf_first_attested,0.3618,0.5986,0.0,0.0,0.3618,0.0,0.0,58.4441,0.5986,,,,,,,,,crf_only,dr,N,,
ainsi de suite,ADV,B1,crf_first_attested,0.3618,0.499,0.0,0.0,0.3618,0.0,3.2084,0.0,0.499,,,,,,,,,crf_only,ainsi de suite,ADV,,
en apparence,ADV,B1,crf_first_attested,0.3618,0.4424,0.0,0.0,0.3618,0.0,0.0,19.2455,0.4424,,,,,,,,,crf_only,en apparence,ADV,,
ci - dessus,ADV,B1,crf_first_attested,0.3618,0.4192,0.0,0.0,0.3618,0.0,0.0,19.4814,0.4192,,,,,,,,,crf_only,ci - dessus,ADV,,
d' ordinaire,ADV,B1,crf_first_attested,0.3618,0.4192,0.0,0.0,0.3618,0.0,0.0,19.4814,0.4192,,,,,,,,,crf_only,d' ordinaire,ADV,,
par l' intermédiaire,PREP,B1,crf_first_attested,0.3618,0.3575,0.0,0.0,0.3618,1.5139,0.0,0.0,0.3575,,,,,,,,,crf_only,par l' intermédiaire,PREP,,
télétravail,NOUN,B1,crf_first_attested,0.3618,0.3575,0.0,0.0,0.3618,1.5139,0.0,0.0,0.3575,,,,,,,,,crf_only,télétravail,N,,
en évidence,ADV,B1,crf_first_attested,0.3618,0.3565,0.0,0.0,0.3618,0.0,1.6042,0.0,0.3565,,,,,,,,,crf_only,en évidence,ADV,,
mm,NOUN,B1,crf_first_attested,0.3618,0.3565,0.0,0.0,0.3618,0.0,0.0,2.0587,0.3565,,,,,,,,,crf_only,mm,N,,
adressé,ADJ,B1,crf_first_attested,0.3618,0.0333,0.0,0.0,0.3618,0.0,0.0,0.0,0.0333,,,,,,,,,crf_only,adressé,A,,
age,NOUN,B1,crf_first_attested,0.3618,0.0333,0.0,0.0,0.3618,0.0,0.0,0.0,0.0333,,,,,,,,,crf_only,age,N,,
ainsi part,ADV,B1,crf_first_attested,0.3618,0.0333,0.0,0.0,0.3618,0.0,0.0,0.0,0.0333,,,,,,,,,crf_only,ainsi part,ADV,,
antigrève,ADJ,B1,crf_first_attested,0.3618,0.0333,0.0,0.0,0.3618,0.0,0.0,0.0,0.0333,,,,,,,,,crf_only,antigrève,A,,
assommoir,NOUN,B1,crf_first_attested,0.3618,0.0333,0.0,0.0,0.3618,0.0,0.0,0.0,0.0333,,,,,,,,,crf_only,assommoir,N,,
au environs de,PREP,B1,crf_first_attested,0.3618,0.0333,0.0,0.0,0.3618,0.0,0.0,0.0,0.0333,,,,,,,,,crf_only,au environs de,PREP,,
beurrer,VERB,B1,crf_first_attested,0.3618,0.0333,0.0,0.0,0.3618,0.0,0.0,0.0,0.0333,,,,,,,,,crf_only,beurrer,V,,
bioéthique,ADJ,B1,crf_first_attested,0.3618,0.0333,0.0,0.0,0.3618,0.0,0.0,0.0,0.0333,,,,,,,,,crf_only,bioéthique,A,,
bizut,NOUN,B1,crf_first_attested,0.3618,0.0333,0.0,0.0,0.3618,0.0,0.0,0.0,0.0333,,,,,,,,,crf_only,bizut,N,,
chien - robot,NOUN,B1,crf_first_attested,0.3618,0.0333,0.0,0.0,0.3618,0.0,0.0,0.0,0.0333,,,,,,,,,crf_only,chien - robot,N,,
cl,NOUN,B1,crf_first_attested,0.3618,0.0333,0.0,0.0,0.3618,0.0,0.0,0.0,0.0333,,,,,,,,,crf_only,cl,N,,
comite - dentreprise,ADJ,B1,crf_first_attested,0.3618,0.0333,0.0,0.0,0.3618,0.0,0.0,0.0,0.0333,,,,,,,,,crf_only,comite - dentreprise,A,,
craquanter,VERB,B1,crf_first_attested,0.3618,0.0333,0.0,0.0,0.3618,0.0,0.0,0.0,0.0333,,,,,,,,,crf_only,craquanter,V,,
dans ce cas,ADV,B1,crf_first_attested,0.3618,0.0333,0.0,0.0,0.3618,0.0,0.0,0.0,0.0333,,,,,,,,,crf_only,dans ce cas,ADV,,
dans l' excès,ADV,B1,crf_first_attested,0.3618,0.0333,0.0,0.0,0.3618,0.0,0.0,0.0,0.0333,,,,,,,,,crf_only,dans l' excès,ADV,,
demi - pension,NOUN,B1,crf_first_attested,0.3618,0.0333,0.0,0.0,0.3618,0.0,0.0,0.0,0.0333,,,,,,,,,crf_only,demi - pension,N,,
disponibilité,NOUN,B1,crf_first_attested,0.3618,0.0333,0.0,0.0,0.3618,0.0,0.0,0.0,0.0333,,,,,,,,,crf_only,disponibilité,N,,
déc,NOUN,B1,crf_first_attested,0.3618,0.0333,0.0,0.0,0.3618,0.0,0.0,0.0,0.0333,,,,,,,,,crf_only,déc,N,,
economique,ADJ,B1,crf_first_attested,0.3618,0.0333,0.0,0.0,0.3618,0.0,0.0,0.0,0.0333,,,,,,,,,crf_only,economique,A,,
ecotrajet,ADJ,B1,crf_first_attested,0.3618,0.0333,0.0,0.0,0.3618,0.0,0.0,0.0,0.0333,,,,,,,,,crf_only,ecotrajet,A,,
egpe,NOUN,B1,crf_first_attested,0.3618,0.0333,0.0,0.0,0.3618,0.0,0.0,0.0,0.0333,,,,,,,,,crf_only,egpe,N,,
elysee,NOUN,B1,crf_first_attested,0.3618,0.0333,0.0,0.0,0.3618,0.0,0.0,0.0,0.0333,,,,,,,,,crf_only,elysee,N,,
flashmobs,NOUN,B1,crf_first_attested,0.3618,0.0333,0.0,0.0,0.3618,0.0,0.0,0.0,0.0333,,,,,,,,,crf_only,flashmobs,N,,
févr,NOUN,B1,crf_first_attested,0.3618,0.0333,0.0,0.0,0.3618,0.0,0.0,0.0,0.0333,,,,,,,,,crf_only,févr,N,,
généreux,NOUN,B1,crf_first_attested,0.3618,0.0333,0.0,0.0,0.3618,0.0,0.0,0.0,0.0333,,,,,,,,,crf_only,généreux,N,,
hyper,NOUN,B1,crf_first_attested,0.3618,0.0333,0.0,0.0,0.3618,0.0,0.0,0.0,0.0333,,,,,,,,,crf_only,hyper,N,,
hypermodeme,ADJ,B1,crf_first_attested,0.3618,0.0333,0.0,0.0,0.3618,0.0,0.0,0.0,0.0333,,,,,,,,,crf_only,hypermodeme,A,,
hypermodemité,NOUN,B1,crf_first_attested,0.3618,0.0333,0.0,0.0,0.3618,0.0,0.0,0.0,0.0333,,,,,,,,,crf_only,hypermodemité,N,,
hypermoderne,ADJ,B1,crf_first_attested,0.3618,0.0333,0.0,0.0,0.3618,0.0,0.0,0.0,0.0333,,,,,,,,,crf_only,hypermoderne,A,,
interne,NOUN,B1,crf_first_attested,0.3618,0.0333,0.0,0.0,0.3618,0.0,0.0,0.0,0.0333,,,,,,,,,crf_only,interne,N,,
interéditions,NOUN,B1,crf_first_attested,0.3618,0.0333,0.0,0.0,0.3618,0.0,0.0,0.0,0.0333,,,,,,,,,crf_only,interéditions,N,,
it,X,B1,crf_first_attested,0.3618,0.0333,0.0,0.0,0.3618,0.0,0.0,0.0,0.0333,,,,,,,,,crf_only,it,X,,
larousse,NOUN,B1,crf_first_attested,0.3618,0.0333,0.0,0.0,0.3618,0.0,0.0,0.0,0.0333,,,,,,,,,crf_only,larousse,N,,
lat,NOUN,B1,crf_first_attested,0.3618,0.0333,0.0,0.0,0.3618,0.0,0.0,0.0,0.0333,,,,,,,,,crf_only,lat,N,,
marginalisés,ADJ,B1,crf_first_attested,0.3618,0.0333,0.0,0.0,0.3618,0.0,0.0,0.0,0.0333,,,,,,,,,crf_only,marginalisés,A,,
micro - organisme,NOUN,B1,crf_first_attested,0.3618,0.0333,0.0,0.0,0.3618,0.0,0.0,0.0,0.0333,,,,,,,,,crf_only,micro - organisme,N,,
murder,VERB,B1,crf_first_attested,0.3618,0.0333,0.0,0.0,0.3618,0.0,0.0,0.0,0.0333,,,,,,,,,crf_only,murder,V,,
médéric,NOUN,B1,crf_first_attested,0.3618,0.0333,0.0,0.0,0.3618,0.0,0.0,0.0,0.0333,,,,,,,,,crf_only,médéric,N,,
org téléphone,ADV,B1,crf_first_attested,0.3618,0.0333,0.0,0.0,0.3618,0.0,0.0,0.0,0.0333,,,,,,,,,crf_only,org téléphone,ADV,,
oui,CONJ,B1,crf_first_attested,0.3618,0.0333,0.0,0.0,0.3618,0.0,0.0,0.0,0.0333,,,,,,,,,crf_only,oui,CONJS,,
par défaut,ADV,B1,crf_first_attested,0.3618,0.0333,0.0,0.0,0.3618,0.0,0.0,0.0,0.0333,,,,,,,,,crf_only,par défaut,ADV,,
par là même,ADV,B1,crf_first_attested,0.3618,0.0333,0.0,0.0,0.3618,0.0,0.0,0.0,0.0333,,,,,,,,,crf_only,par là même,ADV,,
porte - bonheur,NOUN,B1,crf_first_attested,0.3618,0.0333,0.0,0.0,0.3618,0.0,0.0,0.0,0.0333,,,,,,,,,crf_only,porte - bonheur,N,,
privations,NOUN,B1,crf_first_attested,0.3618,0.0333,0.0,0.0,0.3618,0.0,0.0,0.0,0.0333,,,,,,,,,crf_only,privations,N,,
préservatif,ADJ,B1,crf_first_attested,0.3618,0.0333,0.0,0.0,0.3618,0.0,0.0,0.0,0.0333,,,,,,,,,crf_only,préservatif,A,,
quid,NOUN,B1,crf_first_attested,0.3618,0.0333,0.0,0.0,0.3618,0.0,0.0,0.0,0.0333,,,,,,,,,crf_only,quid,N,,
salarium,NOUN,B1,crf_first_attested,0.3618,0.0333,0.0,0.0,0.3618,0.0,0.0,0.0,0.0333,,,,,,,,,crf_only,salarium,N,,
scolaire,NOUN,B1,crf_first_attested,0.3618,0.0333,0.0,0.0,0.3618,0.0,0.0,0.0,0.0333,,,,,,,,,crf_only,scolaire,N,,
se,DET,B1,crf_first_attested,0.3618,0.0333,0.0,0.0,0.3618,0.0,0.0,0.0,0.0333,,,,,,,,,crf_only,se,DET,,
socio - éducatif,ADJ,B1,crf_first_attested,0.3618,0.0333,0.0,0.0,0.3618,0.0,0.0,0.0,0.0333,,,,,,,,,crf_only,socio - éducatif,A,,
sous réserve de,PREP,B1,crf_first_attested,0.3618,0.0333,0.0,0.0,0.3618,0.0,0.0,0.0,0.0333,,,,,,,,,crf_only,sous réserve de,PREP,,
superambiance,NOUN,B1,crf_first_attested,0.3618,0.0333,0.0,0.0,0.3618,0.0,0.0,0.0,0.0333,,,,,,,,,crf_only,superambiance,N,,
tapir,VERB,B1,crf_first_attested,0.3618,0.0333,0.0,0.0,0.3618,0.0,0.0,0.0,0.0333,,,,,,,,,crf_only,tapir,V,,
terne,NOUN,B1,crf_first_attested,0.3618,0.0333,0.0,0.0,0.3618,0.0,0.0,0.0,0.0333,,,,,,,,,crf_only,terne,N,,
tiercerettes,NOUN,B1,crf_first_attested,0.3618,0.0333,0.0,0.0,0.3618,0.0,0.0,0.0,0.0333,,,,,,,,,crf_only,tiercerettes,N,,
toqué,NOUN,B1,crf_first_attested,0.3618,0.0333,0.0,0.0,0.3618,0.0,0.0,0.0,0.0333,,,,,,,,,crf_only,toqué,N,,
toqué,ADJ,B1,crf_first_attested,0.3618,0.0333,0.0,0.0,0.3618,0.0,0.0,0.0,0.0333,,,,,,,,,crf_only,toqué,A,,
tortiller,VERB,B1,crf_first_attested,0.3618,0.0333,0.0,0.0,0.3618,0.0,0.0,0.0,0.0333,,,,,,,,,crf_only,tortiller,V,,
tout autour,ADJ,B1,crf_first_attested,0.3618,0.0333,0.0,0.0,0.3618,0.0,0.0,0.0,0.0333,,,,,,,,,crf_only,tout autour,A,,
travailler avoir,VERB,B1,crf_first_attested,0.3618,0.0333,0.0,0.0,0.3618,0.0,0.0,0.0,0.0333,,,,,,,,,crf_only,travailler avoir,V,,
tête,VERB,B1,crf_first_attested,0.3618,0.0333,0.0,0.0,0.3618,0.0,0.0,0.0,0.0333,,,,,,,,,crf_only,tête,V,,
ultra - individualisme,NOUN,B1,crf_first_attested,0.3618,0.0333,0.0,0.0,0.3618,0.0,0.0,0.0,0.0333,,,,,,,,,crf_only,ultra - individualisme,N,,
un dieu,DET,B1,crf_first_attested,0.3618,0.0333,0.0,0.0,0.3618,0.0,0.0,0.0,0.0333,,,,,,,,,crf_only,un dieu,DET,,
vis,PREP,B1,crf_first_attested,0.3618,0.0333,0.0,0.0,0.3618,0.0,0.0,0.0,0.0333,,,,,,,,,crf_only,vis,PREP,,
à four chaud,ADV,B1,crf_first_attested,0.3618,0.0333,0.0,0.0,0.3618,0.0,0.0,0.0,0.0333,,,,,,,,,crf_only,à four chaud,ADV,,
à votre tour,ADV,B1,crf_first_attested,0.3618,0.0333,0.0,0.0,0.3618,0.0,0.0,0.0,0.0333,,,,,,,,,crf_only,à votre tour,ADV,,
bûcheron,NOUN,B1,beacco,0.3488,7.9716,0.0,18.4574,0.3488,0.0,6.4168,0.0,7.9716,0.0,29.6545,0.1219,0.0,6.8846,0.0,7.2216,B1,word_pos,bûcheron,N,bûcheron,NOM
blogueurs,NOUN,B1,crf_first_attested,0.3488,2.6612,0.0,0.0,0.3488,18.1663,0.0,0.0,2.6612,,,,,,,,,crf_only,blogueurs,N,,
monter dessus,VERB,B1,crf_first_attested,0.3488,0.0321,0.0,0.0,0.3488,0.0,0.0,0.0,0.0321,,,,,,,,,crf_only,monter dessus,V,,
andalou,ADJ,B1,crf_first_attested,0.3465,0.0319,0.0,0.0,0.3465,0.0,0.0,0.0,0.0319,,,,,,,,,crf_only,andalou,A,,
parier,VERB,B1,beacco,0.3401,7.6831,1.1737,14.0681,0.3401,0.7062,0.0,57.7365,7.6831,0.5547,3.6645,0.5857,1.2705,0.0,0.0,3.1723,B1,word_pos,parier,V,parier,VER
orthographe,NOUN,B1,beacco,0.3401,6.9353,0.0,3.5373,0.3401,9.0831,19.2505,0.0,6.9353,0.0,1.2017,0.5857,2.2839,6.8846,0.0,3.6622,B1,word_pos,orthographe,N,orthographe,NOM
auto,NOUN,B1,beacco,0.3401,5.8724,0.0,4.5985,0.3401,8.949,15.5058,0.0,5.8724,0.8075,4.6396,0.5857,7.5933,6.0005,0.0,6.4987,B1,word_pos,auto,N,auto,NOM
crayon,NOUN,B1,beacco,0.3401,4.8764,1.0953,4.7571,0.3401,22.3748,0.0,0.0,4.8764,0.5987,2.1359,0.5857,3.7966,0.0,0.0,3.4252,B1,word_pos,crayon,N,crayon,NOM
féministe,ADJ,B1,beacco,0.3401,4.3592,0.0,6.949,0.3401,0.7062,6.2023,19.4814,4.3592,0.0,6.0583,0.5857,0.0,6.0005,12.833,2.9451,B1,word_pos,féministe,A,féministe,ADJ
différemment,ADV,B1,beacco,0.3401,3.399,0.0,2.2578,0.3401,0.5755,3.2084,28.8683,3.399,0.0,4.5382,0.5857,0.0,3.4423,38.656,4.2883,B1,word_pos,différemment,ADV,différemment,ADV
a priori,ADV,B1,crf_first_attested,0.3401,3.2231,0.0,0.0,0.3401,4.5416,3.2084,67.3593,3.2231,,,,,,,,,crf_only,a priori,ADV,,
en développement,ADV,B1,crf_first_attested,0.3401,3.1958,0.0,0.0,0.3401,3.0277,41.0097,0.0,3.1958,,,,,,,,,crf_only,en développement,ADV,,
algérien,ADJ,B1,beacco,0.3401,2.5956,0.0,6.4513,0.3401,0.0,0.0,28.8683,2.5956,0.0,6.5775,0.5857,1.2705,0.0,57.984,5.8255,B1,word_pos,algérien,A,algérien,ADJ
provision,NOUN,B1,beacco,0.3401,2.4868,0.0,1.0337,0.3401,16.667,0.0,0.0,2.4868,0.0,1.0679,0.5857,14.4942,0.0,0.0,3.1456,B1,word_pos,provision,N,provision,NOM
monastère,NOUN,B1,beacco,0.3401,2.2293,0.0,6.0019,0.3401,0.0,3.2084,0.0,2.2293,0.0,3.6137,0.5857,0.0,3.4423,0.0,1.872,B1,word_pos,monastère,N,monastère,NOM
abondant,ADJ,B1,beacco,0.3401,2.2024,0.0,4.5942,0.3401,0.0,3.1012,6.4938,2.2024,0.0,1.2017,0.5857,0.0,6.0005,12.833,2.7821,B1,word_pos,abondant,A,abondant,ADJ
cadrer,VERB,B1,beacco,0.3401,0.8713,0.0,0.7405,0.3401,0.0,1.6042,0.0,0.8713,0.0,3.7603,0.5857,0.0,3.4423,0.0,1.9704,B1,word_pos,cadrer,V,cadrer,VER
désaltérant,ADJ,B1,crf_first_attested,0.3401,0.612,0.0,0.0,0.3401,0.0,4.8126,0.0,0.612,,,,,,,,,crf_only,désaltérant,A,,
thé,ADJ,B1,crf_first_attested,0.3401,0.5149,0.0,0.0,0.3401,0.0,4.101,0.0,0.5149,,,,,,,,,crf_only,thé,A,,
doctorant,NOUN,B1,crf_first_attested,0.3401,0.4485,0.0,0.0,0.3401,0.0,0.0,19.2455,0.4485,,,,,,,,,crf_only,doctorant,N,,
bio,NOUN,B1,crf_first_attested,0.3401,0.3169,0.0,0.0,0.3401,0.0,0.0,6.4938,0.3169,,,,,,,,,crf_only,bio,N,,
achille,NOUN,B1,crf_first_attested,0.3401,0.0313,0.0,0.0,0.3401,0.0,0.0,0.0,0.0313,,,,,,,,,crf_only,achille,N,,
activites,NOUN,B1,crf_first_attested,0.3401,0.0313,0.0,0.0,0.3401,0.0,0.0,0.0,0.0313,,,,,,,,,crf_only,activites,N,,
anthémon,NOUN,B1,crf_first_attested,0.3401,0.0313,0.0,0.0,0.3401,0.0,0.0,0.0,0.0313,,,,,,,,,crf_only,anthémon,N,,
argentde,NOUN,B1,crf_first_attested,0.3401,0.0313,0.0,0.0,0.3401,0.0,0.0,0.0,0.0313,,,,,,,,,crf_only,argentde,N,,
au froid,ADV,B1,crf_first_attested,0.3401,0.0313,0.0,0.0,0.3401,0.0,0.0,0.0,0.0313,,,,,,,,,crf_only,au froid,ADV,,
au pot,ADV,B1,crf_first_attested,0.3401,0.0313,0.0,0.0,0.3401,0.0,0.0,0.0,0.0313,,,,,,,,,crf_only,au pot,ADV,,
aujour ' hui,ADV,B1,crf_first_attested,0.3401,0.0313,0.0,0.0,0.3401,0.0,0.0,0.0,0.0313,,,,,,,,,crf_only,aujour ' hui,ADV,,
autrement dit qui,ADV,B1,crf_first_attested,0.3401,0.0313,0.0,0.0,0.3401,0.0,0.0,0.0,0.0313,,,,,,,,,crf_only,autrement dit qui,ADV,,
avoir minima,VERB,B1,crf_first_attested,0.3401,0.0313,0.0,0.0,0.3401,0.0,0.0,0.0,0.0313,,,,,,,,,crf_only,avoir minima,V,,
bi,ADJ,B1,crf_first_attested,0.3401,0.0313,0.0,0.0,0.3401,0.0,0.0,0.0,0.0313,,,,,,,,,crf_only,bi,A,,
bien aujourd'hui,ADV,B1,crf_first_attested,0.3401,0.0313,0.0,0.0,0.3401,0.0,0.0,0.0,0.0313,,,,,,,,,crf_only,bien aujourd'hui,ADV,,
brilliant,X,B1,crf_first_attested,0.3401,0.0313,0.0,0.0,0.3401,0.0,0.0,0.0,0.0313,,,,,,,,,crf_only,brilliant,X,,
bébé - éprouvette,NOUN,B1,crf_first_attested,0.3401,0.0313,0.0,0.0,0.3401,0.0,0.0,0.0,0.0313,,,,,,,,,crf_only,bébé - éprouvette,N,,
caractière,NOUN,B1,crf_first_attested,0.3401,0.0313,0.0,0.0,0.3401,0.0,0.0,0.0,0.0313,,,,,,,,,crf_only,caractière,N,,
classics,X,B1,crf_first_attested,0.3401,0.0313,0.0,0.0,0.3401,0.0,0.0,0.0,0.0313,,,,,,,,,crf_only,classics,X,,
colin - maillard,NOUN,B1,crf_first_attested,0.3401,0.0313,0.0,0.0,0.3401,0.0,0.0,0.0,0.0313,,,,,,,,,crf_only,colin - maillard,N,,
communs,NOUN,B1,crf_first_attested,0.3401,0.0313,0.0,0.0,0.3401,0.0,0.0,0.0,0.0313,,,,,,,,,crf_only,communs,N,,
dans l' exemple ci - dessous,ADV,B1,crf_first_attested,0.3401,0.0313,0.0,0.0,0.3401,0.0,0.0,0.0,0.0313,,,,,,,,,crf_only,dans l' exemple ci - dessous,ADV,,
decide,VERB,B1,crf_first_attested,0.3401,0.0313,0.0,0.0,0.3401,0.0,0.0,0.0,0.0313,,,,,,,,,crf_only,decide,V,,
decouvrent,VERB,B1,crf_first_attested,0.3401,0.0313,0.0,0.0,0.3401,0.0,0.0,0.0,0.0313,,,,,,,,,crf_only,decouvrent,V,,
dendranthema,NOUN,B1,crf_first_attested,0.3401,0.0313,0.0,0.0,0.3401,0.0,0.0,0.0,0.0313,,,,,,,,,crf_only,dendranthema,N,,
donc à peu,ADV,B1,crf_first_attested,0.3401,0.0313,0.0,0.0,0.3401,0.0,0.0,0.0,0.0313,,,,,,,,,crf_only,donc à peu,ADV,,
dès l' instant,ADV,B1,crf_first_attested,0.3401,0.0313,0.0,0.0,0.3401,0.0,0.0,0.0,0.0313,,,,,,,,,crf_only,dès l' instant,ADV,,
déferlant,ADJ,B1,crf_first_attested,0.3401,0.0313,0.0,0.0,0.3401,0.0,0.0,0.0,0.0313,,,,,,,,,crf_only,déferlant,A,,
déminagement m' épouvante,NOUN,B1,crf_first_attested,0.3401,0.0313,0.0,0.0,0.3401,0.0,0.0,0.0,0.0313,,,,,,,,,crf_only,déminagement m' épouvante,N,,
déplafonnage,NOUN,B1,crf_first_attested,0.3401,0.0313,0.0,0.0,0.3401,0.0,0.0,0.0,0.0313,,,,,,,,,crf_only,déplafonnage,N,,
désires,NOUN,B1,crf_first_attested,0.3401,0.0313,0.0,0.0,0.3401,0.0,0.0,0.0,0.0313,,,,,,,,,crf_only,désires,N,,
empécher,NOUN,B1,crf_first_attested,0.3401,0.0313,0.0,0.0,0.3401,0.0,0.0,0.0,0.0313,,,,,,,,,crf_only,empécher,N,,
en arrivant,ADV,B1,crf_first_attested,0.3401,0.0313,0.0,0.0,0.3401,0.0,0.0,0.0,0.0313,,,,,,,,,crf_only,en arrivant,ADV,,
en fanfare,ADV,B1,crf_first_attested,0.3401,0.0313,0.0,0.0,0.3401,0.0,0.0,0.0,0.0313,,,,,,,,,crf_only,en fanfare,ADV,,
enthousiaste,NOUN,B1,crf_first_attested,0.3401,0.0313,0.0,0.0,0.3401,0.0,0.0,0.0,0.0313,,,,,,,,,crf_only,enthousiaste,N,,
gazons,NOUN,B1,crf_first_attested,0.3401,0.0313,0.0,0.0,0.3401,0.0,0.0,0.0,0.0313,,,,,,,,,crf_only,gazons,N,,
grèce,NOUN,B1,crf_first_attested,0.3401,0.0313,0.0,0.0,0.3401,0.0,0.0,0.0,0.0313,,,,,,,,,crf_only,grèce,N,,
heritage,NOUN,B1,crf_first_attested,0.3401,0.0313,0.0,0.0,0.3401,0.0,0.0,0.0,0.0313,,,,,,,,,crf_only,heritage,N,,
hors - série n ° 1,NOUN,B1,crf_first_attested,0.3401,0.0313,0.0,0.0,0.3401,0.0,0.0,0.0,0.0313,,,,,,,,,crf_only,hors - série n ° 1,N,,
jamais vu,NOUN,B1,crf_first_attested,0.3401,0.0313,0.0,0.0,0.3401,0.0,0.0,0.0,0.0313,,,,,,,,,crf_only,jamais vu,N,,
justicier,NOUN,B1,crf_first_attested,0.3401,0.0313,0.0,0.0,0.3401,0.0,0.0,0.0,0.0313,,,,,,,,,crf_only,justicier,N,,
kcal,NOUN,B1,crf_first_attested,0.3401,0.0313,0.0,0.0,0.3401,0.0,0.0,0.0,0.0313,,,,,,,,,crf_only,kcal,N,,
legendaire,NOUN,B1,crf_first_attested,0.3401,0.0313,0.0,0.0,0.3401,0.0,0.0,0.0,0.0313,,,,,,,,,crf_only,legendaire,N,,
lithuanien,NOUN,B1,crf_first_attested,0.3401,0.0313,0.0,0.0,0.3401,0.0,0.0,0.0,0.0313,,,,,,,,,crf_only,lithuanien,N,,
machines,NOUN,B1,crf_first_attested,0.3401,0.0313,0.0,0.0,0.3401,0.0,0.0,0.0,0.0313,,,,,,,,,crf_only,machines,N,,
mal parti,ADV,B1,crf_first_attested,0.3401,0.0313,0.0,0.0,0.3401,0.0,0.0,0.0,0.0313,,,,,,,,,crf_only,mal parti,ADV,,
medievale,ADJ,B1,crf_first_attested,0.3401,0.0313,0.0,0.0,0.3401,0.0,0.0,0.0,0.0313,,,,,,,,,crf_only,medievale,A,,
momifié,ADJ,B1,crf_first_attested,0.3401,0.0313,0.0,0.0,0.3401,0.0,0.0,0.0,0.0313,,,,,,,,,crf_only,momifié,A,,
mysterieuse,ADJ,B1,crf_first_attested,0.3401,0.0313,0.0,0.0,0.3401,0.0,0.0,0.0,0.0313,,,,,,,,,crf_only,mysterieuse,A,,
mysterieuse,NOUN,B1,crf_first_attested,0.3401,0.0313,0.0,0.0,0.3401,0.0,0.0,0.0,0.0313,,,,,,,,,crf_only,mysterieuse,N,,
mâtiné,ADJ,B1,crf_first_attested,0.3401,0.0313,0.0,0.0,0.3401,0.0,0.0,0.0,0.0313,,,,,,,,,crf_only,mâtiné,A,,
neanmoins,ADV,B1,crf_first_attested,0.3401,0.0313,0.0,0.0,0.3401,0.0,0.0,0.0,0.0313,,,,,,,,,crf_only,neanmoins,ADV,,
ogm,NOUN,B1,crf_first_attested,0.3401,0.0313,0.0,0.0,0.3401,0.0,0.0,0.0,0.0313,,,,,,,,,crf_only,ogm,N,,
oued,NOUN,B1,crf_first_attested,0.3401,0.0313,0.0,0.0,0.3401,0.0,0.0,0.0,0.0313,,,,,,,,,crf_only,oued,N,,
parage,NOUN,B1,crf_first_attested,0.3401,0.0313,0.0,0.0,0.3401,0.0,0.0,0.0,0.0313,,,,,,,,,crf_only,parage,N,,
pavé,ADJ,B1,crf_first_attested,0.3401,0.0313,0.0,0.0,0.3401,0.0,0.0,0.0,0.0313,,,,,,,,,crf_only,pavé,A,,
perché,ADJ,B1,crf_first_attested,0.3401,0.0313,0.0,0.0,0.3401,0.0,0.0,0.0,0.0313,,,,,,,,,crf_only,perché,A,,
plain,ADJ,B1,crf_first_attested,0.3401,0.0313,0.0,0.0,0.3401,0.0,0.0,0.0,0.0313,,,,,,,,,crf_only,plain,A,,
proust,NOUN,B1,crf_first_attested,0.3401,0.0313,0.0,0.0,0.3401,0.0,0.0,0.0,0.0313,,,,,,,,,crf_only,proust,N,,
prépa,NOUN,B1,crf_first_attested,0.3401,0.0313,0.0,0.0,0.3401,0.0,0.0,0.0,0.0313,,,,,,,,,crf_only,prépa,N,,
pèlerin,NOUN,B1,crf_first_attested,0.3401,0.0313,0.0,0.0,0.3401,0.0,0.0,0.0,0.0313,,,,,,,,,crf_only,pèlerin,N,,
quoi de,PREP,B1,crf_first_attested,0.3401,0.0313,0.0,0.0,0.3401,0.0,0.0,0.0,0.0313,,,,,,,,,crf_only,quoi de,PREP,,
refléchir,VERB,B1,crf_first_attested,0.3401,0.0313,0.0,0.0,0.3401,0.0,0.0,0.0,0.0313,,,,,,,,,crf_only,refléchir,V,,
vers lui de,PREP,B1,crf_first_attested,0.3401,0.0313,0.0,0.0,0.3401,0.0,0.0,0.0,0.0313,,,,,,,,,crf_only,vers lui de,PREP,,
vous,VERB,B1,crf_first_attested,0.3401,0.0313,0.0,0.0,0.3401,0.0,0.0,0.0,0.0313,,,,,,,,,crf_only,vous,V,,
zapatistes,NOUN,B1,crf_first_attested,0.3401,0.0313,0.0,0.0,0.3401,0.0,0.0,0.0,0.0313,,,,,,,,,crf_only,zapatistes,N,,
à jour,ADV,B1,crf_first_attested,0.3401,0.0313,0.0,0.0,0.3401,0.0,0.0,0.0,0.0313,,,,,,,,,crf_only,à jour,ADV,,
épicerie,NOUN,B1,beacco,0.3274,3.0328,5.1234,0.6939,0.3274,0.0,0.0,0.0,3.0328,4.7055,0.7079,0.1243,0.0,0.0,0.0,1.7536,B1,word_pos,épicerie,N,épicerie,NOM
écoutes,NOUN,B1,crf_first_attested,0.3274,1.038,0.0,0.0,0.3274,0.6707,3.2084,0.0,1.038,,,,,,,,,crf_only,écoutes,N,,
ne as,ADV,B1,crf_first_attested,0.3274,0.0301,0.0,0.0,0.3274,0.0,0.0,0.0,0.0301,,,,,,,,,crf_only,ne as,ADV,,
tu me passes,ADV,B1,crf_first_attested,0.3274,0.0301,0.0,0.0,0.3274,0.0,0.0,0.0,0.0301,,,,,,,,,crf_only,tu me passes,ADV,,
tu passais,PREP,B1,crf_first_attested,0.3274,0.0301,0.0,0.0,0.3274,0.0,0.0,0.0,0.0301,,,,,,,,,crf_only,tu passais,PREP,,
invite,NOUN,B1,beacco,0.3014,5.2558,5.641,13.5312,0.3014,0.0,0.0,0.0,5.2558,0.0,8.9183,7.3803,0.0,0.0,0.0,4.3207,B1,word_pos,invite,N,invite,NOM
tristement,ADV,B1,beacco,0.3014,4.919,13.0183,10.0815,0.3014,0.0,0.0,0.0,4.919,7.2705,10.3256,0.6118,0.0,0.0,0.0,5.0918,B1,word_pos,tristement,ADV,tristement,ADV
en parlé,ADV,B1,crf_first_attested,0.3014,0.0277,0.0,0.0,0.3014,0.0,0.0,0.0,0.0277,,,,,,,,,crf_only,en parlé,ADV,,
sublime,NOUN,B1,crf_first_attested,0.3014,0.0277,0.0,0.0,0.3014,0.0,0.0,0.0,0.0277,,,,,,,,,crf_only,sublime,N,,
stade,NOUN,B1,beacco,0.2916,13.208,0.0,5.9184,0.2916,9.0831,97.717,9.6228,13.208,0.0,4.5709,0.5531,11.4197,144.4477,19.328,18.7075,B1,word_pos,stade,N,stade,NOM
exotisme,NOUN,B1,beacco,0.2916,8.7894,0.0,2.1454,0.2916,26.4895,45.3131,0.0,8.7894,0.0,3.7811,0.5531,14.1801,31.3781,0.0,7.5621,B1,word_pos,exotisme,N,exotisme,NOM
artiste,ADJ,B1,beacco,0.2916,7.2613,0.4996,21.5104,0.2916,9.7423,0.0,0.0,7.2613,0.9464,44.0401,0.5531,20.9173,0.0,0.0,15.4015,B1,word_pos,artiste,A,artiste,ADJ
frôler,VERB,B1,beacco,0.2916,5.7475,0.0,14.3294,0.2916,1.6517,6.2023,19.2455,5.7475,0.0,12.4817,0.5531,1.3018,6.0005,19.328,5.4161,B1,word_pos,frôler,V,frôler,VER
industriel,NOUN,B1,beacco,0.2916,5.2257,0.0,3.6119,0.2916,2.8249,27.7392,0.0,5.2257,0.0,4.7165,3.7062,8.9868,27.9938,0.0,8.299,B1,word_pos,industriel,N,industriel,NOM
moto,NOUN,B1,beacco,0.2916,3.9585,0.0,9.603,0.2916,0.0,6.2023,12.9876,3.9585,0.0,4.633,0.5531,0.0,6.0005,12.833,3.3863,B1,word_pos,moto,N,moto,NOM
boucle,NOUN,B1,beacco,0.2916,3.151,0.3158,5.3328,0.2916,0.5285,2.0505,0.0,3.151,0.6291,4.5709,0.5531,0.8102,4.139,0.0,4.2968,B1,word_pos,boucle,N,boucle,NOM
rentraire,VERB,B1,beacco,0.2916,3.0653,2.652,2.2578,0.2916,7.5366,0.0,0.0,3.0653,0.4856,4.5382,0.5531,8.1533,0.0,0.0,4.2754,B1,word_pos,rentraire,V,rentraire,VER
champignon,NOUN,B1,beacco,0.2916,2.4556,0.0,3.2366,0.2916,10.2239,0.0,0.0,2.4556,0.0,4.7165,0.5531,9.0915,0.0,0.0,3.6224,B1,word_pos,champignon,N,champignon,NOM
monarchie,NOUN,B1,beacco,0.2916,2.3758,0.0,2.803,0.2916,4.6862,3.1012,0.0,2.3758,0.0,1.2017,0.5531,8.2033,6.0005,0.0,3.9791,B1,word_pos,monarchie,N,monarchie,NOM
le moins,ADV,B1,crf_first_attested,0.2916,2.244,0.0,0.0,0.2916,0.7062,12.4046,9.6228,2.244,,,,,,,,,crf_only,le moins,ADV,,
short,NOUN,B1,beacco,0.2916,1.5806,0.0,7.693,0.2916,0.0,0.0,0.0,1.5806,0.0,12.2483,0.5531,0.0,0.0,0.0,2.6426,B1,word_pos,short,N,short,NOM
au profit de,PREP,B1,crf_first_attested,0.2916,1.0768,0.0,0.0,0.2916,9.0467,0.0,0.0,1.0768,,,,,,,,,crf_only,au profit de,PREP,,
méconnu,ADJ,B1,crf_first_attested,0.2916,1.0221,0.0,0.0,0.2916,1.5139,4.101,0.0,1.0221,,,,,,,,,crf_only,méconnu,A,,
desseins,NOUN,B1,crf_first_attested,0.2916,0.5648,0.0,0.0,0.2916,0.0,6.2023,0.0,0.5648,,,,,,,,,crf_only,desseins,N,,
à l' heure actuelle,ADV,B1,crf_first_attested,0.2916,0.5648,0.0,0.0,0.2916,0.0,6.2023,0.0,0.5648,,,,,,,,,crf_only,à l' heure actuelle,ADV,,
sur ce point,ADV,B1,crf_first_attested,0.2916,0.522,0.0,0.0,0.2916,0.0,4.101,0.0,0.522,,,,,,,,,crf_only,sur ce point,ADV,,
du plus,ADV,B1,crf_first_attested,0.2916,0.5179,0.0,0.0,0.2916,1.1509,0.0,0.0,0.5179,,,,,,,,,crf_only,du plus,ADV,,
de peur de,PREP,B1,crf_first_attested,0.2916,0.5036,0.0,0.0,0.2916,2.8249,0.0,0.0,0.5036,,,,,,,,,crf_only,de peur de,PREP,,
non - respect,NOUN,B1,crf_first_attested,0.2916,0.4539,0.0,0.0,0.2916,0.0,0.0,19.4814,0.4539,,,,,,,,,crf_only,non - respect,N,,
inactif,NOUN,B1,crf_first_attested,0.2916,0.4001,0.0,0.0,0.2916,0.0,0.0,12.9876,0.4001,,,,,,,,,crf_only,inactif,N,,
au terme de,PREP,B1,crf_first_attested,0.2916,0.3487,0.0,0.0,0.2916,0.0,1.6042,0.0,0.3487,,,,,,,,,crf_only,au terme de,PREP,,
sous la forme de,PREP,B1,crf_first_attested,0.2916,0.3443,0.0,0.0,0.2916,0.0,3.1012,0.0,0.3443,,,,,,,,,crf_only,sous la forme de,PREP,,
contre - culture,NOUN,B1,crf_first_attested,0.2916,0.3235,0.0,0.0,0.2916,0.7062,0.0,0.0,0.3235,,,,,,,,,crf_only,contre - culture,N,,
anti - cru,ADJ,B1,crf_first_attested,0.2916,0.0268,0.0,0.0,0.2916,0.0,0.0,0.0,0.0268,,,,,,,,,crf_only,anti - cru,A,,
bandana,ADJ,B1,crf_first_attested,0.2916,0.0268,0.0,0.0,0.2916,0.0,0.0,0.0,0.0268,,,,,,,,,crf_only,bandana,A,,
bleu - blanc - rouge,ADJ,B1,crf_first_attested,0.2916,0.0268,0.0,0.0,0.2916,0.0,0.0,0.0,0.0268,,,,,,,,,crf_only,bleu - blanc - rouge,A,,
casual,X,B1,crf_first_attested,0.2916,0.0268,0.0,0.0,0.2916,0.0,0.0,0.0,0.0268,,,,,,,,,crf_only,casual,X,,
chanélisés,NOUN,B1,crf_first_attested,0.2916,0.0268,0.0,0.0,0.2916,0.0,0.0,0.0,0.0268,,,,,,,,,crf_only,chanélisés,N,,
colifichet,NOUN,B1,crf_first_attested,0.2916,0.0268,0.0,0.0,0.2916,0.0,0.0,0.0,0.0268,,,,,,,,,crf_only,colifichet,N,,
commissaire - priseur,NOUN,B1,crf_first_attested,0.2916,0.0268,0.0,0.0,0.2916,0.0,0.0,0.0,0.0268,,,,,,,,,crf_only,commissaire - priseur,N,,
consulte,NOUN,B1,crf_first_attested,0.2916,0.0268,0.0,0.0,0.2916,0.0,0.0,0.0,0.0268,,,,,,,,,crf_only,consulte,N,,
corolle,NOUN,B1,crf_first_attested,0.2916,0.0268,0.0,0.0,0.2916,0.0,0.0,0.0,0.0268,,,,,,,,,crf_only,corolle,N,,
courser,VERB,B1,crf_first_attested,0.2916,0.0268,0.0,0.0,0.2916,0.0,0.0,0.0,0.0268,,,,,,,,,crf_only,courser,V,,
de bonne heure,ADV,B1,crf_first_attested,0.2916,0.0268,0.0,0.0,0.2916,0.0,0.0,0.0,0.0268,,,,,,,,,crf_only,de bonne heure,ADV,,
de fort près,ADV,B1,crf_first_attested,0.2916,0.0268,0.0,0.0,0.2916,0.0,0.0,0.0,0.0268,,,,,,,,,crf_only,de fort près,ADV,,
de longue date,ADV,B1,crf_first_attested,0.2916,0.0268,0.0,0.0,0.2916,0.0,0.0,0.0,0.0268,,,,,,,,,crf_only,de longue date,ADV,,
dress,X,B1,crf_first_attested,0.2916,0.0268,0.0,0.0,0.2916,0.0,0.0,0.0,0.0268,,,,,,,,,crf_only,dress,X,,
du fait,PREP,B1,crf_first_attested,0.2916,0.0268,0.0,0.0,0.2916,0.0,0.0,0.0,0.0268,,,,,,,,,crf_only,du fait,PREP,,
dépanneur,ADJ,B1,crf_first_attested,0.2916,0.0268,0.0,0.0,0.2916,0.0,0.0,0.0,0.0268,,,,,,,,,crf_only,dépanneur,A,,
en travers de,PREP,B1,crf_first_attested,0.2916,0.0268,0.0,0.0,0.2916,0.0,0.0,0.0,0.0268,,,,,,,,,crf_only,en travers de,PREP,,
en état,ADV,B1,crf_first_attested,0.2916,0.0268,0.0,0.0,0.2916,0.0,0.0,0.0,0.0268,,,,,,,,,crf_only,en état,ADV,,
fendillé,ADJ,B1,crf_first_attested,0.2916,0.0268,0.0,0.0,0.2916,0.0,0.0,0.0,0.0268,,,,,,,,,crf_only,fendillé,A,,
fitness,NOUN,B1,crf_first_attested,0.2916,0.0268,0.0,0.0,0.2916,0.0,0.0,0.0,0.0268,,,,,,,,,crf_only,fitness,N,,
gages,NOUN,B1,crf_first_attested,0.2916,0.0268,0.0,0.0,0.2916,0.0,0.0,0.0,0.0268,,,,,,,,,crf_only,gages,N,,
gallus,PRON,B1,crf_first_attested,0.2916,0.0268,0.0,0.0,0.2916,0.0,0.0,0.0,0.0268,,,,,,,,,crf_only,gallus,PRO,,
gâté,ADJ,B1,crf_first_attested,0.2916,0.0268,0.0,0.0,0.2916,0.0,0.0,0.0,0.0268,,,,,,,,,crf_only,gâté,A,,
ha,NOUN,B1,crf_first_attested,0.2916,0.0268,0.0,0.0,0.2916,0.0,0.0,0.0,0.0268,,,,,,,,,crf_only,ha,N,,
internet,X,B1,crf_first_attested,0.2916,0.0268,0.0,0.0,0.2916,0.0,0.0,0.0,0.0268,,,,,,,,,crf_only,internet,X,,
jusqu' à quand,ADV,B1,crf_first_attested,0.2916,0.0268,0.0,0.0,0.2916,0.0,0.0,0.0,0.0268,,,,,,,,,crf_only,jusqu' à quand,ADV,,
kraft,ADJ,B1,crf_first_attested,0.2916,0.0268,0.0,0.0,0.2916,0.0,0.0,0.0,0.0268,,,,,,,,,crf_only,kraft,A,,
leurs,PRON,B1,crf_first_attested,0.2916,0.0268,0.0,0.0,0.2916,0.0,0.0,0.0,0.0268,,,,,,,,,crf_only,leurs,PRO,,
lilas,ADJ,B1,crf_first_attested,0.2916,0.0268,0.0,0.0,0.2916,0.0,0.0,0.0,0.0268,,,,,,,,,crf_only,lilas,A,,
létat - major,NOUN,B1,crf_first_attested,0.2916,0.0268,0.0,0.0,0.2916,0.0,0.0,0.0,0.0268,,,,,,,,,crf_only,létat - major,N,,
message,ADJ,B1,crf_first_attested,0.2916,0.0268,0.0,0.0,0.2916,0.0,0.0,0.0,0.0268,,,,,,,,,crf_only,message,A,,
milka,X,B1,crf_first_attested,0.2916,0.0268,0.0,0.0,0.2916,0.0,0.0,0.0,0.0268,,,,,,,,,crf_only,milka,X,,
milkacouture,NOUN,B1,crf_first_attested,0.2916,0.0268,0.0,0.0,0.2916,0.0,0.0,0.0,0.0268,,,,,,,,,crf_only,milkacouture,N,,
mini porte,ADV,B1,crf_first_attested,0.2916,0.0268,0.0,0.0,0.2916,0.0,0.0,0.0,0.0268,,,,,,,,,crf_only,mini porte,ADV,,
new,DET,B1,crf_first_attested,0.2916,0.0268,0.0,0.0,0.2916,0.0,0.0,0.0,0.0268,,,,,,,,,crf_only,new,DET,,
plein - emploi,NOUN,B1,crf_first_attested,0.2916,0.0268,0.0,0.0,0.2916,0.0,0.0,0.0,0.0268,,,,,,,,,crf_only,plein - emploi,N,,
plu,NOUN,B1,crf_first_attested,0.2916,0.0268,0.0,0.0,0.2916,0.0,0.0,0.0,0.0268,,,,,,,,,crf_only,plu,N,,
plus gai,ADV,B1,crf_first_attested,0.2916,0.0268,0.0,0.0,0.2916,0.0,0.0,0.0,0.0268,,,,,,,,,crf_only,plus gai,ADV,,
pollueur - payeur,NOUN,B1,crf_first_attested,0.2916,0.0268,0.0,0.0,0.2916,0.0,0.0,0.0,0.0268,,,,,,,,,crf_only,pollueur - payeur,N,,
pré - retraite,NOUN,B1,crf_first_attested,0.2916,0.0268,0.0,0.0,0.2916,0.0,0.0,0.0,0.0268,,,,,,,,,crf_only,pré - retraite,N,,
quasi - déification,NOUN,B1,crf_first_attested,0.2916,0.0268,0.0,0.0,0.2916,0.0,0.0,0.0,0.0268,,,,,,,,,crf_only,quasi - déification,N,,
sénat,NOUN,B1,crf_first_attested,0.2916,0.0268,0.0,0.0,0.2916,0.0,0.0,0.0,0.0268,,,,,,,,,crf_only,sénat,N,,
trentième,ADJ,B1,crf_first_attested,0.2916,0.0268,0.0,0.0,0.2916,0.0,0.0,0.0,0.0268,,,,,,,,,crf_only,trentième,A,,
vache,ADJ,B1,crf_first_attested,0.2916,0.0268,0.0,0.0,0.2916,0.0,0.0,0.0,0.0268,,,,,,,,,crf_only,vache,A,,
verduresse,NOUN,B1,crf_first_attested,0.2916,0.0268,0.0,0.0,0.2916,0.0,0.0,0.0,0.0268,,,,,,,,,crf_only,verduresse,N,,
vingt mille,ADJ,B1,crf_first_attested,0.2916,0.0268,0.0,0.0,0.2916,0.0,0.0,0.0,0.0268,,,,,,,,,crf_only,vingt mille,A,,
voltaire,NOUN,B1,crf_first_attested,0.2916,0.0268,0.0,0.0,0.2916,0.0,0.0,0.0,0.0268,,,,,,,,,crf_only,voltaire,N,,
à l' évidence,ADV,B1,crf_first_attested,0.2916,0.0268,0.0,0.0,0.2916,0.0,0.0,0.0,0.0268,,,,,,,,,crf_only,à l' évidence,ADV,,
à la mort de,PREP,B1,crf_first_attested,0.2916,0.0268,0.0,0.0,0.2916,0.0,0.0,0.0,0.0268,,,,,,,,,crf_only,à la mort de,PREP,,
évasé,ADJ,B1,crf_first_attested,0.2916,0.0268,0.0,0.0,0.2916,0.0,0.0,0.0,0.0268,,,,,,,,,crf_only,évasé,A,,
être,DET,B1,crf_first_attested,0.2916,0.0268,0.0,0.0,0.2916,0.0,0.0,0.0,0.0268,,,,,,,,,crf_only,être,DET,,
sociétal,ADJ,B1,crf_first_attested,0.2791,0.0257,0.0,0.0,0.2791,0.0,0.0,0.0,0.0257,,,,,,,,,crf_only,sociétal,A,,
idiot,NOUN,B1,beacco,0.2723,5.2132,0.5477,7.8542,0.2723,0.2167,0.0,0.0,5.2132,0.5987,11.4054,0.2504,0.3387,0.0,0.0,6.2178,B1,word_pos,idiot,N,idiot,NOM
patiemment,ADV,B1,beacco,0.2723,3.101,0.0,3.401,0.2723,1.6517,3.2084,0.0,3.101,0.0,4.6488,0.7513,1.3018,3.4423,0.0,4.0953,B1,word_pos,patiemment,ADV,patiemment,ADV
faune,NOUN,B1,beacco,0.2719,4.9737,1.7078,4.404,0.2719,0.0,20.5337,0.0,4.9737,1.1764,4.4863,0.37,0.0,20.6179,0.0,5.1555,B1,word_pos,faune,N,faune,NOM
la veille,ADV,B1,crf_first_attested,0.2719,0.6773,0.0,0.0,0.2719,1.3414,0.0,0.0,0.6773,,,,,,,,,crf_only,la veille,ADV,,
o,NOUN,B1,crf_first_attested,0.2719,0.025,0.0,0.0,0.2719,0.0,0.0,0.0,0.025,,,,,,,,,crf_only,o,N,,
ethnique,ADJ,B1,beacco,0.2405,16.2861,0.0,8.5285,0.2405,6.0554,92.2719,0.0,16.2861,0.0,3.7653,0.4665,4.5679,74.5025,0.0,14.0544,B1,word_pos,ethnique,A,ethnique,ADJ
tailleur,NOUN,B1,beacco,0.2405,8.1186,0.0,11.4966,0.2405,40.4751,0.0,0.0,8.1186,0.0,9.258,0.4665,65.6017,0.0,0.0,12.3427,B1,word_pos,tailleur,N,tailleur,NOM
demoiselle,NOUN,B1,beacco,0.2405,6.6592,3.5851,2.0673,0.2405,24.4604,0.0,0.0,6.6592,6.6765,1.0679,0.4665,3.9054,0.0,0.0,4.066,B1,word_pos,demoiselle,N,demoiselle,NOM
option,NOUN,B1,beacco,0.2405,5.4613,0.0,4.458,0.2405,0.7062,32.5926,0.0,5.4613,0.0,4.4863,0.4665,0.0,40.0479,0.0,4.9975,B1,word_pos,option,N,option,NOM
en ce sens,ADV,B1,crf_first_attested,0.2405,4.5074,0.0,0.0,0.2405,4.2374,21.7081,6.176,4.5074,,,,,,,,,crf_only,en ce sens,ADV,,
recueil,NOUN,B1,beacco,0.2405,3.8973,2.4086,0.5168,0.2405,1.5856,26.9096,0.0,3.8973,1.4639,1.0679,0.4665,1.6204,40.1357,0.0,5.896,B1,word_pos,recueil,N,recueil,NOM
comparaison,NOUN,B1,beacco,0.2405,3.6465,0.0,5.4978,0.2405,0.7062,10.2669,9.6228,3.6465,0.0,4.6488,0.4665,1.2705,20.6179,19.328,5.5232,B1,word_pos,comparaison,N,comparaison,NOM
mobylette,NOUN,B1,beacco,0.2405,2.5542,2.01,5.9834,0.2405,0.0,0.0,0.0,2.5542,0.9051,9.2995,0.4665,0.0,0.0,0.0,3.6391,B1,word_pos,mobylette,N,mobylette,NOM
square,NOUN,B1,beacco,0.2405,2.2828,4.4962,2.8799,0.2405,0.0,0.0,0.0,2.2828,1.8928,4.486,0.4665,0.0,0.0,0.0,2.8722,B1,word_pos,square,N,square,NOM
solennel,ADJ,B1,beacco,0.2405,2.0287,0.0,6.4497,0.2405,0.7062,0.0,0.0,2.0287,0.0,4.4228,0.4665,1.2705,0.0,0.0,2.4184,B1,word_pos,solennel,A,solennel,ADJ
en passe de,PREP,B1,crf_first_attested,0.2405,1.3551,0.0,0.0,0.2405,0.0,3.1012,39.0192,1.3551,,,,,,,,,crf_only,en passe de,PREP,,
remarier,VERB,B1,beacco,0.2405,1.2564,0.0,1.4742,0.2405,0.5285,0.0,0.0,1.2564,0.0,3.0556,0.4665,0.8102,0.0,0.0,2.5794,B1,word_pos,remarier,V,remarier,VER
comment,CONJ,B1,crf_first_attested,0.2405,1.0892,0.0,0.0,0.2405,1.5856,6.2023,0.0,1.0892,,,,,,,,,crf_only,comment,CONJS,,
web,NOUN,B1,crf_first_attested,0.2405,0.9847,0.0,0.0,0.2405,3.0277,3.1012,0.0,0.9847,,,,,,,,,crf_only,web,N,,
pour cause de,PREP,B1,crf_first_attested,0.2405,0.5575,0.0,0.0,0.2405,0.0,6.2023,0.0,0.5575,,,,,,,,,crf_only,pour cause de,PREP,,
professionelles,VERB,B1,crf_first_attested,0.2405,0.3387,0.0,0.0,0.2405,0.0,0.0,2.0587,0.3387,,,,,,,,,crf_only,professionelles,V,,
disparu,NOUN,B1,crf_first_attested,0.2405,0.3381,0.0,0.0,0.2405,1.5139,0.0,0.0,0.3381,,,,,,,,,crf_only,disparu,N,,
hors série,ADV,B1,crf_first_attested,0.2405,0.3277,0.0,0.0,0.2405,0.7062,0.0,0.0,0.3277,,,,,,,,,crf_only,hors série,ADV,,
a part,ADV,B1,crf_first_attested,0.2405,0.0221,0.0,0.0,0.2405,0.0,0.0,0.0,0.0221,,,,,,,,,crf_only,a part,ADV,,
abandonné,ADJ,B1,crf_first_attested,0.2405,0.0221,0.0,0.0,0.2405,0.0,0.0,0.0,0.0221,,,,,,,,,crf_only,abandonné,A,,
achétés,VERB,B1,crf_first_attested,0.2405,0.0221,0.0,0.0,0.2405,0.0,0.0,0.0,0.0221,,,,,,,,,crf_only,achétés,V,,
agressif,NOUN,B1,crf_first_attested,0.2405,0.0221,0.0,0.0,0.2405,0.0,0.0,0.0,0.0221,,,,,,,,,crf_only,agressif,N,,
allô,X,B1,crf_first_attested,0.2405,0.0221,0.0,0.0,0.2405,0.0,0.0,0.0,0.0221,,,,,,,,,crf_only,allô,X,,
animateur - médiateur,NOUN,B1,crf_first_attested,0.2405,0.0221,0.0,0.0,0.2405,0.0,0.0,0.0,0.0221,,,,,,,,,crf_only,animateur - médiateur,N,,
aurélien,NOUN,B1,crf_first_attested,0.2405,0.0221,0.0,0.0,0.2405,0.0,0.0,0.0,0.0221,,,,,,,,,crf_only,aurélien,N,,
benoît,ADJ,B1,crf_first_attested,0.2405,0.0221,0.0,0.0,0.2405,0.0,0.0,0.0,0.0221,,,,,,,,,crf_only,benoît,A,,
bobo,X,B1,crf_first_attested,0.2405,0.0221,0.0,0.0,0.2405,0.0,0.0,0.0,0.0221,,,,,,,,,crf_only,bobo,X,,
carné,ADJ,B1,crf_first_attested,0.2405,0.0221,0.0,0.0,0.2405,0.0,0.0,0.0,0.0221,,,,,,,,,crf_only,carné,A,,
chanceux,NOUN,B1,crf_first_attested,0.2405,0.0221,0.0,0.0,0.2405,0.0,0.0,0.0,0.0221,,,,,,,,,crf_only,chanceux,N,,
co - écrit,NOUN,B1,crf_first_attested,0.2405,0.0221,0.0,0.0,0.2405,0.0,0.0,0.0,0.0221,,,,,,,,,crf_only,co - écrit,N,,
conseiller le mieux,VERB,B1,crf_first_attested,0.2405,0.0221,0.0,0.0,0.2405,0.0,0.0,0.0,0.0221,,,,,,,,,crf_only,conseiller le mieux,V,,
coureur,ADJ,B1,crf_first_attested,0.2405,0.0221,0.0,0.0,0.2405,0.0,0.0,0.0,0.0221,,,,,,,,,crf_only,coureur,A,,
cyberconsommateur,NOUN,B1,crf_first_attested,0.2405,0.0221,0.0,0.0,0.2405,0.0,0.0,0.0,0.0221,,,,,,,,,crf_only,cyberconsommateur,N,,
donc affaire,ADV,B1,crf_first_attested,0.2405,0.0221,0.0,0.0,0.2405,0.0,0.0,0.0,0.0221,,,,,,,,,crf_only,donc affaire,ADV,,
double - file,NOUN,B1,crf_first_attested,0.2405,0.0221,0.0,0.0,0.2405,0.0,0.0,0.0,0.0221,,,,,,,,,crf_only,double - file,N,,
essuie - glace,NOUN,B1,crf_first_attested,0.2405,0.0221,0.0,0.0,0.2405,0.0,0.0,0.0,0.0221,,,,,,,,,crf_only,essuie - glace,N,,
fac,ADV,B1,crf_first_attested,0.2405,0.0221,0.0,0.0,0.2405,0.0,0.0,0.0,0.0221,,,,,,,,,crf_only,fac,ADV,,
fane,NOUN,B1,crf_first_attested,0.2405,0.0221,0.0,0.0,0.2405,0.0,0.0,0.0,0.0221,,,,,,,,,crf_only,fane,N,,
frai,NOUN,B1,crf_first_attested,0.2405,0.0221,0.0,0.0,0.2405,0.0,0.0,0.0,0.0221,,,,,,,,,crf_only,frai,N,,
grand - messe,NOUN,B1,crf_first_attested,0.2405,0.0221,0.0,0.0,0.2405,0.0,0.0,0.0,0.0221,,,,,,,,,crf_only,grand - messe,N,,
hier comme aujourd'hui,ADV,B1,crf_first_attested,0.2405,0.0221,0.0,0.0,0.2405,0.0,0.0,0.0,0.0221,,,,,,,,,crf_only,hier comme aujourd'hui,ADV,,
invalid,X,B1,crf_first_attested,0.2405,0.0221,0.0,0.0,0.2405,0.0,0.0,0.0,0.0221,,,,,,,,,crf_only,invalid,X,,
issus,NOUN,B1,crf_first_attested,0.2405,0.0221,0.0,0.0,0.2405,0.0,0.0,0.0,0.0221,,,,,,,,,crf_only,issus,N,,
lapetition,NOUN,B1,crf_first_attested,0.2405,0.0221,0.0,0.0,0.2405,0.0,0.0,0.0,0.0221,,,,,,,,,crf_only,lapetition,N,,
maint,DET,B1,crf_first_attested,0.2405,0.0221,0.0,0.0,0.2405,0.0,0.0,0.0,0.0221,,,,,,,,,crf_only,maint,DET,,
maman,X,B1,crf_first_attested,0.2405,0.0221,0.0,0.0,0.2405,0.0,0.0,0.0,0.0221,,,,,,,,,crf_only,maman,X,,
multiplexes,ADJ,B1,crf_first_attested,0.2405,0.0221,0.0,0.0,0.2405,0.0,0.0,0.0,0.0221,,,,,,,,,crf_only,multiplexes,A,,
mél,NOUN,B1,crf_first_attested,0.2405,0.0221,0.0,0.0,0.2405,0.0,0.0,0.0,0.0221,,,,,,,,,crf_only,mél,N,,
nantais,NOUN,B1,crf_first_attested,0.2405,0.0221,0.0,0.0,0.2405,0.0,0.0,0.0,0.0221,,,,,,,,,crf_only,nantais,N,,
olympe,NOUN,B1,crf_first_attested,0.2405,0.0221,0.0,0.0,0.2405,0.0,0.0,0.0,0.0221,,,,,,,,,crf_only,olympe,N,,
p ' tit con,NOUN,B1,crf_first_attested,0.2405,0.0221,0.0,0.0,0.2405,0.0,0.0,0.0,0.0221,,,,,,,,,crf_only,p ' tit con,N,,
par chat,ADV,B1,crf_first_attested,0.2405,0.0221,0.0,0.0,0.2405,0.0,0.0,0.0,0.0221,,,,,,,,,crf_only,par chat,ADV,,
par ordre de,PREP,B1,crf_first_attested,0.2405,0.0221,0.0,0.0,0.2405,0.0,0.0,0.0,0.0221,,,,,,,,,crf_only,par ordre de,PREP,,
plus que moi,ADV,B1,crf_first_attested,0.2405,0.0221,0.0,0.0,0.2405,0.0,0.0,0.0,0.0221,,,,,,,,,crf_only,plus que moi,ADV,,
porte - document,NOUN,B1,crf_first_attested,0.2405,0.0221,0.0,0.0,0.2405,0.0,0.0,0.0,0.0221,,,,,,,,,crf_only,porte - document,N,,
porte - monnaie,NOUN,B1,crf_first_attested,0.2405,0.0221,0.0,0.0,0.2405,0.0,0.0,0.0,0.0221,,,,,,,,,crf_only,porte - monnaie,N,,
pré - rentrée,NOUN,B1,crf_first_attested,0.2405,0.0221,0.0,0.0,0.2405,0.0,0.0,0.0,0.0221,,,,,,,,,crf_only,pré - rentrée,N,,
présentez,PREP,B1,crf_first_attested,0.2405,0.0221,0.0,0.0,0.2405,0.0,0.0,0.0,0.0221,,,,,,,,,crf_only,présentez,PREP,,
raphael,NOUN,B1,crf_first_attested,0.2405,0.0221,0.0,0.0,0.2405,0.0,0.0,0.0,0.0221,,,,,,,,,crf_only,raphael,N,,
response,X,B1,crf_first_attested,0.2405,0.0221,0.0,0.0,0.2405,0.0,0.0,0.0,0.0221,,,,,,,,,crf_only,response,X,,
rétrospectif,ADJ,B1,crf_first_attested,0.2405,0.0221,0.0,0.0,0.2405,0.0,0.0,0.0,0.0221,,,,,,,,,crf_only,rétrospectif,A,,
scenarii,NOUN,B1,crf_first_attested,0.2405,0.0221,0.0,0.0,0.2405,0.0,0.0,0.0,0.0221,,,,,,,,,crf_only,scenarii,N,,
sous - entendu,ADV,B1,crf_first_attested,0.2405,0.0221,0.0,0.0,0.2405,0.0,0.0,0.0,0.0221,,,,,,,,,crf_only,sous - entendu,ADV,,
suivant,NOUN,B1,crf_first_attested,0.2405,0.0221,0.0,0.0,0.2405,0.0,0.0,0.0,0.0221,,,,,,,,,crf_only,suivant,N,,
sur la place de,PREP,B1,crf_first_attested,0.2405,0.0221,0.0,0.0,0.2405,0.0,0.0,0.0,0.0221,,,,,,,,,crf_only,sur la place de,PREP,,
venant,ADJ,B1,crf_first_attested,0.2405,0.0221,0.0,0.0,0.2405,0.0,0.0,0.0,0.0221,,,,,,,,,crf_only,venant,A,,
à dormir debout,ADV,B1,crf_first_attested,0.2405,0.0221,0.0,0.0,0.2405,0.0,0.0,0.0,0.0221,,,,,,,,,crf_only,à dormir debout,ADV,,
à l' excès,ADV,B1,crf_first_attested,0.2405,0.0221,0.0,0.0,0.2405,0.0,0.0,0.0,0.0221,,,,,,,,,crf_only,à l' excès,ADV,,
à vue de,PREP,B1,crf_first_attested,0.2405,0.0221,0.0,0.0,0.2405,0.0,0.0,0.0,0.0221,,,,,,,,,crf_only,à vue de,PREP,,
émigré,ADJ,B1,crf_first_attested,0.2405,0.0221,0.0,0.0,0.2405,0.0,0.0,0.0,0.0221,,,,,,,,,crf_only,émigré,A,,
étonnant,NOUN,B1,crf_first_attested,0.2405,0.0221,0.0,0.0,0.2405,0.0,0.0,0.0,0.0221,,,,,,,,,crf_only,étonnant,N,,
convertir,VERB,B1,beacco,0.2366,6.449,0.0,19.6852,0.2366,0.0,27.7392,0.0,6.449,0.0,9.9118,0.438,0.0,20.6179,0.0,4.4401,B1,word_pos,convertir,V,convertir,VER
poubelle,NOUN,B1,beacco,0.2366,3.5978,0.0,3.9761,0.2366,15.6705,0.0,0.0,3.5978,0.0,4.7328,0.438,10.1033,0.0,0.0,3.6614,B1,word_pos,poubelle,N,poubelle,NOM
quotidiennement,ADV,B1,beacco,0.2366,3.3612,0.0,0.5054,0.2366,0.0,10.2524,25.9752,3.3612,0.0,1.0275,0.438,0.0,12.4171,12.833,3.2032,B1,word_pos,quotidiennement,ADV,quotidiennement,ADV
intact,ADJ,B1,beacco,0.2366,3.3301,0.0,9.4151,0.2366,3.817,0.0,0.0,3.3301,0.0,3.7272,0.438,6.0629,0.0,0.0,3.0098,B1,word_pos,intact,A,intact,ADJ
serrure,NOUN,B1,beacco,0.2366,2.979,0.0,1.0337,0.2366,9.4106,6.2023,0.0,2.979,0.0,1.0679,0.438,8.2287,6.0005,0.0,3.3711,B1,word_pos,serrure,N,serrure,NOM
capitaux,NOUN,B1,crf_first_attested,0.2366,1.6135,0.0,0.0,0.2366,0.0,27.7392,0.0,1.6135,,,,,,,,,crf_only,capitaux,N,,
stupéfaction,NOUN,B1,beacco,0.2366,1.5865,0.0,2.803,0.2366,0.0,3.2084,0.0,1.5865,0.0,1.2017,0.438,0.0,3.4423,0.0,1.8535,B1,word_pos,stupéfaction,N,stupéfaction,NOM
tantôt,ADV,B1,beacco,0.2366,0.792,0.0,0.0,0.2366,0.0,9.8067,0.0,0.792,0.0,1.4157,6.347,0.0,119.1068,113.5434,13.9152,B1,word_pos,tantôt,ADV,tantôt,ADV
courbé,ADJ,B1,crf_first_attested,0.2366,0.7262,0.0,0.0,0.2366,0.0,9.3035,0.0,0.7262,,,,,,,,,crf_only,courbé,A,,
au sommeil,ADV,B1,crf_first_attested,0.2366,0.4957,0.0,0.0,0.2366,0.0,3.2084,0.0,0.4957,,,,,,,,,crf_only,au sommeil,ADV,,
de fou,ADV,B1,crf_first_attested,0.2366,0.4531,0.0,0.0,0.2366,2.4776,0.0,0.0,0.4531,,,,,,,,,crf_only,de fou,ADV,,
vasculaire,ADJ,B1,crf_first_attested,0.2366,0.3577,0.0,0.0,0.2366,0.0,1.6042,0.0,0.3577,,,,,,,,,crf_only,vasculaire,A,,
à l' inverse de,PREP,B1,crf_first_attested,0.2366,0.3577,0.0,0.0,0.2366,0.0,0.0,2.0587,0.3577,,,,,,,,,crf_only,à l' inverse de,PREP,,
pirogue,NOUN,B1,beacco,0.2366,0.3297,0.0,0.6342,0.2366,0.0,0.0,0.0,0.3297,0.0,8.0862,0.438,0.0,0.0,0.0,2.1893,B1,word_pos,pirogue,N,pirogue,NOM
angers,NOUN,B1,crf_first_attested,0.2366,0.0349,0.0,0.0,0.2366,0.0,0.0,0.0,0.0349,,,,,,,,,crf_only,angers,N,,
au dehors,ADV,B1,crf_first_attested,0.2366,0.0349,0.0,0.0,0.2366,0.0,0.0,0.0,0.0349,,,,,,,,,crf_only,au dehors,ADV,,
au présent,ADV,B1,crf_first_attested,0.2366,0.0349,0.0,0.0,0.2366,0.0,0.0,0.0,0.0349,,,,,,,,,crf_only,au présent,ADV,,
bric - à - brac,NOUN,B1,crf_first_attested,0.2366,0.0349,0.0,0.0,0.2366,0.0,0.0,0.0,0.0349,,,,,,,,,crf_only,bric - à - brac,N,,
brouillé,ADJ,B1,crf_first_attested,0.2366,0.0349,0.0,0.0,0.2366,0.0,0.0,0.0,0.0349,,,,,,,,,crf_only,brouillé,A,,
bénit,ADJ,B1,crf_first_attested,0.2366,0.0349,0.0,0.0,0.2366,0.0,0.0,0.0,0.0349,,,,,,,,,crf_only,bénit,A,,
café - théâtre,NOUN,B1,crf_first_attested,0.2366,0.0349,0.0,0.0,0.2366,0.0,0.0,0.0,0.0349,,,,,,,,,crf_only,café - théâtre,N,,
comorien,ADJ,B1,crf_first_attested,0.2366,0.0349,0.0,0.0,0.2366,0.0,0.0,0.0,0.0349,,,,,,,,,crf_only,comorien,A,,
costume – cravate,NOUN,B1,crf_first_attested,0.2366,0.0349,0.0,0.0,0.2366,0.0,0.0,0.0,0.0349,,,,,,,,,crf_only,costume – cravate,N,,
dans le terrain,ADV,B1,crf_first_attested,0.2366,0.0349,0.0,0.0,0.2366,0.0,0.0,0.0,0.0349,,,,,,,,,crf_only,dans le terrain,ADV,,
de nuit,ADV,B1,crf_first_attested,0.2366,0.0349,0.0,0.0,0.2366,0.0,0.0,0.0,0.0349,,,,,,,,,crf_only,de nuit,ADV,,
demi - arpent,NOUN,B1,crf_first_attested,0.2366,0.0349,0.0,0.0,0.2366,0.0,0.0,0.0,0.0349,,,,,,,,,crf_only,demi - arpent,N,,
diffusant,ADJ,B1,crf_first_attested,0.2366,0.0349,0.0,0.0,0.2366,0.0,0.0,0.0,0.0349,,,,,,,,,crf_only,diffusant,A,,
dort,NOUN,B1,crf_first_attested,0.2366,0.0349,0.0,0.0,0.2366,0.0,0.0,0.0,0.0349,,,,,,,,,crf_only,dort,N,,
en bien,ADV,B1,crf_first_attested,0.2366,0.0349,0.0,0.0,0.2366,0.0,0.0,0.0,0.0349,,,,,,,,,crf_only,en bien,ADV,,
en pointe,ADV,B1,crf_first_attested,0.2366,0.0349,0.0,0.0,0.2366,0.0,0.0,0.0,0.0349,,,,,,,,,crf_only,en pointe,ADV,,
faire fortune,VERB,B1,crf_first_attested,0.2366,0.0349,0.0,0.0,0.2366,0.0,0.0,0.0,0.0349,,,,,,,,,crf_only,faire fortune,V,,
glisser dessus,VERB,B1,crf_first_attested,0.2366,0.0349,0.0,0.0,0.2366,0.0,0.0,0.0,0.0349,,,,,,,,,crf_only,glisser dessus,V,,
jusque au milieu du,PREP,B1,crf_first_attested,0.2366,0.0349,0.0,0.0,0.2366,0.0,0.0,0.0,0.0349,,,,,,,,,crf_only,jusque au milieu du,PREP,,
jusque au suivi du,PREP,B1,crf_first_attested,0.2366,0.0349,0.0,0.0,0.2366,0.0,0.0,0.0,0.0349,,,,,,,,,crf_only,jusque au suivi du,PREP,,
luit,NOUN,B1,crf_first_attested,0.2366,0.0349,0.0,0.0,0.2366,0.0,0.0,0.0,0.0349,,,,,,,,,crf_only,luit,N,,
mandarin,NOUN,B1,crf_first_attested,0.2366,0.0349,0.0,0.0,0.2366,0.0,0.0,0.0,0.0349,,,,,,,,,crf_only,mandarin,N,,
mi - parcours,NOUN,B1,crf_first_attested,0.2366,0.0349,0.0,0.0,0.2366,0.0,0.0,0.0,0.0349,,,,,,,,,crf_only,mi - parcours,N,,
millards,NOUN,B1,crf_first_attested,0.2366,0.0349,0.0,0.0,0.2366,0.0,0.0,0.0,0.0349,,,,,,,,,crf_only,millards,N,,
mondanités,NOUN,B1,crf_first_attested,0.2366,0.0349,0.0,0.0,0.2366,0.0,0.0,0.0,0.0349,,,,,,,,,crf_only,mondanités,N,,
par moins,ADV,B1,crf_first_attested,0.2366,0.0349,0.0,0.0,0.2366,0.0,0.0,0.0,0.0349,,,,,,,,,crf_only,par moins,ADV,,
par trop,ADV,B1,crf_first_attested,0.2366,0.0349,0.0,0.0,0.2366,0.0,0.0,0.0,0.0349,,,,,,,,,crf_only,par trop,ADV,,
pnb,NOUN,B1,crf_first_attested,0.2366,0.0349,0.0,0.0,0.2366,0.0,0.0,0.0,0.0349,,,,,,,,,crf_only,pnb,N,,
pédago - gastronomique,ADJ,B1,crf_first_attested,0.2366,0.0349,0.0,0.0,0.2366,0.0,0.0,0.0,0.0349,,,,,,,,,crf_only,pédago - gastronomique,A,,
pélerins,NOUN,B1,crf_first_attested,0.2366,0.0349,0.0,0.0,0.2366,0.0,0.0,0.0,0.0349,,,,,,,,,crf_only,pélerins,N,,
six mille,DET,B1,crf_first_attested,0.2366,0.0349,0.0,0.0,0.2366,0.0,0.0,0.0,0.0349,,,,,,,,,crf_only,six mille,DET,,
technopôle,NOUN,B1,crf_first_attested,0.2366,0.0349,0.0,0.0,0.2366,0.0,0.0,0.0,0.0349,,,,,,,,,crf_only,technopôle,N,,
testament,NOUN,B1,crf_first_attested,0.2366,0.0349,0.0,0.0,0.2366,0.0,0.0,0.0,0.0349,,,,,,,,,crf_only,testament,N,,
transitoire,NOUN,B1,crf_first_attested,0.2366,0.0349,0.0,0.0,0.2366,0.0,0.0,0.0,0.0349,,,,,,,,,crf_only,transitoire,N,,
ultralibéralisme,NOUN,B1,crf_first_attested,0.2366,0.0349,0.0,0.0,0.2366,0.0,0.0,0.0,0.0349,,,,,,,,,crf_only,ultralibéralisme,N,,
à l' aise,ADV,B1,crf_first_attested,0.2366,0.0349,0.0,0.0,0.2366,0.0,0.0,0.0,0.0349,,,,,,,,,crf_only,à l' aise,ADV,,
à la suite,ADV,B1,crf_first_attested,0.2366,0.0349,0.0,0.0,0.2366,0.0,0.0,0.0,0.0349,,,,,,,,,crf_only,à la suite,ADV,,
bonbon,NOUN,B1,beacco,0.231,8.6529,4.9556,10.4749,0.231,12.1109,0.0,0.0,8.6529,7.3356,8.6841,0.2331,2.2839,0.0,0.0,5.2406,B1,word_pos,bonbon,N,bonbon,NOM
colonel,NOUN,B1,beacco,0.231,2.3239,0.0,7.5877,0.231,0.0,0.0,0.0,2.3239,0.0,10.9338,0.4662,0.0,0.0,0.0,1.8929,B1,word_pos,colonel,N,colonel,NOM
gitanilla,NOUN,B1,crf_first_attested,0.231,0.0213,0.0,0.0,0.231,0.0,0.0,0.0,0.0213,,,,,,,,,crf_only,gitanilla,N,,
ibéro - américain,ADJ,B1,crf_first_attested,0.231,0.0213,0.0,0.0,0.231,0.0,0.0,0.0,0.0213,,,,,,,,,crf_only,ibéro - américain,A,,
semana,X,B1,crf_first_attested,0.231,0.0213,0.0,0.0,0.231,0.0,0.0,0.0,0.0213,,,,,,,,,crf_only,semana,X,,
sevillanas,NOUN,B1,crf_first_attested,0.231,0.0213,0.0,0.0,0.231,0.0,0.0,0.0,0.0213,,,,,,,,,crf_only,sevillanas,N,,
sévillan,NOUN,B1,crf_first_attested,0.231,0.0213,0.0,0.0,0.231,0.0,0.0,0.0,0.0213,,,,,,,,,crf_only,sévillan,N,,
séville,NOUN,B1,crf_first_attested,0.231,0.0213,0.0,0.0,0.231,0.0,0.0,0.0,0.0213,,,,,,,,,crf_only,séville,N,,
trousses,NOUN,B1,crf_first_attested,0.231,0.0213,0.0,0.0,0.231,0.0,0.0,0.0,0.0213,,,,,,,,,crf_only,trousses,N,,
veau,NOUN,B1,beacco,0.2295,2.9513,0.5025,2.3739,0.2295,2.1187,1.6042,0.0,2.9513,0.9051,3.782,0.487,3.8116,3.4423,0.0,5.7307,B1,word_pos,veau,N,veau,NOM
bonhomme,ADJ,B1,beacco,0.2295,2.7526,0.4996,6.196,0.2295,0.6707,0.0,0.0,2.7526,0.9464,4.6921,0.487,1.7933,0.0,0.0,3.5401,B1,unique_word,bonhomme,A,bonhomme,NOM
démolir,VERB,B1,beacco,0.2295,2.2989,0.0,1.792,0.2295,9.6643,0.0,0.0,2.2989,0.0,3.6645,0.487,8.1386,0.0,0.0,3.4926,B1,word_pos,démolir,V,démolir,VER
par - ci,ADV,B1,crf_first_attested,0.2295,1.3404,0.0,0.0,0.2295,0.0,9.3035,9.6228,1.3404,,,,,,,,,crf_only,par - ci,ADV,,
éclairé,ADJ,B1,crf_first_attested,0.2295,0.7534,0.0,0.0,0.2295,4.9879,0.0,0.0,0.7534,,,,,,,,,crf_only,éclairé,A,,
immense,NOUN,B1,crf_first_attested,0.2295,0.3351,0.0,0.0,0.2295,1.5139,0.0,0.0,0.3351,,,,,,,,,crf_only,immense,N,,
debout,ADJ,B1,crf_first_attested,0.2295,0.326,0.0,0.0,0.2295,0.6707,0.0,0.0,0.326,,,,,,,,,crf_only,debout,A,,
à l' autre de,PREP,B1,crf_first_attested,0.2295,0.3127,0.0,0.0,0.2295,0.5285,0.0,0.0,0.3127,,,,,,,,,crf_only,à l' autre de,PREP,,
alpe,NOUN,B1,crf_first_attested,0.2295,0.0211,0.0,0.0,0.2295,0.0,0.0,0.0,0.0211,,,,,,,,,crf_only,alpe,N,,
au - dedans,ADV,B1,crf_first_attested,0.2295,0.0211,0.0,0.0,0.2295,0.0,0.0,0.0,0.0211,,,,,,,,,crf_only,au - dedans,ADV,,
au haut de,PREP,B1,crf_first_attested,0.2295,0.0211,0.0,0.0,0.2295,0.0,0.0,0.0,0.0211,,,,,,,,,crf_only,au haut de,PREP,,
aussitôt que,CONJ,B1,crf_first_attested,0.2295,0.0211,0.0,0.0,0.2295,0.0,0.0,0.0,0.0211,,,,,,,,,crf_only,aussitôt que,CONJS,,
avant à,PREP,B1,crf_first_attested,0.2295,0.0211,0.0,0.0,0.2295,0.0,0.0,0.0,0.0211,,,,,,,,,crf_only,avant à,PREP,,
baisser le leur,VERB,B1,crf_first_attested,0.2295,0.0211,0.0,0.0,0.2295,0.0,0.0,0.0,0.0211,,,,,,,,,crf_only,baisser le leur,V,,
bon à,PREP,B1,crf_first_attested,0.2295,0.0211,0.0,0.0,0.2295,0.0,0.0,0.0,0.0211,,,,,,,,,crf_only,bon à,PREP,,
bœufs,NOUN,B1,crf_first_attested,0.2295,0.0211,0.0,0.0,0.2295,0.0,0.0,0.0,0.0211,,,,,,,,,crf_only,bœufs,N,,
coup sur coup,ADV,B1,crf_first_attested,0.2295,0.0211,0.0,0.0,0.2295,0.0,0.0,0.0,0.0211,,,,,,,,,crf_only,coup sur coup,ADV,,
dehors il fait,ADV,B1,crf_first_attested,0.2295,0.0211,0.0,0.0,0.2295,0.0,0.0,0.0,0.0211,,,,,,,,,crf_only,dehors il fait,ADV,,
dessous,ADV,B1,beacco,0.2295,0.0211,0.0,0.0,0.2295,0.0,0.0,0.0,0.0211,0.0,8.5049,17.0357,18.1992,6.0005,19.328,13.3223,B1,word_pos,dessous,ADV,dessous,ADV
en parlant de,PREP,B1,crf_first_attested,0.2295,0.0211,0.0,0.0,0.2295,0.0,0.0,0.0,0.0211,,,,,,,,,crf_only,en parlant de,PREP,,
en vrai,ADV,B1,crf_first_attested,0.2295,0.0211,0.0,0.0,0.2295,0.0,0.0,0.0,0.0211,,,,,,,,,crf_only,en vrai,ADV,,
frapper au coeur,VERB,B1,crf_first_attested,0.2295,0.0211,0.0,0.0,0.2295,0.0,0.0,0.0,0.0211,,,,,,,,,crf_only,frapper au coeur,V,,
gai,ADV,B1,crf_first_attested,0.2295,0.0211,0.0,0.0,0.2295,0.0,0.0,0.0,0.0211,,,,,,,,,crf_only,gai,ADV,,
hauchecorne,ADJ,B1,crf_first_attested,0.2295,0.0211,0.0,0.0,0.2295,0.0,0.0,0.0,0.0211,,,,,,,,,crf_only,hauchecorne,A,,
jusqu' aux os,ADV,B1,crf_first_attested,0.2295,0.0211,0.0,0.0,0.2295,0.0,0.0,0.0,0.0211,,,,,,,,,crf_only,jusqu' aux os,ADV,,
jusque au bout de,PREP,B1,crf_first_attested,0.2295,0.0211,0.0,0.0,0.2295,0.0,0.0,0.0,0.0211,,,,,,,,,crf_only,jusque au bout de,PREP,,
jusque au pied du,PREP,B1,crf_first_attested,0.2295,0.0211,0.0,0.0,0.2295,0.0,0.0,0.0,0.0211,,,,,,,,,crf_only,jusque au pied du,PREP,,
lapin9,NOUN,B1,crf_first_attested,0.2295,0.0211,0.0,0.0,0.2295,0.0,0.0,0.0,0.0211,,,,,,,,,crf_only,lapin9,N,,
par - là,ADV,B1,crf_first_attested,0.2295,0.0211,0.0,0.0,0.2295,0.0,0.0,0.0,0.0211,,,,,,,,,crf_only,par - là,ADV,,
sec,NOUN,B1,crf_first_attested,0.2295,0.0211,0.0,0.0,0.2295,0.0,0.0,0.0,0.0211,,,,,,,,,crf_only,sec,N,,
sembler long,VERB,B1,crf_first_attested,0.2295,0.0211,0.0,0.0,0.2295,0.0,0.0,0.0,0.0211,,,,,,,,,crf_only,sembler long,V,,
toujours le même,ADV,B1,crf_first_attested,0.2295,0.0211,0.0,0.0,0.2295,0.0,0.0,0.0,0.0211,,,,,,,,,crf_only,toujours le même,ADV,,
à peine marcher,ADV,B1,crf_first_attested,0.2295,0.0211,0.0,0.0,0.2295,0.0,0.0,0.0,0.0211,,,,,,,,,crf_only,à peine marcher,ADV,,
perfectionner,VERB,B1,beacco,0.2093,2.7559,0.0,9.8624,0.2093,0.0,0.0,0.0,2.7559,0.0,12.2483,0.1219,0.0,0.0,0.0,2.732,B1,word_pos,perfectionner,V,perfectionner,VER
découvert,NOUN,B1,crf_first_attested,0.2093,0.0193,0.0,0.0,0.2093,0.0,0.0,0.0,0.0193,,,,,,,,,crf_only,découvert,N,,
prédéfinir,VERB,B1,crf_first_attested,0.2093,0.0193,0.0,0.0,0.2093,0.0,0.0,0.0,0.0193,,,,,,,,,crf_only,prédéfinir,V,,
prépa,ADJ,B1,crf_first_attested,0.2093,0.0193,0.0,0.0,0.2093,0.0,0.0,0.0,0.0193,,,,,,,,,crf_only,prépa,A,,
à tout juste,ADV,B1,crf_first_attested,0.2093,0.0193,0.0,0.0,0.2093,0.0,0.0,0.0,0.0193,,,,,,,,,crf_only,à tout juste,ADV,,
masse,NOUN,B1,beacco,0.2076,17.5242,0.0,4.4054,0.2076,8.1945,139.8192,71.4317,17.5242,0.0,8.2113,0.3906,14.0086,133.8641,38.4989,18.6552,B1,word_pos,masse,N,masse,NOM
lenteur,NOUN,B1,beacco,0.2076,6.61,0.0,4.8012,0.2076,0.0,67.7967,0.0,6.61,0.0,4.7328,0.3906,0.0,58.4378,0.0,6.7513,B1,word_pos,lenteur,N,lenteur,NOM
élégance,NOUN,B1,beacco,0.2076,6.1861,0.7967,4.4566,0.2076,0.0,28.0139,6.176,6.1861,0.8346,2.4033,0.3906,0.0,20.024,4.0185,5.7502,B1,word_pos,élégance,N,élégance,NOM
programmer,VERB,B1,beacco,0.2076,4.2166,0.4996,3.7631,0.2076,0.0,24.3636,9.6228,4.2166,0.9464,4.0872,0.3906,0.0,27.9938,19.328,5.7697,B1,word_pos,programmer,V,programmer,VER
éternité,NOUN,B1,beacco,0.2076,2.6762,0.0,0.6351,0.2076,0.0,12.8336,0.0,2.6762,0.0,0.8313,0.3906,0.0,6.8846,0.0,2.1577,B1,word_pos,éternité,N,éternité,NOM
caillou,NOUN,B1,beacco,0.2076,2.3345,0.0,2.3587,0.2076,0.0,15.5058,0.0,2.3345,0.0,2.4445,0.3906,0.0,6.0005,0.0,1.8463,B1,word_pos,caillou,N,caillou,NOM
jardinier,ADJ,B1,beacco,0.2076,2.131,0.6317,6.444,0.2076,0.0,0.0,0.0,2.131,1.2583,7.2513,0.0,0.0,0.0,0.0,2.3277,B1,word_pos,jardinier,A,jardinier,ADJ
aspirateur,NOUN,B1,beacco,0.2076,2.0788,0.0,6.9287,0.2076,0.0,1.6042,0.0,2.0788,0.0,8.0732,0.3906,0.0,3.4423,0.0,3.3141,B1,word_pos,aspirateur,N,aspirateur,NOM
aérer,VERB,B1,beacco,0.2076,1.9445,0.0,2.9674,0.2076,0.5285,3.2084,0.0,1.9445,0.0,3.3535,0.3906,0.8102,6.8846,0.0,3.1876,B1,word_pos,aérer,V,aérer,VER
déménagement,NOUN,B1,beacco,0.2076,1.4186,0.5304,1.0395,0.2076,0.0,0.0,0.0,1.4186,0.4856,1.0425,0.3906,0.0,0.0,0.0,1.7746,B1,word_pos,déménagement,N,déménagement,NOM
celte,ADJ,B1,beacco,0.2076,1.3919,0.0,6.3967,0.2076,0.0,0.0,0.0,1.3919,0.0,8.4064,0.3906,0.0,0.0,0.0,1.8697,B1,word_pos,celte,A,celte,ADJ
légion,NOUN,B1,beacco,0.2076,1.2937,0.0,2.803,0.2076,0.0,1.6042,0.0,1.2937,0.0,1.2017,0.3906,0.0,3.4423,0.0,1.9215,B1,word_pos,légion,N,légion,NOM
malicieux,NOUN,B1,crf_first_attested,0.2076,1.0999,0.0,0.0,0.2076,0.0,15.5058,0.0,1.0999,,,,,,,,,crf_only,malicieux,N,,
pourvu que,CONJ,B1,crf_first_attested,0.2076,1.03,0.0,0.0,0.2076,3.0277,0.0,9.6228,1.03,,,,,,,,,crf_only,pourvu que,CONJS,,
foncier,ADJ,B1,beacco,0.2076,0.9598,0.0,0.9626,0.2076,0.0,2.0505,0.0,0.9598,0.0,1.2456,0.3906,0.0,4.139,0.0,1.8675,B1,word_pos,foncier,A,foncier,ADJ
depuis peu,ADV,B1,crf_first_attested,0.2076,0.7527,0.0,0.0,0.2076,1.5139,2.0505,0.0,0.7527,,,,,,,,,crf_only,depuis peu,ADV,,
eurodéputé,NOUN,B1,crf_first_attested,0.2076,0.6864,0.0,0.0,0.2076,0.0,6.1515,0.0,0.6864,,,,,,,,,crf_only,eurodéputé,N,,
confiné,ADJ,B1,crf_first_attested,0.2076,0.5487,0.0,0.0,0.2076,0.0,6.2023,0.0,0.5487,,,,,,,,,crf_only,confiné,A,,
dires,NOUN,B1,crf_first_attested,0.2076,0.3966,0.0,0.0,0.2076,1.0571,0.0,0.0,0.3966,,,,,,,,,crf_only,dires,N,,
phare,ADJ,B1,crf_first_attested,0.2076,0.3343,0.0,0.0,0.2076,0.0,0.0,9.6228,0.3343,,,,,,,,,crf_only,phare,A,,
il est vrai que,CONJ,B1,crf_first_attested,0.2076,0.3338,0.0,0.0,0.2076,0.8949,0.0,0.0,0.3338,,,,,,,,,crf_only,il est vrai que,CONJS,,
classé,ADJ,B1,crf_first_attested,0.2076,0.3289,0.0,0.0,0.2076,0.7062,0.0,0.0,0.3289,,,,,,,,,crf_only,classé,A,,
aller le long,VERB,B1,crf_first_attested,0.2076,0.3272,0.0,0.0,0.2076,0.6707,0.0,0.0,0.3272,,,,,,,,,crf_only,aller le long,V,,
roseraie,NOUN,B1,crf_first_attested,0.2076,0.3121,0.0,0.0,0.2076,0.0,3.1012,0.0,0.3121,,,,,,,,,crf_only,roseraie,N,,
aller soudain,VERB,B1,crf_first_attested,0.2076,0.0191,0.0,0.0,0.2076,0.0,0.0,0.0,0.0191,,,,,,,,,crf_only,aller soudain,V,,
amone,NOUN,B1,crf_first_attested,0.2076,0.0191,0.0,0.0,0.2076,0.0,0.0,0.0,0.0191,,,,,,,,,crf_only,amone,N,,
annoncaient,VERB,B1,crf_first_attested,0.2076,0.0191,0.0,0.0,0.2076,0.0,0.0,0.0,0.0191,,,,,,,,,crf_only,annoncaient,V,,
arverne,ADJ,B1,crf_first_attested,0.2076,0.0191,0.0,0.0,0.2076,0.0,0.0,0.0,0.0191,,,,,,,,,crf_only,arverne,A,,
au parché,ADV,B1,crf_first_attested,0.2076,0.0191,0.0,0.0,0.2076,0.0,0.0,0.0,0.0191,,,,,,,,,crf_only,au parché,ADV,,
autodéfinie,NOUN,B1,crf_first_attested,0.2076,0.0191,0.0,0.0,0.2076,0.0,0.0,0.0,0.0191,,,,,,,,,crf_only,autodéfinie,N,,
brûler la main,VERB,B1,crf_first_attested,0.2076,0.0191,0.0,0.0,0.2076,0.0,0.0,0.0,0.0191,,,,,,,,,crf_only,brûler la main,V,,
chébran,NOUN,B1,crf_first_attested,0.2076,0.0191,0.0,0.0,0.2076,0.0,0.0,0.0,0.0191,,,,,,,,,crf_only,chébran,N,,
condoléances,NOUN,B1,crf_first_attested,0.2076,0.0191,0.0,0.0,0.2076,0.0,0.0,0.0,0.0191,,,,,,,,,crf_only,condoléances,N,,
constituion,NOUN,B1,crf_first_attested,0.2076,0.0191,0.0,0.0,0.2076,0.0,0.0,0.0,0.0191,,,,,,,,,crf_only,constituion,N,,
d' ici là,ADV,B1,crf_first_attested,0.2076,0.0191,0.0,0.0,0.2076,0.0,0.0,0.0,0.0191,,,,,,,,,crf_only,d' ici là,ADV,,
dieu,VERB,B1,crf_first_attested,0.2076,0.0191,0.0,0.0,0.2076,0.0,0.0,0.0,0.0191,,,,,,,,,crf_only,dieu,V,,
dispersé,ADJ,B1,crf_first_attested,0.2076,0.0191,0.0,0.0,0.2076,0.0,0.0,0.0,0.0191,,,,,,,,,crf_only,dispersé,A,,
divorcé,NOUN,B1,crf_first_attested,0.2076,0.0191,0.0,0.0,0.2076,0.0,0.0,0.0,0.0191,,,,,,,,,crf_only,divorcé,N,,
délivre,NOUN,B1,crf_first_attested,0.2076,0.0191,0.0,0.0,0.2076,0.0,0.0,0.0,0.0191,,,,,,,,,crf_only,délivre,N,,
en fait de,PREP,B1,crf_first_attested,0.2076,0.0191,0.0,0.0,0.2076,0.0,0.0,0.0,0.0191,,,,,,,,,crf_only,en fait de,PREP,,
fabrice,NOUN,B1,crf_first_attested,0.2076,0.0191,0.0,0.0,0.2076,0.0,0.0,0.0,0.0191,,,,,,,,,crf_only,fabrice,N,,
feume,ADJ,B1,crf_first_attested,0.2076,0.0191,0.0,0.0,0.2076,0.0,0.0,0.0,0.0191,,,,,,,,,crf_only,feume,A,,
foire - exposition,NOUN,B1,crf_first_attested,0.2076,0.0191,0.0,0.0,0.2076,0.0,0.0,0.0,0.0191,,,,,,,,,crf_only,foire - exposition,N,,
fân,ADJ,B1,crf_first_attested,0.2076,0.0191,0.0,0.0,0.2076,0.0,0.0,0.0,0.0191,,,,,,,,,crf_only,fân,A,,
hier midi,ADV,B1,crf_first_attested,0.2076,0.0191,0.0,0.0,0.2076,0.0,0.0,0.0,0.0191,,,,,,,,,crf_only,hier midi,ADV,,
hyper - aisé,ADJ,B1,crf_first_attested,0.2076,0.0191,0.0,0.0,0.2076,0.0,0.0,0.0,0.0191,,,,,,,,,crf_only,hyper - aisé,A,,
in situ,ADV,B1,crf_first_attested,0.2076,0.0191,0.0,0.0,0.2076,0.0,0.0,0.0,0.0191,,,,,,,,,crf_only,in situ,ADV,,
indo -,NOUN,B1,crf_first_attested,0.2076,0.0191,0.0,0.0,0.2076,0.0,0.0,0.0,0.0191,,,,,,,,,crf_only,indo -,N,,
jacuzzi,NOUN,B1,crf_first_attested,0.2076,0.0191,0.0,0.0,0.2076,0.0,0.0,0.0,0.0191,,,,,,,,,crf_only,jacuzzi,N,,
keum,ADJ,B1,crf_first_attested,0.2076,0.0191,0.0,0.0,0.2076,0.0,0.0,0.0,0.0191,,,,,,,,,crf_only,keum,A,,
keumé,NOUN,B1,crf_first_attested,0.2076,0.0191,0.0,0.0,0.2076,0.0,0.0,0.0,0.0191,,,,,,,,,crf_only,keumé,N,,
le plus de plaisir,ADV,B1,crf_first_attested,0.2076,0.0191,0.0,0.0,0.2076,0.0,0.0,0.0,0.0191,,,,,,,,,crf_only,le plus de plaisir,ADV,,
lertes,NOUN,B1,crf_first_attested,0.2076,0.0191,0.0,0.0,0.2076,0.0,0.0,0.0,0.0191,,,,,,,,,crf_only,lertes,N,,
meuf,ADJ,B1,crf_first_attested,0.2076,0.0191,0.0,0.0,0.2076,0.0,0.0,0.0,0.0191,,,,,,,,,crf_only,meuf,A,,
nuitdesetoiles,NOUN,B1,crf_first_attested,0.2076,0.0191,0.0,0.0,0.2076,0.0,0.0,0.0,0.0191,,,,,,,,,crf_only,nuitdesetoiles,N,,
passe - droit,NOUN,B1,crf_first_attested,0.2076,0.0191,0.0,0.0,0.2076,0.0,0.0,0.0,0.0191,,,,,,,,,crf_only,passe - droit,N,,
platon,NOUN,B1,crf_first_attested,0.2076,0.0191,0.0,0.0,0.2076,0.0,0.0,0.0,0.0191,,,,,,,,,crf_only,platon,N,,
relocalisation,NOUN,B1,crf_first_attested,0.2076,0.0191,0.0,0.0,0.2076,0.0,0.0,0.0,0.0191,,,,,,,,,crf_only,relocalisation,N,,
reverlaniser,VERB,B1,crf_first_attested,0.2076,0.0191,0.0,0.0,0.2076,0.0,0.0,0.0,0.0191,,,,,,,,,crf_only,reverlaniser,V,,
rimer,VERB,B1,crf_first_attested,0.2076,0.0191,0.0,0.0,0.2076,0.0,0.0,0.0,0.0191,,,,,,,,,crf_only,rimer,V,,
scandeleux,ADJ,B1,crf_first_attested,0.2076,0.0191,0.0,0.0,0.2076,0.0,0.0,0.0,0.0191,,,,,,,,,crf_only,scandeleux,A,,
squatteuse,NOUN,B1,crf_first_attested,0.2076,0.0191,0.0,0.0,0.2076,0.0,0.0,0.0,0.0191,,,,,,,,,crf_only,squatteuse,N,,
super - réveillon,NOUN,B1,crf_first_attested,0.2076,0.0191,0.0,0.0,0.2076,0.0,0.0,0.0,0.0191,,,,,,,,,crf_only,super - réveillon,N,,
taxtes,NOUN,B1,crf_first_attested,0.2076,0.0191,0.0,0.0,0.2076,0.0,0.0,0.0,0.0191,,,,,,,,,crf_only,taxtes,N,,
tenacité,NOUN,B1,crf_first_attested,0.2076,0.0191,0.0,0.0,0.2076,0.0,0.0,0.0,0.0191,,,,,,,,,crf_only,tenacité,N,,
trithérapie,NOUN,B1,crf_first_attested,0.2076,0.0191,0.0,0.0,0.2076,0.0,0.0,0.0,0.0191,,,,,,,,,crf_only,trithérapie,N,,
téléchirurgie,NOUN,B1,crf_first_attested,0.2076,0.0191,0.0,0.0,0.2076,0.0,0.0,0.0,0.0191,,,,,,,,,crf_only,téléchirurgie,N,,
variable,NOUN,B1,crf_first_attested,0.2076,0.0191,0.0,0.0,0.2076,0.0,0.0,0.0,0.0191,,,,,,,,,crf_only,variable,N,,
à l' aube de,PREP,B1,crf_first_attested,0.2076,0.0191,0.0,0.0,0.2076,0.0,0.0,0.0,0.0191,,,,,,,,,crf_only,à l' aube de,PREP,,
à la limite de,PREP,B1,crf_first_attested,0.2076,0.0191,0.0,0.0,0.2076,0.0,0.0,0.0,0.0191,,,,,,,,,crf_only,à la limite de,PREP,,
écosceptique,NOUN,B1,crf_first_attested,0.2076,0.0191,0.0,0.0,0.2076,0.0,0.0,0.0,0.0191,,,,,,,,,crf_only,écosceptique,N,,
loyal,ADJ,B1,beacco,0.2041,9.3871,1.5934,29.8479,0.2041,1.6517,4.101,0.0,9.3871,0.8346,15.169,0.4317,1.3018,4.139,0.0,5.8795,B1,word_pos,loyal,A,loyal,ADJ
époux,NOUN,B1,beacco,0.2041,5.6039,0.4996,5.0984,0.2041,6.0554,13.3747,0.0,5.6039,0.9464,4.7328,0.4317,2.2839,19.861,0.0,5.9621,B1,word_pos,époux,N,époux,NOM
noble,NOUN,B1,beacco,0.2041,5.1327,0.0,26.442,0.2041,0.5285,0.0,0.0,5.1327,0.0,47.3122,0.4317,0.8102,0.0,0.0,9.361,B1,word_pos,noble,N,noble,NOM
en l' absence de,PREP,B1,crf_first_attested,0.2041,4.1373,0.0,0.0,0.2041,6.0554,41.0675,0.0,4.1373,,,,,,,,,crf_only,en l' absence de,PREP,,
chandelier,NOUN,B1,beacco,0.2041,3.6259,1.1385,4.1347,0.2041,1.6517,0.0,0.0,3.6259,1.1764,6.4077,0.4317,1.3018,0.0,0.0,4.9363,B1,word_pos,chandelier,N,chandelier,NOM
illégal,ADJ,B1,beacco,0.2041,3.5793,0.0,4.1991,0.2041,2.3018,3.2084,0.0,3.5793,0.0,4.2499,0.4317,0.911,3.4423,0.0,3.2458,B1,word_pos,illégal,A,illégal,ADJ
exil,NOUN,B1,beacco,0.2041,3.4879,0.0,0.5168,0.2041,6.0554,6.2023,19.2455,3.4879,0.0,1.0679,3.5058,2.2839,6.0005,38.656,5.2755,B1,word_pos,exil,N,exil,NOM
à la recherche de,PREP,B1,crf_first_attested,0.2041,3.0618,0.0,0.0,0.2041,7.0465,18.6069,0.0,3.0618,,,,,,,,,crf_only,à la recherche de,PREP,,
énigmatique,ADJ,B1,beacco,0.2041,1.5448,0.0,2.3535,0.2041,1.6517,0.0,0.0,1.5448,0.0,4.1482,0.4317,1.3018,0.0,0.0,2.3025,B1,word_pos,énigmatique,A,énigmatique,ADJ
féminin,NOUN,B1,crf_first_attested,0.2041,1.374,0.0,0.0,0.2041,1.5139,1.6042,12.9876,1.374,,,,,,,,,crf_only,féminin,N,,
avoir tendance,VERB,B1,crf_first_attested,0.2041,1.008,0.0,0.0,0.2041,3.0277,2.0505,0.0,1.008,,,,,,,,,crf_only,avoir tendance,V,,
mirer,VERB,B1,crf_first_attested,0.2041,0.7511,0.0,0.0,0.2041,4.9476,0.0,0.0,0.7511,,,,,,,,,crf_only,mirer,V,,
altéré,ADJ,B1,crf_first_attested,0.2041,0.0188,0.0,0.0,0.2041,0.0,0.0,0.0,0.0188,,,,,,,,,crf_only,altéré,A,,
anne,NOUN,B1,crf_first_attested,0.2041,0.0188,0.0,0.0,0.2041,0.0,0.0,0.0,0.0188,,,,,,,,,crf_only,anne,N,,
armentières,NOUN,B1,crf_first_attested,0.2041,0.0188,0.0,0.0,0.2041,0.0,0.0,0.0,0.0188,,,,,,,,,crf_only,armentières,N,,
attendre le long,VERB,B1,crf_first_attested,0.2041,0.0188,0.0,0.0,0.2041,0.0,0.0,0.0,0.0188,,,,,,,,,crf_only,attendre le long,V,,
au bal,ADV,B1,crf_first_attested,0.2041,0.0188,0.0,0.0,0.2041,0.0,0.0,0.0,0.0188,,,,,,,,,crf_only,au bal,ADV,,
ayez,PREP,B1,crf_first_attested,0.2041,0.0188,0.0,0.0,0.2041,0.0,0.0,0.0,0.0188,,,,,,,,,crf_only,ayez,PREP,,
cavalier vous offense,NOUN,B1,crf_first_attested,0.2041,0.0188,0.0,0.0,0.2041,0.0,0.0,0.0,0.0188,,,,,,,,,crf_only,cavalier vous offense,N,,
ciselés,ADJ,B1,crf_first_attested,0.2041,0.0188,0.0,0.0,0.2041,0.0,0.0,0.0,0.0188,,,,,,,,,crf_only,ciselés,A,,
condottiero,NOUN,B1,crf_first_attested,0.2041,0.0188,0.0,0.0,0.2041,0.0,0.0,0.0,0.0188,,,,,,,,,crf_only,condottiero,N,,
demi - mort,NOUN,B1,crf_first_attested,0.2041,0.0188,0.0,0.0,0.2041,0.0,0.0,0.0,0.0188,,,,,,,,,crf_only,demi - mort,N,,
diable votre latin,ADJ,B1,crf_first_attested,0.2041,0.0188,0.0,0.0,0.2041,0.0,0.0,0.0,0.0188,,,,,,,,,crf_only,diable votre latin,A,,
donc venir,ADV,B1,crf_first_attested,0.2041,0.0188,0.0,0.0,0.2041,0.0,0.0,0.0,0.0188,,,,,,,,,crf_only,donc venir,ADV,,
en gage de,PREP,B1,crf_first_attested,0.2041,0.0188,0.0,0.0,0.2041,0.0,0.0,0.0,0.0188,,,,,,,,,crf_only,en gage de,PREP,,
entraîner le long,VERB,B1,crf_first_attested,0.2041,0.0188,0.0,0.0,0.2041,0.0,0.0,0.0,0.0188,,,,,,,,,crf_only,entraîner le long,V,,
faire obstacle,VERB,B1,crf_first_attested,0.2041,0.0188,0.0,0.0,0.2041,0.0,0.0,0.0,0.0188,,,,,,,,,crf_only,faire obstacle,V,,
garni,NOUN,B1,crf_first_attested,0.2041,0.0188,0.0,0.0,0.2041,0.0,0.0,0.0,0.0188,,,,,,,,,crf_only,garni,N,,
huguenot,NOUN,B1,crf_first_attested,0.2041,0.0188,0.0,0.0,0.2041,0.0,0.0,0.0,0.0188,,,,,,,,,crf_only,huguenot,N,,
itas,X,B1,crf_first_attested,0.2041,0.0188,0.0,0.0,0.2041,0.0,0.0,0.0,0.0188,,,,,,,,,crf_only,itas,X,,
jurez que,CONJ,B1,crf_first_attested,0.2041,0.0188,0.0,0.0,0.2041,0.0,0.0,0.0,0.0188,,,,,,,,,crf_only,jurez que,CONJS,,
juré,ADJ,B1,crf_first_attested,0.2041,0.0188,0.0,0.0,0.2041,0.0,0.0,0.0,0.0188,,,,,,,,,crf_only,juré,A,,
laissé,NOUN,B1,crf_first_attested,0.2041,0.0188,0.0,0.0,0.2041,0.0,0.0,0.0,0.0188,,,,,,,,,crf_only,laissé,N,,
ler,VERB,B1,crf_first_attested,0.2041,0.0188,0.0,0.0,0.2041,0.0,0.0,0.0,0.0188,,,,,,,,,crf_only,ler,V,,
lieutenant,VERB,B1,crf_first_attested,0.2041,0.0188,0.0,0.0,0.2041,0.0,0.0,0.0,0.0188,,,,,,,,,crf_only,lieutenant,V,,
maure,ADJ,B1,crf_first_attested,0.2041,0.0188,0.0,0.0,0.2041,0.0,0.0,0.0,0.0188,,,,,,,,,crf_only,maure,A,,
moustache,NOUN,B1,beacco,0.2041,0.0188,0.0,0.0,0.2041,0.0,0.0,0.0,0.0188,0.0,4.7369,0.8634,0.0,0.0,0.0,1.941,B1,word_pos,moustache,N,moustache,NOM
napolitain,NOUN,B1,crf_first_attested,0.2041,0.0188,0.0,0.0,0.2041,0.0,0.0,0.0,0.0188,,,,,,,,,crf_only,napolitain,N,,
oh que,CONJ,B1,crf_first_attested,0.2041,0.0188,0.0,0.0,0.2041,0.0,0.0,0.0,0.0188,,,,,,,,,crf_only,oh que,CONJS,,
quatorze,PRON,B1,crf_first_attested,0.2041,0.0188,0.0,0.0,0.2041,0.0,0.0,0.0,0.0188,,,,,,,,,crf_only,quatorze,PRO,,
rochelais,NOUN,B1,crf_first_attested,0.2041,0.0188,0.0,0.0,0.2041,0.0,0.0,0.0,0.0188,,,,,,,,,crf_only,rochelais,N,,
réuni,ADJ,B1,crf_first_attested,0.2041,0.0188,0.0,0.0,0.2041,0.0,0.0,0.0,0.0188,,,,,,,,,crf_only,réuni,A,,
sans merci,ADV,B1,crf_first_attested,0.2041,0.0188,0.0,0.0,0.2041,0.0,0.0,0.0,0.0188,,,,,,,,,crf_only,sans merci,ADV,,
survivant,ADJ,B1,crf_first_attested,0.2041,0.0188,0.0,0.0,0.2041,0.0,0.0,0.0,0.0188,,,,,,,,,crf_only,survivant,A,,
tourmenté,ADJ,B1,crf_first_attested,0.2041,0.0188,0.0,0.0,0.2041,0.0,0.0,0.0,0.0188,,,,,,,,,crf_only,tourmenté,A,,
trois cent mille,DET,B1,crf_first_attested,0.2041,0.0188,0.0,0.0,0.2041,0.0,0.0,0.0,0.0188,,,,,,,,,crf_only,trois cent mille,DET,,
van,X,B1,crf_first_attested,0.2041,0.0188,0.0,0.0,0.2041,0.0,0.0,0.0,0.0188,,,,,,,,,crf_only,van,X,,
vanitatum,X,B1,crf_first_attested,0.2041,0.0188,0.0,0.0,0.2041,0.0,0.0,0.0,0.0188,,,,,,,,,crf_only,vanitatum,X,,
à travers de,PREP,B1,crf_first_attested,0.2041,0.0188,0.0,0.0,0.2041,0.0,0.0,0.0,0.0188,,,,,,,,,crf_only,à travers de,PREP,,
mineur,ADJ,B1,beacco,0.1883,8.7823,0.5025,6.4162,0.1883,10.597,10.2524,19.2455,8.7823,0.9051,4.2499,31.707,2.2839,8.2781,19.328,18.5185,B1,word_pos,mineur,A,mineur,ADJ
roche,NOUN,B1,beacco,0.1883,4.0392,1.1385,2.2155,0.1883,0.0,6.4168,6.176,4.0392,0.0,4.4213,0.3933,0.0,6.8846,4.0185,3.6721,B1,word_pos,roche,N,roche,NOM
bruyant,ADJ,B1,beacco,0.1883,2.7783,4.5578,1.2634,0.1883,0.0,3.1012,0.0,2.7783,7.0517,1.0275,0.3933,0.0,6.0005,0.0,3.756,B1,word_pos,bruyant,A,bruyant,ADJ
silencieusement,ADV,B1,beacco,0.1883,1.4444,0.0,3.3151,0.1883,0.8949,0.0,0.0,1.4444,0.0,4.43,0.3933,1.8983,0.0,0.0,2.3895,B1,word_pos,silencieusement,ADV,silencieusement,ADV
au sortir de,PREP,B1,crf_first_attested,0.1883,0.3282,0.0,0.0,0.1883,0.0,0.0,6.4938,0.3282,,,,,,,,,crf_only,au sortir de,PREP,,
atmosphèrel,NOUN,B1,crf_first_attested,0.1883,0.0173,0.0,0.0,0.1883,0.0,0.0,0.0,0.0173,,,,,,,,,crf_only,atmosphèrel,N,,
cotisations7,NOUN,B1,crf_first_attested,0.1883,0.0173,0.0,0.0,0.1883,0.0,0.0,0.0,0.0173,,,,,,,,,crf_only,cotisations7,N,,
cécile,NOUN,B1,crf_first_attested,0.1883,0.0173,0.0,0.0,0.1883,0.0,0.0,0.0,0.0173,,,,,,,,,crf_only,cécile,N,,
en lui toute,ADV,B1,crf_first_attested,0.1883,0.0173,0.0,0.0,0.1883,0.0,0.0,0.0,0.0173,,,,,,,,,crf_only,en lui toute,ADV,,
esdaves,NOUN,B1,crf_first_attested,0.1883,0.0173,0.0,0.0,0.1883,0.0,0.0,0.0,0.0173,,,,,,,,,crf_only,esdaves,N,,
fraiche,ADJ,B1,crf_first_attested,0.1883,0.0173,0.0,0.0,0.1883,0.0,0.0,0.0,0.0173,,,,,,,,,crf_only,fraiche,A,,
maladroit,NOUN,B1,crf_first_attested,0.1883,0.0173,0.0,0.0,0.1883,0.0,0.0,0.0,0.0173,,,,,,,,,crf_only,maladroit,N,,
épuisé,ADJ,B1,crf_first_attested,0.1883,0.0173,0.0,0.0,0.1883,0.0,0.0,0.0,0.0173,,,,,,,,,crf_only,épuisé,A,,
armoire,NOUN,B1,beacco,0.1815,8.5289,4.3873,8.5073,0.1815,25.6006,2.0505,0.0,8.5289,6.9301,9.746,0.5008,35.4217,4.139,0.0,13.4307,B1,word_pos,armoire,N,armoire,NOM
lessive,NOUN,B1,beacco,0.1815,4.0836,0.0,12.2502,0.1815,1.1509,0.0,0.0,4.0836,0.0,4.486,0.2504,1.822,0.0,0.0,3.0768,B1,word_pos,lessive,N,lessive,NOM
porter,NOUN,B1,beacco,0.1815,2.245,0.0,3.2477,0.1815,0.7062,0.0,9.6228,2.245,0.0,3.6758,0.5008,1.2705,0.0,19.328,3.8423,B1,word_pos,porter,N,porter,NOM
donc pas,ADV,B1,crf_first_attested,0.1815,1.2678,0.0,0.0,0.1815,0.8949,6.1515,0.0,1.2678,,,,,,,,,crf_only,donc pas,ADV,,
par de,PREP,B1,crf_first_attested,0.1815,0.5807,0.0,0.0,0.1815,0.0,9.8488,0.0,0.5807,,,,,,,,,crf_only,par de,PREP,,
rat,ADJ,B1,crf_first_attested,0.1815,0.5025,0.0,0.0,0.1815,1.1509,0.0,0.0,0.5025,,,,,,,,,crf_only,rat,A,,
en vue du,PREP,B1,crf_first_attested,0.1815,0.3962,0.0,0.0,0.1815,0.5285,0.0,0.0,0.3962,,,,,,,,,crf_only,en vue du,PREP,,
azalée,NOUN,B1,crf_first_attested,0.1815,0.0167,0.0,0.0,0.1815,0.0,0.0,0.0,0.0167,,,,,,,,,crf_only,azalée,N,,
enjouer,VERB,B1,crf_first_attested,0.1815,0.0167,0.0,0.0,0.1815,0.0,0.0,0.0,0.0167,,,,,,,,,crf_only,enjouer,V,,
faire - part,NOUN,B1,crf_first_attested,0.1815,0.0167,0.0,0.0,0.1815,0.0,0.0,0.0,0.0167,,,,,,,,,crf_only,faire - part,N,,
frisson,NOUN,B1,crf_first_attested,0.1815,0.0167,0.0,0.0,0.1815,0.0,0.0,0.0,0.0167,,,,,,,,,crf_only,frisson,N,,
meurtrière,NOUN,B1,crf_first_attested,0.1815,0.0167,0.0,0.0,0.1815,0.0,0.0,0.0,0.0167,,,,,,,,,crf_only,meurtrière,N,,
pêcher,NOUN,B1,crf_first_attested,0.1815,0.0167,0.0,0.0,0.1815,0.0,0.0,0.0,0.0167,,,,,,,,,crf_only,pêcher,N,,
soudain de,PREP,B1,crf_first_attested,0.1815,0.0167,0.0,0.0,0.1815,0.0,0.0,0.0,0.0167,,,,,,,,,crf_only,soudain de,PREP,,
tu m',ADV,B1,crf_first_attested,0.1815,0.0167,0.0,0.0,0.1815,0.0,0.0,0.0,0.0167,,,,,,,,,crf_only,tu m',ADV,,
tu n' es que,CONJ,B1,crf_first_attested,0.1815,0.0167,0.0,0.0,0.1815,0.0,0.0,0.0,0.0167,,,,,,,,,crf_only,tu n' es que,CONJS,,
tu regretteras,ADV,B1,crf_first_attested,0.1815,0.0167,0.0,0.0,0.1815,0.0,0.0,0.0,0.0167,,,,,,,,,crf_only,tu regretteras,ADV,,
caméra,NOUN,B1,beacco,0.1812,19.8576,3.5169,32.3897,0.1812,0.7062,93.4128,9.6228,19.8576,7.1411,21.4244,0.37,1.2705,82.2547,19.328,18.9237,B1,word_pos,caméra,N,caméra,NOM
frein,NOUN,B1,beacco,0.1812,5.9544,0.0,3.5374,0.1812,3.0277,19.8484,48.1138,5.9544,0.0,4.4863,0.185,4.5679,40.1357,38.656,8.4878,B1,word_pos,frein,N,frein,NOM
effectifs,NOUN,B1,crf_first_attested,0.1812,1.5275,0.0,0.0,0.1812,0.7062,2.0505,19.2455,1.5275,,,,,,,,,crf_only,effectifs,N,,
lobbying,NOUN,B1,crf_first_attested,0.1812,0.9693,0.0,0.0,0.1812,0.0,0.0,25.9752,0.9693,,,,,,,,,crf_only,lobbying,N,,
semi - liberté,NOUN,B1,crf_first_attested,0.1812,0.9132,0.0,0.0,0.1812,0.0,12.4046,0.0,0.9132,,,,,,,,,crf_only,semi - liberté,N,,
impuissant,NOUN,B1,crf_first_attested,0.1812,0.7271,0.0,0.0,0.1812,0.0,6.1515,0.0,0.7271,,,,,,,,,crf_only,impuissant,N,,
tu vas te,ADV,B1,crf_first_attested,0.1812,0.7144,0.0,0.0,0.1812,4.7828,0.0,0.0,0.7144,,,,,,,,,crf_only,tu vas te,ADV,,
en somme,ADV,B1,crf_first_attested,0.1812,0.498,0.0,0.0,0.1812,0.0,4.101,0.0,0.498,,,,,,,,,crf_only,en somme,ADV,,
jumelles,NOUN,B1,crf_first_attested,0.1812,0.3128,0.0,0.0,0.1812,0.0,0.0,9.6228,0.3128,,,,,,,,,crf_only,jumelles,N,,
avoue que,CONJ,B1,crf_first_attested,0.1812,0.0167,0.0,0.0,0.1812,0.0,0.0,0.0,0.0167,,,,,,,,,crf_only,avoue que,CONJS,,
beaucoup plus,ADV,B1,crf_first_attested,0.1812,0.0167,0.0,0.0,0.1812,0.0,0.0,0.0,0.0167,,,,,,,,,crf_only,beaucoup plus,ADV,,
camargue,NOUN,B1,crf_first_attested,0.1812,0.0167,0.0,0.0,0.1812,0.0,0.0,0.0,0.0167,,,,,,,,,crf_only,camargue,N,,
cher,VERB,B1,crf_first_attested,0.1812,0.0167,0.0,0.0,0.1812,0.0,0.0,0.0,0.0167,,,,,,,,,crf_only,cher,V,,
elim,NOUN,B1,crf_first_attested,0.1812,0.0167,0.0,0.0,0.1812,0.0,0.0,0.0,0.0167,,,,,,,,,crf_only,elim,N,,
social,NOUN,B1,crf_first_attested,0.1812,0.0167,0.0,0.0,0.1812,0.0,0.0,0.0,0.0167,,,,,,,,,crf_only,social,N,,
tu en es sûr,ADV,B1,crf_first_attested,0.1812,0.0167,0.0,0.0,0.1812,0.0,0.0,0.0,0.0167,,,,,,,,,crf_only,tu en es sûr,ADV,,
tu parais inquiète,ADV,B1,crf_first_attested,0.1812,0.0167,0.0,0.0,0.1812,0.0,0.0,0.0,0.0167,,,,,,,,,crf_only,tu parais inquiète,ADV,,
tva,NOUN,B1,crf_first_attested,0.1812,0.0167,0.0,0.0,0.1812,0.0,0.0,0.0,0.0167,,,,,,,,,crf_only,tva,N,,
télétravaille,VERB,B1,crf_first_attested,0.1812,0.0167,0.0,0.0,0.1812,0.0,0.0,0.0,0.0167,,,,,,,,,crf_only,télétravaille,V,,
zizanie,NOUN,B1,crf_first_attested,0.1812,0.0167,0.0,0.0,0.1812,0.0,0.0,0.0,0.0167,,,,,,,,,crf_only,zizanie,N,,
aller mieux,VERB,B1,crf_first_attested,0.1662,0.0153,0.0,0.0,0.1662,0.0,0.0,0.0,0.0153,,,,,,,,,crf_only,aller mieux,V,,
au - dehors,PREP,B1,crf_first_attested,0.1662,0.0153,0.0,0.0,0.1662,0.0,0.0,0.0,0.0153,,,,,,,,,crf_only,au - dehors,PREP,,
coule,NOUN,B1,crf_first_attested,0.1662,0.0153,0.0,0.0,0.1662,0.0,0.0,0.0,0.0153,,,,,,,,,crf_only,coule,N,,
en terminale,ADV,B1,crf_first_attested,0.1662,0.0153,0.0,0.0,0.1662,0.0,0.0,0.0,0.0153,,,,,,,,,crf_only,en terminale,ADV,,
maximer,VERB,B1,crf_first_attested,0.1662,0.0153,0.0,0.0,0.1662,0.0,0.0,0.0,0.0153,,,,,,,,,crf_only,maximer,V,,
repenser,VERB,B1,beacco,0.1637,6.9674,0.0,2.0792,0.1637,50.7657,0.0,0.0,6.9674,0.0,4.2029,0.1243,18.9886,0.0,0.0,4.4831,B1,word_pos,repenser,V,repenser,VER
émettre,VERB,B1,beacco,0.1637,6.8242,0.0,8.5035,0.1637,1.5139,41.8407,0.0,6.8242,0.0,4.8826,0.1243,2.2839,66.4491,0.0,7.8677,B1,word_pos,émettre,V,émettre,VER
contagieux,ADJ,B1,beacco,0.1637,5.8098,0.0,3.1024,0.1637,0.5285,38.905,0.0,5.8098,0.0,3.1491,0.1243,0.8102,20.024,0.0,3.2948,B1,word_pos,contagieux,A,contagieux,ADJ
copieux,ADJ,B1,beacco,0.1637,2.5795,0.0,1.9939,0.1637,0.0,1.6042,28.8683,2.5795,0.0,4.4863,0.1243,0.0,3.4423,0.0,2.3672,B1,word_pos,copieux,A,copieux,ADJ
assuré,NOUN,B1,crf_first_attested,0.1637,0.0151,0.0,0.0,0.1637,0.0,0.0,0.0,0.0151,,,,,,,,,crf_only,assuré,N,,
désséchée,ADJ,B1,crf_first_attested,0.1637,0.0151,0.0,0.0,0.1637,0.0,0.0,0.0,0.0151,,,,,,,,,crf_only,désséchée,A,,
en rang,ADV,B1,crf_first_attested,0.1637,0.0151,0.0,0.0,0.1637,0.0,0.0,0.0,0.0151,,,,,,,,,crf_only,en rang,ADV,,
facer,VERB,B1,crf_first_attested,0.1637,0.0151,0.0,0.0,0.1637,0.0,0.0,0.0,0.0151,,,,,,,,,crf_only,facer,V,,
hop,PREP,B1,crf_first_attested,0.1637,0.0151,0.0,0.0,0.1637,0.0,0.0,0.0,0.0151,,,,,,,,,crf_only,hop,PREP,,
mordu,NOUN,B1,crf_first_attested,0.1637,0.0151,0.0,0.0,0.1637,0.0,0.0,0.0,0.0151,,,,,,,,,crf_only,mordu,N,,
sinistrer,VERB,B1,crf_first_attested,0.1637,0.0151,0.0,0.0,0.1637,0.0,0.0,0.0,0.0151,,,,,,,,,crf_only,sinistrer,V,,
à première vue,ADV,B1,crf_first_attested,0.1637,0.0151,0.0,0.0,0.1637,0.0,0.0,0.0,0.0151,,,,,,,,,crf_only,à première vue,ADV,,
reprise,NOUN,B1,beacco,0.1507,9.8909,0.0,4.4643,0.1507,30.7253,15.7275,38.491,9.8909,0.0,5.7963,0.3059,11.6267,65.9532,19.328,10.8589,B1,word_pos,reprise,N,reprise,NOM
détective,NOUN,B1,beacco,0.1507,8.1892,0.6317,1.2702,0.1507,26.9006,6.1515,0.0,8.1892,0.6291,1.247,0.3059,6.5091,4.139,0.0,6.7736,B1,word_pos,détective,N,détective,NOM
secrètement,ADV,B1,beacco,0.1507,2.646,0.0,4.0839,0.1507,0.0,12.4046,0.0,2.646,0.0,4.4296,0.3059,0.0,6.0005,0.0,2.3024,B1,word_pos,secrètement,ADV,secrètement,ADV
vôtre,NOUN,B1,beacco,0.1507,0.9948,0.0,1.0107,0.1507,0.5755,0.0,0.0,0.9948,0.0,6.2953,0.6118,0.911,6.0005,0.0,4.2509,B1,unique_word,vôtre,N,vôtre,PRO
mieux que,CONJ,B1,crf_first_attested,0.1507,0.8508,0.0,0.0,0.1507,6.0554,0.0,0.0,0.8508,,,,,,,,,crf_only,mieux que,CONJS,,
bref,NOUN,B1,crf_first_attested,0.1507,0.4999,0.0,0.0,0.1507,0.0,0.0,19.2455,0.4999,,,,,,,,,crf_only,bref,N,,
baiser,NOUN,B1,beacco,0.1507,0.4821,0.0,0.7405,0.1507,0.0,0.0,0.0,0.4821,0.0,3.7603,3.3506,0.0,0.0,0.0,2.1608,B1,word_pos,baiser,N,baiser,NOM
roman - feuilleton,NOUN,B1,crf_first_attested,0.1507,0.3234,0.0,0.0,0.1507,0.8259,0.0,0.0,0.3234,,,,,,,,,crf_only,roman - feuilleton,N,,
au ciel,ADV,B1,crf_first_attested,0.1507,0.0139,0.0,0.0,0.1507,0.0,0.0,0.0,0.0139,,,,,,,,,crf_only,au ciel,ADV,,
dit,DET,B1,crf_first_attested,0.1507,0.0139,0.0,0.0,0.1507,0.0,0.0,0.0,0.0139,,,,,,,,,crf_only,dit,DET,,
en l' autre côté du,PREP,B1,crf_first_attested,0.1507,0.0139,0.0,0.0,0.1507,0.0,0.0,0.0,0.0139,,,,,,,,,crf_only,en l' autre côté du,PREP,,
en témoignage de,PREP,B1,crf_first_attested,0.1507,0.0139,0.0,0.0,0.1507,0.0,0.0,0.0,0.0139,,,,,,,,,crf_only,en témoignage de,PREP,,
laissez partir,PREP,B1,crf_first_attested,0.1507,0.0139,0.0,0.0,0.1507,0.0,0.0,0.0,0.0139,,,,,,,,,crf_only,laissez partir,PREP,,
réintégrez,PREP,B1,crf_first_attested,0.1507,0.0139,0.0,0.0,0.1507,0.0,0.0,0.0,0.0139,,,,,,,,,crf_only,réintégrez,PREP,,
tu serais mort,ADV,B1,crf_first_attested,0.1507,0.0139,0.0,0.0,0.1507,0.0,0.0,0.0,0.0139,,,,,,,,,crf_only,tu serais mort,ADV,,
vôtre ce soir,NOUN,B1,crf_first_attested,0.1507,0.0139,0.0,0.0,0.1507,0.0,0.0,0.0,0.0139,,,,,,,,,crf_only,vôtre ce soir,N,,
psychologue,NOUN,B1,beacco,0.1395,17.2051,0.4068,25.8594,0.1395,34.5348,6.1515,19.2455,17.2051,0.8075,32.8301,0.1219,25.7322,8.2781,19.328,16.5955,B1,word_pos,psychologue,N,psychologue,NOM
stabilité,NOUN,B1,beacco,0.1395,2.7525,0.0,4.4632,0.1395,1.5139,4.101,0.0,2.7525,0.0,1.2456,0.1219,2.2839,4.139,0.0,2.9503,B1,word_pos,stabilité,N,stabilité,NOM
sécurisé,ADJ,B1,crf_first_attested,0.1395,0.5051,0.0,0.0,0.1395,1.5139,3.1012,0.0,0.5051,,,,,,,,,crf_only,sécurisé,A,,
de la veille de,PREP,B1,crf_first_attested,0.1395,0.4044,0.0,0.0,0.1395,0.0,6.2023,0.0,0.4044,,,,,,,,,crf_only,de la veille de,PREP,,
aller droit au boire,VERB,B1,crf_first_attested,0.1395,0.0128,0.0,0.0,0.1395,0.0,0.0,0.0,0.0128,,,,,,,,,crf_only,aller droit au boire,V,,
anti - espion,ADJ,B1,crf_first_attested,0.1395,0.0128,0.0,0.0,0.1395,0.0,0.0,0.0,0.0128,,,,,,,,,crf_only,anti - espion,A,,
ecriture,NOUN,B1,crf_first_attested,0.1395,0.0128,0.0,0.0,0.1395,0.0,0.0,0.0,0.0128,,,,,,,,,crf_only,ecriture,N,,
méme manière,NOUN,B1,crf_first_attested,0.1395,0.0128,0.0,0.0,0.1395,0.0,0.0,0.0,0.0128,,,,,,,,,crf_only,méme manière,N,,
écolo,ADJ,B1,crf_first_attested,0.1395,0.0128,0.0,0.0,0.1395,0.0,0.0,0.0,0.0128,,,,,,,,,crf_only,écolo,A,,
alentour,NOUN,B1,beacco,0.1243,5.4864,,,,,,,,0.0,4.6393,0.1243,14.5446,0.0,12.833,5.4864,B1,beacco_only,,,alentour,NOM
bon,ADV,B1,beacco,0.1219,6.6671,,,,,,,,0.8075,23.0351,0.1219,2.2839,0.0,0.0,6.6671,B1,beacco_only,,,bon,ADV
jambon,NOUN,B1,beacco,0.1155,3.3036,0.5025,12.8596,0.1155,0.0,0.0,0.0,3.3036,0.9051,12.341,0.2331,0.0,0.0,0.0,2.9742,B1,word_pos,jambon,N,jambon,NOM
ruisseau,NOUN,B1,beacco,0.1155,2.9932,0.0,4.1501,0.1155,0.0,15.5058,0.0,2.9932,0.0,6.7006,0.2331,0.0,6.0005,0.0,2.5687,B1,word_pos,ruisseau,N,ruisseau,NOM
adroit,ADJ,B1,beacco,0.1155,2.4501,0.0,2.5842,0.1155,3.5796,0.0,0.0,2.4501,0.0,3.2038,0.2331,1.8983,0.0,0.0,2.2599,B1,word_pos,adroit,A,adroit,ADJ
épingle,NOUN,B1,beacco,0.1155,2.2674,0.0,4.7601,0.1155,1.6517,0.0,0.0,2.2674,0.0,10.1247,0.2331,1.3018,0.0,0.0,3.0844,B1,word_pos,épingle,N,épingle,NOM
menton,NOUN,B1,beacco,0.1155,1.4344,0.0,6.3365,0.1155,0.0,0.0,0.0,1.4344,0.0,9.9426,0.2331,0.0,0.0,0.0,2.0463,B1,word_pos,menton,N,menton,NOM
édifier,VERB,B1,beacco,0.1155,1.0487,0.0,3.9077,0.1155,0.0,0.0,0.0,1.0487,0.0,6.538,0.2331,0.0,0.0,0.0,1.6556,B1,word_pos,édifier,V,édifier,VER
munie,NOUN,B1,crf_first_attested,0.1155,0.9849,0.0,0.0,0.1155,3.0277,0.0,9.6228,0.9849,,,,,,,,,crf_only,munie,N,,
choux,NOUN,B1,crf_first_attested,0.1155,0.2785,0.0,0.0,0.1155,0.0,1.6042,0.0,0.2785,,,,,,,,,crf_only,choux,N,,
duquel,PREP,B1,crf_first_attested,0.1155,0.2785,0.0,0.0,0.1155,0.0,1.6042,0.0,0.2785,,,,,,,,,crf_only,duquel,PREP,,
del,X,B1,crf_first_attested,0.1155,0.2736,0.0,0.0,0.1155,0.0,2.0505,0.0,0.2736,,,,,,,,,crf_only,del,X,,
alors je deviens fou et je pars,ADV,B1,crf_first_attested,0.1155,0.0106,0.0,0.0,0.1155,0.0,0.0,0.0,0.0106,,,,,,,,,crf_only,alors je deviens fou et je pars,ADV,,
antique,NOUN,B1,crf_first_attested,0.1155,0.0106,0.0,0.0,0.1155,0.0,0.0,0.0,0.0106,,,,,,,,,crf_only,antique,N,,
au dépens de,PREP,B1,crf_first_attested,0.1155,0.0106,0.0,0.0,0.1155,0.0,0.0,0.0,0.0106,,,,,,,,,crf_only,au dépens de,PREP,,
camargais,ADJ,B1,crf_first_attested,0.1155,0.0106,0.0,0.0,0.1155,0.0,0.0,0.0,0.0106,,,,,,,,,crf_only,camargais,A,,
corrégidor,NOUN,B1,crf_first_attested,0.1155,0.0106,0.0,0.0,0.1155,0.0,0.0,0.0,0.0106,,,,,,,,,crf_only,corrégidor,N,,
cuadrillas,NOUN,B1,crf_first_attested,0.1155,0.0106,0.0,0.0,0.1155,0.0,0.0,0.0,0.0106,,,,,,,,,crf_only,cuadrillas,N,,
cuervo,X,B1,crf_first_attested,0.1155,0.0106,0.0,0.0,0.1155,0.0,0.0,0.0,0.0106,,,,,,,,,crf_only,cuervo,X,,
culminant,ADJ,B1,crf_first_attested,0.1155,0.0106,0.0,0.0,0.1155,0.0,0.0,0.0,0.0106,,,,,,,,,crf_only,culminant,A,,
diable,ADJ,B1,crf_first_attested,0.1155,0.0106,0.0,0.0,0.1155,0.0,0.0,0.0,0.0106,,,,,,,,,crf_only,diable,A,,
doble,ADJ,B1,crf_first_attested,0.1155,0.0106,0.0,0.0,0.1155,0.0,0.0,0.0,0.0106,,,,,,,,,crf_only,doble,A,,
dominicain,NOUN,B1,crf_first_attested,0.1155,0.0106,0.0,0.0,0.1155,0.0,0.0,0.0,0.0106,,,,,,,,,crf_only,dominicain,N,,
dominicain,ADJ,B1,crf_first_attested,0.1155,0.0106,0.0,0.0,0.1155,0.0,0.0,0.0,0.0106,,,,,,,,,crf_only,dominicain,A,,
gazpacho,NOUN,B1,crf_first_attested,0.1155,0.0106,0.0,0.0,0.1155,0.0,0.0,0.0,0.0106,,,,,,,,,crf_only,gazpacho,N,,
guadalquivir,NOUN,B1,crf_first_attested,0.1155,0.0106,0.0,0.0,0.1155,0.0,0.0,0.0,0.0106,,,,,,,,,crf_only,guadalquivir,N,,
ler,X,B1,crf_first_attested,0.1155,0.0106,0.0,0.0,0.1155,0.0,0.0,0.0,0.0106,,,,,,,,,crf_only,ler,X,,
montagne vous aide,NOUN,B1,crf_first_attested,0.1155,0.0106,0.0,0.0,0.1155,0.0,0.0,0.0,0.0106,,,,,,,,,crf_only,montagne vous aide,N,,
m²,NOUN,B1,crf_first_attested,0.1155,0.0106,0.0,0.0,0.1155,0.0,0.0,0.0,0.0106,,,,,,,,,crf_only,m²,N,,
payllos,NOUN,B1,crf_first_attested,0.1155,0.0106,0.0,0.0,0.1155,0.0,0.0,0.0,0.0106,,,,,,,,,crf_only,payllos,N,,
picadores,NOUN,B1,crf_first_attested,0.1155,0.0106,0.0,0.0,0.1155,0.0,0.0,0.0,0.0106,,,,,,,,,crf_only,picadores,N,,
représenté,NOUN,B1,crf_first_attested,0.1155,0.0106,0.0,0.0,0.1155,0.0,0.0,0.0,0.0106,,,,,,,,,crf_only,représenté,N,,
style néo - baroque,NOUN,B1,crf_first_attested,0.1155,0.0106,0.0,0.0,0.1155,0.0,0.0,0.0,0.0106,,,,,,,,,crf_only,style néo - baroque,N,,
tercio,X,B1,crf_first_attested,0.1155,0.0106,0.0,0.0,0.1155,0.0,0.0,0.0,0.0106,,,,,,,,,crf_only,tercio,X,,
tercios,NOUN,B1,crf_first_attested,0.1155,0.0106,0.0,0.0,0.1155,0.0,0.0,0.0,0.0106,,,,,,,,,crf_only,tercios,N,,
vers moi et me dit,ADV,B1,crf_first_attested,0.1155,0.0106,0.0,0.0,0.1155,0.0,0.0,0.0,0.0106,,,,,,,,,crf_only,vers moi et me dit,ADV,,
à la venta,ADV,B1,crf_first_attested,0.1155,0.0106,0.0,0.0,0.1155,0.0,0.0,0.0,0.0106,,,,,,,,,crf_only,à la venta,ADV,,
étagère,NOUN,B1,beacco,0.0908,4.947,0.0,9.0169,0.0908,2.4776,6.1515,0.0,4.947,0.0,9.7606,0.5008,1.3018,4.139,0.0,5.089,B1,word_pos,étagère,N,étagère,NOM
arrestation,NOUN,B1,beacco,0.0908,3.0571,1.3242,4.3696,0.0908,1.6517,0.0,0.0,3.0571,1.2635,3.1491,0.2504,1.3018,0.0,0.0,2.9688,B1,word_pos,arrestation,N,arrestation,NOM
au - dessous,ADV,B1,crf_first_attested,0.0908,0.0084,0.0,0.0,0.0908,0.0,0.0,0.0,0.0084,,,,,,,,,crf_only,au - dessous,ADV,,
cirage,NOUN,B1,crf_first_attested,0.0908,0.0084,0.0,0.0,0.0908,0.0,0.0,0.0,0.0084,,,,,,,,,crf_only,cirage,N,,
dites,X,B1,crf_first_attested,0.0908,0.0084,0.0,0.0,0.0908,0.0,0.0,0.0,0.0084,,,,,,,,,crf_only,dites,X,,
en flagrant délit,ADV,B1,crf_first_attested,0.0908,0.0084,0.0,0.0,0.0908,0.0,0.0,0.0,0.0084,,,,,,,,,crf_only,en flagrant délit,ADV,,
en la suivant,ADV,B1,crf_first_attested,0.0908,0.0084,0.0,0.0,0.0908,0.0,0.0,0.0,0.0084,,,,,,,,,crf_only,en la suivant,ADV,,
favre,X,B1,crf_first_attested,0.0908,0.0084,0.0,0.0,0.0908,0.0,0.0,0.0,0.0084,,,,,,,,,crf_only,favre,X,,
le plus sûr,ADV,B1,crf_first_attested,0.0908,0.0084,0.0,0.0,0.0908,0.0,0.0,0.0,0.0084,,,,,,,,,crf_only,le plus sûr,ADV,,
soussigner,VERB,B1,crf_first_attested,0.0908,0.0084,0.0,0.0,0.0908,0.0,0.0,0.0,0.0084,,,,,,,,,crf_only,soussigner,V,,
sup,ADJ,B1,crf_first_attested,0.0908,0.0084,0.0,0.0,0.0908,0.0,0.0,0.0,0.0084,,,,,,,,,crf_only,sup,A,,
tu auras ta part,ADV,B1,crf_first_attested,0.0908,0.0084,0.0,0.0,0.0908,0.0,0.0,0.0,0.0084,,,,,,,,,crf_only,tu auras ta part,ADV,,
vidéo,ADJ,B1,beacco,0.0906,10.7534,1.7078,7.875,0.0906,0.0,93.227,0.0,10.7534,1.1764,4.5858,0.185,0.0,68.3463,0.0,8.3454,B1,word_pos,vidéo,A,vidéo,ADJ
distances,NOUN,B1,crf_first_attested,0.0906,1.7157,0.0,0.0,0.0906,1.5139,15.5058,0.0,1.7157,,,,,,,,,crf_only,distances,N,,
alsacien,NOUN,B1,crf_first_attested,0.0906,0.0083,0.0,0.0,0.0906,0.0,0.0,0.0,0.0083,,,,,,,,,crf_only,alsacien,N,,
antidépressif,ADJ,B1,crf_first_attested,0.0906,0.0083,0.0,0.0,0.0906,0.0,0.0,0.0,0.0083,,,,,,,,,crf_only,antidépressif,A,,
bag,X,B1,crf_first_attested,0.0906,0.0083,0.0,0.0,0.0906,0.0,0.0,0.0,0.0083,,,,,,,,,crf_only,bag,X,,
canoë - kayak,NOUN,B1,crf_first_attested,0.0906,0.0083,0.0,0.0,0.0906,0.0,0.0,0.0,0.0083,,,,,,,,,crf_only,canoë - kayak,N,,
en doute,ADV,B1,crf_first_attested,0.0906,0.0083,0.0,0.0,0.0906,0.0,0.0,0.0,0.0083,,,,,,,,,crf_only,en doute,ADV,,
en passant à travers,PREP,B1,crf_first_attested,0.0906,0.0083,0.0,0.0,0.0906,0.0,0.0,0.0,0.0083,,,,,,,,,crf_only,en passant à travers,PREP,,
euro - député,NOUN,B1,crf_first_attested,0.0906,0.0083,0.0,0.0,0.0906,0.0,0.0,0.0,0.0083,,,,,,,,,crf_only,euro - député,N,,
haut - parleur,NOUN,B1,crf_first_attested,0.0906,0.0083,0.0,0.0,0.0906,0.0,0.0,0.0,0.0083,,,,,,,,,crf_only,haut - parleur,N,,
jetez,PREP,B1,crf_first_attested,0.0906,0.0083,0.0,0.0,0.0906,0.0,0.0,0.0,0.0083,,,,,,,,,crf_only,jetez,PREP,,
macareux - moine,NOUN,B1,crf_first_attested,0.0906,0.0083,0.0,0.0,0.0906,0.0,0.0,0.0,0.0083,,,,,,,,,crf_only,macareux - moine,N,,
méditerrané,ADJ,B1,crf_first_attested,0.0906,0.0083,0.0,0.0,0.0906,0.0,0.0,0.0,0.0083,,,,,,,,,crf_only,méditerrané,A,,
purifier,VERB,B1,crf_first_attested,0.0906,0.0083,0.0,0.0,0.0906,0.0,0.0,0.0,0.0083,,,,,,,,,crf_only,purifier,V,,
quarante,NOUN,B1,crf_first_attested,0.0906,0.0083,0.0,0.0,0.0906,0.0,0.0,0.0,0.0083,,,,,,,,,crf_only,quarante,N,,
rafting,NOUN,B1,crf_first_attested,0.0906,0.0083,0.0,0.0,0.0906,0.0,0.0,0.0,0.0083,,,,,,,,,crf_only,rafting,N,,
soi - disant,ADV,B1,crf_first_attested,0.0906,0.0083,0.0,0.0,0.0906,0.0,0.0,0.0,0.0083,,,,,,,,,crf_only,soi - disant,ADV,,
télépéage,NOUN,B1,crf_first_attested,0.0906,0.0083,0.0,0.0,0.0906,0.0,0.0,0.0,0.0083,,,,,,,,,crf_only,télépéage,N,,
watching,X,B1,crf_first_attested,0.0906,0.0083,0.0,0.0,0.0906,0.0,0.0,0.0,0.0083,,,,,,,,,crf_only,watching,X,,
à prix d' or,ADV,B1,crf_first_attested,0.0906,0.0083,0.0,0.0,0.0906,0.0,0.0,0.0,0.0083,,,,,,,,,crf_only,à prix d' or,ADV,,
primaire,ADJ,B1,beacco,0.0818,8.0077,0.3158,1.4809,0.0818,24.466,25.3674,0.0,8.0077,0.6291,1.2121,0.1243,18.0886,31.3528,0.0,7.6425,B1,word_pos,primaire,A,primaire,ADJ
dramaturge,NOUN,B1,beacco,0.0818,3.5758,11.6376,3.1687,0.0818,0.0,3.1012,0.0,3.5758,7.6054,4.9127,0.1243,0.0,6.0005,0.0,4.3201,B1,word_pos,dramaturge,N,dramaturge,NOM
savoureux,ADJ,B1,beacco,0.0818,2.1416,0.0,3.2245,0.0818,0.0,0.0,6.176,2.1416,0.0,3.8021,0.1243,0.0,0.0,4.0185,2.4661,B1,word_pos,savoureux,A,savoureux,ADJ
à l' exception de,PREP,B1,crf_first_attested,0.0818,0.4853,0.0,0.0,0.0818,1.6517,0.0,0.0,0.4853,,,,,,,,,crf_only,à l' exception de,PREP,,
plus près,ADV,B1,crf_first_attested,0.0818,0.2771,0.0,0.0,0.0818,0.8949,0.0,0.0,0.2771,,,,,,,,,crf_only,plus près,ADV,,
en gros,ADV,B1,crf_first_attested,0.0818,0.2171,0.0,0.0,0.0818,0.0,3.1012,0.0,0.2171,,,,,,,,,crf_only,en gros,ADV,,
normale,NOUN,B1,crf_first_attested,0.0818,0.2171,0.0,0.0,0.0818,0.0,3.1012,0.0,0.2171,,,,,,,,,crf_only,normale,N,,
affilié,NOUN,B1,crf_first_attested,0.0818,0.0075,0.0,0.0,0.0818,0.0,0.0,0.0,0.0075,,,,,,,,,crf_only,affilié,N,,
canadère,NOUN,B1,crf_first_attested,0.0818,0.0075,0.0,0.0,0.0818,0.0,0.0,0.0,0.0075,,,,,,,,,crf_only,canadère,N,,
départementale,NOUN,B1,crf_first_attested,0.0818,0.0075,0.0,0.0,0.0818,0.0,0.0,0.0,0.0075,,,,,,,,,crf_only,départementale,N,,
eh,PREP,B1,crf_first_attested,0.0818,0.0075,0.0,0.0,0.0818,0.0,0.0,0.0,0.0075,,,,,,,,,crf_only,eh,PREP,,
faire placer,VERB,B1,crf_first_attested,0.0818,0.0075,0.0,0.0,0.0818,0.0,0.0,0.0,0.0075,,,,,,,,,crf_only,faire placer,V,,
fournitures,NOUN,B1,crf_first_attested,0.0818,0.0075,0.0,0.0,0.0818,0.0,0.0,0.0,0.0075,,,,,,,,,crf_only,fournitures,N,,
gardois,NOUN,B1,crf_first_attested,0.0818,0.0075,0.0,0.0,0.0818,0.0,0.0,0.0,0.0075,,,,,,,,,crf_only,gardois,N,,
hormis le domaine de,PREP,B1,crf_first_attested,0.0818,0.0075,0.0,0.0,0.0818,0.0,0.0,0.0,0.0075,,,,,,,,,crf_only,hormis le domaine de,PREP,,
héraultais,ADJ,B1,crf_first_attested,0.0818,0.0075,0.0,0.0,0.0818,0.0,0.0,0.0,0.0075,,,,,,,,,crf_only,héraultais,A,,
journée - type,NOUN,B1,crf_first_attested,0.0818,0.0075,0.0,0.0,0.0818,0.0,0.0,0.0,0.0075,,,,,,,,,crf_only,journée - type,N,,
radio - amateur,NOUN,B1,crf_first_attested,0.0818,0.0075,0.0,0.0,0.0818,0.0,0.0,0.0,0.0075,,,,,,,,,crf_only,radio - amateur,N,,
rapproché,ADJ,B1,crf_first_attested,0.0818,0.0075,0.0,0.0,0.0818,0.0,0.0,0.0,0.0075,,,,,,,,,crf_only,rapproché,A,,
blogue,VERB,B1,crf_first_attested,0.0698,0.8617,0.0,0.0,0.0698,6.0554,0.0,0.0,0.8617,,,,,,,,,crf_only,blogue,V,,
au départ de,PREP,B1,crf_first_attested,0.0698,0.6594,0.0,0.0,0.0698,4.5416,0.0,0.0,0.6594,,,,,,,,,crf_only,au départ de,PREP,,
blogs,X,B1,crf_first_attested,0.0698,0.0064,0.0,0.0,0.0698,0.0,0.0,0.0,0.0064,,,,,,,,,crf_only,blogs,X,,
blogueur,NOUN,B1,crf_first_attested,0.0698,0.0064,0.0,0.0,0.0698,0.0,0.0,0.0,0.0064,,,,,,,,,crf_only,blogueur,N,,
btogger,NOUN,B1,crf_first_attested,0.0698,0.0064,0.0,0.0,0.0698,0.0,0.0,0.0,0.0064,,,,,,,,,crf_only,btogger,N,,
dee,VERB,B1,crf_first_attested,0.0698,0.0064,0.0,0.0,0.0698,0.0,0.0,0.0,0.0064,,,,,,,,,crf_only,dee,V,,
ultrasimple,ADJ,B1,crf_first_attested,0.0698,0.0064,0.0,0.0,0.0698,0.0,0.0,0.0,0.0064,,,,,,,,,crf_only,ultrasimple,A,,
débrouiller,VERB,B1,beacco,0.0554,2.1226,0.6317,2.5654,0.0554,0.0,3.1012,0.0,2.1226,1.2583,4.1986,0.1029,0.0,6.0005,0.0,3.6256,B1,word_pos,débrouiller,V,débrouiller,VER
entenu,VERB,B1,crf_first_attested,0.0554,0.0051,0.0,0.0,0.0554,0.0,0.0,0.0,0.0051,,,,,,,,,crf_only,entenu,V,,
oui m' man,ADV,B1,crf_first_attested,0.0554,0.0051,0.0,0.0,0.0554,0.0,0.0,0.0,0.0051,,,,,,,,,crf_only,oui m' man,ADV,,
ronces5,NOUN,B1,crf_first_attested,0.0554,0.0051,0.0,0.0,0.0554,0.0,0.0,0.0,0.0051,,,,,,,,,crf_only,ronces5,N,,
tu penseras à moi,ADV,B1,crf_first_attested,0.0554,0.0051,0.0,0.0,0.0554,0.0,0.0,0.0,0.0051,,,,,,,,,crf_only,tu penseras à moi,ADV,,
tu t' occuperas,ADV,B1,crf_first_attested,0.0554,0.0051,0.0,0.0,0.0554,0.0,0.0,0.0,0.0051,,,,,,,,,crf_only,tu t' occuperas,ADV,,
à dos de,PREP,B1,crf_first_attested,0.0554,0.0051,0.0,0.0,0.0554,0.0,0.0,0.0,0.0051,,,,,,,,,crf_only,à dos de,PREP,,
à l' eau,ADV,B1,crf_first_attested,0.0554,0.0051,0.0,0.0,0.0554,0.0,0.0,0.0,0.0051,,,,,,,,,crf_only,à l' eau,ADV,,
nucléaire,ADJ,B1,beacco,0.0,12.4716,0.4996,14.6431,0.0,0.0,9.3035,181.8261,12.4716,0.0,9.3375,3.4688,0.0,31.3781,166.8286,14.8035,B1,word_pos,nucléaire,A,nucléaire,ADJ
centimètre,NOUN,B1,beacco,0.0,12.2862,0.2541,21.9606,0.0,16.538,30.3551,0.0,12.2862,0.5504,12.1946,0.0,29.5618,26.3397,0.0,11.3969,B1,word_pos,centimètre,N,centimètre,NOM
carburant,NOUN,B1,beacco,0.0,10.6502,0.4068,8.1934,0.0,0.5755,47.6682,68.1256,10.6502,0.8075,3.6333,0.0,0.0,79.4873,12.833,8.9957,B1,word_pos,carburant,N,carburant,NOM
symbolique,ADJ,B1,beacco,0.0,8.7529,0.0,6.3733,0.0,1.7264,70.2515,19.2455,8.7529,0.0,3.9981,0.0,0.0,76.6769,38.656,7.1149,B1,word_pos,symbolique,A,symbolique,ADJ
préhistorique,ADJ,B1,beacco,0.0,7.7225,0.0,5.7565,0.0,0.0,77.5288,0.0,7.7225,0.0,6.613,0.0,0.0,24.0018,0.0,3.7507,B1,word_pos,préhistorique,A,préhistorique,ADJ
sénéchal,NOUN,B1,beacco,0.0,7.6618,9.5602,5.0882,0.0,0.0,0.0,0.0,7.6618,6.6765,7.3172,0.0,0.0,0.0,0.0,7.9643,B1,word_pos,sénéchal,N,sénéchal,NOM
numérique,ADJ,B1,beacco,0.0,7.5095,0.0,2.9301,0.0,6.0554,96.7117,0.0,7.5095,0.0,3.9689,0.0,9.1358,78.6751,0.0,8.8525,B1,word_pos,numérique,A,numérique,ADJ
pureté,NOUN,B1,beacco,0.0,7.0182,1.5934,16.6815,0.0,0.0,0.0,12.352,7.0182,1.6691,3.8626,0.0,0.0,0.0,8.037,3.4035,B1,word_pos,pureté,N,pureté,NOM
technicien,NOUN,B1,beacco,0.0,6.9049,0.2541,23.8367,0.0,0.5755,12.4046,0.0,6.9049,0.5504,18.4878,0.0,0.911,12.0009,0.0,5.9756,B1,word_pos,technicien,N,technicien,NOM
placard,NOUN,B1,beacco,0.0,6.8312,0.4421,3.36,0.0,39.802,3.1012,0.0,6.8312,0.9121,4.486,0.0,28.5592,6.0005,0.0,7.132,B1,word_pos,placard,N,placard,NOM
cravate,NOUN,B1,beacco,0.0,6.6064,0.0,6.8454,0.0,49.4149,0.0,0.0,6.6064,0.0,2.1359,0.0,55.0215,0.0,0.0,6.5684,B1,word_pos,cravate,N,cravate,NOM
fécondité,NOUN,B1,beacco,0.0,6.3517,0.0,1.5512,0.0,9.0831,0.0,153.964,6.3517,0.0,3.3535,0.0,13.7036,0.0,96.64,6.5811,B1,word_pos,fécondité,N,fécondité,NOM
recours,NOUN,B1,beacco,0.0,6.3,0.0,1.2702,0.0,3.0277,66.6715,12.9876,6.3,0.0,3.4287,0.933,4.5679,92.388,77.5234,12.6308,B1,word_pos,recours,N,recours,NOM
quasiment,ADV,B1,beacco,0.0,6.2887,0.0,5.1681,0.0,0.0,50.2648,48.1138,6.2887,0.0,4.4863,0.0,0.0,65.9532,57.984,7.0606,B1,word_pos,quasiment,ADV,quasiment,ADV
bassin,NOUN,B1,beacco,0.0,5.9747,0.8137,1.1107,0.0,25.7375,8.2019,0.0,5.9747,0.8075,1.8181,0.0,28.8924,4.139,0.0,7.1668,B1,word_pos,bassin,N,bassin,NOM
cycliste,NOUN,B1,beacco,0.0,5.844,0.0,3.4071,0.0,0.7062,49.6184,0.0,5.844,0.0,4.6396,0.0,0.0,54.0042,0.0,5.8877,B1,word_pos,cycliste,N,cycliste,NOM
mesdames,NOUN,B1,beacco,0.0,5.7431,,,,,,,,1.1123,4.7165,0.0,9.013,20.6179,0.0,5.7431,B1,beacco_only,,,mesdames,NOM
intellectuel,NOUN,B1,beacco,0.0,5.7344,0.0,7.3561,0.0,0.0,47.9045,0.0,5.7344,0.0,15.7947,0.0,0.0,39.7963,0.0,6.9154,B1,word_pos,intellectuel,N,intellectuel,NOM
roman,ADJ,B1,beacco,0.0,5.7117,0.0,0.7405,0.0,1.4125,48.4951,19.4814,5.7117,0.8346,1.2121,0.1219,18.1921,65.168,12.833,12.2431,B1,word_pos,roman,A,roman,ADJ
autobus,NOUN,B1,beacco,0.0,5.3992,0.0,9.4123,0.0,1.7898,29.7295,0.0,5.3992,0.0,19.9484,0.0,3.7966,50.0526,0.0,10.3751,B1,word_pos,autobus,N,autobus,NOM
pique-nique,NOUN,B1,beacco,0.0,5.3338,,,,,,,,3.3369,19.8077,0.0,0.0,0.0,0.0,5.3338,B1,beacco_only,,,pique-nique,NOM
bah,INT,B1,beacco,0.0,5.2963,,,,,,,,1.1764,10.3431,0.0,11.9664,0.0,0.0,5.2963,B1,beacco_only,,,bah,INT
paille,NOUN,B1,beacco,0.0,4.9585,0.5025,1.0337,0.0,11.1239,25.7756,0.0,4.9585,0.9051,1.0679,0.0,13.727,20.024,4.0185,6.2282,B1,word_pos,paille,N,paille,NOM
agresser,VERB,B1,beacco,0.0,4.7484,0.0,3.4071,0.0,3.3034,6.1515,25.9752,4.7484,0.0,4.6396,0.0,2.6036,4.139,12.833,3.6264,B1,word_pos,agresser,V,agresser,VER
cabine,NOUN,B1,beacco,0.0,4.7377,0.8137,18.7394,0.0,0.6707,0.0,0.0,4.7377,0.8075,21.6583,0.0,1.7933,0.0,0.0,5.1765,B1,word_pos,cabine,N,cabine,NOM
terriblement,ADV,B1,beacco,0.0,4.7296,0.0,1.5505,0.0,18.2946,19.6134,0.0,4.7296,0.0,1.0679,0.0,18.4219,19.861,0.0,4.4578,B1,word_pos,terriblement,ADV,terriblement,ADV
filtre,NOUN,B1,beacco,0.0,4.7181,0.2541,5.3748,0.0,13.6247,0.0,0.0,4.7181,0.5504,4.4863,0.0,4.5679,0.0,0.0,2.8289,B1,word_pos,filtre,N,filtre,NOM
maillot,NOUN,B1,beacco,0.0,4.7018,0.0,31.9602,0.0,0.0,0.0,0.0,4.7018,0.0,27.597,0.0,0.0,0.0,0.0,4.1161,B1,word_pos,maillot,N,maillot,NOM
lavabo,NOUN,B1,beacco,0.0,4.6141,0.5304,17.2178,0.0,0.0,1.6042,0.0,4.6141,0.4856,7.763,0.0,0.0,3.4423,0.0,3.3642,B1,word_pos,lavabo,N,lavabo,NOM
éblouir,VERB,B1,beacco,0.0,4.6134,0.0,4.7123,0.0,1.6517,36.5308,0.0,4.6134,0.0,4.4786,0.0,8.7861,31.3528,0.0,5.4711,B1,word_pos,éblouir,V,éblouir,VER
moralité,NOUN,B1,beacco,0.0,4.589,0.0,25.794,0.0,0.5285,0.0,0.0,4.589,0.0,14.6239,0.0,0.8102,0.0,0.0,3.1752,B1,word_pos,moralité,N,moralité,NOM
ogre,NOUN,B1,beacco,0.0,4.5328,0.0,31.7277,0.0,1.7264,1.6042,0.0,4.5328,0.0,34.9872,0.0,0.911,3.4423,0.0,5.0364,B1,word_pos,ogre,N,ogre,NOM
dissiper,VERB,B1,beacco,0.0,4.2574,0.0,3.5373,0.0,16.9899,2.0505,6.4938,4.2574,0.0,1.2017,0.0,9.1403,4.139,12.833,3.7124,B1,word_pos,dissiper,V,dissiper,VER
ressort,NOUN,B1,beacco,0.0,4.1019,0.0,0.9626,0.0,9.5002,21.8856,0.0,4.1019,0.0,1.8684,0.0,8.1386,19.861,0.0,4.5264,B1,word_pos,ressort,N,ressort,NOM
fraîcheur,NOUN,B1,beacco,0.0,3.9756,0.0,14.181,0.0,1.1509,6.2023,0.0,3.9756,0.0,6.8305,0.0,0.911,12.0009,0.0,3.4052,B1,word_pos,fraîcheur,N,fraîcheur,NOM
indication,NOUN,B1,beacco,0.0,3.9721,0.0,0.5168,0.0,0.0,39.395,71.4317,3.9721,0.0,1.0679,0.0,0.0,26.3397,12.833,3.0079,B1,word_pos,indication,N,indication,NOM
sèche,ADJ,B1,beacco,0.0,3.8786,,,,,,,,0.9713,10.1712,0.0,0.911,3.4423,0.0,3.8786,B1,beacco_only,,,sèche,ADJ
féminisme,NOUN,B1,beacco,0.0,3.8074,0.4996,3.2366,0.0,0.0,24.8092,0.0,3.8074,0.9464,1.2017,0.0,0.0,18.0014,0.0,3.179,B1,word_pos,féminisme,N,féminisme,NOM
doctorat,NOUN,B1,beacco,0.0,3.7258,0.0,6.6965,0.0,0.0,9.3035,39.7676,3.7258,0.0,5.7963,0.0,0.0,6.0005,43.8345,2.9592,B1,word_pos,doctorat,N,doctorat,NOM
championnat,NOUN,B1,beacco,0.0,3.6726,0.0,9.8388,0.0,6.0554,3.1012,0.0,3.6726,0.0,13.2259,0.0,4.5679,6.0005,0.0,4.8655,B1,word_pos,championnat,N,championnat,NOM
documentaire,NOUN,B1,beacco,0.0,3.6422,0.9991,9.4568,0.0,0.0,0.0,19.2455,3.6422,0.9464,12.1648,0.0,0.0,0.0,19.328,4.0636,B1,word_pos,documentaire,N,documentaire,NOM
robotique,NOUN,B1,beacco,0.0,3.6343,0.4068,5.9282,0.0,0.0,18.6069,0.0,3.6343,0.8075,6.8285,0.0,0.0,12.0009,0.0,3.7106,B1,word_pos,robotique,N,robotique,NOM
prairie,NOUN,B1,beacco,0.0,3.617,0.7967,4.4054,0.0,14.0699,0.0,0.0,3.617,1.6691,1.0425,0.0,8.3751,0.0,0.0,2.9264,B1,word_pos,prairie,N,prairie,NOM
aiguille,NOUN,B1,beacco,0.0,3.6129,0.4898,9.8005,0.0,1.3005,0.0,0.0,3.6129,0.0,17.1622,0.0,1.0161,0.0,0.0,4.2602,B1,word_pos,aiguille,N,aiguille,NOM
incendier,VERB,B1,beacco,0.0,3.5961,0.0,19.6248,0.0,0.0,0.0,9.6228,3.5961,0.0,17.9639,0.0,0.0,0.0,19.328,3.4347,B1,word_pos,incendier,V,incendier,VER
ménestrel,NOUN,B1,beacco,0.0,3.3961,1.5934,5.9023,0.0,0.0,0.0,0.0,3.3961,1.6691,6.1619,0.0,0.0,0.0,0.0,3.3655,B1,word_pos,ménestrel,N,ménestrel,NOM
neiger,VERB,B1,beacco,0.0,3.3359,1.9862,13.7838,0.0,0.0,0.0,0.0,3.3359,1.2635,6.1835,0.0,0.0,0.0,0.0,1.9481,B1,word_pos,neiger,V,neiger,VER
loto,NOUN,B1,beacco,0.0,3.3067,1.1385,9.148,0.0,0.0,6.2023,0.0,3.3067,1.1764,10.1267,0.0,0.0,6.0005,0.0,3.9206,B1,word_pos,loto,N,loto,NOM
design,NOUN,B1,beacco,0.0,3.2629,0.0,8.9336,0.0,3.0277,0.0,12.9876,3.2629,0.0,10.19,0.0,2.2839,0.0,12.833,3.8936,B1,word_pos,design,N,design,NOM
paternité,NOUN,B1,beacco,0.0,3.2424,0.0,3.543,0.0,3.0277,0.0,57.7365,3.2424,0.0,4.633,0.0,4.5679,0.0,77.312,5.2956,B1,word_pos,paternité,N,paternité,NOM
vivant,NOUN,B1,beacco,0.0,3.0923,0.2652,0.3209,0.0,1.0571,18.6069,0.0,3.0923,7.0973,18.8437,42.3349,27.5038,41.2358,0.0,29.9642,B1,word_pos,vivant,N,vivant,NOM
étiquette,NOUN,B1,beacco,0.0,3.0845,0.2652,5.7291,0.0,0.0,6.4168,0.0,3.0845,0.4856,6.5811,0.0,0.0,6.8846,0.0,3.4429,B1,word_pos,étiquette,N,étiquette,NOM
malheureux,NOUN,B1,beacco,0.0,2.9205,1.1453,1.5505,0.0,0.8949,6.2023,9.6228,2.9205,1.1556,4.2718,0.3933,18.1826,6.0005,19.328,8.8311,B1,word_pos,malheureux,N,malheureux,NOM
pareil,NOUN,B1,beacco,0.0,2.9199,3.6283,3.3562,0.0,8.4175,0.0,0.0,2.9199,0.5547,12.5583,0.0,8.9868,0.0,0.0,5.0447,B1,word_pos,pareil,N,pareil,NOM
bienvenu,NOUN,B1,beacco,0.0,2.9033,0.3983,14.0691,0.0,0.0,0.0,0.0,2.9033,0.8346,10.0939,0.0,0.0,0.0,0.0,2.3594,B1,word_pos,bienvenu,N,bienvenu,NOM
pizza,NOUN,B1,beacco,0.0,2.8902,3.6435,1.2683,0.0,1.1509,1.6042,0.0,2.8902,7.3616,1.8025,0.0,0.911,3.4423,0.0,4.5078,B1,word_pos,pizza,N,pizza,NOM
feuillage,NOUN,B1,beacco,0.0,2.8885,0.0,3.081,0.0,10.597,0.0,9.6228,2.8885,0.0,4.1482,0.0,9.1358,0.0,19.328,3.8227,B1,word_pos,feuillage,N,feuillage,NOM
télécommande,NOUN,B1,beacco,0.0,2.8375,0.0,6.4144,0.0,0.0,18.6069,0.0,2.8375,0.0,6.473,0.0,0.0,12.0009,0.0,2.144,B1,word_pos,télécommande,N,télécommande,NOM
golf,NOUN,B1,beacco,0.0,2.8139,0.4421,2.5484,0.0,8.8358,0.0,0.0,2.8139,0.9121,4.0617,0.0,8.4014,0.0,0.0,3.3678,B1,word_pos,golf,N,golf,NOM
belle-fille,NOUN,B1,beacco,0.0,2.7787,,,,,,,,1.1556,9.3431,0.0,0.0,0.0,0.0,2.7787,B1,beacco_only,,,belle-fille,NOM
carafe,NOUN,B1,beacco,0.0,2.7145,0.6621,13.4656,0.0,0.0,0.0,0.0,2.7145,1.2635,8.6841,0.0,0.0,0.0,0.0,2.4493,B1,word_pos,carafe,N,carafe,NOM
bizarrement,ADV,B1,beacco,0.0,2.7138,0.3158,11.9878,0.0,0.0,0.0,0.0,2.7138,0.6291,7.4889,0.3059,0.0,0.0,0.0,3.2518,B1,word_pos,bizarrement,ADV,bizarrement,ADV
high-tech,ADJ,B1,beacco,0.0,2.6822,,,,,,,,0.0,3.8895,0.0,0.0,18.0014,0.0,2.6822,B1,beacco_only,,,high-tech,ADJ
indifférence,NOUN,B1,beacco,0.0,2.6137,0.0,2.4393,0.0,1.1509,8.021,0.0,2.6137,0.0,0.9327,0.0,1.822,3.4423,0.0,2.3085,B1,word_pos,indifférence,N,indifférence,NOM
surmonter,VERB,B1,beacco,0.0,2.566,0.0,13.5696,0.0,0.0,3.1012,0.0,2.566,0.0,18.9256,0.0,0.0,6.0005,0.0,3.6696,B1,word_pos,surmonter,V,surmonter,VER
coïncidence,NOUN,B1,beacco,0.0,2.5181,0.0,0.5054,0.0,14.3571,2.0505,0.0,2.5181,0.0,1.0275,0.2504,12.8024,4.139,0.0,4.6828,B1,word_pos,coïncidence,N,coïncidence,NOM
décharge,NOUN,B1,beacco,0.0,2.4815,0.0,3.9553,0.0,0.0,24.3636,0.0,2.4815,0.0,4.4611,0.0,0.0,31.3781,0.0,2.9521,B1,word_pos,décharge,N,décharge,NOM
dur,NOUN,B1,beacco,0.0,2.4016,0.5197,2.4919,0.0,9.5414,0.0,0.0,2.4016,0.0,4.479,0.0,8.3922,6.0005,0.0,3.3142,B1,word_pos,dur,N,dur,NOM
poire,NOUN,B1,beacco,0.0,2.3515,0.6621,3.3321,0.0,0.0,0.0,6.176,2.3515,1.2635,1.2121,0.0,0.0,0.0,4.0185,1.8819,B1,word_pos,poire,N,poire,NOM
centraliser,VERB,B1,beacco,0.0,2.3465,0.0,5.7897,0.0,0.0,12.4046,0.0,2.3465,0.0,6.613,0.0,0.0,6.0005,0.0,1.7752,B1,word_pos,centraliser,V,centraliser,VER
stand,NOUN,B1,beacco,0.0,2.2771,5.8778,3.5353,0.0,1.5139,0.0,0.0,2.2771,7.132,4.5709,0.0,2.2839,0.0,0.0,3.181,B1,word_pos,stand,N,stand,NOM
couvercle,NOUN,B1,beacco,0.0,2.2741,0.7622,5.0209,0.0,0.0,1.6042,0.0,2.2741,1.6512,6.2159,0.0,0.0,3.4423,0.0,3.4792,B1,word_pos,couvercle,N,couvercle,NOM
court,NOUN,B1,beacco,0.0,2.2444,0.0,5.6506,0.0,0.8949,9.3035,0.0,2.2444,0.0,6.3096,0.4317,0.0,6.0005,0.0,1.9624,B1,word_pos,court,N,court,NOM
gallo-romain,ADJ,B1,beacco,0.0,2.2412,,,,,,,,0.0,9.457,0.0,0.0,0.0,19.328,2.2412,B1,beacco_only,,,gallo-romain,ADJ
durcir,VERB,B1,beacco,0.0,2.2075,0.0,0.5168,0.0,2.8249,19.6975,0.0,2.2075,0.0,1.0679,0.0,1.2705,31.3528,0.0,3.228,B1,word_pos,durcir,V,durcir,VER
adoptif,ADJ,B1,beacco,0.0,2.1626,0.0,5.1247,0.0,2.1142,0.0,0.0,2.1626,0.0,6.5376,0.0,1.6204,0.0,0.0,2.3709,B1,word_pos,adoptif,A,adoptif,ADJ
métallique,ADJ,B1,beacco,0.0,2.1501,1.5912,2.202,0.0,5.6486,0.0,0.0,2.1501,0.4856,4.4863,0.0,8.1049,0.0,0.0,3.1474,B1,word_pos,métallique,A,métallique,ADJ
aveugle,ADJ,B1,beacco,0.0,2.1457,0.0,4.5456,0.0,0.0,6.4168,0.0,2.1457,0.0,3.8651,0.0,0.0,6.8846,0.0,1.8011,B1,word_pos,aveugle,A,aveugle,ADJ
vert,NOUN,B1,beacco,0.0,2.1373,0.0,3.5558,0.0,3.0277,9.3035,0.0,2.1373,0.9051,4.1022,3.1779,38.0663,40.1357,0.0,13.8482,B1,word_pos,vert,N,vert,NOM
typiquement,ADV,B1,beacco,0.0,2.1087,1.7078,4.5942,0.0,0.0,2.0505,0.0,2.1087,1.1764,1.2017,0.0,0.0,4.139,0.0,1.8277,B1,word_pos,typiquement,ADV,typiquement,ADV
gîte,NOUN,B1,beacco,0.0,2.1061,0.5025,6.0515,0.0,0.0,6.2023,0.0,2.1061,0.9051,6.1636,0.0,0.0,6.0005,0.0,2.2481,B1,word_pos,gîte,N,gîte,NOM
successif,ADJ,B1,beacco,0.0,2.1028,0.0,2.9647,0.0,6.0554,2.0505,0.0,2.1028,0.0,6.0425,0.0,6.8518,4.139,0.0,3.4438,B1,word_pos,successif,A,successif,ADJ
électeur,NOUN,B1,beacco,0.0,2.102,0.0,0.7581,0.0,0.0,2.0505,56.9312,2.102,0.0,1.0275,0.0,0.0,4.139,56.7717,1.8752,B1,word_pos,électeur,N,électeur,NOM
rebelle,ADJ,B1,beacco,0.0,2.0979,0.0,0.6939,0.0,0.7062,15.5058,0.0,2.0979,0.0,1.4157,0.0,1.2705,12.0009,0.0,2.582,B1,word_pos,rebelle,A,rebelle,ADJ
impatient,ADJ,B1,beacco,0.0,2.0954,0.0,4.0477,0.0,2.4776,3.1012,0.0,2.0954,0.0,0.8672,0.0,11.8663,6.0005,0.0,3.3796,B1,word_pos,impatient,A,impatient,ADJ
gagnant,NOUN,B1,beacco,0.0,2.0686,0.0,3.1469,0.0,9.7124,0.0,0.0,2.0686,2.5271,4.5382,0.0,8.3751,0.0,0.0,3.8191,B1,word_pos,gagnant,N,gagnant,NOM
flash,ADJ,B1,beacco,0.0,2.021,0.0,0.7318,0.0,5.1209,9.3035,0.0,2.021,0.0,0.9327,0.0,9.0915,6.0005,0.0,2.7191,B1,unique_word,flash,A,flash,NOM
gratitude,NOUN,B1,beacco,0.0,2.01,0.0,2.6737,0.0,0.5755,12.4046,0.0,2.01,0.0,4.0343,0.0,0.911,6.0005,0.0,1.9387,B1,word_pos,gratitude,N,gratitude,NOM
entraîneur,NOUN,B1,beacco,0.0,1.952,0.0,12.8626,0.0,0.0,0.0,0.0,1.952,0.0,12.7132,0.0,0.0,0.0,0.0,2.0137,B1,word_pos,entraîneur,N,entraîneur,NOM
redonner,VERB,B1,beacco,0.0,1.9308,0.4014,1.5161,0.0,0.6707,1.6042,0.0,1.9308,0.7319,1.0275,0.0,1.7933,3.4423,0.0,2.6958,B1,word_pos,redonner,V,redonner,VER
spacieux,ADJ,B1,beacco,0.0,1.857,0.5025,2.919,0.0,0.0,6.1515,0.0,1.857,0.9051,5.1764,0.0,0.0,4.139,0.0,2.6417,B1,word_pos,spacieux,A,spacieux,ADJ
pelote,NOUN,B1,beacco,0.0,1.6679,3.4156,0.6939,0.0,3.0277,0.0,0.0,1.6679,2.3528,1.4157,0.0,2.2839,0.0,0.0,2.0902,B1,word_pos,pelote,N,pelote,NOM
mamie,NOUN,B1,beacco,0.0,1.6178,0.0,10.7836,0.0,0.0,0.0,0.0,1.6178,2.5271,18.6695,0.0,1.2705,0.0,0.0,5.9554,B1,word_pos,mamie,N,mamie,NOM
fourchette,NOUN,B1,beacco,0.0,1.6089,0.0,2.5842,0.0,0.0,13.3747,0.0,1.6089,0.0,3.2038,0.0,0.0,19.861,0.0,2.047,B1,word_pos,fourchette,N,fourchette,NOM
celtique,ADJ,B1,beacco,0.0,1.5605,0.0,10.5685,0.0,0.0,0.0,0.0,1.5605,0.0,16.8808,0.0,0.0,0.0,0.0,2.4774,B1,word_pos,celtique,A,celtique,ADJ
dorer,VERB,B1,beacco,0.0,1.5509,1.7682,3.2245,0.0,0.0,0.0,0.0,1.5509,0.9121,3.8021,3.5301,0.0,4.139,0.0,4.4638,B1,word_pos,dorer,V,dorer,VER
bourgade,NOUN,B1,beacco,0.0,1.5367,0.0,3.5373,0.0,0.0,4.8126,0.0,1.5367,0.0,4.7165,0.0,0.0,10.3269,0.0,2.4917,B1,word_pos,bourgade,N,bourgade,NOM
pop,ADJ,B1,beacco,0.0,1.5294,0.0,3.7671,0.0,0.0,9.3035,0.0,1.5294,0.0,7.8733,0.0,0.0,6.0005,0.0,1.666,B1,word_pos,pop,A,pop,ADJ
zéro,NOUN,B1,beacco,0.0,1.4694,0.8137,0.6342,0.0,0.0,6.2023,0.0,1.4694,1.6151,4.4863,0.0,0.0,6.0005,0.0,2.622,B1,word_pos,zéro,N,zéro,NOM
magicien,NOUN,B1,beacco,0.0,1.4669,0.0,9.7316,0.0,0.0,0.0,0.0,1.4669,0.0,19.117,0.0,0.0,0.0,0.0,2.6538,B1,word_pos,magicien,N,magicien,NOM
extraordinaire,NOUN,B1,beacco,0.0,1.4497,1.895,0.0948,0.0,1.6517,0.0,0.0,1.4497,7.3756,3.7603,0.6378,1.3018,0.0,0.0,4.3075,B1,word_pos,extraordinaire,N,extraordinaire,NOM
compassion,NOUN,B1,beacco,0.0,1.4487,0.0,0.7405,0.0,0.0,20.7298,0.0,1.4487,0.0,1.2121,0.0,0.0,20.024,0.0,1.658,B1,word_pos,compassion,N,compassion,NOM
ordonnance,NOUN,B1,beacco,0.0,1.4246,0.0,0.4228,0.0,0.0,1.6042,25.9752,1.4246,0.0,1.2017,0.0,0.0,3.4423,25.6659,2.4413,B1,word_pos,ordonnance,N,ordonnance,NOM
volcan,NOUN,B1,beacco,0.0,1.3343,0.8137,0.8456,0.0,0.0,1.6042,0.0,1.3343,0.8075,1.2017,0.0,0.0,3.4423,0.0,1.9101,B1,word_pos,volcan,N,volcan,NOM
standard,NOUN,B1,beacco,0.0,1.3017,0.0,5.9546,0.0,0.0,3.1012,0.0,1.3017,0.0,8.9726,0.0,0.0,6.0005,0.0,1.9175,B1,word_pos,standard,N,standard,NOM
armure,NOUN,B1,beacco,0.0,1.2954,1.195,2.4301,0.0,0.0,0.0,0.0,1.2954,1.6691,4.6792,0.0,0.0,0.0,0.0,2.1582,B1,word_pos,armure,N,armure,NOM
oreiller,NOUN,B1,beacco,0.0,1.2859,0.0,3.8257,0.0,0.0,0.0,4.1173,1.2859,0.0,7.7704,0.0,0.0,0.0,4.0185,1.9549,B1,word_pos,oreiller,N,oreiller,NOM
gelée,NOUN,B1,beacco,0.0,1.2486,0.0,3.5373,0.0,0.0,0.0,4.1173,1.2486,0.0,1.2017,0.1243,0.0,0.0,4.0185,1.9143,B1,word_pos,gelée,N,gelée,NOM
papi,NOUN,B1,beacco,0.0,1.2437,0.5727,0.7405,0.0,1.4125,0.0,0.0,1.2437,1.1556,1.2121,0.0,1.2705,0.0,0.0,1.9829,B1,word_pos,papi,N,papi,NOM
déprimer,VERB,B1,beacco,0.0,1.2066,0.4068,3.9998,0.0,0.0,0.0,0.0,1.2066,0.0,6.2953,0.3906,0.0,3.4423,0.0,2.7099,B1,word_pos,déprimer,V,déprimer,VER
sucrer,VERB,B1,beacco,0.0,1.0395,1.3242,0.6939,0.0,0.0,3.1012,0.0,1.0395,1.2635,2.1236,0.5857,0.0,6.0005,0.0,3.3677,B1,word_pos,sucrer,V,sucrer,VER
courageusement,ADV,B1,beacco,0.0,0.9774,0.3983,0.2035,0.0,0.0,3.2084,0.0,0.9774,0.8346,0.7702,0.0,0.0,3.4423,0.0,1.6513,B1,word_pos,courageusement,ADV,courageusement,ADV
sujet,ADJ,B1,beacco,0.0,0.9458,0.0,0.2527,0.0,0.0,2.0505,19.2455,0.9458,0.0,14.7267,0.6378,0.0,0.0,19.328,3.9354,B1,word_pos,sujet,A,sujet,ADJ
boulot,ADJ,B1,beacco,0.0,0.9401,2.6483,0.1887,0.0,0.0,0.0,0.0,0.9401,0.0,1.2121,0.3906,8.4014,0.0,0.0,3.01,B1,word_pos,boulot,A,boulot,ADJ
fascination,NOUN,B1,beacco,0.0,0.8762,0.0,0.3469,0.0,1.4125,2.0505,0.0,0.8762,0.0,0.7079,0.0,2.5411,4.139,0.0,1.6527,B1,word_pos,fascination,N,fascination,NOM
rond,NOUN,B1,beacco,0.0,0.7227,0.5693,0.2117,0.0,0.8949,0.0,0.0,0.7227,7.132,3.847,0.487,1.8983,4.139,0.0,5.3477,B1,word_pos,rond,N,rond,NOM
nôtre,PRON,B1,beacco,0.0,0.6046,0.0,1.2634,0.0,0.0,6.2023,0.0,0.6046,0.0,6.5784,0.0,9.0915,6.0005,56.7717,5.7172,B1,word_pos,nôtre,PRO,nôtre,PRO
arrivé,NOUN,B1,beacco,0.0,0.5798,0.0,0.4879,0.0,1.1509,0.0,0.0,0.5798,0.0,4.4228,0.0,8.4038,0.0,0.0,2.3693,B1,word_pos,arrivé,N,arrivé,NOM
juste,NOUN,B1,beacco,0.0,0.5131,0.0,0.5168,0.0,0.0,3.2084,0.0,0.5131,0.0,1.0679,2.4816,0.0,3.4423,0.0,2.5084,B1,word_pos,juste,N,juste,NOM
mécher,VERB,B1,beacco,0.0,0.4827,0.4014,0.5897,0.0,0.0,0.0,0.0,0.4827,0.7319,4.8919,3.4923,9.5296,0.0,0.0,5.69,B1,word_pos,mécher,V,mécher,VER
frire,VERB,B1,beacco,0.0,0.4735,0.2652,0.4228,0.0,0.0,0.0,0.0,0.4735,6.8456,4.5697,0.0,0.0,0.0,0.0,2.1375,B1,word_pos,frire,V,frire,VER
lilas,NOUN,B1,beacco,0.0,0.4592,0.0,0.0,0.0,0.0,3.1012,4.1173,0.4592,0.0,0.7079,0.5531,0.0,6.0005,4.0185,2.5354,B1,word_pos,lilas,N,lilas,NOM
smoking,NOUN,B1,beacco,0.0,0.406,0.0,0.0,0.0,1.6517,1.6042,0.0,0.406,0.0,1.8684,0.0,1.3018,3.4423,0.0,2.2432,B1,word_pos,smoking,N,smoking,NOM
pressé,ADJ,B1,beacco,0.0,0.3474,0.0,0.5168,0.0,0.0,1.6042,0.0,0.3474,0.0,12.5457,0.1029,0.0,0.0,0.0,2.651,B1,word_pos,pressé,A,pressé,ADJ
plongeur,NOUN,B1,beacco,0.0,0.336,1.5244,0.3209,0.0,0.0,0.0,0.0,0.336,1.1008,1.2456,0.0,0.0,12.0009,0.0,2.0517,B1,word_pos,plongeur,N,plongeur,NOM
pair,NOUN,B1,beacco,0.0,0.3251,0.0,0.3702,0.0,0.0,2.0505,0.0,0.3251,0.0,4.5709,0.438,9.0915,19.861,0.0,5.9843,B1,word_pos,pair,N,pair,NOM
fût,NOUN,B1,beacco,0.0,0.3167,0.0,0.3702,0.0,0.5285,0.0,0.0,0.3167,0.0,1.2121,0.5857,11.804,0.0,0.0,3.6709,B1,word_pos,fût,N,fût,NOM
carburer,VERB,B1,beacco,0.0,0.3098,0.0,0.3702,0.0,0.0,3.1012,0.0,0.3098,0.0,4.4863,0.0,0.0,12.0009,19.328,2.601,B1,word_pos,carburer,V,carburer,VER
animateur,ADJ,B1,beacco,0.0,0.2915,0.0,0.2527,0.0,0.0,2.0505,0.0,0.2915,0.0,8.8101,0.0,0.0,4.139,0.0,2.3826,B1,word_pos,animateur,A,animateur,ADJ
celer,VERB,B1,beacco,0.0,0.2184,0.0,0.0,0.0,0.0,12.4046,0.0,0.2184,0.8346,14.1268,20.1952,1.2705,6.0005,0.0,13.1901,B1,word_pos,celer,V,celer,VER
ferment,NOUN,B1,beacco,0.0,0.2184,0.0,0.0,0.0,0.0,12.4046,0.0,0.2184,0.5547,1.0679,3.5206,0.0,6.0005,0.0,2.8829,B1,word_pos,ferment,N,ferment,NOM
bouillir,VERB,B1,beacco,0.0,0.1121,0.0,2.2214,0.0,0.0,0.0,0.0,0.1121,0.0,1.8181,0.4665,0.0,6.8846,0.0,2.7703,B1,word_pos,bouillir,V,bouillir,VER
lors,ADV,B1,beacco,0.0,0.0698,0.0,0.0,0.0,1.1509,0.0,0.0,0.0698,7.1772,58.2125,106.8299,125.3601,308.2068,650.4988,126.3132,B1,word_pos,lors,ADV,lors,ADV
revanche,NOUN,B1,beacco,0.0,0.0691,0.0,0.0,0.0,3.0277,0.0,0.0,0.0691,0.4856,8.9634,41.3008,23.8285,212.2144,38.656,44.5568,B1,word_pos,revanche,N,revanche,NOM
gant,NOUN,B1,beacco,0.0,0.0566,0.0,0.0,0.0,2.4776,0.0,0.0,0.0566,0.0,6.6325,3.3506,2.6036,6.0005,0.0,6.0428,B1,word_pos,gant,N,gant,NOM
déçu,ADJ,B1,beacco,0.0,0.0369,0.0,0.7318,0.0,0.0,0.0,0.0,0.0369,0.0,4.6488,3.1652,1.3018,0.0,0.0,3.5216,B1,word_pos,déçu,A,déçu,ADJ
étrange,NOUN,B1,beacco,0.0,0.0361,0.0,0.0,0.0,0.0,2.0505,0.0,0.0361,0.0,6.3452,6.7012,0.0,0.0,0.0,4.2603,B1,word_pos,étrange,N,étrange,NOM
conséquent,ADJ,B1,beacco,0.0,0.0316,0.0,0.0,0.0,0.0,0.0,12.9876,0.0316,0.0,3.1491,11.2549,11.6267,49.5147,12.833,13.646,B1,word_pos,conséquent,A,conséquent,ADJ
hier,VERB,B1,beacco,0.0,0.0261,0.0,0.5168,0.0,0.0,0.0,0.0,0.0261,7.3052,10.2454,7.4089,36.3652,4.139,0.0,15.7078,B1,word_pos,hier,V,hier,VER
lèvre,NOUN,B1,beacco,0.0,0.0204,0.0,0.0,0.0,0.8949,0.0,0.0,0.0204,7.4133,23.1391,47.1149,42.9305,40.0479,4.0185,38.239,B1,word_pos,lèvre,N,lèvre,NOM
cirer,VERB,B1,beacco,0.0,0.0162,0.0,0.3209,0.0,0.0,0.0,0.0,0.0162,0.0,6.613,0.6378,0.0,0.0,0.0,1.9167,B1,word_pos,cirer,V,cirer,VER
humain,NOUN,B1,beacco,0.0,0.0131,0.0,0.2599,0.0,0.0,0.0,0.0,0.0131,0.0,15.6049,0.4665,0.0,6.0005,0.0,4.2051,B1,word_pos,humain,N,humain,NOM
nu,NOUN,B1,beacco,0.0,0.0107,0.0,0.2117,0.0,0.0,0.0,0.0,0.0107,0.0,9.8253,7.1395,9.025,0.0,0.0,7.2484,B1,word_pos,nu,N,nu,NOM
soigné,ADJ,B1,beacco,0.0,0.0107,0.0,0.2114,0.0,0.0,0.0,0.0,0.0107,0.0,4.873,1.1062,0.0,0.0,0.0,1.9849,B1,word_pos,soigné,A,soigné,ADJ
lâche,ADJ,B1,beacco,0.0,0.0103,0.0,0.2035,0.0,0.0,0.0,0.0,0.0103,0.0,2.3107,6.9364,0.0,0.0,0.0,3.3953,B1,word_pos,lâche,A,lâche,ADJ
débutant,ADJ,B1,beacco,0.0,0.0095,0.0,0.1887,0.0,0.0,0.0,0.0,0.0095,0.0,3.839,0.1219,6.4611,0.0,0.0,2.8588,B1,word_pos,débutant,A,débutant,ADJ
muscler,VERB,B1,beacco,0.0,0.0056,0.0,0.1103,0.0,0.0,0.0,0.0,0.0056,0.0,4.091,0.3906,0.0,0.0,12.833,1.9978,B1,word_pos,muscler,V,muscler,VER
