word,pos,assigned_cefr,level_source,assigned_level_frequency,total_frequency,crf_A1,crf_A2,crf_B1,crf_B2,crf_C1,crf_C2,crf_total,beacco_A1,beacco_A2,beacco_B1,beacco_B2,beacco_C1,beacco_C2,beacco_total,beacco_level,match_method,crf_word,crf_pos,beacco_word,beacco_pos
français,NOUN,A2,beacco,609.7247,756.1662,962.1109,609.7247,845.7346,385.9027,278.6478,1701.8803,756.1662,11.4917,3.839,10.3715,0.0,4.139,173.9519,18.4035,A2,word_pos,français,N,français,NOM
lorsque,CONJ,A2,beacco,314.195,268.9378,30.5825,314.195,345.5415,183.2476,311.9446,500.8461,268.9378,23.9246,194.4463,353.4657,213.7239,335.0494,638.468,252.8682,A2,word_pos,lorsque,CONJS,lorsque,KON
tuer,VERB,A2,beacco,308.2066,218.8085,12.8722,308.2066,252.2577,291.7255,149.9204,9.6228,218.8085,17.869,305.5623,272.7242,429.3052,186.438,19.328,261.0859,A2,word_pos,tuer,V,tuer,VER
payer,VERB,A2,beacco,285.7073,198.0313,64.1223,285.7073,211.4429,213.8703,138.1864,57.0668,198.0313,18.5601,84.5001,60.4949,21.9169,10.3269,19.328,53.8067,A2,word_pos,payer,V,payer,VER
maire,NOUN,A2,beacco,195.0326,77.7679,7.7952,195.0326,23.998,9.0831,35.7982,178.1535,77.7679,13.3477,166.9795,79.1756,2.2839,68.9296,164.1035,93.4374,A2,word_pos,maire,N,maire,NOM
robe,NOUN,A2,beacco,192.317,68.0136,11.1863,192.317,22.1995,37.4085,34.728,28.471,68.0136,16.4654,245.3663,21.7576,37.6363,55.9876,43.8345,77.8822,A2,word_pos,robe,N,robe,NOM
taire,VERB,A2,beacco,191.7555,122.03,25.2693,191.7555,117.9398,118.8828,80.3479,0.0,122.03,22.17,81.1442,49.1841,104.6501,19.861,0.0,65.247,A2,word_pos,taire,V,taire,VER
or,NOUN,A2,beacco,166.1087,92.4491,23.1743,166.1087,97.191,72.5978,21.4487,0.0,92.4491,11.7553,188.2434,145.0891,168.9916,217.289,19.328,139.0423,A2,word_pos,or,N,or,NOM
corps,NOUN,A2,beacco,152.4007,200.5408,25.1141,152.4007,254.7179,161.8544,279.0811,120.7672,200.5408,22.478,85.8659,324.3529,171.4303,247.1998,207.2157,200.8651,A2,word_pos,corps,N,corps,NOM
hésiter,VERB,A2,beacco,142.5321,87.8318,18.0472,142.5321,76.0424,149.8672,10.2524,9.6228,87.8318,14.541,120.431,92.1188,91.2553,12.4171,19.328,81.0948,A2,word_pos,hésiter,V,hésiter,VER
impression,NOUN,A2,beacco,141.001,100.6755,22.2211,141.001,123.2025,34.973,148.567,44.2742,100.6755,20.5748,95.1902,116.1828,37.1193,135.2963,78.971,89.1426,A2,word_pos,impression,N,impression,NOM
rond,ADJ,A2,beacco,136.7669,41.5096,16.1068,136.7669,2.2946,16.057,8.021,0.0,41.5096,16.194,63.0887,1.9481,22.0032,10.3269,0.0,27.1298,A2,word_pos,rond,A,rond,ADJ
instant,NOUN,A2,beacco,136.0388,91.1532,0.5727,136.0388,54.4232,138.0287,156.4584,9.6228,91.1532,11.8199,175.6988,125.1877,165.8776,177.0262,134.1811,141.2172,A2,word_pos,instant,N,instant,NOM
environ,ADV,A2,beacco,134.3974,161.3973,105.6454,134.3974,214.8149,74.5877,127.7401,210.7439,161.3973,24.2977,53.4447,73.9215,22.3462,41.1274,43.8345,57.3155,A2,word_pos,environ,ADV,environ,ADV
papier,NOUN,A2,beacco,133.602,76.5534,8.5069,133.602,29.3631,196.3622,24.8092,0.0,76.5534,11.726,159.2563,75.1212,272.1739,50.0526,0.0,110.713,A2,word_pos,papier,N,papier,NOM
pousser,VERB,A2,beacco,126.3684,146.8152,21.6079,126.3684,204.5275,265.4458,87.8175,57.0668,146.8152,16.4402,140.3566,242.7432,243.7993,133.8641,56.7717,166.2954,A2,word_pos,pousser,V,pousser,VER
malheureux,ADJ,A2,beacco,125.1623,57.6051,15.8736,125.1623,26.1254,45.4813,9.3035,19.2455,57.6051,10.0418,127.9418,30.2799,58.0059,12.0009,19.328,61.1689,A2,word_pos,malheureux,A,malheureux,ADJ
soldat,NOUN,A2,beacco,124.9621,88.1551,12.3576,124.9621,137.1724,3.0277,41.8407,0.0,88.1551,17.7026,104.8803,114.2636,4.5679,48.0037,0.0,85.7998,A2,word_pos,soldat,N,soldat,NOM
étonner,VERB,A2,beacco,114.0363,93.6094,16.7677,114.0363,105.1085,107.8729,84.9003,9.6228,93.6094,13.8601,91.3119,111.9885,164.2686,41.1274,19.328,94.8579,A2,word_pos,étonner,V,étonner,VER
lourd,ADJ,A2,beacco,113.567,78.0048,27.1487,113.567,52.5482,121.3423,52.2481,6.4938,78.0048,22.4977,108.4172,60.0017,70.0652,40.0479,12.833,70.3614,A2,word_pos,lourd,A,lourd,ADJ
mener,VERB,A2,beacco,112.5783,127.453,18.224,112.5783,118.8078,138.614,197.4553,203.1582,127.453,16.7207,110.1014,133.5161,151.3773,216.7237,259.353,139.0779,A2,word_pos,mener,V,mener,VER
sentiment,NOUN,A2,beacco,111.068,125.5631,18.9706,111.068,149.4663,57.2535,264.436,57.7365,125.5631,21.9058,87.8458,132.9577,74.0587,213.9588,77.312,113.4361,A2,word_pos,sentiment,N,sentiment,NOM
emploi,NOUN,A2,beacco,109.1055,144.809,12.0129,109.1055,137.7051,154.5452,191.3705,435.0225,144.809,7.7628,105.4476,118.9633,165.645,240.6946,522.4301,142.3393,A2,word_pos,emploi,N,emploi,NOM
peau,NOUN,A2,beacco,109.0426,79.118,13.0502,109.0426,88.1685,58.7717,89.3055,19.2455,79.118,16.2983,149.0854,73.1323,48.1922,105.0785,38.656,85.4304,A2,word_pos,peau,N,peau,NOM
chaîne,NOUN,A2,beacco,107.9357,46.6074,0.4068,107.9357,14.2502,10.5935,53.1141,38.491,46.6074,10.9462,130.5479,15.5893,16.5169,170.8307,212.6079,78.0093,A2,word_pos,chaîne,N,chaîne,NOM
doigt,NOUN,A2,beacco,102.9422,88.1386,13.9061,102.9422,75.7026,86.8016,129.0659,67.3593,88.1386,15.2427,76.7857,53.4127,111.2032,96.005,38.656,73.9851,A2,word_pos,doigt,N,doigt,NOM
cependant,ADV,A2,beacco,101.6163,157.3082,21.362,101.6163,197.1028,157.7451,250.175,233.7311,157.3082,19.4557,71.8986,195.0816,146.8159,308.2068,240.7752,150.1748,A2,word_pos,cependant,ADV,cependant,ADV
agir,VERB,A2,beacco,97.1279,255.4475,13.2716,97.1279,234.2017,423.1607,612.1329,746.0158,255.4475,16.0969,93.3901,261.5859,256.3401,664.205,665.1382,241.9016,A2,word_pos,agir,V,agir,VER
enlever,VERB,A2,beacco,96.4915,54.6178,9.3477,96.4915,58.3464,47.2205,4.8126,0.0,54.6178,11.1667,80.5898,83.8504,50.213,10.3269,0.0,63.4163,A2,word_pos,enlever,V,enlever,VER
enquête,NOUN,A2,beacco,94.8573,125.6425,38.8551,94.8573,81.1219,377.5602,47.0849,86.9525,125.6425,20.8465,93.0869,72.0307,323.1639,74.0582,95.2552,114.0333,A2,word_pos,enquête,N,enquête,NOM
moquer,VERB,A2,beacco,92.7713,59.4747,24.2824,92.7713,69.5525,26.6658,21.0617,0.0,59.4747,11.5165,105.993,72.1312,40.1674,19.861,0.0,63.9626,A2,word_pos,moquer,V,moquer,VER
larme,NOUN,A2,beacco,92.5267,48.932,9.7561,92.5267,80.7404,0.6707,3.1012,9.6228,48.932,16.2328,98.3485,79.4993,1.7933,6.0005,19.328,53.3061,A2,word_pos,larme,N,larme,NOM
haut,ADJ,A2,beacco,89.47,136.7517,9.587,89.47,155.0615,136.3255,292.5596,108.6082,136.7517,16.3304,98.7328,176.1257,106.2101,266.6305,154.9424,138.063,A2,word_pos,haut,A,haut,ADJ
voleur,NOUN,A2,beacco,87.5644,57.8198,29.3146,87.5644,21.5889,82.679,42.6446,0.0,57.8198,15.9294,88.1128,9.7427,70.4458,20.024,0.0,45.2026,A2,word_pos,voleur,N,voleur,NOM
point,NOUN,A2,beacco,87.5098,193.4459,24.8372,87.5098,230.1349,153.4653,565.302,464.2624,193.4459,22.1598,150.6857,259.8982,168.9186,531.4424,534.1792,216.313,A2,word_pos,point,N,point,NOM
ramener,VERB,A2,beacco,86.2337,49.2602,10.2374,86.2337,30.0375,40.408,62.338,44.2742,49.2602,11.7891,94.0726,35.9641,42.8538,76.6769,78.971,54.1661,A2,word_pos,ramener,V,ramener,VER
montre,NOUN,A2,beacco,86.1839,39.2204,48.5566,86.1839,18.1085,9.3027,22.2727,0.0,39.2204,11.0934,70.7414,26.4066,1.8983,8.2781,0.0,27.2713,A2,word_pos,montre,N,montre,NOM
déclarer,VERB,A2,beacco,86.1797,144.7479,10.9583,86.1797,166.5758,275.3826,238.9637,142.6669,144.7479,17.1015,52.1658,149.9762,239.9392,213.6251,201.2195,125.4513,A2,word_pos,déclarer,V,déclarer,VER
bouche,NOUN,A2,beacco,85.6467,57.5464,13.6662,85.6467,56.258,54.0169,45.6223,9.6228,57.5464,22.3676,107.3324,61.069,67.873,26.3397,50.4231,68.3317,A2,word_pos,bouche,N,bouche,NOM
valeur,NOUN,A2,beacco,85.2125,137.5812,10.2099,85.2125,89.5588,286.2108,264.9129,204.8999,137.5812,16.8811,58.8885,108.6783,209.3337,241.1736,238.4824,122.7265,A2,word_pos,valeur,N,valeur,NOM
presse,NOUN,A2,beacco,84.9444,97.8417,13.9571,84.9444,137.4033,66.959,25.386,301.7531,97.8417,17.0965,91.8266,112.3711,87.9162,38.8097,250.9018,96.0544,A2,word_pos,presse,N,presse,NOM
garde,NOUN,A2,beacco,84.2122,136.0586,33.3493,84.2122,152.1572,113.3352,120.2377,369.8326,136.0586,16.8768,86.8716,140.8823,63.4707,90.633,270.5437,109.9372,A2,word_pos,garde,N,garde,NOM
lui-même,PRON,A2,beacco,80.9964,75.7226,,,,,,,,16.7422,80.9964,69.4327,80.4233,135.2963,19.328,75.7226,A2,beacco_only,,,lui-même,PRO
remplir,VERB,A2,beacco,80.0085,54.0466,15.9955,80.0085,46.1109,36.7557,86.9786,6.4938,54.0466,16.4954,90.6637,87.2304,64.3934,96.4588,56.7717,81.3411,A2,word_pos,remplir,V,remplir,VER
suffire,VERB,A2,beacco,79.6306,110.2799,16.6672,79.6306,158.3327,47.5791,158.3025,233.2122,110.2799,16.0628,78.4548,138.6127,64.774,182.8888,154.9424,109.8432,A2,word_pos,suffire,V,suffire,VER
épée,NOUN,A2,beacco,78.8339,36.7646,15.4288,78.8339,31.686,0.0,0.0,0.0,36.7646,10.8493,112.8258,33.23,0.0,0.0,0.0,43.9661,A2,word_pos,épée,N,épée,NOM
logement,NOUN,A2,beacco,78.1563,80.6875,4.8481,78.1563,194.7072,11.9113,31.3338,9.6228,80.6875,8.1485,53.7885,134.0846,9.8252,40.0479,19.328,57.465,A2,word_pos,logement,N,logement,NOM
autant,ADV,A2,beacco,77.9353,120.6488,15.0157,77.9353,126.2455,92.5812,352.5322,57.0668,120.6488,12.2298,83.8673,180.4157,76.55,396.0511,250.9018,143.586,A2,word_pos,autant,ADV,autant,ADV
seul,NOUN,A2,beacco,77.6159,85.9448,,,,,,,,13.1326,77.6159,104.3418,119.3345,129.165,19.328,85.9448,A2,beacco_only,,,seul,NOM
conversation,NOUN,A2,beacco,76.3909,43.7866,15.5753,76.3909,37.1313,32.5809,22.8111,19.2455,43.7866,16.4954,75.8245,53.3753,27.2478,26.3397,19.328,50.3163,A2,word_pos,conversation,N,conversation,NOM
suivant,ADJ,A2,beacco,74.3441,78.5885,40.8997,74.3441,99.556,44.9981,99.5816,25.9752,78.5885,15.7764,66.6444,124.2709,15.2047,54.0583,38.4989,69.337,A2,word_pos,suivant,A,suivant,ADJ
obliger,VERB,A2,beacco,72.5044,100.1552,11.5628,72.5044,88.5489,161.9546,133.1978,165.2557,100.1552,9.6008,67.9099,111.2874,151.804,172.2793,183.2011,107.872,A2,word_pos,obliger,V,obliger,VER
vérifier,VERB,A2,beacco,72.3983,42.6507,24.2021,72.3983,5.581,92.022,24.8092,9.6228,42.6507,24.6552,58.6415,13.5534,60.749,24.0018,19.328,38.0448,A2,word_pos,vérifier,V,vérifier,VER
douche,NOUN,A2,beacco,69.8449,18.5637,5.3282,69.8449,0.0,10.597,3.2084,0.0,18.5637,16.0636,37.7114,0.0,2.2839,6.8846,0.0,13.9874,A2,word_pos,douche,N,douche,NOM
lancer,VERB,A2,beacco,69.2141,136.4343,10.6245,69.2141,229.6149,130.2456,181.2382,194.412,136.4343,21.3709,70.0759,199.2527,134.0967,244.605,155.0469,140.7888,A2,word_pos,lancer,V,lancer,VER
équipe,NOUN,A2,beacco,68.2264,91.2385,24.2115,68.2264,76.7609,42.0876,303.9389,10.2933,91.2385,15.8157,67.9748,83.9599,38.4178,262.9953,4.0185,86.5892,A2,word_pos,équipe,N,équipe,NOM
auteur,NOUN,A2,beacco,66.7409,126.1713,22.3551,66.7409,75.1886,125.4512,418.6677,255.3714,126.1713,16.7031,77.4589,80.7238,117.5415,524.3,162.4685,136.2989,A2,word_pos,auteur,N,auteur,NOM
force,NOUN,A2,beacco,66.0973,91.3194,3.829,66.0973,96.0151,80.304,194.0786,234.1151,91.3194,16.6752,63.7692,125.7498,121.9192,202.5453,145.006,109.5438,A2,word_pos,force,N,force,NOM
abandonner,VERB,A2,beacco,62.3063,78.1439,35.4585,62.3063,104.8393,79.8074,73.6009,28.5334,78.1439,20.6833,63.4051,140.6614,47.0027,66.9321,56.7717,77.8163,A2,word_pos,abandonner,V,abandonner,VER
développement,NOUN,A2,beacco,62.2162,128.9789,7.2725,62.2162,122.068,76.2533,321.8469,475.7817,128.9789,10.9577,67.6112,134.0806,76.8779,379.0739,406.4891,141.3976,A2,word_pos,développement,N,développement,NOM
tel,PRON,A2,beacco,61.7912,223.0035,,,,,,,,18.99,61.7912,274.4638,288.9172,472.2618,411.0766,223.0035,A2,beacco_only,,,tel,PRO
léger,ADJ,A2,beacco,60.9173,31.6963,3.9018,60.9173,10.3653,50.9466,15.5058,9.6228,31.6963,7.7548,59.7729,18.3963,32.2612,12.0009,19.328,33.5215,A2,word_pos,léger,A,léger,ADJ
parole,NOUN,A2,beacco,60.277,50.5172,13.4703,60.277,67.3957,25.7596,50.0736,0.0,50.5172,15.0497,188.1477,122.1348,45.7178,72.5363,0.0,99.0126,A2,word_pos,parole,N,parole,NOM
sujet,NOUN,A2,beacco,59.9596,101.2941,12.103,59.9596,83.1851,79.1411,265.7322,279.7775,101.2941,16.0449,82.2717,107.9177,74.412,270.2917,423.9224,114.4604,A2,word_pos,sujet,N,sujet,NOM
elle - même,PRON,A2,crf_first_attested,59.5802,30.7128,0.0,59.5802,10.3587,21.5083,28.7068,56.9312,30.7128,,,,,,,,,crf_only,elle - même,PRO,,
président,NOUN,A2,beacco,59.5479,141.2064,14.2286,59.5479,181.4841,106.8127,193.077,174.5447,141.2064,16.871,54.4011,115.7398,108.1124,190.2392,192.6297,111.4834,A2,word_pos,président,N,président,NOM
scène,NOUN,A2,beacco,59.3784,107.706,8.0435,59.3784,160.5927,120.3567,62.3714,147.42,107.706,11.7515,79.1779,153.8776,92.781,81.5907,86.9662,104.8298,A2,word_pos,scène,N,scène,NOM
chaise,NOUN,A2,beacco,59.3578,41.372,9.3645,59.3578,25.8964,112.2325,1.6042,0.0,41.372,10.6132,63.6968,41.0361,124.4907,3.4423,0.0,55.7815,A2,word_pos,chaise,N,chaise,NOM
baguette,NOUN,A2,beacco,58.8554,13.5381,3.9274,58.8554,0.231,0.5755,0.0,0.0,13.5381,17.0052,57.4922,0.2331,0.911,0.0,0.0,16.2029,A2,word_pos,baguette,N,baguette,NOM
social,ADJ,A2,beacco,57.1168,235.0871,13.5451,57.1168,323.1082,132.6673,493.7932,1079.4612,235.0871,15.851,48.7637,283.296,136.3797,431.809,995.582,208.6548,A2,word_pos,social,A,social,ADJ
parisien,ADJ,A2,beacco,57.0901,97.3334,17.9463,57.0901,90.6624,241.8326,47.0879,101.4607,97.3334,11.8722,67.1205,68.6149,192.4348,94.8864,111.7223,90.186,A2,word_pos,parisien,A,parisien,ADJ
réalisateur,NOUN,A2,beacco,56.2258,29.6991,28.4436,56.2258,5.9644,16.5043,6.4168,0.0,29.6991,18.4998,70.2645,9.5167,8.9868,13.7692,0.0,31.5538,A2,word_pos,réalisateur,N,réalisateur,NOM
transport,NOUN,A2,beacco,55.1102,61.1523,4.7609,55.1102,69.5739,73.5293,102.6043,0.0,61.1523,9.7195,64.6796,68.0123,67.6011,121.9662,0.0,66.3465,A2,word_pos,transport,N,transport,NOM
parmi,PREP,A2,beacco,54.506,138.2455,11.6843,54.506,218.3678,154.403,158.3025,341.9489,138.2455,12.2835,54.1588,178.2306,115.7635,217.4359,393.9751,129.9396,A2,word_pos,parmi,PREP,parmi,PRP
économique,ADJ,A2,beacco,53.5602,96.9468,18.0222,53.5602,98.4708,65.9083,155.7652,232.0024,96.9468,15.5256,51.6812,112.9191,66.9849,139.8048,252.259,97.4119,A2,word_pos,économique,A,économique,ADJ
entraîner,VERB,A2,beacco,53.4692,83.6626,14.1488,53.4692,73.7067,41.5669,256.8054,113.8624,83.6626,17.1264,63.0568,83.5639,32.5903,265.4205,113.6757,85.8693,A2,word_pos,entraîner,V,entraîner,VER
échange,NOUN,A2,beacco,53.3397,83.1486,6.8747,53.3397,72.4505,70.4938,178.8748,170.7936,83.1486,9.8818,56.7883,70.7303,70.6284,206.2046,86.9662,80.0569,A2,word_pos,échange,N,échange,NOM
présent,ADJ,A2,beacco,51.9635,77.1423,21.6264,51.9635,76.3069,49.7113,94.0712,292.0387,77.1423,16.4654,39.3694,129.4337,45.2508,212.0723,363.772,105.7313,A2,word_pos,présent,A,présent,ADJ
universitaire,ADJ,A2,beacco,50.3999,48.0856,9.2318,50.3999,29.1009,3.0277,129.4611,64.3237,48.0856,15.8474,44.2078,28.3215,1.2705,102.4937,19.328,38.7508,A2,word_pos,universitaire,A,universitaire,ADJ
escalier,NOUN,A2,beacco,50.2087,79.3834,24.1416,50.2087,102.6019,138.1211,20.7298,0.0,79.3834,9.7278,67.0847,69.0353,101.4964,31.3528,0.0,67.7005,A2,word_pos,escalier,N,escalier,NOM
exprimer,VERB,A2,beacco,49.7796,49.1461,13.1183,49.7796,44.6485,45.7276,67.5749,43.6102,49.1461,7.9597,47.3126,39.3077,33.4292,92.388,86.9662,46.061,A2,word_pos,exprimer,V,exprimer,VER
prisonnier,NOUN,A2,beacco,49.6469,24.8833,5.5768,49.6469,22.1769,2.6828,6.2023,0.0,24.8833,21.4829,115.394,68.4326,23.7755,31.3528,0.0,69.0505,A2,word_pos,prisonnier,N,prisonnier,NOM
malade,NOUN,A2,beacco,49.5038,50.1246,17.4791,49.5038,16.8817,79.7192,80.7841,0.0,50.1246,22.4601,14.6478,11.836,36.4628,81.2641,0.0,30.9711,A2,word_pos,malade,N,malade,NOM
sauter,VERB,A2,beacco,49.4497,67.6035,43.4296,49.4497,108.18,59.6017,30.8006,0.0,67.6035,12.0362,59.2974,113.1839,42.6338,20.6179,0.0,61.6193,A2,word_pos,sauter,V,sauter,VER
conseiller,VERB,A2,beacco,49.1866,37.2718,5.613,49.1866,50.7208,26.5813,12.7628,28.8683,37.2718,7.804,66.5518,66.6708,40.7295,65.168,19.328,51.5662,A2,word_pos,conseiller,V,conseiller,VER
naturel,ADJ,A2,beacco,48.725,99.5152,38.0865,48.725,136.1435,22.8794,197.2273,240.7985,99.5152,16.0871,52.0116,130.2364,23.1002,230.3891,250.9018,97.5218,A2,word_pos,naturel,A,naturel,ADJ
retraite,NOUN,A2,beacco,48.6763,75.3465,9.2871,48.6763,89.2079,21.7895,201.6943,69.3619,75.3465,16.279,34.1143,88.137,14.1801,181.032,86.9662,67.375,A2,word_pos,retraite,N,retraite,NOM
développer,VERB,A2,beacco,48.6009,115.2028,7.2144,48.6009,171.7908,132.0149,215.6518,81.2491,115.2028,11.7812,58.2414,151.8022,109.1966,250.4639,185.5908,116.9959,A2,word_pos,développer,V,développer,VER
adapter,VERB,A2,beacco,48.4173,47.8005,21.3029,48.4173,36.4992,56.9813,51.07,12.9876,47.8005,16.8508,44.2811,28.6251,36.7047,104.5381,111.7223,48.1902,A2,word_pos,adapter,V,adapter,VER
voyageur,NOUN,A2,beacco,47.838,45.6104,5.1999,47.838,68.3724,25.7774,30.3551,0.0,45.6104,7.749,54.424,64.1826,24.9792,31.5653,0.0,46.0144,A2,word_pos,voyageur,N,voyageur,NOM
déposer,VERB,A2,beacco,47.5409,44.1548,8.0861,47.5409,64.661,16.4793,25.3674,4.1173,44.1548,15.8815,39.144,43.2538,11.804,31.3528,8.037,38.4486,A2,word_pos,déposer,V,déposer,VER
exclamer,VERB,A2,beacco,47.1705,48.3533,23.5793,47.1705,58.4251,5.781,20.4505,0.0,48.3533,14.0279,36.5,38.1403,3.9054,4.139,0.0,34.1582,A2,word_pos,exclamer,V,exclamer,VER
particulièrement,ADV,A2,beacco,47.0418,84.3464,8.0435,47.0418,69.562,69.5677,239.916,208.5946,84.3464,11.7515,45.8746,71.4921,90.037,237.3989,183.2011,86.6263,A2,word_pos,particulièrement,ADV,particulièrement,ADV
condition,NOUN,A2,beacco,46.1101,94.8905,6.9807,46.1101,94.5488,62.0993,226.3966,326.5329,94.8905,7.7151,43.0668,126.312,75.537,289.0641,202.2974,105.0072,A2,word_pos,condition,N,condition,NOM
louer,VERB,A2,beacco,45.8054,34.8102,28.0368,45.8054,24.6437,12.2704,37.1262,0.0,34.8102,20.7759,55.297,34.462,9.013,74.0915,0.0,43.6195,A2,word_pos,louer,V,louer,VER
chapeau,NOUN,A2,beacco,45.5979,52.6275,17.362,45.5979,61.3234,79.6873,0.0,0.0,52.6275,17.7014,37.4317,59.4923,100.7894,0.0,0.0,55.0706,A2,word_pos,chapeau,N,chapeau,NOM
bêtise,NOUN,A2,beacco,45.405,19.9524,11.3503,45.405,5.4444,0.0,41.7735,0.0,19.9524,16.4346,46.5209,4.6037,0.0,49.5147,0.0,21.175,A2,word_pos,bêtise,N,bêtise,NOM
galerie,NOUN,A2,beacco,45.1896,56.2403,8.1176,45.1896,54.2289,84.6841,3.1012,0.0,56.2403,7.9875,33.4103,65.8883,55.9028,6.0005,0.0,51.8422,A2,word_pos,galerie,N,galerie,NOM
spectateur,NOUN,A2,beacco,45.0681,35.7086,6.0363,45.0681,43.2928,9.0467,45.7939,0.0,35.7086,11.8758,48.0919,45.2006,8.7861,49.5147,0.0,40.6041,A2,word_pos,spectateur,N,spectateur,NOM
moitié,NOUN,A2,beacco,44.8824,98.8304,5.3854,44.8824,185.4217,135.8046,58.6409,136.7505,98.8304,10.9419,61.6509,187.0338,141.0992,83.9813,208.1843,113.2604,A2,word_pos,moitié,N,moitié,NOM
casser,VERB,A2,beacco,44.6982,34.2525,15.6432,44.6982,34.913,23.6235,19.8484,0.0,34.2525,22.3784,68.2977,51.2004,17.7887,40.1357,0.0,47.1023,A2,word_pos,casser,V,casser,VER
placer,VERB,A2,beacco,44.6021,80.9442,16.3116,44.6021,54.3121,85.7735,257.2812,116.5635,80.9442,18.5327,44.8194,67.3054,117.8862,200.7962,173.9324,86.1642,A2,word_pos,placer,V,placer,VER
allonger,VERB,A2,beacco,43.9467,27.2533,18.3297,43.9467,11.4131,9.4864,29.5463,19.2455,27.2533,16.7026,30.1331,9.3517,14.0086,26.3397,19.328,22.8849,A2,word_pos,allonger,V,allonger,VER
sang,NOUN,A2,beacco,43.918,82.37,7.9722,43.918,78.8291,173.9908,111.9953,64.3237,82.37,10.7312,39.5062,95.8788,165.3589,78.6751,111.7223,86.2135,A2,word_pos,sang,N,sang,NOM
violent,ADJ,A2,beacco,43.0328,28.0571,5.0827,43.0328,16.0897,3.0277,73.6009,12.9876,28.0571,16.6752,25.6894,18.5527,2.2839,54.0583,12.833,24.1854,A2,word_pos,violent,A,violent,ADJ
remporter,VERB,A2,beacco,42.7816,21.8106,7.7501,42.7816,16.362,3.0277,3.1012,0.0,21.8106,7.7362,21.3218,6.4559,2.2839,6.0005,0.0,12.3029,A2,word_pos,remporter,V,remporter,VER
inquiet,ADJ,A2,beacco,42.779,69.5107,17.462,42.779,130.7911,92.245,0.0,0.0,69.5107,11.7687,54.6059,157.0426,129.8505,0.0,0.0,86.0433,A2,word_pos,inquiet,A,inquiet,ADJ
territoire,NOUN,A2,beacco,42.6392,62.7514,3.8758,42.6392,72.7149,1.5139,140.0965,221.3233,62.7514,16.8613,44.222,54.5325,2.2839,161.8481,96.64,56.8706,A2,word_pos,territoire,N,territoire,NOM
celui-ci,PRON,A2,crf_first_attested,42.5513,47.4401,0.0,42.5513,57.4881,73.3521,55.9489,9.6228,47.4401,,,,,,,,,crf_only,celui-ci,PRO,,
enfermer,VERB,A2,beacco,41.8504,37.1306,15.8459,41.8504,29.8013,28.7449,52.1857,9.6228,37.1306,18.1866,52.5858,27.0766,43.6735,39.7963,19.328,42.9072,A2,word_pos,enfermer,V,enfermer,VER
signe,NOUN,A2,beacco,41.6856,87.8344,16.6835,41.6856,143.2846,47.2432,144.8383,115.0793,87.8344,17.8673,45.0872,159.0972,37.6072,58.4378,138.6137,83.281,A2,word_pos,signe,N,signe,NOM
personnel,ADJ,A2,beacco,41.48,66.4335,5.5892,41.48,65.7691,30.5721,158.4452,201.6639,66.4335,22.3032,41.353,74.7161,42.2083,271.6162,138.6137,82.4638,A2,word_pos,personnel,A,personnel,ADJ
capable,ADJ,A2,beacco,41.4364,52.2702,8.045,41.4364,27.4661,38.108,134.3066,146.3752,52.2702,10.2697,22.0204,25.6569,50.1502,158.8222,113.6757,47.1139,A2,word_pos,capable,A,capable,ADJ
album,NOUN,A2,beacco,40.8143,29.9874,16.9839,40.8143,7.9304,10.5935,0.0,0.0,29.9874,23.6523,52.3082,7.4403,10.1643,0.0,0.0,33.0537,A2,word_pos,album,N,album,NOM
contact,NOUN,A2,beacco,40.6088,73.2805,2.6483,40.6088,77.8578,127.1283,58.9219,112.7422,73.2805,11.9659,34.0904,83.1882,95.7663,54.0042,143.7667,72.3201,A2,word_pos,contact,N,contact,NOM
lequel,PRON,A2,beacco,40.182,196.0834,17.4836,40.182,259.1339,338.4924,394.6135,304.0605,196.0834,21.058,43.7919,288.6214,349.4609,488.34,318.2058,221.2217,A2,word_pos,lequel,PRO,lequel,PRO
humour,NOUN,A2,beacco,39.8249,34.5919,16.1671,39.8249,43.4485,13.504,9.3035,0.0,34.5919,16.4402,27.605,31.281,14.4101,6.0005,0.0,26.6619,A2,word_pos,humour,N,humour,NOM
queue,NOUN,A2,beacco,39.545,19.0682,21.027,39.545,5.1657,0.5285,29.7295,0.0,19.0682,20.5561,41.8783,7.0591,0.8102,41.1274,0.0,21.7042,A2,word_pos,queue,N,queue,NOM
fonctionner,VERB,A2,beacco,39.5145,46.9184,8.3763,39.5145,45.4855,16.3014,72.9017,115.0793,46.9184,13.2718,21.7375,37.0132,23.1002,40.0479,162.4685,40.151,A2,word_pos,fonctionner,V,fonctionner,VER
actuellement,ADV,A2,beacco,39.0157,61.3161,21.6802,39.0157,70.5595,8.2709,173.1079,64.3237,61.3161,24.1735,38.6192,58.7752,8.3751,175.0335,77.4712,58.758,A2,word_pos,actuellement,ADV,actuellement,ADV
dès,PREP,A2,beacco,38.3279,125.1358,3.88,38.3279,208.6759,132.8592,161.9258,265.2584,125.1358,15.2283,97.8867,331.3435,195.4112,296.1486,601.5437,211.5671,A2,word_pos,dès,PREP,dès,PRP
ainsi,CONJ,A2,beacco,37.5672,112.4166,,,,,,,,7.7985,37.5672,142.2511,118.9798,307.4475,87.6689,112.4166,A2,beacco_only,,,ainsi,KON
utile,ADJ,A2,beacco,37.4824,43.4965,19.1962,37.4824,45.9539,32.1464,75.9873,0.0,43.4965,16.8523,31.5175,64.6935,27.4424,92.2241,0.0,45.9133,A2,word_pos,utile,A,utile,ADJ
émission,NOUN,A2,beacco,37.3119,70.7791,35.5564,37.3119,52.5959,1.1509,137.2548,428.2484,70.7791,21.7762,49.0066,64.7565,1.822,171.9554,463.8346,83.994,A2,word_pos,émission,N,émission,NOM
sommeil,NOUN,A2,beacco,37.185,45.0499,30.7087,37.185,24.4107,56.0492,88.3229,0.0,45.0499,17.6923,24.354,34.4334,52.3865,99.6319,0.0,42.4393,A2,word_pos,sommeil,N,sommeil,NOM
rire,NOUN,A2,beacco,37.0904,27.3195,19.5806,37.0904,41.8793,0.2167,0.0,9.6228,27.3195,19.158,45.2511,46.1424,0.3387,0.0,19.328,31.3697,A2,word_pos,rire,N,rire,NOM
séparer,VERB,A2,beacco,37.0401,49.4799,15.3813,37.0401,71.4797,1.5139,100.6696,72.7833,49.4799,21.2317,37.2599,90.0856,2.2839,94.8864,113.6757,59.1815,A2,word_pos,séparer,V,séparer,VER
immense,ADJ,A2,beacco,36.5793,77.0591,19.8395,36.5793,155.4482,44.7762,77.0183,28.8683,77.0591,17.7401,52.6007,143.4695,43.8625,78.6751,38.656,77.7246,A2,word_pos,immense,A,immense,ADJ
terrain,NOUN,A2,beacco,36.5359,68.475,1.7078,36.5359,85.8217,64.091,126.5411,76.982,68.475,15.8691,35.2232,111.51,56.5348,116.5686,115.968,79.0324,A2,word_pos,terrain,N,terrain,NOM
artiste,NOUN,A2,beacco,35.8974,46.0746,16.6296,35.8974,18.5771,159.3636,3.1012,9.6228,46.0746,16.0593,31.4921,24.0132,169.378,6.0005,19.328,56.1728,A2,word_pos,artiste,N,artiste,NOM
stage,NOUN,A2,beacco,35.8835,34.3443,13.1844,35.8835,16.4194,0.7062,14.4378,115.473,34.3443,15.4358,27.321,25.2403,1.2705,10.3269,154.624,39.5893,A2,word_pos,stage,N,stage,NOM
avant,ADV,A2,beacco,35.6208,24.9806,19.4139,35.6208,17.0148,0.0,41.5144,6.4938,24.9806,22.181,41.9599,29.4503,8.1049,3.4423,0.0,29.005,A2,word_pos,avant,ADV,avant,ADV
gouvernement,NOUN,A2,beacco,35.4357,96.2424,6.0789,35.4357,79.16,99.024,256.2641,312.1535,96.2424,7.9276,65.2165,71.0385,83.0114,302.0189,328.3789,104.6908,A2,word_pos,gouvernement,N,gouvernement,NOM
rattraper,VERB,A2,beacco,35.1899,22.6378,11.1606,35.1899,11.1657,20.4692,12.4046,0.0,22.6378,7.7985,29.6283,7.3705,18.1992,12.0009,0.0,18.3673,A2,word_pos,rattraper,V,rattraper,VER
exposer,VERB,A2,beacco,34.3498,37.9654,9.815,34.3498,38.3007,18.3953,17.6463,19.2455,37.9654,14.3707,43.6203,26.9209,33.1531,6.8846,0.0,34.3762,A2,word_pos,exposer,V,exposer,VER
loi,NOUN,A2,beacco,34.2291,138.2293,18.3256,34.2291,271.8374,133.2919,236.8317,9.6228,138.2293,20.1383,37.1398,229.6254,159.0334,373.7132,19.328,149.8466,A2,word_pos,loi,N,loi,NOM
entier,ADJ,A2,beacco,34.0874,91.3768,12.4975,34.0874,163.4531,98.336,69.6881,128.7174,91.3768,19.4071,38.738,126.779,103.5868,102.2081,206.4962,93.5834,A2,word_pos,entier,A,entier,ADJ
de entre,PREP,A2,crf_first_attested,33.3967,34.6135,0.0,33.3967,26.1729,15.1036,61.6012,154.1931,34.6135,,,,,,,,,crf_only,de entre,PREP,,
cinquante,ADJ,A2,beacco,33.1473,34.5021,,,,,,,,16.1541,33.1473,42.4655,42.9655,0.0,0.0,34.5021,A2,beacco_only,,,cinquante,ADJ
ramasser,VERB,A2,beacco,33.1247,20.5818,8.2884,33.1247,26.4685,1.7898,0.0,0.0,20.5818,16.0708,37.0533,42.7243,3.7966,6.0005,0.0,30.0692,A2,word_pos,ramasser,V,ramasser,VER
colline,NOUN,A2,beacco,33.0248,27.0459,22.7131,33.0248,12.0397,44.5947,0.0,0.0,27.0459,15.7768,6.7296,19.121,38.1464,3.4423,0.0,19.5378,A2,word_pos,colline,N,colline,NOM
double,ADJ,A2,beacco,32.9368,40.9404,11.0166,32.9368,19.9069,103.3637,1.6042,96.2275,40.9404,16.5229,20.7024,11.8175,75.8592,20.024,115.968,35.2914,A2,word_pos,double,A,double,ADJ
radio,NOUN,A2,beacco,32.4159,50.4153,8.0572,32.4159,62.4593,34.3162,73.3135,19.2455,50.4153,7.9383,30.5262,33.7151,13.5743,49.1091,19.328,34.7216,A2,word_pos,radio,N,radio,NOM
cultiver,VERB,A2,beacco,32.1539,26.522,25.1111,32.1539,24.1471,4.6862,19.6975,19.2455,26.522,12.8211,19.718,29.8277,8.2033,20.024,19.328,24.0611,A2,word_pos,cultiver,V,cultiver,VER
véhicule,NOUN,A2,beacco,32.1191,30.3513,11.5012,32.1191,12.4751,3.0277,80.7841,0.0,30.3513,11.0688,34.2134,20.0881,4.5679,121.9592,0.0,36.7477,A2,word_pos,véhicule,N,véhicule,NOM
juge,NOUN,A2,beacco,32.0731,69.0262,8.2957,32.0731,16.0295,335.5809,19.6975,135.3636,69.0262,16.5213,37.1834,18.363,426.876,20.024,127.4317,91.8851,A2,word_pos,juge,N,juge,NOM
commissariat,NOUN,A2,beacco,31.8382,20.3812,14.7472,31.8382,3.1412,28.4544,9.3035,0.0,20.3812,10.263,21.6599,3.5301,52.067,6.0005,0.0,21.3823,A2,word_pos,commissariat,N,commissariat,NOM
chiffre,NOUN,A2,beacco,31.8265,62.4659,20.2941,31.8265,67.0727,21.7192,129.3142,182.7867,62.4659,7.9875,21.0513,102.6831,25.7322,154.2908,259.353,71.1588,A2,word_pos,chiffre,N,chiffre,NOM
quotidien,ADJ,A2,beacco,31.7005,74.6052,11.2308,31.7005,107.6517,52.9461,104.1541,154.1931,74.6052,7.6879,33.9848,85.7449,39.0846,115.5086,283.8586,69.2632,A2,word_pos,quotidien,A,quotidien,ADJ
appuyer,VERB,A2,beacco,31.5984,42.2701,15.6056,31.5984,48.1614,8.4175,122.6325,0.0,42.2701,7.7569,22.1314,49.0947,9.0915,129.165,0.0,35.7289,A2,word_pos,appuyer,V,appuyer,VER
mystérieux,ADJ,A2,beacco,31.159,39.7344,13.8307,31.159,57.2747,41.4406,3.1012,0.0,39.7344,16.2181,23.4772,84.7271,15.7322,6.0005,0.0,42.0481,A2,word_pos,mystérieux,A,mystérieux,ADJ
achat,NOUN,A2,beacco,31.0873,42.9522,14.2823,31.0873,46.9378,6.0554,143.8968,0.0,42.9522,18.9749,42.1768,69.8352,4.5679,214.6472,0.0,58.3939,A2,word_pos,achat,N,achat,NOM
moi - même,PRON,A2,crf_first_attested,31.0776,24.9845,0.0,31.0776,25.7653,49.6287,1.6042,9.6228,24.9845,,,,,,,,,crf_only,moi - même,PRO,,
affiche,NOUN,A2,beacco,31.041,19.9916,5.7349,31.041,16.6606,12.3852,9.8067,0.0,19.9916,7.8941,27.5952,22.5133,12.3566,29.205,0.0,24.6824,A2,word_pos,affiche,N,affiche,NOM
construction,NOUN,A2,beacco,30.83,62.2914,18.0709,30.83,68.8758,71.299,77.3268,78.0384,62.2914,18.4998,33.8426,75.4904,59.8728,62.7057,77.4712,61.9648,A2,word_pos,construction,N,construction,NOM
attaquer,VERB,A2,beacco,30.7459,35.7576,1.2043,30.7459,23.8032,62.8275,62.6479,0.0,35.7576,13.4471,34.9866,24.1585,62.225,90.442,0.0,42.8351,A2,word_pos,attaquer,V,attaquer,VER
adolescent,NOUN,A2,beacco,30.7329,43.1198,18.7086,30.7329,49.7681,65.7751,24.3636,0.0,43.1198,20.0853,39.6058,43.6518,51.9016,63.3793,12.833,47.1572,A2,word_pos,adolescent,N,adolescent,NOM
fond,NOUN,A2,beacco,30.6605,65.4021,13.189,30.6605,111.7775,80.0685,49.2438,26.5664,65.4021,24.6338,118.4213,200.9641,158.17,177.7984,44.6051,147.2931,A2,word_pos,fond,N,fond,NOM
brûler,VERB,A2,beacco,30.647,42.2183,13.7669,30.647,43.0127,45.4277,69.6881,9.6228,42.2183,16.7918,50.9757,62.6548,56.2716,65.9532,19.328,56.9044,A2,word_pos,brûler,V,brûler,VER
période,NOUN,A2,beacco,30.5364,65.2162,15.429,30.5364,36.3808,60.5495,129.624,319.1316,65.2162,21.2547,40.0688,56.8871,91.9594,113.7632,283.8586,76.7553,A2,word_pos,période,N,période,NOM
garage,NOUN,A2,beacco,30.5239,21.4125,7.6346,30.5239,3.6617,8.9564,73.0617,0.0,21.4125,15.5473,30.3388,4.5626,8.3922,41.1274,0.0,20.6023,A2,word_pos,garage,N,garage,NOM
ballon,NOUN,A2,beacco,30.471,16.6751,16.9352,30.471,10.0092,0.0,13.8696,0.0,16.6751,16.423,22.8588,8.9365,0.0,20.6179,0.0,15.4103,A2,word_pos,ballon,N,ballon,NOM
retenir,VERB,A2,beacco,30.3103,50.605,16.1368,30.3103,31.3753,82.6214,79.1447,64.9379,50.605,16.1153,15.3761,38.6746,64.7068,92.388,38.4989,44.8169,A2,word_pos,retenir,V,retenir,VER
bulletin,NOUN,A2,beacco,30.135,19.6552,22.7585,30.135,17.941,0.0,0.0,0.0,19.6552,7.9875,4.4786,26.7019,0.0,0.0,0.0,11.6755,A2,word_pos,bulletin,N,bulletin,NOM
proche,ADJ,A2,beacco,30.04,77.4965,18.777,30.04,88.2209,108.9095,157.6687,19.2455,77.4965,23.0766,15.1451,88.9501,66.4822,158.8399,19.328,63.509,A2,word_pos,proche,A,proche,ADJ
camarade,NOUN,A2,beacco,30.0216,31.3919,10.3243,30.0216,49.8771,6.7936,0.0,0.0,31.3919,18.5968,26.4279,58.4173,6.4611,0.0,0.0,37.9343,A2,word_pos,camarade,N,camarade,NOM
champ,NOUN,A2,beacco,29.5723,24.5416,0.0,29.5723,9.9431,11.2978,61.9079,76.4106,24.5416,7.6166,52.4484,37.8241,15.0561,96.005,164.1035,48.908,A2,word_pos,champ,N,champ,NOM
américain,ADJ,A2,beacco,29.3919,66.7561,11.4618,29.3919,82.5722,68.5624,127.6412,86.6048,66.7561,17.1738,33.92,83.4693,66.6867,129.165,38.656,69.0877,A2,word_pos,américain,A,américain,ADJ
applaudir,VERB,A2,beacco,29.2242,24.4452,12.8291,29.2242,36.8937,0.0,6.4168,0.0,24.4452,22.0423,27.5645,30.02,0.0,3.4423,0.0,22.6404,A2,word_pos,applaudir,V,applaudir,VER
hein,NOUN,A2,beacco,29.0688,11.1577,8.5067,29.0688,0.753,4.9476,0.0,0.0,11.1577,16.8508,18.9067,0.7866,9.5296,0.0,0.0,11.6869,A2,unique_word,hein,N,hein,INT
soif,NOUN,A2,beacco,28.9548,18.2055,8.8559,28.9548,12.7961,6.5159,0.0,25.9752,18.2055,11.7737,27.5281,14.9231,8.3922,0.0,25.6659,19.4563,A2,word_pos,soif,N,soif,NOM
sable,NOUN,A2,beacco,28.6965,13.0678,2.0787,28.6965,9.2395,0.5755,4.8126,0.0,13.0678,15.9296,15.402,17.8516,0.911,10.3269,0.0,18.7875,A2,word_pos,sable,N,sable,NOM
nourriture,NOUN,A2,beacco,28.4249,30.9859,7.8158,28.4249,67.141,0.0,6.2023,2.0587,30.9859,7.7628,38.5174,48.6506,0.0,6.0005,4.0185,28.6506,A2,word_pos,nourriture,N,nourriture,NOM
beauté,NOUN,A2,beacco,28.2131,54.0832,13.0591,28.2131,95.5858,52.5929,4.8126,56.9312,54.0832,11.904,34.0164,89.4405,56.7633,6.8846,56.7717,56.645,A2,word_pos,beauté,N,beauté,NOM
allemand,NOUN,A2,beacco,28.1001,39.0116,45.1337,28.1001,13.0427,55.1143,6.4168,105.8503,39.0116,16.9564,8.9874,0.8759,24.9664,6.8846,38.656,16.5399,A2,word_pos,allemand,N,allemand,NOM
style,NOUN,A2,beacco,27.7944,50.7759,10.5562,27.7944,67.3346,44.7149,71.4549,44.2742,50.7759,11.7965,38.6413,66.7417,45.0141,51.9203,78.971,56.8257,A2,word_pos,style,N,style,NOM
fixer,VERB,A2,beacco,27.7443,49.1238,13.5349,27.7443,43.5614,8.4152,119.6117,185.4324,49.1238,16.1153,35.4233,54.3678,9.0915,113.8499,154.9424,52.1645,A2,word_pos,fixer,V,fixer,VER
étroit,ADJ,A2,beacco,27.3516,29.495,3.829,27.3516,29.0657,62.267,12.4046,0.0,29.495,16.6889,33.1372,33.7615,52.8216,18.0014,0.0,36.1944,A2,word_pos,étroit,A,étroit,ADJ
blessure,NOUN,A2,beacco,27.3212,34.014,3.8329,27.3212,24.921,89.4125,0.0,0.0,34.014,7.6479,17.276,17.6868,82.2821,0.0,0.0,30.3794,A2,word_pos,blessure,N,blessure,NOM
bac,NOUN,A2,beacco,27.1248,27.9279,19.297,27.1248,23.3984,0.0,8.2019,96.2275,27.9279,16.1402,29.9549,17.0691,0.0,8.2781,96.64,25.6548,A2,word_pos,bac,N,bac,NOM
traditionnel,ADJ,A2,beacco,26.8665,65.8462,19.1947,26.8665,60.8247,103.4776,31.3338,251.9556,65.8462,16.7393,21.8691,41.502,87.1325,20.024,230.3781,52.8357,A2,word_pos,traditionnel,A,traditionnel,ADJ
auberge,NOUN,A2,beacco,26.7642,56.4923,21.1929,26.7642,124.9793,32.6516,0.0,0.0,56.4923,21.7762,20.8652,160.9688,36.7126,0.0,0.0,64.9471,A2,word_pos,auberge,N,auberge,NOM
organisme,NOUN,A2,beacco,26.7016,43.0335,0.5025,26.7016,14.4678,20.7718,151.2303,100.8319,43.0335,7.6879,25.381,12.0707,23.1002,130.1128,86.9662,39.9608,A2,word_pos,organisme,N,organisme,NOM
solidarité,NOUN,A2,beacco,26.4832,44.9351,5.6881,26.4832,46.8308,85.4185,3.2084,57.7365,44.9351,8.2235,11.8181,29.9007,62.218,6.8846,57.984,33.5111,A2,word_pos,solidarité,N,solidarité,NOM
lapin,NOUN,A2,beacco,25.9436,25.2026,8.1176,25.9436,33.9348,7.4055,0.0,0.0,25.2026,7.9875,28.3128,24.7095,1.3018,0.0,0.0,18.0936,A2,word_pos,lapin,N,lapin,NOM
tout à fait,ADV,A2,crf_first_attested,25.693,35.0887,0.0,25.693,45.9606,36.3529,45.2699,19.2455,35.0887,,,,,,,,,crf_only,tout à fait,ADV,,
concours,NOUN,A2,beacco,25.644,31.3867,25.9166,25.644,25.1549,2.8249,41.1914,0.0,31.3867,16.3337,19.3937,24.937,2.5411,55.2176,0.0,29.3266,A2,word_pos,concours,N,concours,NOM
citer,VERB,A2,beacco,25.5066,39.4514,5.829,25.5066,41.1023,11.3051,32.0064,120.7672,39.4514,7.9597,12.6325,36.8747,13.8424,45.1187,56.7717,31.3411,A2,word_pos,citer,V,citer,VER
niveau,NOUN,A2,beacco,25.3377,103.6521,17.7791,25.3377,106.6253,58.6646,291.1749,490.3702,103.6521,16.0042,33.3143,109.8828,48.6553,277.2527,599.8965,104.0104,A2,word_pos,niveau,N,niveau,NOM
occasion,NOUN,A2,beacco,24.9337,56.1357,22.8574,24.9337,88.3585,42.0955,71.5728,9.6228,56.1357,19.4982,41.0923,127.7504,79.3774,136.686,19.328,78.9343,A2,word_pos,occasion,N,occasion,NOM
sauvage,ADJ,A2,beacco,24.6117,40.9555,24.1854,24.6117,58.4099,40.4647,21.7081,0.0,40.9555,16.1628,35.9073,53.7639,29.8069,18.0014,0.0,35.2659,A2,word_pos,sauvage,A,sauvage,ADJ
neveu,NOUN,A2,beacco,24.5057,14.4555,33.1696,24.5057,2.6076,2.0121,0.0,0.0,14.4555,20.321,21.8222,7.1907,3.5867,0.0,0.0,15.0596,A2,word_pos,neveu,N,neveu,NOM
jaloux,ADJ,A2,beacco,24.2704,14.1734,17.5947,24.2704,7.9755,0.0,0.0,0.0,14.1734,18.9494,36.8847,17.4403,0.0,0.0,0.0,19.1195,A2,word_pos,jaloux,A,jaloux,ADJ
coupe,NOUN,A2,beacco,24.2253,17.6931,14.9361,24.2253,2.5772,9.6166,27.7392,6.176,17.6931,11.0804,27.6285,3.5301,11.0214,20.6179,4.0185,17.1749,A2,word_pos,coupe,N,coupe,NOM
volé,ADJ,A2,crf_first_attested,24.1558,17.2896,0.0,24.1558,32.6954,10.3268,0.0,0.0,17.2896,,,,,,,,,crf_only,volé,A,,
nécessaire,ADJ,A2,beacco,24.0999,52.4322,5.613,24.0999,52.2275,13.6482,158.0417,183.1123,52.4322,10.8726,34.2075,53.1307,6.0629,205.1494,158.8032,62.087,A2,word_pos,nécessaire,A,nécessaire,ADJ
au lieu de,PREP,A2,crf_first_attested,24.0159,37.4842,0.0,24.0159,54.6898,23.9489,71.8069,44.2742,37.4842,,,,,,,,,crf_only,au lieu de,PREP,,
phrase,NOUN,A2,beacco,23.9938,43.1541,13.4325,23.9938,26.7428,18.4029,81.7252,157.8469,43.1541,16.2045,24.0792,24.1025,15.7322,56.8202,86.9662,34.961,A2,word_pos,phrase,N,phrase,NOM
malheureusement,ADV,A2,beacco,23.9856,37.6687,31.1255,23.9856,39.508,57.5198,25.5361,0.0,37.6687,24.4342,13.1349,35.172,44.0348,40.1357,0.0,32.6697,A2,word_pos,malheureusement,ADV,malheureusement,ADV
progrès,NOUN,A2,beacco,23.9573,55.2963,13.2607,23.9573,61.3714,10.2418,139.2504,174.4409,55.2963,14.5677,16.94,45.0858,18.183,120.2103,202.2974,49.1997,A2,word_pos,progrès,N,progrès,NOM
poussière,NOUN,A2,beacco,23.9115,25.6463,22.2034,23.9115,17.9596,9.1168,37.9244,0.0,25.6463,19.7138,30.1558,19.0551,9.025,31.3528,0.0,25.7898,A2,word_pos,poussière,N,poussière,NOM
simplement,ADV,A2,beacco,22.6623,50.6759,15.6725,22.6623,50.7983,79.9293,73.6185,56.5655,50.6759,21.1036,67.0734,95.6073,182.1218,158.8936,142.7957,103.5238,A2,word_pos,simplement,ADV,simplement,ADV
lune,NOUN,A2,beacco,22.6007,18.355,5.8089,22.6007,16.9151,2.6847,29.7295,0.0,18.355,15.9708,27.1086,23.6764,5.6949,20.024,0.0,24.8178,A2,word_pos,lune,N,lune,NOM
historique,ADJ,A2,beacco,22.5528,62.1405,23.0509,22.5528,84.097,19.6504,149.7127,57.7365,62.1405,22.6907,19.2275,78.2496,14.1801,135.2963,19.328,51.7391,A2,word_pos,historique,A,historique,ADJ
patron,NOUN,A2,beacco,22.3868,87.8907,10.8549,22.3868,103.6435,334.402,52.0771,0.0,87.8907,14.4422,23.2878,84.6469,391.0904,52.5392,0.0,97.1696,A2,word_pos,patron,N,patron,NOM
marque,NOUN,A2,beacco,22.2826,81.0233,11.1917,22.2826,45.0183,150.2404,279.4364,105.3719,81.0233,7.7548,9.864,63.9496,103.8903,361.6589,134.1811,83.6086,A2,word_pos,marque,N,marque,NOM
botte,NOUN,A2,beacco,22.2819,11.074,11.591,22.2819,7.1139,0.0,0.0,0.0,11.074,11.9659,19.4018,9.488,0.0,0.0,0.0,11.4,A2,word_pos,botte,N,botte,NOM
surveiller,VERB,A2,beacco,21.7894,41.5042,10.856,21.7894,26.9583,100.5896,24.8092,0.0,41.5042,9.4642,31.0589,51.1851,124.9879,31.3781,0.0,55.4706,A2,word_pos,surveiller,V,surveiller,VER
comédien,NOUN,A2,beacco,21.3604,14.517,2.4979,21.3604,16.6056,0.6707,3.1012,0.0,14.517,11.2064,20.0976,16.338,1.7933,20.024,0.0,20.9556,A2,word_pos,comédien,N,comédien,NOM
combat,NOUN,A2,beacco,21.3019,22.9162,13.2354,21.3019,26.7334,10.2418,15.7275,6.4938,22.9162,15.5424,38.3102,40.3064,11.6267,31.3781,12.833,34.6256,A2,word_pos,combat,N,combat,NOM
industriel,ADJ,A2,beacco,21.211,48.647,5.7198,21.211,58.7186,28.5388,93.6638,51.9503,48.647,7.6879,11.1796,40.0758,28.335,104.967,38.4989,39.6574,A2,word_pos,industriel,A,industriel,ADJ
confirmer,VERB,A2,beacco,21.1681,39.6308,11.2662,21.1681,26.2112,58.6507,69.6881,144.3413,39.6308,12.3364,25.8921,34.5605,44.5476,65.9532,154.624,45.3514,A2,word_pos,confirmer,V,confirmer,VER
info,NOUN,A2,crf_first_attested,20.9438,13.7632,0.0,20.9438,15.3656,2.3018,0.0,28.8683,13.7632,,,,,,,,,crf_only,info,N,,
rapprocher,VERB,A2,beacco,20.7927,29.9493,9.7131,20.7927,32.8097,16.1615,47.0879,26.5664,29.9493,8.2235,23.7911,51.5232,22.6917,66.9321,52.5084,39.916,A2,word_pos,rapprocher,V,rapprocher,VER
blé,NOUN,A2,beacco,20.565,15.7103,13.2471,20.565,13.5343,0.5755,9.3035,0.0,15.7103,9.515,17.9883,9.7588,0.911,18.0014,0.0,12.8001,A2,word_pos,blé,N,blé,NOM
ingénieur,NOUN,A2,beacco,20.5381,41.8247,9.2546,20.5381,36.5848,41.3041,117.5434,39.7676,41.8247,7.7059,26.0959,60.6916,58.0479,76.6769,43.8345,51.0908,A2,word_pos,ingénieur,N,ingénieur,NOM
six,ADJ,A2,crf_first_attested,20.5274,11.0139,0.0,20.5274,6.641,11.1239,1.6042,9.6228,11.0139,,,,,,,,,crf_only,six,A,,
profession,NOUN,A2,beacco,20.3816,46.057,24.7069,20.3816,29.0254,75.2673,56.7127,146.3752,46.057,21.1203,21.5519,37.2941,65.2085,80.3223,135.3747,49.6363,A2,word_pos,profession,N,profession,NOM
possibilité,NOUN,A2,beacco,20.2876,29.6955,0.9991,20.2876,30.6719,3.0277,90.6628,6.4938,29.6955,7.7059,32.6406,58.97,25.2148,148.9202,135.3747,57.2071,A2,word_pos,possibilité,N,possibilité,NOM
fidèle,ADJ,A2,beacco,20.2332,32.8493,30.1677,20.2332,40.6354,13.6704,9.8488,43.6102,32.8493,23.6019,23.7412,20.5803,8.4014,20.024,38.656,26.2405,A2,word_pos,fidèle,A,fidèle,ADJ
foyer,NOUN,A2,beacco,20.0997,29.4922,5.7948,20.0997,48.9447,1.0571,45.3131,9.6228,29.4922,18.5497,18.4102,50.3881,9.5948,41.2358,38.656,34.5631,A2,word_pos,foyer,N,foyer,NOM
liste,NOUN,A2,beacco,19.8815,59.8555,28.6936,19.8815,77.9982,31.9373,57.5361,212.7664,59.8555,23.5255,23.6631,42.8993,44.3131,54.0583,240.7752,51.1095,A2,word_pos,liste,N,liste,NOM
romain,ADJ,A2,beacco,19.8366,16.0834,11.2259,19.8366,13.4724,0.0,6.4168,0.0,16.0834,10.8726,30.1321,5.0007,0.0,6.8846,0.0,15.0206,A2,word_pos,romain,A,romain,ADJ
bouquet,NOUN,A2,beacco,19.8195,15.2765,7.7231,19.8195,16.514,0.0,3.1012,6.176,15.2765,9.4738,12.9004,27.4306,0.0,6.0005,4.0185,16.1268,A2,word_pos,bouquet,N,bouquet,NOM
tandis que,CONJ,A2,crf_first_attested,19.7205,45.3244,0.0,19.7205,55.2587,50.5117,86.0405,181.6208,45.3244,,,,,,,,,crf_only,tandis que,CONJS,,
moteur,NOUN,A2,beacco,19.6527,18.3653,8.2855,19.6527,5.2873,0.0,15.5058,150.72,18.3653,11.095,24.0384,6.5624,0.0,24.0018,113.6757,19.468,A2,word_pos,moteur,N,moteur,NOM
ambiance,NOUN,A2,beacco,19.5966,18.5605,16.4495,19.5966,27.178,0.0,0.0,4.1173,18.5605,16.1593,12.8431,30.28,0.0,0.0,4.0185,16.797,A2,word_pos,ambiance,N,ambiance,NOM
ceci,PRON,A2,beacco,19.4605,38.5092,7.0471,19.4605,39.7888,70.9379,12.4046,68.1256,38.5092,8.1662,16.3986,47.8771,89.1231,58.4378,77.4712,49.5628,A2,word_pos,ceci,PRO,ceci,PRO
visiteur,NOUN,A2,beacco,19.4511,36.8276,7.9856,19.4511,65.9455,30.3299,16.2172,0.0,36.8276,17.1548,23.9273,50.7635,43.7989,27.403,0.0,40.1634,A2,word_pos,visiteur,N,visiteur,NOM
prouver,VERB,A2,beacco,19.3408,44.3631,8.3063,19.3408,48.3066,78.1602,21.0617,145.5666,44.3631,16.5229,19.2631,59.2152,57.5748,33.4475,201.2195,52.2125,A2,word_pos,prouver,V,prouver,VER
genre,NOUN,A2,beacco,19.1583,96.2492,18.8717,19.1583,137.6999,169.9859,136.9736,115.0793,96.2492,16.5155,15.0976,112.7292,140.5227,146.4853,162.4685,88.2283,A2,word_pos,genre,N,genre,NOM
féminin,ADJ,A2,beacco,19.1441,35.2361,3.9536,19.1441,35.2221,6.9055,49.4289,96.9035,35.2361,7.9156,30.7415,38.6375,11.5235,72.7509,95.2552,39.5185,A2,word_pos,féminin,A,féminin,ADJ
titre,NOUN,A2,beacco,19.0942,45.8892,2.9974,19.0942,28.3602,80.0611,41.6087,236.0822,45.8892,12.8211,27.0624,37.2481,94.2311,115.1111,108.7521,59.6805,A2,word_pos,titre,N,titre,NOM
royaume,NOUN,A2,beacco,19.0799,26.9287,29.3799,19.0799,16.652,0.0,36.5308,12.352,26.9287,14.1875,25.7468,26.6137,0.0,20.024,8.037,25.4554,A2,word_pos,royaume,N,royaume,NOM
hypertemps,NOUN,A2,crf_first_attested,19.0121,2.4797,0.0,19.0121,0.0,0.0,0.0,0.0,2.4797,,,,,,,,,crf_only,hypertemps,N,,
ainsi que,CONJ,A2,crf_first_attested,18.9622,59.5902,0.0,18.9622,68.8987,121.9366,156.6602,0.0,59.5902,,,,,,,,,crf_only,ainsi que,CONJC,,
celle-ci,PRON,A2,crf_first_attested,18.9592,37.3528,0.0,18.9592,40.7444,75.5322,79.681,9.6228,37.3528,,,,,,,,,crf_only,celle-ci,PRO,,
cv,NOUN,A2,crf_first_attested,18.9471,19.7715,0.0,18.9471,7.8571,78.1811,0.0,0.0,19.7715,,,,,,,,,crf_only,cv,N,,
base,NOUN,A2,beacco,18.8851,33.676,5.5909,18.8851,34.3493,25.4268,68.4061,72.608,33.676,10.8685,21.1064,37.2729,33.5794,102.2081,93.687,41.6488,A2,word_pos,base,N,base,NOM
candidat,NOUN,A2,beacco,18.8241,27.5915,15.8871,18.8241,17.168,33.3048,14.3534,32.9185,27.5915,22.5744,17.5667,16.7795,20.5555,16.5561,64.9209,33.72,A2,word_pos,candidat,N,candidat,NOM
richesse,NOUN,A2,beacco,18.4959,44.9246,10.34,18.4959,69.5727,6.8216,89.7055,12.352,44.9246,16.6526,18.9476,59.8721,9.1403,72.5363,8.037,40.8549,A2,word_pos,richesse,N,richesse,NOM
difficulté,NOUN,A2,beacco,18.4371,34.1174,10.3866,18.4371,47.9215,24.8572,38.5091,9.6228,34.1174,16.9185,33.6519,99.6667,103.7859,120.9289,162.4685,81.9289,A2,word_pos,difficulté,N,difficulté,NOM
inconnu,ADJ,A2,beacco,18.1866,27.8298,18.4446,18.1866,49.55,4.8562,13.3747,6.4938,27.8298,16.3824,27.2528,25.5446,8.3751,19.861,12.833,24.3143,A2,word_pos,inconnu,A,inconnu,ADJ
avant,NOUN,A2,beacco,18.0245,7.8008,0.4014,18.0245,0.4732,0.0,15.1776,6.4938,7.8008,16.3071,38.9229,16.0275,3.5867,66.9321,25.6659,30.5585,A2,word_pos,avant,N,avant,NOM
célébrer,VERB,A2,beacco,18.0015,19.2882,20.9384,18.0015,12.0844,1.4125,20.4505,19.2455,19.2882,18.6065,6.539,15.0528,9.013,54.0583,19.328,19.0105,A2,word_pos,célébrer,V,célébrer,VER
sauf,PREP,A2,beacco,17.799,28.9241,25.259,17.799,27.2971,26.3129,47.0879,0.0,28.9241,15.6061,39.6439,39.5022,50.7873,65.168,44.6051,46.1948,A2,word_pos,sauf,PREP,sauf,PRP
après tout,ADV,A2,crf_first_attested,17.7882,17.3302,0.0,17.7882,20.9746,12.1109,2.0505,19.4814,17.3302,,,,,,,,,crf_only,après tout,ADV,,
mentir,VERB,A2,beacco,17.6818,20.2239,6.8395,17.6818,25.9757,11.5875,16.8923,0.0,20.2239,11.0804,27.644,34.0145,22.5411,27.9938,0.0,30.0287,A2,word_pos,mentir,V,mentir,VER
responsabilité,NOUN,A2,beacco,17.6584,22.7651,,,,,,,,11.9785,17.6584,0.7812,18.0886,85.2966,12.833,22.7651,A2,beacco_only,,,responsabilité,NOM
au moment où,CONJ,A2,crf_first_attested,17.5594,6.4108,0.0,17.5594,2.4017,0.7062,6.2023,0.0,6.4108,,,,,,,,,crf_only,au moment où,CONJS,,
dialogue,NOUN,A2,beacco,17.4318,12.9666,5.4124,17.4318,10.5946,0.0,13.3747,19.4814,12.9666,7.9875,15.2092,14.4736,0.0,27.403,25.6659,18.0126,A2,word_pos,dialogue,N,dialogue,NOM
planter,VERB,A2,beacco,17.4014,32.5755,22.3268,17.4014,42.7949,59.9894,0.0,0.0,32.5755,16.3038,24.3144,58.4854,65.2386,0.0,12.833,42.5485,A2,word_pos,planter,V,planter,VER
justice,NOUN,A2,beacco,17.3417,48.1273,3.875,17.3417,79.1321,13.226,106.3406,72.7833,48.1273,7.7362,27.7192,72.0083,33.0885,124.5768,77.4712,57.5874,A2,word_pos,justice,N,justice,NOM
du moins,ADV,A2,crf_first_attested,17.1855,13.2042,0.0,17.1855,2.8945,23.6991,4.8126,28.8683,13.2042,,,,,,,,,crf_only,du moins,ADV,,
convaincre,VERB,A2,beacco,17.0186,46.1747,7.7309,17.0186,50.4509,47.1752,119.6765,19.4814,46.1747,9.6008,29.2321,51.7464,27.2478,119.1068,25.6659,48.1469,A2,word_pos,convaincre,V,convaincre,VER
notamment,ADV,A2,beacco,16.9648,91.7795,5.7946,16.9648,69.9814,102.527,193.5564,613.9885,91.7795,11.8556,11.8378,79.5687,68.6242,258.0264,465.1839,82.8834,A2,word_pos,notamment,ADV,notamment,ADV
froid,NOUN,A2,beacco,16.4748,16.2699,4.0217,16.4748,27.0118,0.0,3.2084,0.0,16.2699,7.9597,3.2038,45.9469,0.0,3.4423,0.0,18.6811,A2,word_pos,froid,N,froid,NOM
commerçant,NOUN,A2,beacco,16.3354,26.6739,12.5726,16.3354,20.8208,39.3873,4.101,0.0,26.6739,21.9999,10.0707,21.0453,55.968,4.139,0.0,28.647,A2,word_pos,commerçant,N,commerçant,NOM
sincère,ADJ,A2,beacco,16.3013,11.2145,7.8637,16.3013,0.2405,21.6473,3.2084,9.6228,11.2145,7.804,10.6217,3.2133,18.0984,3.4423,19.328,11.9835,A2,word_pos,sincère,A,sincère,ADJ
sécurité,NOUN,A2,beacco,16.1456,51.0178,8.794,16.1456,62.5885,25.1908,139.0192,78.0384,51.0178,7.7569,18.9748,64.645,29.6654,132.72,135.3747,55.1103,A2,word_pos,sécurité,N,sécurité,NOM
exagérer,VERB,A2,beacco,16.1001,17.4845,0.4068,16.1001,13.9165,17.827,9.6252,9.6228,17.4845,7.7548,3.7447,13.5637,8.1049,3.4423,19.328,13.2156,A2,word_pos,exagérer,V,exagérer,VER
gardien,NOUN,A2,beacco,15.9408,14.6875,10.7074,15.9408,2.0123,5.3655,12.4046,0.0,14.6875,15.2958,12.2628,2.6693,14.3466,6.0005,0.0,16.1287,A2,word_pos,gardien,N,gardien,NOM
chéri,NOUN,A2,beacco,15.8265,7.0045,9.6348,15.8265,0.0908,0.0,1.6042,0.0,7.0045,13.0616,25.39,0.2504,0.0,3.4423,0.0,10.627,A2,word_pos,chéri,N,chéri,NOM
ouh,X,A2,crf_first_attested,15.7668,2.3957,0.0,15.7668,0.0,0.0,0.0,0.0,2.3957,,,,,,,,,crf_only,ouh,X,,
nettoyer,VERB,A2,beacco,15.6482,16.856,12.4113,15.6482,18.0242,0.0,6.2023,0.0,16.856,11.3678,8.0728,18.2339,0.0,6.0005,0.0,13.9861,A2,word_pos,nettoyer,V,nettoyer,VER
chaînes,NOUN,A2,crf_first_attested,15.4696,23.052,0.0,15.4696,0.2366,49.4364,49.4289,115.473,23.052,,,,,,,,,crf_only,chaînes,N,,
décevoir,VERB,A2,beacco,14.978,8.9799,14.6671,14.978,3.0211,0.8259,2.0505,0.0,8.9799,19.0721,8.4565,3.5715,0.0,4.139,0.0,8.4595,A2,word_pos,décevoir,V,décevoir,VER
secteur,NOUN,A2,beacco,14.7485,45.9867,14.3535,14.7485,45.8631,25.8012,55.351,261.984,45.9867,20.5748,20.0477,42.0478,14.1801,69.9024,340.6303,49.7408,A2,word_pos,secteur,N,secteur,NOM
symbole,NOUN,A2,beacco,14.6283,32.4927,20.5009,14.6283,42.4419,1.4125,36.6567,56.3681,32.4927,16.1754,18.9434,35.5623,2.5411,20.6179,77.4712,30.0344,A2,word_pos,symbole,N,symbole,NOM
diviser,VERB,A2,beacco,14.5727,32.189,1.005,14.5727,31.6319,24.6392,52.5187,86.9525,32.189,7.9276,18.1798,26.6057,26.1954,52.5392,77.4712,31.4688,A2,word_pos,diviser,V,diviser,VER
comédie,NOUN,A2,beacco,14.4418,22.0313,3.8925,14.4418,16.8023,40.9813,1.6042,0.0,22.0313,16.7207,16.4602,18.6615,51.3969,3.4423,0.0,29.3956,A2,word_pos,comédie,N,comédie,NOM
personne,ADJ,A2,crf_first_attested,14.4029,3.4042,0.0,14.4029,0.0554,0.8949,0.0,0.0,3.4042,,,,,,,,,crf_only,personne,A,,
mignon,ADJ,A2,beacco,14.394,4.8082,9.0228,14.394,0.0,0.0,0.0,0.0,4.8082,11.3066,15.0839,0.0,0.0,0.0,0.0,4.9289,A2,word_pos,mignon,A,mignon,ADJ
publicité,NOUN,A2,beacco,14.3831,41.6446,6.1084,14.3831,37.8328,27.0867,74.6038,9.6228,41.6446,7.7628,26.9972,46.366,18.183,92.3312,19.328,47.2717,A2,word_pos,publicité,N,publicité,NOM
rendre compter,VERB,A2,crf_first_attested,14.3399,17.7044,0.0,14.3399,24.4979,24.7302,1.6042,2.0587,17.7044,,,,,,,,,crf_only,rendre compter,V,,
bibliothèque,NOUN,A2,beacco,14.2929,23.7268,8.8934,14.2929,43.025,0.4335,17.3764,0.0,23.7268,15.6804,12.9994,24.3024,0.3387,20.024,0.0,18.2742,A2,word_pos,bibliothèque,N,bibliothèque,NOM
sud-ouest,NOUN,A2,beacco,14.2907,9.993,,,,,,,,7.8121,14.2907,4.768,1.3018,6.0005,0.0,9.993,A2,beacco_only,,,sud-ouest,NOM
eaux,NOUN,A2,crf_first_attested,14.1629,18.7546,0.0,14.1629,20.3268,4.8562,20.7298,104.0243,18.7546,,,,,,,,,crf_only,eaux,N,,
déchets,NOUN,A2,crf_first_attested,13.9695,13.528,0.0,13.9695,21.912,0.0,18.6069,0.0,13.528,,,,,,,,,crf_only,déchets,N,,
architecture,NOUN,A2,beacco,13.8058,19.2664,12.2261,13.8058,10.3067,60.9497,2.0505,0.0,19.2664,12.8211,12.8703,11.7363,37.5601,4.139,0.0,18.3062,A2,word_pos,architecture,N,architecture,NOM
veste,NOUN,A2,beacco,13.7874,27.5325,10.8762,13.7874,19.2271,62.0249,1.6042,0.0,27.5325,16.0628,23.3697,26.9583,86.3022,3.4423,0.0,42.5827,A2,word_pos,veste,N,veste,NOM
oublie,NOUN,A2,beacco,13.7695,3.6333,0.5727,13.7695,0.4732,0.0,0.0,0.0,3.6333,8.1169,3.539,0.0,0.0,0.0,0.0,2.1915,A2,word_pos,oublie,N,oublie,NOM
rez - de - chaussée,NOUN,A2,crf_first_attested,13.7659,3.6896,0.0,13.7659,2.6342,0.0,0.0,0.0,3.6896,,,,,,,,,crf_only,rez - de - chaussée,N,,
petit,NOUN,A2,beacco,13.7391,16.2226,0.0,13.7391,32.1835,22.6036,0.0,0.0,16.2226,21.2939,42.777,44.3042,64.3904,0.0,0.0,42.1704,A2,word_pos,petit,N,petit,NOM
fonder,VERB,A2,beacco,13.6909,20.8106,8.0431,13.6909,24.6279,9.7124,37.9244,0.0,20.8106,15.8003,15.7511,30.7512,8.3751,78.6751,0.0,28.4485,A2,word_pos,fonder,V,fonder,VER
futur,NOUN,A2,beacco,13.638,22.0603,21.2992,13.638,32.3745,2.4776,0.0,19.4814,22.0603,16.7918,12.8335,21.7758,0.0,0.0,38.4989,17.4571,A2,word_pos,futur,N,futur,NOM
symboliser,VERB,A2,beacco,13.6356,10.6515,16.673,13.6356,0.4521,11.3051,0.0,0.0,10.6515,9.155,11.7525,3.2514,11.742,0.0,0.0,9.5967,A2,word_pos,symboliser,V,symboliser,VER
parapluie,NOUN,A2,beacco,13.5466,8.2605,21.8,13.5466,0.6884,0.0,0.0,0.0,8.2605,12.3991,7.8355,0.487,0.0,0.0,0.0,5.1804,A2,word_pos,parapluie,N,parapluie,NOM
tranquillement,ADV,A2,beacco,13.5428,20.2605,5.4124,13.5428,27.621,35.1125,0.0,0.0,20.2605,7.9875,14.0313,28.8351,43.9375,0.0,0.0,23.6132,A2,word_pos,tranquillement,ADV,tranquillement,ADV
plutôt que,CONJ,A2,crf_first_attested,13.4851,26.2552,0.0,13.4851,19.7234,51.8884,42.6446,43.6102,26.2552,,,,,,,,,crf_only,plutôt que,CONJS,,
électrique,ADJ,A2,beacco,13.459,25.9486,3.8872,13.459,19.1544,22.6401,72.7426,28.8683,25.9486,7.6879,18.6427,14.6239,29.5618,78.6751,38.656,28.4334,A2,word_pos,électrique,A,électrique,ADJ
pis,NOUN,A2,beacco,13.4498,11.0703,7.9834,13.4498,11.7542,1.1509,0.0,0.0,11.0703,9.155,19.1715,6.1964,0.911,0.0,0.0,10.2684,A2,unique_word,pis,N,pis,ADV
consacrer,VERB,A2,beacco,13.4311,67.3099,31.5579,13.4311,91.4099,76.059,104.8593,92.7691,67.3099,17.6979,23.5808,97.6546,66.791,120.4072,138.6137,69.7551,A2,word_pos,consacrer,V,consacrer,VER
énergie,NOUN,A2,beacco,13.4308,73.5769,10.3907,13.4308,79.5947,26.9193,192.5457,350.6646,73.5769,20.7698,14.4122,61.3811,38.0699,262.9953,372.1562,94.7276,A2,word_pos,énergie,N,énergie,NOM
glisser,VERB,A2,beacco,13.4069,35.8156,11.0918,13.4069,30.1007,86.1814,42.6446,0.0,35.8156,16.2181,6.5332,28.6126,82.1719,31.5653,0.0,33.7612,A2,word_pos,glisser,V,glisser,VER
chômeur,NOUN,A2,beacco,13.0805,9.7906,6.2214,13.0805,2.7643,8.4175,0.0,19.2455,9.7906,7.6879,7.496,3.5051,9.0915,0.0,19.328,9.8557,A2,word_pos,chômeur,N,chômeur,NOM
ii y a,PREP,A2,crf_first_attested,12.8378,3.7008,0.0,12.8378,0.231,0.6707,0.0,0.0,3.7008,,,,,,,,,crf_only,ii y a,PREP,,
écharpe,NOUN,A2,beacco,12.813,12.4085,8.8975,12.813,8.7472,0.0,0.0,38.9627,12.4085,17.4822,11.295,12.1763,0.0,0.0,25.6659,14.2515,A2,word_pos,écharpe,N,écharpe,NOM
animation,NOUN,A2,beacco,12.6754,20.7838,8.8234,12.6754,34.7028,0.0,18.7334,9.6228,20.7838,11.8781,16.5464,33.6891,0.911,19.861,19.328,20.5251,A2,word_pos,animation,N,animation,NOM
invention,NOUN,A2,beacco,12.6276,21.1433,15.0245,12.6276,23.8944,2.4776,9.8488,9.6228,21.1433,12.2082,10.2222,17.9236,1.3018,20.024,19.328,17.4174,A2,word_pos,invention,N,invention,NOM
sois,NOUN,A2,crf_first_attested,12.6178,6.6851,0.0,12.6178,4.9513,0.0,6.4168,0.0,6.6851,,,,,,,,,crf_only,sois,N,,
médias,NOUN,A2,beacco,12.4866,67.0193,,,,,,,,7.6879,12.4866,56.3877,39.0908,171.0913,337.6659,67.0193,A2,beacco_only,,,médias,NOM
en route,ADV,A2,crf_first_attested,12.4633,7.0428,0.0,12.4633,11.398,0.6707,0.0,0.0,7.0428,,,,,,,,,crf_only,en route,ADV,,
crème,NOUN,A2,beacco,12.4508,22.7085,13.1879,12.4508,36.2186,0.0,40.3921,0.0,22.7085,9.1128,9.4788,20.2775,0.0,31.3781,0.0,13.6699,A2,word_pos,crème,N,crème,NOM
carrière,NOUN,A2,beacco,12.3422,45.6324,30.5991,12.3422,37.008,55.9947,104.184,9.6228,45.6324,16.9186,19.0919,40.4176,70.5292,98.1651,19.328,50.2079,A2,word_pos,carrière,N,carrière,NOM
attraper,VERB,A2,beacco,12.2715,23.5854,25.183,12.2715,19.1497,28.33,4.101,0.0,23.5854,20.4128,6.6395,24.1207,9.1403,4.139,0.0,18.5282,A2,word_pos,attraper,V,attraper,VER
voici au coeur du,NOUN,A2,crf_first_attested,12.2272,36.0608,0.0,12.2272,61.0788,19.5579,104.7334,9.6228,36.0608,,,,,,,,,crf_only,voici au coeur du,N,,
opéra,NOUN,A2,beacco,12.1949,19.2821,6.0454,12.1949,43.6386,0.0,0.0,0.0,19.2821,16.0851,22.3116,28.1015,0.0,0.0,0.0,19.425,A2,word_pos,opéra,N,opéra,NOM
sans que,CONJ,A2,crf_first_attested,12.1446,8.6728,0.0,12.1446,6.4953,10.5566,10.2669,0.0,8.6728,,,,,,,,,crf_only,sans que,CONJS,,
vif,ADJ,A2,beacco,12.113,38.3984,26.6721,12.113,42.4699,24.708,109.9993,0.0,38.3984,17.4724,26.145,60.7695,25.2078,62.7562,0.0,45.3424,A2,word_pos,vif,A,vif,ADJ
appartenir,VERB,A2,beacco,12.057,86.332,11.3887,12.057,152.3912,113.4023,119.5166,12.9876,86.332,11.1667,7.9928,121.6374,105.8008,133.2273,25.6659,79.6861,A2,word_pos,appartenir,V,appartenir,VER
sculpture,NOUN,A2,beacco,11.9909,18.7187,6.0069,11.9909,9.7134,7.7447,19.2505,0.0,18.7187,9.7498,16.9066,4.6326,8.4014,13.7692,0.0,17.5789,A2,word_pos,sculpture,N,sculpture,NOM
cuisinier,NOUN,A2,beacco,11.8823,12.1314,28.1215,11.8823,3.6699,3.0277,3.1012,9.6228,12.1314,11.5563,6.0741,3.2245,0.0,6.0005,0.0,6.8666,A2,word_pos,cuisinier,N,cuisinier,NOM
de peine,ADV,A2,crf_first_attested,11.8242,2.9342,0.0,11.8242,0.231,0.0,0.0,0.0,2.9342,,,,,,,,,crf_only,de peine,ADV,,
domestique,ADJ,A2,beacco,11.7121,31.1702,23.3309,11.7121,40.362,6.6199,3.1012,113.8624,31.1702,13.7741,9.9118,34.0534,8.9666,6.0005,113.5434,28.4536,A2,word_pos,domestique,A,domestique,ADJ
nuage,NOUN,A2,beacco,11.6746,29.4655,8.4691,11.6746,44.6969,8.355,46.5173,0.0,29.4655,7.6913,19.8281,31.1812,14.0773,18.0014,0.0,26.0282,A2,word_pos,nuage,N,nuage,NOM
mouton,NOUN,A2,beacco,11.6688,11.0237,12.8829,11.6688,3.4785,1.7898,15.5058,0.0,11.0237,9.1128,13.0309,2.9042,3.7966,6.0005,0.0,9.309,A2,word_pos,mouton,N,mouton,NOM
maîtresse,NOUN,A2,crf_first_attested,11.6368,16.6839,0.0,11.6368,6.9901,71.5046,3.2084,0.0,16.6839,,,,,,,,,crf_only,maîtresse,N,,
avant que,CONJ,A2,crf_first_attested,11.6297,20.9988,0.0,11.6297,24.4122,34.7902,31.4551,28.5334,20.9988,,,,,,,,,crf_only,avant que,CONJS,,
doute,NOUN,A2,beacco,11.6226,15.2333,1.1385,11.6226,16.8022,2.4776,15.7275,39.0461,15.2333,11.8554,128.5618,168.0666,277.1188,206.4784,142.7957,157.9066,A2,word_pos,doute,N,doute,NOM
avant tout,ADV,A2,crf_first_attested,11.6218,40.2676,0.0,11.6218,45.376,70.4129,135.0328,0.0,40.2676,,,,,,,,,crf_only,avant tout,ADV,,
poulet,NOUN,A2,beacco,11.599,22.7266,3.8872,11.599,9.9053,14.8111,43.4161,25.9752,22.7266,7.6879,18.0826,14.7295,2.6036,36.0028,25.6659,23.5922,A2,word_pos,poulet,N,poulet,NOM
non,INT,A2,beacco,11.4803,14.0286,,,,,,,,11.482,11.4803,15.8193,0.0,20.6179,0.0,14.0286,A2,beacco_only,,,non,INT
guitare,NOUN,A2,beacco,11.2558,7.8335,10.0255,11.2558,2.8649,1.4125,0.0,0.0,7.8335,11.0724,13.4166,3.5822,1.2705,0.0,0.0,8.1563,A2,word_pos,guitare,N,guitare,NOM
joueur,NOUN,A2,beacco,11.2047,40.5305,19.5876,11.2047,10.3908,88.5074,153.2101,0.0,40.5305,11.4714,15.2097,14.7229,74.6399,168.712,0.0,42.8692,A2,word_pos,joueur,N,joueur,NOM
horaire,NOUN,A2,beacco,11.1777,10.8281,22.3475,11.1777,0.3401,9.0831,10.2669,0.0,10.8281,16.0438,6.6315,0.5857,6.8518,20.6179,0.0,10.454,A2,word_pos,horaire,N,horaire,NOM
euh,ADV,A2,crf_first_attested,11.1416,1.547,0.0,11.1416,0.0,0.0,0.0,0.0,1.547,,,,,,,,,crf_only,euh,ADV,,
en danger,ADV,A2,crf_first_attested,11.1298,18.8693,0.0,11.1298,40.5356,8.355,6.2023,6.4938,18.8693,,,,,,,,,crf_only,en danger,ADV,,
celui - ci,PRON,A2,crf_first_attested,11.039,13.5591,0.0,11.039,12.1225,8.4175,27.7392,19.2455,13.5591,,,,,,,,,crf_only,celui - ci,PRO,,
addition,NOUN,A2,beacco,10.994,10.6061,11.7237,10.994,0.3618,0.0,43.212,0.0,10.6061,17.9761,9.0157,0.6378,0.0,51.9203,0.0,11.6201,A2,word_pos,addition,N,addition,NOM
de ici,PREP,A2,crf_first_attested,10.9152,13.1435,0.0,10.9152,5.1672,0.0,41.0675,79.5562,13.1435,,,,,,,,,crf_only,de ici,PREP,,
celte,NOUN,A2,crf_first_attested,10.9146,1.6617,0.0,10.9146,0.0,0.0,0.0,0.0,1.6617,,,,,,,,,crf_only,celte,N,,
engager,VERB,A2,beacco,10.9068,70.5389,10.5661,10.9068,60.4852,106.6173,152.0056,200.746,70.5389,16.442,18.7621,58.9846,66.4177,192.0432,127.4317,68.4581,A2,word_pos,engager,V,engager,VER
consommer,VERB,A2,beacco,10.8173,22.9782,11.1649,10.8173,27.0743,3.4528,21.8856,19.4814,22.9782,8.941,13.5459,31.3713,1.822,36.8208,25.6659,25.5157,A2,word_pos,consommer,V,consommer,VER
musical,ADJ,A2,beacco,10.585,37.9535,19.1424,10.585,66.58,18.8519,52.4964,0.0,37.9535,16.1999,21.6892,53.6511,11.6267,51.4303,0.0,35.2525,A2,word_pos,musical,A,musical,ADJ
outil,NOUN,A2,beacco,10.5025,47.3578,7.6318,10.5025,31.9227,46.7524,199.1558,8.2347,47.3578,8.1823,9.2786,32.241,44.8035,139.7172,8.037,43.5396,A2,word_pos,outil,N,outil,NOM
conducteur,NOUN,A2,beacco,10.3393,10.4211,10.7602,10.3393,1.4582,0.0,33.8984,0.0,10.4211,7.7628,17.6026,2.2125,0.0,31.3528,0.0,12.9154,A2,word_pos,conducteur,N,conducteur,NOM
cosette,NOUN,A2,crf_first_attested,10.3366,0.5218,0.0,10.3366,0.0,0.0,0.0,0.0,0.5218,,,,,,,,,crf_only,cosette,N,,
clés,ADJ,A2,crf_first_attested,10.2498,3.3851,0.0,10.2498,3.5584,0.0,0.0,0.0,3.3851,,,,,,,,,crf_only,clés,A,,
bras,X,A2,crf_first_attested,10.1849,1.4826,0.0,10.1849,0.0,0.0,0.0,0.0,1.4826,,,,,,,,,crf_only,bras,X,,
constater,VERB,A2,beacco,10.1778,77.4451,12.4451,10.1778,48.2581,150.33,186.6245,256.5378,77.4451,7.8854,16.2111,45.9108,107.0108,239.9142,250.5305,74.9237,A2,word_pos,constater,V,constater,VER
aussi bien,ADV,A2,crf_first_attested,10.1744,24.6901,0.0,10.1744,45.2788,28.2171,0.0,38.491,24.6901,,,,,,,,,crf_only,aussi bien,ADV,,
tire,NOUN,A2,crf_first_attested,10.0292,2.5786,0.0,10.0292,0.2295,0.0,1.6042,0.0,2.5786,,,,,,,,,crf_only,tire,N,,
chaque fois que,CONJ,A2,crf_first_attested,9.9034,7.6615,0.0,9.9034,14.294,0.0,3.1012,0.0,7.6615,,,,,,,,,crf_only,chaque fois que,CONJS,,
loup,NOUN,A2,beacco,9.8685,37.0789,19.2685,9.8685,50.0998,13.6704,11.2294,0.0,37.0789,11.7108,10.0907,41.658,8.7861,10.3269,0.0,28.3695,A2,word_pos,loup,N,loup,NOM
décrire,VERB,A2,beacco,9.8621,48.2167,33.8195,9.8621,48.5931,31.0687,146.2092,8.2347,48.2167,16.2646,16.1099,61.7797,25.596,134.9799,8.037,49.7477,A2,word_pos,décrire,V,décrire,VER
conte,NOUN,A2,beacco,9.8549,60.6734,20.9698,9.8549,53.0493,72.7321,48.1261,4.1173,60.6734,10.7312,6.6685,7.1358,27.2438,51.6345,4.0185,28.1944,A2,word_pos,conte,N,conte,NOM
douce,NOUN,A2,crf_first_attested,9.8352,4.226,0.0,9.8352,0.1155,10.2418,0.0,0.0,4.226,,,,,,,,,crf_only,douce,N,,
boulanger,NOUN,A2,beacco,9.803,11.9876,47.9834,9.803,2.4869,6.474,0.0,0.0,11.9876,16.367,0.4664,0.4665,0.8102,0.0,0.0,4.5404,A2,word_pos,boulanger,N,boulanger,NOM
code,NOUN,A2,beacco,9.7874,20.7639,3.8758,9.7874,28.7626,1.6517,16.2172,39.0192,20.7639,7.7151,8.7833,54.3907,9.1403,31.5653,56.7717,34.4087,A2,word_pos,code,N,code,NOM
latin,ADJ,A2,beacco,9.7454,16.417,17.8163,9.7454,6.4675,0.7062,32.7469,38.491,16.417,15.9193,4.2765,11.0966,1.2705,20.024,19.328,13.7523,A2,word_pos,latin,A,latin,ADJ
randonnée,NOUN,A2,beacco,9.7385,13.1332,22.9637,9.7385,10.4518,0.0,0.0,6.4938,13.1332,24.2346,8.0849,10.0127,0.0,0.0,12.833,13.6528,A2,word_pos,randonnée,N,randonnée,NOM
confortable,ADJ,A2,beacco,9.7143,12.3442,11.1963,9.7143,6.9794,21.2701,2.0505,0.0,12.3442,17.0965,12.8552,3.7679,37.2711,4.139,0.0,15.7299,A2,word_pos,confortable,A,confortable,ADJ
métal,NOUN,A2,beacco,9.7057,8.2365,10.5163,9.7057,3.6829,0.5285,6.2023,0.0,8.2365,21.0937,12.6592,5.2642,0.8102,12.0009,0.0,13.3263,A2,word_pos,métal,N,métal,NOM
au cours de,PREP,A2,crf_first_attested,9.6765,24.1067,0.0,9.6765,28.1987,25.9394,48.4951,48.0277,24.1067,,,,,,,,,crf_only,au cours de,PREP,,
fontaine,NOUN,A2,beacco,9.6603,6.0596,7.9615,9.6603,0.0,0.7062,6.4168,0.0,6.0596,7.804,17.565,0.0,1.2705,3.4423,0.0,6.4175,A2,word_pos,fontaine,N,fontaine,NOM
insister,VERB,A2,beacco,9.637,17.7707,16.5959,9.637,15.8017,0.0,15.6669,96.9035,17.7707,21.856,19.6302,22.9025,0.0,20.024,95.2552,24.5881,A2,word_pos,insister,V,insister,VER
angler,VERB,A2,crf_first_attested,9.6155,5.6175,0.0,9.6155,0.0,12.7889,6.1515,0.0,5.6175,,,,,,,,,crf_only,angler,V,,
photographe,NOUN,A2,beacco,9.57,17.513,7.3123,9.57,2.2617,22.5343,30.3551,0.0,17.513,7.8941,12.5891,4.6732,39.1981,20.024,0.0,18.5529,A2,word_pos,photographe,N,photographe,NOM
saison,NOUN,A2,beacco,9.5604,22.9876,34.2487,9.5604,26.6561,4.9436,9.8067,6.4938,22.9876,21.2472,14.9114,32.2413,1.2705,19.861,12.833,22.0649,A2,word_pos,saison,N,saison,NOM
mystère,NOUN,A2,beacco,9.5343,35.224,14.7131,9.5343,16.749,128.4743,18.6069,44.2742,35.224,23.959,12.2171,10.9562,83.0238,50.0526,43.8345,32.8012,A2,word_pos,mystère,N,mystère,NOM
commandes,NOUN,A2,crf_first_attested,9.4598,10.7887,0.0,9.4598,1.9564,7.0375,45.6223,28.5334,10.7887,,,,,,,,,crf_only,commandes,N,,
poucet,NOUN,A2,crf_first_attested,9.4348,8.0804,0.0,9.4348,0.6976,1.7264,0.0,0.0,8.0804,,,,,,,,,crf_only,poucet,N,,
discussion,NOUN,A2,beacco,9.4017,24.049,16.7113,9.4017,26.5966,11.6053,33.3358,19.4814,24.049,22.252,14.0555,27.4936,9.0915,66.9321,25.6659,30.1931,A2,word_pos,discussion,N,discussion,NOM
fac,NOUN,A2,beacco,9.3732,8.2265,21.2659,9.3732,3.2524,0.7062,0.0,0.0,8.2265,21.2358,25.1336,8.7083,1.2705,0.0,0.0,15.9057,A2,word_pos,fac,N,fac,NOM
dans le cadre de,PREP,A2,crf_first_attested,9.3662,13.4097,0.0,9.3662,10.8374,8.4175,30.8006,39.0192,13.4097,,,,,,,,,crf_only,dans le cadre de,PREP,,
rare,ADJ,A2,beacco,9.2802,55.2603,31.4286,9.2802,65.6428,45.8325,61.5213,242.6667,55.2603,21.6749,10.2643,74.6986,61.162,60.0719,283.3744,61.7695,A2,word_pos,rare,A,rare,ADJ
éloigné,ADJ,A2,crf_first_attested,9.2722,3.7737,0.0,9.2722,0.0,7.1381,3.1012,0.0,3.7737,,,,,,,,,crf_only,éloigné,A,,
tien,ADJ,A2,crf_first_attested,9.2216,3.0012,0.0,9.2216,1.8786,0.0,1.6042,0.0,3.0012,,,,,,,,,crf_only,tien,A,,
pour une fois,ADV,A2,crf_first_attested,9.1884,1.2559,0.0,9.1884,0.0,0.0,0.0,0.0,1.2559,,,,,,,,,crf_only,pour une fois,ADV,,
renaissance,NOUN,A2,beacco,8.899,4.4714,1.005,8.899,2.8989,0.0,3.1012,0.0,4.4714,7.6879,6.7296,15.2991,0.0,12.0009,0.0,10.698,A2,word_pos,renaissance,N,renaissance,NOM
au - dessous de,PREP,A2,crf_first_attested,8.8948,5.5417,0.0,8.8948,1.8679,2.4776,4.8126,0.0,5.5417,,,,,,,,,crf_only,au - dessous de,PREP,,
pratique,ADJ,A2,beacco,8.8944,20.7815,6.0328,8.8944,44.3234,0.5755,12.4046,19.2455,20.7815,13.8341,26.3432,47.8029,0.911,6.0005,19.328,26.2033,A2,word_pos,pratique,A,pratique,ADJ
déménager,VERB,A2,beacco,8.8758,8.4232,13.9801,8.8758,3.5805,6.0554,0.0,0.0,8.4232,10.5754,4.6393,3.7679,2.2839,0.0,0.0,5.033,A2,word_pos,déménager,V,déménager,VER
diable,NOUN,A2,beacco,8.8323,17.2131,20.1266,8.8323,5.8969,18.9401,3.2084,0.0,17.2131,15.1474,4.2472,24.8378,16.4574,13.7692,0.0,24.2832,A2,word_pos,diable,N,diable,NOM
libérer,VERB,A2,beacco,8.8003,19.3943,27.8436,8.8003,15.0947,22.2621,36.3023,0.0,19.3943,20.6156,12.6015,13.0375,25.4252,52.5392,19.328,23.8347,A2,word_pos,libérer,V,libérer,VER
centre-ville,NOUN,A2,beacco,8.7986,7.4859,,,,,,,,22.1634,8.7986,0.4665,2.2839,0.0,0.0,7.4859,A2,beacco_only,,,centre-ville,NOM
mieux,NOUN,A2,crf_first_attested,8.6801,2.732,0.0,8.6801,0.0,0.6707,6.2023,0.0,2.732,,,,,,,,,crf_only,mieux,N,,
solaire,ADJ,A2,beacco,8.6445,16.697,7.1217,8.6445,14.1466,0.0,36.9016,19.4814,16.697,11.0688,9.0108,16.6507,0.0,36.8208,38.4989,19.4058,A2,word_pos,solaire,A,solaire,ADJ
ciné,NOUN,A2,beacco,8.5462,5.1513,5.5183,8.5462,0.0,8.4152,0.0,0.0,5.1513,7.9597,4.4957,0.0,9.0915,0.0,0.0,4.4155,A2,word_pos,ciné,N,ciné,NOM
actif,ADJ,A2,beacco,8.4894,37.4777,22.449,8.4894,31.5961,2.8773,72.7426,174.0949,37.4777,20.9177,6.7862,55.1389,16.7501,93.6934,288.4064,51.8914,A2,word_pos,actif,A,actif,ADJ
raï,NOUN,A2,crf_first_attested,8.4091,1.1398,0.0,8.4091,0.0,0.0,0.0,0.0,1.1398,,,,,,,,,crf_only,raï,N,,
hé,INT,A2,beacco,8.3526,11.5707,,,,,,,,17.0827,8.3526,10.192,0.0,0.0,0.0,11.5707,A2,beacco_only,,,hé,INT
position,NOUN,A2,beacco,8.3493,17.3707,5.9051,8.3493,20.9773,1.7264,32.8328,12.9876,17.3707,16.7393,4.1382,26.8687,0.911,49.1091,25.6659,22.1272,A2,word_pos,position,N,position,NOM
en guerre,ADV,A2,crf_first_attested,8.3477,2.0545,0.0,8.3477,0.4081,0.0,0.0,0.0,2.0545,,,,,,,,,crf_only,en guerre,ADV,,
au fond,ADV,A2,crf_first_attested,8.3264,11.4248,0.0,8.3264,17.577,13.9377,3.2084,0.0,11.4248,,,,,,,,,crf_only,au fond,ADV,,
basket - ball,NOUN,A2,crf_first_attested,8.3188,1.2063,0.0,8.3188,0.0,0.0,0.0,0.0,1.2063,,,,,,,,,crf_only,basket - ball,N,,
vendeur,NOUN,A2,beacco,8.3177,24.2381,35.9569,8.3177,30.6912,23.9455,0.0,0.0,24.2381,12.6353,4.1517,16.2492,18.1186,0.0,0.0,15.532,A2,word_pos,vendeur,N,vendeur,NOM
smic,NOUN,A2,crf_first_attested,8.2756,3.6301,0.0,8.2756,0.7236,0.0,0.0,38.491,3.6301,,,,,,,,,crf_only,smic,N,,
misérable,NOUN,A2,crf_first_attested,8.2693,2.9004,0.0,8.2693,0.0,3.3034,0.0,0.0,2.9004,,,,,,,,,crf_only,misérable,N,,
ignorer,VERB,A2,beacco,8.1542,22.2828,10.9592,8.1542,25.2233,6.3945,62.2274,28.5334,22.2828,16.2864,16.4153,23.4488,11.6267,66.9321,56.7717,28.9604,A2,word_pos,ignorer,V,ignorer,VER
boulangerie,NOUN,A2,beacco,8.122,11.5297,24.7713,8.122,10.8136,0.5755,0.0,0.0,11.5297,12.5525,8.8101,3.0061,0.911,0.0,0.0,6.8606,A2,word_pos,boulangerie,N,boulangerie,NOM
plaisanter,VERB,A2,beacco,8.0848,8.6673,0.0,8.0848,7.4597,20.8076,0.0,0.0,8.6673,8.1169,8.7991,6.4605,33.5766,0.0,0.0,13.987,A2,word_pos,plaisanter,V,plaisanter,VER
peindre,VERB,A2,beacco,8.0726,8.6153,11.2016,8.0726,6.5574,0.6707,6.2023,0.0,8.6153,15.9214,18.3542,11.7683,8.9868,18.0014,0.0,17.9404,A2,word_pos,peindre,V,peindre,VER
version,NOUN,A2,beacco,8.0152,41.5185,17.7207,8.0152,73.2603,5.1209,100.9647,6.4938,41.5185,11.8248,9.7669,54.7288,9.0915,102.8605,12.833,37.5144,A2,word_pos,version,N,version,NOM
désespérer,VERB,A2,beacco,7.9624,19.3371,9.3619,7.9624,25.4808,1.6517,41.0675,0.0,19.3371,10.9327,6.6149,35.3398,1.3018,20.6179,0.0,20.1977,A2,word_pos,désespérer,V,désespérer,VER
champion,NOUN,A2,beacco,7.8885,15.1271,11.3501,7.8885,11.6877,19.0817,25.3674,9.6228,15.1271,12.0794,15.1375,11.8128,19.2521,31.3528,19.328,19.816,A2,word_pos,champion,N,champion,NOM
par la suite,ADV,A2,crf_first_attested,7.8805,3.869,0.0,7.8805,0.1155,0.5755,0.0,28.8683,3.869,,,,,,,,,crf_only,par la suite,ADV,,
classes,NOUN,A2,crf_first_attested,7.8593,27.2015,0.0,7.8593,27.8341,14.4279,93.743,68.1256,27.2015,,,,,,,,,crf_only,classes,N,,
article,NOUN,A2,beacco,7.8244,52.4255,12.1105,7.8244,63.4898,98.4418,72.5219,2.0587,52.4255,15.6646,8.8101,78.1252,90.8625,68.3291,4.0185,60.1688,A2,word_pos,article,N,article,NOM
tel,DET,A2,crf_first_attested,7.7883,25.5933,0.0,7.7883,23.2603,0.5755,64.869,115.473,25.5933,,,,,,,,,crf_only,tel,DET,,
humains,NOUN,A2,crf_first_attested,7.75,3.9683,0.0,7.75,0.7214,3.0277,3.1012,0.0,3.9683,,,,,,,,,crf_only,humains,N,,
inspirer,VERB,A2,beacco,7.7317,58.5927,17.0993,7.7317,66.5374,88.0414,88.8719,57.7365,58.5927,15.1474,4.633,56.5789,83.6257,113.6404,19.328,49.3382,A2,word_pos,inspirer,V,inspirer,VER
contacter,VERB,A2,beacco,7.7166,13.6459,12.5919,7.7166,13.0558,0.0,40.3921,0.0,13.6459,11.6992,12.1977,12.2682,0.0,49.1091,0.0,14.5829,A2,word_pos,contacter,V,contacter,VER
bon,NOUN,A2,beacco,7.6919,10.3907,1.2205,7.6919,11.2825,3.6629,6.1515,0.0,10.3907,16.9753,4.9127,9.9705,1.8983,4.139,38.656,13.2878,A2,word_pos,bon,N,bon,NOM
russe,ADJ,A2,beacco,7.6882,14.4926,6.6438,7.6882,15.2719,23.2109,3.1012,0.0,14.4926,10.7548,5.926,12.2721,37.845,0.0,0.0,16.2083,A2,word_pos,russe,A,russe,ADJ
en bas de,PREP,A2,crf_first_attested,7.6812,1.5829,0.0,7.6812,0.2295,0.0,0.0,0.0,1.5829,,,,,,,,,crf_only,en bas de,PREP,,
rassurer,VERB,A2,beacco,7.678,34.0895,0.7622,7.678,45.491,51.8629,24.8092,78.0384,34.0895,9.3906,17.6709,36.7088,33.4156,18.0014,25.6659,31.9486,A2,word_pos,rassurer,V,rassurer,VER
yaourt,NOUN,A2,beacco,7.6763,5.697,17.0051,7.6763,0.0,0.0,3.2084,0.0,5.697,16.3325,9.4439,0.0,0.0,6.8846,0.0,7.3392,A2,word_pos,yaourt,N,yaourt,NOM
fer,NOUN,A2,beacco,7.6682,57.0135,24.832,7.6682,84.689,55.2385,120.0605,12.9876,57.0135,16.4484,12.2755,90.5692,61.6228,126.7587,12.833,61.5623,A2,word_pos,fer,N,fer,NOM
avouer,VERB,A2,beacco,7.6569,27.9336,7.4253,7.6569,28.0004,75.0724,24.7899,0.0,27.9336,9.1379,4.5709,50.2013,60.1805,31.3781,0.0,32.8996,A2,word_pos,avouer,V,avouer,VER
alimentation,NOUN,A2,beacco,7.6245,28.9441,16.7297,7.6245,24.7019,11.2874,19.6566,160.2527,28.9441,22.2445,15.4844,14.6523,14.0086,34.1646,192.6297,32.3593,A2,word_pos,alimentation,N,alimentation,NOM
décor,NOUN,A2,beacco,7.5906,30.7915,31.0607,7.5906,45.2537,1.5139,36.8529,6.4938,30.7915,18.6887,6.6704,34.7816,2.2839,31.5653,12.833,23.8034,A2,word_pos,décor,N,décor,NOM
classique,ADJ,A2,beacco,7.3908,30.6729,5.1643,7.3908,19.9742,36.8011,101.1045,72.7833,30.6729,10.4769,12.2496,23.4208,44.5104,101.2835,113.5434,38.0659,A2,word_pos,classique,A,classique,ADJ
moins de,PREP,A2,crf_first_attested,7.3679,7.4549,0.0,7.3679,1.3993,10.2981,12.4046,12.9876,7.4549,,,,,,,,,crf_only,moins de,PREP,,
à temps,ADV,A2,crf_first_attested,7.3423,0.9654,0.0,7.3423,0.0,0.0,0.0,0.0,0.9654,,,,,,,,,crf_only,à temps,ADV,,
frais,NOUN,A2,crf_first_attested,7.2552,12.1183,0.0,7.2552,15.1465,4.7432,39.395,0.0,12.1183,,,,,,,,,crf_only,frais,N,,
pour autant,ADV,A2,crf_first_attested,7.2528,9.6524,0.0,7.2528,1.3861,12.7889,21.7081,22.1371,9.6524,,,,,,,,,crf_only,pour autant,ADV,,
jusqu' à ce que,CONJ,A2,crf_first_attested,7.2018,1.497,0.0,7.2018,0.3618,0.0,0.0,0.0,1.497,,,,,,,,,crf_only,jusqu' à ce que,CONJS,,
patient,ADJ,A2,beacco,7.1638,4.2541,11.1486,7.1638,0.0,0.0,3.2084,0.0,4.2541,17.1161,0.0,2.5235,0.0,20.024,19.328,6.7259,A2,word_pos,patient,A,patient,ADJ
inspecteur,NOUN,A2,beacco,7.1617,26.5421,35.2477,7.1617,16.7301,73.105,0.0,0.0,26.5421,23.651,4.8004,14.8581,96.984,0.0,0.0,26.1957,A2,word_pos,inspecteur,N,inspecteur,NOM
architecte,NOUN,A2,beacco,7.1599,33.964,12.9382,7.1599,53.4932,67.132,9.3035,0.0,33.964,22.1373,8.8959,40.768,49.3969,6.0005,0.0,32.5585,A2,word_pos,architecte,N,architecte,NOM
de autre,PREP,A2,crf_first_attested,7.0746,7.1753,0.0,7.0746,2.8482,9.0831,6.1515,0.0,7.1753,,,,,,,,,crf_only,de autre,PREP,,
ciré,ADJ,A2,crf_first_attested,7.0746,1.8399,0.0,7.0746,0.7236,0.0,0.0,0.0,1.8399,,,,,,,,,crf_only,ciré,A,,
carnavaleuses moi,NOUN,A2,crf_first_attested,7.0746,0.9805,0.0,7.0746,0.0,0.0,0.0,0.0,0.9805,,,,,,,,,crf_only,carnavaleuses moi,N,,
tu connais pas,ADV,A2,crf_first_attested,7.0746,0.9805,0.0,7.0746,0.0,0.0,0.0,0.0,0.9805,,,,,,,,,crf_only,tu connais pas,ADV,,
à côté de ici,PREP,A2,crf_first_attested,7.0746,0.9805,0.0,7.0746,0.0,0.0,0.0,0.0,0.9805,,,,,,,,,crf_only,à côté de ici,PREP,,
gants,NOUN,A2,crf_first_attested,7.0597,4.906,0.0,7.0597,2.2627,1.6517,6.2023,0.0,4.906,,,,,,,,,crf_only,gants,N,,
gamin,NOUN,A2,beacco,7.0572,9.686,8.9756,7.0572,13.3096,0.0,0.0,0.0,9.686,11.8722,6.8416,11.3937,0.0,0.0,0.0,9.1358,A2,word_pos,gamin,N,gamin,NOM
amitié,NOUN,A2,beacco,7.0084,26.9016,23.359,7.0084,43.8897,40.3669,9.3035,0.0,26.9016,14.8549,11.6088,46.7625,33.4292,6.0005,0.0,29.0668,A2,word_pos,amitié,N,amitié,NOM
mesurer,VERB,A2,beacco,6.9783,34.5762,7.7942,6.9783,8.0029,46.9309,123.7813,175.4484,34.5762,8.6572,3.7973,12.2943,47.1399,104.0459,201.2195,32.6598,A2,word_pos,mesurer,V,mesurer,VER
pratique,NOUN,A2,beacco,6.9383,117.3673,11.7928,6.9383,140.5629,54.4193,243.2736,897.4233,117.3673,17.3485,9.1022,105.6246,56.2109,248.1813,368.2802,92.5962,A2,word_pos,pratique,N,pratique,NOM
tantour,NOUN,A2,crf_first_attested,6.894,17.8209,0.0,6.894,7.6687,0.0,71.9787,185.5383,17.8209,,,,,,,,,crf_only,tantour,N,,
petite-fille,NOUN,A2,beacco,6.8446,4.1489,,,,,,,,15.2221,6.8446,0.0,0.0,0.0,0.0,4.1489,A2,beacco_only,,,petite-fille,NOM
super,VERB,A2,crf_first_attested,6.8144,1.0151,0.0,6.8144,0.0,0.0,0.0,0.0,1.0151,,,,,,,,,crf_only,super,V,,
sien,ADJ,A2,crf_first_attested,6.7711,9.7683,0.0,6.7711,1.8673,26.644,27.7392,0.0,9.7683,,,,,,,,,crf_only,sien,A,,
économie,NOUN,A2,beacco,6.7618,64.7104,12.1608,6.7618,73.3932,42.8215,138.0846,142.6669,64.7104,20.2706,18.9691,89.5572,44.4823,144.0093,202.2974,71.9294,A2,word_pos,économie,N,économie,NOM
regardez,PREP,A2,crf_first_attested,6.7191,1.425,0.0,6.7191,0.0,0.0,3.1012,0.0,1.425,,,,,,,,,crf_only,regardez,PREP,,
océan,NOUN,A2,beacco,6.6778,24.36,9.7283,6.6778,18.7989,3.0277,114.6142,0.0,24.36,11.0817,9.9767,13.8779,4.5679,155.1562,0.0,28.8787,A2,word_pos,océan,N,océan,NOM
bravo,NOUN,A2,crf_first_attested,6.6316,1.6108,0.0,6.6316,0.1155,0.0,0.0,0.0,1.6108,,,,,,,,,crf_only,bravo,N,,
rosier,NOUN,A2,beacco,6.5542,3.5367,4.0086,6.5542,0.0,0.0,3.1012,0.0,3.5367,15.6855,4.4228,0.0,0.0,6.0005,0.0,4.2011,A2,word_pos,rosier,N,rosier,NOM
par rapport à,PREP,A2,crf_first_attested,6.5529,20.1093,0.0,6.5529,1.6832,6.7049,62.4654,257.1892,20.1093,,,,,,,,,crf_only,par rapport à,PREP,,
salutation,NOUN,A2,beacco,6.4732,4.8789,10.5377,6.4732,0.3618,0.7062,0.0,0.0,4.8789,7.7803,8.0862,18.0836,1.2705,0.0,0.0,11.2882,A2,word_pos,salutation,N,salutation,NOM
gaulois,NOUN,A2,crf_first_attested,6.4513,0.9615,0.0,6.4513,0.0,0.0,0.0,0.0,0.9615,,,,,,,,,crf_only,gaulois,N,,
tu me demandes,ADV,A2,crf_first_attested,6.449,2.4496,0.0,6.449,2.5602,0.0,0.0,0.0,2.4496,,,,,,,,,crf_only,tu me demandes,ADV,,
au cou,ADV,A2,crf_first_attested,6.4397,1.838,0.0,6.4397,0.0,1.6517,0.0,0.0,1.838,,,,,,,,,crf_only,au cou,ADV,,
cette fois - ci,ADV,A2,crf_first_attested,6.3787,4.0056,0.0,6.3787,7.4546,0.0,0.0,0.0,4.0056,,,,,,,,,crf_only,cette fois - ci,ADV,,
dater,VERB,A2,beacco,6.3702,26.7545,19.8587,6.3702,22.2765,25.6063,36.9099,39.0461,26.7545,16.2808,4.9127,13.1578,18.0984,27.403,4.0185,18.0981,A2,word_pos,dater,V,dater,VER
abriter,VERB,A2,beacco,6.3378,8.4161,9.4753,6.3378,5.1019,9.3126,0.0,0.0,8.4161,8.6224,9.8649,4.3647,8.4038,0.0,0.0,8.7404,A2,word_pos,abriter,V,abriter,VER
servant,ADJ,A2,crf_first_attested,6.3143,3.0818,0.0,6.3143,3.7201,0.0,0.0,0.0,3.0818,,,,,,,,,crf_only,servant,A,,
amateur,NOUN,A2,beacco,6.2646,23.7492,9.6801,6.2646,47.6616,12.8361,1.6042,39.7676,23.7492,15.9193,12.6845,50.8541,36.1771,3.4423,43.8345,36.3887,A2,word_pos,amateur,N,amateur,NOM
sylvain,ADJ,A2,crf_first_attested,6.2532,0.9399,0.0,6.2532,0.0,0.0,0.0,0.0,0.9399,,,,,,,,,crf_only,sylvain,A,,
communauté,NOUN,A2,beacco,6.253,43.9202,5.4242,6.253,35.6779,34.5348,93.9915,311.5457,43.9202,15.8552,0.186,53.9755,26.8458,115.539,389.1791,53.0962,A2,word_pos,communauté,N,communauté,NOM
précis,ADJ,A2,beacco,6.2526,43.683,3.9928,6.2526,66.8014,1.6517,142.0555,156.3319,43.683,7.9339,14.1424,82.9511,1.3018,189.7729,183.2011,57.6419,A2,word_pos,précis,A,précis,ADJ
informatique,ADJ,A2,beacco,6.1856,12.3474,7.8756,6.1856,8.5416,0.0,51.5512,0.0,12.3474,7.7628,8.4039,5.9013,0.0,40.1357,0.0,9.6727,A2,word_pos,informatique,A,informatique,ADJ
accomplir,VERB,A2,beacco,6.1822,18.6524,10.5394,6.1822,24.9244,7.2463,4.101,48.1138,18.6524,16.6991,4.542,30.0973,8.7861,4.139,38.656,21.1092,A2,word_pos,accomplir,V,accomplir,VER
dessinateur,NOUN,A2,beacco,6.1444,5.5899,6.2301,6.1444,0.7236,1.7264,0.0,2.0587,5.5899,7.7059,6.7862,0.6378,0.911,0.0,4.0185,6.7107,A2,word_pos,dessinateur,N,dessinateur,NOM
de ici à,PREP,A2,crf_first_attested,6.1315,5.6267,0.0,6.1315,7.461,0.0,14.569,0.0,5.6267,,,,,,,,,crf_only,de ici à,PREP,,
coloc,NOUN,A2,crf_first_attested,6.0547,1.8239,0.0,6.0547,1.0854,0.0,0.0,0.0,1.8239,,,,,,,,,crf_only,coloc,N,,
en moi,ADV,A2,crf_first_attested,6.0417,4.5812,0.0,6.0417,3.2411,0.0,15.5058,0.0,4.5812,,,,,,,,,crf_only,en moi,ADV,,
naissance,NOUN,A2,beacco,5.9454,67.0728,11.4401,5.9454,98.3801,32.3333,118.8679,153.964,67.0728,11.1727,20.1495,114.4594,18.5428,83.4219,286.1253,68.789,A2,word_pos,naissance,N,naissance,NOM
fan,NOUN,A2,beacco,5.942,22.6942,13.2693,5.942,34.4538,22.5596,10.2669,0.0,22.6942,20.1353,6.0824,23.3789,23.175,20.6179,0.0,22.1759,A2,word_pos,fan,N,fan,NOM
décision,NOUN,A2,beacco,5.9241,50.1477,13.0264,5.9241,118.0494,3.0277,52.5187,112.7361,50.1477,7.7985,9.8734,105.3544,4.5679,73.3785,154.9424,53.062,A2,word_pos,décision,N,décision,NOM
maintenant que,CONJ,A2,crf_first_attested,5.8921,2.5451,0.0,5.8921,1.2243,0.0,0.0,0.0,2.5451,,,,,,,,,crf_only,maintenant que,CONJS,,
animal,ADJ,A2,beacco,5.8669,21.751,7.1386,5.8669,30.0572,7.1266,20.5337,44.2742,21.751,16.7322,0.2065,37.9099,9.5948,92.388,78.971,30.9023,A2,word_pos,animal,A,animal,ADJ
quelque temps,ADV,A2,crf_first_attested,5.8323,6.0867,0.0,5.8323,5.3523,6.4693,3.1012,0.0,6.0867,,,,,,,,,crf_only,quelque temps,ADV,,
économies,NOUN,A2,crf_first_attested,5.8127,2.993,0.0,5.8127,2.8992,4.7828,0.0,0.0,2.993,,,,,,,,,crf_only,économies,N,,
dehors,ADV,A2,beacco,5.7984,11.8343,26.6535,5.7984,10.216,2.0121,0.0,0.0,11.8343,16.0871,9.9767,26.0395,22.4746,0.0,0.0,20.2411,A2,word_pos,dehors,ADV,dehors,ADV
populaire,ADJ,A2,beacco,5.7918,60.4483,47.4791,5.7918,22.9842,150.8786,161.9492,92.7691,60.4483,16.8613,6.8476,29.2952,90.6206,132.8606,86.9662,47.2924,A2,word_pos,populaire,A,populaire,ADJ
relation,NOUN,A2,beacco,5.7918,35.5344,0.0,5.7918,42.268,21.194,76.5801,96.2275,35.5344,15.8691,17.9513,118.4723,46.5436,147.3573,208.1843,79.6919,A2,word_pos,relation,N,relation,NOM
loin du,PREP,A2,crf_first_attested,5.7897,6.2871,0.0,5.7897,7.4137,4.8162,2.0505,0.0,6.2871,,,,,,,,,crf_only,loin du,PREP,,
ixer,VERB,A2,crf_first_attested,5.7565,0.7945,0.0,5.7565,0.0,0.0,0.0,0.0,0.7945,,,,,,,,,crf_only,ixer,V,,
voeu,NOUN,A2,beacco,5.6873,8.1096,10.4645,5.6873,6.3199,0.0,1.6042,9.6228,8.1096,7.7059,6.8476,6.1126,0.0,3.4423,19.328,9.3834,A2,word_pos,voeu,N,voeu,NOM
inscrire,VERB,A2,beacco,5.6391,29.4575,19.1783,5.6391,51.3602,11.8506,15.5058,47.2681,29.4575,16.141,8.0832,44.476,25.2191,18.0014,93.687,31.6257,A2,word_pos,inscrire,V,inscrire,VER
précieux,ADJ,A2,beacco,5.6235,30.6277,7.9834,5.6235,54.8696,10.5419,48.4951,19.4814,30.6277,9.155,11.3642,65.0704,18.6047,80.2715,12.833,40.3754,A2,word_pos,précieux,A,précieux,ADJ
cuire,VERB,A2,beacco,5.5581,8.2988,11.4069,5.5581,1.8838,0.5755,41.5144,0.0,8.2988,11.7702,3.7973,12.2945,0.911,31.5653,0.0,10.8984,A2,word_pos,cuire,V,cuire,VER
charme,NOUN,A2,beacco,5.4399,28.5607,13.6491,5.4399,36.9263,40.9668,6.2023,12.9876,28.5607,18.6497,6.661,30.1358,47.0704,6.0005,12.833,26.3432,A2,word_pos,charme,N,charme,NOM
ailleurs,ADV,A2,beacco,5.3491,32.9278,9.3971,5.3491,21.3008,57.4964,55.5722,87.2904,32.9278,16.9564,18.4521,108.4208,141.9208,153.7708,134.1811,85.9554,A2,word_pos,ailleurs,ADV,ailleurs,ADV
divers,ADJ,A2,beacco,5.3178,57.5708,11.4717,5.3178,109.0371,83.7809,32.9961,84.8024,57.5708,7.9276,4.5709,106.498,72.9138,78.6751,77.5234,56.4354,A2,word_pos,divers,A,divers,ADJ
chaleureux,ADJ,A2,beacco,5.3143,6.8371,5.829,5.3143,1.4582,3.0277,4.101,0.0,6.8371,7.9597,3.8895,0.5531,4.5679,4.139,0.0,5.9716,A2,word_pos,chaleureux,A,chaleureux,ADJ
high - tech,ADJ,A2,crf_first_attested,5.3143,1.7625,0.0,5.3143,0.0,0.0,9.3035,0.0,1.7625,,,,,,,,,crf_only,high - tech,A,,
plastique,NOUN,A2,beacco,5.292,20.8825,15.3572,5.292,8.5076,10.597,63.8141,0.0,20.8825,14.48,4.4786,7.6118,2.2839,77.164,0.0,18.2904,A2,word_pos,plastique,N,plastique,NOM
bavarder,VERB,A2,beacco,5.186,8.5417,7.1899,5.186,3.7682,12.2302,0.0,0.0,8.5417,22.0954,4.8004,3.5058,11.8663,0.0,0.0,9.7585,A2,word_pos,bavarder,V,bavarder,VER
gallo - romain,ADJ,A2,crf_first_attested,5.1773,2.1527,0.0,5.1773,0.0,0.0,0.0,38.491,2.1527,,,,,,,,,crf_only,gallo - romain,A,,
tant,CONJ,A2,crf_first_attested,5.1683,0.2609,0.0,5.1683,0.0,0.0,0.0,0.0,0.2609,,,,,,,,,crf_only,tant,CONJS,,
anglaise,NOUN,A2,crf_first_attested,5.0925,1.9947,0.0,5.0925,2.9065,0.0,0.0,0.0,1.9947,,,,,,,,,crf_only,anglaise,N,,
cordelier,NOUN,A2,crf_first_attested,5.0925,0.7413,0.0,5.0925,0.0,0.0,0.0,0.0,0.7413,,,,,,,,,crf_only,cordelier,N,,
dessous,X,A2,crf_first_attested,5.0925,0.7413,0.0,5.0925,0.0,0.0,0.0,0.0,0.7413,,,,,,,,,crf_only,dessous,X,,
dessus,X,A2,crf_first_attested,5.0925,0.7413,0.0,5.0925,0.0,0.0,0.0,0.0,0.7413,,,,,,,,,crf_only,dessus,X,,
tu m' en parles,ADV,A2,crf_first_attested,5.0925,0.7413,0.0,5.0925,0.0,0.0,0.0,0.0,0.7413,,,,,,,,,crf_only,tu m' en parles,ADV,,
jouet,NOUN,A2,beacco,5.035,6.6494,11.362,5.035,0.6884,1.7898,0.0,0.0,6.6494,7.7803,5.7823,0.487,3.7966,0.0,0.0,5.9375,A2,word_pos,jouet,N,jouet,NOM
institut,NOUN,A2,beacco,5.0146,23.2159,0.6621,5.0146,18.1931,0.0,99.3105,110.6856,23.2159,7.9383,3.4287,35.4007,4.5679,182.8888,250.9018,43.19,A2,word_pos,institut,N,institut,NOM
romi,NOUN,A2,crf_first_attested,5.0078,1.9009,0.0,5.0078,0.4621,0.0,0.0,0.0,1.9009,,,,,,,,,crf_only,romi,N,,
tant que,CONJ,A2,crf_first_attested,5.001,8.4073,0.0,5.001,9.1532,6.6199,4.101,19.2455,8.4073,,,,,,,,,crf_only,tant que,CONJS,,
touristique,ADJ,A2,beacco,4.9944,20.8239,16.8187,4.9944,42.7442,6.0554,1.6042,0.0,20.8239,17.1402,10.0148,25.448,6.8518,3.4423,0.0,19.9901,A2,word_pos,touristique,A,touristique,ADJ
trois cent,DET,A2,crf_first_attested,4.9322,1.7417,0.0,4.9322,1.3866,0.0,0.0,0.0,1.7417,,,,,,,,,crf_only,trois cent,DET,,
taxis,NOUN,A2,crf_first_attested,4.8986,3.8,0.0,4.8986,6.2573,0.6707,0.0,0.0,3.8,,,,,,,,,crf_only,taxis,N,,
mélanger,VERB,A2,beacco,4.8581,12.4405,8.1668,4.8581,4.8252,6.8058,67.2408,0.0,12.4405,9.5743,8.929,3.5715,8.7861,92.2241,0.0,16.4536,A2,word_pos,mélanger,V,mélanger,VER
congé,NOUN,A2,beacco,4.8502,28.0014,18.146,4.8502,18.9488,32.6028,45.6223,96.2275,28.0014,23.7967,9.4773,22.4336,46.2003,31.3528,135.296,35.0402,A2,word_pos,congé,N,congé,NOM
évoquer,VERB,A2,beacco,4.8471,32.7851,29.1597,4.8471,36.8983,9.4732,104.2577,19.2455,32.7851,21.5391,9.9671,42.8356,12.3566,124.5768,38.656,39.8921,A2,word_pos,évoquer,V,évoquer,VER
cérémonie,NOUN,A2,beacco,4.7402,7.2494,7.658,4.7402,11.1274,0.7062,0.0,0.0,7.2494,10.3283,9.3179,14.9869,1.2705,0.0,0.0,10.9201,A2,word_pos,cérémonie,N,cérémonie,NOM
moustaches,NOUN,A2,crf_first_attested,4.6941,1.1809,0.0,4.6941,0.2041,0.0,0.0,0.0,1.1809,,,,,,,,,crf_only,moustaches,N,,
c' est vrai que,CONJ,A2,crf_first_attested,4.6815,0.6001,0.0,4.6815,0.0,0.0,0.0,0.0,0.6001,,,,,,,,,crf_only,c' est vrai que,CONJS,,
football,NOUN,A2,beacco,4.644,13.6821,11.1008,4.644,5.1928,14.0699,62.9101,0.0,13.6821,22.5747,4.1022,2.5235,14.1801,57.1082,0.0,17.2864,A2,word_pos,football,N,football,NOM
de moins en moins,ADV,A2,crf_first_attested,4.6118,11.532,0.0,4.6118,13.0674,17.8269,0.0,38.9627,11.532,,,,,,,,,crf_only,de moins en moins,ADV,,
degré,NOUN,A2,beacco,4.5942,24.6992,19.3049,4.5942,28.5455,6.3945,20.5337,55.0502,24.6992,17.0166,1.2017,22.5401,9.0915,41.2358,93.687,25.2583,A2,word_pos,degré,N,degré,NOM
japonais,ADJ,A2,beacco,4.5942,11.446,10.3285,4.5942,10.6286,0.5755,3.1012,67.2823,11.446,7.9383,6.6325,14.4167,0.911,6.0005,77.5234,15.2641,A2,word_pos,japonais,A,japonais,ADJ
en baisse,ADV,A2,crf_first_attested,4.5942,1.9675,0.0,4.5942,0.2916,0.0,6.2023,0.0,1.9675,,,,,,,,,crf_only,en baisse,ADV,,
fermeture,NOUN,A2,beacco,4.5935,9.516,10.0663,4.5935,6.4257,3.1713,1.6042,0.0,9.516,11.577,9.9115,6.458,0.8102,3.4423,0.0,10.5192,A2,word_pos,fermeture,N,fermeture,NOM
actualité,NOUN,A2,beacco,4.5738,25.4103,8.0435,4.5738,32.1598,13.6777,43.7711,56.3711,25.4103,7.9597,4.5743,26.5254,14.4824,29.205,78.971,24.5233,A2,word_pos,actualité,N,actualité,NOM
portier,NOUN,A2,crf_first_attested,4.5593,2.9786,0.0,4.5593,1.8184,0.0,9.3035,0.0,2.9786,,,,,,,,,crf_only,portier,N,,
de toute évidence,ADV,A2,crf_first_attested,4.5541,2.3061,0.0,4.5541,1.0854,0.5285,0.0,0.0,2.3061,,,,,,,,,crf_only,de toute évidence,ADV,,
montant,NOUN,A2,beacco,4.4643,12.1079,0.5025,4.4643,0.0,47.1644,52.0523,0.0,12.1079,7.7151,5.7963,0.0,36.8207,63.1587,0.0,15.767,A2,word_pos,montant,N,montant,NOM
roumalis,NOUN,A2,crf_first_attested,4.4643,1.1279,0.0,4.4643,0.2076,0.0,0.0,0.0,1.1279,,,,,,,,,crf_only,roumalis,N,,
cave,NOUN,A2,beacco,4.4587,14.9103,15.0706,4.4587,10.8231,7.8335,21.7081,0.0,14.9103,21.1338,4.4863,15.0039,6.8597,18.0014,0.0,17.3866,A2,word_pos,cave,N,cave,NOM
merveille,NOUN,A2,beacco,4.458,12.1097,22.9662,4.458,12.1851,1.5139,6.2023,9.6228,12.1097,20.841,4.4863,13.3181,2.2839,6.0005,19.328,13.6241,A2,word_pos,merveille,N,merveille,NOM
installations,NOUN,A2,crf_first_attested,4.4566,2.002,0.0,4.4566,2.4003,0.0,0.0,0.0,2.002,,,,,,,,,crf_only,installations,N,,
brisé,ADJ,A2,crf_first_attested,4.4566,1.7437,0.0,4.4566,0.1883,0.5285,0.0,0.0,1.7437,,,,,,,,,crf_only,brisé,A,,
hum,INT,A2,beacco,4.4296,3.5908,,,,,,,,16.4842,4.4296,0.0,0.0,0.0,0.0,3.5908,A2,beacco_only,,,hum,INT
élire,VERB,A2,beacco,4.415,8.69,25.6925,4.415,0.7097,0.7062,13.3747,0.0,8.69,11.9785,4.5837,8.4131,9.0915,36.8208,0.0,15.5854,A2,word_pos,élire,V,élire,VER
concerner,VERB,A2,beacco,4.4149,70.9025,1.3242,4.4149,88.1625,61.7338,206.0326,268.8672,70.9025,8.2421,6.754,125.1434,36.4219,266.5932,354.4884,88.7098,A2,word_pos,concerner,V,concerner,VER
à l' intérieur,ADV,A2,crf_first_attested,4.404,5.9134,0.0,4.404,0.9179,10.6273,15.6669,0.0,5.9134,,,,,,,,,crf_only,à l' intérieur,ADV,,
colonie,NOUN,A2,beacco,4.3692,1.4087,0.0,4.3692,0.7236,0.0,0.0,0.0,1.4087,7.9276,17.2422,7.6896,0.0,0.0,4.0185,9.6821,A2,word_pos,colonie,N,colonie,NOM
dentiste,NOUN,A2,beacco,4.3559,7.0565,3.8621,4.3559,6.3327,0.0,12.4046,0.0,7.0565,7.6913,3.1313,4.8043,0.0,12.0009,0.0,6.5859,A2,word_pos,dentiste,N,dentiste,NOM
linguistique,ADJ,A2,beacco,4.3374,27.8285,5.4242,4.3374,7.3807,23.2106,0.0,532.2901,27.8285,10.4459,3.839,8.9711,18.183,0.0,292.3863,23.9684,A2,word_pos,linguistique,A,linguistique,ADJ
quant à,PREP,A2,crf_first_attested,4.2792,27.5928,0.0,4.2792,30.4751,49.2398,40.8055,12.9876,27.5928,,,,,,,,,crf_only,quant à,PREP,,
compléter,VERB,A2,beacco,4.2719,17.5334,30.4541,4.2719,13.3828,9.9222,15.1776,4.1173,17.5334,10.7548,8.8273,14.6408,8.7861,20.024,43.8345,19.2634,A2,word_pos,compléter,V,compléter,VER
mousseau,ADJ,A2,crf_first_attested,4.1594,0.6032,0.0,4.1594,0.0,0.0,0.0,0.0,0.6032,,,,,,,,,crf_only,mousseau,A,,
sylvain,NOUN,A2,crf_first_attested,4.1594,0.6032,0.0,4.1594,0.0,0.0,0.0,0.0,0.6032,,,,,,,,,crf_only,sylvain,N,,
élégant,ADJ,A2,beacco,4.1487,20.6546,21.4564,4.1487,5.821,67.3834,9.3035,0.0,20.6546,23.9313,6.8154,11.0611,25.5365,6.0005,0.0,22.0142,A2,word_pos,élégant,A,élégant,ADJ
tu en as,ADV,A2,crf_first_attested,4.1347,0.2087,0.0,4.1347,0.0,0.0,0.0,0.0,0.2087,,,,,,,,,crf_only,tu en as,ADV,,
micro,NOUN,A2,beacco,4.1092,3.7173,12.7071,4.1092,0.0906,0.0,0.0,0.0,3.7173,21.8955,3.8651,0.185,0.0,0.0,0.0,5.2121,A2,word_pos,micro,N,micro,NOM
iseut,NOUN,A2,crf_first_attested,4.0705,0.2055,0.0,4.0705,0.0,0.0,0.0,0.0,0.2055,,,,,,,,,crf_only,iseut,N,,
nerveux,ADJ,A2,beacco,4.0228,24.2441,12.3995,4.0228,20.0669,9.4106,37.2138,57.7365,24.2441,18.1872,4.1482,24.9429,12.8024,24.0018,57.984,24.6991,A2,word_pos,nerveux,A,nerveux,ADJ
essentiel,NOUN,A2,beacco,4.0228,17.7659,2.4979,4.0228,8.6279,6.0554,22.2727,144.5532,17.7659,7.9597,6.8377,9.1148,4.5679,27.9938,56.7717,16.3398,A2,word_pos,essentiel,N,essentiel,NOM
en dehors de,PREP,A2,crf_first_attested,4.0135,6.5737,0.0,4.0135,8.0668,1.5139,2.0505,45.4565,6.5737,,,,,,,,,crf_only,en dehors de,PREP,,
nôtre,NOUN,A2,crf_first_attested,4.0104,2.8649,0.0,4.0104,0.0,1.5139,0.0,56.9312,2.8649,,,,,,,,,crf_only,nôtre,N,,
illuminer,VERB,A2,beacco,3.9413,4.6885,13.464,3.9413,0.6802,0.5285,0.0,0.0,4.6885,19.2545,6.5332,1.1713,0.8102,0.0,0.0,7.3689,A2,word_pos,illuminer,V,illuminer,VER
au moment où,ADV,A2,crf_first_attested,3.8068,1.006,0.0,3.8068,0.1155,0.0,0.0,0.0,1.006,,,,,,,,,crf_only,au moment où,ADV,,
fatigué,ADJ,A2,beacco,3.7519,8.3773,0.0,3.7519,6.7578,27.4697,3.1012,0.0,8.3773,21.2667,4.43,7.2131,30.986,6.0005,0.0,16.769,A2,word_pos,fatigué,A,fatigué,ADJ
marocain,ADJ,A2,beacco,3.7489,7.449,14.4131,3.7489,0.7214,0.0,0.0,57.7365,7.449,16.2952,0.1937,0.4665,0.0,0.0,96.64,7.9252,A2,word_pos,marocain,A,marocain,ADJ
cinq cent,DET,A2,crf_first_attested,3.7328,2.2383,0.0,3.7328,1.6244,0.8949,0.0,0.0,2.2383,,,,,,,,,crf_only,cinq cent,DET,,
en plus de,PREP,A2,crf_first_attested,3.6809,3.0734,0.0,3.6809,0.7236,0.0,24.2475,0.0,3.0734,,,,,,,,,crf_only,en plus de,PREP,,
à tout moment,ADV,A2,crf_first_attested,3.6057,2.9038,0.0,3.6057,3.0579,0.0,2.0505,0.0,2.9038,,,,,,,,,crf_only,à tout moment,ADV,,
resto,NOUN,A2,beacco,3.6034,5.9505,13.2095,3.6034,4.3116,0.0,3.1012,0.0,5.9505,13.5327,8.4893,0.6378,0.0,6.0005,0.0,6.9616,A2,word_pos,resto,N,resto,NOM
ennuyeux,ADJ,A2,beacco,3.572,3.9073,8.292,3.572,0.0,0.7062,3.2084,0.0,3.9073,16.4654,5.3448,0.0,1.2705,3.4423,0.0,5.9732,A2,word_pos,ennuyeux,A,ennuyeux,ADJ
dans un premier temps,ADV,A2,crf_first_attested,3.543,1.2083,0.0,3.543,0.0,3.0277,0.0,0.0,1.2083,,,,,,,,,crf_only,dans un premier temps,ADV,,
au sein de,PREP,A2,crf_first_attested,3.5373,21.8387,0.0,3.5373,10.223,30.7904,45.3131,182.7867,21.8387,,,,,,,,,crf_only,au sein de,PREP,,
franc soleil,NOUN,A2,crf_first_attested,3.5373,0.4902,0.0,3.5373,0.0,0.0,0.0,0.0,0.4902,,,,,,,,,crf_only,franc soleil,N,,
privilégier,VERB,A2,beacco,3.5353,22.306,0.0,3.5353,21.2703,34.8187,6.2023,100.8319,22.306,10.4459,4.5709,35.5159,13.7036,31.3781,86.9662,28.2601,A2,word_pos,privilégier,V,privilégier,VER
basket,NOUN,A2,beacco,3.5353,8.018,14.0587,3.5353,6.8181,0.0,1.6042,19.2455,8.018,16.445,4.5709,5.9891,0.0,3.4423,19.328,9.0282,A2,word_pos,basket,N,basket,NOM
maquila,NOUN,A2,crf_first_attested,3.4693,0.1751,0.0,3.4693,0.0,0.0,0.0,0.0,0.1751,,,,,,,,,crf_only,maquila,N,,
du côté de,PREP,A2,crf_first_attested,3.447,8.8447,0.0,3.447,25.7476,5.4089,0.0,0.0,8.8447,,,,,,,,,crf_only,du côté de,PREP,,
tu veux bien,ADV,A2,crf_first_attested,3.447,1.8887,0.0,3.447,2.5602,0.0,0.0,0.0,1.8887,,,,,,,,,crf_only,tu veux bien,ADV,,
en l' honneur du,PREP,A2,crf_first_attested,3.4375,1.5162,0.0,3.4375,0.8749,0.0,0.0,0.0,1.5162,,,,,,,,,crf_only,en l' honneur du,PREP,,
souriant,ADJ,A2,beacco,3.4347,7.1387,9.7765,3.4347,3.0833,4.0241,0.0,0.0,7.1387,16.6277,5.8168,0.3906,8.9666,6.0005,0.0,11.0143,A2,word_pos,souriant,A,souriant,ADJ
animer,VERB,A2,beacco,3.4345,16.3958,3.5922,3.4345,15.7606,25.2384,15.5058,0.0,16.3958,18.2617,10.1655,28.6007,23.51,24.0018,0.0,23.5765,A2,word_pos,animer,V,animer,VER
au premier,ADV,A2,crf_first_attested,3.4107,0.4835,0.0,3.4107,0.0,0.0,0.0,0.0,0.4835,,,,,,,,,crf_only,au premier,ADV,,
contrairement à,PREP,A2,crf_first_attested,3.4071,7.0971,0.0,3.4071,3.6886,11.2845,10.2524,0.0,7.0971,,,,,,,,,crf_only,contrairement à,PREP,,
pacser,VERB,A2,crf_first_attested,3.3871,0.171,0.0,3.3871,0.0,0.0,0.0,0.0,0.171,,,,,,,,,crf_only,pacser,V,,
en souvenir de,PREP,A2,crf_first_attested,3.3832,4.2993,0.0,3.3832,0.7214,0.7062,15.5058,0.0,4.2993,,,,,,,,,crf_only,en souvenir de,PREP,,
nu,ADJ,A2,crf_first_attested,3.3562,8.9789,0.0,3.3562,23.8466,6.9515,0.0,0.0,8.9789,,,,,,,,,crf_only,nu,A,,
publique,ADJ,A2,beacco,3.3268,77.6856,,,,,,,,7.7628,3.3268,58.0981,123.421,162.9387,363.8657,77.6856,A2,beacco_only,,,publique,ADJ
lointain,ADJ,A2,beacco,3.3162,16.6325,13.8135,3.3162,20.1821,12.133,19.6975,6.4938,16.6325,16.9143,3.6137,22.813,18.0886,26.3397,12.833,20.7935,A2,word_pos,lointain,A,lointain,ADJ
conserver,VERB,A2,beacco,3.3093,19.2674,11.0859,3.3093,2.3079,76.1213,51.3298,28.8683,19.2674,16.687,6.4545,14.4751,51.1085,107.8881,57.984,31.1602,A2,word_pos,conserver,V,conserver,VER
big,X,A2,crf_first_attested,3.2926,4.6311,0.0,3.2926,1.4195,0.0,17.3764,0.0,4.6311,,,,,,,,,crf_only,big,X,,
en voici,ADV,A2,crf_first_attested,3.2926,3.1589,0.0,3.2926,2.3993,2.6847,0.0,0.0,3.1589,,,,,,,,,crf_only,en voici,ADV,,
en bon état,ADV,A2,crf_first_attested,3.2866,0.476,0.0,3.2866,0.0,0.0,0.0,0.0,0.476,,,,,,,,,crf_only,en bon état,ADV,,
panneau,NOUN,A2,beacco,3.2703,15.8498,13.7876,3.2703,26.2727,0.0,18.6069,0.0,15.8498,15.7709,3.9412,5.9897,0.0,12.0009,0.0,9.1787,A2,word_pos,panneau,N,panneau,NOM
lacs,NOUN,A2,crf_first_attested,3.253,5.3152,0.0,3.253,9.5311,0.0,15.6669,0.0,5.3152,,,,,,,,,crf_only,lacs,N,,
checker,NOUN,A2,crf_first_attested,3.253,0.4523,0.0,3.253,0.0,0.0,0.0,0.0,0.4523,,,,,,,,,crf_only,checker,N,,
opinions,NOUN,A2,crf_first_attested,3.2508,13.8271,0.0,3.2508,2.6577,17.9222,27.7392,125.9778,13.8271,,,,,,,,,crf_only,opinions,N,,
marqué,ADJ,A2,crf_first_attested,3.2429,2.3934,0.0,3.2429,0.0,7.0743,0.0,9.6228,2.3934,,,,,,,,,crf_only,marqué,A,,
façons,NOUN,A2,crf_first_attested,3.2373,11.1276,0.0,3.2373,15.5104,10.597,9.3035,9.6228,11.1276,,,,,,,,,crf_only,façons,N,,
party,NOUN,A2,crf_first_attested,3.2373,5.0512,0.0,3.2373,1.4744,18.1101,3.1012,0.0,5.0512,,,,,,,,,crf_only,party,N,,
illustrer,VERB,A2,beacco,3.2366,18.1753,7.0732,3.2366,8.0949,24.3173,40.3921,43.6102,18.1753,11.4917,1.2017,10.1902,26.5704,51.9203,86.9662,22.8471,A2,word_pos,illustrer,V,illustrer,VER
au nom de,PREP,A2,crf_first_attested,3.2366,12.321,0.0,3.2366,13.1874,21.4103,10.2669,19.4814,12.321,,,,,,,,,crf_only,au nom de,PREP,,
frustré,NOUN,A2,crf_first_attested,3.2366,0.4271,0.0,3.2366,0.0,0.0,0.0,0.0,0.4271,,,,,,,,,crf_only,frustré,N,,
enseignement,NOUN,A2,beacco,3.2313,45.7226,12.5455,3.2313,14.1807,49.8781,93.669,363.3117,45.7226,18.5098,3.839,14.3992,55.1146,97.087,287.5334,48.6902,A2,word_pos,enseignement,N,enseignement,NOM
religion,NOUN,A2,beacco,3.2088,34.7428,12.4405,3.2088,77.3267,0.0,20.5337,38.491,34.7428,16.1826,1.2456,65.4322,0.0,27.9938,38.656,29.5171,A2,word_pos,religion,N,religion,NOM
catholique,NOUN,A2,crf_first_attested,3.2088,5.2523,0.0,3.2088,3.8964,2.4776,0.0,0.0,5.2523,,,,,,,,,crf_only,catholique,N,,
autoriser,VERB,A2,beacco,3.1707,35.3622,6.1084,3.1707,55.1907,6.0554,75.1447,97.486,35.3622,7.7628,6.4234,44.6074,6.8518,120.9289,131.2856,38.7277,A2,word_pos,autoriser,V,autoriser,VER
poète,ADJ,A2,beacco,3.1687,12.5513,22.3551,3.1687,0.2405,40.1533,8.2019,0.0,12.5513,16.7031,9.8304,3.6187,59.7668,0.0,0.0,16.1487,A2,word_pos,poète,A,poète,ADJ
polonais,ADJ,A2,beacco,3.1469,11.1064,25.4953,3.1469,3.9128,24.8331,0.0,0.0,11.1064,22.4576,4.5382,0.6378,29.0746,0.0,0.0,11.5071,A2,word_pos,polonais,A,polonais,ADJ
brave,ADJ,A2,beacco,3.101,11.3127,18.6863,3.101,4.6588,16.4979,0.0,0.0,11.3127,22.7211,2.1359,10.6341,2.6036,6.8846,0.0,13.0145,A2,word_pos,brave,A,brave,ADJ
chant,NOUN,A2,beacco,3.081,31.8191,13.0581,3.081,86.7095,9.4499,3.1012,0.0,31.8191,9.7278,4.1482,80.85,8.2319,6.0005,0.0,30.1665,A2,word_pos,chant,N,chant,NOM
résidence,NOUN,A2,beacco,3.0397,16.7793,6.4609,3.0397,22.2417,3.0277,66.9988,9.6228,16.7793,10.8876,4.5743,23.2938,2.2839,68.9296,19.328,18.1257,A2,word_pos,résidence,N,résidence,NOM
q,NOUN,A2,crf_first_attested,3.0322,0.1531,0.0,3.0322,0.0,0.0,0.0,0.0,0.1531,,,,,,,,,crf_only,q,N,,
indien,ADJ,A2,beacco,3.0206,15.2182,12.1765,3.0206,4.9921,8.4175,47.1826,38.491,15.2182,7.9875,6.0989,11.1108,9.0915,52.5392,19.328,18.2532,A2,word_pos,indien,A,indien,ADJ
envoyez,PREP,A2,crf_first_attested,3.0206,1.3912,0.0,3.0206,0.2405,0.6707,0.0,0.0,1.3912,,,,,,,,,crf_only,envoyez,PREP,,
dans l' attente de,PREP,A2,crf_first_attested,2.971,1.6478,0.0,2.971,2.4517,0.0,0.0,0.0,1.6478,,,,,,,,,crf_only,dans l' attente de,PREP,,
courriel,NOUN,A2,crf_first_attested,2.9637,5.7744,0.0,2.9637,7.398,3.0277,19.6134,0.0,5.7744,,,,,,,,,crf_only,courriel,N,,
par conséquent,ADV,A2,crf_first_attested,2.9356,14.2902,0.0,2.9356,8.2188,16.7167,52.4964,0.0,14.2902,,,,,,,,,crf_only,par conséquent,ADV,,
inoubliable,ADJ,A2,beacco,2.9272,8.1821,13.7614,2.9272,10.2706,0.0,0.0,0.0,8.1821,12.8211,2.3318,12.3178,0.0,0.0,0.0,9.3656,A2,word_pos,inoubliable,A,inoubliable,ADJ
sixième,ADJ,A2,crf_first_attested,2.9245,2.8913,0.0,2.9245,0.0,20.2058,0.0,0.0,2.8913,,,,,,,,,crf_only,sixième,A,,
toi,VERB,A2,crf_first_attested,2.9042,0.4401,0.0,2.9042,0.0,0.0,0.0,0.0,0.4401,,,,,,,,,crf_only,toi,V,,
viking,NOUN,A2,crf_first_attested,2.8783,1.105,0.0,2.8783,0.0,0.0,3.2084,0.0,1.105,,,,,,,,,crf_only,viking,N,,
normand,NOUN,A2,crf_first_attested,2.8783,0.836,0.0,2.8783,0.2295,0.0,0.0,0.0,0.836,,,,,,,,,crf_only,normand,N,,
venue,NOUN,A2,crf_first_attested,2.8204,1.877,0.0,2.8204,0.2405,5.4089,0.0,0.0,1.877,,,,,,,,,crf_only,venue,N,,
réserve,NOUN,A2,beacco,2.8132,25.3469,6.9134,2.8132,46.1999,6.0554,45.6318,6.4938,25.3469,7.7903,4.1006,37.6926,4.5679,62.7057,12.833,27.6425,A2,word_pos,réserve,N,réserve,NOM
nov,NOUN,A2,crf_first_attested,2.803,0.3799,0.0,2.803,0.0,0.0,0.0,0.0,0.3799,,,,,,,,,crf_only,nov,N,,
cédric,NOUN,A2,crf_first_attested,2.7362,0.1381,0.0,2.7362,0.0,0.0,0.0,0.0,0.1381,,,,,,,,,crf_only,cédric,N,,
tout d' un coup,ADV,A2,crf_first_attested,2.5842,10.3299,0.0,2.5842,0.4732,48.7391,29.7295,0.0,10.3299,,,,,,,,,crf_only,tout d' un coup,ADV,,
gai,NOUN,A2,crf_first_attested,2.5842,1.705,0.0,2.5842,2.4219,0.0,0.0,0.0,1.705,,,,,,,,,crf_only,gai,N,,
mi - corps,NOUN,A2,crf_first_attested,2.5842,0.1304,0.0,2.5842,0.0,0.0,0.0,0.0,0.1304,,,,,,,,,crf_only,mi - corps,N,,
même que,CONJ,A2,crf_first_attested,2.5842,0.1304,0.0,2.5842,0.0,0.0,0.0,0.0,0.1304,,,,,,,,,crf_only,même que,CONJS,,
à la sortie de,PREP,A2,crf_first_attested,2.5831,1.1702,0.0,2.5831,0.2295,0.0,1.6042,0.0,1.1702,,,,,,,,,crf_only,à la sortie de,PREP,,
camion,NOUN,A2,beacco,2.5246,7.1118,10.3285,2.5246,8.9171,0.0,6.2023,0.0,7.1118,14.0536,5.3697,7.5797,0.0,12.0009,0.0,9.5022,A2,word_pos,camion,N,camion,NOM
institution,NOUN,A2,beacco,2.5237,35.4364,5.4124,2.5237,38.5171,19.7837,76.56,143.6214,35.4364,7.9875,4.8826,29.6461,23.856,88.5596,112.15,35.9796,A2,word_pos,institution,N,institution,NOM
recouvrir,VERB,A2,beacco,2.5121,16.3794,26.527,2.5121,22.8184,1.5139,15.1776,12.9876,16.3794,10.7976,0.186,16.1916,2.2839,0.0,0.0,9.1642,A2,word_pos,recouvrir,V,recouvrir,VER
héler,VERB,A2,beacco,2.4445,13.3703,,,,,,,,12.0324,2.4445,14.7845,1.3018,3.4423,19.328,13.3703,A2,beacco_only,,,héler,VER
brûlé,ADJ,A2,crf_first_attested,2.435,2.1311,0.0,2.435,0.2076,3.5796,0.0,0.0,2.1311,,,,,,,,,crf_only,brûlé,A,,
du côté du,PREP,A2,crf_first_attested,2.4069,12.8128,0.0,2.4069,10.898,52.6231,6.4168,0.0,12.8128,,,,,,,,,crf_only,du côté du,PREP,,
coller,VERB,A2,beacco,2.4006,25.6447,11.1785,2.4006,37.1218,50.9344,26.2593,0.0,25.6447,11.3678,4.7328,50.835,63.0743,52.5392,0.0,37.7744,A2,word_pos,coller,V,coller,VER
grillé,ADJ,A2,beacco,2.3739,5.6593,16.8575,2.3739,0.7214,1.4125,0.0,0.0,5.6593,21.4226,0.2129,0.4665,2.5411,0.0,0.0,6.2188,A2,word_pos,grillé,A,grillé,ADJ
toc,ADV,A2,crf_first_attested,2.3587,0.1191,0.0,2.3587,0.0,0.0,0.0,0.0,0.1191,,,,,,,,,crf_only,toc,ADV,,
en moins,ADV,A2,crf_first_attested,2.3535,9.5752,0.0,2.3535,2.3106,26.1591,24.8092,0.0,9.5752,,,,,,,,,crf_only,en moins,ADV,,
orang - outan,NOUN,A2,crf_first_attested,2.3505,5.9737,0.0,2.3505,0.0,11.0995,0.0,0.0,5.9737,,,,,,,,,crf_only,orang - outan,N,,
pour le moment,ADV,A2,crf_first_attested,2.3196,2.7894,0.0,2.3196,1.5342,0.8949,20.5337,0.0,2.7894,,,,,,,,,crf_only,pour le moment,ADV,,
pour tout dire,ADV,A2,crf_first_attested,2.3196,0.9577,0.0,2.3196,0.0,1.7898,0.0,0.0,0.9577,,,,,,,,,crf_only,pour tout dire,ADV,,
citoyen,ADJ,A2,crf_first_attested,2.31,12.3872,0.0,2.31,44.0671,0.0,3.2084,0.0,12.3872,,,,,,,,,crf_only,citoyen,A,,
poésie,NOUN,A2,beacco,2.31,12.3778,13.2354,2.31,21.4819,0.0,15.5058,0.0,12.3778,10.9327,4.633,31.9783,0.0,12.0009,0.0,14.8266,A2,word_pos,poésie,N,poésie,NOM
téléviser,VERB,A2,beacco,2.2992,0.9232,1.3242,2.2992,0.0,0.0,0.0,0.0,0.9232,7.7628,8.4665,12.2835,16.8028,6.0005,19.328,16.4589,A2,word_pos,téléviser,V,téléviser,VER
attention,VERB,A2,crf_first_attested,2.2992,0.3222,0.0,2.2992,0.0,0.0,0.0,0.0,0.3222,,,,,,,,,crf_only,attention,V,,
production,NOUN,A2,beacco,2.2948,53.3614,5.7198,2.2948,25.304,10.2418,259.2915,586.8833,53.3614,7.6879,4.5709,32.7163,18.183,347.6266,450.8995,60.9139,A2,word_pos,production,N,production,NOM
tu te souviens,ADV,A2,crf_first_attested,2.2948,0.3178,0.0,2.2948,0.0,0.0,0.0,0.0,0.3178,,,,,,,,,crf_only,tu te souviens,ADV,,
jazz,NOUN,A2,beacco,2.2869,2.7498,5.6762,2.2869,0.0,0.0,9.3035,0.0,2.7498,11.482,4.5743,0.0,0.0,6.0005,0.0,3.706,A2,word_pos,jazz,N,jazz,NOM
tu l' as,ADV,A2,crf_first_attested,2.2721,0.3282,0.0,2.2721,0.0,0.0,0.0,0.0,0.3282,,,,,,,,,crf_only,tu l' as,ADV,,
échecs,NOUN,A2,crf_first_attested,2.2462,10.6504,0.0,2.2462,26.2902,1.0571,2.0505,0.0,10.6504,,,,,,,,,crf_only,échecs,N,,
lors,PREP,A2,crf_first_attested,2.2462,6.087,0.0,2.2462,3.7292,13.8842,0.0,9.6228,6.087,,,,,,,,,crf_only,lors,PREP,,
en descente de,PREP,A2,crf_first_attested,2.2462,0.1134,0.0,2.2462,0.0,0.0,0.0,0.0,0.1134,,,,,,,,,crf_only,en descente de,PREP,,
fabien,NOUN,A2,crf_first_attested,2.2462,0.1134,0.0,2.2462,0.0,0.0,0.0,0.0,0.1134,,,,,,,,,crf_only,fabien,N,,
médiéval,ADJ,A2,beacco,2.2316,8.2604,7.8193,2.2316,0.4732,4.5416,39.395,0.0,8.2604,11.6963,4.7285,0.438,2.2839,20.024,0.0,6.8036,A2,word_pos,médiéval,A,médiéval,ADJ
vestige,NOUN,A2,beacco,2.2316,3.8671,7.7726,2.2316,0.8162,0.0,3.1012,0.0,3.8671,10.4702,4.7285,0.4317,0.0,6.0005,0.0,4.9632,A2,word_pos,vestige,N,vestige,NOM
retrouvailles,NOUN,A2,crf_first_attested,2.2316,0.3143,0.0,2.2316,0.0,0.0,0.0,0.0,0.3143,,,,,,,,,crf_only,retrouvailles,N,,
à la suite de,PREP,A2,crf_first_attested,2.231,12.6271,0.0,2.231,26.8529,9.529,6.2023,9.6228,12.6271,,,,,,,,,crf_only,à la suite de,PREP,,
veuf,NOUN,A2,crf_first_attested,2.229,0.3095,0.0,2.229,0.0,0.0,0.0,0.0,0.3095,,,,,,,,,crf_only,veuf,N,,
en principe,ADV,A2,crf_first_attested,2.2283,2.7862,0.0,2.2283,0.8749,0.0,6.2023,9.6228,2.7862,,,,,,,,,crf_only,en principe,ADV,,
huguette,NOUN,A2,crf_first_attested,2.2283,0.3094,0.0,2.2283,0.0,0.0,0.0,0.0,0.3094,,,,,,,,,crf_only,huguette,N,,
alentours,NOUN,A2,crf_first_attested,2.2253,2.6108,0.0,2.2253,0.1637,11.2954,0.0,0.0,2.6108,,,,,,,,,crf_only,alentours,N,,
voire,CONJ,A2,crf_first_attested,2.2205,21.8557,0.0,2.2205,6.0064,29.8387,113.4689,87.2204,21.8557,,,,,,,,,crf_only,voire,CONJC,,
carolin,ADJ,A2,crf_first_attested,2.2205,0.3192,0.0,2.2205,0.0,0.0,0.0,0.0,0.3192,,,,,,,,,crf_only,carolin,A,,
dit,NOUN,A2,crf_first_attested,2.2155,11.163,0.0,2.2155,27.6545,3.0277,12.4046,0.0,11.163,,,,,,,,,crf_only,dit,N,,
monnaie,NOUN,A2,beacco,2.2118,14.0695,15.5629,2.2118,18.7283,1.4125,19.4525,0.0,14.0695,16.8409,4.873,25.7729,0.0,31.5653,0.0,16.9578,A2,word_pos,monnaie,N,monnaie,NOM
royal,ADJ,A2,beacco,2.1337,18.0417,13.0891,2.1337,21.0669,9.0762,6.2023,62.0917,18.0417,14.7327,3.6137,30.7382,7.1509,31.3528,44.6051,23.5407,A2,word_pos,royal,A,royal,ADJ
en rouge,ADV,A2,crf_first_attested,2.1139,0.6904,0.0,2.1139,0.0,0.6707,0.0,0.0,0.6904,,,,,,,,,crf_only,en rouge,ADV,,
cent cinquante,DET,A2,crf_first_attested,2.0901,0.2827,0.0,2.0901,0.0,0.0,0.0,0.0,0.2827,,,,,,,,,crf_only,cent cinquante,DET,,
lui,DET,A2,crf_first_attested,2.0841,2.1176,0.0,2.0841,0.2295,0.0,6.4168,0.0,2.1176,,,,,,,,,crf_only,lui,DET,,
traditionnellement,ADV,A2,beacco,2.0673,12.0488,9.6143,2.0673,4.8619,0.0,45.67,25.9752,12.0488,10.4459,1.0679,3.5957,0.0,31.3528,25.6659,9.913,A2,word_pos,traditionnellement,ADV,traditionnellement,ADV
en tant qu',PREP,A2,crf_first_attested,2.0673,5.8093,0.0,2.0673,4.022,0.7062,14.3534,0.0,5.8093,,,,,,,,,crf_only,en tant qu',PREP,,
tour à tour,ADV,A2,crf_first_attested,2.0673,5.3153,0.0,2.0673,0.3401,37.4663,0.0,0.0,5.3153,,,,,,,,,crf_only,tour à tour,ADV,,
défend,NOUN,A2,crf_first_attested,2.0673,0.8178,0.0,2.0673,0.1155,0.0,0.0,0.0,0.8178,,,,,,,,,crf_only,défend,N,,
devant de,PREP,A2,crf_first_attested,2.0673,0.7022,0.0,2.0673,0.2295,0.0,0.0,0.0,0.7022,,,,,,,,,crf_only,devant de,PREP,,
es,DET,A2,crf_first_attested,2.0673,0.1044,0.0,2.0673,0.0,0.0,0.0,0.0,0.1044,,,,,,,,,crf_only,es,DET,,
mal entendu,ADV,A2,crf_first_attested,2.0673,0.1044,0.0,2.0673,0.0,0.0,0.0,0.0,0.1044,,,,,,,,,crf_only,mal entendu,ADV,,
par moments,ADV,A2,crf_first_attested,2.0673,0.1044,0.0,2.0673,0.0,0.0,0.0,0.0,0.1044,,,,,,,,,crf_only,par moments,ADV,,
à moitié chemin,ADV,A2,crf_first_attested,2.0673,0.1044,0.0,2.0673,0.0,0.0,0.0,0.0,0.1044,,,,,,,,,crf_only,à moitié chemin,ADV,,
connait,VERB,A2,crf_first_attested,2.0176,0.6582,0.0,2.0176,0.2076,0.0,0.0,0.0,0.6582,,,,,,,,,crf_only,connait,V,,
argos,X,A2,crf_first_attested,2.0176,0.3051,0.0,2.0176,0.0,0.0,0.0,0.0,0.3051,,,,,,,,,crf_only,argos,X,,
ii,X,A2,crf_first_attested,2.0176,0.3051,0.0,2.0176,0.0,0.0,0.0,0.0,0.3051,,,,,,,,,crf_only,ii,X,,
ridé,ADJ,A2,crf_first_attested,2.0176,0.3051,0.0,2.0176,0.0,0.0,0.0,0.0,0.3051,,,,,,,,,crf_only,ridé,A,,
télécom,NOUN,A2,crf_first_attested,1.9936,1.4817,0.0,1.9936,0.0818,0.0,4.101,0.0,1.4817,,,,,,,,,crf_only,télécom,N,,
mieux,ADJ,A2,crf_first_attested,1.9514,0.8597,0.0,1.9514,0.5833,0.0,0.0,0.0,0.8597,,,,,,,,,crf_only,mieux,A,,
village et j' échange avec tout le monde,NOUN,A2,crf_first_attested,1.9514,0.0985,0.0,1.9514,0.0,0.0,0.0,0.0,0.0985,,,,,,,,,crf_only,village et j' échange avec tout le monde,N,,
voisons,NOUN,A2,crf_first_attested,1.9514,0.0985,0.0,1.9514,0.0,0.0,0.0,0.0,0.0985,,,,,,,,,crf_only,voisons,N,,
pendant tout ce temps,ADV,A2,crf_first_attested,1.9307,1.1299,0.0,1.9307,0.0,1.5856,0.0,0.0,1.1299,,,,,,,,,crf_only,pendant tout ce temps,ADV,,
tu en veux,ADV,A2,crf_first_attested,1.9269,0.284,0.0,1.9269,0.0,0.0,0.0,0.0,0.284,,,,,,,,,crf_only,tu en veux,ADV,,
amateur,ADJ,A2,crf_first_attested,1.9253,6.0574,0.0,1.9253,10.2333,6.7049,0.0,0.0,6.0574,,,,,,,,,crf_only,amateur,A,,
no,X,A2,crf_first_attested,1.9253,0.0972,0.0,1.9253,0.0,0.0,0.0,0.0,0.0972,,,,,,,,,crf_only,no,X,,
smoking,X,A2,crf_first_attested,1.9253,0.0972,0.0,1.9253,0.0,0.0,0.0,0.0,0.0972,,,,,,,,,crf_only,smoking,X,,
autour,PREP,A2,crf_first_attested,1.924,2.0834,0.0,1.924,2.9775,0.5755,0.0,0.0,2.0834,,,,,,,,,crf_only,autour,PREP,,
porc,NOUN,A2,beacco,1.9114,5.3742,8.3978,1.9114,0.6802,0.7062,12.4046,0.0,5.3742,7.9061,3.7926,0.5857,1.2705,12.0009,0.0,6.8455,A2,word_pos,porc,N,porc,NOM
deux cent mille,DET,A2,crf_first_attested,1.9052,0.9898,0.0,1.9052,0.7097,0.0,0.0,0.0,0.9898,,,,,,,,,crf_only,deux cent mille,DET,,
relooking,NOUN,A2,crf_first_attested,1.9052,0.4505,0.0,1.9052,0.0,0.0,1.6042,0.0,0.4505,,,,,,,,,crf_only,relooking,N,,
tu ramènes,PREP,A2,crf_first_attested,1.9025,0.096,0.0,1.9025,0.0,0.0,0.0,0.0,0.096,,,,,,,,,crf_only,tu ramènes,PREP,,
deux cent,DET,A2,crf_first_attested,1.8994,8.1238,0.0,1.8994,15.9208,7.3776,0.0,0.0,8.1238,,,,,,,,,crf_only,deux cent,DET,,
écrit,ADJ,A2,crf_first_attested,1.8738,5.6466,0.0,1.8738,9.5919,0.0,4.8126,9.6228,5.6466,,,,,,,,,crf_only,écrit,A,,
autoroute,NOUN,A2,beacco,1.8667,11.2311,14.0024,1.8667,22.167,0.0,3.1012,0.0,11.2311,12.5986,3.8553,17.4565,0.0,6.0005,0.0,11.2818,A2,word_pos,autoroute,N,autoroute,NOM
fi si,CONJ,A2,crf_first_attested,1.8512,0.0934,0.0,1.8512,0.0,0.0,0.0,0.0,0.0934,,,,,,,,,crf_only,fi si,CONJS,,
mais voilà,ADV,A2,crf_first_attested,1.8512,0.0934,0.0,1.8512,0.0,0.0,0.0,0.0,0.0934,,,,,,,,,crf_only,mais voilà,ADV,,
porter plaindre,VERB,A2,crf_first_attested,1.8512,0.0934,0.0,1.8512,0.0,0.0,0.0,0.0,0.0934,,,,,,,,,crf_only,porter plaindre,V,,
services après - vente,NOUN,A2,crf_first_attested,1.8512,0.0934,0.0,1.8512,0.0,0.0,0.0,0.0,0.0934,,,,,,,,,crf_only,services après - vente,N,,
en partie,ADV,A2,crf_first_attested,1.8057,14.0334,0.0,1.8057,10.8273,26.6602,3.2084,33.8071,14.0334,,,,,,,,,crf_only,en partie,ADV,,
divorcé,ADJ,A2,crf_first_attested,1.7688,0.7586,0.0,1.7688,0.4732,0.0,0.0,0.0,0.7586,,,,,,,,,crf_only,divorcé,A,,
armelle,NOUN,A2,crf_first_attested,1.7688,0.0893,0.0,1.7688,0.0,0.0,0.0,0.0,0.0893,,,,,,,,,crf_only,armelle,N,,
tu sais,CONJ,A2,crf_first_attested,1.7559,0.2403,0.0,1.7559,0.0,0.0,0.0,0.0,0.2403,,,,,,,,,crf_only,tu sais,CONJS,,
maternel,ADJ,A2,beacco,1.7526,12.1252,6.0789,1.7526,0.2093,30.5721,3.2084,57.7365,12.1252,11.9993,8.4186,2.4519,19.035,3.4423,57.984,15.0401,A2,word_pos,maternel,A,maternel,ADJ
commentaire,NOUN,A2,beacco,1.7455,13.3,23.5086,1.7455,2.3998,33.0836,0.0,0.0,13.3,24.0126,0.4157,3.2472,9.1358,0.0,0.0,11.0291,A2,word_pos,commentaire,N,commentaire,NOM
déjà partie,ADV,A2,crf_first_attested,1.7346,0.0876,0.0,1.7346,0.0,0.0,0.0,0.0,0.0876,,,,,,,,,crf_only,déjà partie,ADV,,
tu te tiendras,ADV,A2,crf_first_attested,1.7346,0.0876,0.0,1.7346,0.0,0.0,0.0,0.0,0.0876,,,,,,,,,crf_only,tu te tiendras,ADV,,
animats,NOUN,A2,crf_first_attested,1.6911,0.0854,0.0,1.6911,0.0,0.0,0.0,0.0,0.0854,,,,,,,,,crf_only,animats,N,,
peuple,ADJ,A2,crf_first_attested,1.6878,0.2145,0.0,1.6878,0.0,0.0,0.0,0.0,0.2145,,,,,,,,,crf_only,peuple,A,,
renseigner,VERB,A2,beacco,1.6171,9.7643,14.1058,1.6171,20.2531,0.0,0.0,0.0,9.7643,24.4483,0.4664,19.81,0.0,0.0,0.0,11.0033,A2,word_pos,renseigner,V,renseigner,VER
adapté,ADJ,A2,crf_first_attested,1.6171,5.9976,0.0,1.6171,0.0,1.1509,8.2019,112.7361,5.9976,,,,,,,,,crf_only,adapté,A,,
présidaitent,NOUN,A2,crf_first_attested,1.6171,2.7368,0.0,1.6171,0.3618,0.0,0.0,58.4441,2.7368,,,,,,,,,crf_only,présidaitent,N,,
en relation avec,PREP,A2,crf_first_attested,1.6171,0.2321,0.0,1.6171,0.0,0.0,0.0,0.0,0.2321,,,,,,,,,crf_only,en relation avec,PREP,,
surveillez,PREP,A2,crf_first_attested,1.6171,0.2321,0.0,1.6171,0.0,0.0,0.0,0.0,0.2321,,,,,,,,,crf_only,surveillez,PREP,,
activiste,NOUN,A2,crf_first_attested,1.6044,0.081,0.0,1.6044,0.0,0.0,0.0,0.0,0.081,,,,,,,,,crf_only,activiste,N,,
en exemple,ADV,A2,crf_first_attested,1.6044,0.081,0.0,1.6044,0.0,0.0,0.0,0.0,0.081,,,,,,,,,crf_only,en exemple,ADV,,
moralisateur,NOUN,A2,crf_first_attested,1.6044,0.081,0.0,1.6044,0.0,0.0,0.0,0.0,0.081,,,,,,,,,crf_only,moralisateur,N,,
provocateur,NOUN,A2,crf_first_attested,1.6044,0.081,0.0,1.6044,0.0,0.0,0.0,0.0,0.081,,,,,,,,,crf_only,provocateur,N,,
rigoriste,NOUN,A2,crf_first_attested,1.6044,0.081,0.0,1.6044,0.0,0.0,0.0,0.0,0.081,,,,,,,,,crf_only,rigoriste,N,,
échappe,NOUN,A2,crf_first_attested,1.6044,0.081,0.0,1.6044,0.0,0.0,0.0,0.0,0.081,,,,,,,,,crf_only,échappe,N,,
innocent,ADJ,A2,beacco,1.567,10.6498,8.297,1.567,2.0405,26.7266,0.0,0.0,10.6498,16.4841,0.0,0.5857,26.0867,0.0,0.0,7.5215,A2,word_pos,innocent,A,innocent,ADJ
plume,NOUN,A2,beacco,1.5505,15.4336,28.6078,1.5505,20.2248,9.0831,31.0115,0.0,15.4336,20.9702,2.1359,31.5103,2.2839,30.0023,0.0,16.8937,A2,word_pos,plume,N,plume,NOM
soulier,NOUN,A2,beacco,1.5505,8.6538,5.9069,1.5505,1.6182,38.378,1.6042,0.0,8.6538,7.8018,3.2038,3.1591,31.1362,3.4423,0.0,12.0352,A2,word_pos,soulier,N,soulier,NOM
au moment de,PREP,A2,crf_first_attested,1.5505,4.3772,0.0,1.5505,14.5354,0.0,0.0,0.0,4.3772,,,,,,,,,crf_only,au moment de,PREP,,
au plus,ADV,A2,crf_first_attested,1.5505,2.5166,0.0,1.5505,0.8304,0.6707,0.0,9.6228,2.5166,,,,,,,,,crf_only,au plus,ADV,,
enverrer,VERB,A2,crf_first_attested,1.5505,1.1515,0.0,1.5505,0.1507,1.5139,0.0,0.0,1.1515,,,,,,,,,crf_only,enverrer,V,,
au lit,ADV,A2,crf_first_attested,1.5505,0.0783,0.0,1.5505,0.0,0.0,0.0,0.0,0.0783,,,,,,,,,crf_only,au lit,ADV,,
brû1ante,ADJ,A2,crf_first_attested,1.5505,0.0783,0.0,1.5505,0.0,0.0,0.0,0.0,0.0783,,,,,,,,,crf_only,brû1ante,A,,
demi - minute,NOUN,A2,crf_first_attested,1.5505,0.0783,0.0,1.5505,0.0,0.0,0.0,0.0,0.0783,,,,,,,,,crf_only,demi - minute,N,,
digne,NOUN,A2,crf_first_attested,1.5505,0.0783,0.0,1.5505,0.0,0.0,0.0,0.0,0.0783,,,,,,,,,crf_only,digne,N,,
donc peu,ADV,A2,crf_first_attested,1.5505,0.0783,0.0,1.5505,0.0,0.0,0.0,0.0,0.0783,,,,,,,,,crf_only,donc peu,ADV,,
fauchelevent,ADJ,A2,crf_first_attested,1.5505,0.0783,0.0,1.5505,0.0,0.0,0.0,0.0,0.0783,,,,,,,,,crf_only,fauchelevent,A,,
même silence,ADV,A2,crf_first_attested,1.5505,0.0783,0.0,1.5505,0.0,0.0,0.0,0.0,0.0783,,,,,,,,,crf_only,même silence,ADV,,
négative,NOUN,A2,crf_first_attested,1.5505,0.0783,0.0,1.5505,0.0,0.0,0.0,0.0,0.0783,,,,,,,,,crf_only,négative,N,,
par - dessous,ADV,A2,crf_first_attested,1.5505,0.0783,0.0,1.5505,0.0,0.0,0.0,0.0,0.0783,,,,,,,,,crf_only,par - dessous,ADV,,
vers le même temps,ADV,A2,crf_first_attested,1.5505,0.0783,0.0,1.5505,0.0,0.0,0.0,0.0,0.0783,,,,,,,,,crf_only,vers le même temps,ADV,,
téléchargement,NOUN,A2,crf_first_attested,1.4819,1.2416,0.0,1.4819,1.3603,0.0,0.0,0.0,1.2416,,,,,,,,,crf_only,téléchargement,N,,
envoyez -nous,PREP,A2,crf_first_attested,1.4819,0.0748,0.0,1.4819,0.0,0.0,0.0,0.0,0.0748,,,,,,,,,crf_only,envoyez -nous,PREP,,
solo,ADJ,A2,crf_first_attested,1.4809,1.8391,0.0,1.4809,0.7236,1.4125,0.0,0.0,1.8391,,,,,,,,,crf_only,solo,A,,
ordures,NOUN,A2,crf_first_attested,1.4809,0.4203,0.0,1.4809,0.0,0.0,3.1012,0.0,0.4203,,,,,,,,,crf_only,ordures,N,,
moto - crotte,NOUN,A2,crf_first_attested,1.4809,0.0748,0.0,1.4809,0.0,0.0,0.0,0.0,0.0748,,,,,,,,,crf_only,moto - crotte,N,,
autant que,CONJ,A2,crf_first_attested,1.4797,10.6143,0.0,1.4797,17.345,0.0,21.7081,19.2455,10.6143,,,,,,,,,crf_only,autant que,CONJS,,
lâche,NOUN,A2,crf_first_attested,1.4247,2.2053,0.0,1.4247,4.3699,0.0,0.0,0.0,2.2053,,,,,,,,,crf_only,lâche,N,,
sucré,ADJ,A2,crf_first_attested,1.3877,0.8001,0.0,1.3877,0.6802,0.0,0.0,0.0,0.8001,,,,,,,,,crf_only,sucré,A,,
angle,NOUN,A2,beacco,1.2993,5.8827,8.2815,1.2993,3.8929,1.5139,0.0,9.6228,5.8827,8.2421,0.5213,6.4144,2.2839,0.0,0.0,5.8578,A2,word_pos,angle,N,angle,NOM
en plus tu n',PREP,A2,crf_first_attested,1.2993,0.0656,0.0,1.2993,0.0,0.0,0.0,0.0,0.0656,,,,,,,,,crf_only,en plus tu n',PREP,,
hum,NOUN,A2,crf_first_attested,1.2993,0.0656,0.0,1.2993,0.0,0.0,0.0,0.0,0.0656,,,,,,,,,crf_only,hum,N,,
contemporain,ADJ,A2,beacco,1.2835,21.2663,7.8986,1.2835,25.9187,6.3945,8.2019,115.0793,21.2663,7.804,1.2456,14.7698,11.6267,4.139,113.6757,17.7778,A2,word_pos,contemporain,A,contemporain,ADJ
bourgeois,ADJ,A2,beacco,1.2835,10.5169,1.2205,1.2835,10.5998,8.2396,6.4168,19.2455,10.5169,7.7059,1.2456,3.7679,8.2033,3.4423,19.328,9.2667,A2,word_pos,bourgeois,A,bourgeois,ADJ
minimum,ADJ,A2,crf_first_attested,1.2835,5.5256,0.0,1.2835,13.4884,3.0277,0.0,0.0,5.5256,,,,,,,,,crf_only,minimum,A,,
anglo - américain,ADJ,A2,crf_first_attested,1.2835,0.0648,0.0,1.2835,0.0,0.0,0.0,0.0,0.0648,,,,,,,,,crf_only,anglo - américain,A,,
désordonné,ADJ,A2,crf_first_attested,1.2835,0.0648,0.0,1.2835,0.0,0.0,0.0,0.0,0.0648,,,,,,,,,crf_only,désordonné,A,,
spectable,NOUN,A2,crf_first_attested,1.2835,0.0648,0.0,1.2835,0.0,0.0,0.0,0.0,0.0648,,,,,,,,,crf_only,spectable,N,,
fins,NOUN,A2,crf_first_attested,1.2702,11.3041,0.0,1.2702,10.5301,7.1381,21.8856,12.9876,11.3041,,,,,,,,,crf_only,fins,N,,
en premier lieu,ADV,A2,crf_first_attested,1.2702,2.5591,0.0,1.2702,1.8673,1.5139,6.1515,0.0,2.5591,,,,,,,,,crf_only,en premier lieu,ADV,,
hlm,NOUN,A2,crf_first_attested,1.2702,2.4318,0.0,1.2702,0.4092,0.0,6.2023,0.0,2.4318,,,,,,,,,crf_only,hlm,N,,
attaches,NOUN,A2,crf_first_attested,1.2702,1.1732,0.0,1.2702,0.0,6.0554,0.0,0.0,1.1732,,,,,,,,,crf_only,attaches,N,,
télécharger,VERB,A2,crf_first_attested,1.2702,0.3839,0.0,1.2702,0.0,0.0,2.0505,0.0,0.3839,,,,,,,,,crf_only,télécharger,V,,
cédant,NOUN,A2,crf_first_attested,1.2702,0.0641,0.0,1.2702,0.0,0.0,0.0,0.0,0.0641,,,,,,,,,crf_only,cédant,N,,
dans l' immédiat,ADV,A2,crf_first_attested,1.2702,0.0641,0.0,1.2702,0.0,0.0,0.0,0.0,0.0641,,,,,,,,,crf_only,dans l' immédiat,ADV,,
en dur,ADV,A2,crf_first_attested,1.2702,0.0641,0.0,1.2702,0.0,0.0,0.0,0.0,0.0641,,,,,,,,,crf_only,en dur,ADV,,
zéro,ADJ,A2,crf_first_attested,1.2702,0.0641,0.0,1.2702,0.0,0.0,0.0,0.0,0.0641,,,,,,,,,crf_only,zéro,A,,
alizé,ADJ,A2,crf_first_attested,1.2683,0.064,0.0,1.2683,0.0,0.0,0.0,0.0,0.064,,,,,,,,,crf_only,alizé,A,,
croque - monsieur,NOUN,A2,crf_first_attested,1.2683,0.064,0.0,1.2683,0.0,0.0,0.0,0.0,0.064,,,,,,,,,crf_only,croque - monsieur,N,,
à l' issue,PREP,A2,crf_first_attested,1.2634,1.1916,0.0,1.2634,0.0,0.0,0.0,19.4814,1.1916,,,,,,,,,crf_only,à l' issue,PREP,,
beaux-arts,NOUN,A2,beacco,1.2456,3.3881,,,,,,,,11.0817,1.2456,0.438,0.0,0.0,0.0,3.3881,A2,beacco_only,,,beaux-arts,NOM
margot,NOUN,A2,beacco,1.2456,2.5915,,,,,,,,19.381,1.2456,0.0,0.0,0.0,0.0,2.5915,A2,beacco_only,,,margot,NOM
cornouailles,NOUN,A2,crf_first_attested,1.2212,0.0616,0.0,1.2212,0.0,0.0,0.0,0.0,0.0616,,,,,,,,,crf_only,cornouailles,N,,
en toi,ADV,A2,crf_first_attested,1.2212,0.0616,0.0,1.2212,0.0,0.0,0.0,0.0,0.0616,,,,,,,,,crf_only,en toi,ADV,,
botter,VERB,A2,crf_first_attested,1.1794,0.0595,0.0,1.1794,0.0,0.0,0.0,0.0,0.0595,,,,,,,,,crf_only,botter,V,,
en pleurant,ADV,A2,crf_first_attested,1.1794,0.0595,0.0,1.1794,0.0,0.0,0.0,0.0,0.0595,,,,,,,,,crf_only,en pleurant,ADV,,
si bien que,CONJ,A2,crf_first_attested,1.1107,6.7106,0.0,1.1107,19.2632,3.0277,0.0,0.0,6.7106,,,,,,,,,crf_only,si bien que,CONJS,,
plusieurs,ADJ,A2,crf_first_attested,1.1107,3.3747,0.0,1.1107,0.4152,3.0277,6.4168,0.0,3.3747,,,,,,,,,crf_only,plusieurs,A,,
à moins que,CONJ,A2,crf_first_attested,1.1107,1.8991,0.0,1.1107,0.3401,0.8259,6.2023,0.0,1.8991,,,,,,,,,crf_only,à moins que,CONJS,,
améliorations,NOUN,A2,crf_first_attested,1.1107,1.39,0.0,1.1107,0.0,0.0,3.2084,6.4938,1.39,,,,,,,,,crf_only,améliorations,N,,
médecin - chef,NOUN,A2,crf_first_attested,1.1107,1.1785,0.0,1.1107,0.0,0.0,12.4046,0.0,1.1785,,,,,,,,,crf_only,médecin - chef,N,,
rien du tout,PRON,A2,crf_first_attested,1.1107,0.8193,0.0,1.1107,0.0,1.3414,0.0,0.0,0.8193,,,,,,,,,crf_only,rien du tout,PRO,,
au four,ADV,A2,crf_first_attested,1.1107,0.451,0.0,1.1107,0.2366,0.0,0.0,0.0,0.451,,,,,,,,,crf_only,au four,ADV,,
ah bonjour,ADV,A2,crf_first_attested,1.1107,0.0561,0.0,1.1107,0.0,0.0,0.0,0.0,0.0561,,,,,,,,,crf_only,ah bonjour,ADV,,
ah merci,ADV,A2,crf_first_attested,1.1107,0.0561,0.0,1.1107,0.0,0.0,0.0,0.0,0.0561,,,,,,,,,crf_only,ah merci,ADV,,
caractérisé,ADJ,A2,crf_first_attested,1.1107,0.0561,0.0,1.1107,0.0,0.0,0.0,0.0,0.0561,,,,,,,,,crf_only,caractérisé,A,,
la veille de,PREP,A2,crf_first_attested,1.1107,0.0561,0.0,1.1107,0.0,0.0,0.0,0.0,0.0561,,,,,,,,,crf_only,la veille de,PREP,,
laver,NOUN,A2,crf_first_attested,1.1107,0.0561,0.0,1.1107,0.0,0.0,0.0,0.0,0.0561,,,,,,,,,crf_only,laver,N,,
linger,VERB,A2,crf_first_attested,1.1107,0.0561,0.0,1.1107,0.0,0.0,0.0,0.0,0.0561,,,,,,,,,crf_only,linger,V,,
récalcitrant,VERB,A2,crf_first_attested,1.1107,0.0561,0.0,1.1107,0.0,0.0,0.0,0.0,0.0561,,,,,,,,,crf_only,récalcitrant,V,,
stylo à bille,NOUN,A2,crf_first_attested,1.1107,0.0561,0.0,1.1107,0.0,0.0,0.0,0.0,0.0561,,,,,,,,,crf_only,stylo à bille,N,,
tarte,DET,A2,crf_first_attested,1.1107,0.0561,0.0,1.1107,0.0,0.0,0.0,0.0,0.0561,,,,,,,,,crf_only,tarte,DET,,
tatin,NOUN,A2,crf_first_attested,1.1107,0.0561,0.0,1.1107,0.0,0.0,0.0,0.0,0.0561,,,,,,,,,crf_only,tatin,N,,
toi,ADV,A2,crf_first_attested,1.1107,0.0561,0.0,1.1107,0.0,0.0,0.0,0.0,0.0561,,,,,,,,,crf_only,toi,ADV,,
tu te promenais,ADV,A2,crf_first_attested,1.1107,0.0561,0.0,1.1107,0.0,0.0,0.0,0.0,0.0561,,,,,,,,,crf_only,tu te promenais,ADV,,
boudeymf,NOUN,A2,crf_first_attested,1.0585,0.0534,0.0,1.0585,0.0,0.0,0.0,0.0,0.0534,,,,,,,,,crf_only,boudeymf,N,,
gilles,NOUN,A2,crf_first_attested,1.0585,0.0534,0.0,1.0585,0.0,0.0,0.0,0.0,0.0534,,,,,,,,,crf_only,gilles,N,,
jour tu revois,NOUN,A2,crf_first_attested,1.0585,0.0534,0.0,1.0585,0.0,0.0,0.0,0.0,0.0534,,,,,,,,,crf_only,jour tu revois,N,,
eh ben,CONJ,A2,crf_first_attested,1.057,0.0534,0.0,1.057,0.0,0.0,0.0,0.0,0.0534,,,,,,,,,crf_only,eh ben,CONJS,,
tu me diras,ADV,A2,crf_first_attested,1.057,0.0534,0.0,1.057,0.0,0.0,0.0,0.0,0.0534,,,,,,,,,crf_only,tu me diras,ADV,,
à coups de,PREP,A2,crf_first_attested,1.0408,1.488,0.0,1.0408,0.5648,0.0,2.0505,0.0,1.488,,,,,,,,,crf_only,à coups de,PREP,,
derrière,VERB,A2,crf_first_attested,1.0408,0.7186,0.0,1.0408,0.0,3.0277,0.0,0.0,0.7186,,,,,,,,,crf_only,derrière,V,,
dancere dit,ADV,A2,crf_first_attested,1.0408,0.0525,0.0,1.0408,0.0,0.0,0.0,0.0,0.0525,,,,,,,,,crf_only,dancere dit,ADV,,
trouvé,ADJ,A2,crf_first_attested,1.0408,0.0525,0.0,1.0408,0.0,0.0,0.0,0.0,0.0525,,,,,,,,,crf_only,trouvé,A,,
tu apprendras,ADV,A2,crf_first_attested,1.0408,0.0525,0.0,1.0408,0.0,0.0,0.0,0.0,0.0525,,,,,,,,,crf_only,tu apprendras,ADV,,
non seulement,ADV,A2,crf_first_attested,1.0395,27.9772,0.0,1.0395,22.1493,67.8894,107.0203,6.4938,27.9772,,,,,,,,,crf_only,non seulement,ADV,,
effondrer,VERB,A2,beacco,1.0395,10.0075,9.9537,1.0395,8.1794,0.0,31.4551,0.0,10.0075,8.2421,1.5638,11.499,0.0,31.3781,0.0,11.2321,A2,word_pos,effondrer,V,effondrer,VER
ensoleiller,VERB,A2,beacco,1.0395,2.0491,9.0354,1.0395,0.0,0.0,0.0,0.0,2.0491,7.9875,0.5213,0.0,0.0,0.0,0.0,1.4956,A2,word_pos,ensoleiller,V,ensoleiller,VER
compte que,CONJ,A2,crf_first_attested,1.0395,0.0525,0.0,1.0395,0.0,0.0,0.0,0.0,0.0525,,,,,,,,,crf_only,compte que,CONJS,,
en plein soleil,ADV,A2,crf_first_attested,1.0395,0.0525,0.0,1.0395,0.0,0.0,0.0,0.0,0.0525,,,,,,,,,crf_only,en plein soleil,ADV,,
à clef,ADV,A2,crf_first_attested,1.0337,0.4561,0.0,1.0337,0.2366,0.0,0.0,0.0,0.4561,,,,,,,,,crf_only,à clef,ADV,,
à vie,ADV,A2,crf_first_attested,1.0337,0.4561,0.0,1.0337,0.2366,0.0,0.0,0.0,0.4561,,,,,,,,,crf_only,à vie,ADV,,
au nouveau venu,ADV,A2,crf_first_attested,1.0337,0.0522,0.0,1.0337,0.0,0.0,0.0,0.0,0.0522,,,,,,,,,crf_only,au nouveau venu,ADV,,
en lui disant,ADV,A2,crf_first_attested,1.0337,0.0522,0.0,1.0337,0.0,0.0,0.0,0.0,0.0522,,,,,,,,,crf_only,en lui disant,ADV,,
jusqu' à terre,ADV,A2,crf_first_attested,1.0337,0.0522,0.0,1.0337,0.0,0.0,0.0,0.0,0.0522,,,,,,,,,crf_only,jusqu' à terre,ADV,,
marcher,ADJ,A2,crf_first_attested,1.0176,0.0514,0.0,1.0176,0.0,0.0,0.0,0.0,0.0514,,,,,,,,,crf_only,marcher,A,,
passionnant,ADJ,A2,beacco,1.0107,11.0966,18.8653,1.0107,8.5015,13.6704,1.6042,0.0,11.0966,16.3909,0.5137,10.0177,8.7861,3.4423,0.0,10.7225,A2,word_pos,passionnant,A,passionnant,ADJ
grosse,NOUN,A2,crf_first_attested,1.0107,1.5331,0.0,1.0107,2.8482,0.0,0.0,0.0,1.5331,,,,,,,,,crf_only,grosse,N,,
il y,PREP,A2,crf_first_attested,1.0107,0.387,0.0,1.0107,0.0,0.0,2.0505,0.0,0.387,,,,,,,,,crf_only,il y,PREP,,
néorural,NOUN,A2,crf_first_attested,0.9929,0.0501,0.0,0.9929,0.0,0.0,0.0,0.0,0.0501,,,,,,,,,crf_only,néorural,N,,
fiére,NOUN,A2,crf_first_attested,0.9757,0.0493,0.0,0.9757,0.0,0.0,0.0,0.0,0.0493,,,,,,,,,crf_only,fiére,N,,
franciliens,NOUN,A2,crf_first_attested,0.9757,0.0493,0.0,0.9757,0.0,0.0,0.0,0.0,0.0493,,,,,,,,,crf_only,franciliens,N,,
quinze mille,DET,A2,crf_first_attested,0.9757,0.0493,0.0,0.9757,0.0,0.0,0.0,0.0,0.0493,,,,,,,,,crf_only,quinze mille,DET,,
russes,NOUN,A2,crf_first_attested,0.9757,0.0493,0.0,0.9757,0.0,0.0,0.0,0.0,0.0493,,,,,,,,,crf_only,russes,N,,
héritage,NOUN,A2,beacco,0.9626,11.9789,12.9201,0.9626,14.031,4.5416,18.6069,0.0,11.9789,10.9956,1.2456,12.2682,4.5679,12.0009,0.0,11.6598,A2,word_pos,héritage,N,héritage,NOM
installation,NOUN,A2,beacco,0.9626,10.9481,5.7198,0.9626,5.3298,0.7062,12.8336,25.9752,10.9481,7.6879,1.8025,20.9484,1.2705,6.8846,38.4989,17.7964,A2,word_pos,installation,N,installation,NOM
général,NOUN,A2,beacco,0.9626,7.3539,12.4451,0.9626,0.2916,0.5285,19.6975,19.4814,7.3539,17.1159,6.5811,2.6693,0.0,39.722,78.971,15.1251,A2,word_pos,général,N,général,NOM
déçu,NOUN,A2,crf_first_attested,0.9626,0.7142,0.0,0.9626,0.6802,0.0,0.0,0.0,0.7142,,,,,,,,,crf_only,déçu,N,,
attention à,PREP,A2,crf_first_attested,0.9626,0.0486,0.0,0.9626,0.0,0.0,0.0,0.0,0.0486,,,,,,,,,crf_only,attention à,PREP,,
catholic relief services,NOUN,A2,crf_first_attested,0.9626,0.0486,0.0,0.9626,0.0,0.0,0.0,0.0,0.0486,,,,,,,,,crf_only,catholic relief services,N,,
conquis,ADJ,A2,crf_first_attested,0.9626,0.0486,0.0,0.9626,0.0,0.0,0.0,0.0,0.0486,,,,,,,,,crf_only,conquis,A,,
jaloux,NOUN,A2,crf_first_attested,0.9626,0.0486,0.0,0.9626,0.0,0.0,0.0,0.0,0.0486,,,,,,,,,crf_only,jaloux,N,,
reality - show,NOUN,A2,crf_first_attested,0.9626,0.0486,0.0,0.9626,0.0,0.0,0.0,0.0,0.0486,,,,,,,,,crf_only,reality - show,N,,
blaise,NOUN,A2,crf_first_attested,0.8845,0.0446,0.0,0.8845,0.0,0.0,0.0,0.0,0.0446,,,,,,,,,crf_only,blaise,N,,
vexer,VERB,A2,beacco,0.855,11.2566,11.6269,0.855,1.9748,21.194,0.0,0.0,11.2566,11.7073,0.5781,4.3206,4.5679,0.0,0.0,8.0269,A2,word_pos,vexer,V,vexer,VER
internaute,NOUN,A2,crf_first_attested,0.8468,11.2652,0.0,0.8468,3.5921,19.6801,12.4046,25.9752,11.2652,,,,,,,,,crf_only,internaute,N,,
pacs,NOUN,A2,crf_first_attested,0.8468,1.1963,0.0,0.8468,0.0,0.0,0.0,38.491,1.1963,,,,,,,,,crf_only,pacs,N,,
résident,ADJ,A2,crf_first_attested,0.8468,0.0427,0.0,0.8468,0.0,0.0,0.0,0.0,0.0427,,,,,,,,,crf_only,résident,A,,
vidéo - guide,NOUN,A2,crf_first_attested,0.8468,0.0427,0.0,0.8468,0.0,0.0,0.0,0.0,0.0427,,,,,,,,,crf_only,vidéo - guide,N,,
esclave,NOUN,A2,beacco,0.8456,5.0988,1.3242,0.8456,9.7317,0.0,2.0505,0.0,5.0988,7.8121,0.6008,11.8752,2.2839,19.861,0.0,9.6319,A2,word_pos,esclave,N,esclave,NOM
donc plus,ADV,A2,crf_first_attested,0.8456,0.2974,0.0,0.8456,0.0,0.0,3.1012,0.0,0.2974,,,,,,,,,crf_only,donc plus,ADV,,
insectoïdes,NOUN,A2,crf_first_attested,0.8456,0.0427,0.0,0.8456,0.0,0.0,0.0,0.0,0.0427,,,,,,,,,crf_only,insectoïdes,N,,
station - service,NOUN,A2,crf_first_attested,0.8456,0.0427,0.0,0.8456,0.0,0.0,0.0,0.0,0.0427,,,,,,,,,crf_only,station - service,N,,
intense,ADJ,A2,beacco,0.7796,13.9379,13.7241,0.7796,11.9203,0.0,61.7969,6.4938,13.9379,22.2425,0.5213,16.4227,0.0,65.168,12.833,16.6345,A2,word_pos,intense,A,intense,ADJ
auxquels,PRON,A2,crf_first_attested,0.7796,7.9915,0.0,0.7796,7.2835,1.5139,44.7531,0.0,7.9915,,,,,,,,,crf_only,auxquels,PREPPRO,,
dans le temps,ADV,A2,crf_first_attested,0.7796,0.8506,0.0,0.7796,0.2366,0.0,0.0,9.6228,0.8506,,,,,,,,,crf_only,dans le temps,ADV,,
courriels,NOUN,A2,crf_first_attested,0.7796,0.0394,0.0,0.7796,0.0,0.0,0.0,0.0,0.0394,,,,,,,,,crf_only,courriels,N,,
de l' autre côté,PREP,A2,crf_first_attested,0.7796,0.0394,0.0,0.7796,0.0,0.0,0.0,0.0,0.0394,,,,,,,,,crf_only,de l' autre côté,PREP,,
tu vas pouvoir,ADV,A2,crf_first_attested,0.7796,0.0394,0.0,0.7796,0.0,0.0,0.0,0.0,0.0394,,,,,,,,,crf_only,tu vas pouvoir,ADV,,
beau-frère,NOUN,A2,beacco,0.7702,4.7216,,,,,,,,7.7569,0.7702,1.7269,0.0,0.0,0.0,4.7216,A2,beacco_only,,,beau-frère,NOM
une fois,ADV,A2,crf_first_attested,0.7581,6.0018,0.0,0.7581,0.2076,8.5241,31.3338,12.9876,6.0018,,,,,,,,,crf_only,une fois,ADV,,
six,PRON,A2,crf_first_attested,0.7581,2.2476,0.0,0.7581,2.6131,0.0,0.0,19.2455,2.2476,,,,,,,,,crf_only,six,PRO,,
à ce sujet,ADV,A2,crf_first_attested,0.7581,1.178,0.0,0.7581,0.1395,0.0,0.0,2.0587,1.178,,,,,,,,,crf_only,à ce sujet,ADV,,
inès,NOUN,A2,crf_first_attested,0.7581,0.0383,0.0,0.7581,0.0,0.0,0.0,0.0,0.0383,,,,,,,,,crf_only,inès,N,,
trois mille,DET,A2,crf_first_attested,0.7581,0.0383,0.0,0.7581,0.0,0.0,0.0,0.0,0.0383,,,,,,,,,crf_only,trois mille,DET,,
unes,PRON,A2,crf_first_attested,0.7581,0.0383,0.0,0.7581,0.0,0.0,0.0,0.0,0.0383,,,,,,,,,crf_only,unes,PRO,,
ressources,NOUN,A2,crf_first_attested,0.7405,22.59,0.0,0.7405,21.5794,46.2211,30.7573,9.6228,22.59,,,,,,,,,crf_only,ressources,N,,
pères,NOUN,A2,crf_first_attested,0.7405,11.0614,0.0,0.7405,8.2895,12.7889,6.1515,76.982,11.0614,,,,,,,,,crf_only,pères,N,,
aliment,NOUN,A2,beacco,0.7405,10.419,12.8485,0.7405,19.1786,0.0,1.6042,0.0,10.419,16.0438,0.606,21.4911,0.0,3.4423,0.0,11.3367,A2,word_pos,aliment,N,aliment,NOM
voies,NOUN,A2,crf_first_attested,0.7405,8.9645,0.0,0.7405,19.5925,3.1713,3.2084,0.0,8.9645,,,,,,,,,crf_only,voies,N,,
au passage,ADV,A2,crf_first_attested,0.7405,4.2268,0.0,0.7405,0.0,0.8949,57.2341,0.0,4.2268,,,,,,,,,crf_only,au passage,ADV,,
admirable,ADJ,A2,beacco,0.7405,3.9376,7.7746,0.7405,2.9104,3.0277,0.0,0.0,3.9376,7.8018,0.606,3.6369,4.5679,0.0,0.0,5.3458,A2,word_pos,admirable,A,admirable,ADJ
en tant que,PREP,A2,crf_first_attested,0.7405,2.7598,0.0,0.7405,0.6802,3.0277,0.0,25.9752,2.7598,,,,,,,,,crf_only,en tant que,PREP,,
australien,ADJ,A2,beacco,0.7405,2.5907,7.5288,0.7405,0.0906,1.5139,0.0,0.0,2.5907,8.2421,1.2121,0.185,2.2839,0.0,0.0,4.1591,A2,word_pos,australien,A,australien,ADJ
à l' heure,ADV,A2,crf_first_attested,0.7405,2.5716,0.0,0.7405,8.5764,0.0,0.0,0.0,2.5716,,,,,,,,,crf_only,à l' heure,ADV,,
marre,ADV,A2,beacco,0.7405,1.8932,11.8734,0.7405,0.0,0.0,0.0,0.0,1.8932,20.7768,0.606,0.0,0.0,0.0,0.0,2.7108,A2,word_pos,marre,ADV,marre,ADV
en aucun cas,ADV,A2,crf_first_attested,0.7405,1.2286,0.0,0.7405,0.2076,0.0,3.2084,0.0,1.2286,,,,,,,,,crf_only,en aucun cas,ADV,,
au passé,ADV,A2,crf_first_attested,0.7405,0.9153,0.0,0.7405,0.0,4.7828,0.0,0.0,0.9153,,,,,,,,,crf_only,au passé,ADV,,
limite,ADJ,A2,crf_first_attested,0.7405,0.6566,0.0,0.7405,0.0,0.0,0.0,12.9876,0.6566,,,,,,,,,crf_only,limite,A,,
présentatrice,NOUN,A2,crf_first_attested,0.7405,0.4746,0.0,0.7405,0.0,0.0,0.0,6.4938,0.4746,,,,,,,,,crf_only,présentatrice,N,,
couru,ADJ,A2,crf_first_attested,0.7405,0.4733,0.0,0.7405,0.0,0.7062,0.0,0.0,0.4733,,,,,,,,,crf_only,couru,A,,
luner,VERB,A2,crf_first_attested,0.7405,0.3537,0.0,0.7405,0.0,0.0,3.1012,0.0,0.3537,,,,,,,,,crf_only,luner,V,,
almighty,X,A2,crf_first_attested,0.7405,0.0374,0.0,0.7405,0.0,0.0,0.0,0.0,0.0374,,,,,,,,,crf_only,almighty,X,,
au défi,ADV,A2,crf_first_attested,0.7405,0.0374,0.0,0.7405,0.0,0.0,0.0,0.0,0.0374,,,,,,,,,crf_only,au défi,ADV,,
au petit bonheur,ADV,A2,crf_first_attested,0.7405,0.0374,0.0,0.7405,0.0,0.0,0.0,0.0,0.0374,,,,,,,,,crf_only,au petit bonheur,ADV,,
aéro - car,NOUN,A2,crf_first_attested,0.7405,0.0374,0.0,0.7405,0.0,0.0,0.0,0.0,0.0374,,,,,,,,,crf_only,aéro - car,N,,
aéro - omnibus,NOUN,A2,crf_first_attested,0.7405,0.0374,0.0,0.7405,0.0,0.0,0.0,0.0,0.0374,,,,,,,,,crf_only,aéro - omnibus,N,,
aéro - train,NOUN,A2,crf_first_attested,0.7405,0.0374,0.0,0.7405,0.0,0.0,0.0,0.0,0.0374,,,,,,,,,crf_only,aéro - train,N,,
bricolo,ADJ,A2,crf_first_attested,0.7405,0.0374,0.0,0.7405,0.0,0.0,0.0,0.0,0.0374,,,,,,,,,crf_only,bricolo,A,,
bruce,NOUN,A2,crf_first_attested,0.7405,0.0374,0.0,0.7405,0.0,0.0,0.0,0.0,0.0374,,,,,,,,,crf_only,bruce,N,,
bruce,X,A2,crf_first_attested,0.7405,0.0374,0.0,0.7405,0.0,0.0,0.0,0.0,0.0374,,,,,,,,,crf_only,bruce,X,,
cela même,PRON,A2,crf_first_attested,0.7405,0.0374,0.0,0.7405,0.0,0.0,0.0,0.0,0.0374,,,,,,,,,crf_only,cela même,PRO,,
composition casse - gueule,NOUN,A2,crf_first_attested,0.7405,0.0374,0.0,0.7405,0.0,0.0,0.0,0.0,0.0374,,,,,,,,,crf_only,composition casse - gueule,N,,
hop,PRON,A2,crf_first_attested,0.7405,0.0374,0.0,0.7405,0.0,0.0,0.0,0.0,0.0374,,,,,,,,,crf_only,hop,PRO,,
livrel,NOUN,A2,crf_first_attested,0.7405,0.0374,0.0,0.7405,0.0,0.0,0.0,0.0,0.0374,,,,,,,,,crf_only,livrel,N,,
matisse,NOUN,A2,crf_first_attested,0.7405,0.0374,0.0,0.7405,0.0,0.0,0.0,0.0,0.0374,,,,,,,,,crf_only,matisse,N,,
parolier,NOUN,A2,crf_first_attested,0.7405,0.0374,0.0,0.7405,0.0,0.0,0.0,0.0,0.0374,,,,,,,,,crf_only,parolier,N,,
quinze - cent,DET,A2,crf_first_attested,0.7405,0.0374,0.0,0.7405,0.0,0.0,0.0,0.0,0.0374,,,,,,,,,crf_only,quinze - cent,DET,,
robot ménager multi - fonctions,NOUN,A2,crf_first_attested,0.7405,0.0374,0.0,0.7405,0.0,0.0,0.0,0.0,0.0374,,,,,,,,,crf_only,robot ménager multi - fonctions,N,,
sapeur,NOUN,A2,crf_first_attested,0.7405,0.0374,0.0,0.7405,0.0,0.0,0.0,0.0,0.0374,,,,,,,,,crf_only,sapeur,N,,
sur scène,ADV,A2,crf_first_attested,0.7405,0.0374,0.0,0.7405,0.0,0.0,0.0,0.0,0.0374,,,,,,,,,crf_only,sur scène,ADV,,
tabasser,VERB,A2,crf_first_attested,0.7405,0.0374,0.0,0.7405,0.0,0.0,0.0,0.0,0.0374,,,,,,,,,crf_only,tabasser,V,,
untouchables,X,A2,crf_first_attested,0.7405,0.0374,0.0,0.7405,0.0,0.0,0.0,0.0,0.0374,,,,,,,,,crf_only,untouchables,X,,
à peu près autant,ADV,A2,crf_first_attested,0.7405,0.0374,0.0,0.7405,0.0,0.0,0.0,0.0,0.0374,,,,,,,,,crf_only,à peu près autant,ADV,,
écran e - book,NOUN,A2,crf_first_attested,0.7405,0.0374,0.0,0.7405,0.0,0.0,0.0,0.0,0.0374,,,,,,,,,crf_only,écran e - book,N,,
collectionneur,NOUN,A2,beacco,0.7318,4.6029,23.0688,0.7318,1.0202,3.0277,0.0,0.0,4.6029,11.5437,0.4664,0.5857,2.2839,0.0,0.0,3.1685,A2,word_pos,collectionneur,N,collectionneur,NOM
branché,ADJ,A2,crf_first_attested,0.7318,1.6398,0.0,0.7318,2.8989,0.0,2.0505,0.0,1.6398,,,,,,,,,crf_only,branché,A,,
porte - parole,NOUN,A2,crf_first_attested,0.7318,1.1439,0.0,0.7318,0.8304,0.0,0.0,0.0,1.1439,,,,,,,,,crf_only,porte - parole,N,,
au courant,ADV,A2,crf_first_attested,0.7318,0.9366,0.0,0.7318,0.7214,0.0,0.0,0.0,0.9366,,,,,,,,,crf_only,au courant,ADV,,
au point de,PREP,A2,crf_first_attested,0.7318,0.8861,0.0,0.7318,0.0,0.7062,2.0505,0.0,0.8861,,,,,,,,,crf_only,au point de,PREP,,
nulle part,ADV,A2,crf_first_attested,0.7318,0.7527,0.0,0.7318,0.0,1.4125,0.0,0.0,0.7527,,,,,,,,,crf_only,nulle part,ADV,,
décoré,ADJ,A2,crf_first_attested,0.7318,0.0369,0.0,0.7318,0.0,0.0,0.0,0.0,0.0369,,,,,,,,,crf_only,décoré,A,,
porte - clé,NOUN,A2,crf_first_attested,0.7318,0.0369,0.0,0.7318,0.0,0.0,0.0,0.0,0.0369,,,,,,,,,crf_only,porte - clé,N,,
à l' aide de,PREP,A2,crf_first_attested,0.7125,8.0118,0.0,0.7125,1.8683,8.458,26.2593,0.0,8.0118,,,,,,,,,crf_only,à l' aide de,PREP,,
stupide,ADJ,A2,beacco,0.7125,5.1111,14.294,0.7125,0.1507,2.4776,0.0,0.0,5.1111,10.1342,0.2891,0.3059,1.3018,0.0,0.0,3.6955,A2,word_pos,stupide,A,stupide,ADJ
convaincu,ADJ,A2,crf_first_attested,0.7125,0.3543,0.0,0.7125,0.2405,0.0,0.0,0.0,0.3543,,,,,,,,,crf_only,convaincu,A,,
surtout tu,ADV,A2,crf_first_attested,0.7125,0.036,0.0,0.7125,0.0,0.0,0.0,0.0,0.036,,,,,,,,,crf_only,surtout tu,ADV,,
danseur,NOUN,A2,beacco,0.6939,17.9892,12.1286,0.6939,28.1317,14.3135,1.6042,0.0,17.9892,9.6309,7.0665,20.6397,12.8024,3.4423,0.0,19.1329,A2,word_pos,danseur,N,danseur,NOM
joli,NOUN,A2,crf_first_attested,0.6939,1.4472,0.0,0.6939,3.2489,0.0,0.0,0.0,1.4472,,,,,,,,,crf_only,joli,N,,
à tout instant,ADV,A2,crf_first_attested,0.6939,0.9567,0.0,0.6939,0.2041,0.0,0.0,6.4938,0.9567,,,,,,,,,crf_only,à tout instant,ADV,,
en uniforme rouge et or,ADV,A2,crf_first_attested,0.6939,0.035,0.0,0.6939,0.0,0.0,0.0,0.0,0.035,,,,,,,,,crf_only,en uniforme rouge et or,ADV,,
maure,NOUN,A2,crf_first_attested,0.6939,0.035,0.0,0.6939,0.0,0.0,0.0,0.0,0.035,,,,,,,,,crf_only,maure,N,,
navarrais,NOUN,A2,crf_first_attested,0.6939,0.035,0.0,0.6939,0.0,0.0,0.0,0.0,0.035,,,,,,,,,crf_only,navarrais,N,,
tu me plais,ADV,A2,crf_first_attested,0.6939,0.035,0.0,0.6939,0.0,0.0,0.0,0.0,0.035,,,,,,,,,crf_only,tu me plais,ADV,,
tarte,NOUN,A2,beacco,0.6619,8.0599,9.1361,0.6619,15.2833,0.0,0.0,0.0,8.0599,11.735,0.4258,9.6671,0.0,0.0,0.0,6.6491,A2,word_pos,tarte,N,tarte,NOM
par hygiène,ADV,A2,crf_first_attested,0.6619,0.0334,0.0,0.6619,0.0,0.0,0.0,0.0,0.0334,,,,,,,,,crf_only,par hygiène,ADV,,
dépendre,VERB,A2,beacco,0.6418,32.4246,4.0415,0.6418,31.4025,47.7448,51.3343,169.1133,32.4246,8.1307,0.6228,30.5828,54.9622,52.5392,287.5334,40.1898,A2,word_pos,dépendre,V,dépendre,VER
libération,NOUN,A2,beacco,0.6418,15.6235,7.9856,0.6418,13.954,3.0277,21.8856,86.6048,15.6235,11.5697,0.6228,10.141,6.8518,29.205,86.9662,16.2419,A2,word_pos,libération,N,libération,NOM
québécois,ADJ,A2,beacco,0.6418,9.6639,16.742,0.6418,9.2153,0.0,0.0,38.491,9.6639,13.2767,0.6228,2.6879,0.0,0.0,19.328,5.8433,A2,word_pos,québécois,A,québécois,ADJ
foie,NOUN,A2,beacco,0.6418,5.0515,13.9117,0.6418,0.4152,6.0554,0.0,0.0,5.0515,21.8131,0.6228,0.7812,4.5679,0.0,0.0,6.9131,A2,word_pos,foie,N,foie,NOM
fumé,ADJ,A2,beacco,0.6418,4.936,8.1254,0.6418,8.0981,0.0,0.0,0.0,4.936,7.9276,0.6228,0.487,0.0,0.0,0.0,2.444,A2,word_pos,fumé,A,fumé,ADJ
tapisserie,NOUN,A2,beacco,0.6418,4.4062,17.6652,0.6418,0.2041,0.4335,0.0,0.0,4.4062,14.9806,0.6228,0.4317,0.3387,0.0,0.0,4.3798,A2,word_pos,tapisserie,N,tapisserie,NOM
traits,NOUN,A2,crf_first_attested,0.6418,2.5804,0.0,0.6418,1.9564,4.7356,2.0505,0.0,2.5804,,,,,,,,,crf_only,traits,N,,
hélicoptère,NOUN,A2,beacco,0.6418,2.2042,5.6716,0.6418,1.8629,0.0,0.0,0.0,2.2042,7.81,0.6228,3.5715,0.0,0.0,0.0,3.3692,A2,word_pos,hélicoptère,N,hélicoptère,NOM
muscles,NOUN,A2,crf_first_attested,0.6418,2.1147,0.0,0.6418,0.0,0.0,1.6042,97.4068,2.1147,,,,,,,,,crf_only,muscles,N,,
del,ADJ,A2,crf_first_attested,0.6418,1.9785,0.0,0.6418,0.8749,0.0,0.0,19.4814,1.9785,,,,,,,,,crf_only,del,A,,
mars,NOUN,A2,beacco,0.6418,1.9476,0.0,0.6418,0.1812,0.0,6.4168,0.0,1.9476,14.5706,39.2916,89.9925,47.3131,92.2241,580.522,86.1731,A2,word_pos,mars,N,mars,NOM
à l' heure de,PREP,A2,crf_first_attested,0.6418,1.7071,0.0,0.6418,0.7214,1.1509,0.0,0.0,1.7071,,,,,,,,,crf_only,à l' heure de,PREP,,
rock,ADJ,A2,crf_first_attested,0.6418,1.2281,0.0,0.6418,2.6563,0.0,0.0,0.0,1.2281,,,,,,,,,crf_only,rock,A,,
rmi,NOUN,A2,crf_first_attested,0.6418,0.9394,0.0,0.6418,1.4965,0.0,0.0,0.0,0.9394,,,,,,,,,crf_only,rmi,N,,
fouilles,NOUN,A2,crf_first_attested,0.6418,0.6558,0.0,0.6418,0.4809,0.0,0.0,0.0,0.6558,,,,,,,,,crf_only,fouilles,N,,
yorkshire,NOUN,A2,crf_first_attested,0.6418,0.4406,0.0,0.6418,0.2076,0.0,0.0,0.0,0.4406,,,,,,,,,crf_only,yorkshire,N,,
valoir mieux,VERB,A2,crf_first_attested,0.6418,0.3869,0.0,0.6418,0.3401,0.0,0.0,0.0,0.3869,,,,,,,,,crf_only,valoir mieux,V,,
en parachute,ADV,A2,crf_first_attested,0.6418,0.3746,0.0,0.6418,0.2366,0.0,0.0,0.0,0.3746,,,,,,,,,crf_only,en parachute,ADV,,
école des beaux - arts,NOUN,A2,crf_first_attested,0.6418,0.3746,0.0,0.6418,0.2366,0.0,0.0,0.0,0.3746,,,,,,,,,crf_only,école des beaux - arts,N,,
à contre - courant,ADV,A2,crf_first_attested,0.6418,0.3709,0.0,0.6418,0.0,0.0,2.0505,0.0,0.3709,,,,,,,,,crf_only,à contre - courant,ADV,,
ah bah,ADV,A2,crf_first_attested,0.6418,0.0324,0.0,0.6418,0.0,0.0,0.0,0.0,0.0324,,,,,,,,,crf_only,ah bah,ADV,,
balinais,ADJ,A2,crf_first_attested,0.6418,0.0324,0.0,0.6418,0.0,0.0,0.0,0.0,0.0324,,,,,,,,,crf_only,balinais,A,,
banlieue,X,A2,crf_first_attested,0.6418,0.0324,0.0,0.6418,0.0,0.0,0.0,0.0,0.0324,,,,,,,,,crf_only,banlieue,X,,
businèss,NOUN,A2,crf_first_attested,0.6418,0.0324,0.0,0.6418,0.0,0.0,0.0,0.0,0.0324,,,,,,,,,crf_only,businèss,N,,
corse,NOUN,A2,crf_first_attested,0.6418,0.0324,0.0,0.6418,0.0,0.0,0.0,0.0,0.0324,,,,,,,,,crf_only,corse,N,,
de belle taille,ADV,A2,crf_first_attested,0.6418,0.0324,0.0,0.6418,0.0,0.0,0.0,0.0,0.0324,,,,,,,,,crf_only,de belle taille,ADV,,
en prévision de,PREP,A2,crf_first_attested,0.6418,0.0324,0.0,0.6418,0.0,0.0,0.0,0.0,0.0324,,,,,,,,,crf_only,en prévision de,PREP,,
en ridicule,ADV,A2,crf_first_attested,0.6418,0.0324,0.0,0.6418,0.0,0.0,0.0,0.0,0.0324,,,,,,,,,crf_only,en ridicule,ADV,,
expliquier,VERB,A2,crf_first_attested,0.6418,0.0324,0.0,0.6418,0.0,0.0,0.0,0.0,0.0324,,,,,,,,,crf_only,expliquier,V,,
gardien - chef,NOUN,A2,crf_first_attested,0.6418,0.0324,0.0,0.6418,0.0,0.0,0.0,0.0,0.0324,,,,,,,,,crf_only,gardien - chef,N,,
groupés,NOUN,A2,crf_first_attested,0.6418,0.0324,0.0,0.6418,0.0,0.0,0.0,0.0,0.0324,,,,,,,,,crf_only,groupés,N,,
intéresait,VERB,A2,crf_first_attested,0.6418,0.0324,0.0,0.6418,0.0,0.0,0.0,0.0,0.0324,,,,,,,,,crf_only,intéresait,V,,
intérrogé,VERB,A2,crf_first_attested,0.6418,0.0324,0.0,0.6418,0.0,0.0,0.0,0.0,0.0324,,,,,,,,,crf_only,intérrogé,V,,
jusque au plafond de,PREP,A2,crf_first_attested,0.6418,0.0324,0.0,0.6418,0.0,0.0,0.0,0.0,0.0324,,,,,,,,,crf_only,jusque au plafond de,PREP,,
lls,PRON,A2,crf_first_attested,0.6418,0.0324,0.0,0.6418,0.0,0.0,0.0,0.0,0.0324,,,,,,,,,crf_only,lls,PRO,,
lés,DET,A2,crf_first_attested,0.6418,0.0324,0.0,0.6418,0.0,0.0,0.0,0.0,0.0324,,,,,,,,,crf_only,lés,DET,,
magazines,X,A2,crf_first_attested,0.6418,0.0324,0.0,0.6418,0.0,0.0,0.0,0.0,0.0324,,,,,,,,,crf_only,magazines,X,,
news,X,A2,crf_first_attested,0.6418,0.0324,0.0,0.6418,0.0,0.0,0.0,0.0,0.0324,,,,,,,,,crf_only,news,X,,
offret,ADJ,A2,crf_first_attested,0.6418,0.0324,0.0,0.6418,0.0,0.0,0.0,0.0,0.0324,,,,,,,,,crf_only,offret,A,,
opera,VERB,A2,crf_first_attested,0.6418,0.0324,0.0,0.6418,0.0,0.0,0.0,0.0,0.0324,,,,,,,,,crf_only,opera,V,,
plus de vrai hiver,ADV,A2,crf_first_attested,0.6418,0.0324,0.0,0.6418,0.0,0.0,0.0,0.0,0.0324,,,,,,,,,crf_only,plus de vrai hiver,ADV,,
pouet - pouet,NOUN,A2,crf_first_attested,0.6418,0.0324,0.0,0.6418,0.0,0.0,0.0,0.0,0.0324,,,,,,,,,crf_only,pouet - pouet,N,,
réprouvé,NOUN,A2,crf_first_attested,0.6418,0.0324,0.0,0.6418,0.0,0.0,0.0,0.0,0.0324,,,,,,,,,crf_only,réprouvé,N,,
viennois,NOUN,A2,crf_first_attested,0.6418,0.0324,0.0,0.6418,0.0,0.0,0.0,0.0,0.0324,,,,,,,,,crf_only,viennois,N,,
innovant,ADJ,A2,crf_first_attested,0.6351,6.292,0.0,0.6351,13.2738,4.5416,3.1012,0.0,6.292,,,,,,,,,crf_only,innovant,A,,
assistant,NOUN,A2,beacco,0.6351,3.6457,7.2162,0.6351,0.1812,3.0277,0.0,0.0,3.6457,24.4986,4.4611,0.185,2.2839,3.4423,0.0,7.1872,A2,word_pos,assistant,N,assistant,NOM
par l' intermédiaire de,PREP,A2,crf_first_attested,0.6351,2.3391,0.0,0.6351,0.2405,11.8506,0.0,0.0,2.3391,,,,,,,,,crf_only,par l' intermédiaire de,PREP,,
covoiturage,NOUN,A2,crf_first_attested,0.6351,1.3281,0.0,0.6351,3.4501,0.0,0.0,0.0,1.3281,,,,,,,,,crf_only,covoiturage,N,,
approprié,ADJ,A2,crf_first_attested,0.6351,0.7493,0.0,0.6351,0.2916,0.5755,0.0,0.0,0.7493,,,,,,,,,crf_only,approprié,A,,
à même,ADV,A2,crf_first_attested,0.6351,0.6689,0.0,0.6351,0.4809,0.0,0.0,0.0,0.6689,,,,,,,,,crf_only,à même,ADV,,
ouais,NOUN,A2,crf_first_attested,0.6351,0.3299,0.0,0.6351,0.2366,0.0,0.0,0.0,0.3299,,,,,,,,,crf_only,ouais,N,,
institutderelooking,NOUN,A2,crf_first_attested,0.6351,0.0321,0.0,0.6351,0.0,0.0,0.0,0.0,0.0321,,,,,,,,,crf_only,institutderelooking,N,,
pilotable,ADJ,A2,crf_first_attested,0.6351,0.0321,0.0,0.6351,0.0,0.0,0.0,0.0,0.0321,,,,,,,,,crf_only,pilotable,A,,
playstation,NOUN,A2,crf_first_attested,0.6351,0.0321,0.0,0.6351,0.0,0.0,0.0,0.0,0.0321,,,,,,,,,crf_only,playstation,N,,
types,ADJ,A2,crf_first_attested,0.6351,0.0321,0.0,0.6351,0.0,0.0,0.0,0.0,0.0321,,,,,,,,,crf_only,types,A,,
oignon,NOUN,A2,beacco,0.6342,1.6508,7.0317,0.6342,0.0,0.0,0.0,0.0,1.6508,9.1544,0.6008,0.0,0.0,0.0,0.0,1.4156,A2,word_pos,oignon,N,oignon,NOM
en dessous de,PREP,A2,crf_first_attested,0.6342,1.621,0.0,0.6342,0.6802,0.0,9.3035,0.0,1.621,,,,,,,,,crf_only,en dessous de,PREP,,
ouvre,NOUN,A2,crf_first_attested,0.6342,1.0689,0.0,0.6342,0.0,0.0,6.4168,0.0,1.0689,,,,,,,,,crf_only,ouvre,N,,
tire - bouchon,NOUN,A2,crf_first_attested,0.6342,0.3362,0.0,0.6342,0.0,0.0,1.6042,0.0,0.3362,,,,,,,,,crf_only,tire - bouchon,N,,
glou - glou,NOUN,A2,crf_first_attested,0.6342,0.032,0.0,0.6342,0.0,0.0,0.0,0.0,0.032,,,,,,,,,crf_only,glou - glou,N,,
tu descends tu t' approches,ADV,A2,crf_first_attested,0.6342,0.032,0.0,0.6342,0.0,0.0,0.0,0.0,0.032,,,,,,,,,crf_only,tu descends tu t' approches,ADV,,
à peine debout,ADV,A2,crf_first_attested,0.6342,0.032,0.0,0.6342,0.0,0.0,0.0,0.0,0.032,,,,,,,,,crf_only,à peine debout,ADV,,
accord,NOUN,A2,beacco,0.6228,27.6422,,,,,,,,7.8018,0.6228,12.3832,23.2806,113.9785,123.165,27.6422,A2,beacco_only,,,accord,NOM
cinquante,NOUN,A2,beacco,0.6111,2.3399,,,,,,,,7.9597,0.6111,0.0,1.0161,0.0,0.0,2.3399,A2,beacco_only,,,cinquante,NOM
bâteau,NOUN,A2,crf_first_attested,0.6106,0.0308,0.0,0.6106,0.0,0.0,0.0,0.0,0.0308,,,,,,,,,crf_only,bâteau,N,,
galle,NOUN,A2,crf_first_attested,0.6106,0.0308,0.0,0.6106,0.0,0.0,0.0,0.0,0.0308,,,,,,,,,crf_only,galle,N,,
quatre,NOUN,A2,beacco,0.606,1.4653,,,,,,,,7.9519,0.606,0.0,0.0,0.0,0.0,1.4653,A2,beacco_only,,,quatre,NOM
essuie,NOUN,A2,crf_first_attested,0.5897,0.619,0.0,0.5897,0.7236,0.0,0.0,0.0,0.619,,,,,,,,,crf_only,essuie,N,,
jusqu' au lendemain,ADV,A2,crf_first_attested,0.5897,0.4176,0.0,0.5897,0.2295,0.0,0.0,0.0,0.4176,,,,,,,,,crf_only,jusqu' au lendemain,ADV,,
attacher le long,VERB,A2,crf_first_attested,0.5897,0.0298,0.0,0.5897,0.0,0.0,0.0,0.0,0.0298,,,,,,,,,crf_only,attacher le long,V,,
endormi,ADJ,A2,crf_first_attested,0.5897,0.0298,0.0,0.5897,0.0,0.0,0.0,0.0,0.0298,,,,,,,,,crf_only,endormi,A,,
ont,DET,A2,crf_first_attested,0.5897,0.0298,0.0,0.5897,0.0,0.0,0.0,0.0,0.0298,,,,,,,,,crf_only,ont,DET,,
tu mens,ADV,A2,crf_first_attested,0.5897,0.0298,0.0,0.5897,0.0,0.0,0.0,0.0,0.0298,,,,,,,,,crf_only,tu mens,ADV,,
tu prends,ADV,A2,crf_first_attested,0.5897,0.0298,0.0,0.5897,0.0,0.0,0.0,0.0,0.0298,,,,,,,,,crf_only,tu prends,ADV,,
tète,NOUN,A2,crf_first_attested,0.5897,0.0298,0.0,0.5897,0.0,0.0,0.0,0.0,0.0298,,,,,,,,,crf_only,tète,N,,
design,ADJ,A2,crf_first_attested,0.5516,0.0278,0.0,0.5516,0.0,0.0,0.0,0.0,0.0278,,,,,,,,,crf_only,design,A,,
ouf,INT,A2,beacco,0.5213,3.5278,,,,,,,,17.0084,0.5213,0.5531,0.0,0.0,0.0,3.5278,A2,beacco_only,,,ouf,INT
entre - temps,ADV,A2,crf_first_attested,0.5197,0.8118,0.0,0.5197,0.1507,0.0,3.1012,0.0,0.8118,,,,,,,,,crf_only,entre - temps,ADV,,
mp3,NOUN,A2,crf_first_attested,0.5197,0.6463,0.0,0.5197,0.0,1.4125,0.0,0.0,0.6463,,,,,,,,,crf_only,mp3,N,,
professeure,NOUN,A2,crf_first_attested,0.5197,0.3446,0.0,0.5197,0.0,0.0,1.6042,0.0,0.3446,,,,,,,,,crf_only,professeure,N,,
au sec,ADV,A2,crf_first_attested,0.5197,0.0262,0.0,0.5197,0.0,0.0,0.0,0.0,0.0262,,,,,,,,,crf_only,au sec,ADV,,
à l' avant,ADV,A2,crf_first_attested,0.5197,0.0262,0.0,0.5197,0.0,0.0,0.0,0.0,0.0262,,,,,,,,,crf_only,à l' avant,ADV,,
évoluer,VERB,A2,beacco,0.5168,45.7044,8.8185,0.5168,94.9337,32.6028,45.679,28.5334,45.7044,11.8639,1.0679,57.3627,28.9647,39.7963,56.7717,35.3363,A2,word_pos,évoluer,V,évoluer,VER
vous,ADJ,A2,crf_first_attested,0.5168,5.2064,0.0,0.5168,3.8889,16.7278,6.2023,0.0,5.2064,,,,,,,,,crf_only,vous,A,,
au début de,PREP,A2,crf_first_attested,0.5168,1.8438,0.0,0.5168,6.6385,0.0,0.0,0.0,1.8438,,,,,,,,,crf_only,au début de,PREP,,
vers la porte de,PREP,A2,crf_first_attested,0.5168,1.3137,0.0,0.5168,0.0,12.7726,0.0,0.0,1.3137,,,,,,,,,crf_only,vers la porte de,PREP,,
quarante mille,DET,A2,crf_first_attested,0.5168,1.2394,0.0,0.5168,0.0,0.0,6.2023,19.2455,1.2394,,,,,,,,,crf_only,quarante mille,DET,,
avoir beau,VERB,A2,crf_first_attested,0.5168,0.9254,0.0,0.5168,0.2405,1.6517,0.0,0.0,0.9254,,,,,,,,,crf_only,avoir beau,V,,
paraître,NOUN,A2,crf_first_attested,0.5168,0.9066,0.0,0.5168,2.1708,0.0,0.0,0.0,0.9066,,,,,,,,,crf_only,paraître,N,,
de l' autre côté de,PREP,A2,crf_first_attested,0.5168,0.8297,0.0,0.5168,0.2366,1.3414,0.0,0.0,0.8297,,,,,,,,,crf_only,de l' autre côté de,PREP,,
cela dit,ADV,A2,crf_first_attested,0.5168,0.7888,0.0,0.5168,0.0,0.0,0.0,67.3593,0.7888,,,,,,,,,crf_only,cela dit,ADV,,
tout le jour,ADV,A2,crf_first_attested,0.5168,0.7664,0.0,0.5168,1.8542,0.0,0.0,0.0,0.7664,,,,,,,,,crf_only,tout le jour,ADV,,
première,NOUN,A2,crf_first_attested,0.5168,0.7659,0.0,0.5168,0.0,0.0,8.2019,0.0,0.7659,,,,,,,,,crf_only,première,N,,
hé,VERB,A2,crf_first_attested,0.5168,0.7633,0.0,0.5168,0.2295,0.5755,0.0,0.0,0.7633,,,,,,,,,crf_only,hé,V,,
jusqu' ici,CONJ,A2,crf_first_attested,0.5168,0.5056,0.0,0.5168,0.6802,0.0,0.0,0.0,0.5056,,,,,,,,,crf_only,jusqu' ici,CONJS,,
condamné,ADJ,A2,crf_first_attested,0.5168,0.4515,0.0,0.5168,0.0,2.0121,0.0,0.0,0.4515,,,,,,,,,crf_only,condamné,A,,
en paix,ADV,A2,crf_first_attested,0.5168,0.382,0.0,0.5168,0.3014,0.0,0.0,0.0,0.382,,,,,,,,,crf_only,en paix,ADV,,
muet,NOUN,A2,crf_first_attested,0.5168,0.3591,0.0,0.5168,0.0,1.0571,0.0,0.0,0.3591,,,,,,,,,crf_only,muet,N,,
pèse,NOUN,A2,crf_first_attested,0.5168,0.3474,0.0,0.5168,0.3618,0.0,0.0,0.0,0.3474,,,,,,,,,crf_only,pèse,N,,
tiens,ADV,A2,crf_first_attested,0.5168,0.3474,0.0,0.5168,0.0,0.0,1.6042,0.0,0.3474,,,,,,,,,crf_only,tiens,ADV,,
dans le vrai,ADV,A2,crf_first_attested,0.5168,0.3398,0.0,0.5168,0.2405,0.0,0.0,0.0,0.3398,,,,,,,,,crf_only,dans le vrai,ADV,,
affàires,NOUN,A2,crf_first_attested,0.5168,0.0261,0.0,0.5168,0.0,0.0,0.0,0.0,0.0261,,,,,,,,,crf_only,affàires,N,,
au plus tard,ADV,A2,crf_first_attested,0.5168,0.0261,0.0,0.5168,0.0,0.0,0.0,0.0,0.0261,,,,,,,,,crf_only,au plus tard,ADV,,
au soleil levant,ADV,A2,crf_first_attested,0.5168,0.0261,0.0,0.5168,0.0,0.0,0.0,0.0,0.0261,,,,,,,,,crf_only,au soleil levant,ADV,,
d' une fois,ADV,A2,crf_first_attested,0.5168,0.0261,0.0,0.5168,0.0,0.0,0.0,0.0,0.0261,,,,,,,,,crf_only,d' une fois,ADV,,
donc vrai,ADV,A2,crf_first_attested,0.5168,0.0261,0.0,0.5168,0.0,0.0,0.0,0.0,0.0261,,,,,,,,,crf_only,donc vrai,ADV,,
faire du bien,VERB,A2,crf_first_attested,0.5168,0.0261,0.0,0.5168,0.0,0.0,0.0,0.0,0.0261,,,,,,,,,crf_only,faire du bien,V,,
frais et blanc,ADJ,A2,crf_first_attested,0.5168,0.0261,0.0,0.5168,0.0,0.0,0.0,0.0,0.0261,,,,,,,,,crf_only,frais et blanc,A,,
intelectuelle,ADJ,A2,crf_first_attested,0.5168,0.0261,0.0,0.5168,0.0,0.0,0.0,0.0,0.0261,,,,,,,,,crf_only,intelectuelle,A,,
jauni,ADJ,A2,crf_first_attested,0.5168,0.0261,0.0,0.5168,0.0,0.0,0.0,0.0,0.0261,,,,,,,,,crf_only,jauni,A,,
par haine de,PREP,A2,crf_first_attested,0.5168,0.0261,0.0,0.5168,0.0,0.0,0.0,0.0,0.0261,,,,,,,,,crf_only,par haine de,PREP,,
peson,NOUN,A2,crf_first_attested,0.5168,0.0261,0.0,0.5168,0.0,0.0,0.0,0.0,0.0261,,,,,,,,,crf_only,peson,N,,
rassir,VERB,A2,crf_first_attested,0.5168,0.0261,0.0,0.5168,0.0,0.0,0.0,0.0,0.0261,,,,,,,,,crf_only,rassir,V,,
rentrant,NOUN,A2,crf_first_attested,0.5168,0.0261,0.0,0.5168,0.0,0.0,0.0,0.0,0.0261,,,,,,,,,crf_only,rentrant,N,,
sous de,PREP,A2,crf_first_attested,0.5168,0.0261,0.0,0.5168,0.0,0.0,0.0,0.0,0.0261,,,,,,,,,crf_only,sous de,PREP,,
sous la porte de,PREP,A2,crf_first_attested,0.5168,0.0261,0.0,0.5168,0.0,0.0,0.0,0.0,0.0261,,,,,,,,,crf_only,sous la porte de,PREP,,
un,ADJ,A2,crf_first_attested,0.5168,0.0261,0.0,0.5168,0.0,0.0,0.0,0.0,0.0261,,,,,,,,,crf_only,un,A,,
à chaque fois,ADV,A2,crf_first_attested,0.5168,0.0261,0.0,0.5168,0.0,0.0,0.0,0.0,0.0261,,,,,,,,,crf_only,à chaque fois,ADV,,
à mal,ADV,A2,crf_first_attested,0.5168,0.0261,0.0,0.5168,0.0,0.0,0.0,0.0,0.0261,,,,,,,,,crf_only,à mal,ADV,,
à pareille heure,ADV,A2,crf_first_attested,0.5168,0.0261,0.0,0.5168,0.0,0.0,0.0,0.0,0.0261,,,,,,,,,crf_only,à pareille heure,ADV,,
à pied entre,PREP,A2,crf_first_attested,0.5168,0.0261,0.0,0.5168,0.0,0.0,0.0,0.0,0.0261,,,,,,,,,crf_only,à pied entre,PREP,,
alcool,NOUN,A2,beacco,0.5054,24.6986,10.5377,0.5054,44.3531,19.6596,25.7756,28.8683,24.6986,16.8214,1.0275,52.5275,28.8538,51.9203,19.328,34.0025,A2,word_pos,alcool,N,alcool,NOM
élément,NOUN,A2,beacco,0.5054,20.1661,0.0,0.5054,14.7585,40.6204,76.0728,0.0,20.1661,11.7965,8.5217,35.4221,105.5413,323.6828,113.5434,70.1722,A2,word_pos,élément,N,élément,NOM
bistrot,NOUN,A2,beacco,0.5054,8.3027,28.3012,0.5054,8.9035,1.1509,0.0,0.0,8.3027,16.4394,1.0275,12.451,0.911,0.0,0.0,9.4006,A2,word_pos,bistrot,N,bistrot,NOM
à mi - temps,ADV,A2,crf_first_attested,0.5054,1.208,0.0,0.5054,2.0852,0.0,0.0,0.0,1.208,,,,,,,,,crf_only,à mi - temps,ADV,,
plus quoi faire,ADV,A2,crf_first_attested,0.5054,0.4731,0.0,0.5054,0.0554,0.0,0.0,0.0,0.4731,,,,,,,,,crf_only,plus quoi faire,ADV,,
tien,NOUN,A2,crf_first_attested,0.5054,0.2919,0.0,0.5054,0.0,0.0,3.1012,0.0,0.2919,,,,,,,,,crf_only,tien,N,,
awelé,NOUN,A2,crf_first_attested,0.5054,0.0255,0.0,0.5054,0.0,0.0,0.0,0.0,0.0255,,,,,,,,,crf_only,awelé,N,,
baby - foot,NOUN,A2,crf_first_attested,0.5054,0.0255,0.0,0.5054,0.0,0.0,0.0,0.0,0.0255,,,,,,,,,crf_only,baby - foot,N,,
banalités,NOUN,A2,crf_first_attested,0.5054,0.0255,0.0,0.5054,0.0,0.0,0.0,0.0,0.0255,,,,,,,,,crf_only,banalités,N,,
chante,NOUN,A2,crf_first_attested,0.5054,0.0255,0.0,0.5054,0.0,0.0,0.0,0.0,0.0255,,,,,,,,,crf_only,chante,N,,
ludo,NOUN,A2,crf_first_attested,0.5054,0.0255,0.0,0.5054,0.0,0.0,0.0,0.0,0.0255,,,,,,,,,crf_only,ludo,N,,
canadien,ADJ,A2,beacco,0.4879,8.1383,9.0458,0.4879,2.4678,6.0554,12.3029,0.0,8.1383,11.9785,0.4664,3.4815,2.2839,8.2781,0.0,7.2615,A2,word_pos,canadien,A,canadien,ADJ
divers,DET,A2,crf_first_attested,0.4879,7.0696,0.0,0.4879,9.668,7.3776,1.6042,0.0,7.0696,,,,,,,,,crf_only,divers,DET,,
soi - même,PRON,A2,crf_first_attested,0.4879,4.7965,0.0,0.4879,0.8749,0.0,26.9096,45.4565,4.7965,,,,,,,,,crf_only,soi - même,PRO,,
au fil du,PREP,A2,crf_first_attested,0.4879,1.684,0.0,0.4879,4.4845,0.0,0.0,0.0,1.684,,,,,,,,,crf_only,au fil du,PREP,,
hyper,ADJ,A2,crf_first_attested,0.4879,1.1715,0.0,0.4879,0.0,0.0,0.0,43.6102,1.1715,,,,,,,,,crf_only,hyper,A,,
street,X,A2,crf_first_attested,0.4879,0.9772,0.0,0.4879,0.8304,0.0,0.0,0.0,0.9772,,,,,,,,,crf_only,street,X,,
tv5,NOUN,A2,crf_first_attested,0.4879,0.4773,0.0,0.4879,0.0698,0.0,0.0,0.0,0.4773,,,,,,,,,crf_only,tv5,N,,
en plein coeur de,PREP,A2,crf_first_attested,0.4879,0.3299,0.0,0.4879,0.0,1.5139,0.0,0.0,0.3299,,,,,,,,,crf_only,en plein coeur de,PREP,,
activité de plein air n ° 1,NOUN,A2,crf_first_attested,0.4879,0.0246,0.0,0.4879,0.0,0.0,0.0,0.0,0.0246,,,,,,,,,crf_only,activité de plein air n ° 1,N,,
alors que dehors,CONJ,A2,crf_first_attested,0.4879,0.0246,0.0,0.4879,0.0,0.0,0.0,0.0,0.0246,,,,,,,,,crf_only,alors que dehors,CONJS,,
bilingue,NOUN,A2,crf_first_attested,0.4879,0.0246,0.0,0.4879,0.0,0.0,0.0,0.0,0.0246,,,,,,,,,crf_only,bilingue,N,,
décorateur,ADJ,A2,crf_first_attested,0.4879,0.0246,0.0,0.4879,0.0,0.0,0.0,0.0,0.0246,,,,,,,,,crf_only,décorateur,A,,
en l' assurante de,PREP,A2,crf_first_attested,0.4879,0.0246,0.0,0.4879,0.0,0.0,0.0,0.0,0.0246,,,,,,,,,crf_only,en l' assurante de,PREP,,
gr,NOUN,A2,crf_first_attested,0.4879,0.0246,0.0,0.4879,0.0,0.0,0.0,0.0,0.0246,,,,,,,,,crf_only,gr,N,,
kiffe,VERB,A2,crf_first_attested,0.4879,0.0246,0.0,0.4879,0.0,0.0,0.0,0.0,0.0246,,,,,,,,,crf_only,kiffe,V,,
lodge,NOUN,A2,crf_first_attested,0.4879,0.0246,0.0,0.4879,0.0,0.0,0.0,0.0,0.0246,,,,,,,,,crf_only,lodge,N,,
regent,X,A2,crf_first_attested,0.4879,0.0246,0.0,0.4879,0.0,0.0,0.0,0.0,0.0246,,,,,,,,,crf_only,regent,X,,
suivre,NOUN,A2,crf_first_attested,0.4879,0.0246,0.0,0.4879,0.0,0.0,0.0,0.0,0.0246,,,,,,,,,crf_only,suivre,N,,
écolé,NOUN,A2,crf_first_attested,0.4742,0.0239,0.0,0.4742,0.0,0.0,0.0,0.0,0.0239,,,,,,,,,crf_only,écolé,N,,
ambassade,NOUN,A2,beacco,0.4718,0.9412,3.8872,0.4718,0.0,0.0,0.0,0.0,0.9412,7.6879,0.1937,0.0,0.0,0.0,0.0,0.7565,A2,word_pos,ambassade,N,ambassade,NOM
contre,NOUN,A2,beacco,0.4664,20.1165,,,,,,,,7.9276,0.4664,47.1627,4.5679,6.0005,19.328,20.1165,A2,beacco_only,,,contre,NOM
mathématique,NOUN,A2,beacco,0.4664,13.1641,,,,,,,,16.3009,0.4664,5.0029,5.4661,4.139,12.833,13.1641,A2,beacco_only,,,mathématique,NOM
sud-est,NOUN,A2,beacco,0.4664,8.2862,,,,,,,,8.2421,0.4664,7.2006,0.8102,20.6179,0.0,8.2862,A2,beacco_only,,,sud-est,NOM
directrice,NOUN,A2,crf_first_attested,0.4413,0.0223,0.0,0.4413,0.0,0.0,0.0,0.0,0.0223,,,,,,,,,crf_only,directrice,N,,
huit,NOUN,A2,crf_first_attested,0.4413,0.0223,0.0,0.4413,0.0,0.0,0.0,0.0,0.0223,,,,,,,,,crf_only,huit,N,,
vainqueur,ADJ,A2,crf_first_attested,0.4304,0.0217,0.0,0.4304,0.0,0.0,0.0,0.0,0.0217,,,,,,,,,crf_only,vainqueur,A,,
demain et je te montrerai,ADV,A2,crf_first_attested,0.4275,0.0216,0.0,0.4275,0.0,0.0,0.0,0.0,0.0216,,,,,,,,,crf_only,demain et je te montrerai,ADV,,
discours,NOUN,A2,beacco,0.4234,60.9912,17.4629,0.4234,48.4772,25.9136,183.0742,512.0048,60.9912,24.3507,0.4157,44.6171,27.0642,112.2698,356.2915,49.9697,A2,word_pos,discours,N,discours,NOM
sévère,ADJ,A2,beacco,0.4234,12.2411,16.2491,0.4234,13.5596,0.5755,23.2672,19.2455,12.2411,20.4862,0.4157,17.0159,0.911,19.861,19.328,13.5669,A2,word_pos,sévère,A,sévère,ADJ
le on,PRON,A2,crf_first_attested,0.4234,9.5612,0.0,0.4234,11.3238,7.2463,15.7275,48.0277,9.5612,,,,,,,,,crf_only,le on,PRO,,
c' est pourquoi,ADV,A2,crf_first_attested,0.4234,9.1437,0.0,0.4234,1.4472,52.29,15.6669,0.0,9.1437,,,,,,,,,crf_only,c' est pourquoi,ADV,,
chic,ADJ,A2,beacco,0.4234,5.6347,16.0862,0.4234,0.2076,0.5755,6.2023,12.9876,5.6347,15.8003,0.4157,0.3906,0.911,6.0005,12.833,6.4397,A2,word_pos,chic,A,chic,ADJ
avant,VERB,A2,crf_first_attested,0.4234,2.1185,0.0,0.4234,1.8898,0.0,13.3747,0.0,2.1185,,,,,,,,,crf_only,avant,V,,
énervé,ADJ,A2,crf_first_attested,0.4234,1.4117,0.0,0.4234,3.5744,0.0,0.0,0.0,1.4117,,,,,,,,,crf_only,énervé,A,,
bts,NOUN,A2,crf_first_attested,0.4234,1.1349,0.0,0.4234,0.0,0.7062,0.0,19.2455,1.1349,,,,,,,,,crf_only,bts,N,,
pâtisserie,NOUN,A2,beacco,0.4234,0.9536,3.9288,0.4234,0.0,0.0,0.0,0.0,0.9536,7.7803,0.8313,0.0,0.0,0.0,0.0,1.7427,A2,word_pos,pâtisserie,N,pâtisserie,NOM
à compter du,PREP,A2,crf_first_attested,0.4234,0.7222,0.0,0.4234,0.2916,1.5139,0.0,0.0,0.7222,,,,,,,,,crf_only,à compter du,PREP,,
export,NOUN,A2,crf_first_attested,0.4234,0.5037,0.0,0.4234,0.0,0.0,6.2023,0.0,0.5037,,,,,,,,,crf_only,export,N,,
tout au moins,ADV,A2,crf_first_attested,0.4234,0.3061,0.0,0.4234,0.0,0.5755,0.0,0.0,0.3061,,,,,,,,,crf_only,tout au moins,ADV,,
éditeur,ADJ,A2,crf_first_attested,0.4234,0.2663,0.0,0.4234,0.0,0.0,3.1012,0.0,0.2663,,,,,,,,,crf_only,éditeur,A,,
audioguide,NOUN,A2,crf_first_attested,0.4234,0.0214,0.0,0.4234,0.0,0.0,0.0,0.0,0.0214,,,,,,,,,crf_only,audioguide,N,,
audioguides,NOUN,A2,crf_first_attested,0.4234,0.0214,0.0,0.4234,0.0,0.0,0.0,0.0,0.0214,,,,,,,,,crf_only,audioguides,N,,
bay,X,A2,crf_first_attested,0.4234,0.0214,0.0,0.4234,0.0,0.0,0.0,0.0,0.0214,,,,,,,,,crf_only,bay,X,,
causeway,X,A2,crf_first_attested,0.4234,0.0214,0.0,0.4234,0.0,0.0,0.0,0.0,0.0214,,,,,,,,,crf_only,causeway,X,,
combeserge,NOUN,A2,crf_first_attested,0.4234,0.0214,0.0,0.4234,0.0,0.0,0.0,0.0,0.0214,,,,,,,,,crf_only,combeserge,N,,
diffuseur,NOUN,A2,crf_first_attested,0.4234,0.0214,0.0,0.4234,0.0,0.0,0.0,0.0,0.0214,,,,,,,,,crf_only,diffuseur,N,,
enqueteurs,NOUN,A2,crf_first_attested,0.4234,0.0214,0.0,0.4234,0.0,0.0,0.0,0.0,0.0214,,,,,,,,,crf_only,enqueteurs,N,,
erectus,ADJ,A2,crf_first_attested,0.4234,0.0214,0.0,0.4234,0.0,0.0,0.0,0.0,0.0214,,,,,,,,,crf_only,erectus,A,,
iphone,NOUN,A2,crf_first_attested,0.4234,0.0214,0.0,0.4234,0.0,0.0,0.0,0.0,0.0214,,,,,,,,,crf_only,iphone,N,,
jasmine,ADJ,A2,crf_first_attested,0.4234,0.0214,0.0,0.4234,0.0,0.0,0.0,0.0,0.0214,,,,,,,,,crf_only,jasmine,A,,
multimarques,ADJ,A2,crf_first_attested,0.4234,0.0214,0.0,0.4234,0.0,0.0,0.0,0.0,0.0214,,,,,,,,,crf_only,multimarques,A,,
recyclé,ADJ,A2,crf_first_attested,0.4234,0.0214,0.0,0.4234,0.0,0.0,0.0,0.0,0.0214,,,,,,,,,crf_only,recyclé,A,,
remplissez,PREP,A2,crf_first_attested,0.4234,0.0214,0.0,0.4234,0.0,0.0,0.0,0.0,0.0214,,,,,,,,,crf_only,remplissez,PREP,,
saoudite,ADJ,A2,crf_first_attested,0.4234,0.0214,0.0,0.4234,0.0,0.0,0.0,0.0,0.0214,,,,,,,,,crf_only,saoudite,A,,
théodore,NOUN,A2,crf_first_attested,0.4234,0.0214,0.0,0.4234,0.0,0.0,0.0,0.0,0.0214,,,,,,,,,crf_only,théodore,N,,
à part où,PREP,A2,crf_first_attested,0.4234,0.0214,0.0,0.4234,0.0,0.0,0.0,0.0,0.0214,,,,,,,,,crf_only,à part où,PREP,,
à priori,ADV,A2,crf_first_attested,0.4234,0.0214,0.0,0.4234,0.0,0.0,0.0,0.0,0.0214,,,,,,,,,crf_only,à priori,ADV,,
écoparticipation,NOUN,A2,crf_first_attested,0.4234,0.0214,0.0,0.4234,0.0,0.0,0.0,0.0,0.0214,,,,,,,,,crf_only,écoparticipation,N,,
élementaire,VERB,A2,crf_first_attested,0.4234,0.0214,0.0,0.4234,0.0,0.0,0.0,0.0,0.0214,,,,,,,,,crf_only,élementaire,V,,
évolution,NOUN,A2,beacco,0.4228,55.1346,5.613,0.4228,59.0168,6.4693,240.7178,357.4577,55.1346,7.804,0.6008,50.4304,8.4014,215.7761,319.5546,48.2617,A2,word_pos,évolution,N,évolution,NOM
fidélité,NOUN,A2,beacco,0.4228,6.2768,5.7587,0.4228,4.1569,4.9436,0.0,0.0,6.2768,10.1228,0.6008,5.2979,1.2705,0.0,0.0,5.6097,A2,word_pos,fidélité,N,fidélité,NOM
maquette,NOUN,A2,beacco,0.4228,3.9459,13.162,0.4228,0.9618,0.0,3.1012,0.0,3.9459,15.5473,0.6008,0.4665,0.0,6.0005,0.0,3.8534,A2,word_pos,maquette,N,maquette,NOM
recré,VERB,A2,crf_first_attested,0.4228,3.4807,0.0,0.4228,1.4582,0.0,26.2593,0.0,3.4807,,,,,,,,,crf_only,recré,V,,
trait,ADJ,A2,crf_first_attested,0.4228,1.7563,0.0,0.4228,0.0,0.0,16.4039,0.0,1.7563,,,,,,,,,crf_only,trait,A,,
robotique,ADJ,A2,crf_first_attested,0.4228,1.4379,0.0,0.4228,0.0,0.0,18.6069,0.0,1.4379,,,,,,,,,crf_only,robotique,A,,
pare - brise,NOUN,A2,crf_first_attested,0.4228,0.9945,0.0,0.4228,0.9618,0.0,0.0,0.0,0.9945,,,,,,,,,crf_only,pare - brise,N,,
oh là,ADV,A2,crf_first_attested,0.4228,0.8032,0.0,0.4228,0.8749,0.0,0.0,0.0,0.8032,,,,,,,,,crf_only,oh là,ADV,,
à destination de,PREP,A2,crf_first_attested,0.4228,0.3069,0.0,0.4228,0.0,1.5139,0.0,0.0,0.3069,,,,,,,,,crf_only,à destination de,PREP,,
amérique,NOUN,A2,crf_first_attested,0.4228,0.3058,0.0,0.4228,0.2366,0.0,0.0,0.0,0.3058,,,,,,,,,crf_only,amérique,N,,
bon d' accord,ADV,A2,crf_first_attested,0.4228,0.0213,0.0,0.4228,0.0,0.0,0.0,0.0,0.0213,,,,,,,,,crf_only,bon d' accord,ADV,,
corbières,NOUN,A2,crf_first_attested,0.4228,0.0213,0.0,0.4228,0.0,0.0,0.0,0.0,0.0213,,,,,,,,,crf_only,corbières,N,,
croque - madame,NOUN,A2,crf_first_attested,0.4228,0.0213,0.0,0.4228,0.0,0.0,0.0,0.0,0.0213,,,,,,,,,crf_only,croque - madame,N,,
jusqu' à quelle heure,ADV,A2,crf_first_attested,0.4228,0.0213,0.0,0.4228,0.0,0.0,0.0,0.0,0.0213,,,,,,,,,crf_only,jusqu' à quelle heure,ADV,,
laurentienne,ADJ,A2,crf_first_attested,0.4228,0.0213,0.0,0.4228,0.0,0.0,0.0,0.0,0.0213,,,,,,,,,crf_only,laurentienne,A,,
leçon,NOUN,A2,beacco,0.4071,18.5345,11.5399,0.4071,19.3503,20.9348,15.5058,19.4814,18.5345,7.749,0.3851,24.6419,9.7303,6.0005,12.833,15.1652,A2,word_pos,leçon,N,leçon,NOM
av,NOUN,A2,crf_first_attested,0.4071,0.0205,0.0,0.4071,0.0,0.0,0.0,0.0,0.0205,,,,,,,,,crf_only,av,N,,
balle,NOUN,A2,beacco,0.3918,21.4782,10.4537,0.3918,14.2712,50.0152,24.8092,0.0,21.4782,11.7515,0.1865,23.5912,65.1429,18.0014,0.0,26.7873,A2,word_pos,balle,N,balle,NOM
œil,NOUN,A2,crf_first_attested,0.3918,1.7996,0.0,0.3918,0.2041,10.2319,0.0,0.0,1.7996,,,,,,,,,crf_only,œil,N,,
atteri,VERB,A2,crf_first_attested,0.3918,0.4018,0.0,0.3918,0.0,0.5285,0.0,0.0,0.4018,,,,,,,,,crf_only,atteri,V,,
cind,DET,A2,crf_first_attested,0.3918,0.4018,0.0,0.3918,0.0,0.5285,0.0,0.0,0.4018,,,,,,,,,crf_only,cind,DET,,
encore moins,ADV,A2,crf_first_attested,0.3918,0.4018,0.0,0.3918,0.0,0.5285,0.0,0.0,0.4018,,,,,,,,,crf_only,encore moins,ADV,,
ii est vrai que,CONJ,A2,crf_first_attested,0.3918,0.4018,0.0,0.3918,0.0,0.5285,0.0,0.0,0.4018,,,,,,,,,crf_only,ii est vrai que,CONJS,,
loin du lieu du,PREP,A2,crf_first_attested,0.3918,0.4018,0.0,0.3918,0.0,0.5285,0.0,0.0,0.4018,,,,,,,,,crf_only,loin du lieu du,PREP,,
accroche - toi,NOUN,A2,crf_first_attested,0.3918,0.0198,0.0,0.3918,0.0,0.0,0.0,0.0,0.0198,,,,,,,,,crf_only,accroche - toi,N,,
hyperternps,NOUN,A2,crf_first_attested,0.3918,0.0198,0.0,0.3918,0.0,0.0,0.0,0.0,0.0198,,,,,,,,,crf_only,hyperternps,N,,
jody,X,A2,crf_first_attested,0.3918,0.0198,0.0,0.3918,0.0,0.0,0.0,0.0,0.0198,,,,,,,,,crf_only,jody,X,,
tu auras vécu toute une vie et tu mourras,ADV,A2,crf_first_attested,0.3918,0.0198,0.0,0.3918,0.0,0.0,0.0,0.0,0.0198,,,,,,,,,crf_only,tu auras vécu toute une vie et tu mourras,ADV,,
tu dors,ADV,A2,crf_first_attested,0.3918,0.0198,0.0,0.3918,0.0,0.0,0.0,0.0,0.0198,,,,,,,,,crf_only,tu dors,ADV,,
tu peux manger,ADV,A2,crf_first_attested,0.3918,0.0198,0.0,0.3918,0.0,0.0,0.0,0.0,0.0198,,,,,,,,,crf_only,tu peux manger,ADV,,
ultra,VERB,A2,crf_first_attested,0.3918,0.0198,0.0,0.3918,0.0,0.0,0.0,0.0,0.0198,,,,,,,,,crf_only,ultra,V,,
à travers,ADV,A2,crf_first_attested,0.3918,0.0198,0.0,0.3918,0.0,0.0,0.0,0.0,0.0198,,,,,,,,,crf_only,à travers,ADV,,
à égalité,ADV,A2,crf_first_attested,0.3918,0.0198,0.0,0.3918,0.0,0.0,0.0,0.0,0.0198,,,,,,,,,crf_only,à égalité,ADV,,
éndort,VERB,A2,crf_first_attested,0.3918,0.0198,0.0,0.3918,0.0,0.0,0.0,0.0,0.0198,,,,,,,,,crf_only,éndort,V,,
par mieux,ADV,A2,crf_first_attested,0.3774,0.0191,0.0,0.3774,0.0,0.0,0.0,0.0,0.0191,,,,,,,,,crf_only,par mieux,ADV,,
grand-chose,NOUN,A2,beacco,0.3729,9.4514,,,,,,,,16.1239,0.3729,7.7117,0.0,40.6321,0.0,9.4514,A2,beacco_only,,,grand-chose,NOM
effets,NOUN,A2,crf_first_attested,0.3702,27.7364,0.0,0.3702,7.857,4.5416,186.5564,330.1396,27.7364,,,,,,,,,crf_only,effets,N,,
coutume,NOUN,A2,beacco,0.3702,18.0593,22.197,0.3702,24.8963,0.0,89.9947,0.0,18.0593,11.7812,0.606,22.4496,0.0,65.9532,0.0,15.3373,A2,word_pos,coutume,N,coutume,NOM
hors de,PREP,A2,crf_first_attested,0.3702,18.0368,0.0,0.3702,13.5171,6.9548,51.0722,247.2096,18.0368,,,,,,,,,crf_only,hors de,PREP,,
sensible,ADJ,A2,beacco,0.3702,12.0619,15.316,0.3702,6.6116,0.0,47.1826,48.0277,12.0619,16.7322,0.606,7.3526,0.0,61.8536,77.4712,15.3106,A2,word_pos,sensible,A,sensible,ADJ
hygiène,NOUN,A2,beacco,0.3702,7.1979,18.3174,0.3702,1.5118,0.5285,3.1012,56.9312,7.1979,22.2503,3.7973,2.9677,0.8102,6.0005,86.9662,12.4845,A2,word_pos,hygiène,N,hygiène,NOM
du coup,ADV,A2,crf_first_attested,0.3702,7.126,0.0,0.3702,7.8482,0.0,21.7081,38.491,7.126,,,,,,,,,crf_only,du coup,ADV,,
espoirs,NOUN,A2,crf_first_attested,0.3702,6.7074,0.0,0.3702,1.809,0.0,53.7297,19.2455,6.7074,,,,,,,,,crf_only,espoirs,N,,
celui-là,PRON,A2,crf_first_attested,0.3702,4.623,0.0,0.3702,0.6802,12.4422,15.5058,0.0,4.623,,,,,,,,,crf_only,celui-là,PRO,,
escargot,NOUN,A2,beacco,0.3702,4.4486,5.2323,0.3702,2.8389,0.0,0.0,0.0,4.4486,7.7059,0.606,1.3139,0.0,0.0,0.0,3.7682,A2,word_pos,escargot,N,escargot,NOM
à vous de,PREP,A2,crf_first_attested,0.3702,3.1513,0.0,0.3702,6.4857,0.7062,0.0,6.4938,3.1513,,,,,,,,,crf_only,à vous de,PREP,,
dès lors,ADV,A2,crf_first_attested,0.3702,2.8364,0.0,0.3702,3.1211,0.0,6.2023,19.2455,2.8364,,,,,,,,,crf_only,dès lors,ADV,,
en la matière,ADV,A2,crf_first_attested,0.3702,1.7695,0.0,0.3702,0.7236,4.5381,0.0,6.4938,1.7695,,,,,,,,,crf_only,en la matière,ADV,,
marrant,ADJ,A2,beacco,0.3702,1.7293,10.3243,0.3702,0.2916,0.0,0.0,0.0,1.7293,11.7107,0.606,0.0,0.0,0.0,0.0,1.7607,A2,word_pos,marrant,A,marrant,ADJ
en quête de,PREP,A2,crf_first_attested,0.3702,1.0211,0.0,0.3702,0.3401,0.0,4.101,0.0,1.0211,,,,,,,,,crf_only,en quête de,PREP,,
biogaz,NOUN,A2,crf_first_attested,0.3702,0.9375,0.0,0.3702,0.0,0.0,12.4046,0.0,0.9375,,,,,,,,,crf_only,biogaz,N,,
sur fond de,PREP,A2,crf_first_attested,0.3702,0.8138,0.0,0.3702,0.0,2.3018,0.0,0.0,0.8138,,,,,,,,,crf_only,sur fond de,PREP,,
tiers - monde,NOUN,A2,crf_first_attested,0.3702,0.8109,0.0,0.3702,0.0,6.0554,0.0,0.0,0.8109,,,,,,,,,crf_only,tiers - monde,N,,
d' un bout,ADV,A2,crf_first_attested,0.3702,0.7521,0.0,0.3702,0.2295,0.0,0.0,6.4938,0.7521,,,,,,,,,crf_only,d' un bout,ADV,,
à bien,ADV,A2,crf_first_attested,0.3702,0.5581,0.0,0.3702,0.6228,0.0,0.0,0.0,0.5581,,,,,,,,,crf_only,à bien,ADV,,
vôtres,NOUN,A2,crf_first_attested,0.3702,0.5471,0.0,0.3702,0.0,0.0,6.2023,0.0,0.5471,,,,,,,,,crf_only,vôtres,N,,
suisse,NOUN,A2,crf_first_attested,0.3702,0.3334,0.0,0.3702,0.2295,0.0,0.0,0.0,0.3334,,,,,,,,,crf_only,suisse,N,,
receler,VERB,A2,crf_first_attested,0.3702,0.3325,0.0,0.3702,0.2076,0.0,0.0,0.0,0.3325,,,,,,,,,crf_only,receler,V,,
balbutier,VERB,A2,crf_first_attested,0.3702,0.3289,0.0,0.3702,0.0,0.7062,0.0,0.0,0.3289,,,,,,,,,crf_only,balbutier,V,,
one,X,A2,crf_first_attested,0.3702,0.3264,0.0,0.3702,0.0,1.5139,0.0,0.0,0.3264,,,,,,,,,crf_only,one,X,,
sans aucun doute,ADV,A2,crf_first_attested,0.3702,0.3264,0.0,0.3702,0.0,1.5139,0.0,0.0,0.3264,,,,,,,,,crf_only,sans aucun doute,ADV,,
alors,CONJ,A2,crf_first_attested,0.3702,0.0187,0.0,0.3702,0.0,0.0,0.0,0.0,0.0187,,,,,,,,,crf_only,alors,CONJS,,
américaine,NOUN,A2,crf_first_attested,0.3702,0.0187,0.0,0.3702,0.0,0.0,0.0,0.0,0.0187,,,,,,,,,crf_only,américaine,N,,
araboafricain,NOUN,A2,crf_first_attested,0.3702,0.0187,0.0,0.3702,0.0,0.0,0.0,0.0,0.0187,,,,,,,,,crf_only,araboafricain,N,,
belle - famille,NOUN,A2,crf_first_attested,0.3702,0.0187,0.0,0.3702,0.0,0.0,0.0,0.0,0.0187,,,,,,,,,crf_only,belle - famille,N,,
biser,VERB,A2,crf_first_attested,0.3702,0.0187,0.0,0.3702,0.0,0.0,0.0,0.0,0.0187,,,,,,,,,crf_only,biser,V,,
blond,NOUN,A2,crf_first_attested,0.3702,0.0187,0.0,0.3702,0.0,0.0,0.0,0.0,0.0187,,,,,,,,,crf_only,blond,N,,
canado - américain,ADJ,A2,crf_first_attested,0.3702,0.0187,0.0,0.3702,0.0,0.0,0.0,0.0,0.0187,,,,,,,,,crf_only,canado - américain,A,,
cassé mai tu as vu mon jean,NOUN,A2,crf_first_attested,0.3702,0.0187,0.0,0.3702,0.0,0.0,0.0,0.0,0.0187,,,,,,,,,crf_only,cassé mai tu as vu mon jean,N,,
colombin,ADJ,A2,crf_first_attested,0.3702,0.0187,0.0,0.3702,0.0,0.0,0.0,0.0,0.0187,,,,,,,,,crf_only,colombin,A,,
comorien,NOUN,A2,crf_first_attested,0.3702,0.0187,0.0,0.3702,0.0,0.0,0.0,0.0,0.0187,,,,,,,,,crf_only,comorien,N,,
conscrit,ADJ,A2,crf_first_attested,0.3702,0.0187,0.0,0.3702,0.0,0.0,0.0,0.0,0.0187,,,,,,,,,crf_only,conscrit,A,,
dehors sauf,ADV,A2,crf_first_attested,0.3702,0.0187,0.0,0.3702,0.0,0.0,0.0,0.0,0.0187,,,,,,,,,crf_only,dehors sauf,ADV,,
en peu,ADV,A2,crf_first_attested,0.3702,0.0187,0.0,0.3702,0.0,0.0,0.0,0.0,0.0187,,,,,,,,,crf_only,en peu,ADV,,
en pirogue,ADV,A2,crf_first_attested,0.3702,0.0187,0.0,0.3702,0.0,0.0,0.0,0.0,0.0187,,,,,,,,,crf_only,en pirogue,ADV,,
enchanté,ADJ,A2,crf_first_attested,0.3702,0.0187,0.0,0.3702,0.0,0.0,0.0,0.0,0.0187,,,,,,,,,crf_only,enchanté,A,,
faveurs,NOUN,A2,crf_first_attested,0.3702,0.0187,0.0,0.3702,0.0,0.0,0.0,0.0,0.0187,,,,,,,,,crf_only,faveurs,N,,
immortel,ADJ,A2,crf_first_attested,0.3702,0.0187,0.0,0.3702,0.0,0.0,0.0,0.0,0.0187,,,,,,,,,crf_only,immortel,A,,
monoï,NOUN,A2,crf_first_attested,0.3702,0.0187,0.0,0.3702,0.0,0.0,0.0,0.0,0.0187,,,,,,,,,crf_only,monoï,N,,
nyikeine,NOUN,A2,crf_first_attested,0.3702,0.0187,0.0,0.3702,0.0,0.0,0.0,0.0,0.0187,,,,,,,,,crf_only,nyikeine,N,,
oh ben,ADV,A2,crf_first_attested,0.3702,0.0187,0.0,0.3702,0.0,0.0,0.0,0.0,0.0187,,,,,,,,,crf_only,oh ben,ADV,,
palmes,NOUN,A2,crf_first_attested,0.3702,0.0187,0.0,0.3702,0.0,0.0,0.0,0.0,0.0187,,,,,,,,,crf_only,palmes,N,,
petit - fils,NOUN,A2,crf_first_attested,0.3702,0.0187,0.0,0.3702,0.0,0.0,0.0,0.0,0.0187,,,,,,,,,crf_only,petit - fils,N,,
rando,NOUN,A2,crf_first_attested,0.3702,0.0187,0.0,0.3702,0.0,0.0,0.0,0.0,0.0187,,,,,,,,,crf_only,rando,N,,
toujours de ce que tu as,ADV,A2,crf_first_attested,0.3702,0.0187,0.0,0.3702,0.0,0.0,0.0,0.0,0.0187,,,,,,,,,crf_only,toujours de ce que tu as,ADV,,
tu me dis,ADV,A2,crf_first_attested,0.3702,0.0187,0.0,0.3702,0.0,0.0,0.0,0.0,0.0187,,,,,,,,,crf_only,tu me dis,ADV,,
tu t' en souviens,ADV,A2,crf_first_attested,0.3702,0.0187,0.0,0.3702,0.0,0.0,0.0,0.0,0.0187,,,,,,,,,crf_only,tu t' en souviens,ADV,,
tu te souviens de quoi,ADV,A2,crf_first_attested,0.3702,0.0187,0.0,0.3702,0.0,0.0,0.0,0.0,0.0187,,,,,,,,,crf_only,tu te souviens de quoi,ADV,,
tunisien,NOUN,A2,crf_first_attested,0.3702,0.0187,0.0,0.3702,0.0,0.0,0.0,0.0,0.0187,,,,,,,,,crf_only,tunisien,N,,
téméraire,NOUN,A2,crf_first_attested,0.3702,0.0187,0.0,0.3702,0.0,0.0,0.0,0.0,0.0187,,,,,,,,,crf_only,téméraire,N,,
venir te,VERB,A2,crf_first_attested,0.3702,0.0187,0.0,0.3702,0.0,0.0,0.0,0.0,0.0187,,,,,,,,,crf_only,venir te,V,,
éco - citoyen,ADJ,A2,crf_first_attested,0.3702,0.0187,0.0,0.3702,0.0,0.0,0.0,0.0,0.0187,,,,,,,,,crf_only,éco - citoyen,A,,
éco - conseiller,NOUN,A2,crf_first_attested,0.3702,0.0187,0.0,0.3702,0.0,0.0,0.0,0.0,0.0187,,,,,,,,,crf_only,éco - conseiller,N,,
définir,VERB,A2,beacco,0.3469,34.1372,17.4997,0.3469,23.0412,19.0817,102.1444,285.323,34.1372,16.8811,0.7079,29.1664,14.1801,126.4441,171.4545,34.1742,A2,word_pos,définir,V,définir,VER
fiancée,NOUN,A2,crf_first_attested,0.3469,4.0206,0.0,0.3469,0.363,11.3051,9.3035,0.0,4.0206,,,,,,,,,crf_only,fiancée,N,,
le plupart,PRON,A2,crf_first_attested,0.3469,1.2691,0.0,0.3469,1.0854,0.7062,0.0,0.0,1.2691,,,,,,,,,crf_only,le plupart,PRO,,
gitan,ADJ,A2,crf_first_attested,0.3469,1.1728,0.0,0.3469,0.4621,0.0,4.101,0.0,1.1728,,,,,,,,,crf_only,gitan,A,,
en plein jour,ADV,A2,crf_first_attested,0.3469,0.5243,0.0,0.3469,0.4732,0.0,0.0,0.0,0.5243,,,,,,,,,crf_only,en plein jour,ADV,,
ceuvre,NOUN,A2,crf_first_attested,0.3469,0.5215,0.0,0.3469,0.7236,0.0,0.0,0.0,0.5215,,,,,,,,,crf_only,ceuvre,N,,
quatre cent,DET,A2,crf_first_attested,0.3469,0.4779,0.0,0.3469,0.0,1.7898,0.0,0.0,0.4779,,,,,,,,,crf_only,quatre cent,DET,,
ah dit,ADV,A2,crf_first_attested,0.3469,0.0175,0.0,0.3469,0.0,0.0,0.0,0.0,0.0175,,,,,,,,,crf_only,ah dit,ADV,,
carmen,NOUN,A2,crf_first_attested,0.3469,0.0175,0.0,0.3469,0.0,0.0,0.0,0.0,0.0175,,,,,,,,,crf_only,carmen,N,,
debout devant moi,ADV,A2,crf_first_attested,0.3469,0.0175,0.0,0.3469,0.0,0.0,0.0,0.0,0.0175,,,,,,,,,crf_only,debout devant moi,ADV,,
depuis que tu es,CONJ,A2,crf_first_attested,0.3469,0.0175,0.0,0.3469,0.0,0.0,0.0,0.0,0.0175,,,,,,,,,crf_only,depuis que tu es,CONJS,,
en combattant,ADV,A2,crf_first_attested,0.3469,0.0175,0.0,0.3469,0.0,0.0,0.0,0.0,0.0175,,,,,,,,,crf_only,en combattant,ADV,,
en littérature,ADV,A2,crf_first_attested,0.3469,0.0175,0.0,0.3469,0.0,0.0,0.0,0.0,0.0175,,,,,,,,,crf_only,en littérature,ADV,,
en vain que,CONJ,A2,crf_first_attested,0.3469,0.0175,0.0,0.3469,0.0,0.0,0.0,0.0,0.0175,,,,,,,,,crf_only,en vain que,CONJS,,
joe,NOUN,A2,crf_first_attested,0.3469,0.0175,0.0,0.3469,0.0,0.0,0.0,0.0,0.0175,,,,,,,,,crf_only,joe,N,,
par mer,ADV,A2,crf_first_attested,0.3469,0.0175,0.0,0.3469,0.0,0.0,0.0,0.0,0.0175,,,,,,,,,crf_only,par mer,ADV,,
plus que toi et moi,ADV,A2,crf_first_attested,0.3469,0.0175,0.0,0.3469,0.0,0.0,0.0,0.0,0.0175,,,,,,,,,crf_only,plus que toi et moi,ADV,,
rom,PRON,A2,crf_first_attested,0.3469,0.0175,0.0,0.3469,0.0,0.0,0.0,0.0,0.0175,,,,,,,,,crf_only,rom,PRO,,
romantique,NOUN,A2,crf_first_attested,0.3469,0.0175,0.0,0.3469,0.0,0.0,0.0,0.0,0.0175,,,,,,,,,crf_only,romantique,N,,
te,ADJ,A2,crf_first_attested,0.3469,0.0175,0.0,0.3469,0.0,0.0,0.0,0.0,0.0175,,,,,,,,,crf_only,te,A,,
tienne,NOUN,A2,crf_first_attested,0.3469,0.0175,0.0,0.3469,0.0,0.0,0.0,0.0,0.0175,,,,,,,,,crf_only,tienne,N,,
recomposer,VERB,A2,beacco,0.331,8.165,7.6086,0.331,6.5583,0.0,0.0,48.1138,8.165,12.8708,0.2129,6.3186,0.0,0.0,57.984,8.134,A2,word_pos,recomposer,V,recomposer,VER
loin,PREP,A2,crf_first_attested,0.331,1.9359,0.0,0.331,3.513,0.0,0.0,0.0,1.9359,,,,,,,,,crf_only,loin,PREP,,
minéral,ADJ,A2,beacco,0.331,1.8267,9.4299,0.331,0.0,0.0,0.0,0.0,1.8267,7.8941,0.2129,0.0,0.0,0.0,0.0,1.4646,A2,word_pos,minéral,A,minéral,ADJ
gazeux,ADJ,A2,crf_first_attested,0.331,0.0167,0.0,0.331,0.0,0.0,0.0,0.0,0.0167,,,,,,,,,crf_only,gazeux,A,,
lave - main,NOUN,A2,crf_first_attested,0.331,0.0167,0.0,0.331,0.0,0.0,0.0,0.0,0.0167,,,,,,,,,crf_only,lave - main,N,,
minisalon,NOUN,A2,crf_first_attested,0.331,0.0167,0.0,0.331,0.0,0.0,0.0,0.0,0.0167,,,,,,,,,crf_only,minisalon,N,,
osso - buco,NOUN,A2,crf_first_attested,0.331,0.0167,0.0,0.331,0.0,0.0,0.0,0.0,0.0167,,,,,,,,,crf_only,osso - buco,N,,
plate,NOUN,A2,crf_first_attested,0.331,0.0167,0.0,0.331,0.0,0.0,0.0,0.0,0.0167,,,,,,,,,crf_only,plate,N,,
saumur - champigny,NOUN,A2,crf_first_attested,0.331,0.0167,0.0,0.331,0.0,0.0,0.0,0.0,0.0167,,,,,,,,,crf_only,saumur - champigny,N,,
rive,NOUN,A2,beacco,0.3228,8.9011,21.9265,0.3228,5.6824,2.4776,0.0,0.0,8.9011,20.2456,0.186,8.6365,1.3018,0.0,0.0,9.1131,A2,word_pos,rive,N,rive,NOM
sage,ADJ,A2,beacco,0.3228,5.1913,15.5032,0.3228,2.4434,0.0,6.2023,0.0,5.1913,7.7151,0.186,7.2578,0.0,6.0005,0.0,5.3325,A2,word_pos,sage,A,sage,ADJ
solide,NOUN,A2,crf_first_attested,0.3228,0.5625,0.0,0.3228,0.0,0.0,9.3035,0.0,0.5625,,,,,,,,,crf_only,solide,N,,
levis que,CONJ,A2,crf_first_attested,0.3228,0.0163,0.0,0.3228,0.0,0.0,0.0,0.0,0.0163,,,,,,,,,crf_only,levis que,CONJS,,
terraser,VERB,A2,crf_first_attested,0.3228,0.0163,0.0,0.3228,0.0,0.0,0.0,0.0,0.0163,,,,,,,,,crf_only,terraser,V,,
à l' origine,ADV,A2,crf_first_attested,0.3228,0.0163,0.0,0.3228,0.0,0.0,0.0,0.0,0.0163,,,,,,,,,crf_only,à l' origine,ADV,,
crise,NOUN,A2,beacco,0.3209,31.9771,9.3794,0.3209,60.2204,27.4479,73.6009,6.4938,31.9771,7.7569,0.6228,57.3708,42.0322,91.5429,12.833,37.2356,A2,word_pos,crise,N,crise,NOM
fonds,NOUN,A2,crf_first_attested,0.3209,13.0,0.0,0.3209,16.7873,11.2845,32.5926,19.2455,13.0,,,,,,,,,crf_only,fonds,N,,
restaurer,VERB,A2,beacco,0.3209,12.8412,32.133,0.3209,8.8068,19.0022,6.1515,0.0,12.8412,16.3038,0.0,6.4797,21.7405,12.4171,0.0,12.3491,A2,word_pos,restaurer,V,restaurer,VER
commenter,VERB,A2,beacco,0.3209,10.1422,3.8329,0.3209,4.0924,13.8842,35.0096,0.0,10.1422,7.6479,1.8684,2.6301,14.4824,38.8097,0.0,13.9001,A2,word_pos,commenter,V,commenter,VER
comique,ADJ,A2,beacco,0.3209,4.6295,6.2301,0.3209,2.4447,0.0,6.4168,0.0,4.6295,7.7059,0.6228,0.438,0.911,3.4423,0.0,4.2589,A2,word_pos,comique,A,comique,ADJ
celui - là,PRON,A2,crf_first_attested,0.3209,3.02,0.0,0.3209,9.0009,0.8949,0.0,0.0,3.02,,,,,,,,,crf_only,celui - là,PRO,,
saumon,NOUN,A2,beacco,0.3209,2.3317,11.4415,0.3209,0.1815,0.0,0.0,0.0,2.3317,17.1402,0.6228,0.2504,0.0,0.0,0.0,3.5064,A2,word_pos,saumon,N,saumon,NOM
par coeur,ADV,A2,crf_first_attested,0.3209,1.7016,0.0,0.3209,5.5286,0.0,0.0,0.0,1.7016,,,,,,,,,crf_only,par coeur,ADV,,
anticipé,ADJ,A2,crf_first_attested,0.3209,1.1969,0.0,0.3209,3.4501,0.0,0.0,0.0,1.1969,,,,,,,,,crf_only,anticipé,A,,
tu sais que,CONJ,A2,crf_first_attested,0.3209,0.9725,0.0,0.3209,2.5602,0.0,0.0,0.0,0.9725,,,,,,,,,crf_only,tu sais que,CONJS,,
plongeur,ADJ,A2,crf_first_attested,0.3209,0.9442,0.0,0.3209,0.0,0.0,12.4046,0.0,0.9442,,,,,,,,,crf_only,plongeur,A,,
sauvage,NOUN,A2,crf_first_attested,0.3209,0.3288,0.0,0.3209,0.1883,0.0,0.0,0.0,0.3288,,,,,,,,,crf_only,sauvage,N,,
manqué,ADJ,A2,crf_first_attested,0.3209,0.3287,0.0,0.3209,0.0,0.8949,0.0,0.0,0.3287,,,,,,,,,crf_only,manqué,A,,
mes,ADJ,A2,crf_first_attested,0.3209,0.3166,0.0,0.3209,0.0,0.0,1.6042,0.0,0.3166,,,,,,,,,crf_only,mes,A,,
émergé,ADJ,A2,crf_first_attested,0.3209,0.3166,0.0,0.3209,0.0,0.0,1.6042,0.0,0.3166,,,,,,,,,crf_only,émergé,A,,
contats,NOUN,A2,crf_first_attested,0.3209,0.0162,0.0,0.3209,0.0,0.0,0.0,0.0,0.0162,,,,,,,,,crf_only,contats,N,,
demi - échec,NOUN,A2,crf_first_attested,0.3209,0.0162,0.0,0.3209,0.0,0.0,0.0,0.0,0.0162,,,,,,,,,crf_only,demi - échec,N,,
donc appel,ADV,A2,crf_first_attested,0.3209,0.0162,0.0,0.3209,0.0,0.0,0.0,0.0,0.0162,,,,,,,,,crf_only,donc appel,ADV,,
détaché,NOUN,A2,crf_first_attested,0.3209,0.0162,0.0,0.3209,0.0,0.0,0.0,0.0,0.0162,,,,,,,,,crf_only,détaché,N,,
en terrasse,ADV,A2,crf_first_attested,0.3209,0.0162,0.0,0.3209,0.0,0.0,0.0,0.0,0.0162,,,,,,,,,crf_only,en terrasse,ADV,,
faire suite,VERB,A2,crf_first_attested,0.3209,0.0162,0.0,0.3209,0.0,0.0,0.0,0.0,0.0162,,,,,,,,,crf_only,faire suite,V,,
guerrè,NOUN,A2,crf_first_attested,0.3209,0.0162,0.0,0.3209,0.0,0.0,0.0,0.0,0.0162,,,,,,,,,crf_only,guerrè,N,,
initiale,NOUN,A2,crf_first_attested,0.3209,0.0162,0.0,0.3209,0.0,0.0,0.0,0.0,0.0162,,,,,,,,,crf_only,initiale,N,,
matérialiste,NOUN,A2,crf_first_attested,0.3209,0.0162,0.0,0.3209,0.0,0.0,0.0,0.0,0.0162,,,,,,,,,crf_only,matérialiste,N,,
mercier,ADJ,A2,crf_first_attested,0.3209,0.0162,0.0,0.3209,0.0,0.0,0.0,0.0,0.0162,,,,,,,,,crf_only,mercier,A,,
noisettes,NOUN,A2,crf_first_attested,0.3209,0.0162,0.0,0.3209,0.0,0.0,0.0,0.0,0.0162,,,,,,,,,crf_only,noisettes,N,,
oui je lis,ADV,A2,crf_first_attested,0.3209,0.0162,0.0,0.3209,0.0,0.0,0.0,0.0,0.0162,,,,,,,,,crf_only,oui je lis,ADV,,
sans domicile fixe,NOUN,A2,crf_first_attested,0.3209,0.0162,0.0,0.3209,0.0,0.0,0.0,0.0,0.0162,,,,,,,,,crf_only,sans domicile fixe,N,,
à bout de course,ADV,A2,crf_first_attested,0.3209,0.0162,0.0,0.3209,0.0,0.0,0.0,0.0,0.0162,,,,,,,,,crf_only,à bout de course,ADV,,
déguiser,VERB,A2,beacco,0.2948,6.2972,11.0909,0.2948,2.8802,13.5998,3.1012,0.0,6.2972,22.0285,0.6111,3.7679,11.8663,6.0005,0.0,9.5136,A2,word_pos,déguiser,V,déguiser,VER
faire peur,VERB,A2,crf_first_attested,0.2948,0.7622,0.0,0.2948,1.7414,0.0,0.0,0.0,0.7622,,,,,,,,,crf_only,faire peur,V,,
fermier,ADJ,A2,crf_first_attested,0.2948,0.733,0.0,0.2948,0.2295,1.5139,0.0,0.0,0.733,,,,,,,,,crf_only,fermier,A,,
cinquante mille,DET,A2,crf_first_attested,0.2948,0.3265,0.0,0.2948,0.0,0.867,0.0,0.0,0.3265,,,,,,,,,crf_only,cinquante mille,DET,,
plus que tout,ADV,A2,crf_first_attested,0.2948,0.3252,0.0,0.2948,0.0,0.8949,0.0,0.0,0.3252,,,,,,,,,crf_only,plus que tout,ADV,,
au nez de,PREP,A2,crf_first_attested,0.2948,0.3096,0.0,0.2948,0.0,0.0,1.6042,0.0,0.3096,,,,,,,,,crf_only,au nez de,PREP,,
aiguille et tu mourras,NOUN,A2,crf_first_attested,0.2948,0.0149,0.0,0.2948,0.0,0.0,0.0,0.0,0.0149,,,,,,,,,crf_only,aiguille et tu mourras,N,,
fâché,ADJ,A2,crf_first_attested,0.2948,0.0149,0.0,0.2948,0.0,0.0,0.0,0.0,0.0149,,,,,,,,,crf_only,fâché,A,,
marie,NOUN,A2,crf_first_attested,0.2948,0.0149,0.0,0.2948,0.0,0.0,0.0,0.0,0.0149,,,,,,,,,crf_only,marie,N,,
plus de bon repas,ADV,A2,crf_first_attested,0.2948,0.0149,0.0,0.2948,0.0,0.0,0.0,0.0,0.0149,,,,,,,,,crf_only,plus de bon repas,ADV,,
plus quoi,ADV,A2,crf_first_attested,0.2948,0.0149,0.0,0.2948,0.0,0.0,0.0,0.0,0.0149,,,,,,,,,crf_only,plus quoi,ADV,,
tu te piqueras,ADV,A2,crf_first_attested,0.2948,0.0149,0.0,0.2948,0.0,0.0,0.0,0.0,0.0149,,,,,,,,,crf_only,tu te piqueras,ADV,,
ajoute,NOUN,A2,beacco,0.2891,3.4977,,,,,,,,8.1169,0.2891,3.2399,0.0,0.0,0.0,3.4977,A2,beacco_only,,,ajoute,NOM
en compagnie de,PREP,A2,crf_first_attested,0.285,5.9006,0.0,0.285,10.8238,13.5998,0.0,0.0,5.9006,,,,,,,,,crf_only,en compagnie de,PREP,,
en avance,ADV,A2,crf_first_attested,0.285,2.6934,0.0,0.285,8.1832,0.0,0.0,0.0,2.6934,,,,,,,,,crf_only,en avance,ADV,,
lucille,NOUN,A2,crf_first_attested,0.285,0.0144,0.0,0.285,0.0,0.0,0.0,0.0,0.0144,,,,,,,,,crf_only,lucille,N,,
tout le contraire,ADV,A2,crf_first_attested,0.285,0.0144,0.0,0.285,0.0,0.0,0.0,0.0,0.0144,,,,,,,,,crf_only,tout le contraire,ADV,,
étrançie,NOUN,A2,crf_first_attested,0.285,0.0144,0.0,0.285,0.0,0.0,0.0,0.0,0.0144,,,,,,,,,crf_only,étrançie,N,,
tu veux que,CONJ,A2,crf_first_attested,0.2845,0.0144,0.0,0.2845,0.0,0.0,0.0,0.0,0.0144,,,,,,,,,crf_only,tu veux que,CONJS,,
le long de,PREP,A2,crf_first_attested,0.2831,2.2013,0.0,0.2831,2.4691,5.6486,0.0,0.0,2.2013,,,,,,,,,crf_only,le long de,PREP,,
fiche,VERB,A2,crf_first_attested,0.2831,1.5618,0.0,0.2831,0.3765,0.7062,6.2023,0.0,1.5618,,,,,,,,,crf_only,fiche,V,,
autre tout,PRON,A2,crf_first_attested,0.2831,0.0143,0.0,0.2831,0.0,0.0,0.0,0.0,0.0143,,,,,,,,,crf_only,autre tout,PRO,,
de même,ADV,A2,crf_first_attested,0.2599,20.6987,0.0,0.2599,23.0334,61.1599,9.3035,100.8319,20.6987,,,,,,,,,crf_only,de même,ADV,,
critiquer,VERB,A2,beacco,0.2599,16.9552,3.892,0.2599,31.9087,43.961,0.0,0.0,16.9552,16.9389,0.5213,25.8073,37.6072,0.0,19.328,21.9108,A2,word_pos,critiquer,V,critiquer,VER
affoler,VERB,A2,beacco,0.2599,6.4786,22.2974,0.2599,6.0528,0.0,3.1012,0.0,6.4786,9.5897,0.5213,19.215,0.0,6.0005,0.0,10.2441,A2,word_pos,affoler,V,affoler,VER
de même que,CONJ,A2,crf_first_attested,0.2599,3.7208,0.0,0.2599,1.0854,1.5139,13.8696,12.9876,3.7208,,,,,,,,,crf_only,de même que,CONJS,,
gendarmerie,NOUN,A2,beacco,0.2599,3.0748,10.3497,0.2599,2.4015,0.0,0.0,0.0,3.0748,20.4392,0.5213,2.8904,0.0,0.0,0.0,5.4291,A2,word_pos,gendarmerie,N,gendarmerie,NOM
sauf que,CONJ,A2,crf_first_attested,0.2599,2.0509,0.0,0.2599,1.0854,7.4055,0.0,0.0,2.0509,,,,,,,,,crf_only,sauf que,CONJS,,
écailles,NOUN,A2,crf_first_attested,0.2599,1.1362,0.0,0.2599,0.0,0.0,15.5058,0.0,1.1362,,,,,,,,,crf_only,écailles,N,,
par la main,ADV,A2,crf_first_attested,0.2599,0.3083,0.0,0.2599,0.0908,0.0,0.0,0.0,0.3083,,,,,,,,,crf_only,par la main,ADV,,
corres,NOUN,A2,crf_first_attested,0.2599,0.0131,0.0,0.2599,0.0,0.0,0.0,0.0,0.0131,,,,,,,,,crf_only,corres,N,,
correspondre x,VERB,A2,crf_first_attested,0.2599,0.0131,0.0,0.2599,0.0,0.0,0.0,0.0,0.0131,,,,,,,,,crf_only,correspondre x,V,,
et bien,CONJ,A2,crf_first_attested,0.2599,0.0131,0.0,0.2599,0.0,0.0,0.0,0.0,0.0131,,,,,,,,,crf_only,et bien,CONJC,,
hopital,NOUN,A2,crf_first_attested,0.2599,0.0131,0.0,0.2599,0.0,0.0,0.0,0.0,0.0131,,,,,,,,,crf_only,hopital,N,,
hors du temps,ADV,A2,crf_first_attested,0.2599,0.0131,0.0,0.2599,0.0,0.0,0.0,0.0,0.0131,,,,,,,,,crf_only,hors du temps,ADV,,
pendant de,PREP,A2,crf_first_attested,0.2599,0.0131,0.0,0.2599,0.0,0.0,0.0,0.0,0.0131,,,,,,,,,crf_only,pendant de,PREP,,
peu peu,ADV,A2,crf_first_attested,0.2599,0.0131,0.0,0.2599,0.0,0.0,0.0,0.0,0.0131,,,,,,,,,crf_only,peu peu,ADV,,
plus ou de moins,ADV,A2,crf_first_attested,0.2599,0.0131,0.0,0.2599,0.0,0.0,0.0,0.0,0.0131,,,,,,,,,crf_only,plus ou de moins,ADV,,
tu es parti,ADV,A2,crf_first_attested,0.2599,0.0131,0.0,0.2599,0.0,0.0,0.0,0.0,0.0131,,,,,,,,,crf_only,tu es parti,ADV,,
tu es sûr que,CONJ,A2,crf_first_attested,0.2599,0.0131,0.0,0.2599,0.0,0.0,0.0,0.0,0.0131,,,,,,,,,crf_only,tu es sûr que,CONJS,,
tu parles,ADV,A2,crf_first_attested,0.2599,0.0131,0.0,0.2599,0.0,0.0,0.0,0.0,0.0131,,,,,,,,,crf_only,tu parles,ADV,,
tu te trompes,ADV,A2,crf_first_attested,0.2599,0.0131,0.0,0.2599,0.0,0.0,0.0,0.0,0.0131,,,,,,,,,crf_only,tu te trompes,ADV,,
circonstances,NOUN,A2,crf_first_attested,0.2527,11.5696,0.0,0.2527,29.0056,0.2167,20.4505,12.9876,11.5696,,,,,,,,,crf_only,circonstances,N,,
proximité,NOUN,A2,beacco,0.2527,10.2788,13.1739,0.2527,8.605,3.0277,24.7923,9.6228,10.2788,14.112,4.4293,14.4736,6.8518,73.3785,56.7717,22.2166,A2,word_pos,proximité,N,proximité,NOM
infirmier,NOUN,A2,beacco,0.2527,7.4712,1.2205,0.2527,0.4732,15.487,24.8092,0.0,7.4712,18.8805,9.8919,22.4147,16.6443,50.0526,0.0,23.0992,A2,word_pos,infirmier,N,infirmier,NOM
à l' origine de,PREP,A2,crf_first_attested,0.2527,5.6985,0.0,0.2527,0.2916,9.821,16.8923,12.9876,5.6985,,,,,,,,,crf_only,à l' origine de,PREP,,
bien plus,ADV,A2,crf_first_attested,0.2527,3.8884,0.0,0.2527,0.6802,1.4125,28.892,0.0,3.8884,,,,,,,,,crf_only,bien plus,ADV,,
mercure,NOUN,A2,crf_first_attested,0.2527,2.4881,0.0,0.2527,1.835,0.0,15.5058,0.0,2.4881,,,,,,,,,crf_only,mercure,N,,
autre chose,PRON,A2,crf_first_attested,0.2527,2.0046,0.0,0.2527,0.0,2.3018,3.1012,9.6228,2.0046,,,,,,,,,crf_only,autre chose,PRO,,
plus que jamais,ADV,A2,crf_first_attested,0.2527,1.7426,0.0,0.2527,1.3056,0.0,9.3035,0.0,1.7426,,,,,,,,,crf_only,plus que jamais,ADV,,
présentateur,NOUN,A2,beacco,0.2527,0.8578,6.6208,0.2527,0.0,0.0,0.0,0.0,0.8578,12.6353,4.633,0.0,0.0,0.0,12.833,3.5526,A2,word_pos,présentateur,N,présentateur,NOM
à la naissance de,PREP,A2,crf_first_attested,0.2527,0.726,0.0,0.2527,0.2916,0.0,0.0,9.6228,0.726,,,,,,,,,crf_only,à la naissance de,PREP,,
pour ou contre,ADV,A2,crf_first_attested,0.2527,0.7114,0.0,0.2527,1.5844,0.0,0.0,0.0,0.7114,,,,,,,,,crf_only,pour ou contre,ADV,,
semblable,NOUN,A2,crf_first_attested,0.2527,0.6958,0.0,0.2527,0.2366,0.0,2.0505,0.0,0.6958,,,,,,,,,crf_only,semblable,N,,
seize,ADJ,A2,crf_first_attested,0.2527,0.6296,0.0,0.2527,0.6884,0.0,0.0,0.0,0.6296,,,,,,,,,crf_only,seize,A,,
différent,NOUN,A2,crf_first_attested,0.2527,0.3216,0.0,0.2527,0.0,0.5285,0.0,0.0,0.3216,,,,,,,,,crf_only,différent,N,,
a mi - temps,ADV,A2,crf_first_attested,0.2527,0.0128,0.0,0.2527,0.0,0.0,0.0,0.0,0.0128,,,,,,,,,crf_only,a mi - temps,ADV,,
ciné,VERB,A2,crf_first_attested,0.2527,0.0128,0.0,0.2527,0.0,0.0,0.0,0.0,0.0128,,,,,,,,,crf_only,ciné,V,,
citées,ADJ,A2,crf_first_attested,0.2527,0.0128,0.0,0.2527,0.0,0.0,0.0,0.0,0.0128,,,,,,,,,crf_only,citées,A,,
contré,NOUN,A2,crf_first_attested,0.2527,0.0128,0.0,0.2527,0.0,0.0,0.0,0.0,0.0128,,,,,,,,,crf_only,contré,N,,
france,NOUN,A2,crf_first_attested,0.2527,0.0128,0.0,0.2527,0.0,0.0,0.0,0.0,0.0128,,,,,,,,,crf_only,france,N,,
l' envie de,PREP,A2,crf_first_attested,0.2527,0.0128,0.0,0.2527,0.0,0.0,0.0,0.0,0.0128,,,,,,,,,crf_only,l' envie de,PREP,,
livree,NOUN,A2,crf_first_attested,0.2527,0.0128,0.0,0.2527,0.0,0.0,0.0,0.0,0.0128,,,,,,,,,crf_only,livree,N,,
payés,NOUN,A2,crf_first_attested,0.2527,0.0128,0.0,0.2527,0.0,0.0,0.0,0.0,0.0128,,,,,,,,,crf_only,payés,N,,
piercing,NOUN,A2,crf_first_attested,0.2527,0.0128,0.0,0.2527,0.0,0.0,0.0,0.0,0.0128,,,,,,,,,crf_only,piercing,N,,
rendez - vous,NOUN,A2,crf_first_attested,0.2527,0.0128,0.0,0.2527,0.0,0.0,0.0,0.0,0.0128,,,,,,,,,crf_only,rendez - vous,N,,
sue,NOUN,A2,crf_first_attested,0.2527,0.0128,0.0,0.2527,0.0,0.0,0.0,0.0,0.0128,,,,,,,,,crf_only,sue,N,,
séducteur,ADJ,A2,crf_first_attested,0.2527,0.0128,0.0,0.2527,0.0,0.0,0.0,0.0,0.0128,,,,,,,,,crf_only,séducteur,A,,
tu t' organises comme tu veux,NOUN,A2,crf_first_attested,0.2527,0.0128,0.0,0.2527,0.0,0.0,0.0,0.0,0.0128,,,,,,,,,crf_only,tu t' organises comme tu veux,N,,
uv,NOUN,A2,crf_first_attested,0.2527,0.0128,0.0,0.2527,0.0,0.0,0.0,0.0,0.0128,,,,,,,,,crf_only,uv,N,,
masque,NOUN,A2,beacco,0.247,25.235,14.0716,0.247,46.8056,0.0,62.6676,0.0,25.235,18.6597,0.0,31.6939,0.0,41.1274,0.0,17.3282,A2,word_pos,masque,N,masque,NOM
en compte,ADV,A2,crf_first_attested,0.247,2.1894,0.0,0.247,1.0202,4.2374,0.0,0.0,2.1894,,,,,,,,,crf_only,en compte,ADV,,
au côtés de,PREP,A2,crf_first_attested,0.247,0.0125,0.0,0.247,0.0,0.0,0.0,0.0,0.0125,,,,,,,,,crf_only,au côtés de,PREP,,
co - locataire,NOUN,A2,crf_first_attested,0.247,0.0125,0.0,0.247,0.0,0.0,0.0,0.0,0.0125,,,,,,,,,crf_only,co - locataire,N,,
plus qu’,ADV,A2,crf_first_attested,0.247,0.0125,0.0,0.247,0.0,0.0,0.0,0.0,0.0125,,,,,,,,,crf_only,plus qu’,ADV,,
spectaculaire,ADJ,A2,beacco,0.2439,15.635,6.1084,0.2439,23.2534,0.0,47.1826,39.0192,15.635,7.7628,0.4664,26.6141,0.0,41.2358,77.4712,17.9997,A2,word_pos,spectaculaire,A,spectaculaire,ADJ
afin que,CONJ,A2,crf_first_attested,0.2439,12.0385,0.0,0.2439,8.4769,19.0817,73.2347,0.0,12.0385,,,,,,,,,crf_only,afin que,CONJS,,
culinaire,ADJ,A2,beacco,0.2439,7.6802,7.1386,0.2439,6.4891,3.0277,24.2475,0.0,7.6802,11.1685,0.4664,2.5512,2.2839,40.1357,0.0,9.9067,A2,word_pos,culinaire,A,culinaire,ADJ
militant,NOUN,A2,crf_first_attested,0.2439,4.3882,0.0,0.2439,15.1156,0.0,2.0505,0.0,4.3882,,,,,,,,,crf_only,militant,N,,
faire preuve,VERB,A2,crf_first_attested,0.2439,3.13,0.0,0.2439,0.2916,1.5139,20.5049,0.0,3.13,,,,,,,,,crf_only,faire preuve,V,,
débutant,NOUN,A2,crf_first_attested,0.2439,1.4604,0.0,0.2439,0.2093,3.7909,0.0,0.0,1.4604,,,,,,,,,crf_only,débutant,N,,
important,NOUN,A2,crf_first_attested,0.2439,1.1864,0.0,0.2439,0.0,1.3414,6.2023,0.0,1.1864,,,,,,,,,crf_only,important,N,,
au minimum,ADV,A2,crf_first_attested,0.2439,1.1332,0.0,0.2439,0.3618,0.0,0.0,28.8683,1.1332,,,,,,,,,crf_only,au minimum,ADV,,
humanitaire,NOUN,A2,crf_first_attested,0.2439,0.9954,0.0,0.2439,1.809,0.0,0.0,0.0,0.9954,,,,,,,,,crf_only,humanitaire,N,,
déchiré,ADJ,A2,crf_first_attested,0.2439,0.7373,0.0,0.2439,0.0,3.5796,0.0,0.0,0.7373,,,,,,,,,crf_only,déchiré,A,,
donner naissance,VERB,A2,crf_first_attested,0.2439,0.5102,0.0,0.2439,0.0,0.0,0.0,4.1173,0.5102,,,,,,,,,crf_only,donner naissance,V,,
surgelé,ADJ,A2,crf_first_attested,0.2439,0.3172,0.0,0.2439,0.2076,0.0,0.0,0.0,0.3172,,,,,,,,,crf_only,surgelé,A,,
au boulot,ADV,A2,crf_first_attested,0.2439,0.0123,0.0,0.2439,0.0,0.0,0.0,0.0,0.0123,,,,,,,,,crf_only,au boulot,ADV,,
debout,PREP,A2,crf_first_attested,0.2439,0.0123,0.0,0.2439,0.0,0.0,0.0,0.0,0.0123,,,,,,,,,crf_only,debout,PREP,,
eté,VERB,A2,crf_first_attested,0.2439,0.0123,0.0,0.2439,0.0,0.0,0.0,0.0,0.0123,,,,,,,,,crf_only,eté,V,,
hors du commun,ADV,A2,crf_first_attested,0.2439,0.0123,0.0,0.2439,0.0,0.0,0.0,0.0,0.0123,,,,,,,,,crf_only,hors du commun,ADV,,
incendié,ADJ,A2,crf_first_attested,0.2439,0.0123,0.0,0.2439,0.0,0.0,0.0,0.0,0.0123,,,,,,,,,crf_only,incendié,A,,
mini - voyage,NOUN,A2,crf_first_attested,0.2439,0.0123,0.0,0.2439,0.0,0.0,0.0,0.0,0.0123,,,,,,,,,crf_only,mini - voyage,N,,
sinsemilia,NOUN,A2,crf_first_attested,0.2439,0.0123,0.0,0.2439,0.0,0.0,0.0,0.0,0.0123,,,,,,,,,crf_only,sinsemilia,N,,
tu lui as,ADV,A2,crf_first_attested,0.2439,0.0123,0.0,0.2439,0.0,0.0,0.0,0.0,0.0123,,,,,,,,,crf_only,tu lui as,ADV,,
au temps de,PREP,A2,crf_first_attested,0.2206,0.0111,0.0,0.2206,0.0,0.0,0.0,0.0,0.0111,,,,,,,,,crf_only,au temps de,PREP,,
oui c' est vrai,ADV,A2,crf_first_attested,0.2206,0.0111,0.0,0.2206,0.0,0.0,0.0,0.0,0.0111,,,,,,,,,crf_only,oui c' est vrai,ADV,,
régale,NOUN,A2,crf_first_attested,0.2206,0.0111,0.0,0.2206,0.0,0.0,0.0,0.0,0.0111,,,,,,,,,crf_only,régale,N,,
à peu près tout,ADV,A2,crf_first_attested,0.2206,0.0111,0.0,0.2206,0.0,0.0,0.0,0.0,0.0111,,,,,,,,,crf_only,à peu près tout,ADV,,
au - delà de,PREP,A2,crf_first_attested,0.2152,18.3814,0.0,0.2152,31.5178,0.5285,30.8494,114.1335,18.3814,,,,,,,,,crf_only,au - delà de,PREP,,
troi,NOUN,A2,crf_first_attested,0.2152,0.0109,0.0,0.2152,0.0,0.0,0.0,0.0,0.0109,,,,,,,,,crf_only,troi,N,,
union,NOUN,A2,beacco,0.2117,13.829,1.4987,0.2117,12.61,0.0,24.7923,173.2095,13.829,12.6233,8.8681,61.4854,26.8458,150.7601,567.7172,72.1937,A2,word_pos,union,N,union,NOM
corriger,VERB,A2,beacco,0.2117,9.9015,21.2139,0.2117,10.7826,4.5416,4.8126,0.0,9.9015,17.3717,0.4157,12.3141,4.5679,3.4423,0.0,10.8862,A2,word_pos,corriger,V,corriger,VER
dans le domaine de,PREP,A2,crf_first_attested,0.2117,6.7018,0.0,0.2117,4.8307,10.597,8.2019,2.0587,6.7018,,,,,,,,,crf_only,dans le domaine de,PREP,,
terrifiant,ADJ,A2,beacco,0.2117,6.3464,32.6218,0.2117,0.5833,7.329,0.0,0.0,6.3464,9.0624,0.4157,0.5531,8.2287,0.0,0.0,4.5126,A2,word_pos,terrifiant,A,terrifiant,ADJ
frédéric,NOUN,A2,crf_first_attested,0.2117,5.7157,0.0,0.2117,8.6407,4.1293,4.101,0.0,5.7157,,,,,,,,,crf_only,frédéric,N,,
en voie de,PREP,A2,crf_first_attested,0.2117,5.415,0.0,0.2117,0.0906,3.0277,1.6042,86.4903,5.415,,,,,,,,,crf_only,en voie de,PREP,,
en échange de,PREP,A2,crf_first_attested,0.2117,2.6958,0.0,0.2117,2.8128,0.7062,3.2084,0.0,2.6958,,,,,,,,,crf_only,en échange de,PREP,,
total,NOUN,A2,beacco,0.2117,2.0394,2.4979,0.2117,0.2041,1.5139,0.0,9.6228,2.0394,7.81,0.0,15.4372,18.1186,6.0005,19.328,11.8708,A2,word_pos,total,N,total,NOM
répondeur,NOUN,A2,beacco,0.2117,1.7801,5.9019,0.2117,0.7236,0.0,0.0,0.0,1.7801,7.7569,0.4157,0.6378,0.0,0.0,0.0,2.3984,A2,word_pos,répondeur,N,répondeur,NOM
néoclassique,ADJ,A2,crf_first_attested,0.2117,1.5453,0.0,0.2117,0.0,0.5285,8.2019,0.0,1.5453,,,,,,,,,crf_only,néoclassique,A,,
proportions,NOUN,A2,crf_first_attested,0.2117,1.5194,0.0,0.2117,2.8989,0.0,0.0,9.6228,1.5194,,,,,,,,,crf_only,proportions,N,,
à la lueur de,PREP,A2,crf_first_attested,0.2117,1.4699,0.0,0.2117,0.4081,4.7828,0.0,0.0,1.4699,,,,,,,,,crf_only,à la lueur de,PREP,,
micro - ordinateur,NOUN,A2,crf_first_attested,0.2117,1.4046,0.0,0.2117,0.3618,0.0,6.4168,0.0,1.4046,,,,,,,,,crf_only,micro - ordinateur,N,,
allumé,ADJ,A2,crf_first_attested,0.2117,0.953,0.0,0.2117,1.4582,0.0,0.0,0.0,0.953,,,,,,,,,crf_only,allumé,A,,
rouletabille,NOUN,A2,crf_first_attested,0.2117,0.5008,0.0,0.2117,0.7236,0.0,0.0,0.0,0.5008,,,,,,,,,crf_only,rouletabille,N,,
en tête de,PREP,A2,crf_first_attested,0.2117,0.5002,0.0,0.2117,0.4732,0.0,0.0,0.0,0.5002,,,,,,,,,crf_only,en tête de,PREP,,
masses,NOUN,A2,crf_first_attested,0.2117,0.4898,0.0,0.2117,0.0,0.0,6.2023,0.0,0.4898,,,,,,,,,crf_only,masses,N,,
surgelé,NOUN,A2,crf_first_attested,0.2117,0.3145,0.0,0.2117,0.0,0.7062,0.0,0.0,0.3145,,,,,,,,,crf_only,surgelé,N,,
monstres,NOUN,A2,crf_first_attested,0.2117,0.3086,0.0,0.2117,0.2076,0.0,0.0,0.0,0.3086,,,,,,,,,crf_only,monstres,N,,
spectaculairement,ADV,A2,crf_first_attested,0.2117,0.2519,0.0,0.2117,0.0,0.0,3.1012,0.0,0.2519,,,,,,,,,crf_only,spectaculairement,ADV,,
adecco,NOUN,A2,crf_first_attested,0.2117,0.0107,0.0,0.2117,0.0,0.0,0.0,0.0,0.0107,,,,,,,,,crf_only,adecco,N,,
aise,ADJ,A2,crf_first_attested,0.2117,0.0107,0.0,0.2117,0.0,0.0,0.0,0.0,0.0107,,,,,,,,,crf_only,aise,A,,
apple,NOUN,A2,crf_first_attested,0.2117,0.0107,0.0,0.2117,0.0,0.0,0.0,0.0,0.0107,,,,,,,,,crf_only,apple,N,,
bep,NOUN,A2,crf_first_attested,0.2117,0.0107,0.0,0.2117,0.0,0.0,0.0,0.0,0.0107,,,,,,,,,crf_only,bep,N,,
charcutier,ADJ,A2,crf_first_attested,0.2117,0.0107,0.0,0.2117,0.0,0.0,0.0,0.0,0.0107,,,,,,,,,crf_only,charcutier,A,,
consommatus,ADJ,A2,crf_first_attested,0.2117,0.0107,0.0,0.2117,0.0,0.0,0.0,0.0,0.0107,,,,,,,,,crf_only,consommatus,A,,
cow - boy,NOUN,A2,crf_first_attested,0.2117,0.0107,0.0,0.2117,0.0,0.0,0.0,0.0,0.0107,,,,,,,,,crf_only,cow - boy,N,,
dut,NOUN,A2,crf_first_attested,0.2117,0.0107,0.0,0.2117,0.0,0.0,0.0,0.0,0.0107,,,,,,,,,crf_only,dut,N,,
ecotaxe,NOUN,A2,crf_first_attested,0.2117,0.0107,0.0,0.2117,0.0,0.0,0.0,0.0,0.0107,,,,,,,,,crf_only,ecotaxe,N,,
en vente,ADV,A2,crf_first_attested,0.2117,0.0107,0.0,0.2117,0.0,0.0,0.0,0.0,0.0107,,,,,,,,,crf_only,en vente,ADV,,
forfaire,VERB,A2,crf_first_attested,0.2117,0.0107,0.0,0.2117,0.0,0.0,0.0,0.0,0.0107,,,,,,,,,crf_only,forfaire,V,,
illimité,ADJ,A2,crf_first_attested,0.2117,0.0107,0.0,0.2117,0.0,0.0,0.0,0.0,0.0107,,,,,,,,,crf_only,illimité,A,,
iphones,NOUN,A2,crf_first_attested,0.2117,0.0107,0.0,0.2117,0.0,0.0,0.0,0.0,0.0107,,,,,,,,,crf_only,iphones,N,,
iphones,ADJ,A2,crf_first_attested,0.2117,0.0107,0.0,0.2117,0.0,0.0,0.0,0.0,0.0107,,,,,,,,,crf_only,iphones,A,,
ipod,NOUN,A2,crf_first_attested,0.2117,0.0107,0.0,0.2117,0.0,0.0,0.0,0.0,0.0107,,,,,,,,,crf_only,ipod,N,,
ipods,NOUN,A2,crf_first_attested,0.2117,0.0107,0.0,0.2117,0.0,0.0,0.0,0.0,0.0107,,,,,,,,,crf_only,ipods,N,,
itunes,ADJ,A2,crf_first_attested,0.2117,0.0107,0.0,0.2117,0.0,0.0,0.0,0.0,0.0107,,,,,,,,,crf_only,itunes,A,,
logos,NOUN,A2,crf_first_attested,0.2117,0.0107,0.0,0.2117,0.0,0.0,0.0,0.0,0.0107,,,,,,,,,crf_only,logos,N,,
miniobjectif,NOUN,A2,crf_first_attested,0.2117,0.0107,0.0,0.2117,0.0,0.0,0.0,0.0,0.0107,,,,,,,,,crf_only,miniobjectif,N,,
multifonctions,ADJ,A2,crf_first_attested,0.2117,0.0107,0.0,0.2117,0.0,0.0,0.0,0.0,0.0107,,,,,,,,,crf_only,multifonctions,A,,
mêment,ADV,A2,crf_first_attested,0.2117,0.0107,0.0,0.2117,0.0,0.0,0.0,0.0,0.0107,,,,,,,,,crf_only,mêment,ADV,,
naifs,ADJ,A2,crf_first_attested,0.2117,0.0107,0.0,0.2117,0.0,0.0,0.0,0.0,0.0107,,,,,,,,,crf_only,naifs,A,,
néogothique,ADJ,A2,crf_first_attested,0.2117,0.0107,0.0,0.2117,0.0,0.0,0.0,0.0,0.0107,,,,,,,,,crf_only,néogothique,A,,
pavillionnaires,ADJ,A2,crf_first_attested,0.2117,0.0107,0.0,0.2117,0.0,0.0,0.0,0.0,0.0107,,,,,,,,,crf_only,pavillionnaires,A,,
pro,ADJ,A2,crf_first_attested,0.2117,0.0107,0.0,0.2117,0.0,0.0,0.0,0.0,0.0107,,,,,,,,,crf_only,pro,A,,
soutien - gorge,NOUN,A2,crf_first_attested,0.2117,0.0107,0.0,0.2117,0.0,0.0,0.0,0.0,0.0107,,,,,,,,,crf_only,soutien - gorge,N,,
wifi,NOUN,A2,crf_first_attested,0.2117,0.0107,0.0,0.2117,0.0,0.0,0.0,0.0,0.0107,,,,,,,,,crf_only,wifi,N,,
écoorganisme,NOUN,A2,crf_first_attested,0.2117,0.0107,0.0,0.2117,0.0,0.0,0.0,0.0,0.0107,,,,,,,,,crf_only,écoorganisme,N,,
écoorganismes,NOUN,A2,crf_first_attested,0.2117,0.0107,0.0,0.2117,0.0,0.0,0.0,0.0,0.0107,,,,,,,,,crf_only,écoorganismes,N,,
écotaxe,NOUN,A2,crf_first_attested,0.2117,0.0107,0.0,0.2117,0.0,0.0,0.0,0.0,0.0107,,,,,,,,,crf_only,écotaxe,N,,
administratif,ADJ,A2,beacco,0.2114,22.4136,9.3858,0.2114,39.4876,13.6777,6.1515,79.7941,22.4136,11.1685,0.6008,34.0083,18.183,4.139,133.8419,24.5313,A2,word_pos,administratif,A,administratif,ADJ
en passant par,PREP,A2,crf_first_attested,0.2114,7.949,0.0,0.2114,16.2392,8.4175,15.7275,0.0,7.949,,,,,,,,,crf_only,en passant par,PREP,,
panorama,NOUN,A2,beacco,0.2114,6.8991,10.0036,0.2114,3.6456,1.5139,9.8488,19.4814,6.8991,7.9061,0.6008,10.8742,2.2839,20.024,12.833,10.6835,A2,word_pos,panorama,N,panorama,NOM
à l' occasion de,PREP,A2,crf_first_attested,0.2114,5.4096,0.0,0.2114,1.3905,18.0933,8.2019,0.0,5.4096,,,,,,,,,crf_only,à l' occasion de,PREP,,
charcuterie,NOUN,A2,beacco,0.2114,5.2942,17.3723,0.2114,0.4538,1.1509,1.6042,0.0,5.2942,17.1332,0.6008,0.2504,0.911,3.4423,0.0,5.3834,A2,word_pos,charcuterie,N,charcuterie,NOM
déguster,VERB,A2,beacco,0.2114,3.43,11.0168,0.2114,3.2524,0.0,0.0,0.0,3.43,16.7322,0.6008,3.4815,0.0,0.0,0.0,4.1246,A2,word_pos,déguster,V,déguster,VER
bon marché,ADJ,A2,crf_first_attested,0.2114,3.1778,0.0,0.2114,2.9075,10.597,0.0,0.0,3.1778,,,,,,,,,crf_only,bon marché,A,,
pharmacie,NOUN,A2,beacco,0.2114,2.754,4.7668,0.2114,0.0,12.5501,2.0505,0.0,2.754,12.4029,0.0,0.0,9.5296,4.139,0.0,2.7681,A2,word_pos,pharmacie,N,pharmacie,NOM
sirop,NOUN,A2,beacco,0.2114,1.8007,8.8447,0.2114,0.0906,0.0,0.0,0.0,1.8007,14.112,0.6008,0.185,0.0,0.0,0.0,2.129,A2,word_pos,sirop,N,sirop,NOM
au pied de,PREP,A2,crf_first_attested,0.2114,1.1935,0.0,0.2114,1.8679,0.6707,0.0,0.0,1.1935,,,,,,,,,crf_only,au pied de,PREP,,
bambara,ADJ,A2,crf_first_attested,0.2114,1.0132,0.0,0.2114,0.0,0.0,0.0,57.7365,1.0132,,,,,,,,,crf_only,bambara,A,,
colorer,VERB,A2,beacco,0.2114,0.854,5.2789,0.2114,0.0,0.0,0.0,0.0,0.854,11.2292,14.7311,7.7266,1.3018,6.0005,0.0,10.3189,A2,word_pos,colorer,V,colorer,VER
venise,NOUN,A2,crf_first_attested,0.2114,0.5641,0.0,0.2114,0.4538,0.0,0.0,0.0,0.5641,,,,,,,,,crf_only,venise,N,,
plus du tout,ADV,A2,crf_first_attested,0.2114,0.5007,0.0,0.2114,0.0,0.0,3.2084,0.0,0.5007,,,,,,,,,crf_only,plus du tout,ADV,,
ouais,ADV,A2,crf_first_attested,0.2114,0.3729,0.0,0.2114,0.1395,0.0,0.0,0.0,0.3729,,,,,,,,,crf_only,ouais,ADV,,
strict,NOUN,A2,crf_first_attested,0.2114,0.2766,0.0,0.2114,0.0,1.5139,0.0,0.0,0.2766,,,,,,,,,crf_only,strict,N,,
ancient,ADJ,A2,crf_first_attested,0.2114,0.0107,0.0,0.2114,0.0,0.0,0.0,0.0,0.0107,,,,,,,,,crf_only,ancient,A,,
bozos,ADJ,A2,crf_first_attested,0.2114,0.0107,0.0,0.2114,0.0,0.0,0.0,0.0,0.0107,,,,,,,,,crf_only,bozos,A,,
building,X,A2,crf_first_attested,0.2114,0.0107,0.0,0.2114,0.0,0.0,0.0,0.0,0.0107,,,,,,,,,crf_only,building,X,,
cinémax,NOUN,A2,crf_first_attested,0.2114,0.0107,0.0,0.2114,0.0,0.0,0.0,0.0,0.0107,,,,,,,,,crf_only,cinémax,N,,
court -,ADJ,A2,crf_first_attested,0.2114,0.0107,0.0,0.2114,0.0,0.0,0.0,0.0,0.0107,,,,,,,,,crf_only,court -,A,,
d' habitude,ADV,A2,crf_first_attested,0.2114,0.0107,0.0,0.2114,0.0,0.0,0.0,0.0,0.0107,,,,,,,,,crf_only,d' habitude,ADV,,
dogon,NOUN,A2,crf_first_attested,0.2114,0.0107,0.0,0.2114,0.0,0.0,0.0,0.0,0.0107,,,,,,,,,crf_only,dogon,N,,
fleuve,ADJ,A2,crf_first_attested,0.2114,0.0107,0.0,0.2114,0.0,0.0,0.0,0.0,0.0107,,,,,,,,,crf_only,fleuve,A,,
gaumais,ADJ,A2,crf_first_attested,0.2114,0.0107,0.0,0.2114,0.0,0.0,0.0,0.0,0.0107,,,,,,,,,crf_only,gaumais,A,,
lapidaire gallo - romain,ADJ,A2,crf_first_attested,0.2114,0.0107,0.0,0.2114,0.0,0.0,0.0,0.0,0.0107,,,,,,,,,crf_only,lapidaire gallo - romain,A,,
must,NOUN,A2,crf_first_attested,0.2114,0.0107,0.0,0.2114,0.0,0.0,0.0,0.0,0.0107,,,,,,,,,crf_only,must,N,,
ouh,NOUN,A2,crf_first_attested,0.2114,0.0107,0.0,0.2114,0.0,0.0,0.0,0.0,0.0107,,,,,,,,,crf_only,ouh,N,,
par beau temps,ADV,A2,crf_first_attested,0.2114,0.0107,0.0,0.2114,0.0,0.0,0.0,0.0,0.0107,,,,,,,,,crf_only,par beau temps,ADV,,
pharmaceutique,NOUN,A2,crf_first_attested,0.2114,0.0107,0.0,0.2114,0.0,0.0,0.0,0.0,0.0107,,,,,,,,,crf_only,pharmaceutique,N,,
provence,NOUN,A2,crf_first_attested,0.2114,0.0107,0.0,0.2114,0.0,0.0,0.0,0.0,0.0107,,,,,,,,,crf_only,provence,N,,
saucer,VERB,A2,crf_first_attested,0.2114,0.0107,0.0,0.2114,0.0,0.0,0.0,0.0,0.0107,,,,,,,,,crf_only,saucer,V,,
songhaï,ADJ,A2,crf_first_attested,0.2114,0.0107,0.0,0.2114,0.0,0.0,0.0,0.0,0.0107,,,,,,,,,crf_only,songhaï,A,,
steak - frite,NOUN,A2,crf_first_attested,0.2114,0.0107,0.0,0.2114,0.0,0.0,0.0,0.0,0.0107,,,,,,,,,crf_only,steak - frite,N,,
touarègues,ADJ,A2,crf_first_attested,0.2114,0.0107,0.0,0.2114,0.0,0.0,0.0,0.0,0.0107,,,,,,,,,crf_only,touarègues,A,,
tu dormiras mieux,ADV,A2,crf_first_attested,0.2114,0.0107,0.0,0.2114,0.0,0.0,0.0,0.0,0.0107,,,,,,,,,crf_only,tu dormiras mieux,ADV,,
tu seras sortie,ADV,A2,crf_first_attested,0.2114,0.0107,0.0,0.2114,0.0,0.0,0.0,0.0,0.0107,,,,,,,,,crf_only,tu seras sortie,ADV,,
ouest,NOUN,A2,beacco,0.2035,13.1674,15.5992,0.2035,6.9641,8.4152,27.9104,0.0,13.1674,20.2382,4.4293,9.4674,2.2839,79.4873,0.0,19.3749,A2,word_pos,ouest,N,ouest,NOM
amants,NOUN,A2,crf_first_attested,0.2035,9.8308,0.0,0.2035,33.4604,0.7062,6.2023,0.0,9.8308,,,,,,,,,crf_only,amants,N,,
entre autres,ADV,A2,crf_first_attested,0.2035,6.4764,0.0,0.2035,3.07,0.0,26.7495,102.7228,6.4764,,,,,,,,,crf_only,entre autres,ADV,,
adieu,VERB,A2,crf_first_attested,0.2035,3.4645,0.0,0.2035,9.1356,0.0,6.2023,0.0,3.4645,,,,,,,,,crf_only,adieu,V,,
av,ADJ,A2,crf_first_attested,0.2035,0.2788,0.0,0.2035,0.3401,0.0,0.0,0.0,0.2788,,,,,,,,,crf_only,av,A,,
arthuriennes,ADJ,A2,crf_first_attested,0.2035,0.0103,0.0,0.2035,0.0,0.0,0.0,0.0,0.0103,,,,,,,,,crf_only,arthuriennes,A,,
cadeau porte - bonheur,NOUN,A2,crf_first_attested,0.2035,0.0103,0.0,0.2035,0.0,0.0,0.0,0.0,0.0103,,,,,,,,,crf_only,cadeau porte - bonheur,N,,
cornique,NOUN,A2,crf_first_attested,0.2035,0.0103,0.0,0.2035,0.0,0.0,0.0,0.0,0.0103,,,,,,,,,crf_only,cornique,N,,
courageusement et dit,ADV,A2,crf_first_attested,0.2035,0.0103,0.0,0.2035,0.0,0.0,0.0,0.0,0.0103,,,,,,,,,crf_only,courageusement et dit,ADV,,
end,X,A2,crf_first_attested,0.2035,0.0103,0.0,0.2035,0.0,0.0,0.0,0.0,0.0103,,,,,,,,,crf_only,end,X,,
jusque au coucher du,PREP,A2,crf_first_attested,0.2035,0.0103,0.0,0.2035,0.0,0.0,0.0,0.0,0.0103,,,,,,,,,crf_only,jusque au coucher du,PREP,,
préromaine,ADJ,A2,crf_first_attested,0.2035,0.0103,0.0,0.2035,0.0,0.0,0.0,0.0,0.0103,,,,,,,,,crf_only,préromaine,A,,
sir,NOUN,A2,crf_first_attested,0.2035,0.0103,0.0,0.2035,0.0,0.0,0.0,0.0,0.0103,,,,,,,,,crf_only,sir,N,,
tu en auras,ADV,A2,crf_first_attested,0.2035,0.0103,0.0,0.2035,0.0,0.0,0.0,0.0,0.0103,,,,,,,,,crf_only,tu en auras,ADV,,
outre-mer,ADV,A2,beacco,0.1937,1.4947,,,,,,,,7.9875,0.1937,0.0,0.0,0.0,0.0,1.4947,A2,beacco_only,,,outre-mer,ADV
chéri,ADJ,A2,crf_first_attested,0.1897,2.3833,0.0,0.1897,5.9385,0.0,1.6042,0.0,2.3833,,,,,,,,,crf_only,chéri,A,,
nulle part ailleurs,ADV,A2,crf_first_attested,0.1897,1.0727,0.0,0.1897,2.7419,0.0,0.0,0.0,1.0727,,,,,,,,,crf_only,nulle part ailleurs,ADV,,
bisou,NOUN,A2,beacco,0.1897,0.0096,0.0,0.1897,0.0,0.0,0.0,0.0,0.0096,18.2848,7.8183,0.4665,0.0,0.0,0.0,5.8924,A2,word_pos,bisou,N,bisou,NOM
tu vas mieux,ADV,A2,crf_first_attested,0.1897,0.0096,0.0,0.1897,0.0,0.0,0.0,0.0,0.0096,,,,,,,,,crf_only,tu vas mieux,ADV,,
réception,NOUN,A2,beacco,0.1887,10.5194,13.5013,0.1887,1.7608,21.2268,19.4525,0.0,10.5194,16.8573,0.3874,0.185,23.2732,26.3397,0.0,11.1778,A2,word_pos,réception,N,réception,NOM
zapper,VERB,A2,crf_first_attested,0.1887,2.222,0.0,0.1887,0.2405,0.0,4.8126,28.8683,2.222,,,,,,,,,crf_only,zapper,V,,
tu as tort,ADV,A2,crf_first_attested,0.1887,0.3969,0.0,0.1887,0.0,0.0,3.2084,0.0,0.3969,,,,,,,,,crf_only,tu as tort,ADV,,
bourgeoise,NOUN,A2,crf_first_attested,0.1887,0.2551,0.0,0.1887,0.2041,0.0,0.0,0.0,0.2551,,,,,,,,,crf_only,bourgeoise,N,,
bodegas,NOUN,A2,crf_first_attested,0.1887,0.0095,0.0,0.1887,0.0,0.0,0.0,0.0,0.0095,,,,,,,,,crf_only,bodegas,N,,
brouillon,NOUN,A2,crf_first_attested,0.1887,0.0095,0.0,0.1887,0.0,0.0,0.0,0.0,0.0095,,,,,,,,,crf_only,brouillon,N,,
féria,NOUN,A2,crf_first_attested,0.1887,0.0095,0.0,0.1887,0.0,0.0,0.0,0.0,0.0095,,,,,,,,,crf_only,féria,N,,
iie,ADJ,A2,crf_first_attested,0.1887,0.0095,0.0,0.1887,0.0,0.0,0.0,0.0,0.0095,,,,,,,,,crf_only,iie,A,,
tu partageras,ADV,A2,crf_first_attested,0.1887,0.0095,0.0,0.1887,0.0,0.0,0.0,0.0,0.0095,,,,,,,,,crf_only,tu partageras,ADV,,
crossing,X,A2,crf_first_attested,0.1853,0.0094,0.0,0.1853,0.0,0.0,0.0,0.0,0.0094,,,,,,,,,crf_only,crossing,X,,
raide,ADJ,A2,beacco,0.1425,2.8808,11.2392,0.1425,0.0,2.1187,0.0,0.0,2.8808,16.2196,0.2891,0.0,1.2705,0.0,0.0,3.2901,A2,word_pos,raide,A,raide,ADJ
disparu,ADJ,A2,crf_first_attested,0.1425,1.4859,0.0,0.1425,0.0,3.0277,6.1515,0.0,1.4859,,,,,,,,,crf_only,disparu,A,,
dedans dit,ADV,A2,crf_first_attested,0.1425,0.0072,0.0,0.1425,0.0,0.0,0.0,0.0,0.0072,,,,,,,,,crf_only,dedans dit,ADV,,
tu verras que,CONJ,A2,crf_first_attested,0.1425,0.0072,0.0,0.1425,0.0,0.0,0.0,0.0,0.0072,,,,,,,,,crf_only,tu verras que,CONJS,,
équipement,NOUN,A2,beacco,0.1306,5.353,0.0,0.1306,14.1994,0.0,15.1776,0.0,5.353,11.6544,0.1865,19.663,2.2839,26.3397,12.833,12.1805,A2,word_pos,équipement,N,équipement,NOM
très peu,ADV,A2,crf_first_attested,0.1306,0.8177,0.0,0.1306,0.0,3.5796,0.0,0.0,0.8177,,,,,,,,,crf_only,très peu,ADV,,
après de,PREP,A2,crf_first_attested,0.1306,0.6537,0.0,0.1306,1.5692,0.0,0.0,0.0,0.6537,,,,,,,,,crf_only,après de,PREP,,
dans le présent,ADV,A2,crf_first_attested,0.1306,0.0066,0.0,0.1306,0.0,0.0,0.0,0.0,0.0066,,,,,,,,,crf_only,dans le présent,ADV,,
de la main,ADV,A2,crf_first_attested,0.1306,0.0066,0.0,0.1306,0.0,0.0,0.0,0.0,0.0066,,,,,,,,,crf_only,de la main,ADV,,
vi,PREP,A2,crf_first_attested,0.1235,8.2444,0.0,0.1235,2.5326,11.2845,57.7841,0.0,8.2444,,,,,,,,,crf_only,vi,PREP,,
traversée,NOUN,A2,beacco,0.1235,5.8824,19.9534,0.1235,1.8062,0.5755,8.2019,0.0,5.8824,7.7151,0.1276,7.557,0.911,0.0,0.0,4.5932,A2,word_pos,traversée,N,traversée,NOM
champion,ADJ,A2,crf_first_attested,0.1235,0.4584,0.0,0.1235,0.0,0.0,9.3035,0.0,0.4584,,,,,,,,,crf_only,champion,A,,
choisi,ADJ,A2,crf_first_attested,0.1235,0.1699,0.0,0.1235,0.2916,0.0,0.0,0.0,0.1699,,,,,,,,,crf_only,choisi,A,,
system,X,A2,crf_first_attested,0.1235,0.1416,0.0,0.1235,0.0,0.0,3.1012,0.0,0.1416,,,,,,,,,crf_only,system,X,,
au large de,PREP,A2,crf_first_attested,0.1235,0.0062,0.0,0.1235,0.0,0.0,0.0,0.0,0.0062,,,,,,,,,crf_only,au large de,PREP,,
en veille,ADV,A2,crf_first_attested,0.1235,0.0062,0.0,0.1235,0.0,0.0,0.0,0.0,0.0062,,,,,,,,,crf_only,en veille,ADV,,
ferry,NOUN,A2,crf_first_attested,0.1235,0.0062,0.0,0.1235,0.0,0.0,0.0,0.0,0.0062,,,,,,,,,crf_only,ferry,N,,
hébergeurs,NOUN,A2,crf_first_attested,0.1235,0.0062,0.0,0.1235,0.0,0.0,0.0,0.0,0.0062,,,,,,,,,crf_only,hébergeurs,N,,
jusqu’ ici,ADV,A2,crf_first_attested,0.1235,0.0062,0.0,0.1235,0.0,0.0,0.0,0.0,0.0062,,,,,,,,,crf_only,jusqu’ ici,ADV,,
quelqu’ un,PRON,A2,crf_first_attested,0.1235,0.0062,0.0,0.1235,0.0,0.0,0.0,0.0,0.0062,,,,,,,,,crf_only,quelqu’ un,PRO,,
rens,NOUN,A2,crf_first_attested,0.1235,0.0062,0.0,0.1235,0.0,0.0,0.0,0.0,0.0062,,,,,,,,,crf_only,rens,N,,
saviez,X,A2,crf_first_attested,0.1235,0.0062,0.0,0.1235,0.0,0.0,0.0,0.0,0.0062,,,,,,,,,crf_only,saviez,X,,
sound,X,A2,crf_first_attested,0.1235,0.0062,0.0,0.1235,0.0,0.0,0.0,0.0,0.0062,,,,,,,,,crf_only,sound,X,,
chèvre,NOUN,A2,beacco,0.1103,5.7878,24.0856,0.1103,10.3913,1.5139,0.0,0.0,5.7878,13.9066,0.2129,9.3772,2.2839,0.0,0.0,5.3709,A2,word_pos,chèvre,N,chèvre,NOM
cueiller,VERB,A2,crf_first_attested,0.1103,3.3628,0.0,0.1103,5.7224,0.0,12.4046,0.0,3.3628,,,,,,,,,crf_only,cueiller,V,,
dinde,NOUN,A2,beacco,0.1103,3.0359,7.4114,0.1103,0.0,0.0,15.5058,0.0,3.0359,14.2489,0.2129,0.0,0.0,18.0014,0.0,4.8379,A2,word_pos,dinde,N,dinde,NOM
au sujet de,PREP,A2,crf_first_attested,0.1103,2.1299,0.0,0.1103,2.5883,2.1187,0.0,0.0,2.1299,,,,,,,,,crf_only,au sujet de,PREP,,
quasi,NOUN,A2,crf_first_attested,0.1103,1.0763,0.0,0.1103,0.8749,0.0,2.0505,0.0,1.0763,,,,,,,,,crf_only,quasi,N,,
de type,PREP,A2,crf_first_attested,0.1103,0.6534,0.0,0.1103,0.0,0.0,0.0,28.8683,0.6534,,,,,,,,,crf_only,de type,PREP,,
menu,VERB,A2,crf_first_attested,0.1103,0.2661,0.0,0.1103,0.0,0.7062,0.0,0.0,0.2661,,,,,,,,,crf_only,menu,V,,
hors,ADV,A2,crf_first_attested,0.1103,0.2381,0.0,0.1103,0.0,0.0,0.0,9.6228,0.2381,,,,,,,,,crf_only,hors,ADV,,
fleuri,ADJ,A2,crf_first_attested,0.1103,0.2175,0.0,0.1103,0.3401,0.0,0.0,0.0,0.2175,,,,,,,,,crf_only,fleuri,A,,
designer,VERB,A2,crf_first_attested,0.1103,0.0056,0.0,0.1103,0.0,0.0,0.0,0.0,0.0056,,,,,,,,,crf_only,designer,V,,
peuplé,ADJ,A2,crf_first_attested,0.1103,0.0056,0.0,0.1103,0.0,0.0,0.0,0.0,0.0056,,,,,,,,,crf_only,peuplé,A,,
vampire,ADJ,A2,crf_first_attested,0.1103,0.0056,0.0,0.1103,0.0,0.0,0.0,0.0,0.0056,,,,,,,,,crf_only,vampire,A,,
voûté,ADJ,A2,crf_first_attested,0.1103,0.0056,0.0,0.1103,0.0,0.0,0.0,0.0,0.0056,,,,,,,,,crf_only,voûté,A,,
né,ADJ,A2,crf_first_attested,0.1076,0.5338,0.0,0.1076,0.0,0.0,3.1012,9.6228,0.5338,,,,,,,,,crf_only,né,A,,
au - dehors,ADV,A2,crf_first_attested,0.1076,0.2434,0.0,0.1076,0.2295,0.0,0.0,0.0,0.2434,,,,,,,,,crf_only,au - dehors,ADV,,
convoquez,PREP,A2,crf_first_attested,0.1076,0.0054,0.0,0.1076,0.0,0.0,0.0,0.0,0.0054,,,,,,,,,crf_only,convoquez,PREP,,
quinquas,NOUN,A2,crf_first_attested,0.1076,0.0054,0.0,0.1076,0.0,0.0,0.0,0.0,0.0054,,,,,,,,,crf_only,quinquas,N,,
viviane,NOUN,A2,crf_first_attested,0.1076,0.0054,0.0,0.1076,0.0,0.0,0.0,0.0,0.0054,,,,,,,,,crf_only,viviane,N,,
de fait,ADV,A2,crf_first_attested,0.0948,7.5143,0.0,0.0948,5.0114,0.0,51.3343,6.176,7.5143,,,,,,,,,crf_only,de fait,ADV,,
secrétariat,NOUN,A2,beacco,0.0948,2.8438,8.1758,0.0948,0.0,0.0,8.2019,0.0,2.8438,12.3519,3.9021,0.0,0.0,4.139,0.0,4.3536,A2,word_pos,secrétariat,N,secrétariat,NOM
d' un autre côté,ADV,A2,crf_first_attested,0.0948,1.0469,0.0,0.0948,0.1395,0.0,6.2023,0.0,1.0469,,,,,,,,,crf_only,d' un autre côté,ADV,,
en chemin,ADV,A2,crf_first_attested,0.0948,0.5513,0.0,0.0948,0.2041,0.0,2.0505,0.0,0.5513,,,,,,,,,crf_only,en chemin,ADV,,
encore,NOUN,A2,crf_first_attested,0.0948,0.2959,0.0,0.0948,0.0908,0.0,0.0,0.0,0.2959,,,,,,,,,crf_only,encore,N,,
non,NOUN,A2,crf_first_attested,0.0948,0.2399,0.0,0.0948,0.2041,0.0,0.0,0.0,0.2399,,,,,,,,,crf_only,non,N,,
animalier,ADJ,A2,crf_first_attested,0.0948,0.0048,0.0,0.0948,0.0,0.0,0.0,0.0,0.0048,,,,,,,,,crf_only,animalier,A,,
jusque au parc de,PREP,A2,crf_first_attested,0.0948,0.0048,0.0,0.0948,0.0,0.0,0.0,0.0,0.0048,,,,,,,,,crf_only,jusque au parc de,PREP,,
sac - à - dos,NOUN,A2,crf_first_attested,0.0948,0.0048,0.0,0.0948,0.0,0.0,0.0,0.0,0.0048,,,,,,,,,crf_only,sac - à - dos,N,,
tu prends du,PREP,A2,crf_first_attested,0.0948,0.0048,0.0,0.0948,0.0,0.0,0.0,0.0,0.0048,,,,,,,,,crf_only,tu prends du,PREP,,
faire face,VERB,A2,crf_first_attested,0.0944,7.5958,0.0,0.0944,8.5311,3.0277,15.7275,56.3681,7.5958,,,,,,,,,crf_only,faire face,V,,
joint,ADJ,A2,crf_first_attested,0.0944,1.3083,0.0,0.0944,0.2041,2.8249,0.0,0.0,1.3083,,,,,,,,,crf_only,joint,A,,
en dessous,ADV,A2,crf_first_attested,0.0944,0.9791,0.0,0.0944,1.0379,0.0,0.0,0.0,0.9791,,,,,,,,,crf_only,en dessous,ADV,,
abonné,ADJ,A2,crf_first_attested,0.0944,0.0048,0.0,0.0944,0.0,0.0,0.0,0.0,0.0048,,,,,,,,,crf_only,abonné,A,,
adoptez,PREP,A2,crf_first_attested,0.0944,0.0048,0.0,0.0944,0.0,0.0,0.0,0.0,0.0048,,,,,,,,,crf_only,adoptez,PREP,,
alphapage,NOUN,A2,crf_first_attested,0.0944,0.0048,0.0,0.0944,0.0,0.0,0.0,0.0,0.0048,,,,,,,,,crf_only,alphapage,N,,
bon alors,ADV,A2,crf_first_attested,0.0944,0.0048,0.0,0.0944,0.0,0.0,0.0,0.0,0.0048,,,,,,,,,crf_only,bon alors,ADV,,
décolleté,ADJ,A2,crf_first_attested,0.0944,0.0048,0.0,0.0944,0.0,0.0,0.0,0.0,0.0048,,,,,,,,,crf_only,décolleté,A,,
exprès,NOUN,A2,crf_first_attested,0.0944,0.0048,0.0,0.0944,0.0,0.0,0.0,0.0,0.0048,,,,,,,,,crf_only,exprès,N,,
numeric,X,A2,crf_first_attested,0.0944,0.0048,0.0,0.0944,0.0,0.0,0.0,0.0,0.0048,,,,,,,,,crf_only,numeric,X,,
show - business,NOUN,A2,crf_first_attested,0.0944,0.0048,0.0,0.0944,0.0,0.0,0.0,0.0,0.0048,,,,,,,,,crf_only,show - business,N,,
swatch,NOUN,A2,crf_first_attested,0.0944,0.0048,0.0,0.0944,0.0,0.0,0.0,0.0,0.0048,,,,,,,,,crf_only,swatch,N,,
trouves,NOUN,A2,crf_first_attested,0.0944,0.0048,0.0,0.0944,0.0,0.0,0.0,0.0,0.0048,,,,,,,,,crf_only,trouves,N,,
tu te rappelles de,PREP,A2,crf_first_attested,0.0944,0.0048,0.0,0.0944,0.0,0.0,0.0,0.0,0.0048,,,,,,,,,crf_only,tu te rappelles de,PREP,,
rédiger,VERB,A2,beacco,0.0909,8.4845,9.858,0.0909,18.6862,0.0,45.2518,19.2455,8.4845,10.7758,0.0,15.1612,0.0,65.9532,19.328,8.0846,A2,word_pos,rédiger,V,rédiger,VER
crèche,NOUN,A2,beacco,0.0618,8.0888,10.791,0.0618,5.4804,9.0831,0.0,0.0,8.0888,12.0362,0.1276,0.4665,13.7036,0.0,0.0,7.3962,A2,word_pos,crèche,N,crèche,NOM
faire appel,VERB,A2,crf_first_attested,0.0618,5.7888,0.0,0.0618,3.616,0.8949,37.9244,6.4938,5.7888,,,,,,,,,crf_only,faire appel,V,,
aînés,NOUN,A2,crf_first_attested,0.0618,3.5155,0.0,0.0618,1.5137,0.0,8.2019,28.8683,3.5155,,,,,,,,,crf_only,aînés,N,,
prêt - à - porter,NOUN,A2,crf_first_attested,0.0618,1.535,0.0,0.0618,2.3331,0.0,0.0,0.0,1.535,,,,,,,,,crf_only,prêt - à - porter,N,,
fondateur,ADJ,A2,crf_first_attested,0.0618,1.1841,0.0,0.0618,0.6802,0.7062,0.0,9.6228,1.1841,,,,,,,,,crf_only,fondateur,A,,
à la tête de,PREP,A2,crf_first_attested,0.0618,0.9417,0.0,0.0618,0.4732,3.0277,0.0,0.0,0.9417,,,,,,,,,crf_only,à la tête de,PREP,,
maternelle,NOUN,A2,crf_first_attested,0.0618,0.5468,0.0,0.0618,1.0854,0.0,0.0,0.0,0.5468,,,,,,,,,crf_only,maternelle,N,,
avoir recourir,VERB,A2,crf_first_attested,0.0618,0.3845,0.0,0.0618,0.4809,0.0,0.0,0.0,0.3845,,,,,,,,,crf_only,avoir recourir,V,,
aujourd ’ hui,ADV,A2,crf_first_attested,0.0618,0.0031,0.0,0.0618,0.0,0.0,0.0,0.0,0.0031,,,,,,,,,crf_only,aujourd ’ hui,ADV,,
aéré,ADJ,A2,crf_first_attested,0.0618,0.0031,0.0,0.0618,0.0,0.0,0.0,0.0,0.0031,,,,,,,,,crf_only,aéré,A,,
bridger,VERB,A2,crf_first_attested,0.0618,0.0031,0.0,0.0618,0.0,0.0,0.0,0.0,0.0031,,,,,,,,,crf_only,bridger,V,,
en fac de,PREP,A2,crf_first_attested,0.0618,0.0031,0.0,0.0618,0.0,0.0,0.0,0.0,0.0031,,,,,,,,,crf_only,en fac de,PREP,,
hiphop,NOUN,A2,crf_first_attested,0.0618,0.0031,0.0,0.0618,0.0,0.0,0.0,0.0,0.0031,,,,,,,,,crf_only,hiphop,N,,
il y a possibilité de,PREP,A2,crf_first_attested,0.0618,0.0031,0.0,0.0618,0.0,0.0,0.0,0.0,0.0031,,,,,,,,,crf_only,il y a possibilité de,PREP,,
par m3 d’ air,ADV,A2,crf_first_attested,0.0618,0.0031,0.0,0.0618,0.0,0.0,0.0,0.0,0.0031,,,,,,,,,crf_only,par m3 d’ air,ADV,,
plus d’ habits,ADV,A2,crf_first_attested,0.0618,0.0031,0.0,0.0618,0.0,0.0,0.0,0.0,0.0031,,,,,,,,,crf_only,plus d’ habits,ADV,,
à l’ inverse,ADV,A2,crf_first_attested,0.0618,0.0031,0.0,0.0618,0.0,0.0,0.0,0.0,0.0031,,,,,,,,,crf_only,à l’ inverse,ADV,,
à l’ origine,ADV,A2,crf_first_attested,0.0618,0.0031,0.0,0.0618,0.0,0.0,0.0,0.0,0.0031,,,,,,,,,crf_only,à l’ origine,ADV,,
laboratoire,NOUN,A2,beacco,0.0,33.0424,22.4543,0.0,0.0,63.3451,248.741,9.6228,33.0424,9.155,0.0,0.0,60.5543,196.3,19.328,25.8528,A2,word_pos,laboratoire,N,laboratoire,NOM
diversité,NOUN,A2,beacco,0.0,26.6207,4.0588,0.0,11.7469,21.2809,118.3537,67.3593,26.6207,7.9875,0.0,16.5745,11.6267,100.5137,19.328,23.2472,A2,word_pos,diversité,N,diversité,NOM
indice,NOUN,A2,beacco,0.0,25.9673,24.4311,0.0,5.716,42.7485,92.0907,19.2455,25.9673,22.3673,0.0,5.3295,35.3051,64.7832,19.328,19.9715,A2,word_pos,indice,N,indice,NOM
carnet,NOUN,A2,beacco,0.0,17.8001,9.7534,0.0,47.6354,0.4335,12.4046,0.0,17.8001,7.7059,0.0,13.6342,0.3387,6.0005,0.0,7.368,A2,word_pos,carnet,N,carnet,NOM
exotique,ADJ,A2,beacco,0.0,15.5774,21.3752,0.0,13.0815,13.8842,27.9104,4.1173,15.5774,17.2025,0.0,17.5195,9.0915,18.0014,4.0185,15.1556,A2,word_pos,exotique,A,exotique,ADJ
avantage,NOUN,A2,beacco,0.0,14.856,0.2541,0.0,22.859,4.8562,57.5361,32.4689,14.856,13.019,7.9961,48.6125,19.2521,125.6679,77.4712,40.622,A2,word_pos,avantage,N,avantage,NOM
épisode,NOUN,A2,beacco,0.0,14.2477,11.9353,0.0,13.4693,33.4532,9.8067,6.4938,14.2477,7.9276,0.0,9.6312,17.8082,19.861,12.833,12.0293,A2,word_pos,épisode,N,épisode,NOM
médecine,NOUN,A2,beacco,0.0,13.6143,8.7954,0.0,9.6141,1.3414,26.2593,77.9255,13.6143,11.6992,0.0,16.3834,3.5867,52.5392,51.3319,15.9394,A2,word_pos,médecine,N,médecine,NOM
motif,NOUN,A2,beacco,0.0,12.1258,5.6024,0.0,15.747,13.8842,47.0879,0.0,12.1258,10.7915,0.0,9.5636,19.035,65.168,0.0,12.4412,A2,word_pos,motif,N,motif,NOM
mixte,ADJ,A2,beacco,0.0,11.5017,6.0804,0.0,4.3745,9.0831,16.4039,9.6228,11.5017,7.9875,0.0,2.2125,6.8518,24.8342,19.328,12.2559,A2,word_pos,mixte,A,mixte,ADJ
pêche,NOUN,A2,beacco,0.0,10.8989,8.3978,0.0,15.6944,0.0,16.4039,6.4938,10.8989,7.9061,0.0,16.3078,0.0,16.5561,12.833,10.6619,A2,word_pos,pêche,N,pêche,NOM
francophonie,NOUN,A2,beacco,0.0,10.5945,23.3289,0.0,0.0818,0.0,0.0,269.4371,10.5945,15.8552,0.0,3.0081,0.0,0.0,251.2639,13.3902,A2,word_pos,francophonie,N,francophonie,NOM
spécialement,ADV,A2,beacco,0.0,10.3249,11.1289,0.0,8.9233,0.0,53.7297,0.0,10.3249,16.4498,0.0,9.1397,0.0,31.3781,0.0,8.9342,A2,word_pos,spécialement,ADV,spécialement,ADV
poupée,NOUN,A2,beacco,0.0,10.2659,52.2733,0.0,15.462,0.8259,0.0,0.0,10.2659,13.6563,0.0,12.0565,1.3018,0.0,0.0,5.3155,A2,word_pos,poupée,N,poupée,NOM
feuilleton,NOUN,A2,beacco,0.0,10.0203,8.1176,0.0,13.5018,1.1509,31.3338,0.0,10.0203,7.9875,0.0,7.6135,0.911,20.024,0.0,7.1254,A2,word_pos,feuilleton,N,feuilleton,NOM
canne,NOUN,A2,beacco,0.0,8.6635,6.463,0.0,0.7236,41.8111,6.2023,9.6228,8.6635,7.9276,0.0,3.6369,9.1127,12.0009,19.328,8.3416,A2,word_pos,canne,N,canne,NOM
dévorer,VERB,A2,beacco,0.0,7.704,9.1048,0.0,8.1637,2.8773,6.1515,0.0,7.704,10.3283,0.0,11.6396,1.822,4.139,0.0,7.38,A2,word_pos,dévorer,V,dévorer,VER
illustration,NOUN,A2,beacco,0.0,7.4784,8.0869,0.0,1.5942,1.5139,47.1826,6.4938,7.4784,8.1169,0.0,3.1011,2.2839,31.3781,12.833,7.6051,A2,word_pos,illustration,N,illustration,NOM
brésilien,ADJ,A2,beacco,0.0,7.4346,14.4124,0.0,7.5955,4.5416,4.101,0.0,7.4346,7.9875,0.0,0.185,4.5679,8.2781,0.0,5.0612,A2,word_pos,brésilien,A,brésilien,ADJ
console,NOUN,A2,beacco,0.0,7.1644,17.7053,0.0,0.0,6.4693,47.1826,0.0,7.1644,19.631,0.0,0.0,0.911,31.3781,0.0,4.9576,A2,word_pos,console,N,console,NOM
artifice,NOUN,A2,beacco,0.0,6.8094,6.9978,0.0,9.8457,0.7062,8.2019,0.0,6.8094,13.5327,0.0,12.3141,1.2705,4.139,0.0,8.1111,A2,word_pos,artifice,N,artifice,NOM
éclairage,NOUN,A2,beacco,0.0,6.4984,4.9985,0.0,1.8898,4.7432,33.8984,19.2455,6.4984,10.3,0.0,3.6369,8.1049,31.3528,38.656,9.0011,A2,word_pos,éclairage,N,éclairage,NOM
coiffer,VERB,A2,beacco,0.0,6.2799,9.2503,0.0,17.3482,0.0,0.0,0.0,6.2799,7.6879,0.0,15.6927,0.0,0.0,0.0,5.9692,A2,word_pos,coiffer,V,coiffer,VER
pré,NOUN,A2,beacco,0.0,6.1466,14.7454,0.0,8.8003,0.8949,3.1012,0.0,6.1466,10.9327,0.0,10.9189,1.8983,6.0005,0.0,7.4782,A2,word_pos,pré,N,pré,NOM
bowling,NOUN,A2,beacco,0.0,5.8179,16.5881,0.0,4.3745,0.0,0.0,0.0,5.8179,10.556,0.0,1.6593,0.0,0.0,0.0,3.0603,A2,word_pos,bowling,N,bowling,NOM
polluant,ADJ,A2,beacco,0.0,5.4753,5.9019,0.0,0.5833,8.4175,18.6069,0.0,5.4753,7.7569,0.0,0.5531,9.0915,24.0018,0.0,7.2423,A2,word_pos,polluant,A,polluant,ADJ
insupportable,ADJ,A2,beacco,0.0,5.4426,3.9014,0.0,4.4591,6.4693,8.2019,0.0,5.4426,7.7569,0.0,2.6153,8.4014,4.139,0.0,6.4921,A2,word_pos,insupportable,A,insupportable,ADJ
natation,NOUN,A2,beacco,0.0,5.2844,12.6681,0.0,0.8304,0.0,0.0,45.4565,5.2844,21.3788,0.0,0.3906,0.0,0.0,12.833,3.7022,A2,word_pos,natation,N,natation,NOM
faveur,NOUN,A2,beacco,0.0,5.1517,3.8758,0.0,9.0556,5.8607,0.0,0.0,5.1517,7.7362,0.606,23.7734,8.3751,20.6179,57.984,18.0215,A2,word_pos,faveur,N,faveur,NOM
perle,NOUN,A2,beacco,0.0,5.1237,19.7744,0.0,8.7893,0.0,0.0,0.0,5.1237,16.3038,0.0,16.1931,0.0,0.0,0.0,7.2614,A2,word_pos,perle,N,perle,NOM
piéton,ADJ,A2,beacco,0.0,5.0948,,,,,,,,16.0042,0.0,6.9666,0.0,0.0,0.0,5.0948,A2,beacco_only,,,piéton,ADJ
sympathie,NOUN,A2,beacco,0.0,4.804,6.0383,0.0,5.0054,1.4125,0.0,6.4938,4.804,8.2235,0.0,3.5861,1.2705,0.0,12.833,4.5763,A2,word_pos,sympathie,N,sympathie,NOM
métropole,NOUN,A2,beacco,0.0,4.6951,5.7079,0.0,11.1996,0.0,3.1012,0.0,4.6951,11.6992,0.0,6.7641,0.0,6.0005,0.0,3.794,A2,word_pos,métropole,N,métropole,NOM
croissant,NOUN,A2,beacco,0.0,4.4745,16.7728,0.0,5.3969,0.0,0.0,0.0,4.4745,16.3337,0.0,6.2521,0.0,0.0,0.0,4.3783,A2,word_pos,croissant,N,croissant,NOM
cahier,NOUN,A2,beacco,0.0,4.4475,4.0265,0.0,0.0,6.257,28.0276,0.0,4.4475,7.8999,0.0,0.0,13.2935,77.1586,0.0,9.3391,A2,word_pos,cahier,N,cahier,NOM
grenouille,NOUN,A2,beacco,0.0,4.2872,7.8158,0.0,7.3112,0.0,3.2084,0.0,4.2872,7.7628,0.0,7.657,0.0,3.4423,0.0,4.611,A2,word_pos,grenouille,N,grenouille,NOM
car,NOUN,A2,beacco,0.0,4.2072,9.8178,0.0,4.1746,0.8949,1.6042,0.0,4.2072,11.6817,10.1199,6.908,1.8983,3.4423,0.0,9.9336,A2,word_pos,car,N,car,NOM
célibataire,ADJ,A2,beacco,0.0,4.1976,12.8387,0.0,7.3064,0.0,0.0,0.0,4.1976,16.8508,0.4157,1.2756,0.0,0.0,0.0,4.2753,A2,word_pos,célibataire,A,célibataire,ADJ
archéologue,NOUN,A2,beacco,0.0,3.9015,30.1701,0.0,0.0,0.0,15.5058,0.0,3.9015,13.537,0.0,0.0,0.0,6.0005,0.0,1.3757,A2,word_pos,archéologue,N,archéologue,NOM
créole,NOUN,A2,beacco,0.0,3.8659,5.4124,0.0,0.0,0.0,0.0,182.8323,3.8659,10.6236,0.0,0.0,0.0,0.0,135.296,5.4887,A2,word_pos,créole,N,créole,NOM
saucisson,NOUN,A2,beacco,0.0,3.7877,20.3449,0.0,3.1385,0.0,0.0,0.0,3.7877,22.5385,0.0,3.1016,0.0,0.0,0.0,3.9275,A2,word_pos,saucisson,N,saucisson,NOM
pourboire,NOUN,A2,beacco,0.0,3.7123,12.0129,0.0,6.2838,0.0,0.0,0.0,3.7123,15.4358,0.0,5.4654,0.0,0.0,0.0,3.8301,A2,word_pos,pourboire,N,pourboire,NOM
fatigant,ADJ,A2,beacco,0.0,3.6882,5.3822,0.0,10.2197,0.0,0.0,0.0,3.6882,11.4593,0.0,15.2553,0.0,0.0,0.0,5.0745,A2,word_pos,fatigant,A,fatigant,ADJ
pétanque,NOUN,A2,beacco,0.0,3.4893,17.4791,0.0,0.0,0.0,9.6252,0.0,3.4893,11.7812,0.0,0.0,0.0,6.8846,0.0,2.1413,A2,word_pos,pétanque,N,pétanque,NOM
enchanter,VERB,A2,beacco,0.0,3.3779,10.9605,0.0,0.2405,10.2418,0.0,0.0,3.3779,17.1548,0.606,0.4665,11.6267,0.0,0.0,6.6823,A2,word_pos,enchanter,V,enchanter,VER
gramme,NOUN,A2,beacco,0.0,3.2848,13.2601,0.0,0.0,0.0,25.5257,0.0,3.2848,10.5277,0.0,0.0,0.0,40.0479,0.0,4.0604,A2,word_pos,gramme,N,gramme,NOM
cultivé,ADJ,A2,beacco,0.0,3.1684,0.7967,0.0,5.4121,0.0,4.101,0.0,3.1684,16.8613,0.6228,7.0882,0.0,8.2781,0.0,7.9851,A2,word_pos,cultivé,A,cultivé,ADJ
cire,NOUN,A2,beacco,0.0,3.1644,20.6879,0.0,0.0,0.7062,6.2023,0.0,3.1644,15.8691,0.0,0.0,1.2705,12.0009,0.0,3.7835,A2,word_pos,cire,N,cire,NOM
vain,ADJ,A2,beacco,0.0,3.1119,0.7967,0.0,0.0,1.5856,31.3338,0.0,3.1119,11.2047,13.1419,0.2331,21.387,26.3397,0.0,14.0156,A2,word_pos,vain,A,vain,ADJ
épicer,VERB,A2,beacco,0.0,3.0561,4.0627,0.0,0.7214,0.0,3.1012,6.176,3.0561,7.9276,0.0,0.4665,0.0,6.0005,4.0185,3.4088,A2,word_pos,épicer,V,épicer,VER
belle-mère,NOUN,A2,beacco,0.0,2.9661,,,,,,,,15.4797,0.0,0.4665,0.0,3.4423,0.0,2.9661,A2,beacco_only,,,belle-mère,NOM
photocopie,NOUN,A2,beacco,0.0,2.9336,5.6686,0.0,3.2563,0.0,0.0,0.0,2.9336,7.8854,0.0,1.9134,0.0,0.0,0.0,2.4581,A2,word_pos,photocopie,N,photocopie,NOM
bancaire,ADJ,A2,beacco,0.0,2.8439,5.2275,0.0,0.1395,6.4162,0.0,0.0,2.8439,7.6879,0.0,0.1219,9.5948,0.0,0.0,3.8425,A2,word_pos,bancaire,A,bancaire,ADJ
spaghetti,NOUN,A2,beacco,0.0,2.7349,5.829,0.0,0.7097,0.0,9.3035,0.0,2.7349,7.9597,0.0,0.438,0.0,6.0005,0.0,2.2657,A2,word_pos,spaghetti,N,spaghetti,NOM
olive,NOUN,A2,beacco,0.0,2.7323,22.706,0.0,0.0,0.0,4.101,0.0,2.7323,22.2613,0.0,0.0,0.0,4.139,0.0,2.7415,A2,word_pos,olive,N,olive,NOM
créole,ADJ,A2,beacco,0.0,2.6542,6.0789,0.0,0.0,0.0,3.1012,57.7365,2.6542,11.9993,0.0,0.0,0.0,6.0005,19.328,2.0594,A2,word_pos,créole,A,créole,ADJ
marron,ADJ,A2,beacco,0.0,2.6219,15.6821,0.0,0.0,2.4776,0.0,0.0,2.6219,18.9494,0.0,0.0,1.3018,0.0,19.328,3.0652,A2,word_pos,marron,A,marron,ADJ
muser,VERB,A2,beacco,0.0,2.5578,,,,,,,,10.5862,0.0,3.6048,0.0,0.0,0.0,2.5578,A2,beacco_only,,,muser,VER
écurie,NOUN,A2,beacco,0.0,2.5332,6.1321,0.0,0.3014,1.5856,0.0,0.0,2.5332,11.4714,0.0,0.6118,0.8102,0.0,0.0,3.5995,A2,word_pos,écurie,N,écurie,NOM
restau,NOUN,A2,beacco,0.0,2.5241,32.4705,0.0,0.0,0.0,0.0,0.0,2.5241,12.6233,0.0,0.0,0.0,0.0,0.0,1.1362,A2,word_pos,restau,N,restau,NOM
hors-d'oeuvre,NOUN,A2,beacco,0.0,2.4702,,,,,,,,8.2235,0.0,0.2504,1.2705,0.0,0.0,2.4702,A2,beacco_only,,,hors-d'oeuvre,NOM
banane,NOUN,A2,beacco,0.0,2.3559,6.5353,0.0,1.5118,0.0,3.2084,0.0,2.3559,7.7628,0.0,2.9677,0.0,3.4423,0.0,3.4818,A2,word_pos,banane,N,banane,NOM
comptabilité,NOUN,A2,beacco,0.0,2.3434,8.1694,0.0,0.0,0.0,3.2084,19.2455,2.3434,8.1823,0.0,0.0,0.0,3.4423,38.656,2.9952,A2,word_pos,comptabilité,N,comptabilité,NOM
céréale,NOUN,A2,beacco,0.0,2.3223,16.6613,0.0,0.0,0.0,10.2669,0.0,2.3223,20.0557,0.0,0.0,0.0,20.6179,0.0,3.3038,A2,word_pos,céréale,N,céréale,NOM
abricot,NOUN,A2,beacco,0.0,2.3218,11.6212,0.0,1.4472,0.0,0.0,0.0,2.3218,8.1307,0.0,1.9134,0.0,0.0,0.0,2.564,A2,word_pos,abricot,N,abricot,NOM
nocturne,ADJ,A2,beacco,0.0,2.2796,3.9807,0.0,3.9189,0.6707,0.0,0.0,2.2796,7.804,0.0,7.5506,1.7933,0.0,0.0,4.7666,A2,word_pos,nocturne,A,nocturne,ADJ
portugais,ADJ,A2,beacco,0.0,2.2579,1.4987,0.0,3.6181,0.0,0.0,0.0,2.2579,7.9875,0.0,1.9134,0.0,0.0,0.0,2.552,A2,word_pos,portugais,A,portugais,ADJ
mural,ADJ,A2,beacco,0.0,2.1714,12.4476,0.0,0.0,1.7264,0.0,0.0,2.1714,16.1754,0.0,0.0,0.911,0.0,0.0,2.1837,A2,word_pos,mural,A,mural,ADJ
hypermarché,NOUN,A2,beacco,0.0,2.1266,11.6419,0.0,0.0,0.0,8.2019,0.0,2.1266,9.9917,0.0,0.0,0.0,8.2781,0.0,2.3003,A2,word_pos,hypermarché,N,hypermarché,NOM
itinéraire,NOUN,A2,beacco,0.0,2.1097,13.7118,0.0,0.3401,0.7062,0.0,0.0,2.1097,10.6236,0.0,0.5857,1.2705,0.0,19.328,3.845,A2,word_pos,itinéraire,N,itinéraire,NOM
férié,ADJ,A2,beacco,0.0,2.0529,14.1302,0.0,0.0,1.4125,0.0,0.0,2.0529,12.0324,0.0,0.0,2.5411,0.0,0.0,2.4121,A2,word_pos,férié,A,férié,ADJ
musulman,ADJ,A2,beacco,0.0,2.0428,5.0327,0.0,0.0,3.0277,0.0,28.8683,2.0428,8.6931,0.0,0.0,2.2839,0.0,19.328,1.5871,A2,word_pos,musulman,A,musulman,ADJ
bonsoir,INT,A2,beacco,0.0,2.0214,,,,,,,,20.9625,0.0,0.0,0.0,0.0,0.0,2.0214,A2,beacco_only,,,bonsoir,INT
collectionner,VERB,A2,beacco,0.0,2.0178,12.5273,0.0,0.0,0.0,9.6252,0.0,2.0178,10.1439,0.0,0.0,0.0,3.4423,0.0,1.2796,A2,word_pos,collectionner,V,collectionner,VER
cidre,NOUN,A2,beacco,0.0,1.9815,18.7375,0.0,0.2295,0.0,0.0,0.0,1.9815,10.5862,0.0,0.487,0.0,0.0,0.0,1.6289,A2,word_pos,cidre,N,cidre,NOM
chut,INT,A2,beacco,0.0,1.8311,,,,,,,,20.5561,0.0,0.0,0.0,0.0,0.0,1.8311,A2,beacco_only,,,chut,INT
caissier,NOUN,A2,beacco,0.0,1.8121,7.1217,0.0,0.3765,0.0,1.6042,0.0,1.8121,7.6879,0.0,0.7866,0.0,3.4423,0.0,2.9308,A2,word_pos,caissier,N,caissier,NOM
casque,NOUN,A2,beacco,0.0,1.461,17.669,0.0,0.0,0.7062,1.6042,0.0,1.461,22.2461,0.0,0.0,1.2705,3.4423,0.0,2.4743,A2,word_pos,casque,N,casque,NOM
gris,NOUN,A2,beacco,0.0,1.43,6.1028,0.0,0.2041,0.8949,0.0,0.0,1.43,7.9383,0.0,0.4317,1.8983,0.0,0.0,2.357,A2,word_pos,gris,N,gris,NOM
trop,NOUN,A2,beacco,0.0,1.2514,,,,,,,,14.6712,0.0,0.0,0.0,0.0,0.0,1.2514,A2,beacco_only,,,trop,NOM
mistral,NOUN,A2,beacco,0.0,1.1792,11.4369,0.0,0.0,0.0,3.1012,0.0,1.1792,13.5563,0.0,0.0,0.0,6.0005,0.0,1.7067,A2,word_pos,mistral,N,mistral,NOM
couscous,NOUN,A2,beacco,0.0,1.1701,6.1803,0.0,0.7097,0.0,0.0,0.0,1.1701,8.1485,0.0,0.438,0.0,0.0,0.0,1.2132,A2,word_pos,couscous,N,couscous,NOM
menthe,NOUN,A2,beacco,0.0,1.163,10.0832,0.0,0.2076,0.0,0.0,0.0,1.163,8.5969,0.0,0.3906,0.0,0.0,0.0,1.2593,A2,word_pos,menthe,N,menthe,NOM
décontracter,VERB,A2,beacco,0.0,1.1583,4.0588,0.0,0.2916,0.0,1.6042,0.0,1.1583,7.9875,0.0,0.0,0.911,3.4423,0.0,2.3691,A2,word_pos,décontracter,V,décontracter,VER
monumental,ADJ,A2,beacco,0.0,1.1455,7.7516,0.0,0.1155,0.0,0.0,0.0,1.1455,7.7151,0.0,0.2331,1.3018,0.0,0.0,2.2874,A2,word_pos,monumental,A,monumental,ADJ
laitier,ADJ,A2,beacco,0.0,1.1107,12.8485,0.0,0.0,0.0,0.0,0.0,1.1107,16.0438,0.0,0.0,0.0,0.0,0.0,1.3064,A2,word_pos,laitier,A,laitier,ADJ
radio,ADJ,A2,beacco,0.0,1.0772,7.2709,0.0,0.2405,0.0,3.1012,0.0,1.0772,14.1654,0.2129,9.5192,2.2839,18.0014,19.328,7.256,A2,word_pos,radio,A,radio,ADJ
skier,VERB,A2,beacco,0.0,1.0555,12.2701,0.0,0.0,0.0,0.0,0.0,1.0555,10.2052,0.0,0.0,0.0,0.0,0.0,0.8933,A2,word_pos,skier,V,skier,VER
épeler,VERB,A2,beacco,0.0,0.9988,13.8484,0.0,0.0,0.0,0.0,0.0,0.9988,7.9276,0.0,0.0,0.0,0.0,0.0,0.6178,A2,word_pos,épeler,V,épeler,VER
résistant,NOUN,A2,beacco,0.0,0.9973,1.0394,0.0,0.5833,0.0,2.0505,0.0,0.9973,7.9339,0.0,0.0,0.0,0.0,0.0,0.6372,A2,word_pos,résistant,N,résistant,NOM
mi,NOUN,A2,beacco,0.0,0.9539,1.005,0.0,0.0,0.0,12.4046,0.0,0.9539,11.3399,0.0,0.4665,0.0,0.0,0.0,1.6912,A2,word_pos,mi,N,mi,NOM
sardine,NOUN,A2,beacco,0.0,0.9428,12.4479,0.0,0.0,0.0,0.0,0.0,0.9428,11.776,0.0,0.0,0.0,0.0,0.0,0.9455,A2,word_pos,sardine,N,sardine,NOM
apprenti,NOUN,A2,beacco,0.0,0.9185,12.081,0.0,0.0,0.0,0.0,0.0,0.9185,11.8255,0.0,0.0,0.0,0.0,0.0,0.9074,A2,word_pos,apprenti,N,apprenti,NOM
tchao,INT,A2,beacco,0.0,0.8971,,,,,,,,11.7853,0.0,0.0,0.0,0.0,0.0,0.8971,A2,beacco_only,,,tchao,INT
invité,ADJ,A2,beacco,0.0,0.8969,,,,,,,,11.5502,0.0,0.0,0.0,0.0,0.0,0.8969,A2,beacco_only,,,invité,ADJ
ben,NOUN,A2,beacco,0.0,0.7665,3.015,0.0,0.0818,0.0,0.0,0.0,0.7665,16.9433,0.0,0.0,0.0,0.0,0.0,1.4895,A2,word_pos,ben,N,ben,NOM
concombre,NOUN,A2,beacco,0.0,0.6811,9.2894,0.0,0.0,0.0,0.0,0.0,0.6811,8.0124,0.0,0.0,0.0,0.0,0.0,0.6169,A2,word_pos,concombre,N,concombre,NOM
pamplemousse,NOUN,A2,beacco,0.0,0.6362,8.0869,0.0,0.0,0.0,0.0,0.0,0.6362,8.1169,0.0,0.0,0.0,0.0,0.0,0.6416,A2,word_pos,pamplemousse,N,pamplemousse,NOM
rabat,NOUN,A2,beacco,0.0,0.632,,,,,,,,7.9156,0.0,0.0,0.0,0.0,0.0,0.632,A2,beacco_only,,,rabat,NOM
dernier,NOUN,A2,beacco,0.0,0.6008,0.0,0.0,0.1812,0.0,0.0,12.9876,0.6008,20.142,6.1999,50.3202,44.7431,63.3793,123.3691,42.3296,A2,word_pos,dernier,N,dernier,NOM
châtain,ADJ,A2,beacco,0.0,0.5572,7.6436,0.0,0.0,0.0,0.0,0.0,0.5572,10.556,0.0,0.0,0.0,0.0,0.0,1.0036,A2,word_pos,châtain,A,châtain,ADJ
ré,NOUN,A2,beacco,0.0,0.4817,4.4205,0.0,0.2405,0.0,0.0,0.0,0.4817,10.9215,0.0,0.4665,0.0,0.0,0.0,1.9205,A2,word_pos,ré,N,ré,NOM
perdu,ADJ,A2,beacco,0.0,0.4575,0.0,0.0,0.4152,0.8949,0.0,0.0,0.4575,17.1402,10.216,23.0825,1.8983,6.0005,0.0,15.9423,A2,word_pos,perdu,A,perdu,ADJ
numéroter,VERB,A2,beacco,0.0,0.454,5.8391,0.0,0.0,0.0,0.0,0.0,0.454,7.9519,0.0,0.0,0.3387,0.0,0.0,1.3303,A2,word_pos,numéroter,V,numéroter,VER
zoo,NOUN,A2,beacco,0.0,0.4362,5.5887,0.0,0.0,0.0,0.0,0.0,0.4362,7.8854,0.0,0.0,0.0,0.0,0.0,0.5978,A2,word_pos,zoo,N,zoo,NOM
rhum,NOUN,A2,beacco,0.0,0.4109,5.4242,0.0,0.0,0.0,0.0,0.0,0.4109,21.2106,0.0,0.0,0.0,0.0,0.0,2.0249,A2,word_pos,rhum,N,rhum,NOM
éplucher,VERB,A2,beacco,0.0,0.1055,0.1633,0.0,0.0,0.0,2.0505,0.0,0.1055,10.2789,0.0,0.0,0.0,4.139,0.0,1.4238,A2,word_pos,éplucher,V,éplucher,VER
pat,ADJ,A2,beacco,0.0,0.0501,2.5984,0.0,0.0,0.0,0.0,0.0,0.0501,11.123,0.0,0.0,0.0,0.0,0.0,0.2043,A2,word_pos,pat,A,pat,ADJ
écu,NOUN,A2,beacco,0.0,0.046,2.39,0.0,0.0,0.0,0.0,0.0,0.046,20.6156,0.0,0.0,0.0,0.0,0.0,1.5282,A2,word_pos,écu,N,écu,NOM
fier,VERB,A2,beacco,0.0,0.0443,0.0,0.0,0.4809,0.0,0.0,0.0,0.0443,7.7362,0.6111,46.1136,1.3018,0.0,19.328,16.9324,A2,word_pos,fier,V,fier,VER
charité,NOUN,A2,beacco,0.0,0.0294,1.5244,0.0,0.0,0.0,0.0,0.0,0.0294,9.155,0.0,0.0,0.0,0.0,0.0,0.4871,A2,word_pos,charité,N,charité,NOM
jumeau,NOUN,A2,beacco,0.0,0.0221,0.0,0.0,0.2405,0.0,0.0,0.0,0.0221,7.7861,0.0,0.4665,0.0,0.0,0.0,1.0004,A2,word_pos,jumeau,N,jumeau,NOM
bof,NOUN,A2,beacco,0.0,0.0128,0.0,0.0,0.1395,0.0,0.0,0.0,0.0128,7.9276,0.606,0.1219,0.0,0.0,0.0,2.4615,A2,unique_word,bof,N,bof,INT
luire,VERB,A2,beacco,0.0,0.0097,0.5025,0.0,0.0,0.0,0.0,0.0,0.0097,16.5256,6.5642,3.3506,0.0,0.0,0.0,6.405,A2,word_pos,luire,V,luire,VER
épice,NOUN,A2,beacco,0.0,0.0097,0.5025,0.0,0.0,0.0,0.0,0.0,0.0097,12.0964,0.0,0.0,0.0,6.0005,0.0,1.1242,A2,word_pos,épice,N,épice,NOM
