word,pos,assigned_cefr,level_source,assigned_level_frequency,total_frequency,crf_A1,crf_A2,crf_B1,crf_B2,crf_C1,crf_C2,crf_total,beacco_A1,beacco_A2,beacco_B1,beacco_B2,beacco_C1,beacco_C2,beacco_total,beacco_level,match_method,crf_word,crf_pos,beacco_word,beacco_pos
foi,NOUN,B2,beacco,826.5439,655.4242,387.5425,763.7527,712.1347,826.5439,503.3849,308.3862,655.4242,0.0,0.5137,20.9905,23.1828,0.0,19.328,11.7588,B2,word_pos,foi,N,foi,NOM
parent,NOUN,B2,beacco,350.1718,420.8234,533.5155,685.8507,233.196,350.1718,156.2996,319.1316,420.8234,0.0,0.4157,4.808,8.9868,8.2781,19.328,7.4414,B2,word_pos,parent,N,parent,NOM
chapitre,NOUN,B2,beacco,300.3267,249.9331,505.3372,285.574,164.8527,300.3267,9.3035,0.0,249.9331,0.0,0.0,1.2756,1.2705,6.0005,0.0,1.8836,B2,word_pos,chapitre,N,chapitre,NOM
sommer,VERB,B2,beacco,261.9183,347.4665,498.8594,429.5531,275.9329,261.9183,301.6062,156.0767,347.4665,0.0,0.0,0.3906,4.5679,3.4423,0.0,2.0112,B2,word_pos,sommer,V,sommer,VER
criminel,NOUN,B2,beacco,174.333,23.9088,1.9917,0.0,0.6122,174.333,16.4039,0.0,23.9088,1.6691,0.0,0.8634,246.508,16.5561,0.0,33.2563,B2,word_pos,criminel,N,criminel,NOM
or,CONJ,B2,beacco,130.3268,52.5243,0.0,0.0,53.8114,130.3268,203.2384,47.8486,52.5243,0.0,0.0,0.5857,58.0037,92.388,43.8345,15.8837,B2,word_pos,or,CONJC,or,KON
pipe,NOUN,B2,beacco,116.4187,16.512,0.0,0.6418,1.7914,116.4187,8.021,12.9876,16.512,0.0,0.6228,3.5093,171.2464,3.4423,12.833,22.5162,B2,word_pos,pipe,N,pipe,NOM
terme,NOUN,B2,beacco,109.9093,56.0598,0.0,1.2702,82.0468,109.9093,80.7289,127.5345,56.0598,0.9051,0.4157,102.3421,75.9667,309.0527,413.7325,89.4695,B2,word_pos,terme,N,terme,NOM
forcément,ADV,B2,beacco,107.1448,33.7184,1.1385,0.0,44.7651,107.1448,41.5144,28.8683,33.7184,1.1764,0.0,39.8023,75.536,51.9203,19.328,29.5565,B2,word_pos,forcément,ADV,forcément,ADV
miser,VERB,B2,beacco,100.1949,67.4304,21.6643,40.104,24.8351,100.1949,179.4242,247.5689,67.4304,0.0,0.0,0.6378,0.0,20.6179,19.328,2.2128,B2,word_pos,miser,V,miser,VER
judiciaire,ADJ,B2,beacco,94.0028,21.8948,0.0,0.0,11.4963,94.0028,37.9244,87.2204,21.8948,0.0,0.0,7.4096,113.5582,31.3528,86.9662,21.7213,B2,word_pos,judiciaire,A,judiciaire,ADJ
revolver,NOUN,B2,beacco,93.5078,6.5263,0.0,0.0,0.0,93.5078,0.0,0.0,6.5263,0.0,0.0,0.0,67.5369,0.0,0.0,4.7418,B2,word_pos,revolver,N,revolver,NOM
clou,NOUN,B2,beacco,90.9494,8.2028,0.0,0.0,1.7071,90.9494,4.101,0.0,8.2028,0.0,0.0,3.338,121.8271,4.139,0.0,14.0167,B2,word_pos,clou,N,clou,NOM
enfoncer,VERB,B2,beacco,85.345,15.285,0.0,0.2599,17.542,85.345,0.0,0.0,15.285,0.0,0.5213,16.92,80.7838,0.0,0.0,16.0019,B2,word_pos,enfoncer,V,enfoncer,VER
enfiler,VERB,B2,beacco,85.3084,15.5587,1.1385,4.6114,4.6471,85.3084,0.0,0.0,15.5587,1.1764,0.4664,4.5502,41.0949,0.0,0.0,9.6622,B2,word_pos,enfiler,V,enfiler,VER
nuire,VERB,B2,beacco,82.4412,46.4191,15.1989,23.473,56.004,82.4412,73.6009,0.0,46.4191,0.0,0.0,5.0496,31.0018,31.3781,0.0,9.0888,B2,word_pos,nuire,V,nuire,VER
disposer,VERB,B2,beacco,80.6835,52.0511,1.5075,0.2117,52.533,80.6835,158.8444,104.5166,52.0511,1.8101,0.4157,48.1883,48.4628,175.0335,56.7717,45.1358,B2,word_pos,disposer,V,disposer,VER
coupable,NOUN,B2,beacco,79.4266,16.8841,3.4156,2.0049,5.7886,79.4266,0.0,0.0,16.8841,3.5292,0.0,5.1644,56.9395,0.0,0.0,11.5044,B2,word_pos,coupable,N,coupable,NOM
débat,NOUN,B2,beacco,78.3,62.2283,1.3242,4.3112,38.788,78.3,197.4797,476.9205,62.2283,1.2635,0.1937,17.5565,62.3203,242.0639,526.3187,55.3748,B2,word_pos,débat,N,débat,NOM
mobile,NOUN,B2,beacco,78.2626,15.5367,0.0,0.3918,15.4908,78.2626,3.1012,0.0,15.5367,0.0,0.0,15.0155,35.3709,0.0,0.0,8.9194,B2,word_pos,mobile,N,mobile,NOM
persuader,VERB,B2,beacco,74.6411,28.1876,0.0,0.3918,46.9195,74.6411,36.5308,0.0,28.1876,0.0,0.0,29.7543,74.6439,40.0479,0.0,22.0006,B2,word_pos,persuader,V,persuader,VER
sociologue,NOUN,B2,beacco,72.5782,34.832,0.0,0.0,24.7288,72.5782,110.7048,43.6102,34.832,0.0,0.0,16.9991,62.4731,110.4624,56.7717,29.2876,B2,word_pos,sociologue,N,sociologue,NOM
as,NOUN,B2,beacco,71.7572,35.197,34.7163,27.0827,33.4793,71.7572,0.0,0.0,35.197,0.0,0.0,0.2504,0.911,0.0,0.0,0.5805,B2,word_pos,as,N,as,NOM
clous,NOUN,B2,crf_first_attested,70.3956,4.2178,0.0,0.0,0.0,70.3956,0.0,0.0,4.2178,,,,,,,,,crf_only,clous,N,,
empreinte,NOUN,B2,beacco,69.9652,33.8451,0.0,0.7835,10.4615,69.9652,124.0461,0.0,33.8451,0.0,0.0,3.9742,36.1107,60.0046,0.0,14.8855,B2,word_pos,empreinte,N,empreinte,NOM
butte,NOUN,B2,beacco,69.167,4.6391,0.0,0.0,0.0,69.167,0.0,0.0,4.6391,0.0,0.0,0.0,37.771,0.0,0.0,3.0502,B2,word_pos,butte,N,butte,NOM
désigner,VERB,B2,beacco,68.9709,27.7817,0.0,0.3209,9.0855,68.9709,111.5289,135.8422,27.7817,0.0,0.6228,12.2635,42.1763,132.8606,179.8979,28.32,B2,word_pos,désigner,V,désigner,VER
déclaration,NOUN,B2,beacco,64.6773,19.0315,1.6274,0.6418,22.5589,64.6773,6.2023,9.6228,19.0315,0.8075,0.6228,36.6807,35.6164,12.0009,19.328,22.3833,B2,word_pos,déclaration,N,déclaration,NOM
introduire,VERB,B2,beacco,63.8939,29.9689,1.005,0.0,50.0956,63.8939,72.0068,0.0,29.9689,0.0,0.0,54.8771,64.3522,63.3793,0.0,30.4708,B2,word_pos,introduire,V,introduire,VER
constituer,VERB,B2,beacco,61.8515,83.9327,0.0,0.2114,123.7333,61.8515,328.7386,239.9315,83.9327,0.0,0.6008,98.5226,37.6072,253.6479,252.6228,67.8359,B2,word_pos,constituer,V,constituer,VER
assassinat,NOUN,B2,beacco,61.1166,16.1284,0.0,1.1753,9.2504,61.1166,4.101,0.0,16.1284,0.0,0.0,5.9114,52.1416,8.2781,0.0,10.4048,B2,word_pos,assassinat,N,assassinat,NOM
calme,NOUN,B2,beacco,60.9023,19.924,17.8914,2.31,16.0343,60.9023,1.6042,0.0,19.924,0.0,0.606,3.4923,40.5288,0.0,0.0,7.4434,B2,word_pos,calme,N,calme,NOM
enseignant,NOUN,B2,beacco,59.9404,23.5689,0.0,0.2439,11.8754,59.9404,41.0097,28.8683,23.5689,0.0,0.0,9.9628,25.431,16.5561,0.0,10.373,B2,word_pos,enseignant,N,enseignant,NOM
d'autant,ADV,B2,beacco,59.1217,31.8393,,,,,,,,0.0,0.0,28.0345,59.1217,123.7073,56.7717,31.8393,B2,beacco_only,,,d'autant,ADV
pavillon,NOUN,B2,beacco,58.2803,11.778,0.3983,0.2117,8.9455,58.2803,8.2019,0.0,11.778,0.8346,0.4157,14.635,25.9423,4.139,0.0,13.1265,B2,word_pos,pavillon,N,pavillon,NOM
commettre,VERB,B2,beacco,58.2006,16.4,0.0,0.0,22.3879,58.2006,18.6069,0.0,16.4,0.0,0.0,27.1094,61.8692,6.0005,0.0,17.4194,B2,word_pos,commettre,V,commettre,VER
multiple,ADJ,B2,beacco,57.5155,16.4093,0.0,0.0,25.2794,57.5155,2.0505,25.5316,16.4093,0.0,0.0,25.9719,37.6072,4.139,19.328,14.3557,B2,word_pos,multiple,A,multiple,ADJ
approprier,VERB,B2,beacco,57.3135,6.3978,0.0,0.0,0.7236,57.3135,13.8696,0.0,6.3978,0.0,0.4157,3.7375,37.6072,27.9938,0.0,10.3093,B2,word_pos,approprier,V,approprier,VER
lutter,VERB,B2,beacco,55.9947,46.1895,1.5075,0.4879,48.3743,55.9947,125.6059,164.2811,46.1895,0.9051,0.4664,55.7606,44.6513,144.5357,174.0903,47.3561,B2,word_pos,lutter,V,lutter,VER
réseau,NOUN,B2,beacco,55.8007,62.646,0.0,0.9757,58.9856,55.8007,268.7148,174.4409,62.646,0.0,0.4664,78.6279,42.2312,282.3932,192.6297,64.169,B2,word_pos,réseau,N,réseau,NOM
cabaret,NOUN,B2,beacco,55.6879,7.8725,0.0,0.0,2.3079,55.6879,0.0,28.8683,7.8725,0.0,0.0,0.4317,31.4513,0.0,38.656,5.5125,B2,word_pos,cabaret,N,cabaret,NOM
meurtre,NOUN,B2,beacco,54.8953,17.531,0.0,0.9626,8.9917,54.8953,44.058,6.4938,17.531,0.0,0.6228,11.2338,40.4868,40.6321,12.833,15.9822,B2,word_pos,meurtre,N,meurtre,NOM
ouvrage,NOUN,B2,beacco,54.8757,24.4408,0.0,2.7895,17.8768,54.8757,40.3921,101.4607,24.4408,0.0,0.5213,26.2485,57.3725,40.6321,111.7223,27.4657,B2,word_pos,ouvrage,N,ouvrage,NOM
appliquer,VERB,B2,beacco,54.7319,47.3858,0.0,2.8154,49.4678,54.7319,179.4797,87.2204,47.3858,0.0,0.5137,37.9187,50.8644,159.414,56.7717,38.1383,B2,word_pos,appliquer,V,appliquer,VER
audience,NOUN,B2,beacco,53.2249,20.3777,0.0,0.4879,14.6171,53.2249,0.0,134.7185,20.3777,0.0,0.4664,8.9542,26.3584,0.0,193.2799,17.7431,B2,word_pos,audience,N,audience,NOM
assassiner,VERB,B2,beacco,53.2208,9.4328,0.0,0.0,12.1235,53.2208,0.0,0.0,9.4328,0.0,0.0,23.7728,66.683,0.0,0.0,15.4241,B2,word_pos,assassiner,V,assassiner,VER
russe,NOUN,B2,beacco,51.5129,3.5779,0.0,0.0,0.0,51.5129,0.0,0.0,3.5779,0.0,0.0,0.438,9.0915,0.0,0.0,1.501,B2,word_pos,russe,N,russe,NOM
craindre,VERB,B2,beacco,51.1549,29.0274,0.0,0.0,40.9006,51.1549,98.1407,19.4814,29.0274,0.0,0.4157,56.1624,50.1629,104.5381,38.4989,37.6371,B2,word_pos,craindre,V,craindre,VER
désormais,ADV,B2,beacco,50.9186,69.7199,0.0,0.3702,110.0049,50.9186,195.9193,202.0778,69.7199,0.0,0.606,114.7088,49.4964,148.8703,154.624,65.158,B2,word_pos,désormais,ADV,désormais,ADV
inquiétude,NOUN,B2,beacco,50.8106,11.2257,0.0,0.0,1.6385,50.8106,36.6419,0.0,11.2257,0.0,0.0,3.1766,59.4734,39.7963,0.0,13.2452,B2,word_pos,inquiétude,N,inquiétude,NOM
chiper,VERB,B2,beacco,50.5584,2.5888,0.0,0.0,0.0,50.5584,0.0,0.0,2.5888,0.0,0.0,0.0,14.4824,0.0,0.0,1.0388,B2,word_pos,chiper,V,chiper,VER
poète,NOUN,B2,beacco,50.0943,10.6379,1.7682,0.2117,3.4246,50.0943,1.6042,0.0,10.6379,1.8243,0.0,3.0456,19.4381,4.139,0.0,7.5482,B2,word_pos,poète,N,poète,NOM
préfet,NOUN,B2,beacco,49.8941,9.9196,1.2043,0.0,6.4822,49.8941,3.2084,12.9876,9.9196,0.7319,0.0,5.1837,48.6547,3.4423,12.833,8.3568,B2,word_pos,préfet,N,préfet,NOM
immigration,NOUN,B2,beacco,49.8495,19.2453,0.6621,0.0,1.7498,49.8495,61.7507,57.7365,19.2453,1.2635,0.0,2.2125,40.0693,61.3361,77.312,21.5092,B2,word_pos,immigration,N,immigration,NOM
compétence,NOUN,B2,beacco,49.6552,17.877,0.0,0.6418,4.9895,49.6552,94.5713,0.0,17.877,0.0,0.6228,6.6448,38.0699,96.3812,0.0,17.0666,B2,word_pos,compétence,N,compétence,NOM
aménagement,NOUN,B2,beacco,48.7855,8.5231,0.0,0.0,4.9235,48.7855,12.4046,0.0,8.5231,0.0,0.0,3.7375,28.9476,6.0005,0.0,5.8051,B2,word_pos,aménagement,N,aménagement,NOM
hostile,ADJ,B2,beacco,47.2756,8.611,0.0,0.0,6.0064,47.2756,8.2019,0.0,8.611,0.0,0.0,7.7393,23.1828,4.139,0.0,6.5397,B2,word_pos,hostile,A,hostile,ADJ
taxe,NOUN,B2,beacco,46.9296,17.9545,1.3242,0.6418,7.393,46.9296,56.7127,0.0,17.9545,1.2635,0.6228,7.622,31.9752,96.4588,0.0,20.5136,B2,word_pos,taxe,N,taxe,NOM
grossier,ADJ,B2,beacco,46.6391,6.8685,0.0,0.0,4.9491,46.6391,15.6669,0.0,6.8685,0.0,0.0,3.7679,9.1127,20.024,0.0,4.4409,B2,word_pos,grossier,A,grossier,ADJ
aubergiste,NOUN,B2,beacco,46.6391,3.7608,0.0,0.0,0.2041,46.6391,0.0,0.0,3.7608,0.0,0.0,0.4317,10.4145,0.0,0.0,1.5618,B2,word_pos,aubergiste,N,aubergiste,NOM
baptiser,VERB,B2,beacco,45.2958,15.7157,0.0,0.0,22.1931,45.2958,4.101,72.1635,15.7157,0.0,0.0,18.5505,37.8135,4.139,78.971,15.1388,B2,word_pos,baptiser,V,baptiser,VER
visible,ADJ,B2,beacco,45.1192,21.5771,0.0,0.0,7.1229,45.1192,98.283,43.6102,21.5771,0.0,0.0,9.6793,31.9788,68.3291,56.7717,17.1538,B2,word_pos,visible,A,visible,ADJ
intellectuel,ADJ,B2,beacco,43.9613,32.5838,0.0,13.8648,17.7257,43.9613,75.2066,158.0031,32.5838,0.0,0.4664,17.4942,41.0995,94.0024,295.3115,33.7006,B2,word_pos,intellectuel,A,intellectuel,ADJ
discrimination,NOUN,B2,beacco,43.9018,9.442,0.0,0.0,0.7236,43.9018,41.6087,9.6228,9.442,0.0,0.0,0.6378,38.827,69.9024,19.328,10.6852,B2,word_pos,discrimination,N,discrimination,NOM
éprouver,VERB,B2,beacco,43.3044,29.6477,0.0,0.7405,39.5715,43.3044,96.9902,9.6228,29.6477,0.0,0.606,57.5715,28.0173,63.1587,19.328,30.4735,B2,word_pos,éprouver,V,éprouver,VER
stratégie,NOUN,B2,beacco,43.2402,20.2266,0.0,0.3702,13.1266,43.2402,78.6376,19.4814,20.2266,0.0,0.606,17.7009,17.8055,62.7562,25.6659,18.145,B2,word_pos,stratégie,N,stratégie,NOM
mèche,NOUN,B2,beacco,42.6211,4.4091,0.0,0.7835,0.0,42.6211,0.0,0.0,4.4091,0.0,0.0,0.0,22.2638,0.0,0.0,1.7064,B2,word_pos,mèche,N,mèche,NOM
suggérer,VERB,B2,beacco,42.3863,16.9997,0.0,0.2152,28.5536,42.3863,12.3029,0.0,16.9997,0.0,0.186,30.3116,37.5577,12.4171,0.0,17.6642,B2,word_pos,suggérer,V,suggérer,VER
scandale,NOUN,B2,beacco,42.3178,14.7734,0.4068,0.0,20.3133,42.3178,17.3764,0.0,14.7734,0.8075,0.0,20.6577,40.9158,26.3397,0.0,16.4508,B2,word_pos,scandale,N,scandale,NOM
mobile,ADJ,B2,beacco,41.8389,30.8576,0.0,0.2117,19.7386,41.8389,97.9162,151.6222,30.8576,0.0,0.4157,17.164,42.8698,107.8881,64.1649,27.3698,B2,word_pos,mobile,A,mobile,ADJ
flirter,VERB,B2,beacco,41.5436,2.3406,0.0,0.0,0.0,41.5436,0.0,0.0,2.3406,0.0,0.0,0.0,14.4824,0.0,0.0,1.0388,B2,word_pos,flirter,V,flirter,VER
défaillir,VERB,B2,beacco,40.8462,3.7109,0.0,0.0,0.0,40.8462,6.2023,0.0,3.7109,0.0,0.0,0.0,9.1403,6.0005,0.0,1.4462,B2,word_pos,défaillir,V,défaillir,VER
susciter,VERB,B2,beacco,40.8284,25.8727,0.0,0.0,35.5085,40.8284,67.5554,48.1138,25.8727,0.0,0.0,27.5277,36.6021,84.0628,77.312,27.0848,B2,word_pos,susciter,V,susciter,VER
répliquer,VERB,B2,beacco,40.5762,13.6787,1.6057,0.0,16.7348,40.5762,0.0,0.0,13.6787,0.0,0.0,4.687,25.5466,0.0,0.0,4.8503,B2,word_pos,répliquer,V,répliquer,VER
prétexte,NOUN,B2,beacco,40.1713,6.3525,0.0,0.0,4.9948,40.1713,3.2084,0.0,6.3525,0.0,0.0,11.8908,31.1602,6.8846,0.0,9.4131,B2,word_pos,prétexte,N,prétexte,NOM
cerner,VERB,B2,beacco,39.1774,7.3423,0.0,0.0,0.2076,39.1774,30.0911,6.4938,7.3423,0.0,0.0,0.3906,18.0984,51.4303,12.833,7.6913,B2,word_pos,cerner,V,cerner,VER
utilité,NOUN,B2,beacco,38.8747,14.1221,0.0,0.0,15.4174,38.8747,38.2901,0.0,14.1221,0.0,0.0,12.2371,26.7491,27.9938,0.0,11.0593,B2,word_pos,utilité,N,utilité,NOM
univers,NOUN,B2,beacco,38.1786,30.4603,0.0,0.1103,29.3278,38.1786,169.2016,19.2455,30.4603,0.0,0.2129,26.0301,42.907,158.8399,19.328,30.8789,B2,word_pos,univers,N,univers,NOM
aérien,ADJ,B2,beacco,37.8464,11.3713,0.0,0.0,8.5368,37.8464,38.9993,0.0,11.3713,0.0,0.0,7.5617,22.8394,78.6751,0.0,12.8463,B2,word_pos,aérien,A,aérien,ADJ
doter,VERB,B2,beacco,37.5874,25.7151,4.8997,0.7405,23.5819,37.5874,64.6702,28.8683,25.7151,5.0618,0.606,23.7241,25.2078,68.3291,19.328,21.5596,B2,word_pos,doter,V,doter,VER
souligner,VERB,B2,beacco,37.1729,44.7173,0.0,0.0,48.592,37.1729,99.4974,364.1665,44.7173,0.9464,0.0,45.0265,36.9454,105.5808,260.8986,46.5005,B2,word_pos,souligner,V,souligner,VER
guère,ADV,B2,beacco,36.2594,25.6988,0.0,0.0,22.6395,36.2594,78.6071,174.4076,25.6988,0.0,0.0,20.6647,15.7322,65.9532,202.2974,22.0576,B2,word_pos,guère,ADV,guère,ADV
interrogatoire,NOUN,B2,beacco,35.8741,3.2988,0.0,0.3209,0.0,35.8741,0.0,0.0,3.2988,0.0,0.0,0.0,35.1075,0.0,0.0,2.8045,B2,word_pos,interrogatoire,N,interrogatoire,NOM
théorie,NOUN,B2,beacco,35.6164,17.4124,0.0,0.0,8.8136,35.6164,110.5115,4.1173,17.4124,0.0,0.0,13.4122,36.5847,80.2715,4.0185,17.5254,B2,word_pos,théorie,N,théorie,NOM
psychiatre,NOUN,B2,beacco,35.6073,4.5161,0.0,0.2117,0.7236,35.6073,0.0,0.0,4.5161,0.0,0.4157,1.2756,24.3223,0.0,0.0,4.9576,B2,word_pos,psychiatre,N,psychiatre,NOM
conduit,NOUN,B2,beacco,35.4058,8.4182,0.0,16.4906,0.0,35.4058,0.0,0.0,8.4182,0.0,0.7079,0.0,4.0509,0.0,0.0,0.8371,B2,word_pos,conduit,N,conduit,NOM
matelas,NOUN,B2,beacco,35.3911,5.4255,0.0,0.1103,1.9454,35.3911,1.6042,0.0,5.4255,0.0,0.2129,3.7062,41.9035,3.4423,0.0,8.5833,B2,word_pos,matelas,N,matelas,NOM
sentimental,ADJ,B2,beacco,35.1379,9.752,3.6187,0.0,0.3401,35.1379,31.3338,0.0,9.752,0.5987,0.0,0.5857,10.1033,20.024,0.0,4.6997,B2,word_pos,sentimental,A,sentimental,ADJ
interdit,NOUN,B2,beacco,35.1379,4.9142,0.0,0.0,0.7236,35.1379,1.6042,0.0,4.9142,0.0,0.0,0.5857,10.1033,3.4423,0.0,3.1477,B2,word_pos,interdit,N,interdit,NOM
punir,VERB,B2,beacco,35.0327,10.7012,0.3983,0.0,12.7693,35.0327,6.2023,0.0,10.7012,0.8346,0.6111,11.9173,24.924,6.0005,0.0,11.2454,B2,word_pos,punir,V,punir,VER
sacrer,VERB,B2,beacco,34.6125,4.9331,7.7072,0.0,0.0,34.6125,0.0,0.0,4.9331,0.8346,0.0,0.0,1.2705,0.0,0.0,0.584,B2,word_pos,sacrer,V,sacrer,VER
viser,VERB,B2,beacco,34.5824,24.4121,0.0,0.2117,40.09,34.5824,72.0068,9.6228,24.4121,0.0,0.4157,28.8865,23.1828,51.4303,19.328,19.9729,B2,word_pos,viser,V,viser,VER
pseudonyme,NOUN,B2,beacco,34.2803,4.5818,0.0,0.0,1.4155,34.2803,0.0,0.0,4.5818,0.0,0.0,0.5857,19.0113,0.0,0.0,2.5189,B2,word_pos,pseudonyme,N,pseudonyme,NOM
longueur,NOUN,B2,beacco,33.8969,13.9163,0.0,0.0,0.0,33.8969,119.8754,12.352,13.9163,0.0,0.0,0.0,24.275,107.8881,8.037,10.9894,B2,word_pos,longueur,N,longueur,NOM
crâne,NOUN,B2,beacco,33.87,8.1313,1.2703,0.2117,2.5303,33.87,18.4508,0.0,8.1313,1.6512,0.4157,3.3478,34.0172,3.4423,0.0,8.833,B2,word_pos,crâne,N,crâne,NOM
intégration,NOUN,B2,beacco,33.2949,26.3833,0.4068,0.0,8.2955,33.2949,141.291,117.0576,26.3833,0.0,0.0,7.8476,33.5794,135.4946,77.4712,21.8064,B2,word_pos,intégration,N,intégration,NOM
chute,NOUN,B2,beacco,33.2002,21.074,0.5081,0.2599,23.5254,33.2002,32.5926,58.4441,21.074,0.5504,0.5213,22.4497,50.7873,26.3397,38.4989,23.2661,B2,word_pos,chute,N,chute,NOM
analyse,NOUN,B2,beacco,32.8564,19.7168,0.0,0.9626,5.2864,32.8564,140.3934,9.6228,19.7168,0.0,0.6228,8.1958,25.4252,185.0725,19.328,23.6962,B2,word_pos,analyse,N,analyse,NOM
favoriser,VERB,B2,beacco,32.7176,26.8278,0.0,0.0,24.0566,32.7176,69.3648,126.4605,26.8278,0.0,0.0,27.0991,28.2799,84.9757,162.4685,29.6158,B2,word_pos,favoriser,V,favoriser,VER
arracher,VERB,B2,beacco,32.4613,21.3226,0.5081,0.3918,40.4237,32.4613,3.2084,19.4814,21.3226,0.5504,0.0,38.4416,32.3407,3.4423,12.833,18.6411,B2,word_pos,arracher,V,arracher,VER
mécanisme,NOUN,B2,beacco,31.9673,16.1345,0.0,0.0,8.3243,31.9673,48.7271,81.2491,16.1345,0.0,0.0,7.3789,28.0492,27.9938,138.6137,14.2569,B2,word_pos,mécanisme,N,mécanisme,NOM
signal,NOUN,B2,beacco,31.882,18.1061,2.2771,0.3918,1.5614,31.882,88.7678,0.0,18.1061,1.1764,0.1865,3.0801,33.1711,86.6121,0.0,18.0654,B2,word_pos,signal,N,signal,NOM
bref,ADJ,B2,beacco,31.7632,18.8347,0.8841,0.9626,20.1277,31.7632,22.8111,48.0277,18.8347,0.9121,0.0,9.8175,18.0886,31.5653,38.656,13.3454,B2,word_pos,bref,A,bref,ADJ
vestibule,NOUN,B2,beacco,31.5134,3.0512,0.0,0.0,0.0906,31.5134,0.0,0.0,3.0512,0.0,0.0,0.185,7.8109,0.0,0.0,1.2972,B2,word_pos,vestibule,N,vestibule,NOM
sondage,NOUN,B2,beacco,30.9787,27.9694,0.0,0.0,61.1791,30.9787,24.6058,9.6228,27.9694,0.0,0.0,56.4666,25.3822,49.6683,19.328,31.1818,B2,word_pos,sondage,N,sondage,NOM
excitation,NOUN,B2,beacco,30.9257,3.0474,0.0,0.0,0.3765,30.9257,0.0,0.0,3.0474,0.0,0.0,0.3933,9.0915,0.0,0.0,1.5015,B2,word_pos,excitation,N,excitation,NOM
évader,VERB,B2,beacco,30.896,6.4781,0.0,0.3702,0.0,30.896,11.2294,9.6228,6.4781,0.0,0.606,0.0,44.3902,6.8846,19.328,8.0317,B2,word_pos,évader,V,évader,VER
orgueil,NOUN,B2,beacco,30.8394,5.7584,0.5025,0.0,3.4863,30.8394,0.0,0.0,5.7584,0.0,0.0,3.4656,57.5427,0.0,0.0,7.5976,B2,word_pos,orgueil,N,orgueil,NOM
embauche,NOUN,B2,beacco,30.7884,8.4041,0.0,0.7405,7.0014,30.7884,0.0,9.6228,8.4041,0.0,0.606,6.9801,26.8458,0.0,19.328,9.4202,B2,word_pos,embauche,N,embauche,NOM
déterminer,VERB,B2,beacco,30.5721,18.0375,0.0,3.439,1.6311,30.5721,82.0908,56.9312,18.0375,0.0,0.2891,7.3361,23.1002,98.2183,113.6757,22.5521,B2,word_pos,déterminer,V,déterminer,VER
velours,NOUN,B2,beacco,29.7266,8.1058,0.5025,0.0,13.1884,29.7266,0.0,0.0,8.1058,0.0,0.0,11.9268,15.3401,0.0,0.0,5.8618,B2,word_pos,velours,N,velours,NOM
trancher,VERB,B2,beacco,29.6511,19.0814,0.7967,0.8468,12.4336,29.6511,14.3534,68.1256,19.0814,1.6691,0.4157,7.6811,21.387,8.2781,56.7717,12.6299,B2,word_pos,trancher,V,trancher,VER
étendre,VERB,B2,beacco,29.6327,34.2387,5.9051,0.2114,74.9194,29.6327,34.728,32.4689,34.2387,7.6141,0.6008,79.5816,30.0368,73.3785,38.4989,42.756,B2,word_pos,étendre,V,étendre,VER
tribu,NOUN,B2,beacco,29.507,7.8092,0.4996,0.0,5.2915,29.507,3.2084,0.0,7.8092,0.9464,0.0,6.4528,29.0837,3.4423,0.0,8.8011,B2,word_pos,tribu,N,tribu,NOM
tuberculose,NOUN,B2,beacco,29.4819,3.614,0.0,0.0,0.0,29.4819,8.2019,0.0,3.614,0.0,0.0,0.0,16.2097,8.2781,0.0,2.6486,B2,word_pos,tuberculose,N,tuberculose,NOM
extrême,ADJ,B2,beacco,29.4602,22.4776,5.5643,0.0,18.9686,29.4602,126.6556,0.0,22.4776,7.0309,0.0,26.7061,12.8176,130.9119,0.0,24.7835,B2,word_pos,extrême,A,extrême,ADJ
apparition,NOUN,B2,beacco,28.8303,24.3011,0.0,0.0,26.8416,28.8303,156.6566,0.0,24.3011,0.0,0.0,26.2674,23.2732,129.0281,0.0,22.4977,B2,word_pos,apparition,N,apparition,NOM
traitement,NOUN,B2,beacco,28.7633,21.2673,0.4996,0.3702,6.4082,28.7633,100.4038,19.2455,21.2673,0.9464,0.606,11.0252,13.7036,146.4547,19.328,25.1818,B2,word_pos,traitement,N,traitement,NOM
lire,NOUN,B2,beacco,28.5851,5.14,0.0,0.0,3.5709,28.5851,3.1012,0.0,5.14,0.0,0.0,6.2628,29.0317,0.0,0.0,6.6213,B2,word_pos,lire,N,lire,NOM
biologique,ADJ,B2,beacco,28.5247,21.1121,2.1216,0.8456,0.0,28.5247,116.7768,38.491,21.1121,3.8852,0.6008,7.7266,32.0073,90.2374,113.6757,18.0018,B2,word_pos,biologique,A,biologique,ADJ
élucider,VERB,B2,beacco,28.4102,4.463,0.0,0.0,0.9618,28.4102,0.0,9.6228,4.463,0.0,0.0,0.4665,16.445,0.0,19.328,3.1372,B2,word_pos,élucider,V,élucider,VER
typique,ADJ,B2,beacco,28.2759,6.9045,1.005,0.0,6.6776,28.2759,0.0,0.0,6.9045,0.9051,0.0,4.684,17.9917,0.0,0.0,5.0757,B2,word_pos,typique,A,typique,ADJ
adulte,ADJ,B2,beacco,28.2313,19.8792,0.5477,0.9626,44.0917,28.2313,0.0,9.6228,19.8792,7.2839,0.6228,32.422,13.6738,0.0,56.7717,18.7739,B2,word_pos,adulte,A,adulte,ADJ
reporter,VERB,B2,beacco,28.1877,6.5293,0.2541,0.0,8.0709,28.1877,0.0,0.0,6.5293,0.5504,0.0,6.7009,23.2199,0.0,0.0,6.4266,B2,word_pos,reporter,V,reporter,VER
sonore,ADJ,B2,beacco,28.15,8.3998,0.0,0.0,13.8679,28.15,6.2023,0.0,8.3998,0.0,0.0,10.7378,12.6911,6.0005,0.0,6.0695,B2,word_pos,sonore,A,sonore,ADJ
susceptible,ADJ,B2,beacco,28.1397,17.2206,0.0,0.0,1.3056,28.1397,122.6899,85.6001,17.2206,0.0,0.0,2.4519,14.1801,121.9436,113.5434,15.6938,B2,word_pos,susceptible,A,susceptible,ADJ
nostalgique,ADJ,B2,beacco,27.9493,5.2746,0.0,0.6418,1.4582,27.9493,0.0,0.0,5.2746,0.0,0.6228,0.5531,8.3751,0.0,0.0,2.5615,B2,word_pos,nostalgique,A,nostalgique,ADJ
percevoir,VERB,B2,beacco,27.7684,27.0866,0.0,0.6418,22.1676,27.7684,68.9093,267.9746,27.0866,0.0,0.6228,14.6504,26.8458,92.388,213.947,25.0861,B2,word_pos,percevoir,V,percevoir,VER
phonétique,ADJ,B2,beacco,27.7684,3.1166,0.0,0.0,0.2916,27.7684,0.0,2.0587,3.1166,0.0,0.0,0.5531,14.4824,0.0,4.0185,3.1222,B2,word_pos,phonétique,A,phonétique,ADJ
enquêter,VERB,B2,beacco,27.5498,4.0276,0.0,0.0,0.7236,27.5498,0.0,12.9876,4.0276,0.0,0.0,0.0,9.0539,0.0,0.0,0.6634,B2,word_pos,enquêter,V,enquêter,VER
chauffeur,NOUN,B2,beacco,27.4697,9.2572,3.4359,0.0,7.7947,27.4697,9.3035,0.0,9.2572,7.3756,0.0,10.2019,37.3568,18.0014,0.0,14.7181,B2,word_pos,chauffeur,N,chauffeur,NOM
forum,NOUN,B2,beacco,27.3555,11.8936,0.0,0.2439,13.6665,27.3555,0.0,38.9627,11.8936,0.0,0.4664,0.1219,9.0915,0.0,38.4989,4.2465,B2,word_pos,forum,N,forum,NOM
suspect,ADJ,B2,beacco,27.3298,6.6207,0.0,0.0,3.2071,27.3298,0.0,45.4565,6.6207,0.0,0.0,3.7375,37.5542,0.0,25.6659,7.7205,B2,word_pos,suspect,A,suspect,ADJ
interlocuteur,NOUN,B2,beacco,27.2494,19.5145,0.0,1.6171,34.0094,27.2494,3.2084,9.6228,19.5145,0.0,0.4664,33.1119,6.8518,3.4423,19.328,14.4956,B2,word_pos,interlocuteur,N,interlocuteur,NOM
anonyme,ADJ,B2,beacco,27.2494,14.0232,0.7967,0.0,8.5253,27.2494,18.6069,19.2455,14.0232,0.8346,0.0,6.8306,15.9876,18.0014,19.328,11.0188,B2,word_pos,anonyme,A,anonyme,ADJ
chercheur,NOUN,B2,beacco,27.0459,88.548,0.0,0.8456,67.6164,27.0459,465.5259,460.6541,88.548,0.0,0.6008,65.4673,23.856,293.8517,472.1677,67.6333,B2,word_pos,chercheur,N,chercheur,NOM
égalité,NOUN,B2,beacco,27.0459,25.1071,0.0,0.0,23.7362,27.0459,92.3992,115.473,25.1071,0.0,0.1865,31.0139,19.035,120.3766,77.312,30.3409,B2,word_pos,égalité,N,égalité,NOM
procès,NOUN,B2,beacco,26.9336,14.392,0.0,0.0,18.0002,26.9336,60.5674,0.0,14.392,0.0,0.0,9.6097,33.7151,49.5147,0.0,11.907,B2,word_pos,procès,N,procès,NOM
fameux,ADJ,B2,beacco,26.8922,21.9988,0.0,0.7405,38.0937,26.8922,57.3001,4.1173,21.9988,0.0,0.606,52.3218,29.3307,62.7057,4.0185,28.8016,B2,word_pos,fameux,A,fameux,ADJ
paradoxal,ADJ,B2,beacco,26.6378,5.0368,0.0,0.0,0.3401,26.6378,20.7298,0.0,5.0368,0.0,0.0,0.5857,21.1614,31.3528,0.0,6.4553,B2,word_pos,paradoxal,A,paradoxal,ADJ
rat,NOUN,B2,beacco,26.5673,18.3931,0.0,0.3702,33.0491,26.5673,18.4508,39.0192,18.3931,0.0,0.606,20.233,25.1988,19.861,56.7717,16.7443,B2,word_pos,rat,N,rat,NOM
habillé,ADJ,B2,beacco,26.4897,11.1621,0.6621,7.5479,8.2062,26.4897,0.0,0.0,11.1621,0.0,0.0,0.0,9.5296,0.0,0.0,0.6889,B2,word_pos,habillé,A,habillé,ADJ
éphémère,ADJ,B2,beacco,26.4895,1.9633,0.0,0.0,0.2366,26.4895,0.0,0.0,1.9633,0.0,0.0,0.438,8.3751,0.0,0.0,1.0088,B2,word_pos,éphémère,A,éphémère,ADJ
ériger,VERB,B2,beacco,26.4575,7.416,0.0,0.0,1.6204,26.4575,33.6238,0.0,7.416,0.0,0.0,3.1735,32.5462,43.5754,0.0,10.1452,B2,word_pos,ériger,V,ériger,VER
inciter,VERB,B2,beacco,26.1551,8.2344,0.0,0.0,0.7236,26.1551,45.2699,6.4938,8.2344,0.0,0.0,1.2756,17.8055,56.8202,12.833,9.1804,B2,word_pos,inciter,V,inciter,VER
exception,NOUN,B2,beacco,25.9699,19.3083,1.1385,0.0,15.9454,25.9699,30.8753,116.5635,19.3083,1.1764,0.0,30.9156,35.5193,36.8208,113.6757,25.2833,B2,word_pos,exception,N,exception,NOM
écologique,ADJ,B2,beacco,25.9136,18.401,0.0,0.0,50.8171,25.9136,15.7275,12.9876,18.401,0.0,0.0,43.7538,27.0642,31.3781,25.6659,20.778,B2,word_pos,écologique,A,écologique,ADJ
échelle,NOUN,B2,beacco,25.6014,30.4669,2.4086,0.4879,26.9819,25.6014,108.1656,19.2455,30.4669,1.4639,0.4664,27.1531,25.6565,112.2698,38.656,29.6677,B2,word_pos,échelle,N,échelle,NOM
ressemblance,NOUN,B2,beacco,25.5991,2.2298,0.0,0.0,0.0,25.5991,0.0,2.0587,2.2298,0.0,0.0,0.0,12.4791,0.0,4.0185,1.8223,B2,word_pos,ressemblance,N,ressemblance,NOM
député,NOUN,B2,beacco,25.4817,23.9568,0.0,0.3209,48.1678,25.4817,36.875,43.6102,23.9568,0.0,0.6228,34.4106,17.8055,8.2781,56.7717,17.6372,B2,word_pos,député,N,député,NOM
impulsif,ADJ,B2,beacco,25.4659,2.302,0.0,0.0,0.2405,25.4659,0.0,0.0,2.302,0.0,0.0,0.4665,9.5948,0.0,0.0,1.5451,B2,word_pos,impulsif,A,impulsif,ADJ
commercer,VERB,B2,beacco,25.4268,2.1007,0.0,0.5168,0.0,25.4268,0.0,0.0,2.1007,0.0,1.0679,0.0,2.2839,0.0,19.328,1.5336,B2,word_pos,commercer,V,commercer,VER
interdiction,NOUN,B2,beacco,25.2908,27.4567,0.7622,0.0,60.8842,25.2908,60.3901,0.0,27.4567,0.5504,0.0,38.0781,25.7572,47.8426,0.0,21.9593,B2,word_pos,interdiction,N,interdiction,NOM
systématiquement,ADV,B2,beacco,25.2227,6.5133,0.0,0.6619,0.3401,25.2227,41.0361,0.0,6.5133,0.0,0.2129,0.5857,9.0915,51.4303,0.0,6.7911,B2,word_pos,systématiquement,ADV,systématiquement,ADV
ambition,NOUN,B2,beacco,25.0874,10.2775,0.0,0.3702,4.9491,25.0874,24.6958,32.4689,10.2775,0.0,0.606,5.4335,31.7474,39.722,38.4989,14.7379,B2,word_pos,ambition,N,ambition,NOM
achever,VERB,B2,beacco,25.0874,9.6598,7.9919,0.3702,7.0749,25.0874,2.0505,19.2455,9.6598,7.2313,0.606,5.3763,25.2191,4.139,38.656,12.3365,B2,word_pos,achever,V,achever,VER
insignifiant,ADJ,B2,beacco,24.9798,1.494,0.0,0.0,0.0,24.9798,0.0,0.0,1.494,0.0,0.0,0.0,9.1403,0.0,0.0,0.6546,B2,word_pos,insignifiant,A,insignifiant,ADJ
suspendre,VERB,B2,beacco,24.96,13.9457,0.0,0.3702,18.1026,24.96,25.3674,19.4814,13.9457,0.0,0.606,15.6023,21.8718,31.3528,12.833,13.5978,B2,word_pos,suspendre,V,suspendre,VER
projeter,VERB,B2,beacco,24.708,13.7334,0.0,1.6044,18.0741,24.708,2.0505,6.176,13.7334,0.0,0.6228,11.6894,17.8082,4.139,4.0185,9.939,B2,word_pos,projeter,V,projeter,VER
allure,NOUN,B2,beacco,24.6774,21.9952,0.5025,0.1897,57.9975,24.6774,1.6042,0.0,21.9952,0.9051,0.2065,33.684,18.2805,0.0,0.0,14.6651,B2,word_pos,allure,N,allure,NOM
obscur,ADJ,B2,beacco,24.6557,14.1569,0.5025,0.6418,22.1172,24.6557,4.8126,4.1173,14.1569,0.0,0.6228,11.796,33.0183,3.4423,4.0185,10.8858,B2,word_pos,obscur,A,obscur,ADJ
démocratie,NOUN,B2,beacco,24.4253,31.7413,0.6621,0.0,21.6145,24.4253,99.8339,227.7248,31.7413,1.2635,0.0,16.7539,18.183,115.6396,138.6137,26.8282,B2,word_pos,démocratie,N,démocratie,NOM
parti,NOUN,B2,beacco,24.3129,22.1303,0.0,0.2527,25.6653,24.3129,61.6988,58.4441,22.1303,7.4133,0.5137,21.3317,8.3751,77.1946,64.1649,24.6235,B2,word_pos,parti,N,parti,NOM
expérimenter,VERB,B2,beacco,24.2003,5.0966,0.0,0.0,1.5151,24.2003,8.2019,0.0,5.0966,0.0,0.0,0.438,13.8424,4.139,0.0,2.8425,B2,word_pos,expérimenter,V,expérimenter,VER
soumettre,VERB,B2,beacco,24.001,21.9863,0.0,0.2117,13.996,24.001,76.6083,160.2527,21.9863,0.0,0.4157,23.1597,20.9173,91.5429,170.3152,26.701,B2,word_pos,soumettre,V,soumettre,VER
auquel,PRON,B2,beacco,23.1073,12.5156,0.0,0.0,13.0975,23.1073,34.6336,0.0,12.5156,0.0,0.5213,35.7287,36.1967,115.8441,38.656,30.6953,B2,word_pos,auquel,PREPPRO,auquel,PRO
désagréable,ADJ,B2,beacco,22.9727,5.2114,0.6621,0.4879,0.3401,22.9727,4.101,0.0,5.2114,1.2635,0.4664,0.5857,25.0989,4.139,0.0,6.7376,B2,word_pos,désagréable,A,désagréable,ADJ
radical,ADJ,B2,beacco,22.8794,8.7457,0.2738,0.0,1.3056,22.8794,10.2669,85.6001,8.7457,0.5987,0.0,2.4519,9.0915,20.6179,12.833,6.1075,B2,word_pos,radical,A,radical,ADJ
pur,ADJ,B2,beacco,22.7019,17.7323,1.9917,0.2152,23.9203,22.7019,29.4201,19.2455,17.7323,2.5037,0.186,34.802,18.0984,19.861,19.328,18.4169,B2,word_pos,pur,A,pur,ADJ
recenser,VERB,B2,beacco,22.6036,11.6784,0.0,0.2439,2.952,22.6036,8.2019,154.1931,11.6784,0.0,0.4664,3.6187,19.2521,8.2781,145.006,12.0813,B2,word_pos,recenser,V,recenser,VER
sélection,NOUN,B2,beacco,22.6036,8.4393,0.0,0.0944,13.8486,22.6036,2.0505,0.0,8.4393,0.0,0.1937,10.7816,22.7812,4.139,0.0,9.7388,B2,word_pos,sélection,N,sélection,NOM
pédagogie,NOUN,B2,beacco,22.6036,3.9035,0.0,0.0,0.0,22.6036,24.6958,0.0,3.9035,0.0,0.0,0.0,8.3751,29.205,0.0,3.2723,B2,word_pos,pédagogie,N,pédagogie,NOM
durable,ADJ,B2,beacco,22.5725,24.7536,0.0,0.0,28.8517,22.5725,88.5919,67.3593,24.7536,0.0,0.0,31.661,25.431,99.3049,38.656,26.3501,B2,word_pos,durable,A,durable,ADJ
consultation,NOUN,B2,beacco,22.569,5.466,0.0,0.0,0.4911,22.569,2.0505,48.0277,5.466,0.0,0.0,0.373,11.6267,4.139,95.2552,7.1665,B2,word_pos,consultation,N,consultation,NOM
immédiat,ADJ,B2,beacco,22.522,18.5564,0.0,0.0,32.8223,22.522,15.6669,66.4113,18.5564,0.0,0.0,29.5445,8.9868,20.024,43.8345,13.9017,B2,word_pos,immédiat,A,immédiat,ADJ
multitude,NOUN,B2,beacco,22.4666,3.434,0.0,2.8783,0.0,22.4666,0.0,0.0,3.434,0.0,0.6228,0.0,21.1206,0.0,0.0,3.1528,B2,word_pos,multitude,N,multitude,NOM
ruelle,NOUN,B2,beacco,22.3564,4.6191,1.005,0.0,1.5922,22.3564,0.0,0.0,4.6191,0.9051,0.0,3.1463,8.1386,0.0,0.0,3.4598,B2,word_pos,ruelle,N,ruelle,NOM
lien,NOUN,B2,beacco,22.3499,41.4598,3.6868,0.0,33.4349,22.3499,154.9179,173.2095,41.4598,7.3458,0.0,38.711,18.183,121.4188,135.296,39.4764,B2,word_pos,lien,N,lien,NOM
hôte,NOUN,B2,beacco,22.2166,28.9576,3.1867,21.7117,36.6191,22.2166,3.2084,0.0,28.9576,1.6691,0.4664,33.3668,3.9054,0.0,0.0,13.9139,B2,word_pos,hôte,N,hôte,NOM
gamme,NOUN,B2,beacco,22.1324,8.9462,0.0,0.4234,4.1227,22.1324,12.4046,9.6228,8.9462,0.0,0.4157,3.2163,11.6267,24.0018,19.328,9.4768,B2,word_pos,gamme,N,gamme,NOM
sûreté,NOUN,B2,beacco,21.9794,7.2547,0.0,0.0,0.0,21.9794,18.6069,64.9379,7.2547,0.0,0.0,0.0,12.8024,18.0014,89.8308,8.2495,B2,word_pos,sûreté,N,sûreté,NOM
rivaliser,VERB,B2,beacco,21.9342,1.9502,0.0,0.0,0.0,21.9342,1.6042,0.0,1.9502,0.0,0.0,0.0,8.7861,3.4423,0.0,1.4925,B2,word_pos,rivaliser,V,rivaliser,VER
dissociation,NOUN,B2,beacco,21.9194,1.8664,0.0,0.0,0.0,21.9194,3.1012,0.0,1.8664,0.0,0.0,0.0,5.2073,6.0005,0.0,0.7502,B2,word_pos,dissociation,N,dissociation,NOM
déplaire,VERB,B2,beacco,21.8665,9.3009,0.0,1.6044,4.8289,21.8665,21.4487,0.0,9.3009,0.0,0.6228,7.5195,18.0984,26.3397,0.0,9.6176,B2,word_pos,déplaire,V,déplaire,VER
admiration,NOUN,B2,beacco,21.8665,7.2077,1.0394,0.3209,3.3472,21.8665,6.4168,0.0,7.2077,1.1123,0.6228,6.6448,38.2775,6.8846,0.0,11.5831,B2,word_pos,admiration,N,admiration,NOM
inconcevable,ADJ,B2,beacco,21.7895,1.396,0.0,0.0,0.0,21.7895,0.0,0.0,1.396,0.0,0.0,0.0,9.0915,0.0,0.0,0.6511,B2,word_pos,inconcevable,A,inconcevable,ADJ
étang,NOUN,B2,beacco,21.771,4.2014,0.0,0.0,3.6415,21.771,6.2023,0.0,4.2014,0.0,0.0,2.8865,12.7613,6.0005,0.0,3.8715,B2,word_pos,étang,N,étang,NOM
imbécile,ADJ,B2,beacco,21.7043,5.4527,0.5477,0.0948,2.0392,21.7043,0.0,0.0,5.4527,0.0,0.0,0.2331,0.0,3.4423,0.0,0.7048,B2,word_pos,imbécile,A,imbécile,ADJ
aptitude,NOUN,B2,beacco,21.5869,4.997,0.0,0.3918,4.9491,21.5869,0.0,0.0,4.997,0.0,0.0,3.7679,17.8055,0.0,0.0,3.4691,B2,word_pos,aptitude,N,aptitude,NOM
complice,NOUN,B2,beacco,21.5835,3.8684,3.1584,0.0,0.3618,21.5835,0.0,0.0,3.8684,2.5165,0.0,0.0,18.0499,0.0,0.0,2.5593,B2,word_pos,complice,N,complice,NOM
plancher,NOUN,B2,beacco,21.5119,2.4754,0.0,0.0,0.4809,21.5119,0.0,0.0,2.4754,0.0,0.0,0.4665,26.5704,0.0,0.0,3.2305,B2,word_pos,plancher,N,plancher,NOM
exclusion,NOUN,B2,beacco,21.4046,11.5215,0.0,1.2835,9.8469,21.4046,34.062,0.0,11.5215,0.0,0.6228,9.3199,23.8285,40.1357,0.0,11.7881,B2,word_pos,exclusion,N,exclusion,NOM
cellule,NOUN,B2,beacco,21.194,20.5532,0.0,0.0,5.8989,21.194,49.6184,294.8399,20.5532,0.0,0.0,5.5016,18.2715,42.0032,400.2865,21.8762,B2,word_pos,cellule,N,cellule,NOM
nation,NOUN,B2,beacco,21.194,17.5683,0.0,0.2035,11.8348,21.194,63.7106,12.9876,17.5683,0.0,0.3851,14.8807,15.9876,69.823,25.6659,19.5682,B2,word_pos,nation,N,nation,NOM
justifier,VERB,B2,beacco,21.194,16.4804,1.895,0.0,13.7845,21.194,43.6353,72.7833,16.4804,0.6291,0.0,21.2282,2.2839,65.9532,56.7717,14.7703,B2,word_pos,justifier,V,justifier,VER
inutilité,NOUN,B2,beacco,21.194,1.2809,0.0,0.0,0.2366,21.194,0.0,0.0,1.2809,0.0,0.0,0.438,4.5679,0.0,0.0,0.9824,B2,word_pos,inutilité,N,inutilité,NOM
accaparer,VERB,B2,beacco,21.194,1.2651,0.0,0.0,0.0,21.194,2.0505,0.0,1.2651,0.0,0.0,0.0,4.5679,4.139,0.0,0.9132,B2,word_pos,accaparer,V,accaparer,VER
devancer,VERB,B2,beacco,21.1376,1.804,0.0,0.0,0.2366,21.1376,0.0,0.0,1.804,0.0,0.0,0.438,3.9054,0.0,0.0,0.8982,B2,word_pos,devancer,V,devancer,VER
transparence,NOUN,B2,beacco,21.1125,8.2338,0.0,0.2117,0.3618,21.1125,36.875,39.0192,8.2338,0.0,0.4157,0.6378,8.4014,40.1357,77.4712,8.4749,B2,word_pos,transparence,N,transparence,NOM
chauve,ADJ,B2,beacco,21.0143,2.5245,0.0,0.0,0.0906,21.0143,0.0,0.0,2.5245,0.0,0.0,0.185,17.981,0.0,0.0,2.3989,B2,word_pos,chauve,A,chauve,ADJ
cuillère,NOUN,B2,beacco,20.9348,3.2131,0.7956,0.7405,0.0,20.9348,0.0,0.0,3.2131,0.4856,0.606,0.0,9.7303,0.0,0.0,1.931,B2,word_pos,cuillère,N,cuillère,NOM
concevoir,VERB,B2,beacco,20.8436,27.4524,0.0,0.0,51.177,20.8436,128.9382,9.6228,27.4524,0.0,0.0,37.106,25.431,74.5252,0.0,20.3856,B2,word_pos,concevoir,V,concevoir,VER
savon,NOUN,B2,beacco,20.7718,4.0663,0.0,6.858,0.0,20.7718,0.0,0.0,4.0663,0.0,0.5213,0.0,9.0915,0.0,0.0,1.4545,B2,word_pos,savon,N,savon,NOM
combler,VERB,B2,beacco,20.7718,3.2518,0.0,0.0,0.2076,20.7718,10.2669,0.0,3.2518,0.0,0.0,0.3906,9.0915,31.3781,0.0,4.3472,B2,word_pos,combler,V,combler,VER
socle,NOUN,B2,beacco,20.566,3.0144,0.0,0.0,1.0379,20.566,0.0,0.0,3.0144,0.0,0.0,0.3906,12.6911,0.0,0.0,1.8059,B2,word_pos,socle,N,socle,NOM
tension,NOUN,B2,beacco,20.5603,14.4557,0.0,0.9626,7.2813,20.5603,15.7275,189.3849,14.4557,0.0,0.6228,8.7428,18.0984,20.6179,86.9662,12.7681,B2,word_pos,tension,N,tension,NOM
cadavre,NOUN,B2,beacco,20.5511,6.2515,0.0,0.7835,4.6009,20.5511,0.0,0.0,6.2515,0.0,0.0,3.1016,21.0766,0.0,0.0,3.5513,B2,word_pos,cadavre,N,cadavre,NOM
inférieur,ADJ,B2,beacco,20.4835,10.6055,0.0,0.0,3.4231,20.4835,44.058,38.491,10.6055,0.0,0.0,7.1584,19.035,64.7832,38.656,13.6147,B2,word_pos,inférieur,A,inférieur,ADJ
essor,NOUN,B2,beacco,20.3793,10.5291,0.0,0.0,7.4735,20.3793,36.6419,0.0,10.5291,0.0,0.0,7.4124,17.8082,39.7963,0.0,10.1075,B2,word_pos,essor,N,essor,NOM
vaguement,ADV,B2,beacco,20.352,1.7652,0.0,0.0,0.0,20.352,0.0,0.0,1.7652,0.0,0.0,0.0,18.2638,0.0,0.0,1.4933,B2,word_pos,vaguement,ADV,vaguement,ADV
béret,NOUN,B2,beacco,20.2429,2.905,0.0,0.0,3.9128,20.2429,0.0,0.0,2.905,0.0,0.0,3.7375,21.7447,0.0,0.0,3.3216,B2,word_pos,béret,N,béret,NOM
tenir compter,VERB,B2,crf_first_attested,20.137,2.8117,0.0,0.0,0.0,20.137,12.4046,0.0,2.8117,,,,,,,,,crf_only,tenir compter,V,,
coupole,NOUN,B2,beacco,20.1207,7.911,0.7622,0.0,0.9041,20.1207,0.0,0.0,7.911,0.5504,0.0,0.6118,41.2465,0.0,0.0,9.5295,B2,word_pos,coupole,N,coupole,NOM
moindre,ADJ,B2,beacco,19.9828,35.2618,0.5025,0.4879,73.2878,19.9828,76.3969,38.491,35.2618,0.0,0.4664,63.1972,21.4442,102.2081,57.984,34.5556,B2,word_pos,moindre,A,moindre,ADJ
recueillir,VERB,B2,beacco,19.8046,24.8096,0.0,0.6418,26.6717,19.8046,50.677,154.1931,24.8096,0.0,0.6228,22.2532,19.0072,49.0825,135.3747,22.1419,B2,word_pos,recueillir,V,recueillir,VER
généraliste,ADJ,B2,beacco,19.7746,1.7842,0.0,0.0,0.0,19.7746,6.1515,0.0,1.7842,0.0,0.0,0.0,3.8116,4.139,0.0,0.7701,B2,word_pos,généraliste,A,généraliste,ADJ
conférence,NOUN,B2,beacco,19.6504,16.8949,0.0,0.2117,10.6535,19.6504,72.9575,45.4565,16.8949,0.0,0.4157,9.561,14.1801,34.1646,38.4989,13.1055,B2,word_pos,conférence,N,conférence,NOM
démontrer,VERB,B2,beacco,19.6504,13.4988,0.0,0.7405,14.0632,19.6504,10.2669,105.8503,13.4988,0.0,0.606,22.9633,19.2521,20.6179,96.64,18.0774,B2,word_pos,démontrer,V,démontrer,VER
boucher,ADJ,B2,beacco,19.4067,3.8786,,,,,,,,0.4856,0.5213,0.0,19.4067,0.0,0.0,3.8786,B2,beacco_only,,,boucher,ADJ
fondateur,NOUN,B2,beacco,19.3322,14.5915,0.0,0.0,17.4669,19.3322,36.5955,28.8683,14.5915,0.0,0.1276,17.2307,31.7688,49.0825,19.328,16.635,B2,word_pos,fondateur,N,fondateur,NOM
transition,NOUN,B2,beacco,19.3322,6.2697,0.0,0.0,3.6488,19.3322,0.0,72.7833,6.2697,0.0,0.0,3.6187,9.1403,0.0,77.4712,5.5863,B2,word_pos,transition,N,transition,NOM
académique,ADJ,B2,beacco,19.3322,2.265,0.0,0.0,0.0,19.3322,0.0,19.2455,2.265,0.0,0.0,0.0,14.4942,0.0,19.328,1.8951,B2,word_pos,académique,A,académique,ADJ
inégalité,NOUN,B2,beacco,19.192,11.6029,0.0,0.2439,14.8622,19.192,8.2019,28.5334,11.6029,0.0,0.4664,17.5039,28.8924,12.4171,56.7717,16.0474,B2,word_pos,inégalité,N,inégalité,NOM
fondamental,ADJ,B2,beacco,19.171,18.3831,0.9991,0.4228,3.7947,19.171,125.6059,19.2455,18.3831,0.9464,0.6008,3.5861,11.742,141.3938,38.656,19.7806,B2,word_pos,fondamental,A,fondamental,ADJ
marin,NOUN,B2,beacco,19.143,8.5897,0.0,8.961,0.5833,19.143,0.0,0.0,8.5897,0.0,0.6008,1.1062,16.7736,0.0,0.0,3.779,B2,word_pos,marin,N,marin,NOM
nettement,ADV,B2,beacco,19.1311,9.8144,0.0,0.0,14.4636,19.1311,13.8696,28.5334,9.8144,0.0,0.0,15.2363,8.4014,20.6179,56.7717,9.5803,B2,word_pos,nettement,ADV,nettement,ADV
verbe,NOUN,B2,beacco,19.1311,3.006,0.0,0.0,0.2405,19.1311,0.0,4.1173,3.006,0.0,0.0,0.4665,5.0821,0.0,8.037,2.8107,B2,word_pos,verbe,N,verbe,NOM
réputé,ADJ,B2,beacco,18.9151,2.8122,0.0,0.0,0.0818,18.9151,0.0,9.6228,2.8122,0.0,0.0,2.4712,9.7303,0.0,19.328,3.5959,B2,word_pos,réputé,A,réputé,ADJ
résoudre,VERB,B2,beacco,18.6996,21.1195,0.0,0.1076,29.9968,18.6996,112.6276,6.4938,21.1195,0.0,0.186,20.6801,17.1234,34.1646,12.833,13.3144,B2,word_pos,résoudre,V,résoudre,VER
volume,NOUN,B2,beacco,18.5864,12.9916,0.0,0.2117,12.0992,18.5864,45.7071,6.176,12.9916,0.0,0.4157,12.7159,14.4824,66.9321,4.0185,14.5462,B2,word_pos,volume,N,volume,NOM
logique,NOUN,B2,beacco,18.5864,9.9456,0.0,0.0,6.7847,18.5864,36.2948,9.6228,9.9456,0.0,0.0,5.4885,14.4824,43.5754,38.656,11.2866,B2,word_pos,logique,N,logique,NOM
avérer,VERB,B2,beacco,18.5864,7.3112,0.0,0.0,1.8309,18.5864,57.5361,0.0,7.3112,0.0,0.0,3.5101,9.0915,54.0583,0.0,6.9442,B2,word_pos,avérer,V,avérer,VER
psychanalyste,NOUN,B2,beacco,18.5864,5.2172,0.0,0.0,3.6488,18.5864,8.2019,0.0,5.2172,0.0,0.0,3.6187,9.0915,8.2781,0.0,4.4081,B2,word_pos,psychanalyste,N,psychanalyste,NOM
pdg,NOUN,B2,crf_first_attested,18.5864,1.6042,0.0,0.0,0.0,18.5864,3.1012,0.0,1.6042,,,,,,,,,crf_only,pdg,N,,
diabolisation,NOUN,B2,crf_first_attested,18.5864,1.0687,0.0,0.0,0.0,18.5864,0.0,0.0,1.0687,,,,,,,,,crf_only,diabolisation,N,,
énigme,NOUN,B2,beacco,18.3649,3.8261,0.0,0.0,0.1507,18.3649,15.5058,0.0,3.8261,0.0,0.0,0.3059,12.8024,0.0,0.0,1.9793,B2,word_pos,énigme,N,énigme,NOM
démonter,VERB,B2,beacco,18.2896,1.2689,0.0,0.0,0.0,18.2896,0.0,0.0,1.2689,0.0,0.0,0.0,16.7912,0.0,0.0,1.3482,B2,word_pos,démonter,V,démonter,VER
commission,NOUN,B2,beacco,18.2704,10.8398,0.5025,0.0,3.7083,18.2704,6.1515,123.6938,10.8398,0.9051,0.0,3.5101,30.0969,41.3903,106.9533,18.0983,B2,word_pos,commission,N,commission,NOM
rien que,CONJ,B2,crf_first_attested,18.2452,2.8673,0.0,0.0,0.0,18.2452,0.0,6.176,2.8673,,,,,,,,,crf_only,rien que,CONJS,,
hypothèse,NOUN,B2,beacco,18.1816,7.3769,0.0,0.0,0.0,18.1816,51.8789,56.3711,7.3769,0.0,0.0,0.0,9.1403,65.9532,78.971,7.3345,B2,word_pos,hypothèse,N,hypothèse,NOM
dispositif,NOUN,B2,beacco,18.1663,19.365,0.0,1.1107,18.4552,18.1663,66.4817,0.0,19.365,0.0,0.606,13.1284,4.5679,88.5596,0.0,14.4276,B2,word_pos,dispositif,N,dispositif,NOM
utilisateur,NOUN,B2,beacco,18.1663,9.1012,0.0,0.0,7.3068,18.1663,34.728,0.0,9.1012,0.0,0.0,8.7014,4.5679,18.0014,0.0,6.6528,B2,word_pos,utilisateur,N,utilisateur,NOM
blogosphère,NOUN,B2,crf_first_attested,18.1663,0.4148,0.0,0.0,0.0,18.1663,0.0,0.0,0.4148,,,,,,,,,crf_only,blogosphère,N,,
replacer,VERB,B2,beacco,18.1101,5.4752,7.6622,0.0,0.9618,18.1101,0.0,0.0,5.4752,0.5504,0.0,0.4665,7.0007,0.0,0.0,2.229,B2,word_pos,replacer,V,replacer,VER
compliqué,ADJ,B2,beacco,17.9674,8.7908,7.6323,0.0,2.6247,17.9674,13.8696,0.0,8.7908,0.9051,0.0,0.0,9.5296,3.4423,0.0,2.5512,B2,word_pos,compliqué,A,compliqué,ADJ
clair,ADV,B2,beacco,17.9334,8.1901,,,,,,,,0.9121,0.5137,3.5715,17.9334,20.6179,0.0,8.1901,B2,beacco_only,,,clair,ADV
entreprendre,VERB,B2,beacco,17.8556,5.9106,0.0,1.9253,1.8328,17.8556,2.0505,9.6228,5.9106,0.0,0.6228,3.5156,10.5383,4.139,19.328,5.9329,B2,word_pos,entreprendre,V,entreprendre,VER
cinquième,ADJ,B2,beacco,17.8175,5.1306,0.0816,4.9498,1.7177,17.8175,0.0,0.0,5.1306,0.171,0.5137,0.3059,10.5865,0.0,0.0,3.1197,B2,word_pos,cinquième,A,cinquième,ADJ
libéral,ADJ,B2,beacco,17.5765,8.3052,0.7967,0.0,6.5533,17.5765,14.3534,0.0,8.3052,0.8346,0.0,10.2433,1.2705,8.2781,0.0,6.2278,B2,word_pos,libéral,A,libéral,ADJ
habileté,NOUN,B2,beacco,17.5577,7.0301,0.0,1.1794,2.0405,17.5577,0.0,0.0,7.0301,0.0,0.6111,0.8634,10.8364,0.0,0.0,3.5605,B2,word_pos,habileté,N,habileté,NOM
dire,NOUN,B2,beacco,17.325,18.4285,19.754,10.6108,10.3669,17.325,45.7071,0.0,18.4285,1.1556,0.0,17.4005,66.06,0.0,19.328,15.781,B2,word_pos,dire,N,dire,NOM
quantité,NOUN,B2,beacco,17.2059,23.2905,0.8137,0.0,19.4496,17.2059,122.6899,56.9312,23.2905,0.8075,0.0,27.3327,20.4316,170.044,113.6757,32.1146,B2,word_pos,quantité,N,quantité,NOM
travailleur,NOUN,B2,beacco,17.1787,9.215,0.4996,0.5168,11.3729,17.1787,0.0,28.5334,9.215,7.0309,0.0,16.406,18.9627,0.0,56.7717,13.319,B2,word_pos,travailleur,N,travailleur,NOM
intime,ADJ,B2,beacco,16.9899,16.2843,0.0,0.1887,30.3622,16.9899,24.8092,9.6228,16.2843,0.0,0.1937,33.8118,14.4942,24.0018,19.328,20.0706,B2,word_pos,intime,A,intime,ADJ
troublant,ADJ,B2,beacco,16.9899,1.0486,0.0,0.0,0.0,16.9899,0.0,0.0,1.0486,0.0,0.0,0.6378,9.1403,0.0,0.0,1.5106,B2,word_pos,troublant,A,troublant,ADJ
éberluer,VERB,B2,beacco,16.9899,1.0486,0.0,0.0,0.0,16.9899,0.0,0.0,1.0486,0.0,0.0,0.0,9.1403,0.0,0.0,0.6546,B2,word_pos,éberluer,V,éberluer,VER
précoce,ADJ,B2,beacco,16.8351,4.2393,0.0,0.0,5.1414,16.8351,0.0,6.4938,4.2393,0.0,0.0,7.102,14.4824,0.0,12.833,5.5203,B2,word_pos,précoce,A,précoce,ADJ
soupçon,NOUN,B2,beacco,16.83,5.0532,0.0,0.7835,0.0908,16.83,8.2019,0.0,5.0532,0.0,0.0,0.2504,16.4574,4.139,0.0,3.3076,B2,word_pos,soupçon,N,soupçon,NOM
déduction,NOUN,B2,beacco,16.83,1.1123,0.0,0.0,0.0,16.83,0.0,0.0,1.1123,0.0,0.0,0.0,16.445,3.4423,0.0,2.1474,B2,word_pos,déduction,N,déduction,NOM
synonyme,ADJ,B2,beacco,16.7982,6.2356,0.0,0.0618,6.0863,16.7982,9.3035,0.0,6.2356,0.0,0.1276,9.9698,14.5373,6.0005,0.0,6.175,B2,word_pos,synonyme,A,synonyme,ADJ
observateur,NOUN,B2,beacco,16.7951,14.5832,0.0,10.08,17.5804,16.7951,9.3035,6.4938,14.5832,0.0,0.0,0.5857,0.911,0.0,12.833,1.5667,B2,word_pos,observateur,N,observateur,NOM
rite,NOUN,B2,beacco,16.7664,12.4277,0.0,0.3702,30.6825,16.7664,6.2023,0.0,12.4277,0.0,0.606,12.2248,13.6738,6.0005,0.0,8.5228,B2,word_pos,rite,N,rite,NOM
partage,NOUN,B2,beacco,16.6948,7.7791,1.5912,0.2439,0.5833,16.6948,16.4039,19.4814,7.7791,0.4856,0.4664,0.5531,25.431,8.2781,12.833,7.8195,B2,word_pos,partage,N,partage,NOM
incrédule,ADJ,B2,beacco,16.6562,3.6803,0.2541,0.6418,0.0,16.6562,0.0,9.6228,3.6803,0.5504,0.6228,0.0,16.1916,0.0,19.328,4.0549,B2,word_pos,incrédule,A,incrédule,ADJ
perte,NOUN,B2,beacco,16.6524,32.0841,0.5025,0.7405,31.4146,16.6524,121.5194,96.9035,32.0841,0.9051,0.606,30.6187,9.1358,101.2835,113.5434,28.2556,B2,word_pos,perte,N,perte,NOM
postal,ADJ,B2,beacco,16.6524,24.7629,5.2842,0.2114,14.0543,16.6524,131.3541,0.0,24.7629,1.1764,0.6008,7.622,11.4197,106.6581,0.0,17.2081,B2,word_pos,postal,A,postal,ADJ
capricieux,ADJ,B2,beacco,16.6524,4.9106,0.0,0.1425,3.4513,16.6524,0.0,0.0,4.9106,0.0,0.2891,0.1243,4.5679,0.0,0.0,1.8672,B2,word_pos,capricieux,A,capricieux,ADJ
sensibilité,NOUN,B2,beacco,16.6141,12.0224,0.0,0.7318,4.5481,16.6141,56.7888,9.6228,12.0224,0.0,0.4664,6.2385,17.981,40.6321,19.328,11.623,B2,word_pos,sensibilité,N,sensibilité,NOM
inverse,ADJ,B2,beacco,16.5418,9.2639,0.0,0.0,1.2455,16.5418,45.7071,45.4565,9.2639,0.0,0.0,0.0,8.3751,41.2358,12.833,4.5452,B2,word_pos,inverse,A,inverse,ADJ
à l' égard de,PREP,B2,crf_first_attested,16.5418,3.4654,0.0,0.0,0.0,16.5418,2.0505,25.5316,3.4654,,,,,,,,,crf_only,à l' égard de,PREP,,
individualiste,ADJ,B2,beacco,16.5418,2.8101,0.0,0.3209,0.7236,16.5418,0.0,0.0,2.8101,0.0,0.0,1.2756,8.3751,0.0,0.0,1.9825,B2,word_pos,individualiste,A,individualiste,ADJ
priser,VERB,B2,beacco,16.5111,3.1754,0.0,0.0,0.0,16.5111,9.6252,0.0,3.1754,0.0,0.0,0.0,35.973,3.4423,12.833,5.0989,B2,word_pos,priser,V,priser,VER
bel et bien,ADV,B2,crf_first_attested,16.4979,3.457,0.0,0.0,0.0,16.4979,31.3338,0.0,3.457,,,,,,,,,crf_only,bel et bien,ADV,,
couvert,NOUN,B2,beacco,16.4647,6.142,0.5197,6.1351,1.9669,16.4647,0.0,0.0,6.142,1.1123,0.5781,0.438,0.0,0.0,0.0,1.473,B2,word_pos,couvert,N,couvert,NOM
bal,NOUN,B2,beacco,16.4091,18.5675,15.6561,0.2948,37.5901,16.4091,1.6042,0.0,18.5675,7.0309,0.6111,65.2933,18.0571,3.4423,0.0,27.2186,B2,word_pos,bal,N,bal,NOM
splendeur,NOUN,B2,beacco,16.3445,1.042,0.0,0.0,0.0,16.3445,0.0,0.0,1.042,0.0,0.0,0.0,8.7861,0.0,0.0,0.6644,B2,word_pos,splendeur,N,splendeur,NOM
luxe,NOUN,B2,beacco,16.3339,11.3441,1.3242,0.3702,13.6744,16.3339,3.2084,19.2455,11.3441,1.2635,0.606,19.7522,27.6189,3.4423,38.656,16.8211,B2,word_pos,luxe,N,luxe,NOM
soutenir,VERB,B2,beacco,16.3014,43.9008,0.7967,0.2035,75.5214,16.3014,182.2432,45.034,43.9008,0.8346,0.3851,62.5351,14.4824,175.5796,77.5234,42.1853,B2,word_pos,soutenir,V,soutenir,VER
employeur,NOUN,B2,beacco,16.3014,16.7442,0.6621,0.0,26.6674,16.3014,31.4551,48.1138,16.7442,1.2635,0.0,18.1679,19.035,20.6179,57.984,15.4984,B2,word_pos,employeur,N,employeur,NOM
environnemental,ADJ,B2,beacco,16.3014,10.5984,0.0,0.0,1.4155,16.3014,100.9868,9.6228,10.5984,0.0,0.0,2.4816,19.035,106.0365,19.328,13.0775,B2,word_pos,environnemental,A,environnemental,ADJ
protester,VERB,B2,beacco,16.3014,10.4618,0.0,0.0948,24.9485,16.3014,1.6042,0.0,10.4618,0.0,0.2065,20.2598,19.035,3.4423,0.0,11.3173,B2,word_pos,protester,V,protester,VER
essai,NOUN,B2,beacco,16.2266,12.2755,0.2541,0.7796,4.8104,16.2266,29.5463,48.1138,12.2755,0.5504,0.5213,6.104,14.5373,46.7967,57.984,14.8612,B2,word_pos,essai,N,essai,NOM
profit,NOUN,B2,beacco,16.1761,15.8282,0.0,0.0,26.0338,16.1761,59.2255,9.6228,15.8282,0.0,0.0,27.1503,32.0144,65.168,19.328,19.4245,B2,word_pos,profit,N,profit,NOM
succéder,VERB,B2,beacco,16.0518,6.3482,0.0,0.0,3.9548,16.0518,8.2019,28.8683,6.3482,0.0,0.0,7.6118,24.2145,8.2781,19.328,8.6918,B2,word_pos,succéder,V,succéder,VER
tache,NOUN,B2,beacco,15.941,9.7843,0.0,0.0,18.6592,15.941,4.101,6.4938,9.7843,0.0,0.0,12.2309,14.4942,4.139,12.833,7.8547,B2,word_pos,tache,N,tache,NOM
en marge du,PREP,B2,crf_first_attested,15.941,0.9812,0.0,0.0,0.0,15.941,0.0,0.0,0.9812,,,,,,,,,crf_only,en marge du,PREP,,
efforcer,VERB,B2,beacco,15.8813,9.0732,0.0,0.0,7.9645,15.8813,45.0494,0.0,9.0732,0.0,0.0,7.1187,14.4824,41.2358,0.0,8.6209,B2,word_pos,efforcer,V,efforcer,VER
précaution,NOUN,B2,beacco,15.8783,10.6713,0.0,0.0,8.7107,15.8783,41.8407,12.9876,10.6713,0.0,0.0,13.8484,18.7208,41.1274,12.833,13.0958,B2,word_pos,précaution,N,précaution,NOM
orienter,VERB,B2,beacco,15.8017,24.2296,0.5304,0.6418,22.4909,15.8017,99.649,48.1138,24.2296,0.4856,0.6228,14.4206,21.1614,52.5392,19.328,16.9785,B2,word_pos,orienter,V,orienter,VER
étrangler,VERB,B2,beacco,15.7831,7.1551,0.0,2.6069,2.4375,15.7831,15.5058,0.0,7.1551,0.0,0.6228,3.4415,12.2697,6.0005,0.0,5.0453,B2,word_pos,étrangler,V,étrangler,VER
crainte,NOUN,B2,beacco,15.6705,8.4788,0.0,2.2257,0.1812,15.6705,21.7081,19.2455,8.4788,0.0,0.5213,0.0,14.1801,18.0014,19.328,5.2009,B2,word_pos,crainte,N,crainte,NOM
surgir,VERB,B2,beacco,15.596,3.5935,0.0,0.0,3.666,15.596,0.0,9.6228,3.5935,0.0,0.0,5.0402,18.0886,0.0,19.328,4.7765,B2,word_pos,surgir,V,surgir,VER
tchèque,NOUN,B2,beacco,15.4403,0.8483,0.0,0.0,0.0,15.4403,0.0,0.0,0.8483,0.0,0.0,0.0,21.5199,0.0,0.0,0.5786,B2,word_pos,tchèque,N,tchèque,NOM
suspect,NOUN,B2,beacco,15.2133,0.3474,0.0,0.0,0.0,15.2133,0.0,0.0,0.3474,0.0,0.0,0.0,18.9831,0.0,0.0,0.5104,B2,word_pos,suspect,N,suspect,NOM
encombrer,VERB,B2,beacco,15.1386,9.7755,0.5081,0.0,14.4508,15.1386,6.2023,0.0,9.7755,0.5504,0.0,5.8471,4.5679,6.0005,0.0,4.9156,B2,word_pos,encombrer,V,encombrer,VER
sida,NOUN,B2,beacco,15.1386,7.3022,0.4068,0.0,2.6263,15.1386,31.4551,0.0,7.3022,0.8075,0.0,3.4815,6.8518,20.6179,0.0,5.9718,B2,word_pos,sida,N,sida,NOM
congrès,NOUN,B2,beacco,15.1386,4.6062,0.0,0.7405,2.8761,15.1386,0.0,0.0,4.6062,0.0,0.0,2.8589,4.5679,0.0,0.0,2.0259,B2,word_pos,congrès,N,congrès,NOM
recrutement,NOUN,B2,beacco,15.1386,4.0596,0.0,0.0,0.0,15.1386,6.1515,38.491,4.0596,0.0,0.0,0.0,11.4197,4.139,38.656,3.0047,B2,word_pos,recrutement,N,recrutement,NOM
valoriser,VERB,B2,beacco,14.8999,8.754,0.0,0.0,6.2982,14.8999,13.8696,87.2904,8.754,0.0,0.0,7.7393,9.0915,27.9938,78.971,10.3727,B2,word_pos,valoriser,V,valoriser,VER
truc,NOUN,B2,beacco,14.8999,3.5675,0.5197,1.057,0.0,14.8999,0.0,0.0,3.5675,1.1123,0.6008,0.0,11.6267,0.0,0.0,2.8996,B2,word_pos,truc,N,truc,NOM
marketing,NOUN,B2,beacco,14.7301,11.3933,0.6621,0.4234,17.7972,14.7301,8.2019,0.0,11.3933,1.2635,0.4157,15.4391,23.3997,8.2781,0.0,13.2787,B2,word_pos,marketing,N,marketing,NOM
instituteur,NOUN,B2,beacco,14.7301,10.4767,0.0,0.0,21.3668,14.7301,20.7298,0.0,10.4767,0.0,0.0,21.6782,18.0886,20.024,0.0,11.3855,B2,word_pos,instituteur,N,instituteur,NOM
canal,NOUN,B2,beacco,14.6438,7.78,0.0,0.4879,10.9622,14.6438,6.2023,0.0,7.78,0.0,0.4664,7.5539,8.3863,6.0005,0.0,5.9686,B2,word_pos,canal,N,canal,NOM
aspiration,NOUN,B2,beacco,14.5686,5.8266,0.0,0.0,6.3316,14.5686,19.6975,0.0,5.8266,0.0,0.0,3.5058,8.3751,20.024,0.0,4.2386,B2,word_pos,aspiration,N,aspiration,NOM
adversaire,NOUN,B2,beacco,14.5041,14.66,1.195,0.0,31.7602,14.5041,13.8696,0.0,14.66,2.5037,0.0,26.7539,13.3179,27.9938,0.0,15.207,B2,word_pos,adversaire,N,adversaire,NOM
atout,NOUN,B2,beacco,14.5038,5.1927,0.0816,0.9757,3.4218,14.5038,1.6042,9.6228,5.1927,0.171,0.4664,6.7316,18.0886,3.4423,19.328,6.5012,B2,word_pos,atout,N,atout,NOM
respectif,ADJ,B2,beacco,14.5038,3.1476,0.0,0.0,0.1155,14.5038,8.2019,0.0,3.1476,0.0,0.0,0.2331,18.0886,4.139,0.0,3.5884,B2,word_pos,respectif,A,respectif,ADJ
atténuer,VERB,B2,beacco,14.5038,2.1102,0.0,0.0,0.1155,14.5038,0.0,6.4938,2.1102,0.0,0.0,0.2331,18.0886,0.0,12.833,3.5884,B2,word_pos,atténuer,V,atténuer,VER
ère,NOUN,B2,beacco,14.4942,10.6526,,,,,,,,0.0,0.6228,18.5829,14.4942,6.0005,12.833,10.6526,B2,beacco_only,,,ère,NOM
via,PREP,B2,beacco,14.4824,10.6872,,,,,,,,0.0,0.1276,2.5512,14.4824,72.2624,0.0,10.6872,B2,beacco_only,,,via,PRP
scandaleux,ADJ,B2,beacco,14.4279,1.4966,0.0,0.0,0.0,14.4279,3.1012,0.0,1.4966,0.0,0.0,0.0,25.2191,6.0005,0.0,2.9437,B2,word_pos,scandaleux,A,scandaleux,ADJ
promouvoir,VERB,B2,beacco,14.3467,9.7599,0.0,0.0,3.4108,14.3467,46.8715,19.4814,9.7599,0.0,0.0,6.1953,15.5164,34.1646,12.833,9.4966,B2,word_pos,promouvoir,V,promouvoir,VER
couche,NOUN,B2,beacco,14.1238,15.1451,0.2652,0.0,16.9972,14.1238,69.456,0.0,15.1451,0.4856,0.0,14.9148,0.8102,61.8536,0.0,11.2568,B2,word_pos,couche,N,couche,NOM
triomphe,NOUN,B2,beacco,14.1238,10.0345,0.4421,0.0944,25.7903,14.1238,0.0,0.0,10.0345,0.9121,0.1937,31.2298,0.8102,0.0,0.0,10.8047,B2,word_pos,triomphe,N,triomphe,NOM
génétique,ADJ,B2,beacco,14.1238,5.9548,0.0,0.0,3.2622,14.1238,6.2023,38.7867,5.9548,0.0,0.0,0.74,14.0086,6.0005,8.037,6.5256,B2,word_pos,génétique,A,génétique,ADJ
acharner,VERB,B2,beacco,14.075,1.3859,0.0,0.0,0.2041,14.075,0.0,0.0,1.3859,0.0,0.0,3.5861,22.6671,0.0,0.0,4.2708,B2,word_pos,acharner,V,acharner,VER
verser,VERB,B2,beacco,14.0699,13.247,1.5912,0.0944,11.7052,14.0699,49.3917,28.5334,13.247,0.9713,0.1937,15.2518,19.2521,47.8426,56.7717,17.1358,B2,word_pos,verser,V,verser,VER
vertu,NOUN,B2,beacco,14.0699,8.5787,0.0,0.0,12.1542,14.0699,24.8092,0.0,8.5787,0.0,0.0,12.3946,8.3751,50.0526,0.0,9.8616,B2,word_pos,vertu,N,vertu,NOM
aviation,NOUN,B2,beacco,14.0699,1.6432,0.0,0.0,0.6802,14.0699,0.0,0.0,1.6432,0.0,0.0,0.5857,14.1801,0.0,0.0,2.0074,B2,word_pos,aviation,N,aviation,NOM
débile,ADJ,B2,beacco,14.0699,0.6933,0.0,0.0,0.0,14.0699,0.0,0.0,0.6933,0.0,0.0,0.0,8.3751,0.0,0.0,0.7115,B2,word_pos,débile,A,débile,ADJ
rayonner,VERB,B2,beacco,14.0699,0.6933,0.0,0.0,0.0,14.0699,0.0,0.0,0.6933,0.0,0.0,0.0,14.1801,0.0,0.0,0.9824,B2,word_pos,rayonner,V,rayonner,VER
promesse,NOUN,B2,beacco,13.9595,20.9423,2.7884,0.0,25.5628,13.9595,58.9191,64.3237,20.9423,2.5037,0.0,22.8247,9.1403,66.9321,95.2552,18.617,B2,word_pos,promesse,N,promesse,NOM
surnommer,VERB,B2,beacco,13.9595,10.0718,0.7967,0.2114,24.743,13.9595,0.0,0.0,10.0718,0.8346,0.6008,19.6115,19.0072,0.0,0.0,11.3759,B2,word_pos,surnommer,V,surnommer,VER
épaisseur,NOUN,B2,beacco,13.9097,3.8093,0.0,0.0,2.8649,13.9097,6.4168,0.0,3.8093,0.0,0.0,3.5822,6.0629,6.8846,0.0,3.5051,B2,word_pos,épaisseur,N,épaisseur,NOM
baser,VERB,B2,beacco,13.8842,10.2655,0.0,0.2035,9.6103,13.8842,32.5926,0.0,10.2655,0.0,0.3851,7.0312,14.4824,52.6794,0.0,11.9044,B2,word_pos,baser,V,baser,VER
volontaire,ADJ,B2,beacco,13.8842,6.9399,0.0,1.6044,4.3867,13.8842,6.4168,0.0,6.9399,0.0,0.6228,5.4966,14.4824,6.8846,0.0,7.2258,B2,word_pos,volontaire,A,volontaire,ADJ
superficiel,ADJ,B2,beacco,13.8842,6.8092,1.1385,1.9514,0.0,13.8842,24.8092,0.0,6.8092,1.1764,0.4664,0.0,9.0915,12.0009,0.0,4.2641,B2,word_pos,superficiel,A,superficiel,ADJ
allocation,NOUN,B2,beacco,13.8842,2.4301,0.0,0.0,3.5523,13.8842,0.0,0.0,2.4301,0.0,0.0,3.4065,23.1002,0.0,0.0,6.2124,B2,word_pos,allocation,N,allocation,NOM
cumuler,VERB,B2,beacco,13.8842,1.5141,0.0,0.2117,0.0,13.8842,0.0,0.0,1.5141,0.0,0.4157,0.0,19.035,0.0,0.0,2.5229,B2,word_pos,cumuler,V,cumuler,VER
pistolet,NOUN,B2,beacco,13.834,4.2436,0.0,0.0,5.4552,13.834,1.6042,0.0,4.2436,0.0,0.0,3.5636,17.8384,3.4423,0.0,4.6722,B2,word_pos,pistolet,N,pistolet,NOM
raves,NOUN,B2,crf_first_attested,13.8111,0.838,0.0,0.0,0.0,13.8111,0.0,0.0,0.838,,,,,,,,,crf_only,raves,N,,
pression,NOUN,B2,beacco,13.6777,19.8263,0.0,2.8783,8.6977,13.6777,105.0373,43.6102,19.8263,0.0,0.6008,9.5034,14.4824,114.8109,86.9662,20.2862,B2,word_pos,pression,N,pression,NOM
seconder,VERB,B2,beacco,13.6456,8.1121,,,,,,,,0.5547,0.5213,9.5085,13.6456,0.0,0.0,8.1121,B2,beacco_only,,,seconder,VER
aisé,ADJ,B2,beacco,13.6247,5.359,0.0,0.0,2.0307,13.6247,12.3029,0.0,5.359,0.0,0.0,3.196,6.8518,12.4171,0.0,5.019,B2,word_pos,aisé,A,aisé,ADJ
nuance,NOUN,B2,beacco,13.6247,2.577,0.0,0.0,0.2076,13.6247,0.0,19.2455,2.577,0.0,0.0,3.2407,6.8518,0.0,19.328,3.4911,B2,word_pos,nuance,N,nuance,NOM
détroit,NOUN,B2,beacco,13.6247,2.2034,0.0,0.0,1.1665,13.6247,0.0,0.0,2.2034,0.0,0.0,0.5531,6.8518,0.0,0.0,1.2473,B2,word_pos,détroit,N,détroit,NOM
scrupule,NOUN,B2,beacco,13.5998,0.911,0.0,0.0,0.0,13.5998,0.0,0.0,0.911,0.0,0.0,0.0,11.8663,0.0,0.0,0.9108,B2,word_pos,scrupule,N,scrupule,NOM
nullement,ADV,B2,beacco,13.5943,2.3359,0.0,0.0,0.4081,13.5943,0.0,9.6228,2.3359,0.0,0.0,0.8634,8.2287,0.0,19.328,2.8728,B2,word_pos,nullement,ADV,nullement,ADV
allier,VERB,B2,beacco,13.5753,18.8014,0.6621,0.2152,12.6571,13.5753,11.2294,214.5148,18.8014,0.0,0.186,7.9016,2.2839,6.8846,131.2856,9.5832,B2,word_pos,allier,V,allier,VER
pourquoi,NOUN,B2,beacco,13.5743,8.1921,,,,,,,,0.9464,0.5137,11.5825,13.5743,0.0,0.0,8.1921,B2,beacco_only,,,pourquoi,NOM
jusqu' au bout,ADV,B2,crf_first_attested,13.5407,1.4722,0.0,0.0,0.0,13.5407,1.6042,0.0,1.4722,,,,,,,,,crf_only,jusqu' au bout,ADV,,
lumineux,ADJ,B2,beacco,13.2448,5.3174,1.005,0.3918,1.8786,13.2448,12.4046,0.0,5.3174,0.9051,0.1865,3.5822,14.1801,6.0005,0.0,5.3882,B2,word_pos,lumineux,A,lumineux,ADJ
vide,NOUN,B2,beacco,13.226,15.7273,4.6682,1.8994,23.8158,13.226,36.3023,0.0,15.7273,7.0973,0.0,11.8019,2.2839,20.6179,0.0,7.5124,B2,word_pos,vide,N,vide,NOM
banquier,NOUN,B2,beacco,13.2199,5.2499,1.1385,0.2117,2.0483,13.2199,0.0,12.9876,5.2499,1.1764,0.4157,0.555,18.6978,0.0,0.0,6.1609,B2,word_pos,banquier,N,banquier,NOM
agacer,VERB,B2,beacco,13.2187,2.8333,0.2541,0.0,1.9705,13.2187,0.0,0.0,2.8333,0.0,0.0,0.5008,18.0984,0.0,0.0,2.5863,B2,word_pos,agacer,V,agacer,VER
saurer,VERB,B2,beacco,13.1471,8.9971,0.0,11.059,7.4468,13.1471,10.2669,0.0,8.9971,0.0,0.5213,0.4665,1.3018,6.0005,0.0,2.3647,B2,word_pos,saurer,V,saurer,VER
questionner,VERB,B2,beacco,13.1471,2.5617,0.0,0.0,1.809,13.1471,0.0,0.0,2.5617,0.0,0.0,0.6378,19.0399,0.0,0.0,2.5171,B2,word_pos,questionner,V,questionner,VER
concilier,VERB,B2,beacco,13.0447,5.9431,0.0,0.2439,4.8619,13.0447,12.4046,0.0,5.9431,0.0,0.4664,3.5957,19.2437,0.0,0.0,4.8438,B2,word_pos,concilier,V,concilier,VER
étonné,ADJ,B2,beacco,12.989,4.8303,0.0,2.4172,1.6062,12.989,0.0,0.0,4.8303,0.0,0.5781,0.487,17.4364,6.0005,0.0,4.5482,B2,word_pos,étonné,A,étonné,ADJ
carré,NOUN,B2,beacco,12.9386,3.3091,0.0,0.0,3.4065,12.9386,0.0,0.0,3.3091,0.0,0.0,0.5857,12.6911,0.0,0.0,1.7368,B2,word_pos,carré,N,carré,NOM
rassemblement,NOUN,B2,beacco,12.9386,2.5061,0.0,0.0,1.591,12.9386,0.0,0.0,2.5061,0.0,0.0,2.8589,8.4014,0.0,0.0,2.5074,B2,word_pos,rassemblement,N,rassemblement,NOM
prélever,VERB,B2,beacco,12.8324,8.6757,0.0,0.2117,3.7528,12.8324,45.7939,9.6228,8.6757,0.0,0.4157,5.0007,14.0086,40.1357,19.328,9.8315,B2,word_pos,prélever,V,prélever,VER
soutien,NOUN,B2,beacco,12.7889,22.0021,0.0,0.0,27.7047,12.7889,58.4655,56.3681,22.0021,0.0,0.0,30.5448,18.183,82.3729,56.7717,25.9537,B2,word_pos,soutien,N,soutien,NOM
préconiser,VERB,B2,beacco,12.7889,6.7073,0.0,0.0,4.9353,12.7889,16.4039,0.0,6.7073,0.0,0.0,4.8297,9.0915,12.4171,0.0,5.7035,B2,word_pos,préconiser,V,préconiser,VER
tracer,VERB,B2,beacco,12.7139,7.1644,0.0,0.0,5.1243,12.7139,41.0675,0.0,7.1644,0.0,0.0,3.5957,17.7501,31.3781,0.0,6.2042,B2,word_pos,tracer,V,tracer,VER
délivrer,VERB,B2,beacco,12.6472,6.171,5.5768,0.0,0.7236,12.6472,9.3035,25.9752,6.171,3.3382,0.0,3.5156,11.0214,6.0005,25.6659,6.8167,B2,word_pos,délivrer,V,délivrer,VER
technique,NOUN,B2,beacco,12.6248,48.6291,1.0953,7.2704,30.9257,12.6248,248.8802,185.4324,48.6291,0.5987,0.4664,7.0102,0.0,127.8789,170.3152,18.845,B2,word_pos,technique,N,technique,NOM
détourner,VERB,B2,beacco,12.5658,2.7114,0.0,0.0,2.7483,12.5658,0.0,6.4938,2.7114,0.0,0.0,3.5715,15.2575,0.0,12.833,3.4982,B2,word_pos,détourner,V,détourner,VER
moers,NOUN,B2,crf_first_attested,12.5501,0.8274,0.0,0.0,0.0,12.5501,0.0,0.0,0.8274,,,,,,,,,crf_only,moers,N,,
intérieur,ADJ,B2,beacco,12.5443,13.1648,0.0,0.4413,12.7373,12.5443,68.2653,0.0,13.1648,0.0,0.2129,9.555,21.0003,65.9532,0.0,13.0316,B2,word_pos,intérieur,A,intérieur,ADJ
béton,NOUN,B2,beacco,12.3852,4.1557,0.0,0.0,5.3645,12.3852,0.0,12.9876,4.1557,0.0,0.0,7.5777,12.3566,0.0,12.833,5.2635,B2,word_pos,béton,N,béton,NOM
vedette,NOUN,B2,beacco,12.3852,4.0014,0.0,0.7405,3.3964,12.3852,0.0,0.0,4.0014,0.0,0.606,4.7626,8.7861,0.0,0.0,4.154,B2,word_pos,vedette,N,vedette,NOM
restant,ADJ,B2,beacco,12.3729,2.0069,0.0,0.0,1.0202,12.3729,0.0,0.0,2.0069,0.0,0.0,1.1713,18.0499,0.0,0.0,3.0405,B2,word_pos,restant,A,restant,ADJ
innombrable,ADJ,B2,beacco,12.3135,4.4242,0.0,0.0,1.809,12.3135,15.6669,0.0,4.4242,0.0,0.0,0.6378,17.6317,20.024,0.0,4.5122,B2,word_pos,innombrable,A,innombrable,ADJ
oubli,NOUN,B2,beacco,12.3031,4.0127,0.0,0.0,5.0411,12.3031,2.0505,9.6228,4.0127,0.0,0.0,9.6671,8.4038,20.6179,19.328,7.0417,B2,word_pos,oubli,N,oubli,NOM
représentation,NOUN,B2,beacco,12.2423,49.4329,4.3476,0.2527,30.6046,12.2423,231.3743,244.7505,49.4329,7.2313,0.5137,43.1075,9.1403,103.0894,217.5042,39.7287,B2,word_pos,représentation,N,représentation,NOM
génie,NOUN,B2,beacco,12.2423,13.7421,0.0,0.1306,18.9353,12.2423,54.4402,0.0,13.7421,0.0,0.1865,20.4395,14.4942,65.168,0.0,15.1904,B2,word_pos,génie,N,génie,NOM
proliférer,VERB,B2,beacco,12.2423,3.3601,0.0,0.0,1.0854,12.2423,0.0,28.8683,3.3601,0.0,0.0,0.6378,9.1403,0.0,19.328,2.4512,B2,word_pos,proliférer,V,proliférer,VER
fourrer,VERB,B2,beacco,12.2423,1.3857,0.0,0.3209,0.0,12.2423,0.0,0.0,1.3857,0.0,0.0,0.0,9.1403,0.0,0.0,0.6546,B2,word_pos,fourrer,V,fourrer,VER
poster,VERB,B2,beacco,12.2423,1.3644,0.0,0.0,0.2041,12.2423,0.0,0.0,1.3644,0.0,0.0,3.5736,9.1403,0.0,0.0,2.5108,B2,word_pos,poster,V,poster,VER
valide,ADJ,B2,beacco,12.2423,0.7379,0.0,0.0,0.0,12.2423,0.0,0.0,0.7379,0.0,0.0,0.3906,9.1403,0.0,0.0,1.5034,B2,word_pos,valide,A,valide,ADJ
palier,NOUN,B2,beacco,12.241,6.5541,0.5693,0.0,10.4782,12.241,0.0,0.0,6.5541,1.1764,0.0,6.6071,8.2287,0.0,0.0,4.7543,B2,word_pos,palier,N,palier,NOM
raisonnement,NOUN,B2,beacco,12.241,3.41,0.0,0.0,0.0,12.241,10.2669,38.491,3.41,0.0,0.0,0.0,8.2287,20.6179,38.656,3.7179,B2,word_pos,raisonnement,N,raisonnement,NOM
relatif,ADJ,B2,beacco,12.1109,24.8113,0.0,0.0,50.5564,12.1109,36.6567,54.0717,24.8113,0.0,0.0,21.818,4.5679,31.3781,43.8345,13.3264,B2,word_pos,relatif,A,relatif,ADJ
gérer,VERB,B2,beacco,12.1109,23.7079,0.0,0.2117,45.1816,12.1109,68.9093,19.2455,23.7079,0.0,0.4157,38.7241,4.5679,77.1586,19.328,21.3894,B2,word_pos,gérer,V,gérer,VER
processus,NOUN,B2,beacco,12.1109,17.8302,0.0,0.0,0.6802,12.1109,140.6146,146.3752,17.8302,0.0,0.0,0.5857,9.1358,129.0281,138.6137,14.9898,B2,word_pos,processus,N,processus,NOM
impact,NOUN,B2,beacco,12.1109,17.5887,0.0,0.0,10.8454,12.1109,119.9275,38.491,17.5887,0.0,0.0,9.0561,9.1358,148.3659,38.656,18.0777,B2,word_pos,impact,N,impact,NOM
nécessité,NOUN,B2,beacco,12.1109,8.9866,0.0,0.0,2.6563,12.1109,24.3636,86.2516,8.9866,0.0,0.0,2.8865,2.2839,20.6179,93.687,6.6313,B2,word_pos,nécessité,N,nécessité,NOM
privilégié,ADJ,B2,beacco,12.1109,8.4698,5.4242,0.0,3.2621,12.1109,27.7392,0.0,8.4698,0.0,0.0,0.5857,0.0,4.139,0.0,0.6985,B2,word_pos,privilégié,A,privilégié,ADJ
hériter,VERB,B2,beacco,12.1109,7.9569,0.0,0.0,14.8153,12.1109,0.0,19.4814,7.9569,0.0,0.0,6.9834,2.2839,0.0,12.833,3.4289,B2,word_pos,hériter,V,hériter,VER
complexe,NOUN,B2,beacco,12.1109,6.9319,0.0,0.0,11.672,12.1109,13.8696,0.0,6.9319,0.0,0.0,3.5957,2.2839,20.6179,0.0,3.681,B2,word_pos,complexe,N,complexe,NOM
rouvrir,VERB,B2,beacco,12.1109,5.0831,0.0,0.2117,7.6987,12.1109,0.0,0.0,5.0831,0.0,0.4157,6.5912,4.5679,0.0,0.0,5.5031,B2,word_pos,rouvrir,V,rouvrir,VER
handicap,NOUN,B2,beacco,12.1109,3.843,0.0,0.4879,0.3618,12.1109,2.0505,9.6228,3.843,0.0,0.4664,0.6378,11.4197,4.139,19.328,5.2995,B2,word_pos,handicap,N,handicap,NOM
quota,NOUN,B2,beacco,12.1109,2.9098,0.0,0.0,0.0818,12.1109,3.1012,6.4938,2.9098,0.0,0.0,0.1243,6.8518,6.0005,12.833,3.3058,B2,word_pos,quota,N,quota,NOM
instantané,ADJ,B2,beacco,12.1109,2.1221,0.0,0.0,0.3618,12.1109,4.101,0.0,2.1221,0.0,0.0,0.6378,4.5679,4.139,0.0,1.9453,B2,word_pos,instantané,A,instantané,ADJ
thérapie,NOUN,B2,beacco,12.1109,2.0021,0.0,0.0,0.2076,12.1109,0.0,9.6228,2.0021,0.0,0.0,0.3906,2.2839,0.0,19.328,1.456,B2,word_pos,thérapie,N,thérapie,NOM
bonhomie,NOUN,B2,beacco,12.1109,1.8665,0.0,0.0,0.0,12.1109,12.4046,0.0,1.8665,0.0,0.0,0.0,4.5679,6.0005,0.0,0.8475,B2,word_pos,bonhomie,N,bonhomie,NOM
handicapé,ADJ,B2,beacco,12.1109,1.5212,0.0,0.0,0.0818,12.1109,0.0,0.0,1.5212,0.0,0.0,0.1243,2.2839,0.0,0.0,0.6742,B2,word_pos,handicapé,A,handicapé,ADJ
patrie,NOUN,B2,beacco,12.1109,1.2049,0.0,0.3702,0.0,12.1109,0.0,0.0,1.2049,0.0,0.606,0.5531,2.2839,0.0,0.0,1.5369,B2,word_pos,patrie,N,patrie,NOM
appropriation,NOUN,B2,beacco,12.1109,0.8226,0.0,0.0,0.0,12.1109,3.1012,0.0,0.8226,0.0,0.0,0.0,4.5679,6.0005,0.0,0.8475,B2,word_pos,appropriation,N,appropriation,NOM
peteca,NOUN,B2,crf_first_attested,12.1109,0.2765,0.0,0.0,0.0,12.1109,0.0,0.0,0.2765,,,,,,,,,crf_only,peteca,N,,
intimement,ADV,B2,beacco,12.0177,2.3057,0.0,0.0,0.231,12.0177,2.0505,0.0,2.3057,0.0,0.0,0.2331,12.4791,4.139,0.0,2.812,B2,word_pos,intimement,ADV,intimement,ADV
convivial,ADJ,B2,beacco,12.0033,1.595,0.0,0.0,0.5833,12.0033,0.0,0.0,1.595,0.0,0.0,0.5531,12.6911,0.0,0.0,1.7479,B2,word_pos,convivial,A,convivial,ADJ
personnellement,ADV,B2,beacco,11.928,10.7027,0.0,0.7405,9.9699,11.928,24.3636,19.4814,10.7027,0.0,0.606,8.7719,12.4791,27.9938,12.833,10.6787,B2,word_pos,personnellement,ADV,personnellement,ADV
pittoresque,ADJ,B2,beacco,11.9113,6.4799,13.7054,0.0,0.7214,11.9113,3.2084,0.0,6.4799,7.5967,0.0,0.4665,9.8252,3.4423,0.0,4.3347,B2,word_pos,pittoresque,A,pittoresque,ADJ
escalader,VERB,B2,beacco,11.9113,3.6379,0.5304,0.2599,1.8024,11.9113,0.0,0.0,3.6379,0.4856,0.5213,3.5058,9.8252,0.0,0.0,4.0395,B2,word_pos,escalader,V,escalader,VER
câble,NOUN,B2,beacco,11.6281,5.0842,0.0,0.3918,0.753,11.6281,0.0,0.0,5.0842,0.0,0.0,0.7866,4.8611,0.0,0.0,1.755,B2,word_pos,câble,N,câble,NOM
subir,VERB,B2,beacco,11.6053,28.7321,0.0816,0.2599,53.3825,11.6053,75.6353,57.7365,28.7321,0.171,0.5213,40.4165,9.0915,51.4303,77.312,22.1838,B2,word_pos,subir,V,subir,VER
rural,ADJ,B2,beacco,11.6053,11.4176,0.0,0.3702,26.139,11.6053,9.8067,0.0,11.4176,0.0,0.606,20.8232,18.183,19.861,0.0,13.2673,B2,word_pos,rural,A,rural,ADJ
issu,ADJ,B2,beacco,11.6053,10.7772,0.0,0.0,0.6802,11.6053,69.456,69.3619,10.7772,0.0,0.0,21.6372,31.1602,189.131,185.5908,33.3812,B2,word_pos,issu,A,issu,ADJ
identique,ADJ,B2,beacco,11.6053,6.8247,2.2771,0.2612,4.7552,11.6053,0.0,19.2455,6.8247,3.5292,0.3729,10.9244,9.0915,0.0,38.656,10.3537,B2,word_pos,identique,A,identique,ADJ
partisan,NOUN,B2,beacco,11.6053,3.2544,0.0,0.0,0.7236,11.6053,8.2019,0.0,3.2544,0.0,0.0,0.6378,9.0915,4.139,0.0,2.4761,B2,word_pos,partisan,N,partisan,NOM
reporter,NOUN,B2,beacco,11.5619,5.3387,0.5197,0.0,5.2284,11.5619,1.6042,0.0,5.3387,1.1123,0.0,7.4026,7.8109,3.4423,0.0,6.8981,B2,word_pos,reporter,N,reporter,NOM
éthique,NOUN,B2,beacco,11.4125,3.0334,0.0,0.0,0.3618,11.4125,14.569,0.0,3.0334,0.0,0.0,0.6378,12.6911,3.4423,0.0,2.764,B2,word_pos,éthique,N,éthique,NOM
aube,NOUN,B2,beacco,11.3335,11.5611,6.1825,0.0,29.6727,11.3335,0.0,0.0,11.5611,0.7319,0.0,45.4043,11.2274,0.0,12.833,15.746,B2,word_pos,aube,N,aube,NOM
éliminer,VERB,B2,beacco,11.3018,10.3388,0.0,0.3702,9.5758,11.3018,27.7392,32.4689,10.3388,0.0,0.606,9.8707,8.3751,41.2358,38.4989,12.6345,B2,word_pos,éliminer,V,éliminer,VER
calcul,NOUN,B2,beacco,11.3018,7.5157,0.0,0.7835,1.9454,11.3018,45.6318,19.4814,7.5157,0.0,0.3729,3.7062,19.2521,20.024,38.4989,8.6171,B2,word_pos,calcul,N,calcul,NOM
violences,NOUN,B2,crf_first_attested,11.3018,5.8884,0.0,0.0,0.0,11.3018,57.35,19.2455,5.8884,,,,,,,,,crf_only,violences,N,,
cinq mille,DET,B2,crf_first_attested,11.2954,0.6928,0.0,0.0,0.0,11.2954,0.0,0.0,0.6928,,,,,,,,,crf_only,cinq mille,DET,,
gravir,VERB,B2,beacco,11.2874,3.214,0.0,0.0,3.7676,11.2874,1.6042,0.0,3.214,0.0,0.0,3.5957,8.1049,3.4423,0.0,3.4243,B2,word_pos,gravir,V,gravir,VER
fonte,NOUN,B2,beacco,11.2874,2.4985,0.0,0.3702,0.8749,11.2874,0.0,0.0,2.4985,0.0,0.606,1.1062,8.1049,0.0,0.0,3.0314,B2,word_pos,fonte,N,fonte,NOM
fonctionnement,NOUN,B2,beacco,11.2845,30.8058,0.0,0.7405,32.1092,11.2845,50.5719,578.2322,30.8058,0.0,0.606,17.1469,14.4824,60.4644,560.5674,30.689,B2,word_pos,fonctionnement,N,fonctionnement,NOM
édifice,NOUN,B2,beacco,11.2845,16.9934,0.5081,0.4413,37.8357,11.2845,8.021,0.0,16.9934,0.5504,0.2129,28.8223,19.035,6.8846,0.0,15.9999,B2,word_pos,édifice,N,édifice,NOM
stable,ADJ,B2,beacco,11.2845,12.4216,0.0,2.8783,19.4679,11.2845,9.3035,28.8683,12.4216,0.0,0.6228,13.8988,9.0915,18.0014,38.656,12.1669,B2,word_pos,stable,A,stable,ADJ
constant,ADJ,B2,beacco,11.2845,10.6744,0.9991,0.0,14.7551,11.2845,45.2518,0.0,10.6744,0.0,0.0,10.4732,19.035,40.1357,0.0,10.2949,B2,word_pos,constant,A,constant,ADJ
dirigeant,NOUN,B2,beacco,11.2845,7.0431,0.0,0.0,3.6699,11.2845,29.6447,9.6228,7.0431,0.0,0.0,3.5301,9.0915,39.7963,19.328,8.001,B2,word_pos,dirigeant,N,dirigeant,NOM
porteur,NOUN,B2,beacco,11.2845,6.4735,0.0,0.0,7.7645,11.2845,18.6069,0.0,6.4735,0.0,0.0,43.8453,14.4824,18.0014,38.656,19.1908,B2,word_pos,porteur,N,porteur,NOM
élite,NOUN,B2,beacco,11.2845,4.6969,0.3983,0.0,0.4732,11.2845,8.2019,9.6228,4.6969,0.8346,0.0,0.438,14.4824,12.4171,19.328,6.7479,B2,word_pos,élite,N,élite,NOM
vocabulaire,NOUN,B2,beacco,11.2845,4.4472,0.0,0.0,1.2455,11.2845,15.7275,9.6228,4.4472,0.0,0.0,0.3906,14.4824,31.3781,19.328,5.8652,B2,word_pos,vocabulaire,N,vocabulaire,NOM
idem,ADV,B2,beacco,11.2845,1.85,0.0,0.0,0.0,11.2845,9.3035,0.0,1.85,0.0,0.0,0.0,9.0915,6.0005,0.0,1.4393,B2,word_pos,idem,ADV,idem,ADV
indirect,ADJ,B2,beacco,11.2281,1.5246,0.0,0.0,0.0,11.2281,6.2023,0.0,1.5246,0.0,0.0,0.0,9.1403,12.0009,0.0,2.1178,B2,word_pos,indirect,A,indirect,ADJ
perquisition,NOUN,B2,beacco,11.2023,0.731,0.0,0.0,0.0,11.2023,0.0,0.0,0.731,0.0,0.0,0.0,10.495,0.0,0.0,0.7771,B2,word_pos,perquisition,N,perquisition,NOM
mouillé,ADJ,B2,beacco,11.1239,6.271,0.0,0.5168,3.1094,11.1239,29.7295,0.0,6.271,0.0,0.0,0.438,0.0,3.4423,0.0,0.7154,B2,word_pos,mouillé,A,mouillé,ADJ
préoccuper,VERB,B2,beacco,11.0662,9.6244,0.0,0.57,6.3916,11.0662,20.4505,19.2455,9.6244,0.0,0.2891,9.4049,9.0915,20.6179,38.656,9.7044,B2,word_pos,préoccuper,V,préoccuper,VER
vociférer,VERB,B2,beacco,11.036,0.4968,0.0,0.0,0.0,11.036,0.0,0.0,0.4968,0.0,0.0,0.0,12.7613,0.0,0.0,0.796,B2,word_pos,vociférer,V,vociférer,VER
criminel,ADJ,B2,beacco,10.9007,5.585,0.0,0.0,0.0,10.9007,65.6421,0.0,5.585,0.0,0.0,0.0,22.0232,27.9938,0.0,4.1859,B2,word_pos,criminel,A,criminel,ADJ
manoeuvrer,VERB,B2,beacco,10.8613,0.4233,0.0,0.0,0.0,10.8613,0.0,0.0,0.4233,0.0,0.0,0.0,8.2033,0.0,0.0,0.5678,B2,word_pos,manoeuvrer,V,manoeuvrer,VER
modernité,NOUN,B2,beacco,10.7839,14.0421,1.2043,0.0,14.3392,10.7839,32.8078,0.0,14.0421,0.7319,0.0,14.5981,8.3751,16.5561,0.0,10.4325,B2,word_pos,modernité,N,modernité,NOM
tueur,NOUN,B2,beacco,10.7388,5.3066,0.0,0.0,6.1275,10.7388,3.1012,0.0,5.3066,0.0,0.0,0.6118,22.7798,6.0005,0.0,4.854,B2,word_pos,tueur,N,tueur,NOM
caractériser,VERB,B2,beacco,10.6273,17.5459,0.0816,0.0,13.6893,10.6273,46.9594,233.2122,17.5459,0.171,0.606,21.1275,9.1403,31.3781,154.9424,15.7465,B2,word_pos,caractériser,V,caractériser,VER
définitivement,ADV,B2,beacco,10.6273,14.2721,0.0,0.8468,15.8293,10.6273,67.9413,0.0,14.2721,0.0,0.4157,17.1131,9.1403,51.9203,0.0,13.1313,B2,word_pos,définitivement,ADV,définitivement,ADV
administrer,VERB,B2,beacco,10.6273,3.8883,0.0,0.0,0.0,10.6273,40.3921,0.0,3.8883,0.0,0.0,0.0,9.1403,31.3781,0.0,3.1959,B2,word_pos,administrer,V,administrer,VER
constatation,NOUN,B2,beacco,10.6273,2.8093,0.0,0.0,0.4732,10.6273,0.0,22.517,2.8093,0.0,0.0,0.438,9.1403,0.0,44.6051,3.5951,B2,word_pos,constatation,N,constatation,NOM
évacuer,VERB,B2,beacco,10.6273,1.8277,0.0,0.0,1.5606,10.6273,0.0,0.0,1.8277,0.0,0.0,2.8121,9.1403,0.0,0.0,2.4763,B2,word_pos,évacuer,V,évacuer,VER
asservir,VERB,B2,beacco,10.6273,1.508,0.0,0.0,0.6802,10.6273,0.0,0.0,1.508,0.0,0.0,0.0,9.1403,0.0,0.0,0.6546,B2,word_pos,asservir,V,asservir,VER
incarner,VERB,B2,beacco,10.6051,12.529,0.0,0.7405,28.0627,10.6051,6.2023,0.0,12.529,0.0,0.606,19.3855,12.4791,6.0005,0.0,10.4904,B2,word_pos,incarner,V,incarner,VER
angoisse,NOUN,B2,beacco,10.597,27.0909,26.0832,0.8015,25.9532,10.597,107.1971,12.9876,27.0909,7.132,0.5213,21.8343,2.2839,80.2715,12.833,18.0888,B2,word_pos,angoisse,N,angoisse,NOM
minuscule,ADJ,B2,beacco,10.597,13.4088,1.2043,0.0,28.6588,10.597,4.101,4.1173,13.4088,0.7319,0.0,9.3159,2.2839,4.139,4.0185,6.0947,B2,word_pos,minuscule,A,minuscule,ADJ
rituel,NOUN,B2,beacco,10.597,10.2435,0.0,0.0,15.7865,10.597,21.7081,0.0,10.2435,0.0,0.0,10.2564,2.2839,12.0009,0.0,5.0972,B2,word_pos,rituel,N,rituel,NOM
séparation,NOUN,B2,beacco,10.597,10.1214,1.2205,0.285,8.9665,10.597,4.101,28.8683,10.1214,0.0,0.2891,7.7393,2.2839,4.139,38.656,6.3261,B2,word_pos,séparation,N,séparation,NOM
menu,ADJ,B2,beacco,10.597,9.6496,23.7158,0.6351,0.2405,10.597,8.021,0.0,9.6496,1.1556,0.0,0.0,2.2839,10.3269,0.0,2.4234,B2,word_pos,menu,A,menu,ADJ
alimenter,VERB,B2,beacco,10.597,7.8491,0.0,0.3702,2.1642,10.597,41.9969,0.0,7.8491,0.0,0.606,0.933,9.1358,63.3793,0.0,9.0061,B2,word_pos,alimenter,V,alimenter,VER
gâter,VERB,B2,beacco,10.597,6.817,1.6274,0.0,10.7181,10.597,2.0505,0.0,6.817,0.8075,0.0,9.9698,2.2839,4.139,0.0,5.3865,B2,word_pos,gâter,V,gâter,VER
accumuler,VERB,B2,beacco,10.597,6.7325,1.5912,0.0,14.3084,10.597,2.0505,0.0,6.7325,0.4856,0.0,9.4768,2.2839,4.139,0.0,4.5958,B2,word_pos,accumuler,V,accumuler,VER
abuser,VERB,B2,beacco,10.597,6.7174,0.0,0.0,4.7971,10.597,24.3636,9.6228,6.7174,0.0,0.0,7.5517,2.2839,20.6179,19.328,5.6556,B2,word_pos,abuser,V,abuser,VER
maximum,NOUN,B2,beacco,10.597,5.7284,3.622,0.0,1.4472,10.597,6.1515,0.0,5.7284,7.2715,0.0,0.6378,2.2839,4.139,0.0,2.8897,B2,word_pos,maximum,N,maximum,NOM
infantile,ADJ,B2,beacco,10.597,4.4124,0.0,0.0,9.6352,10.597,0.0,0.0,4.4124,0.0,0.0,3.4715,2.2839,0.0,0.0,1.5151,B2,word_pos,infantile,A,infantile,ADJ
sincérité,NOUN,B2,beacco,10.597,4.3952,0.0,0.0,6.305,10.597,0.0,9.6228,4.3952,0.0,0.0,7.0102,2.2839,0.0,19.328,3.3257,B2,word_pos,sincérité,N,sincérité,NOM
manie,NOUN,B2,beacco,10.597,3.8487,0.0,0.0,0.6122,10.597,15.5058,0.0,3.8487,0.0,0.0,0.4317,0.0,6.0005,0.0,0.6194,B2,word_pos,manie,N,manie,NOM
gym,NOUN,B2,beacco,10.597,3.6289,4.7731,0.0,1.809,10.597,0.0,0.0,3.6289,4.9069,0.0,0.6378,2.2839,0.0,0.0,1.2702,B2,word_pos,gym,N,gym,NOM
poliment,ADV,B2,beacco,10.597,3.3073,0.0,1.5505,0.6884,10.597,0.0,0.0,3.3073,0.0,1.0679,0.487,2.2839,0.0,0.0,1.5485,B2,word_pos,poliment,ADV,poliment,ADV
ridicule,NOUN,B2,beacco,10.597,2.8119,0.3983,0.0,0.6228,10.597,0.0,0.0,2.8119,0.8346,0.0,0.3906,2.2839,0.0,0.0,1.3204,B2,word_pos,ridicule,N,ridicule,NOM
qualification,NOUN,B2,beacco,10.597,2.5897,0.0,0.0,0.6802,10.597,0.0,19.2455,2.5897,0.0,0.0,0.5857,9.1358,0.0,38.656,3.1039,B2,word_pos,qualification,N,qualification,NOM
autrui,PRON,B2,beacco,10.597,2.1415,0.0,0.0,2.4677,10.597,0.0,0.0,2.1415,0.0,0.0,4.8297,2.2839,0.0,0.0,1.8555,B2,unique_word,autrui,PRO,autrui,NOM
salière,NOUN,B2,beacco,10.597,1.572,1.1385,0.0,0.0,10.597,0.0,0.0,1.572,1.1764,0.0,0.0,2.2839,0.0,0.0,0.5734,B2,word_pos,salière,N,salière,NOM
dérision,NOUN,B2,beacco,10.597,0.9181,0.0,0.0,0.3618,10.597,0.0,0.0,0.9181,0.0,0.0,0.6378,2.2839,0.0,0.0,0.7068,B2,word_pos,dérision,N,dérision,NOM
euphémisme,NOUN,B2,beacco,10.597,0.892,0.0,0.0,0.0,10.597,2.0505,0.0,0.892,0.0,0.0,0.0,2.2839,4.139,0.0,0.7167,B2,word_pos,euphémisme,N,euphémisme,NOM
illicite,ADJ,B2,beacco,10.597,0.7728,0.0,0.0,0.0,10.597,3.1012,0.0,0.7728,0.0,0.0,0.0,2.2839,6.0005,0.0,0.7085,B2,word_pos,illicite,A,illicite,ADJ
valorisant,ADJ,B2,beacco,10.597,0.7728,0.0,0.0,0.0,10.597,3.1012,0.0,0.7728,0.0,0.0,0.0,2.2839,6.0005,0.0,0.7085,B2,word_pos,valorisant,A,valorisant,ADJ
cognitivo - comportementaliste,ADJ,B2,crf_first_attested,10.597,0.242,0.0,0.0,0.0,10.597,0.0,0.0,0.242,,,,,,,,,crf_only,cognitivo - comportementaliste,A,,
comportement vous tire,NOUN,B2,crf_first_attested,10.597,0.242,0.0,0.0,0.0,10.597,0.0,0.0,0.242,,,,,,,,,crf_only,comportement vous tire,N,,
contrairement au voleur,ADV,B2,crf_first_attested,10.597,0.242,0.0,0.0,0.0,10.597,0.0,0.0,0.242,,,,,,,,,crf_only,contrairement au voleur,ADV,,
interposer,VERB,B2,crf_first_attested,10.597,0.242,0.0,0.0,0.0,10.597,0.0,0.0,0.242,,,,,,,,,crf_only,interposer,V,,
non - fumeur,NOUN,B2,crf_first_attested,10.597,0.242,0.0,0.0,0.0,10.597,0.0,0.0,0.242,,,,,,,,,crf_only,non - fumeur,N,,
tu comptes t',ADV,B2,crf_first_attested,10.597,0.242,0.0,0.0,0.0,10.597,0.0,0.0,0.242,,,,,,,,,crf_only,tu comptes t',ADV,,
gibier,NOUN,B2,beacco,10.5688,3.1476,0.0,0.0,0.1815,10.5688,12.4046,0.0,3.1476,0.0,0.0,0.2504,2.6036,6.0005,0.0,1.7256,B2,word_pos,gibier,N,gibier,NOM
recoin,NOUN,B2,beacco,10.5688,0.7034,0.0,0.0,0.0,10.5688,0.0,0.0,0.7034,0.0,0.0,0.0,6.4342,0.0,0.0,0.4846,B2,word_pos,recoin,N,recoin,NOM
là-dessus,ADV,B2,beacco,10.4511,1.0345,,,,,,,,0.0,0.0,0.0,10.4511,0.0,0.0,1.0345,B2,beacco_only,,,là-dessus,ADV
reprocher,VERB,B2,beacco,10.3096,11.4667,0.0,0.0,35.131,10.3096,0.0,19.4814,11.4667,0.0,0.0,30.0526,18.1689,0.0,25.6659,14.1051,B2,word_pos,reprocher,V,reprocher,VER
résulter,VERB,B2,beacco,10.2418,10.8118,0.0,0.0,7.5713,10.2418,30.8753,115.9766,10.8118,0.0,0.0,7.7117,11.6267,43.5754,43.8345,11.33,B2,word_pos,résulter,V,résulter,VER
précaire,ADJ,B2,beacco,10.2418,5.5265,0.0,0.0,5.2694,10.2418,3.1012,57.7365,5.5265,0.0,0.0,7.622,11.6267,6.0005,77.312,8.6322,B2,word_pos,précaire,A,précaire,ADJ
expatrié,NOUN,B2,crf_first_attested,10.2418,3.96,0.0,0.0,0.0,10.2418,32.8078,0.0,3.96,,,,,,,,,crf_only,expatrié,N,,
audace,NOUN,B2,beacco,10.2418,3.8685,0.0,0.6418,5.2285,10.2418,0.0,0.0,3.8685,0.0,0.6228,7.5572,9.0915,0.0,0.0,4.8076,B2,word_pos,audace,N,audace,NOM
disperser,VERB,B2,beacco,10.2418,3.5528,0.0,0.0,1.4531,10.2418,9.3035,0.0,3.5528,0.0,0.0,1.1717,11.6267,6.0005,0.0,3.5796,B2,word_pos,disperser,V,disperser,VER
trimer,VERB,B2,beacco,10.2418,0.6294,0.0,0.0,0.0,10.2418,0.0,0.0,0.6294,0.0,0.0,0.0,11.6267,0.0,0.0,0.8011,B2,word_pos,trimer,V,trimer,VER
polluer,VERB,B2,beacco,10.2239,6.6532,0.5304,0.0,10.2154,10.2239,12.4046,0.0,6.6532,0.4856,0.0,9.6708,18.0886,6.0005,0.0,7.0267,B2,word_pos,polluer,V,polluer,VER
dynamique,NOUN,B2,beacco,10.2096,6.3595,0.0,0.2117,0.2405,10.2096,48.7271,0.0,6.3595,0.0,0.0,0.4665,9.0915,41.2358,0.0,5.2072,B2,word_pos,dynamique,N,dynamique,NOM
surprenant,ADJ,B2,beacco,10.1252,6.7766,0.0,0.3918,7.0394,10.1252,6.4168,0.0,6.7766,0.0,0.0,3.1652,17.8055,3.4423,0.0,4.6007,B2,word_pos,surprenant,A,surprenant,ADJ
promeneur,NOUN,B2,beacco,10.1063,1.1824,0.0,0.0,0.0,10.1063,1.6042,0.0,1.1824,0.0,0.0,0.0,17.7582,3.4423,0.0,2.3611,B2,word_pos,promeneur,N,promeneur,NOM
souffrance,NOUN,B2,beacco,9.9222,7.8865,0.0,0.0,6.8541,9.9222,39.6967,6.4938,7.8865,0.0,0.0,7.622,8.7861,40.1357,12.833,8.2326,B2,word_pos,souffrance,N,souffrance,NOM
traître,NOUN,B2,beacco,9.9222,7.1263,0.3983,0.2035,10.8381,9.9222,0.0,0.0,7.1263,0.8346,0.3851,8.016,1.3018,0.0,0.0,6.1879,B2,word_pos,traître,N,traître,NOM
paire,NOUN,B2,beacco,9.9222,5.7911,3.3104,0.0,3.2782,9.9222,4.8126,0.0,5.7911,2.5271,0.0,6.2522,8.7861,3.4423,0.0,6.0645,B2,word_pos,paire,N,paire,NOM
discrètement,ADV,B2,beacco,9.9222,4.7819,0.0,0.0,12.9233,9.9222,0.0,0.0,4.7819,0.0,0.0,13.8839,8.7861,0.0,0.0,5.545,B2,word_pos,discrètement,ADV,discrètement,ADV
franchement,ADV,B2,beacco,9.9222,3.211,0.0,0.2117,3.6656,9.9222,0.0,0.0,3.211,0.0,0.4157,5.5016,12.3566,0.0,0.0,4.9593,B2,word_pos,franchement,ADV,franchement,ADV
légendaire,ADJ,B2,beacco,9.9222,0.6578,0.0,0.0,0.0,9.9222,0.0,0.0,0.6578,0.0,0.0,0.0,8.7861,0.0,0.0,0.6644,B2,word_pos,légendaire,A,légendaire,ADJ
antichambre,NOUN,B2,beacco,9.9102,5.1162,1.005,0.0,1.6324,9.9102,0.0,0.0,5.1162,0.0,0.0,0.8634,5.2073,0.0,0.0,1.8003,B2,word_pos,antichambre,N,antichambre,NOM
extrémité,NOUN,B2,beacco,9.9102,2.0738,0.0,0.0,0.0,9.9102,0.0,38.491,2.0738,0.0,0.0,0.0,5.2073,19.861,19.328,2.6933,B2,word_pos,extrémité,N,extrémité,NOM
garde - chasse,NOUN,B2,crf_first_attested,9.9102,0.2263,0.0,0.0,0.0,9.9102,0.0,0.0,0.2263,,,,,,,,,crf_only,garde - chasse,N,,
vilain,ADJ,B2,beacco,9.8952,4.8954,0.0,0.0,13.0387,9.8952,0.0,0.0,4.8954,0.0,0.0,14.0137,19.0591,0.0,0.0,7.0426,B2,word_pos,vilain,A,vilain,ADJ
cinq,NOUN,B2,beacco,9.8252,0.6965,,,,,,,,0.0,0.0,0.0,9.8252,0.0,0.0,0.6965,B2,beacco_only,,,cinq,NOM
cage,NOUN,B2,beacco,9.7124,13.4428,0.0,0.4879,38.668,9.7124,15.6669,0.0,13.4428,0.0,0.4664,27.888,8.3751,20.024,0.0,11.7012,B2,word_pos,cage,N,cage,NOM
priorité,NOUN,B2,beacco,9.7124,13.219,0.0,0.0,10.6511,9.7124,73.5654,25.9752,13.219,0.9464,0.5137,20.8264,14.1801,61.8536,25.6659,20.0456,B2,word_pos,priorité,N,priorité,NOM
atteinte,NOUN,B2,beacco,9.7124,9.2154,0.0,0.2439,12.475,9.7124,8.021,9.6228,9.2154,0.0,0.4664,5.4885,8.3751,3.4423,19.328,6.7691,B2,word_pos,atteinte,N,atteinte,NOM
acheminer,VERB,B2,beacco,9.7124,6.9299,0.0,0.0,3.7685,9.7124,51.3298,0.0,6.9299,0.0,0.0,3.6187,8.3751,20.024,0.0,4.8206,B2,word_pos,acheminer,V,acheminer,VER
déboucher,VERB,B2,beacco,9.7124,6.8823,0.0,0.3702,11.8944,9.7124,3.1012,9.6228,6.8823,0.0,0.606,15.4508,8.3751,6.0005,19.328,9.2685,B2,word_pos,déboucher,V,déboucher,VER
individuellement,ADV,B2,beacco,9.7124,1.2715,0.0,0.0,0.0,9.7124,2.0505,0.0,1.2715,0.0,0.0,0.0,8.3751,4.139,0.0,1.5822,B2,word_pos,individuellement,ADV,individuellement,ADV
trait,NOUN,B2,beacco,9.6166,4.3084,0.0,0.0,4.7966,9.6166,0.0,28.8683,4.3084,0.0,0.6228,15.3792,34.1357,4.139,19.328,13.7381,B2,word_pos,trait,N,trait,NOM
fidèle,NOUN,B2,beacco,9.6166,4.137,0.4014,0.2599,2.4532,9.6166,1.6042,0.0,4.137,0.7319,0.186,10.5212,12.7613,3.4423,12.833,9.933,B2,word_pos,fidèle,N,fidèle,NOM
ancrer,VERB,B2,beacco,9.6166,3.7976,0.0,0.0,5.7343,9.6166,1.6042,0.0,3.7976,0.0,0.0,5.3792,8.4038,0.0,0.0,3.1047,B2,word_pos,ancrer,V,ancrer,VER
accourir,VERB,B2,beacco,9.6166,1.2292,0.0,0.0,0.2076,9.6166,0.0,0.0,1.2292,0.0,0.0,0.3906,8.4038,0.0,0.0,1.4987,B2,word_pos,accourir,V,accourir,VER
clandestin,ADJ,B2,beacco,9.6166,0.6535,0.0,0.0,0.0,9.6166,0.0,0.0,0.6535,0.0,0.0,0.0,8.4038,0.0,0.0,0.6508,B2,word_pos,clandestin,A,clandestin,ADJ
impératif,NOUN,B2,beacco,9.5656,5.1703,0.0,0.0,0.5833,9.5656,6.4168,48.1138,5.1703,0.0,0.0,0.5531,2.5411,0.0,19.328,1.6114,B2,word_pos,impératif,N,impératif,NOM
collégien,NOUN,B2,beacco,9.5656,3.7598,1.0394,1.9307,0.6802,9.5656,0.0,0.0,3.7598,2.2246,0.5213,0.0,8.4014,0.0,0.0,2.6753,B2,word_pos,collégien,N,collégien,NOM
enflammer,VERB,B2,beacco,9.5656,3.1956,0.0,0.2439,0.0818,9.5656,9.3035,0.0,3.1956,0.0,0.4664,0.1243,12.6911,6.0005,0.0,3.9209,B2,word_pos,enflammer,V,enflammer,VER
aversion,NOUN,B2,beacco,9.5656,1.7525,0.0,0.0,0.0,9.5656,9.3035,0.0,1.7525,0.0,0.0,0.0,2.5411,6.0005,0.0,0.6395,B2,word_pos,aversion,N,aversion,NOM
pamphlet,NOUN,B2,beacco,9.5656,0.6286,0.0,0.0,0.0,9.5656,0.0,0.0,0.6286,0.0,0.0,0.0,12.6911,0.0,0.0,0.7877,B2,word_pos,pamphlet,N,pamphlet,NOM
là - dessus,ADV,B2,crf_first_attested,9.5414,1.7392,0.0,0.0,0.0,9.5414,4.8126,0.0,1.7392,,,,,,,,,crf_only,là - dessus,ADV,,
fédéral,ADJ,B2,beacco,9.4864,9.0956,0.5081,0.0,8.5867,9.4864,8.2019,0.0,9.0956,0.5504,0.0,8.2582,8.1049,4.139,0.0,8.1378,B2,word_pos,fédéral,A,fédéral,ADJ
légitime,ADJ,B2,beacco,9.4864,7.7495,0.0,0.0,0.0,9.4864,57.7841,56.3681,7.7495,0.0,0.0,0.0,8.1049,62.7562,77.4712,7.1836,B2,word_pos,légitime,A,légitime,ADJ
affecter,VERB,B2,beacco,9.4701,6.7199,0.0,0.0,0.7097,9.4701,52.2974,6.4938,6.7199,0.0,0.0,0.438,8.2287,65.9532,12.833,7.1948,B2,word_pos,affecter,V,affecter,VER
distinctement,ADV,B2,beacco,9.4701,1.1969,0.6621,0.0,0.0,9.4701,0.0,0.0,1.1969,1.2635,0.0,0.0,8.2287,0.0,0.0,1.4762,B2,word_pos,distinctement,ADV,distinctement,ADV
tranquillité,NOUN,B2,beacco,9.4579,7.4658,0.0,0.0,23.9651,9.4579,0.0,0.0,7.4658,0.0,0.0,33.8656,6.4611,0.0,0.0,9.6798,B2,word_pos,tranquillité,N,tranquillité,NOM
apparent,ADJ,B2,beacco,9.4499,1.6965,0.0,0.2114,0.0,9.4499,2.0505,0.0,1.6965,0.0,0.6008,0.0,8.2319,4.139,0.0,2.3547,B2,word_pos,apparent,A,apparent,ADJ
représentatif,ADJ,B2,beacco,9.4106,7.7443,0.0,0.0,11.5832,9.4106,28.892,0.0,7.7443,0.0,0.0,11.7502,8.2287,20.6179,0.0,7.0189,B2,word_pos,représentatif,A,représentatif,ADJ
déchaîner,VERB,B2,beacco,9.4106,5.5671,0.0,0.0,15.607,9.4106,0.0,0.0,5.5671,0.0,0.0,9.4216,8.2287,0.0,0.0,4.2001,B2,word_pos,déchaîner,V,déchaîner,VER
épargner,VERB,B2,beacco,9.4106,4.559,0.0,0.0,6.5577,9.4106,4.8126,0.0,4.559,0.0,0.0,7.557,8.2287,3.4423,0.0,4.6386,B2,word_pos,épargner,V,épargner,VER
pêcheur,NOUN,B2,beacco,9.4042,7.1438,0.4014,0.2114,7.1875,9.4042,8.2019,0.0,7.1438,0.7319,0.6008,12.1785,9.5296,8.2781,0.0,9.6077,B2,word_pos,pêcheur,N,pêcheur,NOM
raser,VERB,B2,beacco,9.4042,2.1687,2.6483,0.0,0.0,9.4042,3.1012,0.0,2.1687,1.2635,0.0,0.0,9.5296,6.0005,0.0,2.3222,B2,word_pos,raser,V,raser,VER
obsession,NOUN,B2,beacco,9.3724,3.8416,0.0,0.7405,1.0854,9.3724,3.2084,0.0,3.8416,0.0,0.606,0.6378,8.2033,3.4423,0.0,3.447,B2,word_pos,obsession,N,obsession,NOM
parquet,NOUN,B2,beacco,9.2015,3.7401,0.0,0.4879,1.8239,9.2015,6.2023,0.0,3.7401,0.0,0.4664,3.5051,11.742,6.0005,0.0,5.2027,B2,word_pos,parquet,N,parquet,NOM
abandon,NOUN,B2,beacco,9.181,10.4761,0.5197,0.2117,9.7422,9.181,51.0722,0.0,10.4761,0.0,0.4157,12.2898,3.8116,40.1357,0.0,9.4206,B2,word_pos,abandon,N,abandon,NOM
derrière,NOUN,B2,beacco,9.1168,1.6779,0.0,0.0,0.6884,9.1168,0.0,0.0,1.6779,0.0,0.0,6.4243,9.025,6.0005,0.0,4.5621,B2,word_pos,derrière,N,derrière,NOM
anglo-saxon,ADJ,B2,beacco,9.0915,9.5252,,,,,,,,0.0,0.0,10.0381,9.0915,49.0825,0.0,9.5252,B2,beacco_only,,,anglo-saxon,ADJ
bien-être,NOUN,B2,beacco,9.0915,5.5338,,,,,,,,0.0,0.0,3.5957,9.0915,27.403,0.0,5.5338,B2,beacco_only,,,bien-être,NOM
complexe,ADJ,B2,beacco,9.0831,23.4658,0.6621,0.0,31.0624,9.0831,99.6002,57.7365,23.4658,1.2635,0.0,38.6163,14.1801,52.5392,38.656,22.1337,B2,word_pos,complexe,A,complexe,ADJ
bouleversement,NOUN,B2,beacco,9.0831,11.5803,0.0,0.0,21.7842,9.0831,0.0,104.0243,11.5803,0.0,0.0,17.0723,2.2839,0.0,113.6757,9.2826,B2,word_pos,bouleversement,N,bouleversement,NOM
ponctuel,ADJ,B2,beacco,9.0831,9.1156,0.0,0.4234,8.9797,9.0831,29.1381,0.0,9.1156,0.0,0.4157,11.6805,2.2839,29.205,0.0,8.2124,B2,word_pos,ponctuel,A,ponctuel,ADJ
organe,NOUN,B2,beacco,9.0831,8.9205,1.1385,0.8456,1.1931,9.0831,0.0,114.1335,8.9205,1.1764,0.6008,2.2924,6.8518,0.0,145.006,9.5993,B2,word_pos,organe,N,organe,NOM
massif,NOUN,B2,beacco,9.0831,7.3127,7.9636,0.0,9.9397,9.0831,6.1515,0.0,7.3127,1.1008,0.0,9.6725,4.5679,4.139,0.0,5.3458,B2,word_pos,massif,N,massif,NOM
élaboration,NOUN,B2,beacco,9.0831,6.9462,0.0,0.2439,3.4501,9.0831,8.2019,28.8683,6.9462,0.0,0.4664,3.7679,2.2839,4.139,19.328,4.722,B2,word_pos,élaboration,N,élaboration,NOM
valable,ADJ,B2,beacco,9.0831,6.6812,0.0,0.0,11.033,9.0831,1.6042,12.9876,6.6812,0.0,0.0,14.0244,4.5679,3.4423,12.833,7.3715,B2,word_pos,valable,A,valable,ADJ
synthétiser,VERB,B2,beacco,9.0831,6.4278,0.0,0.0,4.9413,9.0831,2.0505,68.1256,6.4278,0.0,0.0,6.9306,2.2839,4.139,56.7717,5.5973,B2,word_pos,synthétiser,V,synthétiser,VER
conviction,NOUN,B2,beacco,9.0831,6.0343,0.0,0.7318,0.0698,9.0831,21.8856,4.1173,6.0343,0.0,0.4664,0.1219,2.2839,36.8208,4.0185,4.8815,B2,word_pos,conviction,N,conviction,NOM
parental,ADJ,B2,beacco,9.0831,5.4143,0.4996,0.331,0.3618,9.0831,6.2023,38.491,5.4143,0.0,0.2129,0.6378,13.7036,6.0005,57.984,6.8584,B2,word_pos,parental,A,parental,ADJ
attachement,NOUN,B2,beacco,9.0831,5.193,0.3158,0.0,2.9075,9.0831,1.6042,28.8683,5.193,0.6291,0.0,3.5156,4.5679,3.4423,38.656,5.7604,B2,word_pos,attachement,N,attachement,NOM
usager,NOUN,B2,beacco,9.0831,4.7366,0.0,0.0,8.9973,9.0831,1.6042,0.0,4.7366,0.0,0.0,5.2486,2.2839,3.4423,0.0,3.0621,B2,word_pos,usager,N,usager,NOM
communautaire,ADJ,B2,beacco,9.0831,4.6782,0.0,0.4718,6.9735,9.0831,0.0,0.0,4.6782,0.0,0.1937,5.5016,6.8518,0.0,0.0,4.421,B2,word_pos,communautaire,A,communautaire,ADJ
toxique,ADJ,B2,beacco,9.0831,3.952,0.0,0.3702,5.728,9.0831,0.0,0.0,3.952,0.0,0.606,3.6187,4.5679,0.0,0.0,3.1619,B2,word_pos,toxique,A,toxique,ADJ
parlement,NOUN,B2,beacco,9.0831,3.7689,0.0,0.0,6.0816,9.0831,3.1012,0.0,3.7689,0.9464,0.0,14.1717,6.8518,39.7963,56.7717,14.2807,B2,word_pos,parlement,N,parlement,NOM
inséparable,ADJ,B2,beacco,9.0831,3.7055,0.2541,0.0,4.0075,9.0831,0.0,0.0,3.7055,0.5504,0.0,5.0986,2.2839,0.0,0.0,2.623,B2,word_pos,inséparable,A,inséparable,ADJ
réglementer,VERB,B2,beacco,9.0831,3.1246,0.0,0.0,0.0906,9.0831,10.2524,0.0,3.1246,0.0,0.0,0.185,4.5679,8.2781,0.0,2.6203,B2,word_pos,réglementer,V,réglementer,VER
réciprocité,NOUN,B2,beacco,9.0831,2.6847,0.0,0.0,1.0202,9.0831,3.2084,0.0,2.6847,0.0,0.0,0.5857,2.2839,6.8846,0.0,2.0375,B2,word_pos,réciprocité,N,réciprocité,NOM
bienveillant,ADJ,B2,beacco,9.0831,1.9365,0.0,0.0,2.8098,9.0831,0.0,0.0,1.9365,0.0,0.0,3.7679,2.2839,0.0,0.0,1.5689,B2,word_pos,bienveillant,A,bienveillant,ADJ
formulation,NOUN,B2,beacco,9.0831,1.8086,0.0,0.0,0.0,9.0831,12.7628,0.0,1.8086,0.0,0.0,0.0,2.2839,20.024,0.0,1.5671,B2,word_pos,formulation,N,formulation,NOM
préfigurer,VERB,B2,beacco,9.0831,1.747,0.0,0.0,0.0,9.0831,8.2019,0.0,1.747,0.0,0.0,0.0,2.2839,4.139,0.0,0.7167,B2,word_pos,préfigurer,V,préfigurer,VER
invoquer,VERB,B2,beacco,9.0831,1.3524,0.0,0.0,0.1637,9.0831,0.0,0.0,1.3524,0.0,0.0,0.1243,2.2839,0.0,0.0,0.6742,B2,word_pos,invoquer,V,invoquer,VER
alpiniste,NOUN,B2,beacco,9.0831,1.2843,0.0,0.0,0.5833,9.0831,0.0,0.0,1.2843,0.0,0.0,0.5531,4.5679,0.0,0.0,1.0141,B2,word_pos,alpiniste,N,alpiniste,NOM
girofle,NOUN,B2,beacco,9.0831,1.227,0.0,0.0,0.0,9.0831,0.0,4.1173,1.227,0.0,0.0,0.0,4.5679,0.0,4.0185,0.9811,B2,word_pos,girofle,N,girofle,NOM
réinventer,VERB,B2,beacco,9.0831,1.0744,0.0,0.0,0.0,9.0831,0.0,6.4938,1.0744,0.0,0.0,0.0,2.2839,0.0,12.833,0.7167,B2,word_pos,réinventer,V,réinventer,VER
altérité,NOUN,B2,beacco,9.0831,0.9756,0.0,0.0,0.2405,9.0831,0.0,0.0,0.9756,0.0,0.0,0.4665,2.2839,0.0,0.0,0.6811,B2,word_pos,altérité,N,altérité,NOM
adage,NOUN,B2,beacco,9.0831,0.829,0.0,0.0,0.0,9.0831,2.0505,0.0,0.829,0.0,0.0,0.0,2.2839,4.139,0.0,0.7167,B2,word_pos,adage,N,adage,NOM
reformuler,VERB,B2,beacco,9.0831,0.829,0.0,0.0,0.0,9.0831,2.0505,0.0,0.829,0.0,0.0,0.0,2.2839,4.139,0.0,0.7167,B2,word_pos,reformuler,V,reformuler,VER
aéroportuaire,ADJ,B2,beacco,9.0831,0.7209,0.0,0.0,0.0,9.0831,3.1012,0.0,0.7209,0.0,0.0,0.0,4.5679,6.0005,0.0,0.8475,B2,word_pos,aéroportuaire,A,aéroportuaire,ADJ
antirétroviral,ADJ,B2,crf_first_attested,9.0831,0.2074,0.0,0.0,0.0,9.0831,0.0,0.0,0.2074,,,,,,,,,crf_only,antirétroviral,A,,
bidi,NOUN,B2,crf_first_attested,9.0831,0.2074,0.0,0.0,0.0,9.0831,0.0,0.0,0.2074,,,,,,,,,crf_only,bidi,N,,
connections,NOUN,B2,crf_first_attested,9.0831,0.2074,0.0,0.0,0.0,9.0831,0.0,0.0,0.2074,,,,,,,,,crf_only,connections,N,,
inattendu,NOUN,B2,crf_first_attested,9.0831,0.2074,0.0,0.0,0.0,9.0831,0.0,0.0,0.2074,,,,,,,,,crf_only,inattendu,N,,
slave,NOUN,B2,crf_first_attested,9.0831,0.2074,0.0,0.0,0.0,9.0831,0.0,0.0,0.2074,,,,,,,,,crf_only,slave,N,,
titrer,VERB,B2,crf_first_attested,9.0831,0.2074,0.0,0.0,0.0,9.0831,0.0,0.0,0.2074,,,,,,,,,crf_only,titrer,V,,
polar,ADJ,B2,beacco,9.0539,1.5207,,,,,,,,0.0,0.606,0.0,9.0539,0.0,0.0,1.5207,B2,beacco_only,,,polar,ADJ
en présence de,PREP,B2,crf_first_attested,9.0467,1.3903,0.0,0.0,0.0,9.0467,3.2084,0.0,1.3903,,,,,,,,,crf_only,en présence de,PREP,,
affectionner,VERB,B2,beacco,9.0467,0.5778,0.0,0.0,0.0,9.0467,0.0,0.0,0.5778,0.0,0.0,0.0,8.7861,0.0,0.0,0.6644,B2,word_pos,affectionner,V,affectionner,VER
racine,NOUN,B2,beacco,9.0338,4.5615,0.6621,4.7363,0.0,9.0338,0.0,28.8683,4.5615,1.2635,0.4157,0.0,15.813,0.0,38.656,5.1989,B2,word_pos,racine,N,racine,NOM
procéder,VERB,B2,beacco,8.952,3.3836,0.0,0.0,0.3401,8.952,39.6967,0.0,3.3836,0.0,0.0,0.5857,15.0561,51.4303,0.0,5.5943,B2,word_pos,procéder,V,procéder,VER
échantillon,NOUN,B2,beacco,8.8358,4.5605,0.0,0.0,0.0,8.8358,45.2699,0.0,4.5605,0.0,0.0,0.0,8.4014,56.8202,0.0,4.6344,B2,word_pos,échantillon,N,échantillon,NOM
prioritaire,ADJ,B2,beacco,8.8358,2.0052,0.0,0.0,0.0698,8.8358,2.0505,0.0,2.0052,0.0,0.0,0.1219,8.4014,4.139,0.0,2.4342,B2,word_pos,prioritaire,A,prioritaire,ADJ
dj,NOUN,B2,crf_first_attested,8.8358,0.8353,0.0,0.0,0.0,8.8358,0.0,0.0,0.8353,,,,,,,,,crf_only,dj,N,,
rouge,NOUN,B2,beacco,8.5241,25.469,37.2915,27.3117,14.0756,8.5241,9.3035,6.176,25.469,0.5547,0.6008,0.0,1.8983,3.4423,0.0,1.9759,B2,word_pos,rouge,N,rouge,NOM
guéridon,NOUN,B2,beacco,8.495,0.5243,0.0,0.0,0.0,8.495,0.0,0.0,0.5243,0.0,0.0,0.0,9.1403,0.0,0.0,0.6546,B2,word_pos,guéridon,N,guéridon,NOM
canton,NOUN,B2,beacco,8.4748,10.1347,0.5025,0.0,17.5989,8.4748,1.6042,0.0,10.1347,0.9051,0.0,12.9548,2.5411,3.4423,0.0,7.5437,B2,word_pos,canton,N,canton,NOM
issue,NOUN,B2,beacco,8.458,3.947,0.0,0.0,0.0,8.458,15.5058,39.0192,3.947,0.0,0.5137,3.5051,8.1049,40.6321,127.4317,12.9037,B2,word_pos,issue,N,issue,NOM
académie,NOUN,B2,beacco,8.4175,20.3634,1.4987,3.8842,27.7531,8.4175,21.4487,57.7365,20.3634,0.0,0.0,3.6187,2.2839,3.4423,0.0,2.5532,B2,word_pos,académie,N,académie,NOM
manifester,VERB,B2,beacco,8.4175,18.1393,0.0,1.2702,34.056,8.4175,4.101,86.9525,18.1393,0.0,0.4157,32.7204,9.0915,4.139,135.3747,18.1411,B2,word_pos,manifester,V,manifester,VER
minorité,NOUN,B2,beacco,8.4175,10.5608,0.5025,0.3209,0.2405,8.4175,93.5862,0.0,10.5608,0.9051,0.6228,0.4665,9.0915,60.09,0.0,11.0581,B2,word_pos,minorité,N,minorité,NOM
gloire,NOUN,B2,beacco,8.4175,9.4483,0.4996,0.0944,22.5677,8.4175,0.0,0.0,9.4483,0.9464,0.1937,12.4258,14.4824,0.0,0.0,8.7163,B2,word_pos,gloire,N,gloire,NOM
bénéfice,NOUN,B2,beacco,8.4175,9.213,0.0,0.0,10.5037,8.4175,3.1012,146.3752,9.213,0.0,0.0,12.6624,9.0915,6.0005,113.5434,10.4506,B2,word_pos,bénéfice,N,bénéfice,NOM
contradictoire,ADJ,B2,beacco,8.4175,7.5663,0.0,0.0,7.5666,8.4175,15.7275,67.3593,7.5663,0.0,0.0,7.6204,9.0915,31.3781,38.656,8.7699,B2,word_pos,contradictoire,A,contradictoire,ADJ
incontournable,ADJ,B2,beacco,8.4175,6.3646,0.0,0.0,16.1896,8.4175,6.2023,0.0,6.3646,0.0,0.0,12.4179,9.0915,6.0005,0.0,6.0392,B2,word_pos,incontournable,A,incontournable,ADJ
munir,VERB,B2,beacco,8.4175,4.1441,0.0,0.6456,4.4642,8.4175,0.0,0.0,4.1441,0.0,0.3721,7.0882,14.4824,6.0005,19.328,6.2461,B2,word_pos,munir,V,munir,VER
exode,NOUN,B2,beacco,8.4175,3.745,0.0,0.0,6.5834,8.4175,1.6042,0.0,3.745,0.0,0.0,3.7375,9.0915,3.4423,0.0,3.6196,B2,word_pos,exode,N,exode,NOM
nier,VERB,B2,beacco,8.4175,3.1659,0.0,0.0,3.1412,8.4175,0.0,12.9876,3.1659,0.0,0.0,5.9496,9.0915,0.0,25.6659,5.7249,B2,word_pos,nier,V,nier,VER
intérim,NOUN,B2,beacco,8.4175,2.7794,0.0,0.0,0.7236,8.4175,0.0,48.1138,2.7794,0.0,0.0,1.2756,9.0915,0.0,57.984,4.5598,B2,word_pos,intérim,N,intérim,NOM
rétablir,VERB,B2,beacco,8.4175,2.6092,0.0,0.0,3.8741,8.4175,3.1012,0.0,2.6092,0.0,0.0,2.4712,9.0915,6.0005,0.0,3.5374,B2,word_pos,rétablir,V,rétablir,VER
salarier,VERB,B2,beacco,8.4175,2.5861,0.0,0.0,1.809,8.4175,1.6042,0.0,2.5861,0.0,0.0,0.6378,9.0915,3.4423,19.328,3.5546,B2,word_pos,salarier,V,salarier,VER
filet,NOUN,B2,beacco,8.4175,1.8918,0.0,0.0,0.0,8.4175,14.569,0.0,1.8918,0.0,0.0,0.0,9.0915,19.861,0.0,2.4732,B2,word_pos,filet,N,filet,NOM
icône,NOUN,B2,beacco,8.4175,1.4556,0.0,0.0,0.0,8.4175,0.0,28.8683,1.4556,0.0,0.0,0.0,9.0915,0.0,19.328,1.4393,B2,word_pos,icône,N,icône,NOM
survie,NOUN,B2,beacco,8.4175,1.3387,0.0,0.7835,0.2366,8.4175,0.0,0.0,1.3387,0.0,0.5594,0.438,9.0915,0.0,0.0,1.7174,B2,word_pos,survie,N,survie,NOM
regroupement,NOUN,B2,beacco,8.4175,1.3041,0.0,0.0,0.0,8.4175,3.2084,0.0,1.3041,0.0,0.0,0.0,9.0915,3.4423,0.0,1.5005,B2,word_pos,regroupement,N,regroupement,NOM
coauteur,NOUN,B2,beacco,8.4175,1.026,0.0,0.0,0.2405,8.4175,0.0,0.0,1.026,0.0,0.0,0.4665,9.0915,0.0,0.0,1.5094,B2,word_pos,coauteur,N,coauteur,NOM
au point que,CONJ,B2,crf_first_attested,8.4175,0.9681,0.0,0.0,0.0,8.4175,3.1012,0.0,0.9681,,,,,,,,,crf_only,au point que,CONJS,,
investir,VERB,B2,beacco,8.4152,19.9269,2.4979,0.8456,11.3778,8.4152,63.6688,45.4565,19.9269,0.9464,0.6008,12.5835,15.5164,50.0526,38.4989,18.9406,B2,word_pos,investir,V,investir,VER
fondre,VERB,B2,beacco,8.4152,8.2097,0.0,3.5374,8.9636,8.4152,13.3747,0.0,8.2097,0.0,0.0,3.7375,0.0,0.0,0.0,0.6965,B2,word_pos,fondre,V,fondre,VER
gourmand,ADJ,B2,beacco,8.4152,4.5291,0.0,0.0,2.5537,8.4152,17.3764,0.0,4.5291,0.0,0.0,3.2268,9.0915,20.024,0.0,4.5747,B2,word_pos,gourmand,A,gourmand,ADJ
en cause,ADV,B2,crf_first_attested,8.4152,1.3369,0.0,0.0,0.0,8.4152,0.0,19.2455,1.3369,,,,,,,,,crf_only,en cause,ADV,,
chapeauter,VERB,B2,beacco,8.4152,0.4546,0.0,0.0,0.0,8.4152,0.0,0.0,0.4546,0.0,0.0,0.0,9.0915,0.0,0.0,0.6511,B2,word_pos,chapeauter,V,chapeauter,VER
fringues,NOUN,B2,beacco,8.4014,2.3142,,,,,,,,1.1764,0.0,0.0,8.4014,4.139,0.0,2.3142,B2,beacco_only,,,fringues,NOM
demi-tour,NOUN,B2,beacco,8.3922,1.9908,,,,,,,,0.5987,0.0,0.6378,8.3922,0.0,0.0,1.9908,B2,beacco_only,,,demi-tour,NOM
réveil,NOUN,B2,beacco,8.3158,8.9157,7.3499,0.2948,5.3736,8.3158,18.6069,0.0,8.9157,7.2462,0.6111,6.3332,10.3599,18.0014,0.0,10.7946,B2,word_pos,réveil,N,réveil,NOM
faible,NOUN,B2,beacco,8.3158,2.2847,0.7967,0.1076,0.0,8.3158,0.0,0.0,2.2847,0.8346,0.186,0.487,32.7802,0.0,0.0,6.1555,B2,word_pos,faible,N,faible,NOM
correspondance,NOUN,B2,beacco,8.2709,12.2537,17.5859,0.0,17.8011,8.2709,6.2023,0.0,12.2537,1.2635,0.0,5.3792,8.3751,6.0005,0.0,5.3118,B2,word_pos,correspondance,N,correspondance,NOM
intermédiaire,ADJ,B2,beacco,8.2709,3.0582,0.0,0.0,7.479,8.2709,0.0,0.0,3.0582,0.0,0.4157,14.509,18.0886,0.0,0.0,8.04,B2,word_pos,intermédiaire,A,intermédiaire,ADJ
agression,NOUN,B2,beacco,8.2585,3.9448,0.4068,0.0,0.4521,8.2585,6.2023,0.0,3.9448,0.8075,0.0,0.3059,6.5091,6.0005,0.0,3.7749,B2,word_pos,agression,N,agression,NOM
ex-voto,NOUN,B2,beacco,8.2287,0.6306,,,,,,,,0.0,0.0,0.0,8.2287,0.0,0.0,0.6306,B2,beacco_only,,,ex-voto,NOM
reproduction,NOUN,B2,beacco,8.1945,11.8524,0.0,4.3641,13.5932,8.1945,34.728,0.0,11.8524,0.0,0.6228,16.0584,8.1049,40.6321,0.0,11.8869,B2,word_pos,reproduction,N,reproduction,NOM
contraction,NOUN,B2,beacco,8.1945,1.0154,0.0,0.0,0.0,8.1945,0.0,6.4938,1.0154,0.0,0.0,0.0,8.1049,0.0,12.833,1.3243,B2,word_pos,contraction,N,contraction,NOM
encre,NOUN,B2,beacco,8.1699,3.0712,0.0,0.7405,0.7535,8.1699,0.0,0.0,3.0712,0.0,0.606,0.9178,13.2935,0.0,0.0,3.6839,B2,word_pos,encre,N,encre,NOM
au-delà,ADV,B2,beacco,8.1049,37.2293,,,,,,,,0.0,0.186,62.9517,8.1049,106.3577,173.1709,37.2293,B2,beacco_only,,,au-delà,ADV
fournir,VERB,B2,beacco,8.0668,20.9069,0.0,3.7677,36.4782,8.0668,15.5058,87.2204,20.9069,0.0,0.3851,25.8777,11.742,40.6321,113.5434,19.8055,B2,word_pos,fournir,V,fournir,VER
heurter,VERB,B2,beacco,8.0668,9.3869,9.5004,0.3918,3.3508,8.0668,6.2023,19.4814,9.3869,7.3616,0.1865,3.5244,9.1403,6.0005,12.833,7.5783,B2,word_pos,heurter,V,heurter,VER
puriste,NOUN,B2,beacco,8.0668,0.9711,0.0,0.0,0.2916,8.0668,0.0,0.0,0.9711,0.0,0.0,0.5531,9.1403,0.0,0.0,1.5142,B2,word_pos,puriste,N,puriste,NOM
en vigueur,ADV,B2,crf_first_attested,8.0668,0.4547,0.0,0.0,0.0,8.0668,0.0,0.0,0.4547,,,,,,,,,crf_only,en vigueur,ADV,,
marié,ADJ,B2,beacco,8.0541,43.1504,55.7771,70.0638,10.493,8.0541,29.1381,69.3619,43.1504,0.0,4.486,0.5857,0.0,0.0,0.0,1.395,B2,word_pos,marié,A,marié,ADJ
sueur,NOUN,B2,beacco,8.0541,2.1401,0.0,0.0,2.4017,8.0541,0.0,0.0,2.1401,0.0,0.0,4.7033,13.2882,0.0,0.0,4.1761,B2,word_pos,sueur,N,sueur,NOM
inattendu,ADJ,B2,beacco,7.7447,7.0583,0.0,1.6044,2.6626,7.7447,25.5257,0.0,7.0583,0.0,0.6228,5.155,9.0915,20.024,0.0,6.6183,B2,word_pos,inattendu,A,inattendu,ADJ
éthique,ADJ,B2,beacco,7.7447,5.5185,0.0,0.0,0.0,7.7447,72.3375,0.0,5.5185,0.0,0.0,0.0,8.4014,63.1587,0.0,5.0299,B2,word_pos,éthique,A,éthique,ADJ
implacable,ADJ,B2,beacco,7.7447,1.8483,0.0,0.0,1.8309,7.7447,0.0,0.0,1.8483,0.0,0.0,3.5101,8.4014,0.0,0.0,2.4938,B2,word_pos,implacable,A,implacable,ADJ
costumer,VERB,B2,beacco,7.5933,9.8936,,,,,,,,7.1772,0.0,7.2474,7.5933,27.403,0.0,9.8936,B2,beacco_only,,,costumer,VER
ouvertement,ADV,B2,beacco,7.5819,1.9392,0.0,0.0,0.8749,7.5819,2.0505,0.0,1.9392,0.0,0.0,0.5531,6.4611,4.139,0.0,1.9009,B2,word_pos,ouvertement,ADV,ouvertement,ADV
facteur,NOUN,B2,beacco,7.5693,29.9217,0.0,0.2117,36.6106,7.5693,81.2055,243.7473,29.9217,0.0,0.0,24.8903,6.8518,77.1586,201.2195,22.4264,B2,word_pos,facteur,N,facteur,NOM
application,NOUN,B2,beacco,7.5693,29.8801,0.4068,0.0,52.1759,7.5693,115.5699,28.8683,29.8801,0.8075,0.0,26.8466,4.5679,101.2835,19.328,20.1203,B2,word_pos,application,N,application,NOM
défaut,NOUN,B2,beacco,7.5693,20.4168,0.6621,1.6171,32.1908,7.5693,50.6183,19.2455,20.4168,1.2635,0.4664,43.2817,6.8518,65.168,19.328,24.3294,B2,word_pos,défaut,N,défaut,NOM
virtuel,ADJ,B2,beacco,7.5693,14.9353,0.0,0.0,25.4633,7.5693,58.6409,0.0,14.9353,0.0,0.0,2.9677,4.5679,41.2358,0.0,5.9349,B2,word_pos,virtuel,A,virtuel,ADJ
horizon,NOUN,B2,beacco,7.5693,11.7842,1.2043,0.7318,4.0041,7.5693,19.6566,96.0469,11.7842,0.7319,0.4664,7.6901,6.8518,27.9938,93.687,12.9063,B2,word_pos,horizon,N,horizon,NOM
facilité,NOUN,B2,beacco,7.5693,8.3158,0.4996,3.2125,10.8723,7.5693,2.0505,0.0,8.3158,0.9464,0.4157,17.6021,4.5679,4.139,0.0,9.8031,B2,word_pos,facilité,N,facilité,NOM
bousculer,VERB,B2,beacco,7.5693,7.9652,1.7078,0.2114,4.2948,7.5693,13.3747,19.2455,7.9652,1.1764,0.6008,6.4552,6.8518,19.861,38.656,10.5804,B2,word_pos,bousculer,V,bousculer,VER
constat,NOUN,B2,beacco,7.5693,6.4993,0.0,0.3702,6.2829,7.5693,14.3534,0.0,6.4993,0.0,0.606,7.7117,6.8518,16.5561,0.0,8.5927,B2,word_pos,constat,N,constat,NOM
vanter,VERB,B2,beacco,7.5693,5.7771,0.0,0.0,9.2493,7.5693,3.2084,9.6228,5.7771,0.0,0.0,11.3743,4.5679,3.4423,19.328,6.8343,B2,word_pos,vanter,V,vanter,VER
mortel,ADJ,B2,beacco,7.5693,5.2225,6.1086,0.0,0.6228,7.5693,15.7275,0.0,5.2225,7.6074,0.0,0.3906,4.5679,20.6179,0.0,5.0232,B2,word_pos,mortel,A,mortel,ADJ
crépuscule,NOUN,B2,beacco,7.5693,4.8072,0.3983,0.0,0.6802,7.5693,21.7081,0.0,4.8072,0.8346,0.0,0.5857,4.5679,12.0009,0.0,3.5106,B2,word_pos,crépuscule,N,crépuscule,NOM
vertical,ADJ,B2,beacco,7.5693,2.3692,0.4014,0.2117,0.3401,7.5693,0.0,0.0,2.3692,0.7319,0.4157,0.5857,2.2839,0.0,0.0,2.2104,B2,word_pos,vertical,A,vertical,ADJ
horizontal,ADJ,B2,beacco,7.5693,1.9986,0.4014,0.0,0.6802,7.5693,0.0,0.0,1.9986,0.7319,0.0,1.1713,6.8518,0.0,0.0,3.0013,B2,word_pos,horizontal,A,horizontal,ADJ
incomparable,ADJ,B2,beacco,7.5693,1.4907,0.0,0.0,0.2405,7.5693,2.0505,0.0,1.4907,0.0,0.0,0.4665,4.5679,4.139,0.0,1.9585,B2,word_pos,incomparable,A,incomparable,ADJ
criard,ADJ,B2,beacco,7.5693,1.0269,0.0,0.2117,0.0,7.5693,0.0,0.0,1.0269,0.0,0.4157,0.0,4.5679,0.0,0.0,1.0005,B2,word_pos,criard,A,criard,ADJ
mit,NOUN,B2,crf_first_attested,7.5693,0.1728,0.0,0.0,0.0,7.5693,0.0,0.0,0.1728,,,,,,,,,crf_only,mit,N,,
envisager,VERB,B2,beacco,7.4827,23.5453,0.0,0.0,24.617,7.4827,104.6112,126.4605,23.5453,0.0,0.0,27.915,10.1033,144.4132,56.7717,24.3206,B2,word_pos,envisager,V,envisager,VER
observatoire,NOUN,B2,beacco,7.4827,9.0188,0.0,0.0,19.0104,7.4827,12.3029,0.0,9.0188,0.0,0.0,3.5156,0.0,0.0,0.0,0.6613,B2,word_pos,observatoire,N,observatoire,NOM
paradoxalement,ADV,B2,beacco,7.4827,6.7594,0.0,0.0,7.4797,7.4827,19.8484,9.6228,6.7594,0.0,0.0,7.8476,8.3751,40.1357,19.328,8.4959,B2,word_pos,paradoxalement,ADV,paradoxalement,ADV
officiellement,ADV,B2,beacco,7.4827,4.5966,0.0,0.0,0.4152,7.4827,31.4551,0.0,4.5966,0.0,0.0,0.7812,8.3751,41.2358,0.0,5.4779,B2,word_pos,officiellement,ADV,officiellement,ADV
fantasme,NOUN,B2,beacco,7.4827,2.9151,0.0,0.0,0.8749,7.4827,6.2023,0.0,2.9151,0.0,0.0,0.5531,8.3751,6.0005,0.0,2.5431,B2,word_pos,fantasme,N,fantasme,NOM
fantastique,NOUN,B2,beacco,7.4815,3.279,1.5075,0.0,1.2023,7.4815,0.0,0.0,3.279,0.0,0.0,0.4665,1.3018,0.0,0.0,0.6671,B2,word_pos,fantastique,N,fantastique,NOM
indignation,NOUN,B2,beacco,7.45,4.6347,0.0,0.0,10.906,7.45,1.6042,0.0,4.6347,0.0,0.0,12.2482,9.0915,3.4423,0.0,6.0406,B2,word_pos,indignation,N,indignation,NOM
chaire,NOUN,B2,beacco,7.45,3.8407,0.0,0.0,0.3401,7.45,34.728,0.0,3.8407,0.0,0.0,0.5857,11.6267,20.6179,0.0,3.7342,B2,word_pos,chaire,N,chaire,NOM
éclat,NOUN,B2,beacco,7.4327,11.3359,0.0,0.0,15.2181,7.4327,28.892,19.4814,11.3359,0.0,0.0,27.6817,5.2073,20.6179,12.833,12.5803,B2,word_pos,éclat,N,éclat,NOM
bandeau,NOUN,B2,beacco,7.4327,3.4148,0.0,0.0,0.6122,7.4327,8.2019,0.0,3.4148,0.0,0.0,0.4317,5.2073,4.139,0.0,2.0375,B2,word_pos,bandeau,N,bandeau,NOM
haie,NOUN,B2,beacco,7.4055,4.3179,0.0,0.0,1.4472,7.4055,21.7081,0.0,4.3179,0.0,0.0,1.2756,1.3018,12.0009,0.0,2.6016,B2,word_pos,haie,N,haie,NOM
rassurant,ADJ,B2,beacco,7.4055,3.4671,0.0,5.0207,0.0,7.4055,3.2084,0.0,3.4671,0.0,0.4157,0.0,1.3018,3.4423,0.0,1.3955,B2,word_pos,rassurant,A,rassurant,ADJ
casquette,NOUN,B2,beacco,7.4055,2.6716,0.6621,0.0,0.0,7.4055,15.5058,0.0,2.6716,1.2635,0.0,0.0,1.3018,12.0009,0.0,2.0228,B2,word_pos,casquette,N,casquette,NOM
vis,NOUN,B2,beacco,7.4055,2.2102,0.0,0.0,4.0126,7.4055,0.0,0.0,2.2102,0.0,0.0,3.6187,0.0,0.0,0.0,0.6825,B2,word_pos,vis,N,vis,NOM
discrétion,NOUN,B2,beacco,7.4055,1.621,0.0,0.0,0.2405,7.4055,3.2084,0.0,1.621,0.0,0.0,0.4665,6.4342,3.4423,0.0,1.9822,B2,word_pos,discrétion,N,discrétion,NOM
stupeur,NOUN,B2,beacco,7.4055,1.4839,0.0,0.0,0.7214,7.4055,0.0,0.0,1.4839,0.0,0.0,0.4665,1.3018,0.0,0.0,0.6671,B2,word_pos,stupeur,N,stupeur,NOM
rôtir,VERB,B2,beacco,7.4055,0.999,0.5025,0.0,0.0,7.4055,0.0,0.0,0.999,1.8101,0.0,0.0,1.3018,0.0,0.0,0.9864,B2,word_pos,rôtir,V,rôtir,VER
remarquablement,ADV,B2,beacco,7.4055,0.897,0.0,0.3702,0.0,7.4055,0.0,0.0,0.897,0.0,0.606,0.0,1.3018,0.0,0.0,0.6674,B2,word_pos,remarquablement,ADV,remarquablement,ADV
faire semblant,VERB,B2,crf_first_attested,7.4055,0.4858,0.0,0.0,0.0,7.4055,0.0,0.0,0.4858,,,,,,,,,crf_only,faire semblant,V,,
vers l' auberge du,PREP,B2,crf_first_attested,7.4055,0.4858,0.0,0.0,0.0,7.4055,0.0,0.0,0.4858,,,,,,,,,crf_only,vers l' auberge du,PREP,,
psychologue,ADJ,B2,crf_first_attested,7.3776,1.2674,0.0,0.0,0.0,7.3776,6.1515,0.0,1.2674,,,,,,,,,crf_only,psychologue,A,,
crémer,VERB,B2,crf_first_attested,7.3776,0.1685,0.0,0.0,0.0,7.3776,0.0,0.0,0.1685,,,,,,,,,crf_only,crémer,V,,
justicier,ADJ,B2,beacco,7.3776,0.1685,0.0,0.0,0.0,7.3776,0.0,0.0,0.1685,0.0,0.0,0.5857,1.7933,0.0,0.0,0.6905,B2,word_pos,justicier,A,justicier,ADJ
séjourner,VERB,B2,beacco,7.329,5.1744,3.8792,0.2439,0.2405,7.329,15.5058,0.0,5.1744,7.6054,0.4664,0.4665,8.2287,6.0005,0.0,5.661,B2,word_pos,séjourner,V,séjourner,VER
nouer,VERB,B2,beacco,7.329,4.8642,0.0,5.0209,3.9438,7.329,0.0,0.0,4.8642,0.0,0.2891,3.4656,8.2287,0.0,0.0,3.4195,B2,word_pos,nouer,V,nouer,VER
spirituel,ADJ,B2,beacco,7.329,2.1577,0.0,0.0,0.7236,7.329,6.2023,0.0,2.1577,0.0,0.0,1.2756,8.2287,12.0009,0.0,3.755,B2,word_pos,spirituel,A,spirituel,ADJ
chandelle,NOUN,B2,beacco,7.329,1.9938,2.5125,0.0,0.1883,7.329,0.0,0.0,1.9938,0.9051,0.0,0.3933,8.2287,0.0,0.0,2.4516,B2,word_pos,chandelle,N,chandelle,NOM
abasourdir,VERB,B2,beacco,7.329,1.7749,0.0,3.3845,0.0,7.329,0.0,0.0,1.7749,0.0,0.2891,0.0,8.2287,0.0,0.0,1.4088,B2,word_pos,abasourdir,V,abasourdir,VER
noeud,NOUN,B2,beacco,7.329,1.1066,0.0,0.3918,0.0,7.329,0.0,0.0,1.1066,0.0,0.0,0.0,8.2287,0.0,0.0,0.6306,B2,word_pos,noeud,N,noeud,NOM
mécontentement,NOUN,B2,beacco,7.329,0.9827,0.0,0.3209,0.0,7.329,0.0,0.0,0.9827,0.0,0.0,0.0,8.2287,0.0,0.0,0.6306,B2,word_pos,mécontentement,N,mécontentement,NOM
outrage,NOUN,B2,beacco,7.329,0.4882,0.0,0.0,0.0,7.329,0.0,0.0,0.4882,0.0,0.0,0.0,8.2287,0.0,0.0,0.6306,B2,word_pos,outrage,N,outrage,NOM
enrager,VERB,B2,beacco,7.3154,3.8406,0.5025,0.0,6.4965,7.3154,0.0,0.0,3.8406,0.0,0.0,4.687,8.4038,0.0,0.0,2.9439,B2,word_pos,enrager,V,enrager,VER
galant,ADJ,B2,beacco,7.3154,0.91,0.0,0.0,0.2041,7.3154,0.0,0.0,0.91,0.0,0.0,0.4317,8.4038,0.0,0.0,1.5054,B2,word_pos,galant,A,galant,ADJ
d' autre,ADV,B2,crf_first_attested,7.268,1.5394,0.0,0.0,0.0,7.268,9.3035,0.0,1.5394,,,,,,,,,crf_only,d' autre,ADV,,
six cent,DET,B2,crf_first_attested,7.2554,0.4065,0.0,0.0,0.0,7.2554,0.0,0.0,0.4065,,,,,,,,,crf_only,six cent,DET,,
séduisant,ADJ,B2,beacco,7.2463,4.1428,0.0,0.0,6.6876,7.2463,6.2023,0.0,4.1428,0.0,0.0,7.1643,8.7861,6.0005,0.0,4.5752,B2,word_pos,séduisant,A,séduisant,ADJ
géographique,ADJ,B2,beacco,7.1381,4.8946,0.0816,0.0,0.6884,7.1381,24.2475,12.9876,4.8946,0.171,0.0,0.487,6.4469,40.1357,25.6659,5.746,B2,word_pos,géographique,A,géographique,ADJ
innovation,NOUN,B2,beacco,7.0623,8.6955,1.1385,0.0,0.8749,7.0623,27.9104,19.4814,8.6955,1.1764,0.0,1.1062,3.8116,24.0018,12.833,7.4361,B2,word_pos,innovation,N,innovation,NOM
signification,NOUN,B2,beacco,7.0375,8.7843,0.0,0.2439,3.2071,7.0375,34.062,67.3593,8.7843,0.0,0.4664,5.1436,12.6911,40.1357,19.328,9.5924,B2,word_pos,signification,N,signification,NOM
redoubler,VERB,B2,beacco,7.0375,4.7825,1.718,0.1897,0.6228,7.0375,9.3035,0.0,4.7825,1.1556,0.2065,0.3906,12.6911,6.0005,0.0,4.8828,B2,word_pos,redoubler,V,redoubler,VER
hexagonal,ADJ,B2,beacco,7.0375,3.9217,0.0,0.0,3.0638,7.0375,16.8923,0.0,3.9217,0.0,0.0,0.3059,8.4014,20.6179,0.0,3.4056,B2,word_pos,hexagonal,A,hexagonal,ADJ
enviable,ADJ,B2,beacco,7.0375,0.8668,0.0816,0.0,0.3618,7.0375,0.0,0.0,0.8668,0.171,0.0,0.6378,2.5411,0.0,0.0,1.1456,B2,word_pos,enviable,A,enviable,ADJ
artistiquer,VERB,B2,beacco,6.9515,0.4599,0.0,0.0,0.0,6.9515,0.0,0.0,0.4599,0.0,0.0,0.6378,1.8983,0.0,0.0,0.696,B2,word_pos,artistiquer,V,artistiquer,VER
plate-forme,NOUN,B2,beacco,6.8518,3.5,,,,,,,,0.0,0.0,3.6187,6.8518,4.139,0.0,3.5,B2,beacco_only,,,plate-forme,NOM
impatience,NOUN,B2,beacco,6.8216,13.8532,7.1386,0.0,15.2008,6.8216,55.5153,0.0,13.8532,7.5967,0.0,9.641,9.1403,40.0479,0.0,11.1784,B2,word_pos,impatience,N,impatience,NOM
rival,NOUN,B2,beacco,6.8216,4.2061,0.0,0.0,2.6299,6.8216,3.2084,28.8683,4.2061,0.0,0.0,3.5244,9.1403,3.4423,19.328,4.726,B2,word_pos,rival,N,rival,NOM
avantageux,ADJ,B2,beacco,6.8216,3.0829,0.0,0.0,1.0202,6.8216,12.4046,0.0,3.0829,0.0,0.0,0.5857,9.1403,6.0005,0.0,2.4511,B2,word_pos,avantageux,A,avantageux,ADJ
succomber,VERB,B2,beacco,6.8216,1.3438,0.0,0.0,0.2366,6.8216,3.1012,0.0,1.3438,0.0,0.0,0.438,9.1403,6.0005,0.0,2.4492,B2,word_pos,succomber,V,succomber,VER
dessus,NOUN,B2,beacco,6.8149,8.9171,0.8215,7.2984,11.6615,6.8149,3.2084,0.0,8.9171,0.0,0.6228,0.4665,1.3548,0.0,0.0,1.0863,B2,word_pos,dessus,N,dessus,NOM
centime,NOUN,B2,beacco,6.8065,4.4896,1.3242,0.4228,3.9683,6.8065,2.0505,0.0,4.4896,2.5271,0.6008,7.6424,13.652,4.139,0.0,8.3971,B2,word_pos,centime,N,centime,NOM
exclure,VERB,B2,beacco,6.8058,15.5808,0.0,0.0,28.7029,6.8058,57.5361,19.4814,15.5808,0.0,0.0,24.929,18.6978,54.0583,12.833,16.4684,B2,word_pos,exclure,V,exclure,VER
froisser,VERB,B2,beacco,6.7999,1.1516,0.0,0.0,0.0,6.7999,0.0,4.1173,1.1516,0.0,0.0,0.0,6.4342,0.0,4.0185,1.1157,B2,word_pos,froisser,V,froisser,VER
investigation,NOUN,B2,beacco,6.7656,1.3361,0.0,0.0,0.2076,6.7656,0.0,9.6228,1.3361,0.0,0.0,0.3906,6.8597,0.0,19.328,1.8118,B2,word_pos,investigation,N,investigation,NOM
stimuler,VERB,B2,beacco,6.7096,6.3299,0.0,0.0,2.6149,6.7096,13.3747,76.982,6.3299,0.0,0.606,2.9677,8.2033,19.861,115.968,11.8305,B2,word_pos,stimuler,V,stimuler,VER
malédiction,NOUN,B2,beacco,6.7096,2.9407,0.0,0.0,6.1028,6.7096,0.0,0.0,2.9407,0.0,0.0,5.387,8.2033,0.0,0.0,3.0476,B2,word_pos,malédiction,N,malédiction,NOM
ongle,NOUN,B2,beacco,6.7096,2.0427,0.0,0.3918,1.799,6.7096,0.0,0.0,2.0427,0.0,0.0,3.5358,8.2033,0.0,0.0,2.3995,B2,word_pos,ongle,N,ongle,NOM
démographique,ADJ,B2,beacco,6.7049,9.3144,0.0,0.0,0.7236,6.7049,44.5454,87.2204,9.3144,0.0,0.0,0.6378,8.3751,45.1187,86.9662,8.2496,B2,word_pos,démographique,A,démographique,ADJ
soudain,ADJ,B2,beacco,6.5159,32.0893,6.3611,21.3891,68.8921,6.5159,6.2023,9.6228,32.0893,0.5547,0.4157,11.515,1.822,6.0005,19.328,8.2657,B2,word_pos,soudain,A,soudain,ADJ
demi - tour,ADJ,B2,crf_first_attested,6.5159,0.5212,0.0,0.0,0.0,6.5159,0.0,0.0,0.5212,,,,,,,,,crf_only,demi - tour,A,,
toi,DET,B2,crf_first_attested,6.5159,0.5212,0.0,0.0,0.0,6.5159,0.0,0.0,0.5212,,,,,,,,,crf_only,toi,DET,,
découvert,ADJ,B2,beacco,6.474,0.3255,0.0,0.0,0.0,6.474,0.0,0.0,0.3255,0.0,0.0,0.0,1.3018,3.4423,0.0,0.6502,B2,word_pos,découvert,A,découvert,ADJ
performance,NOUN,B2,beacco,6.4693,9.0782,4.0685,0.4879,6.7955,6.4693,3.1012,56.3681,9.0782,0.8075,0.4664,7.5376,8.4014,6.0005,77.4712,10.2125,B2,word_pos,performance,N,performance,NOM
math,NOUN,B2,beacco,6.4693,7.7873,0.5727,32.456,0.0,6.4693,0.0,0.0,7.7873,0.0,0.2065,0.0,1.2705,0.0,0.0,0.5062,B2,word_pos,math,N,math,NOM
côtoyer,VERB,B2,beacco,6.4693,6.4452,0.0,1.6044,15.2005,6.4693,0.0,0.0,6.4452,0.0,0.6228,12.3832,8.4014,0.0,0.0,5.6353,B2,word_pos,côtoyer,V,côtoyer,VER
chrétien,NOUN,B2,beacco,6.4693,3.9877,3.5851,0.0,9.2164,6.4693,0.0,0.0,3.9877,0.8346,0.0,3.5957,8.4014,0.0,0.0,2.938,B2,word_pos,chrétien,N,chrétien,NOM
crever,VERB,B2,beacco,6.4693,2.9721,0.0,0.247,1.6062,6.4693,1.6042,0.0,2.9721,0.0,0.1276,1.4611,8.4014,3.4423,0.0,3.9078,B2,word_pos,crever,V,crever,VER
protecteur,NOUN,B2,beacco,6.4693,2.8249,0.4014,0.0,0.0,6.4693,9.3035,9.6228,2.8249,0.7319,0.0,0.0,0.911,6.0005,19.328,1.6785,B2,word_pos,protecteur,N,protecteur,NOM
cool,ADJ,B2,beacco,6.4693,2.5367,5.7505,1.1497,0.3401,6.4693,0.0,0.0,2.5367,6.5852,0.2129,0.5857,1.2705,0.0,0.0,2.3891,B2,word_pos,cool,A,cool,ADJ
épanouir,VERB,B2,beacco,6.4693,2.1005,0.0,0.0,0.3618,6.4693,3.1012,6.4938,2.1005,0.0,0.0,0.6378,8.4014,6.0005,12.833,3.5281,B2,word_pos,épanouir,V,épanouir,VER
dignité,NOUN,B2,beacco,6.4693,1.8632,0.0,0.0,2.6577,6.4693,0.0,0.0,1.8632,0.0,0.0,3.7375,8.4014,0.0,0.0,2.5088,B2,word_pos,dignité,N,dignité,NOM
apprêter,VERB,B2,beacco,6.4693,1.733,0.0,0.4234,0.0908,6.4693,0.0,0.0,1.733,0.0,0.4157,0.2504,8.4014,0.0,0.0,2.3833,B2,word_pos,apprêter,V,apprêter,VER
corporation,NOUN,B2,beacco,6.4693,1.289,0.0,0.0,0.5833,6.4693,0.0,0.0,1.289,0.0,0.0,1.1062,8.4014,0.0,0.0,1.9623,B2,word_pos,corporation,N,corporation,NOM
galère,NOUN,B2,beacco,6.4693,1.0055,0.0,0.0,0.0,6.4693,1.6042,0.0,1.0055,0.0,0.0,0.0,8.4014,3.4423,0.0,1.4975,B2,word_pos,galère,N,galère,NOM
cognac,NOUN,B2,beacco,6.4693,0.5227,0.0,0.0,0.0,6.4693,0.0,0.0,0.5227,0.0,0.0,0.0,11.0661,0.0,0.0,1.0464,B2,word_pos,cognac,N,cognac,NOM
versa,ADV,B2,beacco,6.4611,0.4885,,,,,,,,0.0,0.0,0.0,6.4611,0.0,0.0,0.4885,B2,beacco_only,,,versa,ADV
vice,ADV,B2,beacco,6.4611,0.4885,,,,,,,,0.0,0.0,0.0,6.4611,0.0,0.0,0.4885,B2,beacco_only,,,vice,ADV
concept,NOUN,B2,beacco,6.3945,10.5739,0.0,0.2117,18.813,6.3945,37.6721,0.0,10.5739,0.0,0.4157,22.12,9.0915,51.4303,0.0,15.2012,B2,word_pos,concept,N,concept,NOM
laisse,NOUN,B2,beacco,6.3945,8.3328,0.0,5.8603,16.2056,6.3945,0.0,0.0,8.3328,0.0,0.4157,3.4688,2.2839,0.0,0.0,2.3418,B2,word_pos,laisse,N,laisse,NOM
classer,VERB,B2,beacco,6.3945,8.0136,1.5244,0.9757,3.7826,6.3945,33.3916,0.0,8.0136,1.1008,0.4664,9.513,13.6738,19.861,0.0,10.3556,B2,word_pos,classer,V,classer,VER
vigueur,NOUN,B2,beacco,6.3945,5.318,0.0,0.3702,4.9302,6.3945,6.1515,6.4938,5.318,0.0,0.606,6.178,25.7572,4.139,12.833,8.6129,B2,word_pos,vigueur,N,vigueur,NOM
suggestion,NOUN,B2,beacco,6.3945,4.4532,0.0,2.4006,6.0531,6.3945,0.0,0.0,4.4532,0.0,0.606,9.3711,11.6267,0.0,0.0,6.0987,B2,word_pos,suggestion,N,suggestion,NOM
enthousiaste,ADJ,B2,beacco,6.3945,3.9055,1.0394,0.2117,2.8992,6.3945,1.6042,0.0,3.9055,1.1123,0.4157,7.6279,9.0915,3.4423,0.0,7.0836,B2,word_pos,enthousiaste,A,enthousiaste,ADJ
à long terme,ADV,B2,crf_first_attested,6.3945,1.1336,0.0,0.0,0.0,6.3945,0.0,19.2455,1.1336,,,,,,,,,crf_only,à long terme,ADV,,
renforcer,VERB,B2,beacco,6.3561,30.5871,0.0,0.0,19.528,6.3561,225.468,87.2723,30.5871,0.0,0.0,18.2289,2.5411,158.8936,86.9662,21.3227,B2,word_pos,renforcer,V,renforcer,VER
influencer,VERB,B2,beacco,6.3236,11.8112,0.0,0.1887,4.1108,6.3236,64.0313,45.4565,11.8112,0.0,0.1937,2.952,8.4038,51.4303,38.4989,10.6397,B2,word_pos,influencer,V,influencer,VER
vêtir,VERB,B2,beacco,6.3236,7.3154,0.0,0.0,25.0075,6.3236,2.0505,0.0,7.3154,0.0,0.0,19.2627,8.4038,4.139,0.0,7.3061,B2,word_pos,vêtir,V,vêtir,VER
superposer,VERB,B2,beacco,6.3236,1.5888,0.0,0.3702,0.2041,6.3236,0.0,0.0,1.5888,0.0,0.606,0.4317,8.4038,0.0,0.0,2.5072,B2,word_pos,superposer,V,superposer,VER
réduit,ADJ,B2,beacco,6.2781,9.8609,1.005,1.2702,9.7819,6.2781,16.8923,0.0,9.8609,0.0,0.4157,3.7375,0.0,4.139,0.0,2.2743,B2,word_pos,réduit,A,réduit,ADJ
horriblement,ADV,B2,beacco,6.1216,1.2949,0.0,0.0,0.2916,6.1216,2.0505,0.0,1.2949,0.0,0.0,0.5531,8.2287,4.139,0.0,2.3442,B2,word_pos,horriblement,ADV,horriblement,ADV
participation,NOUN,B2,beacco,6.0554,28.7951,4.4962,0.2117,24.5212,6.0554,161.7467,72.7833,28.7951,0.9464,0.4157,17.5484,2.2839,131.9064,86.9662,22.4153,B2,word_pos,participation,N,participation,NOM
favorable,ADJ,B2,beacco,6.0554,19.9191,0.0,0.0,41.5132,6.0554,41.9584,68.1256,19.9191,0.0,0.0,32.4955,6.8518,34.1646,86.9662,19.7194,B2,word_pos,favorable,A,favorable,ADJ
divorce,NOUN,B2,beacco,6.0554,17.4633,4.0234,0.0,25.4196,6.0554,6.1515,144.3413,17.4633,0.9464,0.0,16.1594,2.2839,8.2781,57.984,11.9596,B2,word_pos,divorce,N,divorce,NOM
résumer,VERB,B2,beacco,6.0554,17.1938,0.0,0.4879,31.6822,6.0554,25.0482,57.7365,17.1938,0.0,0.4664,26.3337,14.1801,43.5754,77.312,22.0568,B2,word_pos,résumer,V,résumer,VER
élu,NOUN,B2,beacco,6.0554,15.9786,0.0,0.0,26.1774,6.0554,41.4618,39.0192,15.9786,0.0,0.0,26.0242,4.5679,43.5754,86.9662,16.9117,B2,word_pos,élu,N,élu,NOM
thèse,NOUN,B2,beacco,6.0554,15.0478,0.0,0.9626,2.7658,6.0554,62.023,38.7867,15.0478,0.0,0.6228,3.5636,4.5679,36.0028,66.5385,13.3016,B2,word_pos,thèse,N,thèse,NOM
net,ADJ,B2,beacco,6.0554,14.617,5.3796,1.0395,21.8002,6.0554,12.7628,22.1371,14.617,0.9051,0.5213,22.7834,0.0,3.4423,44.6051,11.3323,B2,word_pos,net,A,net,ADJ
confronter,VERB,B2,beacco,6.0554,11.8312,0.0,0.3702,15.219,6.0554,50.677,0.0,11.8312,0.0,0.606,12.221,4.5679,55.9876,0.0,12.043,B2,word_pos,confronter,V,confronter,VER
distribution,NOUN,B2,beacco,6.0554,10.9526,0.0,0.4234,7.9894,6.0554,63.6403,0.0,10.9526,0.0,0.4157,9.9705,9.1358,94.0024,0.0,15.1253,B2,word_pos,distribution,N,distribution,NOM
bleu,NOUN,B2,beacco,6.0554,10.8978,1.3262,6.5228,9.5455,6.0554,26.2593,0.0,10.8978,1.2635,0.606,16.5049,4.5679,4.139,0.0,8.8715,B2,word_pos,bleu,N,bleu,NOM
paiement,NOUN,B2,beacco,6.0554,9.7798,0.5025,0.0,22.8927,6.0554,3.2084,6.4938,9.7798,0.9051,0.0,17.5702,9.1358,6.8846,12.833,12.4177,B2,word_pos,paiement,N,paiement,NOM
étape,NOUN,B2,beacco,6.0554,9.6938,0.0,0.6351,9.4976,6.0554,36.5955,0.0,9.6938,0.0,0.4157,13.9744,2.2839,49.0825,0.0,10.9581,B2,word_pos,étape,N,étape,NOM
bactérie,NOUN,B2,beacco,6.0554,9.193,0.0,0.0,2.6124,6.0554,101.8991,0.0,9.193,0.0,0.0,2.9905,2.2839,118.1033,0.0,9.9758,B2,word_pos,bactérie,N,bactérie,NOM
procédure,NOUN,B2,beacco,6.0554,8.3298,0.0,0.0,11.9417,6.0554,22.5554,0.0,8.3298,0.0,0.0,3.6369,4.5679,16.5561,0.0,5.0817,B2,word_pos,procédure,N,procédure,NOM
parent,ADJ,B2,beacco,6.0554,6.0996,0.0,2.2257,11.4568,6.0554,0.0,0.0,6.0996,0.9464,0.0,0.5857,8.1049,0.0,0.0,2.3823,B2,word_pos,parent,A,parent,ADJ
final,ADJ,B2,beacco,6.0554,5.9028,0.0,0.3918,2.5692,6.0554,14.569,39.7676,5.9028,0.0,0.0,3.1948,2.2839,19.861,43.8345,5.4584,B2,word_pos,final,A,final,ADJ
révolter,VERB,B2,beacco,6.0554,5.5453,0.0,0.1887,5.9674,6.0554,12.4046,0.0,5.5453,0.0,0.1937,5.4501,13.6738,18.0014,0.0,8.7567,B2,word_pos,révolter,V,révolter,VER
arc,NOUN,B2,beacco,6.0554,5.4822,0.0,0.0944,14.1928,6.0554,0.0,0.0,5.4822,0.0,0.0,10.6829,0.0,0.0,0.0,2.5149,B2,word_pos,arc,N,arc,NOM
mentionner,VERB,B2,beacco,6.0554,5.291,0.0,0.2117,6.0552,6.0554,6.1515,0.0,5.291,0.0,0.4157,4.5031,2.2839,4.139,0.0,3.9032,B2,word_pos,mentionner,V,mentionner,VER
météorologique,ADJ,B2,beacco,6.0554,5.1572,0.0,16.2224,0.3401,6.0554,3.1012,0.0,5.1572,0.0,0.0,0.5857,2.2839,6.0005,0.0,1.5426,B2,word_pos,météorologique,A,météorologique,ADJ
dévolu,ADJ,B2,beacco,6.0554,4.0345,0.0,0.0,0.4732,6.0554,8.021,19.2455,4.0345,0.0,0.0,0.438,4.5679,3.4423,19.328,3.0101,B2,word_pos,dévolu,A,dévolu,ADJ
globe,NOUN,B2,beacco,6.0554,3.6213,0.0,1.6935,0.0,6.0554,3.1012,25.9752,3.6213,0.0,0.4157,0.0,2.2839,6.0005,25.6659,2.8503,B2,word_pos,globe,N,globe,NOM
advenir,VERB,B2,beacco,6.0554,3.6032,0.0,0.0,0.1637,6.0554,0.0,72.608,3.6032,0.0,0.0,0.1243,4.5679,0.0,93.687,4.1622,B2,word_pos,advenir,V,advenir,VER
légèreté,NOUN,B2,beacco,6.0554,3.3213,0.0,0.0,8.4834,6.0554,0.0,0.0,3.3213,0.0,0.0,7.5572,2.2839,0.0,0.0,2.5176,B2,word_pos,légèreté,N,légèreté,NOM
arrogance,NOUN,B2,beacco,6.0554,3.0288,0.3983,0.0,3.3519,6.0554,0.0,0.0,3.0288,0.8346,0.0,3.5156,2.2839,0.0,0.0,2.2351,B2,word_pos,arrogance,N,arrogance,NOM
décret,NOUN,B2,beacco,6.0554,2.9724,0.0,0.0,0.6802,6.0554,2.0505,32.4689,2.9724,0.0,0.0,0.5857,2.2839,4.139,25.6659,2.6165,B2,word_pos,décret,N,décret,NOM
horaire,ADJ,B2,beacco,6.0554,2.6986,0.0,0.0,2.5949,6.0554,3.2084,0.0,2.6986,0.0,0.4157,3.5301,6.8518,3.4423,0.0,4.7682,B2,word_pos,horaire,A,horaire,ADJ
rayonnement,NOUN,B2,beacco,6.0554,2.4969,0.5025,0.0,0.0906,6.0554,4.101,0.0,2.4969,0.9051,0.0,0.185,4.5679,4.139,0.0,3.0901,B2,word_pos,rayonnement,N,rayonnement,NOM
décoller,VERB,B2,beacco,6.0554,2.3849,0.8215,0.3702,0.4152,6.0554,0.0,0.0,2.3849,0.0,0.0,0.3906,2.2839,0.0,0.0,0.6595,B2,word_pos,décoller,V,décoller,VER
invariablement,ADV,B2,beacco,6.0554,2.2377,0.0,0.0,0.2405,6.0554,8.2019,0.0,2.2377,0.0,0.0,0.4665,2.2839,4.139,0.0,1.5257,B2,word_pos,invariablement,ADV,invariablement,ADV
nausée,NOUN,B2,beacco,6.0554,2.2053,0.0,0.0,0.3618,6.0554,12.4046,0.0,2.2053,0.0,0.0,0.6378,2.2839,6.0005,0.0,1.5548,B2,word_pos,nausée,N,nausée,NOM
synchroniser,VERB,B2,beacco,6.0554,2.0673,0.0,0.2117,0.0,6.0554,9.3035,0.0,2.0673,0.0,0.4157,0.0,4.5679,6.0005,0.0,1.786,B2,word_pos,synchroniser,V,synchroniser,VER
paniquer,VERB,B2,beacco,6.0554,1.9782,0.0,1.1107,0.1507,6.0554,0.0,0.0,1.9782,0.0,0.606,0.3059,2.2839,0.0,0.0,1.4781,B2,word_pos,paniquer,V,paniquer,VER
saisonnier,ADJ,B2,beacco,6.0554,1.9652,0.0,0.0,0.6802,6.0554,6.2023,0.0,1.9652,0.0,0.0,0.5857,4.5679,6.0005,0.0,1.897,B2,word_pos,saisonnier,A,saisonnier,ADJ
pyrénéen,ADJ,B2,beacco,6.0554,1.8923,1.7078,0.0,0.0906,6.0554,0.0,0.0,1.8923,1.1764,0.0,0.185,6.8518,0.0,0.0,2.4674,B2,word_pos,pyrénéen,A,pyrénéen,ADJ
mutualiste,ADJ,B2,beacco,6.0554,1.8663,0.0,0.0,0.0,6.0554,11.2294,0.0,1.8663,0.0,0.0,0.0,6.8518,6.8846,0.0,1.7214,B2,word_pos,mutualiste,A,mutualiste,ADJ
contribution,NOUN,B2,beacco,6.0554,1.7934,0.0,0.2439,0.4152,6.0554,0.0,0.0,1.7934,0.0,0.4664,0.3906,4.5679,0.0,0.0,2.0607,B2,word_pos,contribution,N,contribution,NOM
pire,NOUN,B2,crf_first_attested,6.0554,1.7034,0.0,0.0,0.0,6.0554,4.101,9.6228,1.7034,,,,,,,,,crf_only,pire,N,,
naturel,NOUN,B2,beacco,6.0554,1.5427,0.0,0.247,0.5833,6.0554,1.6042,0.0,1.5427,0.0,0.1276,1.1062,2.2839,20.024,0.0,2.9615,B2,word_pos,naturel,N,naturel,NOM
pascal,ADJ,B2,beacco,6.0554,1.317,0.0,0.0,0.3401,6.0554,1.6042,0.0,1.317,0.0,0.0,0.5857,2.2839,0.0,0.0,0.7014,B2,word_pos,pascal,A,pascal,ADJ
quinquagénaire,NOUN,B2,beacco,6.0554,1.2644,0.0,0.0,0.2916,6.0554,3.1012,0.0,1.2644,0.0,0.0,0.5531,4.5679,6.0005,0.0,1.9004,B2,word_pos,quinquagénaire,N,quinquagénaire,NOM
vecteur,NOUN,B2,beacco,6.0554,1.2254,0.0,0.0,0.0,6.0554,0.0,28.8683,1.2254,0.0,0.0,0.0,4.5679,0.0,19.328,0.8475,B2,word_pos,vecteur,N,vecteur,NOM
snob,ADJ,B2,beacco,6.0554,1.2196,0.0,0.0,0.7214,6.0554,0.0,0.0,1.2196,0.0,0.0,1.3995,2.2839,0.0,0.0,1.0211,B2,word_pos,snob,A,snob,ADJ
main - d' oeuvre,NOUN,B2,crf_first_attested,6.0554,1.0434,0.0,0.0,0.0,6.0554,0.0,12.9876,1.0434,,,,,,,,,crf_only,main - d' oeuvre,N,,
révoltant,ADJ,B2,beacco,6.0554,1.0333,0.0,0.0,0.5833,6.0554,0.0,0.0,1.0333,0.0,0.0,0.5531,2.2839,0.0,0.0,0.6971,B2,word_pos,révoltant,A,révoltant,ADJ
législatif,ADJ,B2,beacco,6.0554,1.0252,0.0,0.5054,0.0,6.0554,0.0,0.0,1.0252,0.0,0.5137,0.0,4.5679,0.0,0.0,1.0255,B2,word_pos,législatif,A,législatif,ADJ
transfert,NOUN,B2,beacco,6.0554,0.9332,0.0,0.0,0.0,6.0554,6.2023,0.0,0.9332,0.0,0.0,0.0,4.5679,6.0005,0.0,0.8475,B2,word_pos,transfert,N,transfert,NOM
balancer,VERB,B2,beacco,6.0554,0.871,0.0,0.0,0.1155,6.0554,0.0,0.0,0.871,0.0,0.0,3.196,2.2839,0.0,0.0,1.5191,B2,word_pos,balancer,V,balancer,VER
grinçant,ADJ,B2,beacco,6.0554,0.8695,0.5693,0.0,0.0,6.0554,0.0,0.0,0.8695,1.1764,0.0,0.0,2.2839,0.0,0.0,0.5734,B2,word_pos,grinçant,A,grinçant,ADJ
étrangeté,NOUN,B2,beacco,6.0554,0.8564,0.0,0.2599,0.0,6.0554,0.0,0.0,0.8564,0.0,0.5213,0.0,2.2839,0.0,0.0,0.6014,B2,word_pos,étrangeté,N,étrangeté,NOM
pinceau,NOUN,B2,beacco,6.0554,0.832,0.0,0.3209,0.0,6.0554,0.0,0.0,0.832,0.0,0.6228,0.0,4.5679,0.0,0.0,1.0226,B2,word_pos,pinceau,N,pinceau,NOM
offense,NOUN,B2,beacco,6.0554,0.8101,0.0,0.0,0.2041,6.0554,0.0,0.0,0.8101,0.0,0.0,0.4317,4.5679,0.0,0.0,1.0342,B2,word_pos,offense,N,offense,NOM
intestin,NOUN,B2,beacco,6.0554,0.8073,0.0,0.0,0.2076,6.0554,0.0,0.0,0.8073,0.0,0.0,0.3906,4.5679,0.0,0.0,1.0379,B2,word_pos,intestin,N,intestin,NOM
a fortiori,ADV,B2,crf_first_attested,6.0554,0.7031,0.0,0.0,0.0,6.0554,1.6042,0.0,0.7031,,,,,,,,,crf_only,a fortiori,ADV,,
niaiserie,NOUN,B2,beacco,6.0554,0.7031,0.0,0.0,0.0,6.0554,1.6042,0.0,0.7031,0.0,0.0,0.0,2.2839,3.4423,0.0,0.7118,B2,word_pos,niaiserie,N,niaiserie,NOM
déchirant,ADJ,B2,beacco,6.0554,0.6933,0.0,0.0,0.2366,6.0554,0.0,0.0,0.6933,0.0,0.606,0.438,2.2839,0.0,0.0,1.5353,B2,word_pos,déchirant,A,déchirant,ADJ
applique,NOUN,B2,crf_first_attested,6.0554,0.1383,0.0,0.0,0.0,6.0554,0.0,0.0,0.1383,,,,,,,,,crf_only,applique,N,,
arrière - grand - parent,NOUN,B2,crf_first_attested,6.0554,0.1383,0.0,0.0,0.0,6.0554,0.0,0.0,0.1383,,,,,,,,,crf_only,arrière - grand - parent,N,,
chez soi,ADV,B2,crf_first_attested,6.0554,0.1383,0.0,0.0,0.0,6.0554,0.0,0.0,0.1383,,,,,,,,,crf_only,chez soi,ADV,,
dans la limite de,PREP,B2,crf_first_attested,6.0554,0.1383,0.0,0.0,0.0,6.0554,0.0,0.0,0.1383,,,,,,,,,crf_only,dans la limite de,PREP,,
dévolu,VERB,B2,crf_first_attested,6.0554,0.1383,0.0,0.0,0.0,6.0554,0.0,0.0,0.1383,,,,,,,,,crf_only,dévolu,V,,
grille - pain,NOUN,B2,crf_first_attested,6.0554,0.1383,0.0,0.0,0.0,6.0554,0.0,0.0,0.1383,,,,,,,,,crf_only,grille - pain,N,,
indiscriminé,ADJ,B2,crf_first_attested,6.0554,0.1383,0.0,0.0,0.0,6.0554,0.0,0.0,0.1383,,,,,,,,,crf_only,indiscriminé,A,,
jet - set,NOUN,B2,crf_first_attested,6.0554,0.1383,0.0,0.0,0.0,6.0554,0.0,0.0,0.1383,,,,,,,,,crf_only,jet - set,N,,
par contraste avec,PREP,B2,crf_first_attested,6.0554,0.1383,0.0,0.0,0.0,6.0554,0.0,0.0,0.1383,,,,,,,,,crf_only,par contraste avec,PREP,,
pour le coup,ADV,B2,crf_first_attested,6.0554,0.1383,0.0,0.0,0.0,6.0554,0.0,0.0,0.1383,,,,,,,,,crf_only,pour le coup,ADV,,
pyramider,VERB,B2,crf_first_attested,6.0554,0.1383,0.0,0.0,0.0,6.0554,0.0,0.0,0.1383,,,,,,,,,crf_only,pyramider,V,,
réappropriation,NOUN,B2,crf_first_attested,6.0554,0.1383,0.0,0.0,0.0,6.0554,0.0,0.0,0.1383,,,,,,,,,crf_only,réappropriation,N,,
senateur,NOUN,B2,crf_first_attested,6.0554,0.1383,0.0,0.0,0.0,6.0554,0.0,0.0,0.1383,,,,,,,,,crf_only,senateur,N,,
suivant,PREP,B2,beacco,6.0554,0.1383,0.0,0.0,0.0,6.0554,0.0,0.0,0.1383,0.0,0.0,3.3323,2.2839,0.0,0.0,1.4684,B2,word_pos,suivant,PREP,suivant,PRP
tard,NOUN,B2,crf_first_attested,6.0554,0.1383,0.0,0.0,0.0,6.0554,0.0,0.0,0.1383,,,,,,,,,crf_only,tard,N,,
tchoukball,NOUN,B2,crf_first_attested,6.0554,0.1383,0.0,0.0,0.0,6.0554,0.0,0.0,0.1383,,,,,,,,,crf_only,tchoukball,N,,
tout au plus,ADV,B2,crf_first_attested,6.0554,0.1383,0.0,0.0,0.0,6.0554,0.0,0.0,0.1383,,,,,,,,,crf_only,tout au plus,ADV,,
ultimate,NOUN,B2,crf_first_attested,6.0554,0.1383,0.0,0.0,0.0,6.0554,0.0,0.0,0.1383,,,,,,,,,crf_only,ultimate,N,,
à l' infini,ADV,B2,crf_first_attested,6.0554,0.1383,0.0,0.0,0.0,6.0554,0.0,0.0,0.1383,,,,,,,,,crf_only,à l' infini,ADV,,
essentiel,ADJ,B2,beacco,5.8607,29.1964,9.6962,0.0,28.5264,5.8607,128.0626,157.8469,29.1964,6.893,0.0,26.4428,8.3751,162.8204,113.5434,30.902,B2,word_pos,essentiel,A,essentiel,ADJ
participant,NOUN,B2,beacco,5.8607,8.2873,0.0,4.6042,17.1076,5.8607,0.0,0.0,8.2873,0.0,0.6228,20.2471,8.3751,0.0,0.0,10.6057,B2,word_pos,participant,N,participant,NOM
logique,ADJ,B2,beacco,5.8607,5.7973,0.5727,0.2117,0.0,5.8607,43.6353,9.6228,5.7973,1.1556,0.4157,0.0,0.911,40.1357,0.0,4.3027,B2,word_pos,logique,A,logique,ADJ
spécialiser,VERB,B2,beacco,5.8607,3.5749,0.0,0.5054,3.6922,5.8607,1.6042,0.0,3.5749,7.056,0.5137,11.4235,14.1801,19.861,0.0,11.067,B2,word_pos,spécialiser,V,spécialiser,VER
pointu,ADJ,B2,beacco,5.8607,1.6021,0.0,0.2117,0.7097,5.8607,0.0,0.0,1.6021,0.0,0.4157,0.438,8.3751,0.0,0.0,1.9205,B2,word_pos,pointu,A,pointu,ADJ
ménager,VERB,B2,beacco,5.8607,1.2801,0.0,0.0,0.0,5.8607,4.101,0.0,1.2801,0.0,0.0,0.0,8.3751,0.0,0.0,0.7115,B2,word_pos,ménager,V,ménager,VER
surnom,NOUN,B2,beacco,5.781,0.6776,0.0,0.0,0.2916,5.781,0.0,0.0,0.6776,0.0,0.0,0.5531,3.9054,0.0,0.0,0.9769,B2,word_pos,surnom,N,surnom,NOM
essentiellement,ADV,B2,beacco,5.6499,23.8205,0.5025,0.3702,25.4349,5.6499,151.9073,9.6228,23.8205,0.9051,0.606,38.3754,2.5411,135.2963,19.328,27.5493,B2,word_pos,essentiellement,ADV,essentiellement,ADV
engagement,NOUN,B2,beacco,5.6499,17.0696,0.0,0.0,23.7295,5.6499,50.2648,85.6001,17.0696,0.0,0.0,23.6089,3.8116,65.168,113.6757,18.0065,B2,word_pos,engagement,N,engagement,NOM
audiovisuel,ADJ,B2,beacco,5.6499,7.7753,0.0,0.7318,1.7608,5.6499,28.0276,9.6228,7.7753,0.0,0.4664,2.9905,2.5411,29.205,19.328,7.2922,B2,word_pos,audiovisuel,A,audiovisuel,ADJ
partenariat,NOUN,B2,beacco,5.6499,2.012,0.0,0.0,0.3618,5.6499,13.3747,0.0,2.012,0.0,0.0,0.6378,2.5411,39.722,0.0,4.1838,B2,word_pos,partenariat,N,partenariat,NOM
prolonger,VERB,B2,beacco,5.6486,17.2103,0.0,4.5005,8.1946,5.6486,41.7735,271.2082,17.2103,0.0,0.606,15.5191,8.1049,19.861,209.3923,16.0256,B2,word_pos,prolonger,V,prolonger,VER
grandiose,ADJ,B2,beacco,5.6486,3.6406,0.0,0.4228,1.4472,5.6486,3.2084,0.0,3.6406,0.0,0.6008,0.6378,9.5948,3.4423,0.0,3.554,B2,word_pos,grandiose,A,grandiose,ADJ
embellir,VERB,B2,beacco,5.4089,1.8115,0.2652,0.0,0.8162,5.4089,0.0,0.0,1.8115,0.4856,0.0,0.4317,9.8252,0.0,0.0,1.9236,B2,word_pos,embellir,V,embellir,VER
curieux,NOUN,B2,beacco,5.4089,1.0558,0.0,0.0,0.0,5.4089,6.2023,0.0,1.0558,0.8075,0.0,0.487,0.0,6.0005,0.0,1.3542,B2,word_pos,curieux,N,curieux,NOM
géographie,NOUN,B2,beacco,5.3694,8.4912,0.5727,0.3918,6.51,5.3694,6.2023,28.8683,8.4912,1.1556,0.1865,3.5051,1.8983,6.0005,19.328,4.8853,B2,word_pos,géographie,N,géographie,NOM
assaut,NOUN,B2,beacco,5.3694,6.9312,0.7967,0.3702,8.0248,5.3694,9.3035,0.0,6.9312,1.6691,0.606,7.7013,1.8983,12.0009,0.0,6.395,B2,word_pos,assaut,N,assaut,NOM
pente,NOUN,B2,beacco,5.3694,5.8646,0.0,0.0,2.9104,5.3694,51.3298,0.0,5.8646,0.0,0.0,3.6369,1.8983,40.1357,0.0,4.7952,B2,word_pos,pente,N,pente,NOM
faubourg,NOUN,B2,beacco,5.3694,0.9567,0.0,0.2114,0.0,5.3694,0.0,0.0,0.9567,0.0,0.6008,0.0,1.8983,0.0,0.0,0.6857,B2,word_pos,faubourg,N,faubourg,NOM
prédominant,ADJ,B2,beacco,5.3694,0.8177,0.0,0.0,0.0,5.3694,6.2023,0.0,0.8177,0.0,0.0,0.0,1.8983,6.0005,0.0,0.6707,B2,word_pos,prédominant,A,prédominant,ADJ
tertre,NOUN,B2,crf_first_attested,5.3694,0.1226,0.0,0.0,0.0,5.3694,0.0,0.0,0.1226,,,,,,,,,crf_only,tertre,N,,
pâlir,VERB,B2,beacco,5.3137,2.0045,0.0,0.0,4.9211,5.3137,0.0,0.0,2.0045,0.0,0.0,9.6518,9.1403,0.0,0.0,4.1124,B2,word_pos,pâlir,V,pâlir,VER
brique,NOUN,B2,beacco,5.1321,2.6803,0.0,0.0,1.3178,5.1321,1.6042,0.0,2.6803,0.0,0.0,1.5731,6.6188,3.4423,0.0,3.5833,B2,word_pos,brique,N,brique,NOM
souci,NOUN,B2,beacco,5.1209,19.8299,0.0,0.2599,25.7573,5.1209,152.9424,0.0,19.8299,0.0,0.5213,21.8579,9.0915,135.2963,0.0,20.2212,B2,word_pos,souci,N,souci,NOM
démarche,NOUN,B2,beacco,5.1209,14.8642,0.0,0.0,20.856,5.1209,28.0276,126.3794,14.8642,0.0,0.0,23.5446,9.0915,49.8105,113.6757,18.9722,B2,word_pos,démarche,N,démarche,NOM
précision,NOUN,B2,beacco,5.1209,14.395,1.2043,0.1103,25.7473,5.1209,40.3921,0.0,14.395,0.7319,0.2129,20.0856,9.0915,31.3781,0.0,13.0313,B2,word_pos,précision,N,précision,NOM
cap,NOUN,B2,beacco,5.1209,5.6376,1.5244,0.0,10.5717,5.1209,9.3035,19.2455,5.6376,1.1008,0.0,4.8297,1.2705,6.0005,19.328,4.1838,B2,word_pos,cap,N,cap,NOM
fondation,NOUN,B2,beacco,5.1209,5.3688,0.0,0.2439,16.8619,5.1209,0.0,0.0,5.3688,0.0,0.4664,15.3911,9.0915,0.0,0.0,6.6465,B2,word_pos,fondation,N,fondation,NOM
thématique,ADJ,B2,beacco,5.1209,3.1745,0.0,4.4402,0.2455,5.1209,2.0505,0.0,3.1745,0.0,0.0,0.1243,9.0915,4.139,0.0,2.4631,B2,word_pos,thématique,A,thématique,ADJ
nid,NOUN,B2,beacco,5.1209,2.1944,0.0,0.2117,3.0424,5.1209,0.0,0.0,2.1944,0.0,0.4157,5.9041,9.0915,0.0,0.0,4.9295,B2,word_pos,nid,N,nid,NOM
résumé,NOUN,B2,beacco,5.1209,1.7695,0.0,0.0,1.8328,5.1209,2.0505,0.0,1.7695,0.5987,0.0,4.5031,9.0915,4.139,12.833,5.7602,B2,word_pos,résumé,N,résumé,NOM
embarras,NOUN,B2,beacco,5.1209,1.5604,0.0,0.3702,0.4732,5.1209,0.0,0.0,1.5604,0.0,0.606,0.438,9.0915,0.0,0.0,2.4981,B2,word_pos,embarras,N,embarras,NOM
inexistant,ADJ,B2,beacco,5.1209,1.5271,0.0,0.0,0.6802,5.1209,2.0505,0.0,1.5271,0.0,0.0,0.5857,9.0915,4.139,0.0,2.4767,B2,word_pos,inexistant,A,inexistant,ADJ
bonus,NOUN,B2,beacco,5.1209,1.2263,0.0,0.0,0.0,5.1209,6.1515,0.0,1.2263,0.0,0.0,0.0,9.0915,4.139,0.0,1.4703,B2,word_pos,bonus,N,bonus,NOM
licencié,ADJ,B2,crf_first_attested,5.1209,1.0613,0.0,0.0,0.0,5.1209,0.0,25.9752,1.0613,,,,,,,,,crf_only,licencié,A,,
corinne,NOUN,B2,crf_first_attested,5.1209,0.3147,0.0,0.0,0.0,5.1209,0.0,0.0,0.3147,,,,,,,,,crf_only,corinne,N,,
villageois,ADJ,B2,beacco,5.1209,0.3147,0.0,0.0,0.0,5.1209,0.0,0.0,0.3147,0.0,0.0,0.0,9.0915,0.0,0.0,0.6511,B2,word_pos,villageois,A,villageois,ADJ
dans la tête de,PREP,B2,crf_first_attested,5.0981,0.3335,0.0,0.0,0.0,5.0981,0.0,0.0,0.3335,,,,,,,,,crf_only,dans la tête de,PREP,,
rang,NOUN,B2,beacco,4.9879,13.8859,2.1907,0.8742,23.3418,4.9879,38.2901,48.1138,13.8859,1.1973,0.3851,35.0493,9.013,52.5392,57.984,22.2077,B2,word_pos,rang,N,rang,NOM
avaler,VERB,B2,beacco,4.9879,1.2288,0.0,0.3209,0.2366,4.9879,0.0,0.0,1.2288,0.0,0.6228,0.438,9.013,0.0,0.0,2.5115,B2,word_pos,avaler,V,avaler,VER
instruction,NOUN,B2,beacco,4.9551,8.4485,0.0,0.2599,10.0822,4.9551,9.3035,28.8683,8.4485,0.0,0.5213,4.9077,3.9054,12.0009,19.328,6.8475,B2,word_pos,instruction,N,instruction,NOM
barre,NOUN,B2,beacco,4.9551,8.4032,0.0,0.0,25.555,4.9551,3.1012,0.0,8.4032,0.0,0.0,29.8484,3.9054,6.0005,0.0,9.9941,B2,word_pos,barre,N,barre,NOM
compositeur,NOUN,B2,beacco,4.9551,6.6359,0.0,0.2035,15.2017,4.9551,0.0,0.0,6.6359,0.0,0.3851,10.6538,2.6036,0.0,0.0,5.0721,B2,word_pos,compositeur,N,compositeur,NOM
sincèrement,ADV,B2,beacco,4.9551,3.7891,1.1453,0.5197,0.2405,4.9551,0.0,6.4938,3.7891,1.1556,0.5213,0.4665,3.9054,0.0,12.833,4.5261,B2,word_pos,sincèrement,ADV,sincèrement,ADV
beau,NOUN,B2,beacco,4.9551,2.2418,0.0,0.2439,0.2366,4.9551,6.2023,0.0,2.2418,0.0,0.0,0.0,0.911,0.0,19.328,0.7202,B2,word_pos,beau,N,beau,NOM
tournant,ADJ,B2,beacco,4.9551,1.3063,0.0,0.3209,0.0,4.9551,1.6042,0.0,1.3063,0.0,0.6228,0.0,2.6036,3.4423,0.0,1.7745,B2,word_pos,tournant,A,tournant,ADJ
gentleman,NOUN,B2,beacco,4.9551,1.094,0.0,0.1103,0.0,4.9551,0.0,0.0,1.094,0.0,0.2129,0.0,3.9054,0.0,0.0,1.178,B2,word_pos,gentleman,N,gentleman,NOM
tempe,NOUN,B2,beacco,4.9551,0.7436,0.0,0.0,0.2041,4.9551,0.0,0.0,0.7436,0.0,0.0,0.4317,3.9054,0.0,0.0,1.0607,B2,word_pos,tempe,N,tempe,NOM
menotte,NOUN,B2,beacco,4.9476,1.5064,0.0,0.0,2.6154,4.9476,0.0,0.0,1.5064,0.0,0.0,3.2133,9.5296,0.0,0.0,2.4375,B2,word_pos,menotte,N,menotte,NOM
en plein,ADV,B2,crf_first_attested,4.9476,0.3265,0.0,0.0,0.0,4.9476,0.0,0.0,0.3265,,,,,,,,,crf_only,en plein,ADV,,
associatif,ADJ,B2,beacco,4.9436,25.5827,0.0,0.0,42.8828,4.9436,33.7847,142.6669,25.5827,0.0,0.0,24.8289,2.5411,27.9938,227.0869,18.5542,B2,word_pos,associatif,A,associatif,ADJ
diffuser,VERB,B2,beacco,4.9436,19.536,0.5693,0.4879,23.4975,4.9436,51.8789,78.0384,19.536,1.1764,0.4664,20.7961,1.2705,65.9532,95.2552,18.9889,B2,word_pos,diffuser,V,diffuser,VER
préserver,VERB,B2,beacco,4.9436,13.3023,0.0816,0.0,27.1634,4.9436,0.0,67.3593,13.3023,0.171,0.0,25.2328,2.5411,0.0,57.984,10.206,B2,word_pos,préserver,V,préserver,VER
dégrader,VERB,B2,beacco,4.9436,10.9852,0.0,0.0,5.1852,4.9436,109.2145,0.0,10.9852,0.0,0.0,10.0193,2.5411,88.3167,0.0,10.897,B2,word_pos,dégrader,V,dégrader,VER
copier,VERB,B2,beacco,4.9436,3.8055,2.1907,0.0606,1.4473,4.9436,1.6042,0.0,3.8055,1.1973,0.0,2.8865,1.2705,3.4423,0.0,2.9309,B2,word_pos,copier,V,copier,VER
financièrement,ADV,B2,beacco,4.9436,2.9105,0.0,0.2117,1.0854,4.9436,0.0,6.4938,2.9105,0.0,0.4157,0.6378,1.2705,0.0,12.833,2.2976,B2,word_pos,financièrement,ADV,financièrement,ADV
partiellement,ADV,B2,beacco,4.9436,1.9608,0.0,0.0,0.0,4.9436,13.8696,9.6228,1.9608,0.0,0.0,0.0,1.2705,20.6179,19.328,2.0605,B2,word_pos,partiellement,ADV,partiellement,ADV
programmation,NOUN,B2,beacco,4.9436,1.155,0.0,0.0,0.0,4.9436,6.1515,0.0,1.155,0.0,0.0,0.0,1.2705,4.139,0.0,0.6143,B2,word_pos,programmation,N,programmation,NOM
positionner,VERB,B2,beacco,4.9436,1.0164,0.0,0.0,0.0,4.9436,9.3035,0.0,1.0164,0.0,0.0,0.0,1.2705,12.0009,0.0,1.0966,B2,word_pos,positionner,V,positionner,VER
parrainer,VERB,B2,beacco,4.9436,0.7704,0.0,0.3209,0.0,4.9436,0.0,0.0,0.7704,0.0,0.6228,0.0,1.2705,0.0,0.0,0.6635,B2,word_pos,parrainer,V,parrainer,VER
réputer,VERB,B2,beacco,4.8711,8.4227,0.0,0.3209,4.9115,4.8711,35.623,12.9876,8.4227,0.0,0.6228,0.6378,8.9868,12.0009,12.833,5.657,B2,word_pos,réputer,V,réputer,VER
abîmer,VERB,B2,beacco,4.8711,1.6594,0.5197,0.1306,0.2366,4.8711,0.0,0.0,1.6594,1.1123,0.0,0.438,8.9868,0.0,0.0,2.3762,B2,word_pos,abîmer,V,abîmer,VER
point,ADV,B2,beacco,4.8562,5.8327,0.2652,0.0,17.2375,4.8562,0.0,0.0,5.8327,0.9713,0.606,40.834,14.1801,99.0294,0.0,23.8207,B2,word_pos,point,ADV,point,ADV
excellence,NOUN,B2,beacco,4.8562,3.1762,0.0,0.4234,2.8671,4.8562,4.101,0.0,3.1762,0.0,0.4157,5.3792,8.3751,12.4171,0.0,7.067,B2,word_pos,excellence,N,excellence,NOM
humble,ADJ,B2,beacco,4.8562,2.2482,0.0,0.0,0.3014,4.8562,12.4046,0.0,2.2482,0.0,0.0,0.3059,8.3751,6.0005,0.0,2.3718,B2,word_pos,humble,A,humble,ADJ
concrètement,ADV,B2,beacco,4.8562,0.3589,0.0,0.0,0.0,4.8562,0.0,0.0,0.3589,0.0,0.0,0.0,8.3751,0.0,0.0,0.7115,B2,word_pos,concrètement,ADV,concrètement,ADV
préparation,NOUN,B2,beacco,4.7828,12.6962,8.0582,0.9626,6.4995,4.7828,18.4544,53.8043,12.6962,6.9301,0.6228,6.6448,1.2705,16.5561,44.6051,11.0362,B2,word_pos,préparation,N,préparation,NOM
sors,NOUN,B2,beacco,4.7828,5.7357,21.9151,0.6939,0.5648,4.7828,0.0,0.0,5.7357,0.9464,0.7079,0.3933,0.0,0.0,0.0,1.4812,B2,word_pos,sors,N,sors,NOM
moral,NOUN,B2,beacco,4.7828,5.0648,0.0,0.2439,8.1348,4.7828,0.0,19.4814,5.0648,0.0,0.0,0.0,8.4014,0.0,0.0,0.6471,B2,word_pos,moral,N,moral,NOM
lis,NOUN,B2,beacco,4.7828,3.0483,0.0,0.0,0.1815,4.7828,21.7081,0.0,3.0483,0.0,0.0,0.2504,1.2705,18.0014,0.0,2.6709,B2,word_pos,lis,N,lis,NOM
gravement,ADV,B2,beacco,4.7828,2.9248,0.0,0.2035,5.7616,4.7828,0.0,0.0,2.9248,0.0,0.3851,9.7392,8.4014,0.0,0.0,5.3581,B2,word_pos,gravement,ADV,gravement,ADV
business,NOUN,B2,beacco,4.7828,2.6798,0.0,0.0,0.0,4.7828,6.1515,39.0461,2.6798,0.0,0.0,0.0,8.4014,4.139,4.0185,2.4716,B2,word_pos,business,N,business,NOM
conjuguer,VERB,B2,beacco,4.7828,2.4369,0.0,0.0,6.851,4.7828,0.0,0.0,2.4369,0.0,0.0,7.1915,1.2705,6.0005,0.0,3.6352,B2,word_pos,conjuguer,V,conjuguer,VER
galoper,VERB,B2,beacco,4.7828,2.4116,1.5934,0.0,1.6385,4.7828,0.0,9.6228,2.4116,2.5037,0.0,3.1766,1.2705,0.0,19.328,3.2142,B2,word_pos,galoper,V,galoper,VER
méfiance,NOUN,B2,beacco,4.7828,1.8505,0.0,1.6044,0.1507,4.7828,0.0,0.0,1.8505,0.0,0.6228,0.3059,8.4014,0.0,0.0,2.4645,B2,word_pos,méfiance,N,méfiance,NOM
vigilant,ADJ,B2,beacco,4.7828,1.7219,0.0,0.0,0.0,4.7828,12.3029,0.0,1.7219,0.0,0.0,0.0,1.2705,8.2781,0.0,1.0806,B2,word_pos,vigilant,A,vigilant,ADJ
écologiste,ADJ,B2,beacco,4.7828,1.6108,0.0,0.0,0.2916,4.7828,0.0,25.9752,1.6108,0.0,0.0,0.5531,8.4014,0.0,12.833,2.4735,B2,word_pos,écologiste,A,écologiste,ADJ
audiovisuel,NOUN,B2,beacco,4.7828,1.5279,0.0,0.0,0.5833,4.7828,0.0,9.6228,1.5279,0.0,0.0,0.5531,1.2705,0.0,19.328,1.4426,B2,word_pos,audiovisuel,N,audiovisuel,NOM
ô,PREP,B2,beacco,4.7828,0.998,0.0,0.0,0.7236,4.7828,0.0,0.0,0.998,0.0,0.0,7.7117,1.2705,0.0,0.0,2.5086,B2,unique_word,ô,PREP,ô,INT
cueillette,NOUN,B2,beacco,4.7828,0.7833,0.0,0.4234,0.0,4.7828,0.0,0.0,0.7833,0.0,0.4157,0.0,1.2705,0.0,0.0,0.6225,B2,word_pos,cueillette,N,cueillette,NOM
torche,NOUN,B2,beacco,4.7828,0.7379,0.0,0.0,0.2076,4.7828,0.0,0.0,0.7379,0.0,0.0,0.3906,1.2705,0.0,0.0,0.6651,B2,word_pos,torche,N,torche,NOM
clamer,VERB,B2,beacco,4.7828,0.7342,0.0,0.0,0.3618,4.7828,0.0,0.0,0.7342,0.0,0.0,0.6378,8.4014,0.0,0.0,1.5025,B2,word_pos,clamer,V,clamer,VER
immensément,ADV,B2,beacco,4.7828,0.7342,0.0,0.0,0.0,4.7828,1.6042,0.0,0.7342,0.0,0.0,0.0,1.2705,3.4423,0.0,0.6465,B2,word_pos,immensément,ADV,immensément,ADV
crouler,VERB,B2,beacco,4.7828,0.3143,0.0,0.0,0.0,4.7828,0.0,0.0,0.3143,0.0,0.0,0.0,8.4014,0.0,0.0,0.6471,B2,word_pos,crouler,V,crouler,VER
en sorte que,CONJ,B2,crf_first_attested,4.7828,0.3143,0.0,0.0,0.0,4.7828,0.0,0.0,0.3143,,,,,,,,,crf_only,en sorte que,CONJS,,
licenciement,NOUN,B2,beacco,4.7828,0.3143,0.0,0.0,0.0,4.7828,0.0,0.0,0.3143,0.0,0.0,0.0,8.4014,0.0,0.0,0.6471,B2,word_pos,licenciement,N,licenciement,NOM
lèse - majesté,NOUN,B2,crf_first_attested,4.7828,0.3143,0.0,0.0,0.0,4.7828,0.0,0.0,0.3143,,,,,,,,,crf_only,lèse - majesté,N,,
notez que,CONJ,B2,crf_first_attested,4.7828,0.3143,0.0,0.0,0.0,4.7828,0.0,0.0,0.3143,,,,,,,,,crf_only,notez que,CONJS,,
nôtre,ADJ,B2,crf_first_attested,4.7828,0.3143,0.0,0.0,0.0,4.7828,0.0,0.0,0.3143,,,,,,,,,crf_only,nôtre,A,,
pour peu,ADV,B2,crf_first_attested,4.7828,0.3143,0.0,0.0,0.0,4.7828,0.0,0.0,0.3143,,,,,,,,,crf_only,pour peu,ADV,,
sucrerie,NOUN,B2,beacco,4.7828,0.3143,0.0,0.0,0.0,4.7828,0.0,0.0,0.3143,0.0,0.0,0.0,8.4014,0.0,0.0,0.6471,B2,word_pos,sucrerie,N,sucrerie,NOM
extrêmement,ADV,B2,beacco,4.7432,13.9401,0.4014,0.3918,24.1239,4.7432,31.3338,28.5334,13.9401,0.7319,0.0,37.363,8.1049,20.024,56.7717,17.902,B2,word_pos,extrêmement,ADV,extrêmement,ADV
moeurs,NOUN,B2,beacco,4.7432,11.4653,0.5025,0.0,24.9353,4.7432,6.2023,28.8683,11.4653,0.9051,0.0,20.5724,8.1049,6.0005,38.656,11.8153,B2,word_pos,moeurs,N,moeurs,NOM
éventuel,ADJ,B2,beacco,4.7432,8.796,0.0,0.0,1.8673,4.7432,99.6002,6.4938,8.796,0.0,0.0,0.4665,8.1049,66.9321,12.833,7.1143,B2,word_pos,éventuel,A,éventuel,ADJ
ordinaire,ADJ,B2,beacco,4.7432,6.0173,0.5025,0.5897,8.255,4.7432,6.2023,0.0,6.0173,0.0,0.6111,9.8235,8.1049,12.0009,0.0,7.6476,B2,word_pos,ordinaire,A,ordinaire,ADJ
vapeur,NOUN,B2,beacco,4.7432,3.1874,6.0214,0.0,0.6802,4.7432,15.5058,0.0,3.1874,3.6596,0.0,0.5857,8.1049,24.0018,0.0,4.9659,B2,word_pos,vapeur,N,vapeur,NOM
occasionner,VERB,B2,beacco,4.7432,2.3777,0.0,0.3918,0.4152,4.7432,3.2084,0.0,2.3777,0.0,0.0,0.3906,8.1049,6.8846,0.0,3.0674,B2,word_pos,occasionner,V,occasionner,VER
halle,NOUN,B2,beacco,4.7432,1.6976,0.5197,0.0,1.8673,4.7432,0.0,0.0,1.6976,1.1123,0.0,3.6048,8.1049,0.0,0.0,3.4297,B2,word_pos,halle,N,halle,NOM
étendue,NOUN,B2,beacco,4.7432,0.9707,0.0,0.0,0.7236,4.7432,0.0,0.0,0.9707,0.0,0.0,0.6378,8.1049,0.0,0.0,1.3835,B2,word_pos,étendue,N,étendue,NOM
sanglant,ADJ,B2,beacco,4.735,4.524,0.0,0.0,7.618,4.735,15.6669,0.0,4.524,0.0,0.0,7.1196,1.3018,20.024,0.0,4.6578,B2,word_pos,sanglant,A,sanglant,ADJ
délinquant,NOUN,B2,beacco,4.7249,10.9371,1.2205,0.6418,0.9618,4.7249,70.4067,0.0,10.9371,0.0,0.0,0.4665,8.2319,55.2176,0.0,7.3772,B2,word_pos,délinquant,N,délinquant,NOM
traité,NOUN,B2,beacco,4.7249,4.6138,0.0,0.0,4.3745,4.7249,12.4046,0.0,4.6138,0.0,0.0,1.6593,12.7415,6.0005,0.0,4.0071,B2,word_pos,traité,N,traité,NOM
commémorer,VERB,B2,beacco,4.7249,0.6983,0.5304,0.0,0.0,4.7249,0.0,0.0,0.6983,0.4856,0.0,0.0,8.2319,0.0,0.0,1.2874,B2,word_pos,commémorer,V,commémorer,VER
arcade,NOUN,B2,beacco,4.7182,2.5738,0.0,0.0,6.8266,4.7182,0.0,0.0,2.5738,0.0,0.0,7.1222,8.1533,0.0,0.0,3.4776,B2,word_pos,arcade,N,arcade,NOM
desservir,VERB,B2,beacco,4.7182,2.1774,0.0,0.0,3.8723,4.7182,0.0,0.0,2.1774,0.0,0.0,3.5051,8.1533,0.0,0.0,2.4224,B2,word_pos,desservir,V,desservir,VER
morale,NOUN,B2,beacco,4.7182,1.8829,0.0,0.0,3.8178,4.7182,0.0,0.0,1.8829,0.0,0.0,7.5558,17.9334,6.0005,0.0,5.8453,B2,word_pos,morale,N,morale,NOM
criminologie,NOUN,B2,beacco,4.7182,1.2863,0.0,0.0,0.0,4.7182,6.1515,0.0,1.2863,0.0,0.0,0.0,1.7933,4.139,0.0,0.6786,B2,word_pos,criminologie,N,criminologie,NOM
caviar,NOUN,B2,beacco,4.6948,0.9338,0.5025,0.0,0.0,4.6948,0.0,0.0,0.9338,0.9051,0.0,0.0,12.5533,0.0,0.0,1.7081,B2,word_pos,caviar,N,caviar,NOM
artisan,NOUN,B2,beacco,4.6862,16.3079,0.4014,0.0,37.7321,4.6862,39.2268,19.2455,16.3079,0.7319,0.0,36.8445,8.2033,4.139,19.328,14.5111,B2,word_pos,artisan,N,artisan,NOM
considération,NOUN,B2,beacco,4.6862,6.3928,0.0,0.4879,3.666,4.6862,21.0617,9.6228,6.3928,0.0,0.4664,3.5301,8.2033,29.205,19.328,7.5596,B2,word_pos,considération,N,considération,NOM
pointer,VERB,B2,beacco,4.6862,3.0307,0.1633,0.0,0.0,4.6862,56.7888,0.0,3.0307,0.171,0.0,0.0,8.2033,52.5392,0.0,3.6076,B2,word_pos,pointer,V,pointer,VER
détailler,VERB,B2,beacco,4.6548,11.5205,0.0,2.6069,4.9491,4.6548,58.2762,8.2347,11.5205,0.0,0.6228,3.7679,7.0007,58.4099,16.0739,11.8188,B2,word_pos,détailler,V,détailler,VER
flûte,NOUN,B2,beacco,4.6037,1.9762,4.0143,0.0,0.0,4.6037,0.0,0.0,1.9762,2.9277,0.0,0.5531,3.644,0.0,0.0,2.8174,B2,word_pos,flûte,N,flûte,NOM
repère,NOUN,B2,beacco,4.6037,1.7462,0.0,0.0,1.0854,4.6037,0.0,0.0,1.7462,0.0,0.0,0.6378,1.822,0.0,0.0,1.0134,B2,word_pos,repère,N,repère,NOM
priori,ADV,B2,beacco,4.5679,5.1631,,,,,,,,0.0,0.4157,0.5857,4.5679,19.861,19.328,5.1631,B2,beacco_only,,,priori,ADV
flash-back,NOUN,B2,beacco,4.5679,1.0334,,,,,,,,0.0,0.606,0.0,4.5679,0.0,0.0,1.0334,B2,beacco_only,,,flash-back,NOM
fair-play,NOUN,B2,beacco,4.5679,0.9132,,,,,,,,0.0,0.0,0.0,4.5679,4.139,0.0,0.9132,B2,beacco_only,,,fair-play,NOM
main-d'oeuvre,NOUN,B2,beacco,4.5679,0.9132,,,,,,,,0.0,0.0,0.0,4.5679,0.0,12.833,0.9132,B2,beacco_only,,,main-d'oeuvre,NOM
vertical,NOUN,B2,beacco,4.5679,0.8475,,,,,,,,0.0,0.0,0.0,4.5679,6.0005,0.0,0.8475,B2,beacco_only,,,vertical,NOM
patrimoine,NOUN,B2,beacco,4.5416,31.5476,0.0,5.8938,95.6181,4.5416,15.6669,12.9876,31.5476,0.0,0.6228,75.5728,4.5679,20.024,25.6659,24.9984,B2,word_pos,patrimoine,N,patrimoine,NOM
récemment,ADV,B2,beacco,4.5416,28.5822,0.0,0.9626,24.2896,4.5416,134.3066,214.5793,28.5822,0.0,0.6228,37.1828,4.5679,101.2835,135.3747,26.08,B2,word_pos,récemment,ADV,récemment,ADV
originaire,ADJ,B2,beacco,4.5416,19.6838,0.2738,0.4234,28.1261,4.5416,26.6563,10.2933,19.6838,0.5987,0.4157,28.832,4.5679,20.6951,4.0185,18.4068,B2,word_pos,originaire,A,originaire,ADJ
médicament,NOUN,B2,beacco,4.5416,16.8368,0.8137,0.2114,9.054,4.5416,79.9494,57.0668,16.8368,1.6151,0.6008,10.6203,4.5679,95.3995,56.7717,21.3888,B2,word_pos,médicament,N,médicament,NOM
patient,NOUN,B2,beacco,4.5416,16.1957,0.0,0.0,2.6207,4.5416,177.5357,9.6228,16.1957,0.0,0.0,2.6879,2.2839,114.2165,0.0,10.6587,B2,word_pos,patient,N,patient,NOM
argument,NOUN,B2,beacco,4.5416,15.6697,0.0,0.0,5.7298,4.5416,150.5642,25.9752,15.6697,0.0,0.0,3.5822,2.2839,101.622,12.833,9.6286,B2,word_pos,argument,N,argument,NOM
cancer,NOUN,B2,beacco,4.5416,11.695,0.4996,0.0,5.2717,4.5416,41.4596,136.4037,11.695,0.9464,0.0,5.3066,2.2839,40.0479,64.1649,11.9903,B2,word_pos,cancer,N,cancer,NOM
ridicule,ADJ,B2,beacco,4.5416,11.1598,6.1242,0.7883,24.6914,4.5416,1.6042,0.0,11.1598,7.3735,0.6228,14.3059,6.8518,3.4423,0.0,11.4242,B2,word_pos,ridicule,A,ridicule,ADJ
composition,NOUN,B2,beacco,4.5416,11.1022,7.5952,0.0,6.305,4.5416,31.3338,62.0917,11.1022,7.2471,0.606,3.5051,4.5679,41.1274,44.6051,11.7479,B2,word_pos,composition,N,composition,NOM
défi,NOUN,B2,beacco,4.5416,10.176,3.1867,0.0,0.7214,4.5416,70.1561,45.4565,10.176,0.8346,0.606,0.4665,2.2839,76.6769,12.833,9.2657,B2,word_pos,défi,N,défi,NOM
conception,NOUN,B2,beacco,4.5416,9.2617,0.2541,0.3702,1.8673,4.5416,50.0964,39.0461,9.2617,0.5504,0.606,3.6048,6.8518,43.5754,4.0185,10.6172,B2,word_pos,conception,N,conception,NOM
dépendance,NOUN,B2,beacco,4.5416,8.1752,0.0,0.0,2.5218,4.5416,64.2292,19.2455,8.1752,0.0,0.0,2.5801,2.2839,63.3793,38.656,8.2447,B2,word_pos,dépendance,N,dépendance,NOM
décalage,NOUN,B2,beacco,4.5416,7.9366,0.0,0.0,7.393,4.5416,43.7711,9.6228,7.9366,0.0,0.0,10.1885,4.5679,29.205,19.328,8.5188,B2,word_pos,décalage,N,décalage,NOM
carbone,NOUN,B2,beacco,4.5416,7.8895,0.0,0.0,1.3603,4.5416,76.6083,6.4938,7.8895,0.0,0.0,0.5857,2.2839,120.4072,12.833,8.6798,B2,word_pos,carbone,N,carbone,NOM
répartir,VERB,B2,beacco,4.5416,7.8876,0.6621,0.0944,4.9235,4.5416,40.4203,0.0,7.8876,1.2635,0.1937,5.4506,2.2839,29.205,0.0,7.6329,B2,word_pos,répartir,V,répartir,VER
électoral,ADJ,B2,beacco,4.5416,7.7214,0.0,0.0,1.9237,4.5416,39.2268,38.491,7.7214,0.0,0.0,1.866,2.2839,27.403,38.656,5.9887,B2,word_pos,électoral,A,électoral,ADJ
instance,NOUN,B2,beacco,4.5416,7.401,0.0,0.8468,2.8761,4.5416,15.7275,45.4565,7.401,0.0,0.4157,5.1741,2.2839,31.3781,38.4989,8.6717,B2,word_pos,instance,N,instance,NOM
rejet,NOUN,B2,beacco,4.5416,7.1177,0.0,0.0,10.7989,4.5416,12.7628,28.8683,7.1177,0.0,0.0,5.1436,6.8518,20.024,38.656,7.0986,B2,word_pos,rejet,N,rejet,NOM
fabrication,NOUN,B2,beacco,4.5416,7.0811,0.4068,0.0,0.3618,4.5416,53.1294,19.2455,7.0811,0.8075,0.0,0.6378,4.5679,81.714,19.328,10.0369,B2,word_pos,fabrication,N,fabrication,NOM
pédagogique,ADJ,B2,beacco,4.5416,6.8947,0.0,0.0,1.0854,4.5416,41.0675,57.7365,6.8947,0.0,0.0,0.6378,4.5679,41.2358,57.984,6.6042,B2,word_pos,pédagogique,A,pédagogique,ADJ
connexion,NOUN,B2,beacco,4.5416,6.7786,0.0,0.6351,5.8363,4.5416,9.3035,28.8683,6.7786,0.0,0.4157,3.7062,6.8518,12.0009,57.984,7.9912,B2,word_pos,connexion,N,connexion,NOM
inondation,NOUN,B2,beacco,4.5416,6.3357,0.0,0.0,14.7771,4.5416,3.1012,19.4814,6.3357,0.0,0.0,17.2613,2.2839,6.0005,38.4989,8.7411,B2,word_pos,inondation,N,inondation,NOM
financement,NOUN,B2,beacco,4.5416,6.2769,0.0,0.0,2.6563,4.5416,32.9961,43.6102,6.2769,0.0,0.0,5.1517,2.2839,40.1357,86.9662,8.1512,B2,word_pos,financement,N,financement,NOM
élargir,VERB,B2,beacco,4.5416,6.0997,0.3983,1.0395,0.0,4.5416,3.1012,117.1382,6.0997,0.8346,0.5213,0.0,4.5679,6.0005,133.8419,7.5392,B2,word_pos,élargir,V,élargir,VER
relativement,ADV,B2,beacco,4.5416,5.9114,0.0,0.0,9.2988,4.5416,14.3534,0.0,5.9114,0.0,0.0,7.7544,2.2839,12.4171,0.0,5.1488,B2,word_pos,relativement,ADV,relativement,ADV
récolter,VERB,B2,beacco,4.5416,5.4456,0.0,0.4234,11.7162,4.5416,3.1012,0.0,5.4456,0.0,0.4157,10.7701,2.2839,6.0005,0.0,5.415,B2,word_pos,récolter,V,récolter,VER
prestation,NOUN,B2,beacco,4.5416,4.9623,0.0,0.0,0.0818,4.5416,19.4525,48.1138,4.9623,0.0,0.0,0.1243,6.8518,20.024,19.328,4.2288,B2,word_pos,prestation,N,prestation,NOM
souche,NOUN,B2,beacco,4.5416,4.8578,0.0,0.0,0.0,4.5416,36.6567,67.3593,4.8578,0.0,0.0,0.0,4.5679,57.1082,115.968,6.618,B2,word_pos,souche,N,souche,NOM
métamorphoser,VERB,B2,beacco,4.5416,4.6361,0.0,0.0,10.3766,4.5416,0.0,4.1173,4.6361,0.0,0.0,10.2267,6.8518,0.0,4.0185,5.6188,B2,word_pos,métamorphoser,V,métamorphoser,VER
fracture,NOUN,B2,beacco,4.5416,4.416,0.0,6.0726,0.0,4.5416,24.7899,0.0,4.416,0.0,0.606,0.0,6.8518,20.6179,0.0,3.3058,B2,word_pos,fracture,N,fracture,NOM
existant,ADJ,B2,beacco,4.5416,4.3648,0.0,0.0,0.3401,4.5416,3.1012,152.8054,4.3648,0.0,0.0,0.5857,2.2839,6.0005,43.8345,3.3306,B2,word_pos,existant,A,existant,ADJ
prélèvement,NOUN,B2,beacco,4.5416,4.346,0.0,0.0,1.4965,4.5416,36.5308,0.0,4.346,0.0,0.0,2.6879,0.0,41.1274,0.0,3.9603,B2,word_pos,prélèvement,N,prélèvement,NOM
infrastructure,NOUN,B2,beacco,4.5416,4.1224,0.0816,0.0,6.4143,4.5416,9.3035,0.0,4.1224,0.171,0.0,5.1436,2.2839,12.0009,0.0,2.8387,B2,word_pos,infrastructure,N,infrastructure,NOM
proportionnel,ADJ,B2,beacco,4.5416,3.9025,0.0,0.6418,0.7097,4.5416,4.101,9.6228,3.9025,0.0,0.6228,0.8759,2.2839,4.139,19.328,4.2136,B2,word_pos,proportionnel,A,proportionnel,ADJ
proche,NOUN,B2,beacco,4.5416,3.5439,0.0,0.0,7.9939,4.5416,1.6042,0.0,3.5439,0.0,0.0,3.5051,4.5679,3.4423,0.0,3.1285,B2,word_pos,proche,N,proche,NOM
imprégner,VERB,B2,beacco,4.5416,3.3156,0.0,0.0,0.7214,4.5416,24.7899,0.0,3.3156,0.0,0.0,0.4665,2.2839,31.3781,0.0,3.267,B2,word_pos,imprégner,V,imprégner,VER
éclatant,ADJ,B2,beacco,4.5416,3.2873,0.0,1.0107,2.0392,4.5416,2.0505,0.0,3.2873,0.0,0.5137,3.1766,4.5679,4.139,0.0,4.1966,B2,word_pos,éclatant,A,éclatant,ADJ
répertorier,VERB,B2,beacco,4.5416,3.1057,0.0,0.0,6.7315,4.5416,3.1012,0.0,3.1057,0.0,0.0,5.1741,2.2839,6.0005,0.0,3.0105,B2,word_pos,répertorier,V,répertorier,VER
grisaille,NOUN,B2,beacco,4.5416,3.0503,0.0,0.0,3.2071,4.5416,6.1515,0.0,3.0503,0.0,0.0,5.1436,4.5679,4.139,0.0,3.599,B2,word_pos,grisaille,N,grisaille,NOM
investiture,NOUN,B2,beacco,4.5416,2.9444,0.0,0.0,0.0,4.5416,6.4168,48.1138,2.9444,0.0,0.0,0.0,2.2839,0.0,19.328,0.7085,B2,word_pos,investiture,N,investiture,NOM
conventionnel,ADJ,B2,beacco,4.5416,2.8428,0.0,0.0,1.8309,4.5416,12.4046,0.0,2.8428,0.0,0.0,3.5101,2.2839,12.0009,0.0,3.2499,B2,word_pos,conventionnel,A,conventionnel,ADJ
dévastateur,ADJ,B2,beacco,4.5416,2.5982,0.0,0.0,0.9463,4.5416,9.3035,0.0,2.5982,0.0,0.0,0.438,2.2839,6.0005,0.0,1.5662,B2,word_pos,dévastateur,A,dévastateur,ADJ
vice - président,NOUN,B2,crf_first_attested,4.5416,2.2591,0.0,0.0,0.0,4.5416,28.0276,0.0,2.2591,,,,,,,,,crf_only,vice - président,N,,
digue,NOUN,B2,beacco,4.5416,2.2564,0.0,0.2114,0.0,4.5416,1.6042,19.4814,2.2564,0.0,0.6008,0.0,2.2839,3.4423,38.4989,3.8438,B2,word_pos,digue,N,digue,NOM
prudemment,ADV,B2,beacco,4.5416,1.9533,0.0,0.0,1.809,4.5416,3.1012,0.0,1.9533,0.0,0.0,0.6378,2.2839,6.0005,0.0,1.5548,B2,word_pos,prudemment,ADV,prudemment,ADV
malvenu,ADJ,B2,beacco,4.5416,1.9087,0.5025,0.0,0.8162,4.5416,0.0,0.0,1.9087,0.0,0.0,0.4317,2.2839,0.0,0.0,0.6722,B2,word_pos,malvenu,A,malvenu,ADJ
chuter,VERB,B2,beacco,4.5416,1.8715,0.0,0.0,0.0,4.5416,21.7081,0.0,1.8715,0.0,0.0,0.0,4.5679,18.0014,0.0,1.9255,B2,word_pos,chuter,V,chuter,VER
méfait,NOUN,B2,beacco,4.5416,1.8185,0.0,0.0,3.9128,4.5416,0.0,0.0,1.8185,0.0,0.0,3.7375,2.2839,0.0,0.0,1.5645,B2,word_pos,méfait,N,méfait,NOM
égout,NOUN,B2,beacco,4.5416,1.7909,0.0,0.0,1.9564,4.5416,1.6042,0.0,1.7909,0.0,0.0,3.7375,2.2839,3.4423,0.0,2.577,B2,word_pos,égout,N,égout,NOM
enrouler,VERB,B2,beacco,4.5416,1.7271,0.3158,0.0,0.0,4.5416,9.3035,0.0,1.7271,0.6291,0.0,0.0,2.2839,6.0005,0.0,1.0299,B2,word_pos,enrouler,V,enrouler,VER
racial,ADJ,B2,beacco,4.5416,1.6463,0.0,0.0,0.0,4.5416,14.3534,0.0,1.6463,0.0,0.0,0.0,4.5679,12.4171,0.0,1.8604,B2,word_pos,racial,A,racial,ADJ
dôme,NOUN,B2,beacco,4.5416,1.6272,0.0,0.0,1.656,4.5416,0.0,0.0,1.6272,0.0,0.0,0.438,6.8518,0.0,0.0,1.1786,B2,word_pos,dôme,N,dôme,NOM
moustiquaire,NOUN,B2,beacco,4.5416,1.5094,0.0,0.2114,0.0,4.5416,6.2023,0.0,1.5094,0.0,0.6008,0.0,2.2839,6.0005,0.0,1.5106,B2,word_pos,moustiquaire,N,moustiquaire,NOM
largeur,NOUN,B2,beacco,4.5416,1.4892,0.0,0.0,0.0,4.5416,9.6252,0.0,1.4892,0.0,0.0,0.0,2.2839,6.8846,0.0,1.0113,B2,word_pos,largeur,N,largeur,NOM
constitutionnel,ADJ,B2,beacco,4.5416,1.4118,0.0,0.0,0.4732,4.5416,3.1012,0.0,1.4118,0.0,0.0,0.438,2.2839,6.0005,0.0,1.5662,B2,word_pos,constitutionnel,A,constitutionnel,ADJ
impunité,NOUN,B2,beacco,4.5416,1.3167,0.0,0.0,0.0,4.5416,12.4046,0.0,1.3167,0.0,0.0,0.0,2.2839,6.0005,0.0,0.7085,B2,word_pos,impunité,N,impunité,NOM
monoxyde,NOUN,B2,beacco,4.5416,1.2175,0.0,0.0,1.3603,4.5416,0.0,0.0,1.2175,0.0,0.0,0.5857,2.2839,0.0,0.0,0.7014,B2,word_pos,monoxyde,N,monoxyde,NOM
démunir,VERB,B2,beacco,4.5416,1.0975,0.0,0.0,0.0818,4.5416,3.1012,0.0,1.0975,0.0,0.0,5.9821,0.0,19.861,0.0,3.6303,B2,word_pos,démunir,V,démunir,VER
cigarillo,NOUN,B2,beacco,4.5416,1.0944,0.0,0.0,0.0,4.5416,9.3035,0.0,1.0944,0.0,0.0,0.0,2.2839,6.0005,0.0,0.7085,B2,word_pos,cigarillo,N,cigarillo,NOM
dentaire,ADJ,B2,beacco,4.5416,1.0944,0.0,0.0,0.0,4.5416,9.3035,0.0,1.0944,0.0,0.0,0.0,2.2839,18.0014,0.0,1.6068,B2,word_pos,dentaire,A,dentaire,ADJ
communiste,NOUN,B2,beacco,4.5416,1.0794,0.0,0.0,0.0,4.5416,6.1515,0.0,1.0794,0.0,0.0,0.0,2.2839,4.139,0.0,0.7167,B2,word_pos,communiste,N,communiste,NOM
décollage,NOUN,B2,beacco,4.5416,1.0599,0.0,0.6529,0.2366,4.5416,0.0,0.0,1.0599,0.0,0.5594,0.438,2.2839,0.0,0.0,0.9165,B2,word_pos,décollage,N,décollage,NOM
ramassage,NOUN,B2,beacco,4.5416,0.8807,0.0,0.0,0.5833,4.5416,0.0,0.0,0.8807,0.0,0.0,0.5531,2.2839,0.0,0.0,0.6971,B2,word_pos,ramassage,N,ramassage,NOM
pérenne,ADJ,B2,beacco,4.5416,0.879,0.0,0.0,0.6802,4.5416,0.0,0.0,0.879,0.0,0.0,0.5857,2.2839,0.0,0.0,0.7014,B2,word_pos,pérenne,A,pérenne,ADJ
conjoncture,NOUN,B2,beacco,4.5416,0.878,0.0,0.0,0.0,4.5416,0.0,19.2455,0.878,0.0,0.0,0.0,2.2839,0.0,19.328,0.7085,B2,word_pos,conjoncture,N,conjoncture,NOM
alarmer,VERB,B2,beacco,4.5416,0.8771,0.0,0.0,0.0,4.5416,3.2084,0.0,0.8771,0.0,0.0,0.0,4.5679,3.4423,0.0,0.9811,B2,word_pos,alarmer,V,alarmer,VER
cancérigène,ADJ,B2,beacco,4.5416,0.842,0.0,0.0,0.0,4.5416,6.2023,0.0,0.842,0.0,0.0,0.0,2.2839,6.0005,0.0,0.7085,B2,word_pos,cancérigène,A,cancérigène,ADJ
composant,NOUN,B2,beacco,4.5416,0.842,0.0,0.0,0.0,4.5416,6.2023,0.0,0.842,0.0,0.0,0.0,2.2839,6.0005,0.0,0.7085,B2,word_pos,composant,N,composant,NOM
insecticide,NOUN,B2,beacco,4.5416,0.842,0.0,0.0,0.0,4.5416,6.2023,0.0,0.842,0.0,0.0,0.0,2.2839,6.0005,0.0,0.7085,B2,word_pos,insecticide,N,insecticide,NOM
malmener,VERB,B2,beacco,4.5416,0.842,0.0,0.0,0.0,4.5416,6.2023,0.0,0.842,0.0,0.0,0.0,2.2839,6.0005,0.0,0.7085,B2,word_pos,malmener,V,malmener,VER
proclamer,VERB,B2,beacco,4.5416,0.7133,0.7967,0.0,0.0,4.5416,0.0,0.0,0.7133,0.8346,0.0,0.0,4.5679,0.0,0.0,0.9523,B2,word_pos,proclamer,V,proclamer,VER
clouer,VERB,B2,beacco,4.5416,0.6847,0.0,0.0,0.0908,4.5416,0.0,0.0,0.6847,0.0,0.0,0.2504,4.5679,0.0,0.0,1.0194,B2,word_pos,clouer,V,clouer,VER
hautement,ADV,B2,beacco,4.5416,0.6711,0.0,0.0,0.1395,4.5416,0.0,0.0,0.6711,0.0,0.0,0.1219,2.2839,0.0,0.0,0.6496,B2,word_pos,hautement,ADV,hautement,ADV
simulation,NOUN,B2,beacco,4.5416,0.6645,0.0,0.0,0.2405,4.5416,0.0,0.0,0.6645,0.0,0.0,0.4665,4.5679,0.0,0.0,1.0296,B2,word_pos,simulation,N,simulation,NOM
controverser,VERB,B2,beacco,4.5416,0.6594,0.0,0.0,0.0698,4.5416,0.0,0.0,0.6594,0.0,0.0,0.1219,2.2839,0.0,0.0,0.6496,B2,word_pos,controverser,V,controverser,VER
indonésien,ADJ,B2,beacco,4.5416,0.6585,0.0,0.0,0.0,4.5416,0.0,9.6228,0.6585,0.0,0.0,0.0,2.2839,0.0,19.328,0.7085,B2,word_pos,indonésien,A,indonésien,ADJ
déverser,VERB,B2,beacco,4.5416,0.6422,0.0,0.0,0.2916,4.5416,0.0,0.0,0.6422,0.0,0.0,0.5531,2.2839,0.0,0.0,0.6971,B2,word_pos,déverser,V,déverser,VER
prestataire,NOUN,B2,beacco,4.5416,0.5676,0.1633,0.0,0.0,4.5416,1.6042,0.0,0.5676,0.171,0.0,0.0,2.2839,3.4423,0.0,0.5979,B2,word_pos,prestataire,N,prestataire,NOM
anesthésiant,NOUN,B2,crf_first_attested,4.5416,0.1037,0.0,0.0,0.0,4.5416,0.0,0.0,0.1037,,,,,,,,,crf_only,anesthésiant,N,,
bidis,NOUN,B2,crf_first_attested,4.5416,0.1037,0.0,0.0,0.0,4.5416,0.0,0.0,0.1037,,,,,,,,,crf_only,bidis,N,,
clopes,NOUN,B2,crf_first_attested,4.5416,0.1037,0.0,0.0,0.0,4.5416,0.0,0.0,0.1037,,,,,,,,,crf_only,clopes,N,,
contributeur,ADJ,B2,crf_first_attested,4.5416,0.1037,0.0,0.0,0.0,4.5416,0.0,0.0,0.1037,,,,,,,,,crf_only,contributeur,A,,
culose,ADJ,B2,crf_first_attested,4.5416,0.1037,0.0,0.0,0.0,4.5416,0.0,0.0,0.1037,,,,,,,,,crf_only,culose,A,,
de côté,ADV,B2,crf_first_attested,4.5416,0.1037,0.0,0.0,0.0,4.5416,0.0,0.0,0.1037,,,,,,,,,crf_only,de côté,ADV,,
kreteks,NOUN,B2,crf_first_attested,4.5416,0.1037,0.0,0.0,0.0,4.5416,0.0,0.0,0.1037,,,,,,,,,crf_only,kreteks,N,,
serf,ADJ,B2,crf_first_attested,4.5416,0.1037,0.0,0.0,0.0,4.5416,0.0,0.0,0.1037,,,,,,,,,crf_only,serf,A,,
sida - tuberculose - paludisme,NOUN,B2,crf_first_attested,4.5416,0.1037,0.0,0.0,0.0,4.5416,0.0,0.0,0.1037,,,,,,,,,crf_only,sida - tuberculose - paludisme,N,,
surfréquentation,NOUN,B2,crf_first_attested,4.5416,0.1037,0.0,0.0,0.0,4.5416,0.0,0.0,0.1037,,,,,,,,,crf_only,surfréquentation,N,,
testing,NOUN,B2,crf_first_attested,4.5416,0.1037,0.0,0.0,0.0,4.5416,0.0,0.0,0.1037,,,,,,,,,crf_only,testing,N,,
délicat,ADJ,B2,beacco,4.2808,9.3029,0.5025,0.0,10.3578,4.2808,44.058,0.0,9.3029,0.0,0.0,14.6764,6.4611,49.1091,0.0,10.2315,B2,word_pos,délicat,A,délicat,ADJ
refus,NOUN,B2,beacco,4.2374,14.6604,0.0,0.0,23.9641,4.2374,52.5187,19.2455,14.6604,0.0,0.0,15.3773,1.2705,52.5392,19.328,10.6568,B2,word_pos,refus,N,refus,NOM
adhérent,NOUN,B2,beacco,4.2374,9.2379,0.9991,0.0,16.1511,4.2374,6.4168,0.0,9.2379,0.9464,0.0,12.4533,1.2705,10.3269,0.0,7.8787,B2,word_pos,adhérent,N,adhérent,NOM
municipalité,NOUN,B2,beacco,4.2374,9.079,0.0,0.3209,11.3779,4.2374,3.1012,68.1256,9.079,0.0,0.6228,14.7014,1.2705,6.0005,25.6659,8.9668,B2,word_pos,municipalité,N,municipalité,NOM
arabe,NOUN,B2,beacco,4.2374,8.7249,4.1493,0.0,5.946,4.2374,0.0,67.3593,8.7249,6.8456,0.0,3.4688,3.8116,0.0,19.328,5.4136,B2,word_pos,arabe,N,arabe,NOM
collectivité,NOUN,B2,beacco,4.2374,7.349,0.0,0.0,10.0536,4.2374,24.6958,0.0,7.349,0.0,0.0,6.7488,1.2705,27.403,0.0,5.5262,B2,word_pos,collectivité,N,collectivité,NOM
ambitieux,ADJ,B2,beacco,4.2374,6.4714,0.0,0.3209,11.7649,4.2374,1.6042,9.6228,6.4714,0.0,0.0,12.3117,1.2705,3.4423,19.328,5.9764,B2,word_pos,ambitieux,A,ambitieux,ADJ
mobilité,NOUN,B2,beacco,4.2374,6.1541,0.0,0.1887,2.4732,4.2374,27.2438,0.0,6.1541,0.0,0.1937,3.4688,1.2705,34.1646,0.0,6.2335,B2,word_pos,mobilité,N,mobilité,NOM
apport,NOUN,B2,beacco,4.2374,5.4847,0.0,0.0,0.1395,4.2374,6.2023,100.8319,5.4847,0.0,0.0,0.1219,1.2705,6.0005,113.5434,4.6582,B2,word_pos,apport,N,apport,NOM
visuel,ADJ,B2,beacco,4.2374,4.4174,0.0,0.2117,3.6719,4.2374,0.0,4.1173,4.4174,0.0,0.4157,3.6369,1.2705,0.0,4.0185,3.4451,B2,word_pos,visuel,A,visuel,ADJ
atmosphérique,ADJ,B2,beacco,4.2374,2.5837,0.0,0.0,0.0,4.2374,3.1012,45.4565,2.5837,0.0,0.0,0.0,1.2705,6.0005,38.4989,2.4488,B2,word_pos,atmosphérique,A,atmosphérique,ADJ
fraternité,NOUN,B2,beacco,4.2374,2.1489,0.0,0.0,1.4531,4.2374,0.0,0.0,2.1489,0.0,0.0,1.5623,1.2705,0.0,0.0,1.2813,B2,word_pos,fraternité,N,fraternité,NOM
primaire,NOUN,B2,beacco,4.2374,1.2563,0.0,0.0,0.0,4.2374,0.0,28.8683,1.2563,0.0,0.0,0.0,3.8116,0.0,19.328,0.6904,B2,word_pos,primaire,N,primaire,NOM
participatif,ADJ,B2,beacco,4.2374,1.1105,0.0,0.0,0.0,4.2374,6.1515,0.0,1.1105,0.0,0.0,0.0,1.2705,12.4171,0.0,1.4839,B2,word_pos,participatif,A,participatif,ADJ
anarchique,ADJ,B2,beacco,4.2374,1.0952,0.0,0.0,0.0,4.2374,0.0,12.9876,1.0952,0.0,0.0,0.0,1.2705,0.0,12.833,0.6143,B2,word_pos,anarchique,A,anarchique,ADJ
cantonal,ADJ,B2,crf_first_attested,4.2374,0.0968,0.0,0.0,0.0,4.2374,0.0,0.0,0.0968,,,,,,,,,crf_only,cantonal,A,,
participe,NOUN,B2,beacco,4.2374,0.0968,0.0,0.0,0.0,4.2374,0.0,0.0,0.0968,0.0,0.3851,0.0,1.2705,3.4423,0.0,1.3762,B2,word_pos,participe,N,participe,NOM
vers plus de,PREP,B2,crf_first_attested,4.2374,0.0968,0.0,0.0,0.0,4.2374,0.0,0.0,0.0968,,,,,,,,,crf_only,vers plus de,PREP,,
bloquer,VERB,B2,beacco,4.2284,10.2275,0.0,0.2599,4.9685,4.2284,31.0115,25.9752,10.2275,0.0,0.5213,4.7816,1.6204,24.0018,25.6659,9.2831,B2,word_pos,bloquer,V,bloquer,VER
terrifier,VERB,B2,beacco,4.2284,2.5746,0.4421,0.0,2.1909,4.2284,0.0,0.0,2.5746,7.5984,0.0,4.3126,2.4306,0.0,0.0,5.3088,B2,word_pos,terrifier,V,terrifier,VER
poignée,NOUN,B2,beacco,4.1293,12.7396,1.7078,1.6171,9.3267,4.1293,39.395,6.4938,12.7396,1.1764,0.4664,10.5404,2.6036,52.6794,12.833,14.1063,B2,word_pos,poignée,N,poignée,NOM
tentative,NOUN,B2,beacco,4.1293,9.8454,0.7622,0.0,14.5473,4.1293,31.4551,0.0,9.8454,0.5504,0.0,12.0615,3.9054,20.6179,0.0,7.9183,B2,word_pos,tentative,N,tentative,NOM
puzzle,NOUN,B2,beacco,4.1293,4.009,0.0,0.0,0.7097,4.1293,9.3035,28.8683,4.009,0.0,0.0,0.8759,2.6036,6.0005,19.328,2.888,B2,word_pos,puzzle,N,puzzle,NOM
bombe,NOUN,B2,beacco,4.1293,2.7499,0.0,0.0,0.3618,4.1293,6.2023,19.4814,2.7499,0.0,0.0,0.6378,2.6036,6.0005,12.833,2.5672,B2,word_pos,bombe,N,bombe,NOM
chuchoter,VERB,B2,beacco,4.1293,1.1408,0.0,0.0,0.0,4.1293,1.6042,9.6228,1.1408,0.0,0.0,0.0,2.6036,3.4423,19.328,1.5692,B2,word_pos,chuchoter,V,chuchoter,VER
languir,VERB,B2,beacco,4.1293,1.1391,0.0,0.0,0.7097,4.1293,0.0,0.0,1.1391,0.0,0.0,0.438,2.6036,0.0,0.0,0.796,B2,word_pos,languir,V,languir,VER
peigne,NOUN,B2,beacco,4.0397,0.5727,0.0,0.0,0.0,4.0397,0.0,9.6228,0.5727,0.0,0.0,0.0,6.1172,0.0,19.328,0.9681,B2,word_pos,peigne,N,peigne,NOM
café - crème,NOUN,B2,crf_first_attested,4.0241,0.0919,0.0,0.0,0.0,4.0241,0.0,0.0,0.0919,,,,,,,,,crf_only,café - crème,N,,
méthodique,ADJ,B2,beacco,3.9691,1.3624,0.0,0.0,0.4809,3.9691,2.0505,0.0,1.3624,0.0,0.0,0.933,7.0007,4.139,0.0,2.6726,B2,word_pos,méthodique,A,méthodique,ADJ
contempler,VERB,B2,beacco,3.817,2.2763,0.4014,0.0,0.4152,3.817,3.2084,0.0,2.2763,0.7319,0.0,0.3906,6.0629,3.4423,0.0,3.0209,B2,word_pos,contempler,V,contempler,VER
graver,VERB,B2,beacco,3.7909,2.6836,0.0,0.0,0.2076,3.7909,18.6069,0.0,2.6836,0.0,0.0,0.3906,6.4611,0.0,0.0,1.2159,B2,word_pos,graver,V,graver,VER
perspicacité,NOUN,B2,beacco,3.7028,0.2429,0.0,0.0,0.0,3.7028,0.0,0.0,0.2429,0.0,0.0,0.0,6.4342,0.0,0.0,0.4846,B2,word_pos,perspicacité,N,perspicacité,NOM
à la vue de,PREP,B2,crf_first_attested,3.6629,0.2367,0.0,0.0,0.0,3.6629,0.0,0.0,0.2367,,,,,,,,,crf_only,à la vue de,PREP,,
vieille,NOUN,B2,beacco,3.5867,2.8942,,,,,,,,0.0,0.4131,1.4611,3.5867,0.0,0.0,2.8942,B2,beacco_only,,,vieille,NOM
vidéo,NOUN,B2,beacco,3.5312,7.8405,9.6223,0.2117,1.343,3.5312,27.7392,0.0,7.8405,7.2839,0.4157,2.504,6.3527,20.6179,0.0,9.3463,B2,word_pos,vidéo,N,vidéo,NOM
brasserie,NOUN,B2,beacco,3.5312,1.8072,0.0,0.0,0.0,3.5312,9.6252,0.0,1.8072,0.0,0.0,0.0,5.0821,6.8846,0.0,1.5715,B2,word_pos,brasserie,N,brasserie,NOM
moderniser,VERB,B2,beacco,3.3034,3.9893,0.0,0.0,3.7685,3.3034,6.2023,12.9876,3.9893,0.0,0.0,3.6187,2.6036,6.0005,25.6659,4.6383,B2,word_pos,moderniser,V,moderniser,VER
rédacteur,NOUN,B2,beacco,3.3034,3.8735,0.0,0.7405,1.8673,3.3034,1.6042,12.9876,3.8735,0.0,0.606,3.6048,2.6036,3.4423,12.833,5.2267,B2,word_pos,rédacteur,N,rédacteur,NOM
bandit,NOUN,B2,beacco,3.3034,2.2359,1.5934,0.0,0.231,3.3034,0.0,0.0,2.2359,0.8346,0.0,0.6994,2.6036,0.0,0.0,3.0621,B2,word_pos,bandit,N,bandit,NOM
audacieux,ADJ,B2,beacco,3.3034,2.0333,0.0,0.0,2.0392,3.3034,3.1012,0.0,2.0333,0.0,0.0,3.1766,2.6036,6.0005,0.0,2.7428,B2,word_pos,audacieux,A,audacieux,ADJ
surnaturel,ADJ,B2,beacco,3.3034,1.7074,0.2738,0.285,0.0,3.3034,0.0,0.0,1.7074,0.0,0.2891,0.0,1.3018,0.0,0.0,0.5651,B2,word_pos,surnaturel,A,surnaturel,ADJ
dépouiller,VERB,B2,beacco,3.3034,1.2308,0.5025,0.0,0.3618,3.3034,0.0,0.0,1.2308,0.9051,0.0,0.6378,2.6036,6.0005,0.0,2.7138,B2,word_pos,dépouiller,V,dépouiller,VER
argotique,ADJ,B2,beacco,3.3034,0.6648,0.0,0.0,0.0,3.3034,0.0,6.4938,0.6648,0.0,0.0,0.0,2.6036,0.0,12.833,0.7099,B2,word_pos,argotique,A,argotique,ADJ
capturer,VERB,B2,beacco,3.1713,5.4215,0.0,1.1753,0.3625,3.1713,15.6669,0.0,5.4215,0.0,0.0,0.185,3.2407,20.024,0.0,2.3731,B2,word_pos,capturer,V,capturer,VER
fouet,NOUN,B2,beacco,3.1713,5.1998,0.0,0.0,14.7033,3.1713,0.0,0.0,5.1998,0.0,0.0,29.0129,1.6204,0.0,0.0,7.9116,B2,word_pos,fouet,N,fouet,NOM
rasoir,NOUN,B2,beacco,3.1713,2.6036,0.0,2.9856,0.2916,3.1713,0.0,0.0,2.6036,0.0,0.4157,0.5531,3.2407,0.0,0.0,2.1003,B2,word_pos,rasoir,N,rasoir,NOM
éventuellement,ADV,B2,beacco,3.1713,2.5936,0.0,0.0,0.0,3.1713,20.5337,12.9876,2.5936,0.0,0.0,0.0,0.8102,27.9938,12.833,2.3347,B2,word_pos,éventuellement,ADV,éventuellement,ADV
volumineux,ADJ,B2,beacco,3.1713,1.335,0.3158,0.0,0.0,3.1713,1.6042,0.0,1.335,0.6291,0.0,0.0,0.8102,3.4423,0.0,1.273,B2,word_pos,volumineux,A,volumineux,ADJ
inhabituel,ADJ,B2,beacco,3.1713,1.1644,0.0,0.3702,0.0,3.1713,0.0,6.4938,1.1644,0.0,0.606,0.0,0.8102,0.0,12.833,1.364,B2,word_pos,inhabituel,A,inhabituel,ADJ
cassure,NOUN,B2,beacco,3.1713,0.8504,0.0,0.0,0.4809,3.1713,0.0,0.0,0.8504,0.0,0.0,0.4665,0.8102,0.0,0.0,0.6131,B2,word_pos,cassure,N,cassure,NOM
obstruer,VERB,B2,beacco,3.1713,0.4327,0.0,0.0,0.0,3.1713,1.6042,0.0,0.4327,0.0,0.0,0.0,0.8102,3.4423,0.0,0.5668,B2,word_pos,obstruer,V,obstruer,VER
rabattre,VERB,B2,beacco,3.1713,0.4172,0.0,0.0,0.0,3.1713,2.0505,0.0,0.4172,0.0,0.0,0.0,0.8102,4.139,0.0,0.5215,B2,word_pos,rabattre,V,rabattre,VER
prêter attention,VERB,B2,crf_first_attested,3.1713,0.0724,0.0,0.0,0.0,3.1713,0.0,0.0,0.0724,,,,,,,,,crf_only,prêter attention,V,,
blanc,NOUN,B2,beacco,3.0277,40.3289,48.5458,55.6335,5.2135,3.0277,131.6542,6.176,40.3289,0.0,0.6228,0.0,2.2839,0.0,0.0,0.6897,B2,word_pos,blanc,N,blanc,NOM
exploiter,VERB,B2,beacco,3.0277,20.6211,0.0,0.0,18.014,3.0277,166.4899,38.9627,20.6211,0.0,0.0,19.7943,2.2839,135.2963,38.4989,18.7951,B2,word_pos,exploiter,V,exploiter,VER
instrument,NOUN,B2,beacco,3.0277,16.6181,0.0,0.0,47.0999,3.0277,15.1776,48.0277,16.6181,0.0,0.0,40.9269,2.2839,26.3397,95.2552,19.1803,B2,word_pos,instrument,N,instrument,NOM
massif,ADJ,B2,beacco,3.0277,15.0732,0.0,0.0,11.3331,3.0277,76.5068,115.0793,15.0732,0.0,0.0,5.1436,2.2839,115.8441,138.6137,14.4749,B2,word_pos,massif,A,massif,ADJ
multiplication,NOUN,B2,beacco,3.0277,14.5716,0.0,0.0,17.2944,3.0277,79.7475,38.491,14.5716,0.0,0.0,20.9593,2.2839,80.2715,38.656,14.8321,B2,word_pos,multiplication,N,multiplication,NOM
solliciter,VERB,B2,beacco,3.0277,13.9945,0.5025,0.2117,28.2434,3.0277,6.2023,78.0384,13.9945,0.0,0.4157,29.8384,2.2839,6.0005,111.7223,15.8494,B2,word_pos,solliciter,V,solliciter,VER
latin,NOUN,B2,beacco,3.0277,12.538,0.7967,0.0,18.8259,3.0277,15.7275,113.8624,12.538,7.5737,0.0,17.461,2.2839,20.6179,145.006,14.63,B2,word_pos,latin,N,latin,NOM
vieillissement,NOUN,B2,beacco,3.0277,12.3858,0.0,0.2117,6.8306,3.0277,6.4168,415.9639,12.3858,0.0,0.4157,5.4885,2.2839,6.8846,388.6761,16.4764,B2,word_pos,vieillissement,N,vieillissement,NOM
location,NOUN,B2,beacco,3.0277,12.1042,0.5025,4.8583,14.6814,3.0277,11.2294,0.0,12.1042,0.9051,0.5137,13.3955,2.2839,24.0961,0.0,12.2231,B2,word_pos,location,N,location,NOM
revendication,NOUN,B2,beacco,3.0277,10.3347,0.0,0.6418,15.099,3.0277,2.0505,115.0793,10.3347,0.0,0.0,5.9013,2.2839,4.139,113.6757,7.4417,B2,word_pos,revendication,N,revendication,NOM
expansion,NOUN,B2,beacco,3.0277,9.4801,0.0,0.0,2.6124,3.0277,25.0482,244.9902,9.4801,0.0,0.0,5.0556,2.2839,43.5754,134.1811,10.3039,B2,word_pos,expansion,N,expansion,NOM
historien,NOUN,B2,beacco,3.0277,8.8416,0.0,0.0,7.7114,3.0277,49.6184,6.4938,8.8416,0.0,0.0,7.6901,2.2839,36.0028,12.833,8.8028,B2,word_pos,historien,N,historien,NOM
concernant,PREP,B2,beacco,3.0277,8.4301,0.0,0.0,8.0138,3.0277,15.7275,73.4243,8.4301,0.0,0.0,0.1243,0.0,0.0,43.8345,1.4858,B2,word_pos,concernant,PREP,concernant,PRP
confédération,NOUN,B2,beacco,3.0277,8.1678,0.2652,0.3702,2.8389,3.0277,2.0505,67.3593,8.1678,0.4856,0.606,2.6278,2.2839,4.139,19.328,6.9882,B2,word_pos,confédération,N,confédération,NOM
débarquer,VERB,B2,beacco,3.0277,7.8783,0.0,0.4879,18.6767,3.0277,9.3035,0.0,7.8783,0.0,0.4664,23.2706,4.5679,6.0005,0.0,9.7177,B2,word_pos,débarquer,V,débarquer,VER
gène,NOUN,B2,beacco,3.0277,7.5508,0.0,0.0,3.5341,3.0277,6.2023,133.7065,7.5508,0.0,0.6228,1.1101,2.2839,6.0005,131.5034,7.7329,B2,word_pos,gène,N,gène,NOM
dégradation,NOUN,B2,beacco,3.0277,7.4941,0.0,0.0,3.8815,3.0277,39.2268,38.491,7.4941,0.0,0.0,4.9147,2.2839,19.861,38.656,6.1581,B2,word_pos,dégradation,N,dégradation,NOM
paisible,ADJ,B2,beacco,3.0277,7.3414,0.0,0.0,9.3086,3.0277,36.6339,6.4938,7.3414,0.0,0.0,11.854,2.2839,20.6179,12.833,6.6608,B2,word_pos,paisible,A,paisible,ADJ
secondaire,ADJ,B2,beacco,3.0277,7.0685,0.5025,0.0,0.0,3.0277,66.8252,48.1138,7.0685,0.9051,0.0,0.0,2.2839,65.168,38.656,6.6472,B2,word_pos,secondaire,A,secondaire,ADJ
contraindre,VERB,B2,beacco,3.0277,7.0487,0.0,0.0,3.6368,3.0277,18.4508,117.0576,7.0487,0.0,0.0,4.7791,2.2839,19.861,77.4712,6.8075,B2,word_pos,contraindre,V,contraindre,VER
philosophe,NOUN,B2,beacco,3.0277,7.0349,0.0,0.6342,4.9728,3.0277,12.4046,29.8958,7.0349,0.0,0.0,4.8043,2.2839,12.0009,52.5084,7.1998,B2,word_pos,philosophe,N,philosophe,NOM
significatif,ADJ,B2,beacco,3.0277,6.828,0.5025,0.3702,0.4732,3.0277,8.2019,115.9766,6.828,0.9051,0.606,0.438,2.2839,4.139,112.15,7.9577,B2,word_pos,significatif,A,significatif,ADJ
définitif,ADJ,B2,beacco,3.0277,6.8064,0.0,0.0,21.7694,3.0277,15.7275,0.0,6.8064,0.0,0.0,25.6411,2.2839,20.6179,0.0,9.5543,B2,word_pos,définitif,A,définitif,ADJ
régir,VERB,B2,beacco,3.0277,6.7737,0.0,0.0,2.6577,3.0277,53.9588,19.2455,6.7737,0.0,0.0,5.1436,2.2839,39.722,19.328,7.0038,B2,word_pos,régir,V,régir,VER
protéine,NOUN,B2,beacco,3.0277,6.6927,0.0,0.0,3.0664,3.0277,9.8067,103.9706,6.6927,0.0,0.0,3.6013,2.2839,19.861,93.687,7.3509,B2,word_pos,protéine,N,protéine,NOM
recourir,VERB,B2,beacco,3.0277,6.628,0.0,0.0,4.9444,3.0277,31.4551,22.517,6.628,0.0,0.0,1.1713,0.0,40.6321,12.833,3.7844,B2,word_pos,recourir,V,recourir,VER
équivalent,NOUN,B2,beacco,3.0277,6.622,0.0,0.6418,0.3401,3.0277,39.6967,66.1574,6.622,0.0,0.6228,0.5857,4.5679,20.6179,56.7717,5.9287,B2,word_pos,équivalent,N,équivalent,NOM
norme,NOUN,B2,beacco,3.0277,6.2981,0.0,0.0,0.0,3.0277,38.9037,104.5166,6.2981,0.0,0.0,0.0,2.2839,36.8208,95.2552,4.8323,B2,word_pos,norme,N,norme,NOM
pin,NOUN,B2,beacco,3.0277,6.2495,0.7622,0.0,19.8734,3.0277,0.0,0.0,6.2495,0.5504,0.0,17.2098,2.2839,0.0,0.0,5.7667,B2,word_pos,pin,N,pin,NOM
systématique,ADJ,B2,beacco,3.0277,5.9225,0.4996,0.0,10.8929,3.0277,12.4046,0.0,5.9225,0.9464,0.0,5.8708,2.2839,18.0014,0.0,6.4846,B2,word_pos,systématique,A,systématique,ADJ
pacifique,ADJ,B2,beacco,3.0277,5.8839,0.0,0.0,24.7027,3.0277,0.0,0.0,5.8839,0.0,0.0,13.1473,2.2839,0.0,0.0,3.772,B2,word_pos,pacifique,A,pacifique,ADJ
législation,NOUN,B2,beacco,3.0277,5.8295,0.5025,0.0,5.8627,3.0277,15.5058,9.6228,5.8295,0.9051,0.0,6.2385,2.2839,30.0023,19.328,8.4957,B2,word_pos,législation,N,législation,NOM
lycéen,NOUN,B2,beacco,3.0277,5.4686,1.005,0.0,5.5154,3.0277,6.4168,9.6228,5.4686,0.9051,0.5137,2.6879,2.2839,0.0,19.328,4.6332,B2,word_pos,lycéen,N,lycéen,NOM
demandeur,NOUN,B2,beacco,3.0277,5.343,0.0,0.0,11.6654,3.0277,12.4046,0.0,5.343,0.0,0.0,7.622,2.2839,6.0005,0.0,3.5747,B2,word_pos,demandeur,N,demandeur,NOM
phase,NOUN,B2,beacco,3.0277,5.3413,0.0,0.0,1.0854,3.0277,22.2727,43.6102,5.3413,0.0,0.0,0.6378,2.2839,34.1646,12.833,4.1508,B2,word_pos,phase,N,phase,NOM
fédérer,VERB,B2,beacco,3.0277,5.3087,0.0,0.0,5.4028,3.0277,27.9104,0.0,5.3087,0.0,0.0,3.6369,2.2839,12.0009,0.0,3.2929,B2,word_pos,fédérer,V,fédérer,VER
fureur,NOUN,B2,beacco,3.0277,5.161,0.0,0.3209,17.331,3.0277,0.0,0.0,5.161,0.0,0.6228,11.4305,2.2839,0.0,0.0,5.3212,B2,word_pos,fureur,N,fureur,NOM
hégémonie,NOUN,B2,beacco,3.0277,4.7444,0.0,0.0,4.8236,3.0277,2.0505,56.3681,4.7444,0.0,0.0,5.0496,2.2839,4.139,77.4712,5.4412,B2,word_pos,hégémonie,N,hégémonie,NOM
encadrer,VERB,B2,beacco,3.0277,4.3617,0.0,0.2439,1.861,3.0277,9.8488,43.6102,4.3617,0.0,0.4664,3.712,4.5679,20.024,12.833,6.7364,B2,word_pos,encadrer,V,encadrer,VER
fossile,ADJ,B2,beacco,3.0277,4.3053,0.0,0.0,0.5833,3.0277,25.7756,28.8683,4.3053,0.0,0.0,0.5531,0.0,40.0479,0.0,2.6407,B2,word_pos,fossile,A,fossile,ADJ
arbitre,NOUN,B2,beacco,3.0277,4.2447,0.7967,0.6418,0.0,3.0277,28.0139,0.0,4.2447,0.8346,0.6228,0.5857,2.2839,31.3528,0.0,5.1909,B2,word_pos,arbitre,N,arbitre,NOM
émerger,VERB,B2,beacco,3.0277,4.0902,0.0,0.0,0.2405,3.0277,52.0771,0.0,4.0902,0.0,0.6228,0.4665,2.2839,65.9532,0.0,6.5816,B2,word_pos,émerger,V,émerger,VER
catastrophique,ADJ,B2,beacco,3.0277,4.0258,0.0,1.6044,2.9479,3.0277,4.101,0.0,4.0258,0.0,0.6228,3.3237,2.2839,4.139,0.0,3.217,B2,word_pos,catastrophique,A,catastrophique,ADJ
exploit,NOUN,B2,beacco,3.0277,3.8483,1.9917,0.0,2.6577,3.0277,21.8856,0.0,3.8483,1.6691,0.0,3.7375,2.2839,19.861,0.0,4.103,B2,word_pos,exploit,N,exploit,NOM
satellite,NOUN,B2,beacco,3.0277,3.8438,0.0,0.0,2.8649,3.0277,30.0911,0.0,3.8438,0.0,0.0,3.5822,4.5679,51.4303,0.0,6.3357,B2,word_pos,satellite,N,satellite,NOM
voisinage,NOUN,B2,beacco,3.0277,3.8329,0.0,0.4879,0.4152,3.0277,25.7756,0.0,3.8329,0.0,0.4664,0.7812,4.5679,20.024,0.0,4.657,B2,word_pos,voisinage,N,voisinage,NOM
indien,NOUN,B2,beacco,3.0277,3.8216,0.0,0.0,1.8926,3.0277,12.3029,0.0,3.8216,0.0,0.0,5.741,2.2839,4.139,0.0,3.5033,B2,word_pos,indien,N,indien,NOM
dense,ADJ,B2,beacco,3.0277,3.6581,0.0,0.7125,9.0754,3.0277,3.1012,0.0,3.6581,0.0,0.2891,15.1533,2.2839,6.0005,0.0,6.2649,B2,word_pos,dense,A,dense,ADJ
mauvais,NOUN,B2,beacco,3.0277,3.6317,0.0,3.1687,0.0,3.0277,16.4039,0.0,3.6317,0.7319,0.6228,3.6262,0.8102,8.2781,0.0,5.237,B2,word_pos,mauvais,N,mauvais,NOM
démentir,VERB,B2,beacco,3.0277,3.5445,0.0,0.0,0.8749,3.0277,2.0505,96.2275,3.5445,0.0,0.0,0.5531,2.2839,4.139,38.656,3.3067,B2,word_pos,démentir,V,démentir,VER
duquel,PRON,B2,beacco,3.0277,3.5163,0.0,0.0,1.8838,3.0277,29.7295,0.0,3.5163,0.0,0.0,7.0772,2.2839,40.0479,0.0,6.5114,B2,word_pos,duquel,PREPPRO,duquel,PRO
provençal,ADJ,B2,beacco,3.0277,3.5115,9.3619,0.2114,0.0,3.0277,0.0,19.4814,3.5115,7.5737,0.6008,0.0,2.2839,0.0,0.0,2.2139,B2,word_pos,provençal,A,provençal,ADJ
composante,NOUN,B2,beacco,3.0277,3.487,0.0,0.0,3.383,3.0277,0.0,57.7365,3.487,0.0,0.0,5.9562,2.2839,0.0,19.328,4.2144,B2,word_pos,composante,N,composante,NOM
vitrine,NOUN,B2,beacco,3.0277,3.437,0.0,5.0925,0.1815,3.0277,4.101,0.0,3.437,0.0,0.2065,0.5008,2.2839,8.2781,0.0,3.2125,B2,word_pos,vitrine,N,vitrine,NOM
volant,NOUN,B2,beacco,3.0277,3.2908,0.0,0.3702,5.8206,3.0277,3.1012,0.0,3.2908,0.0,0.606,2.8589,2.2839,6.0005,0.0,3.5939,B2,word_pos,volant,N,volant,NOM
format,NOUN,B2,beacco,3.0277,3.262,0.0,0.0,11.3527,3.0277,0.0,0.0,3.262,0.0,0.0,7.7544,2.2839,0.0,0.0,2.5548,B2,word_pos,format,N,format,NOM
pleinement,ADV,B2,beacco,3.0277,3.2577,0.0,0.4234,0.3618,3.0277,12.4046,9.6228,3.2577,0.0,0.4157,0.6378,2.2839,6.0005,19.328,2.9784,B2,word_pos,pleinement,ADV,pleinement,ADV
flux,NOUN,B2,beacco,3.0277,3.2182,0.0,0.0,3.7368,3.0277,8.2019,0.0,3.2182,0.0,0.0,3.7062,2.2839,4.139,0.0,2.557,B2,word_pos,flux,N,flux,NOM
hébergement,NOUN,B2,beacco,3.0277,3.1778,0.0,0.2114,7.6789,3.0277,0.0,0.0,3.1778,0.0,0.6008,7.8476,2.2839,0.0,0.0,3.675,B2,word_pos,hébergement,N,hébergement,NOM
socialement,ADV,B2,beacco,3.0277,3.1445,0.0,0.0,1.0854,3.0277,12.7628,9.6228,3.1445,0.0,0.0,1.2756,2.2839,20.024,19.328,3.8038,B2,word_pos,socialement,ADV,socialement,ADV
recruter,VERB,B2,beacco,3.0277,3.1165,0.0,0.2114,0.0,3.0277,10.2524,19.2455,3.1165,0.0,0.6008,0.0,2.2839,8.2781,19.328,3.1756,B2,word_pos,recruter,V,recruter,VER
comparable,ADJ,B2,beacco,3.0277,3.1038,0.0,0.0,7.3538,3.0277,3.1012,0.0,3.1038,0.0,0.0,7.619,4.5679,6.0005,0.0,4.2306,B2,word_pos,comparable,A,comparable,ADJ
incliner,VERB,B2,beacco,3.0277,3.1021,0.0,0.0,4.0821,3.0277,12.4046,0.0,3.1021,0.0,0.0,5.9892,2.2839,0.0,0.0,1.9799,B2,word_pos,incliner,V,incliner,VER
caractéristique,ADJ,B2,beacco,3.0277,3.0933,0.0,0.2831,3.5891,3.0277,2.0505,19.2455,3.0933,0.0,0.0,3.5715,8.1049,8.2781,0.0,4.2123,B2,word_pos,caractéristique,A,caractéristique,ADJ
lointain,NOUN,B2,beacco,3.0277,3.0855,0.0,0.6418,2.2528,3.0277,3.2084,0.0,3.0855,0.0,0.6228,0.3933,2.2839,0.0,0.0,1.5207,B2,word_pos,lointain,N,lointain,NOM
monstrueux,ADJ,B2,beacco,3.0277,3.0534,0.0,0.0,5.9633,3.0277,6.2023,0.0,3.0534,0.0,0.0,7.3969,4.5679,6.0005,0.0,4.2039,B2,word_pos,monstrueux,A,monstrueux,ADJ
respectivement,ADV,B2,beacco,3.0277,2.9135,0.0,0.3702,0.5833,3.0277,6.2023,9.6228,2.9135,0.0,0.606,0.5531,2.2839,6.0005,19.328,3.2765,B2,word_pos,respectivement,ADV,respectivement,ADV
refouler,VERB,B2,beacco,3.0277,2.78,0.0,0.0,8.8849,3.0277,0.0,0.0,2.78,0.0,0.0,3.7375,2.2839,0.0,0.0,1.5645,B2,word_pos,refouler,V,refouler,VER
identification,NOUN,B2,beacco,3.0277,2.547,0.0,0.0,0.0,3.0277,24.7899,6.4938,2.547,0.0,0.0,0.0,2.2839,20.6179,12.833,2.0778,B2,word_pos,identification,N,identification,NOM
présumer,VERB,B2,beacco,3.0277,2.5408,0.0,0.2117,0.4732,3.0277,6.1515,0.0,2.5408,0.0,0.4157,0.438,2.2839,8.2781,0.0,2.9725,B2,word_pos,présumer,V,présumer,VER
aboutir,VERB,B2,beacco,3.0277,2.5288,0.0,0.0,1.4428,3.0277,15.7275,0.0,2.5288,0.0,0.0,5.0402,2.2839,20.6179,19.328,4.7962,B2,word_pos,aboutir,V,aboutir,VER
protestation,NOUN,B2,beacco,3.0277,2.4677,0.0,0.0,7.8763,3.0277,0.0,0.0,2.4677,0.0,0.0,11.3679,4.5679,0.0,0.0,4.3514,B2,word_pos,protestation,N,protestation,NOM
épanouissement,NOUN,B2,beacco,3.0277,2.3866,0.0,0.0,0.0,3.0277,21.8856,9.6228,2.3866,0.0,0.0,0.0,2.2839,19.861,19.328,2.5855,B2,word_pos,épanouissement,N,épanouissement,NOM
fuseau,NOUN,B2,beacco,3.0277,2.3513,0.0,0.0,7.2976,3.0277,0.0,0.0,2.3513,0.0,0.0,5.3614,2.2839,0.0,0.0,1.9856,B2,word_pos,fuseau,N,fuseau,NOM
maternité,NOUN,B2,beacco,3.0277,2.3244,1.2205,0.0618,0.0,3.0277,9.3035,0.0,2.3244,0.8075,0.1276,0.0,0.0,6.0005,0.0,0.978,B2,word_pos,maternité,N,maternité,NOM
quoique,CONJ,B2,beacco,3.0277,2.2587,0.0,0.0,0.2076,3.0277,19.6975,0.0,2.2587,0.0,0.0,0.0,2.2839,20.024,0.0,1.5671,B2,word_pos,quoique,CONJS,quoique,KON
enclin,ADJ,B2,beacco,3.0277,2.255,0.0,0.0,0.4732,3.0277,6.2023,6.4938,2.255,0.0,0.0,0.438,2.2839,6.0005,12.833,2.5843,B2,word_pos,enclin,A,enclin,ADJ
déformation,NOUN,B2,beacco,3.0277,2.2309,0.0,0.0,6.6926,3.0277,0.0,0.0,2.2309,0.0,0.0,9.9698,2.2839,0.0,0.0,3.0737,B2,word_pos,déformation,N,déformation,NOM
déshonorer,VERB,B2,beacco,3.0277,2.2308,13.2354,0.0,0.0,3.0277,2.0505,0.0,2.2308,7.5737,0.0,0.0,4.5679,4.139,0.0,2.8086,B2,word_pos,déshonorer,V,déshonorer,VER
décortiquer,VERB,B2,beacco,3.0277,2.1599,0.0,0.0,0.0,3.0277,31.4551,0.0,2.1599,0.0,0.0,0.0,2.2839,20.6179,0.0,1.5897,B2,word_pos,décortiquer,V,décortiquer,VER
cohérent,ADJ,B2,beacco,3.0277,2.0871,0.0,0.0,0.2093,3.0277,12.4046,2.0587,2.0871,0.0,0.0,0.1219,2.2839,6.0005,4.0185,2.4373,B2,word_pos,cohérent,A,cohérent,ADJ
inadapté,ADJ,B2,beacco,3.0277,2.0441,0.0,0.0,0.5833,3.0277,8.2019,0.0,2.0441,0.0,0.0,0.5531,2.2839,8.2781,0.0,2.1401,B2,word_pos,inadapté,A,inadapté,ADJ
réintroduire,VERB,B2,beacco,3.0277,1.9756,0.0,0.0,5.8206,3.0277,0.0,0.0,1.9756,0.0,0.0,2.8589,2.2839,0.0,0.0,1.5563,B2,word_pos,réintroduire,V,réintroduire,VER
palmier,NOUN,B2,beacco,3.0277,1.9698,1.005,0.2527,0.0,3.0277,4.101,0.0,1.9698,0.9051,0.5137,0.0,2.2839,4.139,0.0,2.3713,B2,word_pos,palmier,N,palmier,NOM
convocation,NOUN,B2,beacco,3.0277,1.8814,0.0,0.0,0.2041,3.0277,12.4046,0.0,1.8814,0.0,0.0,0.4317,2.2839,6.0005,0.0,1.4817,B2,word_pos,convocation,N,convocation,NOM
coordinateur,NOUN,B2,beacco,3.0277,1.8497,0.0,0.0,0.2405,3.0277,12.7628,0.0,1.8497,0.0,0.0,0.4665,2.2839,20.024,0.0,2.5091,B2,word_pos,coordinateur,N,coordinateur,NOM
pourtour,NOUN,B2,beacco,3.0277,1.8346,0.0,0.0,2.8448,3.0277,3.1012,0.0,1.8346,0.0,0.0,3.7062,2.2839,6.0005,0.0,2.5305,B2,word_pos,pourtour,N,pourtour,NOM
inutilement,ADV,B2,beacco,3.0277,1.8272,0.0,0.4234,0.7236,3.0277,3.1012,0.0,1.8272,0.0,0.4157,5.3842,4.5679,6.0005,0.0,4.8289,B2,word_pos,inutilement,ADV,inutilement,ADV
variante,NOUN,B2,beacco,3.0277,1.7812,0.0,0.0,0.0,3.0277,6.2023,6.176,1.7812,0.0,0.0,0.0,2.2839,6.0005,4.0185,1.5671,B2,word_pos,variante,N,variante,NOM
caler,VERB,B2,beacco,3.0277,1.7525,0.0,0.0,0.2076,3.0277,8.2019,0.0,1.7525,0.0,0.0,0.3906,2.2839,4.139,0.0,1.4859,B2,word_pos,caler,V,caler,VER
néfaste,ADJ,B2,beacco,3.0277,1.6861,0.0,0.0,2.522,3.0277,2.0505,0.0,1.6861,0.0,0.0,2.611,2.2839,4.139,0.0,2.4702,B2,word_pos,néfaste,A,néfaste,ADJ
remède,NOUN,B2,beacco,3.0277,1.6837,0.0,0.5054,0.0,3.0277,0.0,28.8683,1.6837,0.0,0.5137,0.0,2.2839,0.0,19.328,1.3352,B2,word_pos,remède,N,remède,NOM
contraster,VERB,B2,beacco,3.0277,1.6422,0.0,0.0,4.3205,3.0277,0.0,0.0,1.6422,0.0,0.0,3.4656,2.2839,0.0,19.328,2.4399,B2,word_pos,contraster,V,contraster,VER
diplomatie,NOUN,B2,beacco,3.0277,1.545,0.0,0.0,0.0,3.0277,4.101,19.4814,1.545,0.0,0.0,0.0,2.2839,4.139,12.833,1.1145,B2,word_pos,diplomatie,N,diplomatie,NOM
rebondir,VERB,B2,beacco,3.0277,1.5041,0.0,0.7405,0.0,3.0277,3.2084,0.0,1.5041,0.0,0.606,0.0,2.2839,3.4423,0.0,1.535,B2,word_pos,rebondir,V,rebondir,VER
digestion,NOUN,B2,beacco,3.0277,1.4739,0.0,0.6418,0.6802,3.0277,0.0,0.0,1.4739,0.0,0.6228,0.5857,2.2839,0.0,0.0,1.5545,B2,word_pos,digestion,N,digestion,NOM
différer,VERB,B2,beacco,3.0277,1.4129,0.0,0.2527,0.6122,3.0277,0.0,0.0,1.4129,0.0,0.5137,0.4317,0.0,0.0,0.0,0.6367,B2,word_pos,différer,V,différer,VER
bouillabaisse,NOUN,B2,beacco,3.0277,1.3885,8.8185,0.0,0.0,3.0277,0.0,0.0,1.3885,7.6141,0.0,0.0,2.2839,0.0,0.0,1.3237,B2,word_pos,bouillabaisse,N,bouillabaisse,NOM
rein,NOUN,B2,beacco,3.0277,1.3763,0.0,0.0,0.231,3.0277,0.0,19.2455,1.3763,0.0,0.0,0.2331,2.2839,0.0,19.328,1.5464,B2,word_pos,rein,N,rein,NOM
clic,NOUN,B2,beacco,3.0277,1.3579,0.0,0.7796,0.0698,3.0277,0.0,0.0,1.3579,0.0,0.5213,0.1219,2.2839,0.0,0.0,1.4544,B2,word_pos,clic,N,clic,NOM
bilinguisme,NOUN,B2,beacco,3.0277,1.3347,0.0,0.0,0.6228,3.0277,0.0,9.6228,1.3347,0.0,0.0,0.3906,2.2839,0.0,19.328,1.456,B2,word_pos,bilinguisme,N,bilinguisme,NOM
exposé,NOUN,B2,beacco,3.0277,1.3107,7.1185,0.0303,0.0,3.0277,0.0,0.0,1.3107,7.2715,0.0,0.4665,2.2839,0.0,19.328,2.9176,B2,word_pos,exposé,N,exposé,NOM
vigilance,NOUN,B2,beacco,3.0277,1.3076,0.0,0.0,0.0,3.0277,15.6669,0.0,1.3076,0.0,0.0,0.0,2.2839,3.4423,0.0,0.7118,B2,word_pos,vigilance,N,vigilance,NOM
chaton,NOUN,B2,beacco,3.0277,1.3052,0.0,0.0,2.9065,3.0277,0.0,0.0,1.3052,0.0,0.0,3.5861,2.2839,0.0,0.0,1.5347,B2,word_pos,chaton,N,chaton,NOM
approfondir,VERB,B2,beacco,3.0277,1.2784,0.0,0.9626,0.2405,3.0277,0.0,0.0,1.2784,0.0,0.6228,3.6369,2.2839,4.139,0.0,3.637,B2,word_pos,approfondir,V,approfondir,VER
émetteur,NOUN,B2,beacco,3.0277,1.2744,0.0,0.0,0.0,3.0277,0.0,43.6102,1.2744,0.0,0.0,0.0,2.2839,0.0,12.833,0.7167,B2,word_pos,émetteur,N,émetteur,NOM
oblique,ADJ,B2,beacco,3.0277,1.2729,0.0,0.0,0.1155,3.0277,3.2084,0.0,1.2729,0.0,0.0,0.2331,2.2839,3.4423,0.0,1.5733,B2,word_pos,oblique,A,oblique,ADJ
incertain,ADJ,B2,beacco,3.0277,1.2582,0.0,0.0,0.6802,3.0277,2.0505,0.0,1.2582,0.0,0.0,0.5857,2.2839,4.139,0.0,1.563,B2,word_pos,incertain,A,incertain,ADJ
dé,NOUN,B2,beacco,3.0277,1.2277,0.0,0.7405,0.2076,3.0277,0.0,0.0,1.2277,0.0,0.606,0.3906,2.2839,0.0,0.0,1.5148,B2,word_pos,dé,N,dé,NOM
gommer,VERB,B2,beacco,3.0277,1.2142,0.0,0.0,2.4869,3.0277,0.0,0.0,1.2142,0.0,0.0,3.6187,2.2839,0.0,0.0,1.5454,B2,word_pos,gommer,V,gommer,VER
parvis,NOUN,B2,beacco,3.0277,1.2075,0.0,0.0,0.4809,3.0277,1.6042,0.0,1.2075,0.0,0.0,0.4665,4.5679,3.4423,0.0,2.0156,B2,word_pos,parvis,N,parvis,NOM
odieux,ADJ,B2,beacco,3.0277,1.1643,0.0,0.0,2.0405,3.0277,0.0,0.0,1.1643,0.0,0.0,0.5857,4.5679,0.0,0.0,1.0074,B2,word_pos,odieux,A,odieux,ADJ
exutoire,NOUN,B2,beacco,3.0277,1.134,0.0,0.0,0.0,3.0277,12.4046,0.0,1.134,0.0,0.0,0.0,2.2839,6.0005,0.0,0.7085,B2,word_pos,exutoire,N,exutoire,NOM
identitaire,ADJ,B2,crf_first_attested,3.0277,1.134,0.0,0.0,0.0,3.0277,12.4046,0.0,1.134,,,,,,,,,crf_only,identitaire,A,,
flamand,NOUN,B2,crf_first_attested,3.0277,1.0743,0.0,0.0,0.0,3.0277,0.0,67.3593,1.0743,,,,,,,,,crf_only,flamand,N,,
transférer,VERB,B2,beacco,3.0277,1.0322,0.0,0.3702,0.2076,3.0277,0.0,0.0,1.0322,0.0,0.606,0.3906,2.2839,0.0,0.0,1.5148,B2,word_pos,transférer,V,transférer,VER
loueur,NOUN,B2,beacco,3.0277,1.0174,0.0,0.5168,0.3618,3.0277,0.0,0.0,1.0174,0.0,1.0679,0.6378,2.2839,0.0,0.0,1.5647,B2,word_pos,loueur,N,loueur,NOM
temporel,ADJ,B2,beacco,3.0277,1.0088,0.0,0.0,0.2076,3.0277,2.0505,0.0,1.0088,0.0,0.0,0.3906,2.2839,4.139,0.0,1.4859,B2,word_pos,temporel,A,temporel,ADJ
promis,NOUN,B2,beacco,3.0277,1.0087,0.0,0.0,0.3401,3.0277,2.0505,0.0,1.0087,1.1764,0.0,0.5857,0.0,4.139,0.0,1.3354,B2,word_pos,promis,N,promis,NOM
consommateur,ADJ,B2,crf_first_attested,3.0277,1.0064,0.0,0.0,0.0,3.0277,9.8067,0.0,1.0064,,,,,,,,,crf_only,consommateur,A,,
croate,NOUN,B2,beacco,3.0277,0.9928,0.0,0.0,0.0,3.0277,6.4168,0.0,0.9928,0.0,0.0,0.0,2.2839,3.4423,0.0,0.7118,B2,word_pos,croate,N,croate,NOM
humoristique,ADJ,B2,beacco,3.0277,0.9928,0.0,0.0,0.0,3.0277,6.4168,0.0,0.9928,0.0,0.0,0.0,2.2839,3.4423,0.0,0.7118,B2,word_pos,humoristique,A,humoristique,ADJ
tronc,NOUN,B2,beacco,3.0277,0.9771,0.0,0.0,1.6133,3.0277,0.0,0.0,0.9771,0.0,0.0,4.684,2.2839,0.0,0.0,1.5627,B2,word_pos,tronc,N,tronc,NOM
ténèbre,NOUN,B2,beacco,3.0277,0.9632,0.0,0.0,1.5443,3.0277,0.0,0.0,0.9632,0.0,0.0,2.9957,4.5679,0.0,0.0,2.0499,B2,word_pos,ténèbre,N,ténèbre,NOM
finale,NOUN,B2,beacco,3.0277,0.9429,0.6621,0.0,0.0,3.0277,3.1012,0.0,0.9429,1.2635,0.1865,0.0,4.5679,6.0005,0.0,2.567,B2,word_pos,finale,N,finale,NOM
décaler,VERB,B2,beacco,3.0277,0.9268,0.0,0.0,1.2023,3.0277,0.0,0.0,0.9268,0.0,0.0,0.4665,2.2839,0.0,0.0,0.6811,B2,word_pos,décaler,V,décaler,VER
quantitatif,ADJ,B2,beacco,3.0277,0.8836,0.0,0.0,0.0,3.0277,6.1515,0.0,0.8836,0.0,0.0,0.0,2.2839,4.139,0.0,0.7167,B2,word_pos,quantitatif,A,quantitatif,ADJ
altération,NOUN,B2,beacco,3.0277,0.8775,0.0,0.0,0.0,3.0277,0.0,38.491,0.8775,0.0,0.0,0.0,2.2839,0.0,38.656,1.1943,B2,word_pos,altération,N,altération,NOM
polémique,ADJ,B2,beacco,3.0277,0.8775,0.0,0.0,0.0,3.0277,0.0,38.491,0.8775,0.0,0.0,0.0,2.2839,0.0,19.328,0.7085,B2,word_pos,polémique,A,polémique,ADJ
rareté,NOUN,B2,beacco,3.0277,0.8684,0.0,0.0,1.0854,3.0277,0.0,0.0,0.8684,0.0,0.0,3.1463,2.2839,0.0,0.0,1.4048,B2,word_pos,rareté,N,rareté,NOM
lancinant,ADJ,B2,beacco,3.0277,0.8681,0.0,0.0,0.0,3.0277,4.8126,0.0,0.8681,0.0,0.0,0.0,2.2839,3.4423,0.0,0.7118,B2,word_pos,lancinant,A,lancinant,ADJ
pendule,NOUN,B2,beacco,3.0277,0.865,0.0,0.0,1.0379,3.0277,0.0,0.0,0.865,0.0,0.0,0.3906,2.2839,0.0,0.0,0.6595,B2,word_pos,pendule,N,pendule,NOM
cocotier,NOUN,B2,beacco,3.0277,0.8578,0.0,1.792,0.0,3.0277,0.0,0.0,0.8578,0.0,3.6645,0.0,2.2839,0.0,0.0,1.4357,B2,word_pos,cocotier,N,cocotier,NOM
inestimable,ADJ,B2,beacco,3.0277,0.8022,0.0,0.0,0.8162,3.0277,0.0,0.0,0.8022,0.0,0.0,0.4317,2.2839,0.0,0.0,0.6722,B2,word_pos,inestimable,A,inestimable,ADJ
bureaucratique,ADJ,B2,beacco,3.0277,0.7296,0.0,0.0,0.0,3.0277,6.2023,0.0,0.7296,0.0,0.0,0.0,2.2839,6.0005,0.0,0.7085,B2,word_pos,bureaucratique,A,bureaucratique,ADJ
originel,ADJ,B2,beacco,3.0277,0.7296,0.0,0.0,0.0,3.0277,6.2023,0.0,0.7296,0.0,0.0,0.0,2.2839,12.0009,0.0,1.1943,B2,word_pos,originel,A,originel,ADJ
prévisionnel,ADJ,B2,beacco,3.0277,0.7296,0.0,0.0,0.0,3.0277,6.2023,0.0,0.7296,0.0,0.0,0.0,2.2839,6.0005,0.0,0.7085,B2,word_pos,prévisionnel,A,prévisionnel,ADJ
récepteur,NOUN,B2,beacco,3.0277,0.7296,0.0,0.0,0.0,3.0277,6.2023,0.0,0.7296,0.0,0.0,0.0,2.2839,6.0005,0.0,0.7085,B2,word_pos,récepteur,N,récepteur,NOM
tranchées,NOUN,B2,crf_first_attested,3.0277,0.7296,0.0,0.0,0.0,3.0277,6.2023,0.0,0.7296,,,,,,,,,crf_only,tranchées,N,,
inopérant,ADJ,B2,beacco,3.0277,0.7196,0.0,0.0,0.0,3.0277,4.101,0.0,0.7196,0.0,0.0,0.0,2.2839,8.2781,0.0,1.1145,B2,word_pos,inopérant,A,inopérant,ADJ
réinsertion,NOUN,B2,beacco,3.0277,0.7196,0.0,0.0,0.0,3.0277,4.101,0.0,0.7196,0.0,0.0,0.0,2.2839,4.139,0.0,0.7167,B2,word_pos,réinsertion,N,réinsertion,NOM
juxtaposer,VERB,B2,beacco,3.0277,0.715,0.0,0.0,0.7236,3.0277,0.0,0.0,0.715,0.0,0.0,0.6378,2.2839,0.0,0.0,0.7068,B2,word_pos,juxtaposer,V,juxtaposer,VER
écumer,VERB,B2,beacco,3.0277,0.715,0.0,0.0,0.7236,3.0277,0.0,0.0,0.715,0.0,0.0,0.6378,4.5679,0.0,0.0,0.9963,B2,word_pos,écumer,V,écumer,VER
nantais,ADJ,B2,beacco,3.0277,0.7045,0.0,0.0618,0.2405,3.0277,0.0,0.0,0.7045,0.0,0.1276,0.4665,2.2839,0.0,0.0,0.9157,B2,word_pos,nantais,A,nantais,ADJ
ethnologue,NOUN,B2,beacco,3.0277,0.683,0.0,0.0,0.0,3.0277,0.0,19.2455,0.683,0.0,0.0,0.0,2.2839,0.0,19.328,0.7085,B2,word_pos,ethnologue,N,ethnologue,NOM
maghrébin,NOUN,B2,beacco,3.0277,0.683,0.0,0.0,0.0,3.0277,0.0,19.2455,0.683,0.0,0.0,3.7375,6.8518,0.0,38.656,4.2196,B2,word_pos,maghrébin,N,maghrébin,NOM
licencié,NOUN,B2,beacco,3.0277,0.6762,0.0,0.0,0.4809,3.0277,0.0,0.0,0.6762,0.0,0.0,0.4665,2.2839,0.0,0.0,0.6811,B2,word_pos,licencié,N,licencié,NOM
éligible,ADJ,B2,beacco,3.0277,0.6625,0.0,1.2702,0.0,3.0277,0.0,0.0,0.6625,0.0,0.4157,0.0,2.2839,0.0,0.0,0.5589,B2,word_pos,éligible,A,éligible,ADJ
alternance,NOUN,B2,beacco,3.0277,0.6393,0.0,1.0585,0.0,3.0277,0.0,0.0,0.6393,0.0,0.8313,0.0,2.2839,0.0,0.0,0.6241,B2,word_pos,alternance,N,alternance,NOM
magnifiquement,ADV,B2,beacco,3.0277,0.6127,0.0,0.0,0.4621,3.0277,0.0,0.0,0.6127,0.0,0.0,0.2331,2.2839,0.0,0.0,0.7031,B2,word_pos,magnifiquement,ADV,magnifiquement,ADV
écoper,VERB,B2,beacco,3.0277,0.5862,0.0,0.6342,0.0,3.0277,0.0,0.0,0.5862,0.0,0.6008,0.0,2.2839,0.0,0.0,0.6864,B2,word_pos,écoper,V,écoper,VER
hanche,NOUN,B2,beacco,3.0277,0.5524,0.0,0.0,0.231,3.0277,0.0,0.0,0.5524,0.0,0.0,0.4662,2.2839,0.0,0.0,0.9621,B2,word_pos,hanche,N,hanche,NOM
panoramique,ADJ,B2,beacco,3.0277,0.5325,0.9991,0.0,0.0,3.0277,0.0,0.0,0.5325,0.9464,0.0,0.0,2.2839,0.0,0.0,0.6179,B2,word_pos,panoramique,A,panoramique,ADJ
héréditaire,ADJ,B2,beacco,3.0277,0.5236,0.0,0.0,0.1883,3.0277,0.0,0.0,0.5236,0.0,0.0,0.3933,2.2839,0.0,0.0,0.6604,B2,word_pos,héréditaire,A,héréditaire,ADJ
esthétique,NOUN,B2,beacco,3.0277,0.5228,0.0,0.0,0.2405,3.0277,0.0,0.0,0.5228,0.0,0.0,3.6369,4.5679,0.0,0.0,2.0282,B2,word_pos,esthétique,N,esthétique,NOM
die,X,B2,crf_first_attested,3.0277,0.5215,0.0,0.0,0.0,3.0277,0.0,9.6228,0.5215,,,,,,,,,crf_only,die,X,,
fraction,NOUN,B2,beacco,3.0277,0.5166,0.0,0.0,0.2916,3.0277,0.0,0.0,0.5166,0.0,0.0,0.5531,4.5679,0.0,0.0,1.0141,B2,word_pos,fraction,N,fraction,NOM
gouverneur,NOUN,B2,beacco,3.0277,0.5087,0.0,0.0,0.3401,3.0277,0.0,0.0,0.5087,0.0,0.0,0.5857,4.5679,0.0,0.0,1.0074,B2,word_pos,gouverneur,N,gouverneur,NOM
édification,NOUN,B2,beacco,3.0277,0.5087,0.0,0.0,0.3401,3.0277,0.0,0.0,0.5087,0.0,0.0,0.5857,2.2839,0.0,0.0,0.7014,B2,word_pos,édification,N,édification,NOM
hypothalamus,NOUN,B2,beacco,3.0277,0.505,0.0,0.0,0.0,3.0277,1.6042,0.0,0.505,0.0,0.0,0.0,2.2839,3.4423,0.0,0.7118,B2,word_pos,hypothalamus,N,hypothalamus,NOM
matrice,NOUN,B2,beacco,3.0277,0.505,0.0,0.0,0.0,3.0277,0.0,2.0587,0.505,0.0,0.0,0.0,2.2839,0.0,4.0185,0.7118,B2,word_pos,matrice,N,matrice,NOM
multicolore,ADJ,B2,beacco,3.0277,0.505,0.0,0.0,0.0,3.0277,1.6042,0.0,0.505,0.0,0.0,0.0,2.2839,3.4423,0.0,0.7118,B2,word_pos,multicolore,A,multicolore,ADJ
rugbyman,NOUN,B2,crf_first_attested,3.0277,0.505,0.0,0.0,0.0,3.0277,1.6042,0.0,0.505,,,,,,,,,crf_only,rugbyman,N,,
aisément,ADV,B2,beacco,3.0277,0.5049,0.0,0.0,0.3618,3.0277,0.0,0.0,0.5049,0.0,0.0,0.6378,2.2839,0.0,0.0,0.7068,B2,word_pos,aisément,ADV,aisément,ADV
informel,ADJ,B2,beacco,3.0277,0.5049,0.0,0.0,0.3618,3.0277,0.0,0.0,0.5049,0.0,0.0,0.6378,2.2839,0.0,0.0,0.7068,B2,word_pos,informel,A,informel,ADJ
clocher,NOUN,B2,beacco,3.0277,0.5029,1.2043,0.0,0.0,3.0277,0.0,0.0,0.5029,2.1958,0.0,0.0,4.5679,0.0,0.0,0.9828,B2,word_pos,clocher,N,clocher,NOM
extinction,NOUN,B2,beacco,3.0277,0.5018,0.0,0.0,0.2366,3.0277,0.0,0.0,0.5018,0.0,0.0,0.438,2.2839,0.0,0.0,0.7115,B2,word_pos,extinction,N,extinction,NOM
forfaitaire,ADJ,B2,beacco,3.0277,0.5003,0.0,0.2117,0.0,3.0277,0.0,0.0,0.5003,0.0,0.4157,0.0,4.5679,0.0,0.0,1.0005,B2,word_pos,forfaitaire,A,forfaitaire,ADJ
handicaper,VERB,B2,beacco,3.0277,0.5003,0.0,0.2117,0.0,3.0277,0.0,0.0,0.5003,0.0,0.4157,0.0,9.1358,0.0,0.0,1.7189,B2,word_pos,handicaper,V,handicaper,VER
orée,NOUN,B2,beacco,3.0277,0.5003,0.0,0.2117,0.0,3.0277,0.0,0.0,0.5003,0.0,0.4157,0.0,2.2839,0.0,0.0,0.5589,B2,word_pos,orée,N,orée,NOM
censure,NOUN,B2,beacco,3.0277,0.4995,0.0,0.0,0.0,3.0277,2.0505,0.0,0.4995,0.0,0.0,0.0,2.2839,4.139,0.0,0.7167,B2,word_pos,censure,N,censure,NOM
drastiquement,ADV,B2,beacco,3.0277,0.4995,0.0,0.0,0.0,3.0277,2.0505,0.0,0.4995,0.0,0.0,0.0,2.2839,4.139,0.0,0.7167,B2,word_pos,drastiquement,ADV,drastiquement,ADV
migrant,NOUN,B2,beacco,3.0277,0.4995,0.0,0.0,0.0,3.0277,2.0505,0.0,0.4995,0.0,0.0,0.0,2.2839,4.139,0.0,0.7167,B2,word_pos,migrant,N,migrant,NOM
répression,NOUN,B2,beacco,3.0277,0.4995,0.0,0.0,0.0,3.0277,2.0505,0.0,0.4995,0.0,0.0,0.0,2.2839,4.139,0.0,0.7167,B2,word_pos,répression,N,répression,NOM
sexuellement,ADV,B2,beacco,3.0277,0.4995,0.0,0.0,0.0,3.0277,2.0505,0.0,0.4995,0.0,0.0,0.0,2.2839,4.139,0.0,0.7167,B2,word_pos,sexuellement,ADV,sexuellement,ADV
cancéreux,ADJ,B2,beacco,3.0277,0.4666,0.0,0.0,0.0,3.0277,3.1012,0.0,0.4666,0.0,0.0,0.0,2.2839,6.0005,0.0,0.7085,B2,word_pos,cancéreux,A,cancéreux,ADJ
footballeur,NOUN,B2,beacco,3.0277,0.4666,0.0,0.0,0.0,3.0277,3.1012,0.0,0.4666,0.0,0.0,0.0,2.2839,6.0005,0.0,0.7085,B2,word_pos,footballeur,N,footballeur,NOM
garderie,NOUN,B2,beacco,3.0277,0.4666,0.0,0.0,0.0,3.0277,3.1012,0.0,0.4666,0.0,0.0,0.0,4.5679,6.0005,0.0,0.8475,B2,word_pos,garderie,N,garderie,NOM
injurieux,ADJ,B2,beacco,3.0277,0.4666,0.0,0.0,0.0,3.0277,3.1012,0.0,0.4666,0.0,0.0,0.0,2.2839,6.0005,0.0,0.7085,B2,word_pos,injurieux,A,injurieux,ADJ
pénurie,NOUN,B2,beacco,3.0277,0.4666,0.0,0.0,0.0,3.0277,3.1012,0.0,0.4666,0.0,0.0,0.0,2.2839,6.0005,0.0,0.7085,B2,word_pos,pénurie,N,pénurie,NOM
confidentialité,NOUN,B2,beacco,3.0277,0.4505,0.0,0.0,0.1395,3.0277,0.0,0.0,0.4505,0.0,0.0,0.1219,2.2839,0.0,0.0,0.6496,B2,word_pos,confidentialité,N,confidentialité,NOM
ad hoc,ADJ,B2,crf_first_attested,3.0277,0.0691,0.0,0.0,0.0,3.0277,0.0,0.0,0.0691,,,,,,,,,crf_only,ad hoc,A,,
affirmation de soi,NOUN,B2,crf_first_attested,3.0277,0.0691,0.0,0.0,0.0,3.0277,0.0,0.0,0.0691,,,,,,,,,crf_only,affirmation de soi,N,,
ajoutée,ADJ,B2,crf_first_attested,3.0277,0.0691,0.0,0.0,0.0,3.0277,0.0,0.0,0.0691,,,,,,,,,crf_only,ajoutée,A,,
au fair - play,ADV,B2,crf_first_attested,3.0277,0.0691,0.0,0.0,0.0,3.0277,0.0,0.0,0.0691,,,,,,,,,crf_only,au fair - play,ADV,,
autoarbitrent,VERB,B2,crf_first_attested,3.0277,0.0691,0.0,0.0,0.0,3.0277,0.0,0.0,0.0691,,,,,,,,,crf_only,autoarbitrent,V,,
banal,NOUN,B2,crf_first_attested,3.0277,0.0691,0.0,0.0,0.0,3.0277,0.0,0.0,0.0691,,,,,,,,,crf_only,banal,N,,
blogeoisie,NOUN,B2,crf_first_attested,3.0277,0.0691,0.0,0.0,0.0,3.0277,0.0,0.0,0.0691,,,,,,,,,crf_only,blogeoisie,N,,
bloguent,NOUN,B2,crf_first_attested,3.0277,0.0691,0.0,0.0,0.0,3.0277,0.0,0.0,0.0691,,,,,,,,,crf_only,bloguent,N,,
c' est - à - dire que,CONJ,B2,crf_first_attested,3.0277,0.0691,0.0,0.0,0.0,3.0277,0.0,0.0,0.0691,,,,,,,,,crf_only,c' est - à - dire que,CONJS,,
chartes,NOUN,B2,crf_first_attested,3.0277,0.0691,0.0,0.0,0.0,3.0277,0.0,0.0,0.0691,,,,,,,,,crf_only,chartes,N,,
chronobiologistes,NOUN,B2,crf_first_attested,3.0277,0.0691,0.0,0.0,0.0,3.0277,0.0,0.0,0.0691,,,,,,,,,crf_only,chronobiologistes,N,,
chryde,NOUN,B2,crf_first_attested,3.0277,0.0691,0.0,0.0,0.0,3.0277,0.0,0.0,0.0691,,,,,,,,,crf_only,chryde,N,,
chu,NOUN,B2,crf_first_attested,3.0277,0.0691,0.0,0.0,0.0,3.0277,0.0,0.0,0.0691,,,,,,,,,crf_only,chu,N,,
coder,VERB,B2,beacco,3.0277,0.0691,0.0,0.0,0.0,3.0277,0.0,0.0,0.0691,0.0,0.0,0.6378,2.2839,0.0,0.0,0.7068,B2,word_pos,coder,V,coder,VER
commercial,NOUN,B2,beacco,3.0277,0.0691,0.0,0.0,0.0,3.0277,0.0,0.0,0.0691,0.0,0.0,2.8589,14.4824,19.861,0.0,5.5192,B2,word_pos,commercial,N,commercial,NOM
compte - goutte,NOUN,B2,crf_first_attested,3.0277,0.0691,0.0,0.0,0.0,3.0277,0.0,0.0,0.0691,,,,,,,,,crf_only,compte - goutte,N,,
confédéralisme,NOUN,B2,crf_first_attested,3.0277,0.0691,0.0,0.0,0.0,3.0277,0.0,0.0,0.0691,,,,,,,,,crf_only,confédéralisme,N,,
consommateur - producteur,NOUN,B2,crf_first_attested,3.0277,0.0691,0.0,0.0,0.0,3.0277,0.0,0.0,0.0691,,,,,,,,,crf_only,consommateur - producteur,N,,
cybercops,NOUN,B2,crf_first_attested,3.0277,0.0691,0.0,0.0,0.0,3.0277,0.0,0.0,0.0691,,,,,,,,,crf_only,cybercops,N,,
cyberjournaux,NOUN,B2,crf_first_attested,3.0277,0.0691,0.0,0.0,0.0,3.0277,0.0,0.0,0.0691,,,,,,,,,crf_only,cyberjournaux,N,,
dans quelle mesure,ADV,B2,crf_first_attested,3.0277,0.0691,0.0,0.0,0.0,3.0277,0.0,0.0,0.0691,,,,,,,,,crf_only,dans quelle mesure,ADV,,
disc,X,B2,crf_first_attested,3.0277,0.0691,0.0,0.0,0.0,3.0277,0.0,0.0,0.0691,,,,,,,,,crf_only,disc,X,,
déflaguer,VERB,B2,crf_first_attested,3.0277,0.0691,0.0,0.0,0.0,3.0277,0.0,0.0,0.0691,,,,,,,,,crf_only,déflaguer,V,,
embrun,NOUN,B2,crf_first_attested,3.0277,0.0691,0.0,0.0,0.0,3.0277,0.0,0.0,0.0691,,,,,,,,,crf_only,embrun,N,,
emmanuelle,NOUN,B2,crf_first_attested,3.0277,0.0691,0.0,0.0,0.0,3.0277,0.0,0.0,0.0691,,,,,,,,,crf_only,emmanuelle,N,,
en double,ADV,B2,crf_first_attested,3.0277,0.0691,0.0,0.0,0.0,3.0277,0.0,0.0,0.0691,,,,,,,,,crf_only,en double,ADV,,
en simple,ADV,B2,crf_first_attested,3.0277,0.0691,0.0,0.0,0.0,3.0277,0.0,0.0,0.0691,,,,,,,,,crf_only,en simple,ADV,,
en tissu,ADV,B2,crf_first_attested,3.0277,0.0691,0.0,0.0,0.0,3.0277,0.0,0.0,0.0691,,,,,,,,,crf_only,en tissu,ADV,,
etat,NOUN,B2,crf_first_attested,3.0277,0.0691,0.0,0.0,0.0,3.0277,0.0,0.0,0.0691,,,,,,,,,crf_only,etat,N,,
exempter,VERB,B2,crf_first_attested,3.0277,0.0691,0.0,0.0,0.0,3.0277,0.0,0.0,0.0691,,,,,,,,,crf_only,exempter,V,,
fesse - noz,NOUN,B2,crf_first_attested,3.0277,0.0691,0.0,0.0,0.0,3.0277,0.0,0.0,0.0691,,,,,,,,,crf_only,fesse - noz,N,,
flying,X,B2,crf_first_attested,3.0277,0.0691,0.0,0.0,0.0,3.0277,0.0,0.0,0.0691,,,,,,,,,crf_only,flying,X,,
guise,NOUN,B2,beacco,3.0277,0.0691,0.0,0.0,0.0,3.0277,0.0,0.0,0.0691,0.0,0.0,3.5636,8.3751,0.0,0.0,2.5393,B2,word_pos,guise,N,guise,NOM
inscrit,ADJ,B2,crf_first_attested,3.0277,0.0691,0.0,0.0,0.0,3.0277,0.0,0.0,0.0691,,,,,,,,,crf_only,inscrit,A,,
institute,X,B2,crf_first_attested,3.0277,0.0691,0.0,0.0,0.0,3.0277,0.0,0.0,0.0691,,,,,,,,,crf_only,institute,X,,
islandais,NOUN,B2,crf_first_attested,3.0277,0.0691,0.0,0.0,0.0,3.0277,0.0,0.0,0.0691,,,,,,,,,crf_only,islandais,N,,
jsé,X,B2,crf_first_attested,3.0277,0.0691,0.0,0.0,0.0,3.0277,0.0,0.0,0.0691,,,,,,,,,crf_only,jsé,X,,
koi,X,B2,crf_first_attested,3.0277,0.0691,0.0,0.0,0.0,3.0277,0.0,0.0,0.0691,,,,,,,,,crf_only,koi,X,,
log,NOUN,B2,crf_first_attested,3.0277,0.0691,0.0,0.0,0.0,3.0277,0.0,0.0,0.0691,,,,,,,,,crf_only,log,N,,
lors que,CONJ,B2,crf_first_attested,3.0277,0.0691,0.0,0.0,0.0,3.0277,0.0,0.0,0.0691,,,,,,,,,crf_only,lors que,CONJS,,
là même,ADV,B2,crf_first_attested,3.0277,0.0691,0.0,0.0,0.0,3.0277,0.0,0.0,0.0691,,,,,,,,,crf_only,là même,ADV,,
mammifère,NOUN,B2,beacco,3.0277,0.0691,0.0,0.0,0.0,3.0277,0.0,0.0,0.0691,0.0,0.0,0.0,2.2839,0.0,19.328,0.7085,B2,word_pos,mammifère,N,mammifère,NOM
microcommunautés,NOUN,B2,crf_first_attested,3.0277,0.0691,0.0,0.0,0.0,3.0277,0.0,0.0,0.0691,,,,,,,,,crf_only,microcommunautés,N,,
multicritère,ADJ,B2,crf_first_attested,3.0277,0.0691,0.0,0.0,0.0,3.0277,0.0,0.0,0.0691,,,,,,,,,crf_only,multicritère,A,,
mêlé,ADJ,B2,crf_first_attested,3.0277,0.0691,0.0,0.0,0.0,3.0277,0.0,0.0,0.0691,,,,,,,,,crf_only,mêlé,A,,
non plus d' ailleurs,ADV,B2,crf_first_attested,3.0277,0.0691,0.0,0.0,0.0,3.0277,0.0,0.0,0.0691,,,,,,,,,crf_only,non plus d' ailleurs,ADV,,
nordeste,NOUN,B2,crf_first_attested,3.0277,0.0691,0.0,0.0,0.0,3.0277,0.0,0.0,0.0691,,,,,,,,,crf_only,nordeste,N,,
ocre,ADJ,B2,crf_first_attested,3.0277,0.0691,0.0,0.0,0.0,3.0277,0.0,0.0,0.0691,,,,,,,,,crf_only,ocre,A,,
plu,X,B2,crf_first_attested,3.0277,0.0691,0.0,0.0,0.0,3.0277,0.0,0.0,0.0691,,,,,,,,,crf_only,plu,X,,
pour peu que,CONJ,B2,crf_first_attested,3.0277,0.0691,0.0,0.0,0.0,3.0277,0.0,0.0,0.0691,,,,,,,,,crf_only,pour peu que,CONJS,,
provisionner,VERB,B2,crf_first_attested,3.0277,0.0691,0.0,0.0,0.0,3.0277,0.0,0.0,0.0691,,,,,,,,,crf_only,provisionner,V,,
routier,NOUN,B2,beacco,3.0277,0.0691,0.0,0.0,0.0,3.0277,0.0,0.0,0.0691,0.0,0.0,0.1243,2.2839,0.0,0.0,0.6742,B2,word_pos,routier,N,routier,NOM
sauropode,NOUN,B2,crf_first_attested,3.0277,0.0691,0.0,0.0,0.0,3.0277,0.0,0.0,0.0691,,,,,,,,,crf_only,sauropode,N,,
scally,X,B2,crf_first_attested,3.0277,0.0691,0.0,0.0,0.0,3.0277,0.0,0.0,0.0691,,,,,,,,,crf_only,scally,X,,
si bon temps,ADV,B2,crf_first_attested,3.0277,0.0691,0.0,0.0,0.0,3.0277,0.0,0.0,0.0691,,,,,,,,,crf_only,si bon temps,ADV,,
sixapart,NOUN,B2,crf_first_attested,3.0277,0.0691,0.0,0.0,0.0,3.0277,0.0,0.0,0.0691,,,,,,,,,crf_only,sixapart,N,,
skyblog,NOUN,B2,crf_first_attested,3.0277,0.0691,0.0,0.0,0.0,3.0277,0.0,0.0,0.0691,,,,,,,,,crf_only,skyblog,N,,
slawische,X,B2,crf_first_attested,3.0277,0.0691,0.0,0.0,0.0,3.0277,0.0,0.0,0.0691,,,,,,,,,crf_only,slawische,X,,
stricto sensu,ADV,B2,crf_first_attested,3.0277,0.0691,0.0,0.0,0.0,3.0277,0.0,0.0,0.0691,,,,,,,,,crf_only,stricto sensu,ADV,,
sublimer,VERB,B2,beacco,3.0277,0.0691,0.0,0.0,0.0,3.0277,0.0,0.0,0.0691,0.0,0.0,0.4317,2.2839,4.139,0.0,1.5094,B2,word_pos,sublimer,V,sublimer,VER
synchronisateur,NOUN,B2,crf_first_attested,3.0277,0.0691,0.0,0.0,0.0,3.0277,0.0,0.0,0.0691,,,,,,,,,crf_only,synchronisateur,N,,
tartiflette,NOUN,B2,crf_first_attested,3.0277,0.0691,0.0,0.0,0.0,3.0277,0.0,0.0,0.0691,,,,,,,,,crf_only,tartiflette,N,,
technology,X,B2,crf_first_attested,3.0277,0.0691,0.0,0.0,0.0,3.0277,0.0,0.0,0.0691,,,,,,,,,crf_only,technology,X,,
tro,X,B2,crf_first_attested,3.0277,0.0691,0.0,0.0,0.0,3.0277,0.0,0.0,0.0691,,,,,,,,,crf_only,tro,X,,
tupi,NOUN,B2,crf_first_attested,3.0277,0.0691,0.0,0.0,0.0,3.0277,0.0,0.0,0.0691,,,,,,,,,crf_only,tupi,N,,
typepade,NOUN,B2,crf_first_attested,3.0277,0.0691,0.0,0.0,0.0,3.0277,0.0,0.0,0.0691,,,,,,,,,crf_only,typepade,N,,
vite et bien,ADV,B2,crf_first_attested,3.0277,0.0691,0.0,0.0,0.0,3.0277,0.0,0.0,0.0691,,,,,,,,,crf_only,vite et bien,ADV,,
weblogs,ADJ,B2,crf_first_attested,3.0277,0.0691,0.0,0.0,0.0,3.0277,0.0,0.0,0.0691,,,,,,,,,crf_only,weblogs,A,,
à exclure de,PREP,B2,crf_first_attested,3.0277,0.0691,0.0,0.0,0.0,3.0277,0.0,0.0,0.0691,,,,,,,,,crf_only,à exclure de,PREP,,
à hauteur de,PREP,B2,crf_first_attested,3.0277,0.0691,0.0,0.0,0.0,3.0277,0.0,0.0,0.0691,,,,,,,,,crf_only,à hauteur de,PREP,,
grec,ADJ,B2,beacco,2.8773,8.9346,1.9862,6.5015,8.8048,2.8773,0.0,0.0,8.9346,1.2635,0.1937,3.7062,0.0,0.0,0.0,2.4009,B2,word_pos,grec,A,grec,ADJ
dureté,NOUN,B2,beacco,2.8773,2.2028,0.0,0.0,1.7919,2.8773,1.6042,0.0,2.2028,0.0,0.0,7.1674,1.822,3.4423,0.0,4.2363,B2,word_pos,dureté,N,dureté,NOM
gentiment,ADV,B2,beacco,2.8773,1.7445,0.0,0.0,1.4582,2.8773,0.0,0.0,1.7445,0.0,0.0,0.5531,1.822,0.0,0.0,1.029,B2,word_pos,gentiment,ADV,gentiment,ADV
fouché,NOUN,B2,crf_first_attested,2.8773,0.1746,0.0,0.0,0.0,2.8773,0.0,0.0,0.1746,,,,,,,,,crf_only,fouché,N,,
assumer,VERB,B2,beacco,2.8249,17.4497,0.0,0.0,34.837,2.8249,4.101,160.2527,17.4497,0.0,0.0,21.3441,2.5411,4.139,173.9324,13.789,B2,word_pos,assumer,V,assumer,VER
ado,NOUN,B2,beacco,2.8249,12.9852,67.0108,0.7796,0.2916,2.8249,12.3029,0.0,12.9852,7.387,0.0,0.0,0.0,4.139,0.0,1.2352,B2,word_pos,ado,N,ado,NOM
évaluation,NOUN,B2,beacco,2.8249,8.2723,0.0,0.0,6.7574,2.8249,30.7573,0.0,8.2723,0.0,0.0,6.326,1.2705,24.8342,0.0,7.817,B2,word_pos,évaluation,N,évaluation,NOM
copie,NOUN,B2,beacco,2.8249,5.0303,2.4645,0.0606,5.4933,2.8249,1.6042,2.0587,5.0303,1.796,0.0,5.155,1.2705,3.4423,4.0185,4.3404,B2,word_pos,copie,N,copie,NOM
scolarité,NOUN,B2,beacco,2.8249,4.5965,0.0,0.0,4.4558,2.8249,4.101,28.8683,4.5965,0.0,0.0,5.4885,1.2705,4.139,38.656,5.0312,B2,word_pos,scolarité,N,scolarité,NOM
axer,VERB,B2,beacco,2.8249,4.2329,0.0,0.3702,2.5348,2.8249,0.0,45.4565,4.2329,0.0,0.606,7.5789,1.2705,0.0,12.833,4.763,B2,word_pos,axer,V,axer,VER
grammaire,NOUN,B2,beacco,2.8249,3.6453,0.0,0.0,3.3268,2.8249,6.4168,0.0,3.6453,0.0,0.0,4.768,1.2705,3.4423,0.0,3.1329,B2,word_pos,grammaire,N,grammaire,NOM
arabe,ADJ,B2,beacco,2.8249,2.989,0.5025,0.4234,0.8749,2.8249,0.0,0.0,2.989,0.9051,0.4157,3.5051,2.5411,0.0,0.0,4.1138,B2,word_pos,arabe,A,arabe,ADJ
perfection,NOUN,B2,beacco,2.8249,2.7839,0.0,0.0,1.1829,2.8249,9.3035,0.0,2.7839,0.0,0.0,0.438,1.2705,6.0005,0.0,1.4368,B2,word_pos,perfection,N,perfection,NOM
classique,NOUN,B2,beacco,2.8249,2.3883,0.0,0.0,3.1211,2.8249,3.1012,0.0,2.3883,0.0,0.0,2.8121,11.6267,6.0005,0.0,3.9326,B2,word_pos,classique,N,classique,NOM
intolérance,NOUN,B2,beacco,2.8249,2.2177,0.0,0.0,2.0405,2.8249,3.1012,0.0,2.2177,0.0,0.0,0.5857,2.5411,6.0005,0.0,1.5987,B2,word_pos,intolérance,N,intolérance,NOM
révolté,NOUN,B2,crf_first_attested,2.8249,2.1406,0.0,0.0,0.0,2.8249,24.8092,0.0,2.1406,,,,,,,,,crf_only,révolté,N,,
pronom,NOUN,B2,beacco,2.8249,2.0284,0.0,0.0,2.3331,2.8249,0.0,0.0,2.0284,0.0,0.0,0.5531,1.2705,0.0,0.0,0.6605,B2,word_pos,pronom,N,pronom,NOM
gourmet,NOUN,B2,beacco,2.8249,1.9738,0.0,0.0,0.4538,2.8249,6.2023,0.0,1.9738,0.0,0.0,0.2504,1.2705,6.0005,0.0,1.3554,B2,word_pos,gourmet,N,gourmet,NOM
prononciation,NOUN,B2,beacco,2.8249,1.9646,0.2738,0.0,0.6228,2.8249,0.0,0.0,1.9646,0.5987,0.0,0.3906,1.2705,0.0,0.0,1.2881,B2,word_pos,prononciation,N,prononciation,NOM
universitaire,NOUN,B2,crf_first_attested,2.8249,1.0058,0.0,0.0,0.0,2.8249,6.1515,0.0,1.0058,,,,,,,,,crf_only,universitaire,N,,
ensoleillé,ADJ,B2,beacco,2.8249,0.7222,0.4996,0.0,0.0,2.8249,0.0,0.0,0.7222,0.9051,0.0,0.0,1.2705,0.0,0.0,0.6643,B2,word_pos,ensoleillé,A,ensoleillé,ADJ
chouette,ADJ,B2,beacco,2.8249,0.7024,0.0,0.2114,0.0,2.8249,0.0,0.0,0.7024,1.1123,0.6008,0.5857,1.2705,0.0,0.0,2.4024,B2,word_pos,chouette,A,chouette,ADJ
sonorité,NOUN,B2,beacco,2.8249,0.5765,0.0,0.0,0.2076,2.8249,0.0,0.0,0.5765,0.0,0.0,0.3906,2.5411,0.0,0.0,0.9121,B2,word_pos,sonorité,N,sonorité,NOM
agrégé,ADJ,B2,crf_first_attested,2.8249,0.0645,0.0,0.0,0.0,2.8249,0.0,0.0,0.0645,,,,,,,,,crf_only,agrégé,A,,
au primaire,ADV,B2,crf_first_attested,2.8249,0.0645,0.0,0.0,0.0,2.8249,0.0,0.0,0.0645,,,,,,,,,crf_only,au primaire,ADV,,
devine,NOUN,B2,crf_first_attested,2.8249,0.0645,0.0,0.0,0.0,2.8249,0.0,0.0,0.0645,,,,,,,,,crf_only,devine,N,,
oral,NOUN,B2,crf_first_attested,2.8249,0.0645,0.0,0.0,0.0,2.8249,0.0,0.0,0.0645,,,,,,,,,crf_only,oral,N,,
votre,PRON,B2,crf_first_attested,2.8249,0.0645,0.0,0.0,0.0,2.8249,0.0,0.0,0.0645,,,,,,,,,crf_only,votre,PRO,,
à plus,ADV,B2,crf_first_attested,2.8249,0.0645,0.0,0.0,0.0,2.8249,0.0,0.0,0.0645,,,,,,,,,crf_only,à plus,ADV,,
pharmacien,NOUN,B2,beacco,2.6847,4.6674,2.652,0.6418,7.9635,2.6847,1.6042,0.0,4.6674,2.4282,0.6228,6.6448,1.8983,3.4423,0.0,3.7046,B2,word_pos,pharmacien,N,pharmacien,NOM
foutre,VERB,B2,beacco,2.6847,2.3045,0.0,0.3469,0.3618,2.6847,4.8126,0.0,2.3045,0.0,0.0,3.6369,0.0,0.0,0.0,0.6817,B2,word_pos,foutre,V,foutre,VER
assez peu,ADV,B2,crf_first_attested,2.6847,0.0613,0.0,0.0,0.0,2.6847,0.0,0.0,0.0613,,,,,,,,,crf_only,assez peu,ADV,,
conduire quai,VERB,B2,crf_first_attested,2.6847,0.0613,0.0,0.0,0.0,2.6847,0.0,0.0,0.0613,,,,,,,,,crf_only,conduire quai,V,,
coucher le long,VERB,B2,crf_first_attested,2.6847,0.0613,0.0,0.0,0.0,2.6847,0.0,0.0,0.0613,,,,,,,,,crf_only,coucher le long,V,,
demi - fou,NOUN,B2,crf_first_attested,2.6847,0.0613,0.0,0.0,0.0,2.6847,0.0,0.0,0.0613,,,,,,,,,crf_only,demi - fou,N,,
long,DET,B2,crf_first_attested,2.6847,0.0613,0.0,0.0,0.0,2.6847,0.0,0.0,0.0613,,,,,,,,,crf_only,long,DET,,
là - dedans,ADV,B2,crf_first_attested,2.6847,0.0613,0.0,0.0,0.0,2.6847,0.0,0.0,0.0613,,,,,,,,,crf_only,là - dedans,ADV,,
photo,ADV,B2,crf_first_attested,2.6847,0.0613,0.0,0.0,0.0,2.6847,0.0,0.0,0.0613,,,,,,,,,crf_only,photo,ADV,,
plus sommeil,ADV,B2,crf_first_attested,2.6847,0.0613,0.0,0.0,0.0,2.6847,0.0,0.0,0.0613,,,,,,,,,crf_only,plus sommeil,ADV,,
tu iras,ADV,B2,crf_first_attested,2.6847,0.0613,0.0,0.0,0.0,2.6847,0.0,0.0,0.0613,,,,,,,,,crf_only,tu iras,ADV,,
tu la ramènes ici,ADV,B2,crf_first_attested,2.6847,0.0613,0.0,0.0,0.0,2.6847,0.0,0.0,0.0613,,,,,,,,,crf_only,tu la ramènes ici,ADV,,
tué,NOUN,B2,crf_first_attested,2.6847,0.0613,0.0,0.0,0.0,2.6847,0.0,0.0,0.0613,,,,,,,,,crf_only,tué,N,,
voiture - radio,NOUN,B2,crf_first_attested,2.6847,0.0613,0.0,0.0,0.0,2.6847,0.0,0.0,0.0613,,,,,,,,,crf_only,voiture - radio,N,,
poule,NOUN,B2,beacco,2.6828,10.736,0.0,0.7125,25.3058,2.6828,0.0,0.0,10.736,0.0,0.2891,31.7262,5.38,0.0,0.0,12.2286,B2,word_pos,poule,N,poule,NOM
évasion,NOUN,B2,beacco,2.6828,5.5339,0.0,0.0,3.5718,2.6828,39.395,0.0,5.5339,0.0,0.0,0.3906,7.1733,20.024,0.0,3.4637,B2,word_pos,évasion,N,évasion,NOM
excessif,ADJ,B2,beacco,2.6427,3.7182,0.0,1.6171,3.7826,2.6427,0.0,0.0,3.7182,0.0,0.4664,3.4815,2.4306,4.139,0.0,3.861,B2,word_pos,excessif,A,excessif,ADJ
adjoindre,VERB,B2,beacco,2.5411,3.3772,,,,,,,,0.0,0.0,0.3906,2.5411,6.0005,25.6659,3.3772,B2,beacco_only,,,adjoindre,VER
effrayer,VERB,B2,beacco,2.4776,31.16,0.2541,4.0131,85.4758,2.4776,6.4168,28.471,31.16,0.5504,0.0,3.1011,1.3018,0.0,43.8345,4.0691,B2,word_pos,effrayer,V,effrayer,VER
nostalgie,NOUN,B2,beacco,2.4776,14.824,1.9983,0.0,26.2693,2.4776,52.5248,0.0,14.824,1.8928,0.0,26.4401,1.3018,26.3397,0.0,12.5322,B2,word_pos,nostalgie,N,nostalgie,NOM
chimie,NOUN,B2,beacco,2.4776,13.0359,0.0,0.0,6.0005,2.4776,140.5029,0.0,13.0359,0.0,0.0,5.9821,1.3018,142.1027,0.0,13.5885,B2,word_pos,chimie,N,chimie,NOM
poétique,ADJ,B2,beacco,2.4776,10.9836,9.9718,0.0,11.072,2.4776,6.4168,38.491,10.9836,6.8456,0.0,10.4927,1.3018,3.4423,19.328,7.6462,B2,word_pos,poétique,A,poétique,ADJ
divertissement,NOUN,B2,beacco,2.4776,8.4911,0.0,0.9757,1.0203,2.4776,38.9037,9.6228,8.4911,0.0,0.4664,0.4317,1.3018,12.4171,19.328,5.0101,B2,word_pos,divertissement,N,divertissement,NOM
triompher,VERB,B2,beacco,2.4776,8.3982,0.3983,0.0,8.2612,2.4776,3.2084,69.3619,8.3982,0.8346,0.0,3.542,1.3018,3.4423,12.833,4.3575,B2,word_pos,triompher,V,triompher,VER
cercle,NOUN,B2,beacco,2.4776,8.3268,0.0,0.0,13.7117,2.4776,24.3636,19.2455,8.3268,0.0,0.0,15.1946,1.3018,20.6179,38.656,9.3406,B2,word_pos,cercle,N,cercle,NOM
grille,NOUN,B2,beacco,2.4776,7.4814,0.0,0.1103,6.8186,2.4776,25.7756,9.6228,7.4814,0.0,0.2129,12.3564,1.3018,26.3397,19.328,10.1236,B2,word_pos,grille,N,grille,NOM
vaccin,NOUN,B2,beacco,2.4776,7.0866,0.9991,0.0,1.8258,2.4776,47.6682,0.0,7.0866,0.9464,0.0,3.6425,1.3018,72.2239,0.0,10.4649,B2,word_pos,vaccin,N,vaccin,NOM
avènement,NOUN,B2,beacco,2.4776,5.5085,0.0,0.0,0.0,2.4776,29.6447,69.3619,5.5085,0.0,0.0,0.0,2.6036,27.9938,56.7717,3.4314,B2,word_pos,avènement,N,avènement,NOM
digne,ADJ,B2,beacco,2.4776,4.9655,0.7967,0.0,14.2017,2.4776,0.0,0.0,4.9655,0.8346,0.0,17.5255,1.3018,0.0,0.0,5.7233,B2,word_pos,digne,A,digne,ADJ
chercheur,ADJ,B2,beacco,2.4776,4.8168,0.4996,0.0,5.3141,2.4776,2.0505,19.2455,4.8168,0.9464,0.0,7.846,8.7861,4.139,77.312,10.3892,B2,word_pos,chercheur,A,chercheur,ADJ
abattre,VERB,B2,beacco,2.4776,4.7982,0.0,0.0,6.7524,2.4776,15.5058,0.0,4.7982,0.0,0.0,7.0412,1.3018,18.0014,0.0,5.0757,B2,word_pos,abattre,V,abattre,VER
polémique,NOUN,B2,beacco,2.4776,4.3263,0.0,0.0,3.3788,2.4776,16.8923,9.6228,4.3263,0.0,0.0,2.504,1.3018,20.6179,19.328,4.3456,B2,word_pos,polémique,N,polémique,NOM
théâtral,ADJ,B2,beacco,2.4776,3.5974,0.0,0.0,0.0818,2.4776,25.2866,0.0,3.5974,0.0,0.0,0.1243,1.3018,26.3397,0.0,3.0456,B2,word_pos,théâtral,A,théâtral,ADJ
matériau,NOUN,B2,beacco,2.4776,3.4556,0.4014,0.0,0.0906,2.4776,25.3674,0.0,3.4556,0.7319,0.0,0.185,1.3018,41.1274,0.0,4.7358,B2,word_pos,matériau,N,matériau,NOM
orner,VERB,B2,beacco,2.4776,3.4199,0.0,0.3702,1.5692,2.4776,12.4046,0.0,3.4199,0.0,0.606,3.1016,1.3018,12.0009,0.0,4.4329,B2,word_pos,orner,V,orner,VER
optimiste,ADJ,B2,beacco,2.4776,3.2927,1.4987,0.0,0.1395,2.4776,12.7628,0.0,3.2927,0.9464,0.0,0.1219,1.3018,20.024,0.0,3.4554,B2,word_pos,optimiste,A,optimiste,ADJ
restituer,VERB,B2,beacco,2.4776,3.1908,0.0,0.0,2.7483,2.4776,16.8923,0.0,3.1908,0.0,0.0,3.5715,1.3018,20.6179,0.0,3.5313,B2,word_pos,restituer,V,restituer,VER
bâtir,VERB,B2,beacco,2.4776,3.1754,0.0,0.3209,3.3268,2.4776,3.1012,0.0,3.1754,0.0,0.6228,4.768,1.3018,6.0005,0.0,4.2437,B2,word_pos,bâtir,V,bâtir,VER
découper,VERB,B2,beacco,2.4776,3.0848,0.0,0.0,0.0906,2.4776,30.8006,0.0,3.0848,0.0,0.0,0.185,1.3018,20.6179,0.0,2.4127,B2,word_pos,découper,V,découper,VER
trotter,VERB,B2,beacco,2.4776,2.6239,0.0,1.2702,0.2076,2.4776,3.2084,0.0,2.6239,0.0,0.0,0.3906,1.3018,3.4423,0.0,1.498,B2,word_pos,trotter,V,trotter,VER
infectieux,ADJ,B2,beacco,2.4776,2.5653,0.0,0.0,0.0,2.4776,33.7847,0.0,2.5653,0.0,0.0,0.0,1.3018,50.2393,0.0,3.541,B2,word_pos,infectieux,A,infectieux,ADJ
osciller,VERB,B2,beacco,2.4776,2.5002,0.0,0.0,1.0202,2.4776,12.7628,0.0,2.5002,0.0,0.0,0.5857,1.3018,20.024,0.0,2.4487,B2,word_pos,osciller,V,osciller,VER
dénuer,VERB,B2,beacco,2.4776,2.3063,0.0,0.7405,0.2076,2.4776,6.2023,0.0,2.3063,0.0,0.606,0.3906,2.6036,6.0005,0.0,2.805,B2,word_pos,dénuer,V,dénuer,VER
aristocratique,ADJ,B2,beacco,2.4776,2.0104,0.0,0.0,3.8723,2.4776,0.0,0.0,2.0104,0.0,0.0,3.5051,1.3018,0.0,0.0,1.5151,B2,word_pos,aristocratique,A,aristocratique,ADJ
miauler,VERB,B2,beacco,2.4776,1.7426,0.2541,0.0,0.7214,2.4776,0.0,0.0,1.7426,0.5504,0.0,0.933,1.3018,0.0,0.0,1.7988,B2,word_pos,miauler,V,miauler,VER
verrou,NOUN,B2,beacco,2.4776,1.7405,0.5197,0.0,0.0,2.4776,6.1515,0.0,1.7405,1.1123,0.0,0.0,1.3018,4.139,0.0,1.3545,B2,word_pos,verrou,N,verrou,NOM
délicatement,ADV,B2,beacco,2.4776,1.6859,7.6622,0.0,0.0,2.4776,0.0,0.0,1.6859,0.5504,0.0,0.0,1.3018,0.0,0.0,0.5052,B2,word_pos,délicatement,ADV,délicatement,ADV
ingéniosité,NOUN,B2,beacco,2.4776,1.5598,0.0,1.1107,0.2916,2.4776,0.0,0.0,1.5598,0.0,0.0,0.5531,1.3018,0.0,0.0,0.6632,B2,word_pos,ingéniosité,N,ingéniosité,NOM
pasteur,NOUN,B2,beacco,2.4776,1.4239,0.0,0.2114,0.0,2.4776,4.101,0.0,1.4239,0.0,0.6008,0.0,1.3018,27.9938,0.0,3.1127,B2,word_pos,pasteur,N,pasteur,NOM
bondir,VERB,B2,beacco,2.4776,1.3863,0.0,0.0,1.2243,2.4776,0.0,0.0,1.3863,0.0,0.0,0.8634,1.3018,0.0,19.328,1.7521,B2,word_pos,bondir,V,bondir,VER
boudoir,NOUN,B2,beacco,2.4776,1.2681,0.0,0.0,0.2366,2.4776,0.0,4.1173,1.2681,0.0,0.0,0.438,1.3018,0.0,4.0185,1.5031,B2,word_pos,boudoir,N,boudoir,NOM
blessé,NOUN,B2,beacco,2.4776,1.2115,0.4421,0.2439,0.0,2.4776,0.0,0.0,1.2115,0.9121,0.4664,2.7344,1.3018,0.0,0.0,3.3028,B2,word_pos,blessé,N,blessé,NOM
émerveillement,NOUN,B2,beacco,2.4776,1.1802,0.4996,0.3209,0.0,2.4776,0.0,0.0,1.1802,0.9464,0.6228,0.0,1.3018,0.0,0.0,1.4937,B2,word_pos,émerveillement,N,émerveillement,NOM
natte,NOUN,B2,beacco,2.4776,1.0744,0.0,0.0,0.2076,2.4776,0.0,9.6228,1.0744,0.0,0.0,0.3906,1.3018,0.0,19.328,1.4297,B2,word_pos,natte,N,natte,NOM
effroyable,ADJ,B2,beacco,2.4776,1.0097,0.0,0.0,0.4621,2.4776,0.0,0.0,1.0097,0.0,0.0,0.2331,1.3018,0.0,0.0,0.6597,B2,word_pos,effroyable,A,effroyable,ADJ
radioactivité,NOUN,B2,beacco,2.4776,0.9979,0.0,0.0,0.8749,2.4776,0.0,0.0,0.9979,0.0,0.0,0.5531,1.3018,0.0,0.0,0.6632,B2,word_pos,radioactivité,N,radioactivité,NOM
lisse,ADJ,B2,beacco,2.4776,0.9624,0.0,0.7796,0.0,2.4776,0.0,0.0,0.9624,0.0,0.5213,0.0,1.3018,0.0,0.0,0.6453,B2,word_pos,lisse,A,lisse,ADJ
impressionniste,ADJ,B2,beacco,2.4776,0.7839,0.8137,0.0,0.0,2.4776,0.0,0.0,0.7839,0.8075,0.0,0.0,1.3018,0.0,0.0,0.6417,B2,word_pos,impressionniste,A,impressionniste,ADJ
rayure,NOUN,B2,beacco,2.4776,0.7273,0.0,0.2206,0.0,2.4776,0.0,0.0,0.7273,0.0,0.2129,0.0,1.3018,0.0,0.0,0.6531,B2,word_pos,rayure,N,rayure,NOM
barbu,ADJ,B2,beacco,2.4776,0.6478,0.0,0.0,0.0906,2.4776,0.0,0.0,0.6478,0.0,0.0,2.8589,1.3018,0.0,0.0,1.5164,B2,word_pos,barbu,A,barbu,ADJ
malformation,NOUN,B2,beacco,2.4776,0.5808,0.0,0.0,0.0,2.4776,0.0,6.4938,0.5808,0.0,0.0,0.0,1.3018,0.0,12.833,0.6191,B2,word_pos,malformation,N,malformation,NOM
impressionnisme,NOUN,B2,beacco,2.4776,0.5771,0.0,0.3209,0.0,2.4776,0.0,0.0,0.5771,0.0,0.6228,0.0,1.3018,0.0,0.0,0.6657,B2,word_pos,impressionnisme,N,impressionnisme,NOM
caf,NOUN,B2,crf_first_attested,2.4776,0.0566,0.0,0.0,0.0,2.4776,0.0,0.0,0.0566,,,,,,,,,crf_only,caf,N,,
cancan,X,B2,crf_first_attested,2.4776,0.0566,0.0,0.0,0.0,2.4776,0.0,0.0,0.0566,,,,,,,,,crf_only,cancan,X,,
coffre - fort,NOUN,B2,crf_first_attested,2.4776,0.0566,0.0,0.0,0.0,2.4776,0.0,0.0,0.0566,,,,,,,,,crf_only,coffre - fort,N,,
conc,NOUN,B2,crf_first_attested,2.4776,0.0566,0.0,0.0,0.0,2.4776,0.0,0.0,0.0566,,,,,,,,,crf_only,conc,N,,
désosser,VERB,B2,crf_first_attested,2.4776,0.0566,0.0,0.0,0.0,2.4776,0.0,0.0,0.0566,,,,,,,,,crf_only,désosser,V,,
en peinture,ADV,B2,crf_first_attested,2.4776,0.0566,0.0,0.0,0.0,2.4776,0.0,0.0,0.0566,,,,,,,,,crf_only,en peinture,ADV,,
french,X,B2,crf_first_attested,2.4776,0.0566,0.0,0.0,0.0,2.4776,0.0,0.0,0.0566,,,,,,,,,crf_only,french,X,,
glisser le long,VERB,B2,crf_first_attested,2.4776,0.0566,0.0,0.0,0.0,2.4776,0.0,0.0,0.0566,,,,,,,,,crf_only,glisser le long,V,,
serrer la main,VERB,B2,crf_first_attested,2.4776,0.0566,0.0,0.0,0.0,2.4776,0.0,0.0,0.0566,,,,,,,,,crf_only,serrer la main,V,,
sinistre,ADJ,B2,beacco,2.4776,0.0566,0.0,0.0,0.0,2.4776,0.0,0.0,0.0566,0.0,0.0,0.4317,1.3018,0.0,0.0,0.6674,B2,word_pos,sinistre,A,sinistre,ADJ
souvent uni,ADV,B2,crf_first_attested,2.4776,0.0566,0.0,0.0,0.0,2.4776,0.0,0.0,0.0566,,,,,,,,,crf_only,souvent uni,ADV,,
entretenir,VERB,B2,beacco,2.3018,26.8288,0.0,0.0,16.4808,2.3018,114.1893,360.5853,26.8288,0.0,0.0,19.8456,0.911,92.2241,183.2011,19.22,B2,word_pos,entretenir,V,entretenir,VER
représentant,NOUN,B2,beacco,2.3018,13.8053,0.6621,0.0,26.4369,2.3018,15.5058,56.3681,13.8053,1.2635,0.0,23.4361,0.911,12.0009,111.7223,14.7256,B2,word_pos,représentant,N,représentant,NOM
autonomie,NOUN,B2,beacco,2.3018,10.4624,0.0,0.0,14.5618,2.3018,50.0964,9.6228,10.4624,0.0,0.0,12.2418,0.911,36.8208,19.328,8.4103,B2,word_pos,autonomie,N,autonomie,NOM
balayer,VERB,B2,beacco,2.3018,7.7115,1.1453,0.5168,7.3311,2.3018,15.5058,0.0,7.7115,1.1556,0.0,5.2599,0.911,0.0,0.0,3.2326,B2,word_pos,balayer,V,balayer,VER
limpide,ADJ,B2,beacco,2.3018,7.4109,4.9206,0.4304,9.7544,2.3018,0.0,0.0,7.4109,0.5504,0.3721,3.5058,3.644,0.0,0.0,4.8285,B2,word_pos,limpide,A,limpide,ADJ
assimiler,VERB,B2,beacco,2.3018,4.9428,0.0,0.0,6.411,2.3018,22.2727,0.0,4.9428,0.0,0.0,7.5506,0.911,51.4303,0.0,6.3416,B2,word_pos,assimiler,V,assimiler,VER
sombrer,VERB,B2,beacco,2.3018,4.7522,0.0,0.0,0.0,2.3018,53.8192,6.4938,4.7522,0.0,0.0,0.0,1.822,40.1357,12.833,3.7041,B2,word_pos,sombrer,V,sombrer,VER
culte,NOUN,B2,beacco,2.3018,4.6691,0.8137,0.0,5.2715,2.3018,3.2084,0.0,4.6691,0.8075,0.0,7.0302,0.911,6.8846,0.0,5.6493,B2,word_pos,culte,N,culte,NOM
allée,NOUN,B2,beacco,2.3018,4.6057,8.9215,0.4879,3.621,2.3018,9.8488,0.0,4.6057,0.5504,0.4664,4.9077,3.644,20.024,0.0,7.4282,B2,word_pos,allée,N,allée,NOM
bourgeois,NOUN,B2,beacco,2.3018,4.2971,0.0,0.0,13.3651,2.3018,0.0,0.0,4.2971,0.0,0.1937,26.2022,3.644,0.0,0.0,9.8174,B2,word_pos,bourgeois,N,bourgeois,NOM
obligé,ADJ,B2,beacco,2.3018,3.9137,0.0,0.2117,0.3765,2.3018,6.2023,19.2455,3.9137,0.0,0.0,0.0,0.0,40.1357,19.328,2.2285,B2,word_pos,obligé,A,obligé,ADJ
échouer,VERB,B2,beacco,2.3018,3.7838,0.0,0.0,7.9342,2.3018,6.2023,0.0,3.7838,0.0,0.0,12.0667,1.822,6.0005,0.0,4.6452,B2,word_pos,échouer,V,échouer,VER
tempo,NOUN,B2,beacco,2.3018,3.6826,0.0,0.0,0.0,2.3018,6.4168,76.982,3.6826,0.0,0.0,0.0,8.3751,0.0,38.656,2.2206,B2,word_pos,tempo,N,tempo,NOM
vouvoyer,VERB,B2,beacco,2.3018,3.4261,0.0,0.0,9.0719,2.3018,0.0,0.0,3.4261,0.0,0.0,5.2747,0.911,0.0,0.0,1.9568,B2,word_pos,vouvoyer,V,vouvoyer,VER
spontanément,ADV,B2,beacco,2.3018,2.9678,0.0,0.0,2.8572,2.3018,8.2019,0.0,2.9678,0.0,0.0,3.0174,0.911,4.139,0.0,2.869,B2,word_pos,spontanément,ADV,spontanément,ADV
sobre,ADJ,B2,beacco,2.3018,2.8185,0.0,0.0,6.583,2.3018,0.0,0.0,2.8185,0.0,0.0,8.171,0.911,0.0,0.0,3.1137,B2,word_pos,sobre,A,sobre,ADJ
catalogue,NOUN,B2,beacco,2.3018,2.7435,0.0,0.2117,3.5805,2.3018,0.0,0.0,2.7435,0.0,0.4157,3.7679,0.911,0.0,0.0,2.3182,B2,word_pos,catalogue,N,catalogue,NOM
adonner,VERB,B2,beacco,2.3018,2.1512,0.0,0.0,0.2366,2.3018,6.2023,19.2455,2.1512,0.0,0.0,0.438,0.911,6.0005,19.328,1.4403,B2,word_pos,adonner,V,adonner,VER
rallye,NOUN,B2,beacco,2.3018,2.1347,1.7078,0.6418,0.0,2.3018,0.0,0.0,2.1347,1.1764,0.6228,0.0,0.911,0.0,0.0,1.3969,B2,word_pos,rallye,N,rallye,NOM
grange,NOUN,B2,beacco,2.3018,1.8728,0.0,0.57,0.0554,2.3018,0.0,0.0,1.8728,0.0,0.5781,0.1029,0.911,0.0,0.0,1.5931,B2,word_pos,grange,N,grange,NOM
avide,ADJ,B2,beacco,2.3018,1.6937,0.0,0.0,2.8448,2.3018,0.0,0.0,1.6937,0.0,0.0,3.7062,0.911,0.0,0.0,1.5613,B2,word_pos,avide,A,avide,ADJ
exclusivement,ADV,B2,beacco,2.3018,1.5373,0.0,0.2035,0.0818,2.3018,0.0,0.0,1.5373,0.0,0.3851,0.1243,0.911,0.0,0.0,1.3632,B2,word_pos,exclusivement,ADV,exclusivement,ADV
dissocier,VERB,B2,beacco,2.3018,1.4055,0.0,0.0,0.2366,2.3018,0.0,28.8683,1.4055,0.0,0.0,0.438,0.911,0.0,19.328,0.8708,B2,word_pos,dissocier,V,dissocier,VER
détachement,NOUN,B2,beacco,2.3018,1.1969,0.0,0.0,0.6122,2.3018,0.0,0.0,1.1969,0.0,0.0,0.4317,0.911,0.0,0.0,0.6699,B2,word_pos,détachement,N,détachement,NOM
caverne,NOUN,B2,beacco,2.3018,1.1834,3.4156,0.0,0.0,2.3018,0.0,0.0,1.1834,1.1764,0.0,0.0,1.822,0.0,0.0,1.0101,B2,word_pos,caverne,N,caverne,NOM
éboueur,NOUN,B2,beacco,2.3018,1.0129,0.0,0.0,0.7236,2.3018,0.0,0.0,1.0129,0.0,0.0,0.6378,1.822,0.0,0.0,1.0134,B2,word_pos,éboueur,N,éboueur,NOM
ducat,NOUN,B2,beacco,2.3018,0.9995,0.0,0.0,0.231,2.3018,0.0,0.0,0.9995,0.0,0.0,0.4662,1.822,0.0,0.0,1.4093,B2,word_pos,ducat,N,ducat,NOM
inné,ADJ,B2,beacco,2.3018,0.9295,0.0,0.0,0.1637,2.3018,0.0,0.0,0.9295,0.0,0.0,0.1243,0.911,0.0,0.0,0.6721,B2,word_pos,inné,A,inné,ADJ
soulagement,NOUN,B2,beacco,2.3018,0.8727,0.0,0.0,0.1155,2.3018,0.0,0.0,0.8727,0.0,0.0,0.2331,0.911,0.0,0.0,0.7046,B2,word_pos,soulagement,N,soulagement,NOM
égard,NOUN,B2,beacco,2.3018,0.7188,0.0,0.0,0.3401,2.3018,0.0,0.0,0.7188,0.0,0.4157,18.3737,10.1033,43.5754,112.15,19.3305,B2,word_pos,égard,N,égard,NOM
répétitif,ADJ,B2,beacco,2.3018,0.7067,0.0,0.0,0.0,2.3018,1.6042,0.0,0.7067,0.0,0.0,0.0,0.911,3.4423,0.0,0.7154,B2,word_pos,répétitif,A,répétitif,ADJ
clivage,NOUN,B2,beacco,2.3018,0.6902,0.0,0.0,0.0,2.3018,2.0505,0.0,0.6902,0.0,0.0,0.0,0.911,4.139,0.0,0.725,B2,word_pos,clivage,N,clivage,NOM
bégayer,VERB,B2,crf_first_attested,2.3018,0.1397,0.0,0.0,0.0,2.3018,0.0,0.0,0.1397,,,,,,,,,crf_only,bégayer,V,,
démêlés,NOUN,B2,crf_first_attested,2.3018,0.1397,0.0,0.0,0.0,2.3018,0.0,0.0,0.1397,,,,,,,,,crf_only,démêlés,N,,
flyers,NOUN,B2,crf_first_attested,2.3018,0.1397,0.0,0.0,0.0,2.3018,0.0,0.0,0.1397,,,,,,,,,crf_only,flyers,N,,
infoline,NOUN,B2,crf_first_attested,2.3018,0.1397,0.0,0.0,0.0,2.3018,0.0,0.0,0.1397,,,,,,,,,crf_only,infoline,N,,
mutualiste,NOUN,B2,crf_first_attested,2.3018,0.1397,0.0,0.0,0.0,2.3018,0.0,0.0,0.1397,,,,,,,,,crf_only,mutualiste,N,,
romanesque,NOUN,B2,beacco,2.3018,0.1397,0.0,0.0,0.0,2.3018,0.0,0.0,0.1397,0.0,0.0,0.5531,0.911,0.0,0.0,0.6976,B2,word_pos,romanesque,N,romanesque,NOM
rythmé,ADJ,B2,crf_first_attested,2.3018,0.1397,0.0,0.0,0.0,2.3018,0.0,0.0,0.1397,,,,,,,,,crf_only,rythmé,A,,
techno,ADJ,B2,crf_first_attested,2.3018,0.1397,0.0,0.0,0.0,2.3018,0.0,0.0,0.1397,,,,,,,,,crf_only,techno,A,,
dépit,NOUN,B2,beacco,2.2839,10.0962,,,,,,,,0.0,0.0,12.4858,2.2839,27.403,77.4712,10.0962,B2,beacco_only,,,dépit,NOM
bénéficier,ADJ,B2,beacco,2.2839,9.5249,,,,,,,,0.0,0.1276,14.0119,2.2839,66.9321,0.0,9.5249,B2,beacco_only,,,bénéficier,ADJ
ores,ADV,B2,beacco,2.2839,6.6425,,,,,,,,0.0,0.0,4.8043,2.2839,49.0825,0.0,6.6425,B2,beacco_only,,,ores,ADV
instar,NOUN,B2,beacco,2.2839,6.4212,,,,,,,,0.0,0.0,3.5051,2.2839,27.403,38.656,6.4212,B2,beacco_only,,,instar,NOM
non-fumeur,NOUN,B2,beacco,2.2839,5.2991,,,,,,,,0.9121,0.1937,2.3426,2.2839,3.4423,0.0,5.2991,B2,beacco_only,,,non-fumeur,NOM
vis-à-vis,ADV,B2,beacco,2.2839,4.9561,,,,,,,,0.0,0.0,5.5016,2.2839,0.0,77.4712,4.9561,B2,beacco_only,,,vis-à-vis,ADV
occurrence,NOUN,B2,beacco,2.2839,4.8006,,,,,,,,0.0,0.0,7.7544,2.2839,4.139,19.328,4.8006,B2,beacco_only,,,occurrence,NOM
vice-président,NOUN,B2,beacco,2.2839,4.4761,,,,,,,,0.0,0.0,3.5822,2.2839,29.205,0.0,4.4761,B2,beacco_only,,,vice-président,NOM
chefs-d'oeuvre,NOUN,B2,beacco,2.2839,3.1115,,,,,,,,0.0,0.0,10.224,2.2839,0.0,0.0,3.1115,B2,beacco_only,,,chefs-d'oeuvre,NOM
réplique,NOUN,B2,beacco,2.2839,3.0515,,,,,,,,1.4639,0.0,1.2521,2.2839,0.0,0.0,3.0515,B2,beacco_only,,,réplique,NOM
principal,NOUN,B2,beacco,2.2839,3.0458,,,,,,,,1.1556,0.5213,0.0,2.2839,8.2781,0.0,3.0458,B2,beacco_only,,,principal,NOM
borne,NOUN,B2,beacco,2.2839,2.624,,,,,,,,1.6151,0.0,3.6048,2.2839,0.0,0.0,2.624,B2,beacco_only,,,borne,NOM
pourvu,ADJ,B2,beacco,2.2839,2.5456,,,,,,,,0.0,0.0,3.7679,2.2839,0.0,19.328,2.5456,B2,beacco_only,,,pourvu,ADJ
nouveau-né,NOUN,B2,beacco,2.2839,1.7648,,,,,,,,0.0,0.186,0.487,2.2839,0.0,19.328,1.7648,B2,beacco_only,,,nouveau-né,NOM
virtuel,NOUN,B2,beacco,2.2839,1.2264,,,,,,,,0.0,0.0,1.3139,2.2839,0.0,0.0,1.2264,B2,beacco_only,,,virtuel,NOM
christ,NOUN,B2,beacco,2.2839,1.0077,,,,,,,,0.0,0.186,0.438,2.2839,0.0,0.0,1.0077,B2,beacco_only,,,christ,NOM
casse-tête,NOUN,B2,beacco,2.2839,0.9362,,,,,,,,0.0,0.0,1.1062,2.2839,0.0,0.0,0.9362,B2,beacco_only,,,casse-tête,NOM
bloc-notes,NOUN,B2,beacco,2.2839,0.7345,,,,,,,,0.0,0.0,0.7513,2.2839,0.0,0.0,0.7345,B2,beacco_only,,,bloc-notes,NOM
formé,ADJ,B2,beacco,2.2839,0.7167,,,,,,,,0.0,0.0,0.0,2.2839,4.139,0.0,0.7167,B2,beacco_only,,,formé,ADJ
fortiori,ADV,B2,beacco,2.2839,0.7118,,,,,,,,0.0,0.0,0.0,2.2839,3.4423,0.0,0.7118,B2,beacco_only,,,fortiori,ADV
pêle-mêle,ADV,B2,beacco,2.2839,0.7115,,,,,,,,0.0,0.0,0.438,2.2839,0.0,0.0,0.7115,B2,beacco_only,,,pêle-mêle,ADV
demi-mot,NOUN,B2,beacco,2.2839,0.6971,,,,,,,,0.0,0.0,0.5531,2.2839,0.0,0.0,0.6971,B2,beacco_only,,,demi-mot,NOM
sud-africain,ADJ,B2,beacco,2.2839,0.6971,,,,,,,,0.0,0.0,0.5531,2.2839,0.0,0.0,0.6971,B2,beacco_only,,,sud-africain,ADJ
mi-chemin,ADV,B2,beacco,2.2839,0.5741,,,,,,,,0.171,0.0,0.0,2.2839,6.0005,0.0,0.5741,B2,beacco_only,,,mi-chemin,ADV
idéal,NOUN,B2,beacco,2.1187,13.9854,0.0,0.0,41.8729,2.1187,20.5337,9.6228,13.9854,0.0,0.0,9.5861,0.0,20.6179,19.328,5.077,B2,word_pos,idéal,N,idéal,NOM
nécessairement,ADV,B2,beacco,2.1187,7.0277,0.0,0.0,0.2366,2.1187,40.4773,115.9766,7.0277,0.0,0.0,0.438,1.2705,56.8202,78.971,6.7826,B2,word_pos,nécessairement,ADV,nécessairement,ADV
rubrique,NOUN,B2,beacco,2.1187,4.9393,0.0,0.0,17.3779,2.1187,0.0,0.0,4.9393,0.0,0.0,24.1366,0.0,0.0,0.0,4.9384,B2,word_pos,rubrique,N,rubrique,NOM
neutre,ADJ,B2,beacco,2.1187,3.3555,1.7078,0.0,3.7257,2.1187,2.0505,0.0,3.3555,1.1764,0.0,3.5715,1.2705,4.139,0.0,3.4056,B2,word_pos,neutre,A,neutre,ADJ
primitif,ADJ,B2,beacco,2.1187,2.8496,0.0,0.0,2.6577,2.1187,12.4046,0.0,2.8496,0.0,0.0,3.7375,1.2705,6.0005,0.0,2.4443,B2,word_pos,primitif,A,primitif,ADJ
bénévolat,NOUN,B2,beacco,2.1187,2.5204,0.0,0.2439,0.2405,2.1187,3.1012,12.9876,2.5204,0.0,0.4664,0.4665,3.8116,6.0005,12.833,4.0826,B2,word_pos,bénévolat,N,bénévolat,NOM
réciter,VERB,B2,beacco,2.1187,1.9572,0.0,0.2117,0.4081,2.1187,2.0505,0.0,1.9572,0.0,0.4157,0.4317,1.2705,4.139,0.0,2.3373,B2,word_pos,réciter,V,réciter,VER
entamer,VERB,B2,beacco,2.1187,1.9393,0.0,1.1107,0.0,2.1187,0.0,19.2455,1.9393,0.0,0.606,0.0,2.5411,0.0,19.328,1.6583,B2,word_pos,entamer,V,entamer,VER
injure,NOUN,B2,beacco,2.1187,1.9325,0.0,0.0,0.0,2.1187,6.2023,25.9752,1.9325,0.0,0.0,0.0,1.2705,31.3781,12.833,2.6893,B2,word_pos,injure,N,injure,NOM
torero,NOUN,B2,beacco,2.1187,1.7241,0.0,0.0,2.1947,2.1187,0.0,0.0,1.7241,0.0,0.0,2.0981,1.2705,0.0,0.0,2.3572,B2,word_pos,torero,N,torero,NOM
navigation,NOUN,B2,beacco,2.1187,1.4948,0.0,0.0,0.2916,2.1187,9.3035,0.0,1.4948,0.0,0.0,0.5531,1.2705,6.0005,0.0,1.4426,B2,word_pos,navigation,N,navigation,NOM
exhibition,NOUN,B2,beacco,2.1187,1.2155,0.0,0.0,2.4712,2.1187,0.0,0.0,1.2155,0.0,0.0,3.5822,1.2705,0.0,0.0,1.5053,B2,word_pos,exhibition,N,exhibition,NOM
tauromachie,NOUN,B2,beacco,2.1187,1.1411,0.0,0.0,0.1155,2.1187,0.0,6.4938,1.1411,0.0,0.0,0.2331,1.2705,0.0,12.833,1.473,B2,word_pos,tauromachie,N,tauromachie,NOM
correction,NOUN,B2,beacco,2.1187,1.0313,0.0,0.0,0.4911,2.1187,0.0,0.0,1.0313,0.0,0.0,0.1243,1.2705,0.0,0.0,0.6658,B2,word_pos,correction,N,correction,NOM
méconnaissance,NOUN,B2,beacco,2.1187,0.7372,0.0,0.0,0.5833,2.1187,0.0,0.0,0.7372,0.0,0.0,0.5531,1.2705,0.0,0.0,0.6605,B2,word_pos,méconnaissance,N,méconnaissance,NOM
erroné,ADJ,B2,beacco,2.1187,0.4242,0.0,0.0,0.0,2.1187,0.0,2.0587,0.4242,0.0,0.0,0.0,1.2705,0.0,4.0185,0.6465,B2,word_pos,erroné,A,erroné,ADJ
antiboulots,NOUN,B2,crf_first_attested,2.1187,0.0484,0.0,0.0,0.0,2.1187,0.0,0.0,0.0484,,,,,,,,,crf_only,antiboulots,N,,
linternaute,NOUN,B2,crf_first_attested,2.1187,0.0484,0.0,0.0,0.0,2.1187,0.0,0.0,0.0484,,,,,,,,,crf_only,linternaute,N,,
paresser,VERB,B2,crf_first_attested,2.1187,0.0484,0.0,0.0,0.0,2.1187,0.0,0.0,0.0484,,,,,,,,,crf_only,paresser,V,,
rengainez,PREP,B2,crf_first_attested,2.1187,0.0484,0.0,0.0,0.0,2.1187,0.0,0.0,0.0484,,,,,,,,,crf_only,rengainez,PREP,,
à l' avance,ADV,B2,crf_first_attested,2.1187,0.0484,0.0,0.0,0.0,2.1187,0.0,0.0,0.0484,,,,,,,,,crf_only,à l' avance,ADV,,
aigu,ADJ,B2,beacco,2.1142,6.0217,0.0,0.0,0.1662,2.1142,66.0701,0.0,6.0217,0.0,0.0,0.1029,0.8102,20.6179,0.0,1.8757,B2,word_pos,aigu,A,aigu,ADJ
inégal,ADJ,B2,beacco,2.1142,4.1273,0.5693,0.2114,5.7133,2.1142,0.0,0.0,4.1273,1.1764,0.6008,3.6369,1.6204,0.0,0.0,3.8088,B2,word_pos,inégal,A,inégal,ADJ
subvenir,VERB,B2,beacco,2.1142,2.034,0.0,0.0,2.7206,2.1142,0.0,0.0,2.034,0.0,0.0,0.5857,2.4306,0.0,0.0,0.744,B2,word_pos,subvenir,V,subvenir,VER
mutiler,VERB,B2,beacco,2.1142,0.7894,0.0,0.0,0.2366,2.1142,1.6042,0.0,0.7894,0.0,0.0,0.438,1.6204,3.4423,0.0,1.4303,B2,word_pos,mutiler,V,mutiler,VER
intonation,NOUN,B2,beacco,2.1142,0.651,0.0,0.0,0.4732,2.1142,0.0,0.0,0.651,0.0,0.0,0.438,1.6204,0.0,0.0,0.6373,B2,word_pos,intonation,N,intonation,NOM
rauquer,VERB,B2,crf_first_attested,2.1142,0.0483,0.0,0.0,0.0,2.1142,0.0,0.0,0.0483,,,,,,,,,crf_only,rauquer,V,,
orgueilleux,ADJ,B2,beacco,2.0121,2.5416,0.3983,1.2835,0.2405,2.0121,0.0,0.0,2.5416,0.8346,0.6228,0.4665,19.0591,0.0,0.0,4.8643,B2,word_pos,orgueilleux,A,orgueilleux,ADJ
baraque,NOUN,B2,beacco,2.0121,1.6761,0.0,1.2702,0.3401,2.0121,0.0,0.0,1.6761,0.0,0.4157,0.5857,5.38,0.0,0.0,2.3477,B2,word_pos,baraque,N,baraque,NOM
dufour,NOUN,B2,crf_first_attested,2.0121,0.0459,0.0,0.0,0.0,2.0121,0.0,0.0,0.0459,,,,,,,,,crf_only,dufour,N,,
demi,ADV,B2,beacco,1.8983,2.542,,,,,,,,0.0,0.606,3.6048,1.8983,0.0,0.0,2.542,B2,beacco_only,,,demi,ADV
avant-hier,ADV,B2,beacco,1.8983,2.0192,,,,,,,,0.5987,0.0,0.185,1.8983,3.4423,0.0,2.0192,B2,beacco_only,,,avant-hier,ADV
arrivé,ADJ,B2,beacco,1.8983,0.6671,,,,,,,,0.0,0.0,0.3906,1.8983,0.0,0.0,0.6671,B2,beacco_only,,,arrivé,ADJ
simple,NOUN,B2,beacco,1.8983,0.6339,,,,,,,,0.0,0.2129,0.0,1.8983,0.0,0.0,0.6339,B2,beacco_only,,,simple,NOM
aussi,CONJ,B2,beacco,1.8983,0.4641,,,,,,,,0.5987,0.0,0.0,1.8983,0.0,0.0,0.4641,B2,beacco_only,,,aussi,KON
gaspard,NOUN,B2,beacco,1.822,4.1986,,,,,,,,0.9464,0.2129,2.4351,1.822,0.0,0.0,4.1986,B2,beacco_only,,,gaspard,NOM
petit-déjeuner,NOUN,B2,beacco,1.7933,1.236,,,,,,,,0.0,0.2891,0.0,1.7933,3.4423,0.0,1.236,B2,beacco_only,,,petit-déjeuner,NOM
music-hall,NOUN,B2,beacco,1.7933,0.6685,,,,,,,,0.0,0.0,0.3906,1.7933,0.0,0.0,0.6685,B2,beacco_only,,,music-hall,NOM
poignet,NOUN,B2,beacco,1.7898,6.5207,1.1385,0.0,8.7595,1.7898,6.2023,28.8683,6.5207,1.1764,0.0,12.1046,3.7966,6.0005,19.328,7.6993,B2,word_pos,poignet,N,poignet,NOM
douzaine,NOUN,B2,beacco,1.7898,5.5677,0.0,0.6418,16.1661,1.7898,0.0,0.0,5.5677,0.0,0.6228,11.0235,3.7966,0.0,0.0,4.9943,B2,word_pos,douzaine,N,douzaine,NOM
celle-là,PRON,B2,crf_first_attested,1.7898,0.0409,0.0,0.0,0.0,1.7898,0.0,0.0,0.0409,,,,,,,,,crf_only,celle-là,PRO,,
orgueilleux,NOUN,B2,crf_first_attested,1.7898,0.0409,0.0,0.0,0.0,1.7898,0.0,0.0,0.0409,,,,,,,,,crf_only,orgueilleux,N,,
étoffe,NOUN,B2,beacco,1.7898,0.0409,0.0,0.0,0.0,1.7898,0.0,0.0,0.0409,0.5504,0.0,0.0,3.7966,0.0,0.0,0.8792,B2,word_pos,étoffe,N,étoffe,NOM
capital,NOUN,B2,beacco,1.7264,8.4598,0.0,0.0,6.2151,1.7264,51.6587,19.2455,8.4598,0.0,0.0,7.6994,0.911,34.1646,0.0,5.7012,B2,word_pos,capital,N,capital,NOM
imaginaire,ADJ,B2,beacco,1.7264,8.0931,0.4996,1.8553,10.2856,1.7264,6.4168,0.0,8.0931,0.9464,0.5213,10.4281,0.911,33.4475,0.0,10.4337,B2,word_pos,imaginaire,A,imaginaire,ADJ
authentique,ADJ,B2,beacco,1.7264,7.2521,0.0,0.6418,12.1832,1.7264,6.4168,0.0,7.2521,0.0,0.6228,16.4525,0.911,10.3269,0.0,8.4722,B2,word_pos,authentique,A,authentique,ADJ
terroriser,VERB,B2,beacco,1.7264,7.0675,0.2541,0.0,22.4374,1.7264,0.0,0.0,7.0675,0.5504,0.0,17.3635,0.911,0.0,0.0,6.0496,B2,word_pos,terroriser,V,terroriser,VER
combinaison,NOUN,B2,beacco,1.7264,5.5943,0.0,0.5223,0.2916,1.7264,26.9096,45.4565,5.5943,0.0,0.3729,0.5531,1.822,40.1357,12.833,4.5962,B2,word_pos,combinaison,N,combinaison,NOM
pigeon,NOUN,B2,beacco,1.7264,3.9769,1.3242,0.0,8.7547,1.7264,0.0,0.0,3.9769,1.2635,0.0,7.5611,0.911,0.0,0.0,3.1025,B2,word_pos,pigeon,N,pigeon,NOM
mentalité,NOUN,B2,beacco,1.7264,3.5643,0.0,0.0,2.8944,1.7264,0.0,28.5334,3.5643,0.0,0.0,2.5512,1.822,0.0,56.7717,4.1295,B2,word_pos,mentalité,N,mentalité,NOM
mythologie,NOUN,B2,beacco,1.7264,1.9107,0.0,0.3228,1.4195,1.7264,0.0,0.0,1.9107,0.0,0.186,0.8759,0.911,0.0,0.0,1.2321,B2,word_pos,mythologie,N,mythologie,NOM
marée,NOUN,B2,beacco,1.7264,1.8179,0.0,0.0,0.1637,1.7264,4.8126,0.0,1.8179,0.0,0.0,0.1243,1.822,6.8846,0.0,2.6146,B2,word_pos,marée,N,marée,NOM
alarmiste,ADJ,B2,beacco,1.7264,1.0804,0.0,0.0,0.0,1.7264,6.1515,0.0,1.0804,0.0,0.0,0.0,0.911,4.139,0.0,0.725,B2,word_pos,alarmiste,A,alarmiste,ADJ
relayer,VERB,B2,crf_first_attested,1.7264,1.0731,0.0,0.0,0.0,1.7264,4.8126,0.0,1.0731,,,,,,,,,crf_only,relayer,V,,
apocalyptique,ADJ,B2,beacco,1.7264,1.0467,0.0,0.0,0.8749,1.7264,0.0,0.0,1.0467,0.0,0.0,0.5531,0.911,0.0,0.0,0.6976,B2,word_pos,apocalyptique,A,apocalyptique,ADJ
revêtement,NOUN,B2,beacco,1.7264,1.0467,0.0,0.0,0.8749,1.7264,0.0,0.0,1.0467,0.0,0.0,0.5531,0.911,0.0,0.0,0.6976,B2,word_pos,revêtement,N,revêtement,NOM
lueur,NOUN,B2,beacco,1.7264,0.9794,0.0,0.0,0.6122,1.7264,0.0,0.0,0.9794,0.0,0.4157,1.2952,11.0661,0.0,0.0,4.2212,B2,word_pos,lueur,N,lueur,NOM
tyran,NOUN,B2,beacco,1.7264,0.8819,0.0,0.0,0.5833,1.7264,0.0,0.0,0.8819,0.0,0.0,0.5531,0.911,0.0,0.0,0.6976,B2,word_pos,tyran,N,tyran,NOM
western,NOUN,B2,beacco,1.7264,0.8819,0.0,0.0,0.5833,1.7264,0.0,0.0,0.8819,0.0,0.0,0.5531,0.911,0.0,0.0,0.6976,B2,word_pos,western,N,western,NOM
enchantement,NOUN,B2,beacco,1.7264,0.8789,0.0,0.0,0.7236,1.7264,0.0,0.0,0.8789,0.0,0.0,0.6378,0.911,0.0,0.0,0.7091,B2,word_pos,enchantement,N,enchantement,NOM
attribut,NOUN,B2,beacco,1.7264,0.8666,0.0,0.0,0.4152,1.7264,0.0,0.0,0.8666,0.0,0.0,0.3906,0.911,0.0,0.0,0.6561,B2,word_pos,attribut,N,attribut,NOM
communier,VERB,B2,beacco,1.7264,0.712,0.7967,0.0,0.0,1.7264,0.0,0.0,0.712,0.8346,0.0,0.0,0.911,0.0,0.0,0.4972,B2,word_pos,communier,V,communier,VER
succession,NOUN,B2,beacco,1.7264,0.599,1.5244,0.0,0.0,1.7264,0.0,0.0,0.599,1.1008,0.0,0.0,1.822,0.0,0.0,0.8268,B2,word_pos,succession,N,succession,NOM
tonalité,NOUN,B2,beacco,1.7264,0.5453,0.0,0.0,0.0,1.7264,3.1012,0.0,0.5453,0.0,0.0,0.0,0.911,6.0005,0.0,0.7202,B2,word_pos,tonalité,N,tonalité,NOM
carreler,VERB,B2,beacco,1.7264,0.1048,0.0,0.0,0.0,1.7264,0.0,0.0,0.1048,0.0,0.0,0.0,0.911,4.139,0.0,0.725,B2,word_pos,carreler,V,carreler,VER
extraterrestre,ADJ,B2,crf_first_attested,1.7264,0.1048,0.0,0.0,0.0,1.7264,0.0,0.0,0.1048,,,,,,,,,crf_only,extraterrestre,A,,
independance,X,B2,crf_first_attested,1.7264,0.1048,0.0,0.0,0.0,1.7264,0.0,0.0,0.1048,,,,,,,,,crf_only,independance,X,,
miniligne,NOUN,B2,crf_first_attested,1.7264,0.1048,0.0,0.0,0.0,1.7264,0.0,0.0,0.1048,,,,,,,,,crf_only,miniligne,N,,
non moins,ADV,B2,crf_first_attested,1.7264,0.1048,0.0,0.0,0.0,1.7264,0.0,0.0,0.1048,,,,,,,,,crf_only,non moins,ADV,,
sans nul doute,ADV,B2,crf_first_attested,1.7264,0.1048,0.0,0.0,0.0,1.7264,0.0,0.0,0.1048,,,,,,,,,crf_only,sans nul doute,ADV,,
zappeur,NOUN,B2,crf_first_attested,1.7264,0.1048,0.0,0.0,0.0,1.7264,0.0,0.0,0.1048,,,,,,,,,crf_only,zappeur,N,,
veiller,VERB,B2,beacco,1.6517,17.3109,0.0,0.4071,27.649,1.6517,66.8252,12.9876,17.3109,0.0,0.3851,12.2898,2.6036,49.5147,25.6659,12.0439,B2,word_pos,veiller,V,veiller,VER
douloureux,ADJ,B2,beacco,1.6517,13.1421,0.0,0.3702,21.8267,1.6517,62.9101,0.0,13.1421,0.0,0.606,24.6582,1.3018,52.5392,0.0,13.629,B2,word_pos,douloureux,A,douloureux,ADJ
autoritaire,ADJ,B2,beacco,1.6517,10.2742,0.4996,1.6044,19.7789,1.6517,6.1515,0.0,10.2742,0.9464,0.6228,17.4442,1.3018,4.139,0.0,8.6556,B2,word_pos,autoritaire,A,autoritaire,ADJ
puce,NOUN,B2,beacco,1.6517,9.2538,7.2114,0.0,15.3149,1.6517,15.7275,0.0,9.2538,1.1008,0.0,19.0367,1.3018,31.3781,0.0,9.2138,B2,word_pos,puce,N,puce,NOM
trahir,VERB,B2,beacco,1.6517,9.0352,0.0,0.0,34.786,1.6517,1.6042,0.0,9.0352,0.0,0.0,35.4315,1.3018,0.0,0.0,8.5684,B2,word_pos,trahir,V,trahir,VER
certitude,NOUN,B2,beacco,1.6517,8.0582,0.0,0.3702,2.7061,1.6517,34.1127,28.5334,8.0582,0.0,0.606,3.5156,1.3018,18.0014,56.7717,7.3355,B2,word_pos,certitude,N,certitude,NOM
diamant,NOUN,B2,beacco,1.6517,7.6299,0.0,0.2948,29.2621,1.6517,0.0,0.0,7.6299,0.0,0.6111,47.2369,1.3018,0.0,0.0,12.6053,B2,word_pos,diamant,N,diamant,NOM
suivi,NOUN,B2,beacco,1.6517,7.5895,1.6274,0.2439,0.4732,1.6517,27.7392,56.3681,7.5895,0.8075,0.4664,0.8759,1.3018,27.9938,77.4712,8.9039,B2,word_pos,suivi,N,suivi,NOM
dérober,VERB,B2,beacco,1.6517,6.9378,0.0,5.3328,9.7693,1.6517,3.2084,0.0,6.9378,0.0,0.4664,7.6313,1.3018,3.4423,0.0,4.7972,B2,word_pos,dérober,V,dérober,VER
chair,NOUN,B2,beacco,1.6517,5.7625,0.0,0.0,7.2087,1.6517,25.3674,9.6228,5.7625,0.0,0.0,10.2515,1.3018,20.024,19.328,6.4414,B2,word_pos,chair,N,chair,NOM
veuf,ADJ,B2,beacco,1.6517,4.7801,0.0,0.0,17.8238,1.6517,0.0,0.0,4.7801,0.0,0.0,3.6048,0.0,0.0,0.0,0.6824,B2,word_pos,veuf,A,veuf,ADJ
élaborer,VERB,B2,beacco,1.6517,4.4634,0.0,0.3702,4.6735,1.6517,9.8488,9.6228,4.4634,0.0,0.606,5.1436,1.3018,20.024,43.8345,7.216,B2,word_pos,élaborer,V,élaborer,VER
emprisonner,VERB,B2,beacco,1.6517,4.1566,0.5025,0.0,3.1816,1.6517,3.1012,22.517,4.1566,0.0,0.0,3.5636,1.3018,6.0005,44.6051,4.6975,B2,word_pos,emprisonner,V,emprisonner,VER
assise,NOUN,B2,beacco,1.6517,3.8173,0.0,1.7346,2.4046,1.6517,0.0,0.0,3.8173,0.0,0.0,0.933,1.3018,0.0,0.0,0.9755,B2,word_pos,assise,N,assise,NOM
reflet,NOUN,B2,beacco,1.6517,3.6777,0.0,1.1107,0.3401,1.6517,6.2023,6.176,3.6777,0.0,0.606,0.5857,1.3018,6.0005,4.0185,3.5417,B2,word_pos,reflet,N,reflet,NOM
rapidité,NOUN,B2,beacco,1.6517,3.3396,0.0,0.0,1.343,1.6517,20.5337,9.6228,3.3396,0.0,0.0,2.504,1.3018,27.9938,19.328,5.1909,B2,word_pos,rapidité,N,rapidité,NOM
égarer,VERB,B2,beacco,1.6517,3.2166,0.0,0.6418,3.9713,1.6517,0.0,0.0,3.2166,0.0,0.6228,4.7134,1.3018,0.0,0.0,3.1567,B2,word_pos,égarer,V,égarer,VER
notoriété,NOUN,B2,beacco,1.6517,3.0475,0.0,0.0,6.4337,1.6517,0.0,6.4938,3.0475,0.0,0.0,3.7062,1.3018,0.0,12.833,2.4847,B2,word_pos,notoriété,N,notoriété,NOM
cru,NOUN,B2,beacco,1.6517,2.9633,0.0,0.0,0.2916,1.6517,16.042,6.176,2.9633,0.0,0.0,0.5531,1.3018,17.2115,4.0185,3.4483,B2,word_pos,cru,N,cru,NOM
magistrat,NOUN,B2,beacco,1.6517,2.8751,0.0,0.0,1.4428,1.6517,3.1012,12.9876,2.8751,0.0,0.0,0.933,1.3018,6.0005,12.833,2.7756,B2,word_pos,magistrat,N,magistrat,NOM
cordon,NOUN,B2,beacco,1.6517,2.7147,0.0,0.0,0.0,1.6517,6.2023,72.7833,2.7147,0.0,0.0,0.0,2.6036,6.0005,86.9662,2.7607,B2,word_pos,cordon,N,cordon,NOM
confus,ADJ,B2,beacco,1.6517,2.5347,0.0,0.0,5.2996,1.6517,6.2023,0.0,2.5347,0.0,0.0,6.0435,1.3018,6.0005,0.0,3.5158,B2,word_pos,confus,A,confus,ADJ
aviser,VERB,B2,beacco,1.6517,2.3983,0.0,0.0,7.9505,1.6517,0.0,0.0,2.3983,0.0,0.0,3.5822,0.0,0.0,0.0,0.7026,B2,word_pos,aviser,V,aviser,VER
relâcher,VERB,B2,beacco,1.6517,2.3736,0.3983,1.1107,0.0,1.6517,6.2023,0.0,2.3736,0.8346,0.606,0.0,1.3018,6.0005,0.0,2.1936,B2,word_pos,relâcher,V,relâcher,VER
agile,ADJ,B2,beacco,1.6517,2.1703,0.0,3.8288,0.4081,1.6517,0.0,0.0,2.1703,0.0,0.3851,0.4317,1.3018,0.0,0.0,1.4327,B2,word_pos,agile,A,agile,ADJ
stratagème,NOUN,B2,beacco,1.6517,1.999,1.2043,0.0,0.1637,1.6517,2.0505,0.0,1.999,0.7319,0.0,0.1243,1.3018,4.139,0.0,2.1643,B2,word_pos,stratagème,N,stratagème,NOM
buisson,NOUN,B2,beacco,1.6517,1.8756,1.2043,0.2599,0.0554,1.6517,0.0,0.0,1.8756,0.7319,0.5213,0.1029,1.3018,0.0,0.0,2.2796,B2,word_pos,buisson,N,buisson,NOM
audition,NOUN,B2,beacco,1.6517,1.8529,0.0,0.7405,0.0,1.6517,0.0,25.9752,1.8529,0.0,0.606,0.0,1.3018,0.0,12.833,1.471,B2,word_pos,audition,N,audition,NOM
paternel,ADJ,B2,beacco,1.6517,1.8489,0.0,0.2439,0.0,1.6517,12.4046,0.0,1.8489,0.0,0.4664,0.0,1.3018,6.0005,0.0,1.4217,B2,word_pos,paternel,A,paternel,ADJ
paume,NOUN,B2,beacco,1.6517,1.8121,1.7078,0.0,0.0,1.6517,4.8126,0.0,1.8121,1.1764,0.0,0.0,1.3018,3.4423,0.0,1.4144,B2,word_pos,paume,N,paume,NOM
orphelin,NOUN,B2,beacco,1.6517,1.8099,0.0,0.2117,1.0203,1.6517,0.0,0.0,1.8099,0.0,0.4157,0.0,1.3018,0.0,0.0,0.6205,B2,word_pos,orphelin,N,orphelin,NOM
dénouer,VERB,B2,beacco,1.6517,1.7928,0.0,0.0,4.7577,1.6517,0.0,0.0,1.7928,0.0,0.0,3.5736,2.6036,0.0,0.0,1.8372,B2,word_pos,dénouer,V,dénouer,VER
accusation,NOUN,B2,beacco,1.6517,1.7384,0.0,0.0,4.1414,1.6517,0.0,0.0,1.7384,0.0,0.0,3.5679,1.3018,0.0,0.0,1.5249,B2,word_pos,accusation,N,accusation,NOM
cambriolage,NOUN,B2,beacco,1.6517,1.7058,0.4068,0.0,0.6802,1.6517,3.1012,0.0,1.7058,0.8075,0.0,0.5857,1.3018,6.0005,0.0,2.3366,B2,word_pos,cambriolage,N,cambriolage,NOM
impitoyable,ADJ,B2,beacco,1.6517,1.7055,0.0,0.2117,0.9618,1.6517,0.0,0.0,1.7055,0.0,0.4157,0.4665,1.3018,0.0,0.0,1.443,B2,word_pos,impitoyable,A,impitoyable,ADJ
mandat,NOUN,B2,beacco,1.6517,1.6836,0.0,0.0,0.4809,1.6517,0.0,19.4814,1.6836,0.0,0.0,0.4665,1.3018,0.0,12.833,1.4745,B2,word_pos,mandat,N,mandat,NOM
aveugler,VERB,B2,beacco,1.6517,1.6823,0.0,2.0673,0.1883,1.6517,0.0,0.0,1.6823,0.0,1.0679,0.3933,1.3018,0.0,0.0,1.5154,B2,word_pos,aveugler,V,aveugler,VER
allusion,NOUN,B2,beacco,1.6517,1.6476,0.0,1.1107,0.1637,1.6517,0.0,0.0,1.6476,0.0,0.606,0.1243,1.3018,0.0,0.0,0.9619,B2,word_pos,allusion,N,allusion,NOM
supposition,NOUN,B2,beacco,1.6517,1.5692,0.0,0.9626,0.0,1.6517,6.2023,0.0,1.5692,0.0,0.0,0.0,1.3018,6.0005,0.0,0.5901,B2,word_pos,supposition,N,supposition,NOM
repentir,VERB,B2,beacco,1.6517,1.5098,0.0,0.0,0.6802,1.6517,3.2084,0.0,1.5098,0.0,0.0,0.5857,1.3018,6.8846,0.0,2.0473,B2,word_pos,repentir,V,repentir,VER
voyou,NOUN,B2,beacco,1.6517,1.4664,0.0,0.7318,0.0,1.6517,6.2023,0.0,1.4664,0.0,0.4664,0.0,1.3018,6.0005,0.0,1.4217,B2,word_pos,voyou,N,voyou,NOM
retentir,VERB,B2,beacco,1.6517,1.4525,0.0,0.2599,0.6122,1.6517,0.0,0.0,1.4525,0.0,0.5213,0.4317,1.3018,0.0,0.0,1.4905,B2,word_pos,retentir,V,retentir,VER
vaciller,VERB,B2,beacco,1.6517,1.3085,0.0,0.0,0.0,1.6517,15.5058,0.0,1.3085,0.0,0.0,0.0,1.3018,6.0005,0.0,0.5901,B2,word_pos,vaciller,V,vaciller,VER
billard,NOUN,B2,beacco,1.6517,1.2472,1.7078,0.0,0.1883,1.6517,0.0,0.0,1.2472,1.1764,0.0,0.3933,1.3018,0.0,0.0,1.4716,B2,word_pos,billard,N,billard,NOM
passionnel,ADJ,B2,beacco,1.6517,1.2337,0.0,0.0,0.4152,1.6517,0.0,6.4938,1.2337,0.0,0.0,0.3906,1.3018,0.0,12.833,1.4613,B2,word_pos,passionnel,A,passionnel,ADJ
déguisement,NOUN,B2,beacco,1.6517,1.2113,0.0,0.0,0.2041,1.6517,6.2023,0.0,1.2113,0.0,0.0,0.4317,1.3018,6.0005,0.0,1.4384,B2,word_pos,déguisement,N,déguisement,NOM
inhumain,ADJ,B2,beacco,1.6517,1.1983,0.0,0.6418,0.2076,1.6517,0.0,0.0,1.1983,0.0,0.6228,0.3906,1.3018,0.0,0.0,1.5189,B2,word_pos,inhumain,A,inhumain,ADJ
feindre,VERB,B2,beacco,1.6517,1.1914,0.0,0.0,0.4081,1.6517,0.0,9.6228,1.1914,0.0,0.0,0.4317,1.3018,0.0,19.328,1.4384,B2,word_pos,feindre,V,feindre,VER
capuchon,NOUN,B2,beacco,1.6517,1.1256,0.0,0.0,2.0392,1.6517,0.0,0.0,1.1256,0.0,0.0,3.1766,1.3018,0.0,0.0,1.5158,B2,word_pos,capuchon,N,capuchon,NOM
camoufler,VERB,B2,beacco,1.6517,1.1131,0.0,0.0,0.0,1.6517,13.8696,0.0,1.1131,0.0,0.0,0.0,1.3018,20.6179,0.0,1.4164,B2,word_pos,camoufler,V,camoufler,VER
brouhaha,NOUN,B2,beacco,1.6517,1.106,0.0,0.0,1.9969,1.6517,0.0,0.0,1.106,0.0,0.0,3.2514,1.3018,0.0,0.0,1.4889,B2,word_pos,brouhaha,N,brouhaha,NOM
familier,NOUN,B2,beacco,1.6517,1.0514,0.0,0.0,1.7881,1.6517,0.0,0.0,1.0514,0.9464,0.0,6.351,1.3018,0.0,0.0,3.5625,B2,word_pos,familier,N,familier,NOM
démasquer,VERB,B2,beacco,1.6517,1.05,0.0,0.0,0.9463,1.6517,0.0,0.0,1.05,0.0,0.0,0.438,1.3018,0.0,0.0,0.6508,B2,word_pos,démasquer,V,démasquer,VER
cape,NOUN,B2,beacco,1.6517,1.0211,0.0,0.0,1.0203,1.6517,0.0,0.0,1.0211,0.0,0.0,0.8634,1.3018,0.0,0.0,0.9581,B2,word_pos,cape,N,cape,NOM
satin,NOUN,B2,beacco,1.6517,0.8673,0.0,0.0,0.0,1.6517,9.3035,0.0,0.8673,0.0,0.0,0.0,1.3018,6.0005,0.0,0.5901,B2,word_pos,satin,N,satin,NOM
déposséder,VERB,B2,beacco,1.6517,0.8665,0.0,0.0,0.0,1.6517,6.1515,0.0,0.8665,0.0,0.0,0.0,1.3018,4.139,0.0,0.6191,B2,word_pos,déposséder,V,déposséder,VER
quelque peu,ADV,B2,crf_first_attested,1.6517,0.8665,0.0,0.0,0.0,1.6517,6.1515,0.0,0.8665,,,,,,,,,crf_only,quelque peu,ADV,,
inexpérimenté,ADJ,B2,beacco,1.6517,0.8638,0.0,0.0,1.0854,1.6517,0.0,0.0,0.8638,0.0,0.0,0.6378,1.3018,0.0,0.0,0.6566,B2,word_pos,inexpérimenté,A,inexpérimenté,ADJ
chausson,NOUN,B2,beacco,1.6517,0.8637,0.0,0.0,0.0,1.6517,4.8126,0.0,0.8637,0.0,0.0,0.0,1.3018,3.4423,0.0,0.6502,B2,word_pos,chausson,N,chausson,NOM
ironiquement,ADV,B2,beacco,1.6517,0.8637,0.0,0.0,0.0,1.6517,0.0,6.176,0.8637,0.0,0.0,0.0,1.3018,0.0,4.0185,0.6502,B2,word_pos,ironiquement,ADV,ironiquement,ADV
semelle,NOUN,B2,beacco,1.6517,0.8609,0.0,0.0,1.0202,1.6517,0.0,0.0,0.8609,0.0,0.0,0.5857,1.3018,0.0,0.0,0.6609,B2,word_pos,semelle,N,semelle,NOM
foulard,NOUN,B2,beacco,1.6517,0.8508,0.0,0.0,0.8749,1.6517,0.0,0.0,0.8508,0.0,0.0,1.1062,1.3018,0.0,0.0,1.0096,B2,word_pos,foulard,N,foulard,NOM
fantaisiste,ADJ,B2,beacco,1.6517,0.8315,0.0,0.0,0.7214,1.6517,0.0,0.0,0.8315,0.0,0.0,0.4665,1.3018,0.0,0.0,0.6671,B2,word_pos,fantaisiste,A,fantaisiste,ADJ
suppliant,ADJ,B2,beacco,1.6517,0.8082,0.0,1.0585,0.0,1.6517,0.0,0.0,0.8082,0.0,0.4157,0.0,1.3018,0.0,0.0,0.6205,B2,word_pos,suppliant,A,suppliant,ADJ
enquêteur,NOUN,B2,beacco,1.6517,0.7581,0.0,0.8468,0.0,1.6517,0.0,0.0,0.7581,0.0,0.8313,0.0,1.3018,0.0,0.0,0.7619,B2,word_pos,enquêteur,N,enquêteur,NOM
effroi,NOUN,B2,beacco,1.6517,0.6649,0.0,0.0,0.4081,1.6517,0.0,0.0,0.6649,0.0,0.0,0.8634,1.3018,0.0,0.0,0.9581,B2,word_pos,effroi,N,effroi,NOM
ruer,VERB,B2,beacco,1.6517,0.6594,0.0,0.0,0.6802,1.6517,0.0,0.0,0.6594,0.0,0.0,0.5857,1.3018,0.0,0.0,0.6609,B2,word_pos,ruer,V,ruer,VER
malfaiteur,NOUN,B2,beacco,1.6517,0.6581,0.0,0.6418,0.0,1.6517,0.0,0.0,0.6581,0.0,0.6228,0.0,1.3018,0.0,0.0,0.6657,B2,word_pos,malfaiteur,N,malfaiteur,NOM
indicible,ADJ,B2,beacco,1.6517,0.6563,0.0,0.0,0.0,1.6517,3.2084,0.0,0.6563,0.0,0.0,0.0,1.3018,3.4423,0.0,0.6502,B2,word_pos,indicible,A,indicible,ADJ
ridiculiser,VERB,B2,beacco,1.6517,0.6563,0.0,0.0,0.0,1.6517,3.2084,0.0,0.6563,0.0,0.0,0.0,1.3018,3.4423,0.0,0.6502,B2,word_pos,ridiculiser,V,ridiculiser,VER
tonitruer,VERB,B2,beacco,1.6517,0.6563,0.0,0.0,0.0,1.6517,3.2084,0.0,0.6563,0.0,0.0,0.0,1.3018,3.4423,0.0,0.6502,B2,word_pos,tonitruer,V,tonitruer,VER
cendre,NOUN,B2,beacco,1.6517,0.6524,0.0,0.5897,0.0,1.6517,0.0,0.0,0.6524,0.0,0.6111,0.0,8.4038,41.1274,0.0,5.156,B2,word_pos,cendre,N,cendre,NOM
cuivre,NOUN,B2,beacco,1.6517,0.6215,0.0,0.0,0.0,1.6517,6.2023,0.0,0.6215,0.0,0.0,0.0,1.3018,6.0005,0.0,0.5901,B2,word_pos,cuivre,N,cuivre,NOM
distraitement,ADV,B2,beacco,1.6517,0.6215,0.0,0.0,0.0,1.6517,6.2023,0.0,0.6215,0.0,0.0,0.0,1.3018,6.0005,0.0,0.5901,B2,word_pos,distraitement,ADV,distraitement,ADV
collant,NOUN,B2,beacco,1.6517,0.6181,0.0,0.4228,0.0,1.6517,0.0,0.0,0.6181,0.0,0.6008,0.0,1.3018,0.0,0.0,0.6665,B2,word_pos,collant,N,collant,NOM
méprise,NOUN,B2,beacco,1.6517,0.6176,0.0,0.0,0.231,1.6517,0.0,0.0,0.6176,0.0,0.0,0.2331,1.3018,0.0,0.0,0.6597,B2,word_pos,méprise,N,méprise,NOM
orphelin,ADJ,B2,beacco,1.6517,0.5679,0.7967,0.0,0.0,1.6517,0.0,0.0,0.5679,0.8346,0.0,0.4317,1.3018,0.0,0.0,1.3814,B2,word_pos,orphelin,A,orphelin,ADJ
cicatriser,VERB,B2,beacco,1.6517,0.5118,0.0,0.0,0.1662,1.6517,0.0,0.0,0.5118,0.0,0.0,0.1029,1.3018,0.0,0.0,0.4943,B2,word_pos,cicatriser,V,cicatriser,VER
insinuer,VERB,B2,beacco,1.6517,0.4888,0.0,0.0,0.0908,1.6517,0.0,0.0,0.4888,0.0,0.0,0.2504,1.3018,0.0,0.0,0.6378,B2,word_pos,insinuer,V,insinuer,VER
gifle,NOUN,B2,beacco,1.6517,0.4629,0.0,0.0,0.2041,1.6517,0.0,0.0,0.4629,0.0,0.0,0.4317,1.3018,0.0,0.0,0.6674,B2,word_pos,gifle,N,gifle,NOM
éperdument,ADV,B2,beacco,1.6517,0.4629,0.0,0.0,0.2041,1.6517,0.0,0.0,0.4629,0.0,0.0,0.4317,1.3018,0.0,0.0,0.6674,B2,word_pos,éperdument,ADV,éperdument,ADV
où que,CONJ,B2,crf_first_attested,1.6517,0.4429,0.0,0.0,0.0,1.6517,0.0,9.6228,0.4429,,,,,,,,,crf_only,où que,CONJS,,
malchance,NOUN,B2,beacco,1.6517,0.429,0.0,0.0,0.2916,1.6517,0.0,0.0,0.429,0.0,0.0,0.5531,1.3018,0.0,0.0,0.6632,B2,word_pos,malchance,N,malchance,NOM
rougeâtre,ADJ,B2,beacco,1.6517,0.406,0.0,0.0,0.0,1.6517,1.6042,0.0,0.406,0.0,0.0,0.0,1.3018,3.4423,0.0,0.6502,B2,word_pos,rougeâtre,A,rougeâtre,ADJ
sous l' effet de,PREP,B2,crf_first_attested,1.6517,0.406,0.0,0.0,0.0,1.6517,1.6042,0.0,0.406,,,,,,,,,crf_only,sous l' effet de,PREP,,
aberration,NOUN,B2,beacco,1.6517,0.3971,0.0,0.0,0.0,1.6517,2.0505,0.0,0.3971,0.0,0.0,0.0,1.3018,4.139,0.0,0.6191,B2,word_pos,aberration,N,aberration,NOM
négociant,NOUN,B2,beacco,1.6517,0.3971,0.0,0.0,0.0,1.6517,2.0505,0.0,0.3971,0.0,0.0,0.0,1.3018,4.139,0.0,0.6191,B2,word_pos,négociant,N,négociant,NOM
scélérat,NOUN,B2,beacco,1.6517,0.3971,0.0,0.0,0.0,1.6517,2.0505,0.0,0.3971,0.0,0.0,0.0,1.3018,4.139,0.0,0.6191,B2,word_pos,scélérat,N,scélérat,NOM
palpable,ADJ,B2,beacco,1.6517,0.3553,0.0,0.0,0.0,1.6517,3.1012,0.0,0.3553,0.0,0.0,0.0,1.3018,6.0005,0.0,0.5901,B2,word_pos,palpable,A,palpable,ADJ
aguets,NOUN,B2,crf_first_attested,1.6517,0.0377,0.0,0.0,0.0,1.6517,0.0,0.0,0.0377,,,,,,,,,crf_only,aguets,N,,
ajourné,ADJ,B2,crf_first_attested,1.6517,0.0377,0.0,0.0,0.0,1.6517,0.0,0.0,0.0377,,,,,,,,,crf_only,ajourné,A,,
antonio,X,B2,crf_first_attested,1.6517,0.0377,0.0,0.0,0.0,1.6517,0.0,0.0,0.0377,,,,,,,,,crf_only,antonio,X,,
approfrondie,ADJ,B2,crf_first_attested,1.6517,0.0377,0.0,0.0,0.0,1.6517,0.0,0.0,0.0377,,,,,,,,,crf_only,approfrondie,A,,
au secours,ADV,B2,crf_first_attested,1.6517,0.0377,0.0,0.0,0.0,1.6517,0.0,0.0,0.0377,,,,,,,,,crf_only,au secours,ADV,,
débraillé,ADJ,B2,beacco,1.6517,0.0377,0.0,0.0,0.0,1.6517,0.0,0.0,0.0377,0.0,0.0,0.3906,1.3018,0.0,0.0,0.666,B2,word_pos,débraillé,A,débraillé,ADJ
dépeigner,VERB,B2,crf_first_attested,1.6517,0.0377,0.0,0.0,0.0,1.6517,0.0,0.0,0.0377,,,,,,,,,crf_only,dépeigner,V,,
dépité,ADJ,B2,crf_first_attested,1.6517,0.0377,0.0,0.0,0.0,1.6517,0.0,0.0,0.0377,,,,,,,,,crf_only,dépité,A,,
eh bien oui,ADV,B2,crf_first_attested,1.6517,0.0377,0.0,0.0,0.0,1.6517,0.0,0.0,0.0377,,,,,,,,,crf_only,eh bien oui,ADV,,
en temps,ADV,B2,crf_first_attested,1.6517,0.0377,0.0,0.0,0.0,1.6517,0.0,0.0,0.0377,,,,,,,,,crf_only,en temps,ADV,,
fiancé,ADJ,B2,crf_first_attested,1.6517,0.0377,0.0,0.0,0.0,1.6517,0.0,0.0,0.0377,,,,,,,,,crf_only,fiancé,A,,
oui que,CONJ,B2,crf_first_attested,1.6517,0.0377,0.0,0.0,0.0,1.6517,0.0,0.0,0.0377,,,,,,,,,crf_only,oui que,CONJS,,
passe - passe,NOUN,B2,crf_first_attested,1.6517,0.0377,0.0,0.0,0.0,1.6517,0.0,0.0,0.0377,,,,,,,,,crf_only,passe - passe,N,,
pseudonyme,ADJ,B2,beacco,1.6517,0.0377,0.0,0.0,0.0,1.6517,0.0,0.0,0.0377,0.0,0.0,0.1219,1.3018,0.0,0.0,0.664,B2,word_pos,pseudonyme,A,pseudonyme,ADJ
rendant,NOUN,B2,crf_first_attested,1.6517,0.0377,0.0,0.0,0.0,1.6517,0.0,0.0,0.0377,,,,,,,,,crf_only,rendant,N,,
régis,NOUN,B2,crf_first_attested,1.6517,0.0377,0.0,0.0,0.0,1.6517,0.0,0.0,0.0377,,,,,,,,,crf_only,régis,N,,
san,X,B2,crf_first_attested,1.6517,0.0377,0.0,0.0,0.0,1.6517,0.0,0.0,0.0377,,,,,,,,,crf_only,san,X,,
à nu,ADV,B2,crf_first_attested,1.6517,0.0377,0.0,0.0,0.0,1.6517,0.0,0.0,0.0377,,,,,,,,,crf_only,à nu,ADV,,
à tête de,PREP,B2,crf_first_attested,1.6517,0.0377,0.0,0.0,0.0,1.6517,0.0,0.0,0.0377,,,,,,,,,crf_only,à tête de,PREP,,
auparavant,PREP,B2,beacco,1.6204,5.7552,,,,,,,,0.0,0.0,3.5101,1.6204,20.6179,57.984,5.7552,B2,beacco_only,,,auparavant,PRP
rauque,ADJ,B2,beacco,1.6204,0.8791,,,,,,,,0.0,0.0,0.2504,1.6204,0.0,0.0,0.8791,B2,beacco_only,,,rauque,ADJ
empereur,NOUN,B2,beacco,1.5856,13.1337,3.8925,0.0,32.0207,1.5856,3.2084,19.2455,13.1337,7.6141,0.0,28.9034,2.4306,3.4423,38.656,15.3464,B2,word_pos,empereur,N,empereur,NOM
cordial,ADJ,B2,beacco,1.5856,1.8971,0.5025,0.0,0.8162,1.5856,0.0,0.0,1.8971,0.0,0.0,0.4317,0.8102,0.0,0.0,0.6202,B2,word_pos,cordial,A,cordial,ADJ
alcoolisme,NOUN,B2,beacco,1.5856,1.6227,1.3242,0.0,0.0,1.5856,0.0,19.2455,1.6227,1.2635,0.0,0.0,1.6204,0.0,19.328,1.5557,B2,word_pos,alcoolisme,N,alcoolisme,NOM
exclamation,NOUN,B2,beacco,1.5856,0.8721,0.0,0.0,0.0,1.5856,0.0,6.176,0.8721,0.0,0.0,0.0,0.8102,0.0,4.0185,0.5668,B2,word_pos,exclamation,N,exclamation,NOM
escale,NOUN,B2,beacco,1.5856,0.7172,0.0,0.0,0.3401,1.5856,3.1012,0.0,0.7172,0.0,0.0,0.5857,8.2033,6.0005,0.0,2.2596,B2,word_pos,escale,N,escale,NOM
horrifier,VERB,B2,beacco,1.5856,0.6646,0.0,0.0,0.5833,1.5856,0.0,0.0,0.6646,0.0,0.0,0.5531,0.8102,0.0,0.0,0.5955,B2,word_pos,horrifier,V,horrifier,VER
dandy,NOUN,B2,beacco,1.5856,0.626,0.0,0.0,0.0,1.5856,3.2084,0.0,0.626,0.0,0.0,0.0,1.6204,3.4423,0.0,0.6353,B2,word_pos,dandy,N,dandy,NOM
individuel,ADJ,B2,beacco,1.5139,37.7622,0.0,0.9757,107.9485,1.5139,90.8839,9.6228,37.7622,0.0,0.4664,67.4043,2.2839,90.442,19.328,28.1793,B2,word_pos,individuel,A,individuel,ADJ
unité,NOUN,B2,beacco,1.5139,23.904,1.1385,0.6418,16.0718,1.5139,145.9277,107.613,23.904,1.1764,0.6228,15.4111,2.2839,172.9276,93.687,24.8804,B2,word_pos,unité,N,unité,NOM
expert,NOUN,B2,beacco,1.5139,18.2043,0.0,0.3702,23.42,1.5139,94.3652,58.4441,18.2043,0.0,0.606,17.4942,2.2839,61.8536,51.3319,15.9141,B2,word_pos,expert,N,expert,NOM
néanmoins,ADV,B2,beacco,1.5139,17.6079,0.0,0.0,29.8027,1.5139,51.6587,105.8503,17.6079,0.0,0.0,16.5338,2.2839,58.4099,57.984,14.1349,B2,word_pos,néanmoins,ADV,néanmoins,ADV
perspective,NOUN,B2,beacco,1.5139,14.9119,0.0,0.0,14.0376,1.5139,108.1562,38.491,14.9119,0.0,0.0,11.7286,2.2839,77.1586,38.656,12.041,B2,word_pos,perspective,N,perspective,NOM
observation,NOUN,B2,beacco,1.5139,14.8601,0.0,0.2599,47.4718,1.5139,31.4551,0.0,14.8601,0.0,0.5213,52.5299,2.2839,8.2781,0.0,19.7037,B2,word_pos,observation,N,observation,NOM
écarter,VERB,B2,beacco,1.5139,12.0647,0.0,0.2948,31.615,1.5139,9.6252,6.4938,12.0647,0.0,0.6111,34.0671,2.2839,17.2115,12.833,16.9645,B2,word_pos,écarter,V,écarter,VER
chantier,NOUN,B2,beacco,1.5139,10.2155,0.0,1.2702,24.4414,1.5139,20.5337,0.0,10.2155,0.0,0.4157,26.0292,2.2839,20.6179,0.0,10.4132,B2,word_pos,chantier,N,chantier,NOM
oriental,ADJ,B2,beacco,1.5139,10.2008,0.0,0.2527,15.4107,1.5139,0.0,141.8042,10.2008,0.0,0.5137,3.5636,2.2839,0.0,183.2011,8.6326,B2,word_pos,oriental,A,oriental,ADJ
enfer,NOUN,B2,beacco,1.5139,9.0993,0.0,0.1103,15.3399,1.5139,31.0115,0.0,9.0993,0.0,0.2129,12.3122,2.2839,18.0014,0.0,7.9333,B2,word_pos,enfer,N,enfer,NOM
esthétique,ADJ,B2,beacco,1.5139,8.7553,0.0,0.0,17.5407,1.5139,20.7298,39.0192,8.7553,0.0,0.0,21.6414,2.2839,41.1274,77.4712,13.7786,B2,word_pos,esthétique,A,esthétique,ADJ
masculin,ADJ,B2,beacco,1.5139,8.6112,2.4979,0.2439,7.1188,1.5139,15.5058,32.4689,8.6112,0.9464,0.4664,11.8241,2.2839,41.1274,38.4989,14.4436,B2,word_pos,masculin,A,masculin,ADJ
comité,NOUN,B2,beacco,1.5139,8.1462,0.0,0.0,8.6355,1.5139,41.0675,19.4814,8.1462,0.0,0.0,12.4584,2.2839,41.2358,25.6659,9.6473,B2,word_pos,comité,N,comité,NOM
juridique,ADJ,B2,beacco,1.5139,7.4518,0.0,0.0,3.4526,1.5139,51.07,39.0192,7.4518,0.0,0.0,3.5715,2.2839,86.6209,56.7717,9.7333,B2,word_pos,juridique,A,juridique,ADJ
biodiversité,NOUN,B2,beacco,1.5139,7.3691,0.0,0.0,3.7685,1.5139,100.4738,0.0,7.3691,0.0,0.0,3.6187,2.2839,57.9464,0.0,7.9633,B2,word_pos,biodiversité,N,biodiversité,NOM
coûteux,ADJ,B2,beacco,1.5139,7.2848,0.0,0.0,17.0786,1.5139,19.8484,19.2455,7.2848,0.0,0.0,15.1922,2.2839,40.1357,19.328,9.0389,B2,word_pos,coûteux,A,coûteux,ADJ
décliner,VERB,B2,beacco,1.5139,7.2799,0.0,0.7405,5.7133,1.5139,14.569,57.0668,7.2799,0.0,0.606,3.6369,2.2839,19.861,56.7717,6.9511,B2,word_pos,décliner,V,décliner,VER
exciter,VERB,B2,beacco,1.5139,6.8602,0.6317,0.0,14.7876,1.5139,9.3035,0.0,6.8602,7.387,0.0,10.9002,2.2839,6.0005,0.0,7.8589,B2,word_pos,exciter,V,exciter,VER
colonne,NOUN,B2,beacco,1.5139,6.8109,0.0,0.0,7.4354,1.5139,52.5248,0.0,6.8109,0.0,0.0,9.8326,2.2839,26.3397,0.0,6.1441,B2,word_pos,colonne,N,colonne,NOM
natalité,NOUN,B2,beacco,1.5139,6.6559,0.0,0.1235,7.8255,1.5139,0.0,125.9778,6.6559,0.0,0.2552,3.7375,2.2839,0.0,113.6757,3.8431,B2,word_pos,natalité,N,natalité,NOM
substituer,VERB,B2,beacco,1.5139,6.6324,0.0,0.6418,7.9645,1.5139,30.8494,0.0,6.6324,0.0,0.6228,9.9144,2.2839,27.9938,0.0,7.5614,B2,word_pos,substituer,V,substituer,VER
pôle,NOUN,B2,beacco,1.5139,6.5927,0.0816,0.0,18.6199,1.5139,15.7275,0.0,6.5927,0.171,0.0,17.5205,2.2839,20.6179,0.0,5.8458,B2,word_pos,pôle,N,pôle,NOM
capital,ADJ,B2,beacco,1.5139,6.5524,0.0,1.1107,1.8239,1.5139,54.7585,0.0,6.5524,0.0,0.606,3.5051,8.1049,90.8893,0.0,11.0231,B2,word_pos,capital,A,capital,ADJ
sublime,ADJ,B2,beacco,1.5139,6.5222,0.7956,0.2206,7.2442,1.5139,17.3764,0.0,6.5222,0.9713,0.2129,4.4575,2.2839,26.3397,0.0,6.5118,B2,word_pos,sublime,A,sublime,ADJ
fabricant,NOUN,B2,beacco,1.5139,6.4178,0.0,1.1107,3.8909,1.5139,12.3029,28.8683,6.4178,0.0,0.606,5.3066,2.2839,8.2781,19.328,6.2846,B2,word_pos,fabricant,N,fabricant,NOM
progression,NOUN,B2,beacco,1.5139,6.2536,0.0,0.1853,6.0127,1.5139,10.2524,87.2204,6.2536,0.0,0.1276,7.6994,2.2839,8.2781,113.5434,7.4249,B2,word_pos,progression,N,progression,NOM
suédois,ADJ,B2,beacco,1.5139,6.1887,4.3446,0.1897,7.9705,1.5139,0.0,6.4938,6.1887,7.1097,0.4131,7.0701,2.2839,0.0,12.833,7.1164,B2,word_pos,suédois,A,suédois,ADJ
procédé,NOUN,B2,beacco,1.5139,6.1275,0.9991,0.0,6.322,1.5139,19.6566,9.6228,6.1275,0.9464,0.0,3.6369,2.2839,34.1646,19.328,7.2569,B2,word_pos,procédé,N,procédé,NOM
savant,NOUN,B2,beacco,1.5139,6.0756,3.5573,0.0,4.9055,1.5139,6.4168,28.8683,6.0756,6.9049,0.0,2.8865,2.2839,6.8846,19.328,5.8986,B2,word_pos,savant,N,savant,NOM
outre,PREP,B2,beacco,1.5139,5.8922,0.0,0.0,20.4335,1.5139,10.2669,0.0,5.8922,0.0,0.0,28.9954,6.8518,60.4644,12.833,16.8034,B2,unique_word,outre,PREP,outre,ADV
élevage,NOUN,B2,beacco,1.5139,5.8329,0.5304,0.0,4.0892,1.5139,40.3921,0.0,5.8329,0.4856,0.0,2.5994,2.2839,49.1091,0.0,6.1812,B2,word_pos,élevage,N,élevage,NOM
suffisamment,ADV,B2,beacco,1.5139,5.7398,0.0,0.2439,7.2788,1.5139,21.8856,6.4938,5.7398,0.0,0.4664,10.4732,2.2839,19.861,12.833,7.4683,B2,word_pos,suffisamment,ADV,suffisamment,ADV
plaider,VERB,B2,beacco,1.5139,5.5615,0.0,0.0,16.6336,1.5139,6.1515,0.0,5.5615,0.0,0.0,7.5797,2.2839,4.139,0.0,3.5948,B2,word_pos,plaider,V,plaider,VER
altitude,NOUN,B2,beacco,1.5139,5.5063,1.7078,0.3209,13.2976,1.5139,0.0,0.0,5.5063,1.1764,0.6228,14.923,2.2839,0.0,0.0,6.3026,B2,word_pos,altitude,N,altitude,NOM
circonstance,NOUN,B2,beacco,1.5139,5.4029,0.0,0.0,0.2076,1.5139,18.7334,147.42,5.4029,0.0,0.5137,33.8038,6.0629,41.2358,135.3747,21.2982,B2,word_pos,circonstance,N,circonstance,NOM
explosion,NOUN,B2,beacco,1.5139,5.3745,0.0,0.0,10.0878,1.5139,21.7081,0.0,5.3745,0.0,0.0,7.5611,2.2839,30.0023,0.0,6.6887,B2,word_pos,explosion,N,explosion,NOM
phare,NOUN,B2,beacco,1.5139,5.2417,0.0,0.0,2.5949,1.5139,25.5257,48.1138,5.2417,0.0,0.0,9.8016,2.2839,6.0005,38.656,5.7406,B2,word_pos,phare,N,phare,NOM
perturber,VERB,B2,beacco,1.5139,5.1716,0.0,0.6418,0.3014,1.5139,42.8753,9.6228,5.1716,0.0,0.6228,0.6118,2.2839,51.4303,19.328,6.6223,B2,word_pos,perturber,V,perturber,VER
harmonie,NOUN,B2,beacco,1.5139,5.1448,0.0,0.0944,16.0682,1.5139,3.1012,0.0,5.1448,0.0,0.1937,15.3053,2.2839,6.0005,0.0,6.6515,B2,word_pos,harmonie,N,harmonie,NOM
expédier,VERB,B2,beacco,1.5139,4.8919,0.0,0.2527,3.6699,1.5139,23.3886,0.0,4.8919,0.0,0.5137,3.5301,2.2839,31.5653,0.0,6.0289,B2,word_pos,expédier,V,expédier,VER
courbe,NOUN,B2,beacco,1.5139,4.7754,0.0,0.0,1.2455,1.5139,52.1857,0.0,4.7754,0.0,0.0,0.3906,2.2839,49.0825,0.0,4.5381,B2,word_pos,courbe,N,courbe,NOM
écosystème,NOUN,B2,beacco,1.5139,4.7617,0.0,0.4228,1.1829,1.5139,6.1515,28.8683,4.7617,0.0,0.6008,0.438,2.2839,8.2781,19.328,4.3861,B2,word_pos,écosystème,N,écosystème,NOM
exigence,NOUN,B2,beacco,1.5139,4.7403,0.0,0.3702,3.6488,1.5139,12.4046,19.2455,4.7403,0.0,0.606,3.6187,2.2839,6.0005,19.328,4.4654,B2,word_pos,exigence,N,exigence,NOM
déroulement,NOUN,B2,beacco,1.5139,4.6612,0.0,0.0,0.1155,1.5139,18.6069,67.5905,4.6612,0.0,0.0,0.2331,2.2839,12.0009,93.687,5.2855,B2,word_pos,déroulement,N,déroulement,NOM
cotisation,NOUN,B2,beacco,1.5139,4.6426,0.0,0.0,4.4676,1.5139,8.021,25.9752,4.6426,0.0,0.0,5.4966,2.2839,10.3269,51.3319,7.8369,B2,word_pos,cotisation,N,cotisation,NOM
jadis,ADV,B2,beacco,1.5139,3.9951,0.0,0.0,1.4582,1.5139,3.2084,76.982,3.9951,0.0,0.0,1.1062,0.0,3.4423,77.312,3.716,B2,word_pos,jadis,ADV,jadis,ADV
scander,VERB,B2,beacco,1.5139,3.9152,0.0,0.0,0.7236,1.5139,17.3764,48.1138,3.9152,0.0,0.0,0.6378,2.2839,6.0005,19.328,2.2142,B2,word_pos,scander,V,scander,VER
relief,NOUN,B2,beacco,1.5139,3.8704,0.0,0.0,0.7236,1.5139,49.2438,0.0,3.8704,0.0,0.0,0.6378,2.2839,26.3397,0.0,3.0555,B2,word_pos,relief,N,relief,NOM
autonome,ADJ,B2,beacco,1.5139,3.8526,0.0,0.0944,3.0302,1.5139,8.2019,9.6228,3.8526,0.0,0.1937,2.9905,2.2839,4.139,19.328,4.5451,B2,word_pos,autonome,A,autonome,ADJ
titulaire,ADJ,B2,beacco,1.5139,3.7804,0.0,0.4879,1.2023,1.5139,0.0,28.471,3.7804,0.0,0.0,0.4665,2.2839,0.0,56.1429,3.4574,B2,word_pos,titulaire,A,titulaire,ADJ
gentillesse,NOUN,B2,beacco,1.5139,3.6833,0.0,0.5897,4.5145,1.5139,4.8126,0.0,3.6833,0.0,0.6111,5.9472,2.2839,6.8846,0.0,4.9915,B2,word_pos,gentillesse,N,gentillesse,NOM
coupure,NOUN,B2,beacco,1.5139,3.5734,0.0,0.2117,0.4152,1.5139,18.4544,0.0,3.5734,0.0,0.4157,0.3906,2.2839,12.4171,0.0,3.7229,B2,word_pos,coupure,N,coupure,NOM
insuffisant,ADJ,B2,beacco,1.5139,3.5517,0.0,0.3702,5.6031,1.5139,9.8488,0.0,3.5517,0.0,0.606,4.9147,2.2839,20.024,0.0,5.2984,B2,word_pos,insuffisant,A,insuffisant,ADJ
constructeur,NOUN,B2,beacco,1.5139,3.5194,0.0,0.2527,3.9128,1.5139,15.7275,0.0,3.5194,0.0,0.5137,0.6378,2.2839,12.0009,0.0,3.0968,B2,word_pos,constructeur,N,constructeur,NOM
fonctionnel,ADJ,B2,beacco,1.5139,3.4842,0.0,0.7405,2.7457,1.5139,0.0,48.1138,3.4842,0.0,0.606,3.6048,2.2839,0.0,57.984,5.2799,B2,word_pos,fonctionnel,A,fonctionnel,ADJ
environnant,ADJ,B2,beacco,1.5139,3.4563,0.0,0.0,15.0301,1.5139,0.0,0.0,3.4563,0.0,0.0,6.6559,2.2839,0.0,0.0,2.5196,B2,word_pos,environnant,A,environnant,ADJ
encadrement,NOUN,B2,beacco,1.5139,3.4485,0.0,0.3209,1.4195,1.5139,8.2019,0.0,3.4485,0.0,0.6228,0.8759,2.2839,12.4171,0.0,4.5008,B2,word_pos,encadrement,N,encadrement,NOM
architectural,ADJ,B2,beacco,1.5139,3.4358,0.0,0.0,14.4637,1.5139,0.0,0.0,3.4358,0.0,0.0,9.727,2.2839,0.0,0.0,3.0587,B2,word_pos,architectural,A,architectural,ADJ
conforme,ADJ,B2,beacco,1.5139,3.4284,0.0,0.0,7.9813,1.5139,1.6042,9.6228,3.4284,0.0,0.0,7.0301,2.2839,3.4423,19.328,4.8496,B2,word_pos,conforme,A,conforme,ADJ
réalisme,NOUN,B2,beacco,1.5139,3.4026,0.0,0.0,9.9181,1.5139,4.101,0.0,3.4026,0.0,0.0,12.1517,2.2839,4.139,0.0,5.3944,B2,word_pos,réalisme,N,réalisme,NOM
attractif,ADJ,B2,beacco,1.5139,3.3796,0.5025,0.0,4.3292,1.5139,0.0,28.8683,3.3796,0.9051,0.0,5.3614,2.2839,0.0,38.656,5.0868,B2,word_pos,attractif,A,attractif,ADJ
bloc,NOUN,B2,beacco,1.5139,3.2808,0.0,0.1306,10.1902,1.5139,0.0,0.0,3.2808,0.0,0.1865,15.9144,2.2839,0.0,0.0,6.2461,B2,word_pos,bloc,N,bloc,NOM
quasi,ADV,B2,beacco,1.5139,3.2646,0.0,0.0,5.1243,1.5139,4.101,6.4938,3.2646,0.0,0.0,5.4966,2.2839,8.2781,12.833,4.4238,B2,word_pos,quasi,ADV,quasi,ADV
lucratif,ADJ,B2,beacco,1.5139,3.2526,0.0,0.0,8.1689,1.5139,4.101,0.0,3.2526,0.0,0.0,5.5016,2.2839,4.139,0.0,3.0466,B2,word_pos,lucratif,A,lucratif,ADJ
parfumer,VERB,B2,beacco,1.5139,3.2129,0.0,0.0,0.2916,1.5139,9.3035,78.0921,3.2129,0.0,0.0,0.5531,2.2839,12.0009,8.037,3.8732,B2,word_pos,parfumer,V,parfumer,VER
équivaloir,VERB,B2,beacco,1.5139,3.1894,0.0,0.0,2.8989,1.5139,4.101,28.5334,3.1894,0.0,0.0,3.7375,4.5679,19.861,56.7717,6.3427,B2,word_pos,équivaloir,V,équivaloir,VER
habitat,NOUN,B2,beacco,1.5139,3.1883,0.0,0.6351,8.5901,1.5139,0.0,0.0,3.1883,0.0,0.4157,9.9696,2.2839,0.0,0.0,4.0983,B2,word_pos,habitat,N,habitat,NOM
générer,VERB,B2,beacco,1.5139,3.1865,0.0,0.0,0.7214,1.5139,12.7628,28.8683,3.1865,0.0,0.0,0.4665,2.2839,20.024,19.328,3.2923,B2,word_pos,générer,V,générer,VER
dictionnaire,NOUN,B2,beacco,1.5139,3.128,0.0,0.3702,8.2101,1.5139,0.0,0.0,3.128,0.0,0.606,7.143,2.2839,0.0,0.0,3.7441,B2,word_pos,dictionnaire,N,dictionnaire,NOM
alarme,NOUN,B2,beacco,1.5139,3.1108,0.0,0.3918,3.6368,1.5139,13.8696,0.0,3.1108,0.0,0.1865,3.5636,2.2839,27.9938,0.0,4.5251,B2,word_pos,alarme,N,alarme,NOM
défaire,VERB,B2,beacco,1.5139,2.9091,0.0,0.0,0.2041,1.5139,38.9993,0.0,2.9091,0.0,0.0,0.4317,2.2839,40.1357,0.0,3.5894,B2,word_pos,défaire,V,défaire,VER
rémunération,NOUN,B2,beacco,1.5139,2.8838,0.0,0.4234,0.7236,1.5139,6.2023,19.2455,2.8838,0.0,0.4157,1.2756,2.2839,12.0009,19.328,4.3964,B2,word_pos,rémunération,N,rémunération,NOM
remédier,VERB,B2,beacco,1.5139,2.8533,0.0,0.0,1.8673,1.5139,24.3636,0.0,2.8533,0.0,0.0,3.6048,2.2839,27.9938,0.0,4.3711,B2,word_pos,remédier,V,remédier,VER
concession,NOUN,B2,beacco,1.5139,2.8513,0.0,0.0,4.0126,1.5139,0.0,39.0461,2.8513,0.0,0.0,3.7679,2.2839,0.0,4.0185,2.5821,B2,word_pos,concession,N,concession,NOM
investissement,NOUN,B2,beacco,1.5139,2.8412,0.0,0.0,0.2366,1.5139,2.0505,136.4037,2.8412,0.0,0.0,0.438,2.2839,4.139,77.4712,3.7103,B2,word_pos,investissement,N,investissement,NOM
abolir,VERB,B2,beacco,1.5139,2.8216,0.0,0.0,0.3618,1.5139,38.2901,0.0,2.8216,0.0,0.0,0.6378,2.2839,62.3406,0.0,5.4191,B2,word_pos,abolir,V,abolir,VER
enceinte,ADJ,B2,beacco,1.5139,2.6493,0.0,2.229,4.178,1.5139,0.0,0.0,2.6493,0.0,0.4157,0.6378,0.0,0.0,0.0,0.5634,B2,word_pos,enceinte,A,enceinte,ADJ
déterminant,ADJ,B2,beacco,1.5139,2.641,0.0,0.0,4.6661,1.5139,3.1012,9.6228,2.641,0.0,0.0,0.5531,2.2839,0.0,0.0,0.6971,B2,word_pos,déterminant,A,déterminant,ADJ
séisme,NOUN,B2,beacco,1.5139,2.6139,0.0,0.0,0.5833,1.5139,24.8092,0.0,2.6139,0.0,0.0,0.5531,2.2839,24.0018,0.0,3.319,B2,word_pos,séisme,N,séisme,NOM
indemnité,NOUN,B2,beacco,1.5139,2.579,0.0,0.6418,5.9947,1.5139,0.0,0.0,2.579,0.0,0.6228,7.3728,2.2839,0.0,0.0,3.5629,B2,word_pos,indemnité,N,indemnité,NOM
rentable,ADJ,B2,beacco,1.5139,2.5687,0.0,0.0,1.8838,1.5139,19.6566,0.0,2.5687,0.0,0.0,3.5957,2.2839,27.9938,0.0,4.4193,B2,word_pos,rentable,A,rentable,ADJ
recopier,VERB,B2,beacco,1.5139,2.5489,1.0953,0.0303,3.3542,1.5139,0.0,0.0,2.5489,0.5987,0.0,2.6301,2.2839,0.0,0.0,2.0145,B2,word_pos,recopier,V,recopier,VER
creuset,NOUN,B2,beacco,1.5139,2.5372,0.0,0.0,0.2405,1.5139,8.2019,25.9752,2.5372,0.0,0.0,0.4665,2.2839,8.2781,12.833,2.6264,B2,word_pos,creuset,N,creuset,NOM
activer,VERB,B2,beacco,1.5139,2.422,0.0,2.0176,2.3245,1.5139,0.0,9.6228,2.422,0.0,0.1865,0.3906,0.0,0.0,19.328,1.0334,B2,word_pos,activer,V,activer,VER
pourcentage,NOUN,B2,beacco,1.5139,2.4144,0.0,0.0,0.2076,1.5139,16.8923,6.4938,2.4144,0.0,0.0,0.3906,2.2839,20.6179,12.833,3.1212,B2,word_pos,pourcentage,N,pourcentage,NOM
immobilier,NOUN,B2,beacco,1.5139,2.4091,0.5693,0.0,2.8098,1.5139,0.0,19.2455,2.4091,1.1764,0.0,5.2486,2.2839,0.0,19.328,4.0142,B2,word_pos,immobilier,N,immobilier,NOM
intermédiaire,NOUN,B2,beacco,1.5139,2.3223,0.0,0.7405,1.5151,1.5139,3.2084,0.0,2.3223,0.171,0.606,7.6455,31.7474,20.024,0.0,8.4673,B2,word_pos,intermédiaire,N,intermédiaire,NOM
trentenaire,ADJ,B2,beacco,1.5139,2.263,4.9957,0.0,2.4869,1.5139,0.0,9.6228,2.263,1.8928,0.0,3.6187,9.0915,0.0,19.328,4.9802,B2,word_pos,trentenaire,A,trentenaire,ADJ
anthropologique,ADJ,B2,beacco,1.5139,2.2511,0.0,0.0,0.5833,1.5139,19.6566,0.0,2.2511,0.0,0.0,0.5531,2.2839,20.6179,0.0,2.5415,B2,word_pos,anthropologique,A,anthropologique,ADJ
attraction,NOUN,B2,beacco,1.5139,2.1882,0.4068,0.0,5.4415,1.5139,0.0,0.0,2.1882,0.8075,0.0,6.9576,2.2839,0.0,0.0,3.4905,B2,word_pos,attraction,N,attraction,NOM
rigoureux,ADJ,B2,beacco,1.5139,2.1189,0.0,0.0,0.7097,1.5139,14.569,0.0,2.1189,0.0,0.0,0.438,2.2839,19.861,0.0,2.5935,B2,word_pos,rigoureux,A,rigoureux,ADJ
intéressé,ADJ,B2,beacco,1.5139,2.1159,0.4068,2.0505,1.8266,1.5139,0.0,0.0,2.1159,0.0,0.0,3.5822,2.2839,0.0,12.833,2.5755,B2,word_pos,intéressé,A,intéressé,ADJ
revêtir,VERB,B2,beacco,1.5139,2.1053,0.5081,0.0,2.4677,1.5139,9.8067,0.0,2.1053,0.5504,0.0,3.6369,2.2839,19.861,0.0,3.9042,B2,word_pos,revêtir,V,revêtir,VER
densité,NOUN,B2,beacco,1.5139,2.0873,0.0816,0.0,3.6558,1.5139,15.6669,0.0,2.0873,0.171,0.0,3.5822,2.2839,20.024,0.0,2.3368,B2,word_pos,densité,N,densité,NOM
écho,NOUN,B2,beacco,1.5139,2.0828,0.0,0.3209,2.7483,1.5139,2.0505,0.0,2.0828,0.0,0.6228,7.3951,9.0915,4.139,0.0,5.956,B2,word_pos,écho,N,écho,NOM
tyrannie,NOUN,B2,beacco,1.5139,2.0695,0.0,0.0,4.5481,1.5139,0.0,9.6228,2.0695,0.0,0.0,1.1062,2.2839,6.0005,19.328,2.5008,B2,word_pos,tyrannie,N,tyrannie,NOM
dorénavant,ADV,B2,beacco,1.5139,1.935,0.0,0.0,0.3401,1.5139,6.2023,28.8683,1.935,0.0,0.0,0.5857,2.2839,6.0005,19.328,2.2058,B2,word_pos,dorénavant,ADV,dorénavant,ADV
territorial,ADJ,B2,beacco,1.5139,1.9315,0.0,0.0,1.4582,1.5139,6.1515,0.0,1.9315,0.0,0.0,0.5531,2.2839,4.139,0.0,1.555,B2,word_pos,territorial,A,territorial,ADJ
honorer,VERB,B2,beacco,1.5139,1.9251,7.4442,0.2152,0.0,1.5139,0.0,0.0,1.9251,7.5737,0.186,0.0,2.2839,0.0,0.0,2.2331,B2,word_pos,honorer,V,honorer,VER
fiançailles,NOUN,B2,beacco,1.5139,1.8945,0.0,0.0,7.1591,1.5139,0.0,0.0,1.8945,0.0,0.0,7.2691,0.0,0.0,0.0,1.4823,B2,word_pos,fiançailles,N,fiançailles,NOM
idéaliser,VERB,B2,beacco,1.5139,1.8524,0.0,0.0,0.5833,1.5139,3.2084,9.6228,1.8524,0.0,0.0,0.5531,2.2839,3.4423,19.328,2.5435,B2,word_pos,idéaliser,V,idéaliser,VER
variation,NOUN,B2,beacco,1.5139,1.8189,0.0,0.0,6.8742,1.5139,0.0,0.0,1.8189,0.0,0.0,4.7719,2.2839,0.0,0.0,1.831,B2,word_pos,variation,N,variation,NOM
mirage,NOUN,B2,beacco,1.5139,1.7404,0.0,0.0,6.567,1.5139,0.0,0.0,1.7404,0.0,0.0,3.6187,2.2839,0.0,0.0,1.5454,B2,word_pos,mirage,N,mirage,NOM
modification,NOUN,B2,beacco,1.5139,1.7337,0.0,0.0,0.4152,1.5139,3.1012,19.4814,1.7337,0.0,0.0,0.3906,2.2839,6.0005,12.833,2.4374,B2,word_pos,modification,N,modification,NOM
facette,NOUN,B2,beacco,1.5139,1.7327,0.0,0.0,0.3618,1.5139,16.4039,0.0,1.7327,0.0,0.0,0.6378,2.2839,8.2781,0.0,2.1447,B2,word_pos,facette,N,facette,NOM
rude,ADJ,B2,beacco,1.5139,1.6645,0.0,0.3209,0.0,1.5139,1.6042,28.8683,1.6645,0.0,0.6228,0.0,2.2839,3.4423,19.328,2.5279,B2,word_pos,rude,A,rude,ADJ
colossal,ADJ,B2,beacco,1.5139,1.6262,0.0,0.0,6.2213,1.5139,0.0,0.0,1.6262,0.0,0.0,3.5715,2.2839,0.0,0.0,1.5659,B2,word_pos,colossal,A,colossal,ADJ
impressionner,VERB,B2,beacco,1.5139,1.6105,0.0,0.0,5.7343,1.5139,0.0,0.0,1.6105,0.0,0.0,4.7422,2.2839,0.0,0.0,1.8315,B2,word_pos,impressionner,V,impressionner,VER
décentraliser,VERB,B2,beacco,1.5139,1.6063,0.0,0.0,0.0,1.5139,6.4168,12.9876,1.6063,0.0,0.0,0.0,2.2839,17.2115,12.833,2.6786,B2,word_pos,décentraliser,V,décentraliser,VER
flamber,VERB,B2,beacco,1.5139,1.6037,0.0,0.0,1.808,1.5139,6.2023,0.0,1.6037,0.0,0.0,3.4815,2.2839,6.0005,0.0,2.4483,B2,word_pos,flamber,V,flamber,VER
équivalent,ADJ,B2,beacco,1.5139,1.5475,1.1385,0.0,0.0,1.5139,1.6042,12.9876,1.5475,1.1764,0.0,0.0,0.0,20.024,44.6051,2.7965,B2,word_pos,équivalent,A,équivalent,ADJ
infiltration,NOUN,B2,beacco,1.5139,1.5363,0.0,0.0,0.2916,1.5139,12.4046,0.0,1.5363,0.0,0.0,0.5531,2.2839,6.0005,0.0,1.5332,B2,word_pos,infiltration,N,infiltration,NOM
rallonger,VERB,B2,beacco,1.5139,1.5039,0.0,0.0,0.0,1.5139,12.7628,6.4938,1.5039,0.0,0.0,0.0,2.2839,20.024,12.833,2.5855,B2,word_pos,rallonger,V,rallonger,VER
indemniser,VERB,B2,beacco,1.5139,1.4893,0.0,0.0,0.8156,1.5139,8.2019,0.0,1.4893,0.0,0.0,0.185,2.2839,4.139,0.0,1.5415,B2,word_pos,indemniser,V,indemniser,VER
déconnecter,VERB,B2,beacco,1.5139,1.4853,0.0,0.0,0.0,1.5139,24.6958,0.0,1.4853,0.0,0.0,0.0,2.2839,19.861,0.0,1.5829,B2,word_pos,déconnecter,V,déconnecter,VER
concéder,VERB,B2,beacco,1.5139,1.4638,0.0,0.0,1.0854,1.5139,3.2084,0.0,1.4638,0.0,0.0,0.6378,2.2839,3.4423,0.0,1.5776,B2,word_pos,concéder,V,concéder,VER
peupler,VERB,B2,beacco,1.5139,1.4498,0.0,0.0,5.2801,1.5139,0.0,0.0,1.4498,0.0,0.2129,2.9063,2.2839,0.0,0.0,2.4663,B2,word_pos,peupler,V,peupler,VER
défier,VERB,B2,beacco,1.5139,1.424,0.0,0.0,0.4081,1.5139,2.0505,6.4938,1.424,0.0,0.0,0.8634,2.2839,4.139,12.833,2.3858,B2,word_pos,défier,V,défier,VER
crucial,ADJ,B2,beacco,1.5139,1.3377,0.0,0.0,0.2366,1.5139,0.0,76.982,1.3377,0.0,0.0,0.438,2.2839,0.0,57.984,2.7889,B2,word_pos,crucial,A,crucial,ADJ
ver,NOUN,B2,beacco,1.5139,1.3137,0.0,0.0,0.6884,1.5139,0.0,4.1173,1.3137,0.0,0.0,0.487,2.2839,0.0,4.0185,1.5509,B2,word_pos,ver,N,ver,NOM
souiller,VERB,B2,beacco,1.5139,1.3069,0.0,0.0,0.4732,1.5139,6.2023,0.0,1.3069,0.0,0.0,0.438,2.2839,12.0009,0.0,2.2206,B2,word_pos,souiller,V,souiller,VER
recharger,VERB,B2,beacco,1.5139,1.3068,0.0,0.0,4.658,1.5139,0.0,0.0,1.3068,0.0,0.0,3.6369,2.2839,0.0,0.0,1.546,B2,word_pos,recharger,V,recharger,VER
résolution,NOUN,B2,beacco,1.5139,1.2376,0.0,0.0,1.3603,1.5139,2.0505,0.0,1.2376,0.0,0.0,1.1713,2.2839,4.139,0.0,1.8848,B2,word_pos,résolution,N,résolution,NOM
meurtrier,ADJ,B2,beacco,1.5139,1.2325,0.0,2.5369,0.0,1.5139,6.2023,0.0,1.2325,0.8346,0.5137,0.0,0.0,0.0,0.0,0.6162,B2,word_pos,meurtrier,A,meurtrier,ADJ
baba,ADJ,B2,beacco,1.5139,1.2193,0.5025,0.0,0.0,1.5139,9.3035,0.0,1.2193,0.0,0.0,0.0,2.2839,6.0005,0.0,0.7085,B2,word_pos,baba,A,baba,ADJ
cosmopolite,ADJ,B2,beacco,1.5139,1.178,0.5304,0.0,2.8448,1.5139,0.0,0.0,1.178,0.4856,0.0,3.7062,2.2839,0.0,0.0,1.8634,B2,word_pos,cosmopolite,A,cosmopolite,ADJ
compétent,ADJ,B2,beacco,1.5139,1.1702,0.0,0.0,3.6656,1.5139,0.0,0.0,1.1702,0.0,0.0,5.5016,2.2839,0.0,0.0,2.0116,B2,word_pos,compétent,A,compétent,ADJ
breuvage,NOUN,B2,beacco,1.5139,1.1623,0.0,0.0,0.3401,1.5139,4.8126,0.0,1.1623,0.0,0.0,0.5857,2.2839,3.4423,0.0,1.5713,B2,word_pos,breuvage,N,breuvage,NOM
processeur,NOUN,B2,beacco,1.5139,1.1524,0.0,0.0,0.0,1.5139,19.2505,0.0,1.1524,0.0,0.0,0.0,2.2839,10.3269,0.0,1.2308,B2,word_pos,processeur,N,processeur,NOM
teinte,NOUN,B2,beacco,1.5139,1.0484,0.0,0.4413,1.5692,1.5139,0.0,0.0,1.0484,0.0,0.2129,7.0412,0.0,0.0,0.0,2.409,B2,word_pos,teinte,N,teinte,NOM
contraste,NOUN,B2,beacco,1.5139,1.021,1.4987,0.0,0.5833,1.5139,0.0,0.0,1.021,0.9464,0.0,0.5531,4.5679,0.0,0.0,2.0172,B2,word_pos,contraste,N,contraste,NOM
astronome,NOUN,B2,beacco,1.5139,1.0147,0.0,0.0,0.2366,1.5139,4.101,0.0,1.0147,0.0,0.0,0.438,2.2839,4.139,0.0,1.5822,B2,word_pos,astronome,N,astronome,NOM
prompt,ADJ,B2,beacco,1.5139,1.0124,0.0,0.0,0.0,1.5139,2.0505,28.8683,1.0124,0.0,0.0,0.0,2.2839,4.139,19.328,1.5897,B2,word_pos,prompt,A,prompt,ADJ
assouplir,VERB,B2,beacco,1.5139,1.0008,0.0,0.0,0.3618,1.5139,3.2084,0.0,1.0008,0.0,0.0,0.6378,2.2839,3.4423,0.0,1.5776,B2,word_pos,assouplir,V,assouplir,VER
floraison,NOUN,B2,beacco,1.5139,0.9886,0.0,0.0,0.6802,1.5139,1.6042,0.0,0.9886,0.0,0.0,0.5857,2.2839,3.4423,0.0,1.5713,B2,word_pos,floraison,N,floraison,NOM
archive,NOUN,B2,crf_first_attested,1.5139,0.9848,0.0,0.0,0.0,1.5139,15.5058,0.0,0.9848,,,,,,,,,crf_only,archive,N,,
différencié,ADJ,B2,crf_first_attested,1.5139,0.9848,0.0,0.0,0.0,1.5139,15.5058,0.0,0.9848,,,,,,,,,crf_only,différencié,A,,
dériver,VERB,B2,beacco,1.5139,0.9357,0.0,0.4071,0.0,1.5139,6.2023,0.0,0.9357,0.0,0.7702,0.0,2.2839,6.0005,0.0,1.2168,B2,word_pos,dériver,V,dériver,VER
ouragan,NOUN,B2,beacco,1.5139,0.9161,0.0,0.0,0.5833,1.5139,3.1012,0.0,0.9161,0.0,0.0,0.5531,2.2839,6.0005,0.0,1.5332,B2,word_pos,ouragan,N,ouragan,NOM
moniteur,NOUN,B2,beacco,1.5139,0.8765,0.0,3.2926,0.0,1.5139,0.0,0.0,0.8765,0.0,6.7083,0.0,0.0,0.0,0.0,0.9766,B2,word_pos,moniteur,N,moniteur,NOM
provisoirement,ADV,B2,beacco,1.5139,0.8682,0.0,0.0,0.3618,1.5139,0.0,19.4814,0.8682,0.0,0.0,0.6378,2.2839,0.0,12.833,1.5732,B2,word_pos,provisoirement,ADV,provisoirement,ADV
de toute,ADV,B2,crf_first_attested,1.5139,0.8635,0.0,0.0,0.0,1.5139,12.4046,0.0,0.8635,,,,,,,,,crf_only,de toute,ADV,,
mandataire,NOUN,B2,beacco,1.5139,0.8219,0.0,0.0,0.0,1.5139,9.6252,0.0,0.8219,0.0,0.0,0.0,2.2839,20.6538,0.0,1.7109,B2,word_pos,mandataire,N,mandataire,NOM
volupté,NOUN,B2,beacco,1.5139,0.7944,0.0,0.0,0.2366,1.5139,3.1012,0.0,0.7944,0.0,0.0,0.438,2.2839,6.0005,0.0,1.5662,B2,word_pos,volupté,N,volupté,NOM
enfanter,VERB,B2,beacco,1.5139,0.7908,0.0,0.5897,0.2366,1.5139,0.0,0.0,0.7908,0.0,0.6111,0.438,2.2839,0.0,0.0,1.4651,B2,word_pos,enfanter,V,enfanter,VER
accélération,NOUN,B2,beacco,1.5139,0.7721,0.0,0.0,0.0,1.5139,2.0505,9.6228,0.7721,0.0,0.0,0.0,2.2839,4.139,19.328,1.5897,B2,word_pos,accélération,N,accélération,NOM
obtention,NOUN,B2,beacco,1.5139,0.7721,0.0,0.0,0.0,1.5139,2.0505,9.6228,0.7721,0.0,0.0,0.0,2.2839,4.139,19.328,1.5897,B2,word_pos,obtention,N,obtention,NOM
syllabe,NOUN,B2,beacco,1.5139,0.7562,0.0,0.0,1.8239,1.5139,0.0,0.0,0.7562,0.0,0.0,3.5051,2.2839,0.0,0.0,1.5202,B2,word_pos,syllabe,N,syllabe,NOM
consultatif,ADJ,B2,beacco,1.5139,0.7544,0.0,0.0,1.8328,1.5139,0.0,0.0,0.7544,0.0,0.0,3.5156,2.2839,0.0,0.0,1.5175,B2,word_pos,consultatif,A,consultatif,ADJ
préjudice,NOUN,B2,beacco,1.5139,0.7521,0.0,0.3702,0.0,1.5139,1.6042,0.0,0.7521,0.0,0.606,0.0,2.2839,3.4423,0.0,1.535,B2,word_pos,préjudice,N,préjudice,NOM
associé,NOUN,B2,beacco,1.5139,0.7392,0.0,0.4234,0.0,1.5139,0.0,9.6228,0.7392,0.0,0.4157,0.0,2.2839,0.0,19.328,1.2557,B2,word_pos,associé,N,associé,NOM
autochtone,NOUN,B2,beacco,1.5139,0.7392,0.0,0.4879,0.3618,1.5139,0.0,0.0,0.7392,0.0,0.4664,0.6378,2.2839,0.0,0.0,1.5036,B2,word_pos,autochtone,N,autochtone,NOM
vandalisme,NOUN,B2,beacco,1.5139,0.7387,0.0,2.9647,0.0,1.5139,0.0,0.0,0.7387,0.0,0.6228,0.0,2.2839,0.0,0.0,0.6897,B2,word_pos,vandalisme,N,vandalisme,NOM
relancer,VERB,B2,beacco,1.5139,0.711,0.0,0.0,0.0,1.5139,3.1012,6.4938,0.711,0.0,0.0,0.0,2.2839,6.0005,12.833,1.5897,B2,word_pos,relancer,V,relancer,VER
multiculturel,ADJ,B2,crf_first_attested,1.5139,0.7107,0.0,0.0,0.0,1.5139,8.2019,0.0,0.7107,,,,,,,,,crf_only,multiculturel,A,,
effectif,ADJ,B2,beacco,1.5139,0.7025,0.0,0.0,0.0,1.5139,0.0,67.3593,0.7025,0.0,0.0,0.0,2.2839,0.0,19.328,0.7085,B2,word_pos,effectif,A,effectif,ADJ
débiteur,ADJ,B2,beacco,1.5139,0.6817,0.0,0.0,0.0,1.5139,6.4168,0.0,0.6817,0.0,0.0,0.0,2.2839,6.8846,0.0,1.0113,B2,word_pos,débiteur,A,débiteur,ADJ
loufoque,ADJ,B2,beacco,1.5139,0.6817,0.0,0.0,0.0,1.5139,6.4168,0.0,0.6817,0.0,0.0,0.0,2.2839,3.4423,0.0,0.7118,B2,word_pos,loufoque,A,loufoque,ADJ
arsenal,NOUN,B2,beacco,1.5139,0.6607,0.0,0.0,1.3603,1.5139,0.0,0.0,0.6607,0.0,0.0,0.5857,2.2839,0.0,0.0,0.7014,B2,word_pos,arsenal,N,arsenal,NOM
entraver,VERB,B2,beacco,1.5139,0.6607,0.0,0.0,1.3603,1.5139,0.0,0.0,0.6607,0.0,0.0,0.5857,2.2839,0.0,0.0,0.7014,B2,word_pos,entraver,V,entraver,VER
coexistence,NOUN,B2,beacco,1.5139,0.6601,0.0,0.0,0.0,1.5139,0.0,57.7365,0.6601,0.0,0.0,0.0,2.2839,0.0,19.328,0.7085,B2,word_pos,coexistence,N,coexistence,NOM
malicieux,ADJ,B2,beacco,1.5139,0.6592,0.0,0.0,1.5416,1.5139,0.0,0.0,0.6592,0.0,0.0,5.0096,2.2839,6.0005,0.0,2.7534,B2,word_pos,malicieux,A,malicieux,ADJ
allouer,VERB,B2,beacco,1.5139,0.6194,0.0,0.0,0.0,1.5139,6.1515,0.0,0.6194,0.0,0.0,0.0,2.2839,4.139,0.0,0.7167,B2,word_pos,allouer,V,allouer,VER
fiscal,ADJ,B2,beacco,1.5139,0.6194,0.0,0.0,0.0,1.5139,6.1515,0.0,0.6194,0.0,0.0,0.0,2.2839,8.2781,0.0,1.1145,B2,word_pos,fiscal,A,fiscal,ADJ
apogée,NOUN,B2,beacco,1.5139,0.5978,0.0,0.0,0.0,1.5139,0.0,6.176,0.5978,0.0,0.0,0.0,2.2839,0.0,4.0185,0.7118,B2,word_pos,apogée,N,apogée,NOM
brebis,NOUN,B2,beacco,1.5139,0.5921,0.0,0.0,1.5137,1.5139,0.0,0.0,0.5921,0.0,0.0,2.4712,2.2839,0.0,0.0,1.5373,B2,word_pos,brebis,N,brebis,NOM
versement,NOUN,B2,beacco,1.5139,0.5821,0.0,0.0,1.0202,1.5139,0.0,0.0,0.5821,0.0,0.0,0.5857,2.2839,0.0,0.0,0.7014,B2,word_pos,versement,N,versement,NOM
appréciable,ADJ,B2,beacco,1.5139,0.567,0.0,0.0,0.0,1.5139,6.2023,0.0,0.567,0.0,0.0,0.0,2.2839,6.0005,0.0,0.7085,B2,word_pos,appréciable,A,appréciable,ADJ
irrésistible,ADJ,B2,beacco,1.5139,0.567,0.0,0.0,0.0,1.5139,6.2023,0.0,0.567,0.0,0.0,0.0,2.2839,6.0005,0.0,0.7085,B2,word_pos,irrésistible,A,irrésistible,ADJ
magnitude,NOUN,B2,beacco,1.5139,0.567,0.0,0.0,0.0,1.5139,6.2023,0.0,0.567,0.0,0.0,0.0,2.2839,6.0005,0.0,0.7085,B2,word_pos,magnitude,N,magnitude,NOM
épandre,VERB,B2,beacco,1.5139,0.567,0.0,0.0,0.0,1.5139,6.2023,0.0,0.567,0.0,0.0,0.0,2.2839,6.0005,0.0,0.7085,B2,word_pos,épandre,V,épandre,VER
conciliation,NOUN,B2,beacco,1.5139,0.5645,0.0,0.0,0.0,1.5139,0.0,38.491,0.5645,0.0,0.0,0.0,2.2839,0.0,19.328,0.7085,B2,word_pos,conciliation,N,conciliation,NOM
unanime,ADJ,B2,beacco,1.5139,0.547,0.0,0.0,0.9618,1.5139,0.0,0.0,0.547,0.0,0.0,0.933,2.2839,0.0,0.0,0.8809,B2,word_pos,unanime,A,unanime,ADJ
malignité,NOUN,B2,beacco,1.5139,0.5424,0.0,0.0,0.8749,1.5139,0.0,0.0,0.5424,0.0,0.0,0.5531,2.2839,0.0,0.0,0.6971,B2,word_pos,malignité,N,malignité,NOM
double,NOUN,B2,beacco,1.5139,0.5227,0.3158,0.0,0.0,1.5139,3.1012,0.0,0.5227,0.6291,0.0,0.3059,18.4484,3.4423,0.0,4.5884,B2,word_pos,double,N,double,NOM
dans son ensemble,ADV,B2,crf_first_attested,1.5139,0.5091,0.0,0.0,0.0,1.5139,4.101,0.0,0.5091,,,,,,,,,crf_only,dans son ensemble,ADV,,
prospère,ADJ,B2,beacco,1.5139,0.5091,0.0,0.0,0.0,1.5139,4.101,0.0,0.5091,0.0,0.0,0.0,2.2839,4.139,19.328,1.5897,B2,word_pos,prospère,A,prospère,ADJ
montage,NOUN,B2,beacco,1.5139,0.5085,0.2541,0.0,0.0,1.5139,1.6042,0.0,0.5085,0.5504,0.0,0.0,2.2839,3.4423,0.0,1.0587,B2,word_pos,montage,N,montage,NOM
abréger,VERB,B2,beacco,1.5139,0.504,0.0,0.0,0.4732,1.5139,0.0,0.0,0.504,0.0,0.0,0.438,2.2839,0.0,0.0,0.7115,B2,word_pos,abréger,V,abréger,VER
montagnard,ADJ,B2,beacco,1.5139,0.504,0.0,0.0,0.4732,1.5139,0.0,0.0,0.504,0.0,0.0,0.438,2.2839,0.0,0.0,0.7115,B2,word_pos,montagnard,A,montagnard,ADJ
comble,NOUN,B2,beacco,1.5139,0.4967,0.0,0.0,0.7236,1.5139,0.0,0.0,0.4967,0.0,0.0,0.6378,2.2839,0.0,0.0,0.7068,B2,word_pos,comble,N,comble,NOM
radin,NOUN,B2,beacco,1.5139,0.4967,0.0,0.0,0.7236,1.5139,0.0,0.0,0.4967,0.0,0.0,0.6378,2.2839,0.0,0.0,0.7068,B2,word_pos,radin,N,radin,NOM
pudique,ADJ,B2,beacco,1.5139,0.4579,0.0,0.0,0.6228,1.5139,0.0,0.0,0.4579,0.0,0.0,0.3906,2.2839,0.0,0.0,0.6595,B2,word_pos,pudique,A,pudique,ADJ
libératoire,ADJ,B2,beacco,1.5139,0.4387,0.0,0.0,0.0,1.5139,0.0,19.2455,0.4387,0.0,0.0,0.0,2.2839,0.0,19.328,0.7085,B2,word_pos,libératoire,A,libératoire,ADJ
médiation,NOUN,B2,beacco,1.5139,0.4387,0.0,0.0,0.0,1.5139,0.0,19.2455,0.4387,0.0,0.0,0.0,2.2839,0.0,19.328,0.7085,B2,word_pos,médiation,N,médiation,NOM
résorber,VERB,B2,beacco,1.5139,0.4387,0.0,0.0,0.0,1.5139,0.0,19.2455,0.4387,0.0,0.0,0.0,2.2839,0.0,19.328,0.7085,B2,word_pos,résorber,V,résorber,VER
supplanter,VERB,B2,beacco,1.5139,0.4011,0.0,0.0,0.4081,1.5139,0.0,0.0,0.4011,0.0,0.0,0.4317,2.2839,0.0,0.0,0.6722,B2,word_pos,supplanter,V,supplanter,VER
approvisionner,VERB,B2,beacco,1.5139,0.3648,0.0,0.0,0.0,1.5139,3.1012,0.0,0.3648,0.0,0.0,0.0,2.2839,6.0005,0.0,0.7085,B2,word_pos,approvisionner,V,approvisionner,VER
charnier,NOUN,B2,beacco,1.5139,0.3648,0.0,0.0,0.0,1.5139,3.1012,0.0,0.3648,0.0,0.0,0.0,2.2839,6.0005,0.0,0.7085,B2,word_pos,charnier,N,charnier,NOM
léser,VERB,B2,beacco,1.5139,0.3648,0.0,0.0,0.0,1.5139,3.1012,0.0,0.3648,0.0,0.0,0.0,2.2839,6.0005,0.0,0.7085,B2,word_pos,léser,V,léser,VER
minute,ADJ,B2,crf_first_attested,1.5139,0.3648,0.0,0.0,0.0,1.5139,3.1012,0.0,0.3648,,,,,,,,,crf_only,minute,A,,
terrorisme,NOUN,B2,beacco,1.5139,0.3648,0.0,0.0,0.0,1.5139,3.1012,0.0,0.3648,0.0,0.0,0.0,2.2839,6.0005,0.0,0.7085,B2,word_pos,terrorisme,N,terrorisme,NOM
éloquence,NOUN,B2,beacco,1.5139,0.3598,0.0,0.0,0.0,1.5139,2.0505,0.0,0.3598,0.0,0.0,0.0,2.2839,4.139,0.0,0.7167,B2,word_pos,éloquence,N,éloquence,NOM
restitution,NOUN,B2,beacco,1.5139,0.3589,0.0,0.0,0.2366,1.5139,0.0,0.0,0.3589,0.0,0.0,0.438,2.2839,0.0,0.0,0.7115,B2,word_pos,restitution,N,restitution,NOM
anglicisme,NOUN,B2,beacco,1.5139,0.3575,0.0,0.0,0.0,1.5139,1.6042,0.0,0.3575,0.0,0.0,0.0,2.2839,3.4423,0.0,0.7118,B2,word_pos,anglicisme,N,anglicisme,NOM
canular,NOUN,B2,beacco,1.5139,0.3575,0.0,0.0,0.3618,1.5139,0.0,0.0,0.3575,0.0,0.0,0.6378,2.2839,0.0,0.0,0.7068,B2,word_pos,canular,N,canular,NOM
empreindre,VERB,B2,beacco,1.5139,0.3575,0.0,0.0,0.3618,1.5139,0.0,0.0,0.3575,0.0,0.0,0.6378,2.2839,0.0,0.0,0.7068,B2,word_pos,empreindre,V,empreindre,VER
imputable,ADJ,B2,beacco,1.5139,0.3575,0.0,0.0,0.0,1.5139,1.6042,0.0,0.3575,0.0,0.0,0.0,2.2839,3.4423,0.0,0.7118,B2,word_pos,imputable,A,imputable,ADJ
inimaginable,ADJ,B2,beacco,1.5139,0.3575,0.0,0.0,0.3618,1.5139,0.0,0.0,0.3575,0.0,0.0,0.6378,2.2839,0.0,0.0,0.7068,B2,word_pos,inimaginable,A,inimaginable,ADJ
pluralité,NOUN,B2,beacco,1.5139,0.3575,0.0,0.0,0.3618,1.5139,0.0,0.0,0.3575,0.0,0.0,0.6378,2.2839,0.0,0.0,0.7068,B2,word_pos,pluralité,N,pluralité,NOM
salarial,ADJ,B2,beacco,1.5139,0.3489,0.0,0.0,0.2916,1.5139,0.0,0.0,0.3489,0.0,0.0,0.5531,2.2839,0.0,0.0,0.6971,B2,word_pos,salarial,A,salarial,ADJ
sévèrement,ADV,B2,beacco,1.5139,0.3489,0.0,0.0,0.2916,1.5139,0.0,0.0,0.3489,0.0,0.0,0.5531,2.2839,0.0,0.0,0.6971,B2,word_pos,sévèrement,ADV,sévèrement,ADV
frappant,ADJ,B2,beacco,1.5139,0.3475,0.0,0.5168,0.0,1.5139,0.0,0.0,0.3475,0.0,1.0679,0.0,2.2839,6.0005,0.0,1.5336,B2,word_pos,frappant,A,frappant,ADJ
confrère,NOUN,B2,beacco,1.5139,0.3415,0.0,0.0,0.0,1.5139,0.0,9.6228,0.3415,0.0,0.0,0.0,2.2839,0.0,19.328,0.7085,B2,word_pos,confrère,N,confrère,NOM
du fait de,PREP,B2,crf_first_attested,1.5139,0.3415,0.0,0.0,0.0,1.5139,0.0,9.6228,0.3415,,,,,,,,,crf_only,du fait de,PREP,,
micro - entreprise,NOUN,B2,crf_first_attested,1.5139,0.3415,0.0,0.0,0.0,1.5139,0.0,9.6228,0.3415,,,,,,,,,crf_only,micro - entreprise,N,,
bourg,NOUN,B2,beacco,1.5139,0.3314,0.0,0.0,0.6548,1.5139,0.0,0.0,0.3314,0.0,0.0,0.2487,2.2839,0.0,0.0,0.8607,B2,word_pos,bourg,N,bourg,NOM
landau,NOUN,B2,beacco,1.5139,0.3299,0.0,0.4879,0.0,1.5139,0.0,0.0,0.3299,0.0,0.9327,0.0,2.2839,0.0,0.0,0.7976,B2,word_pos,landau,N,landau,NOM
malencontreux,ADJ,B2,beacco,1.5139,0.328,0.0,0.0,0.2076,1.5139,0.0,0.0,0.328,0.0,0.0,0.3906,2.2839,0.0,0.0,0.6595,B2,word_pos,malencontreux,A,malencontreux,ADJ
ponctuer,VERB,B2,beacco,1.5139,0.328,0.0,0.0,0.2076,1.5139,0.0,0.0,0.328,0.0,0.0,0.3906,2.2839,0.0,0.0,0.6595,B2,word_pos,ponctuer,V,ponctuer,VER
affliger,VERB,B2,beacco,1.5139,0.3268,0.0,0.0,0.2041,1.5139,0.0,0.0,0.3268,0.0,0.0,0.4317,2.2839,0.0,0.0,0.6722,B2,word_pos,affliger,V,affliger,VER
vanité,NOUN,B2,beacco,1.5139,0.3268,0.0,0.0,0.2041,1.5139,0.0,0.0,0.3268,0.0,0.0,0.4317,2.2839,0.0,0.0,0.6722,B2,word_pos,vanité,N,vanité,NOM
immensité,NOUN,B2,beacco,1.5139,0.3071,0.0,0.4234,0.0,1.5139,0.0,0.0,0.3071,0.0,0.4157,0.0,2.2839,0.0,0.0,0.5589,B2,word_pos,immensité,N,immensité,NOM
chargement,NOUN,B2,beacco,1.5139,0.2766,0.0,0.2114,0.0,1.5139,0.0,0.0,0.2766,0.0,0.6008,0.0,2.2839,0.0,0.0,0.6864,B2,word_pos,chargement,N,chargement,NOM
effiler,VERB,B2,beacco,1.5139,0.2766,0.0,0.2114,0.0,1.5139,0.0,0.0,0.2766,0.0,0.6008,0.0,2.2839,0.0,0.0,0.6864,B2,word_pos,effiler,V,effiler,VER
régulariser,VERB,B2,beacco,1.5139,0.2762,0.0,0.0,0.1155,1.5139,0.0,0.0,0.2762,0.0,0.0,0.2331,2.2839,0.0,0.0,0.7031,B2,word_pos,régulariser,V,régulariser,VER
idyllique,ADJ,B2,beacco,1.5139,0.2696,0.0,0.0,0.1812,1.5139,0.0,0.0,0.2696,0.0,0.0,0.185,2.2839,0.0,0.0,0.6897,B2,word_pos,idyllique,A,idyllique,ADJ
agrément,NOUN,B2,beacco,1.5139,0.2668,0.5025,0.0,0.0,1.5139,0.0,0.0,0.2668,0.9051,0.0,0.0,2.2839,0.0,0.0,0.6864,B2,word_pos,agrément,N,agrément,NOM
stationnement,NOUN,B2,beacco,1.5139,0.2668,0.5025,0.0,0.0,1.5139,0.0,0.0,0.2668,0.9051,0.0,0.0,2.2839,0.0,0.0,0.6864,B2,word_pos,stationnement,N,stationnement,NOM
maximal,ADJ,B2,beacco,1.5139,0.2655,0.0,0.0,0.3488,1.5139,0.0,0.0,0.2655,0.0,0.0,0.1219,2.2839,0.0,0.0,0.6496,B2,word_pos,maximal,A,maximal,ADJ
déshonneur,NOUN,B2,beacco,1.5139,0.2577,0.7967,0.0,0.0,1.5139,0.0,0.0,0.2577,0.8346,0.0,0.0,2.2839,0.0,0.0,0.5052,B2,word_pos,déshonneur,N,déshonneur,NOM
astronomie,NOUN,B2,beacco,1.5139,0.2414,0.0,0.0,0.0818,1.5139,0.0,0.0,0.2414,0.0,0.0,0.1243,2.2839,0.0,0.0,0.6742,B2,word_pos,astronomie,N,astronomie,NOM
boucherie,NOUN,B2,beacco,1.5139,0.2111,0.0,0.1103,0.0,1.5139,0.0,0.0,0.2111,0.0,0.2129,0.0,2.2839,0.0,0.0,0.6179,B2,word_pos,boucherie,N,boucherie,NOM
anonymation,NOUN,B2,crf_first_attested,1.5139,0.0346,0.0,0.0,0.0,1.5139,0.0,0.0,0.0346,,,,,,,,,crf_only,anonymation,N,,
anonymer,VERB,B2,crf_first_attested,1.5139,0.0346,0.0,0.0,0.0,1.5139,0.0,0.0,0.0346,,,,,,,,,crf_only,anonymer,V,,
anonymés,VERB,B2,crf_first_attested,1.5139,0.0346,0.0,0.0,0.0,1.5139,0.0,0.0,0.0346,,,,,,,,,crf_only,anonymés,V,,
appartenances,NOUN,B2,crf_first_attested,1.5139,0.0346,0.0,0.0,0.0,1.5139,0.0,0.0,0.0346,,,,,,,,,crf_only,appartenances,N,,
attrait,NOUN,B2,beacco,1.5139,0.0346,0.0,0.0,0.0,1.5139,0.0,0.0,0.0346,0.9051,0.0,0.0,2.2839,0.0,0.0,0.6864,B2,word_pos,attrait,N,attrait,NOM
aujourd'hui que,CONJ,B2,crf_first_attested,1.5139,0.0346,0.0,0.0,0.0,1.5139,0.0,0.0,0.0346,,,,,,,,,crf_only,aujourd'hui que,CONJS,,
auteure,NOUN,B2,crf_first_attested,1.5139,0.0346,0.0,0.0,0.0,1.5139,0.0,0.0,0.0346,,,,,,,,,crf_only,auteure,N,,
autosaisir,VERB,B2,crf_first_attested,1.5139,0.0346,0.0,0.0,0.0,1.5139,0.0,0.0,0.0346,,,,,,,,,crf_only,autosaisir,V,,
autour de soi,PREP,B2,crf_first_attested,1.5139,0.0346,0.0,0.0,0.0,1.5139,0.0,0.0,0.0346,,,,,,,,,crf_only,autour de soi,PREP,,
barbelé,ADJ,B2,crf_first_attested,1.5139,0.0346,0.0,0.0,0.0,1.5139,0.0,0.0,0.0346,,,,,,,,,crf_only,barbelé,A,,
blog,ADJ,B2,crf_first_attested,1.5139,0.0346,0.0,0.0,0.0,1.5139,0.0,0.0,0.0346,,,,,,,,,crf_only,blog,A,,
child,X,B2,crf_first_attested,1.5139,0.0346,0.0,0.0,0.0,1.5139,0.0,0.0,0.0346,,,,,,,,,crf_only,child,X,,
classe affaires,NOUN,B2,crf_first_attested,1.5139,0.0346,0.0,0.0,0.0,1.5139,0.0,0.0,0.0346,,,,,,,,,crf_only,classe affaires,N,,
conformément,ADV,B2,crf_first_attested,1.5139,0.0346,0.0,0.0,0.0,1.5139,0.0,0.0,0.0346,,,,,,,,,crf_only,conformément,ADV,,
conster,VERB,B2,crf_first_attested,1.5139,0.0346,0.0,0.0,0.0,1.5139,0.0,0.0,0.0346,,,,,,,,,crf_only,conster,V,,
contrario,NOUN,B2,crf_first_attested,1.5139,0.0346,0.0,0.0,0.0,1.5139,0.0,0.0,0.0346,,,,,,,,,crf_only,contrario,N,,
criblé,ADJ,B2,crf_first_attested,1.5139,0.0346,0.0,0.0,0.0,1.5139,0.0,0.0,0.0346,,,,,,,,,crf_only,criblé,A,,
dans l' absolu,ADV,B2,crf_first_attested,1.5139,0.0346,0.0,0.0,0.0,1.5139,0.0,0.0,0.0346,,,,,,,,,crf_only,dans l' absolu,ADV,,
dans l' espoir de,PREP,B2,crf_first_attested,1.5139,0.0346,0.0,0.0,0.0,1.5139,0.0,0.0,0.0346,,,,,,,,,crf_only,dans l' espoir de,PREP,,
de a,PREP,B2,crf_first_attested,1.5139,0.0346,0.0,0.0,0.0,1.5139,0.0,0.0,0.0346,,,,,,,,,crf_only,de a,PREP,,
de bon sens,ADV,B2,crf_first_attested,1.5139,0.0346,0.0,0.0,0.0,1.5139,0.0,0.0,0.0346,,,,,,,,,crf_only,de bon sens,ADV,,
de chez soi,ADV,B2,crf_first_attested,1.5139,0.0346,0.0,0.0,0.0,1.5139,0.0,0.0,0.0346,,,,,,,,,crf_only,de chez soi,ADV,,
dejà,ADV,B2,crf_first_attested,1.5139,0.0346,0.0,0.0,0.0,1.5139,0.0,0.0,0.0346,,,,,,,,,crf_only,dejà,ADV,,
disciminations,NOUN,B2,crf_first_attested,1.5139,0.0346,0.0,0.0,0.0,1.5139,0.0,0.0,0.0346,,,,,,,,,crf_only,disciminations,N,,
douteux,ADJ,B2,beacco,1.5139,0.0346,0.0,0.0,0.0,1.5139,0.0,0.0,0.0346,0.0,0.0,0.5531,2.2839,0.0,0.0,0.6971,B2,word_pos,douteux,A,douteux,ADJ
dur de,PREP,B2,crf_first_attested,1.5139,0.0346,0.0,0.0,0.0,1.5139,0.0,0.0,0.0346,,,,,,,,,crf_only,dur de,PREP,,
délégué,ADJ,B2,crf_first_attested,1.5139,0.0346,0.0,0.0,0.0,1.5139,0.0,0.0,0.0346,,,,,,,,,crf_only,délégué,A,,
en local,ADV,B2,crf_first_attested,1.5139,0.0346,0.0,0.0,0.0,1.5139,0.0,0.0,0.0346,,,,,,,,,crf_only,en local,ADV,,
en pratique,ADV,B2,crf_first_attested,1.5139,0.0346,0.0,0.0,0.0,1.5139,0.0,0.0,0.0346,,,,,,,,,crf_only,en pratique,ADV,,
en quoi du,PREP,B2,crf_first_attested,1.5139,0.0346,0.0,0.0,0.0,1.5139,0.0,0.0,0.0346,,,,,,,,,crf_only,en quoi du,PREP,,
encyclopédie,NOUN,B2,beacco,1.5139,0.0346,0.0,0.0,0.0,1.5139,0.0,0.0,0.0346,0.0,0.0,0.438,2.2839,6.0005,0.0,1.5662,B2,word_pos,encyclopédie,N,encyclopédie,NOM
envers,NOUN,B2,beacco,1.5139,0.0346,0.0,0.0,0.0,1.5139,0.0,0.0,0.0346,0.0,0.0,6.3292,11.8675,12.0009,0.0,5.5623,B2,word_pos,envers,N,envers,NOM
euroméditerranéenne,ADJ,B2,crf_first_attested,1.5139,0.0346,0.0,0.0,0.0,1.5139,0.0,0.0,0.0346,,,,,,,,,crf_only,euroméditerranéenne,A,,
explosif,NOUN,B2,crf_first_attested,1.5139,0.0346,0.0,0.0,0.0,1.5139,0.0,0.0,0.0346,,,,,,,,,crf_only,explosif,N,,
extras,ADJ,B2,crf_first_attested,1.5139,0.0346,0.0,0.0,0.0,1.5139,0.0,0.0,0.0346,,,,,,,,,crf_only,extras,A,,
flash - back,ADJ,B2,crf_first_attested,1.5139,0.0346,0.0,0.0,0.0,1.5139,0.0,0.0,0.0346,,,,,,,,,crf_only,flash - back,A,,
force,ADJ,B2,crf_first_attested,1.5139,0.0346,0.0,0.0,0.0,1.5139,0.0,0.0,0.0346,,,,,,,,,crf_only,force,A,,
grandeurs,NOUN,B2,crf_first_attested,1.5139,0.0346,0.0,0.0,0.0,1.5139,0.0,0.0,0.0346,,,,,,,,,crf_only,grandeurs,N,,
générationnel,ADJ,B2,crf_first_attested,1.5139,0.0346,0.0,0.0,0.0,1.5139,0.0,0.0,0.0346,,,,,,,,,crf_only,générationnel,A,,
halde,NOUN,B2,crf_first_attested,1.5139,0.0346,0.0,0.0,0.0,1.5139,0.0,0.0,0.0346,,,,,,,,,crf_only,halde,N,,
hard,ADJ,B2,crf_first_attested,1.5139,0.0346,0.0,0.0,0.0,1.5139,0.0,0.0,0.0346,,,,,,,,,crf_only,hard,A,,
hoax,NOUN,B2,crf_first_attested,1.5139,0.0346,0.0,0.0,0.0,1.5139,0.0,0.0,0.0346,,,,,,,,,crf_only,hoax,N,,
interro,NOUN,B2,crf_first_attested,1.5139,0.0346,0.0,0.0,0.0,1.5139,0.0,0.0,0.0346,,,,,,,,,crf_only,interro,N,,
juger,NOUN,B2,crf_first_attested,1.5139,0.0346,0.0,0.0,0.0,1.5139,0.0,0.0,0.0346,,,,,,,,,crf_only,juger,N,,
jusqu' au sommet,ADV,B2,crf_first_attested,1.5139,0.0346,0.0,0.0,0.0,1.5139,0.0,0.0,0.0346,,,,,,,,,crf_only,jusqu' au sommet,ADV,,
laptop,X,B2,crf_first_attested,1.5139,0.0346,0.0,0.0,0.0,1.5139,0.0,0.0,0.0346,,,,,,,,,crf_only,laptop,X,,
mafieux,ADJ,B2,crf_first_attested,1.5139,0.0346,0.0,0.0,0.0,1.5139,0.0,0.0,0.0346,,,,,,,,,crf_only,mafieux,A,,
médiéviste,ADJ,B2,crf_first_attested,1.5139,0.0346,0.0,0.0,0.0,1.5139,0.0,0.0,0.0346,,,,,,,,,crf_only,médiéviste,A,,
oque,NOUN,B2,crf_first_attested,1.5139,0.0346,0.0,0.0,0.0,1.5139,0.0,0.0,0.0346,,,,,,,,,crf_only,oque,N,,
papas,NOUN,B2,crf_first_attested,1.5139,0.0346,0.0,0.0,0.0,1.5139,0.0,0.0,0.0346,,,,,,,,,crf_only,papas,N,,
per,X,B2,crf_first_attested,1.5139,0.0346,0.0,0.0,0.0,1.5139,0.0,0.0,0.0346,,,,,,,,,crf_only,per,X,,
plus de présent,ADV,B2,crf_first_attested,1.5139,0.0346,0.0,0.0,0.0,1.5139,0.0,0.0,0.0346,,,,,,,,,crf_only,plus de présent,ADV,,
plus partie,ADV,B2,crf_first_attested,1.5139,0.0346,0.0,0.0,0.0,1.5139,0.0,0.0,0.0346,,,,,,,,,crf_only,plus partie,ADV,,
pour de bon,ADV,B2,crf_first_attested,1.5139,0.0346,0.0,0.0,0.0,1.5139,0.0,0.0,0.0346,,,,,,,,,crf_only,pour de bon,ADV,,
pourvoyeur,NOUN,B2,beacco,1.5139,0.0346,0.0,0.0,0.0,1.5139,0.0,0.0,0.0346,0.0,0.0,0.0,2.2839,4.139,0.0,0.7167,B2,word_pos,pourvoyeur,N,pourvoyeur,NOM
retrait,NOUN,B2,beacco,1.5139,0.0346,0.0,0.0,0.0,1.5139,0.0,0.0,0.0346,0.0,0.0,0.4317,2.2839,0.0,0.0,0.6722,B2,word_pos,retrait,N,retrait,NOM
screen,X,B2,crf_first_attested,1.5139,0.0346,0.0,0.0,0.0,1.5139,0.0,0.0,0.0346,,,,,,,,,crf_only,screen,X,,
sous le coup de,PREP,B2,crf_first_attested,1.5139,0.0346,0.0,0.0,0.0,1.5139,0.0,0.0,0.0346,,,,,,,,,crf_only,sous le coup de,PREP,,
sous réserve que,CONJ,B2,crf_first_attested,1.5139,0.0346,0.0,0.0,0.0,1.5139,0.0,0.0,0.0346,,,,,,,,,crf_only,sous réserve que,CONJS,,
séquencer,VERB,B2,crf_first_attested,1.5139,0.0346,0.0,0.0,0.0,1.5139,0.0,0.0,0.0346,,,,,,,,,crf_only,séquencer,V,,
taïwanais,NOUN,B2,crf_first_attested,1.5139,0.0346,0.0,0.0,0.0,1.5139,0.0,0.0,0.0346,,,,,,,,,crf_only,taïwanais,N,,
tout - petits,NOUN,B2,crf_first_attested,1.5139,0.0346,0.0,0.0,0.0,1.5139,0.0,0.0,0.0346,,,,,,,,,crf_only,tout - petits,N,,
transversale,NOUN,B2,crf_first_attested,1.5139,0.0346,0.0,0.0,0.0,1.5139,0.0,0.0,0.0346,,,,,,,,,crf_only,transversale,N,,
varsovie,NOUN,B2,crf_first_attested,1.5139,0.0346,0.0,0.0,0.0,1.5139,0.0,0.0,0.0346,,,,,,,,,crf_only,varsovie,N,,
vide - grenier,NOUN,B2,crf_first_attested,1.5139,0.0346,0.0,0.0,0.0,1.5139,0.0,0.0,0.0346,,,,,,,,,crf_only,vide - grenier,N,,
viticulteur,NOUN,B2,beacco,1.5139,0.0346,0.0,0.0,0.0,1.5139,0.0,0.0,0.0346,0.0,0.0,0.0,2.2839,3.4423,0.0,0.7118,B2,word_pos,viticulteur,N,viticulteur,NOM
zappée,NOUN,B2,crf_first_attested,1.5139,0.0346,0.0,0.0,0.0,1.5139,0.0,0.0,0.0346,,,,,,,,,crf_only,zappée,N,,
à l' image de,PREP,B2,crf_first_attested,1.5139,0.0346,0.0,0.0,0.0,1.5139,0.0,0.0,0.0346,,,,,,,,,crf_only,à l' image de,PREP,,
à plein - temps,ADV,B2,crf_first_attested,1.5139,0.0346,0.0,0.0,0.0,1.5139,0.0,0.0,0.0346,,,,,,,,,crf_only,à plein - temps,ADV,,
à tort,ADV,B2,crf_first_attested,1.5139,0.0346,0.0,0.0,0.0,1.5139,0.0,0.0,0.0346,,,,,,,,,crf_only,à tort,ADV,,
ème,NOUN,B2,crf_first_attested,1.5139,0.0346,0.0,0.0,0.0,1.5139,0.0,0.0,0.0346,,,,,,,,,crf_only,ème,N,,
protection,NOUN,B2,beacco,1.4125,35.3551,6.9807,0.2439,66.3983,1.4125,120.6955,19.4814,35.3551,1.6691,0.4664,63.9901,2.5411,86.6209,38.4989,33.357,B2,word_pos,protection,N,protection,NOM
mondialisation,NOUN,B2,beacco,1.4125,23.4438,1.3242,0.4234,13.0692,1.4125,128.0257,19.4814,23.4438,1.2635,0.4157,10.2528,2.5411,64.8804,12.833,16.2309,B2,word_pos,mondialisation,N,mondialisation,NOM
climatique,ADJ,B2,beacco,1.4125,23.3881,0.0,0.0,29.4985,1.4125,90.4798,144.0832,23.3881,0.0,0.0,19.9155,2.5411,160.5493,95.2552,23.9896,B2,word_pos,climatique,A,climatique,ADJ
médiatique,ADJ,B2,beacco,1.4125,12.9797,0.0,0.0,7.8571,1.4125,51.5512,259.8143,12.9797,0.0,0.0,9.5828,1.2705,40.0479,309.2479,18.5352,B2,word_pos,médiatique,A,médiatique,ADJ
rupture,NOUN,B2,beacco,1.4125,12.9612,0.0,0.8468,8.5595,1.4125,54.7585,48.1138,12.9612,0.0,0.4157,12.2308,2.5411,79.4873,77.312,17.375,B2,word_pos,rupture,N,rupture,NOM
racisme,NOUN,B2,beacco,1.4125,9.1743,0.0,0.0,6.3672,1.4125,89.7746,0.0,9.1743,0.0,0.0,9.8344,1.2705,121.9662,0.0,13.5547,B2,word_pos,racisme,N,racisme,NOM
compromis,NOUN,B2,beacco,1.4125,6.8828,0.0,0.0,0.7097,1.4125,24.3636,125.573,6.8828,0.0,0.0,0.438,1.2705,31.3781,38.4989,5.0415,B2,word_pos,compromis,N,compromis,NOM
bénévole,NOUN,B2,beacco,1.4125,6.4944,0.0,0.0,16.0359,1.4125,12.4046,0.0,6.4944,0.0,0.0,7.7393,1.2705,18.0014,0.0,5.2513,B2,word_pos,bénévole,N,bénévole,NOM
hiérarchie,NOUN,B2,beacco,1.4125,5.9945,0.0,0.6418,12.7387,1.4125,0.0,19.2455,5.9945,0.0,0.6228,12.2805,2.5411,0.0,38.656,7.502,B2,word_pos,hiérarchie,N,hiérarchie,NOM
inéluctable,ADJ,B2,beacco,1.4125,5.8807,0.0,0.0,22.1201,1.4125,0.0,0.0,5.8807,0.0,0.0,12.3897,1.2705,0.0,0.0,3.6165,B2,word_pos,inéluctable,A,inéluctable,ADJ
scandinave,ADJ,B2,beacco,1.4125,5.0337,0.0,2.8783,3.6181,1.4125,2.0505,0.0,5.0337,0.0,0.6228,2.5512,1.2705,4.139,0.0,3.8943,B2,word_pos,scandinave,A,scandinave,ADJ
centrer,VERB,B2,beacco,1.4125,4.7991,0.0,0.3702,0.2405,1.4125,46.9279,0.0,4.7991,0.0,0.606,0.4665,1.2705,33.4475,0.0,4.8996,B2,word_pos,centrer,V,centrer,VER
neurone,NOUN,B2,beacco,1.4125,4.7541,0.0,0.0,0.0,1.4125,20.4505,250.1916,4.7541,0.0,0.0,0.0,1.2705,6.0005,328.5759,6.3239,B2,word_pos,neurone,N,neurone,NOM
bercer,VERB,B2,beacco,1.4125,4.4584,0.0,0.7405,11.0349,1.4125,0.0,0.0,4.4584,0.0,0.606,7.5506,1.2705,0.0,0.0,3.6096,B2,word_pos,bercer,V,bercer,VER
infini,ADJ,B2,beacco,1.4125,4.3942,1.005,0.0,2.618,1.4125,24.7899,0.0,4.3942,1.8101,0.0,3.5058,1.2705,20.6179,0.0,5.2634,B2,word_pos,infini,A,infini,ADJ
lot,NOUN,B2,beacco,1.4125,4.3421,0.0,0.2439,3.6478,1.4125,1.6042,25.9752,4.3421,0.0,0.4664,3.5051,2.5411,3.4423,25.6659,6.1552,B2,word_pos,lot,N,lot,NOM
estime,NOUN,B2,beacco,1.4125,4.087,0.0,0.0,2.9623,1.4125,3.2084,32.4689,4.087,0.0,0.606,3.4815,1.2705,19.861,56.7717,6.8768,B2,word_pos,estime,N,estime,NOM
accompagnement,NOUN,B2,beacco,1.4125,3.955,0.0,0.0,4.5298,1.4125,19.6975,0.0,3.955,0.0,0.0,6.4076,2.5411,26.3397,0.0,5.9075,B2,word_pos,accompagnement,N,accompagnement,NOM
migration,NOUN,B2,beacco,1.4125,3.8255,0.0,0.0,0.6802,1.4125,41.0675,0.0,3.8255,0.0,0.0,0.5857,1.2705,31.3781,0.0,3.1876,B2,word_pos,migration,N,migration,NOM
nuisance,NOUN,B2,beacco,1.4125,3.618,0.0,0.0,7.5661,1.4125,0.0,12.9876,3.618,0.0,0.0,8.5256,1.2705,0.0,12.833,4.0556,B2,word_pos,nuisance,N,nuisance,NOM
collectif,NOUN,B2,beacco,1.4125,3.3744,0.0,0.4879,4.3398,1.4125,1.6042,0.0,3.3744,0.0,0.4664,0.0,1.2705,0.0,0.0,0.6634,B2,word_pos,collectif,N,collectif,NOM
poussée,NOUN,B2,beacco,1.4125,3.3294,0.0,0.3918,2.0759,1.4125,0.0,0.0,3.3294,0.0,0.1865,0.7812,1.2705,0.0,0.0,1.7739,B2,word_pos,poussée,N,poussée,NOM
grain,NOUN,B2,beacco,1.4125,2.9853,0.0,0.0,8.9317,1.4125,0.0,0.0,2.9853,0.7319,0.0,7.4697,1.2705,4.139,0.0,5.4021,B2,word_pos,grain,N,grain,NOM
démissionner,VERB,B2,beacco,1.4125,2.9651,1.3242,0.0,1.9492,1.4125,4.101,0.0,2.9651,1.2635,0.0,2.9905,2.5411,4.139,0.0,3.9341,B2,word_pos,démissionner,V,démissionner,VER
étrenne,NOUN,B2,beacco,1.4125,2.9138,0.0,0.0,3.6181,1.4125,6.2023,0.0,2.9138,0.0,0.0,2.5512,1.2705,0.0,0.0,1.5719,B2,word_pos,étrenne,N,étrenne,NOM
racheter,VERB,B2,beacco,1.4125,2.7309,0.0,0.0,5.2096,1.4125,0.0,4.1173,2.7309,0.0,0.0,7.6379,2.5411,0.0,4.0185,3.9933,B2,word_pos,racheter,V,racheter,VER
vestimentaire,ADJ,B2,beacco,1.4125,2.7198,0.5025,0.0,5.1078,1.4125,0.0,0.0,2.7198,0.9051,0.0,3.6369,1.2705,0.0,0.0,2.5161,B2,word_pos,vestimentaire,A,vestimentaire,ADJ
domination,NOUN,B2,beacco,1.4125,2.6857,0.0,0.0,0.2076,1.4125,1.6042,56.9312,2.6857,0.0,0.0,0.3906,1.2705,3.4423,56.7717,3.4739,B2,word_pos,domination,N,domination,NOM
stresser,VERB,B2,beacco,1.4125,2.5977,0.0,0.0,4.195,1.4125,6.2023,0.0,2.5977,0.0,0.0,5.4335,2.5411,6.0005,0.0,3.3295,B2,word_pos,stresser,V,stresser,VER
surpris,ADJ,B2,beacco,1.4125,2.5659,2.2771,0.5897,0.0698,1.4125,0.0,0.0,2.5659,0.0,0.0,2.9206,1.2705,0.0,0.0,1.5028,B2,word_pos,surpris,A,surpris,ADJ
bistro,NOUN,B2,beacco,1.4125,2.496,0.0,0.0,7.5955,1.4125,0.0,0.0,2.496,0.0,0.0,0.185,1.2705,0.0,0.0,0.6635,B2,word_pos,bistro,N,bistro,NOM
festif,ADJ,B2,beacco,1.4125,2.3492,0.0,0.0,7.2036,1.4125,0.0,0.0,2.3492,0.0,0.0,10.5047,2.5411,0.0,0.0,4.1505,B2,word_pos,festif,A,festif,ADJ
rebelle,NOUN,B2,beacco,1.4125,2.3078,0.0,0.7405,1.7859,1.4125,3.1012,0.0,2.3078,0.0,0.606,0.3906,2.5411,6.0005,0.0,2.7916,B2,word_pos,rebelle,N,rebelle,NOM
préservation,NOUN,B2,beacco,1.4125,2.2403,0.2652,0.3702,0.6802,1.4125,2.0505,0.0,2.2403,0.4856,0.606,0.5857,2.5411,4.139,0.0,3.5626,B2,word_pos,préservation,N,préservation,NOM
militant,ADJ,B2,beacco,1.4125,1.8621,0.0,0.0,4.9115,1.4125,0.0,0.0,1.8621,0.0,0.4664,6.9541,1.2705,4.139,0.0,4.0527,B2,word_pos,militant,A,militant,ADJ
tapage,NOUN,B2,beacco,1.4125,1.7839,0.0,0.0,1.808,1.4125,0.0,19.2455,1.7839,0.0,0.0,3.4815,1.2705,0.0,19.328,2.4265,B2,word_pos,tapage,N,tapage,NOM
éraillé,ADJ,B2,beacco,1.4125,1.7823,0.0,0.7405,0.0,1.4125,4.8126,0.0,1.7823,0.0,0.606,0.0,1.2705,0.0,0.0,0.6658,B2,word_pos,éraillé,A,éraillé,ADJ
opter,VERB,B2,beacco,1.4125,1.7564,0.0,0.0,0.7236,1.4125,1.6042,6.4938,1.7564,0.0,0.0,0.6378,1.2705,3.4423,12.833,2.4738,B2,word_pos,opter,V,opter,VER
parution,NOUN,B2,beacco,1.4125,1.6897,0.0,0.0,2.2969,1.4125,1.6042,0.0,1.6897,0.0,0.0,3.3478,1.2705,3.4423,0.0,2.4681,B2,word_pos,parution,N,parution,NOM
live,ADJ,B2,beacco,1.4125,1.5796,0.0,0.0,2.4046,1.4125,0.0,0.0,1.5796,0.0,0.0,0.933,1.2705,0.0,0.0,0.9783,B2,word_pos,live,A,live,ADJ
solitaire,NOUN,B2,beacco,1.4125,1.4302,0.0,0.0,3.513,1.4125,0.0,0.0,1.4302,0.0,0.0,2.2924,1.2705,0.0,12.833,1.9058,B2,word_pos,solitaire,N,solitaire,NOM
adjoint,ADJ,B2,crf_first_attested,1.4125,1.4191,0.0,0.0,0.0,1.4125,3.1012,32.4689,1.4191,,,,,,,,,crf_only,adjoint,A,,
titulaire,NOUN,B2,beacco,1.4125,1.3532,0.0,0.0,0.0,1.4125,0.0,56.3711,1.3532,0.0,0.4664,0.0,1.2705,0.0,78.971,3.1886,B2,word_pos,titulaire,N,titulaire,NOM
anglophone,ADJ,B2,beacco,1.4125,1.3499,0.0,0.0,0.0,1.4125,0.0,67.3593,1.3499,0.0,0.0,0.0,1.2705,0.0,19.328,0.5848,B2,word_pos,anglophone,A,anglophone,ADJ
humaniste,ADJ,B2,beacco,1.4125,1.2276,0.0,0.2439,0.7236,1.4125,0.0,0.0,1.2276,0.0,0.4664,0.6378,2.5411,0.0,0.0,1.8328,B2,word_pos,humaniste,A,humaniste,ADJ
récurrent,ADJ,B2,beacco,1.4125,1.2138,0.0,0.0,0.0,1.4125,0.0,26.5664,1.2138,0.0,0.0,0.0,1.2705,0.0,44.6051,1.4674,B2,word_pos,récurrent,A,récurrent,ADJ
sabbatique,ADJ,B2,beacco,1.4125,1.2001,0.0,0.7318,0.3618,1.4125,0.0,0.0,1.2001,0.0,0.4664,0.6378,2.5411,0.0,0.0,1.8328,B2,word_pos,sabbatique,A,sabbatique,ADJ
in,ADJ,B2,beacco,1.4125,1.1969,0.0,0.0,2.9075,1.4125,0.0,0.0,1.1969,0.0,0.0,7.0312,1.2705,0.0,19.328,3.4507,B2,word_pos,in,A,in,ADJ
transaction,NOUN,B2,beacco,1.4125,1.1812,0.0,0.0,2.9104,1.4125,0.0,0.0,1.1812,0.0,0.0,3.6369,1.2705,0.0,0.0,1.5117,B2,word_pos,transaction,N,transaction,NOM
piéger,VERB,B2,beacco,1.4125,1.1806,0.0,0.0,0.4911,1.4125,0.0,9.6228,1.1806,0.0,0.0,0.2487,1.2705,0.0,19.328,1.7608,B2,word_pos,piéger,V,piéger,VER
francophone,NOUN,B2,beacco,1.4125,1.1585,1.3242,0.0,0.2076,1.4125,0.0,0.0,1.1585,3.7906,0.606,0.3906,1.2705,0.0,38.656,4.7199,B2,word_pos,francophone,N,francophone,NOM
compère,NOUN,B2,beacco,1.4125,1.1433,0.0,0.247,0.231,1.4125,0.0,0.0,1.1433,0.0,0.1276,0.4662,1.2705,0.0,0.0,1.5155,B2,word_pos,compère,N,compère,NOM
maladresse,NOUN,B2,beacco,1.4125,1.0483,0.0,0.0,0.0,1.4125,8.2019,0.0,1.0483,0.0,0.0,0.0,2.5411,4.139,0.0,0.7016,B2,word_pos,maladresse,N,maladresse,NOM
allergique,ADJ,B2,beacco,1.4125,0.9011,3.497,0.0,0.0,1.4125,0.0,0.0,0.9011,1.8928,0.0,0.0,2.5411,0.0,0.0,1.3071,B2,word_pos,allergique,A,allergique,ADJ
documentaire,ADJ,B2,beacco,1.4125,0.8696,0.0,0.0,0.2076,1.4125,2.0505,0.0,0.8696,0.0,0.606,0.3906,2.5411,4.139,0.0,2.843,B2,word_pos,documentaire,A,documentaire,ADJ
boîtier,NOUN,B2,beacco,1.4125,0.8365,0.0,0.0,0.0,1.4125,9.3035,0.0,0.8365,0.0,0.0,0.0,2.5411,6.0005,0.0,0.6395,B2,word_pos,boîtier,N,boîtier,NOM
mélanges,NOUN,B2,crf_first_attested,1.4125,0.8365,0.0,0.0,0.0,1.4125,9.3035,0.0,0.8365,,,,,,,,,crf_only,mélanges,N,,
défectueux,ADJ,B2,beacco,1.4125,0.6578,0.0,0.7405,0.0,1.4125,0.0,0.0,0.6578,0.0,0.606,0.0,2.5411,0.0,0.0,0.8899,B2,word_pos,défectueux,A,défectueux,ADJ
bourrer,VERB,B2,beacco,1.4125,0.6554,0.0,0.0,0.4809,1.4125,0.0,0.0,0.6554,0.0,0.0,0.4665,2.5411,0.0,0.0,0.8776,B2,word_pos,bourrer,V,bourrer,VER
synapse,NOUN,B2,beacco,1.4125,0.6535,0.0,0.0,0.0,1.4125,0.0,19.2455,0.6535,0.0,0.0,0.0,1.2705,0.0,19.328,0.5848,B2,word_pos,synapse,N,synapse,NOM
récréation,NOUN,B2,beacco,1.4125,0.6323,1.1453,0.0,0.0,1.4125,0.0,0.0,0.6323,2.3113,0.0,0.0,1.2705,0.0,0.0,0.7858,B2,word_pos,récréation,N,récréation,NOM
boulet,NOUN,B2,beacco,1.4125,0.6258,0.0,0.0,0.0,1.4125,4.101,0.0,0.6258,0.0,0.0,0.0,1.2705,4.139,0.0,0.6143,B2,word_pos,boulet,N,boulet,NOM
diktat,NOUN,B2,beacco,1.4125,0.5895,0.0,0.0,0.0,1.4125,6.2023,0.0,0.5895,0.0,0.0,0.0,1.2705,6.0005,0.0,0.5848,B2,word_pos,diktat,N,diktat,NOM
interaction,NOUN,B2,beacco,1.4125,0.5895,0.0,0.0,0.0,1.4125,6.2023,0.0,0.5895,0.0,0.0,0.0,1.2705,6.0005,0.0,0.5848,B2,word_pos,interaction,N,interaction,NOM
steak,NOUN,B2,beacco,1.4125,0.4801,0.5693,0.0,0.0,1.4125,0.0,0.0,0.4801,1.1764,0.0,0.0,2.5411,0.0,0.0,0.9764,B2,word_pos,steak,N,steak,NOM
reconversion,NOUN,B2,beacco,1.4125,0.4747,0.0,0.2439,0.0,1.4125,0.0,0.0,0.4747,0.0,0.4664,0.0,2.5411,0.0,0.0,0.9244,B2,word_pos,reconversion,N,reconversion,NOM
perplexe,ADJ,B2,beacco,1.4125,0.471,0.0,0.2599,0.0,1.4125,0.0,0.0,0.471,0.0,0.5213,0.0,1.2705,0.0,0.0,0.6463,B2,word_pos,perplexe,A,perplexe,ADJ
brutalité,NOUN,B2,beacco,1.4125,0.4493,0.0,0.0,0.1883,1.4125,0.0,0.0,0.4493,0.0,0.0,0.3933,1.2705,0.0,0.0,0.6652,B2,word_pos,brutalité,N,brutalité,NOM
attribution,NOUN,B2,beacco,1.4125,0.4422,0.0,0.3702,0.0,1.4125,0.0,0.0,0.4422,0.0,0.606,0.0,1.2705,0.0,0.0,0.6658,B2,word_pos,attribution,N,attribution,NOM
virage,NOUN,B2,beacco,1.4125,0.4188,0.0,0.0,0.0,1.4125,0.0,9.6228,0.4188,0.0,0.0,0.0,1.2705,0.0,19.328,0.5848,B2,word_pos,virage,N,virage,NOM
grosso modo,ADV,B2,crf_first_attested,1.4125,0.3793,0.0,0.0,0.0,1.4125,1.6042,0.0,0.3793,,,,,,,,,crf_only,grosso modo,ADV,,
microcosme,NOUN,B2,beacco,1.4125,0.3791,0.0,0.0,0.3618,1.4125,0.0,0.0,0.3791,0.0,0.0,0.6378,1.2705,0.0,0.0,0.6533,B2,word_pos,microcosme,N,microcosme,NOM
avancement,NOUN,B2,beacco,1.4125,0.3739,0.0,0.0,0.2366,1.4125,0.0,0.0,0.3739,0.0,0.0,0.438,2.5411,0.0,0.0,0.7877,B2,word_pos,avancement,N,avancement,NOM
suprématie,NOUN,B2,beacco,1.4125,0.3739,0.0,0.0,0.2366,1.4125,0.0,0.0,0.3739,0.0,0.0,0.438,1.2705,0.0,0.0,0.6471,B2,word_pos,suprématie,N,suprématie,NOM
algérien,NOUN,B2,crf_first_attested,1.4125,0.0323,0.0,0.0,0.0,1.4125,0.0,0.0,0.0323,,,,,,,,,crf_only,algérien,N,,
antiboulot,NOUN,B2,crf_first_attested,1.4125,0.0323,0.0,0.0,0.0,1.4125,0.0,0.0,0.0323,,,,,,,,,crf_only,antiboulot,N,,
antiboulot,ADJ,B2,crf_first_attested,1.4125,0.0323,0.0,0.0,0.0,1.4125,0.0,0.0,0.0323,,,,,,,,,crf_only,antiboulot,A,,
frappé,ADJ,B2,crf_first_attested,1.4125,0.0323,0.0,0.0,0.0,1.4125,0.0,0.0,0.0323,,,,,,,,,crf_only,frappé,A,,
garanti,NOUN,B2,crf_first_attested,1.4125,0.0323,0.0,0.0,0.0,1.4125,0.0,0.0,0.0323,,,,,,,,,crf_only,garanti,N,,
idiomatismes,NOUN,B2,crf_first_attested,1.4125,0.0323,0.0,0.0,0.0,1.4125,0.0,0.0,0.0323,,,,,,,,,crf_only,idiomatismes,N,,
mamy,NOUN,B2,crf_first_attested,1.4125,0.0323,0.0,0.0,0.0,1.4125,0.0,0.0,0.0323,,,,,,,,,crf_only,mamy,N,,
maxi,NOUN,B2,crf_first_attested,1.4125,0.0323,0.0,0.0,0.0,1.4125,0.0,0.0,0.0323,,,,,,,,,crf_only,maxi,N,,
pairs,NOUN,B2,crf_first_attested,1.4125,0.0323,0.0,0.0,0.0,1.4125,0.0,0.0,0.0323,,,,,,,,,crf_only,pairs,N,,
siglé,ADJ,B2,crf_first_attested,1.4125,0.0323,0.0,0.0,0.0,1.4125,0.0,0.0,0.0323,,,,,,,,,crf_only,siglé,A,,
vengeance,NOUN,B2,beacco,1.3414,9.3434,0.4014,0.0,12.8286,1.3414,31.0115,0.0,9.3434,0.7319,0.0,5.9892,3.5867,18.0014,0.0,6.7879,B2,word_pos,vengeance,N,vengeance,NOM
habitué,NOUN,B2,beacco,1.3414,5.0826,4.5812,0.0,1.656,1.3414,12.4046,0.0,5.0826,2.3113,0.0,0.438,1.7933,0.0,0.0,1.4901,B2,unique_word,habitué,N,habitué,ADJ
relire,VERB,B2,beacco,1.3414,3.3197,0.0,0.0,2.2627,1.3414,9.6252,0.0,3.3197,0.0,0.0,3.3506,3.5867,13.7692,0.0,4.9644,B2,word_pos,relire,V,relire,VER
usé,ADJ,B2,beacco,1.3414,2.614,0.0,0.5168,3.5828,1.3414,3.1012,0.0,2.614,0.0,1.0679,0.5531,1.7933,0.0,0.0,1.5526,B2,word_pos,usé,A,usé,ADJ
rapide,NOUN,B2,beacco,1.3414,2.4529,0.0,0.0,7.6158,1.3414,0.0,0.0,2.4529,0.0,0.0,6.7859,0.0,0.0,0.0,1.5537,B2,word_pos,rapide,N,rapide,NOM
clair,NOUN,B2,beacco,1.3414,2.022,0.0,4.0882,0.0698,1.3414,0.0,0.0,2.022,0.0,4.0343,0.1219,0.0,0.0,0.0,1.3301,B2,word_pos,clair,N,clair,NOM
maladroit,ADJ,B2,beacco,1.3414,0.8412,0.0,1.5505,0.0,1.3414,0.0,0.0,0.8412,0.0,1.0679,0.3933,1.7933,0.0,0.0,1.5276,B2,word_pos,maladroit,A,maladroit,ADJ
moralement,ADV,B2,beacco,1.3414,0.4698,0.0,0.2439,0.0,1.3414,0.0,0.0,0.4698,0.0,0.4664,0.0,1.7933,0.0,0.0,0.6618,B2,word_pos,moralement,ADV,moralement,ADV
du premier coup,ADV,B2,crf_first_attested,1.3414,0.0306,0.0,0.0,0.0,1.3414,0.0,0.0,0.0306,,,,,,,,,crf_only,du premier coup,ADV,,
en poche,ADV,B2,crf_first_attested,1.3414,0.0306,0.0,0.0,0.0,1.3414,0.0,0.0,0.0306,,,,,,,,,crf_only,en poche,ADV,,
ici et là,ADV,B2,crf_first_attested,1.3414,0.0306,0.0,0.0,0.0,1.3414,0.0,0.0,0.0306,,,,,,,,,crf_only,ici et là,ADV,,
plus sûr,ADV,B2,crf_first_attested,1.3414,0.0306,0.0,0.0,0.0,1.3414,0.0,0.0,0.0306,,,,,,,,,crf_only,plus sûr,ADV,,
à la tête,PREP,B2,crf_first_attested,1.3414,0.0306,0.0,0.0,0.0,1.3414,0.0,0.0,0.0306,,,,,,,,,crf_only,à la tête,PREP,,
sous-sol,NOUN,B2,beacco,1.3018,6.6081,,,,,,,,1.2635,0.0,11.0393,1.3018,12.0009,0.0,6.6081,B2,beacco_only,,,sous-sol,NOM
coffre-fort,NOUN,B2,beacco,1.3018,1.5186,,,,,,,,0.0,0.0,3.1164,1.3018,0.0,0.0,1.5186,B2,beacco_only,,,coffre-fort,NOM
qui-vive,NOUN,B2,beacco,1.3018,0.6671,,,,,,,,0.0,0.0,0.4665,1.3018,0.0,0.0,0.6671,B2,beacco_only,,,qui-vive,NOM
mandrin,NOUN,B2,beacco,1.3018,0.6632,,,,,,,,0.0,0.0,0.5531,1.3018,0.0,0.0,0.6632,B2,beacco_only,,,mandrin,NOM
avisé,ADJ,B2,beacco,1.3018,0.6566,,,,,,,,0.0,0.0,0.6378,1.3018,0.0,0.0,0.6566,B2,beacco_only,,,avisé,ADJ
franco-allemand,ADJ,B2,beacco,1.3018,0.655,,,,,,,,0.0,0.0,0.3059,1.3018,0.0,0.0,0.655,B2,beacco_only,,,franco-allemand,ADJ
roman-feuilleton,NOUN,B2,beacco,1.3018,0.655,,,,,,,,0.0,0.0,0.3059,1.3018,0.0,0.0,0.655,B2,beacco_only,,,roman-feuilleton,NOM
hanté,ADJ,B2,beacco,1.3018,0.6508,,,,,,,,0.0,0.0,0.438,1.3018,0.0,0.0,0.6508,B2,beacco_only,,,hanté,ADJ
chut,NOUN,B2,beacco,1.3018,0.6378,,,,,,,,0.0,0.0,0.2504,1.3018,0.0,0.0,0.6378,B2,beacco_only,,,chut,NOM
mathématicien,NOUN,B2,beacco,1.3005,2.0187,1.1453,0.0,3.7893,1.3005,0.0,0.0,2.0187,2.3113,0.0,3.5156,2.0322,0.0,0.0,2.827,B2,word_pos,mathématicien,N,mathématicien,NOM
microscope,NOUN,B2,beacco,1.3005,0.6807,0.0,0.4879,0.0,1.3005,0.0,0.0,0.6807,0.0,0.4664,0.0,1.0161,0.0,0.0,0.5554,B2,word_pos,microscope,N,microscope,NOM
frontière,ADJ,B2,beacco,1.2705,8.3742,,,,,,,,0.0,0.0,16.3038,1.2705,31.3781,0.0,8.3742,B2,beacco_only,,,frontière,ADJ
défavoriser,VERB,B2,beacco,1.2705,6.2077,,,,,,,,0.4856,0.0,12.5101,1.2705,3.4423,19.328,6.2077,B2,beacco_only,,,défavoriser,VER
sauf,ADJ,B2,beacco,1.2705,3.4136,,,,,,,,0.0,0.0,10.9902,1.2705,0.0,0.0,3.4136,B2,beacco_only,,,sauf,ADJ
effectif,NOUN,B2,beacco,1.2705,2.405,,,,,,,,0.0,0.0,0.185,1.2705,4.139,19.328,2.405,B2,beacco_only,,,effectif,NOM
porte-monnaie,NOUN,B2,beacco,1.2705,1.5224,,,,,,,,0.0,0.0,3.5679,1.2705,0.0,0.0,1.5224,B2,beacco_only,,,porte-monnaie,NOM
contre-culture,NOUN,B2,beacco,1.2705,1.4426,,,,,,,,0.0,0.0,0.5531,1.2705,6.0005,0.0,1.4426,B2,beacco_only,,,contre-culture,NOM
best-seller,NOUN,B2,beacco,1.2705,1.0475,,,,,,,,0.0,0.0,0.0,1.2705,3.4423,4.0185,1.0475,B2,beacco_only,,,best-seller,NOM
stop,NOUN,B2,beacco,1.2705,1.0338,,,,,,,,0.0,0.0,1.2756,1.2705,0.0,0.0,1.0338,B2,beacco_only,,,stop,NOM
rengainer,VERB,B2,beacco,1.2705,0.6659,,,,,,,,0.0,0.0,0.4317,1.2705,0.0,0.0,0.6659,B2,beacco_only,,,rengainer,VER
balbutie,NOUN,B2,beacco,1.2705,0.6658,,,,,,,,0.0,0.606,0.0,1.2705,0.0,0.0,0.6658,B2,beacco_only,,,balbutie,NOM
signé,ADJ,B2,beacco,1.2705,0.6651,,,,,,,,0.0,0.0,0.3906,1.2705,0.0,0.0,0.6651,B2,beacco_only,,,signé,ADJ
doux,NOUN,B2,beacco,1.2705,0.6634,,,,,,,,0.0,0.4664,0.0,1.2705,0.0,0.0,0.6634,B2,beacco_only,,,doux,NOM
nantir,VERB,B2,beacco,1.2705,0.6471,,,,,,,,0.0,0.0,0.438,1.2705,0.0,0.0,0.6471,B2,beacco_only,,,nantir,VER
grosso,ADV,B2,beacco,1.2705,0.6465,,,,,,,,0.0,0.0,0.0,1.2705,3.4423,0.0,0.6465,B2,beacco_only,,,grosso,ADV
modo,ADV,B2,beacco,1.2705,0.6465,,,,,,,,0.0,0.0,0.0,1.2705,3.4423,0.0,0.6465,B2,beacco_only,,,modo,ADV
aspirant,ADJ,B2,beacco,1.2705,0.6143,,,,,,,,0.0,0.0,0.0,1.2705,4.139,0.0,0.6143,B2,beacco_only,,,aspirant,ADJ
favorite,ADJ,B2,beacco,1.2705,0.5848,,,,,,,,0.0,0.0,0.0,1.2705,6.0005,0.0,0.5848,B2,beacco_only,,,favorite,ADJ
solitude,NOUN,B2,beacco,1.1509,16.2952,0.4068,0.0618,35.4428,1.1509,46.9594,9.6228,16.2952,0.8075,0.1276,34.7311,0.911,20.6179,19.328,14.8075,B2,word_pos,solitude,N,solitude,NOM
appartenance,NOUN,B2,beacco,1.1509,15.7946,0.0,0.2527,9.8983,1.1509,109.7121,39.0192,15.7946,0.0,0.5137,7.5358,8.3751,68.3463,56.7717,13.5128,B2,word_pos,appartenance,N,appartenance,NOM
obstacle,NOUN,B2,beacco,1.1509,11.9519,0.0,0.3918,10.8159,1.1509,15.6669,120.7672,11.9519,0.0,0.1865,13.2458,0.911,20.024,113.5434,11.1443,B2,word_pos,obstacle,N,obstacle,NOM
capacité,NOUN,B2,beacco,1.1509,11.6089,0.0,0.0,1.8898,1.1509,32.8328,323.503,11.6089,0.0,0.0,23.7851,36.1911,133.2273,389.1791,34.93,B2,word_pos,capacité,N,capacité,NOM
timbre,NOUN,B2,beacco,1.1509,8.5969,0.0,0.2114,20.1555,1.1509,1.6042,6.4938,8.5969,0.0,0.6008,13.1533,0.911,3.4423,12.833,7.8921,B2,word_pos,timbre,N,timbre,NOM
adhérer,VERB,B2,beacco,1.1509,8.3806,0.0,0.0,19.7319,1.1509,1.6042,12.352,8.3806,0.0,0.0,23.6674,0.911,3.4423,8.037,9.3708,B2,word_pos,adhérer,V,adhérer,VER
reproduire,VERB,B2,beacco,1.1509,8.3274,0.0,0.5054,2.6142,1.1509,88.4395,0.0,8.3274,0.0,0.5137,3.4688,0.911,92.388,0.0,8.9452,B2,word_pos,reproduire,V,reproduire,VER
noyer,VERB,B2,beacco,1.1509,8.3024,0.0,0.0,39.3981,1.1509,0.0,0.0,8.3024,0.0,0.0,46.7144,0.911,3.4423,0.0,12.0895,B2,word_pos,noyer,V,noyer,VER
libraire,NOUN,B2,beacco,1.1509,7.366,1.6274,0.1887,0.6802,1.1509,50.7348,9.6228,7.366,1.6151,0.1937,0.5857,0.911,74.1862,19.328,8.5697,B2,word_pos,libraire,N,libraire,NOM
noce,NOUN,B2,beacco,1.1509,6.9479,0.0,0.3702,26.7338,1.1509,0.0,0.0,6.9479,0.0,0.606,32.8709,0.911,0.0,0.0,8.9568,B2,word_pos,noce,N,noce,NOM
dynamisme,NOUN,B2,beacco,1.1509,6.8505,0.5304,0.7318,0.1812,1.1509,3.2084,76.982,6.8505,0.4856,0.4664,0.0,0.911,3.4423,38.656,3.4811,B2,word_pos,dynamisme,N,dynamisme,NOM
appétit,NOUN,B2,beacco,1.1509,6.3889,0.0,0.2948,11.5311,1.1509,3.2084,12.9876,6.3889,0.0,0.6111,8.2699,0.911,3.4423,12.833,6.6988,B2,word_pos,appétit,N,appétit,NOM
comptoir,NOUN,B2,beacco,1.1509,5.7746,0.0,0.0,10.9275,1.1509,9.6252,0.0,5.7746,0.0,0.0,7.1672,0.911,6.8846,0.0,4.2386,B2,word_pos,comptoir,N,comptoir,NOM
inconscient,ADJ,B2,beacco,1.1509,5.7597,0.0,0.0,0.8749,1.1509,42.6446,19.2455,5.7597,0.0,0.0,0.5531,0.911,20.024,0.0,2.5471,B2,word_pos,inconscient,A,inconscient,ADJ
ramer,VERB,B2,beacco,1.1509,5.2715,0.2541,6.3665,1.5599,1.1509,9.3035,0.0,5.2715,0.0,0.606,7.2201,0.911,6.0005,0.0,4.6059,B2,word_pos,ramer,V,ramer,VER
appui,NOUN,B2,beacco,1.1509,5.1723,0.0,0.0,4.1569,1.1509,2.0505,96.0555,5.1723,0.0,0.0,5.2979,0.911,4.139,77.4712,5.5968,B2,word_pos,appui,N,appui,NOM
crocodile,NOUN,B2,beacco,1.1509,5.0371,11.576,0.3702,2.7483,1.1509,0.0,28.8683,5.0371,7.2471,0.606,3.5715,0.911,0.0,19.328,4.784,B2,word_pos,crocodile,N,crocodile,NOM
majesté,NOUN,B2,beacco,1.1509,4.9806,0.0,0.0,10.3723,1.1509,6.4168,0.0,4.9806,2.5037,0.0,19.532,0.0,3.4423,0.0,8.2088,B2,word_pos,majesté,N,majesté,NOM
canapé,NOUN,B2,beacco,1.1509,4.175,0.0,0.6351,1.1931,1.1509,18.6069,0.0,4.175,0.0,0.4157,2.2924,0.911,12.0009,0.0,3.6529,B2,word_pos,canapé,N,canapé,NOM
dispenser,VERB,B2,beacco,1.1509,4.1254,0.0,0.6418,4.6802,1.1509,9.8067,0.0,4.1254,0.0,0.6228,3.7062,0.911,19.861,0.0,4.8577,B2,word_pos,dispenser,V,dispenser,VER
prose,NOUN,B2,beacco,1.1509,3.5385,0.0,0.3702,2.864,1.1509,6.4168,0.0,3.5385,0.0,0.606,3.6187,0.911,3.4423,0.0,3.6434,B2,word_pos,prose,N,prose,NOM
défiler,VERB,B2,beacco,1.1509,3.5003,0.4996,0.1235,0.2366,1.1509,24.8092,0.0,3.5003,0.9464,0.1276,0.438,0.911,18.0014,0.0,3.5837,B2,word_pos,défiler,V,défiler,VER
probable,ADJ,B2,beacco,1.1509,3.279,0.0,0.0,5.0695,1.1509,6.1515,0.0,3.279,0.0,0.0,3.6048,0.911,8.2781,0.0,3.2459,B2,word_pos,probable,A,probable,ADJ
pro,NOUN,B2,beacco,1.1509,3.2782,0.0,0.4234,0.0,1.1509,34.728,0.0,3.2782,0.0,0.8313,0.0,0.911,6.0005,0.0,1.2443,B2,word_pos,pro,N,pro,NOM
culotte,NOUN,B2,beacco,1.1509,3.1986,0.0,0.0,11.1191,1.1509,0.0,0.0,3.1986,0.0,0.0,7.56,0.911,0.0,0.0,2.5132,B2,word_pos,culotte,N,culotte,NOM
piloter,VERB,B2,beacco,1.1509,3.1669,0.0,0.0,0.2076,1.1509,9.3035,39.0192,3.1669,0.0,0.0,0.3906,1.822,6.0005,56.7717,3.7727,B2,word_pos,piloter,V,piloter,VER
moyenner,VERB,B2,beacco,1.1509,3.1628,0.0,0.0,2.7643,1.1509,16.8923,0.0,3.1628,0.9464,0.606,0.3906,0.0,0.0,0.0,1.5019,B2,word_pos,moyenner,V,moyenner,VER
éternellement,ADV,B2,beacco,1.1509,3.119,0.0,0.3209,7.5528,1.1509,0.0,0.0,3.119,0.0,0.6228,9.7114,0.911,0.0,0.0,3.6767,B2,word_pos,éternellement,ADV,éternellement,ADV
garnir,VERB,B2,beacco,1.1509,3.0885,0.0,0.0,0.2041,1.1509,30.3551,0.0,3.0885,0.0,0.0,0.8634,0.911,31.5653,0.0,3.9138,B2,word_pos,garnir,V,garnir,VER
véhiculer,VERB,B2,beacco,1.1509,2.9969,0.0,0.0,9.9281,1.1509,3.1012,0.0,2.9969,0.0,0.0,1.2756,0.911,6.0005,0.0,1.8627,B2,word_pos,véhiculer,V,véhiculer,VER
protestant,ADJ,B2,beacco,1.1509,2.9319,0.0,3.2088,0.8162,1.1509,0.0,0.0,2.9319,0.0,0.6228,0.8634,0.911,0.0,0.0,1.8432,B2,word_pos,protestant,A,protestant,ADJ
conscient,ADJ,B2,beacco,1.1509,2.9085,0.0,0.0,0.0,1.1509,20.7298,39.7676,2.9085,0.0,0.0,0.0,0.911,20.024,43.8345,2.6193,B2,word_pos,conscient,A,conscient,ADJ
satisfaisant,ADJ,B2,beacco,1.1509,2.8962,0.0,0.0,0.9618,1.1509,12.3029,0.0,2.8962,0.0,0.0,0.4665,0.911,12.4171,0.0,2.6173,B2,word_pos,satisfaisant,A,satisfaisant,ADJ
division,NOUN,B2,beacco,1.1509,2.8352,0.0,0.0,0.0,1.1509,25.2866,9.6228,2.8352,0.0,0.0,0.0,0.911,26.3397,19.328,2.6193,B2,word_pos,division,N,division,NOM
gendre,NOUN,B2,beacco,1.1509,2.74,0.0,0.0944,1.6062,1.1509,1.6042,0.0,2.74,0.0,0.1937,2.4351,1.822,3.4423,0.0,4.8087,B2,word_pos,gendre,N,gendre,NOM
battant,ADJ,B2,beacco,1.1509,2.6327,0.0,0.1897,3.6959,1.1509,0.0,0.0,2.6327,0.0,0.0,0.1243,0.911,0.0,0.0,0.6721,B2,word_pos,battant,A,battant,ADJ
provocateur,ADJ,B2,beacco,1.1509,2.5639,0.4996,0.0,0.0,1.1509,16.4039,0.0,2.5639,0.9464,0.6228,0.0,0.911,8.2781,0.0,3.145,B2,word_pos,provocateur,A,provocateur,ADJ
égoïste,ADJ,B2,beacco,1.1509,2.2474,0.0,0.0,2.864,1.1509,4.101,0.0,2.2474,0.0,0.0,5.3614,0.911,4.139,0.0,3.0155,B2,word_pos,égoïste,A,égoïste,ADJ
campement,NOUN,B2,beacco,1.1509,2.1298,0.0,0.2114,2.0405,1.1509,0.0,0.0,2.1298,0.0,0.6008,1.7269,0.911,0.0,0.0,2.2415,B2,word_pos,campement,N,campement,NOM
élancer,VERB,B2,beacco,1.1509,2.0814,0.3983,0.2117,1.7859,1.1509,0.0,0.0,2.0814,0.8346,0.4157,3.4656,0.911,0.0,0.0,3.3672,B2,word_pos,élancer,V,élancer,VER
courtiser,VERB,B2,beacco,1.1509,1.9531,0.0,0.0,5.9427,1.1509,0.0,0.0,1.9531,0.0,0.0,3.0801,0.911,0.0,0.0,1.5717,B2,word_pos,courtiser,V,courtiser,VER
fléau,NOUN,B2,beacco,1.1509,1.9095,0.0,0.0,1.3603,1.1509,6.2023,0.0,1.9095,0.0,0.0,1.1713,0.911,6.0005,0.0,1.8188,B2,word_pos,fléau,N,fléau,NOM
concitoyen,NOUN,B2,beacco,1.1509,1.9026,0.0,0.0,5.2881,1.1509,0.0,0.0,1.9026,0.0,0.0,3.7679,1.822,0.0,0.0,2.0379,B2,word_pos,concitoyen,N,concitoyen,NOM
pourpoint,NOUN,B2,beacco,1.1509,1.8243,0.5025,0.0,1.2243,1.1509,0.0,0.0,1.8243,0.0,0.0,1.2952,0.911,0.0,0.0,0.9636,B2,word_pos,pourpoint,N,pourpoint,NOM
hexagone,NOUN,B2,beacco,1.1509,1.8122,0.0,0.0,4.9491,1.1509,0.0,0.0,1.8122,0.0,0.0,3.7679,0.911,0.0,0.0,1.5698,B2,word_pos,hexagone,N,hexagone,NOM
souhaitable,ADJ,B2,beacco,1.1509,1.801,0.0,0.2117,0.4809,1.1509,2.0505,0.0,1.801,0.0,0.4157,0.4665,0.911,4.139,0.0,2.2768,B2,word_pos,souhaitable,A,souhaitable,ADJ
empresser,VERB,B2,beacco,1.1509,1.5837,0.0,0.6351,0.0,1.1509,1.6042,9.6228,1.5837,0.0,0.4157,0.0,0.911,3.4423,19.328,2.1935,B2,word_pos,empresser,V,empresser,VER
volontairement,ADV,B2,beacco,1.1509,1.5638,0.0,0.0,0.5833,1.1509,4.101,0.0,1.5638,0.0,0.0,0.5531,0.911,4.139,0.0,1.558,B2,word_pos,volontairement,ADV,volontairement,ADV
décontracté,ADJ,B2,beacco,1.1509,1.4976,0.0,0.0,3.6532,1.1509,0.0,0.0,1.4976,0.0,0.0,5.1436,0.0,0.0,0.0,0.9426,B2,word_pos,décontracté,A,décontracté,ADJ
mondain,ADJ,B2,beacco,1.1509,1.4959,0.0,0.0,3.7064,1.1509,0.0,0.0,1.4959,0.0,0.0,3.5101,0.911,0.0,0.0,1.5167,B2,word_pos,mondain,A,mondain,ADJ
aléatoire,ADJ,B2,beacco,1.1509,1.4728,0.0,0.0,0.4152,1.1509,0.0,12.9876,1.4728,0.0,0.0,0.3906,0.911,0.0,12.833,1.4842,B2,word_pos,aléatoire,A,aléatoire,ADJ
mosaïque,NOUN,B2,beacco,1.1509,1.3641,0.2652,0.0,0.4521,1.1509,0.0,0.0,1.3641,0.0,0.0,0.3059,0.911,0.0,0.0,0.617,B2,word_pos,mosaïque,N,mosaïque,NOM
localiser,VERB,B2,beacco,1.1509,1.3101,0.0,0.0,0.0,1.1509,6.2023,6.4938,1.3101,0.0,0.0,0.0,0.911,6.0005,12.833,1.6033,B2,word_pos,localiser,V,localiser,VER
exorbitant,ADJ,B2,beacco,1.1509,1.3081,0.0,0.0,0.2405,1.1509,4.101,0.0,1.3081,0.0,0.0,0.4665,0.911,4.139,0.0,1.5263,B2,word_pos,exorbitant,A,exorbitant,ADJ
affamer,VERB,B2,beacco,1.1509,1.2729,0.0,0.0,2.7593,1.1509,0.0,0.0,1.2729,0.0,0.0,0.5857,0.911,0.0,0.0,0.7026,B2,word_pos,affamer,V,affamer,VER
comique,NOUN,B2,beacco,1.1509,1.2438,0.4996,0.0,0.4152,1.1509,0.0,0.0,1.2438,0.9464,0.0,0.3906,0.0,0.0,0.0,0.6522,B2,word_pos,comique,N,comique,NOM
parasol,NOUN,B2,beacco,1.1509,1.2234,2.6483,0.0,0.2405,1.1509,0.0,0.0,1.2234,1.2635,0.0,0.4665,0.911,0.0,0.0,1.4239,B2,word_pos,parasol,N,parasol,NOM
géométrie,NOUN,B2,beacco,1.1509,1.204,0.0,0.1887,0.4732,1.1509,2.0505,0.0,1.204,0.0,0.3874,0.438,0.911,4.139,0.0,2.0179,B2,word_pos,géométrie,N,géométrie,NOM
écarquiller,VERB,B2,beacco,1.1509,1.1339,0.0,0.0,0.0,1.1509,12.4046,0.0,1.1339,0.0,0.0,0.0,0.911,6.0005,0.0,0.7202,B2,word_pos,écarquiller,V,écarquiller,VER
classification,NOUN,B2,beacco,1.1509,1.1327,0.0,0.0,0.0,1.1509,10.2524,0.0,1.1327,0.0,0.0,0.0,0.911,12.4171,0.0,1.4153,B2,word_pos,classification,N,classification,NOM
brusque,ADJ,B2,beacco,1.1509,1.1027,1.5934,0.0,0.0,1.1509,6.2023,0.0,1.1027,0.8346,0.0,0.0,0.911,6.0005,0.0,1.1372,B2,word_pos,brusque,A,brusque,ADJ
reparaître,VERB,B2,beacco,1.1509,1.0293,0.0,0.5168,0.2295,1.1509,0.0,0.0,1.0293,0.0,1.0679,0.487,0.911,0.0,0.0,1.5471,B2,word_pos,reparaître,V,reparaître,VER
apéro,NOUN,B2,beacco,1.1509,1.0144,0.0,0.0,2.0028,1.1509,0.0,0.0,1.0144,0.0,0.0,3.7679,0.911,0.0,0.0,1.5698,B2,word_pos,apéro,N,apéro,NOM
figer,VERB,B2,beacco,1.1509,1.004,0.0,0.0,0.0,1.1509,1.6042,6.4938,1.004,0.0,0.0,0.0,0.911,3.4423,12.833,1.5891,B2,word_pos,figer,V,figer,VER
simpliste,ADJ,B2,beacco,1.1509,0.9921,0.0,0.0,0.1507,1.1509,1.6042,0.0,0.9921,0.0,0.0,0.3059,0.911,3.4423,0.0,1.4498,B2,word_pos,simpliste,A,simpliste,ADJ
crudité,NOUN,B2,beacco,1.1509,0.8926,0.8137,0.0,0.0,1.1509,1.6042,0.0,0.8926,1.6151,0.0,0.0,0.911,3.4423,0.0,1.4936,B2,word_pos,crudité,N,crudité,NOM
pétrir,VERB,B2,beacco,1.1509,0.853,0.0,1.8512,0.0,1.1509,0.0,0.0,0.853,0.0,1.2121,0.0,1.822,0.0,0.0,1.3441,B2,word_pos,pétrir,V,pétrir,VER
liseré,NOUN,B2,beacco,1.1509,0.8283,0.0,0.6351,0.2366,1.1509,0.0,0.0,0.8283,0.0,0.4157,0.438,0.911,0.0,0.0,0.9985,B2,word_pos,liseré,N,liseré,NOM
sacrifice,NOUN,B2,beacco,1.1509,0.8275,0.5304,0.0,0.4732,1.1509,0.0,0.0,0.8275,0.4856,0.0,0.438,0.911,0.0,0.0,0.8049,B2,word_pos,sacrifice,N,sacrifice,NOM
distingué,ADJ,B2,beacco,1.1509,0.8095,0.0,0.4879,0.2366,1.1509,0.0,0.0,0.8095,0.0,0.4664,24.0911,2.2839,0.0,0.0,7.827,B2,word_pos,distingué,A,distingué,ADJ
scolariser,VERB,B2,beacco,1.1509,0.6897,0.0,0.0,0.0,1.1509,0.0,19.4814,0.6897,0.0,0.0,0.0,0.911,0.0,12.833,0.725,B2,word_pos,scolariser,V,scolariser,VER
croquer,VERB,B2,beacco,1.1509,0.6828,0.0,0.0,0.0,1.1509,0.0,19.2455,0.6828,0.0,0.0,0.0,0.911,0.0,19.328,0.7202,B2,word_pos,croquer,V,croquer,VER
fendre,VERB,B2,beacco,1.1509,0.653,0.0,0.0,0.4081,1.1509,0.0,0.0,0.653,0.0,0.0,0.4317,0.911,0.0,0.0,0.6699,B2,word_pos,fendre,V,fendre,VER
jucher,VERB,B2,beacco,1.1509,0.6244,0.0,0.0,1.8786,1.1509,0.0,0.0,0.6244,0.0,0.0,0.5857,0.911,0.0,0.0,0.7026,B2,word_pos,jucher,V,jucher,VER
corbeille,NOUN,B2,beacco,1.1509,0.5585,1.1453,0.0,0.0,1.1509,0.0,0.0,0.5585,1.1556,0.0,0.0,0.911,0.0,0.0,0.5628,B2,word_pos,corbeille,N,corbeille,NOM
narine,NOUN,B2,beacco,1.1509,0.5453,0.0,0.0,0.2366,1.1509,3.1012,0.0,0.5453,0.0,0.0,0.438,1.822,6.0005,0.0,0.9885,B2,word_pos,narine,N,narine,NOM
délirant,ADJ,B2,beacco,1.1509,0.525,0.0,0.0,0.2076,1.1509,0.0,0.0,0.525,0.0,0.0,0.3906,0.911,0.0,0.0,0.6561,B2,word_pos,délirant,A,délirant,ADJ
nouvellement,ADV,B2,beacco,1.1509,0.525,0.0,0.0,0.2076,1.1509,0.0,0.0,0.525,0.0,0.0,0.3906,0.911,0.0,0.0,0.6561,B2,word_pos,nouvellement,ADV,nouvellement,ADV
rebut,NOUN,B2,beacco,1.1509,0.5226,0.0,0.0,0.0,1.1509,0.0,9.6228,0.5226,0.0,0.0,0.0,0.911,0.0,19.328,0.7202,B2,word_pos,rebut,N,rebut,NOM
bascule,NOUN,B2,beacco,1.1509,0.5102,0.0,0.0,0.3401,1.1509,0.0,0.0,0.5102,0.0,0.0,0.5857,0.911,0.0,0.0,0.7026,B2,word_pos,bascule,N,bascule,NOM
pourpre,NOUN,B2,beacco,1.1509,0.5102,0.0,0.0,0.3401,1.1509,0.0,0.0,0.5102,0.0,0.0,0.5857,0.911,0.0,0.0,0.7026,B2,word_pos,pourpre,N,pourpre,NOM
clan,NOUN,B2,beacco,1.1509,0.5083,0.0,0.0,0.3274,1.1509,0.0,0.0,0.5083,0.0,0.0,0.2487,0.911,0.0,0.0,0.8481,B2,word_pos,clan,N,clan,NOM
flacon,NOUN,B2,beacco,1.1509,0.5065,0.0,0.0,0.0,1.1509,1.6042,0.0,0.5065,0.0,0.0,0.0,0.911,3.4423,0.0,0.7154,B2,word_pos,flacon,N,flacon,NOM
aiguiser,VERB,B2,beacco,1.1509,0.5064,0.0,0.0,0.3618,1.1509,0.0,0.0,0.5064,0.0,0.0,0.6378,0.911,0.0,0.0,0.7091,B2,word_pos,aiguiser,V,aiguiser,VER
momentané,ADJ,B2,beacco,1.1509,0.5011,0.0,0.0,0.0,1.1509,2.0505,0.0,0.5011,0.0,0.0,0.0,0.911,4.139,0.0,0.725,B2,word_pos,momentané,A,momentané,ADJ
promis,ADJ,B2,beacco,1.1509,0.5002,0.0,0.2117,0.0,1.1509,0.0,0.0,0.5002,0.0,0.4157,0.0,0.911,0.0,0.0,0.5515,B2,word_pos,promis,A,promis,ADJ
gradin,NOUN,B2,beacco,1.1509,0.4998,0.0,0.0,0.1155,1.1509,0.0,0.0,0.4998,0.0,0.0,0.2331,0.911,0.0,0.0,0.7046,B2,word_pos,gradin,N,gradin,NOM
benne,NOUN,B2,beacco,1.1509,0.4685,0.0,0.0,0.0,1.1509,3.1012,0.0,0.4685,0.0,0.0,0.0,0.911,6.0005,0.0,0.7202,B2,word_pos,benne,N,benne,NOM
corse,ADJ,B2,beacco,1.1509,0.4685,0.0,0.0,0.0,1.1509,3.1012,0.0,0.4685,0.0,0.0,0.0,0.911,6.0005,0.0,0.7202,B2,word_pos,corse,A,corse,ADJ
dissoudre,VERB,B2,beacco,1.1509,0.4685,0.0,0.0,0.0,1.1509,3.1012,0.0,0.4685,0.0,0.0,0.0,0.911,6.0005,0.0,0.7202,B2,word_pos,dissoudre,V,dissoudre,VER
proférer,VERB,B2,beacco,1.1509,0.4685,0.0,0.0,0.0,1.1509,3.1012,0.0,0.4685,0.0,0.0,0.0,0.911,6.0005,0.0,0.7202,B2,word_pos,proférer,V,proférer,VER
agglutiner le long,VERB,B2,crf_first_attested,1.1509,0.0698,0.0,0.0,0.0,1.1509,0.0,0.0,0.0698,,,,,,,,,crf_only,agglutiner le long,V,,
amuse - gueule,NOUN,B2,crf_first_attested,1.1509,0.0698,0.0,0.0,0.0,1.1509,0.0,0.0,0.0698,,,,,,,,,crf_only,amuse - gueule,N,,
apprendre,NOUN,B2,crf_first_attested,1.1509,0.0698,0.0,0.0,0.0,1.1509,0.0,0.0,0.0698,,,,,,,,,crf_only,apprendre,N,,
café - tabac,NOUN,B2,crf_first_attested,1.1509,0.0698,0.0,0.0,0.0,1.1509,0.0,0.0,0.0698,,,,,,,,,crf_only,café - tabac,N,,
canismes,NOUN,B2,crf_first_attested,1.1509,0.0698,0.0,0.0,0.0,1.1509,0.0,0.0,0.0698,,,,,,,,,crf_only,canismes,N,,
centurion tire - au - flanc,NOUN,B2,crf_first_attested,1.1509,0.0698,0.0,0.0,0.0,1.1509,0.0,0.0,0.0698,,,,,,,,,crf_only,centurion tire - au - flanc,N,,
de dessous,PREP,B2,crf_first_attested,1.1509,0.0698,0.0,0.0,0.0,1.1509,0.0,0.0,0.0698,,,,,,,,,crf_only,de dessous,PREP,,
déscolarisation,NOUN,B2,crf_first_attested,1.1509,0.0698,0.0,0.0,0.0,1.1509,0.0,0.0,0.0698,,,,,,,,,crf_only,déscolarisation,N,,
en cadence,ADV,B2,crf_first_attested,1.1509,0.0698,0.0,0.0,0.0,1.1509,0.0,0.0,0.0698,,,,,,,,,crf_only,en cadence,ADV,,
escaleir,NOUN,B2,crf_first_attested,1.1509,0.0698,0.0,0.0,0.0,1.1509,0.0,0.0,0.0698,,,,,,,,,crf_only,escaleir,N,,
flot,NOUN,B2,beacco,1.1509,0.0698,0.0,0.0,0.0,1.1509,0.0,0.0,0.0698,0.0,0.0,2.6844,0.911,0.0,0.0,1.5115,B2,word_pos,flot,N,flot,NOM
mansarder,VERB,B2,crf_first_attested,1.1509,0.0698,0.0,0.0,0.0,1.1509,0.0,0.0,0.0698,,,,,,,,,crf_only,mansarder,V,,
mini - buffet,NOUN,B2,crf_first_attested,1.1509,0.0698,0.0,0.0,0.0,1.1509,0.0,0.0,0.0698,,,,,,,,,crf_only,mini - buffet,N,,
moisi,ADJ,B2,crf_first_attested,1.1509,0.0698,0.0,0.0,0.0,1.1509,0.0,0.0,0.0698,,,,,,,,,crf_only,moisi,A,,
molière,NOUN,B2,crf_first_attested,1.1509,0.0698,0.0,0.0,0.0,1.1509,0.0,0.0,0.0698,,,,,,,,,crf_only,molière,N,,
observateur,ADJ,B2,crf_first_attested,1.1509,0.0698,0.0,0.0,0.0,1.1509,0.0,0.0,0.0698,,,,,,,,,crf_only,observateur,A,,
onze cent,DET,B2,crf_first_attested,1.1509,0.0698,0.0,0.0,0.0,1.1509,0.0,0.0,0.0698,,,,,,,,,crf_only,onze cent,DET,,
peplum,NOUN,B2,crf_first_attested,1.1509,0.0698,0.0,0.0,0.0,1.1509,0.0,0.0,0.0698,,,,,,,,,crf_only,peplum,N,,
roman - photo,NOUN,B2,crf_first_attested,1.1509,0.0698,0.0,0.0,0.0,1.1509,0.0,0.0,0.0698,,,,,,,,,crf_only,roman - photo,N,,
scarabée,NOUN,B2,beacco,1.1509,0.0698,0.0,0.0,0.0,1.1509,0.0,0.0,0.0698,0.0,0.0,0.0,8.2033,0.0,0.0,0.5678,B2,word_pos,scarabée,N,scarabée,NOM
souricière,NOUN,B2,crf_first_attested,1.1509,0.0698,0.0,0.0,0.0,1.1509,0.0,0.0,0.0698,,,,,,,,,crf_only,souricière,N,,
surdouer,VERB,B2,crf_first_attested,1.1509,0.0698,0.0,0.0,0.0,1.1509,0.0,0.0,0.0698,,,,,,,,,crf_only,surdouer,V,,
surinformer,VERB,B2,crf_first_attested,1.1509,0.0698,0.0,0.0,0.0,1.1509,0.0,0.0,0.0698,,,,,,,,,crf_only,surinformer,V,,
tu as entendu que,CONJ,B2,crf_first_attested,1.1509,0.0698,0.0,0.0,0.0,1.1509,0.0,0.0,0.0698,,,,,,,,,crf_only,tu as entendu que,CONJS,,
tu sais bien que,CONJ,B2,crf_first_attested,1.1509,0.0698,0.0,0.0,0.0,1.1509,0.0,0.0,0.0698,,,,,,,,,crf_only,tu sais bien que,CONJS,,
tu vois que,CONJ,B2,crf_first_attested,1.1509,0.0698,0.0,0.0,0.0,1.1509,0.0,0.0,0.0698,,,,,,,,,crf_only,tu vois que,CONJS,,
tu voudrais que,CONJ,B2,crf_first_attested,1.1509,0.0698,0.0,0.0,0.0,1.1509,0.0,0.0,0.0698,,,,,,,,,crf_only,tu voudrais que,CONJS,,
verni,NOUN,B2,crf_first_attested,1.1509,0.0698,0.0,0.0,0.0,1.1509,0.0,0.0,0.0698,,,,,,,,,crf_only,verni,N,,
zèbre,NOUN,B2,crf_first_attested,1.1509,0.0698,0.0,0.0,0.0,1.1509,0.0,0.0,0.0698,,,,,,,,,crf_only,zèbre,N,,
demeure,NOUN,B2,beacco,1.0837,11.5243,0.0,0.0,29.5968,1.0837,29.7295,0.0,11.5243,0.0,0.0,32.7823,1.0161,31.3528,0.0,12.0057,B2,word_pos,demeure,N,demeure,NOM
fouiller,VERB,B2,beacco,1.0837,2.4824,0.3158,2.0176,0.0554,1.0837,0.0,0.0,2.4824,0.6291,0.1865,2.3204,1.0161,0.0,0.0,4.0915,B2,word_pos,fouiller,V,fouiller,VER
loge,NOUN,B2,beacco,1.0571,9.4886,0.0,0.0,31.5007,1.0571,6.4168,0.0,9.4886,0.0,0.0,22.2967,0.8102,3.4423,0.0,6.7763,B2,word_pos,loge,N,loge,NOM
affectif,ADJ,B2,beacco,1.0571,7.1377,0.0,0.0,25.4194,1.0571,1.6042,0.0,7.1377,0.0,0.0,13.4271,8.2319,3.4423,12.833,7.9082,B2,word_pos,affectif,A,affectif,ADJ
singe,NOUN,B2,beacco,1.0571,4.2733,1.3242,0.7835,0.4152,1.0571,6.4168,0.0,4.2733,1.2635,0.0,0.7812,1.6204,10.3269,0.0,4.9046,B2,word_pos,singe,N,singe,NOM
manier,VERB,B2,beacco,1.0571,4.2712,0.0,0.0,4.4655,1.0571,20.5337,6.4938,4.2712,0.0,0.0,4.773,0.8102,20.6179,12.833,4.8333,B2,word_pos,manier,V,manier,VER
puits,NOUN,B2,beacco,1.0571,3.4095,0.0,0.0,9.8981,1.0571,0.0,0.0,3.4095,0.0,0.0,15.3193,0.8102,0.0,0.0,4.7764,B2,word_pos,puits,N,puits,NOM
reconnaissant,ADJ,B2,beacco,1.0571,2.8715,0.0,0.9626,5.2664,1.0571,0.0,0.0,2.8715,0.0,0.6228,7.7013,8.1049,0.0,0.0,4.6636,B2,word_pos,reconnaissant,A,reconnaissant,ADJ
affaiblir,VERB,B2,beacco,1.0571,2.5681,0.0,0.0,1.9564,1.0571,0.0,56.9312,2.5681,0.0,0.0,3.7375,0.8102,0.0,56.7717,3.3035,B2,word_pos,affaiblir,V,affaiblir,VER
chirurgien,NOUN,B2,beacco,1.0571,2.2492,0.0,0.0,2.9075,1.0571,1.6042,9.6228,2.2492,0.0,0.0,5.5016,0.8102,3.4423,19.328,4.0733,B2,word_pos,chirurgien,N,chirurgien,NOM
expulser,VERB,B2,beacco,1.0571,2.0748,0.0,0.0,0.3401,1.0571,2.0505,38.491,2.0748,0.0,0.0,0.5857,0.8102,4.139,19.328,2.2078,B2,word_pos,expulser,V,expulser,VER
brutalement,ADV,B2,beacco,1.0571,2.0125,0.3983,0.0,3.696,1.0571,0.0,0.0,2.0125,0.8346,0.0,7.1757,0.8102,0.0,0.0,3.3871,B2,word_pos,brutalement,ADV,brutalement,ADV
intensité,NOUN,B2,beacco,1.0571,1.958,0.0,0.0,1.8328,1.0571,0.0,6.176,1.958,0.0,0.0,3.5156,0.8102,0.0,4.0185,2.3757,B2,word_pos,intensité,N,intensité,NOM
maudit,ADJ,B2,beacco,1.0571,1.7472,0.0,0.0,4.3718,1.0571,0.0,0.0,1.7472,0.0,0.0,0.3059,0.8102,0.0,0.0,0.6412,B2,word_pos,maudit,A,maudit,ADJ
criminologue,NOUN,B2,beacco,1.0571,1.744,0.0,0.0,0.0,1.0571,16.4039,0.0,1.744,0.0,0.0,0.0,1.6204,12.4171,0.0,1.5225,B2,word_pos,criminologue,N,criminologue,NOM
restaurateur,NOUN,B2,beacco,1.0571,1.7406,1.1453,0.0,0.0,1.0571,0.0,28.8683,1.7406,1.1556,0.0,0.0,0.8102,0.0,0.0,0.6428,B2,word_pos,restaurateur,N,restaurateur,NOM
brosse,NOUN,B2,beacco,1.0571,1.7107,0.0,5.2942,0.0,1.0571,0.0,0.0,1.7107,0.0,4.6393,0.0,0.8102,0.0,0.0,1.4551,B2,word_pos,brosse,N,brosse,NOM
diligence,NOUN,B2,beacco,1.0571,1.6793,0.0,0.0,4.3626,1.0571,0.0,0.0,1.6793,0.0,0.0,3.6423,0.8102,0.0,0.0,1.4232,B2,word_pos,diligence,N,diligence,NOM
siéger,VERB,B2,beacco,1.0571,1.4681,0.0,0.0,0.0906,1.0571,0.0,19.4814,1.4681,0.0,0.0,0.185,0.8102,0.0,38.4989,2.5663,B2,word_pos,siéger,V,siéger,VER
intuition,NOUN,B2,beacco,1.0571,1.3806,0.0,0.0,3.1412,1.0571,0.0,0.0,1.3806,0.0,0.0,3.5301,0.8102,0.0,0.0,1.4063,B2,word_pos,intuition,N,intuition,NOM
scruter,VERB,B2,beacco,1.0571,1.3564,0.0,0.0,2.9623,1.0571,0.0,0.0,1.3564,0.0,0.0,3.4815,0.8102,0.0,0.0,1.4591,B2,word_pos,scruter,V,scruter,VER
funèbre,ADJ,B2,beacco,1.0571,1.3013,0.0,0.0,2.718,1.0571,0.0,0.0,1.3013,0.0,0.0,0.4317,0.8102,0.0,0.0,0.6202,B2,word_pos,funèbre,A,funèbre,ADJ
écrouler,VERB,B2,beacco,1.0571,1.2982,0.0,0.0,0.1815,1.0571,6.2023,0.0,1.2982,0.0,0.0,0.2504,0.8102,6.0005,0.0,1.3324,B2,word_pos,écrouler,V,écrouler,VER
mystique,ADJ,B2,beacco,1.0571,1.1174,0.0,0.0,0.9041,1.0571,0.0,0.0,1.1174,0.0,0.0,0.3059,0.8102,0.0,0.0,0.6412,B2,word_pos,mystique,A,mystique,ADJ
encastrer,VERB,B2,beacco,1.0571,0.8226,0.0,0.0,0.0,1.0571,0.0,28.8683,0.8226,0.0,0.0,0.0,0.8102,0.0,19.328,0.4907,B2,word_pos,encastrer,V,encastrer,VER
nous - mêmes,PRON,B2,crf_first_attested,1.0571,0.8226,0.0,0.0,0.0,1.0571,0.0,28.8683,0.8226,,,,,,,,,crf_only,nous - mêmes,PRO,,
tranché,ADJ,B2,beacco,1.0571,0.8036,0.0,0.7835,0.0,1.0571,0.0,0.0,0.8036,0.0,0.0,0.0,9.5948,0.0,0.0,0.6508,B2,word_pos,tranché,A,tranché,ADJ
compatriote,NOUN,B2,beacco,1.0571,0.779,0.0,0.0,0.0,1.0571,1.6042,9.6228,0.779,0.0,0.0,0.0,0.8102,3.4423,19.328,1.2787,B2,word_pos,compatriote,N,compatriote,NOM
atteint,ADJ,B2,crf_first_attested,1.0571,0.7719,0.0,0.0,0.0,1.0571,9.3035,0.0,0.7719,,,,,,,,,crf_only,atteint,A,,
conteur,NOUN,B2,beacco,1.0571,0.7031,1.2043,0.0,0.0,1.0571,0.0,0.0,0.7031,0.7319,0.0,0.0,0.8102,0.0,0.0,0.6119,B2,word_pos,conteur,N,conteur,NOM
bijoutier,NOUN,B2,beacco,1.0571,0.6217,0.0,0.0,0.4809,1.0571,0.0,0.0,0.6217,0.0,0.0,0.4665,0.8102,0.0,0.0,0.6131,B2,word_pos,bijoutier,N,bijoutier,NOM
insurrection,NOUN,B2,beacco,1.0571,0.6041,0.0,0.0,0.5833,1.0571,0.0,0.0,0.6041,0.0,0.0,0.5531,1.6204,0.0,0.0,0.6932,B2,word_pos,insurrection,N,insurrection,NOM
ramoneur,NOUN,B2,beacco,1.0571,0.5814,0.0,0.0,0.0,1.0571,3.2084,0.0,0.5814,0.0,0.0,0.0,0.8102,3.4423,0.0,0.5668,B2,word_pos,ramoneur,N,ramoneur,NOM
ambulant,ADJ,B2,beacco,1.0571,0.3557,0.0,0.0,0.2916,1.0571,0.0,0.0,0.3557,0.0,0.0,3.7062,0.8102,0.0,0.0,1.4117,B2,word_pos,ambulant,A,ambulant,ADJ
déconcerter,VERB,B2,beacco,1.0571,0.3255,0.0,0.0,0.2366,1.0571,0.0,0.0,0.3255,0.0,0.0,0.438,0.8102,0.0,0.0,0.5678,B2,word_pos,déconcerter,V,déconcerter,VER
rigoureusement,ADV,B2,beacco,1.0571,0.3219,0.0,0.0,0.0,1.0571,2.0505,0.0,0.3219,0.0,0.0,0.0,0.8102,4.139,0.0,0.5215,B2,word_pos,rigoureusement,ADV,rigoureusement,ADV
divergent,ADJ,B2,beacco,1.0571,0.2837,0.0,0.0,0.0,1.0571,3.1012,0.0,0.2837,0.0,0.0,0.0,0.8102,6.0005,0.0,0.4907,B2,word_pos,divergent,A,divergent,ADJ
adolphe,NOUN,B2,crf_first_attested,1.0571,0.0241,0.0,0.0,0.0,1.0571,0.0,0.0,0.0241,,,,,,,,,crf_only,adolphe,N,,
arriver avant,VERB,B2,crf_first_attested,1.0571,0.0241,0.0,0.0,0.0,1.0571,0.0,0.0,0.0241,,,,,,,,,crf_only,arriver avant,V,,
balonnette,NOUN,B2,crf_first_attested,1.0571,0.0241,0.0,0.0,0.0,1.0571,0.0,0.0,0.0241,,,,,,,,,crf_only,balonnette,N,,
bicher,VERB,B2,crf_first_attested,1.0571,0.0241,0.0,0.0,0.0,1.0571,0.0,0.0,0.0241,,,,,,,,,crf_only,bicher,V,,
entrouvrir,VERB,B2,beacco,1.0571,0.0241,0.0,0.0,0.0,1.0571,0.0,0.0,0.0241,0.0,0.0,0.3933,8.2287,0.0,0.0,1.473,B2,word_pos,entrouvrir,V,entrouvrir,VER
griffes,NOUN,B2,crf_first_attested,1.0571,0.0241,0.0,0.0,0.0,1.0571,0.0,0.0,0.0241,,,,,,,,,crf_only,griffes,N,,
jamais,NOUN,B2,crf_first_attested,1.0571,0.0241,0.0,0.0,0.0,1.0571,0.0,0.0,0.0241,,,,,,,,,crf_only,jamais,N,,
laissez - passer,NOUN,B2,crf_first_attested,1.0571,0.0241,0.0,0.0,0.0,1.0571,0.0,0.0,0.0241,,,,,,,,,crf_only,laissez - passer,N,,
malgré de,PREP,B2,crf_first_attested,1.0571,0.0241,0.0,0.0,0.0,1.0571,0.0,0.0,0.0241,,,,,,,,,crf_only,malgré de,PREP,,
mirror,X,B2,crf_first_attested,1.0571,0.0241,0.0,0.0,0.0,1.0571,0.0,0.0,0.0241,,,,,,,,,crf_only,mirror,X,,
tremens,ADJ,B2,crf_first_attested,1.0571,0.0241,0.0,0.0,0.0,1.0571,0.0,0.0,0.0241,,,,,,,,,crf_only,tremens,A,,
gros,ADV,B2,beacco,0.911,4.3395,,,,,,,,0.4856,0.5137,2.4351,0.911,0.0,0.0,4.3395,B2,beacco_only,,,gros,ADV
adieu,INT,B2,beacco,0.911,4.175,,,,,,,,0.8346,0.186,7.3854,0.911,0.0,0.0,4.175,B2,beacco_only,,,adieu,INT
savoir-vivre,NOUN,B2,beacco,0.911,3.5975,,,,,,,,0.0,0.0,3.7375,0.911,10.3269,0.0,3.5975,B2,beacco_only,,,savoir-vivre,NOM
prolongement,NOUN,B2,beacco,0.911,2.6172,,,,,,,,0.0,0.0,0.487,0.911,0.0,38.4989,2.6172,B2,beacco_only,,,prolongement,NOM
moyennant,PREP,B2,beacco,0.911,2.5475,,,,,,,,0.0,0.0,0.5531,0.911,20.6179,0.0,2.5475,B2,beacco_only,,,moyennant,PRP
quiche,NOUN,B2,beacco,0.911,2.4028,,,,,,,,0.0,0.6008,3.1652,0.911,0.0,0.0,2.4028,B2,beacco_only,,,quiche,NOM
avant-garde,NOUN,B2,beacco,0.911,2.2273,,,,,,,,0.0,0.0,0.0,0.911,31.3781,0.0,2.2273,B2,beacco_only,,,avant-garde,NOM
dessein,NOUN,B2,beacco,0.911,1.5371,,,,,,,,0.0,0.0,0.5531,0.911,6.0005,0.0,1.5371,B2,beacco_only,,,dessein,NOM
normal,NOUN,B2,beacco,0.911,1.0443,,,,,,,,0.0,0.0,2.6301,0.911,0.0,0.0,1.0443,B2,beacco_only,,,normal,NOM
lurette,NOUN,B2,beacco,0.911,0.7202,,,,,,,,0.0,0.0,0.0,0.911,6.0005,0.0,0.7202,B2,beacco_only,,,lurette,NOM
bizarre,NOUN,B2,beacco,0.911,0.7046,,,,,,,,0.0,0.7079,0.0,0.911,0.0,0.0,0.7046,B2,beacco_only,,,bizarre,NOM
beau-père,NOUN,B2,beacco,0.911,0.6289,,,,,,,,2.3113,0.0,0.0,0.911,0.0,0.0,0.6289,B2,beacco_only,,,beau-père,NOM
lâcher,VERB,B2,beacco,0.8949,11.6752,0.0,0.7405,30.919,0.8949,16.2172,0.0,11.6752,0.0,0.606,33.6838,1.8983,19.861,0.0,12.7673,B2,word_pos,lâcher,V,lâcher,VER
quarantaine,NOUN,B2,beacco,0.8949,9.046,1.005,1.2835,2.5964,0.8949,19.6975,85.6001,9.046,0.9051,0.6228,2.5235,1.8983,20.024,86.9662,9.3954,B2,word_pos,quarantaine,N,quarantaine,NOM
moustique,NOUN,B2,beacco,0.8949,7.7303,0.0,0.0,0.1812,0.8949,55.8207,10.2933,7.7303,0.0,0.0,0.185,1.8983,60.0046,4.0185,7.7963,B2,word_pos,moustique,N,moustique,NOM
polir,VERB,B2,beacco,0.8949,5.5325,1.005,0.3209,14.453,0.8949,0.0,0.0,5.5325,0.9051,0.6228,20.5689,9.5296,0.0,0.0,9.6415,B2,word_pos,polir,V,polir,VER
demi,ADJ,B2,beacco,0.8949,4.867,1.0953,0.0,3.4612,0.8949,20.7298,19.2455,4.867,1.9426,0.606,0.487,2.5411,0.0,0.0,2.5232,B2,word_pos,demi,A,demi,ADJ
alliance,NOUN,B2,beacco,0.8949,3.8328,0.0,0.2035,3.568,0.8949,10.2669,6.4938,3.8328,0.0,0.3851,6.3092,1.8983,20.6179,12.833,6.5931,B2,word_pos,alliance,N,alliance,NOM
dans l' esprit de,PREP,B2,crf_first_attested,0.8949,1.2582,0.0,0.0,0.0,0.8949,6.1515,9.6228,1.2582,,,,,,,,,crf_only,dans l' esprit de,PREP,,
méchanceté,NOUN,B2,beacco,0.8949,1.1876,0.0,0.0,3.701,0.8949,0.0,0.0,1.1876,0.0,0.0,7.1652,1.8983,0.0,0.0,2.4222,B2,word_pos,méchanceté,N,méchanceté,NOM
hôtelier,NOUN,B2,beacco,0.8949,0.9708,0.0,1.0337,0.2366,0.8949,0.0,0.0,0.9708,0.0,1.0679,0.438,1.8983,0.0,0.0,1.5575,B2,word_pos,hôtelier,N,hôtelier,NOM
parti,ADJ,B2,beacco,0.8949,0.9543,7.038,0.0,0.0,0.8949,0.0,0.0,0.9543,1.796,0.2065,0.0,0.0,0.0,0.0,1.057,B2,word_pos,parti,A,parti,ADJ
retarder,VERB,B2,beacco,0.8949,0.9327,0.6317,0.0,0.4809,0.8949,0.0,0.0,0.9327,0.6291,0.0,0.933,1.8983,0.0,0.0,1.7728,B2,word_pos,retarder,V,retarder,VER
brosser,VERB,B2,beacco,0.8949,0.7602,0.0,0.0,0.0,0.8949,1.6042,9.6228,0.7602,0.0,0.0,0.0,1.8983,3.4423,19.328,1.5363,B2,word_pos,brosser,V,brosser,VER
donc là,ADV,B2,crf_first_attested,0.8949,0.5531,0.0,0.0,0.0,0.8949,6.2023,0.0,0.5531,,,,,,,,,crf_only,donc là,ADV,,
reparler,VERB,B2,beacco,0.8949,0.5387,0.0,1.1107,0.0,0.8949,0.0,0.0,0.5387,0.0,0.606,0.0,1.8983,0.0,0.0,0.6778,B2,word_pos,reparler,V,reparler,VER
tardif,ADJ,B2,beacco,0.8949,0.5248,0.0,0.0,0.4732,0.8949,0.0,0.0,0.5248,0.0,0.0,0.438,1.8983,0.0,0.0,0.697,B2,word_pos,tardif,A,tardif,ADJ
pancarte,NOUN,B2,beacco,0.8949,0.3336,0.0,0.0,0.0,0.8949,1.6042,0.0,0.3336,0.0,0.0,0.0,1.8983,3.4423,0.0,0.697,B2,word_pos,pancarte,N,pancarte,NOM
pantoufle,NOUN,B2,beacco,0.8949,0.3336,0.0,0.0,0.3618,0.8949,0.0,0.0,0.3336,0.0,0.0,0.6378,1.8983,0.0,0.0,0.696,B2,word_pos,pantoufle,N,pantoufle,NOM
redire,VERB,B2,beacco,0.8949,0.3326,0.0,0.0,0.2366,0.8949,0.0,0.0,0.3326,0.0,0.0,0.438,1.8983,0.0,0.0,0.697,B2,word_pos,redire,V,redire,VER
avant même que,CONJ,B2,crf_first_attested,0.8949,0.3318,0.0,0.0,0.0,0.8949,2.0505,0.0,0.3318,,,,,,,,,crf_only,avant même que,CONJS,,
arrété,VERB,B2,crf_first_attested,0.8949,0.0204,0.0,0.0,0.0,0.8949,0.0,0.0,0.0204,,,,,,,,,crf_only,arrété,V,,
autres me,PRON,B2,crf_first_attested,0.8949,0.0204,0.0,0.0,0.0,0.8949,0.0,0.0,0.0204,,,,,,,,,crf_only,autres me,PRO,,
avoir le temps de bien,VERB,B2,crf_first_attested,0.8949,0.0204,0.0,0.0,0.0,0.8949,0.0,0.0,0.0204,,,,,,,,,crf_only,avoir le temps de bien,V,,
bien dit,ADV,B2,crf_first_attested,0.8949,0.0204,0.0,0.0,0.0,0.8949,0.0,0.0,0.0204,,,,,,,,,crf_only,bien dit,ADV,,
coupe - papier,NOUN,B2,crf_first_attested,0.8949,0.0204,0.0,0.0,0.0,0.8949,0.0,0.0,0.0204,,,,,,,,,crf_only,coupe - papier,N,,
dans la main,ADV,B2,crf_first_attested,0.8949,0.0204,0.0,0.0,0.0,0.8949,0.0,0.0,0.0204,,,,,,,,,crf_only,dans la main,ADV,,
de sûr,ADV,B2,crf_first_attested,0.8949,0.0204,0.0,0.0,0.0,0.8949,0.0,0.0,0.0204,,,,,,,,,crf_only,de sûr,ADV,,
du côté de où,PREP,B2,crf_first_attested,0.8949,0.0204,0.0,0.0,0.0,0.8949,0.0,0.0,0.0204,,,,,,,,,crf_only,du côté de où,PREP,,
en disant,ADV,B2,crf_first_attested,0.8949,0.0204,0.0,0.0,0.0,0.8949,0.0,0.0,0.0204,,,,,,,,,crf_only,en disant,ADV,,
imprudent,ADJ,B2,beacco,0.8949,0.0204,0.0,0.0,0.0,0.8949,0.0,0.0,0.0204,0.0,0.0,0.0,8.1386,0.0,0.0,0.5962,B2,word_pos,imprudent,A,imprudent,ADJ
milieu de tout ce monde,NOUN,B2,crf_first_attested,0.8949,0.0204,0.0,0.0,0.0,0.8949,0.0,0.0,0.0204,,,,,,,,,crf_only,milieu de tout ce monde,N,,
par l' envie de,PREP,B2,crf_first_attested,0.8949,0.0204,0.0,0.0,0.0,0.8949,0.0,0.0,0.0204,,,,,,,,,crf_only,par l' envie de,PREP,,
par moment,ADV,B2,crf_first_attested,0.8949,0.0204,0.0,0.0,0.0,0.8949,0.0,0.0,0.0204,,,,,,,,,crf_only,par moment,ADV,,
par téléphone,ADV,B2,crf_first_attested,0.8949,0.0204,0.0,0.0,0.0,0.8949,0.0,0.0,0.0204,,,,,,,,,crf_only,par téléphone,ADV,,
par écrit,ADV,B2,crf_first_attested,0.8949,0.0204,0.0,0.0,0.0,0.8949,0.0,0.0,0.0204,,,,,,,,,crf_only,par écrit,ADV,,
patron,ADJ,B2,crf_first_attested,0.8949,0.0204,0.0,0.0,0.0,0.8949,0.0,0.0,0.0204,,,,,,,,,crf_only,patron,A,,
sur tout,ADV,B2,crf_first_attested,0.8949,0.0204,0.0,0.0,0.0,0.8949,0.0,0.0,0.0204,,,,,,,,,crf_only,sur tout,ADV,,
voilà,PREP,B2,crf_first_attested,0.8949,0.0204,0.0,0.0,0.0,0.8949,0.0,0.0,0.0204,,,,,,,,,crf_only,voilà,PREP,,
vous,NOUN,B2,crf_first_attested,0.8949,0.0204,0.0,0.0,0.0,0.8949,0.0,0.0,0.0204,,,,,,,,,crf_only,vous,N,,
écolier,NOUN,B2,beacco,0.867,1.68,0.5693,0.0,0.0,0.867,6.2023,12.9876,1.68,1.1764,0.0,0.5857,1.3548,6.0005,12.833,2.4444,B2,word_pos,écolier,N,écolier,NOM
donnée,NOUN,B2,beacco,0.8259,21.3389,0.0,0.0,2.2833,0.8259,171.7896,116.5914,21.3389,0.0,0.0,3.0081,1.3018,185.5609,93.687,17.8975,B2,word_pos,donnée,N,donnée,NOM
décidément,ADV,B2,beacco,0.8259,6.3481,1.895,0.285,4.0628,0.8259,20.4505,19.2455,6.3481,0.0,0.2891,3.5206,1.3018,20.6179,19.328,5.1225,B2,word_pos,décidément,ADV,décidément,ADV
dévoiler,VERB,B2,beacco,0.8259,6.127,0.0,0.2114,1.2243,0.8259,44.5454,0.0,6.127,0.0,0.6008,0.8634,1.3018,49.0825,0.0,6.4754,B2,word_pos,dévoiler,V,dévoiler,VER
télévisuel,ADJ,B2,beacco,0.8259,4.5455,0.0,0.2527,0.0,0.8259,21.0617,67.3593,4.5455,0.0,0.5137,0.0,1.3018,19.861,57.984,5.0211,B2,word_pos,télévisuel,A,télévisuel,ADJ
ingrédient,NOUN,B2,beacco,0.8259,4.0942,0.0,0.0,7.3902,0.8259,15.1776,0.0,4.0942,0.0,0.0,7.3691,1.3018,20.024,0.0,4.6517,B2,word_pos,ingrédient,N,ingrédient,NOM
rationnel,ADJ,B2,beacco,0.8259,2.8792,0.0,0.285,2.9106,0.8259,14.569,0.0,2.8792,0.0,0.2891,3.5957,1.3018,19.861,0.0,4.2438,B2,word_pos,rationnel,A,rationnel,ADJ
distinct,ADJ,B2,beacco,0.8259,2.7993,0.0,0.0,0.0,0.8259,30.8006,12.9876,2.7993,0.0,0.0,0.0,1.3018,31.3781,25.6659,3.2057,B2,word_pos,distinct,A,distinct,ADJ
attabler,VERB,B2,beacco,0.8259,2.7618,0.0,0.0,10.8601,0.8259,0.0,0.0,2.7618,0.0,0.0,2.9957,1.3018,0.0,0.0,1.5229,B2,word_pos,attabler,V,attabler,VER
vouer,VERB,B2,beacco,0.8259,2.6761,0.0,0.0,7.5191,0.8259,3.1012,0.0,2.6761,0.0,0.0,7.8476,1.3018,6.0005,0.0,3.5635,B2,word_pos,vouer,V,vouer,VER
soucieux,ADJ,B2,beacco,0.8259,2.2048,0.0,0.0,0.0,0.8259,24.3636,9.6228,2.2048,0.0,0.0,0.0,1.3018,20.6179,19.328,2.0696,B2,word_pos,soucieux,A,soucieux,ADJ
hanter,VERB,B2,beacco,0.8259,1.7766,0.0,0.4234,4.0041,0.8259,0.0,0.0,1.7766,0.0,0.8313,3.7062,0.0,0.0,0.0,1.4818,B2,word_pos,hanter,V,hanter,VER
grincement,NOUN,B2,beacco,0.8259,1.677,7.6622,0.1103,0.0,0.8259,0.0,0.0,1.677,0.5504,0.2129,0.0,1.3018,0.0,0.0,1.2944,B2,word_pos,grincement,N,grincement,NOM
successeur,NOUN,B2,beacco,0.8259,1.6594,0.0,0.0,5.5319,0.8259,0.0,0.0,1.6594,0.0,0.0,5.3323,0.0,0.0,0.0,1.0176,B2,word_pos,successeur,N,successeur,NOM
postérité,NOUN,B2,beacco,0.8259,1.4465,0.0,0.0,0.8749,0.8259,6.2023,0.0,1.4465,0.0,0.0,0.5531,1.3018,6.0005,0.0,1.4483,B2,word_pos,postérité,N,postérité,NOM
ennemi,ADJ,B2,beacco,0.8259,1.3773,0.0,0.2152,0.9463,0.8259,0.0,0.0,1.3773,0.0,0.186,3.5715,1.3018,0.0,0.0,1.9425,B2,word_pos,ennemi,A,ennemi,ADJ
subsister,VERB,B2,beacco,0.8259,1.3141,0.0,0.0,0.2366,0.8259,9.3035,0.0,1.3141,0.0,0.0,0.438,1.3018,12.0009,0.0,2.1136,B2,word_pos,subsister,V,subsister,VER
automate,NOUN,B2,beacco,0.8259,1.0172,0.0,1.6911,0.2916,0.8259,0.0,0.0,1.0172,0.0,1.2017,0.5531,0.0,0.0,0.0,0.9313,B2,word_pos,automate,N,automate,NOM
filon,NOUN,B2,beacco,0.8259,0.9261,0.0,0.0,0.2041,0.8259,0.0,12.9876,0.9261,0.0,0.0,0.4317,1.3018,0.0,12.833,1.4698,B2,word_pos,filon,N,filon,NOM
contourner,VERB,B2,beacco,0.8259,0.8901,0.0,0.0,0.0698,0.8259,6.2023,0.0,0.8901,0.0,0.0,0.1219,1.3018,6.0005,0.0,1.4217,B2,word_pos,contourner,V,contourner,VER
alibi,NOUN,B2,beacco,0.8259,0.6355,0.3158,0.0,0.2405,0.8259,0.0,0.0,0.6355,0.6291,0.0,0.4665,1.3018,0.0,0.0,1.2754,B2,word_pos,alibi,N,alibi,NOM
saugrenu,ADJ,B2,beacco,0.8259,0.5478,0.0,0.0,0.0,0.8259,6.2023,0.0,0.5478,0.0,0.0,0.0,1.3018,6.0005,0.0,0.5901,B2,word_pos,saugrenu,A,saugrenu,ADJ
divulgation,NOUN,B2,beacco,0.8259,0.5273,0.0,0.0,0.0,0.8259,4.101,0.0,0.5273,0.0,0.0,0.0,1.3018,4.139,0.0,0.6191,B2,word_pos,divulgation,N,divulgation,NOM
greffier,NOUN,B2,beacco,0.8259,0.4824,0.0,0.0,0.4809,0.8259,0.0,0.0,0.4824,0.0,0.0,0.4665,1.3018,0.0,0.0,0.6671,B2,word_pos,greffier,N,greffier,NOM
vampire,NOUN,B2,beacco,0.8259,0.4702,2.2771,0.0,0.0,0.8259,0.0,0.0,0.4702,0.0,0.2129,0.0,1.3018,0.0,0.0,0.6531,B2,word_pos,vampire,N,vampire,NOM
feuilletoniste,NOUN,B2,beacco,0.8259,0.3324,0.0,0.0,0.2041,0.8259,0.0,0.0,0.3324,0.0,0.0,0.4317,1.3018,0.0,0.0,0.6674,B2,word_pos,feuilletoniste,N,feuilletoniste,NOM
donjon,NOUN,B2,beacco,0.8259,0.2906,0.0,0.3228,0.0,0.8259,0.0,0.0,0.2906,0.0,0.186,0.0,1.3018,0.0,0.0,0.4816,B2,word_pos,donjon,N,donjon,NOM
complice,ADJ,B2,beacco,0.8259,0.0189,0.0,0.0,0.0,0.8259,0.0,0.0,0.0189,0.6291,0.0,0.6378,1.3018,0.0,0.0,1.2274,B2,word_pos,complice,A,complice,ADJ
fondé,ADJ,B2,beacco,0.8259,0.0189,0.0,0.0,0.0,0.8259,0.0,0.0,0.0189,0.0,0.0,0.3906,1.3018,0.0,0.0,0.666,B2,word_pos,fondé,A,fondé,ADJ
guet - apens,NOUN,B2,crf_first_attested,0.8259,0.0189,0.0,0.0,0.0,0.8259,0.0,0.0,0.0189,,,,,,,,,crf_only,guet - apens,N,,
planer,VERB,B2,beacco,0.8259,0.0189,0.0,0.0,0.0,0.8259,0.0,0.0,0.0189,0.0,0.0,0.0,1.3018,6.0005,0.0,0.5901,B2,word_pos,planer,V,planer,VER
trois,NOUN,B2,beacco,0.8102,7.6982,,,,,,,,0.0,0.606,18.4777,0.8102,6.0005,0.0,7.6982,B2,beacco_only,,,trois,NOM
exagéré,ADJ,B2,beacco,0.8102,1.4094,,,,,,,,0.0,0.606,0.0,0.8102,3.4423,0.0,1.4094,B2,beacco_only,,,exagéré,ADJ
aiguë,ADJ,B2,beacco,0.8102,0.9955,,,,,,,,0.0,0.0,0.0,0.8102,8.2781,0.0,0.9955,B2,beacco_only,,,aiguë,ADJ
lourde,NOUN,B2,beacco,0.8102,0.5952,,,,,,,,0.0,1.0679,0.0,0.8102,0.0,0.0,0.5952,B2,beacco_only,,,lourde,NOM
laissez-passer,NOUN,B2,beacco,0.8102,0.5792,,,,,,,,0.0,0.0,0.6378,0.8102,0.0,0.0,0.5792,B2,beacco_only,,,laissez-passer,NOM
sous-louer,VERB,B2,beacco,0.8102,0.5668,,,,,,,,0.0,0.0,0.0,0.8102,3.4423,0.0,0.5668,B2,beacco_only,,,sous-louer,VER
réduction,NOUN,B2,beacco,0.7062,24.816,1.3242,0.6351,28.9655,0.7062,56.7144,84.4193,24.816,1.2635,0.4157,38.87,1.2705,55.2176,64.1649,26.5701,B2,word_pos,réduction,N,réduction,NOM
croissant,ADJ,B2,beacco,0.7062,17.6215,0.0,0.0,21.6753,0.7062,34.8583,158.0031,17.6215,0.0,0.0,3.5301,1.2705,16.5561,56.7717,6.1442,B2,word_pos,croissant,A,croissant,ADJ
humanité,NOUN,B2,beacco,0.7062,12.8222,0.0,0.0,15.3315,0.7062,45.446,78.0921,12.8222,0.0,0.0,9.6595,1.2705,63.3793,133.8419,12.9581,B2,word_pos,humanité,N,humanité,NOM
connu,ADJ,B2,beacco,0.7062,11.7588,0.2652,2.4255,27.4126,0.7062,13.8696,2.0587,11.7588,0.0,0.7079,0.5857,0.0,0.0,0.0,0.6982,B2,word_pos,connu,A,connu,ADJ
mépris,NOUN,B2,beacco,0.7062,11.3881,0.5025,0.0,36.2198,0.7062,12.4046,0.0,11.3881,0.0,0.0,36.4726,1.2705,6.0005,0.0,11.185,B2,word_pos,mépris,N,mépris,NOM
approche,NOUN,B2,beacco,0.7062,10.9797,0.0,0.0,21.5111,0.7062,57.7047,0.0,10.9797,0.0,0.0,47.7208,1.2705,96.3812,0.0,21.2939,B2,word_pos,approche,N,approche,NOM
volaille,NOUN,B2,beacco,0.7062,9.8964,0.5304,0.0,2.2946,0.7062,80.7841,0.0,9.8964,0.4856,0.0,2.9222,1.2705,106.3135,0.0,12.8658,B2,word_pos,volaille,N,volaille,NOM
senior,NOUN,B2,beacco,0.7062,9.2823,0.0,0.0,26.0627,0.7062,0.0,38.9627,9.2823,0.0,0.0,13.9625,1.2705,0.0,38.4989,6.9878,B2,word_pos,senior,N,senior,NOM
convoiter,VERB,B2,beacco,0.7062,8.6664,0.0,0.3702,21.8055,0.7062,0.0,12.9876,8.6664,0.0,0.606,11.6301,1.2705,0.0,12.833,6.7418,B2,word_pos,convoiter,V,convoiter,VER
créativité,NOUN,B2,beacco,0.7062,8.6206,0.0,1.0107,16.4259,0.7062,19.6566,0.0,8.6206,0.0,0.5137,14.7332,1.2705,20.6179,0.0,7.845,B2,word_pos,créativité,N,créativité,NOM
précarité,NOUN,B2,beacco,0.7062,8.3219,0.0,0.0,4.2024,0.7062,24.6058,76.982,8.3219,0.0,0.0,7.0312,1.2705,12.4171,115.968,10.5184,B2,word_pos,précarité,N,précarité,NOM
sanitaire,ADJ,B2,beacco,0.7062,8.1818,2.4654,0.0,4.7355,0.7062,27.9104,25.9752,8.1818,4.96,0.0,3.6187,1.2705,30.0023,25.6659,6.9989,B2,word_pos,sanitaire,A,sanitaire,ADJ
crédit,NOUN,B2,beacco,0.7062,7.8183,0.5025,0.0,13.3802,0.7062,24.7923,0.0,7.8183,0.9051,0.0,17.9098,1.2705,27.9938,0.0,9.2696,B2,word_pos,crédit,N,crédit,NOM
colonial,ADJ,B2,beacco,0.7062,7.7819,0.0,0.1887,1.8842,0.7062,13.8696,202.0778,7.7819,0.0,0.3874,3.6187,1.2705,20.6179,96.64,8.9846,B2,word_pos,colonial,A,colonial,ADJ
remarquable,ADJ,B2,beacco,0.7062,7.3897,0.0,0.2114,2.8925,0.7062,15.7275,119.3029,7.3897,0.0,0.6008,3.5957,1.2705,31.3781,78.971,8.7708,B2,word_pos,remarquable,A,remarquable,ADJ
gratuité,NOUN,B2,beacco,0.7062,7.3695,0.0,0.2439,23.2396,0.7062,3.1012,0.0,7.3695,0.0,0.4664,10.4092,1.2705,6.0005,0.0,5.9859,B2,word_pos,gratuité,N,gratuité,NOM
vital,ADJ,B2,beacco,0.7062,7.2346,0.0,0.2439,11.5321,0.7062,29.7295,9.6228,7.2346,0.0,0.4664,7.7112,1.2705,31.3528,19.328,7.9158,B2,word_pos,vital,A,vital,ADJ
conjoint,NOUN,B2,beacco,0.7062,6.4604,0.0,0.0,10.7309,0.7062,19.6134,19.2455,6.4604,0.0,0.0,7.6994,1.2705,19.861,19.328,5.9922,B2,word_pos,conjoint,N,conjoint,NOM
gravité,NOUN,B2,beacco,0.7062,6.2115,0.0,0.0,10.18,0.7062,18.6069,6.4938,6.2115,0.0,0.0,12.2771,1.2705,6.0005,12.833,5.9323,B2,word_pos,gravité,N,gravité,NOM
maximum,ADJ,B2,beacco,0.7062,6.1491,1.4987,0.0,16.4504,0.7062,3.1012,0.0,6.1491,1.8928,0.0,19.1215,1.2705,6.0005,0.0,8.6514,B2,word_pos,maximum,A,maximum,ADJ
rigueur,NOUN,B2,beacco,0.7062,6.1008,0.0,0.0,13.4451,0.7062,0.0,56.3681,6.1008,0.0,0.0,12.2888,1.2705,0.0,77.4712,6.9951,B2,word_pos,rigueur,N,rigueur,NOM
diplômer,VERB,B2,beacco,0.7062,5.5315,0.5304,0.3209,0.7097,0.7062,6.2023,76.982,5.5315,0.4856,0.6228,4.768,1.2705,6.0005,77.312,8.0824,B2,word_pos,diplômer,V,diplômer,VER
préoccupation,NOUN,B2,beacco,0.7062,5.5216,0.5693,0.6418,2.5949,0.7062,25.5361,6.4938,5.5216,1.1764,0.6228,3.5301,1.2705,51.4303,12.833,8.9647,B2,word_pos,préoccupation,N,préoccupation,NOM
passif,ADJ,B2,beacco,0.7062,5.4926,0.6621,0.3209,8.8762,0.7062,3.2084,0.0,5.4926,1.2635,0.6228,5.3942,1.2705,6.8846,0.0,6.4057,B2,word_pos,passif,A,passif,ADJ
meunier,ADJ,B2,beacco,0.7062,5.4849,27.2709,2.2283,0.0,0.7062,0.0,25.9752,5.4849,6.5873,0.0,0.0,1.2705,0.0,0.0,0.9102,B2,word_pos,meunier,A,meunier,ADJ
vulnérable,ADJ,B2,beacco,0.7062,5.1819,0.0,0.0,4.1258,0.7062,6.2023,33.8071,5.1819,0.0,0.0,3.4688,1.2705,6.0005,43.8345,4.3876,B2,word_pos,vulnérable,A,vulnérable,ADJ
syndicat,NOUN,B2,beacco,0.7062,5.1602,0.4996,0.0,3.3816,0.7062,30.8494,0.0,5.1602,0.9464,0.0,4.7209,1.2705,31.3781,0.0,6.1159,B2,word_pos,syndicat,N,syndicat,NOM
définition,NOUN,B2,beacco,0.7062,5.0926,0.0,0.0,0.2916,0.7062,62.565,6.4938,5.0926,0.0,0.0,3.7375,1.2705,94.8864,12.833,9.059,B2,word_pos,définition,N,définition,NOM
slogan,NOUN,B2,beacco,0.7062,5.0583,0.0,0.4879,8.0692,0.7062,26.9096,0.0,5.0583,0.0,0.4664,8.8775,1.2705,54.0583,0.0,8.8581,B2,word_pos,slogan,N,slogan,NOM
bâiller,VERB,B2,beacco,0.7062,5.0317,0.0,0.0,0.5833,0.7062,61.6197,0.0,5.0317,0.0,0.0,0.5531,1.2705,76.7759,0.0,6.2378,B2,word_pos,bâiller,V,bâiller,VER
incertitude,NOUN,B2,beacco,0.7062,5.0086,0.0,0.0,0.3618,0.7062,42.8753,43.6102,5.0086,0.0,0.0,0.6378,1.2705,77.1586,12.833,6.4917,B2,word_pos,incertitude,N,incertitude,NOM
relater,VERB,B2,beacco,0.7062,4.9787,0.0,0.0,5.2176,0.7062,16.042,0.0,4.9787,0.0,0.0,3.5636,1.2705,10.3269,0.0,3.7243,B2,word_pos,relater,V,relater,VER
occupation,NOUN,B2,beacco,0.7062,4.9734,1.5075,0.0,8.3422,0.7062,1.6042,9.6228,4.9734,0.9051,0.0,5.986,1.2705,3.4423,19.328,6.6007,B2,word_pos,occupation,N,occupation,NOM
intrigue,NOUN,B2,beacco,0.7062,4.8361,0.5025,0.7405,4.2644,0.7062,0.0,28.8683,4.8361,0.0,0.606,3.3506,1.2705,0.0,19.328,3.4992,B2,word_pos,intrigue,N,intrigue,NOM
solidaire,ADJ,B2,beacco,0.7062,4.6538,0.0,0.0,10.8649,0.7062,15.6669,0.0,4.6538,0.0,0.0,15.251,1.2705,20.024,0.0,6.8303,B2,word_pos,solidaire,A,solidaire,ADJ
séminaire,NOUN,B2,beacco,0.7062,4.6259,0.0,0.0,6.3716,0.7062,16.4039,0.0,4.6259,0.0,0.0,7.5797,1.2705,4.139,0.0,3.5663,B2,word_pos,séminaire,N,séminaire,NOM
diva,NOUN,B2,beacco,0.7062,4.3861,0.0,0.0,19.5614,0.7062,0.0,0.0,4.3861,0.0,0.0,13.4479,1.2705,0.0,0.0,3.7066,B2,word_pos,diva,N,diva,NOM
institutionnel,ADJ,B2,beacco,0.7062,4.373,0.0,0.0,3.7676,0.7062,34.728,0.0,4.373,0.0,0.0,3.5957,1.2705,20.6179,0.0,3.5281,B2,word_pos,institutionnel,A,institutionnel,ADJ
grandissant,ADJ,B2,beacco,0.7062,4.3366,0.0,0.0,9.3075,0.7062,6.2023,9.6228,4.3366,0.0,0.0,3.6048,1.2705,6.0005,0.0,2.4404,B2,word_pos,grandissant,A,grandissant,ADJ
pension,NOUN,B2,beacco,0.7062,4.2214,0.0,0.3209,5.2455,0.7062,19.6975,0.0,4.2214,0.0,0.6228,6.2021,1.2705,40.0479,0.0,7.8867,B2,word_pos,pension,N,pension,NOM
enceinte,NOUN,B2,beacco,0.7062,4.1884,1.1385,0.0,0.4809,0.7062,34.728,0.0,4.1884,1.1764,0.606,3.5244,1.2705,34.1646,0.0,7.6392,B2,word_pos,enceinte,N,enceinte,NOM
plomb,NOUN,B2,beacco,0.7062,4.1754,0.0,0.0,6.2565,0.7062,9.6252,0.0,4.1754,0.0,0.0,3.0801,1.2705,6.8846,0.0,3.1444,B2,word_pos,plomb,N,plomb,NOM
interruption,NOUN,B2,beacco,0.7062,3.9576,0.0,0.2114,3.2563,0.7062,6.1515,0.0,3.9576,0.0,0.6008,2.5512,1.2705,4.139,0.0,3.9038,B2,word_pos,interruption,N,interruption,NOM
bénévole,ADJ,B2,beacco,0.7062,3.9526,0.0,0.3209,3.6617,0.7062,20.7298,0.0,3.9526,0.0,0.6228,12.3154,2.5411,20.024,0.0,7.8506,B2,word_pos,bénévole,A,bénévole,ADJ
éducateur,NOUN,B2,beacco,0.7062,3.8411,0.0,0.4234,9.5578,0.7062,0.0,0.0,3.8411,0.0,0.4157,0.5857,0.0,0.0,0.0,0.5739,B2,word_pos,éducateur,N,éducateur,NOM
égyptien,ADJ,B2,beacco,0.7062,3.8404,11.0078,0.0,1.8926,0.7062,0.0,0.0,3.8404,7.4266,0.0,1.7519,1.2705,0.0,0.0,4.0738,B2,word_pos,égyptien,A,égyptien,ADJ
refrain,NOUN,B2,beacco,0.7062,3.6917,1.1453,0.0,1.7498,0.7062,6.2023,2.0587,3.6917,1.1556,0.0,1.6593,1.2705,6.0005,4.0185,4.5848,B2,word_pos,refrain,N,refrain,NOM
contraire,ADJ,B2,beacco,0.7062,3.6126,0.7967,0.0,1.7206,0.7062,6.1515,19.2455,3.6126,0.8346,0.0,3.3506,1.2705,12.4171,43.8345,7.3752,B2,word_pos,contraire,A,contraire,ADJ
parallèlement,ADV,B2,beacco,0.7062,3.603,0.4996,0.0,0.0,0.7062,11.2294,28.8683,3.603,0.9464,0.0,0.0,1.2705,17.2115,38.656,5.2792,B2,word_pos,parallèlement,ADV,parallèlement,ADV
loft,NOUN,B2,beacco,0.7062,3.563,0.0,0.7581,0.0,0.7062,18.6069,19.2455,3.563,0.0,1.0275,0.0,0.0,18.0014,0.0,1.532,B2,word_pos,loft,N,loft,NOM
couronner,VERB,B2,beacco,0.7062,3.5325,0.0,0.0,7.6311,0.7062,0.0,28.8683,3.5325,0.0,0.0,9.2698,1.2705,0.0,19.328,3.9224,B2,word_pos,couronner,V,couronner,VER
performant,ADJ,B2,beacco,0.7062,3.4864,0.0,0.8456,0.2076,0.7062,6.1515,28.5334,3.4864,0.0,0.6008,0.3906,1.2705,8.2781,56.7717,5.0101,B2,word_pos,performant,A,performant,ADJ
implication,NOUN,B2,beacco,0.7062,3.4037,0.0,0.2439,2.7419,0.7062,8.2019,0.0,3.4037,0.0,0.4664,3.5101,1.2705,4.139,0.0,3.5478,B2,word_pos,implication,N,implication,NOM
favori,ADJ,B2,beacco,0.7062,3.227,0.0,0.0,1.0854,0.7062,30.8006,0.0,3.227,0.0,0.6228,1.2756,0.0,4.139,0.0,1.9442,B2,word_pos,favori,A,favori,ADJ
paresse,NOUN,B2,beacco,0.7062,3.1747,0.4014,0.0,4.404,0.7062,6.2023,0.0,3.1747,0.7319,0.0,3.5822,5.0821,6.0005,0.0,4.4791,B2,word_pos,paresse,N,paresse,NOM
élémentaire,ADJ,B2,beacco,0.7062,3.1612,0.3158,0.0,0.0,0.7062,3.2084,87.8525,3.1612,0.0,0.0,0.4665,1.2705,3.4423,93.687,4.171,B2,word_pos,élémentaire,A,élémentaire,ADJ
féroce,ADJ,B2,beacco,0.7062,3.1055,0.3983,1.6044,1.1665,0.7062,0.0,0.0,3.1055,0.8346,0.6228,0.5531,1.2705,0.0,0.0,2.2961,B2,word_pos,féroce,A,féroce,ADJ
coincer,VERB,B2,beacco,0.7062,3.0891,0.0,0.0,5.2881,0.7062,9.3035,0.0,3.0891,0.0,0.0,3.7679,1.2705,12.0009,0.0,3.2342,B2,word_pos,coincer,V,coincer,VER
remise,NOUN,B2,beacco,0.7062,3.0404,0.0,1.1107,0.4732,0.7062,3.2084,9.6228,3.0404,0.0,0.0,0.438,1.2705,6.8846,19.328,3.0132,B2,word_pos,remise,N,remise,NOM
pilule,NOUN,B2,beacco,0.7062,3.038,0.0,0.0,4.7788,0.7062,0.0,38.491,3.038,0.0,0.0,15.4649,1.2705,0.0,38.656,5.7327,B2,word_pos,pilule,N,pilule,NOM
inverser,VERB,B2,beacco,0.7062,3.0019,0.0,0.4234,0.2076,0.7062,4.101,28.8683,3.0019,0.0,0.4157,0.3906,1.2705,4.139,19.328,3.3015,B2,word_pos,inverser,V,inverser,VER
recul,NOUN,B2,beacco,0.7062,2.8127,0.0,0.0,5.4592,0.7062,0.0,19.2455,2.8127,0.0,0.0,4.8809,1.2705,0.0,38.656,3.6866,B2,word_pos,recul,N,recul,NOM
virer,VERB,B2,beacco,0.7062,2.7854,0.0,0.0,0.2041,0.7062,33.8984,0.0,2.7854,0.0,0.0,0.4317,1.2705,31.3528,0.0,3.2139,B2,word_pos,virer,V,virer,VER
magnétique,ADJ,B2,beacco,0.7062,2.7504,0.0,0.0,0.0,0.7062,20.7298,39.0192,2.7504,0.0,0.0,0.0,1.2705,20.024,56.7717,3.1835,B2,word_pos,magnétique,A,magnétique,ADJ
primordial,ADJ,B2,beacco,0.7062,2.626,0.5081,0.0,0.0698,0.7062,21.8856,0.0,2.626,0.5504,0.0,0.1219,1.2705,29.205,0.0,3.7814,B2,word_pos,primordial,A,primordial,ADJ
stocker,VERB,B2,beacco,0.7062,2.6111,0.0,0.0,0.2076,0.7062,31.4551,0.0,2.6111,0.0,0.0,0.3906,1.2705,31.3781,0.0,3.1514,B2,word_pos,stocker,V,stocker,VER
abonner,VERB,B2,beacco,0.7062,2.6042,0.0,0.0,1.3603,0.7062,16.8923,0.0,2.6042,0.0,0.0,1.757,0.0,4.139,0.0,0.9932,B2,word_pos,abonner,V,abonner,VER
récolte,NOUN,B2,beacco,0.7062,2.5325,0.0,0.0,4.1525,0.7062,9.3035,0.0,2.5325,0.0,0.0,6.5406,1.2705,6.0005,0.0,3.5462,B2,word_pos,récolte,N,récolte,NOM
engouement,NOUN,B2,beacco,0.7062,2.5153,0.0,0.0,9.2277,0.7062,0.0,0.0,2.5153,0.0,0.0,12.4451,1.2705,0.0,0.0,3.6229,B2,word_pos,engouement,N,engouement,NOM
déforestation,NOUN,B2,beacco,0.7062,2.4955,0.0,0.0,3.8909,0.7062,2.0505,6.4938,2.4955,0.0,0.0,3.7062,1.2705,4.139,12.833,3.2161,B2,word_pos,déforestation,N,déforestation,NOM
finement,ADV,B2,beacco,0.7062,2.4879,0.0,0.0,9.0072,0.7062,0.0,0.0,2.4879,0.0,0.0,6.5311,1.2705,0.0,0.0,2.3886,B2,word_pos,finement,ADV,finement,ADV
chinois,NOUN,B2,beacco,0.7062,2.4576,0.0,0.0,6.5173,0.7062,0.0,9.6228,2.4576,0.0,0.4664,0.0,1.2705,0.0,0.0,0.6634,B2,word_pos,chinois,N,chinois,NOM
serein,ADJ,B2,beacco,0.7062,2.4472,0.0,0.0,1.4531,0.7062,4.101,9.6228,2.4472,0.0,0.0,0.7812,0.0,4.139,19.328,1.5012,B2,word_pos,serein,A,serein,ADJ
prôner,VERB,B2,beacco,0.7062,2.4434,0.0,0.0,3.1412,0.7062,9.8067,0.0,2.4434,0.0,0.0,3.5301,1.2705,19.861,0.0,3.5718,B2,word_pos,prôner,V,prôner,VER
hebdomadaire,ADJ,B2,beacco,0.7062,2.3344,0.0,0.0,8.9792,0.7062,0.0,0.0,2.3344,0.0,0.0,11.0762,8.4014,0.0,0.0,5.3987,B2,word_pos,hebdomadaire,A,hebdomadaire,ADJ
tunisien,ADJ,B2,beacco,0.7062,2.3221,0.9991,0.0,0.5833,0.7062,0.0,28.8683,2.3221,1.8928,0.0,0.5531,1.2705,0.0,57.984,4.1477,B2,word_pos,tunisien,A,tunisien,ADJ
expatrier,VERB,B2,beacco,0.7062,2.2652,0.0,0.0,1.0202,0.7062,10.2524,0.0,2.2652,0.0,0.0,1.1713,2.2839,37.2512,0.0,5.4492,B2,word_pos,expatrier,V,expatrier,VER
visibilité,NOUN,B2,beacco,0.7062,2.2132,0.0,0.0,0.0,0.7062,22.2727,9.6228,2.2132,0.0,0.0,0.0,1.2705,27.9938,19.328,2.6893,B2,word_pos,visibilité,N,visibilité,NOM
entraînement,NOUN,B2,beacco,0.7062,2.1457,5.9089,0.0303,0.0,0.7062,4.101,6.4938,2.1457,7.3616,0.0,0.0,1.2705,4.139,12.833,2.8791,B2,word_pos,entraînement,N,entraînement,NOM
enivrer,VERB,B2,beacco,0.7062,2.1375,0.0,0.0,0.0,0.7062,36.5308,0.0,2.1375,0.0,0.0,0.0,1.2705,20.024,0.0,1.4363,B2,word_pos,enivrer,V,enivrer,VER
major,NOUN,B2,beacco,0.7062,1.9809,0.0,0.0,3.6181,0.7062,3.1012,0.0,1.9809,0.0,0.0,0.6378,1.2705,6.0005,0.0,1.4405,B2,word_pos,major,N,major,NOM
déléguer,VERB,B2,beacco,0.7062,1.9535,0.0,1.4809,1.4273,0.7062,0.0,0.0,1.9535,0.0,0.0,2.6182,9.0915,0.0,0.0,2.4973,B2,word_pos,déléguer,V,déléguer,VER
piéton,NOUN,B2,beacco,0.7062,1.9514,0.0,0.2527,4.8369,0.7062,0.0,0.0,1.9514,0.0,0.5137,2.504,1.2705,0.0,0.0,2.4692,B2,word_pos,piéton,N,piéton,NOM
stock,NOUN,B2,beacco,0.7062,1.9264,0.0,0.6351,0.2366,0.7062,9.3035,0.0,1.9264,0.0,0.4157,0.438,2.2839,12.0009,0.0,2.9636,B2,word_pos,stock,N,stock,NOM
semer,VERB,B2,beacco,0.7062,1.912,0.0,0.0,1.8683,0.7062,3.2084,0.0,1.912,0.0,0.0,0.7812,1.2705,3.4423,0.0,1.8374,B2,word_pos,semer,V,semer,VER
ternir,VERB,B2,beacco,0.7062,1.8976,0.0,0.0,4.5562,0.7062,0.0,0.0,1.8976,0.0,0.0,3.5715,1.2705,0.0,0.0,1.5063,B2,word_pos,ternir,V,ternir,VER
entonner,VERB,B2,beacco,0.7062,1.8878,0.0,0.7405,1.4582,0.7062,0.0,0.0,1.8878,0.0,0.606,1.1062,1.2705,0.0,0.0,2.0222,B2,word_pos,entonner,V,entonner,VER
vouloir,NOUN,B2,beacco,0.7062,1.8766,0.5025,0.0,3.0579,0.7062,0.0,0.0,1.8766,0.0,0.0,3.5736,1.2705,6.0005,0.0,2.4333,B2,word_pos,vouloir,N,vouloir,NOM
glamour,NOUN,B2,beacco,0.7062,1.8719,0.0,0.0,6.2099,0.7062,0.0,0.0,1.8719,0.0,0.0,3.6048,1.2705,0.0,0.0,1.519,B2,word_pos,glamour,N,glamour,NOM
routine,NOUN,B2,beacco,0.7062,1.855,0.9991,0.0,0.0,0.7062,20.4505,0.0,1.855,0.9464,0.0,0.0,1.2705,20.6179,0.0,2.3088,B2,word_pos,routine,N,routine,NOM
expatriation,NOUN,B2,beacco,0.7062,1.7809,0.0,0.0,0.2916,0.7062,12.3029,0.0,1.7809,0.0,0.0,0.5531,0.0,12.4171,0.0,1.4562,B2,word_pos,expatriation,N,expatriation,NOM
consultant,NOUN,B2,beacco,0.7062,1.7736,0.0,0.0,0.0,0.7062,8.2019,4.1173,1.7736,0.0,0.0,0.0,1.2705,4.139,0.0,0.6143,B2,word_pos,consultant,N,consultant,NOM
narcissique,ADJ,B2,beacco,0.7062,1.7221,0.0,0.0,2.0405,0.7062,0.0,9.6228,1.7221,0.0,0.0,0.0,1.2705,0.0,19.328,0.5848,B2,word_pos,narcissique,A,narcissique,ADJ
juré,NOUN,B2,beacco,0.7062,1.6962,0.0,0.0,6.0116,0.7062,0.0,0.0,1.6962,0.0,0.0,1.866,1.2705,0.0,0.0,1.3877,B2,word_pos,juré,N,juré,NOM
deuxièmement,ADV,B2,beacco,0.7062,1.6916,0.0,2.0673,0.4589,0.7062,0.0,0.0,1.6916,0.0,1.0679,0.487,1.2705,0.0,0.0,1.5191,B2,word_pos,deuxièmement,ADV,deuxièmement,ADV
correspondant,ADJ,B2,beacco,0.7062,1.543,0.0,0.0,1.0854,0.7062,3.2084,0.0,1.543,0.0,0.0,0.6378,1.2705,0.0,12.833,1.4715,B2,word_pos,correspondant,A,correspondant,ADJ
splendide,ADJ,B2,beacco,0.7062,1.5376,0.0,0.0,0.7236,0.7062,9.8067,0.0,1.5376,0.0,0.0,0.6378,1.2705,19.861,0.0,2.4738,B2,word_pos,splendide,A,splendide,ADJ
manchette,NOUN,B2,beacco,0.7062,1.5368,0.0,0.0,4.4796,0.7062,0.0,0.0,1.5368,0.0,0.0,3.5301,1.2705,0.0,0.0,1.5052,B2,word_pos,manchette,N,manchette,NOM
fusion,NOUN,B2,beacco,0.7062,1.5262,0.5081,0.0,0.0,0.7062,18.4508,0.0,1.5262,0.5504,0.0,0.0,1.2705,19.861,0.0,1.9229,B2,word_pos,fusion,N,fusion,NOM
créateur,ADJ,B2,beacco,0.7062,1.5231,0.0,0.0,0.2366,0.7062,0.0,67.3593,1.5231,0.0,0.6228,3.5715,8.7861,0.0,19.328,4.7109,B2,word_pos,créateur,A,créateur,ADJ
bulle,NOUN,B2,beacco,0.7062,1.5189,0.0,0.3702,0.6802,0.7062,3.1012,0.0,1.5189,0.0,0.606,0.5857,0.0,6.0005,0.0,1.4829,B2,word_pos,bulle,N,bulle,NOM
rustique,ADJ,B2,beacco,0.7062,1.495,0.0,0.6418,0.7097,0.7062,0.0,0.0,1.495,0.0,0.6228,0.438,1.2705,0.0,0.0,1.5066,B2,word_pos,rustique,A,rustique,ADJ
meubler,VERB,B2,beacco,0.7062,1.49,9.6962,0.0,0.0,0.7062,1.6042,0.0,1.49,6.893,0.0,3.1948,1.2705,3.4423,0.0,4.1545,B2,word_pos,meubler,V,meubler,VER
expérimentation,NOUN,B2,beacco,0.7062,1.4839,0.0,0.0,1.474,0.7062,0.0,19.2455,1.4839,0.0,0.0,2.9063,1.2705,0.0,38.656,3.2387,B2,word_pos,expérimentation,N,expérimentation,NOM
entrepreneur,NOUN,B2,beacco,0.7062,1.4554,0.0,0.6351,0.0,0.7062,0.0,28.5334,1.4554,0.0,0.4157,0.0,1.2705,0.0,56.7717,2.1934,B2,word_pos,entrepreneur,N,entrepreneur,NOM
engrais,NOUN,B2,beacco,0.7062,1.4344,0.5304,0.0,1.5864,0.7062,0.0,0.0,1.4344,0.4856,0.0,2.5235,1.2705,0.0,0.0,2.0251,B2,word_pos,engrais,N,engrais,NOM
huitième,ADJ,B2,beacco,0.7062,1.3651,0.7967,0.0,1.5011,0.7062,0.0,0.0,1.3651,0.8346,0.0,2.7954,1.2705,0.0,0.0,2.3932,B2,word_pos,huitième,A,huitième,ADJ
balai,NOUN,B2,beacco,0.7062,1.3645,1.0394,0.0,0.4092,0.7062,0.0,0.0,1.3645,2.2246,0.0,0.1243,1.2705,0.0,0.0,1.6576,B2,word_pos,balai,N,balai,NOM
cuisiner,VERB,B2,beacco,0.7062,1.3615,2.2771,0.0,2.0028,0.7062,0.0,0.0,1.3615,1.1764,0.0,5.2486,1.2705,0.0,0.0,3.0573,B2,word_pos,cuisiner,V,cuisiner,VER
filer,VERB,B2,beacco,0.7062,1.3461,0.6317,0.0,0.3618,0.7062,3.2084,0.0,1.3461,0.6291,0.0,3.5156,1.2705,3.4423,0.0,3.1479,B2,word_pos,filer,V,filer,VER
clore,VERB,B2,beacco,0.7062,1.3342,0.0,1.1107,0.0,0.7062,6.2023,0.0,1.3342,0.0,0.606,8.8103,1.2705,12.0009,0.0,6.2249,B2,word_pos,clore,V,clore,VER
convier,VERB,B2,beacco,0.7062,1.3172,0.3265,0.0,3.6478,0.7062,10.2669,0.0,1.3172,0.171,0.0,3.5051,1.2705,20.6179,0.0,2.5805,B2,word_pos,convier,V,convier,VER
pionnier,NOUN,B2,beacco,0.7062,1.3077,0.0,0.0,0.7236,0.7062,6.2023,0.0,1.3077,0.9464,0.0,0.6378,1.2705,6.0005,0.0,2.3646,B2,word_pos,pionnier,N,pionnier,NOM
pagaille,NOUN,B2,beacco,0.7062,1.3075,0.5693,0.0,0.0,0.7062,9.3035,0.0,1.3075,1.1764,0.0,0.0,1.2705,6.0005,0.0,1.338,B2,word_pos,pagaille,N,pagaille,NOM
aggraver,VERB,B2,beacco,0.7062,1.3056,0.0,0.0,0.7236,0.7062,4.101,0.0,1.3056,0.0,0.0,0.6378,0.0,4.139,0.0,0.7115,B2,word_pos,aggraver,V,aggraver,VER
requête,NOUN,B2,beacco,0.7062,1.3032,0.0,0.0,3.6886,0.7062,0.0,0.0,1.3032,0.0,0.0,5.1436,1.2705,0.0,0.0,1.9771,B2,word_pos,requête,N,requête,NOM
manipuler,VERB,B2,beacco,0.7062,1.301,0.0,0.0,3.7572,0.7062,0.0,0.0,1.301,0.0,0.0,3.5822,1.2705,0.0,0.0,1.5053,B2,word_pos,manipuler,V,manipuler,VER
emboîter,VERB,B2,beacco,0.7062,1.2733,0.0,0.0,1.0854,0.7062,0.0,6.4938,1.2733,0.0,0.0,0.6378,1.2705,0.0,12.833,1.4715,B2,word_pos,emboîter,V,emboîter,VER
fraîchement,ADV,B2,beacco,0.7062,1.2731,0.0,0.0,0.0,0.7062,4.8126,6.4938,1.2731,0.0,0.0,0.0,1.2705,6.8846,12.833,1.963,B2,word_pos,fraîchement,ADV,fraîchement,ADV
autruche,NOUN,B2,beacco,0.7062,1.266,0.0,0.0,0.4809,0.7062,4.101,0.0,1.266,0.0,0.0,0.4665,1.2705,4.139,0.0,1.4702,B2,word_pos,autruche,N,autruche,NOM
germer,VERB,B2,beacco,0.7062,1.2249,0.0,0.0,3.5661,0.7062,0.0,0.0,1.2249,0.0,0.0,3.4715,1.2705,0.0,0.0,1.4967,B2,word_pos,germer,V,germer,VER
actionnaire,NOUN,B2,beacco,0.7062,1.2179,0.0,0.0,0.2405,0.7062,3.1012,9.6228,1.2179,0.0,0.0,0.4665,1.2705,6.0005,19.328,2.1183,B2,word_pos,actionnaire,N,actionnaire,NOM
charrier,VERB,B2,beacco,0.7062,1.176,0.0,0.0,1.656,0.7062,0.0,0.0,1.176,0.0,0.0,0.438,1.2705,0.0,0.0,0.6471,B2,word_pos,charrier,V,charrier,VER
implorer,VERB,B2,beacco,0.7062,1.1594,1.5934,0.0,0.4081,0.7062,0.0,0.0,1.1594,0.8346,0.0,0.0,1.2705,0.0,0.0,0.584,B2,word_pos,implorer,V,implorer,VER
flotter,VERB,B2,beacco,0.7062,1.1464,0.0,0.0,3.0403,0.7062,0.0,0.0,1.1464,0.0,0.4157,4.6151,1.2705,0.0,0.0,2.9916,B2,word_pos,flotter,V,flotter,VER
rébellion,NOUN,B2,beacco,0.7062,1.1457,0.0,0.7405,0.231,0.7062,0.0,0.0,1.1457,0.0,0.606,0.2331,1.2705,0.0,0.0,1.5136,B2,word_pos,rébellion,N,rébellion,NOM
cassette,NOUN,B2,beacco,0.7062,1.1212,0.0,0.0944,0.0,0.7062,9.3035,0.0,1.1212,0.0,0.1937,0.0,1.2705,6.0005,0.0,1.3638,B2,word_pos,cassette,N,cassette,NOM
prime,NOUN,B2,beacco,0.7062,1.1078,0.0,0.0,2.952,0.7062,0.0,0.0,1.1078,0.0,0.0,3.6187,1.2705,0.0,0.0,1.5164,B2,word_pos,prime,N,prime,NOM
roumain,ADJ,B2,beacco,0.7062,1.1001,0.0,0.0,0.7214,0.7062,1.6042,0.0,1.1001,0.0,0.0,0.4665,1.2705,3.4423,0.0,1.5045,B2,word_pos,roumain,A,roumain,ADJ
fadeur,NOUN,B2,beacco,0.7062,1.0221,0.0,0.0,2.0405,0.7062,0.0,0.0,1.0221,0.0,0.0,0.5857,1.2705,0.0,0.0,0.6579,B2,word_pos,fadeur,N,fadeur,NOM
manager,NOUN,B2,beacco,0.7062,1.0214,0.0,0.0,0.7236,0.7062,0.0,9.6228,1.0214,0.0,0.0,1.2756,1.2705,0.0,19.328,1.8836,B2,word_pos,manager,N,manager,NOM
moule,NOUN,B2,beacco,0.7062,1.0082,0.0,0.0,0.0,0.7062,4.101,2.0587,1.0082,0.0,0.0,0.0,1.2705,8.2781,4.0185,2.079,B2,word_pos,moule,N,moule,NOM
acharnement,NOUN,B2,beacco,0.7062,1.0051,0.7967,0.0,0.6802,0.7062,0.0,0.0,1.0051,0.8346,0.0,0.5857,1.2705,0.0,0.0,1.3436,B2,word_pos,acharnement,N,acharnement,NOM
obséder,VERB,B2,beacco,0.7062,1.0049,0.0,0.0,0.2366,0.7062,4.101,0.0,1.0049,0.0,0.0,3.5301,1.2705,4.139,0.0,2.4649,B2,word_pos,obséder,V,obséder,VER
parade,NOUN,B2,beacco,0.7062,1.004,0.0,0.0,2.7742,0.7062,0.0,0.0,1.004,0.0,0.0,6.351,0.0,0.0,0.0,1.5078,B2,word_pos,parade,N,parade,NOM
ardu,ADJ,B2,beacco,0.7062,1.0026,0.0,0.0,0.0,0.7062,0.0,43.6102,1.0026,0.0,0.0,0.0,1.2705,0.0,56.7717,1.4073,B2,word_pos,ardu,A,ardu,ADJ
devis,NOUN,B2,beacco,0.7062,1.002,0.0,0.0,0.5833,0.7062,0.0,9.6228,1.002,0.0,0.0,0.5531,1.2705,0.0,19.328,1.4426,B2,word_pos,devis,N,devis,NOM
dicton,NOUN,B2,beacco,0.7062,0.9808,0.0,3.5373,0.0,0.7062,0.0,0.0,0.9808,0.0,1.2017,0.0,1.2705,0.0,0.0,0.9888,B2,word_pos,dicton,N,dicton,NOM
dessous,NOUN,B2,beacco,0.7062,0.972,0.0,0.0,2.5296,0.7062,0.0,0.0,0.972,0.0,0.1937,0.4317,1.2705,0.0,0.0,1.4852,B2,word_pos,dessous,N,dessous,NOM
novateur,ADJ,B2,beacco,0.7062,0.9714,0.0,0.0,0.5833,0.7062,2.0505,0.0,0.9714,0.0,0.0,0.5531,1.2705,4.139,0.0,1.4737,B2,unique_word,novateur,A,novateur,NOM
flatter,VERB,B2,beacco,0.7062,0.9603,0.4014,0.0,0.3765,0.7062,0.0,0.0,0.9603,0.7319,0.0,0.3933,1.2705,0.0,0.0,1.3557,B2,word_pos,flatter,V,flatter,VER
unanimité,NOUN,B2,beacco,0.7062,0.9543,0.0,0.0,0.4152,0.7062,0.0,9.6228,0.9543,0.0,0.0,0.7812,1.2705,0.0,19.328,1.7132,B2,word_pos,unanimité,N,unanimité,NOM
particularisme,NOUN,B2,beacco,0.7062,0.9443,0.0,0.0,0.0,0.7062,12.4046,0.0,0.9443,0.0,0.0,0.0,1.2705,12.0009,0.0,1.0966,B2,word_pos,particularisme,N,particularisme,NOM
aligner,VERB,B2,beacco,0.7062,0.9001,0.0,0.0,2.3904,0.7062,0.0,0.0,0.9001,0.0,0.0,3.4715,1.2705,0.0,0.0,1.4967,B2,word_pos,aligner,V,aligner,VER
best - seller,NOUN,B2,crf_first_attested,0.7062,0.8848,0.0,0.0,0.0,0.7062,0.0,39.0461,0.8848,,,,,,,,,crf_only,best - seller,N,,
embarrasser,VERB,B2,beacco,0.7062,0.8664,0.0,0.0,2.2452,0.7062,0.0,0.0,0.8664,0.0,0.0,3.1354,1.2705,0.0,0.0,1.4663,B2,word_pos,embarrasser,V,embarrasser,VER
inconditionnel,NOUN,B2,beacco,0.7062,0.8624,0.0,0.0,1.4582,0.7062,0.0,0.0,0.8624,0.0,0.0,0.5531,1.2705,0.0,0.0,0.6605,B2,word_pos,inconditionnel,N,inconditionnel,NOM
communiqué,NOUN,B2,beacco,0.7062,0.844,0.0,0.0,0.0,0.7062,8.2019,0.0,0.844,0.0,0.0,0.0,1.2705,8.2781,0.0,1.0806,B2,word_pos,communiqué,N,communiqué,NOM
clarté,NOUN,B2,beacco,0.7062,0.8222,0.0,0.0,0.0,0.7062,3.2084,4.1173,0.8222,0.0,0.0,0.0,1.2705,3.4423,4.0185,1.0475,B2,word_pos,clarté,N,clarté,NOM
exhorter,VERB,B2,beacco,0.7062,0.8012,1.7078,0.0,0.0,0.7062,3.1012,0.0,0.8012,1.1764,0.0,0.0,1.2705,6.0005,0.0,1.338,B2,word_pos,exhorter,V,exhorter,VER
con,ADJ,B2,beacco,0.7062,0.7881,0.0,0.4234,0.0,0.7062,1.6042,0.0,0.7881,0.0,0.4157,0.0,1.2705,0.0,0.0,0.6225,B2,word_pos,con,A,con,ADJ
arbitraire,ADJ,B2,beacco,0.7062,0.7631,0.0,0.0,1.1665,0.7062,0.0,0.0,0.7631,0.0,0.0,1.1062,1.2705,0.0,0.0,1.0112,B2,word_pos,arbitraire,A,arbitraire,ADJ
complainte,NOUN,B2,beacco,0.7062,0.7631,0.0,0.0,1.1665,0.7062,0.0,0.0,0.7631,0.0,0.0,1.1062,1.2705,0.0,0.0,1.0112,B2,word_pos,complainte,N,complainte,NOM
démocratiquement,ADV,B2,beacco,0.7062,0.7631,0.0,0.0,1.1665,0.7062,0.0,0.0,0.7631,0.0,0.0,0.5531,1.2705,0.0,0.0,0.6605,B2,word_pos,démocratiquement,ADV,démocratiquement,ADV
famine,NOUN,B2,beacco,0.7062,0.7536,0.0,0.0,1.7859,0.7062,0.0,0.0,0.7536,0.0,0.0,3.4656,1.2705,0.0,0.0,1.5211,B2,word_pos,famine,N,famine,NOM
injonction,NOUN,B2,beacco,0.7062,0.7485,0.0,0.0,0.2405,0.7062,0.0,6.4938,0.7485,0.0,0.0,0.4665,1.2705,0.0,12.833,1.4702,B2,word_pos,injonction,N,injonction,NOM
licencier,VERB,B2,beacco,0.7062,0.7465,0.0,0.0,1.7206,0.7062,0.0,0.0,0.7465,0.0,0.0,3.3474,11.6267,0.0,25.6659,4.8599,B2,word_pos,licencier,V,licencier,VER
égalitaire,ADJ,B2,beacco,0.7062,0.7422,0.0,0.0,0.2405,0.7062,1.6042,0.0,0.7422,0.0,0.0,0.4665,1.2705,3.4423,0.0,1.5045,B2,word_pos,égalitaire,A,égalitaire,ADJ
induire,VERB,B2,beacco,0.7062,0.7342,0.0,0.0,0.2366,0.7062,0.0,2.0587,0.7342,0.0,0.0,0.438,1.2705,0.0,4.0185,1.4975,B2,word_pos,induire,V,induire,VER
racket,NOUN,B2,beacco,0.7062,0.7333,0.5693,0.2114,0.0,0.7062,0.0,0.0,0.7333,1.1764,0.6008,0.0,1.2705,0.0,0.0,1.4553,B2,word_pos,racket,N,racket,NOM
tripe,NOUN,B2,beacco,0.7062,0.7288,0.0,0.0,1.0203,0.7062,0.0,0.0,0.7288,0.0,0.0,0.4317,1.2705,0.0,0.0,0.6659,B2,word_pos,tripe,N,tripe,NOM
déclassement,NOUN,B2,beacco,0.7062,0.7237,0.0,0.0,0.0,0.7062,0.0,38.491,0.7237,0.0,0.0,0.0,1.2705,0.0,38.656,1.0966,B2,word_pos,déclassement,N,déclassement,NOM
ravager,VERB,B2,beacco,0.7062,0.7205,0.0,0.0,0.0,0.7062,3.1012,9.6228,0.7205,0.0,0.0,0.0,1.2705,6.0005,19.328,1.0966,B2,word_pos,ravager,V,ravager,VER
truffe,NOUN,B2,beacco,0.7062,0.7196,1.005,0.0,0.0,0.7062,3.1012,0.0,0.7196,1.8101,0.0,0.438,1.2705,6.0005,0.0,2.8719,B2,word_pos,truffe,N,truffe,NOM
transit,NOUN,B2,beacco,0.7062,0.7074,0.0,0.0,0.9618,0.7062,0.0,0.0,0.7074,0.0,0.0,0.4665,1.2705,0.0,0.0,0.6653,B2,word_pos,transit,N,transit,NOM
irrigation,NOUN,B2,beacco,0.7062,0.7036,0.4014,0.0,0.0,0.7062,0.0,6.4938,0.7036,0.7319,0.0,0.0,1.2705,0.0,12.833,1.2238,B2,word_pos,irrigation,N,irrigation,NOM
confesser,VERB,B2,beacco,0.7062,0.7013,0.7967,0.0,0.3401,0.7062,0.0,0.0,0.7013,0.8346,0.0,0.5857,1.2705,3.4423,0.0,2.2427,B2,word_pos,confesser,V,confesser,VER
accommoder,VERB,B2,beacco,0.7062,0.6969,0.0,0.0,0.0,0.7062,6.1515,0.0,0.6969,0.0,0.0,0.0,1.2705,4.139,0.0,0.6143,B2,word_pos,accommoder,V,accommoder,VER
fulgurance,NOUN,B2,beacco,0.7062,0.6918,0.0,0.0,0.7097,0.7062,0.0,0.0,0.6918,0.0,0.0,0.438,1.2705,0.0,0.0,0.6471,B2,word_pos,fulgurance,N,fulgurance,NOM
bourgogne,NOUN,B2,beacco,0.7062,0.6844,0.0,0.0,1.0854,0.7062,0.0,0.0,0.6844,0.0,0.0,0.6378,1.2705,0.0,0.0,0.6533,B2,word_pos,bourgogne,N,bourgogne,NOM
irréaliste,ADJ,B2,beacco,0.7062,0.6475,0.0,0.0,0.8749,0.7062,0.0,0.0,0.6475,0.0,0.0,0.5531,1.2705,0.0,0.0,0.6605,B2,word_pos,irréaliste,A,irréaliste,ADJ
cervelle,NOUN,B2,beacco,0.7062,0.577,0.0,0.0,0.6122,0.7062,0.0,0.0,0.577,0.0,0.0,0.4317,1.2705,0.0,0.0,0.6659,B2,word_pos,cervelle,N,cervelle,NOM
intensification,NOUN,B2,beacco,0.7062,0.5351,0.0,0.0,0.0,0.7062,6.2023,0.0,0.5351,0.0,0.0,0.0,1.2705,6.0005,0.0,0.5848,B2,word_pos,intensification,N,intensification,NOM
baromètre,NOUN,B2,beacco,0.7062,0.5204,0.0,0.0,0.7236,0.7062,0.0,0.0,0.5204,0.0,0.0,1.2756,1.2705,0.0,0.0,1.0338,B2,word_pos,baromètre,N,baromètre,NOM
cohorte,NOUN,B2,beacco,0.7062,0.5204,0.0,0.0,0.7236,0.7062,0.0,0.0,0.5204,0.0,0.0,0.6378,1.2705,0.0,0.0,0.6533,B2,word_pos,cohorte,N,cohorte,NOM
ethnologie,NOUN,B2,beacco,0.7062,0.5171,0.0,0.0,0.6802,0.7062,0.0,0.0,0.5171,0.0,0.0,0.5857,1.2705,0.0,0.0,0.6579,B2,word_pos,ethnologie,N,ethnologie,NOM
omniprésent,ADJ,B2,beacco,0.7062,0.5071,0.0,0.0,0.5833,0.7062,0.0,0.0,0.5071,0.0,0.0,0.5531,1.2705,0.0,0.0,0.6605,B2,word_pos,omniprésent,A,omniprésent,ADJ
triomphant,ADJ,B2,beacco,0.7062,0.5071,0.0,0.0,0.5833,0.7062,0.0,0.0,0.5071,0.0,0.0,4.9896,1.2705,0.0,19.328,2.9043,B2,word_pos,triomphant,A,triomphant,ADJ
pion,NOUN,B2,beacco,0.7062,0.4988,0.0,0.7796,0.0,0.7062,0.0,0.0,0.4988,0.0,0.5213,0.0,1.2705,0.0,0.0,0.6463,B2,word_pos,pion,N,pion,NOM
émouvant,ADJ,B2,beacco,0.7062,0.4757,0.0,0.0,0.4152,0.7062,0.0,0.0,0.4757,0.0,0.4664,0.7812,1.2705,0.0,0.0,1.9443,B2,word_pos,émouvant,A,émouvant,ADJ
raccompagner,VERB,B2,beacco,0.7062,0.4562,0.0,0.6418,0.0,0.7062,0.0,0.0,0.4562,0.0,0.6228,0.0,1.2705,0.0,0.0,0.6635,B2,word_pos,raccompagner,V,raccompagner,VER
vernissage,NOUN,B2,beacco,0.7062,0.4562,0.0,0.6418,0.0,0.7062,0.0,0.0,0.4562,0.0,0.6228,0.0,1.2705,0.0,0.0,0.6635,B2,word_pos,vernissage,N,vernissage,NOM
bordelais,ADJ,B2,beacco,0.7062,0.4161,1.6274,0.0,0.0,0.7062,0.0,0.0,0.4161,0.8075,0.0,0.0,1.2705,0.0,0.0,0.6428,B2,word_pos,bordelais,A,bordelais,ADJ
bosser,VERB,B2,beacco,0.7062,0.4028,1.1453,0.0,0.0,0.7062,0.0,0.0,0.4028,1.1556,0.0,0.0,1.2705,0.0,0.0,0.6293,B2,word_pos,bosser,V,bosser,VER
bouclé,ADJ,B2,beacco,0.7062,0.3438,0.0,0.0,0.1637,0.7062,0.0,0.0,0.3438,0.0,0.0,0.1243,1.2705,0.0,0.0,0.6658,B2,word_pos,bouclé,A,bouclé,ADJ
vaquer,VERB,B2,beacco,0.7062,0.3438,0.0,0.0,0.1637,0.7062,0.0,0.0,0.3438,0.0,0.0,0.1243,1.2705,0.0,0.0,0.6658,B2,word_pos,vaquer,V,vaquer,VER
gilet,NOUN,B2,beacco,0.7062,0.3365,0.0,0.285,0.0,0.7062,0.0,0.0,0.3365,0.0,0.2891,0.0,1.2705,0.0,0.0,0.5682,B2,word_pos,gilet,N,gilet,NOM
cynisme,NOUN,B2,beacco,0.7062,0.3289,0.0,0.0,0.2041,0.7062,0.0,0.0,0.3289,0.0,0.0,0.4317,1.2705,0.0,0.0,0.6659,B2,word_pos,cynisme,N,cynisme,NOM
enceindre,VERB,B2,beacco,0.7062,0.3289,0.0,0.0,0.2076,0.7062,0.0,0.0,0.3289,0.0,0.0,0.3906,2.2839,0.0,0.0,0.6595,B2,word_pos,enceindre,V,enceindre,VER
paillette,NOUN,B2,beacco,0.7062,0.3289,0.0,0.3702,0.0,0.7062,0.0,0.0,0.3289,0.0,0.606,0.0,1.2705,0.0,0.0,0.6658,B2,word_pos,paillette,N,paillette,NOM
ministériel,ADJ,B2,beacco,0.7062,0.328,0.0,0.3209,0.0,0.7062,0.0,0.0,0.328,0.0,0.6228,0.0,1.2705,0.0,0.0,0.6635,B2,word_pos,ministériel,A,ministériel,ADJ
nounou,NOUN,B2,beacco,0.7062,0.328,0.0,0.3209,0.0,0.7062,0.0,0.0,0.328,0.0,0.6228,0.0,1.2705,0.0,0.0,0.6635,B2,word_pos,nounou,N,nounou,NOM
arbuste,NOUN,B2,beacco,0.7062,0.3277,0.0,0.0,0.2405,0.7062,0.0,0.0,0.3277,0.0,0.0,0.4665,1.2705,0.0,0.0,0.6653,B2,word_pos,arbuste,N,arbuste,NOM
bonder,VERB,B2,beacco,0.7062,0.3277,0.0,0.0,0.2405,0.7062,0.0,0.0,0.3277,0.0,0.0,0.4665,1.2705,0.0,0.0,0.6653,B2,word_pos,bonder,V,bonder,VER
affectif,NOUN,B2,crf_first_attested,0.7062,0.3276,0.0,0.0,0.0,0.7062,0.0,6.4938,0.3276,,,,,,,,,crf_only,affectif,N,,
ailleurs que,CONJ,B2,crf_first_attested,0.7062,0.3276,0.0,0.0,0.0,0.7062,0.0,6.4938,0.3276,,,,,,,,,crf_only,ailleurs que,CONJS,,
manifeste,NOUN,B2,beacco,0.7062,0.3276,0.0,0.0,0.0,0.7062,0.0,6.4938,0.3276,0.0,0.0,0.0,1.2705,0.0,12.833,0.6143,B2,word_pos,manifeste,N,manifeste,NOM
résigner,VERB,B2,beacco,0.7062,0.3276,0.0,0.0,0.0,0.7062,0.0,6.4938,0.3276,0.0,0.0,0.0,1.2705,0.0,12.833,0.6143,B2,word_pos,résigner,V,résigner,VER
dupe,ADJ,B2,beacco,0.7062,0.3268,0.0,0.0,0.0,0.7062,0.0,9.6228,0.3268,0.0,0.0,0.0,1.2705,0.0,19.328,0.5848,B2,word_pos,dupe,A,dupe,ADJ
salarié,ADJ,B2,crf_first_attested,0.7062,0.3268,0.0,0.0,0.0,0.7062,0.0,9.6228,0.3268,,,,,,,,,crf_only,salarié,A,,
salutaire,ADJ,B2,beacco,0.7062,0.3268,0.0,0.0,0.0,0.7062,0.0,9.6228,0.3268,0.0,0.0,0.0,1.2705,0.0,19.328,0.5848,B2,word_pos,salutaire,A,salutaire,ADJ
coquillage,NOUN,B2,beacco,0.7062,0.3242,1.2703,0.0,0.0,0.7062,0.0,0.0,0.3242,1.1008,0.0,0.0,1.2705,0.0,0.0,0.5541,B2,word_pos,coquillage,N,coquillage,NOM
embaucher,VERB,B2,beacco,0.7062,0.3235,0.0,0.0,0.2916,0.7062,0.0,0.0,0.3235,0.0,0.0,0.5531,1.2705,0.0,0.0,0.6605,B2,word_pos,embaucher,V,embaucher,VER
manne,NOUN,B2,beacco,0.7062,0.3235,0.0,0.0,0.2916,0.7062,0.0,0.0,0.3235,0.0,0.0,0.5531,1.2705,0.0,0.0,0.6605,B2,word_pos,manne,N,manne,NOM
équation,NOUN,B2,beacco,0.7062,0.3232,0.0,0.2599,0.0,0.7062,0.0,0.0,0.3232,0.0,0.5213,0.0,1.2705,0.0,0.0,0.6463,B2,word_pos,équation,N,équation,NOM
exit,NOUN,B2,beacco,0.7062,0.3185,0.0,0.0,0.3401,0.7062,0.0,0.0,0.3185,0.0,0.0,0.5857,1.2705,0.0,0.0,0.6579,B2,word_pos,exit,N,exit,NOM
chiot,NOUN,B2,beacco,0.7062,0.3162,0.0,0.0,0.3618,0.7062,0.0,0.0,0.3162,0.0,0.0,0.6378,1.2705,0.0,0.0,0.6533,B2,word_pos,chiot,N,chiot,NOM
matériellement,ADV,B2,beacco,0.7062,0.3162,0.0,0.0,0.0,0.7062,1.6042,0.0,0.3162,0.0,0.0,0.0,1.2705,3.4423,0.0,0.6465,B2,word_pos,matériellement,ADV,matériellement,ADV
tiède,ADJ,B2,beacco,0.7062,0.3162,0.0,0.0,0.0,0.7062,1.6042,0.0,0.3162,0.0,0.0,0.0,1.2705,3.4423,0.0,0.6465,B2,word_pos,tiède,A,tiède,ADJ
imposteur,NOUN,B2,beacco,0.7062,0.3143,0.0,0.0,0.2366,0.7062,0.0,0.0,0.3143,0.0,0.0,0.438,1.2705,0.0,0.0,0.6471,B2,word_pos,imposteur,N,imposteur,NOM
viable,ADJ,B2,beacco,0.7062,0.3129,0.0,0.0,0.0,0.7062,2.0505,0.0,0.3129,0.0,0.0,0.0,1.2705,4.139,0.0,0.6143,B2,word_pos,viable,A,viable,ADJ
andouillette,NOUN,B2,beacco,0.7062,0.2994,0.0,0.0,0.0906,0.7062,0.0,0.0,0.2994,0.0,0.0,0.185,1.2705,0.0,0.0,0.6635,B2,word_pos,andouillette,N,andouillette,NOM
banderole,NOUN,B2,beacco,0.7062,0.2947,0.0,0.0,0.0,0.7062,3.1012,0.0,0.2947,0.0,0.0,0.0,1.2705,6.0005,0.0,0.5848,B2,word_pos,banderole,N,banderole,NOM
psychologiquement,ADV,B2,beacco,0.7062,0.2947,0.0,0.0,0.0,0.7062,3.1012,0.0,0.2947,0.0,0.0,0.0,1.2705,6.0005,0.0,0.5848,B2,word_pos,psychologiquement,ADV,psychologiquement,ADV
automatique,ADJ,B2,beacco,0.7062,0.2919,0.0,0.0,0.0818,0.7062,0.0,0.0,0.2919,0.0,0.0,0.1243,1.2705,0.0,0.0,0.6658,B2,word_pos,automatique,A,automatique,ADJ
pèlerinage,NOUN,B2,beacco,0.7062,0.2838,0.5304,0.0,0.0,0.7062,0.0,0.0,0.2838,0.4856,0.0,0.0,1.2705,0.0,0.0,0.4844,B2,word_pos,pèlerinage,N,pèlerinage,NOM
omelette,NOUN,B2,beacco,0.7062,0.2741,0.3158,0.0,0.0,0.7062,0.0,0.0,0.2741,0.6291,0.0,0.0,1.2705,0.0,0.0,0.5346,B2,word_pos,omelette,N,omelette,NOM
humanisme,NOUN,B2,beacco,0.7062,0.2734,0.0,0.1887,0.0,0.7062,0.0,0.0,0.2734,0.0,0.1937,0.0,1.2705,0.0,0.0,0.6428,B2,word_pos,humanisme,N,humanisme,NOM
parleur,NOUN,B2,beacco,0.7062,0.2734,0.0,0.1887,0.0,0.7062,0.0,0.0,0.2734,0.0,0.1937,0.0,1.2705,0.0,0.0,0.6428,B2,word_pos,parleur,N,parleur,NOM
abonné,NOUN,B2,beacco,0.7062,0.0161,0.0,0.0,0.0,0.7062,0.0,0.0,0.0161,0.0,0.1937,0.0,2.5411,6.0005,0.0,1.7178,B2,word_pos,abonné,N,abonné,NOM
altermondialiste,ADJ,B2,crf_first_attested,0.7062,0.0161,0.0,0.0,0.0,0.7062,0.0,0.0,0.0161,,,,,,,,,crf_only,altermondialiste,A,,
anti - entreprise,ADJ,B2,crf_first_attested,0.7062,0.0161,0.0,0.0,0.0,0.7062,0.0,0.0,0.0161,,,,,,,,,crf_only,anti - entreprise,A,,
assomption,NOUN,B2,crf_first_attested,0.7062,0.0161,0.0,0.0,0.0,0.7062,0.0,0.0,0.0161,,,,,,,,,crf_only,assomption,N,,
attardé,ADJ,B2,crf_first_attested,0.7062,0.0161,0.0,0.0,0.0,0.7062,0.0,0.0,0.0161,,,,,,,,,crf_only,attardé,A,,
au domaine de,PREP,B2,crf_first_attested,0.7062,0.0161,0.0,0.0,0.0,0.7062,0.0,0.0,0.0161,,,,,,,,,crf_only,au domaine de,PREP,,
au préalable,ADV,B2,crf_first_attested,0.7062,0.0161,0.0,0.0,0.0,0.7062,0.0,0.0,0.0161,,,,,,,,,crf_only,au préalable,ADV,,
béarnaise,NOUN,B2,crf_first_attested,0.7062,0.0161,0.0,0.0,0.0,0.7062,0.0,0.0,0.0161,,,,,,,,,crf_only,béarnaise,N,,
cabinets,NOUN,B2,crf_first_attested,0.7062,0.0161,0.0,0.0,0.0,0.7062,0.0,0.0,0.0161,,,,,,,,,crf_only,cabinets,N,,
cinémix,NOUN,B2,crf_first_attested,0.7062,0.0161,0.0,0.0,0.0,0.7062,0.0,0.0,0.0161,,,,,,,,,crf_only,cinémix,N,,
claire,PRON,B2,crf_first_attested,0.7062,0.0161,0.0,0.0,0.0,0.7062,0.0,0.0,0.0161,,,,,,,,,crf_only,claire,PRO,,
compils,NOUN,B2,crf_first_attested,0.7062,0.0161,0.0,0.0,0.0,0.7062,0.0,0.0,0.0161,,,,,,,,,crf_only,compils,N,,
cultissime,NOUN,B2,crf_first_attested,0.7062,0.0161,0.0,0.0,0.0,0.7062,0.0,0.0,0.0161,,,,,,,,,crf_only,cultissime,N,,
cyclonudistes,NOUN,B2,crf_first_attested,0.7062,0.0161,0.0,0.0,0.0,0.7062,0.0,0.0,0.0161,,,,,,,,,crf_only,cyclonudistes,N,,
dogs,NOUN,B2,crf_first_attested,0.7062,0.0161,0.0,0.0,0.0,0.7062,0.0,0.0,0.0161,,,,,,,,,crf_only,dogs,N,,
donnant,ADV,B2,crf_first_attested,0.7062,0.0161,0.0,0.0,0.0,0.7062,0.0,0.0,0.0161,,,,,,,,,crf_only,donnant,ADV,,
dur et tu réussiras,ADV,B2,crf_first_attested,0.7062,0.0161,0.0,0.0,0.0,0.7062,0.0,0.0,0.0161,,,,,,,,,crf_only,dur et tu réussiras,ADV,,
désillusionnés,NOUN,B2,crf_first_attested,0.7062,0.0161,0.0,0.0,0.0,0.7062,0.0,0.0,0.0161,,,,,,,,,crf_only,désillusionnés,N,,
en jour,ADV,B2,crf_first_attested,0.7062,0.0161,0.0,0.0,0.0,0.7062,0.0,0.0,0.0161,,,,,,,,,crf_only,en jour,ADV,,
enrayer,VERB,B2,crf_first_attested,0.7062,0.0161,0.0,0.0,0.0,0.7062,0.0,0.0,0.0161,,,,,,,,,crf_only,enrayer,V,,
entrepreneuriat,NOUN,B2,crf_first_attested,0.7062,0.0161,0.0,0.0,0.0,0.7062,0.0,0.0,0.0161,,,,,,,,,crf_only,entrepreneuriat,N,,
fêtes,NOUN,B2,crf_first_attested,0.7062,0.0161,0.0,0.0,0.0,0.7062,0.0,0.0,0.0161,,,,,,,,,crf_only,fêtes,N,,
galeriste,NOUN,B2,crf_first_attested,0.7062,0.0161,0.0,0.0,0.0,0.7062,0.0,0.0,0.0161,,,,,,,,,crf_only,galeriste,N,,
gamba,NOUN,B2,crf_first_attested,0.7062,0.0161,0.0,0.0,0.0,0.7062,0.0,0.0,0.0161,,,,,,,,,crf_only,gamba,N,,
gaëlle,NOUN,B2,crf_first_attested,0.7062,0.0161,0.0,0.0,0.0,0.7062,0.0,0.0,0.0161,,,,,,,,,crf_only,gaëlle,N,,
gossos,NOUN,B2,crf_first_attested,0.7062,0.0161,0.0,0.0,0.0,0.7062,0.0,0.0,0.0161,,,,,,,,,crf_only,gossos,N,,
griffe,NOUN,B2,beacco,0.7062,0.0161,0.0,0.0,0.0,0.7062,0.0,0.0,0.0161,0.0,0.0,0.0,8.2319,0.0,0.0,0.6322,B2,word_pos,griffe,N,griffe,NOM
h.,NOUN,B2,crf_first_attested,0.7062,0.0161,0.0,0.0,0.0,0.7062,0.0,0.0,0.0161,,,,,,,,,crf_only,h.,N,,
international,X,B2,crf_first_attested,0.7062,0.0161,0.0,0.0,0.0,0.7062,0.0,0.0,0.0161,,,,,,,,,crf_only,international,X,,
jamais - vu,NOUN,B2,crf_first_attested,0.7062,0.0161,0.0,0.0,0.0,0.7062,0.0,0.0,0.0161,,,,,,,,,crf_only,jamais - vu,N,,
kenyan,NOUN,B2,crf_first_attested,0.7062,0.0161,0.0,0.0,0.0,0.7062,0.0,0.0,0.0161,,,,,,,,,crf_only,kenyan,N,,
mission en free - lance,NOUN,B2,crf_first_attested,0.7062,0.0161,0.0,0.0,0.0,0.7062,0.0,0.0,0.0161,,,,,,,,,crf_only,mission en free - lance,N,,
multinational,ADJ,B2,beacco,0.7062,0.0161,0.0,0.0,0.0,0.7062,0.0,0.0,0.0161,0.0,0.0,5.294,2.5411,12.4171,0.0,4.8738,B2,word_pos,multinational,A,multinational,ADJ
mégafusion,NOUN,B2,crf_first_attested,0.7062,0.0161,0.0,0.0,0.0,0.7062,0.0,0.0,0.0161,,,,,,,,,crf_only,mégafusion,N,,
nanti,NOUN,B2,crf_first_attested,0.7062,0.0161,0.0,0.0,0.0,0.7062,0.0,0.0,0.0161,,,,,,,,,crf_only,nanti,N,,
ne importe quoi,ADV,B2,crf_first_attested,0.7062,0.0161,0.0,0.0,0.0,0.7062,0.0,0.0,0.0161,,,,,,,,,crf_only,ne importe quoi,ADV,,
par envie de,PREP,B2,crf_first_attested,0.7062,0.0161,0.0,0.0,0.0,0.7062,0.0,0.0,0.0161,,,,,,,,,crf_only,par envie de,PREP,,
par moments ça,ADV,B2,crf_first_attested,0.7062,0.0161,0.0,0.0,0.0,0.7062,0.0,0.0,0.0161,,,,,,,,,crf_only,par moments ça,ADV,,
parachute,NOUN,B2,beacco,0.7062,0.0161,0.0,0.0,0.0,0.7062,0.0,0.0,0.0161,0.0,0.6228,0.438,1.2705,0.0,0.0,1.5066,B2,word_pos,parachute,N,parachute,NOM
parenthéser,VERB,B2,crf_first_attested,0.7062,0.0161,0.0,0.0,0.0,0.7062,0.0,0.0,0.0161,,,,,,,,,crf_only,parenthéser,V,,
pas le moins du monde,ADV,B2,crf_first_attested,0.7062,0.0161,0.0,0.0,0.0,0.7062,0.0,0.0,0.0161,,,,,,,,,crf_only,pas le moins du monde,ADV,,
pendant,NOUN,B2,beacco,0.7062,0.0161,0.0,0.0,0.0,0.7062,0.0,0.0,0.0161,0.0,0.0,0.0,8.2319,0.0,0.0,0.6322,B2,word_pos,pendant,N,pendant,NOM
pirate,ADJ,B2,crf_first_attested,0.7062,0.0161,0.0,0.0,0.0,0.7062,0.0,0.0,0.0161,,,,,,,,,crf_only,pirate,A,,
plat du jour,ADV,B2,crf_first_attested,0.7062,0.0161,0.0,0.0,0.0,0.7062,0.0,0.0,0.0161,,,,,,,,,crf_only,plat du jour,ADV,,
polo,NOUN,B2,beacco,0.7062,0.0161,0.0,0.0,0.0,0.7062,0.0,0.0,0.0161,0.0,0.606,0.0,1.2705,0.0,0.0,0.6658,B2,word_pos,polo,N,polo,NOM
porte - à - faux,NOUN,B2,crf_first_attested,0.7062,0.0161,0.0,0.0,0.0,0.7062,0.0,0.0,0.0161,,,,,,,,,crf_only,porte - à - faux,N,,
quadra,NOUN,B2,crf_first_attested,0.7062,0.0161,0.0,0.0,0.0,0.7062,0.0,0.0,0.0161,,,,,,,,,crf_only,quadra,N,,
quasi - recordman,NOUN,B2,crf_first_attested,0.7062,0.0161,0.0,0.0,0.0,0.7062,0.0,0.0,0.0161,,,,,,,,,crf_only,quasi - recordman,N,,
ravigoter,VERB,B2,crf_first_attested,0.7062,0.0161,0.0,0.0,0.0,0.7062,0.0,0.0,0.0161,,,,,,,,,crf_only,ravigoter,V,,
ringard,NOUN,B2,crf_first_attested,0.7062,0.0161,0.0,0.0,0.0,0.7062,0.0,0.0,0.0161,,,,,,,,,crf_only,ringard,N,,
royal,NOUN,B2,crf_first_attested,0.7062,0.0161,0.0,0.0,0.0,0.7062,0.0,0.0,0.0161,,,,,,,,,crf_only,royal,N,,
réinvestir,VERB,B2,crf_first_attested,0.7062,0.0161,0.0,0.0,0.0,0.7062,0.0,0.0,0.0161,,,,,,,,,crf_only,réinvestir,V,,
réjouissances,NOUN,B2,crf_first_attested,0.7062,0.0161,0.0,0.0,0.0,0.7062,0.0,0.0,0.0161,,,,,,,,,crf_only,réjouissances,N,,
sacro – saint,NOUN,B2,crf_first_attested,0.7062,0.0161,0.0,0.0,0.0,0.7062,0.0,0.0,0.0161,,,,,,,,,crf_only,sacro – saint,N,,
sans - pareil,NOUN,B2,crf_first_attested,0.7062,0.0161,0.0,0.0,0.0,0.7062,0.0,0.0,0.0161,,,,,,,,,crf_only,sans - pareil,N,,
septembre,DET,B2,crf_first_attested,0.7062,0.0161,0.0,0.0,0.0,0.7062,0.0,0.0,0.0161,,,,,,,,,crf_only,septembre,DET,,
son,PRON,B2,crf_first_attested,0.7062,0.0161,0.0,0.0,0.0,0.7062,0.0,0.0,0.0161,,,,,,,,,crf_only,son,PRO,,
suite,VERB,B2,crf_first_attested,0.7062,0.0161,0.0,0.0,0.0,0.7062,0.0,0.0,0.0161,,,,,,,,,crf_only,suite,V,,
sup,NOUN,B2,crf_first_attested,0.7062,0.0161,0.0,0.0,0.0,0.7062,0.0,0.0,0.0161,,,,,,,,,crf_only,sup,N,,
sup,ADV,B2,crf_first_attested,0.7062,0.0161,0.0,0.0,0.0,0.7062,0.0,0.0,0.0161,,,,,,,,,crf_only,sup,ADV,,
suranner,VERB,B2,crf_first_attested,0.7062,0.0161,0.0,0.0,0.0,0.7062,0.0,0.0,0.0161,,,,,,,,,crf_only,suranner,V,,
surdiplômés,VERB,B2,crf_first_attested,0.7062,0.0161,0.0,0.0,0.0,0.7062,0.0,0.0,0.0161,,,,,,,,,crf_only,surdiplômés,V,,
trentenaire,NOUN,B2,crf_first_attested,0.7062,0.0161,0.0,0.0,0.0,0.7062,0.0,0.0,0.0161,,,,,,,,,crf_only,trentenaire,N,,
verts,NOUN,B2,crf_first_attested,0.7062,0.0161,0.0,0.0,0.0,0.7062,0.0,0.0,0.0161,,,,,,,,,crf_only,verts,N,,
vice versa,ADV,B2,crf_first_attested,0.7062,0.0161,0.0,0.0,0.0,0.7062,0.0,0.0,0.0161,,,,,,,,,crf_only,vice versa,ADV,,
vj,NOUN,B2,crf_first_attested,0.7062,0.0161,0.0,0.0,0.0,0.7062,0.0,0.0,0.0161,,,,,,,,,crf_only,vj,N,,
à l' exemple de,PREP,B2,crf_first_attested,0.7062,0.0161,0.0,0.0,0.0,0.7062,0.0,0.0,0.0161,,,,,,,,,crf_only,à l' exemple de,PREP,,
ruser,VERB,B2,beacco,0.6774,0.4606,,,,,,,,0.0,0.0,0.487,0.6774,0.0,0.0,0.4606,B2,beacco_only,,,ruser,VER
signature,NOUN,B2,beacco,0.6707,13.1233,0.0,0.1103,17.1796,0.6707,40.3921,49.3801,13.1233,0.0,0.2129,16.546,1.7933,49.1091,8.037,14.3014,B2,word_pos,signature,N,signature,NOM
surveillance,NOUN,B2,beacco,0.6707,9.4863,0.0,0.0618,8.814,0.6707,65.6657,0.0,9.4863,0.0,0.1276,11.449,1.7933,62.7562,0.0,9.7448,B2,word_pos,surveillance,N,surveillance,NOM
calmement,ADV,B2,beacco,0.6707,9.0144,0.0,0.3918,30.0762,0.6707,0.0,0.0,9.0144,0.0,0.1865,25.1818,1.7933,0.0,0.0,8.2566,B2,word_pos,calmement,ADV,calmement,ADV
soixantaine,NOUN,B2,beacco,0.6707,7.7138,0.5025,0.0618,13.5752,0.6707,17.3764,0.0,7.7138,0.0,0.1276,14.8433,1.7933,20.024,0.0,6.5699,B2,word_pos,soixantaine,N,soixantaine,NOM
vider,VERB,B2,beacco,0.6707,6.1463,0.0,1.2993,8.1079,0.6707,4.101,9.6228,6.1463,0.0,0.5213,20.7551,8.3922,4.139,0.0,9.6084,B2,word_pos,vider,V,vider,VER
pose,NOUN,B2,beacco,0.6707,5.1735,0.0,7.8552,4.8837,0.6707,1.6042,0.0,5.1735,0.0,1.0679,3.6423,0.0,0.0,0.0,1.5493,B2,word_pos,pose,N,pose,NOM
traduction,NOUN,B2,beacco,0.6707,4.2565,0.4068,0.0944,10.5772,0.6707,0.0,0.0,4.2565,0.8075,0.1937,9.475,1.7933,0.0,0.0,4.6145,B2,word_pos,traduction,N,traduction,NOM
stylo,NOUN,B2,beacco,0.6707,3.4214,5.6577,0.0303,0.0906,0.6707,25.7756,0.0,3.4214,7.3631,0.606,0.185,1.7933,20.024,0.0,5.2626,B2,word_pos,stylo,N,stylo,NOM
proprement,ADV,B2,beacco,0.6707,3.0313,0.0,0.3702,0.0,0.6707,9.3035,67.3593,3.0313,0.0,0.606,0.0,1.7933,6.0005,19.328,2.1546,B2,word_pos,proprement,ADV,proprement,ADV
jardinier,NOUN,B2,beacco,0.6707,2.8503,5.3692,3.2926,0.3401,0.6707,3.2084,0.0,2.8503,4.4039,0.6228,3.5101,1.7933,3.4423,0.0,3.6742,B2,word_pos,jardinier,N,jardinier,NOM
poli,ADJ,B2,beacco,0.6707,2.5851,0.0,0.0,2.7457,0.6707,12.4046,0.0,2.5851,0.8346,0.0,0.4665,0.0,6.0005,0.0,1.2055,B2,word_pos,poli,A,poli,ADJ
dam,NOUN,B2,beacco,0.6707,1.559,0.0,0.0,0.6802,0.6707,6.1515,0.0,1.559,0.0,0.0,0.5857,1.7933,4.139,0.0,1.5381,B2,word_pos,dam,N,dam,NOM
habité,ADJ,B2,beacco,0.6707,1.3908,0.0,0.0,4.4223,0.6707,0.0,0.0,1.3908,0.0,0.0,4.5977,0.0,0.0,0.0,0.8843,B2,word_pos,habité,A,habité,ADJ
wagon,NOUN,B2,beacco,0.6707,1.0055,0.0,0.2114,0.6802,0.6707,0.0,0.0,1.0055,0.0,0.6008,0.5857,1.7933,0.0,0.0,1.5477,B2,word_pos,wagon,N,wagon,NOM
creux,ADJ,B2,beacco,0.6707,0.4683,0.0,0.0,0.3765,0.6707,0.0,0.0,0.4683,0.0,0.0,0.3933,1.7933,3.4423,0.0,1.5172,B2,word_pos,creux,A,creux,ADJ
vit,NOUN,B2,beacco,0.6707,0.3227,0.6621,0.0,0.0,0.6707,0.0,0.0,0.3227,1.2635,0.0,0.4317,1.7933,0.0,0.0,1.4585,B2,word_pos,vit,N,vit,NOM
affairé,NOUN,B2,crf_first_attested,0.6707,0.0153,0.0,0.0,0.0,0.6707,0.0,0.0,0.0153,,,,,,,,,crf_only,affairé,N,,
café - hôtel,NOUN,B2,crf_first_attested,0.6707,0.0153,0.0,0.0,0.0,0.6707,0.0,0.0,0.0153,,,,,,,,,crf_only,café - hôtel,N,,
condanmé,NOUN,B2,crf_first_attested,0.6707,0.0153,0.0,0.0,0.0,0.6707,0.0,0.0,0.0153,,,,,,,,,crf_only,condanmé,N,,
crème,ADJ,B2,crf_first_attested,0.6707,0.0153,0.0,0.0,0.0,0.6707,0.0,0.0,0.0153,,,,,,,,,crf_only,crème,A,,
crèperies,NOUN,B2,crf_first_attested,0.6707,0.0153,0.0,0.0,0.0,0.6707,0.0,0.0,0.0153,,,,,,,,,crf_only,crèperies,N,,
de haut en bas,ADV,B2,crf_first_attested,0.6707,0.0153,0.0,0.0,0.0,0.6707,0.0,0.0,0.0153,,,,,,,,,crf_only,de haut en bas,ADV,,
de tout ceci,ADV,B2,crf_first_attested,0.6707,0.0153,0.0,0.0,0.0,0.6707,0.0,0.0,0.0153,,,,,,,,,crf_only,de tout ceci,ADV,,
depuis la veille,ADV,B2,crf_first_attested,0.6707,0.0153,0.0,0.0,0.0,0.6707,0.0,0.0,0.0153,,,,,,,,,crf_only,depuis la veille,ADV,,
en veste,ADV,B2,crf_first_attested,0.6707,0.0153,0.0,0.0,0.0,0.6707,0.0,0.0,0.0153,,,,,,,,,crf_only,en veste,ADV,,
jusque au bout en,PREP,B2,crf_first_attested,0.6707,0.0153,0.0,0.0,0.0,0.6707,0.0,0.0,0.0153,,,,,,,,,crf_only,jusque au bout en,PREP,,
jusque au bout sans,PREP,B2,crf_first_attested,0.6707,0.0153,0.0,0.0,0.0,0.6707,0.0,0.0,0.0153,,,,,,,,,crf_only,jusque au bout sans,PREP,,
laboratoirel,NOUN,B2,crf_first_attested,0.6707,0.0153,0.0,0.0,0.0,0.6707,0.0,0.0,0.0153,,,,,,,,,crf_only,laboratoirel,N,,
lise,NOUN,B2,crf_first_attested,0.6707,0.0153,0.0,0.0,0.0,0.6707,0.0,0.0,0.0153,,,,,,,,,crf_only,lise,N,,
marcher le long,VERB,B2,crf_first_attested,0.6707,0.0153,0.0,0.0,0.0,0.6707,0.0,0.0,0.0153,,,,,,,,,crf_only,marcher le long,V,,
mi - jambe,NOUN,B2,crf_first_attested,0.6707,0.0153,0.0,0.0,0.0,0.6707,0.0,0.0,0.0153,,,,,,,,,crf_only,mi - jambe,N,,
montparnasse,NOUN,B2,crf_first_attested,0.6707,0.0153,0.0,0.0,0.0,0.6707,0.0,0.0,0.0153,,,,,,,,,crf_only,montparnasse,N,,
mourir,NOUN,B2,crf_first_attested,0.6707,0.0153,0.0,0.0,0.0,0.6707,0.0,0.0,0.0153,,,,,,,,,crf_only,mourir,N,,
on,DET,B2,crf_first_attested,0.6707,0.0153,0.0,0.0,0.0,0.6707,0.0,0.0,0.0153,,,,,,,,,crf_only,on,DET,,
personne,VERB,B2,crf_first_attested,0.6707,0.0153,0.0,0.0,0.0,0.6707,0.0,0.0,0.0153,,,,,,,,,crf_only,personne,V,,
petit - déjeuner,NOUN,B2,crf_first_attested,0.6707,0.0153,0.0,0.0,0.0,0.6707,0.0,0.0,0.0153,,,,,,,,,crf_only,petit - déjeuner,N,,
plus de peine,ADV,B2,crf_first_attested,0.6707,0.0153,0.0,0.0,0.0,0.6707,0.0,0.0,0.0153,,,,,,,,,crf_only,plus de peine,ADV,,
plus près et resta,ADV,B2,crf_first_attested,0.6707,0.0153,0.0,0.0,0.0,0.6707,0.0,0.0,0.0153,,,,,,,,,crf_only,plus près et resta,ADV,,
ramener,NOUN,B2,beacco,0.6707,0.0153,0.0,0.0,0.0,0.6707,0.0,0.0,0.0153,0.0,0.5213,0.6378,1.7933,0.0,0.0,1.4482,B2,word_pos,ramener,N,ramener,NOM
tout au fond,ADV,B2,crf_first_attested,0.6707,0.0153,0.0,0.0,0.0,0.6707,0.0,0.0,0.0153,,,,,,,,,crf_only,tout au fond,ADV,,
vers lui,PREP,B2,crf_first_attested,0.6707,0.0153,0.0,0.0,0.0,0.6707,0.0,0.0,0.0153,,,,,,,,,crf_only,vers lui,PREP,,
éteint,ADJ,B2,crf_first_attested,0.6707,0.0153,0.0,0.0,0.0,0.6707,0.0,0.0,0.0153,,,,,,,,,crf_only,éteint,A,,
évariste,NOUN,B2,crf_first_attested,0.6707,0.0153,0.0,0.0,0.0,0.6707,0.0,0.0,0.0153,,,,,,,,,crf_only,évariste,N,,
dissimuler,VERB,B2,beacco,0.6502,5.1206,0.0,0.6418,10.3781,0.6502,6.1515,0.0,5.1206,0.0,0.6228,9.441,0.6774,4.139,0.0,4.2377,B2,word_pos,dissimuler,V,dissimuler,VER
pair,ADJ,B2,beacco,0.6502,1.365,0.0,2.971,0.0,0.6502,1.6042,0.0,1.365,0.0,0.606,0.0,1.0161,0.0,0.0,0.505,B2,word_pos,pair,A,pair,ADJ
plonger,VERB,B2,beacco,0.5755,17.2264,7.349,0.5197,25.0604,0.5755,51.8789,28.8683,17.2264,7.243,0.5213,19.66,0.911,65.9532,56.7717,17.8851,B2,word_pos,plonger,V,plonger,VER
bourse,NOUN,B2,beacco,0.5755,15.0604,1.3242,1.0585,28.9382,0.5755,22.8111,12.9876,15.0604,1.2635,0.4157,13.0117,0.0,20.024,12.833,9.5459,B2,word_pos,bourse,N,bourse,NOM
forestier,ADJ,B2,beacco,0.5755,11.3665,0.0,0.0,30.4305,0.5755,16.4039,6.4938,11.3665,0.0,0.0,17.9272,0.911,8.2781,12.833,6.8415,B2,word_pos,forestier,A,forestier,ADJ
négocier,VERB,B2,beacco,0.5755,10.7989,0.0,0.1103,35.0725,0.5755,10.2669,0.0,10.7989,0.0,0.2129,21.0886,0.911,20.6179,0.0,9.5684,B2,word_pos,négocier,V,négocier,VER
percer,VERB,B2,beacco,0.5755,8.1256,0.0,0.0,14.442,0.5755,41.4596,4.1173,8.1256,0.0,0.0,3.5822,0.911,31.3528,4.0185,4.4939,B2,word_pos,percer,V,percer,VER
épuiser,VERB,B2,beacco,0.5755,8.0563,0.0,0.0,9.9074,0.5755,66.9988,0.0,8.0563,0.0,0.0,14.3911,0.911,49.5147,0.0,8.5003,B2,word_pos,épuiser,V,épuiser,VER
créature,NOUN,B2,beacco,0.5755,7.9925,0.0,0.4071,24.5431,0.5755,4.101,0.0,7.9925,0.0,0.3851,32.2326,0.911,4.139,0.0,10.1661,B2,word_pos,créature,N,créature,NOM
soie,NOUN,B2,beacco,0.5755,6.7761,2.01,0.2206,7.6786,0.5755,9.3035,4.1173,6.7761,1.8101,0.2129,7.1895,0.911,6.0005,4.0185,7.5024,B2,word_pos,soie,N,soie,NOM
soupirer,VERB,B2,beacco,0.5755,6.2547,0.5025,0.0,8.3745,0.5755,33.1658,0.0,6.2547,0.0,0.0,8.4577,0.911,19.861,0.0,4.7328,B2,word_pos,soupirer,V,soupirer,VER
tendresse,NOUN,B2,beacco,0.5755,5.9651,0.0,0.1076,11.8879,0.5755,9.3035,9.6228,5.9651,0.0,0.186,14.9266,0.911,6.0005,19.328,6.8764,B2,word_pos,tendresse,N,tendresse,NOM
pouce,NOUN,B2,beacco,0.5755,4.7775,0.0,0.5897,9.4508,0.5755,9.8067,0.0,4.7775,0.0,0.6111,8.7465,0.911,19.861,0.0,6.7257,B2,word_pos,pouce,N,pouce,NOM
exalter,VERB,B2,beacco,0.5755,4.5622,0.0,0.0,14.3357,0.5755,3.2084,0.0,4.5622,0.0,0.0,5.3792,0.911,3.4423,0.0,3.0693,B2,word_pos,exalter,V,exalter,VER
rembourser,VERB,B2,beacco,0.5755,4.4695,0.0,0.3702,7.8487,0.5755,1.6042,12.9876,4.4695,0.0,0.606,12.4204,0.911,3.4423,12.833,7.352,B2,word_pos,rembourser,V,rembourser,VER
terroir,NOUN,B2,beacco,0.5755,4.1888,0.0,0.0,5.4835,0.5755,12.7628,12.9876,4.1888,0.0,0.0,7.0301,0.911,20.024,25.6659,7.0154,B2,word_pos,terroir,N,terroir,NOM
gentilhomme,NOUN,B2,beacco,0.5755,4.1061,5.613,0.0,5.5507,0.5755,0.0,0.0,4.1061,0.9464,0.0,4.8845,0.911,0.0,0.0,2.9848,B2,word_pos,gentilhomme,N,gentilhomme,NOM
acceptation,NOUN,B2,beacco,0.5755,4.0579,0.0,1.6044,0.0,0.5755,34.728,9.6228,4.0579,0.0,0.6228,0.0,0.911,31.3781,19.328,3.9671,B2,word_pos,acceptation,N,acceptation,NOM
couture,NOUN,B2,beacco,0.5755,4.0205,0.0,0.2948,12.744,0.5755,0.0,0.0,4.0205,0.0,0.6111,14.4201,0.911,0.0,0.0,5.8278,B2,word_pos,couture,N,couture,NOM
paradoxe,NOUN,B2,beacco,0.5755,3.8371,0.0,0.0,7.9184,0.5755,8.2019,0.0,3.8371,0.0,0.0,6.6448,0.0,4.139,0.0,2.5449,B2,word_pos,paradoxe,N,paradoxe,NOM
trier,VERB,B2,beacco,0.5755,3.5722,0.0,0.3702,4.6503,0.5755,12.4046,0.0,3.5722,0.0,0.606,10.2711,0.911,12.0009,0.0,7.0129,B2,word_pos,trier,V,trier,VER
trouble,ADJ,B2,beacco,0.5755,3.3616,0.0,0.0,4.8977,0.5755,15.5058,0.0,3.3616,0.0,0.0,0.2331,0.911,6.0005,0.0,1.5516,B2,word_pos,trouble,A,trouble,ADJ
confidence,NOUN,B2,beacco,0.5755,3.3462,1.1385,0.285,1.4582,0.5755,1.6042,0.0,3.3462,1.1764,0.2891,1.1062,0.911,3.4423,0.0,3.977,B2,word_pos,confidence,N,confidence,NOM
purement,ADV,B2,beacco,0.5755,3.046,0.0,0.0,0.2405,0.5755,21.8856,19.2455,3.046,0.0,0.0,0.4665,0.911,29.205,19.328,4.3749,B2,word_pos,purement,ADV,purement,ADV
creux,NOUN,B2,beacco,0.5755,2.9321,0.0,0.2599,0.0,0.5755,37.9244,0.0,2.9321,0.0,0.5213,0.0,0.911,12.0009,0.0,1.9931,B2,word_pos,creux,N,creux,NOM
absorber,VERB,B2,beacco,0.5755,2.8852,0.0,0.6342,0.2076,0.5755,26.2593,0.0,2.8852,0.0,0.6008,0.3906,0.911,40.6321,0.0,5.1916,B2,word_pos,absorber,V,absorber,VER
frustration,NOUN,B2,beacco,0.5755,2.4948,0.0,0.0,0.2916,0.5755,30.8494,0.0,2.4948,0.0,0.0,0.5531,0.911,27.9938,0.0,3.1945,B2,word_pos,frustration,N,frustration,NOM
humiliation,NOUN,B2,beacco,0.5755,2.4492,0.0,0.3228,0.1155,0.5755,18.6069,0.0,2.4492,0.0,0.186,0.2331,0.911,12.0009,0.0,2.3648,B2,word_pos,humiliation,N,humiliation,NOM
banaliser,VERB,B2,beacco,0.5755,2.1554,0.0,0.0,2.8802,0.5755,2.0505,9.6228,2.1554,0.0,0.0,3.7679,0.911,4.139,19.328,3.6631,B2,word_pos,banaliser,V,banaliser,VER
sculpter,VERB,B2,beacco,0.5755,2.0663,0.7622,0.6418,0.2041,0.5755,3.2084,0.0,2.0663,1.1008,0.6228,0.4317,0.911,3.4423,0.0,2.7379,B2,word_pos,sculpter,V,sculpter,VER
show,NOUN,B2,beacco,0.5755,1.8083,0.0,0.6418,0.0,0.5755,0.0,57.7365,1.8083,0.8075,0.0,0.0,0.911,0.0,57.984,2.5978,B2,word_pos,show,N,show,NOM
râler,VERB,B2,beacco,0.5755,1.7874,0.0,0.7405,1.7004,0.5755,0.0,0.0,1.7874,0.0,0.606,0.5857,0.911,0.0,0.0,1.5356,B2,word_pos,râler,V,râler,VER
désarroi,NOUN,B2,beacco,0.5755,1.7239,0.0,0.0,4.681,0.5755,0.0,9.6228,1.7239,0.0,0.0,3.5715,0.911,0.0,19.328,1.9248,B2,word_pos,désarroi,N,désarroi,NOM
manuel,NOUN,B2,beacco,0.5755,1.7231,0.0,0.7405,0.0,0.5755,13.3747,0.0,1.7231,1.2635,0.606,0.0,0.911,3.4423,0.0,2.3869,B2,word_pos,manuel,N,manuel,NOM
spéculation,NOUN,B2,beacco,0.5755,1.6977,0.0,0.0,2.8761,0.5755,6.2023,0.0,1.6977,0.0,0.0,0.6378,0.911,6.0005,0.0,1.561,B2,word_pos,spéculation,N,spéculation,NOM
errer,VERB,B2,beacco,0.5755,1.584,0.0,0.0,0.2366,0.5755,19.6134,0.0,1.584,0.0,0.0,3.5822,0.911,19.861,0.0,3.0982,B2,word_pos,errer,V,errer,VER
hâter,VERB,B2,beacco,0.5755,1.5672,0.0,0.1897,3.07,0.5755,0.0,0.0,1.5672,0.0,0.2065,0.3906,0.911,0.0,0.0,1.1476,B2,word_pos,hâter,V,hâter,VER
dénomination,NOUN,B2,beacco,0.5755,1.4991,0.0,0.0,0.5833,0.5755,9.8067,0.0,1.4991,0.0,0.0,1.1062,0.0,19.861,0.0,1.8464,B2,word_pos,dénomination,N,dénomination,NOM
pou,NOUN,B2,beacco,0.5755,1.4717,0.0,0.0,0.0,0.5755,31.0115,0.0,1.4717,0.0,0.0,0.0,0.911,54.0042,0.0,3.3527,B2,word_pos,pou,N,pou,NOM
gros,NOUN,B2,beacco,0.5755,1.3922,1.1385,0.0,2.5566,0.5755,0.0,0.0,1.3922,0.0,0.5137,7.326,1.8983,0.0,0.0,3.7669,B2,word_pos,gros,N,gros,NOM
antan,NOUN,B2,beacco,0.5755,1.3354,0.0,0.0,0.7214,0.5755,0.0,12.9876,1.3354,0.0,0.0,0.4665,0.911,0.0,12.833,1.5263,B2,word_pos,antan,N,antan,NOM
dose,NOUN,B2,beacco,0.5755,1.3202,0.0,0.0,0.3618,0.5755,8.2019,0.0,1.3202,0.0,0.0,0.6378,0.911,16.5561,0.0,2.9897,B2,word_pos,dose,N,dose,NOM
monseigneur,NOUN,B2,beacco,0.5755,1.2907,0.0,1.0337,0.6122,0.5755,0.0,0.0,1.2907,0.0,1.0679,0.4317,0.911,0.0,0.0,1.5325,B2,word_pos,monseigneur,N,monseigneur,NOM
circulaire,ADJ,B2,beacco,0.5755,1.1916,0.0,0.0,2.1339,0.5755,1.6042,0.0,1.1916,0.0,0.0,4.1586,0.911,3.4423,0.0,2.9851,B2,word_pos,circulaire,A,circulaire,ADJ
voyant,ADJ,B2,beacco,0.5755,1.1693,0.0,0.2117,1.8242,0.5755,0.0,0.0,1.1693,0.0,0.0,3.5736,0.911,0.0,0.0,1.5332,B2,word_pos,voyant,A,voyant,ADJ
aristocrate,NOUN,B2,beacco,0.5755,1.1574,0.0,0.0,3.622,0.5755,0.0,0.0,1.1574,0.0,0.0,7.0192,0.0,0.0,0.0,1.4979,B2,word_pos,aristocrate,N,aristocrate,NOM
transversal,ADJ,B2,beacco,0.5755,1.0126,0.0,0.6351,0.2366,0.5755,2.0505,0.0,1.0126,0.0,0.4157,0.438,8.3751,4.139,0.0,2.8972,B2,word_pos,transversal,A,transversal,ADJ
linguiste,NOUN,B2,beacco,0.5755,1.0054,0.0,0.0,0.4732,0.5755,0.0,25.9752,1.0054,0.0,0.0,0.8759,0.911,0.0,25.6659,1.6828,B2,word_pos,linguiste,N,linguiste,NOM
en main,ADV,B2,crf_first_attested,0.5755,1.0032,0.0,0.0,0.0,0.5755,4.101,6.4938,1.0032,,,,,,,,,crf_only,en main,ADV,,
périlleux,ADJ,B2,beacco,0.5755,0.9964,0.0,0.1076,1.8242,0.5755,0.0,0.0,0.9964,0.0,0.186,3.5736,0.911,0.0,0.0,1.9057,B2,word_pos,périlleux,A,périlleux,ADJ
éparpiller,VERB,B2,beacco,0.5755,0.8927,0.0,0.7405,0.0,0.5755,0.0,9.6228,0.8927,0.0,0.606,0.0,0.911,0.0,19.328,1.4859,B2,word_pos,éparpiller,V,éparpiller,VER
hebdomadaire,NOUN,B2,beacco,0.5755,0.869,0.0,1.5161,0.0,0.5755,0.0,2.0587,0.869,0.0,1.0275,0.0,0.0,0.0,4.0185,0.6772,B2,word_pos,hebdomadaire,N,hebdomadaire,NOM
offenser,VERB,B2,beacco,0.5755,0.8685,0.0,0.0,0.6122,0.5755,3.1012,0.0,0.8685,0.0,0.0,0.8634,0.911,6.0005,0.0,1.6503,B2,word_pos,offenser,V,offenser,VER
spécificité,NOUN,B2,beacco,0.5755,0.7724,0.0,0.0,0.3618,0.5755,0.0,9.6228,0.7724,0.0,0.0,0.6378,0.911,0.0,19.328,1.561,B2,word_pos,spécificité,N,spécificité,NOM
impulsion,NOUN,B2,beacco,0.5755,0.7525,0.0,0.0,0.2076,0.5755,2.0505,0.0,0.7525,0.0,0.0,0.3906,0.911,19.861,0.0,2.4907,B2,word_pos,impulsion,N,impulsion,NOM
depuis belle lurette,ADV,B2,crf_first_attested,0.5755,0.7262,0.0,0.0,0.0,0.5755,9.3035,0.0,0.7262,,,,,,,,,crf_only,depuis belle lurette,ADV,,
industriellement,ADV,B2,beacco,0.5755,0.7262,0.0,0.0,0.0,0.5755,9.3035,0.0,0.7262,0.0,0.0,0.0,0.911,6.0005,0.0,0.7202,B2,word_pos,industriellement,ADV,industriellement,ADV
bombarder,VERB,B2,beacco,0.5755,0.7115,0.0,0.0,1.9237,0.5755,0.0,0.0,0.7115,0.0,0.0,0.4665,0.911,0.0,0.0,0.6796,B2,word_pos,bombarder,V,bombarder,VER
dégustation,NOUN,B2,beacco,0.5755,0.6885,0.0,0.0,2.1118,0.5755,0.0,0.0,0.6885,0.0,0.0,3.1779,0.0,0.0,0.0,0.6066,B2,word_pos,dégustation,N,dégustation,NOM
éminemment,ADV,B2,beacco,0.5755,0.6647,0.0,0.0,1.4582,0.5755,0.0,0.0,0.6647,0.0,0.0,0.5531,0.911,0.0,0.0,0.6976,B2,word_pos,éminemment,ADV,éminemment,ADV
ride,NOUN,B2,beacco,0.5755,0.6292,0.0,0.1306,0.0,0.5755,0.0,6.4938,0.6292,0.0,0.1865,0.0,0.911,0.0,12.833,0.9444,B2,word_pos,ride,N,ride,NOM
aristocratie,NOUN,B2,beacco,0.5755,0.5713,0.0,2.5671,0.0,0.5755,0.0,0.0,0.5713,0.0,0.6228,0.0,0.911,0.0,0.0,0.6892,B2,word_pos,aristocratie,N,aristocratie,NOM
rêne,NOUN,B2,beacco,0.5755,0.5669,0.0,0.0,0.0,0.5755,6.2023,0.0,0.5669,0.0,0.0,0.0,0.911,6.0005,0.0,0.7202,B2,word_pos,rêne,N,rêne,NOM
étroitement,ADV,B2,beacco,0.5755,0.5669,0.0,0.0,0.0,0.5755,6.2023,0.0,0.5669,0.0,0.0,0.0,0.911,6.0005,0.0,0.7202,B2,word_pos,étroitement,ADV,étroitement,ADV
officier,VERB,B2,beacco,0.5755,0.5112,0.0,1.7346,0.0,0.5755,0.0,0.0,0.5112,0.0,2.1236,0.0,0.911,0.0,0.0,1.1293,B2,word_pos,officier,V,officier,VER
abstrait,ADJ,B2,crf_first_attested,0.5755,0.3655,0.0,0.0,0.0,0.5755,3.1012,0.0,0.3655,,,,,,,,,crf_only,abstrait,A,,
gracieux,ADJ,B2,beacco,0.5755,0.3655,0.0,0.0,0.0,0.5755,3.1012,0.0,0.3655,0.0,0.0,0.0,0.911,6.0005,0.0,0.7202,B2,word_pos,gracieux,A,gracieux,ADJ
démocratisation,NOUN,B2,beacco,0.5755,0.3601,0.0,0.0,0.0,0.5755,2.0505,0.0,0.3601,0.0,0.0,0.0,0.911,4.139,0.0,0.725,B2,word_pos,démocratisation,N,démocratisation,NOM
potentiel,ADJ,B2,beacco,0.5755,0.3601,0.0,0.0,0.0,0.5755,2.0505,0.0,0.3601,0.0,0.0,0.0,0.911,4.139,0.0,0.725,B2,word_pos,potentiel,A,potentiel,ADJ
phrygien,ADJ,B2,beacco,0.5755,0.3578,0.0,0.0,0.3618,0.5755,0.0,0.0,0.3578,0.0,0.0,0.6378,0.911,0.0,0.0,0.7091,B2,word_pos,phrygien,A,phrygien,ADJ
échoppe,NOUN,B2,beacco,0.5755,0.3556,0.0,0.0,0.3401,0.5755,0.0,0.0,0.3556,0.0,0.0,0.5857,0.911,0.0,0.0,0.7026,B2,word_pos,échoppe,N,échoppe,NOM
emplir,VERB,B2,beacco,0.5755,0.3349,0.0,0.0,0.2295,0.5755,0.0,0.0,0.3349,0.0,0.0,0.487,0.911,0.0,0.0,0.6846,B2,word_pos,emplir,V,emplir,VER
stagiaire,ADJ,B2,beacco,0.5755,0.3288,0.0,0.4879,0.0,0.5755,0.0,0.0,0.3288,0.0,0.9327,0.0,0.911,0.0,0.0,0.7841,B2,word_pos,stagiaire,A,stagiaire,ADJ
parachuter,VERB,B2,beacco,0.5755,0.3147,0.0,0.3209,0.0,0.5755,0.0,0.0,0.3147,0.0,0.6228,0.0,0.911,0.0,0.0,0.6892,B2,word_pos,parachuter,V,parachuter,VER
dada,NOUN,B2,beacco,0.5755,0.3113,1.5075,0.0,0.0,0.5755,0.0,0.0,0.3113,0.9051,0.0,0.0,0.911,0.0,0.0,0.6854,B2,word_pos,dada,N,dada,NOM
fourneau,NOUN,B2,beacco,0.5755,0.2761,0.0,0.2117,0.0,0.5755,0.0,0.0,0.2761,0.0,0.4157,0.0,0.911,0.0,0.0,0.5515,B2,word_pos,fourneau,N,fourneau,NOM
graphique,ADJ,B2,beacco,0.5755,0.2686,0.0,0.0,0.1812,0.5755,0.0,0.0,0.2686,0.0,0.0,0.185,0.911,0.0,0.0,0.6892,B2,word_pos,graphique,A,graphique,ADJ
crisser,VERB,B2,beacco,0.5755,0.2542,0.0,0.0,0.1637,0.5755,0.0,0.0,0.2542,0.0,0.0,0.1243,0.911,0.0,0.0,0.6721,B2,word_pos,crisser,V,crisser,VER
catégoriquement,ADV,B2,beacco,0.5755,0.2513,0.0,0.0,0.0908,0.5755,0.0,0.0,0.2513,0.0,0.0,0.2504,0.911,0.0,0.0,0.5805,B2,word_pos,catégoriquement,ADV,catégoriquement,ADV
plébisciter,VERB,B2,beacco,0.5755,0.2511,0.0,0.0,0.0906,0.5755,0.0,0.0,0.2511,0.0,0.0,0.185,0.911,0.0,0.0,0.6892,B2,word_pos,plébisciter,V,plébisciter,VER
apprenez que,CONJ,B2,crf_first_attested,0.5755,0.0349,0.0,0.0,0.0,0.5755,0.0,0.0,0.0349,,,,,,,,,crf_only,apprenez que,CONJS,,
assisté,NOUN,B2,crf_first_attested,0.5755,0.0349,0.0,0.0,0.0,0.5755,0.0,0.0,0.0349,,,,,,,,,crf_only,assisté,N,,
au foot,ADV,B2,crf_first_attested,0.5755,0.0349,0.0,0.0,0.0,0.5755,0.0,0.0,0.0349,,,,,,,,,crf_only,au foot,ADV,,
audimat,NOUN,B2,crf_first_attested,0.5755,0.0349,0.0,0.0,0.0,0.5755,0.0,0.0,0.0349,,,,,,,,,crf_only,audimat,N,,
beurette,NOUN,B2,crf_first_attested,0.5755,0.0349,0.0,0.0,0.0,0.5755,0.0,0.0,0.0349,,,,,,,,,crf_only,beurette,N,,
commode,NOUN,B2,beacco,0.5755,0.0349,0.0,0.0,0.0,0.5755,0.0,0.0,0.0349,0.0,0.0,0.1243,0.911,0.0,0.0,0.6721,B2,word_pos,commode,N,commode,NOM
en sans - culotte,ADV,B2,crf_first_attested,0.5755,0.0349,0.0,0.0,0.0,0.5755,0.0,0.0,0.0349,,,,,,,,,crf_only,en sans - culotte,ADV,,
encore une fois merci,ADV,B2,crf_first_attested,0.5755,0.0349,0.0,0.0,0.0,0.5755,0.0,0.0,0.0349,,,,,,,,,crf_only,encore une fois merci,ADV,,
haïkaï,NOUN,B2,crf_first_attested,0.5755,0.0349,0.0,0.0,0.0,0.5755,0.0,0.0,0.0349,,,,,,,,,crf_only,haïkaï,N,,
lève,NOUN,B2,beacco,0.5755,0.0349,0.0,0.0,0.0,0.5755,0.0,0.0,0.0349,0.0,0.0,0.1219,0.911,0.0,0.0,0.6455,B2,word_pos,lève,N,lève,NOM
malgré moi,ADV,B2,crf_first_attested,0.5755,0.0349,0.0,0.0,0.0,0.5755,0.0,0.0,0.0349,,,,,,,,,crf_only,malgré moi,ADV,,
nuit et jour,ADV,B2,crf_first_attested,0.5755,0.0349,0.0,0.0,0.0,0.5755,0.0,0.0,0.0349,,,,,,,,,crf_only,nuit et jour,ADV,,
optique,ADJ,B2,beacco,0.5755,0.0349,0.0,0.0,0.0,0.5755,0.0,0.0,0.0349,0.0,0.0,0.0,0.911,6.0005,0.0,0.7202,B2,word_pos,optique,A,optique,ADJ
par suite du,PREP,B2,crf_first_attested,0.5755,0.0349,0.0,0.0,0.0,0.5755,0.0,0.0,0.0349,,,,,,,,,crf_only,par suite du,PREP,,
pour le reste,ADV,B2,crf_first_attested,0.5755,0.0349,0.0,0.0,0.0,0.5755,0.0,0.0,0.0349,,,,,,,,,crf_only,pour le reste,ADV,,
repose,NOUN,B2,crf_first_attested,0.5755,0.0349,0.0,0.0,0.0,0.5755,0.0,0.0,0.0349,,,,,,,,,crf_only,repose,N,,
réchauffe,NOUN,B2,crf_first_attested,0.5755,0.0349,0.0,0.0,0.0,0.5755,0.0,0.0,0.0349,,,,,,,,,crf_only,réchauffe,N,,
sicav,NOUN,B2,crf_first_attested,0.5755,0.0349,0.0,0.0,0.0,0.5755,0.0,0.0,0.0349,,,,,,,,,crf_only,sicav,N,,
train - train,NOUN,B2,crf_first_attested,0.5755,0.0349,0.0,0.0,0.0,0.5755,0.0,0.0,0.0349,,,,,,,,,crf_only,train - train,N,,
troublé,ADJ,B2,crf_first_attested,0.5755,0.0349,0.0,0.0,0.0,0.5755,0.0,0.0,0.0349,,,,,,,,,crf_only,troublé,A,,
tête - à - tête,NOUN,B2,crf_first_attested,0.5755,0.0349,0.0,0.0,0.0,0.5755,0.0,0.0,0.0349,,,,,,,,,crf_only,tête - à - tête,N,,
vmareau,NOUN,B2,crf_first_attested,0.5755,0.0349,0.0,0.0,0.0,0.5755,0.0,0.0,0.0349,,,,,,,,,crf_only,vmareau,N,,
à dessein,ADV,B2,crf_first_attested,0.5755,0.0349,0.0,0.0,0.0,0.5755,0.0,0.0,0.0349,,,,,,,,,crf_only,à dessein,ADV,,
asiatique,ADJ,B2,beacco,0.5285,16.3421,0.0,6.2001,7.9426,0.5285,36.6339,126.4605,16.3421,0.0,0.4157,8.4131,0.8102,20.6179,56.7717,8.7065,B2,word_pos,asiatique,A,asiatique,ADJ
criminalité,NOUN,B2,beacco,0.5285,11.4969,0.0,0.0,0.3618,0.5285,225.3761,0.0,11.4969,0.0,0.0,0.6378,0.8102,103.0894,0.0,7.7804,B2,word_pos,criminalité,N,criminalité,NOM
complicité,NOUN,B2,beacco,0.5285,7.712,0.0,8.1549,2.1292,0.5285,8.021,0.0,7.712,0.0,0.0,1.3139,0.8102,3.4423,0.0,2.4092,B2,word_pos,complicité,N,complicité,NOM
sécher,VERB,B2,beacco,0.5285,7.5953,0.0,0.5897,18.2576,0.5285,9.3035,0.0,7.5953,0.0,0.6111,19.868,0.8102,6.0005,0.0,8.0707,B2,word_pos,sécher,V,sécher,VER
épidémie,NOUN,B2,beacco,0.5285,7.4441,0.0,0.2117,0.7097,0.5285,68.2254,0.0,7.4441,0.0,0.4157,0.8759,0.8102,78.006,0.0,11.0992,B2,word_pos,épidémie,N,épidémie,NOM
ralentir,VERB,B2,beacco,0.5285,7.4022,0.0,1.1107,1.5137,0.5285,9.3035,125.9778,7.4022,0.0,0.606,2.4712,0.8102,18.0014,56.7717,6.3205,B2,word_pos,ralentir,V,ralentir,VER
considérablement,ADV,B2,beacco,0.5285,7.2858,0.4014,0.6418,2.1074,0.5285,52.5187,0.0,7.2858,0.7319,0.6228,4.1727,0.8102,20.6179,0.0,6.1079,B2,word_pos,considérablement,ADV,considérablement,ADV
accroître,VERB,B2,beacco,0.5285,7.0846,0.0,0.0,5.2867,0.5285,34.062,68.1256,7.0846,0.0,0.0,0.5857,0.8102,68.3463,77.4712,7.5161,B2,word_pos,accroître,V,accroître,VER
fasciner,VERB,B2,beacco,0.5285,7.0382,0.4014,0.0,0.6122,0.5285,32.7469,79.5353,7.0382,0.7319,0.0,1.2952,0.8102,20.024,78.971,7.0351,B2,word_pos,fasciner,V,fasciner,VER
asile,NOUN,B2,beacco,0.5285,5.7757,0.0,7.4191,0.7236,0.5285,36.6339,0.0,5.7757,0.0,0.606,0.6378,0.8102,20.6179,0.0,3.3108,B2,word_pos,asile,N,asile,NOM
mental,ADJ,B2,beacco,0.5285,5.1005,0.0,0.3918,0.3618,0.5285,32.8328,38.491,5.1005,0.0,0.0,0.6378,0.8102,31.3781,77.312,5.5717,B2,word_pos,mental,A,mental,ADJ
marbre,NOUN,B2,beacco,0.5285,4.8693,0.0,0.0,18.9354,0.5285,0.0,0.0,4.8693,0.0,0.0,11.8437,0.8102,0.0,0.0,3.4774,B2,word_pos,marbre,N,marbre,NOM
drogue,NOUN,B2,beacco,0.5285,4.5837,1.3242,0.0,1.343,0.5285,24.8092,0.0,4.5837,1.2635,0.0,2.504,0.8102,12.0009,0.0,4.2526,B2,word_pos,drogue,N,drogue,NOM
baron,NOUN,B2,beacco,0.5285,4.4668,0.0,0.0,18.296,0.5285,0.0,0.0,4.4668,0.0,0.0,16.9422,0.8102,0.0,0.0,4.6979,B2,word_pos,baron,N,baron,NOM
axe,NOUN,B2,beacco,0.5285,4.3611,5.1244,0.8456,3.2382,0.5285,1.6042,0.0,4.3611,5.6493,0.6008,2.4816,0.8102,3.4423,0.0,4.24,B2,word_pos,axe,N,axe,NOM
insensible,ADJ,B2,beacco,0.5285,3.3858,0.0,0.0,0.4081,0.5285,31.0115,0.0,3.3858,0.0,0.0,0.4317,0.8102,18.0014,0.0,2.6362,B2,word_pos,insensible,A,insensible,ADJ
abus,NOUN,B2,beacco,0.5285,3.3712,0.0,0.0,0.7097,0.5285,30.8494,0.0,3.3712,0.0,0.0,0.438,0.8102,41.2358,0.0,3.6921,B2,word_pos,abus,N,abus,NOM
remords,NOUN,B2,beacco,0.5285,3.0698,0.0,0.2117,4.4956,0.5285,3.2084,0.0,3.0698,0.0,0.4157,7.102,0.8102,3.4423,0.0,4.5109,B2,word_pos,remords,N,remords,NOM
privilège,NOUN,B2,beacco,0.5285,3.0691,0.0,0.0,9.6188,0.5285,3.1012,0.0,3.0691,0.0,0.0,15.1877,0.8102,6.0005,0.0,5.2896,B2,word_pos,privilège,N,privilège,NOM
centenaire,NOUN,B2,beacco,0.5285,3.0556,0.0,0.0,11.6782,0.5285,0.0,0.0,3.0556,0.0,0.0,2.4712,0.8102,0.0,0.0,1.4213,B2,word_pos,centenaire,N,centenaire,NOM
vaniteux,ADJ,B2,beacco,0.5285,2.9853,0.5025,0.0,7.7955,0.5285,0.0,0.0,2.9853,0.0,0.0,7.5608,0.8102,0.0,0.0,2.4352,B2,word_pos,vaniteux,A,vaniteux,ADJ
librairie,NOUN,B2,beacco,0.5285,2.5142,0.5693,0.3209,0.0,0.5285,19.6975,0.0,2.5142,1.1764,0.6228,0.0,0.8102,31.3528,0.0,4.1676,B2,word_pos,librairie,N,librairie,NOM
somptueux,ADJ,B2,beacco,0.5285,2.4994,0.0,0.0,1.6204,0.5285,15.5058,0.0,2.4994,0.0,0.0,3.1735,0.8102,18.0014,0.0,3.753,B2,word_pos,somptueux,A,somptueux,ADJ
ambassadeur,NOUN,B2,beacco,0.5285,2.4648,0.6621,0.2117,3.9883,0.5285,0.0,0.0,2.4648,1.2635,0.4157,5.7773,0.8102,0.0,0.0,4.9933,B2,word_pos,ambassadeur,N,ambassadeur,NOM
conformiste,ADJ,B2,beacco,0.5285,2.4176,0.0,0.0,4.7797,0.5285,6.2023,0.0,2.4176,0.0,0.0,3.5101,0.8102,6.0005,0.0,2.3022,B2,word_pos,conformiste,A,conformiste,ADJ
physiologique,ADJ,B2,beacco,0.5285,2.3788,0.0,0.0,0.0,0.5285,12.4046,48.1138,2.3788,0.0,0.0,0.0,0.8102,6.0005,38.656,1.4702,B2,word_pos,physiologique,A,physiologique,ADJ
intenter,VERB,B2,beacco,0.5285,2.3517,0.0,0.0,4.6371,0.5285,3.2084,0.0,2.3517,0.0,0.0,2.9063,0.8102,3.4423,0.0,2.3799,B2,word_pos,intenter,V,intenter,VER
luxueux,ADJ,B2,beacco,0.5285,2.287,1.9917,0.3209,1.8062,0.5285,3.1012,0.0,2.287,1.6691,0.6228,3.4688,0.8102,6.0005,0.0,4.4506,B2,word_pos,luxueux,A,luxueux,ADJ
émigrer,VERB,B2,beacco,0.5285,2.2848,0.0,0.0,1.9564,0.5285,1.6042,28.8683,2.2848,0.0,0.0,7.7393,0.8102,3.4423,19.328,4.548,B2,word_pos,émigrer,V,émigrer,VER
reconstruire,VERB,B2,beacco,0.5285,2.2219,0.0,0.0,0.7097,0.5285,3.2084,6.4938,2.2219,0.0,0.0,0.438,0.8102,3.4423,12.833,2.279,B2,word_pos,reconstruire,V,reconstruire,VER
vérification,NOUN,B2,beacco,0.5285,2.1754,1.6274,0.5223,0.0,0.5285,3.1012,0.0,2.1754,0.8075,0.1865,0.0,0.8102,6.0005,0.0,2.079,B2,word_pos,vérification,N,vérification,NOM
coffre,NOUN,B2,beacco,0.5285,2.1685,0.0,0.1887,2.3289,0.5285,3.1012,0.0,2.1685,0.0,0.1937,3.9254,0.8102,6.0005,0.0,4.117,B2,word_pos,coffre,N,coffre,NOM
désastreux,ADJ,B2,beacco,0.5285,2.1275,0.0,0.0,2.3458,0.5285,6.1515,0.0,2.1275,0.0,0.0,3.5101,0.8102,4.139,0.0,2.3385,B2,word_pos,désastreux,A,désastreux,ADJ
saleté,NOUN,B2,beacco,0.5285,2.127,0.0,0.3918,1.1295,0.5285,0.0,0.0,2.127,0.0,0.0,1.5731,0.8102,0.0,0.0,1.4717,B2,word_pos,saleté,N,saleté,NOM
assouvir,VERB,B2,beacco,0.5285,2.0842,0.0,0.0,1.0854,0.5285,8.2019,0.0,2.0842,0.0,0.0,0.6378,0.8102,4.139,0.0,1.3286,B2,word_pos,assouvir,V,assouvir,VER
capture,NOUN,B2,beacco,0.5285,1.9974,0.0,0.3918,0.1812,0.5285,4.101,0.0,1.9974,0.0,0.0,0.185,0.8102,4.139,0.0,1.3526,B2,word_pos,capture,N,capture,NOM
persister,VERB,B2,beacco,0.5285,1.9864,0.0,0.3209,0.4152,0.5285,10.2669,0.0,1.9864,0.0,0.6228,0.3906,0.8102,20.6179,0.0,3.3284,B2,word_pos,persister,V,persister,VER
analytique,ADJ,B2,beacco,0.5285,1.958,0.0,0.0,0.0,0.5285,6.1515,38.491,1.958,0.0,0.0,0.0,0.8102,8.2781,19.328,1.8118,B2,word_pos,analytique,A,analytique,ADJ
prodigieux,ADJ,B2,beacco,0.5285,1.9006,0.0,0.3918,1.0203,0.5285,0.0,0.0,1.9006,0.0,0.0,0.4317,0.8102,0.0,0.0,0.6202,B2,word_pos,prodigieux,A,prodigieux,ADJ
anomalie,NOUN,B2,beacco,0.5285,1.8598,0.0,0.0,0.2076,0.5285,9.6252,0.0,1.8598,0.0,0.0,0.3906,0.8102,6.8846,0.0,2.0179,B2,word_pos,anomalie,N,anomalie,NOM
artère,NOUN,B2,beacco,0.5285,1.8201,0.0,0.0,0.0,0.5285,12.4046,12.9876,1.8201,0.0,0.0,0.0,0.8102,6.0005,25.6659,1.8118,B2,word_pos,artère,N,artère,NOM
isolement,NOUN,B2,beacco,0.5285,1.7901,0.0,0.0,0.2405,0.5285,2.0505,32.4689,1.7901,0.0,0.0,0.4665,0.8102,4.139,12.833,1.9969,B2,word_pos,isolement,N,isolement,NOM
instable,ADJ,B2,beacco,0.5285,1.7858,0.0,0.0,5.7771,0.5285,0.0,0.0,1.7858,0.0,0.0,7.5828,0.8102,0.0,0.0,2.4305,B2,word_pos,instable,A,instable,ADJ
enthousiasmer,VERB,B2,beacco,0.5285,1.6793,0.0,0.0944,0.2916,0.5285,0.0,28.8683,1.6793,0.0,0.0,0.5531,0.8102,0.0,19.328,1.3093,B2,word_pos,enthousiasmer,V,enthousiasmer,VER
tramway,NOUN,B2,beacco,0.5285,1.5445,0.0,1.0107,0.2076,0.5285,3.1012,0.0,1.5445,0.0,0.5137,0.3906,0.8102,6.0005,0.0,2.3215,B2,word_pos,tramway,N,tramway,NOM
déconseiller,VERB,B2,beacco,0.5285,1.4783,0.0,0.0,0.7236,0.5285,0.0,25.9752,1.4783,0.0,0.0,0.6378,0.8102,0.0,25.6659,1.9538,B2,word_pos,déconseiller,V,déconseiller,VER
abattoir,NOUN,B2,beacco,0.5285,1.47,0.0,0.0,0.8749,0.5285,6.2023,0.0,1.47,0.0,0.0,0.5531,0.8102,6.0005,0.0,1.3093,B2,word_pos,abattoir,N,abattoir,NOM
fusiller,VERB,B2,beacco,0.5285,1.4311,0.0,0.0,4.3088,0.5285,0.0,0.0,1.4311,0.0,0.0,3.1766,0.8102,0.0,0.0,1.429,B2,word_pos,fusiller,V,fusiller,VER
cylindre,NOUN,B2,beacco,0.5285,1.392,0.0,5.8751,0.0,0.5285,0.0,0.0,1.392,0.0,0.606,0.0,0.8102,0.0,0.0,0.6187,B2,word_pos,cylindre,N,cylindre,NOM
pommette,NOUN,B2,beacco,0.5285,1.3912,0.5025,0.0,0.8162,0.5285,0.0,0.0,1.3912,0.0,0.0,0.4317,0.8102,0.0,0.0,0.6202,B2,word_pos,pommette,N,pommette,NOM
piétiner,VERB,B2,beacco,0.5285,1.3647,0.0,0.3918,0.0,0.5285,15.6669,0.0,1.3647,0.0,0.0,0.0,0.8102,20.024,0.0,1.2787,B2,word_pos,piétiner,V,piétiner,VER
revers,NOUN,B2,beacco,0.5285,1.3133,0.0,0.0,0.2041,0.5285,9.3035,0.0,1.3133,0.0,0.0,0.4317,0.8102,6.0005,0.0,1.3319,B2,word_pos,revers,N,revers,NOM
rampe,NOUN,B2,beacco,0.5285,1.2628,0.0,0.0,0.4521,0.5285,6.2023,0.0,1.2628,0.0,0.0,0.0,0.8102,6.0005,0.0,0.4907,B2,word_pos,rampe,N,rampe,NOM
ascension,NOUN,B2,beacco,0.5285,1.234,0.0,0.2114,0.7214,0.5285,0.0,0.0,1.234,0.0,0.6008,0.4665,0.8102,0.0,0.0,1.4436,B2,word_pos,ascension,N,ascension,NOM
blanchir,VERB,B2,beacco,0.5285,1.2014,0.0,0.0,1.835,0.5285,0.0,9.6228,1.2014,0.0,0.0,3.5301,0.8102,0.0,19.328,2.2764,B2,word_pos,blanchir,V,blanchir,VER
indescriptible,ADJ,B2,beacco,0.5285,1.1808,0.0,0.0,3.0638,0.5285,0.0,0.0,1.1808,0.0,0.0,0.3059,0.8102,0.0,0.0,0.6412,B2,word_pos,indescriptible,A,indescriptible,ADJ
reconnaissable,ADJ,B2,beacco,0.5285,0.9934,0.0,3.6517,0.0,0.5285,0.0,0.0,0.9934,0.0,0.186,0.0,0.8102,0.0,0.0,0.555,B2,word_pos,reconnaissable,A,reconnaissable,ADJ
brute,NOUN,B2,beacco,0.5285,0.9525,0.0,0.3918,0.0,0.5285,6.2023,0.0,0.9525,0.0,0.0,0.0,0.8102,6.0005,0.0,0.4907,B2,word_pos,brute,N,brute,NOM
cuiller,NOUN,B2,beacco,0.5285,0.9195,0.0,2.5842,0.0,0.5285,0.0,0.0,0.9195,0.0,3.2038,0.0,0.8102,0.0,0.0,1.3481,B2,word_pos,cuiller,N,cuiller,NOM
déduire,VERB,B2,beacco,0.5285,0.8222,0.0,0.3918,0.0,0.5285,0.0,6.4938,0.8222,0.0,0.0,0.0,0.8102,0.0,12.833,0.5215,B2,word_pos,déduire,V,déduire,VER
impur,ADJ,B2,beacco,0.5285,0.8085,0.0,0.0,1.1665,0.5285,0.0,0.0,0.8085,0.0,0.0,0.5531,0.8102,0.0,0.0,0.5955,B2,word_pos,impur,A,impur,ADJ
surhumain,ADJ,B2,beacco,0.5285,0.7953,0.0,0.3918,0.2041,0.5285,0.0,0.0,0.7953,0.0,0.0,0.4317,0.8102,0.0,0.0,0.6202,B2,word_pos,surhumain,A,surhumain,ADJ
clergé,NOUN,B2,beacco,0.5285,0.754,0.0,1.6044,0.0,0.5285,0.0,0.0,0.754,0.0,0.6228,0.0,0.8102,0.0,0.0,0.6046,B2,word_pos,clergé,N,clergé,NOM
euphorie,NOUN,B2,beacco,0.5285,0.7315,0.0,0.0,0.0,0.5285,9.3035,0.0,0.7315,0.0,0.0,0.0,0.8102,6.0005,0.0,0.4907,B2,word_pos,euphorie,N,euphorie,NOM
rigide,ADJ,B2,beacco,0.5285,0.7032,0.3983,0.0,0.2041,0.5285,0.0,0.0,0.7032,0.8346,0.0,0.4317,0.8102,0.0,0.0,1.4109,B2,word_pos,rigide,A,rigide,ADJ
lavandière,NOUN,B2,beacco,0.5285,0.6976,0.0,0.2114,0.0,0.5285,1.6042,0.0,0.6976,0.0,0.6008,0.0,0.8102,3.4423,0.0,1.4014,B2,word_pos,lavandière,N,lavandière,NOM
grotesque,ADJ,B2,beacco,0.5285,0.6945,0.0,0.0,0.0,0.5285,4.8126,0.0,0.6945,0.0,0.0,0.0,0.8102,6.8846,0.0,1.0111,B2,word_pos,grotesque,A,grotesque,ADJ
irrémédiablement,ADV,B2,beacco,0.5285,0.6831,0.0,0.3918,0.0,0.5285,3.1012,0.0,0.6831,0.0,0.0,0.0,0.8102,6.0005,0.0,0.4907,B2,word_pos,irrémédiablement,ADV,irrémédiablement,ADV
anatomique,ADJ,B2,beacco,0.5285,0.651,0.0,0.0,0.0,0.5285,0.0,28.8683,0.651,0.0,0.0,0.0,0.8102,0.0,38.656,0.98,B2,word_pos,anatomique,A,anatomique,ADJ
anthropologie,NOUN,B2,beacco,0.5285,0.5879,0.7622,0.0,0.0,0.5285,3.1012,0.0,0.5879,0.5504,0.0,0.0,0.8102,6.0005,0.0,1.1689,B2,word_pos,anthropologie,N,anthropologie,NOM
fervent,ADJ,B2,beacco,0.5285,0.5085,0.0,0.0,0.6802,0.5285,0.0,0.0,0.5085,0.0,0.0,0.5857,0.8102,3.4423,0.0,1.3848,B2,word_pos,fervent,A,fervent,ADJ
illustre,ADJ,B2,beacco,0.5285,0.5055,0.0,0.0,0.5833,0.5285,0.0,0.0,0.5055,0.0,0.0,0.5531,0.8102,0.0,0.0,0.5955,B2,word_pos,illustre,A,illustre,ADJ
obélisque,NOUN,B2,beacco,0.5285,0.5055,0.0,0.0,0.5833,0.5285,0.0,0.0,0.5055,0.0,0.0,0.5531,0.8102,0.0,0.0,0.5955,B2,word_pos,obélisque,N,obélisque,NOM
mâchoire,NOUN,B2,beacco,0.5285,0.5048,0.0,0.0,0.0,0.5285,6.2023,0.0,0.5048,0.0,0.0,0.0,0.8102,6.0005,0.0,0.4907,B2,word_pos,mâchoire,N,mâchoire,NOM
insouciance,NOUN,B2,beacco,0.5285,0.4876,0.0,0.7405,0.0,0.5285,0.0,0.0,0.4876,0.0,0.606,0.0,0.8102,0.0,0.0,0.6187,B2,word_pos,insouciance,N,insouciance,NOM
fiacre,NOUN,B2,beacco,0.5285,0.3161,0.0,0.0,0.2076,0.5285,0.0,0.0,0.3161,0.0,0.0,0.3906,0.8102,0.0,0.0,0.6281,B2,word_pos,fiacre,N,fiacre,NOM
choléra,NOUN,B2,beacco,0.5285,0.3021,0.0,0.0,0.2916,0.5285,0.0,0.0,0.3021,0.0,0.0,0.5531,0.8102,0.0,0.0,0.5955,B2,word_pos,choléra,N,choléra,NOM
réaménager,VERB,B2,beacco,0.5285,0.3021,0.0,0.0,0.2916,0.5285,0.0,0.0,0.3021,0.0,0.0,0.5531,0.8102,0.0,0.0,0.5955,B2,word_pos,réaménager,V,réaménager,VER
embellissement,NOUN,B2,beacco,0.5285,0.2907,0.0,0.0,0.0,0.5285,1.6042,0.0,0.2907,0.0,0.0,0.0,0.8102,3.4423,0.0,0.5668,B2,word_pos,embellissement,N,embellissement,NOM
exagérément,ADV,B2,beacco,0.5285,0.2861,0.0,0.0,0.0,0.5285,2.0505,0.0,0.2861,0.0,0.0,0.0,0.8102,4.139,0.0,0.5215,B2,word_pos,exagérément,ADV,exagérément,ADV
traction,NOUN,B2,beacco,0.5285,0.2645,0.0,0.0,0.0,0.5285,3.1012,0.0,0.2645,0.0,0.0,0.0,0.8102,6.0005,0.0,0.4907,B2,word_pos,traction,N,traction,NOM
agrandi,ADJ,B2,crf_first_attested,0.5285,0.0121,0.0,0.0,0.0,0.5285,0.0,0.0,0.0121,,,,,,,,,crf_only,agrandi,A,,
basilique,NOUN,B2,beacco,0.5285,0.0121,0.0,0.0,0.0,0.5285,0.0,0.0,0.0121,1.8101,0.0,0.5857,8.2287,0.0,0.0,3.0439,B2,word_pos,basilique,N,basilique,NOM
café - concert,NOUN,B2,crf_first_attested,0.5285,0.0121,0.0,0.0,0.0,0.5285,0.0,0.0,0.0121,,,,,,,,,crf_only,café - concert,N,,
cancan,NOUN,B2,beacco,0.5285,0.0121,0.0,0.0,0.0,0.5285,0.0,0.0,0.0121,0.0,0.0,0.0,8.2287,0.0,0.0,0.6306,B2,word_pos,cancan,N,cancan,NOM
déchoir,VERB,B2,crf_first_attested,0.5285,0.0121,0.0,0.0,0.0,0.5285,0.0,0.0,0.0121,,,,,,,,,crf_only,déchoir,V,,
en dehors,ADV,B2,crf_first_attested,0.5285,0.0121,0.0,0.0,0.0,0.5285,0.0,0.0,0.0121,,,,,,,,,crf_only,en dehors,ADV,,
imprudent,NOUN,B2,crf_first_attested,0.5285,0.0121,0.0,0.0,0.0,0.5285,0.0,0.0,0.0121,,,,,,,,,crf_only,imprudent,N,,
néobaroque,ADJ,B2,crf_first_attested,0.5285,0.0121,0.0,0.0,0.0,0.5285,0.0,0.0,0.0121,,,,,,,,,crf_only,néobaroque,A,,
pied - de - biche,NOUN,B2,crf_first_attested,0.5285,0.0121,0.0,0.0,0.0,0.5285,0.0,0.0,0.0121,,,,,,,,,crf_only,pied - de - biche,N,,
proscrit,ADJ,B2,crf_first_attested,0.5285,0.0121,0.0,0.0,0.0,0.5285,0.0,0.0,0.0121,,,,,,,,,crf_only,proscrit,A,,
quatre mille,DET,B2,crf_first_attested,0.5285,0.0121,0.0,0.0,0.0,0.5285,0.0,0.0,0.0121,,,,,,,,,crf_only,quatre mille,DET,,
rasoir,ADJ,B2,crf_first_attested,0.5285,0.0121,0.0,0.0,0.0,0.5285,0.0,0.0,0.0121,,,,,,,,,crf_only,rasoir,A,,
topaze,NOUN,B2,beacco,0.5285,0.0121,0.0,0.0,0.0,0.5285,0.0,0.0,0.0121,0.0,0.0,0.2504,0.8102,0.0,0.0,0.6441,B2,word_pos,topaze,N,topaze,NOM
écorché,NOUN,B2,crf_first_attested,0.5285,0.0121,0.0,0.0,0.0,0.5285,0.0,0.0,0.0121,,,,,,,,,crf_only,écorché,N,,
colle,NOUN,B2,beacco,0.4335,9.7111,5.8294,0.0,0.0,0.4335,80.63,0.0,9.7111,0.6291,0.0,0.0,0.3387,138.0106,0.0,14.0923,B2,word_pos,colle,N,colle,NOM
négliger,VERB,B2,beacco,0.4335,4.5093,0.0,0.0,12.9248,0.4335,2.0505,9.6228,4.5093,0.0,0.0,10.2074,0.3387,0.0,19.328,3.4936,B2,word_pos,négliger,V,négliger,VER
détenir,VERB,B2,beacco,0.4335,3.9088,0.0,0.1235,3.4842,0.4335,19.6975,0.0,3.9088,0.0,0.2552,6.0765,0.3387,26.3397,0.0,5.1835,B2,word_pos,détenir,V,détenir,VER
mousse,NOUN,B2,beacco,0.4335,2.1334,3.4359,0.3702,0.0,0.4335,3.1012,0.0,2.1334,1.1556,0.606,0.0,0.3387,6.0005,0.0,1.9956,B2,word_pos,mousse,N,mousse,NOM
décréter,VERB,B2,beacco,0.4335,1.5376,0.3983,0.0,1.3603,0.4335,0.0,0.0,1.5376,0.8346,0.0,1.1713,0.3387,0.0,0.0,1.8646,B2,word_pos,décréter,V,décréter,VER
tapis,NOUN,B2,beacco,0.4335,1.3579,0.4068,0.0,0.4732,0.4335,1.6042,0.0,1.3579,0.8075,0.2891,0.438,0.3387,3.4423,0.0,3.0835,B2,word_pos,tapis,N,tapis,NOM
compromettre,VERB,B2,beacco,0.4335,1.2461,0.0,0.0,0.4081,0.4335,0.0,12.9876,1.2461,0.0,0.0,0.4317,0.3387,0.0,0.0,0.463,B2,word_pos,compromettre,V,compromettre,VER
tactique,NOUN,B2,beacco,0.4335,1.2176,0.0,0.0,1.8309,0.4335,3.2084,0.0,1.2176,0.0,0.0,3.5101,0.6774,3.4423,0.0,1.7984,B2,word_pos,tactique,N,tactique,NOM
bille,NOUN,B2,beacco,0.4335,0.7683,1.7078,0.0,0.0,0.4335,0.0,0.0,0.7683,1.1764,0.606,0.2504,0.6774,0.0,0.0,2.2795,B2,word_pos,bille,N,bille,NOM
confidentiel,ADJ,B2,beacco,0.4335,0.6139,0.0,0.0,0.1395,0.4335,0.0,0.0,0.6139,0.0,0.0,0.1219,0.3387,0.0,0.0,0.4902,B2,word_pos,confidentiel,A,confidentiel,ADJ
impatient,NOUN,B2,crf_first_attested,0.4335,0.0099,0.0,0.0,0.0,0.4335,0.0,0.0,0.0099,,,,,,,,,crf_only,impatient,N,,
non - sens,ADV,B2,crf_first_attested,0.4335,0.0099,0.0,0.0,0.0,0.4335,0.0,0.0,0.0099,,,,,,,,,crf_only,non - sens,ADV,,
numéroté,ADJ,B2,crf_first_attested,0.4335,0.0099,0.0,0.0,0.0,0.4335,0.0,0.0,0.0099,,,,,,,,,crf_only,numéroté,A,,
décidé,ADJ,B2,beacco,0.3387,0.4789,,,,,,,,0.0,0.0,0.3906,0.3387,0.0,0.0,0.4789,B2,beacco_only,,,décidé,ADJ
spécifique,ADJ,B2,beacco,0.2167,14.2516,0.6621,0.0,2.6563,0.2167,97.4543,104.0243,14.2516,1.2635,0.0,2.8865,0.3387,103.0894,138.6137,14.7023,B2,word_pos,spécifique,A,spécifique,ADJ
carré,ADJ,B2,beacco,0.2167,9.6829,0.5304,0.0,16.1818,0.2167,32.7469,0.0,9.6829,0.4856,0.0,0.487,0.3387,20.024,0.0,2.8083,B2,word_pos,carré,A,carré,ADJ
faculté,NOUN,B2,beacco,0.2167,6.1663,0.0,0.4234,0.0,0.2167,52.5187,39.0461,6.1663,0.0,0.4157,0.6378,0.3387,31.3781,44.6051,5.4817,B2,word_pos,faculté,N,faculté,NOM
portefeuille,NOUN,B2,beacco,0.2167,5.257,0.0,0.0,19.9017,0.2167,0.0,0.0,5.257,0.0,0.0,17.8865,0.3387,0.0,0.0,6.1607,B2,word_pos,portefeuille,N,portefeuille,NOM
tripler,VERB,B2,beacco,0.2167,2.1636,0.0,0.7581,0.4732,0.2167,6.2023,0.0,2.1636,0.0,0.5137,0.438,0.3387,12.0009,0.0,2.5734,B2,word_pos,tripler,V,tripler,VER
sceau,NOUN,B2,beacco,0.2167,2.1562,0.0,0.0,0.4081,0.2167,13.8696,9.6228,2.1562,0.0,0.0,0.8634,0.3387,27.9938,19.328,3.7809,B2,word_pos,sceau,N,sceau,NOM
mathématique,ADJ,B2,beacco,0.2167,1.8224,0.0,0.0,3.9285,0.2167,4.101,0.0,1.8224,0.0,0.0,7.5617,0.3387,4.139,0.0,2.8094,B2,word_pos,mathématique,A,mathématique,ADJ
raisonner,VERB,B2,beacco,0.2167,1.6612,0.2541,0.0,3.7428,0.2167,0.0,0.0,1.6612,0.5504,0.0,5.4966,0.3387,4.139,0.0,3.5757,B2,word_pos,raisonner,V,raisonner,VER
savourer,VERB,B2,beacco,0.2167,1.3757,0.0,0.1103,0.2041,0.2167,6.2023,0.0,1.3757,0.0,0.2129,0.4317,0.3387,6.0005,0.0,1.9582,B2,word_pos,savourer,V,savourer,VER
déplier,VERB,B2,beacco,0.2167,0.6474,0.0,0.0,0.6122,0.2167,0.0,0.0,0.6474,0.0,0.0,0.4317,0.3387,0.0,0.0,0.463,B2,word_pos,déplier,V,déplier,VER
compartiment,NOUN,B2,beacco,0.2167,0.6357,0.0,0.7581,0.0,0.2167,0.0,0.0,0.6357,0.0,1.0275,0.0,0.3387,0.0,0.0,0.9442,B2,word_pos,compartiment,N,compartiment,NOM
stupéfaire,VERB,B2,beacco,0.2167,0.4731,0.0,0.0,0.231,0.2167,0.0,0.0,0.4731,0.0,0.0,7.0728,0.3387,3.4423,0.0,2.9145,B2,word_pos,stupéfaire,V,stupéfaire,VER
absenter,VERB,B2,beacco,0.2167,0.4406,0.0,0.0,0.0,0.2167,0.0,19.2455,0.4406,0.0,0.0,0.0,0.3387,0.0,38.656,0.7324,B2,word_pos,absenter,V,absenter,VER
désorienter,VERB,B2,beacco,0.2167,0.4369,0.0,0.2152,0.0,0.2167,0.0,0.0,0.4369,0.0,0.186,0.0,0.3387,0.0,0.0,0.6222,B2,word_pos,désorienter,V,désorienter,VER
humilier,VERB,B2,beacco,0.2167,0.2432,0.0,0.0,0.2041,0.2167,0.0,0.0,0.2432,0.0,0.0,0.4317,0.3387,0.0,0.0,0.463,B2,word_pos,humilier,V,humilier,VER
adopté,ADJ,B2,crf_first_attested,0.2167,0.0049,0.0,0.0,0.0,0.2167,0.0,0.0,0.0049,,,,,,,,,crf_only,adopté,A,,
en impair ou vice versa,ADV,B2,crf_first_attested,0.2167,0.0049,0.0,0.0,0.0,0.2167,0.0,0.0,0.0049,,,,,,,,,crf_only,en impair ou vice versa,ADV,,
même,CONJ,B2,crf_first_attested,0.2167,0.0049,0.0,0.0,0.0,0.2167,0.0,0.0,0.0049,,,,,,,,,crf_only,même,CONJC,,
peu plus,ADV,B2,crf_first_attested,0.2167,0.0049,0.0,0.0,0.0,0.2167,0.0,0.0,0.0049,,,,,,,,,crf_only,peu plus,ADV,,
porte - carte,NOUN,B2,crf_first_attested,0.2167,0.0049,0.0,0.0,0.0,0.2167,0.0,0.0,0.0049,,,,,,,,,crf_only,porte - carte,N,,
rendre visiter,VERB,B2,crf_first_attested,0.2167,0.0049,0.0,0.0,0.0,0.2167,0.0,0.0,0.0049,,,,,,,,,crf_only,rendre visiter,V,,
tabatière,NOUN,B2,crf_first_attested,0.2167,0.0049,0.0,0.0,0.0,0.2167,0.0,0.0,0.0049,,,,,,,,,crf_only,tabatière,N,,
statut,NOUN,B2,beacco,0.0,34.8234,3.5573,0.0,57.8816,0.0,58.1044,494.9483,34.8234,7.2313,0.0,24.0156,0.0,63.3793,406.6669,28.0446,B2,word_pos,statut,N,statut,NOM
permanent,ADJ,B2,beacco,0.0,26.572,0.9991,2.8783,87.1299,0.0,16.2172,9.6228,26.572,0.9464,0.6228,62.1316,0.0,27.403,19.328,21.8554,B2,word_pos,permanent,A,permanent,ADJ
décennie,NOUN,B2,beacco,0.0,21.4658,0.0,0.0,29.9877,0.0,105.3701,149.111,21.4658,0.0,0.0,23.0203,0.0,94.0024,193.7228,18.0037,B2,word_pos,décennie,N,décennie,NOM
serre,NOUN,B2,beacco,0.0,21.2045,0.0,0.4275,56.486,0.0,41.0675,19.4814,21.2045,0.0,0.0,25.7645,0.0,73.3785,12.833,13.3504,B2,word_pos,serre,N,serre,NOM
douleur,NOUN,B2,beacco,0.0,20.2079,0.0,1.1107,22.2509,0.0,102.338,9.6228,20.2079,0.0,0.606,13.1257,0.0,72.0055,19.328,13.4478,B2,word_pos,douleur,N,douleur,NOM
croissance,NOUN,B2,beacco,0.0,16.5793,0.0,0.6418,23.5462,0.0,86.2072,28.8683,16.5793,0.0,0.6228,38.2185,0.0,90.633,38.656,21.7204,B2,word_pos,croissance,N,croissance,NOM
équitable,ADJ,B2,beacco,0.0,16.1626,0.7956,0.2439,8.6891,0.0,126.9141,0.0,16.1626,0.9713,0.4664,8.2407,0.0,149.4316,0.0,18.1282,B2,word_pos,équitable,A,équitable,ADJ
réchauffement,NOUN,B2,beacco,0.0,16.0969,0.0,0.0,25.2726,0.0,55.4783,77.9255,16.0969,0.0,0.0,22.3616,0.0,98.1651,51.3319,16.0994,B2,word_pos,réchauffement,N,réchauffement,NOM
chimique,ADJ,B2,beacco,0.0,15.4593,9.5275,0.8456,10.6294,0.0,27.7392,48.6764,15.4593,7.056,0.6008,11.8745,0.0,27.9938,52.5084,11.4733,B2,word_pos,chimique,A,chimique,ADJ
interprétation,NOUN,B2,beacco,0.0,14.9563,0.0,0.7318,18.3499,0.0,61.3515,45.034,14.9563,0.0,0.4664,9.5733,0.0,40.6321,44.6051,9.6738,B2,word_pos,interprétation,N,interprétation,NOM
mutation,NOUN,B2,beacco,0.0,14.5167,0.0,0.0,9.9148,0.0,83.2175,125.9778,14.5167,0.0,0.0,9.0048,0.0,61.8536,138.6137,10.6561,B2,word_pos,mutation,N,mutation,NOM
urgent,ADJ,B2,beacco,0.0,14.4191,0.4068,1.8512,25.1519,0.0,26.9096,57.7365,14.4191,0.8075,0.606,19.7184,0.0,40.1357,19.328,11.9378,B2,word_pos,urgent,A,urgent,ADJ
montée,NOUN,B2,beacco,0.0,14.3219,2.653,2.5671,19.1286,0.0,31.0115,28.8683,14.3219,0.171,0.6228,21.1074,0.0,18.0014,19.328,8.1983,B2,word_pos,montée,N,montée,NOM
depuis,ADV,B2,beacco,0.0,13.5466,0.0,2.5237,30.989,0.0,14.3534,19.4814,13.5466,0.0,1.0679,0.5857,0.0,0.0,0.0,0.6944,B2,word_pos,depuis,ADV,depuis,ADV
adhésion,NOUN,B2,beacco,0.0,13.3692,0.0,0.0,24.7133,0.0,35.623,76.982,13.3692,0.0,0.0,19.2876,0.0,31.5653,38.656,9.8858,B2,word_pos,adhésion,N,adhésion,NOM
mousquetaire,NOUN,B2,beacco,0.0,13.3564,5.5274,0.0,21.6296,0.0,0.0,0.0,13.3564,0.0,0.0,18.5638,0.0,0.0,0.0,1.7243,B2,word_pos,mousquetaire,N,mousquetaire,NOM
équilibre,NOUN,B2,beacco,0.0,12.8204,0.0,0.7581,12.2967,0.0,44.48,135.3636,12.8204,0.0,0.5137,12.3519,0.0,49.5147,77.4712,11.0594,B2,word_pos,équilibre,N,équilibre,NOM
local,NOUN,B2,beacco,0.0,12.5839,0.0,0.0,11.9862,0.0,99.8622,19.2455,12.5839,0.0,0.0,7.5797,2.2839,131.6984,38.656,14.1294,B2,word_pos,local,N,local,NOM
tarif,NOUN,B2,beacco,0.0,12.3504,0.5025,0.2527,32.6865,0.0,24.7899,0.0,12.3504,0.9051,0.5137,20.1244,0.0,20.6179,0.0,9.7106,B2,word_pos,tarif,N,tarif,NOM
scénario,NOUN,B2,beacco,0.0,12.3091,0.0,0.7318,24.1537,0.0,12.3029,6.176,12.3091,0.0,0.4664,13.8783,0.0,8.2781,4.0185,7.5316,B2,word_pos,scénario,N,scénario,NOM
céder,VERB,B2,beacco,0.0,12.2648,0.2541,0.0,32.1659,0.0,17.3764,28.5334,12.2648,0.5504,0.4157,38.8539,0.0,31.5653,56.7717,18.2837,B2,word_pos,céder,V,céder,VER
statistique,NOUN,B2,beacco,0.0,12.2182,0.0,0.0,12.0837,0.0,100.27,28.8683,12.2182,0.0,0.0,12.0502,0.0,94.6404,19.328,11.6762,B2,word_pos,statistique,N,statistique,NOM
claquer,VERB,B2,beacco,0.0,11.8707,0.2541,0.0,41.6354,0.0,6.4168,0.0,11.8707,0.5504,0.0,36.0444,0.0,10.3269,0.0,11.8006,B2,word_pos,claquer,V,claquer,VER
garantir,VERB,B2,beacco,0.0,11.8251,0.0,0.4275,17.9445,0.0,61.4723,9.6228,11.8251,0.0,0.2891,20.0591,1.2705,90.442,19.328,15.9235,B2,word_pos,garantir,V,garantir,VER
paroi,NOUN,B2,beacco,0.0,11.7748,0.2541,1.0395,0.753,0.0,101.8179,0.0,11.7748,0.5504,0.5213,0.7866,0.0,58.4378,0.0,6.9133,B2,word_pos,paroi,N,paroi,NOM
cardinal,NOUN,B2,beacco,0.0,11.4811,11.451,0.0,20.2012,0.0,0.0,0.0,11.4811,1.4639,0.0,22.4493,0.0,0.0,0.0,9.7774,B2,word_pos,cardinal,N,cardinal,NOM
comte,NOUN,B2,beacco,0.0,10.9028,0.0,0.0,41.9325,0.0,4.8126,6.4938,10.9028,0.0,0.0,41.9211,0.0,10.3269,12.833,12.3999,B2,word_pos,comte,N,comte,NOM
précéder,VERB,B2,beacco,0.0,10.824,0.2652,0.0,10.7774,0.0,103.7577,0.0,10.824,0.4856,0.0,11.8632,0.0,90.8893,0.0,10.1274,B2,word_pos,précéder,V,précéder,VER
exigeant,ADJ,B2,beacco,0.0,10.6668,0.0,0.3702,6.326,0.0,52.5187,100.8319,10.6668,0.0,0.0,5.0007,0.0,40.6321,77.4712,6.7395,B2,word_pos,exigeant,A,exigeant,ADJ
croyance,NOUN,B2,beacco,0.0,10.4859,0.0,0.0,37.9242,0.0,0.0,57.7365,10.4859,0.0,0.0,26.2295,0.0,0.0,57.984,8.0657,B2,word_pos,croyance,N,croyance,NOM
sagesse,NOUN,B2,beacco,0.0,10.2554,1.2043,2.5671,6.9665,0.0,39.395,6.4938,10.2554,0.7319,0.6228,13.3759,0.0,40.0479,12.833,10.6022,B2,word_pos,sagesse,N,sagesse,NOM
par,NOUN,B2,beacco,0.0,10.2413,2.2103,23.2627,6.5012,0.0,0.0,0.0,10.2413,0.0,4.4863,0.6378,0.0,0.0,0.0,1.3982,B2,word_pos,par,N,par,NOM
célibataire,NOUN,B2,beacco,0.0,10.2198,1.5075,1.2702,27.4987,0.0,0.0,0.0,10.2198,0.9051,0.0,23.9362,0.0,0.0,0.0,5.2298,B2,word_pos,célibataire,N,célibataire,NOM
centrale,NOUN,B2,beacco,0.0,10.021,0.0,0.8456,4.7355,0.0,6.2023,240.2702,10.021,0.0,0.6008,3.5822,0.0,0.0,243.8265,9.0628,B2,word_pos,centrale,N,centrale,NOM
opérateur,NOUN,B2,beacco,0.0,9.8782,0.2541,0.0,10.7126,0.0,24.3636,144.0568,9.8782,0.0,0.0,10.0131,0.0,20.6179,76.9978,7.7713,B2,word_pos,opérateur,N,opérateur,NOM
conclusion,NOUN,B2,beacco,0.0,9.869,5.9254,0.0,2.5197,0.0,75.6353,48.1138,9.869,7.2715,0.0,14.236,9.1403,94.8864,56.7717,17.9328,B2,word_pos,conclusion,N,conclusion,NOM
nécessiter,VERB,B2,beacco,0.0,9.8382,0.0,0.4234,8.1166,0.0,35.7275,86.9525,9.8382,0.0,0.4157,7.3526,0.0,51.9203,111.7223,12.2998,B2,word_pos,nécessiter,V,nécessiter,VER
méditerranéen,ADJ,B2,beacco,0.0,9.822,10.4148,0.2439,15.7663,0.0,27.7392,0.0,9.822,1.2635,0.4664,14.9089,0.0,41.2358,0.0,10.1152,B2,word_pos,méditerranéen,A,méditerranéen,ADJ
abeille,NOUN,B2,beacco,0.0,9.804,0.0,0.0,2.1533,0.0,15.1776,78.2294,9.804,0.0,0.0,2.9042,0.0,31.5653,48.2218,7.9511,B2,word_pos,abeille,N,abeille,NOM
jouir,VERB,B2,beacco,0.0,9.7163,0.0,0.7405,19.321,0.0,48.481,0.0,9.7163,0.0,0.606,20.877,0.0,54.0583,0.0,10.6305,B2,word_pos,jouir,V,jouir,VER
implantation,NOUN,B2,beacco,0.0,9.614,0.0,0.0,13.7275,0.0,18.7334,113.8624,9.614,0.0,0.0,15.8996,0.0,19.861,56.7717,8.3682,B2,word_pos,implantation,N,implantation,NOM
connecter,VERB,B2,beacco,0.0,9.5954,3.3104,0.0,27.39,0.0,9.3035,0.0,9.5954,1.2635,0.0,16.3494,2.2839,6.0005,0.0,8.2978,B2,word_pos,connecter,V,connecter,VER
liaison,NOUN,B2,beacco,0.0,9.4698,0.0,0.6418,18.7814,0.0,34.1127,0.0,9.4698,0.0,0.6228,12.0744,0.0,60.0046,0.0,11.5979,B2,word_pos,liaison,N,liaison,NOM
contrebandier,NOUN,B2,beacco,0.0,9.4312,0.0,13.1832,2.3103,0.0,0.0,0.0,9.4312,0.0,13.4494,1.3987,0.0,0.0,0.0,1.3947,B2,word_pos,contrebandier,N,contrebandier,NOM
dégât,NOUN,B2,beacco,0.0,9.2904,,,,,,,,0.0,0.0,13.6449,0.0,56.8202,12.833,9.2904,B2,beacco_only,,,dégât,NOM
locataire,NOUN,B2,beacco,0.0,9.182,0.4996,0.4879,29.6951,0.0,0.0,0.0,9.182,0.9464,0.4664,17.651,0.0,0.0,0.0,6.656,B2,word_pos,locataire,N,locataire,NOM
prévention,NOUN,B2,beacco,0.0,9.0998,0.0,0.2439,5.6897,0.0,59.0925,32.4689,9.0998,0.0,0.4664,3.7062,0.0,51.9203,12.833,7.2998,B2,word_pos,prévention,N,prévention,NOM
européen,NOUN,B2,beacco,0.0,9.0949,13.2217,0.2831,15.3022,0.0,0.0,19.4814,9.0949,0.0,0.0,10.2267,0.0,6.0005,0.0,3.0228,B2,word_pos,européen,N,européen,NOM
chapelle,NOUN,B2,beacco,0.0,8.9129,7.8027,0.4304,2.0483,0.0,19.2505,0.0,8.9129,7.132,0.3721,3.9548,0.0,10.3269,0.0,7.631,B2,word_pos,chapelle,N,chapelle,NOM
relais,NOUN,B2,beacco,0.0,8.8776,0.0,0.0618,0.6802,0.0,45.9504,136.4037,8.8776,0.0,0.1276,0.5857,0.0,19.861,0.0,1.4872,B2,word_pos,relais,N,relais,NOM
foire,NOUN,B2,beacco,0.0,8.8639,0.0,2.2214,25.1296,0.0,6.2023,0.0,8.8639,0.0,0.0,19.5574,0.0,6.0005,0.0,5.604,B2,word_pos,foire,N,foire,NOM
instituer,VERB,B2,beacco,0.0,8.7979,0.0,0.0,11.5802,0.0,50.677,19.2455,8.7979,0.0,0.0,7.7266,0.0,34.1646,19.328,5.9593,B2,word_pos,instituer,V,instituer,VER
diminution,NOUN,B2,beacco,0.0,8.7864,0.0,0.0,8.116,0.0,61.6012,28.8683,8.7864,0.0,0.0,6.2943,0.0,41.2358,19.328,6.0064,B2,word_pos,diminution,N,diminution,NOM
cérébral,ADJ,B2,beacco,0.0,8.7061,0.0,0.0,4.7127,0.0,6.1515,311.4535,8.7061,0.0,0.0,8.7123,0.0,4.139,482.6208,16.3307,B2,word_pos,cérébral,A,cérébral,ADJ
pétrole,NOUN,B2,beacco,0.0,8.609,0.0,0.2117,5.024,0.0,93.1321,0.0,8.609,0.0,0.4157,5.1837,0.0,157.558,0.0,12.9783,B2,word_pos,pétrole,N,pétrole,NOM
mobilisation,NOUN,B2,beacco,0.0,8.5746,0.0,0.0,27.9095,0.0,8.2019,9.6228,8.5746,0.0,0.0,24.2648,0.0,4.139,19.328,8.0846,B2,word_pos,mobilisation,N,mobilisation,NOM
virus,NOUN,B2,beacco,0.0,8.5549,0.0,0.0,0.2076,0.0,232.8385,0.0,8.5549,0.0,0.0,0.3906,0.0,230.7701,0.0,11.3178,B2,word_pos,virus,N,virus,NOM
exemplaire,ADJ,B2,beacco,0.0,8.5463,0.7967,2.803,1.753,0.0,57.8187,9.6228,8.5463,0.8346,0.0,2.9677,2.2839,31.3781,19.328,6.019,B2,word_pos,exemplaire,A,exemplaire,ADJ
démocratique,ADJ,B2,beacco,0.0,8.5374,0.0,0.0,4.8584,0.0,48.4951,116.5635,8.5374,0.0,0.0,5.1837,0.0,27.9938,95.2552,6.1601,B2,word_pos,démocratique,A,démocratique,ADJ
fourmi,NOUN,B2,beacco,0.0,8.4496,0.0,0.8456,11.8808,0.0,31.0115,0.0,8.4496,0.0,0.6008,5.8701,0.0,12.0009,0.0,3.9477,B2,word_pos,fourmi,N,fourmi,NOM
tribune,NOUN,B2,beacco,0.0,8.355,0.7967,0.3918,1.5952,0.0,39.395,57.7365,8.355,1.6691,0.1865,2.934,0.0,18.0014,38.656,6.4106,B2,word_pos,tribune,N,tribune,NOM
sphère,NOUN,B2,beacco,0.0,8.3407,0.0,0.0,2.6577,0.0,8.021,317.7594,8.3407,0.0,0.0,3.7375,0.0,6.8846,170.3152,7.5023,B2,word_pos,sphère,N,sphère,NOM
généraliser,VERB,B2,beacco,0.0,8.3195,0.5693,0.0,13.1452,0.0,25.7756,28.8683,8.3195,1.1764,0.0,12.895,0.0,40.0479,38.656,9.8458,B2,word_pos,généraliser,V,généraliser,VER
vice,NOUN,B2,beacco,0.0,8.2818,0.0,0.0,11.432,0.0,63.8141,0.0,8.2818,0.0,0.0,3.1652,0.0,26.3397,19.328,3.7401,B2,word_pos,vice,N,vice,NOM
affiner,VERB,B2,beacco,0.0,8.2729,0.0,0.2206,5.9801,0.0,42.058,45.4565,8.2729,0.0,0.2129,3.6369,0.0,20.6179,12.833,4.2342,B2,word_pos,affiner,V,affiner,VER
fréquence,NOUN,B2,beacco,0.0,8.2625,0.0,0.0,0.0,0.0,90.6262,126.3794,8.2625,0.0,0.0,0.0,0.0,98.2183,113.6757,5.255,B2,word_pos,fréquence,N,fréquence,NOM
délinquance,NOUN,B2,beacco,0.0,8.2615,0.0,0.0,6.3884,0.0,95.5326,0.0,8.2615,0.0,0.0,6.1126,0.0,55.2176,0.0,6.9884,B2,word_pos,délinquance,N,délinquance,NOM
cristal,NOUN,B2,beacco,0.0,8.2392,0.0,0.0944,0.0,0.0,117.7584,12.9876,8.2392,0.0,0.0,0.0,0.0,6.8846,12.833,0.9385,B2,word_pos,cristal,N,cristal,NOM
saint,NOUN,B2,beacco,0.0,8.2381,13.7752,5.0353,7.8472,0.0,12.4046,0.0,8.2381,0.0,0.0,3.5715,0.0,12.0009,0.0,2.1999,B2,word_pos,saint,N,saint,NOM
renouvelable,ADJ,B2,beacco,0.0,8.1897,0.0,0.0,4.3283,0.0,10.2669,181.8261,8.1897,0.0,0.0,1.866,0.0,20.6179,128.3297,6.7862,B2,word_pos,renouvelable,A,renouvelable,ADJ
fosse,NOUN,B2,beacco,0.0,8.1846,0.0,0.0,35.7501,0.0,9.3035,0.0,8.1846,0.0,0.0,23.5489,0.0,18.0014,0.0,5.0463,B2,word_pos,fosse,N,fosse,NOM
réforme,NOUN,B2,beacco,0.0,8.1542,0.0,0.0,26.2297,0.0,12.3029,0.0,8.1542,0.0,0.0,20.3626,0.0,8.2781,0.0,6.0032,B2,word_pos,réforme,N,réforme,NOM
insulter,VERB,B2,beacco,0.0,8.1374,1.1385,0.5054,10.3689,0.0,0.0,51.9503,8.1374,1.1764,0.5137,15.2294,0.0,3.4423,25.6659,9.4944,B2,word_pos,insulter,V,insulter,VER
balcon,NOUN,B2,beacco,0.0,8.0243,5.7255,0.6418,19.2099,0.0,1.6042,0.0,8.0243,7.5967,0.6228,22.734,0.0,3.4423,0.0,9.8977,B2,word_pos,balcon,N,balcon,NOM
décrypter,VERB,B2,beacco,0.0,7.7894,0.0,0.0,3.6124,0.0,73.5654,28.5334,7.7894,0.0,0.0,0.438,0.0,41.2358,56.7717,3.8233,B2,word_pos,décrypter,V,décrypter,VER
galop,NOUN,B2,beacco,0.0,7.7869,6.1602,0.0,17.4525,0.0,9.3035,0.0,7.7869,2.5037,0.0,20.0471,0.0,6.0005,0.0,7.2636,B2,word_pos,galop,N,galop,NOM
gratuitement,ADV,B2,beacco,0.0,7.6956,0.0,0.2439,25.4322,0.0,9.3035,0.0,7.6956,0.0,0.4664,12.2787,0.0,6.0005,0.0,4.7575,B2,word_pos,gratuitement,ADV,gratuitement,ADV
apparenter,VERB,B2,beacco,0.0,7.6878,0.0,0.0,12.982,0.0,19.6975,81.2491,7.6878,0.0,0.0,5.9101,0.0,20.024,86.9662,6.5796,B2,word_pos,apparenter,V,apparenter,VER
terrestre,ADJ,B2,beacco,0.0,7.6528,0.0,0.0,11.3027,0.0,34.062,28.8683,7.6528,0.0,0.0,5.5717,0.0,51.4303,19.328,6.3748,B2,word_pos,terrestre,A,terrestre,ADJ
organisateur,NOUN,B2,beacco,0.0,7.6078,0.0,12.9262,7.8556,0.0,2.0505,28.8683,7.6078,0.0,0.6228,3.7679,0.0,4.139,19.328,3.6195,B2,word_pos,organisateur,N,organisateur,NOM
mécanique,NOUN,B2,beacco,0.0,7.5452,0.0,0.2599,10.627,0.0,37.9244,9.6228,7.5452,0.0,0.5213,14.5044,0.0,12.0009,19.328,7.278,B2,word_pos,mécanique,N,mécanique,NOM
tirage,NOUN,B2,beacco,0.0,7.5292,4.9957,0.4879,12.6738,0.0,1.6042,0.0,7.5292,1.8928,0.4664,7.2096,0.0,3.4423,0.0,5.4643,B2,word_pos,tirage,N,tirage,NOM
acquisition,NOUN,B2,beacco,0.0,7.5268,0.0,1.2702,7.0829,0.0,18.4544,12.9876,7.5268,0.0,0.4157,0.8759,0.0,24.8342,25.6659,5.6182,B2,word_pos,acquisition,N,acquisition,NOM
fragile,ADJ,B2,beacco,0.0,7.5243,0.0,0.7405,13.7761,0.0,24.8092,0.0,7.5243,0.0,0.606,7.5228,0.0,18.0014,0.0,5.2612,B2,word_pos,fragile,A,fragile,ADJ
amende,NOUN,B2,beacco,0.0,7.5117,1.3242,0.6418,16.4589,0.0,18.6069,0.0,7.5117,1.2635,0.6228,24.4448,0.0,18.0014,0.0,12.6784,B2,word_pos,amende,N,amende,NOM
dépôt,NOUN,B2,beacco,0.0,7.5098,0.0,0.0,17.3201,0.0,41.5144,0.0,7.5098,0.0,0.0,14.7245,0.0,46.7967,0.0,7.7332,B2,word_pos,dépôt,N,dépôt,NOM
savoir-faire,NOUN,B2,beacco,0.0,7.505,,,,,,,,0.0,0.0,15.0903,0.0,49.5147,0.0,7.505,B2,beacco_only,,,savoir-faire,NOM
fixement,ADV,B2,beacco,0.0,7.5004,0.0,0.8468,25.9545,0.0,0.0,0.0,7.5004,0.0,0.4157,23.9011,0.0,0.0,0.0,7.0634,B2,word_pos,fixement,ADV,fixement,ADV
conjugal,ADJ,B2,beacco,0.0,7.4697,0.0,0.0,3.7893,0.0,41.0361,115.0793,7.4697,0.0,0.0,5.5016,0.0,60.4644,138.6137,9.7101,B2,word_pos,conjugal,A,conjugal,ADJ
annuler,VERB,B2,beacco,0.0,7.4655,0.8137,1.2835,14.4992,0.0,3.2084,0.0,7.4655,1.6151,0.6228,17.5724,0.0,3.4423,0.0,7.9352,B2,word_pos,annuler,V,annuler,VER
réflexe,NOUN,B2,beacco,0.0,7.4377,0.0,0.1235,0.2366,0.0,85.7549,32.4689,7.4377,0.0,0.2552,3.5301,0.0,63.3793,12.833,4.6044,B2,word_pos,réflexe,N,réflexe,NOM
chirurgie,NOUN,B2,beacco,0.0,7.4358,0.0,0.0,4.2551,0.0,62.023,6.4938,7.4358,0.0,0.0,11.1737,0.0,30.0023,12.833,7.4829,B2,word_pos,chirurgie,N,chirurgie,NOM
symptôme,NOUN,B2,beacco,0.0,7.4334,0.0,0.0948,23.7106,0.0,9.3035,0.0,7.4334,0.0,0.2065,17.8249,0.0,12.0009,0.0,6.4091,B2,word_pos,symptôme,N,symptôme,NOM
plantation,NOUN,B2,beacco,0.0,7.4175,0.0,0.0944,25.4616,0.0,2.0505,9.6228,7.4175,0.0,0.1937,24.6623,0.0,4.139,19.328,9.4341,B2,word_pos,plantation,N,plantation,NOM
immeuble,ADJ,B2,beacco,0.0,7.3915,2.01,28.3148,0.3618,0.0,0.0,0.0,7.3915,0.0,0.5137,0.3906,0.911,0.0,0.0,1.4455,B2,word_pos,immeuble,A,immeuble,ADJ
émergence,NOUN,B2,beacco,0.0,7.3758,0.0,0.0,0.5833,0.0,96.2759,28.5334,7.3758,0.0,0.0,0.5531,0.0,101.408,56.7717,6.9737,B2,word_pos,émergence,N,émergence,NOM
ludique,ADJ,B2,beacco,0.0,7.2464,0.0,0.0,4.2114,0.0,8.021,152.5583,7.2464,0.0,0.0,6.3625,0.0,6.8846,52.5084,5.3684,B2,word_pos,ludique,A,ludique,ADJ
troupeau,NOUN,B2,beacco,0.0,7.2382,1.2043,0.5897,11.4325,0.0,15.5058,0.0,7.2382,0.7319,0.6111,14.8434,0.0,6.0005,0.0,6.3903,B2,word_pos,troupeau,N,troupeau,NOM
survenir,VERB,B2,beacco,0.0,7.2271,0.0,0.0,3.7685,0.0,72.9017,19.2455,7.2271,0.0,0.0,7.2374,0.0,72.1618,19.328,7.9709,B2,word_pos,survenir,V,survenir,VER
hectare,NOUN,B2,beacco,0.0,7.2125,0.7622,0.3209,5.789,0.0,55.8167,0.0,7.2125,0.5504,0.6228,8.1088,0.0,75.5206,0.0,10.2046,B2,word_pos,hectare,N,hectare,NOM
journalisme,NOUN,B2,beacco,0.0,7.1694,3.6199,0.2527,7.8911,0.0,0.0,100.8319,7.1694,7.354,0.5137,7.3542,0.0,0.0,113.6757,8.6427,B2,word_pos,journalisme,N,journalisme,NOM
antenne,NOUN,B2,beacco,0.0,7.1488,0.0,0.0,0.2405,0.0,54.7585,224.3216,7.1488,0.0,0.0,0.4665,0.0,48.0037,76.9978,8.0514,B2,word_pos,antenne,N,antenne,NOM
ravir,VERB,B2,beacco,0.0,7.1362,0.0,0.2117,15.6821,0.0,19.6975,6.4938,7.1362,0.0,0.4157,22.3903,0.0,20.024,12.833,9.7561,B2,word_pos,ravir,V,ravir,VER
index,NOUN,B2,beacco,0.0,7.0775,0.0,0.0,0.1507,0.0,96.9524,19.4814,7.0775,0.0,0.0,0.3059,0.0,50.0526,12.833,4.451,B2,word_pos,index,N,index,NOM
mantille,NOUN,B2,beacco,0.0,7.013,0.0,14.6834,4.5568,0.0,0.0,0.0,7.013,0.0,7.0787,1.865,0.0,0.0,0.0,1.0042,B2,word_pos,mantille,N,mantille,NOM
absent,ADJ,B2,beacco,0.0,6.9963,0.3983,0.7796,1.3603,0.0,66.2281,0.0,6.9963,0.8346,0.5213,1.757,0.0,40.1357,0.0,5.6672,B2,word_pos,absent,A,absent,ADJ
éditer,VERB,B2,beacco,0.0,6.9526,0.0,0.1887,4.8024,0.0,33.8984,57.7365,6.9526,0.0,0.1937,3.6423,0.0,41.1274,56.7717,7.1818,B2,word_pos,éditer,V,éditer,VER
prédire,VERB,B2,beacco,0.0,6.8922,0.0,0.0,7.8571,0.0,65.6657,0.0,6.8922,0.0,0.0,11.8751,0.0,57.1082,0.0,7.7961,B2,word_pos,prédire,V,prédire,VER
substance,NOUN,B2,beacco,0.0,6.866,1.5075,0.0,4.7789,0.0,43.4161,0.0,6.866,0.9051,0.0,3.1652,0.0,42.0032,0.0,6.4743,B2,word_pos,substance,N,substance,NOM
attachant,ADJ,B2,beacco,0.0,6.8511,0.0,0.7405,15.6258,0.0,8.021,0.0,6.8511,0.0,0.606,3.5301,0.0,6.8846,0.0,3.1611,B2,word_pos,attachant,A,attachant,ADJ
accession,NOUN,B2,beacco,0.0,6.8372,0.0,1.2702,6.5945,0.0,0.0,105.8503,6.8372,0.0,0.0,3.5822,0.0,0.0,38.656,2.2078,B2,word_pos,accession,N,accession,NOM
préjugé,NOUN,B2,beacco,0.0,6.8244,0.0,0.4879,3.3084,0.0,50.3172,9.6228,6.8244,0.0,0.4664,3.4846,0.0,53.0122,19.328,7.8966,B2,word_pos,préjugé,N,préjugé,NOM
régner,VERB,B2,beacco,0.0,6.823,0.4014,0.7796,21.1276,0.0,0.0,0.0,6.823,0.7319,0.5213,21.6782,0.0,0.0,0.0,7.1349,B2,word_pos,régner,V,régner,VER
dialoguer,VERB,B2,beacco,0.0,6.7974,0.0,0.2527,23.8247,0.0,0.0,19.2455,6.7974,0.0,0.5137,11.8891,0.0,0.0,38.656,6.2502,B2,word_pos,dialoguer,V,dialoguer,VER
insecte,NOUN,B2,beacco,0.0,6.7965,0.0,0.6342,9.3266,0.0,0.0,22.6453,6.7965,0.0,0.6008,14.6821,0.0,0.0,16.0739,7.6644,B2,word_pos,insecte,N,insecte,NOM
suisse,ADJ,B2,beacco,0.0,6.7728,7.2829,4.0477,5.7465,0.0,1.6042,0.0,6.7728,3.7906,0.5781,4.9077,0.0,3.4423,0.0,5.233,B2,word_pos,suisse,A,suisse,ADJ
julien,ADJ,B2,beacco,0.0,6.7162,33.0361,0.0,4.5139,0.0,0.0,0.0,6.7162,0.6291,0.0,0.2504,0.0,0.0,0.0,0.5861,B2,word_pos,julien,A,julien,ADJ
visiblement,ADV,B2,beacco,0.0,6.6668,0.0,0.2117,8.7971,0.0,45.3131,0.0,6.6668,0.0,0.4157,10.1426,0.0,49.1091,0.0,7.926,B2,word_pos,visiblement,ADV,visiblement,ADV
liquide,ADJ,B2,beacco,0.0,6.6319,0.5025,0.0944,0.0,0.0,88.2831,0.0,6.6319,0.9051,0.1937,0.0,0.0,89.0767,0.0,7.5409,B2,word_pos,liquide,A,liquide,ADJ
héritier,NOUN,B2,beacco,0.0,6.5386,0.5025,1.4809,10.7581,0.0,0.0,28.8683,6.5386,0.0,0.606,17.2495,0.0,3.4423,19.328,6.9498,B2,word_pos,héritier,N,héritier,NOM
descente,NOUN,B2,beacco,0.0,6.4751,0.0,0.0,12.4298,0.0,31.0115,0.0,6.4751,0.0,0.6228,20.3732,0.0,24.0018,0.0,8.549,B2,word_pos,descente,N,descente,NOM
majoritairement,ADV,B2,beacco,0.0,6.4011,0.0,0.0,9.9476,0.0,29.1381,19.2455,6.4011,0.0,0.0,4.8809,0.0,29.205,19.328,4.753,B2,word_pos,majoritairement,ADV,majoritairement,ADV
sensiblement,ADV,B2,beacco,0.0,6.2677,0.0,0.0,11.9377,0.0,25.3674,19.2455,6.2677,0.0,0.0,7.8476,0.0,20.024,19.328,4.52,B2,word_pos,sensiblement,ADV,sensiblement,ADV
saut,NOUN,B2,beacco,0.0,6.2595,0.5304,2.0176,16.2043,0.0,0.0,0.0,6.2595,0.4856,0.1865,11.301,0.0,0.0,0.0,4.4725,B2,word_pos,saut,N,saut,NOM
archéologique,ADJ,B2,beacco,0.0,6.2384,7.0922,0.2114,10.3655,0.0,3.1012,0.0,6.2384,7.1602,0.6008,9.8724,0.0,6.0005,0.0,6.1112,B2,word_pos,archéologique,A,archéologique,ADJ
mineur,NOUN,B2,beacco,0.0,6.2218,0.0,0.3702,37.6506,0.0,9.3035,0.0,6.2218,0.0,0.606,18.091,0.0,4.139,0.0,4.6987,B2,word_pos,mineur,N,mineur,NOM
label,NOUN,B2,beacco,0.0,6.2102,0.5304,0.0,3.8909,0.0,36.9088,0.0,6.2102,0.4856,0.0,5.3066,0.0,37.2512,0.0,7.568,B2,word_pos,label,N,label,NOM
cible,NOUN,B2,beacco,0.0,6.1918,0.0,0.7581,8.0418,0.0,29.6447,0.0,6.1918,0.0,0.5137,7.6378,0.0,39.7963,0.0,6.9849,B2,word_pos,cible,N,cible,NOM
chrétien,ADJ,B2,beacco,0.0,6.1691,0.5025,2.8783,5.4965,0.0,12.3029,0.0,6.1691,0.9051,0.6228,7.1182,0.0,12.4171,0.0,6.5026,B2,word_pos,chrétien,A,chrétien,ADJ
idéologie,NOUN,B2,beacco,0.0,6.1671,0.0,0.0,10.5596,0.0,12.3029,28.5334,6.1671,0.0,0.0,7.7393,0.0,8.2781,56.7717,5.0283,B2,word_pos,idéologie,N,idéologie,NOM
naïf,ADJ,B2,beacco,0.0,6.145,2.01,0.6418,6.1088,0.0,21.7081,0.0,6.145,0.9051,0.6228,3.5822,0.0,12.0009,0.0,4.4895,B2,word_pos,naïf,A,naïf,ADJ
déterminé,ADJ,B2,beacco,0.0,6.1075,0.0,0.0,11.3566,0.0,24.7899,19.2455,6.1075,0.0,0.0,6.895,0.0,0.0,0.0,1.2828,B2,word_pos,déterminé,A,déterminé,ADJ
synthèse,NOUN,B2,beacco,0.0,6.1028,0.0,0.0,0.0698,0.0,97.2656,4.1173,6.1028,0.0,0.0,0.1219,0.0,121.9662,4.0185,8.0394,B2,word_pos,synthèse,N,synthèse,NOM
vitalité,NOUN,B2,beacco,0.0,6.076,2.01,0.0,6.5834,0.0,24.3636,19.2455,6.076,0.9051,0.0,1.1062,0.0,20.6179,19.328,3.6725,B2,word_pos,vitalité,N,vitalité,NOM
sophistiquer,VERB,B2,beacco,0.0,6.0712,0.0,0.8456,1.2455,0.0,55.1534,0.0,6.0712,0.0,0.0,0.0,0.0,20.024,0.0,0.7219,B2,word_pos,sophistiquer,V,sophistiquer,VER
savant,ADJ,B2,beacco,0.0,6.0551,0.0,0.0,18.9696,0.0,9.3035,9.6228,6.0551,0.0,0.0,19.9413,0.0,6.0005,19.328,6.4249,B2,word_pos,savant,A,savant,ADJ
lectorat,NOUN,B2,beacco,0.0,6.0168,0.0,0.0,14.7483,0.0,0.0,76.982,6.0168,0.0,0.0,6.0765,0.0,0.0,57.984,3.9993,B2,word_pos,lectorat,N,lectorat,NOM
règlement,NOUN,B2,beacco,0.0,5.9851,0.8215,1.4809,4.4554,0.0,19.6975,0.0,5.9851,0.5987,0.606,3.4688,0.0,20.024,0.0,4.0343,B2,word_pos,règlement,N,règlement,NOM
cognitif,ADJ,B2,beacco,0.0,5.9668,0.0,0.0,0.2076,0.0,0.0,283.1992,5.9668,0.0,0.0,0.3906,0.0,0.0,375.0747,8.7056,B2,word_pos,cognitif,A,cognitif,ADJ
torture,NOUN,B2,beacco,0.0,5.9656,0.0,0.9626,8.2596,0.0,24.6958,0.0,5.9656,0.0,0.6228,7.2507,0.0,36.8208,0.0,6.4079,B2,word_pos,torture,N,torture,NOM
collaborateur,NOUN,B2,beacco,0.0,5.9592,4.8822,0.3702,14.8609,0.0,0.0,0.0,5.9592,2.4226,0.606,17.0466,0.0,0.0,0.0,6.3287,B2,word_pos,collaborateur,N,collaborateur,NOM
carnaval,NOUN,B2,beacco,0.0,5.9451,9.5245,0.1235,7.1477,0.0,0.0,0.0,5.9451,7.0309,0.1276,3.4815,0.0,0.0,0.0,2.9835,B2,word_pos,carnaval,N,carnaval,NOM
pacte,NOUN,B2,beacco,0.0,5.9288,0.0,1.6935,2.8944,0.0,6.2023,57.7365,5.9288,0.0,0.4157,1.2756,0.0,6.0005,77.312,4.4134,B2,word_pos,pacte,N,pacte,NOM
gémir,VERB,B2,beacco,0.0,5.8904,0.0,0.4234,11.886,0.0,15.5058,0.0,5.8904,0.0,0.4157,12.5049,0.0,6.0005,0.0,4.7581,B2,word_pos,gémir,V,gémir,VER
conservatoire,NOUN,B2,beacco,0.0,5.8847,0.0,0.0,26.9134,0.0,0.0,9.6228,5.8847,0.0,0.0,14.8903,0.0,0.0,38.656,5.0524,B2,word_pos,conservatoire,N,conservatoire,NOM
malin,ADJ,B2,beacco,0.0,5.7912,7.6622,0.3702,11.2723,0.0,0.0,0.0,5.7912,0.5504,0.606,17.1871,0.0,0.0,0.0,6.9168,B2,word_pos,malin,A,malin,ADJ
bénéfique,ADJ,B2,beacco,0.0,5.7855,0.0,0.7405,6.3327,0.0,0.0,107.2896,5.7855,0.0,0.606,3.5715,0.0,0.0,56.7717,3.5807,B2,word_pos,bénéfique,A,bénéfique,ADJ
manuscrit,NOUN,B2,beacco,0.0,5.7624,0.0,0.0,4.3694,0.0,55.8207,0.0,5.7624,0.0,0.0,3.657,0.0,66.0051,0.0,7.1108,B2,word_pos,manuscrit,N,manuscrit,NOM
irruption,NOUN,B2,beacco,0.0,5.7502,0.0,0.0,17.9129,0.0,0.0,45.4565,5.7502,0.0,0.0,14.7332,0.0,0.0,38.4989,5.6466,B2,word_pos,irruption,N,irruption,NOM
recommandation,NOUN,B2,beacco,0.0,5.7244,0.5025,0.0618,12.0011,0.0,14.569,0.0,5.7244,0.0,0.1276,7.5517,0.0,29.205,0.0,4.2347,B2,word_pos,recommandation,N,recommandation,NOM
exploitation,NOUN,B2,beacco,0.0,5.6874,0.0,0.0,4.8619,0.0,33.7847,28.5334,5.6874,0.0,0.0,3.5957,0.0,27.9938,56.7717,4.5483,B2,word_pos,exploitation,N,exploitation,NOM
injection,NOUN,B2,beacco,0.0,5.6829,0.0,0.0,0.0908,0.0,75.4752,28.8683,5.6829,0.0,0.0,0.2504,0.0,66.9321,38.656,5.1716,B2,word_pos,injection,N,injection,NOM
hâte,NOUN,B2,beacco,0.0,5.6535,0.0,0.9757,18.5046,0.0,0.0,0.0,5.6535,0.0,0.4664,10.968,0.0,0.0,0.0,3.5779,B2,word_pos,hâte,N,hâte,NOM
correspondant,NOUN,B2,beacco,0.0,5.6526,1.3262,0.2599,11.8207,0.0,0.0,6.4938,5.6526,2.7364,0.5213,7.0308,0.0,0.0,0.0,4.3784,B2,word_pos,correspondant,N,correspondant,NOM
inonder,VERB,B2,beacco,0.0,5.6507,0.5727,0.0,21.2035,0.0,3.1012,0.0,5.6507,1.1556,0.0,14.0133,0.0,6.0005,0.0,5.913,B2,word_pos,inonder,V,inonder,VER
équilibrer,VERB,B2,beacco,0.0,5.6478,2.4979,0.0944,0.7236,0.0,13.3747,45.4565,5.6478,0.9464,0.1937,3.7679,0.911,27.403,12.833,7.6974,B2,word_pos,équilibrer,V,équilibrer,VER
cardiaque,ADJ,B2,beacco,0.0,5.6011,0.0,0.2527,4.4381,0.0,12.4046,116.8882,5.6011,0.0,0.5137,3.5101,0.0,6.0005,64.1649,6.1855,B2,word_pos,cardiaque,A,cardiaque,ADJ
sain,ADJ,B2,beacco,0.0,5.5908,0.0,0.0,21.7495,0.0,0.0,19.2455,5.5908,0.0,0.0,20.8226,0.0,0.0,38.656,6.4347,B2,word_pos,sain,A,sain,ADJ
temporaire,ADJ,B2,beacco,0.0,5.5856,0.7622,0.0,16.9898,0.0,0.0,28.8683,5.5856,0.5504,0.0,12.3552,0.0,0.0,38.656,4.8324,B2,word_pos,temporaire,A,temporaire,ADJ
engin,NOUN,B2,beacco,0.0,5.576,0.0,1.4809,8.508,0.0,8.021,0.0,5.576,0.0,0.606,4.8003,0.0,10.3269,0.0,3.6319,B2,word_pos,engin,N,engin,NOM
soupçonner,VERB,B2,beacco,0.0,5.5547,1.2043,0.7318,0.4809,0.0,6.2023,81.2491,5.5547,0.7319,0.4664,0.933,0.0,6.0005,56.7717,4.5849,B2,word_pos,soupçonner,V,soupçonner,VER
progressif,ADJ,B2,beacco,0.0,5.524,0.0,0.0,2.8649,0.0,30.8753,72.0284,5.524,0.0,0.0,3.5822,0.0,36.8208,111.7223,6.8079,B2,word_pos,progressif,A,progressif,ADJ
adoption,NOUN,B2,beacco,0.0,5.4648,0.0,0.0,1.3603,0.0,85.7489,0.0,5.4648,0.0,0.0,0.5857,0.0,80.2715,0.0,4.5687,B2,word_pos,adoption,N,adoption,NOM
ampleur,NOUN,B2,beacco,0.0,5.3999,0.0,0.0,1.4582,0.0,34.728,48.0277,5.3999,0.0,0.0,0.5531,0.0,49.0825,77.4712,4.636,B2,word_pos,ampleur,N,ampleur,NOM
aire,NOUN,B2,beacco,0.0,5.3782,0.0,0.2117,5.9295,0.0,0.0,87.2204,5.3782,0.0,0.0,0.7812,0.0,0.0,19.328,0.6588,B2,word_pos,aire,N,aire,NOM
occasionnel,ADJ,B2,beacco,0.0,5.3596,0.0,0.0,9.2234,0.0,24.3636,12.9876,5.3596,0.0,0.0,8.8432,0.0,20.6179,12.833,4.9465,B2,word_pos,occasionnel,A,occasionnel,ADJ
pétition,NOUN,B2,beacco,0.0,5.3499,0.0,0.0,23.991,0.0,0.0,9.6228,5.3499,0.0,0.0,19.969,0.0,0.0,0.0,4.0733,B2,word_pos,pétition,N,pétition,NOM
migrateur,ADJ,B2,beacco,0.0,5.3416,0.0,0.0,11.4921,0.0,24.8092,0.0,5.3416,0.0,0.0,6.808,0.0,24.0018,0.0,4.6638,B2,word_pos,migrateur,A,migrateur,ADJ
socialiste,ADJ,B2,beacco,0.0,5.2908,0.0,0.0,14.569,0.0,4.101,12.9876,5.2908,0.0,0.0,7.6169,0.0,8.2781,25.6659,4.4369,B2,word_pos,socialiste,A,socialiste,ADJ
emballage,NOUN,B2,beacco,0.0,5.2707,0.0,0.6619,12.8197,0.0,1.6042,0.0,5.2707,0.0,0.2129,4.7816,0.0,3.4423,0.0,3.0317,B2,word_pos,emballage,N,emballage,NOM
exécuter,VERB,B2,beacco,0.0,5.2683,0.0,0.8456,10.8472,0.0,15.6669,0.0,5.2683,0.0,0.6008,13.5535,0.0,20.024,0.0,6.324,B2,word_pos,exécuter,V,exécuter,VER
mobilier,NOUN,B2,beacco,0.0,5.2634,0.0,0.4879,7.1168,0.0,4.8126,19.2455,5.2634,0.0,0.4664,5.3066,0.0,6.8846,19.328,4.9005,B2,word_pos,mobilier,N,mobilier,NOM
démarrer,VERB,B2,beacco,0.0,5.2284,0.0,0.7405,1.4473,0.0,53.7297,0.0,5.2284,0.0,0.606,2.8865,0.0,40.6321,0.0,5.2306,B2,word_pos,démarrer,V,démarrer,VER
piano,NOUN,B2,beacco,0.0,5.2238,3.6481,0.3209,13.6994,0.0,0.0,0.0,5.2238,7.18,0.6228,5.0876,0.0,0.0,0.0,3.8763,B2,word_pos,piano,N,piano,NOM
délit,NOUN,B2,beacco,0.0,5.2195,0.0,0.0,6.9077,0.0,47.1826,0.0,5.2195,0.0,0.0,15.4762,0.0,20.6179,0.0,5.2646,B2,word_pos,délit,N,délit,NOM
charte,NOUN,B2,beacco,0.0,5.2156,0.0,0.0,1.58,0.0,3.2084,174.5447,5.2156,0.0,0.0,14.7808,2.2839,3.4423,51.3319,9.9532,B2,word_pos,charte,N,charte,NOM
amical,ADJ,B2,beacco,0.0,5.1645,0.0,0.9757,7.2706,0.0,18.6069,0.0,5.1645,0.0,0.4664,10.0069,0.0,12.0009,0.0,5.0716,B2,word_pos,amical,A,amical,ADJ
inventeur,NOUN,B2,beacco,0.0,5.1376,0.0,1.1107,13.385,0.0,3.2084,0.0,5.1376,0.0,0.606,10.8877,0.0,6.8846,0.0,6.2206,B2,word_pos,inventeur,N,inventeur,NOM
poudre,NOUN,B2,beacco,0.0,5.118,0.0,0.0,8.5945,0.0,19.6566,4.1173,5.118,0.0,0.0,16.754,0.0,20.6179,4.0185,6.598,B2,word_pos,poudre,N,poudre,NOM
concurrencer,VERB,B2,beacco,0.0,5.0879,1.3242,0.0,1.474,0.0,12.8336,28.8683,5.0879,1.2635,0.0,2.9063,0.0,6.8846,19.328,4.1337,B2,word_pos,concurrencer,V,concurrencer,VER
sanction,NOUN,B2,beacco,0.0,5.0665,0.0,0.0,16.7611,0.0,6.2023,28.8683,5.0665,0.0,0.0,9.1576,0.0,6.0005,19.328,4.5739,B2,word_pos,sanction,N,sanction,NOM
certificat,NOUN,B2,beacco,0.0,5.058,0.0,0.0,13.8528,0.0,0.0,38.9627,5.058,0.0,0.0,15.5088,0.0,0.0,38.4989,5.8157,B2,word_pos,certificat,N,certificat,NOM
persan,NOUN,B2,beacco,0.0,5.0465,0.0,0.0,26.969,0.0,0.0,0.0,5.0465,0.0,0.0,11.625,0.0,0.0,0.0,1.0798,B2,word_pos,persan,N,persan,NOM
revendre,VERB,B2,beacco,0.0,5.0347,21.8884,0.0,7.202,0.0,0.0,0.0,5.0347,7.18,0.0,7.371,0.0,0.0,0.0,3.7403,B2,word_pos,revendre,V,revendre,VER
guetter,VERB,B2,beacco,0.0,5.03,0.0,0.3209,2.9065,0.0,49.4289,0.0,5.03,0.0,0.6228,3.5861,0.0,41.1274,0.0,5.2732,B2,word_pos,guetter,V,guetter,VER
parfumeur,NOUN,B2,beacco,0.0,5.0267,0.0,0.0,0.0,0.0,37.2138,117.1382,5.0267,0.0,0.0,0.0,0.0,66.0051,12.0555,5.5263,B2,word_pos,parfumeur,N,parfumeur,NOM
commercialiser,VERB,B2,beacco,0.0,5.0089,2.0342,0.0,0.6228,0.0,65.8094,0.0,5.0089,0.8075,0.0,0.3906,0.0,80.2715,0.0,5.8376,B2,word_pos,commercialiser,V,commercialiser,VER
tentation,NOUN,B2,beacco,0.0,4.9982,0.0,0.6418,0.0908,0.0,29.6447,28.5334,4.9982,0.0,0.6228,0.2504,0.0,27.9938,56.7717,4.4407,B2,word_pos,tentation,N,tentation,NOM
compagne,NOUN,B2,beacco,0.0,4.996,0.0,0.0,6.7792,0.0,24.8092,9.6228,4.996,0.0,0.0,7.7266,0.0,24.0018,19.328,5.3057,B2,word_pos,compagne,N,compagne,NOM
archéologie,NOUN,B2,beacco,0.0,4.9767,12.2599,0.0,4.8169,0.0,18.6069,0.0,4.9767,1.1008,0.0,3.6187,0.0,12.0009,0.0,2.3282,B2,word_pos,archéologie,N,archéologie,NOM
piqûre,NOUN,B2,beacco,0.0,4.9657,0.0,0.0,1.6133,0.0,63.965,0.0,4.9657,0.0,0.0,3.1354,0.0,58.4378,0.0,5.1646,B2,word_pos,piqûre,N,piqûre,NOM
modique,ADJ,B2,beacco,0.0,4.9614,0.0,0.0618,12.6826,0.0,15.7275,0.0,4.9614,0.0,0.1276,6.6448,0.0,20.6179,0.0,3.1891,B2,word_pos,modique,A,modique,ADJ
ozone,NOUN,B2,beacco,0.0,4.9575,0.0,0.0618,8.1935,0.0,12.3029,0.0,4.9575,0.0,0.2552,3.5301,0.0,8.2781,0.0,1.8331,B2,word_pos,ozone,N,ozone,NOM
shopping,NOUN,B2,beacco,0.0,4.9511,1.4987,0.6351,7.5955,0.0,1.6042,0.0,4.9511,0.9464,0.4157,0.185,0.0,3.4423,0.0,2.3667,B2,word_pos,shopping,N,shopping,NOM
présidentiel,ADJ,B2,beacco,0.0,4.9437,0.4996,0.2527,3.7826,0.0,27.7392,0.0,4.9437,0.9464,0.5137,7.3674,0.0,20.6179,0.0,6.2267,B2,word_pos,présidentiel,A,présidentiel,ADJ
manoeuvre,NOUN,B2,beacco,0.0,4.9166,0.5025,0.0,8.1072,0.0,24.3636,0.0,4.9166,0.0,0.0,9.4164,0.0,20.6179,0.0,3.9053,B2,word_pos,manoeuvre,N,manoeuvre,NOM
adolescence,NOUN,B2,beacco,0.0,4.8818,0.0,0.7405,11.3455,0.0,9.3035,0.0,4.8818,0.0,0.606,10.079,0.0,6.0005,0.0,4.1797,B2,word_pos,adolescence,N,adolescence,NOM
parité,NOUN,B2,beacco,0.0,4.8667,0.0,0.0,10.144,0.0,6.2023,32.4689,4.8667,0.0,0.0,6.1023,0.0,12.0009,25.6659,5.186,B2,word_pos,parité,N,parité,NOM
alternative,NOUN,B2,beacco,0.0,4.8601,0.0,0.0,0.7236,0.0,52.1857,6.176,4.8601,0.0,0.0,0.6378,0.0,55.9876,44.6051,5.3971,B2,word_pos,alternative,N,alternative,NOM
croisade,NOUN,B2,beacco,0.0,4.8543,0.7967,0.0,1.656,0.0,1.6042,69.3619,4.8543,0.8346,0.0,0.8759,0.0,3.4423,56.7717,3.7189,B2,word_pos,croisade,N,croisade,NOM
chevaucher,VERB,B2,beacco,0.0,4.8295,6.9807,0.6456,5.2056,0.0,0.0,0.0,4.8295,0.8346,0.5581,3.1766,0.0,0.0,0.0,2.1765,B2,word_pos,chevaucher,V,chevaucher,VER
tremper,VERB,B2,beacco,0.0,4.7912,0.0,0.4228,18.5925,0.0,0.0,0.0,4.7912,0.0,0.6008,23.653,0.0,0.0,0.0,6.1574,B2,word_pos,tremper,V,tremper,VER
dédier,VERB,B2,beacco,0.0,4.7808,0.0,0.0,6.6646,0.0,16.8923,38.491,4.7808,0.0,0.0,7.7266,0.0,20.6179,38.656,5.2464,B2,word_pos,dédier,V,dédier,VER
orientation,NOUN,B2,beacco,0.0,4.7801,0.2541,0.0,0.0,0.0,47.2706,32.4689,4.7801,0.5504,0.0,0.0,0.0,60.4644,38.4989,4.6586,B2,word_pos,orientation,N,orientation,NOM
supplice,NOUN,B2,beacco,0.0,4.7729,1.9917,0.0,8.8184,0.0,6.2023,0.0,4.7729,1.6691,0.0,9.183,0.0,6.0005,0.0,4.5478,B2,word_pos,supplice,N,supplice,NOM
discothèque,NOUN,B2,beacco,0.0,4.7668,0.8841,1.7075,1.3147,0.0,8.021,0.0,4.7668,0.9121,0.4664,2.4816,0.0,3.4423,0.0,2.8131,B2,word_pos,discothèque,N,discothèque,NOM
continuel,ADJ,B2,beacco,0.0,4.7462,0.0,0.7405,9.2634,0.0,12.4046,0.0,4.7462,0.0,0.606,7.6204,0.0,12.0009,0.0,4.4401,B2,word_pos,continuel,A,continuel,ADJ
portugais,NOUN,B2,beacco,0.0,4.7387,7.5288,0.0944,0.0,0.0,0.0,115.473,4.7387,1.1764,0.1937,0.0,0.0,0.0,57.984,2.6467,B2,word_pos,portugais,N,portugais,NOM
anecdote,NOUN,B2,beacco,0.0,4.7351,0.0,0.6418,8.1066,0.0,19.6975,0.0,4.7351,0.0,0.6228,11.7352,0.0,20.024,0.0,5.9464,B2,word_pos,anecdote,N,anecdote,NOM
injecter,VERB,B2,beacco,0.0,4.7142,0.0,0.0,0.0,0.0,84.116,19.2455,4.7142,0.0,0.0,0.0,0.0,61.8536,19.328,2.8364,B2,word_pos,injecter,V,injecter,VER
manipulation,NOUN,B2,beacco,0.0,4.6766,0.0,0.9626,0.5833,0.0,19.6566,39.7676,4.6766,0.0,0.6228,1.1062,0.0,27.9938,43.8345,5.8062,B2,word_pos,manipulation,N,manipulation,NOM
complexité,NOUN,B2,beacco,0.0,4.6607,0.0,0.3702,0.4732,0.0,10.2524,51.5201,4.6607,0.0,0.606,0.438,0.0,8.2781,93.687,4.9964,B2,word_pos,complexité,N,complexité,NOM
opportunité,NOUN,B2,beacco,0.0,4.6434,0.0,0.0,10.8113,0.0,18.6069,0.0,4.6434,0.0,0.0,12.3552,0.0,6.0005,0.0,3.573,B2,word_pos,opportunité,N,opportunité,NOM
impasse,NOUN,B2,beacco,0.0,4.6305,0.0,0.0,12.0247,0.0,15.7275,0.0,4.6305,0.0,0.0,7.5506,0.0,20.6179,0.0,3.5242,B2,word_pos,impasse,N,impasse,NOM
exécution,NOUN,B2,beacco,0.0,4.6136,0.0,0.0,7.9209,0.0,33.8984,0.0,4.6136,0.0,0.0,13.4248,0.0,31.3528,0.0,6.4301,B2,word_pos,exécution,N,exécution,NOM
fibre,NOUN,B2,beacco,0.0,4.6126,0.0,1.1107,3.7685,0.0,31.3338,0.0,4.6126,0.0,0.606,3.6187,0.0,20.024,0.0,3.581,B2,word_pos,fibre,N,fibre,NOM
flâner,VERB,B2,beacco,0.0,4.6012,0.2541,0.0,12.2937,0.0,6.2023,0.0,4.6012,0.5504,0.0,7.2374,0.0,6.0005,0.0,3.2036,B2,word_pos,flâner,V,flâner,VER
réprimer,VERB,B2,beacco,0.0,4.5808,0.0,0.0,1.8239,0.0,70.2515,0.0,4.5808,0.0,0.0,3.5051,0.0,65.9532,0.0,5.1973,B2,word_pos,réprimer,V,réprimer,VER
complémentaire,ADJ,B2,beacco,0.0,4.5511,1.9862,0.0,1.5137,0.0,22.8111,12.9876,4.5511,1.2635,0.0,2.6419,0.0,26.3397,12.833,5.9075,B2,word_pos,complémentaire,A,complémentaire,ADJ
cruel,ADJ,B2,beacco,0.0,4.5385,0.0,0.0,3.8062,0.0,52.0523,0.0,4.5385,0.0,0.0,5.2972,0.0,49.5147,0.0,4.7794,B2,word_pos,cruel,A,cruel,ADJ
cocktail,NOUN,B2,beacco,0.0,4.5339,0.8137,0.6418,0.0818,0.0,41.4596,0.0,4.5339,0.8075,0.6228,0.1243,0.0,50.0526,0.0,5.9069,B2,word_pos,cocktail,N,cocktail,NOM
réel,NOUN,B2,beacco,0.0,4.5261,,,,,,,,0.0,0.0,0.5531,0.0,31.3781,50.4231,4.5261,B2,beacco_only,,,réel,NOM
jumelle,ADJ,B2,beacco,0.0,4.5227,,,,,,,,0.5504,0.0,1.3995,0.0,26.3397,19.328,4.5227,B2,beacco_only,,,jumelle,ADJ
naviguer,VERB,B2,beacco,0.0,4.5225,0.0,0.4071,5.8356,0.0,12.3029,0.0,4.5225,0.0,0.3851,12.0265,0.0,12.4171,0.0,6.5389,B2,word_pos,naviguer,V,naviguer,VER
révolte,NOUN,B2,beacco,0.0,4.5138,0.0,0.6418,12.3257,0.0,6.2023,0.0,4.5138,0.0,0.6228,32.0469,0.0,6.0005,0.0,8.8835,B2,word_pos,révolte,N,révolte,NOM
canard,NOUN,B2,beacco,0.0,4.5084,0.0,0.0,5.3112,0.0,31.0115,0.0,4.5084,0.0,0.0,6.5406,0.0,30.0023,0.0,5.3404,B2,word_pos,canard,N,canard,NOM
éditorial,ADJ,B2,beacco,0.0,4.5007,0.0,0.0,2.7206,0.0,52.5187,0.0,4.5007,0.0,0.0,0.0,0.0,40.6321,0.0,1.5522,B2,word_pos,éditorial,A,éditorial,ADJ
stratégique,ADJ,B2,beacco,0.0,4.4689,0.0,0.0,12.025,0.0,16.8923,0.0,4.4689,0.0,0.0,12.2913,0.0,27.9938,0.0,5.6711,B2,word_pos,stratégique,A,stratégique,ADJ
superflu,ADJ,B2,beacco,0.0,4.4675,0.0,0.0,22.3515,0.0,0.0,0.0,4.4675,0.0,0.0,9.3711,0.0,0.0,0.0,2.041,B2,word_pos,superflu,A,superflu,ADJ
microprocesseur,NOUN,B2,beacco,0.0,4.4598,0.0,0.6418,1.438,0.0,34.7528,0.0,4.4598,0.0,0.6228,2.8589,0.0,26.3397,0.0,3.5038,B2,word_pos,microprocesseur,N,microprocesseur,NOM
redouter,VERB,B2,beacco,0.0,4.4288,0.0,0.0,12.8582,0.0,15.7275,0.0,4.4288,0.0,0.0,9.9696,0.0,20.6179,0.0,4.0675,B2,word_pos,redouter,V,redouter,VER
amant,NOUN,B2,beacco,0.0,4.4248,0.0,0.0,12.5999,0.0,25.3674,0.0,4.4248,0.0,0.3851,41.8991,1.2705,41.1274,0.0,18.2493,B2,word_pos,amant,N,amant,NOM
rempart,NOUN,B2,beacco,0.0,4.4237,0.0,0.3228,5.4944,0.0,19.6566,0.0,4.4237,0.0,0.186,2.4569,0.0,20.6179,0.0,2.7955,B2,word_pos,rempart,N,rempart,NOM
torrent,NOUN,B2,beacco,0.0,4.4118,2.4086,0.0,11.5817,0.0,0.0,0.0,4.4118,1.4639,0.0,15.4191,0.0,0.0,0.0,4.6061,B2,word_pos,torrent,N,torrent,NOM
multimédia,ADJ,B2,beacco,0.0,4.3854,2.0342,0.0,12.5713,0.0,3.1012,0.0,4.3854,0.8075,0.0,0.185,0.0,12.0009,0.0,2.0175,B2,word_pos,multimédia,A,multimédia,ADJ
militer,VERB,B2,beacco,0.0,4.3773,0.4996,0.0,2.952,0.0,20.5337,19.4814,4.3773,0.9464,0.0,10.9248,0.0,20.6179,12.833,6.5451,B2,word_pos,militer,V,militer,VER
maquillage,NOUN,B2,beacco,0.0,4.3706,0.2541,0.2206,11.6313,0.0,0.0,0.0,4.3706,0.5504,0.2129,7.3995,0.0,0.0,0.0,3.2565,B2,word_pos,maquillage,N,maquillage,NOM
déclin,NOUN,B2,beacco,0.0,4.3689,0.0,0.0,0.0,0.0,47.2706,96.2275,4.3689,0.0,0.0,0.0,0.0,51.4303,96.64,4.7938,B2,word_pos,déclin,N,déclin,NOM
aspirer,VERB,B2,beacco,0.0,4.3684,0.0,0.0,5.2863,0.0,19.6975,28.8683,4.3684,0.0,0.0,9.1427,0.0,20.024,19.328,4.7662,B2,word_pos,aspirer,V,aspirer,VER
diplômé,NOUN,B2,beacco,0.0,4.3588,0.0,0.2527,0.4732,0.0,6.1515,153.964,4.3588,0.0,0.5137,0.0,0.0,12.4171,135.296,6.1702,B2,word_pos,diplômé,N,diplômé,NOM
glacial,ADJ,B2,beacco,0.0,4.346,1.7078,0.0,12.607,0.0,3.1012,0.0,4.346,1.1764,0.0,18.8233,0.0,6.0005,0.0,6.195,B2,word_pos,glacial,A,glacial,ADJ
chêne,NOUN,B2,beacco,0.0,4.3417,0.0,0.0,21.8756,0.0,0.0,0.0,4.3417,0.0,0.0,21.4584,0.0,0.0,0.0,4.196,B2,word_pos,chêne,N,chêne,NOM
sociabilité,NOUN,B2,beacco,0.0,4.3285,0.0,0.0,14.2863,0.0,0.0,28.8683,4.3285,0.0,0.0,14.217,0.0,0.0,19.328,4.0527,B2,word_pos,sociabilité,N,sociabilité,NOM
fascinant,ADJ,B2,beacco,0.0,4.3221,0.0,0.4879,9.9717,0.0,4.101,0.0,4.3221,0.0,0.4664,5.047,0.0,4.139,0.0,2.9637,B2,word_pos,fascinant,A,fascinant,ADJ
freiner,VERB,B2,beacco,0.0,4.3207,0.0,0.3702,1.9729,0.0,18.6069,19.4814,4.3207,0.0,0.606,3.3237,0.0,6.0005,12.833,4.0366,B2,word_pos,freiner,V,freiner,VER
gouverner,VERB,B2,beacco,0.0,4.3194,0.0,0.3228,0.0,0.0,64.5033,9.6228,4.3194,0.0,0.186,0.0,0.0,68.3463,19.328,4.2015,B2,word_pos,gouverner,V,gouverner,VER
deux,NOUN,B2,beacco,0.0,4.3156,14.304,2.2118,0.1108,0.0,6.2023,0.0,4.3156,0.0,0.0,0.6378,1.2705,0.0,0.0,0.6533,B2,word_pos,deux,N,deux,NOM
pique,NOUN,B2,beacco,0.0,4.3155,4.1574,1.5592,1.5614,0.0,6.2023,0.0,4.3155,0.0,0.0,0.2331,0.0,6.0005,0.0,0.6891,B2,word_pos,pique,N,pique,NOM
parer,VERB,B2,beacco,0.0,4.2964,0.0,0.0,16.5759,0.0,10.2669,0.0,4.2964,0.0,0.6228,34.3088,0.0,20.6179,19.328,11.8559,B2,word_pos,parer,V,parer,VER
alternatif,ADJ,B2,beacco,0.0,4.2953,0.0,0.0,4.6584,0.0,8.2019,48.0277,4.2953,0.0,0.0,9.0561,0.0,0.0,77.4712,4.6189,B2,word_pos,alternatif,A,alternatif,ADJ
réconcilier,VERB,B2,beacco,0.0,4.2895,0.0,0.7318,11.1531,0.0,6.2023,0.0,4.2895,0.0,0.4664,12.2931,0.0,6.0005,0.0,4.7201,B2,word_pos,réconcilier,V,réconcilier,VER
cortège,NOUN,B2,beacco,0.0,4.2697,0.3983,0.0,8.7758,0.0,8.2019,0.0,4.2697,0.8346,0.0,10.9425,0.0,4.139,0.0,4.4615,B2,word_pos,cortège,N,cortège,NOM
demi-siècle,NOUN,B2,beacco,0.0,4.2688,,,,,,,,0.9464,0.0,0.3906,0.0,20.024,56.7717,4.2688,B2,beacco_only,,,demi-siècle,NOM
citoyenneté,NOUN,B2,beacco,0.0,4.2512,0.0,0.0,12.5821,0.0,8.2019,0.0,4.2512,0.0,0.0,10.033,0.0,4.139,0.0,2.7376,B2,word_pos,citoyenneté,N,citoyenneté,NOM
sauce,NOUN,B2,beacco,0.0,4.2472,3.88,0.0,0.7214,0.0,14.4378,0.0,4.2472,7.5967,0.6008,0.4665,0.0,10.3269,0.0,4.2465,B2,word_pos,sauce,N,sauce,NOM
respectable,ADJ,B2,beacco,0.0,4.2386,0.0,0.0,1.0854,0.0,24.7899,57.0668,4.2386,0.0,0.0,0.6378,0.0,20.6179,56.7717,2.7725,B2,word_pos,respectable,A,respectable,ADJ
cuir,NOUN,B2,beacco,0.0,4.2146,1.3242,0.0,7.8194,0.0,0.0,8.2347,4.2146,1.2635,0.0,11.765,0.0,0.0,8.037,5.5354,B2,word_pos,cuir,N,cuir,NOM
clignotant,NOUN,B2,beacco,0.0,4.2133,0.0,29.5409,0.0,0.0,0.0,0.0,4.2133,0.0,9.3822,0.0,0.0,0.0,0.0,1.2252,B2,word_pos,clignotant,N,clignotant,NOM
conservation,NOUN,B2,beacco,0.0,4.2106,0.0,0.0,0.2405,0.0,32.8078,38.491,4.2106,0.0,0.0,0.4665,0.0,20.6951,19.328,3.1634,B2,word_pos,conservation,N,conservation,NOM
destinée,NOUN,B2,beacco,0.0,4.2083,0.0,0.0,2.0405,0.0,15.5058,39.0192,4.2083,0.0,0.0,0.5857,0.0,6.0005,56.7717,2.1969,B2,word_pos,destinée,N,destinée,NOM
masquer,VERB,B2,beacco,0.0,4.1748,0.0,0.0,15.9841,0.0,4.101,0.0,4.1748,0.0,0.0,30.1168,0.0,4.139,0.0,7.2162,B2,word_pos,masquer,V,masquer,VER
thérapeutique,ADJ,B2,beacco,0.0,4.147,0.0,0.0,1.0854,0.0,36.3023,28.8683,4.147,0.0,0.0,1.9134,0.0,27.9938,38.656,4.1056,B2,word_pos,thérapeutique,A,thérapeutique,ADJ
extension,NOUN,B2,beacco,0.0,4.1408,0.0,0.0,0.2916,0.0,10.2669,208.0857,4.1408,0.0,0.0,0.5531,0.0,20.6179,86.9662,3.3754,B2,word_pos,extension,N,extension,NOM
sensibilisation,NOUN,B2,beacco,0.0,4.1386,0.0,0.3702,0.6802,0.0,53.7273,0.0,4.1386,0.0,0.606,0.5857,0.0,43.5754,0.0,4.389,B2,word_pos,sensibilisation,N,sensibilisation,NOM
affrontement,NOUN,B2,beacco,0.0,4.1384,0.0,0.0618,6.2783,0.0,4.8126,28.8683,4.1384,0.0,0.1276,7.7544,0.0,6.8846,19.328,4.0544,B2,word_pos,affrontement,N,affrontement,NOM
américain,NOUN,B2,beacco,0.0,4.1383,5.7699,1.1107,5.9728,0.0,0.0,0.0,4.1383,0.0,0.606,7.8476,9.5296,8.2781,0.0,7.055,B2,word_pos,américain,N,américain,NOM
rongeur,NOUN,B2,beacco,0.0,4.1356,0.9991,0.0,8.1297,0.0,6.1515,0.0,4.1356,0.9464,0.0,7.2057,0.0,4.139,0.0,3.4566,B2,word_pos,rongeur,N,rongeur,NOM
contester,VERB,B2,beacco,0.0,4.1347,0.0,0.2114,8.3551,0.0,8.2019,0.0,4.1347,0.0,0.6008,7.5506,0.0,4.139,0.0,3.5874,B2,word_pos,contester,V,contester,VER
antibiotique,NOUN,B2,beacco,0.0,4.1269,0.0,0.0,0.0906,0.0,79.969,0.0,4.1269,0.0,0.0,0.185,0.0,111.7537,0.0,5.6534,B2,word_pos,antibiotique,N,antibiotique,NOM
appellation,NOUN,B2,beacco,0.0,4.1252,0.0,0.0,2.6577,0.0,53.4989,0.0,4.1252,0.0,0.0,5.1436,0.0,67.9499,0.0,6.1444,B2,word_pos,appellation,N,appellation,NOM
actionner,VERB,B2,beacco,0.0,4.0987,0.4014,0.0,9.9791,0.0,9.3035,0.0,4.0987,0.7319,0.0,7.3728,0.0,6.0005,0.0,3.0819,B2,word_pos,actionner,V,actionner,VER
absurde,NOUN,B2,beacco,0.0,4.0864,0.0,5.0793,8.509,0.0,0.0,0.0,4.0864,0.0,0.606,7.7266,0.0,0.0,0.0,2.5411,B2,word_pos,absurde,N,absurde,NOM
oxygène,NOUN,B2,beacco,0.0,4.079,0.2934,0.3918,0.5833,0.0,9.8488,56.9312,4.079,0.5547,0.1865,1.1062,0.0,20.024,86.9662,6.2051,B2,word_pos,oxygène,N,oxygène,NOM
tabagisme,NOUN,B2,beacco,0.0,4.0719,0.0,0.0,4.081,0.0,4.8126,28.5334,4.0719,0.0,0.0,1.757,0.0,10.3269,56.7717,4.2984,B2,word_pos,tabagisme,N,tabagisme,NOM
suppression,NOUN,B2,beacco,0.0,4.0624,0.0,0.0,1.6607,0.0,53.1294,0.0,4.0624,0.0,0.0,0.7812,0.0,50.0526,0.0,3.5137,B2,word_pos,suppression,N,suppression,NOM
fissure,NOUN,B2,beacco,0.0,4.0433,0.5025,0.0,9.7544,0.0,6.2023,0.0,4.0433,0.0,0.0,3.5058,0.0,12.0009,0.0,2.1509,B2,word_pos,fissure,N,fissure,NOM
anesthésie,NOUN,B2,beacco,0.0,4.0404,0.0,0.0,0.0,0.0,229.4853,0.0,4.0404,0.0,0.0,0.0,0.0,114.0088,0.0,2.7187,B2,word_pos,anesthésie,N,anesthésie,NOM
molécule,NOUN,B2,beacco,0.0,4.0332,0.9991,0.0,0.0,0.0,57.5782,9.6228,4.0332,0.9464,0.0,0.0,0.0,113.599,19.328,7.1766,B2,word_pos,molécule,N,molécule,NOM
mépriser,VERB,B2,beacco,0.0,4.0186,0.0,0.0,17.9392,0.0,3.1012,0.0,4.0186,0.0,0.0,16.9523,0.0,6.0005,0.0,4.7458,B2,word_pos,mépriser,V,mépriser,VER
abîme,NOUN,B2,beacco,0.0,4.0178,0.0,0.0,5.8276,0.0,28.0139,0.0,4.0178,0.0,0.1865,8.271,0.0,26.3397,0.0,5.9734,B2,word_pos,abîme,N,abîme,NOM
gueule,NOUN,B2,beacco,0.0,4.0169,0.5693,0.0,13.0692,0.0,1.6042,0.0,4.0169,0.0,0.0,10.2528,0.0,3.4423,0.0,3.1055,B2,word_pos,gueule,N,gueule,NOM
rumeur,NOUN,B2,beacco,0.0,4.0167,1.7078,0.0,10.8404,0.0,1.6042,0.0,4.0167,1.1764,0.0,16.3461,0.0,3.4423,0.0,5.7294,B2,word_pos,rumeur,N,rumeur,NOM
campus,NOUN,B2,beacco,0.0,4.0048,0.0,0.0,11.8683,0.0,8.2019,0.0,4.0048,0.0,0.0,9.9568,0.0,8.2781,0.0,3.5741,B2,word_pos,campus,N,campus,NOM
particule,NOUN,B2,beacco,0.0,3.998,0.0,0.0,1.3603,0.0,39.3132,2.0587,3.998,0.0,0.0,0.5857,0.0,55.9876,4.0185,5.0153,B2,word_pos,particule,N,particule,NOM
consensus,NOUN,B2,beacco,0.0,3.9692,0.0,0.0,0.8749,0.0,18.4544,25.9752,3.9692,0.0,0.0,1.1062,0.0,12.4171,25.6659,2.5857,B2,word_pos,consensus,N,consensus,NOM
recréer,VERB,B2,beacco,0.0,3.9593,,,,,,,,0.0,0.6008,0.5531,0.0,40.6321,0.0,3.9593,B2,beacco_only,,,recréer,VER
urbanisme,NOUN,B2,beacco,0.0,3.9553,0.0,0.2117,3.8549,0.0,15.7275,12.9876,3.9553,0.0,0.4157,5.3323,0.0,20.6179,12.833,4.8063,B2,word_pos,urbanisme,N,urbanisme,NOM
impérial,ADJ,B2,beacco,0.0,3.952,0.0,0.0,11.329,0.0,0.0,39.0461,3.952,0.0,0.0,14.9315,0.0,0.0,4.0185,4.2211,B2,word_pos,impérial,A,impérial,ADJ
paie,NOUN,B2,beacco,0.0,3.9404,0.0,0.4228,14.2744,0.0,0.0,0.0,3.9404,0.0,0.6008,21.6122,0.0,0.0,0.0,5.7687,B2,word_pos,paie,N,paie,NOM
agressif,ADJ,B2,beacco,0.0,3.9401,0.0,0.3209,1.8842,0.0,24.7899,19.2455,3.9401,0.0,0.6228,4.8809,0.0,31.3781,19.328,5.6649,B2,word_pos,agressif,A,agressif,ADJ
lieue,NOUN,B2,beacco,0.0,3.9364,0.0,0.0,12.6557,0.0,4.8126,0.0,3.9364,0.0,0.0,12.1428,0.0,3.4423,0.0,3.5466,B2,word_pos,lieue,N,lieue,NOM
concurrent,NOUN,B2,beacco,0.0,3.9265,0.0,0.0,8.2122,0.0,25.3674,0.0,3.9265,0.0,0.0,7.0602,0.0,41.1274,0.0,5.0423,B2,word_pos,concurrent,N,concurrent,NOM
vaincre,VERB,B2,beacco,0.0,3.9157,0.0,0.3209,10.3853,0.0,10.2669,0.0,3.9157,0.0,0.6228,17.6043,0.0,20.6179,0.0,7.12,B2,word_pos,vaincre,V,vaincre,VER
créatif,ADJ,B2,beacco,0.0,3.9031,0.4996,1.2835,0.0,0.0,39.395,0.0,3.9031,0.9464,0.6228,0.5857,0.0,50.0526,0.0,5.938,B2,word_pos,créatif,A,créatif,ADJ
retrouve,NOUN,B2,beacco,0.0,3.8942,3.6283,2.4919,6.5796,0.0,0.0,0.0,3.8942,0.5547,0.7079,0.0,0.0,0.0,0.0,0.4358,B2,word_pos,retrouve,N,retrouve,NOM
recycler,VERB,B2,beacco,0.0,3.8799,0.0,1.4819,1.9237,0.0,0.0,28.8683,3.8799,0.0,2.0784,0.4665,0.0,0.0,19.328,1.4836,B2,word_pos,recycler,V,recycler,VER
parton,NOUN,B2,beacco,0.0,3.8771,1.195,1.7346,3.9075,0.0,0.0,0.0,3.8771,0.8346,0.0,0.2331,0.0,0.0,0.0,0.5184,B2,word_pos,parton,N,parton,NOM
squelette,NOUN,B2,beacco,0.0,3.8585,0.0,0.0,0.3014,0.0,6.2023,146.3752,3.8585,0.0,0.0,0.3059,0.0,12.0009,77.4712,3.2764,B2,word_pos,squelette,N,squelette,NOM
distraire,VERB,B2,beacco,0.0,3.8568,0.0,0.0,7.6439,0.0,24.6958,0.0,3.8568,0.0,0.0,10.2931,0.0,36.8208,0.0,6.4799,B2,word_pos,distraire,V,distraire,VER
consentir,VERB,B2,beacco,0.0,3.8397,0.0,0.0,12.5762,0.0,4.8126,0.0,3.8397,0.0,0.0,7.0153,0.0,6.8846,0.0,3.1644,B2,word_pos,consentir,V,consentir,VER
populariser,VERB,B2,beacco,0.0,3.8272,0.0,0.0,14.5182,0.0,0.0,9.6228,3.8272,0.0,0.0,12.4451,0.0,0.0,19.328,3.6461,B2,word_pos,populariser,V,populariser,VER
électromagnétique,ADJ,B2,beacco,0.0,3.8223,0.0,0.0,0.3618,0.0,21.7081,68.1256,3.8223,0.0,0.0,0.6378,0.0,30.0023,25.6659,4.3882,B2,word_pos,électromagnétique,A,électromagnétique,ADJ
allumette,NOUN,B2,beacco,0.0,3.8102,0.7622,0.0,8.9857,0.0,6.1515,0.0,3.8102,0.5504,0.0,7.3969,0.0,4.139,0.0,3.0637,B2,word_pos,allumette,N,allumette,NOM
pile,NOUN,B2,beacco,0.0,3.7978,0.5197,0.0,2.6295,0.0,24.8092,0.0,3.7978,1.1123,0.0,5.9432,0.0,24.0018,0.0,5.8529,B2,word_pos,pile,N,pile,NOM
hymne,NOUN,B2,beacco,0.0,3.7914,0.0,0.0,19.7115,0.0,0.0,0.0,3.7914,0.9464,0.0,4.6839,0.0,0.0,0.0,1.7863,B2,word_pos,hymne,N,hymne,NOM
météo,NOUN,B2,beacco,0.0,3.7837,0.4421,0.6351,3.8361,0.0,9.3035,0.0,3.7837,0.9121,0.4157,0.1219,0.0,6.0005,0.0,2.2543,B2,word_pos,météo,N,météo,NOM
poursuite,NOUN,B2,beacco,0.0,3.7804,0.0,0.6418,2.4678,0.0,15.6669,19.2455,3.7804,0.0,0.6228,7.5473,0.0,20.024,19.328,5.6956,B2,word_pos,poursuite,N,poursuite,NOM
espion,NOUN,B2,beacco,0.0,3.7764,0.0,0.3702,15.6315,0.0,0.0,0.0,3.7764,0.0,0.606,22.4045,0.0,0.0,0.0,5.9596,B2,word_pos,espion,N,espion,NOM
réfugier,VERB,B2,beacco,0.0,3.7753,0.0,0.3228,10.8328,0.0,0.0,0.0,3.7753,0.0,0.186,15.7383,0.0,0.0,0.0,4.223,B2,word_pos,réfugier,V,réfugier,VER
tropical,ADJ,B2,beacco,0.0,3.7752,0.4996,0.4228,5.0398,0.0,6.2023,0.0,3.7752,0.9464,0.6008,3.5715,0.0,6.0005,0.0,3.4786,B2,word_pos,tropical,A,tropical,ADJ
couvent,NOUN,B2,beacco,0.0,3.7578,0.7622,0.0,11.7647,0.0,0.0,0.0,3.7578,0.5504,0.0,15.9047,0.0,0.0,0.0,4.5204,B2,word_pos,couvent,N,couvent,NOM
enrichissement,NOUN,B2,beacco,0.0,3.7573,0.0,0.0,2.7206,0.0,24.6958,9.6228,3.7573,0.0,0.0,0.5857,0.0,19.861,19.328,2.5616,B2,word_pos,enrichissement,N,enrichissement,NOM
interrogation,NOUN,B2,beacco,0.0,3.7491,0.0,0.0,0.2076,0.0,52.5187,9.6228,3.7491,0.0,0.0,0.3906,0.0,40.6321,19.328,3.2007,B2,word_pos,interrogation,N,interrogation,NOM
préférable,ADJ,B2,beacco,0.0,3.7482,0.4014,0.7581,0.1155,0.0,31.4551,0.0,3.7482,0.7319,0.5137,0.2331,0.0,20.6179,0.0,3.0334,B2,word_pos,préférable,A,préférable,ADJ
vicomte,NOUN,B2,beacco,0.0,3.7462,0.0,0.0,21.3675,0.0,0.0,0.0,3.7462,0.0,0.0,22.807,0.0,0.0,0.0,3.9307,B2,word_pos,vicomte,N,vicomte,NOM
diversifier,VERB,B2,beacco,0.0,3.7282,0.0,0.0,3.1838,0.0,6.2023,79.5562,3.7282,0.0,0.0,5.998,0.0,12.0009,56.7717,5.1747,B2,word_pos,diversifier,V,diversifier,VER
émancipation,NOUN,B2,beacco,0.0,3.7273,0.0,0.0,0.2405,0.0,8.021,104.0243,3.7273,0.0,0.0,0.4665,0.0,3.4423,86.9662,3.2683,B2,word_pos,émancipation,N,émancipation,NOM
débattre,VERB,B2,beacco,0.0,3.7263,0.0,0.285,3.7364,0.0,21.7081,0.0,3.7263,0.0,0.2891,5.4885,1.2705,18.0014,0.0,5.6314,B2,word_pos,débattre,V,débattre,VER
défilé,NOUN,B2,beacco,0.0,3.7232,0.0,0.0,12.6274,0.0,9.3035,0.0,3.7232,0.0,0.0,10.6985,0.0,6.0005,0.0,3.8803,B2,word_pos,défilé,N,défilé,NOM
personnaliser,VERB,B2,beacco,0.0,3.7227,0.0,0.0,3.6762,0.0,15.7275,39.0192,3.7227,0.0,0.0,5.1358,0.0,27.9938,56.7717,5.1108,B2,word_pos,personnaliser,V,personnaliser,VER
aujourd'hui,NOUN,B2,beacco,0.0,3.7221,,,,,,,,0.0,0.0,4.8043,0.0,20.6179,12.833,3.7221,B2,beacco_only,,,aujourd'hui,NOM
réacteur,NOUN,B2,beacco,0.0,3.6993,0.0,3.0225,0.0,0.0,3.1012,77.9255,3.6993,0.0,0.3729,0.0,0.0,6.0005,76.9978,3.087,B2,word_pos,réacteur,N,réacteur,NOM
fertile,ADJ,B2,beacco,0.0,3.6825,0.5081,0.6418,6.1965,0.0,3.1012,0.0,3.6825,0.5504,0.6228,3.1735,0.0,6.0005,0.0,2.7924,B2,word_pos,fertile,A,fertile,ADJ
hormone,NOUN,B2,beacco,0.0,3.679,0.0,0.0,0.0,0.0,41.5144,96.2275,3.679,0.0,0.0,0.0,0.0,31.5653,96.64,3.6012,B2,word_pos,hormone,N,hormone,NOM
parfaire,VERB,B2,beacco,0.0,3.672,0.0,3.3158,3.0316,0.0,6.4168,0.0,3.672,0.7319,0.0,20.2857,0.0,20.024,0.0,7.6133,B2,word_pos,parfaire,V,parfaire,VER
infliger,VERB,B2,beacco,0.0,3.6646,0.0,0.6418,4.0939,0.0,18.6069,0.0,3.6646,0.0,0.6228,6.1387,0.0,12.0009,0.0,4.4381,B2,word_pos,infliger,V,infliger,VER
compréhension,NOUN,B2,beacco,0.0,3.6584,0.0,0.0,2.4677,0.0,44.7531,0.0,3.6584,0.0,0.0,3.6369,0.0,39.7963,0.0,4.196,B2,word_pos,compréhension,N,compréhension,NOM
répartition,NOUN,B2,beacco,0.0,3.6551,4.9957,0.0,0.3618,0.0,33.8984,19.2455,3.6551,1.8928,0.0,0.6378,0.0,31.3528,19.328,3.937,B2,word_pos,répartition,N,répartition,NOM
renaître,VERB,B2,beacco,0.0,3.6545,0.0,0.0,6.8865,0.0,25.3674,0.0,3.6545,0.0,0.0,3.5156,0.0,20.024,0.0,2.4604,B2,word_pos,renaître,V,renaître,VER
aviaire,ADJ,B2,beacco,0.0,3.6473,0.0,0.0,0.2405,0.0,105.4392,0.0,3.6473,0.0,0.0,0.4665,0.0,102.0079,0.0,5.7007,B2,word_pos,aviaire,A,aviaire,ADJ
théorique,ADJ,B2,beacco,0.0,3.6457,0.0,0.0,0.2405,0.0,73.0907,0.0,3.6457,0.0,0.0,0.4665,0.0,49.0825,0.0,3.22,B2,word_pos,théorique,A,théorique,ADJ
délégué,NOUN,B2,beacco,0.0,3.6436,0.0,0.0,14.9985,0.0,6.2023,0.0,3.6436,0.0,0.0,10.4146,0.0,6.0005,0.0,2.8783,B2,word_pos,délégué,N,délégué,NOM
musculaire,ADJ,B2,beacco,0.0,3.6419,0.0,0.0,0.0,0.0,45.6318,90.913,3.6419,0.0,0.0,0.0,0.0,52.6794,38.4989,4.3661,B2,word_pos,musculaire,A,musculaire,ADJ
étaler,VERB,B2,beacco,0.0,3.6235,0.0,1.1107,3.7676,0.0,15.1776,0.0,3.6235,0.0,0.606,3.5957,0.0,26.3397,0.0,4.2474,B2,word_pos,étaler,V,étaler,VER
maïs,NOUN,B2,beacco,0.0,3.6224,0.0,1.1107,7.1822,0.0,6.2023,0.0,3.6224,0.0,0.606,7.7266,0.0,12.0009,0.0,4.4685,B2,word_pos,maïs,N,maïs,NOM
antique,ADJ,B2,beacco,0.0,3.6184,0.5081,0.2117,4.8888,0.0,8.2019,0.0,3.6184,0.5504,0.4157,7.968,0.0,4.139,0.0,4.8481,B2,word_pos,antique,A,antique,ADJ
civique,ADJ,B2,beacco,0.0,3.6071,0.0,0.0,10.5094,0.0,15.7275,0.0,3.6071,0.0,0.0,5.5016,0.0,20.6179,0.0,2.9283,B2,word_pos,civique,A,civique,ADJ
électronique,NOUN,B2,beacco,0.0,3.5899,1.1385,0.3702,1.3056,0.0,24.7899,0.0,3.5899,1.1764,0.0,2.4519,0.0,12.0009,0.0,3.0668,B2,word_pos,électronique,N,électronique,NOM
téléphonie,NOUN,B2,beacco,0.0,3.5805,0.0,0.0,0.9618,0.0,3.1012,136.4037,3.5805,0.0,0.0,0.4665,0.0,6.0005,51.3319,2.8381,B2,word_pos,téléphonie,N,téléphonie,NOM
fouetter,VERB,B2,beacco,0.0,3.55,0.5025,0.0,7.196,0.0,9.3035,0.0,3.55,0.0,0.0,5.1116,0.0,0.0,0.0,0.9683,B2,word_pos,fouetter,V,fouetter,VER
désespéré,ADJ,B2,beacco,0.0,3.5432,0.7622,8.7974,0.5648,0.0,0.0,0.0,3.5432,0.0,4.4416,0.3933,0.0,0.0,0.0,1.3647,B2,word_pos,désespéré,A,désespéré,ADJ
réchauffer,VERB,B2,beacco,0.0,3.4969,0.0,0.1425,4.5512,0.0,15.5058,0.0,3.4969,0.0,0.2891,5.8565,0.911,18.0014,0.0,5.7154,B2,word_pos,réchauffer,V,réchauffer,VER
idole,NOUN,B2,beacco,0.0,3.4826,0.0,0.0,21.4275,0.0,0.0,0.0,3.4826,0.0,0.0,11.9978,0.0,0.0,0.0,2.0225,B2,word_pos,idole,N,idole,NOM
individualisme,NOUN,B2,beacco,0.0,3.4767,0.0,0.0,6.0064,0.0,16.4039,0.0,3.4767,0.0,0.0,7.7393,0.0,8.2781,0.0,3.2508,B2,word_pos,individualisme,N,individualisme,NOM
selle,NOUN,B2,beacco,0.0,3.4767,1.5934,1.1107,0.4732,0.0,15.5058,0.0,3.4767,1.6691,0.606,0.438,0.0,12.0009,0.0,2.7316,B2,word_pos,selle,N,selle,NOM
renchérir,VERB,B2,beacco,0.0,3.4698,0.0,0.0,7.9095,0.0,16.8923,0.0,3.4698,0.0,0.0,7.6118,0.0,20.6179,0.0,3.5424,B2,word_pos,renchérir,V,renchérir,VER
raciste,ADJ,B2,beacco,0.0,3.4691,0.0,0.0,0.4809,0.0,58.2519,0.0,3.4691,0.0,0.0,0.933,0.0,114.1736,0.0,7.5461,B2,word_pos,raciste,A,raciste,ADJ
onde,NOUN,B2,beacco,0.0,3.4682,0.0,0.0,2.673,0.0,41.5144,0.0,3.4682,0.0,0.0,3.7062,0.0,89.0767,56.7717,9.3332,B2,word_pos,onde,N,onde,NOM
détente,NOUN,B2,beacco,0.0,3.4573,1.9983,0.0,0.2719,0.0,0.0,45.4565,3.4573,0.9464,0.0,0.185,0.0,0.0,12.833,1.4233,B2,word_pos,détente,N,détente,NOM
soja,NOUN,B2,beacco,0.0,3.4564,0.0,0.0,1.8786,0.0,56.8996,0.0,3.4564,0.0,0.0,3.5822,0.0,110.4352,0.0,7.9773,B2,word_pos,soja,N,soja,NOM
accoucher,VERB,B2,beacco,0.0,3.4501,1.3242,0.6418,5.7465,0.0,0.0,0.0,3.4501,1.2635,0.6228,4.9077,0.0,0.0,0.0,3.1086,B2,word_pos,accoucher,V,accoucher,VER
planétaire,ADJ,B2,beacco,0.0,3.4462,0.0,0.0,6.3438,0.0,8.2019,9.6228,3.4462,0.0,0.4664,3.4688,0.0,4.139,19.328,3.4716,B2,word_pos,planétaire,A,planétaire,ADJ
lucide,ADJ,B2,beacco,0.0,3.446,0.0,0.7405,0.0,0.0,40.901,9.6228,3.446,0.0,0.606,0.0,0.0,31.3781,19.328,2.6979,B2,word_pos,lucide,A,lucide,ADJ
pertinence,NOUN,B2,beacco,0.0,3.4198,0.0,0.0,1.809,0.0,14.3534,4.1173,3.4198,0.0,0.0,0.6378,0.0,8.2781,43.8345,3.2097,B2,word_pos,pertinence,N,pertinence,NOM
strictement,ADV,B2,beacco,0.0,3.4105,0.0,0.0,5.3281,0.0,19.8484,9.6228,3.4105,0.0,0.0,7.622,0.0,40.1357,19.328,5.688,B2,word_pos,strictement,ADV,strictement,ADV
gosse,NOUN,B2,beacco,0.0,3.4067,0.0,0.2117,2.673,0.0,21.7081,0.0,3.4067,0.0,0.4157,12.3613,0.0,12.0009,0.0,5.4583,B2,word_pos,gosse,N,gosse,NOM
accessible,ADJ,B2,beacco,0.0,3.4026,0.0,0.0,3.9685,0.0,32.7469,0.0,3.4026,0.0,0.0,7.6455,0.0,26.3397,0.0,4.2547,B2,word_pos,accessible,A,accessible,ADJ
tolérer,VERB,B2,beacco,0.0,3.4015,0.0,0.0,4.9235,0.0,25.5257,0.0,3.4015,0.0,0.0,3.7375,0.0,40.0479,0.0,3.8762,B2,word_pos,tolérer,V,tolérer,VER
embêter,VERB,B2,beacco,0.0,3.4009,9.0259,0.2527,0.8749,0.0,3.2084,0.0,3.4009,7.1739,0.5137,0.5531,0.0,3.4423,0.0,3.1805,B2,word_pos,embêter,V,embêter,VER
biologiste,NOUN,B2,beacco,0.0,3.398,0.0,0.0,1.0854,0.0,50.677,0.0,3.398,0.0,0.0,0.6378,0.0,34.1646,0.0,2.4563,B2,word_pos,biologiste,N,biologiste,NOM
sanguin,ADJ,B2,beacco,0.0,3.389,0.0,0.0,0.6228,0.0,6.4168,56.9312,3.389,0.0,0.0,0.3906,0.0,3.4423,56.7717,2.4378,B2,word_pos,sanguin,A,sanguin,ADJ
prévaloir,VERB,B2,beacco,0.0,3.3888,0.0,0.7405,0.2076,0.0,10.2524,28.8683,3.3888,0.0,0.606,0.3906,0.0,12.4171,19.328,3.7186,B2,word_pos,prévaloir,V,prévaloir,VER
mortalité,NOUN,B2,beacco,0.0,3.3857,0.0,0.2527,0.753,0.0,6.2023,10.2933,3.3857,0.0,0.5137,0.3933,0.0,6.0005,4.0185,2.3262,B2,word_pos,mortalité,N,mortalité,NOM
potable,ADJ,B2,beacco,0.0,3.3851,0.0,0.0,17.1534,0.0,0.0,0.0,3.3851,0.0,0.0,15.1553,0.0,0.0,0.0,3.6324,B2,word_pos,potable,A,potable,ADJ
antillais,ADJ,B2,beacco,0.0,3.3828,1.9862,0.0,0.0,0.0,8.2019,67.3593,3.3828,3.7906,0.0,0.0,0.0,4.139,19.328,1.2432,B2,word_pos,antillais,A,antillais,ADJ
comptable,ADJ,B2,beacco,0.0,3.3742,2.0787,0.0,0.2076,0.0,12.3029,19.2455,3.3742,1.1123,0.0,0.0,0.0,4.139,19.328,1.1967,B2,word_pos,comptable,A,comptable,ADJ
acheteur,NOUN,B2,beacco,0.0,3.3735,0.0,4.2792,4.3292,0.0,6.2023,0.0,3.3735,0.0,0.4157,1.757,0.0,12.0009,0.0,2.9106,B2,word_pos,acheteur,N,acheteur,NOM
peiner,VERB,B2,beacco,0.0,3.3655,0.0,0.0,1.8786,0.0,16.4039,28.8683,3.3655,0.0,0.0,3.5822,0.0,27.9938,38.656,4.7149,B2,word_pos,peiner,V,peiner,VER
réciproque,ADJ,B2,beacco,0.0,3.3539,0.0,0.0,5.7724,0.0,26.9096,0.0,3.3539,0.0,0.0,3.7062,0.0,40.1357,0.0,3.6419,B2,word_pos,réciproque,A,réciproque,ADJ
contradiction,NOUN,B2,beacco,0.0,3.3482,0.0,0.0,2.8989,0.0,8.2019,48.1138,3.3482,0.0,0.0,5.4506,0.0,4.139,57.984,4.4747,B2,word_pos,contradiction,N,contradiction,NOM
entraide,NOUN,B2,beacco,0.0,3.3426,0.0,0.0,1.809,0.0,3.2084,56.9312,3.3426,0.0,0.0,0.6378,0.0,3.4423,56.7717,2.579,B2,word_pos,entraide,N,entraide,NOM
ficelle,NOUN,B2,beacco,0.0,3.3405,0.0,0.0,18.0257,0.0,0.0,0.0,3.3405,0.0,0.0,15.0399,0.0,0.0,0.0,2.7768,B2,word_pos,ficelle,N,ficelle,NOM
marge,NOUN,B2,beacco,0.0,3.3321,0.0,0.0,2.0028,0.0,48.7271,0.0,3.3321,0.0,0.0,7.7544,9.1403,41.2358,0.0,7.9506,B2,word_pos,marge,N,marge,NOM
vaisseau,NOUN,B2,beacco,0.0,3.3302,0.0,19.428,0.2041,0.0,0.0,0.0,3.3302,0.0,3.17,0.4317,0.0,0.0,0.0,0.7373,B2,word_pos,vaisseau,N,vaisseau,NOM
trimestre,NOUN,B2,beacco,0.0,3.3277,0.8215,0.2117,3.6558,0.0,6.4168,0.0,3.3277,1.1973,0.4157,3.5822,0.0,6.8846,0.0,3.7624,B2,word_pos,trimestre,N,trimestre,NOM
retraité,ADJ,B2,beacco,0.0,3.3239,0.2652,4.9179,3.8909,0.0,0.0,0.0,3.3239,0.0,0.0,0.5857,0.0,0.0,12.833,0.6985,B2,word_pos,retraité,A,retraité,ADJ
humide,ADJ,B2,beacco,0.0,3.3233,0.0,0.0,7.0295,0.0,15.5058,0.0,3.3233,0.0,0.0,13.9411,0.0,18.0014,0.0,5.3576,B2,word_pos,humide,A,humide,ADJ
tisser,VERB,B2,beacco,0.0,3.3225,0.0,0.0,1.0854,0.0,47.2636,0.0,3.3225,0.0,0.0,1.2756,0.0,40.1357,0.0,2.9407,B2,word_pos,tisser,V,tisser,VER
honteux,ADJ,B2,beacco,0.0,3.3193,0.0,0.3702,3.2515,0.0,12.7628,9.6228,3.3193,0.0,0.606,4.7033,0.0,20.024,19.328,4.8266,B2,word_pos,honteux,A,honteux,ADJ
fabrique,NOUN,B2,beacco,0.0,3.3185,0.4068,3.0859,0.3618,0.0,1.6042,25.5316,3.3185,0.0,0.6008,0.6378,0.0,3.4423,43.8345,3.0567,B2,word_pos,fabrique,N,fabrique,NOM
déplorer,VERB,B2,beacco,0.0,3.3098,0.0,1.4809,0.2366,0.0,38.9993,0.0,3.3098,0.0,0.606,0.438,0.0,54.0583,0.0,4.4573,B2,word_pos,déplorer,V,déplorer,VER
agneau,NOUN,B2,beacco,0.0,3.3093,0.0,0.1103,1.5692,0.0,14.4378,0.0,3.3093,0.0,0.2129,0.2331,0.0,10.3269,0.0,2.4727,B2,word_pos,agneau,N,agneau,NOM
perpétuel,ADJ,B2,beacco,0.0,3.3035,0.0,0.0,6.5048,0.0,25.3674,0.0,3.3035,0.0,0.0,9.0155,0.0,20.024,0.0,4.1942,B2,word_pos,perpétuel,A,perpétuel,ADJ
bouchon,NOUN,B2,beacco,0.0,3.3024,2.5125,1.1107,2.0028,0.0,4.8126,0.0,3.3024,1.8101,0.606,3.7679,0.0,3.4423,0.0,4.194,B2,word_pos,bouchon,N,bouchon,NOM
riverain,NOUN,B2,beacco,0.0,3.2978,0.0,0.3209,1.1829,0.0,0.0,68.1256,3.2978,0.0,0.6228,1.7519,0.0,0.0,25.6659,3.311,B2,word_pos,riverain,N,riverain,NOM
défaite,NOUN,B2,beacco,0.0,3.2841,0.0,0.0,3.1229,0.0,34.728,0.0,3.2841,0.0,0.0,3.0801,0.0,20.6179,0.0,2.5538,B2,word_pos,défaite,N,défaite,NOM
sinistre,NOUN,B2,beacco,0.0,3.2812,0.0,8.0073,0.8162,0.0,1.6042,0.0,3.2812,0.0,0.6228,0.4317,0.0,3.4423,0.0,1.5295,B2,word_pos,sinistre,N,sinistre,NOM
extravagant,ADJ,B2,beacco,0.0,3.2409,0.0,0.7796,6.6562,0.0,2.0505,0.0,3.2409,0.0,0.5213,3.5636,0.0,4.139,0.0,2.3922,B2,word_pos,extravagant,A,extravagant,ADJ
repérer,VERB,B2,beacco,0.0,3.236,0.0,0.0,6.2089,0.0,9.3035,9.6228,3.236,0.0,0.0,12.041,0.0,6.0005,19.328,4.3142,B2,word_pos,repérer,V,repérer,VER
préalable,NOUN,B2,beacco,0.0,3.2274,0.0,0.0,2.7206,0.0,12.4046,19.2455,3.2274,0.0,0.0,0.5857,0.0,6.0005,19.328,1.1807,B2,word_pos,préalable,N,préalable,NOM
soufre,NOUN,B2,beacco,0.0,3.2254,0.0,0.0,1.656,0.0,13.8696,12.9876,3.2254,0.0,0.0,0.438,0.0,20.6179,25.6659,2.4454,B2,word_pos,soufre,N,soufre,NOM
accessoire,NOUN,B2,beacco,0.0,3.2167,0.0,0.2206,6.6788,0.0,0.0,9.6228,3.2167,0.0,0.2129,9.8244,0.0,0.0,19.328,4.3442,B2,word_pos,accessoire,N,accessoire,NOM
plaie,NOUN,B2,beacco,0.0,3.1756,0.0,0.0,7.1347,0.0,12.4046,0.0,3.1756,0.0,0.0,7.7117,0.0,6.0005,0.0,2.549,B2,word_pos,plaie,N,plaie,NOM
homogène,ADJ,B2,beacco,0.0,3.1743,0.0,0.0,8.4882,0.0,8.2019,0.0,3.1743,0.0,0.0,4.7412,0.0,4.139,0.0,1.9366,B2,word_pos,homogène,A,homogène,ADJ
rentabilité,NOUN,B2,beacco,0.0,3.1649,0.0,0.0,2.5949,0.0,25.3674,9.6228,3.1649,0.0,0.0,3.5301,0.0,31.3528,19.328,3.9944,B2,word_pos,rentabilité,N,rentabilité,NOM
positivement,ADV,B2,beacco,0.0,3.1509,0.0,0.2439,4.6735,0.0,8.2019,0.0,3.1509,0.0,0.4664,3.7375,0.0,4.139,0.0,2.4744,B2,word_pos,positivement,ADV,positivement,ADV
balance,NOUN,B2,beacco,0.0,3.1502,0.0,8.4229,1.0379,0.0,0.0,0.0,3.1502,0.0,7.5358,0.0,0.0,0.0,0.0,0.8964,B2,word_pos,balance,N,balance,NOM
propice,ADJ,B2,beacco,0.0,3.1491,0.0,0.0,0.2405,0.0,12.8336,48.1138,3.1491,0.0,0.0,0.4665,0.0,3.4423,19.328,1.5009,B2,word_pos,propice,A,propice,ADJ
aîné,ADJ,B2,beacco,0.0,3.1489,8.9718,0.0,6.0147,0.0,0.0,0.0,3.1489,1.2635,0.0,7.4009,0.0,0.0,0.0,2.4786,B2,word_pos,aîné,A,aîné,ADJ
effrayant,ADJ,B2,beacco,0.0,3.1456,0.0,0.0,7.6225,0.0,6.4168,0.0,3.1456,0.0,0.0,9.9129,0.0,10.3269,0.0,4.4232,B2,word_pos,effrayant,A,effrayant,ADJ
pari,NOUN,B2,beacco,0.0,3.1223,0.0,0.4234,3.6922,0.0,9.3035,0.0,3.1223,0.0,0.4157,7.7117,0.0,18.0014,0.0,4.962,B2,word_pos,pari,N,pari,NOM
distraction,NOUN,B2,beacco,0.0,3.1178,0.0,0.0,7.4291,0.0,2.0505,19.2455,3.1178,0.0,0.0,3.5736,0.0,4.139,19.328,2.4654,B2,word_pos,distraction,N,distraction,NOM
vignoble,NOUN,B2,beacco,0.0,3.1138,0.4014,0.0,7.4797,0.0,3.2084,0.0,3.1138,0.7319,0.0,8.8376,0.0,3.4423,0.0,3.9519,B2,word_pos,vignoble,N,vignoble,NOM
consécutif,ADJ,B2,beacco,0.0,3.1124,0.0816,0.1235,5.8151,0.0,4.101,0.0,3.1124,0.171,0.1276,5.5016,0.0,4.139,0.0,3.0085,B2,word_pos,consécutif,A,consécutif,ADJ
indique,ADJ,B2,beacco,0.0,3.1029,,,,,,,,0.9051,0.0,3.1652,0.0,6.0005,19.328,3.1029,B2,beacco_only,,,indique,ADJ
singulier,ADJ,B2,beacco,0.0,3.1003,0.0,0.6418,2.8802,0.0,19.6975,0.0,3.1003,0.0,0.6228,3.7679,0.0,40.0479,0.0,5.1723,B2,word_pos,singulier,A,singulier,ADJ
normand,ADJ,B2,beacco,0.0,3.0976,0.0,0.6619,7.5552,0.0,0.0,0.0,3.0976,0.0,0.4258,6.233,0.0,0.0,0.0,2.8123,B2,word_pos,normand,A,normand,ADJ
insérer,VERB,B2,beacco,0.0,3.0909,0.0,0.6351,0.7097,0.0,3.2084,28.8683,3.0909,0.0,0.4157,0.8759,0.0,3.4423,19.328,2.8316,B2,word_pos,insérer,V,insérer,VER
retardataire,NOUN,B2,beacco,0.0,3.0876,0.0,0.0,14.0489,0.0,3.1012,0.0,3.0876,0.0,0.0,7.4177,0.0,6.0005,0.0,2.1986,B2,word_pos,retardataire,N,retardataire,NOM
capter,VERB,B2,beacco,0.0,3.0868,0.0,0.0,6.715,0.0,20.4505,0.0,3.0868,0.0,0.0,3.6187,0.0,31.3781,0.0,3.2606,B2,word_pos,capter,V,capter,VER
admirateur,NOUN,B2,beacco,0.0,3.0863,5.0227,0.2439,6.0037,0.0,0.0,0.0,3.0863,1.6151,0.4664,7.1001,0.0,0.0,0.0,3.9191,B2,word_pos,admirateur,N,admirateur,NOM
glacé,ADJ,B2,beacco,0.0,3.083,0.0,0.0,16.0499,0.0,0.0,0.0,3.083,0.0,0.0,13.981,0.0,0.0,0.0,2.7122,B2,word_pos,glacé,A,glacé,ADJ
prétention,NOUN,B2,beacco,0.0,3.0814,0.0,0.6418,1.0854,0.0,6.2023,6.176,3.0814,0.0,0.6228,0.6378,0.0,6.0005,4.0185,2.5259,B2,word_pos,prétention,N,prétention,NOM
protagoniste,NOUN,B2,beacco,0.0,3.0786,0.0,0.0,8.7893,0.0,0.0,28.8683,3.0786,0.0,0.0,7.1763,0.0,0.0,38.656,3.2457,B2,word_pos,protagoniste,N,protagoniste,NOM
résident,NOUN,B2,beacco,0.0,3.0746,0.6621,0.4879,5.9245,0.0,0.0,0.0,3.0746,1.2635,0.4664,3.4815,0.0,0.0,0.0,2.4703,B2,word_pos,résident,N,résident,NOM
adjoint,NOUN,B2,beacco,0.0,3.0665,0.0,1.4809,2.4678,0.0,0.0,25.9752,3.0665,0.0,0.0,0.3906,0.0,0.0,12.833,0.6261,B2,word_pos,adjoint,N,adjoint,NOM
glacier,NOUN,B2,beacco,0.0,3.061,0.0,0.0,16.2188,0.0,0.0,0.0,3.061,0.0,0.0,18.9333,0.0,0.0,0.0,3.7345,B2,word_pos,glacier,N,glacier,NOM
dissuader,VERB,B2,beacco,0.0,3.0466,0.0,0.0,5.2717,0.0,18.6069,0.0,3.0466,0.0,0.0,3.7062,0.0,6.0005,0.0,1.5224,B2,word_pos,dissuader,V,dissuader,VER
étai,NOUN,B2,beacco,0.0,3.0437,0.0,7.3158,1.7762,0.0,0.0,0.0,3.0437,0.0,0.9327,0.0,1.2705,0.0,0.0,0.92,B2,word_pos,étai,N,étai,NOM
tailler,VERB,B2,beacco,0.0,3.0398,0.0,0.3702,5.017,0.0,0.0,6.176,3.0398,0.0,0.606,11.8029,0.0,0.0,4.0185,4.6647,B2,word_pos,tailler,V,tailler,VER
carbonique,ADJ,B2,beacco,0.0,3.0315,0.0,0.0,3.6478,0.0,13.8696,12.9876,3.0315,0.0,0.0,3.5051,0.0,20.6179,25.6659,3.7111,B2,word_pos,carbonique,A,carbonique,ADJ
chaussette,NOUN,B2,beacco,0.0,3.0306,0.0,0.3702,6.0336,0.0,4.8126,0.0,3.0306,0.0,0.606,5.7532,0.0,3.4423,0.0,2.8813,B2,word_pos,chaussette,N,chaussette,NOM
maltraiter,VERB,B2,beacco,0.0,3.0298,0.0,0.0,6.6069,0.0,1.6042,12.9876,3.0298,0.0,0.0,7.5506,0.0,3.4423,25.6659,4.4044,B2,word_pos,maltraiter,V,maltraiter,VER
tempérer,VERB,B2,beacco,0.0,3.0293,1.9862,0.0,0.0,0.0,51.0722,0.0,3.0293,1.2635,0.0,0.5531,0.0,51.4303,0.0,4.1302,B2,word_pos,tempérer,V,tempérer,VER
valider,VERB,B2,beacco,0.0,3.0229,0.0,0.0,5.3247,0.0,0.0,66.1574,3.0229,0.0,0.0,3.6187,0.0,0.0,93.687,3.6037,B2,word_pos,valider,V,valider,VER
atomique,ADJ,B2,beacco,0.0,3.0173,0.0,0.0,0.3618,0.0,27.9104,19.4814,3.0173,0.0,0.0,0.6378,0.0,24.0018,12.833,3.222,B2,word_pos,atomique,A,atomique,ADJ
hop,INT,B2,beacco,0.0,3.0149,,,,,,,,1.2635,0.606,0.373,0.0,12.0009,0.0,3.0149,B2,beacco_only,,,hop,INT
orchestre,NOUN,B2,beacco,0.0,3.0149,2.4411,0.3209,1.7718,0.0,9.3035,9.6228,3.0149,2.4226,0.6228,3.4415,0.0,6.0005,19.328,4.7085,B2,word_pos,orchestre,N,orchestre,NOM
introduction,NOUN,B2,beacco,0.0,2.9984,0.0,0.2035,4.0095,0.0,10.2524,0.0,2.9984,0.0,0.0,7.7266,0.0,4.139,0.0,2.526,B2,word_pos,introduction,N,introduction,NOM
parenthèse,NOUN,B2,beacco,0.0,2.9779,0.0,0.0,0.0,0.0,18.6069,33.8071,2.9779,0.0,0.0,0.0,1.2705,12.0009,50.4231,3.2864,B2,word_pos,parenthèse,N,parenthèse,NOM
prescription,NOUN,B2,beacco,0.0,2.9689,0.0,0.0,2.8675,0.0,26.6563,0.0,2.9689,0.0,0.0,3.5101,0.0,37.2512,0.0,4.9017,B2,word_pos,prescription,N,prescription,NOM
saigner,VERB,B2,beacco,0.0,2.9568,0.0,0.1076,12.1884,0.0,0.0,0.0,2.9568,0.0,0.186,12.2721,0.0,0.0,0.0,2.9075,B2,word_pos,saigner,V,saigner,VER
quelconque,ADJ,B2,beacco,0.0,2.955,0.0,0.0,4.3398,0.0,25.3674,0.0,2.955,0.0,0.0,5.09,0.0,20.024,0.0,2.8458,B2,word_pos,quelconque,A,quelconque,ADJ
végétal,NOUN,B2,beacco,0.0,2.9501,0.4068,1.1107,0.6802,0.0,6.2023,2.0587,2.9501,0.8075,0.0,0.5857,0.0,6.0005,4.0185,2.3082,B2,word_pos,végétal,N,végétal,NOM
tourne,NOUN,B2,beacco,0.0,2.9477,9.325,3.447,2.5602,0.0,0.0,0.0,2.9477,0.0,0.7079,3.1488,0.0,0.0,0.0,1.0042,B2,word_pos,tourne,N,tourne,NOM
placement,NOUN,B2,beacco,0.0,2.9377,0.0,0.0,2.1708,0.0,22.5554,0.0,2.9377,0.0,0.0,1.2756,0.0,16.5561,0.0,2.2301,B2,word_pos,placement,N,placement,NOM
look,NOUN,B2,beacco,0.0,2.9336,0.4068,0.0,10.8657,0.0,0.0,0.0,2.9336,0.8075,0.0,10.2267,0.0,0.0,0.0,3.0986,B2,word_pos,look,N,look,NOM
filière,NOUN,B2,beacco,0.0,2.9215,0.0,0.0,2.864,0.0,13.8696,32.4689,2.9215,0.0,0.0,3.6187,0.0,27.9938,25.6659,4.2117,B2,word_pos,filière,N,filière,NOM
biologie,NOUN,B2,beacco,0.0,2.9119,0.0,0.0,1.4233,0.0,31.0115,0.0,2.9119,0.0,0.0,2.5235,0.0,18.0014,0.0,2.7739,B2,word_pos,biologie,N,biologie,NOM
fruiter,VERB,B2,beacco,0.0,2.9064,0.0,0.0,1.0854,0.0,3.1012,53.1327,2.9064,0.0,0.0,0.6378,0.0,6.0005,0.0,0.7013,B2,word_pos,fruiter,V,fruiter,VER
clinique,ADJ,B2,beacco,0.0,2.892,0.0,0.0,1.0854,0.0,12.4046,48.1138,2.892,0.0,0.0,0.6378,0.0,12.0009,57.984,2.3105,B2,word_pos,clinique,A,clinique,ADJ
renforcement,NOUN,B2,beacco,0.0,2.877,0.0,0.0,0.4081,0.0,43.9774,0.0,2.877,0.0,0.0,0.8634,0.0,36.8208,0.0,2.9486,B2,word_pos,renforcement,N,renforcement,NOM
espionner,VERB,B2,beacco,0.0,2.8769,1.005,0.1897,1.6324,0.0,0.0,0.0,2.8769,0.0,0.2065,0.8634,0.0,0.0,0.0,0.911,B2,word_pos,espionner,V,espionner,VER
révolutionnaire,NOUN,B2,beacco,0.0,2.8616,0.0,0.0,14.6618,0.0,0.0,0.0,2.8616,0.0,0.0,10.0652,0.0,0.0,0.0,2.022,B2,word_pos,révolutionnaire,N,révolutionnaire,NOM
armé,ADJ,B2,beacco,0.0,2.8574,0.0,0.6418,0.9463,0.0,0.0,10.2933,2.8574,0.8346,0.0,3.5058,0.0,4.139,0.0,2.1471,B2,word_pos,armé,A,armé,ADJ
cristaux,NOUN,B2,beacco,0.0,2.8542,,,,,,,,0.0,0.1937,0.0,0.0,36.0028,0.0,2.8542,B2,beacco_only,,,cristaux,NOM
friche,NOUN,B2,beacco,0.0,2.8483,0.0,0.0,8.4431,0.0,9.3035,0.0,2.8483,0.0,0.0,7.6148,0.0,6.0005,0.0,2.4602,B2,word_pos,friche,N,friche,NOM
démon,NOUN,B2,beacco,0.0,2.848,0.0,0.2152,9.2425,0.0,0.0,0.0,2.848,0.0,0.3721,6.7571,0.0,0.0,0.0,2.1748,B2,word_pos,démon,N,démon,NOM
courber,VERB,B2,beacco,0.0,2.8475,0.0,0.0,7.0531,0.0,12.4046,0.0,2.8475,0.0,0.0,17.8716,0.0,18.0014,0.0,5.9438,B2,word_pos,courber,V,courber,VER
collaboration,NOUN,B2,beacco,0.0,2.8445,0.0,0.4234,0.0,0.0,40.315,0.0,2.8445,0.0,0.4157,0.0,0.0,30.0023,0.0,2.391,B2,word_pos,collaboration,N,collaboration,NOM
excepter,VERB,B2,beacco,0.0,2.8432,0.8215,0.0,4.195,0.0,3.2084,6.4938,2.8432,0.0,0.0,3.7679,0.0,3.4423,12.833,2.5732,B2,word_pos,excepter,V,excepter,VER
devise,NOUN,B2,beacco,0.0,2.8417,0.0,0.0,14.1559,0.0,0.0,0.0,2.8417,0.0,0.0,17.4407,0.0,0.0,0.0,3.6189,B2,word_pos,devise,N,devise,NOM
surveillant,NOUN,B2,beacco,0.0,2.8405,1.1453,0.0,7.2135,0.0,0.0,0.0,2.8405,2.3113,0.0,2.3597,0.0,0.0,0.0,2.5176,B2,word_pos,surveillant,N,surveillant,NOM
durablement,ADV,B2,beacco,0.0,2.8397,0.0,0.0,0.0,0.0,45.7939,19.2455,2.8397,0.0,0.0,0.0,0.0,51.4303,19.328,2.773,B2,word_pos,durablement,ADV,durablement,ADV
miel,NOUN,B2,beacco,0.0,2.8387,1.0394,0.0948,0.7097,0.0,3.1012,4.1173,2.8387,1.1123,0.2065,0.438,0.0,6.0005,4.0185,2.8769,B2,word_pos,miel,N,miel,NOM
détention,NOUN,B2,beacco,0.0,2.8355,0.0,0.0,0.6122,0.0,41.8407,0.0,2.8355,0.0,0.0,0.4317,0.0,31.3528,0.0,2.1505,B2,word_pos,détention,N,détention,NOM
grec,NOUN,B2,beacco,0.0,2.8268,0.0,0.0,8.1481,0.0,2.0505,2.0587,2.8268,0.0,0.0,0.3906,0.0,4.139,0.0,0.6261,B2,word_pos,grec,N,grec,NOM
agglomération,NOUN,B2,beacco,0.0,2.8266,0.0,0.2527,3.7222,0.0,25.3674,0.0,2.8266,0.0,0.5137,2.6419,0.0,31.3528,0.0,4.8278,B2,word_pos,agglomération,N,agglomération,NOM
célébrité,NOUN,B2,beacco,0.0,2.8257,0.0,0.3702,11.1399,0.0,0.0,0.0,2.8257,0.0,0.606,15.1889,0.0,0.0,0.0,4.2764,B2,word_pos,célébrité,N,célébrité,NOM
défigurer,VERB,B2,beacco,0.0,2.8244,0.0,0.0,7.3258,0.0,12.7628,0.0,2.8244,0.0,0.0,7.1001,0.0,20.024,0.0,3.4864,B2,word_pos,défigurer,V,défigurer,VER
détermination,NOUN,B2,beacco,0.0,2.8115,0.0,0.0,0.2076,0.0,29.7295,19.4814,2.8115,0.0,0.0,3.2407,0.0,20.024,12.833,3.329,B2,word_pos,détermination,N,détermination,NOM
réservé,ADJ,B2,beacco,0.0,2.8105,1.1453,0.2439,2.8448,0.0,3.1012,9.6228,2.8105,1.1556,0.4664,0.0,0.0,0.0,19.328,1.334,B2,word_pos,réservé,A,réservé,ADJ
compenser,VERB,B2,beacco,0.0,2.8071,0.0,0.0,0.0,0.0,33.2874,38.491,2.8071,0.0,0.0,0.0,0.0,40.1357,57.984,3.2116,B2,word_pos,compenser,V,compenser,VER
monture,NOUN,B2,beacco,0.0,2.8067,0.5025,0.0,10.3961,0.0,0.0,0.0,2.8067,0.0,0.0,8.1749,0.0,0.0,0.0,1.6279,B2,word_pos,monture,N,monture,NOM
accentuer,VERB,B2,beacco,0.0,2.8045,0.0,0.0,0.7236,0.0,16.8923,28.5334,2.8045,0.0,0.0,0.6378,0.0,20.6179,56.7717,2.7725,B2,word_pos,accentuer,V,accentuer,VER
trompette,NOUN,B2,beacco,0.0,2.7988,0.0,0.0,14.0439,0.0,0.0,0.0,2.7988,0.0,0.0,14.6805,0.0,0.0,0.0,3.1621,B2,word_pos,trompette,N,trompette,NOM
soustraction,NOUN,B2,beacco,0.0,2.7952,0.0,0.4234,0.4732,0.0,12.8336,0.0,2.7952,0.0,0.4157,0.438,0.0,6.8846,0.0,1.9101,B2,word_pos,soustraction,N,soustraction,NOM
impuissance,NOUN,B2,beacco,0.0,2.7878,0.0,0.0,0.2076,0.0,16.4039,28.8683,2.7878,0.0,0.0,0.3906,0.0,8.2781,19.328,1.9931,B2,word_pos,impuissance,N,impuissance,NOM
égoïsme,NOUN,B2,beacco,0.0,2.7842,0.0,0.0,2.8992,0.0,27.7392,0.0,2.7842,0.0,0.0,3.5206,0.0,20.6179,0.0,2.4393,B2,word_pos,égoïsme,N,égoïsme,NOM
top,NOUN,B2,beacco,0.0,2.7732,0.2738,0.0,1.5844,0.0,6.2023,28.8683,2.7732,0.5987,0.0,6.7916,0.0,40.1357,19.328,6.2353,B2,word_pos,top,N,top,NOM
élimination,NOUN,B2,beacco,0.0,2.7706,0.0,1.4809,2.4869,0.0,6.1515,0.0,2.7706,0.0,0.606,3.6187,0.0,8.2781,0.0,3.2411,B2,word_pos,élimination,N,élimination,NOM
artériel,ADJ,B2,beacco,0.0,2.7658,0.0,0.0,0.0,0.0,12.4046,117.0576,2.7658,0.0,0.0,0.0,0.0,6.0005,77.4712,1.5825,B2,word_pos,artériel,A,artériel,ADJ
angoisser,VERB,B2,beacco,0.0,2.7533,0.0,0.0,14.38,0.0,0.0,0.0,2.7533,1.1973,0.0,3.5101,0.0,31.3528,0.0,3.4096,B2,word_pos,angoisser,V,angoisser,VER
monté,ADJ,B2,beacco,0.0,2.7483,0.0,0.4413,0.4538,0.0,6.4168,0.0,2.7483,0.0,0.0,0.7513,0.0,3.4423,4.0185,1.2443,B2,word_pos,monté,A,monté,ADJ
patrice,NOUN,B2,beacco,0.0,2.7458,,,,,,,,2.5271,0.5137,3.4688,0.0,0.0,0.0,2.7458,B2,beacco_only,,,patrice,NOM
supporter,NOUN,B2,beacco,0.0,2.744,0.3158,0.3918,2.5199,0.0,9.3035,0.0,2.744,0.6291,0.1865,7.6379,0.0,18.0014,0.0,5.5689,B2,word_pos,supporter,N,supporter,NOM
glorieux,ADJ,B2,beacco,0.0,2.7356,0.0,0.0,6.2856,0.0,8.2019,0.0,2.7356,0.0,0.0,3.5861,0.8102,4.139,0.0,2.3279,B2,word_pos,glorieux,A,glorieux,ADJ
hurlement,NOUN,B2,beacco,0.0,2.7317,1.2043,0.0,5.2312,0.0,0.0,0.0,2.7317,0.7319,0.0,14.3078,0.0,0.0,0.0,4.4411,B2,word_pos,hurlement,N,hurlement,NOM
rigolo,ADJ,B2,beacco,0.0,2.7315,0.0,0.6342,9.5475,0.0,0.0,0.0,2.7315,0.0,0.6008,5.1837,0.0,0.0,0.0,1.9784,B2,word_pos,rigolo,A,rigolo,ADJ
toux,NOUN,B2,beacco,0.0,2.7273,1.5912,2.0673,0.3274,0.0,0.0,0.0,2.7273,1.4569,1.0679,0.2487,0.0,0.0,0.0,1.5973,B2,word_pos,toux,N,toux,NOM
cohabiter,VERB,B2,beacco,0.0,2.7265,0.4996,0.331,0.4538,0.0,3.1012,9.6228,2.7265,0.9464,0.2129,0.2504,0.0,6.0005,19.328,2.3197,B2,word_pos,cohabiter,V,cohabiter,VER
rondelle,NOUN,B2,beacco,0.0,2.7261,0.2652,0.0,5.6049,0.0,0.0,0.0,2.7261,0.4856,0.0,1.1717,0.0,0.0,0.0,1.2921,B2,word_pos,rondelle,N,rondelle,NOM
préalable,ADJ,B2,beacco,0.0,2.7256,0.0,0.0,0.3618,0.0,31.3338,12.9876,2.7256,0.0,0.0,0.6378,1.2705,26.3397,12.833,4.1638,B2,word_pos,préalable,A,préalable,ADJ
snobisme,NOUN,B2,beacco,0.0,2.718,0.0,0.6418,0.0906,0.0,12.8336,0.0,2.718,0.0,0.6228,0.185,0.0,6.8846,0.0,1.3782,B2,word_pos,snobisme,N,snobisme,NOM
plastique,ADJ,B2,beacco,0.0,2.7143,0.0,0.6418,0.7097,0.0,20.7298,0.0,2.7143,0.0,0.6228,1.3139,0.0,6.0005,0.0,2.2208,B2,word_pos,plastique,A,plastique,ADJ
formellement,ADV,B2,beacco,0.0,2.7133,0.0,0.0,3.7826,0.0,1.6042,38.491,2.7133,0.0,0.0,3.4815,0.0,3.4423,19.328,2.445,B2,word_pos,formellement,ADV,formellement,ADV
arrière,ADJ,B2,beacco,0.0,2.7034,0.0,0.0,9.0271,0.0,9.3035,0.0,2.7034,0.0,0.0,5.7122,0.0,6.0005,0.0,1.7389,B2,word_pos,arrière,A,arrière,ADJ
bienfait,NOUN,B2,beacco,0.0,2.7024,0.0,0.0,2.5675,0.0,1.6042,51.9503,2.7024,0.0,0.0,2.6879,0.0,3.4423,38.4989,3.8514,B2,word_pos,bienfait,N,bienfait,NOM
subtilité,NOUN,B2,beacco,0.0,2.6936,0.0,0.0,10.6999,0.0,1.6042,0.0,2.6936,0.0,0.0,7.6148,0.0,3.4423,0.0,2.5213,B2,word_pos,subtilité,N,subtilité,NOM
aigle,NOUN,B2,beacco,0.0,2.6912,0.0,0.0,7.5387,0.0,12.4046,0.0,2.6912,0.0,0.0,10.7295,0.0,6.0005,0.0,2.4797,B2,word_pos,aigle,N,aigle,NOM
lustre,NOUN,B2,beacco,0.0,2.6908,0.0,0.3209,3.6045,0.0,0.0,25.5316,2.6908,0.0,0.6228,6.2984,0.0,0.0,43.8345,3.8812,B2,word_pos,lustre,N,lustre,NOM
productivité,NOUN,B2,beacco,0.0,2.6805,0.0,0.0,0.1812,0.0,39.3132,0.0,2.6805,0.0,0.0,0.185,0.0,34.1646,0.0,2.4691,B2,word_pos,productivité,N,productivité,NOM
manufacture,NOUN,B2,beacco,0.0,2.6796,0.0,2.7754,1.1551,0.0,0.0,0.0,2.6796,0.0,5.6629,1.1656,0.0,0.0,0.0,0.7252,B2,word_pos,manufacture,N,manufacture,NOM
désaccord,NOUN,B2,beacco,0.0,2.6794,0.0,0.8468,4.1291,0.0,0.0,6.4938,2.6794,0.0,0.4157,0.5857,0.0,0.0,12.833,1.3081,B2,word_pos,désaccord,N,désaccord,NOM
verdure,NOUN,B2,beacco,0.0,2.6789,0.5025,0.0,7.8546,0.0,0.0,6.4938,2.6789,0.9051,0.0,12.2943,0.0,0.0,12.833,4.796,B2,word_pos,verdure,N,verdure,NOM
abolition,NOUN,B2,beacco,0.0,2.6781,0.0,0.0,0.2076,0.0,48.7271,0.0,2.6781,0.0,0.0,0.3906,0.0,50.2393,0.0,3.5282,B2,word_pos,abolition,N,abolition,NOM
libéralisation,NOUN,B2,beacco,0.0,2.6774,0.0,0.0,0.2916,0.0,16.4039,19.4814,2.6774,0.0,0.0,0.5531,0.0,8.2781,38.4989,2.0059,B2,word_pos,libéralisation,N,libéralisation,NOM
plongée,NOUN,B2,beacco,0.0,2.6708,0.0,0.3209,0.4538,0.0,12.4046,12.9876,2.6708,0.0,0.6228,0.2504,0.0,6.0005,0.0,1.3393,B2,word_pos,plongée,N,plongée,NOM
pathologie,NOUN,B2,beacco,0.0,2.6609,0.0,0.0,0.0,0.0,18.4508,72.7833,2.6609,0.0,0.0,0.0,0.0,19.861,77.4712,2.4442,B2,word_pos,pathologie,N,pathologie,NOM
lièvre,NOUN,B2,beacco,0.0,2.638,0.0,5.3384,2.5602,0.0,0.0,0.0,2.638,0.0,4.7828,0.2331,0.0,0.0,0.0,1.0142,B2,word_pos,lièvre,N,lièvre,NOM
allongement,NOUN,B2,beacco,0.0,2.6369,0.0,0.0,9.8431,0.0,0.0,6.4938,2.6369,0.0,0.0,7.8476,0.0,0.0,12.833,2.5556,B2,word_pos,allongement,N,allongement,NOM
expérimental,ADJ,B2,beacco,0.0,2.6322,0.0,0.0,0.2076,0.0,47.1826,0.0,2.6322,0.0,0.0,0.3906,0.0,31.3781,0.0,2.0827,B2,word_pos,expérimental,A,expérimental,ADJ
découler,VERB,B2,beacco,0.0,2.6165,0.0,0.0,0.1395,0.0,33.1658,9.6228,2.6165,0.0,0.0,0.1219,0.0,29.205,19.328,3.094,B2,word_pos,découler,V,découler,VER
déjouer,VERB,B2,beacco,0.0,2.6104,0.0,1.4809,0.2041,0.0,18.6069,0.0,2.6104,0.0,0.606,0.4317,0.0,6.0005,0.0,1.4589,B2,word_pos,déjouer,V,déjouer,VER
ciment,NOUN,B2,beacco,0.0,2.6103,0.0,0.0,1.4472,0.0,31.0115,0.0,2.6103,0.0,0.0,1.2756,0.0,12.0009,0.0,1.4026,B2,word_pos,ciment,N,ciment,NOM
redécouvrir,VERB,B2,beacco,0.0,2.6086,0.0,0.0,6.0102,0.0,20.4505,0.0,2.6086,0.0,0.0,3.3228,0.0,31.3781,0.0,3.1052,B2,word_pos,redécouvrir,V,redécouvrir,VER
meurtrier,NOUN,B2,beacco,0.0,2.5926,0.3983,0.0,9.2455,0.0,0.0,0.0,2.5926,0.0,0.0,3.1735,0.0,0.0,0.0,0.7046,B2,word_pos,meurtrier,N,meurtrier,NOM
préparatif,NOUN,B2,beacco,0.0,2.592,0.0,0.6418,1.8359,0.0,12.4046,0.0,2.592,0.0,0.6228,3.2268,0.0,6.0005,0.0,2.337,B2,word_pos,préparatif,N,préparatif,NOM
référer,VERB,B2,beacco,0.0,2.5912,0.0,0.0,0.8749,0.0,0.0,70.0647,2.5912,0.0,0.0,0.5531,0.0,0.0,50.4231,1.9282,B2,word_pos,référer,V,référer,VER
tel,NOUN,B2,beacco,0.0,2.5911,,,,,,,,0.0,0.0,5.3942,0.0,3.4423,4.0185,2.5911,B2,beacco_only,,,tel,NOM
simultanément,ADV,B2,beacco,0.0,2.5895,0.0,0.0,0.3014,0.0,39.395,0.0,2.5895,0.0,0.0,0.3059,0.0,31.3528,0.0,2.0413,B2,word_pos,simultanément,ADV,simultanément,ADV
refroidissement,NOUN,B2,beacco,0.0,2.5865,0.0,0.0,3.7572,0.0,19.6134,0.0,2.5865,0.0,0.0,4.768,0.0,19.861,0.0,3.0982,B2,word_pos,refroidissement,N,refroidissement,NOM
hésitant,ADJ,B2,beacco,0.0,2.5864,0.0,0.1425,8.6447,0.0,0.0,0.0,2.5864,0.0,0.2891,8.5253,0.0,0.0,0.0,3.0141,B2,word_pos,hésitant,A,hésitant,ADJ
enseigne,NOUN,B2,beacco,0.0,2.5691,0.0,0.4234,8.4912,0.0,0.0,0.0,2.5691,0.0,0.4157,7.7117,0.0,0.0,0.0,2.3182,B2,word_pos,enseigne,N,enseigne,NOM
vite,ADJ,B2,beacco,0.0,2.5684,0.4068,12.1429,0.0,0.0,0.0,0.0,2.5684,0.0,5.0483,0.0,0.0,0.0,0.0,0.6952,B2,word_pos,vite,A,vite,ADJ
contracter,VERB,B2,beacco,0.0,2.5677,0.4996,0.8468,2.3245,0.0,0.0,6.4938,2.5677,0.0,0.4157,3.5156,0.0,0.0,12.833,2.2967,B2,word_pos,contracter,V,contracter,VER
charrette,NOUN,B2,beacco,0.0,2.5666,8.7635,0.3228,0.0,0.0,0.0,0.0,2.5666,7.511,0.186,0.0,0.0,0.0,0.0,2.0536,B2,word_pos,charrette,N,charrette,NOM
simplification,NOUN,B2,beacco,0.0,2.5634,0.0,0.0,0.0,0.0,26.7495,48.1138,2.5634,0.0,0.0,0.0,0.0,4.139,19.328,0.7913,B2,word_pos,simplification,N,simplification,NOM
locuteur,NOUN,B2,beacco,0.0,2.5615,0.0,0.0,11.9493,0.0,0.0,9.6228,2.5615,0.0,0.0,7.143,0.0,0.0,19.328,2.323,B2,word_pos,locuteur,N,locuteur,NOM
carrément,ADV,B2,beacco,0.0,2.5526,0.0,0.4879,2.8649,0.0,13.3747,0.0,2.5526,0.0,0.4664,3.5822,0.0,19.861,0.0,3.5825,B2,word_pos,carrément,ADV,carrément,ADV
nomade,ADJ,B2,beacco,0.0,2.542,0.0,0.0,6.6943,0.0,0.0,28.8683,2.542,0.0,0.0,9.5298,0.0,0.0,19.328,3.0201,B2,word_pos,nomade,A,nomade,ADJ
chef-lieu,NOUN,B2,beacco,0.0,2.5402,,,,,,,,4.96,0.6008,0.5008,0.0,3.4423,0.0,2.5402,B2,beacco_only,,,chef-lieu,NOM
modalité,NOUN,B2,beacco,0.0,2.5367,0.0,0.0,8.9636,0.0,6.2023,0.0,2.5367,0.0,0.0,6.7488,0.0,6.0005,0.0,2.1218,B2,word_pos,modalité,N,modalité,NOM
honnêteté,NOUN,B2,beacco,0.0,2.5195,0.0,0.0,10.0675,0.0,1.6042,0.0,2.5195,0.0,0.0,7.5611,0.0,3.4423,0.0,2.5185,B2,word_pos,honnêteté,N,honnêteté,NOM
harmonieux,ADJ,B2,beacco,0.0,2.5192,0.0,0.0,5.6732,0.0,12.4046,0.0,2.5192,0.0,0.0,3.5051,0.0,12.0009,0.0,2.1333,B2,word_pos,harmonieux,A,harmonieux,ADJ
bailleur,NOUN,B2,beacco,0.0,2.5153,0.0,0.0,1.809,0.0,13.3747,9.6228,2.5153,0.0,0.0,0.6378,0.0,27.403,19.328,3.0093,B2,word_pos,bailleur,N,bailleur,NOM
pénal,ADJ,B2,beacco,0.0,2.5145,0.0,0.0,12.994,0.0,0.0,0.0,2.5145,0.0,0.0,15.421,0.0,0.0,0.0,3.1449,B2,word_pos,pénal,A,pénal,ADJ
dévouement,NOUN,B2,beacco,0.0,2.5134,0.0,0.0,14.6954,0.0,0.0,0.0,2.5134,0.0,0.0,14.2547,0.0,0.0,0.0,2.6538,B2,word_pos,dévouement,N,dévouement,NOM
blessé,ADJ,B2,beacco,0.0,2.5096,0.3983,1.0408,3.7042,0.0,0.0,0.0,2.5096,0.0,0.7079,0.438,0.0,0.0,0.0,0.7046,B2,word_pos,blessé,A,blessé,ADJ
odorat,NOUN,B2,beacco,0.0,2.5096,1.1385,0.2117,0.0,0.0,3.1012,10.2933,2.5096,1.1764,0.4157,0.0,0.0,6.0005,4.0185,2.2135,B2,word_pos,odorat,N,odorat,NOM
hautain,ADJ,B2,beacco,0.0,2.5089,0.5025,0.0,4.6588,0.0,6.2023,0.0,2.5089,0.0,0.0,3.5736,0.0,6.0005,0.0,1.4794,B2,word_pos,hautain,A,hautain,ADJ
gymnastique,NOUN,B2,beacco,0.0,2.5015,3.5573,0.0,0.8304,0.0,3.1012,6.4938,2.5015,6.9049,0.0,0.3906,0.0,6.0005,12.833,2.8508,B2,word_pos,gymnastique,N,gymnastique,NOM
alpin,ADJ,B2,beacco,0.0,2.4943,0.1633,0.0,3.3704,0.0,6.1515,0.0,2.4943,0.171,0.0,3.1652,0.0,4.139,0.0,1.2853,B2,word_pos,alpin,A,alpin,ADJ
mâle,ADJ,B2,beacco,0.0,2.4895,0.0,0.0,0.7236,0.0,38.4493,0.0,2.4895,0.0,0.0,0.6378,0.0,20.024,0.0,1.5619,B2,word_pos,mâle,A,mâle,ADJ
involontaire,ADJ,B2,beacco,0.0,2.4888,0.0,0.0,0.5833,0.0,35.0096,0.0,2.4888,0.0,0.0,0.5531,0.0,33.4475,0.0,2.2913,B2,word_pos,involontaire,A,involontaire,ADJ
caprice,NOUN,B2,beacco,0.0,2.468,0.0,0.0,12.8921,0.0,0.0,0.0,2.468,0.0,0.0,7.0917,0.0,0.0,0.0,1.5463,B2,word_pos,caprice,N,caprice,NOM
généticien,NOUN,B2,beacco,0.0,2.4669,0.0,0.0,0.6343,0.0,0.0,20.5867,2.4669,0.0,0.0,0.185,0.0,0.0,8.037,1.0381,B2,word_pos,généticien,N,généticien,NOM
destruction,NOUN,B2,beacco,0.0,2.4588,0.0,0.0,0.3765,0.0,24.3636,6.4938,2.4588,0.0,0.0,0.3933,0.0,41.2358,12.833,3.2106,B2,word_pos,destruction,N,destruction,NOM
refroidir,VERB,B2,beacco,0.0,2.4582,0.0,0.0,0.0,0.0,62.4654,0.0,2.4582,0.0,0.0,0.0,0.0,78.6751,0.0,3.1548,B2,word_pos,refroidir,V,refroidir,VER
marron,NOUN,B2,beacco,0.0,2.454,3.5922,0.0,0.0,0.0,8.2019,19.2455,2.454,7.056,0.0,0.0,0.0,4.139,0.0,1.0073,B2,word_pos,marron,N,marron,NOM
oeuvrer,VERB,B2,beacco,0.0,2.4529,0.0,0.0,6.7833,0.0,2.0505,9.6228,2.4529,0.0,0.0,4.765,0.0,4.139,19.328,2.9421,B2,word_pos,oeuvrer,V,oeuvrer,VER
parallèle,ADJ,B2,beacco,0.0,2.4462,0.5081,0.0,1.7498,0.0,6.1515,0.0,2.4462,0.5504,0.0,5.1436,0.0,20.6179,0.0,3.393,B2,word_pos,parallèle,A,parallèle,ADJ
amplifier,VERB,B2,beacco,0.0,2.4461,0.0,0.0,5.3762,0.0,8.2019,0.0,2.4461,0.0,0.0,7.557,0.0,8.2781,0.0,3.2125,B2,word_pos,amplifier,V,amplifier,VER
timidement,ADV,B2,beacco,0.0,2.4455,0.0,0.2599,8.9596,0.0,0.0,0.0,2.4455,0.0,0.5213,7.56,0.0,0.0,0.0,2.4652,B2,word_pos,timidement,ADV,timidement,ADV
commentateur,NOUN,B2,beacco,0.0,2.4345,0.0,0.0,5.2526,0.0,12.7628,0.0,2.4345,0.0,0.0,3.4815,0.0,20.024,0.0,2.445,B2,word_pos,commentateur,N,commentateur,NOM
marcher,NOUN,B2,beacco,0.0,2.4345,,,,,,,,1.1556,0.0,7.5724,0.0,0.0,0.0,2.4345,B2,beacco_only,,,marcher,NOM
pavaner,VERB,B2,beacco,0.0,2.4343,0.5025,0.0,6.0464,0.0,3.1012,0.0,2.4343,0.0,0.0,3.5736,0.0,6.0005,0.0,1.4794,B2,word_pos,pavaner,V,pavaner,VER
imposition,NOUN,B2,beacco,0.0,2.4305,0.0,0.0,0.0,0.0,21.8856,76.982,2.4305,0.0,0.0,0.0,0.0,19.861,38.656,2.2285,B2,word_pos,imposition,N,imposition,NOM
révélateur,ADJ,B2,beacco,0.0,2.4301,0.0,0.0,0.3618,0.0,6.4168,48.0277,2.4301,0.0,0.0,0.6378,0.0,3.4423,56.7717,2.579,B2,word_pos,révélateur,A,révélateur,ADJ
collier,NOUN,B2,beacco,0.0,2.4259,0.0,0.6418,7.4527,0.0,0.0,0.0,2.4259,0.0,0.6228,9.8066,0.0,0.0,0.0,3.0713,B2,word_pos,collier,N,collier,NOM
médiatiser,VERB,B2,beacco,0.0,2.4245,0.0,2.2462,0.2916,0.0,3.1012,28.8683,2.4245,0.0,0.6228,0.5531,0.0,6.0005,19.328,2.1791,B2,word_pos,médiatiser,V,médiatiser,VER
ruse,NOUN,B2,beacco,0.0,2.4242,0.0,0.0,2.8675,0.0,6.4168,9.6228,2.4242,0.0,0.0,3.5101,0.0,6.8846,19.328,3.0409,B2,word_pos,ruse,N,ruse,NOM
statistique,ADJ,B2,beacco,0.0,2.423,0.0,0.0,0.6802,0.0,20.5049,2.0587,2.423,0.0,0.0,0.5857,0.0,8.2781,4.0185,2.1409,B2,word_pos,statistique,A,statistique,ADJ
guichet,NOUN,B2,beacco,0.0,2.4195,1.005,0.0,2.1102,0.0,4.8126,0.0,2.4195,0.9051,0.0,2.5994,0.0,10.3269,0.0,3.724,B2,word_pos,guichet,N,guichet,NOM
biotechnologie,NOUN,B2,beacco,0.0,2.4139,0.4068,0.0,0.0,0.0,37.2138,0.0,2.4139,0.8075,0.0,0.0,0.0,12.0009,0.0,1.0089,B2,word_pos,biotechnologie,N,biotechnologie,NOM
fanfare,NOUN,B2,beacco,0.0,2.4059,0.0,0.0,12.8182,0.0,0.0,0.0,2.4059,0.0,0.0,11.8111,0.0,0.0,0.0,2.3182,B2,word_pos,fanfare,N,fanfare,NOM
sonnerie,NOUN,B2,beacco,0.0,2.4044,0.0,0.3209,4.8743,0.0,6.2023,0.0,2.4044,0.0,0.6228,7.4034,0.0,6.0005,0.0,3.477,B2,word_pos,sonnerie,N,sonnerie,NOM
sacrifier,VERB,B2,beacco,0.0,2.3843,7.2746,0.0,0.7236,0.0,6.1515,0.0,2.3843,7.0973,0.0,0.6378,0.0,4.139,0.0,1.9731,B2,word_pos,sacrifier,V,sacrifier,VER
narrateur,NOUN,B2,beacco,0.0,2.3805,0.0,9.8015,0.4589,0.0,0.0,0.0,2.3805,0.0,4.8826,0.487,0.0,0.0,0.0,1.5376,B2,word_pos,narrateur,N,narrateur,NOM
moqueur,ADJ,B2,beacco,0.0,2.3759,0.2652,0.3918,0.6884,0.0,3.2084,0.0,2.3759,0.4856,0.1865,3.2049,0.0,3.4423,0.0,3.0646,B2,word_pos,moqueur,A,moqueur,ADJ
appréciation,NOUN,B2,beacco,0.0,2.3696,0.0,0.0,4.6661,0.0,0.0,28.8683,2.3696,0.0,0.0,1.1062,0.0,0.0,38.656,1.3442,B2,word_pos,appréciation,N,appréciation,NOM
redresser,VERB,B2,beacco,0.0,2.3684,0.3983,1.1107,3.0992,0.0,0.0,0.0,2.3684,0.8346,0.606,3.5679,0.0,0.0,0.0,2.3061,B2,word_pos,redresser,V,redresser,VER
engendrer,VERB,B2,beacco,0.0,2.3644,0.0,0.0,0.3618,0.0,27.2438,9.6228,2.3644,0.0,0.0,0.6378,0.0,39.7963,19.328,3.5562,B2,word_pos,engendrer,V,engendrer,VER
arrondir,VERB,B2,beacco,0.0,2.3572,0.5081,1.2702,0.1637,0.0,0.0,0.0,2.3572,1.1008,0.4157,2.6879,0.0,0.0,0.0,2.2716,B2,word_pos,arrondir,V,arrondir,VER
suprême,ADJ,B2,beacco,0.0,2.3523,0.0,0.0,1.5864,0.0,2.0505,56.9312,2.3523,0.0,0.0,2.5235,0.0,4.139,56.7717,3.1512,B2,word_pos,suprême,A,suprême,ADJ
abondance,NOUN,B2,beacco,0.0,2.3511,0.0,0.0,4.4796,0.0,8.2019,0.0,2.3511,0.0,0.0,4.9077,0.0,4.139,0.0,1.9782,B2,word_pos,abondance,N,abondance,NOM
immatériel,ADJ,B2,beacco,0.0,2.3502,0.0,0.0,0.7097,0.0,8.2019,19.2455,2.3502,0.0,0.0,0.438,0.0,4.139,19.328,1.6033,B2,word_pos,immatériel,A,immatériel,ADJ
jouteur,NOUN,B2,beacco,0.0,2.3446,0.3983,0.0,7.5144,0.0,0.0,0.0,2.3446,0.8346,0.0,2.3426,0.0,0.0,0.0,1.7068,B2,word_pos,jouteur,N,jouteur,NOM
exportation,NOUN,B2,beacco,0.0,2.3437,1.2043,0.4234,0.0,0.0,10.2524,0.0,2.3437,0.7319,0.4157,0.0,0.0,8.2781,0.0,1.8998,B2,word_pos,exportation,N,exportation,NOM
prédiction,NOUN,B2,beacco,0.0,2.3412,0.0,0.0,5.2284,0.0,6.1515,0.0,2.3412,0.0,0.0,1.3139,0.0,4.139,0.0,1.0898,B2,word_pos,prédiction,N,prédiction,NOM
méprisant,ADJ,B2,beacco,0.0,2.3342,1.9862,0.0,5.2874,0.0,0.0,0.0,2.3342,1.2635,0.0,0.487,0.0,0.0,0.0,0.6185,B2,word_pos,méprisant,A,méprisant,ADJ
livraison,NOUN,B2,beacco,0.0,2.3328,0.0,0.0,2.8761,0.0,9.6252,0.0,2.3328,0.0,0.0,2.8589,0.0,3.4423,0.0,1.556,B2,word_pos,livraison,N,livraison,NOM
inédit,ADJ,B2,beacco,0.0,2.3316,0.0,0.0,4.7423,0.0,8.2019,0.0,2.3316,0.0,0.0,4.7503,0.0,4.139,0.0,1.9133,B2,word_pos,inédit,A,inédit,ADJ
loterie,NOUN,B2,beacco,0.0,2.3261,0.0,0.0,0.9463,0.0,9.3035,19.2455,2.3261,0.0,0.0,0.438,0.0,6.0005,19.328,1.1997,B2,word_pos,loterie,N,loterie,NOM
rocher,VERB,B2,beacco,0.0,2.3232,1.2043,0.0,5.2155,0.0,0.0,0.0,2.3232,1.4639,0.0,1.1713,0.0,0.0,0.0,0.9911,B2,word_pos,rocher,V,rocher,VER
prospérité,NOUN,B2,beacco,0.0,2.3227,0.0,2.8783,1.8786,0.0,9.8067,0.0,2.3227,0.0,0.6228,3.5822,0.0,19.861,0.0,3.6655,B2,word_pos,prospérité,N,prospérité,NOM
immodéré,ADJ,B2,beacco,0.0,2.3226,0.0,0.0,5.7978,0.0,6.1515,0.0,2.3226,0.0,0.0,3.7375,0.0,4.139,0.0,1.5528,B2,word_pos,immodéré,A,immodéré,ADJ
péripétie,NOUN,B2,beacco,0.0,2.3225,0.0,0.2152,0.6228,0.0,4.8126,9.6228,2.3225,0.0,0.186,0.3906,0.0,6.8846,19.328,2.4532,B2,word_pos,péripétie,N,péripétie,NOM
pub,NOUN,B2,beacco,0.0,2.3201,0.0,0.0,4.5048,0.0,14.569,0.0,2.3201,0.0,0.0,5.09,0.0,19.861,0.0,2.9002,B2,word_pos,pub,N,pub,NOM
clin,NOUN,B2,beacco,0.0,2.3189,0.0,0.7405,7.1279,0.0,0.0,0.0,2.3189,0.0,0.606,6.326,0.0,0.0,0.0,2.1894,B2,word_pos,clin,N,clin,NOM
baroque,ADJ,B2,beacco,0.0,2.3175,4.7376,0.0,4.1931,0.0,0.0,0.0,2.3175,7.132,0.0,3.222,0.0,0.0,0.0,2.202,B2,word_pos,baroque,A,baroque,ADJ
indéniable,ADJ,B2,beacco,0.0,2.3136,0.0,0.0,6.4511,0.0,10.2669,0.0,2.3136,0.0,0.0,9.6718,0.0,20.6179,0.0,4.1073,B2,word_pos,indéniable,A,indéniable,ADJ
appelant,NOUN,B2,beacco,0.0,2.3123,0.0,0.0944,4.464,0.0,6.2023,0.0,2.3123,0.0,0.1937,5.1496,0.0,6.0005,0.0,2.9146,B2,word_pos,appelant,N,appelant,NOM
mou,ADJ,B2,beacco,0.0,2.3088,5.8235,0.3209,3.1702,0.0,0.0,0.0,2.3088,7.1739,0.6228,3.542,0.0,0.0,0.0,3.1071,B2,word_pos,mou,A,mou,ADJ
politiquement,ADV,B2,beacco,0.0,2.3082,0.0,0.0,4.8121,0.0,8.2019,0.0,2.3082,0.0,0.0,3.5822,0.0,8.2781,0.0,2.1412,B2,word_pos,politiquement,ADV,politiquement,ADV
concourir,VERB,B2,beacco,0.0,2.3081,0.0,0.3702,1.4472,0.0,2.0505,12.9876,2.3081,0.0,0.606,0.6378,0.0,8.2781,12.833,2.6309,B2,word_pos,concourir,V,concourir,VER
fragrance,NOUN,B2,beacco,0.0,2.3061,0.0,0.0,0.0,0.0,9.3035,117.1382,2.3061,0.0,0.0,0.0,0.0,18.0014,12.0555,2.1656,B2,word_pos,fragrance,N,fragrance,NOM
subvention,NOUN,B2,beacco,0.0,2.3057,0.0,0.0,0.9618,0.0,27.7392,0.0,2.3057,0.0,0.0,1.3995,0.0,20.6179,0.0,1.7005,B2,word_pos,subvention,N,subvention,NOM
cerise,NOUN,B2,beacco,0.0,2.3034,0.0,1.9939,1.809,0.0,1.6042,0.0,2.3034,0.0,0.2129,1.2756,0.0,3.4423,0.0,1.9758,B2,word_pos,cerise,N,cerise,NOM
stéréotype,NOUN,B2,beacco,0.0,2.2999,0.0,0.6418,0.0,0.0,34.728,0.0,2.2999,0.0,0.6228,0.0,0.0,20.6179,0.0,1.5183,B2,word_pos,stéréotype,N,stéréotype,NOM
coupler,VERB,B2,beacco,0.0,2.2992,0.2652,0.0,0.0,0.0,31.4551,9.6228,2.2992,0.4856,0.0,0.0,0.0,20.6179,0.0,0.8534,B2,word_pos,coupler,V,coupler,VER
justesse,NOUN,B2,beacco,0.0,2.2987,0.0,0.0,2.3843,0.0,18.6069,0.0,2.2987,0.0,0.0,3.4846,0.0,12.0009,0.0,2.1307,B2,word_pos,justesse,N,justesse,NOM
fatalité,NOUN,B2,beacco,0.0,2.2979,0.0,0.4879,0.231,0.0,6.2023,19.2455,2.2979,0.0,0.4664,0.2331,0.0,6.0005,19.328,2.1133,B2,word_pos,fatalité,N,fatalité,NOM
baleine,NOUN,B2,beacco,0.0,2.2926,0.0,0.3702,8.51,0.0,0.0,0.0,2.2926,0.0,0.606,6.8127,0.0,0.0,0.0,2.5372,B2,word_pos,baleine,N,baleine,NOM
praticien,NOUN,B2,beacco,0.0,2.2919,0.0,6.0726,1.3603,0.0,0.0,0.0,2.2919,0.0,0.606,1.1713,0.0,0.0,0.0,1.0088,B2,word_pos,praticien,N,praticien,NOM
muguet,NOUN,B2,beacco,0.0,2.2848,0.4996,0.6418,0.3401,0.0,3.1012,4.1173,2.2848,0.9464,0.6228,0.5857,0.0,6.0005,4.0185,3.4765,B2,word_pos,muguet,N,muguet,NOM
légal,ADJ,B2,beacco,0.0,2.2847,0.0,0.0,1.8309,0.0,13.8696,12.9876,2.2847,0.0,0.0,3.5101,0.0,20.6179,12.833,3.1247,B2,word_pos,légal,A,légal,ADJ
recyclage,NOUN,B2,beacco,0.0,2.2844,0.0,2.8047,1.9237,0.0,0.0,0.0,2.2844,0.0,5.8259,0.4665,0.0,0.0,0.0,1.592,B2,word_pos,recyclage,N,recyclage,NOM
réservoir,NOUN,B2,beacco,0.0,2.2746,0.0,0.4228,6.7847,0.0,0.0,0.0,2.2746,0.0,0.6008,6.964,0.0,0.0,0.0,2.427,B2,word_pos,réservoir,N,réservoir,NOM
césar,NOUN,B2,beacco,0.0,2.2717,2.2771,6.5853,0.0,0.0,0.0,0.0,2.2717,1.1764,1.2121,0.0,0.0,0.0,0.0,0.9956,B2,word_pos,césar,N,césar,NOM
détestable,ADJ,B2,beacco,0.0,2.2706,0.0,0.0,0.7214,0.0,32.1283,0.0,2.2706,0.0,0.0,0.4665,0.0,40.1357,0.0,2.5006,B2,word_pos,détestable,A,détestable,ADJ
métropolitain,ADJ,B2,beacco,0.0,2.2687,5.9587,0.247,0.0,0.0,3.1012,0.0,2.2687,5.0541,0.1276,0.0,0.0,6.0005,0.0,2.2405,B2,word_pos,métropolitain,A,métropolitain,ADJ
cheville,NOUN,B2,beacco,0.0,2.2666,0.0,0.0,0.0554,0.0,20.5337,28.8683,2.2666,0.0,0.0,0.1029,0.0,20.6179,19.328,1.4044,B2,word_pos,cheville,N,cheville,NOM
follement,ADV,B2,beacco,0.0,2.2628,0.0,0.2439,8.4209,0.0,0.0,0.0,2.2628,0.0,0.4664,3.5957,0.0,0.0,0.0,1.5003,B2,word_pos,follement,ADV,follement,ADV
oasis,NOUN,B2,beacco,0.0,2.2618,0.0,0.0,13.6372,0.0,0.0,0.0,2.2618,0.0,0.0,5.3942,0.0,0.0,0.0,1.0176,B2,word_pos,oasis,N,oasis,NOM
futuriste,ADJ,B2,beacco,0.0,2.2584,0.0,0.0,0.2916,0.0,40.0836,0.0,2.2584,0.0,0.0,0.5531,0.0,40.1357,0.0,2.5483,B2,word_pos,futuriste,A,futuriste,ADJ
gaieté,NOUN,B2,beacco,0.0,2.2501,0.0,0.0,12.6143,0.0,0.0,0.0,2.2501,0.0,0.0,13.0917,0.0,0.0,0.0,2.4882,B2,word_pos,gaieté,N,gaieté,NOM
délice,NOUN,B2,beacco,0.0,2.2382,0.0,0.0,2.3671,0.0,8.2019,2.0587,2.2382,0.0,0.0,2.2924,0.0,4.139,4.0185,1.7754,B2,word_pos,délice,N,délice,NOM
exonérer,VERB,B2,beacco,0.0,2.2381,0.0,0.0,0.2366,0.0,19.6566,19.2455,2.2381,0.0,0.0,0.438,0.0,20.6179,19.328,2.2273,B2,word_pos,exonérer,V,exonérer,VER
fondamentalement,ADV,B2,beacco,0.0,2.2334,0.0,0.0,0.2366,0.0,8.2019,57.7365,2.2334,0.0,0.0,0.438,0.0,4.139,38.656,2.2273,B2,word_pos,fondamentalement,ADV,fondamentalement,ADV
fondement,NOUN,B2,beacco,0.0,2.2316,0.0,0.0,5.3161,0.0,9.3035,0.0,2.2316,0.0,0.0,7.6901,0.0,18.0014,0.0,4.019,B2,word_pos,fondement,N,fondement,NOM
révision,NOUN,B2,beacco,0.0,2.2289,0.0,0.0,1.9237,0.0,12.3029,0.0,2.2289,0.0,0.0,0.4665,0.0,8.2781,0.0,1.1056,B2,word_pos,révision,N,révision,NOM
assemblage,NOUN,B2,beacco,0.0,2.2266,0.0,0.0,3.5805,0.0,9.6252,0.0,2.2266,0.0,0.0,3.7679,0.0,6.8846,0.0,2.0407,B2,word_pos,assemblage,N,assemblage,NOM
caution,NOUN,B2,beacco,0.0,2.225,0.0,0.2206,7.1168,0.0,0.0,0.0,2.225,0.0,0.4258,5.3066,0.0,0.0,0.0,2.282,B2,word_pos,caution,N,caution,NOM
phobie,NOUN,B2,beacco,0.0,2.2233,0.0,3.3321,2.1708,0.0,0.0,0.0,2.2233,0.0,1.8181,1.2756,0.0,0.0,0.0,1.567,B2,word_pos,phobie,N,phobie,NOM
formidable,NOUN,B2,beacco,0.0,2.2192,,,,,,,,1.1123,0.4157,0.6378,0.0,0.0,19.328,2.2192,B2,beacco_only,,,formidable,NOM
vitamine,NOUN,B2,beacco,0.0,2.219,0.0,0.6418,0.8304,0.0,0.0,28.8683,2.219,0.0,0.6228,1.1717,0.0,10.3269,19.328,4.2342,B2,word_pos,vitamine,N,vitamine,NOM
réglementation,NOUN,B2,beacco,0.0,2.2167,0.0,0.0,0.3401,0.0,40.1242,0.0,2.2167,0.0,0.0,0.5857,0.0,6.8846,0.0,1.0255,B2,word_pos,réglementation,N,réglementation,NOM
satirique,ADJ,B2,beacco,0.0,2.2113,0.0,0.9626,0.231,0.0,0.0,39.7676,2.2113,0.0,0.6228,0.2331,0.0,0.0,43.8345,2.5216,B2,word_pos,satirique,A,satirique,ADJ
réticence,NOUN,B2,beacco,0.0,2.2078,0.0,0.0,1.1665,0.0,13.8696,6.4938,2.2078,0.0,0.0,0.5531,0.0,27.9938,12.833,2.4667,B2,word_pos,réticence,N,réticence,NOM
infraction,NOUN,B2,beacco,0.0,2.2076,0.0,0.0,0.0,0.0,61.6012,0.0,2.2076,0.0,0.0,0.0,0.0,27.9938,0.0,1.035,B2,word_pos,infraction,N,infraction,NOM
excéder,VERB,B2,beacco,0.0,2.1995,0.0,1.1107,3.8909,0.0,3.1012,0.0,2.1995,0.0,0.606,3.7062,0.0,6.0005,0.0,2.4853,B2,word_pos,excéder,V,excéder,VER
bannir,VERB,B2,beacco,0.0,2.196,0.0,0.0,6.7182,0.0,6.2023,0.0,2.196,0.0,0.0,3.5822,0.0,6.0005,0.0,1.5474,B2,word_pos,bannir,V,bannir,VER
raccrocher,VERB,B2,beacco,0.0,2.1928,1.2703,0.0948,2.3448,0.0,0.0,0.0,2.1928,1.1008,0.2065,3.0061,0.0,0.0,0.0,2.6963,B2,word_pos,raccrocher,V,raccrocher,VER
foin,NOUN,B2,beacco,0.0,2.1912,0.5025,0.0,7.196,0.0,0.0,0.0,2.1912,0.0,0.0,5.1116,0.0,0.0,0.0,0.9683,B2,word_pos,foin,N,foin,NOM
remboursement,NOUN,B2,beacco,0.0,2.1833,0.0,0.0,11.0916,0.0,0.0,0.0,2.1833,0.0,0.0,10.5659,0.0,0.0,0.0,2.5431,B2,word_pos,remboursement,N,remboursement,NOM
pilotage,NOUN,B2,beacco,0.0,2.1817,0.0,9.714,0.2366,0.0,0.0,9.6228,2.1817,0.0,1.1188,0.438,0.0,0.0,19.328,0.8229,B2,word_pos,pilotage,N,pilotage,NOM
climatologue,NOUN,B2,beacco,0.0,2.1798,0.0,0.0,0.4152,0.0,26.6563,0.0,2.1798,0.0,0.0,0.0,0.0,24.8342,0.0,0.5853,B2,word_pos,climatologue,N,climatologue,NOM
globalisation,NOUN,B2,beacco,0.0,2.1753,0.0,0.0,2.4517,0.0,16.4039,0.0,2.1753,0.0,0.0,4.7134,0.0,8.2781,0.0,2.6173,B2,word_pos,globalisation,N,globalisation,NOM
folklore,NOUN,B2,beacco,0.0,2.1739,0.0,0.0,11.3845,0.0,0.0,0.0,2.1739,0.0,0.0,6.7316,0.0,0.0,0.0,1.5417,B2,word_pos,folklore,N,folklore,NOM
contraignant,ADJ,B2,beacco,0.0,2.1731,0.0,0.0,2.0405,0.0,1.6042,19.4814,2.1731,0.0,0.0,1.1713,0.0,3.4423,12.833,1.8757,B2,word_pos,contraignant,A,contraignant,ADJ
choeur,NOUN,B2,beacco,0.0,2.1617,5.7265,0.0,0.4152,0.0,15.6669,0.0,2.1617,3.4669,0.0,3.5101,0.0,20.024,0.0,3.4863,B2,word_pos,choeur,N,choeur,NOM
inévitable,ADJ,B2,beacco,0.0,2.1603,0.0,0.3209,1.7841,0.0,4.101,2.0587,2.1603,0.0,0.6228,3.4846,0.0,4.139,4.0185,3.59,B2,word_pos,inévitable,A,inévitable,ADJ
cote,NOUN,B2,beacco,0.0,2.1573,0.0,0.7581,6.7165,0.0,0.0,0.0,2.1573,0.0,0.5137,12.8904,0.0,0.0,0.0,3.8009,B2,word_pos,cote,N,cote,NOM
contrer,VERB,B2,beacco,0.0,2.1562,0.0,0.0,2.8925,0.0,4.101,9.6228,2.1562,0.0,0.0,7.6994,2.2839,4.139,19.328,4.8494,B2,word_pos,contrer,V,contrer,VER
bien-aimé,NOUN,B2,beacco,0.0,2.1548,,,,,,,,0.0,0.0,3.1766,0.0,12.0009,0.0,2.1548,B2,beacco_only,,,bien-aimé,NOM
féodal,ADJ,B2,beacco,0.0,2.1506,0.7967,7.5977,0.0,0.0,0.0,0.0,2.1506,0.8346,3.6137,0.0,0.0,0.0,0.0,1.2749,B2,word_pos,féodal,A,féodal,ADJ
résonner,VERB,B2,beacco,0.0,2.1498,0.0,0.3702,2.9104,0.0,9.8067,0.0,2.1498,0.0,0.606,3.6369,0.0,19.861,0.0,3.6148,B2,word_pos,résonner,V,résonner,VER
éloge,NOUN,B2,beacco,0.0,2.1468,0.0,0.2527,3.4324,0.0,3.2084,0.0,2.1468,0.0,0.0,3.6048,0.0,3.4423,0.0,1.542,B2,word_pos,éloge,N,éloge,NOM
minimal,ADJ,B2,beacco,0.0,2.1403,0.0,0.0,0.3618,0.0,38.4493,0.0,2.1403,0.0,0.0,0.6378,0.0,40.1357,0.0,2.579,B2,word_pos,minimal,A,minimal,ADJ
combiner,VERB,B2,beacco,0.0,2.14,0.0,0.0,2.6563,0.0,19.6975,0.0,2.14,0.0,0.0,2.8865,0.0,31.3528,25.6659,5.284,B2,word_pos,combiner,V,combiner,VER
piastre,NOUN,B2,beacco,0.0,2.1399,0.0,9.7644,0.1155,0.0,0.0,0.0,2.1399,0.0,5.6629,0.2331,0.0,0.0,0.0,0.5021,B2,word_pos,piastre,N,piastre,NOM
charnel,ADJ,B2,beacco,0.0,2.1388,0.0,0.0,0.0,0.0,15.5058,26.5664,2.1388,0.0,0.0,0.0,0.0,6.0005,44.6051,1.6052,B2,word_pos,charnel,A,charnel,ADJ
dépression,NOUN,B2,beacco,0.0,2.1343,0.0,0.7405,2.4678,0.0,0.0,19.2455,2.1343,0.0,0.606,3.4815,0.0,0.0,19.328,2.4445,B2,word_pos,dépression,N,dépression,NOM
visée,NOUN,B2,beacco,0.0,2.1332,0.0,0.0,0.4732,0.0,12.4046,19.2455,2.1332,0.0,0.0,0.438,0.0,6.0005,19.328,1.1997,B2,word_pos,visée,N,visée,NOM
subtil,ADJ,B2,beacco,0.0,2.1277,0.0,0.0,3.9303,0.0,12.7628,0.0,2.1277,0.0,0.0,7.5797,0.0,20.024,0.0,3.5572,B2,word_pos,subtil,A,subtil,ADJ
gain,NOUN,B2,beacco,0.0,2.127,0.0,0.4879,1.9454,0.0,0.0,32.4689,2.127,0.0,0.4664,3.7062,0.0,6.0005,25.6659,4.3136,B2,word_pos,gain,N,gain,NOM
store,NOUN,B2,beacco,0.0,2.1264,0.0,0.8468,0.7097,0.0,0.0,28.8683,2.1264,0.0,0.8313,0.438,0.0,0.0,19.328,1.2443,B2,word_pos,store,N,store,NOM
ivre,ADJ,B2,beacco,0.0,2.1248,0.0,0.7405,5.7249,0.0,0.0,0.0,2.1248,0.0,0.0,8.3143,0.0,0.0,0.0,1.5856,B2,word_pos,ivre,A,ivre,ADJ
inexorablement,ADV,B2,beacco,0.0,2.1244,0.0,0.0,0.5833,0.0,30.8006,0.0,2.1244,0.0,0.0,1.1062,0.0,41.2358,0.0,3.0864,B2,word_pos,inexorablement,ADV,inexorablement,ADV
désacralisation,NOUN,B2,beacco,0.0,2.1237,0.0,0.0,0.0,0.0,18.7334,48.1138,2.1237,0.0,0.0,0.0,0.0,4.139,19.328,0.7913,B2,word_pos,désacralisation,N,désacralisation,NOM
émotionnel,ADJ,B2,beacco,0.0,2.1237,0.0,0.0,0.0,0.0,18.7334,48.1138,2.1237,0.0,0.0,0.0,0.0,4.139,19.328,0.7913,B2,word_pos,émotionnel,A,émotionnel,ADJ
croître,VERB,B2,beacco,0.0,2.1232,0.0,0.0,4.7585,0.0,2.0505,9.6228,2.1232,0.0,0.0,10.8669,0.0,16.5561,57.984,8.2202,B2,word_pos,croître,V,croître,VER
démener,VERB,B2,beacco,0.0,2.1227,0.0,0.0,1.656,0.0,8.021,0.0,2.1227,0.0,0.0,0.438,0.0,6.8846,0.0,1.0034,B2,word_pos,démener,V,démener,VER
bilingue,ADJ,B2,beacco,0.0,2.1221,0.0,0.0,4.3867,0.0,9.3035,0.0,2.1221,0.0,0.4664,3.5957,0.0,6.0005,0.0,2.4382,B2,word_pos,bilingue,A,bilingue,ADJ
comporte,NOUN,B2,beacco,0.0,2.1221,,,,,,,,0.0,0.606,0.0,0.0,6.0005,56.7717,2.1221,B2,beacco_only,,,comporte,NOM
décisif,ADJ,B2,beacco,0.0,2.1218,0.0,0.3918,0.0906,0.0,26.2593,0.0,2.1218,0.0,0.1865,0.185,0.0,20.6179,0.0,1.6793,B2,word_pos,décisif,A,décisif,ADJ
prochainement,ADV,B2,beacco,0.0,2.1215,0.0,0.0,4.9738,0.0,0.0,19.4814,2.1215,0.0,0.0,5.3614,0.0,0.0,12.833,1.9145,B2,word_pos,prochainement,ADV,prochainement,ADV
instant,ADJ,B2,beacco,0.0,2.1101,,,,,,,,0.0,0.6111,5.2573,0.0,0.0,0.0,2.1101,B2,beacco_only,,,instant,ADJ
mouvoir,VERB,B2,beacco,0.0,2.1098,0.0,0.0,0.3401,0.0,12.4046,48.1138,2.1098,0.0,0.0,0.5857,0.0,6.0005,38.656,1.6104,B2,word_pos,mouvoir,V,mouvoir,VER
déchiffrer,VERB,B2,beacco,0.0,2.1097,0.0,0.0,6.6108,0.0,6.2023,0.0,2.1097,0.0,0.0,3.5101,0.0,6.0005,0.0,1.4571,B2,word_pos,déchiffrer,V,déchiffrer,VER
romanesque,ADJ,B2,beacco,0.0,2.1092,0.0,0.0,2.9775,0.0,0.0,57.7365,2.1092,0.0,0.0,0.487,0.0,0.0,19.328,0.6452,B2,word_pos,romanesque,A,romanesque,ADJ
septième,ADJ,B2,beacco,0.0,2.1083,9.3619,2.8204,0.0,0.0,0.0,0.0,2.1083,0.7319,4.5746,0.0,0.0,0.0,0.0,1.3088,B2,word_pos,septième,A,septième,ADJ
étirer,VERB,B2,beacco,0.0,2.1047,0.0,8.3919,0.0,0.0,6.2023,0.0,2.1047,0.0,4.1482,0.0,0.0,6.0005,0.0,1.1799,B2,word_pos,étirer,V,étirer,VER
envoyé,NOUN,B2,beacco,0.0,2.0952,0.0,1.2835,0.4092,0.0,0.0,19.2455,2.0952,0.0,0.6228,0.1243,0.0,0.0,19.328,1.4749,B2,word_pos,envoyé,N,envoyé,NOM
démarquer,VERB,B2,beacco,0.0,2.0948,0.0,3.2366,3.6124,0.0,0.0,0.0,2.0948,0.0,1.2017,0.438,0.0,0.0,0.0,0.8858,B2,word_pos,démarquer,V,démarquer,VER
formulaire,NOUN,B2,beacco,0.0,2.0907,0.4996,0.3702,0.2076,0.0,14.569,0.0,2.0907,0.9464,0.606,0.3906,0.0,19.861,0.0,3.5049,B2,word_pos,formulaire,N,formulaire,NOM
polyvalent,ADJ,B2,beacco,0.0,2.0904,0.0,0.0,4.417,0.0,6.4168,0.0,2.0904,0.0,0.0,2.4712,0.0,3.4423,0.0,1.5354,B2,word_pos,polyvalent,A,polyvalent,ADJ
propagation,NOUN,B2,beacco,0.0,2.0878,0.0,0.0,0.0818,0.0,31.0115,0.0,2.0878,0.0,0.0,0.1243,0.0,42.0032,0.0,3.1075,B2,word_pos,propagation,N,propagation,NOM
boom,NOUN,B2,beacco,0.0,2.0835,0.0,0.0,0.0,0.0,9.6252,39.0192,2.0835,0.0,0.0,0.0,0.0,3.4423,12.833,0.7262,B2,word_pos,boom,N,boom,NOM
survoler,VERB,B2,beacco,0.0,2.0829,0.0,0.0,3.6451,0.0,13.3747,0.0,2.0829,0.0,0.0,3.5156,0.0,19.861,0.0,2.4918,B2,word_pos,survoler,V,survoler,VER
moine,NOUN,B2,beacco,0.0,2.0826,11.1535,0.1076,0.0,0.0,3.2084,0.0,2.0826,5.8419,0.186,0.0,0.0,3.4423,0.0,2.5319,B2,word_pos,moine,N,moine,NOM
chauffage,NOUN,B2,beacco,0.0,2.0805,1.5075,0.247,5.2859,0.0,0.0,0.0,2.0805,1.8101,0.2552,7.7544,0.0,0.0,0.0,2.8487,B2,word_pos,chauffage,N,chauffage,NOM
controverse,NOUN,B2,beacco,0.0,2.0802,0.0,0.0,4.7133,0.0,6.1515,0.0,2.0802,0.0,0.0,5.3203,0.0,4.139,0.0,1.8972,B2,word_pos,controverse,N,controverse,NOM
textile,NOUN,B2,beacco,0.0,2.0793,0.0,0.6418,0.5833,0.0,12.4046,0.0,2.0793,0.0,0.6228,0.5531,0.0,12.0009,0.0,2.1791,B2,word_pos,textile,N,textile,NOM
anesthésique,NOUN,B2,beacco,0.0,2.0748,0.0,0.0,0.0,0.0,117.8438,0.0,2.0748,0.0,0.0,0.0,0.0,54.0042,0.0,1.2878,B2,word_pos,anesthésique,N,anesthésique,NOM
façonner,VERB,B2,beacco,0.0,2.0725,0.0,0.4234,0.3618,0.0,15.7275,9.6228,2.0725,0.0,0.4157,0.6378,0.0,20.6179,19.328,2.9014,B2,word_pos,façonner,V,façonner,VER
carotte,NOUN,B2,beacco,0.0,2.0687,1.3242,0.2206,0.6802,0.0,3.2084,0.0,2.0687,2.5271,0.4258,0.5857,0.0,3.4423,0.0,3.1875,B2,word_pos,carotte,N,carotte,NOM
paisiblement,ADV,B2,beacco,0.0,2.0671,0.0,0.0,10.5,0.0,0.0,0.0,2.0671,0.0,0.0,10.745,0.0,0.0,0.0,2.5267,B2,word_pos,paisiblement,ADV,paisiblement,ADV
massivement,ADV,B2,beacco,0.0,2.065,0.0,0.0,0.4152,0.0,6.1515,25.9752,2.065,0.0,0.0,0.3906,0.0,4.139,12.833,1.0884,B2,word_pos,massivement,ADV,massivement,ADV
antérieur,ADJ,B2,beacco,0.0,2.0645,0.4996,0.0,2.8448,0.0,2.0505,6.4938,2.0645,0.9464,0.0,3.7062,0.0,4.139,12.833,3.1591,B2,word_pos,antérieur,A,antérieur,ADJ
dégoûter,VERB,B2,beacco,0.0,2.0633,0.0,0.0,3.4501,0.0,8.021,0.0,2.0633,0.0,0.0,5.2486,0.0,3.4423,0.0,1.9497,B2,word_pos,dégoûter,V,dégoûter,VER
arrivant,NOUN,B2,beacco,0.0,2.0589,0.0,5.0491,0.0,0.0,8.2019,0.0,2.0589,0.0,0.5137,0.0,0.0,12.4171,0.0,1.4614,B2,word_pos,arrivant,N,arrivant,NOM
glissement,NOUN,B2,beacco,0.0,2.055,0.0,1.9307,0.0,0.0,18.6069,0.0,2.055,0.0,0.5213,0.0,0.0,18.0014,0.0,1.5099,B2,word_pos,glissement,N,glissement,NOM
fiable,ADJ,B2,beacco,0.0,2.0492,0.0,0.4228,0.0,0.0,32.8328,0.0,2.0492,0.0,0.6008,0.0,0.0,40.6321,0.0,2.7203,B2,word_pos,fiable,A,fiable,ADJ
atlantique,ADJ,B2,beacco,0.0,2.0473,2.6483,0.0,1.1665,0.0,6.2023,0.0,2.0473,1.2635,0.0,0.0,0.0,6.0005,0.0,0.5035,B2,word_pos,atlantique,A,atlantique,ADJ
embraser,VERB,B2,beacco,0.0,2.0464,0.0,0.0,1.7414,0.0,18.6069,0.0,2.0464,0.0,0.0,2.6879,0.0,12.0009,0.0,2.1258,B2,word_pos,embraser,V,embraser,VER
notaire,NOUN,B2,beacco,0.0,2.0422,0.0,0.0,10.2696,0.0,0.0,0.0,2.0422,0.0,0.0,21.9679,0.0,0.0,0.0,4.738,B2,word_pos,notaire,N,notaire,NOM
intégré,ADJ,B2,beacco,0.0,2.0414,0.0,0.7405,0.5833,0.0,6.4168,0.0,2.0414,0.0,0.606,0.5531,0.0,3.4423,19.328,2.4858,B2,word_pos,intégré,A,intégré,ADJ
médiocre,ADJ,B2,beacco,0.0,2.0375,0.0,0.0,1.4582,0.0,4.8126,9.6228,2.0375,0.0,0.0,0.5531,0.0,3.4423,19.328,1.5376,B2,word_pos,médiocre,A,médiocre,ADJ
respiratoire,ADJ,B2,beacco,0.0,2.0337,0.0,0.0,0.0,0.0,51.8789,0.0,2.0337,0.0,0.0,0.0,0.0,66.9321,0.0,2.773,B2,word_pos,respiratoire,A,respiratoire,ADJ
séquence,NOUN,B2,beacco,0.0,2.0321,0.0,8.2483,0.7236,0.0,0.0,0.0,2.0321,0.0,4.5709,0.6378,0.0,0.0,0.0,1.5086,B2,word_pos,séquence,N,séquence,NOM
proverbe,NOUN,B2,beacco,0.0,2.03,0.0,0.0,4.4437,0.0,0.0,28.8683,2.03,0.0,0.0,3.5715,0.0,0.0,19.328,1.5371,B2,word_pos,proverbe,N,proverbe,NOM
tulipe,NOUN,B2,beacco,0.0,2.0255,0.0,0.0,10.2837,0.0,0.0,0.0,2.0255,0.0,0.0,11.9082,0.0,0.0,0.0,2.9683,B2,word_pos,tulipe,N,tulipe,NOM
inspiration,NOUN,B2,beacco,0.0,2.0181,0.0,0.0944,2.0392,0.0,4.8126,0.0,2.0181,0.0,0.1937,3.1766,0.0,6.8846,0.0,3.1057,B2,word_pos,inspiration,N,inspiration,NOM
soucier,VERB,B2,beacco,0.0,2.0166,0.0,0.0,5.1023,0.0,9.3035,0.0,2.0166,0.0,0.0,9.0232,0.0,6.0005,0.0,2.9343,B2,word_pos,soucier,V,soucier,VER
enchaîner,VERB,B2,beacco,0.0,2.0152,0.0,0.0,0.3618,0.0,15.5058,19.2455,2.0152,0.0,0.0,0.6378,0.0,12.0009,19.328,1.6084,B2,word_pos,enchaîner,V,enchaîner,VER
provenance,NOUN,B2,beacco,0.0,2.0104,0.0,0.2114,0.4809,0.0,3.1012,28.8683,2.0104,0.0,0.6008,0.4665,0.0,6.0005,19.328,2.1594,B2,word_pos,provenance,N,provenance,NOM
osseux,ADJ,B2,beacco,0.0,2.0077,0.0,0.0,0.0,0.0,0.0,174.4076,2.0077,0.0,0.0,0.0,0.0,0.0,135.3747,1.8487,B2,word_pos,osseux,A,osseux,ADJ
neuronal,ADJ,B2,beacco,0.0,2.0038,0.0,0.0,0.0,0.0,18.4544,28.8683,2.0038,0.0,0.0,0.0,0.0,12.4171,57.984,2.3738,B2,word_pos,neuronal,A,neuronal,ADJ
océanique,ADJ,B2,beacco,0.0,2.0028,1.9862,0.0,2.8448,0.0,6.2023,0.0,2.0028,1.2635,0.0,3.7062,0.0,6.0005,0.0,2.3126,B2,word_pos,océanique,A,océanique,ADJ
gastronomie,NOUN,B2,beacco,0.0,1.9912,0.0,0.0,10.3409,0.0,0.0,0.0,1.9912,0.0,0.0,9.8897,0.0,0.0,0.0,1.9956,B2,word_pos,gastronomie,N,gastronomie,NOM
souterrain,ADJ,B2,beacco,0.0,1.9904,0.0,0.3228,3.8549,0.0,1.6042,0.0,1.9904,0.0,0.186,5.3323,0.0,3.4423,0.0,2.6556,B2,word_pos,souterrain,A,souterrain,ADJ
sorcier,NOUN,B2,beacco,0.0,1.9891,7.6622,0.2948,0.1637,0.0,0.0,0.0,1.9891,1.1008,0.6111,0.1243,1.3018,0.0,0.0,2.1729,B2,word_pos,sorcier,N,sorcier,NOM
obsolète,ADJ,B2,beacco,0.0,1.9857,0.0,0.0,1.8898,0.0,6.2023,28.8683,1.9857,0.0,0.0,3.6369,0.0,6.0005,19.328,2.1702,B2,word_pos,obsolète,A,obsolète,ADJ
catholicisme,NOUN,B2,beacco,0.0,1.9835,0.0,1.6044,0.3618,0.0,0.0,38.491,1.9835,0.0,0.6228,0.6378,0.0,0.0,19.328,1.5157,B2,word_pos,catholicisme,N,catholicisme,NOM
paragraphe,NOUN,B2,beacco,0.0,1.9809,0.0,0.0,0.3014,0.0,23.2672,0.0,1.9809,0.0,0.0,0.3059,0.0,27.403,0.0,1.9336,B2,word_pos,paragraphe,N,paragraphe,NOM
enfermement,NOUN,B2,beacco,0.0,1.9759,0.7622,0.0,0.0,0.0,41.0675,0.0,1.9759,0.5504,0.0,0.0,0.0,20.6179,0.0,0.9015,B2,word_pos,enfermement,N,enfermement,NOM
compliment,NOUN,B2,beacco,0.0,1.9671,0.7967,1.2835,0.231,0.0,0.0,0.0,1.9671,0.8346,0.6228,0.4662,0.0,0.0,0.0,1.8802,B2,word_pos,compliment,N,compliment,NOM
bourreau,NOUN,B2,beacco,0.0,1.967,0.0,0.0,10.9546,0.0,0.0,0.0,1.967,0.0,0.0,11.064,0.0,0.0,0.0,1.9896,B2,word_pos,bourreau,N,bourreau,NOM
détecter,VERB,B2,beacco,0.0,1.9654,0.0,4.8453,0.0,0.0,12.4046,0.0,1.9654,0.0,3.6386,0.0,0.0,12.0009,0.0,1.5388,B2,word_pos,détecter,V,détecter,VER
colloque,NOUN,B2,beacco,0.0,1.9603,0.0,0.0,0.3618,0.0,18.4544,9.6228,1.9603,0.0,0.0,0.6378,0.0,16.5561,19.328,2.7751,B2,word_pos,colloque,N,colloque,NOM
prohibitif,ADJ,B2,beacco,0.0,1.9557,0.0,0.0,3.7409,0.0,0.0,12.9876,1.9557,0.0,0.0,1.1713,0.0,0.0,12.833,0.8683,B2,word_pos,prohibitif,A,prohibitif,ADJ
réviser,VERB,B2,beacco,0.0,1.9546,3.4359,0.6418,1.8328,0.0,0.0,0.0,1.9546,4.6225,0.6228,3.5156,0.0,0.0,0.0,2.785,B2,word_pos,réviser,V,réviser,VER
emblématique,ADJ,B2,beacco,0.0,1.9517,0.0,0.4234,0.5833,0.0,8.2019,0.0,1.9517,0.0,0.4157,0.5531,0.0,4.139,0.0,1.315,B2,word_pos,emblématique,A,emblématique,ADJ
ému,ADJ,B2,beacco,0.0,1.9485,0.0,3.9868,2.2115,0.0,0.0,0.0,1.9485,0.0,0.2891,0.4317,0.0,0.0,0.0,0.5465,B2,word_pos,ému,A,ému,ADJ
session,NOUN,B2,beacco,0.0,1.9451,0.0,0.247,2.4046,0.0,0.0,0.0,1.9451,0.0,0.1276,0.933,0.0,0.0,0.0,0.775,B2,word_pos,session,N,session,NOM
rôder,VERB,B2,beacco,0.0,1.945,0.0,1.1107,0.0,0.0,9.3035,19.2455,1.945,0.0,0.606,0.0,0.0,6.0005,19.328,1.134,B2,word_pos,rôder,V,rôder,VER
indéfinissable,ADJ,B2,beacco,0.0,1.9425,0.5025,0.0,6.1518,0.0,0.0,0.0,1.9425,0.0,0.0,3.5244,0.0,0.0,0.0,0.6756,B2,word_pos,indéfinissable,A,indéfinissable,ADJ
robinet,NOUN,B2,beacco,0.0,1.9421,0.8137,3.898,0.0,0.0,0.0,0.0,1.9421,0.8075,1.5638,0.0,0.0,0.0,0.0,1.0847,B2,word_pos,robinet,N,robinet,NOM
absoudre,VERB,B2,beacco,0.0,1.9376,,,,,,,,0.0,0.0,5.3763,0.0,3.4423,0.0,1.9376,B2,beacco_only,,,absoudre,VER
capteur,NOUN,B2,beacco,0.0,1.9365,0.0,0.8456,1.0854,0.0,9.3035,0.0,1.9365,0.0,0.6008,1.9134,0.0,20.024,0.0,3.3537,B2,word_pos,capteur,N,capteur,NOM
croisé,ADJ,B2,beacco,0.0,1.9353,0.0,0.7318,3.6558,0.0,1.6042,0.0,1.9353,0.0,0.0,0.438,0.0,3.4423,0.0,0.7154,B2,word_pos,croisé,A,croisé,ADJ
consigne,NOUN,B2,beacco,0.0,1.9324,0.0,0.0,0.5776,0.0,4.101,19.4814,1.9324,0.0,0.0,0.6994,0.0,4.139,38.4989,2.5593,B2,word_pos,consigne,N,consigne,NOM
objection,NOUN,B2,beacco,0.0,1.929,0.0,0.6418,0.0,0.0,28.892,0.0,1.929,0.0,0.0,0.0,0.0,31.3781,0.0,1.2133,B2,word_pos,objection,N,objection,NOM
pieux,ADJ,B2,beacco,0.0,1.9265,0.7967,0.1076,3.7676,0.0,0.0,0.0,1.9265,0.8346,0.186,3.5957,0.0,0.0,0.0,2.0243,B2,word_pos,pieux,A,pieux,ADJ
exceller,VERB,B2,beacco,0.0,1.9264,0.0,0.0,4.129,0.0,9.3035,0.0,1.9264,0.0,0.0,7.1203,0.0,6.0005,0.0,2.4827,B2,word_pos,exceller,V,exceller,VER
fresque,NOUN,B2,beacco,0.0,1.9257,0.7622,0.0,0.0,0.0,30.3551,0.0,1.9257,0.5504,0.0,0.0,0.0,26.3397,0.0,1.4943,B2,word_pos,fresque,N,fresque,NOM
escorter,VERB,B2,beacco,0.0,1.9255,0.7967,0.6418,0.8162,0.0,0.0,0.0,1.9255,0.8346,0.6228,0.8634,0.0,0.0,0.0,1.8761,B2,word_pos,escorter,V,escorter,VER
distributeur,NOUN,B2,beacco,0.0,1.9249,0.0,1.2702,0.0,0.0,25.0482,0.0,1.9249,0.0,2.0784,0.0,0.0,19.861,0.0,1.3766,B2,word_pos,distributeur,N,distributeur,NOM
abord,NOUN,B2,beacco,0.0,1.9214,,,,,,,,0.0,0.4157,0.5857,0.0,12.0009,0.0,1.9214,B2,beacco_only,,,abord,NOM
collaborer,VERB,B2,beacco,0.0,1.9196,0.2541,0.0,1.2023,0.0,9.8488,0.0,1.9196,0.5504,0.0,0.4665,0.0,20.024,0.0,1.8402,B2,word_pos,collaborer,V,collaborer,VER
complément,NOUN,B2,beacco,0.0,1.9185,0.0,0.4234,0.6802,0.0,2.0505,19.2455,1.9185,0.0,0.4157,0.5857,0.0,4.139,19.328,2.1618,B2,word_pos,complément,N,complément,NOM
rétorquer,VERB,B2,beacco,0.0,1.9112,0.0,0.0,5.346,0.0,4.101,0.0,1.9112,0.0,0.0,3.7062,0.0,4.139,0.0,1.5462,B2,word_pos,rétorquer,V,rétorquer,VER
bricoler,VERB,B2,beacco,0.0,1.908,0.5727,0.3209,2.1708,0.0,0.0,0.0,1.908,1.1556,0.6228,0.6378,0.0,0.0,0.0,1.4026,B2,word_pos,bricoler,V,bricoler,VER
portraire,VERB,B2,beacco,0.0,1.9016,0.0,3.2366,0.3618,0.0,9.3035,0.0,1.9016,0.0,6.7378,0.0,0.0,0.0,0.0,1.0056,B2,word_pos,portraire,V,portraire,VER
kiosque,NOUN,B2,beacco,0.0,1.8975,0.5693,0.7581,0.9618,0.0,0.0,0.0,1.8975,1.1764,0.5137,0.4665,0.0,0.0,0.0,1.4588,B2,word_pos,kiosque,N,kiosque,NOM
truite,NOUN,B2,beacco,0.0,1.8917,0.0,0.0,9.6191,0.0,0.0,0.0,1.8917,0.0,0.0,6.3141,0.0,0.0,0.0,1.2918,B2,word_pos,truite,N,truite,NOM
projecteur,NOUN,B2,beacco,0.0,1.8911,9.4938,0.9626,0.0,0.0,0.0,0.0,1.8911,1.1008,0.6228,0.0,0.0,0.0,0.0,0.4797,B2,word_pos,projecteur,N,projecteur,NOM
embryon,NOUN,B2,beacco,0.0,1.8899,0.0,0.0,1.809,0.0,0.0,39.0192,1.8899,0.0,0.0,3.189,0.0,0.0,56.7717,2.2072,B2,word_pos,embryon,N,embryon,NOM
metteur,NOUN,B2,beacco,0.0,1.8899,0.0,0.0,2.9931,0.0,6.4168,0.0,1.8899,0.0,0.0,3.0174,0.0,3.4423,0.0,1.8795,B2,word_pos,metteur,N,metteur,NOM
trahison,NOUN,B2,beacco,0.0,1.8878,0.7967,0.6418,0.2041,0.0,3.2084,0.0,1.8878,0.8346,0.6228,0.4317,0.0,3.4423,0.0,2.2467,B2,word_pos,trahison,N,trahison,NOM
balader,VERB,B2,beacco,0.0,1.8849,0.0,1.1107,1.9564,0.0,3.2084,0.0,1.8849,0.0,0.606,3.7375,0.0,3.4423,0.0,2.5423,B2,word_pos,balader,V,balader,VER
parlementaire,ADJ,B2,beacco,0.0,1.8807,0.0,0.0,0.0,0.0,13.3747,96.2275,1.8807,0.0,0.0,0.0,0.0,19.861,115.968,4.0018,B2,word_pos,parlementaire,A,parlementaire,ADJ
crédibilité,NOUN,B2,beacco,0.0,1.8791,0.0,0.0,5.0612,0.0,0.0,19.4814,1.8791,0.0,0.0,7.5879,0.0,0.0,12.833,2.4974,B2,word_pos,crédibilité,N,crédibilité,NOM
maintien,NOUN,B2,beacco,0.0,1.8769,0.0,0.0,4.105,0.0,1.6042,9.6228,1.8769,0.0,0.0,3.4815,0.0,3.4423,19.328,2.445,B2,word_pos,maintien,N,maintien,NOM
coca,NOUN,B2,beacco,0.0,1.8768,7.8028,0.0,2.4869,0.0,0.0,0.0,1.8768,2.3528,0.0,3.6187,0.0,0.0,0.0,1.5677,B2,word_pos,coca,N,coca,NOM
jasmin,NOUN,B2,beacco,0.0,1.8755,0.0,0.3209,0.1155,0.0,6.2023,4.1173,1.8755,0.0,0.6228,0.2331,0.0,12.0009,4.0185,3.3059,B2,word_pos,jasmin,N,jasmin,NOM
puiser,VERB,B2,beacco,0.0,1.8689,0.0,0.3702,0.0,0.0,8.2019,19.4814,1.8689,0.0,0.606,0.0,0.0,4.139,25.6659,1.4793,B2,word_pos,puiser,V,puiser,VER
infernal,ADJ,B2,beacco,0.0,1.8665,0.0,0.0,9.5592,0.0,0.0,0.0,1.8665,0.0,0.0,4.7909,0.0,0.0,0.0,0.9627,B2,word_pos,infernal,A,infernal,ADJ
pratiquant,NOUN,B2,beacco,0.0,1.8643,0.0,0.4879,4.6916,0.0,0.0,0.0,1.8643,0.0,0.4664,3.5101,0.0,0.0,0.0,1.5087,B2,word_pos,pratiquant,N,pratiquant,NOM
avortement,NOUN,B2,beacco,0.0,1.8633,0.0,0.0,0.3618,0.0,33.8984,0.0,1.8633,0.0,0.0,0.6378,0.0,41.1274,0.0,2.7886,B2,word_pos,avortement,N,avortement,NOM
poêle,NOUN,B2,beacco,0.0,1.86,0.0,2.0673,2.9701,0.0,0.0,0.0,1.86,0.0,1.0679,3.5358,0.0,0.0,0.0,1.5363,B2,word_pos,poêle,N,poêle,NOM
climatisation,NOUN,B2,beacco,0.0,1.8585,0.0,0.1887,0.0,0.0,18.4544,0.0,1.8585,0.0,0.1937,0.0,0.0,33.1122,0.0,3.1904,B2,word_pos,climatisation,N,climatisation,NOM
pote,NOUN,B2,beacco,0.0,1.8573,0.0,1.1107,1.0854,0.0,6.2023,0.0,1.8573,0.0,0.606,0.6378,0.0,6.0005,0.0,1.4852,B2,word_pos,pote,N,pote,NOM
perpétuer,VERB,B2,beacco,0.0,1.8556,0.0,0.2035,2.9104,0.0,6.2023,0.0,1.8556,0.0,0.3851,3.6369,0.0,12.0009,0.0,2.9795,B2,word_pos,perpétuer,V,perpétuer,VER
monoparental,ADJ,B2,beacco,0.0,1.8504,0.0,0.0,2.5822,0.0,0.0,48.1138,1.8504,0.0,0.0,2.6301,0.0,0.0,77.312,3.3066,B2,word_pos,monoparental,A,monoparental,ADJ
nièce,NOUN,B2,beacco,0.0,1.843,0.0,0.0,7.3908,0.0,1.6042,0.0,1.843,0.0,0.0,9.9559,0.0,3.4423,0.0,2.6365,B2,word_pos,nièce,N,nièce,NOM
étendard,NOUN,B2,beacco,0.0,1.838,0.0,0.0,1.1665,0.0,19.6975,0.0,1.838,0.0,0.0,0.5531,0.0,20.024,0.0,1.5376,B2,word_pos,étendard,N,étendard,NOM
tome,NOUN,B2,beacco,0.0,1.8377,0.0,0.4234,5.4539,0.0,0.0,0.0,1.8377,0.0,0.4157,11.0018,0.0,0.0,0.0,3.4272,B2,word_pos,tome,N,tome,NOM
indigène,ADJ,B2,beacco,0.0,1.8348,0.0,0.0,0.2366,0.0,32.8328,0.0,1.8348,0.0,0.0,0.438,0.0,31.3781,0.0,2.2273,B2,word_pos,indigène,A,indigène,ADJ
lanterne,NOUN,B2,beacco,0.0,1.8344,0.0,0.0,7.831,0.0,3.1012,0.0,1.8344,0.9121,0.0,4.3647,0.0,6.0005,0.0,2.6057,B2,word_pos,lanterne,N,lanterne,NOM
éblouissant,ADJ,B2,beacco,0.0,1.834,0.0,0.2599,5.6912,0.0,0.0,0.0,1.834,0.0,0.5213,7.557,0.0,0.0,0.0,2.4221,B2,word_pos,éblouissant,A,éblouissant,ADJ
belle-soeur,NOUN,B2,beacco,0.0,1.8325,,,,,,,,0.8075,0.0,2.5903,0.0,0.0,0.0,1.8325,B2,beacco_only,,,belle-soeur,NOM
résistant,ADJ,B2,beacco,0.0,1.8325,0.0,0.1103,0.2916,0.0,12.3029,0.0,1.8325,0.0,0.2129,0.5531,0.0,20.6951,0.0,3.5762,B2,word_pos,résistant,A,résistant,ADJ
incidence,NOUN,B2,beacco,0.0,1.8315,0.0,0.0,0.0,0.0,30.8006,9.6228,1.8315,0.0,0.0,0.0,0.0,31.3781,19.328,1.5522,B2,word_pos,incidence,N,incidence,NOM
finesse,NOUN,B2,beacco,0.0,1.8297,1.9983,0.0,0.0,0.0,25.5257,0.0,1.8297,0.9464,0.0,0.0,0.0,26.3397,0.0,1.8743,B2,word_pos,finesse,N,finesse,NOM
bataillon,NOUN,B2,beacco,0.0,1.8257,0.0,0.0,1.1665,0.0,20.5337,0.0,1.8257,0.0,0.0,0.5531,0.0,20.6179,0.0,1.5432,B2,word_pos,bataillon,N,bataillon,NOM
confiner,VERB,B2,beacco,0.0,1.8254,0.0,0.0,0.4809,0.0,9.3035,19.2455,1.8254,0.0,0.0,3.4815,0.0,18.0014,38.656,3.9025,B2,word_pos,confiner,V,confiner,VER
dérive,NOUN,B2,beacco,0.0,1.825,0.0,0.0,5.2299,0.0,3.2084,0.0,1.825,0.0,0.0,2.9677,0.0,3.4423,0.0,1.538,B2,word_pos,dérive,N,dérive,NOM
décéder,VERB,B2,beacco,0.0,1.824,0.0,0.0,0.6228,0.0,25.3674,0.0,1.824,0.0,0.0,0.7812,0.0,12.0009,0.0,1.1956,B2,word_pos,décéder,V,décéder,VER
hospitaliser,VERB,B2,beacco,0.0,1.8213,0.0,0.2439,1.835,0.0,6.1515,0.0,1.8213,0.0,0.4664,3.5301,0.0,4.139,0.0,2.4624,B2,word_pos,hospitaliser,V,hospitaliser,VER
vieillesse,NOUN,B2,beacco,0.0,1.8205,0.0,0.0,6.4075,0.0,0.0,9.6228,1.8205,0.0,0.0,10.2131,0.0,0.0,19.328,3.0192,B2,word_pos,vieillesse,N,vieillesse,NOM
promoteur,NOUN,B2,beacco,0.0,1.8197,0.0,0.0,5.1924,0.0,4.101,0.0,1.8197,0.0,0.0,6.7316,0.0,4.139,0.0,2.5209,B2,word_pos,promoteur,N,promoteur,NOM
machiniste,ADJ,B2,beacco,0.0,1.8144,0.2541,0.0,4.1633,0.0,0.0,0.0,1.8144,0.5504,0.0,0.9178,0.0,0.0,0.0,1.2925,B2,unique_word,machiniste,A,machiniste,NOM
externe,ADJ,B2,beacco,0.0,1.814,0.0,0.0,0.0906,0.0,31.4551,0.0,1.814,0.0,0.0,0.185,0.0,27.9938,0.0,2.0489,B2,word_pos,externe,A,externe,ADJ
compatible,ADJ,B2,beacco,0.0,1.8106,0.0,0.0,2.9106,0.0,12.4046,0.0,1.8106,0.0,0.0,3.5957,0.0,6.0005,0.0,1.561,B2,word_pos,compatible,A,compatible,ADJ
noircir,VERB,B2,beacco,0.0,1.8095,0.0,1.8994,2.0405,0.0,0.0,0.0,1.8095,0.0,3.376,0.5857,0.0,0.0,0.0,1.0687,B2,word_pos,noircir,V,noircir,VER
prometteur,ADJ,B2,beacco,0.0,1.8083,0.0,0.0,0.0,0.0,29.5463,9.6228,1.8083,0.0,0.0,0.0,0.0,18.0014,19.328,0.5724,B2,word_pos,prometteur,A,prometteur,ADJ
notable,ADJ,B2,beacco,0.0,1.8056,0.0,0.5168,6.3716,0.0,0.0,0.0,1.8056,0.0,0.0,7.5797,0.0,0.0,0.0,1.5237,B2,word_pos,notable,A,notable,ADJ
anonymat,NOUN,B2,beacco,0.0,1.8006,0.0,0.0,1.3993,0.0,24.7899,0.0,1.8006,0.0,0.0,2.4519,0.0,20.6179,0.0,2.4101,B2,word_pos,anonymat,N,anonymat,NOM
ruiner,VERB,B2,beacco,0.0,1.7992,0.0,0.1103,6.3688,0.0,0.0,0.0,1.7992,0.0,0.2129,6.7866,0.0,0.0,0.0,2.4717,B2,word_pos,ruiner,V,ruiner,VER
persil,NOUN,B2,beacco,0.0,1.7983,1.5912,0.0,0.5437,0.0,0.0,0.0,1.7983,0.9713,0.0,0.37,0.0,0.0,0.0,0.8671,B2,word_pos,persil,N,persil,NOM
vertige,NOUN,B2,beacco,0.0,1.798,0.0,0.2114,1.4473,0.0,4.8126,0.0,1.798,0.0,0.6008,2.8865,0.0,3.4423,0.0,2.5514,B2,word_pos,vertige,N,vertige,NOM
parure,NOUN,B2,beacco,0.0,1.7968,0.5025,0.0,4.081,0.0,0.0,0.0,1.7968,0.9051,0.0,11.9288,0.0,6.0005,0.0,4.6526,B2,word_pos,parure,N,parure,NOM
clavier,NOUN,B2,beacco,0.0,1.7937,0.0,3.439,0.0,0.0,6.4168,0.0,1.7937,0.0,0.2891,0.0,0.0,3.4423,0.0,0.4766,B2,word_pos,clavier,N,clavier,NOM
divin,ADJ,B2,beacco,0.0,1.793,0.7967,0.7405,0.7236,0.0,1.6042,0.0,1.793,0.8346,0.606,0.0,0.0,3.4423,0.0,1.2966,B2,word_pos,divin,A,divin,ADJ
lézard,NOUN,B2,beacco,0.0,1.7924,0.0,0.0,1.5118,0.0,15.5058,0.0,1.7924,0.0,0.0,2.9677,0.0,6.0005,0.0,1.4843,B2,word_pos,lézard,N,lézard,NOM
métallurgie,NOUN,B2,beacco,0.0,1.7852,0.0,2.0673,0.3401,0.0,9.3035,0.0,1.7852,0.0,1.0679,0.5857,0.0,6.0005,0.0,1.5227,B2,word_pos,métallurgie,N,métallurgie,NOM
vibrer,VERB,B2,beacco,0.0,1.7802,0.0,0.0,0.1637,0.0,29.1381,0.0,1.7802,0.0,0.0,0.1243,0.0,4.139,0.0,0.6485,B2,word_pos,vibrer,V,vibrer,VER
affection,NOUN,B2,beacco,0.0,1.7793,0.3983,0.0,1.8883,0.0,0.0,19.2455,1.7793,0.8346,0.0,2.8865,0.0,0.0,19.328,2.115,B2,word_pos,affection,N,affection,NOM
race,NOUN,B2,beacco,0.0,1.7756,0.0,0.0,3.4655,0.0,0.0,6.176,1.7756,0.0,0.0,6.7862,0.0,0.0,4.0185,2.5454,B2,word_pos,race,N,race,NOM
coiffeur,NOUN,B2,beacco,0.0,1.7743,0.0,0.0,2.4678,0.0,15.6669,0.0,1.7743,0.0,0.0,0.3906,0.0,20.024,0.0,1.4541,B2,word_pos,coiffeur,N,coiffeur,NOM
infiniment,ADV,B2,beacco,0.0,1.772,0.0,0.2439,3.8543,0.0,3.1012,0.0,1.772,0.0,0.4664,3.0801,0.0,6.0005,0.0,2.4419,B2,word_pos,infiniment,ADV,infiniment,ADV
repli,NOUN,B2,beacco,0.0,1.7686,0.0,0.0,1.0854,0.0,16.4039,0.0,1.7686,0.0,0.0,0.6378,0.0,8.2781,0.0,1.1151,B2,word_pos,repli,N,repli,NOM
sociologique,ADJ,B2,beacco,0.0,1.7635,0.0,0.0,0.0,0.0,12.3029,38.491,1.7635,0.0,0.0,0.0,0.0,12.4171,57.984,2.3738,B2,word_pos,sociologique,A,sociologique,ADJ
estimation,NOUN,B2,beacco,0.0,1.7632,0.0,0.0,4.6744,0.0,0.0,19.2455,1.7632,0.0,0.0,6.178,0.0,0.0,19.328,2.4463,B2,word_pos,estimation,N,estimation,NOM
froidement,ADV,B2,beacco,0.0,1.7585,0.0,0.0,9.0101,0.0,0.0,0.0,1.7585,0.0,0.0,7.4004,0.0,0.0,0.0,1.5026,B2,word_pos,froidement,ADV,froidement,ADV
tonnerre,NOUN,B2,beacco,0.0,1.7582,0.0,0.0,0.2076,0.0,31.0115,0.0,1.7582,0.0,0.0,0.3906,0.0,12.0009,0.0,1.11,B2,word_pos,tonnerre,N,tonnerre,NOM
forgeron,NOUN,B2,beacco,0.0,1.758,0.0,0.0,3.442,0.0,4.8126,0.0,1.758,0.0,0.0,2.4351,0.0,3.4423,0.0,1.2344,B2,word_pos,forgeron,N,forgeron,NOM
affreusement,ADV,B2,beacco,0.0,1.7577,0.0,1.6044,1.9136,0.0,0.0,0.0,1.7577,0.0,0.6228,2.8121,0.0,0.0,0.0,1.4975,B2,word_pos,affreusement,ADV,affreusement,ADV
intimité,NOUN,B2,beacco,0.0,1.7547,0.0,0.0,3.4689,0.0,4.8126,0.0,1.7547,0.0,0.0,2.6879,0.0,6.8846,0.0,2.0695,B2,word_pos,intimité,N,intimité,NOM
résolument,ADV,B2,beacco,0.0,1.7527,0.0,0.0,6.1653,0.0,2.0505,0.0,1.7527,0.0,0.0,9.5186,0.0,4.139,0.0,2.8296,B2,word_pos,résolument,ADV,résolument,ADV
concentration,NOUN,B2,beacco,0.0,1.7525,0.0,0.0,0.0,0.0,16.8923,48.1138,1.7525,0.0,0.0,0.0,0.0,27.9938,57.984,2.4266,B2,word_pos,concentration,N,concentration,NOM
sacrement,NOUN,B2,beacco,0.0,1.7524,0.0,0.0,0.7097,0.0,16.4039,0.0,1.7524,0.0,0.0,0.438,0.0,16.5561,0.0,1.6708,B2,word_pos,sacrement,N,sacrement,NOM
fort,NOUN,B2,beacco,0.0,1.752,1.9168,0.0303,0.7214,0.0,4.8126,0.0,1.752,1.1973,0.0,0.0,1.3018,6.8846,0.0,1.7449,B2,word_pos,fort,N,fort,NOM
tic,NOUN,B2,beacco,0.0,1.7515,0.0,0.5054,4.6581,0.0,0.0,0.0,1.7515,0.0,1.0275,0.3906,0.0,0.0,0.0,0.8191,B2,word_pos,tic,N,tic,NOM
prophète,NOUN,B2,beacco,0.0,1.7504,0.0,0.1076,0.8749,0.0,0.0,28.8683,1.7504,0.0,0.186,0.5531,0.0,0.0,19.328,0.9607,B2,word_pos,prophète,N,prophète,NOM
obésité,NOUN,B2,beacco,0.0,1.7503,0.0,0.2527,0.0,0.0,1.6042,56.9312,1.7503,0.0,0.5137,0.0,0.0,3.4423,56.7717,2.259,B2,word_pos,obésité,N,obésité,NOM
pollueur,NOUN,B2,beacco,0.0,1.7476,0.0,0.0,1.656,0.0,0.0,19.4814,1.7476,0.0,0.0,0.438,0.0,0.0,12.833,0.725,B2,word_pos,pollueur,N,pollueur,NOM
bruyère,NOUN,B2,beacco,0.0,1.7461,0.0,0.0,3.4371,0.0,9.3035,0.0,1.7461,0.0,0.0,6.7859,0.0,6.0005,0.0,2.5193,B2,word_pos,bruyère,N,bruyère,NOM
spécifiquement,ADV,B2,beacco,0.0,1.7438,0.0,0.0,1.0854,0.0,20.4505,0.0,1.7438,0.0,0.0,1.2756,0.0,31.3781,0.0,2.4924,B2,word_pos,spécifiquement,ADV,spécifiquement,ADV
détresse,NOUN,B2,beacco,0.0,1.7391,0.0,0.0,0.7236,0.0,24.8092,0.0,1.7391,0.0,0.0,0.6378,0.0,18.0014,0.0,1.6084,B2,word_pos,détresse,N,détresse,NOM
renouer,VERB,B2,beacco,0.0,1.7342,0.0,0.0,2.0405,0.0,15.6669,0.0,1.7342,0.0,0.0,0.0,0.0,20.024,0.0,0.7219,B2,word_pos,renouer,V,renouer,VER
graine,NOUN,B2,beacco,0.0,1.732,0.0,0.0,3.7544,0.0,10.2669,0.0,1.732,0.0,0.0,3.6638,0.0,20.6179,0.0,2.5065,B2,word_pos,graine,N,graine,NOM
anéantir,VERB,B2,beacco,0.0,1.7315,0.0,0.0,2.5602,0.0,12.4046,0.0,1.7315,0.0,0.0,0.2331,0.0,12.0009,0.0,1.1838,B2,word_pos,anéantir,V,anéantir,VER
intimider,VERB,B2,beacco,0.0,1.7296,1.895,0.1103,2.618,0.0,0.0,0.0,1.7296,0.6291,0.2129,3.5058,0.0,0.0,0.0,2.1692,B2,word_pos,intimider,V,intimider,VER
frémir,VERB,B2,beacco,0.0,1.7294,0.0,0.0,4.6588,0.0,4.101,0.0,1.7294,0.0,0.0,3.5736,0.0,4.139,0.0,1.5079,B2,word_pos,frémir,V,frémir,VER
lycéen,ADJ,B2,beacco,0.0,1.7279,0.0,3.4071,1.9389,0.0,0.0,0.0,1.7279,0.0,0.6228,6.7641,0.0,0.0,0.0,1.952,B2,word_pos,lycéen,A,lycéen,ADJ
procession,NOUN,B2,beacco,0.0,1.7248,0.4014,0.0,5.7173,0.0,0.0,0.0,1.7248,0.7319,0.0,7.1139,0.0,0.0,0.0,2.1941,B2,word_pos,procession,N,procession,NOM
barrage,NOUN,B2,beacco,0.0,1.7202,0.0,0.2599,2.8389,0.0,0.0,0.0,1.7202,0.0,0.5213,2.1899,0.0,0.0,0.0,1.9819,B2,word_pos,barrage,N,barrage,NOM
mannequin,NOUN,B2,beacco,0.0,1.7189,2.0787,0.1887,0.4809,0.0,0.0,0.0,1.7189,2.2246,0.3874,0.4665,0.0,0.0,0.0,2.2138,B2,word_pos,mannequin,N,mannequin,NOM
ligue,NOUN,B2,beacco,0.0,1.7186,0.0,0.4071,4.1863,0.0,0.0,0.0,1.7186,0.0,0.7702,2.9957,0.0,0.0,0.0,1.5315,B2,word_pos,ligue,N,ligue,NOM
gouffre,NOUN,B2,beacco,0.0,1.7166,0.7622,0.0,1.474,0.0,15.6669,0.0,1.7166,0.5504,0.0,2.9063,0.0,20.024,0.0,2.8074,B2,word_pos,gouffre,N,gouffre,NOM
aune,NOUN,B2,beacco,0.0,1.7135,0.0,0.7405,0.0,0.0,8.2019,9.6228,1.7135,0.0,0.606,0.0,0.0,4.139,19.328,1.4708,B2,word_pos,aune,N,aune,NOM
souterrain,NOUN,B2,beacco,0.0,1.7127,0.0,0.5197,3.6524,0.0,0.0,0.0,1.7127,0.0,0.5213,0.9178,0.0,0.0,0.0,1.1225,B2,word_pos,souterrain,N,souterrain,NOM
dialecte,NOUN,B2,beacco,0.0,1.7124,1.1385,0.2035,0.0,0.0,0.0,38.491,1.7124,1.1764,0.3851,0.0,0.0,0.0,19.328,1.3074,B2,word_pos,dialecte,N,dialecte,NOM
menuisier,ADJ,B2,beacco,0.0,1.7115,0.0,0.5054,2.6407,0.0,1.6042,0.0,1.7115,0.0,0.5137,3.1779,0.0,0.0,0.0,1.4489,B2,unique_word,menuisier,A,menuisier,NOM
outrance,NOUN,B2,beacco,0.0,1.7093,0.0,0.0,0.0,0.0,8.021,48.1138,1.7093,0.0,0.0,0.0,0.0,3.4423,19.328,0.7219,B2,word_pos,outrance,N,outrance,NOM
banalisation,NOUN,B2,beacco,0.0,1.7049,0.0,0.0,5.7978,0.0,0.0,9.6228,1.7049,0.0,0.0,0.6378,0.0,0.0,19.328,0.7013,B2,word_pos,banalisation,N,banalisation,NOM
météo,ADJ,B2,beacco,0.0,1.7023,2.6483,0.5197,0.0,0.0,3.2084,0.0,1.7023,1.2635,0.5213,0.1029,0.0,3.4423,0.0,2.1625,B2,word_pos,météo,A,météo,ADJ
instinct,NOUN,B2,beacco,0.0,1.7016,0.0,0.0,1.0854,0.0,18.6069,0.0,1.7016,0.0,0.0,0.6378,0.0,6.0005,0.0,0.7013,B2,word_pos,instinct,N,instinct,NOM
optique,NOUN,B2,beacco,0.0,1.7014,0.0,0.0,1.0202,0.0,18.6069,0.0,1.7014,0.0,0.0,0.5857,0.0,6.0005,0.0,0.684,B2,word_pos,optique,N,optique,NOM
unification,NOUN,B2,beacco,0.0,1.7012,0.0,0.0,2.5199,0.0,8.2019,0.0,1.7012,0.0,0.0,3.5715,0.0,4.139,0.0,1.558,B2,word_pos,unification,N,unification,NOM
déception,NOUN,B2,beacco,0.0,1.6984,0.0,0.2439,3.4963,0.0,0.0,9.6228,1.6984,0.0,0.4664,6.8127,0.0,0.0,19.328,3.5428,B2,word_pos,déception,N,déception,NOM
aventurer,VERB,B2,beacco,0.0,1.6957,0.0,0.0,8.8391,0.0,0.0,0.0,1.6957,0.0,0.0,7.6313,0.0,0.0,0.0,1.5348,B2,word_pos,aventurer,V,aventurer,VER
hémisphère,NOUN,B2,beacco,0.0,1.695,0.0,0.0,0.0,0.0,11.2294,28.8683,1.695,0.0,0.0,0.0,0.0,10.3269,19.328,0.9932,B2,word_pos,hémisphère,N,hémisphère,NOM
cohue,NOUN,B2,beacco,0.0,1.69,0.5025,0.4879,0.8162,0.0,0.0,0.0,1.69,0.0,0.4664,0.4317,0.0,0.0,0.0,0.6652,B2,word_pos,cohue,N,cohue,NOM
optimal,ADJ,B2,beacco,0.0,1.6892,0.0,0.0,0.4152,0.0,0.0,79.5562,1.6892,0.0,0.0,0.3906,0.0,0.0,56.7717,1.4296,B2,word_pos,optimal,A,optimal,ADJ
patate,NOUN,B2,beacco,0.0,1.6889,4.5542,0.0,0.0,0.0,0.0,48.1138,1.6889,2.3528,0.0,0.0,0.0,0.0,38.656,0.9782,B2,word_pos,patate,N,patate,NOM
méthodologie,NOUN,B2,beacco,0.0,1.6861,0.0,0.0,0.2405,0.0,6.4168,12.9876,1.6861,0.0,0.0,0.4665,0.0,13.7692,12.833,2.5979,B2,word_pos,méthodologie,N,méthodologie,NOM
impérativement,ADV,B2,beacco,0.0,1.6833,0.0,0.6418,0.0,0.0,12.4046,2.0587,1.6833,0.0,0.6228,0.0,0.0,6.0005,4.0185,1.5204,B2,word_pos,impérativement,ADV,impérativement,ADV
posture,NOUN,B2,beacco,0.0,1.683,0.0,0.0,0.0,0.0,27.7392,9.6228,1.683,0.0,0.0,0.0,0.0,20.6179,19.328,1.2133,B2,word_pos,posture,N,posture,NOM
fourreau,NOUN,B2,beacco,0.0,1.6778,0.5025,0.538,0.8162,0.0,0.0,0.0,1.6778,0.0,0.9302,0.4317,0.0,0.0,0.0,0.546,B2,word_pos,fourreau,N,fourreau,NOM
messagerie,NOUN,B2,beacco,0.0,1.6766,0.2738,0.0,2.8098,0.0,4.101,0.0,1.6766,0.5987,0.0,3.7679,0.0,4.139,0.0,1.9075,B2,word_pos,messagerie,N,messagerie,NOM
continental,ADJ,B2,beacco,0.0,1.675,1.9862,0.0,0.0,0.0,24.3636,0.0,1.675,1.2635,0.0,0.0,0.0,20.6179,0.0,1.2512,B2,word_pos,continental,A,continental,ADJ
volant,ADJ,B2,beacco,0.0,1.6743,0.0,0.7318,3.6415,0.0,0.0,0.0,1.6743,0.0,0.4664,2.8865,0.0,0.0,0.0,1.5153,B2,word_pos,volant,A,volant,ADJ
contribuable,NOUN,B2,beacco,0.0,1.673,0.0,0.0,2.7206,0.0,4.8126,0.0,1.673,0.0,0.0,0.5857,0.0,6.8846,0.0,1.0255,B2,word_pos,contribuable,N,contribuable,NOM
prototype,NOUN,B2,beacco,0.0,1.6729,0.0,0.1306,0.0,0.0,27.7392,0.0,1.6729,0.0,0.1865,0.0,0.0,20.6179,0.0,0.8565,B2,word_pos,prototype,N,prototype,NOM
iris,NOUN,B2,beacco,0.0,1.6715,0.7622,0.0,0.0,0.0,15.5058,4.1173,1.6715,0.5504,0.0,0.0,0.0,12.0009,4.0185,1.5155,B2,word_pos,iris,N,iris,NOM
rangée,NOUN,B2,beacco,0.0,1.6702,0.0,0.3702,5.4839,0.0,0.0,0.0,1.6702,0.0,0.606,3.5101,0.0,0.0,0.0,1.5216,B2,word_pos,rangée,N,rangée,NOM
reçu,ADJ,B2,beacco,0.0,1.6694,0.0,0.0,0.0,0.0,8.2019,39.7676,1.6694,0.0,0.0,0.6378,2.2839,40.1357,78.971,5.9035,B2,word_pos,reçu,A,reçu,ADJ
légitimité,NOUN,B2,beacco,0.0,1.6679,0.0,0.0,1.809,0.0,15.7275,0.0,1.6679,0.0,0.0,1.2756,0.0,20.6179,0.0,1.8016,B2,word_pos,légitimité,N,légitimité,NOM
duo,NOUN,B2,beacco,0.0,1.6648,0.0,1.4809,0.0,0.0,0.0,45.4565,1.6648,0.0,1.2121,0.0,0.0,0.0,12.833,0.7634,B2,word_pos,duo,N,duo,NOM
cantatrice,NOUN,B2,beacco,0.0,1.6632,,,,,,,,0.0,0.4157,1.8355,0.0,0.0,0.0,1.6632,B2,beacco_only,,,cantatrice,NOM
reloger,VERB,B2,beacco,0.0,1.6569,0.0,0.0,9.6704,0.0,0.0,0.0,1.6569,0.0,0.0,2.6301,0.0,0.0,0.0,0.6721,B2,word_pos,reloger,V,reloger,VER
reconstituer,VERB,B2,beacco,0.0,1.6562,0.0,0.2114,0.2366,0.0,10.2669,6.4938,1.6562,0.0,0.6008,0.438,0.0,20.6179,12.833,3.175,B2,word_pos,reconstituer,V,reconstituer,VER
tunnel,NOUN,B2,beacco,0.0,1.6519,0.5081,0.0,2.7709,0.0,0.0,19.2455,1.6519,0.5504,0.0,5.3191,0.0,0.0,19.328,2.5722,B2,word_pos,tunnel,N,tunnel,NOM
mécanique,ADJ,B2,beacco,0.0,1.6503,0.0,0.0,0.0,0.0,12.8336,12.9876,1.6503,0.0,0.0,0.0,0.0,31.5653,12.833,2.0449,B2,word_pos,mécanique,A,mécanique,ADJ
cocarde,NOUN,B2,beacco,0.0,1.6487,0.0,0.0,8.6526,0.0,0.0,0.0,1.6487,0.0,0.0,9.3492,0.0,0.0,0.0,2.0852,B2,word_pos,cocarde,N,cocarde,NOM
irriter,VERB,B2,beacco,0.0,1.6487,0.0,0.0,8.6526,0.0,0.0,0.0,1.6487,0.0,0.0,8.3207,0.0,0.0,0.0,2.0057,B2,word_pos,irriter,V,irriter,VER
après-demain,ADV,B2,beacco,0.0,1.6479,,,,,,,,2.3113,0.0,3.222,0.0,0.0,0.0,1.6479,B2,beacco_only,,,après-demain,ADV
repérage,NOUN,B2,beacco,0.0,1.6476,0.2541,0.0,0.0,0.0,2.0505,57.7365,1.6476,0.5504,0.0,0.0,0.0,4.139,38.656,1.4351,B2,word_pos,repérage,N,repérage,NOM
amer,ADJ,B2,beacco,0.0,1.6461,0.0,0.0,0.6228,0.0,18.6069,0.0,1.6461,0.0,0.0,0.3906,0.0,12.0009,0.0,1.11,B2,word_pos,amer,A,amer,ADJ
prohiber,VERB,B2,beacco,0.0,1.6458,0.0,0.0,0.0,0.0,28.0276,9.6228,1.6458,0.0,0.0,0.0,0.0,29.205,19.328,2.0813,B2,word_pos,prohiber,V,prohiber,VER
cigale,NOUN,B2,beacco,0.0,1.6434,0.4014,0.0,3.5805,0.0,3.1012,0.0,1.6434,0.7319,0.0,3.7679,0.0,6.0005,0.0,1.9991,B2,word_pos,cigale,N,cigale,NOM
périphérique,NOUN,B2,beacco,0.0,1.6416,1.3242,0.0,0.2916,0.0,12.4046,0.0,1.6416,1.2635,0.0,0.5531,0.0,0.0,0.0,0.6062,B2,word_pos,périphérique,N,périphérique,NOM
lancement,NOUN,B2,beacco,0.0,1.6408,0.0,0.2612,1.4472,0.0,6.2023,0.0,1.6408,0.0,0.3729,1.2756,0.0,12.0009,0.0,1.8683,B2,word_pos,lancement,N,lancement,NOM
hasardeux,ADJ,B2,beacco,0.0,1.6388,0.0,0.0,0.7214,0.0,19.6975,0.0,1.6388,0.0,0.0,0.4665,0.0,20.024,0.0,1.5009,B2,word_pos,hasardeux,A,hasardeux,ADJ
exaspérer,VERB,B2,beacco,0.0,1.6372,0.0,0.9626,0.4152,0.0,3.2084,0.0,1.6372,0.0,0.0,0.3906,0.0,3.4423,0.0,0.6556,B2,word_pos,exaspérer,V,exaspérer,VER
limitation,NOUN,B2,beacco,0.0,1.6351,0.0,0.2527,0.6228,0.0,2.0505,9.6228,1.6351,0.0,0.5137,0.3906,0.0,4.139,19.328,2.2782,B2,word_pos,limitation,N,limitation,NOM
échéance,NOUN,B2,beacco,0.0,1.634,0.0,0.0,0.0,0.0,41.9969,0.0,1.634,0.0,0.0,0.0,0.0,49.5147,0.0,1.8627,B2,word_pos,échéance,N,échéance,NOM
tenace,ADJ,B2,beacco,0.0,1.6275,6.1825,0.0,1.8786,0.0,3.1012,0.0,1.6275,7.5967,0.0,3.5822,0.0,6.0005,0.0,3.0456,B2,word_pos,tenace,A,tenace,ADJ
germanique,ADJ,B2,beacco,0.0,1.6272,0.0,2.8783,0.2366,0.0,0.0,19.2455,1.6272,0.0,0.6228,0.438,0.0,0.0,38.656,2.1859,B2,word_pos,germanique,A,germanique,ADJ
indéfiniment,ADV,B2,beacco,0.0,1.6211,0.0,0.0,1.0202,0.0,16.8923,0.0,1.6211,0.0,0.0,0.5857,0.0,20.6179,0.0,1.559,B2,word_pos,indéfiniment,ADV,indéfiniment,ADV
léguer,VERB,B2,beacco,0.0,1.6172,1.005,0.0,4.9491,0.0,0.0,0.0,1.6172,0.0,0.0,5.4335,0.0,0.0,0.0,0.9976,B2,word_pos,léguer,V,léguer,VER
ventilation,NOUN,B2,beacco,0.0,1.6166,0.0,1.2993,0.0,0.0,0.0,32.4689,1.6166,0.0,0.5213,0.0,0.0,0.0,12.833,0.5513,B2,word_pos,ventilation,N,ventilation,NOM
ravage,NOUN,B2,beacco,0.0,1.6149,0.0,0.0,0.1812,0.0,19.4525,0.0,1.6149,0.0,0.0,0.185,0.0,20.024,0.0,1.5204,B2,word_pos,ravage,N,ravage,NOM
agenda,NOUN,B2,beacco,0.0,1.6139,0.0,0.0,2.9494,0.0,0.0,28.8683,1.6139,0.0,0.0,3.1779,0.0,0.0,19.328,1.3317,B2,word_pos,agenda,N,agenda,NOM
carrer,VERB,B2,beacco,0.0,1.6136,,,,,,,,0.0,0.0,4.5031,0.0,6.0005,0.0,1.6136,B2,beacco_only,,,carrer,VER
marine,NOUN,B2,beacco,0.0,1.6128,0.0,0.0,0.2041,0.0,25.7756,0.0,1.6128,0.0,0.0,0.4317,0.0,20.024,0.0,1.4815,B2,word_pos,marine,N,marine,NOM
mauve,ADJ,B2,beacco,0.0,1.607,0.2738,0.0,5.0724,0.0,0.0,0.0,1.607,0.5987,0.0,9.4674,0.0,0.0,0.0,2.7207,B2,word_pos,mauve,A,mauve,ADJ
for,NOUN,B2,beacco,0.0,1.6052,,,,,,,,0.0,0.0,0.0,0.0,40.1357,0.0,1.6052,B2,beacco_only,,,for,NOM
expédition,NOUN,B2,beacco,0.0,1.6041,0.0,0.0,2.6622,0.0,9.3035,0.0,1.6041,0.0,0.0,9.8241,0.0,6.0005,0.0,2.9867,B2,word_pos,expédition,N,expédition,NOM
esclavage,NOUN,B2,beacco,0.0,1.6036,0.0,0.0,0.2076,0.0,15.7275,9.6228,1.6036,0.0,0.0,0.3906,0.0,31.3781,19.328,2.6679,B2,word_pos,esclavage,N,esclavage,NOM
fric,NOUN,B2,beacco,0.0,1.6016,0.0,0.3774,0.7236,0.0,19.6134,0.0,1.6016,0.0,0.3874,0.6378,0.0,27.403,0.0,3.1064,B2,word_pos,fric,N,fric,NOM
couver,VERB,B2,beacco,0.0,1.5972,0.0,0.0,5.8127,0.0,2.0505,0.0,1.5972,0.0,0.0,8.4899,0.0,4.139,0.0,2.4927,B2,word_pos,couver,V,couver,VER
comté,NOUN,B2,beacco,0.0,1.5961,0.0,1.0176,1.4195,0.0,0.0,0.0,1.5961,0.0,1.9256,0.8759,0.0,0.0,0.0,1.2171,B2,word_pos,comté,N,comté,NOM
empressement,NOUN,B2,beacco,0.0,1.5931,0.0,0.0,0.4732,0.0,20.5337,0.0,1.5931,0.0,0.0,0.438,0.0,20.6179,0.0,1.6033,B2,word_pos,empressement,N,empressement,NOM
télécommunication,NOUN,B2,beacco,0.0,1.5925,0.0,0.0,0.2916,0.0,27.2438,0.0,1.5925,0.0,0.0,0.5531,0.0,27.9938,0.0,2.061,B2,word_pos,télécommunication,N,télécommunication,NOM
déficit,NOUN,B2,beacco,0.0,1.5918,0.0,0.0,0.0,0.0,8.2019,10.2933,1.5918,0.0,0.0,0.0,0.0,4.139,4.0185,0.7262,B2,word_pos,déficit,N,déficit,NOM
saillant,ADJ,B2,beacco,0.0,1.5908,0.5025,0.0,0.8162,0.0,3.2084,0.0,1.5908,0.0,0.0,0.4317,0.0,3.4423,0.0,0.6695,B2,word_pos,saillant,A,saillant,ADJ
finance,NOUN,B2,beacco,0.0,1.5907,0.0,0.0,8.3507,0.0,0.0,0.0,1.5907,0.0,0.0,6.7,0.0,4.139,0.0,2.5375,B2,word_pos,finance,N,finance,NOM
génétique,NOUN,B2,beacco,0.0,1.5904,0.0,0.0,1.3861,0.0,0.0,10.2933,1.5904,0.0,0.0,2.4712,0.0,0.0,43.8345,2.4931,B2,word_pos,génétique,N,génétique,NOM
effraie,NOUN,B2,beacco,0.0,1.5889,9.3536,0.0,0.3014,0.0,0.0,0.0,1.5889,7.2908,0.0,0.3059,0.0,0.0,0.0,1.3815,B2,word_pos,effraie,N,effraie,NOM
footing,NOUN,B2,beacco,0.0,1.5867,2.6523,0.7581,0.0,0.0,1.6042,0.0,1.5867,1.8243,0.5137,0.0,0.0,3.4423,0.0,1.5208,B2,word_pos,footing,N,footing,NOM
moucher,VERB,B2,beacco,0.0,1.5865,0.0,0.0,8.2184,0.0,0.0,0.0,1.5865,0.0,0.0,6.0811,0.0,0.0,0.0,1.5376,B2,word_pos,moucher,V,moucher,VER
sympathiser,VERB,B2,beacco,0.0,1.5814,3.4156,0.2439,0.0,0.0,9.3035,0.0,1.5814,1.1764,0.4664,0.0,0.0,6.0005,0.0,1.3384,B2,word_pos,sympathiser,V,sympathiser,VER
tricolore,ADJ,B2,beacco,0.0,1.5812,0.0,0.0,4.1,0.0,4.101,0.0,1.5812,0.0,0.0,7.8476,0.0,0.0,0.0,1.5611,B2,word_pos,tricolore,A,tricolore,ADJ
simulacre,NOUN,B2,beacco,0.0,1.5772,0.0,0.0,1.7004,0.0,0.0,8.2347,1.5772,0.0,0.0,0.5857,0.0,0.0,8.037,1.0255,B2,word_pos,simulacre,N,simulacre,NOM
fortuné,ADJ,B2,beacco,0.0,1.5771,0.0,0.0,1.8542,0.0,12.4046,0.0,1.5771,0.0,0.0,0.5531,0.0,6.0005,0.0,0.6721,B2,word_pos,fortuné,A,fortuné,ADJ
étinceler,VERB,B2,beacco,0.0,1.5771,0.0,0.0,3.7572,0.0,6.2023,0.0,1.5771,0.0,0.0,5.3763,0.0,0.0,0.0,0.944,B2,word_pos,étinceler,V,étinceler,VER
rémunérer,VERB,B2,beacco,0.0,1.5736,0.0,0.3702,1.8328,0.0,4.101,0.0,1.5736,0.0,0.606,3.5156,0.0,4.139,0.0,2.4767,B2,word_pos,rémunérer,V,rémunérer,VER
cellulaire,ADJ,B2,beacco,0.0,1.5735,0.0,0.0,0.0,0.0,15.5058,38.491,1.5735,0.0,0.0,0.0,0.0,18.0014,57.984,0.8585,B2,word_pos,cellulaire,A,cellulaire,ADJ
concrétiser,VERB,B2,beacco,0.0,1.5735,0.0,0.0,0.0,0.0,15.5058,38.491,1.5735,0.0,0.0,0.0,0.0,12.0009,38.656,0.5724,B2,word_pos,concrétiser,V,concrétiser,VER
énergique,ADJ,B2,beacco,0.0,1.5726,0.0,1.6171,0.1637,0.0,6.2023,0.0,1.5726,0.0,0.4664,0.1243,0.0,6.0005,0.0,1.4338,B2,word_pos,énergique,A,énergique,ADJ
orchestrer,VERB,B2,beacco,0.0,1.5719,0.0,0.0,8.003,0.0,0.0,0.0,1.5719,0.0,0.0,12.3154,0.0,0.0,0.0,2.528,B2,word_pos,orchestrer,V,orchestrer,VER
changeant,ADJ,B2,beacco,0.0,1.5718,0.0,0.0,3.5847,0.0,9.3035,0.0,1.5718,0.0,0.0,2.6844,0.0,6.0005,0.0,1.4463,B2,word_pos,changeant,A,changeant,ADJ
firme,NOUN,B2,beacco,0.0,1.5701,0.0,0.0,0.2366,0.0,25.5257,0.0,1.5701,0.0,0.0,0.438,0.0,20.024,0.0,1.575,B2,word_pos,firme,N,firme,NOM
ego,NOUN,B2,beacco,0.0,1.5659,0.0,0.0,0.8749,0.0,12.3029,0.0,1.5659,0.0,0.4664,0.5531,0.0,12.4171,0.0,2.6397,B2,word_pos,ego,N,ego,NOM
faussement,ADV,B2,beacco,0.0,1.5651,0.0,0.2117,0.2405,0.0,12.4046,0.0,1.5651,0.0,0.4157,0.4665,0.0,6.0005,0.0,1.2996,B2,word_pos,faussement,ADV,faussement,ADV
subit,ADJ,B2,beacco,0.0,1.5649,,,,,,,,0.0,0.0,3.7375,0.0,3.4423,0.0,1.5649,B2,beacco_only,,,subit,ADJ
noblesse,NOUN,B2,beacco,0.0,1.564,0.0,0.0,8.3127,0.0,0.0,0.0,1.564,0.0,0.0,10.4845,0.0,0.0,0.0,2.0434,B2,word_pos,noblesse,N,noblesse,NOM
édit,NOUN,B2,beacco,0.0,1.563,0.7622,0.0,1.4284,0.0,0.0,0.0,1.563,0.5504,0.0,1.7269,0.0,0.0,0.0,1.6591,B2,word_pos,édit,N,édit,NOM
minier,ADJ,B2,beacco,0.0,1.5629,0.0,0.0,4.8193,0.0,0.0,6.4938,1.5629,0.0,0.0,3.5093,0.0,0.0,12.833,1.4881,B2,word_pos,minier,A,minier,ADJ
potentiel,NOUN,B2,beacco,0.0,1.5628,0.0,0.0,1.809,0.0,12.4046,0.0,1.5628,0.0,0.0,0.6378,0.0,31.3781,0.0,2.2128,B2,word_pos,potentiel,N,potentiel,NOM
inhiber,VERB,B2,beacco,0.0,1.5621,0.0,0.0,0.0,0.0,42.6446,0.0,1.5621,0.0,0.0,0.0,0.0,31.3528,0.0,1.2004,B2,word_pos,inhiber,V,inhiber,VER
captivité,NOUN,B2,beacco,0.0,1.561,1.2043,0.0,0.4081,0.0,9.3035,0.0,1.561,0.7319,0.0,0.4317,0.0,6.0005,0.0,1.1691,B2,word_pos,captivité,N,captivité,NOM
parasite,NOUN,B2,beacco,0.0,1.559,0.0,0.0,0.9618,0.0,0.0,10.2933,1.559,0.0,0.0,0.4665,0.0,0.0,4.0185,0.6793,B2,word_pos,parasite,N,parasite,NOM
prêt-à-porter,NOUN,B2,beacco,0.0,1.5577,,,,,,,,0.0,0.1276,2.2125,0.0,0.0,0.0,1.5577,B2,beacco_only,,,prêt-à-porter,NOM
fêtard,NOUN,B2,beacco,0.0,1.5571,0.0,1.7075,1.809,0.0,0.0,0.0,1.5571,0.0,0.4664,1.2756,0.0,0.0,0.0,1.0339,B2,word_pos,fêtard,N,fêtard,NOM
apposer,VERB,B2,beacco,0.0,1.5539,0.0,0.0,0.9618,0.0,15.5058,0.0,1.5539,0.0,0.0,0.4665,0.0,6.0005,0.0,0.636,B2,word_pos,apposer,V,apposer,VER
hamac,NOUN,B2,beacco,0.0,1.5539,0.0,0.0,0.9618,0.0,15.5058,0.0,1.5539,0.0,0.0,0.4665,0.0,6.0005,0.0,0.636,B2,word_pos,hamac,N,hamac,NOM
corruption,NOUN,B2,beacco,0.0,1.5538,0.0,0.0,8.0054,0.0,0.0,0.0,1.5538,0.0,0.0,12.2808,0.0,0.0,0.0,2.5189,B2,word_pos,corruption,N,corruption,NOM
mutuel,ADJ,B2,beacco,0.0,1.5532,0.0,0.8468,0.3618,0.0,3.1012,19.2455,1.5532,0.0,0.4157,0.6378,0.0,6.0005,38.656,2.5301,B2,word_pos,mutuel,A,mutuel,ADJ
surfer,VERB,B2,beacco,0.0,1.553,2.2906,0.0,1.835,0.0,6.2023,0.0,1.553,2.3113,0.0,3.5301,0.0,12.0009,0.0,3.0448,B2,word_pos,surfer,V,surfer,VER
national,NOUN,B2,beacco,0.0,1.5528,,,,,,,,0.0,0.0,3.7375,0.0,0.0,12.833,1.5528,B2,beacco_only,,,national,NOM
ardeur,NOUN,B2,beacco,0.0,1.5525,0.0,0.0,1.1665,0.0,2.0505,19.2455,1.5525,0.0,0.0,0.5531,0.0,4.139,19.328,1.5432,B2,word_pos,ardeur,N,ardeur,NOM
expert,ADJ,B2,beacco,0.0,1.55,0.0,0.0,0.0,0.0,25.3674,9.6228,1.55,0.0,0.0,0.0,0.0,76.6769,19.328,3.6243,B2,word_pos,expert,A,expert,ADJ
explorateur,NOUN,B2,beacco,0.0,1.5462,0.8137,0.0,2.3806,0.0,0.0,0.0,1.5462,0.8075,0.0,0.5857,0.0,0.0,0.0,0.6071,B2,word_pos,explorateur,N,explorateur,NOM
vanillé,ADJ,B2,beacco,0.0,1.5455,0.0,0.0,0.7236,0.0,3.1012,8.2347,1.5455,0.0,0.0,1.2756,0.0,6.0005,8.037,2.3695,B2,word_pos,vanillé,A,vanillé,ADJ
voyant,NOUN,B2,beacco,0.0,1.5447,0.0,0.0,3.6975,0.0,4.101,0.0,1.5447,0.0,0.0,3.1766,9.5296,4.139,0.0,3.6232,B2,word_pos,voyant,N,voyant,NOM
deçà,ADV,B2,beacco,0.0,1.5432,,,,,,,,0.0,0.0,0.5531,0.0,0.0,56.7717,1.5432,B2,beacco_only,,,deçà,ADV
assembler,VERB,B2,beacco,0.0,1.5424,0.0,0.0,2.4517,0.0,10.2669,0.0,1.5424,0.0,0.0,3.5957,0.0,20.6179,0.0,2.5779,B2,word_pos,assembler,V,assembler,VER
villageois,NOUN,B2,beacco,0.0,1.5397,1.2043,0.3702,0.9463,0.0,0.0,0.0,1.5397,0.7319,0.606,0.8759,0.0,0.0,0.0,1.8475,B2,word_pos,villageois,N,villageois,NOM
retombée,NOUN,B2,beacco,0.0,1.5395,0.0,0.0,0.5833,0.0,20.7298,0.0,1.5395,0.0,0.0,0.5531,0.0,20.024,0.0,1.5376,B2,word_pos,retombée,N,retombée,NOM
au-devant,ADV,B2,beacco,0.0,1.5363,,,,,,,,0.0,1.0679,3.5358,0.0,0.0,0.0,1.5363,B2,beacco_only,,,au-devant,ADV
pressentiment,NOUN,B2,beacco,0.0,1.5335,0.0,0.0,7.8865,0.0,0.0,0.0,1.5335,0.0,0.0,8.6056,0.0,0.0,0.0,1.551,B2,word_pos,pressentiment,N,pressentiment,NOM
demi-douzaine,NOUN,B2,beacco,0.0,1.5328,,,,,,,,0.0,0.0,3.1016,0.0,0.0,19.328,1.5328,B2,beacco_only,,,demi-douzaine,NOM
ouvre-boîte,NOUN,B2,beacco,0.0,1.5302,,,,,,,,0.0,0.6008,0.0,0.0,13.7692,0.0,1.5302,B2,beacco_only,,,ouvre-boîte,NOM
invasion,NOUN,B2,beacco,0.0,1.5296,0.0,0.4304,0.2366,0.0,13.3747,9.6228,1.5296,0.0,0.3721,0.438,0.0,19.861,19.328,2.1677,B2,word_pos,invasion,N,invasion,NOM
expo,NOUN,B2,beacco,0.0,1.5292,1.3242,0.0,2.3806,0.0,0.0,0.0,1.5292,1.2635,0.0,0.5857,0.0,0.0,0.0,0.6002,B2,word_pos,expo,N,expo,NOM
épicier,NOUN,B2,beacco,0.0,1.5278,0.0,0.3209,4.7029,0.0,0.0,0.0,1.5278,0.0,0.6228,7.8688,0.0,0.0,0.0,2.5761,B2,word_pos,épicier,N,épicier,NOM
amorcer,VERB,B2,beacco,0.0,1.5274,0.0,0.0,0.1637,0.0,12.4046,6.4938,1.5274,0.0,0.0,0.1243,0.0,6.0005,12.833,1.4708,B2,word_pos,amorcer,V,amorcer,VER
piller,VERB,B2,beacco,0.0,1.5262,0.0,0.0,8.1407,0.0,0.0,0.0,1.5262,0.0,0.0,3.5058,0.0,0.0,0.0,0.6699,B2,word_pos,piller,V,piller,VER
regardant,ADJ,B2,beacco,0.0,1.5258,,,,,,,,0.0,1.0679,3.5147,0.0,0.0,0.0,1.5258,B2,beacco_only,,,regardant,ADJ
insertion,NOUN,B2,beacco,0.0,1.5227,0.0,0.6418,0.2366,0.0,0.0,38.491,1.5227,0.0,0.6228,2.6301,0.0,0.0,57.984,3.9898,B2,word_pos,insertion,N,insertion,NOM
perdurer,VERB,B2,beacco,0.0,1.5227,0.0,0.3702,1.0854,0.0,0.0,19.2455,1.5227,0.0,0.606,0.6378,0.0,0.0,19.328,1.4852,B2,word_pos,perdurer,V,perdurer,VER
accroire,VERB,B2,beacco,0.0,1.5216,,,,,,,,0.0,0.0,6.7886,0.0,0.0,0.0,1.5216,B2,beacco_only,,,accroire,VER
infection,NOUN,B2,beacco,0.0,1.5198,0.0,0.0,0.0,0.0,42.058,0.0,1.5198,0.0,0.0,0.0,0.0,84.0628,0.0,3.2548,B2,word_pos,infection,N,infection,NOM
dit,ADJ,B2,beacco,0.0,1.5189,,,,,,,,0.0,1.0679,0.4665,0.0,4.139,0.0,1.5189,B2,beacco_only,,,dit,ADJ
étant,NOUN,B2,beacco,0.0,1.517,,,,,,,,0.0,0.0,6.1387,0.0,0.0,0.0,1.517,B2,beacco_only,,,étant,NOM
traîneau,NOUN,B2,beacco,0.0,1.5165,2.0787,0.4879,0.0906,0.0,0.0,0.0,1.5165,1.1123,0.4664,0.185,0.0,0.0,0.0,1.4403,B2,word_pos,traîneau,N,traîneau,NOM
propulser,VERB,B2,beacco,0.0,1.5162,,,,,,,,0.0,0.0,3.5101,0.0,3.4423,0.0,1.5162,B2,beacco_only,,,propulser,VER
ignorance,NOUN,B2,beacco,0.0,1.5144,0.0,0.0,0.4809,0.0,19.6975,0.0,1.5144,0.0,0.0,0.933,0.0,26.3397,0.0,2.2576,B2,word_pos,ignorance,N,ignorance,NOM
gourmand,NOUN,B2,beacco,0.0,1.5141,1.1453,0.0,0.4538,0.0,6.2023,0.0,1.5141,1.1556,0.0,0.2504,0.0,6.0005,0.0,1.3292,B2,word_pos,gourmand,N,gourmand,NOM
conférer,VERB,B2,beacco,0.0,1.5128,0.0,0.0,3.7977,0.0,3.2084,0.0,1.5128,0.0,0.0,2.8589,0.0,6.8846,0.0,2.0465,B2,word_pos,conférer,V,conférer,VER
poindre,VERB,B2,beacco,0.0,1.5128,,,,,,,,0.0,0.0,2.4712,0.0,4.139,0.0,1.5128,B2,beacco_only,,,poindre,VER
archaïque,ADJ,B2,beacco,0.0,1.5122,0.0,0.2114,0.0,0.0,25.3674,0.0,1.5122,0.0,0.6008,0.0,0.0,20.024,0.0,1.5127,B2,word_pos,archaïque,A,archaïque,ADJ
solennellement,ADV,B2,beacco,0.0,1.5106,0.0,0.0,8.0113,0.0,0.0,0.0,1.5106,0.0,0.0,7.5572,0.0,0.0,0.0,1.5233,B2,word_pos,solennellement,ADV,solennellement,ADV
disciple,NOUN,B2,beacco,0.0,1.5102,0.0,0.0,7.8548,0.0,0.0,0.0,1.5102,0.0,0.0,3.5822,0.0,0.0,0.0,0.7026,B2,word_pos,disciple,N,disciple,NOM
alerte,NOUN,B2,beacco,0.0,1.506,0.0,0.0,0.4809,0.0,18.6069,0.0,1.506,0.0,0.0,0.4665,0.0,18.0014,0.0,1.6029,B2,word_pos,alerte,N,alerte,NOM
refléter,VERB,B2,beacco,0.0,1.5059,,,,,,,,0.0,0.0,3.5636,0.0,4.139,0.0,1.5059,B2,beacco_only,,,refléter,VER
vaccination,NOUN,B2,beacco,0.0,1.5016,0.5025,0.0,0.0,0.0,24.3636,0.0,1.5016,0.9051,0.0,0.0,0.0,31.3781,0.0,2.155,B2,word_pos,vaccination,N,vaccination,NOM
boueux,ADJ,B2,beacco,0.0,1.5009,0.0,0.7405,1.656,0.0,0.0,0.0,1.5009,0.0,0.606,0.438,0.0,0.0,0.0,0.6721,B2,word_pos,boueux,A,boueux,ADJ
photographique,ADJ,B2,beacco,0.0,1.497,0.0,0.0,1.0854,0.0,9.6252,0.0,1.497,0.0,0.0,0.6378,0.0,3.4423,0.0,0.7094,B2,word_pos,photographique,A,photographique,ADJ
azote,NOUN,B2,beacco,0.0,1.4937,0.0,0.0,3.6478,0.0,0.0,12.9876,1.4937,0.0,0.0,3.5051,0.0,0.0,25.6659,2.1089,B2,word_pos,azote,N,azote,NOM
traquer,VERB,B2,beacco,0.0,1.4922,0.0,0.0,0.8749,0.0,4.101,6.4938,1.4922,0.0,0.0,0.5531,0.0,4.139,12.833,1.114,B2,word_pos,traquer,V,traquer,VER
aura,NOUN,B2,beacco,0.0,1.4918,0.0,1.0408,0.0,0.0,20.7298,0.0,1.4918,0.0,0.5213,0.0,0.0,20.024,0.0,1.333,B2,word_pos,aura,N,aura,NOM
obsessionnel,ADJ,B2,beacco,0.0,1.489,0.0,0.0,5.2717,0.0,2.0505,0.0,1.489,0.0,0.0,5.3066,0.0,4.139,0.0,1.9039,B2,word_pos,obsessionnel,A,obsessionnel,ADJ
coureur,NOUN,B2,beacco,0.0,1.487,1.4987,0.0,1.7498,0.0,0.0,0.0,1.487,0.9464,0.0,9.6272,0.0,0.0,0.0,3.324,B2,word_pos,coureur,N,coureur,NOM
rajouter,VERB,B2,beacco,0.0,1.4861,0.0,0.0,3.8993,0.0,3.2084,0.0,1.4861,0.0,0.0,6.8209,0.0,6.8846,0.0,3.1703,B2,word_pos,rajouter,V,rajouter,VER
graisse,NOUN,B2,beacco,0.0,1.485,0.0,0.0,3.7357,0.0,0.0,12.9876,1.485,0.0,0.0,3.6423,0.0,0.0,25.6659,2.1337,B2,word_pos,graisse,N,graisse,NOM
avant-goût,NOUN,B2,beacco,0.0,1.4843,,,,,,,,0.0,0.0,2.9677,0.0,6.0005,0.0,1.4843,B2,beacco_only,,,avant-goût,NOM
mécontent,ADJ,B2,beacco,0.0,1.4824,0.0,0.0,5.7701,0.0,0.0,9.6228,1.4824,0.0,0.5137,2.6844,0.0,0.0,19.328,2.3643,B2,word_pos,mécontent,A,mécontent,ADJ
humidité,NOUN,B2,beacco,0.0,1.4811,0.7622,0.0,0.1883,0.0,15.5058,0.0,1.4811,0.5504,0.0,0.3933,0.0,6.0005,0.0,1.0775,B2,word_pos,humidité,N,humidité,NOM
psychiatrique,ADJ,B2,beacco,0.0,1.4805,0.0,0.0,2.1708,0.0,6.1515,0.0,1.4805,0.0,0.0,1.2756,0.0,4.139,0.0,0.8999,B2,word_pos,psychiatrique,A,psychiatrique,ADJ
organigramme,NOUN,B2,beacco,0.0,1.4792,0.0,0.2117,0.4732,0.0,0.0,28.8683,1.4792,0.0,0.4157,0.438,0.0,0.0,19.328,1.2471,B2,word_pos,organigramme,N,organigramme,NOM
soi-disant,ADJ,B2,beacco,0.0,1.4791,,,,,,,,0.0,0.5213,3.0304,0.0,0.0,0.0,1.4791,B2,beacco_only,,,soi-disant,ADJ
affectueux,ADJ,B2,beacco,0.0,1.4775,0.5025,0.2599,2.4569,0.0,0.0,0.0,1.4775,0.9051,0.5213,2.3204,0.0,0.0,0.0,2.0858,B2,word_pos,affectueux,A,affectueux,ADJ
maturité,NOUN,B2,beacco,0.0,1.4705,0.0,0.7405,0.0,0.0,6.2023,19.2455,1.4705,0.0,0.606,0.0,0.0,6.0005,19.328,1.134,B2,word_pos,maturité,N,maturité,NOM
députer,VERB,B2,beacco,0.0,1.4683,1.4987,0.0,1.3603,0.0,3.1012,0.0,1.4683,0.9464,0.0,3.7679,2.2839,12.0009,56.7717,6.4324,B2,word_pos,députer,V,députer,VER
çà,ADV,B2,beacco,0.0,1.4668,,,,,,,,0.0,4.2718,0.3906,0.0,0.0,0.0,1.4668,B2,beacco_only,,,çà,ADV
pronostic,NOUN,B2,beacco,0.0,1.4646,4.5542,0.0,0.8749,0.0,3.1012,0.0,1.4646,4.7055,0.0,0.5531,0.0,6.0005,0.0,1.4293,B2,word_pos,pronostic,N,pronostic,NOM
diabète,NOUN,B2,beacco,0.0,1.4642,0.0,0.0,0.0,0.0,6.2023,101.4607,1.4642,0.0,0.0,0.0,0.0,6.0005,77.4712,1.5825,B2,word_pos,diabète,N,diabète,NOM
inépuisable,ADJ,B2,beacco,0.0,1.4612,0.0,0.0,7.685,0.0,0.0,0.0,1.4612,0.0,0.0,7.2377,0.0,0.0,0.0,1.4674,B2,word_pos,inépuisable,A,inépuisable,ADJ
auditoire,NOUN,B2,beacco,0.0,1.461,0.0,0.0,0.0,0.0,41.4596,0.0,1.461,0.0,0.0,0.0,0.0,31.3528,0.0,1.2004,B2,word_pos,auditoire,N,auditoire,NOM
interdisciplinaire,ADJ,B2,beacco,0.0,1.4609,0.0,0.0,0.6802,0.0,16.4039,0.0,1.4609,0.0,0.0,0.5857,0.0,4.139,0.0,0.6985,B2,word_pos,interdisciplinaire,A,interdisciplinaire,ADJ
frénésie,NOUN,B2,beacco,0.0,1.4579,0.0,0.0,0.3401,0.0,24.7923,0.0,1.4579,0.0,0.0,0.5857,0.0,34.1646,0.0,2.4634,B2,word_pos,frénésie,N,frénésie,NOM
pleure,NOUN,B2,beacco,0.0,1.4513,,,,,,,,0.0,4.4231,0.3933,0.0,0.0,0.0,1.4513,B2,beacco_only,,,pleure,NOM
serré,ADJ,B2,beacco,0.0,1.4504,0.0,0.5168,4.765,0.0,0.0,0.0,1.4504,0.0,1.0679,0.5857,1.8983,0.0,0.0,1.5569,B2,word_pos,serré,A,serré,ADJ
emprise,NOUN,B2,beacco,0.0,1.4494,0.0,0.3469,0.0,0.0,3.2084,28.8683,1.4494,0.0,0.7079,0.0,0.0,3.4423,19.328,1.5523,B2,word_pos,emprise,N,emprise,NOM
acide,NOUN,B2,beacco,0.0,1.4471,0.0,0.0,0.3014,0.0,0.0,56.9312,1.4471,0.0,0.0,0.3059,0.0,0.0,19.328,0.5455,B2,word_pos,acide,N,acide,NOM
artisanal,ADJ,B2,beacco,0.0,1.4469,0.0,0.0,4.8584,0.0,1.6042,0.0,1.4469,0.0,0.0,3.7062,0.0,3.4423,0.0,1.5612,B2,word_pos,artisanal,A,artisanal,ADJ
occupant,NOUN,B2,beacco,0.0,1.4463,0.5304,0.7405,1.0202,0.0,0.0,0.0,1.4463,0.4856,0.606,0.5857,0.0,0.0,0.0,1.1074,B2,word_pos,occupant,N,occupant,NOM
grave,NOUN,B2,beacco,0.0,1.4456,,,,,,,,1.1556,4.1986,0.0,0.0,0.0,0.0,1.4456,B2,beacco_only,,,grave,NOM
essuie-glace,NOUN,B2,beacco,0.0,1.4445,,,,,,,,0.8075,0.0,3.6369,0.0,0.0,0.0,1.4445,B2,beacco_only,,,essuie-glace,NOM
terminus,NOUN,B2,beacco,0.0,1.444,0.0,4.4814,0.4809,0.0,0.0,0.0,1.444,0.0,4.5382,0.4665,0.0,0.0,0.0,1.4839,B2,word_pos,terminus,N,terminus,NOM
cascade,NOUN,B2,beacco,0.0,1.4432,0.9991,0.0,3.5452,0.0,0.0,0.0,1.4432,0.9464,0.0,2.9905,0.0,0.0,0.0,1.4638,B2,word_pos,cascade,N,cascade,NOM
renouvellement,NOUN,B2,beacco,0.0,1.4389,0.0,0.0,1.0854,0.0,0.0,39.0192,1.4389,0.0,0.0,0.6378,0.0,0.0,56.7717,1.581,B2,word_pos,renouvellement,N,renouvellement,NOM
théoriquement,ADV,B2,beacco,0.0,1.4377,0.0,0.0,3.3575,0.0,4.101,0.0,1.4377,0.0,0.0,0.4665,0.0,4.139,0.0,0.6597,B2,word_pos,théoriquement,ADV,théoriquement,ADV
prétendant,NOUN,B2,beacco,0.0,1.4373,0.0,0.0,5.2488,0.0,1.6042,0.0,1.4373,0.0,0.0,5.155,0.0,3.4423,0.0,1.8535,B2,word_pos,prétendant,N,prétendant,NOM
économiste,NOUN,B2,beacco,0.0,1.4363,0.0,0.0,0.7236,0.0,16.4039,0.0,1.4363,0.0,0.0,0.6378,0.0,12.4171,0.0,1.4335,B2,word_pos,économiste,N,économiste,NOM
longer,VERB,B2,beacco,0.0,1.4344,0.0,0.0,1.6107,0.0,12.4046,0.0,1.4344,0.0,0.0,3.2785,0.0,6.0005,0.0,1.7724,B2,word_pos,longer,V,longer,VER
fidéliser,VERB,B2,beacco,0.0,1.4338,0.0,0.0,0.0,0.0,39.2268,0.0,1.4338,0.0,0.0,0.0,0.0,29.205,0.0,1.1126,B2,word_pos,fidéliser,V,fidéliser,VER
porte-parole,NOUN,B2,beacco,0.0,1.4252,,,,,,,,0.0,0.4664,0.3906,0.0,0.0,19.328,1.4252,B2,beacco_only,,,porte-parole,NOM
cosigner,VERB,B2,beacco,0.0,1.4245,0.0,0.0,1.3603,0.0,8.2019,0.0,1.4245,0.0,0.0,0.5857,0.0,8.2781,0.0,1.1151,B2,word_pos,cosigner,V,cosigner,VER
électroménager,NOUN,B2,beacco,0.0,1.422,0.0,4.458,0.5833,0.0,0.0,0.0,1.422,0.0,11.8393,0.0,0.0,0.0,0.0,1.5718,B2,word_pos,électroménager,N,électroménager,NOM
tabouret,NOUN,B2,beacco,0.0,1.4218,0.0,1.4247,2.6572,0.0,0.0,0.0,1.4218,0.0,0.7702,3.1735,0.0,0.0,0.0,1.3728,B2,word_pos,tabouret,N,tabouret,NOM
reléguer,VERB,B2,beacco,0.0,1.4214,0.0,0.0,0.4732,0.0,6.2023,12.9876,1.4214,0.0,0.0,0.438,0.0,6.0005,12.833,1.6033,B2,word_pos,reléguer,V,reléguer,VER
éventail,NOUN,B2,beacco,0.0,1.4194,0.0,0.0,7.2831,0.0,0.0,0.0,1.4194,0.0,0.0,7.1727,0.0,6.0005,0.0,2.3902,B2,word_pos,éventail,N,éventail,NOM
phoque,NOUN,B2,beacco,0.0,1.4187,0.0,0.3209,4.5704,0.0,0.0,0.0,1.4187,0.0,0.6228,3.5715,0.0,0.0,0.0,1.5511,B2,word_pos,phoque,N,phoque,NOM
inacceptable,ADJ,B2,beacco,0.0,1.4181,0.0,0.6418,0.0,0.0,3.1012,32.4689,1.4181,0.0,0.6228,0.0,0.0,6.0005,25.6659,2.0489,B2,word_pos,inacceptable,A,inacceptable,ADJ
gazon,NOUN,B2,beacco,0.0,1.4072,0.0,0.4879,3.5066,0.0,0.0,0.0,1.4072,0.0,0.4664,7.6118,0.0,0.0,0.0,2.5074,B2,word_pos,gazon,N,gazon,NOM
abondamment,ADV,B2,beacco,0.0,1.4063,0.0,0.0,1.8258,0.0,8.2019,0.0,1.4063,0.0,0.0,3.5861,0.0,4.139,0.0,1.5093,B2,word_pos,abondamment,ADV,abondamment,ADV
pédale,NOUN,B2,beacco,0.0,1.4052,,,,,,,,0.0,0.0,7.1644,0.0,0.0,0.0,1.4052,B2,beacco_only,,,pédale,NOM
initial,ADJ,B2,beacco,0.0,1.4048,0.0,4.458,0.6802,0.0,0.0,0.0,1.4048,0.0,4.486,0.5857,0.0,0.0,0.0,1.395,B2,word_pos,initial,A,initial,ADJ
chronique,NOUN,B2,beacco,0.0,1.4032,0.0,0.0,7.1182,0.0,0.0,0.0,1.4032,0.0,0.0,18.9081,0.0,0.0,0.0,4.2457,B2,word_pos,chronique,N,chronique,NOM
imprimerie,NOUN,B2,beacco,0.0,1.4025,0.0,0.0,4.4437,0.0,3.1012,0.0,1.4025,0.9051,0.0,3.5715,0.0,6.0005,0.0,2.5078,B2,word_pos,imprimerie,N,imprimerie,NOM
consécration,NOUN,B2,beacco,0.0,1.4009,0.0,0.0,0.2076,0.0,1.6042,57.7365,1.4009,0.0,0.0,0.3906,0.0,3.4423,19.328,1.4541,B2,word_pos,consécration,N,consécration,NOM
assistance,NOUN,B2,beacco,0.0,1.4007,0.0,0.0,8.2816,0.0,0.0,0.0,1.4007,0.0,0.0,8.746,0.0,0.0,0.0,2.0439,B2,word_pos,assistance,N,assistance,NOM
mention,NOUN,B2,beacco,0.0,1.4002,0.0,0.0,0.0,0.0,31.2327,2.0587,1.4002,0.0,0.0,0.0,0.0,40.1357,4.0185,1.8627,B2,word_pos,mention,N,mention,NOM
germe,NOUN,B2,beacco,0.0,1.4,0.0,0.0,1.0854,0.0,10.2524,0.0,1.4,0.0,0.0,0.6378,0.0,12.4171,0.0,1.4335,B2,word_pos,germe,N,germe,NOM
pastille,NOUN,B2,beacco,0.0,1.3966,0.0,0.2114,0.0,0.0,12.8336,0.0,1.3966,0.0,0.6008,0.0,0.0,17.2115,0.0,1.7219,B2,word_pos,pastille,N,pastille,NOM
inégalement,ADV,B2,beacco,0.0,1.3957,0.0,0.0,1.1665,0.0,8.2019,0.0,1.3957,0.0,0.0,0.5531,0.0,4.139,0.0,0.6893,B2,word_pos,inégalement,ADV,inégalement,ADV
effervescence,NOUN,B2,beacco,0.0,1.3945,0.0,0.0,1.0379,0.0,8.2019,0.0,1.3945,0.0,0.0,0.3906,0.0,4.139,0.0,0.6261,B2,word_pos,effervescence,N,effervescence,NOM
égrener,VERB,B2,beacco,0.0,1.3945,0.0,0.0,1.0379,0.0,8.2019,0.0,1.3945,0.0,0.0,0.3906,0.0,4.139,0.0,0.6261,B2,word_pos,égrener,V,égrener,VER
innover,VERB,B2,beacco,0.0,1.3922,0.0,0.0,4.9235,0.0,3.1012,0.0,1.3922,0.0,0.0,3.7375,0.0,6.0005,0.0,1.5304,B2,word_pos,innover,V,innover,VER
maçon,NOUN,B2,beacco,0.0,1.3865,2.6603,1.2993,0.0,0.0,0.0,0.0,1.3865,0.8346,0.5213,0.0,0.0,0.0,0.0,0.615,B2,word_pos,maçon,N,maçon,NOM
saveur,NOUN,B2,beacco,0.0,1.3848,0.0,0.2117,0.6228,0.0,6.2023,0.0,1.3848,0.0,0.4157,0.3906,0.0,6.0005,0.0,1.3151,B2,word_pos,saveur,N,saveur,NOM
muraille,NOUN,B2,beacco,0.0,1.3842,0.0,0.0,7.2624,0.0,0.0,0.0,1.3842,0.0,0.0,11.3635,0.0,0.0,0.0,2.5362,B2,word_pos,muraille,N,muraille,NOM
manquant,ADJ,B2,beacco,0.0,1.3783,0.0,0.0,2.6968,0.0,4.8126,0.0,1.3783,0.0,0.0,2.9957,0.0,6.8846,0.0,2.0648,B2,word_pos,manquant,A,manquant,ADJ
chaussée,NOUN,B2,beacco,0.0,1.3772,0.0,0.0,1.1665,0.0,12.4046,0.0,1.3772,0.0,0.0,5.294,0.0,6.0005,0.0,1.7884,B2,word_pos,chaussée,N,chaussée,NOM
navire,NOUN,B2,beacco,0.0,1.375,0.0,6.3093,0.0,0.0,4.8126,0.0,1.375,0.0,3.8512,0.0,0.0,3.4423,0.0,0.8499,B2,word_pos,navire,N,navire,NOM
virilité,NOUN,B2,beacco,0.0,1.3727,0.0,0.0,1.0854,0.0,8.021,0.0,1.3727,0.0,0.0,0.6378,0.0,3.4423,0.0,0.7094,B2,word_pos,virilité,N,virilité,NOM
citadin,ADJ,B2,beacco,0.0,1.3698,0.0,0.0,2.8955,0.0,4.8126,0.0,1.3698,0.0,0.0,2.4519,0.0,3.4423,0.0,1.4997,B2,word_pos,citadin,A,citadin,ADJ
oxyde,NOUN,B2,beacco,0.0,1.3697,0.0,0.0,0.4152,0.0,1.6042,25.9752,1.3697,0.0,0.0,0.3906,0.0,3.4423,51.3319,3.06,B2,word_pos,oxyde,N,oxyde,NOM
géographe,NOUN,B2,beacco,0.0,1.3677,0.0,0.0,1.1665,0.0,0.0,38.491,1.3677,0.0,0.0,0.5531,0.0,0.0,19.328,0.6721,B2,word_pos,géographe,N,géographe,NOM
filiation,NOUN,B2,beacco,0.0,1.3675,0.0,0.0,0.0,0.0,6.4168,38.491,1.3675,0.0,0.0,0.0,0.0,6.8846,57.984,1.9463,B2,word_pos,filiation,N,filiation,NOM
assiéger,VERB,B2,beacco,0.0,1.3668,0.0,0.0,6.1705,0.0,0.0,0.0,1.3668,0.0,0.0,6.2742,0.0,0.0,0.0,1.5211,B2,word_pos,assiéger,V,assiéger,VER
acclamer,VERB,B2,beacco,0.0,1.3666,0.0,0.3469,4.3623,0.0,0.0,0.0,1.3666,0.0,0.7079,4.0193,0.0,0.0,0.0,1.2928,B2,word_pos,acclamer,V,acclamer,VER
clinique,NOUN,B2,beacco,0.0,1.3663,0.0,6.0726,0.2405,0.0,0.0,0.0,1.3663,0.0,0.606,0.4665,0.0,0.0,0.0,0.6764,B2,word_pos,clinique,N,clinique,NOM
faufiler,VERB,B2,beacco,0.0,1.3662,0.0,1.0395,0.3618,0.0,9.3035,0.0,1.3662,0.0,0.5213,0.6378,0.0,6.0005,0.0,1.3441,B2,word_pos,faufiler,V,faufiler,VER
maquiller,VERB,B2,beacco,0.0,1.3659,2.6483,0.0,2.1074,0.0,0.0,0.0,1.3659,1.2635,0.0,3.338,0.0,0.0,0.0,1.4561,B2,word_pos,maquiller,V,maquiller,VER
biométrique,ADJ,B2,beacco,0.0,1.365,0.0,0.0,0.0,0.0,77.5288,0.0,1.365,0.0,0.0,0.0,0.0,30.0023,0.0,0.7155,B2,word_pos,biométrique,A,biométrique,ADJ
entre-temps,ADV,B2,beacco,0.0,1.365,,,,,,,,0.0,0.5213,0.3059,0.0,6.0005,0.0,1.365,B2,beacco_only,,,entre-temps,ADV
suicider,VERB,B2,beacco,0.0,1.3637,0.0,0.0,0.3625,0.0,18.6069,0.0,1.3637,0.0,0.0,0.185,0.0,12.0009,0.0,1.1602,B2,word_pos,suicider,V,suicider,VER
réclamation,NOUN,B2,beacco,0.0,1.3635,1.6274,1.8512,0.0,0.0,0.0,0.0,1.3635,0.8075,0.606,0.0,0.0,0.0,0.0,0.6325,B2,word_pos,réclamation,N,réclamation,NOM
pharmaceutique,ADJ,B2,beacco,0.0,1.3625,0.0,0.0,0.0,0.0,36.9099,0.0,1.3625,0.0,0.6008,0.0,0.0,19.861,0.0,1.5368,B2,word_pos,pharmaceutique,A,pharmaceutique,ADJ
convive,NOUN,B2,beacco,0.0,1.3612,0.0,0.6619,2.4517,0.0,3.2084,0.0,1.3612,0.0,0.2129,3.5957,0.0,3.4423,0.0,2.436,B2,word_pos,convive,N,convive,NOM
pommier,NOUN,B2,beacco,0.0,1.36,0.0,1.7724,0.0,0.0,6.4168,0.0,1.36,0.0,3.373,0.0,0.0,3.4423,0.0,1.037,B2,word_pos,pommier,N,pommier,NOM
gadget,NOUN,B2,beacco,0.0,1.3597,1.3242,1.1107,0.2405,0.0,0.0,0.0,1.3597,1.2635,0.606,0.4665,0.0,0.0,0.0,1.466,B2,word_pos,gadget,N,gadget,NOM
protocole,NOUN,B2,beacco,0.0,1.3577,0.0,0.0,7.4415,0.0,0.0,0.0,1.3577,0.0,0.0,4.6029,0.0,0.0,0.0,0.8605,B2,word_pos,protocole,N,protocole,NOM
véhémence,NOUN,B2,beacco,0.0,1.3577,0.0,0.0,7.4415,0.0,0.0,0.0,1.3577,0.0,0.0,3.5051,0.0,0.0,0.0,0.667,B2,word_pos,véhémence,N,véhémence,NOM
matrimonial,ADJ,B2,beacco,0.0,1.3574,0.0,0.0,0.7236,0.0,1.6042,28.8683,1.3574,0.0,0.0,0.6378,0.0,3.4423,38.656,2.2177,B2,word_pos,matrimonial,A,matrimonial,ADJ
insistance,NOUN,B2,beacco,0.0,1.3565,0.0,0.0,1.8274,0.0,0.0,19.4814,1.3565,0.0,0.0,0.5531,0.0,0.0,12.833,0.6893,B2,word_pos,insistance,N,insistance,NOM
centenaire,ADJ,B2,beacco,0.0,1.3539,0.0,0.0,0.4732,0.0,1.6042,28.8683,1.3539,0.0,0.0,0.438,0.0,3.4423,19.328,1.575,B2,word_pos,centenaire,A,centenaire,ADJ
socialisme,NOUN,B2,beacco,0.0,1.3524,0.0,0.0,0.9413,0.0,8.2019,0.0,1.3524,0.0,0.0,0.7866,0.0,4.139,0.0,0.7247,B2,word_pos,socialisme,N,socialisme,NOM
nager,VERB,B2,beacco,0.0,1.3507,3.5479,1.1794,0.0,0.0,0.0,0.0,1.3507,7.2546,0.6111,0.0,0.0,0.0,0.0,1.3675,B2,word_pos,nager,V,nager,VER
porte-bonheur,NOUN,B2,beacco,0.0,1.3501,,,,,,,,0.0,0.3851,3.7375,0.0,0.0,0.0,1.3501,B2,beacco_only,,,porte-bonheur,NOM
tien,PRON,B2,beacco,0.0,1.3473,,,,,,,,0.0,0.5137,0.5857,0.0,6.0005,0.0,1.3473,B2,beacco_only,,,tien,PRO
micro-ordinateur,NOUN,B2,beacco,0.0,1.3464,,,,,,,,0.0,0.4157,0.6378,0.0,3.4423,0.0,1.3464,B2,beacco_only,,,micro-ordinateur,NOM
battement,NOUN,B2,beacco,0.0,1.3452,0.0,1.1107,1.8903,0.0,0.0,0.0,1.3452,0.0,0.606,2.501,0.0,0.0,0.0,0.8858,B2,word_pos,battement,N,battement,NOM
bobo,NOUN,B2,beacco,0.0,1.3447,0.0,0.4234,0.7236,0.0,0.0,4.1173,1.3447,0.0,0.4157,3.6369,0.0,0.0,8.037,3.0293,B2,word_pos,bobo,N,bobo,NOM
postier,NOUN,B2,beacco,0.0,1.3443,1.3242,0.0,0.7249,0.0,1.6042,0.0,1.3443,1.2635,0.0,0.74,0.0,3.4423,0.0,2.6061,B2,word_pos,postier,N,postier,NOM
couturière,NOUN,B2,beacco,0.0,1.3413,,,,,,,,0.0,0.0,7.0522,0.0,0.0,0.0,1.3413,B2,beacco_only,,,couturière,NOM
exécutif,ADJ,B2,beacco,0.0,1.3411,0.0,0.0,0.4732,0.0,2.0505,28.8683,1.3411,0.0,0.0,0.438,0.0,4.139,19.328,1.6033,B2,word_pos,exécutif,A,exécutif,ADJ
pesticide,NOUN,B2,beacco,0.0,1.3408,0.5304,0.0,3.4834,0.0,0.0,0.0,1.3408,0.4856,0.0,3.6048,0.0,0.0,0.0,1.1057,B2,word_pos,pesticide,N,pesticide,NOM
espéré,ADJ,B2,beacco,0.0,1.3401,,,,,,,,0.0,0.4157,0.4317,0.0,4.139,0.0,1.3401,B2,beacco_only,,,espéré,ADJ
nègre,ADJ,B2,beacco,0.0,1.3392,0.0,0.0,1.7718,0.0,9.3035,0.0,1.3392,0.0,0.0,3.4656,0.0,12.0009,0.0,2.1245,B2,word_pos,nègre,A,nègre,ADJ
organique,ADJ,B2,beacco,0.0,1.338,0.0,0.3702,0.0,0.0,9.3035,9.6228,1.338,0.0,0.606,0.2504,0.0,12.0009,19.328,2.6578,B2,word_pos,organique,A,organique,ADJ
mexicain,ADJ,B2,beacco,0.0,1.3378,16.6292,0.0,0.0,0.0,0.0,0.0,1.3378,7.132,0.0,0.0,0.0,0.0,0.0,0.5751,B2,word_pos,mexicain,A,mexicain,ADJ
sanglier,NOUN,B2,beacco,0.0,1.3375,0.0,3.401,0.4531,0.0,0.0,0.0,1.3375,0.0,4.6488,0.555,0.0,0.0,0.0,1.5526,B2,word_pos,sanglier,N,sanglier,NOM
incurable,ADJ,B2,beacco,0.0,1.3364,0.0,0.0,4.9536,0.0,2.0505,0.0,1.3364,0.0,0.0,3.0304,0.0,4.139,0.0,1.4845,B2,word_pos,incurable,A,incurable,ADJ
subjectivité,NOUN,B2,beacco,0.0,1.3359,0.0,0.0,0.0,0.0,12.3029,19.2455,1.3359,0.0,0.0,0.0,0.0,8.2781,19.328,1.035,B2,word_pos,subjectivité,N,subjectivité,NOM
génome,NOUN,B2,beacco,0.0,1.3327,0.0,0.0,0.0,0.0,0.0,46.2028,1.3327,0.0,0.0,0.0,0.0,0.0,70.4779,1.3453,B2,word_pos,génome,N,génome,NOM
correctement,ADV,B2,beacco,0.0,1.3305,0.0,0.2527,2.8048,0.0,2.0505,0.0,1.3305,0.0,0.5137,2.9905,0.0,4.139,0.0,2.3646,B2,word_pos,correctement,ADV,correctement,ADV
focaliser,VERB,B2,beacco,0.0,1.3279,0.0,0.0,0.0,0.0,20.5337,9.6228,1.3279,0.0,0.0,0.0,0.0,31.3781,19.328,1.5522,B2,word_pos,focaliser,V,focaliser,VER
contamination,NOUN,B2,beacco,0.0,1.3277,0.0,0.0,1.9454,0.0,9.3035,0.0,1.3277,0.0,0.0,3.7062,0.0,12.0009,0.0,2.1926,B2,word_pos,contamination,N,contamination,NOM
éclaircir,VERB,B2,beacco,0.0,1.324,4.8338,0.0,0.0,0.0,0.0,28.8683,1.324,7.2824,0.0,0.0,0.0,0.0,19.328,1.2108,B2,word_pos,éclaircir,V,éclaircir,VER
agro-alimentaire,ADJ,B2,beacco,0.0,1.3195,,,,,,,,0.8075,0.0,0.438,0.0,6.0005,0.0,1.3195,B2,beacco_only,,,agro-alimentaire,ADJ
tremblement,NOUN,B2,beacco,0.0,1.3182,0.0,0.0,0.7097,0.0,12.4046,0.0,1.3182,0.0,0.0,0.438,0.0,12.0009,0.0,1.1997,B2,word_pos,tremblement,N,tremblement,NOM
éveil,NOUN,B2,beacco,0.0,1.3173,0.0,0.0,0.6802,0.0,11.2294,0.0,1.3173,0.0,0.0,0.5857,0.0,6.8846,0.0,1.0255,B2,word_pos,éveil,N,éveil,NOM
éventualité,NOUN,B2,beacco,0.0,1.3157,0.0,0.0,0.0,0.0,33.3358,0.0,1.3157,0.0,0.0,0.0,0.0,40.1357,0.0,1.6052,B2,word_pos,éventualité,N,éventualité,NOM
réapprendre,VERB,B2,beacco,0.0,1.3156,0.0,0.0,0.3618,0.0,20.5337,0.0,1.3156,0.0,0.0,0.6378,0.0,20.6179,0.0,1.581,B2,word_pos,réapprendre,V,réapprendre,VER
audit,NOUN,B2,beacco,0.0,1.3129,0.0,0.0,0.8304,0.0,0.0,25.9752,1.3129,0.0,0.0,0.3906,0.0,0.0,12.833,0.6261,B2,word_pos,audit,N,audit,NOM
incontestable,ADJ,B2,beacco,0.0,1.3117,0.0,0.0,0.3618,0.0,20.4505,0.0,1.3117,0.0,0.0,0.6378,0.0,20.6179,0.0,1.581,B2,word_pos,incontestable,A,incontestable,ADJ
puritain,ADJ,B2,beacco,0.0,1.3114,0.0,0.0,7.303,0.0,0.0,0.0,1.3114,0.0,0.0,3.5861,0.0,0.0,0.0,0.6734,B2,word_pos,puritain,A,puritain,ADJ
brimade,NOUN,B2,beacco,0.0,1.3111,0.0,0.0,1.0854,0.0,12.4046,0.0,1.3111,0.0,0.0,0.6378,0.0,6.0005,0.0,0.7013,B2,word_pos,brimade,N,brimade,NOM
dérisoire,ADJ,B2,beacco,0.0,1.3102,0.0,0.0,0.6802,0.0,15.5058,0.0,1.3102,0.0,0.0,0.5857,0.0,12.0009,0.0,1.1807,B2,word_pos,dérisoire,A,dérisoire,ADJ
provocation,NOUN,B2,beacco,0.0,1.3102,0.0,0.0,0.6802,0.0,15.5058,0.0,1.3102,0.0,0.0,0.5857,0.0,12.0009,0.0,1.1807,B2,word_pos,provocation,N,provocation,NOM
alerte,ADJ,B2,beacco,0.0,1.3095,0.0,0.0,3.3161,0.0,6.2023,0.0,1.3095,0.0,0.0,3.5861,0.0,6.0005,0.0,1.4814,B2,word_pos,alerte,A,alerte,ADJ
collision,NOUN,B2,beacco,0.0,1.3077,0.0,0.7405,0.0,0.0,15.5058,0.0,1.3077,0.0,0.606,0.0,0.0,18.0014,0.0,1.5977,B2,word_pos,collision,N,collision,NOM
étourdir,VERB,B2,beacco,0.0,1.307,0.0,0.7796,0.0,0.0,15.5058,0.0,1.307,0.0,0.5213,0.0,0.0,6.0005,0.0,0.5199,B2,word_pos,étourdir,V,étourdir,VER
gaspiller,VERB,B2,beacco,0.0,1.3069,0.0,0.0,5.1931,0.0,3.1012,0.0,1.3069,0.0,0.0,2.2924,0.0,6.0005,0.0,0.9589,B2,word_pos,gaspiller,V,gaspiller,VER
testostérone,NOUN,B2,beacco,0.0,1.3053,0.0,0.0,0.0,0.0,36.5308,0.0,1.3053,0.0,0.0,0.0,0.0,26.3397,0.0,0.8742,B2,word_pos,testostérone,N,testostérone,NOM
cube,NOUN,B2,beacco,0.0,1.3051,0.0,0.0,0.7236,0.0,15.5058,0.0,1.3051,0.0,0.0,0.6378,0.0,6.0005,0.0,0.7013,B2,word_pos,cube,N,cube,NOM
enraciner,VERB,B2,beacco,0.0,1.3051,0.0,0.0,0.7236,0.0,15.5058,0.0,1.3051,0.0,0.0,0.6378,0.0,6.0005,0.0,0.7013,B2,word_pos,enraciner,V,enraciner,VER
prédisposition,NOUN,B2,beacco,0.0,1.3044,0.0,0.0,6.8423,0.0,0.0,0.0,1.3044,0.0,0.0,6.2699,0.0,0.0,0.0,1.4812,B2,word_pos,prédisposition,N,prédisposition,NOM
ambiguïté,NOUN,B2,beacco,0.0,1.3033,0.0,0.0,1.3603,0.0,2.0505,9.6228,1.3033,0.0,0.0,0.5857,0.0,4.139,19.328,1.559,B2,word_pos,ambiguïté,N,ambiguïté,NOM
pénaliser,VERB,B2,beacco,0.0,1.3024,0.0,0.0,0.4809,0.0,3.1012,28.8683,1.3024,0.0,0.0,0.4665,0.0,6.0005,19.328,1.1455,B2,word_pos,pénaliser,V,pénaliser,VER
vécu,NOUN,B2,beacco,0.0,1.3024,0.9991,0.0,0.2076,0.0,9.3035,0.0,1.3024,0.9464,0.0,0.3906,0.0,12.0009,0.0,2.0679,B2,word_pos,vécu,N,vécu,NOM
anxieux,ADJ,B2,beacco,0.0,1.3008,0.0,0.0,1.0202,0.0,12.4046,0.0,1.3008,0.0,0.0,0.5857,0.0,6.0005,0.0,0.684,B2,word_pos,anxieux,A,anxieux,ADJ
fainéant,NOUN,B2,beacco,0.0,1.2996,0.0,0.0,3.0353,0.0,3.2084,0.0,1.2996,0.0,0.0,0.1243,0.0,3.4423,0.0,0.6717,B2,word_pos,fainéant,N,fainéant,NOM
réparateur,ADJ,B2,beacco,0.0,1.2996,0.0,0.3469,0.6802,0.0,3.2084,0.0,1.2996,0.0,0.7079,0.5857,0.0,3.4423,0.0,1.5669,B2,word_pos,réparateur,A,réparateur,ADJ
initiatique,ADJ,B2,beacco,0.0,1.2988,0.0,0.3702,0.6802,0.0,3.2084,0.0,1.2988,0.0,0.606,0.5857,0.0,3.4423,0.0,1.5353,B2,word_pos,initiatique,A,initiatique,ADJ
confrérie,NOUN,B2,beacco,0.0,1.2984,0.0,0.0,8.9878,0.0,0.0,0.0,1.2984,0.0,0.0,9.9105,0.0,0.0,0.0,1.681,B2,word_pos,confrérie,N,confrérie,NOM
entrevue,NOUN,B2,beacco,0.0,1.2943,0.5025,0.0,3.3508,0.0,0.0,0.0,1.2943,0.0,0.0,3.5244,0.0,0.0,0.0,0.6756,B2,word_pos,entrevue,N,entrevue,NOM
désastre,NOUN,B2,beacco,0.0,1.2938,0.0,0.6342,0.0,0.0,19.6975,0.0,1.2938,0.0,0.6008,0.0,0.0,40.0479,0.0,2.6441,B2,word_pos,désastre,N,désastre,NOM
rocheux,ADJ,B2,beacco,0.0,1.2893,0.7622,0.0,3.3571,0.0,0.0,0.0,1.2893,0.5504,0.0,6.4328,0.0,0.0,0.0,2.0685,B2,word_pos,rocheux,A,rocheux,ADJ
gage,NOUN,B2,beacco,0.0,1.2868,0.0,0.0,2.7658,0.0,4.101,0.0,1.2868,0.0,0.0,15.1545,0.0,8.2781,0.0,4.9498,B2,word_pos,gage,N,gage,NOM
méprisable,ADJ,B2,beacco,0.0,1.2866,0.0,0.0,7.2976,0.0,0.0,0.0,1.2866,0.0,0.0,3.6187,0.0,0.0,0.0,0.6825,B2,word_pos,méprisable,A,méprisable,ADJ
émigration,NOUN,B2,beacco,0.0,1.2854,0.0,0.0,0.2916,0.0,19.6566,0.0,1.2854,0.0,0.0,0.5531,0.0,20.6179,0.0,1.5432,B2,word_pos,émigration,N,émigration,NOM
patinage,NOUN,B2,beacco,0.0,1.2834,0.0,9.1476,0.0,0.0,0.0,0.0,1.2834,0.0,9.1485,0.0,0.0,0.0,0.0,1.3249,B2,word_pos,patinage,N,patinage,NOM
cogner,VERB,B2,beacco,0.0,1.2805,0.0,0.2599,0.3618,0.0,9.3035,0.0,1.2805,0.0,0.5213,0.6378,0.0,6.0005,0.0,1.3441,B2,word_pos,cogner,V,cogner,VER
accueillant,ADJ,B2,beacco,0.0,1.279,2.2771,0.9757,0.0,0.0,0.0,0.0,1.279,2.3528,0.4664,0.0,0.0,0.0,0.0,0.7938,B2,word_pos,accueillant,A,accueillant,ADJ
marcheur,NOUN,B2,beacco,0.0,1.279,0.0,0.0,6.4965,0.0,0.0,0.0,1.279,0.0,0.0,3.5522,0.0,0.0,0.0,0.4647,B2,word_pos,marcheur,N,marcheur,NOM
plasticité,NOUN,B2,beacco,0.0,1.2779,0.0,0.0,0.0,0.0,9.3035,76.982,1.2779,0.0,0.0,0.0,0.0,6.0005,115.968,1.0016,B2,word_pos,plasticité,N,plasticité,NOM
casse,NOUN,B2,beacco,0.0,1.2739,0.0,0.0,7.0749,0.0,0.0,0.0,1.2739,0.0,0.0,5.2972,0.0,0.0,0.0,0.9698,B2,word_pos,casse,N,casse,NOM
solder,VERB,B2,beacco,0.0,1.2732,0.0,0.0,0.2366,0.0,19.6134,0.0,1.2732,0.0,0.0,0.438,0.0,19.861,0.0,1.5891,B2,word_pos,solder,V,solder,VER
conformer,VERB,B2,beacco,0.0,1.2711,0.0,0.2527,0.5833,0.0,6.2023,0.0,1.2711,0.0,0.5137,0.5531,0.0,6.0005,0.0,1.3523,B2,word_pos,conformer,V,conformer,VER
querelle,NOUN,B2,beacco,0.0,1.2697,0.0,0.0,0.8162,0.0,12.7628,0.0,1.2697,0.0,0.0,0.4317,0.0,20.024,0.0,1.4815,B2,word_pos,querelle,N,querelle,NOM
croyant,ADJ,B2,beacco,0.0,1.2685,0.0,0.0,2.5326,0.0,4.101,0.0,1.2685,0.0,0.0,3.5957,0.0,4.139,0.0,1.5781,B2,word_pos,croyant,A,croyant,ADJ
endetter,VERB,B2,beacco,0.0,1.2678,0.0,0.2117,3.7347,0.0,0.0,0.0,1.2678,0.0,0.4157,3.6048,0.0,0.0,0.0,1.4096,B2,word_pos,endetter,V,endetter,VER
ouh,INT,B2,beacco,0.0,1.2662,,,,,,,,0.0,8.9042,0.0,0.0,0.0,0.0,1.2662,B2,beacco_only,,,ouh,INT
banquet,NOUN,B2,beacco,0.0,1.265,0.7967,0.2152,0.7236,0.0,0.0,0.0,1.265,0.8346,0.186,0.6378,0.0,0.0,0.0,1.2437,B2,word_pos,banquet,N,banquet,NOM
arrogant,ADJ,B2,beacco,0.0,1.2627,0.5025,0.0,3.1816,0.0,0.0,0.0,1.2627,1.2635,0.0,3.5636,0.0,0.0,0.0,1.4527,B2,word_pos,arrogant,A,arrogant,ADJ
reptile,NOUN,B2,beacco,0.0,1.2614,0.9991,0.0,0.0,0.0,1.6042,28.8683,1.2614,0.9464,0.0,0.0,0.0,3.4423,19.328,1.3672,B2,word_pos,reptile,N,reptile,NOM
exhiber,VERB,B2,beacco,0.0,1.2612,0.0,0.0,0.6122,0.0,13.3747,0.0,1.2612,0.0,0.0,0.4317,0.0,19.861,0.0,1.5089,B2,word_pos,exhiber,V,exhiber,VER
pompier,ADJ,B2,beacco,0.0,1.2596,0.0,5.942,0.0,0.0,1.6042,0.0,1.2596,0.0,0.4664,0.0,0.0,3.4423,0.0,0.6449,B2,word_pos,pompier,A,pompier,ADJ
faille,NOUN,B2,beacco,0.0,1.2587,0.0,0.2117,0.0,0.0,19.6975,0.0,1.2587,0.0,0.4157,0.0,0.0,20.024,0.0,1.2458,B2,word_pos,faille,N,faille,NOM
gala,NOUN,B2,beacco,0.0,1.258,0.0,3.5374,0.4809,0.0,0.0,0.0,1.258,0.0,4.4863,0.4665,0.0,0.0,0.0,1.4323,B2,word_pos,gala,N,gala,NOM
sensuel,ADJ,B2,beacco,0.0,1.2579,0.0,0.0,0.1155,0.0,6.2023,4.1173,1.2579,0.0,0.0,0.2331,0.0,6.0005,4.0185,1.5523,B2,word_pos,sensuel,A,sensuel,ADJ
radicalement,ADV,B2,beacco,0.0,1.2528,0.0,0.0,6.4283,0.0,0.0,0.0,1.2528,0.0,0.0,2.504,0.0,0.0,0.0,0.6593,B2,word_pos,radicalement,ADV,radicalement,ADV
bastion,NOUN,B2,beacco,0.0,1.2514,0.0,0.3702,0.8162,0.0,0.0,6.4938,1.2514,0.0,0.606,0.8634,0.0,0.0,12.833,1.7907,B2,word_pos,bastion,N,bastion,NOM
enlèvement,NOUN,B2,beacco,0.0,1.2513,0.4068,0.0,3.0638,0.0,0.0,0.0,1.2513,0.8075,0.0,0.3059,0.0,0.0,0.0,0.6479,B2,word_pos,enlèvement,N,enlèvement,NOM
hispanique,ADJ,B2,beacco,0.0,1.249,0.0,0.0,0.7236,0.0,12.3029,0.0,1.249,0.0,0.0,0.6378,0.0,8.2781,0.0,1.1151,B2,word_pos,hispanique,A,hispanique,ADJ
confession,NOUN,B2,beacco,0.0,1.2483,0.0,0.6939,0.0908,0.0,0.0,19.2455,1.2483,0.0,0.7079,0.2504,0.0,0.0,19.328,1.3232,B2,word_pos,confession,N,confession,NOM
mulet,NOUN,B2,beacco,0.0,1.248,0.0,0.0,6.9131,0.0,0.0,0.0,1.248,0.0,0.0,7.7482,0.0,0.0,0.0,1.358,B2,word_pos,mulet,N,mulet,NOM
dérogation,NOUN,B2,beacco,0.0,1.2452,0.0,0.0,0.0,0.0,6.2023,18.528,1.2452,0.0,0.0,0.0,0.0,6.0005,28.1294,1.379,B2,word_pos,dérogation,N,dérogation,NOM
calanque,NOUN,B2,beacco,0.0,1.2442,1.7784,0.1235,0.0,0.0,0.0,0.0,1.2442,1.1008,0.1276,0.0,0.0,0.0,0.0,0.9265,B2,word_pos,calanque,N,calanque,NOM
malhonnête,ADJ,B2,beacco,0.0,1.2441,9.0258,0.0,0.7236,0.0,0.0,0.0,1.2441,7.3356,0.0,0.6378,0.0,0.0,0.0,1.2821,B2,word_pos,malhonnête,A,malhonnête,ADJ
désireux,ADJ,B2,beacco,0.0,1.2432,0.0,0.0,3.7947,0.0,0.0,9.6228,1.2432,0.0,0.0,3.5861,0.0,0.0,19.328,1.4814,B2,word_pos,désireux,A,désireux,ADJ
consoler,VERB,B2,beacco,0.0,1.2431,0.0,3.4107,0.4152,0.0,0.0,0.0,1.2431,0.0,4.1382,0.3906,0.0,0.0,0.0,1.325,B2,word_pos,consoler,V,consoler,VER
faiblir,VERB,B2,beacco,0.0,1.2427,0.0,0.5168,0.0,0.0,3.2084,19.2455,1.2427,0.0,1.0679,0.0,0.0,3.4423,19.328,1.538,B2,word_pos,faiblir,V,faiblir,VER
paramètre,NOUN,B2,beacco,0.0,1.2406,0.0,0.0,0.0,0.0,12.4046,38.9627,1.2406,0.0,0.0,0.0,0.0,12.0009,25.6659,1.5825,B2,word_pos,paramètre,N,paramètre,NOM
hypocrite,ADJ,B2,beacco,0.0,1.237,0.0,0.0,7.1168,0.0,0.0,0.0,1.237,0.0,0.0,3.7062,0.0,0.0,0.0,0.6943,B2,word_pos,hypocrite,A,hypocrite,ADJ
maçonnerie,NOUN,B2,beacco,0.0,1.2325,0.0,0.0,1.0854,0.0,6.4168,0.0,1.2325,0.0,0.0,0.6378,0.0,3.4423,0.0,0.7094,B2,word_pos,maçonnerie,N,maçonnerie,NOM
avancée,NOUN,B2,beacco,0.0,1.2317,0.0,0.3228,0.6802,0.0,9.3035,0.0,1.2317,0.0,0.186,0.5857,0.0,12.0009,0.0,1.493,B2,word_pos,avancée,N,avancée,NOM
marmotte,NOUN,B2,beacco,0.0,1.2315,0.0,0.0,6.2327,0.0,0.0,0.0,1.2315,0.0,0.0,2.9042,0.0,0.0,0.0,0.4475,B2,word_pos,marmotte,N,marmotte,NOM
effervescent,ADJ,B2,beacco,0.0,1.23,0.0,0.7405,0.2041,0.0,3.2084,0.0,1.23,0.0,0.606,0.4317,0.0,3.4423,0.0,1.5205,B2,word_pos,effervescent,A,effervescent,ADJ
affectation,NOUN,B2,beacco,0.0,1.2296,0.5025,0.0,0.8162,0.0,1.6042,0.0,1.2296,0.0,0.0,0.4317,0.0,3.4423,0.0,0.6695,B2,word_pos,affectation,N,affectation,NOM
hospitalité,NOUN,B2,beacco,0.0,1.2283,0.0,0.0,6.3646,0.0,0.0,0.0,1.2283,0.0,0.0,7.1203,0.0,0.0,0.0,1.5373,B2,word_pos,hospitalité,N,hospitalité,NOM
brigand,NOUN,B2,beacco,0.0,1.2241,0.0,0.0,6.3596,0.0,0.0,0.0,1.2241,0.0,0.0,3.1164,0.0,0.0,0.0,0.6951,B2,word_pos,brigand,N,brigand,NOM
baladeur,NOUN,B2,beacco,0.0,1.2231,5.7969,0.4234,0.0,0.0,0.0,0.0,1.2231,7.3631,0.0,0.0,0.0,0.0,0.0,0.481,B2,word_pos,baladeur,N,baladeur,NOM
authenticité,NOUN,B2,beacco,0.0,1.2198,0.0,0.0,2.4678,0.0,3.2084,0.0,1.2198,0.0,0.0,3.4815,0.0,6.8846,0.0,2.0671,B2,word_pos,authenticité,N,authenticité,NOM
berge,NOUN,B2,beacco,0.0,1.2198,0.0,0.2114,3.5792,0.0,0.0,0.0,1.2198,0.0,0.6008,6.5922,0.0,0.0,0.0,2.9452,B2,word_pos,berge,N,berge,NOM
imprimeur,NOUN,B2,beacco,0.0,1.2164,0.0,0.1076,0.0906,0.0,9.3035,0.0,1.2164,0.0,0.186,0.185,0.0,12.0009,0.0,1.5286,B2,word_pos,imprimeur,N,imprimeur,NOM
juriste,NOUN,B2,beacco,0.0,1.2125,0.0,0.0,2.5348,0.0,0.0,19.2455,1.2125,0.0,0.0,3.6048,0.0,0.0,19.328,1.4912,B2,word_pos,juriste,N,juriste,NOM
localité,NOUN,B2,beacco,0.0,1.2121,0.0,0.2114,0.7214,0.0,0.0,6.4938,1.2121,0.0,0.6008,0.4665,0.0,0.0,12.833,1.5095,B2,word_pos,localité,N,localité,NOM
merveilleusement,ADV,B2,beacco,0.0,1.2109,0.0,0.8141,0.1507,0.0,4.101,0.0,1.2109,0.0,1.1553,0.3059,0.0,4.139,0.0,1.5619,B2,word_pos,merveilleusement,ADV,merveilleusement,ADV
briquet,NOUN,B2,beacco,0.0,1.2103,0.0,4.5208,0.0906,0.0,0.0,0.0,1.2103,0.0,4.5709,0.185,0.0,0.0,0.0,1.5199,B2,word_pos,briquet,N,briquet,NOM
sécheresse,NOUN,B2,beacco,0.0,1.2102,0.0,0.1425,0.5833,0.0,4.101,0.0,1.2102,0.0,0.2891,0.5531,0.0,4.139,0.0,1.1731,B2,word_pos,sécheresse,N,sécheresse,NOM
mythique,ADJ,B2,beacco,0.0,1.21,0.5081,0.1235,0.4809,0.0,0.0,0.0,1.21,0.5504,0.1276,0.4665,0.0,0.0,0.0,1.2172,B2,word_pos,mythique,A,mythique,ADJ
confusion,NOUN,B2,beacco,0.0,1.2095,0.0,0.0,0.1507,0.0,9.8067,9.6228,1.2095,0.0,0.0,0.3059,0.0,19.861,19.328,2.3298,B2,word_pos,confusion,N,confusion,NOM
diluer,VERB,B2,beacco,0.0,1.2083,0.0,0.0,4.2024,0.0,3.1012,0.0,1.2083,0.0,0.0,3.5156,0.0,6.0005,0.0,1.4566,B2,word_pos,diluer,V,diluer,VER
grossesse,NOUN,B2,beacco,0.0,1.2077,0.0,0.0,2.1708,0.0,3.2084,0.0,1.2077,0.0,0.0,1.9134,0.0,6.8846,0.0,1.7072,B2,word_pos,grossesse,N,grossesse,NOM
féministe,NOUN,B2,beacco,0.0,1.2072,0.0,0.0,0.0,0.0,12.4046,32.4689,1.2072,0.0,0.0,0.0,1.2705,12.0009,25.6659,2.6893,B2,word_pos,féministe,N,féministe,NOM
épopée,NOUN,B2,beacco,0.0,1.2055,0.0,3.101,0.4809,0.0,0.0,0.0,1.2055,0.0,2.1359,0.4665,0.0,0.0,0.0,0.99,B2,word_pos,épopée,N,épopée,NOM
blaser,VERB,B2,beacco,0.0,1.2028,0.0,0.7405,1.809,0.0,0.0,0.0,1.2028,0.0,0.606,0.6378,0.0,0.0,0.0,0.6753,B2,word_pos,blaser,V,blaser,VER
bol,NOUN,B2,beacco,0.0,1.2014,1.2043,0.0,3.6532,0.0,0.0,0.0,1.2014,2.1958,0.0,3.7375,0.0,0.0,0.0,1.231,B2,word_pos,bol,N,bol,NOM
monotone,ADJ,B2,beacco,0.0,1.2014,0.0,0.0,6.5346,0.0,0.0,0.0,1.2014,0.0,0.0,7.6455,0.0,0.0,0.0,1.5449,B2,word_pos,monotone,A,monotone,ADJ
surcroît,NOUN,B2,beacco,0.0,1.2004,,,,,,,,0.0,0.0,0.0,0.0,31.3528,0.0,1.2004,B2,beacco_only,,,surcroît,NOM
durement,ADV,B2,beacco,0.0,1.2003,0.0,0.0,2.4017,0.0,4.101,0.0,1.2003,0.0,0.0,3.4923,0.0,8.2781,0.0,2.1124,B2,word_pos,durement,ADV,durement,ADV
sexualité,NOUN,B2,beacco,0.0,1.1988,0.0,0.0,6.1781,0.0,0.0,0.0,1.1988,0.0,0.0,3.5715,0.0,0.0,0.0,0.6976,B2,word_pos,sexualité,N,sexualité,NOM
concertation,NOUN,B2,beacco,0.0,1.1963,0.0,0.0,0.0698,0.0,0.0,56.9312,1.1963,0.0,0.0,0.1219,0.0,0.0,56.7717,1.4033,B2,word_pos,concertation,N,concertation,NOM
chaleureusement,ADV,B2,beacco,0.0,1.1959,0.0,0.1103,3.7942,0.0,0.0,0.0,1.1959,0.0,0.2129,3.3323,0.0,0.0,0.0,1.4717,B2,word_pos,chaleureusement,ADV,chaleureusement,ADV
parachutisme,NOUN,B2,beacco,0.0,1.1956,0.0,0.7318,0.2366,0.0,0.0,12.9876,1.1956,0.0,0.4664,0.438,0.0,0.0,12.833,1.4649,B2,word_pos,parachutisme,N,parachutisme,NOM
malentendu,NOUN,B2,beacco,0.0,1.1882,0.0,0.0,1.0202,0.0,2.0505,6.4938,1.1882,0.0,0.0,0.5857,0.0,4.139,12.833,1.1151,B2,word_pos,malentendu,N,malentendu,NOM
colis,NOUN,B2,beacco,0.0,1.1867,0.5025,0.0,1.0854,0.0,1.6042,0.0,1.1867,0.9051,0.0,1.2756,0.0,3.4423,0.0,2.0031,B2,word_pos,colis,N,colis,NOM
pile,ADV,B2,beacco,0.0,1.1864,0.0,0.0,6.6519,0.0,0.0,0.0,1.1864,1.2635,0.0,1.1713,2.2839,0.0,0.0,1.9449,B2,word_pos,pile,ADV,pile,ADV
gémissement,NOUN,B2,beacco,0.0,1.1859,0.0,0.285,2.8482,0.0,0.0,0.0,1.1859,0.0,0.2891,5.8701,0.0,0.0,0.0,2.2639,B2,word_pos,gémissement,N,gémissement,NOM
pudeur,NOUN,B2,beacco,0.0,1.1849,0.0,0.0,0.6228,0.0,12.4046,0.0,1.1849,0.0,0.0,0.3906,0.0,6.0005,0.0,0.5978,B2,word_pos,pudeur,N,pudeur,NOM
pointure,NOUN,B2,beacco,0.0,1.1845,1.9862,1.057,0.0,0.0,0.0,0.0,1.1845,1.2635,0.6008,0.0,0.0,0.0,0.0,0.6178,B2,word_pos,pointure,N,pointure,NOM
passerelle,NOUN,B2,beacco,0.0,1.1837,0.0,0.0,0.0818,0.0,19.6975,0.0,1.1837,0.0,0.0,0.1243,0.0,20.024,0.0,1.4858,B2,word_pos,passerelle,N,passerelle,NOM
capitalisme,NOUN,B2,beacco,0.0,1.1815,0.0,0.0,0.5648,0.0,8.2019,0.0,1.1815,0.0,0.0,0.3933,0.0,4.139,0.0,0.6275,B2,word_pos,capitalisme,N,capitalisme,NOM
marxiste,ADJ,B2,beacco,0.0,1.1815,0.0,0.0,0.5648,0.0,8.2019,0.0,1.1815,0.0,0.0,0.3933,0.0,4.139,0.0,0.6275,B2,word_pos,marxiste,A,marxiste,ADJ
délimiter,VERB,B2,beacco,0.0,1.1812,0.0,0.0,6.6554,0.0,0.0,0.0,1.1812,0.0,0.0,3.7375,0.0,0.0,0.0,0.6965,B2,word_pos,délimiter,V,délimiter,VER
bambin,NOUN,B2,beacco,0.0,1.1796,1.5075,0.0,0.0,0.0,20.4505,0.0,1.1796,0.9051,0.0,0.0,0.0,20.6179,0.0,1.5074,B2,word_pos,bambin,N,bambin,NOM
économiquement,ADV,B2,beacco,0.0,1.1768,0.0,0.0,6.5724,0.0,0.0,0.0,1.1768,0.0,0.0,3.5715,0.0,0.0,0.0,0.6976,B2,word_pos,économiquement,ADV,économiquement,ADV
vacarme,NOUN,B2,beacco,0.0,1.1766,0.0,0.0,6.5779,0.0,0.0,0.0,1.1766,0.0,0.0,7.1903,0.0,0.0,0.0,1.5163,B2,word_pos,vacarme,N,vacarme,NOM
antipode,NOUN,B2,beacco,0.0,1.1739,0.0,0.0,6.0816,0.0,0.0,0.0,1.1739,0.0,0.0,3.5957,0.0,0.0,0.0,0.7091,B2,word_pos,antipode,N,antipode,NOM
côtier,ADJ,B2,beacco,0.0,1.1696,0.0,0.0,5.5646,0.0,0.0,0.0,1.1696,0.0,0.0,3.5715,0.0,0.0,0.0,0.6976,B2,word_pos,côtier,A,côtier,ADJ
perception,NOUN,B2,beacco,0.0,1.1677,0.0,0.0,0.0,0.0,9.8067,48.1138,1.1677,0.0,0.0,0.0,0.0,19.861,38.656,2.2285,B2,word_pos,perception,N,perception,NOM
schizophrénie,NOUN,B2,beacco,0.0,1.1677,0.0,0.0,0.0,0.0,9.8067,48.1138,1.1677,0.0,0.0,0.0,0.0,19.861,77.312,3.2116,B2,word_pos,schizophrénie,N,schizophrénie,NOM
hypocrisie,NOUN,B2,beacco,0.0,1.1662,0.0,0.0,0.8749,0.0,0.0,38.491,1.1662,0.0,0.0,0.5531,0.0,0.0,19.328,0.6721,B2,word_pos,hypocrisie,N,hypocrisie,NOM
fermier,NOUN,B2,beacco,0.0,1.1656,0.0,0.0,6.1919,0.0,0.0,0.0,1.1656,0.0,0.6111,9.4455,2.2839,0.0,0.0,4.3298,B2,word_pos,fermier,N,fermier,NOM
doucher,VERB,B2,beacco,0.0,1.1637,2.6483,0.1103,0.0,0.0,1.6042,0.0,1.1637,1.2635,0.2129,0.0,0.0,0.0,0.0,0.646,B2,word_pos,doucher,V,doucher,VER
fente,NOUN,B2,beacco,0.0,1.163,0.0,3.1184,0.0908,0.0,0.0,0.0,1.163,0.0,1.5638,0.2504,0.0,0.0,0.0,1.0973,B2,word_pos,fente,N,fente,NOM
nautique,ADJ,B2,beacco,0.0,1.1615,0.0,0.0,6.5867,0.0,0.0,0.0,1.1615,0.0,0.0,7.1906,0.0,0.0,0.0,1.4514,B2,word_pos,nautique,A,nautique,ADJ
psy,NOUN,B2,beacco,0.0,1.1607,0.4068,0.0,0.3618,0.0,6.1515,0.0,1.1607,0.8075,0.0,0.0,0.0,4.139,0.0,0.5432,B2,word_pos,psy,N,psy,NOM
luminosité,NOUN,B2,beacco,0.0,1.1578,0.4014,0.0,0.0,0.0,20.4505,0.0,1.1578,0.7319,0.0,0.0,0.0,20.6179,0.0,1.0174,B2,word_pos,luminosité,N,luminosité,NOM
interviewer,VERB,B2,beacco,0.0,1.1566,0.0,0.0,0.4152,0.0,15.6669,0.0,1.1566,0.0,0.0,0.3906,0.0,20.024,0.0,1.4541,B2,word_pos,interviewer,V,interviewer,VER
allégorie,NOUN,B2,beacco,0.0,1.1564,0.0,0.0,2.3245,0.0,6.2023,0.0,1.1564,0.0,0.0,3.5156,0.0,12.0009,0.0,2.1296,B2,word_pos,allégorie,N,allégorie,NOM
xénophobe,ADJ,B2,beacco,0.0,1.1542,0.0,0.0,0.2916,0.0,16.8923,0.0,1.1542,0.0,0.0,0.5531,0.0,27.9938,0.0,2.061,B2,word_pos,xénophobe,A,xénophobe,ADJ
chiffrer,VERB,B2,beacco,0.0,1.1531,0.0,0.0,1.3861,0.0,6.1515,0.0,1.1531,0.0,0.0,4.765,0.0,4.139,0.0,1.9458,B2,word_pos,chiffrer,V,chiffrer,VER
par-ci,ADV,B2,beacco,0.0,1.1531,,,,,,,,0.0,0.0,0.487,0.0,6.0005,19.328,1.1531,B2,beacco_only,,,par-ci,ADV
prévisible,ADJ,B2,beacco,0.0,1.1523,0.0,0.0,6.5834,0.0,0.0,0.0,1.1523,0.0,0.0,3.7375,0.0,0.0,0.0,0.6965,B2,word_pos,prévisible,A,prévisible,ADJ
ambre,NOUN,B2,beacco,0.0,1.152,0.0,0.2439,0.0,0.0,3.1012,6.176,1.152,0.0,0.4664,0.2504,0.0,6.0005,8.037,2.9674,B2,word_pos,ambre,N,ambre,NOM
frustrer,VERB,B2,beacco,0.0,1.1512,0.0,0.0,1.0854,0.0,9.8067,0.0,1.1512,0.0,0.0,0.6378,0.0,19.861,0.0,1.5787,B2,word_pos,frustrer,V,frustrer,VER
potager,NOUN,B2,beacco,0.0,1.1503,0.0,0.1103,3.3618,0.0,0.0,0.0,1.1503,0.0,0.2129,6.4552,0.0,0.0,0.0,2.1586,B2,word_pos,potager,N,potager,NOM
annales,NOUN,B2,beacco,0.0,1.1498,0.0,0.0,6.4965,0.0,0.0,0.0,1.1498,0.0,0.0,3.5861,0.0,0.0,0.0,0.6734,B2,word_pos,annales,N,annales,NOM
feuilleter,VERB,B2,beacco,0.0,1.1496,0.0,0.7405,0.0,0.0,15.6669,0.0,1.1496,0.0,0.606,0.0,0.0,20.024,0.0,1.4858,B2,word_pos,feuilleter,V,feuilleter,VER
enclave,NOUN,B2,beacco,0.0,1.148,0.0,0.0,0.2366,0.0,0.0,24.704,1.148,0.0,0.0,0.438,0.0,0.0,16.0739,1.387,B2,word_pos,enclave,N,enclave,NOM
tsunami,NOUN,B2,beacco,0.0,1.1466,0.0,0.0,0.0,0.0,65.1242,0.0,1.1466,0.0,0.0,0.0,0.0,60.0046,0.0,1.4309,B2,word_pos,tsunami,N,tsunami,NOM
équitation,NOUN,B2,beacco,0.0,1.1457,2.3212,0.0,0.8304,0.0,0.0,0.0,1.1457,4.6851,0.0,0.3906,0.0,0.0,0.0,0.8509,B2,word_pos,équitation,N,équitation,NOM
instabilité,NOUN,B2,beacco,0.0,1.144,0.0,0.0,0.7236,0.0,0.0,76.982,1.144,0.0,0.0,1.2756,0.0,0.0,115.968,3.2168,B2,word_pos,instabilité,N,instabilité,NOM
volubile,ADJ,B2,beacco,0.0,1.1405,0.0,8.4141,0.0,0.0,0.0,0.0,1.1405,0.0,5.8259,0.0,0.0,0.0,0.0,0.7235,B2,word_pos,volubile,A,volubile,ADJ
bateau-mouche,NOUN,B2,beacco,0.0,1.1401,,,,,,,,0.9464,0.7747,0.0,0.0,0.0,0.0,1.1401,B2,beacco_only,,,bateau-mouche,NOM
acceptable,ADJ,B2,beacco,0.0,1.1393,0.0,0.2114,0.0,0.0,15.5058,0.0,1.1393,0.0,0.6008,0.0,0.0,12.0009,0.0,1.1544,B2,word_pos,acceptable,A,acceptable,ADJ
engloutir,VERB,B2,beacco,0.0,1.1362,0.0,0.0,1.0379,0.0,6.1515,0.0,1.1362,0.0,0.0,0.3906,0.0,4.139,0.0,0.6261,B2,word_pos,engloutir,V,engloutir,VER
contemporain,NOUN,B2,beacco,0.0,1.1359,0.0,3.2366,0.7236,0.0,0.0,0.0,1.1359,0.0,1.2017,0.6378,0.0,0.0,0.0,0.9047,B2,word_pos,contemporain,N,contemporain,NOM
angoissant,ADJ,B2,beacco,0.0,1.1342,0.0,0.0,0.6802,0.0,12.4046,0.0,1.1342,0.0,0.0,3.7062,0.0,0.0,0.0,0.6943,B2,word_pos,angoissant,A,angoissant,ADJ
spécialisation,NOUN,B2,beacco,0.0,1.1339,0.0,0.0,0.4732,0.0,12.4046,0.0,1.1339,0.0,0.0,0.438,0.0,6.0005,0.0,0.7202,B2,word_pos,spécialisation,N,spécialisation,NOM
requérir,VERB,B2,beacco,0.0,1.1332,0.0,0.0,0.0,0.0,31.4551,0.0,1.1332,0.0,0.0,0.0,0.0,20.6179,0.0,0.7913,B2,word_pos,requérir,V,requérir,VER
cortex,NOUN,B2,beacco,0.0,1.1327,0.0,0.0,0.3618,0.0,16.8923,0.0,1.1327,0.0,0.0,0.6378,0.0,20.6179,0.0,1.581,B2,word_pos,cortex,N,cortex,NOM
équatorial,ADJ,B2,beacco,0.0,1.1322,0.0,0.0,0.0,0.0,6.1515,38.491,1.1322,0.0,0.0,0.0,0.0,8.2781,19.328,1.035,B2,word_pos,équatorial,A,équatorial,ADJ
confluent,NOUN,B2,beacco,0.0,1.1309,1.005,0.2114,0.6802,0.0,0.0,0.0,1.1309,0.9051,0.6008,0.5857,0.0,0.0,0.0,0.9209,B2,word_pos,confluent,N,confluent,NOM
séduction,NOUN,B2,beacco,0.0,1.13,0.0,0.0,1.8184,0.0,0.0,28.8683,1.13,0.0,0.0,3.5636,0.0,0.0,19.328,1.4771,B2,word_pos,séduction,N,séduction,NOM
ampoule,NOUN,B2,beacco,0.0,1.1298,0.0,2.3251,0.0,0.0,19.6975,0.0,1.1298,0.0,4.101,0.0,0.0,20.024,0.0,1.5007,B2,word_pos,ampoule,N,ampoule,NOM
cyclone,NOUN,B2,beacco,0.0,1.1297,0.0,0.0,0.5833,0.0,12.4046,0.0,1.1297,0.0,0.0,0.5531,0.0,18.0014,0.0,1.6103,B2,word_pos,cyclone,N,cyclone,NOM
galaxie,NOUN,B2,beacco,0.0,1.1286,0.0,0.0,5.3627,0.0,0.0,0.0,1.1286,0.0,0.0,7.0022,0.0,0.0,0.0,1.5798,B2,word_pos,galaxie,N,galaxie,NOM
hydratation,NOUN,B2,beacco,0.0,1.1269,0.0,0.0,0.0,0.0,12.4046,19.4814,1.1269,0.0,0.0,0.0,0.0,6.0005,38.4989,1.2228,B2,word_pos,hydratation,N,hydratation,NOM
peignoir,NOUN,B2,beacco,0.0,1.1261,0.0,8.1776,0.0,0.0,0.0,0.0,1.1261,0.0,6.6325,0.0,0.0,0.0,0.0,0.968,B2,word_pos,peignoir,N,peignoir,NOM
cramponner,VERB,B2,beacco,0.0,1.1234,0.0,0.1306,0.3618,0.0,4.8126,0.0,1.1234,0.0,0.1865,0.6378,0.0,3.4423,0.0,1.0134,B2,word_pos,cramponner,V,cramponner,VER
concret,NOUN,B2,beacco,0.0,1.1229,0.0,0.0,0.0,0.0,15.5058,6.4938,1.1229,0.0,0.0,0.0,0.0,12.0009,12.833,1.2133,B2,word_pos,concret,N,concret,NOM
trinquer,VERB,B2,beacco,0.0,1.1208,0.3158,0.0,0.4732,0.0,6.2023,0.0,1.1208,0.6291,0.0,0.438,0.0,6.0005,0.0,1.0191,B2,word_pos,trinquer,V,trinquer,VER
remerciement,NOUN,B2,beacco,0.0,1.1205,0.0,4.3468,0.2041,0.0,0.0,0.0,1.1205,0.0,4.7328,0.4317,0.0,0.0,0.0,1.5332,B2,word_pos,remerciement,N,remerciement,NOM
négritude,NOUN,B2,beacco,0.0,1.1203,0.0,0.0,0.0,0.0,12.4046,19.2455,1.1203,0.0,0.0,0.0,0.0,24.0018,38.656,0.8585,B2,word_pos,négritude,N,négritude,NOM
ail,NOUN,B2,beacco,0.0,1.1193,0.5304,1.6044,0.0,0.0,0.0,0.0,1.1193,0.9713,0.6228,0.0,0.0,0.0,0.0,0.4465,B2,word_pos,ail,N,ail,NOM
mage,ADJ,B2,beacco,0.0,1.1192,0.4014,0.0,1.4531,0.0,0.0,0.0,1.1192,0.7319,0.0,0.3906,0.0,0.0,0.0,0.5538,B2,word_pos,mage,A,mage,ADJ
ranimer,VERB,B2,beacco,0.0,1.1188,0.0,0.0,1.1665,0.0,9.3035,0.0,1.1188,0.0,0.0,0.5531,0.0,6.0005,0.0,0.6721,B2,word_pos,ranimer,V,ranimer,VER
optimisme,NOUN,B2,beacco,0.0,1.1182,0.0,0.0,0.2366,0.0,0.0,79.5562,1.1182,0.0,0.0,0.438,0.0,0.0,56.7717,1.6033,B2,word_pos,optimisme,N,optimisme,NOM
méthane,NOUN,B2,beacco,0.0,1.118,0.0,0.0,3.6478,0.0,3.1012,0.0,1.118,0.0,0.0,3.5051,0.0,6.0005,0.0,1.4564,B2,word_pos,méthane,N,méthane,NOM
pressoir,NOUN,B2,beacco,0.0,1.1168,0.0,2.2742,1.0854,0.0,0.0,0.0,1.1168,0.0,1.0275,0.6378,0.0,0.0,0.0,0.7014,B2,word_pos,pressoir,N,pressoir,NOM
programmable,ADJ,B2,beacco,0.0,1.1155,0.0,0.8456,0.0,0.0,6.4168,0.0,1.1155,0.0,0.6008,0.0,0.0,3.4423,0.0,0.6853,B2,word_pos,programmable,A,programmable,ADJ
corridor,NOUN,B2,beacco,0.0,1.1146,0.0,0.0,6.1401,0.0,0.0,0.0,1.1146,0.0,0.0,4.98,0.0,0.0,0.0,0.9531,B2,word_pos,corridor,N,corridor,NOM
turbulent,ADJ,B2,beacco,0.0,1.114,0.0,0.0,0.1637,0.0,15.5058,0.0,1.114,0.0,0.0,0.1243,0.0,6.0005,0.0,0.623,B2,word_pos,turbulent,A,turbulent,ADJ
dogme,NOUN,B2,beacco,0.0,1.1105,0.0,0.0,0.6802,0.0,0.0,67.3593,1.1105,0.0,0.0,1.1713,0.0,0.0,19.328,0.8013,B2,word_pos,dogme,N,dogme,NOM
instantanément,ADV,B2,beacco,0.0,1.1093,0.0,0.0,1.809,0.0,3.2084,0.0,1.1093,0.0,0.0,0.6378,0.0,3.4423,0.0,0.7094,B2,word_pos,instantanément,ADV,instantanément,ADV
gastronomique,ADJ,B2,beacco,0.0,1.1084,0.0,0.7318,1.4472,0.0,0.0,0.0,1.1084,0.0,0.4664,1.2756,0.0,0.0,0.0,1.0339,B2,word_pos,gastronomique,A,gastronomique,ADJ
maréchal,NOUN,B2,beacco,0.0,1.1073,1.0394,0.0,2.0392,0.0,0.0,0.0,1.1073,1.1123,0.0,3.9254,0.0,0.0,0.0,1.9876,B2,word_pos,maréchal,N,maréchal,NOM
endormissement,NOUN,B2,beacco,0.0,1.1065,0.0,0.0,0.0,0.0,33.8984,0.0,1.1065,0.0,0.0,0.0,0.0,41.1274,0.0,1.6026,B2,word_pos,endormissement,N,endormissement,NOM
autel,NOUN,B2,beacco,0.0,1.1063,0.0,0.0,5.653,0.0,0.0,0.0,1.1063,0.0,0.0,9.8261,0.0,0.0,0.0,2.0035,B2,word_pos,autel,N,autel,NOM
poignarder,VERB,B2,beacco,0.0,1.1059,0.0,0.3469,0.4621,0.0,6.2023,0.0,1.1059,0.0,0.7079,0.2331,0.0,6.0005,0.0,0.8108,B2,word_pos,poignarder,V,poignarder,VER
salsa,NOUN,B2,beacco,0.0,1.1042,2.4979,0.0,1.4472,0.0,0.0,0.0,1.1042,1.8928,0.0,1.2756,0.0,0.0,0.0,1.2425,B2,word_pos,salsa,N,salsa,NOM
vendange,NOUN,B2,beacco,0.0,1.1039,0.9991,2.8047,0.0,0.0,0.0,0.0,1.1039,0.9464,0.606,0.0,0.0,0.0,0.0,0.6479,B2,word_pos,vendange,N,vendange,NOM
artificiellement,ADV,B2,beacco,0.0,1.1038,0.0,0.0,0.0,0.0,30.8006,0.0,1.1038,0.0,0.0,0.0,0.0,52.5392,0.0,2.0336,B2,word_pos,artificiellement,ADV,artificiellement,ADV
émergent,ADJ,B2,beacco,0.0,1.1038,0.0,0.0,0.0,0.0,30.8006,0.0,1.1038,0.0,0.0,0.0,0.0,31.3781,0.0,1.2133,B2,word_pos,émergent,A,émergent,ADJ
épileptique,ADJ,B2,beacco,0.0,1.1038,0.0,0.0,0.0,0.0,30.8006,0.0,1.1038,0.0,0.0,0.0,0.0,20.6179,0.0,0.7913,B2,word_pos,épileptique,A,épileptique,ADJ
attarder,VERB,B2,beacco,0.0,1.1023,0.0,0.0,1.0854,0.0,9.8488,0.0,1.1023,0.0,0.0,0.6378,1.2705,20.024,0.0,2.4414,B2,word_pos,attarder,V,attarder,VER
bonne,NOUN,B2,beacco,0.0,1.1007,,,,,,,,0.0,0.606,0.0,0.0,8.2781,0.0,1.1007,B2,beacco_only,,,bonne,NOM
formel,ADJ,B2,beacco,0.0,1.0993,0.0,0.0,2.7029,0.0,4.101,0.0,1.0993,0.0,0.0,2.4519,0.0,4.139,0.0,1.4688,B2,word_pos,formel,A,formel,ADJ
souk,NOUN,B2,beacco,0.0,1.0981,1.4987,0.0,0.9618,0.0,0.0,0.0,1.0981,0.9464,0.0,0.933,0.0,0.0,0.0,0.9959,B2,word_pos,souk,N,souk,NOM
meunier,NOUN,B2,beacco,0.0,1.0979,1.2043,1.1794,0.0,0.0,0.0,0.0,1.0979,3.6596,0.6111,0.0,0.0,0.0,0.0,0.8454,B2,word_pos,meunier,N,meunier,NOM
connotation,NOUN,B2,beacco,0.0,1.0922,0.0,0.0,1.0202,0.0,0.0,32.4689,1.0922,0.0,0.0,1.1713,0.0,0.0,25.6659,1.397,B2,word_pos,connotation,N,connotation,NOM
consulat,NOUN,B2,beacco,0.0,1.0917,0.5025,0.2117,0.3625,0.0,0.0,0.0,1.0917,0.9051,0.4157,0.37,0.0,0.0,0.0,1.9518,B2,word_pos,consulat,N,consulat,NOM
garou,NOUN,B2,beacco,0.0,1.0894,,,,,,,,0.9051,1.8181,0.0,0.0,0.0,0.0,1.0894,B2,beacco_only,,,garou,NOM
physicien,NOUN,B2,beacco,0.0,1.086,0.0,0.0,1.0854,0.0,9.3035,0.0,1.086,0.0,0.0,0.6378,0.0,6.0005,0.0,0.7013,B2,word_pos,physicien,N,physicien,NOM
transiter,VERB,B2,beacco,0.0,1.086,0.0,0.0,1.0854,0.0,9.3035,0.0,1.086,0.0,0.0,0.6378,0.0,12.0009,0.0,1.1907,B2,word_pos,transiter,V,transiter,VER
froncer,VERB,B2,beacco,0.0,1.0836,0.0,0.2117,2.8777,0.0,0.0,0.0,1.0836,0.0,0.4157,10.0429,0.0,0.0,0.0,3.0243,B2,word_pos,froncer,V,froncer,VER
parlementaire,NOUN,B2,beacco,0.0,1.0834,0.0,0.0,0.0,0.0,0.0,96.9035,1.0834,0.0,0.0,0.0,0.0,0.0,86.9662,1.2133,B2,word_pos,parlementaire,N,parlementaire,NOM
philo,NOUN,B2,beacco,0.0,1.0831,0.0,0.0,6.2859,0.0,0.0,0.0,1.0831,0.0,0.0,3.7679,0.0,0.0,0.0,0.7004,B2,word_pos,philo,N,philo,NOM
sifflement,NOUN,B2,beacco,0.0,1.0819,1.0394,0.0,1.8346,0.0,0.0,0.0,1.0819,1.1123,0.0,2.9957,0.0,0.0,0.0,1.4301,B2,word_pos,sifflement,N,sifflement,NOM
radar,NOUN,B2,beacco,0.0,1.0817,0.0,0.2612,0.2916,0.0,9.3035,0.0,1.0817,0.0,0.3729,0.5531,0.0,6.0005,0.0,0.8921,B2,word_pos,radar,N,radar,NOM
suppléant,ADJ,B2,beacco,0.0,1.0803,0.0,0.7405,1.2023,0.0,0.0,0.0,1.0803,0.0,0.606,0.4665,0.0,0.0,0.0,0.6764,B2,word_pos,suppléant,A,suppléant,ADJ
cuisson,NOUN,B2,beacco,0.0,1.0788,0.0,7.3272,0.0,0.0,0.0,0.0,1.0788,0.0,6.4919,0.0,0.0,0.0,0.0,0.8192,B2,word_pos,cuisson,N,cuisson,NOM
quiconque,PRON,B2,beacco,0.0,1.0783,0.0,0.0,3.4501,0.0,3.1012,0.0,1.0783,0.0,0.0,0.5857,0.0,6.0005,0.0,0.684,B2,word_pos,quiconque,PRO,quiconque,PRO
pétrolier,ADJ,B2,beacco,0.0,1.0756,0.0,0.6418,0.0,0.0,12.7628,0.0,1.0756,0.0,0.6228,0.0,0.0,26.3397,0.0,1.9293,B2,word_pos,pétrolier,A,pétrolier,ADJ
mont,NOUN,B2,beacco,0.0,1.0754,0.0,0.0,1.9454,0.0,6.2023,0.0,1.0754,0.0,0.0,3.7062,0.0,6.0005,0.0,1.5224,B2,word_pos,mont,N,mont,NOM
prestige,NOUN,B2,beacco,0.0,1.0754,0.0,0.0,3.441,0.0,1.6042,0.0,1.0754,0.0,0.0,5.294,0.0,3.4423,0.0,1.9114,B2,word_pos,prestige,N,prestige,NOM
sédentarité,NOUN,B2,beacco,0.0,1.0749,0.0,0.0,1.0854,0.0,0.0,32.4689,1.0749,0.0,0.0,0.6378,0.0,0.0,51.3319,1.7033,B2,word_pos,sédentarité,N,sédentarité,NOM
obligatoirement,ADV,B2,beacco,0.0,1.0733,0.0,0.0,5.6514,0.0,0.0,0.0,1.0733,0.0,0.0,3.5957,0.0,0.0,0.0,0.7091,B2,word_pos,obligatoirement,ADV,obligatoirement,ADV
calembour,NOUN,B2,beacco,0.0,1.0731,0.0,0.0,0.7097,0.0,0.0,6.176,1.0731,0.0,0.0,0.438,0.0,0.0,8.037,1.0034,B2,word_pos,calembour,N,calembour,NOM
biscotte,NOUN,B2,beacco,0.0,1.072,1.0394,1.2683,0.0,0.0,0.0,0.0,1.072,1.1123,1.2017,0.0,0.0,0.0,0.0,1.0012,B2,word_pos,biscotte,N,biscotte,NOM
menaçant,ADJ,B2,beacco,0.0,1.072,0.0,0.285,2.5303,0.0,0.0,0.0,1.072,0.0,0.2891,17.0704,0.0,0.0,0.0,4.5839,B2,word_pos,menaçant,A,menaçant,ADJ
accélérateur,NOUN,B2,beacco,0.0,1.0716,0.0,0.0,1.0202,0.0,9.3035,0.0,1.0716,0.0,0.0,0.5857,0.0,6.0005,0.0,0.684,B2,word_pos,accélérateur,N,accélérateur,NOM
femelle,ADJ,B2,beacco,0.0,1.0704,0.0,0.0,2.3671,0.0,6.2023,0.0,1.0704,0.0,0.0,0.6378,0.0,6.0005,0.0,0.7013,B2,word_pos,femelle,A,femelle,ADJ
fréquemment,ADV,B2,beacco,0.0,1.0704,0.0,1.4809,0.0,0.0,0.0,22.1371,1.0704,0.0,0.606,0.0,0.0,0.0,43.8345,1.4858,B2,word_pos,fréquemment,ADV,fréquemment,ADV
irlandais,ADJ,B2,beacco,0.0,1.0704,0.0,2.0353,0.7236,0.0,3.1012,0.0,1.0704,0.0,0.3851,0.6378,0.0,6.0005,0.0,1.2309,B2,word_pos,irlandais,A,irlandais,ADJ
baliser,VERB,B2,beacco,0.0,1.0682,0.0,3.2342,0.0,0.0,0.0,19.2455,1.0682,0.0,3.3389,0.0,0.0,0.0,19.328,0.9016,B2,word_pos,baliser,V,baliser,VER
accomplissement,NOUN,B2,beacco,0.0,1.0678,0.0,0.0,0.3618,0.0,6.2023,9.6228,1.0678,0.0,0.0,0.6378,0.0,6.0005,19.328,1.1907,B2,word_pos,accomplissement,N,accomplissement,NOM
stagiaire,NOUN,B2,beacco,0.0,1.0658,0.0,0.3702,0.0,0.0,0.0,96.2275,1.0658,0.0,0.0,0.0,0.0,0.0,135.296,1.0016,B2,word_pos,stagiaire,N,stagiaire,NOM
vitrail,NOUN,B2,beacco,0.0,1.0641,0.0,0.0,0.0,0.0,51.3346,0.0,1.0641,0.0,0.0,0.0,0.0,24.0961,0.0,0.4602,B2,word_pos,vitrail,N,vitrail,NOM
aisance,NOUN,B2,beacco,0.0,1.0638,0.0,0.0,1.8898,0.0,6.2023,0.0,1.0638,0.0,0.0,3.6369,0.0,6.0005,0.0,1.4986,B2,word_pos,aisance,N,aisance,NOM
regrettable,ADJ,B2,beacco,0.0,1.0625,0.0,0.0,1.835,0.0,6.2023,0.0,1.0625,0.0,0.0,3.5301,0.0,6.0005,0.0,1.5008,B2,word_pos,regrettable,A,regrettable,ADJ
drogué,NOUN,B2,beacco,0.0,1.059,0.4068,0.0,0.0,0.0,10.2524,0.0,1.059,0.8075,0.0,0.0,0.0,8.2781,0.0,1.019,B2,word_pos,drogué,N,drogué,NOM
fast-food,NOUN,B2,beacco,0.0,1.0573,,,,,,,,0.0,0.0,2.5104,0.0,6.0005,0.0,1.0573,B2,beacco_only,,,fast-food,NOM
raffiner,VERB,B2,beacco,0.0,1.0549,0.0,0.0,1.8184,0.0,6.2023,0.0,1.0549,0.0,0.0,3.5636,8.2287,0.0,0.0,2.4361,B2,word_pos,raffiner,V,raffiner,VER
contravention,NOUN,B2,beacco,0.0,1.0524,0.0,0.0,5.7224,0.0,0.0,0.0,1.0524,0.0,0.0,2.5801,0.0,0.0,0.0,0.6645,B2,word_pos,contravention,N,contravention,NOM
sénateur,NOUN,B2,beacco,0.0,1.0523,1.7606,0.0,3.2071,0.0,0.0,0.0,1.0523,0.0,0.0,5.1436,0.0,0.0,0.0,0.9426,B2,word_pos,sénateur,N,sénateur,NOM
vraisemblablement,ADV,B2,beacco,0.0,1.0506,0.0,0.0,0.2076,0.0,15.6669,0.0,1.0506,0.0,0.0,0.3906,0.0,20.024,0.0,1.4541,B2,word_pos,vraisemblablement,ADV,vraisemblablement,ADV
fourrure,NOUN,B2,beacco,0.0,1.0494,1.2043,0.0,2.3106,0.0,0.0,0.0,1.0494,0.7319,0.0,3.5093,0.0,0.0,0.0,1.2991,B2,word_pos,fourrure,N,fourrure,NOM
actif,NOUN,B2,beacco,0.0,1.0473,,,,,,,,0.0,0.4664,0.0,0.0,6.8846,0.0,1.0473,B2,beacco_only,,,actif,NOM
registre,NOUN,B2,beacco,0.0,1.0454,0.0,0.0,0.6028,0.0,0.0,28.8683,1.0454,0.0,0.0,0.6118,0.0,0.0,19.328,0.5833,B2,word_pos,registre,N,registre,NOM
aubaine,NOUN,B2,beacco,0.0,1.0448,0.0,0.0,5.8363,0.0,0.0,0.0,1.0448,0.0,0.0,7.4124,0.0,0.0,0.0,1.3886,B2,word_pos,aubaine,N,aubaine,NOM
monnayer,VERB,B2,beacco,0.0,1.0448,0.0,0.0,5.8363,0.0,0.0,0.0,1.0448,0.0,0.0,3.7062,0.0,0.0,0.0,0.6943,B2,word_pos,monnayer,V,monnayer,VER
tabou,NOUN,B2,beacco,0.0,1.0439,0.0,0.0,0.5833,0.0,8.2019,0.0,1.0439,0.0,0.606,0.5531,0.0,8.2781,0.0,2.1245,B2,word_pos,tabou,N,tabou,NOM
dictature,NOUN,B2,beacco,0.0,1.0428,0.0,0.3209,0.0,0.0,6.2023,9.6228,1.0428,0.0,0.6228,0.0,0.0,6.0005,19.328,1.1602,B2,word_pos,dictature,N,dictature,NOM
jongleur,NOUN,B2,beacco,0.0,1.0419,0.7967,0.3228,0.0,0.0,1.6042,0.0,1.0419,0.8346,0.186,0.0,0.0,3.4423,0.0,1.2309,B2,word_pos,jongleur,N,jongleur,NOM
surf,NOUN,B2,beacco,0.0,1.0416,7.1872,0.2527,0.0,0.0,0.0,0.0,1.0416,7.0309,0.5137,0.0,0.0,0.0,0.0,1.3029,B2,word_pos,surf,N,surf,NOM
nocif,ADJ,B2,beacco,0.0,1.0408,0.0,0.0,0.2405,0.0,6.2023,6.4938,1.0408,0.0,0.0,0.4665,0.0,6.0005,12.833,1.4911,B2,word_pos,nocif,A,nocif,ADJ
tire-bouchon,NOUN,B2,beacco,0.0,1.0404,,,,,,,,0.0,0.6008,0.0,0.0,6.8846,0.0,1.0404,B2,beacco_only,,,tire-bouchon,NOM
réutiliser,VERB,B2,beacco,0.0,1.0369,0.0,0.0,0.1395,0.0,3.1012,6.176,1.0369,0.0,0.0,0.1219,0.0,6.0005,4.0185,1.4332,B2,word_pos,réutiliser,V,réutiliser,VER
téléviseur,NOUN,B2,beacco,0.0,1.0358,0.4068,0.1887,0.2916,0.0,2.0505,0.0,1.0358,0.8075,0.1937,0.5531,0.0,4.139,0.0,1.4704,B2,word_pos,téléviseur,N,téléviseur,NOM
chronique,ADJ,B2,beacco,0.0,1.0331,0.0,0.0,5.7349,0.0,0.0,0.0,1.0331,0.0,0.0,5.3942,0.911,0.0,0.0,1.9799,B2,word_pos,chronique,A,chronique,ADJ
raisin,NOUN,B2,beacco,0.0,1.0325,1.0394,0.4234,0.2366,0.0,0.0,0.0,1.0325,1.1123,0.4157,0.438,0.0,0.0,0.0,1.3864,B2,word_pos,raisin,N,raisin,NOM
madeleine,NOUN,B2,beacco,0.0,1.0313,0.0,0.3702,1.4195,0.0,0.0,0.0,1.0313,0.0,0.606,1.3139,0.0,0.0,0.0,1.3298,B2,word_pos,madeleine,N,madeleine,NOM
éventuel,NOUN,B2,beacco,0.0,1.0311,,,,,,,,0.0,0.0,0.5531,0.0,6.8846,0.0,1.0311,B2,beacco_only,,,éventuel,NOM
verglas,NOUN,B2,beacco,0.0,1.0304,0.0,4.5942,0.0,0.0,3.1012,0.0,1.0304,0.0,1.2017,0.0,0.0,6.0005,0.0,0.7367,B2,word_pos,verglas,N,verglas,NOM
entorse,NOUN,B2,beacco,0.0,1.0297,2.0787,0.0,0.0,0.0,0.0,19.4814,1.0297,2.2246,0.0,0.0,0.0,0.0,12.833,0.5395,B2,word_pos,entorse,N,entorse,NOM
mélancolie,NOUN,B2,beacco,0.0,1.0267,0.0,0.0,0.2405,0.0,3.2084,9.6228,1.0267,0.0,0.0,0.4665,0.0,3.4423,19.328,1.5009,B2,word_pos,mélancolie,N,mélancolie,NOM
chalet,NOUN,B2,beacco,0.0,1.0264,0.0,0.0,6.1213,0.0,0.0,0.0,1.0264,0.0,0.0,5.0974,0.0,0.0,0.0,0.805,B2,word_pos,chalet,N,chalet,NOM
dinosaure,NOUN,B2,beacco,0.0,1.0258,0.0,0.0,0.8749,0.0,0.0,28.8683,1.0258,0.0,0.0,0.5531,0.0,0.0,19.328,0.6721,B2,word_pos,dinosaure,N,dinosaure,NOM
fossile,NOUN,B2,beacco,0.0,1.0258,0.0,0.0,0.8749,0.0,0.0,28.8683,1.0258,0.0,0.0,0.5531,0.0,0.0,38.656,1.173,B2,word_pos,fossile,N,fossile,NOM
serment,NOUN,B2,beacco,0.0,1.0253,1.5934,0.0,0.0,0.0,4.101,6.4938,1.0253,2.5037,0.0,0.0,0.0,0.0,12.833,0.4831,B2,word_pos,serment,N,serment,NOM
cibler,VERB,B2,beacco,0.0,1.024,0.0,0.0,5.7978,0.0,0.0,0.0,1.024,0.0,0.0,0.6378,0.0,27.9938,0.0,2.0754,B2,word_pos,cibler,V,cibler,VER
verrouiller,VERB,B2,beacco,0.0,1.0239,0.0,0.0,0.2916,0.0,14.569,0.0,1.0239,0.0,0.0,0.5531,0.0,19.861,0.0,1.5584,B2,word_pos,verrouiller,V,verrouiller,VER
thématique,NOUN,B2,beacco,0.0,1.023,0.0,0.0,0.0,0.0,6.1515,28.8683,1.023,0.0,0.4664,0.0,0.0,4.139,57.984,2.6465,B2,word_pos,thématique,N,thématique,NOM
tutelle,NOUN,B2,beacco,0.0,1.023,0.0,0.0,0.0,0.0,6.1515,28.8683,1.023,0.0,0.0,0.0,0.0,4.139,19.328,0.7913,B2,word_pos,tutelle,N,tutelle,NOM
clément,ADJ,B2,beacco,0.0,1.0194,0.0,0.0,2.4517,0.0,0.0,9.6228,1.0194,0.0,0.0,3.5957,0.0,0.0,0.0,0.7091,B2,word_pos,clément,A,clément,ADJ
dépensier,ADJ,B2,beacco,0.0,1.0151,0.0,0.3209,2.8989,0.0,0.0,0.0,1.0151,0.0,0.6228,3.7375,0.0,0.0,0.0,1.5526,B2,word_pos,dépensier,A,dépensier,ADJ
arguer,VERB,B2,beacco,0.0,1.0148,0.0,0.0,1.1665,0.0,0.0,12.9876,1.0148,0.0,0.0,0.5531,0.0,0.0,12.833,0.6893,B2,word_pos,arguer,V,arguer,VER
différencier,VERB,B2,beacco,0.0,1.0142,0.0,0.0,0.1155,0.0,0.0,57.7365,1.0142,0.0,0.0,0.2331,2.2839,6.0005,115.968,4.6415,B2,word_pos,différencier,V,différencier,VER
géométrique,ADJ,B2,beacco,0.0,1.0136,0.5081,0.0,3.441,0.0,0.0,0.0,1.0136,1.1008,0.0,3.5715,0.0,0.0,0.0,1.0381,B2,word_pos,géométrique,A,géométrique,ADJ
toast,NOUN,B2,beacco,0.0,1.0112,0.5693,0.0,2.3976,0.0,0.0,0.0,1.0112,1.1764,0.0,4.5365,0.0,0.0,0.0,2.0103,B2,word_pos,toast,N,toast,NOM
psychique,ADJ,B2,beacco,0.0,1.0095,0.0,0.0,0.2366,0.0,3.2084,9.6228,1.0095,0.0,0.0,0.438,0.0,3.4423,19.328,1.575,B2,word_pos,psychique,A,psychique,ADJ
troc,NOUN,B2,beacco,0.0,1.0093,0.0,0.0,1.835,0.0,3.2084,0.0,1.0093,0.0,0.0,0.438,0.0,3.4423,0.0,0.7154,B2,word_pos,troc,N,troc,NOM
voiturer,VERB,B2,beacco,0.0,1.0076,,,,,,,,1.1556,2.1359,0.0,0.0,0.0,0.0,1.0076,B2,beacco_only,,,voiturer,VER
cime,NOUN,B2,beacco,0.0,1.0071,0.0,0.0,0.3401,0.0,15.5058,0.0,1.0071,0.0,0.0,0.5857,0.0,6.0005,0.0,0.684,B2,word_pos,cime,N,cime,NOM
bordure,NOUN,B2,beacco,0.0,1.0066,0.0,2.2253,0.4732,0.0,0.0,0.0,1.0066,0.0,4.6393,0.438,0.0,0.0,0.0,1.442,B2,word_pos,bordure,N,bordure,NOM
désespérant,ADJ,B2,beacco,0.0,1.0046,0.5693,0.0,2.8992,0.0,0.0,0.0,1.0046,1.1764,0.0,3.5206,0.0,0.0,0.0,1.425,B2,word_pos,désespérant,A,désespérant,ADJ
immuable,ADJ,B2,beacco,0.0,1.0033,0.0,0.0,5.3478,0.0,0.0,0.0,1.0033,0.0,0.0,3.7679,0.0,0.0,0.0,0.7004,B2,word_pos,immuable,A,immuable,ADJ
amérindien,ADJ,B2,beacco,0.0,1.0022,0.0,0.0,0.9463,0.0,4.101,0.0,1.0022,0.0,0.0,0.438,0.0,4.139,0.0,0.725,B2,word_pos,amérindien,A,amérindien,ADJ
constante,NOUN,B2,beacco,0.0,1.0016,0.0,0.0,0.0,0.0,4.101,57.7365,1.0016,0.0,0.0,0.185,0.0,4.139,19.328,1.5183,B2,word_pos,constante,N,constante,NOM
clonage,NOUN,B2,beacco,0.0,1.0015,0.0,0.0,5.8989,0.0,0.0,0.0,1.0015,0.0,0.0,9.7521,0.0,0.0,0.0,1.7528,B2,word_pos,clonage,N,clonage,NOM
baby-sitter,NOUN,B2,beacco,0.0,0.9977,,,,,,,,1.2635,0.0,0.0,0.0,12.0009,0.0,0.9977,B2,beacco_only,,,baby-sitter,NOM
impatiemment,ADV,B2,beacco,0.0,0.9969,0.0,1.1107,0.6122,0.0,0.0,0.0,0.9969,0.0,0.606,0.4317,0.0,0.0,0.0,0.6741,B2,word_pos,impatiemment,ADV,impatiemment,ADV
gisement,NOUN,B2,beacco,0.0,0.9953,0.0,0.0,1.809,0.0,6.2023,0.0,0.9953,0.0,0.0,3.1463,0.0,6.0005,0.0,1.3165,B2,word_pos,gisement,N,gisement,NOM
agronomique,ADJ,B2,beacco,0.0,0.9945,0.0,0.0,0.0,0.0,6.2023,10.2933,0.9945,0.0,0.0,0.0,0.0,6.0005,4.0185,0.7219,B2,word_pos,agronomique,A,agronomique,ADJ
panoplie,NOUN,B2,beacco,0.0,0.9943,0.0,0.2117,0.4809,0.0,0.0,6.4938,0.9943,0.0,0.4157,0.4665,0.0,0.0,12.833,1.3333,B2,word_pos,panoplie,N,panoplie,NOM
foetus,NOUN,B2,beacco,0.0,0.9936,0.0,0.0,0.0,0.0,29.7295,0.0,0.9936,0.0,0.0,0.0,0.0,20.024,0.0,0.7219,B2,word_pos,foetus,N,foetus,NOM
artisanat,NOUN,B2,beacco,0.0,0.9916,2.01,0.2114,0.0,0.0,0.0,9.6228,0.9916,0.9051,0.6008,0.0,0.0,0.0,19.328,0.7367,B2,word_pos,artisanat,N,artisanat,NOM
incompréhensible,ADJ,B2,beacco,0.0,0.9914,0.0,0.0,0.4732,0.0,6.4168,0.0,0.9914,0.0,0.0,0.438,0.0,3.4423,0.0,0.7154,B2,word_pos,incompréhensible,A,incompréhensible,ADJ
estomac,NOUN,B2,beacco,0.0,0.9904,0.0,0.285,0.1812,0.0,1.6042,0.0,0.9904,0.0,0.2891,0.37,0.0,3.4423,0.0,1.7873,B2,word_pos,estomac,N,estomac,NOM
massacrer,VERB,B2,beacco,0.0,0.9892,0.0,1.6044,0.3765,0.0,0.0,0.0,0.9892,0.0,0.6228,0.3933,0.0,0.0,0.0,0.6695,B2,word_pos,massacrer,V,massacrer,VER
mouvant,ADJ,B2,beacco,0.0,0.9873,0.0,0.0,0.6228,0.0,4.8126,0.0,0.9873,0.0,0.0,0.3906,0.0,3.4423,0.0,0.6556,B2,word_pos,mouvant,A,mouvant,ADJ
whisky,NOUN,B2,beacco,0.0,0.9871,0.0,0.9626,0.6228,0.0,0.0,0.0,0.9871,0.0,0.6228,0.3906,0.0,0.0,0.0,0.6689,B2,word_pos,whisky,N,whisky,NOM
provisoire,ADJ,B2,beacco,0.0,0.9865,0.0,0.3209,0.0,0.0,1.6042,19.4814,0.9865,0.0,0.6228,0.0,0.0,3.4423,0.0,0.6891,B2,word_pos,provisoire,A,provisoire,ADJ
invraisemblable,ADJ,B2,beacco,0.0,0.986,0.0,0.2599,0.4732,0.0,1.6042,0.0,0.986,0.0,0.5213,0.438,0.0,3.4423,0.0,1.4127,B2,word_pos,invraisemblable,A,invraisemblable,ADJ
téter,VERB,B2,beacco,0.0,0.9849,7.458,0.0,0.2916,0.0,0.0,0.0,0.9849,0.6291,0.6111,0.5531,0.0,0.0,0.0,1.2739,B2,word_pos,téter,V,téter,VER
bouleversant,ADJ,B2,beacco,0.0,0.9833,0.0,0.0,5.4185,0.0,0.0,0.0,0.9833,0.0,0.0,3.4688,0.0,0.0,0.0,0.6561,B2,word_pos,bouleversant,A,bouleversant,ADJ
golfe,NOUN,B2,beacco,0.0,0.9833,0.0,0.0,5.4185,0.0,0.0,0.0,0.9833,0.0,0.0,3.4688,0.0,0.0,0.0,0.6561,B2,word_pos,golfe,N,golfe,NOM
emballer,VERB,B2,beacco,0.0,0.9828,0.0,0.2117,0.0,0.0,6.2023,9.6228,0.9828,0.0,0.4157,0.0,0.0,6.0005,19.328,0.9563,B2,word_pos,emballer,V,emballer,VER
melon,NOUN,B2,beacco,0.0,0.9826,1.9862,0.6619,0.0,0.0,0.0,0.0,0.9826,3.7906,0.4258,0.0,0.0,0.0,0.0,1.5342,B2,word_pos,melon,N,melon,NOM
savane,NOUN,B2,beacco,0.0,0.9825,0.0,0.0,0.2366,0.0,15.5058,0.0,0.9825,0.0,0.0,0.438,0.0,6.0005,0.0,0.7202,B2,word_pos,savane,N,savane,NOM
zébrer,VERB,B2,beacco,0.0,0.9825,0.0,0.0,0.2366,0.0,15.5058,0.0,0.9825,0.0,0.0,0.438,0.0,6.0005,0.0,0.7202,B2,word_pos,zébrer,V,zébrer,VER
faction,NOUN,B2,beacco,0.0,0.9811,0.0,0.0,5.2056,0.0,0.0,0.0,0.9811,0.0,0.0,3.1766,0.0,0.0,0.0,0.675,B2,word_pos,faction,N,faction,NOM
logis,NOUN,B2,beacco,0.0,0.9803,1.1385,0.0,0.8162,0.0,0.0,0.0,0.9803,1.1764,0.0,0.8634,0.0,0.0,0.0,0.9941,B2,word_pos,logis,N,logis,NOM
électrode,NOUN,B2,beacco,0.0,0.9803,0.0,0.0,0.6228,0.0,6.1515,0.0,0.9803,0.0,0.0,0.3906,0.0,4.139,0.0,0.6261,B2,word_pos,électrode,N,électrode,NOM
séparément,ADV,B2,beacco,0.0,0.9785,0.0,0.0,2.8989,0.0,3.1012,0.0,0.9785,0.0,0.0,3.5957,0.0,6.0005,0.0,1.561,B2,word_pos,séparément,ADV,séparément,ADV
préventif,ADJ,B2,beacco,0.0,0.9766,0.5025,0.0,0.2076,0.0,6.2023,0.0,0.9766,0.9051,0.0,0.3906,0.0,6.0005,0.0,1.4524,B2,word_pos,préventif,A,préventif,ADJ
éloignement,NOUN,B2,beacco,0.0,0.972,0.0,0.0,0.7236,0.0,9.8488,0.0,0.972,0.0,0.0,0.6378,0.0,20.024,0.0,1.5619,B2,word_pos,éloignement,N,éloignement,NOM
amusement,NOUN,B2,beacco,0.0,0.9712,0.0,0.0,5.7042,0.0,0.0,0.0,0.9712,0.0,0.0,3.5101,0.0,0.0,0.0,0.665,B2,word_pos,amusement,N,amusement,NOM
scientifiquement,ADV,B2,beacco,0.0,0.9704,0.0,0.0,4.9759,0.0,0.0,0.0,0.9704,0.0,0.0,9.6219,0.0,0.0,0.0,1.9551,B2,word_pos,scientifiquement,ADV,scientifiquement,ADV
diplomatique,ADJ,B2,beacco,0.0,0.9703,0.5025,0.0,1.4582,0.0,0.0,0.0,0.9703,0.9051,0.0,0.5531,0.0,0.0,19.328,1.4995,B2,word_pos,diplomatique,A,diplomatique,ADJ
conditionner,VERB,B2,beacco,0.0,0.9633,0.4421,0.0,0.0,0.0,6.2023,6.4938,0.9633,0.9121,0.0,0.0,0.0,6.0005,12.833,1.1112,B2,word_pos,conditionner,V,conditionner,VER
bouffer,VERB,B2,beacco,0.0,0.9631,0.0,0.0,5.2526,0.0,0.0,0.0,0.9631,0.0,0.0,3.4815,0.0,0.0,0.0,0.6697,B2,word_pos,bouffer,V,bouffer,VER
wolof,NOUN,B2,beacco,0.0,0.9606,0.6621,0.0,0.0,0.0,0.0,57.7365,0.9606,1.2635,0.0,0.0,0.0,0.0,19.328,0.5035,B2,word_pos,wolof,N,wolof,NOM
émotif,ADJ,B2,beacco,0.0,0.9603,0.0,0.8456,0.0,0.0,0.0,28.8683,0.9603,0.0,0.6008,0.0,0.0,0.0,19.328,0.6469,B2,word_pos,émotif,A,émotif,ADJ
minerai,NOUN,B2,beacco,0.0,0.9602,0.0,0.2035,1.4582,0.0,0.0,0.0,0.9602,0.0,0.3851,0.5531,0.0,0.0,0.0,0.5668,B2,word_pos,minerai,N,minerai,NOM
compétitivité,NOUN,B2,beacco,0.0,0.9585,0.0,0.0,0.3618,0.0,0.0,43.6102,0.9585,0.0,0.0,0.6378,0.0,0.0,12.833,0.7115,B2,word_pos,compétitivité,N,compétitivité,NOM
ermitage,NOUN,B2,beacco,0.0,0.9582,0.0,0.0,5.1204,0.0,0.0,0.0,0.9582,0.0,0.0,0.4662,2.2839,0.0,0.0,0.9621,B2,word_pos,ermitage,N,ermitage,NOM
alerter,VERB,B2,beacco,0.0,0.9581,0.0,0.3209,0.6802,0.0,3.1012,0.0,0.9581,0.0,0.6228,0.5857,0.0,6.0005,0.0,1.5098,B2,word_pos,alerter,V,alerter,VER
rendormir,VERB,B2,beacco,0.0,0.9564,0.0,2.0673,0.1637,0.0,0.0,0.0,0.9564,0.0,1.0679,0.1243,0.0,0.0,0.0,0.6777,B2,word_pos,rendormir,V,rendormir,VER
astucieux,ADJ,B2,beacco,0.0,0.956,0.0,0.0,5.0724,0.0,0.0,0.0,0.956,0.0,0.0,6.7,0.0,0.0,0.0,1.5524,B2,word_pos,astucieux,A,astucieux,ADJ
intégral,ADJ,B2,beacco,0.0,0.9556,0.0,0.0,2.673,0.0,2.0505,0.0,0.9556,0.0,0.0,0.5531,0.0,4.139,0.0,0.6893,B2,word_pos,intégral,A,intégral,ADJ
emménager,VERB,B2,beacco,0.0,0.954,0.0,1.2702,1.0202,0.0,0.0,0.0,0.954,0.0,0.4157,0.5857,0.0,0.0,0.0,0.5739,B2,word_pos,emménager,V,emménager,VER
atome,NOUN,B2,beacco,0.0,0.9523,0.9991,0.0,0.0,0.0,12.4046,0.0,0.9523,0.9464,0.0,0.0,0.0,24.0018,0.0,1.9968,B2,word_pos,atome,N,atome,NOM
singulièrement,ADV,B2,beacco,0.0,0.9514,0.0,0.0,0.0,0.0,10.2669,28.8683,0.9514,0.0,0.0,0.0,0.0,20.6179,19.328,1.2133,B2,word_pos,singulièrement,ADV,singulièrement,ADV
consumériste,ADJ,B2,beacco,0.0,0.9498,0.0,0.0,0.0,0.0,27.7392,0.0,0.9498,0.0,0.0,0.0,0.0,27.9938,0.0,1.035,B2,word_pos,consumériste,A,consumériste,ADJ
décomposition,NOUN,B2,beacco,0.0,0.9498,0.0,0.0,0.0,0.0,27.7392,0.0,0.9498,0.0,0.0,0.0,0.0,31.3781,0.0,1.2133,B2,word_pos,décomposition,N,décomposition,NOM
fragment,NOUN,B2,beacco,0.0,0.9498,0.0,0.0,0.0,0.0,27.7392,0.0,0.9498,0.0,0.0,0.2504,0.0,31.3781,0.0,1.8906,B2,word_pos,fragment,N,fragment,NOM
management,NOUN,B2,beacco,0.0,0.9498,0.0,0.0,0.1812,0.0,8.2019,0.0,0.9498,0.0,0.0,0.185,0.0,4.139,0.0,0.675,B2,word_pos,management,N,management,NOM
duel,NOUN,B2,beacco,0.0,0.9497,0.0,0.3469,2.0405,0.0,0.0,0.0,0.9497,0.0,0.7079,3.022,0.0,0.0,0.0,1.3957,B2,word_pos,duel,N,duel,NOM
communicant,ADJ,B2,beacco,0.0,0.9491,0.0,0.0,0.0,0.0,26.2593,0.0,0.9491,0.0,0.0,0.0,0.0,20.6179,0.0,0.7913,B2,word_pos,communicant,A,communicant,ADJ
questionnaire,NOUN,B2,beacco,0.0,0.9485,0.0,0.2117,0.6802,0.0,2.0505,0.0,0.9485,0.0,0.4157,0.5857,0.0,4.139,0.0,1.3081,B2,word_pos,questionnaire,N,questionnaire,NOM
irréductible,ADJ,B2,beacco,0.0,0.9472,0.0,0.0,0.0,0.0,8.021,6.4938,0.9472,0.0,0.0,0.0,0.0,3.4423,12.833,0.7262,B2,word_pos,irréductible,A,irréductible,ADJ
syndical,ADJ,B2,beacco,0.0,0.9469,0.0,0.0,0.4732,0.0,9.3035,0.0,0.9469,0.0,0.0,0.438,0.0,12.0009,0.0,1.1997,B2,word_pos,syndical,A,syndical,ADJ
toc,ADJ,B2,beacco,0.0,0.9463,,,,,,,,1.2635,1.2222,0.0,0.0,0.0,0.0,0.9463,B2,beacco_only,,,toc,ADJ
épouvanter,VERB,B2,beacco,0.0,0.9459,0.0,0.0,4.9686,0.0,0.0,0.0,0.9459,0.0,0.0,13.6375,0.0,0.0,0.0,2.7811,B2,word_pos,épouvanter,V,épouvanter,VER
romantisme,NOUN,B2,beacco,0.0,0.9447,0.0,0.1887,0.4621,0.0,0.0,0.0,0.9447,0.0,0.1937,0.4662,0.0,0.0,0.0,1.0198,B2,word_pos,romantisme,N,romantisme,NOM
londonien,ADJ,B2,beacco,0.0,0.9435,0.0,0.0,0.7236,0.0,9.3035,0.0,0.9435,0.0,0.0,0.6378,0.0,12.0009,0.0,1.1907,B2,word_pos,londonien,A,londonien,ADJ
rapatrier,VERB,B2,beacco,0.0,0.9435,0.0,0.0,0.7236,0.0,9.3035,0.0,0.9435,0.0,0.0,0.6378,0.0,6.0005,0.0,0.7013,B2,word_pos,rapatrier,V,rapatrier,VER
radiation,NOUN,B2,beacco,0.0,0.9433,0.0,0.0,0.0,0.0,25.7756,0.0,0.9433,0.0,0.0,0.0,0.0,41.1274,0.0,1.6026,B2,word_pos,radiation,N,radiation,NOM
juridiquement,ADV,B2,beacco,0.0,0.941,0.0,0.0,5.346,0.0,0.0,0.0,0.941,0.0,0.0,3.7062,0.0,0.0,0.0,0.6943,B2,word_pos,juridiquement,ADV,juridiquement,ADV
ambigu,ADJ,B2,beacco,0.0,0.9406,0.0,0.0,0.2916,0.0,1.6042,19.2455,0.9406,0.0,0.0,0.5531,0.0,3.4423,19.328,1.5376,B2,word_pos,ambigu,A,ambigu,ADJ
fuser,VERB,B2,beacco,0.0,0.9405,0.0,0.2599,0.6802,0.0,3.1012,0.0,0.9405,0.0,0.5213,0.5857,0.0,6.0005,0.0,1.3521,B2,word_pos,fuser,V,fuser,VER
abattage,NOUN,B2,beacco,0.0,0.9382,0.0,0.0,0.6802,0.0,9.3035,0.0,0.9382,0.0,0.0,0.5857,0.0,18.0014,0.0,1.6104,B2,word_pos,abattage,N,abattage,NOM
victorien,ADJ,B2,beacco,0.0,0.9382,0.0,0.0,0.6802,0.0,9.3035,0.0,0.9382,0.0,0.0,0.5857,0.0,6.0005,0.0,0.684,B2,word_pos,victorien,A,victorien,ADJ
viril,ADJ,B2,beacco,0.0,0.9382,0.0,0.0,0.6802,0.0,9.3035,0.0,0.9382,0.0,0.0,0.5857,0.0,6.0005,0.0,0.684,B2,word_pos,viril,A,viril,ADJ
ponction,NOUN,B2,beacco,0.0,0.9375,0.0,0.3702,0.0,0.0,12.4046,0.0,0.9375,0.0,0.606,0.0,0.0,6.0005,0.0,0.623,B2,word_pos,ponction,N,ponction,NOM
styliser,VERB,B2,beacco,0.0,0.9363,0.0,0.0,0.6228,0.0,9.3035,0.0,0.9363,0.0,0.0,0.3906,0.0,6.0005,0.0,0.5978,B2,word_pos,styliser,V,styliser,VER
convoquer,VERB,B2,beacco,0.0,0.9357,3.6868,0.0,0.0,0.0,0.0,4.1173,0.9357,7.3458,0.186,0.0,0.0,0.0,4.0185,2.1725,B2,word_pos,convoquer,V,convoquer,VER
possesseur,NOUN,B2,beacco,0.0,0.9357,0.0,0.2117,0.0,0.0,12.4046,0.0,0.9357,0.0,0.4157,0.0,0.0,6.0005,0.0,0.4743,B2,word_pos,possesseur,N,possesseur,NOM
buveur,NOUN,B2,beacco,0.0,0.9344,0.5693,0.0,0.4589,0.0,1.6042,0.0,0.9344,1.1764,0.0,0.487,0.0,3.4423,0.0,1.3995,B2,word_pos,buveur,N,buveur,NOM
extraction,NOUN,B2,beacco,0.0,0.9327,0.0,0.2035,0.0,0.0,12.4046,0.0,0.9327,0.0,0.3851,0.0,0.0,24.0018,0.0,1.902,B2,word_pos,extraction,N,extraction,NOM
paresseux,NOUN,B2,beacco,0.0,0.9322,0.0,0.0,5.4847,0.0,0.0,0.0,0.9322,0.0,0.0,7.5084,1.2705,0.0,0.0,2.6614,B2,word_pos,paresseux,N,paresseux,NOM
usagé,ADJ,B2,beacco,0.0,0.9319,0.0,3.4332,0.0,0.0,6.2023,0.0,0.9319,0.0,3.9981,0.0,0.0,6.0005,0.0,1.3253,B2,word_pos,usagé,A,usagé,ADJ
traverse,NOUN,B2,beacco,0.0,0.9311,0.0,0.0,0.6122,0.0,9.3035,0.0,0.9311,0.0,0.0,0.4317,0.0,6.0005,0.0,0.6194,B2,word_pos,traverse,N,traverse,NOM
bricoleur,NOUN,B2,beacco,0.0,0.9282,0.0,6.6849,0.0,0.0,0.0,0.0,0.9282,0.0,4.7165,0.0,0.0,0.0,0.0,0.6773,B2,word_pos,bricoleur,N,bricoleur,NOM
ferroviaire,ADJ,B2,beacco,0.0,0.9275,0.0,0.0,4.8943,0.0,0.0,0.0,0.9275,0.0,0.0,7.7393,0.0,0.0,0.0,1.5448,B2,word_pos,ferroviaire,A,ferroviaire,ADJ
stupéfiant,NOUN,B2,beacco,0.0,0.9275,0.5025,0.0,0.0,0.0,12.4046,0.0,0.9275,0.9051,0.0,0.0,0.0,12.0009,0.0,1.1544,B2,word_pos,stupéfiant,N,stupéfiant,NOM
bronzer,VERB,B2,beacco,0.0,0.9271,0.5025,2.9464,0.0,0.0,0.0,0.0,0.9271,0.9051,4.5382,0.0,0.0,0.0,0.0,1.4801,B2,word_pos,bronzer,V,bronzer,VER
choucroute,NOUN,B2,beacco,0.0,0.926,2.2771,0.0,0.1812,0.0,0.0,0.0,0.926,1.1764,0.0,0.185,0.0,0.0,0.0,0.6032,B2,word_pos,choucroute,N,choucroute,NOM
migrant,ADJ,B2,beacco,0.0,0.9254,0.0,0.0,0.5833,0.0,0.0,38.491,0.9254,0.0,0.0,0.5531,0.0,0.0,38.656,1.173,B2,word_pos,migrant,A,migrant,ADJ
israélien,NOUN,B2,beacco,0.0,0.9245,0.0,0.0,2.3658,0.0,3.1012,0.0,0.9245,0.0,0.0,0.438,0.0,6.0005,0.0,0.7202,B2,word_pos,israélien,N,israélien,NOM
métrage,NOUN,B2,beacco,0.0,0.9222,0.0,1.6721,0.2076,0.0,1.6042,0.0,0.9222,0.0,0.1276,0.3906,0.0,3.4423,0.0,0.9414,B2,word_pos,métrage,N,métrage,NOM
aromatique,ADJ,B2,beacco,0.0,0.9185,0.0,0.0,0.0,0.0,15.6669,6.176,0.9185,0.0,0.0,0.0,0.0,31.3528,4.0185,1.4437,B2,word_pos,aromatique,A,aromatique,ADJ
kaléidoscope,NOUN,B2,beacco,0.0,0.9185,0.0,0.0,0.0,0.0,25.5257,0.0,0.9185,0.0,0.0,0.0,0.0,20.024,0.0,0.7219,B2,word_pos,kaléidoscope,N,kaléidoscope,NOM
truffer,VERB,B2,beacco,0.0,0.9179,0.0,0.0,0.0,0.0,12.4046,9.6228,0.9179,0.9051,0.0,0.0,0.0,6.0005,19.328,1.1544,B2,word_pos,truffer,V,truffer,VER
ultra,ADJ,B2,beacco,0.0,0.9153,,,,,,,,0.0,0.1865,0.0,0.0,20.024,0.0,0.9153,B2,beacco_only,,,ultra,ADJ
sociologie,NOUN,B2,beacco,0.0,0.9082,0.0,0.0,2.3458,0.0,0.0,9.6228,0.9082,0.0,0.0,4.5626,0.0,0.0,19.328,1.6322,B2,word_pos,sociologie,N,sociologie,NOM
impuissant,ADJ,B2,beacco,0.0,0.908,0.0,0.0,2.6076,0.0,2.0505,0.0,0.908,0.0,0.0,6.819,0.0,8.2781,0.0,3.2297,B2,word_pos,impuissant,A,impuissant,ADJ
scier,VERB,B2,beacco,0.0,0.9034,0.0,0.0,4.8869,0.0,0.0,0.0,0.9034,0.0,0.0,9.5686,0.0,0.0,0.0,1.9427,B2,word_pos,scier,V,scier,VER
irréversible,ADJ,B2,beacco,0.0,0.9025,0.0,0.0,2.3245,0.0,0.0,9.6228,0.9025,0.0,0.0,3.5156,0.0,0.0,19.328,1.4566,B2,word_pos,irréversible,A,irréversible,ADJ
constructif,ADJ,B2,beacco,0.0,0.9023,0.0,0.0,0.4186,0.0,8.2019,0.0,0.9023,0.0,0.0,0.2437,0.0,4.139,0.0,0.698,B2,word_pos,constructif,A,constructif,ADJ
chamois,NOUN,B2,beacco,0.0,0.9013,0.0,0.0,4.8562,0.0,0.0,0.0,0.9013,0.0,0.0,8.8561,0.0,0.0,0.0,2.0504,B2,word_pos,chamois,N,chamois,NOM
technocrate,NOUN,B2,beacco,0.0,0.9012,0.0,0.0,0.2719,0.0,0.0,19.4814,0.9012,0.0,0.0,0.185,0.0,0.0,12.833,0.675,B2,word_pos,technocrate,N,technocrate,NOM
heaume,NOUN,B2,beacco,0.0,0.8997,0.3983,2.7403,0.0,0.0,0.0,0.0,0.8997,0.8346,3.9055,0.0,0.0,0.0,0.0,1.4093,B2,word_pos,heaume,N,heaume,NOM
nue,NOUN,B2,beacco,0.0,0.8982,0.0,0.0,2.4732,0.0,0.0,9.6228,0.8982,0.0,0.0,14.8599,1.2705,0.0,19.328,5.5005,B2,word_pos,nue,N,nue,NOM
endurance,NOUN,B2,beacco,0.0,0.8972,0.0,0.0,0.0,0.0,6.2023,90.913,0.8972,0.0,0.0,0.0,0.0,6.0005,25.6659,1.035,B2,word_pos,endurance,N,endurance,NOM
interagir,VERB,B2,beacco,0.0,0.8959,0.0,0.0,0.3618,0.0,1.6042,12.352,0.8959,0.0,0.0,0.6378,0.0,3.4423,8.037,1.241,B2,word_pos,interagir,V,interagir,VER
trompe,NOUN,B2,beacco,0.0,0.8949,2.4086,0.3469,0.1883,0.0,0.0,0.0,0.8949,1.4639,0.7079,0.3933,0.0,0.0,0.0,1.3249,B2,word_pos,trompe,N,trompe,NOM
brin,NOUN,B2,beacco,0.0,0.8948,0.0,0.0,0.4809,0.0,9.3035,0.0,0.8948,0.0,0.0,0.4665,0.0,6.0005,0.0,0.636,B2,word_pos,brin,N,brin,NOM
rectangulaire,ADJ,B2,beacco,0.0,0.8948,0.0,0.0,0.4809,0.0,9.3035,0.0,0.8948,0.0,0.0,0.4665,0.0,6.0005,0.0,0.636,B2,word_pos,rectangulaire,A,rectangulaire,ADJ
instantané,NOUN,B2,beacco,0.0,0.8888,0.0,0.0,4.8114,0.0,0.0,0.0,0.8888,0.0,0.0,2.9677,0.0,0.0,0.0,0.6813,B2,word_pos,instantané,N,instantané,NOM
faillite,NOUN,B2,beacco,0.0,0.8874,1.2043,0.0,0.3401,0.0,4.101,0.0,0.8874,0.7319,0.0,0.5857,0.0,4.139,0.0,1.1482,B2,word_pos,faillite,N,faillite,NOM
illégitime,ADJ,B2,beacco,0.0,0.887,0.0,0.0,0.2916,0.0,3.1012,25.9752,0.887,0.0,0.0,0.5531,0.0,6.0005,12.833,1.5432,B2,word_pos,illégitime,A,illégitime,ADJ
globaliser,VERB,B2,beacco,0.0,0.886,0.0,0.0,0.6802,0.0,6.1515,0.0,0.886,0.0,0.0,0.5857,0.0,4.139,0.0,0.6985,B2,word_pos,globaliser,V,globaliser,VER
inventivité,NOUN,B2,beacco,0.0,0.886,0.0,0.0,0.5833,0.0,6.1515,0.0,0.886,0.0,0.0,1.1062,0.0,4.139,0.0,0.8473,B2,word_pos,inventivité,N,inventivité,NOM
fournisseur,NOUN,B2,beacco,0.0,0.8848,0.0,0.0,0.0,0.0,24.6958,0.0,0.8848,0.0,0.0,0.0,0.0,27.403,0.0,0.9385,B2,word_pos,fournisseur,N,fournisseur,NOM
périmètre,NOUN,B2,beacco,0.0,0.8832,0.0,0.0,0.4732,0.0,6.1515,0.0,0.8832,0.0,0.0,0.438,0.0,4.139,0.0,0.725,B2,word_pos,périmètre,N,périmètre,NOM
visa,NOUN,B2,beacco,0.0,0.8819,0.0,0.0,4.4437,0.0,0.0,0.0,0.8819,0.0,0.0,3.5715,0.0,0.0,0.0,0.6976,B2,word_pos,visa,N,visa,NOM
poussiéreux,ADJ,B2,beacco,0.0,0.8807,0.0,0.0,4.404,0.0,0.0,0.0,0.8807,0.0,0.0,3.5822,0.0,0.0,0.0,0.7026,B2,word_pos,poussiéreux,A,poussiéreux,ADJ
gel,NOUN,B2,beacco,0.0,0.8793,0.0,0.0,0.3401,0.0,12.4046,0.0,0.8793,0.0,0.0,0.5857,0.0,6.0005,0.0,0.684,B2,word_pos,gel,N,gel,NOM
hospitalisation,NOUN,B2,beacco,0.0,0.8788,0.0,0.0,0.4809,0.0,6.1515,0.0,0.8788,0.0,0.0,0.4665,0.0,4.139,0.0,0.6597,B2,word_pos,hospitalisation,N,hospitalisation,NOM
bienveillance,NOUN,B2,beacco,0.0,0.8786,0.0,0.0,4.9738,0.0,0.0,0.0,0.8786,0.0,0.0,3.6187,0.0,0.0,0.0,0.6825,B2,word_pos,bienveillance,N,bienveillance,NOM
ciseau,NOUN,B2,beacco,0.0,0.8778,,,,,,,,6.6738,0.0,0.5531,0.0,0.0,0.0,0.8778,B2,beacco_only,,,ciseau,NOM
clochette,NOUN,B2,beacco,0.0,0.8764,0.0,0.0,4.4796,0.0,0.0,0.0,0.8764,0.0,0.0,3.5301,0.0,0.0,0.0,0.6796,B2,word_pos,clochette,N,clochette,NOM
guyanais,ADJ,B2,beacco,0.0,0.876,0.4421,0.0,0.9463,0.0,0.0,0.0,0.876,0.9121,0.0,0.438,0.0,0.0,0.0,0.5153,B2,word_pos,guyanais,A,guyanais,ADJ
franquette,NOUN,B2,beacco,0.0,0.8759,0.0,0.0,4.9235,0.0,0.0,0.0,0.8759,0.0,0.0,3.7375,0.0,0.0,0.0,0.6965,B2,unique_word,franquette,N,franquette,ADV
pavillonnaire,ADJ,B2,beacco,0.0,0.8759,0.0,0.0,4.9235,0.0,0.0,0.0,0.8759,0.0,0.0,3.7375,0.0,0.0,0.0,0.6965,B2,word_pos,pavillonnaire,A,pavillonnaire,ADJ
empiéter,VERB,B2,beacco,0.0,0.8757,0.0,0.0,4.3606,0.0,0.0,0.0,0.8757,0.0,0.0,2.9905,0.0,0.0,0.0,0.6892,B2,word_pos,empiéter,V,empiéter,VER
énumérer,VERB,B2,beacco,0.0,0.8757,0.0,0.0,0.5833,0.0,0.0,6.176,0.8757,0.0,0.0,1.1062,0.0,0.0,4.0185,0.9238,B2,word_pos,énumérer,V,énumérer,VER
astre,NOUN,B2,beacco,0.0,0.8756,0.5025,0.0,0.9463,0.0,0.0,0.0,0.8756,0.9051,0.0,0.8759,0.0,0.0,0.0,1.0386,B2,word_pos,astre,N,astre,NOM
globalement,ADV,B2,beacco,0.0,0.8755,1.7078,0.2117,0.0,0.0,3.1012,0.0,0.8755,2.3528,0.0,0.0,0.0,6.0005,0.0,0.5084,B2,word_pos,globalement,ADV,globalement,ADV
acception,NOUN,B2,beacco,0.0,0.8751,0.0,0.0,0.0,0.0,12.3029,2.0587,0.8751,0.0,0.0,0.0,0.0,12.4171,4.0185,1.4136,B2,word_pos,acception,N,acception,NOM
forteresse,NOUN,B2,beacco,0.0,0.8749,0.5197,0.0,0.9463,0.0,0.0,0.0,0.8749,1.1123,0.0,0.8759,0.0,0.0,0.0,1.0016,B2,word_pos,forteresse,N,forteresse,NOM
rendement,NOUN,B2,beacco,0.0,0.8747,0.0,0.0,0.1637,0.0,13.3747,0.0,0.8747,0.0,0.0,0.1243,0.0,19.861,0.0,1.5128,B2,word_pos,rendement,N,rendement,NOM
trajectoire,NOUN,B2,beacco,0.0,0.8743,0.0,0.0,0.0,0.0,4.8126,19.2455,0.8743,0.0,0.0,0.0,0.0,3.4423,38.656,1.2004,B2,word_pos,trajectoire,N,trajectoire,NOM
vanille,NOUN,B2,beacco,0.0,0.8742,,,,,,,,0.0,0.0,0.0,0.0,6.0005,8.037,0.8742,B2,beacco_only,,,vanille,NOM
carcéral,ADJ,B2,beacco,0.0,0.8736,0.0,0.0,0.0,0.0,49.6184,0.0,0.8736,0.0,0.0,0.0,0.0,24.0018,0.0,0.5724,B2,word_pos,carcéral,A,carcéral,ADJ
polymère,NOUN,B2,beacco,0.0,0.8736,0.0,0.0,0.0,0.0,49.6184,0.0,0.8736,0.0,0.0,0.0,0.0,36.0028,0.0,0.8585,B2,word_pos,polymère,N,polymère,NOM
civisme,NOUN,B2,beacco,0.0,0.8707,0.0,0.2439,0.0,0.0,8.2019,0.0,0.8707,0.0,0.4664,0.0,0.0,4.139,0.0,0.6122,B2,word_pos,civisme,N,civisme,NOM
mobilier,ADJ,B2,beacco,0.0,0.8703,0.0,0.0,1.0854,0.0,3.2084,0.0,0.8703,0.0,0.0,0.6378,0.0,6.8846,0.0,1.0158,B2,word_pos,mobilier,A,mobilier,ADJ
reproductif,ADJ,B2,beacco,0.0,0.87,0.0,0.0,0.7236,0.0,0.0,6.176,0.87,0.0,0.0,1.2756,0.0,0.0,4.0185,0.9698,B2,word_pos,reproductif,A,reproductif,ADJ
réclusion,NOUN,B2,beacco,0.0,0.8698,0.0,0.0,0.0,0.0,25.3674,0.0,0.8698,0.0,0.0,0.0,0.0,20.024,0.0,0.7219,B2,word_pos,réclusion,N,réclusion,NOM
ténu,ADJ,B2,beacco,0.0,0.8698,0.0,0.0,0.0,0.0,25.3674,0.0,0.8698,0.0,0.0,0.0,0.0,20.024,0.0,0.7219,B2,word_pos,ténu,A,ténu,ADJ
dégradant,ADJ,B2,beacco,0.0,0.8696,0.0,0.0,0.3618,0.0,12.4046,0.0,0.8696,0.0,0.0,0.6378,0.0,6.0005,0.0,0.7013,B2,word_pos,dégradant,A,dégradant,ADJ
vieillissant,ADJ,B2,beacco,0.0,0.869,0.0,0.0,0.2916,0.0,0.0,86.6048,0.869,0.0,0.0,0.5531,0.0,0.0,77.312,2.0004,B2,word_pos,vieillissant,A,vieillissant,ADJ
malice,NOUN,B2,beacco,0.0,0.8685,0.0,0.7405,0.2076,0.0,3.1012,0.0,0.8685,0.0,0.606,0.3906,0.0,6.0005,0.0,1.4452,B2,word_pos,malice,N,malice,NOM
comptage,NOUN,B2,beacco,0.0,0.8677,0.0,0.0,0.4152,0.0,6.1515,0.0,0.8677,0.0,0.0,0.3906,0.0,4.139,0.0,0.6261,B2,word_pos,comptage,N,comptage,NOM
influer,VERB,B2,beacco,0.0,0.8677,0.0,0.0,0.4152,0.0,6.1515,0.0,0.8677,0.0,0.0,0.3906,0.0,4.139,0.0,0.6261,B2,word_pos,influer,V,influer,VER
prudence,NOUN,B2,beacco,0.0,0.8658,0.0,0.0,0.1395,0.0,4.101,9.6228,0.8658,0.0,0.0,0.1219,0.0,4.139,19.328,1.4033,B2,word_pos,prudence,N,prudence,NOM
déporter,VERB,B2,beacco,0.0,0.8652,0.0,0.0,4.491,0.0,0.0,0.0,0.8652,0.0,0.0,3.5058,0.0,0.0,0.0,0.6699,B2,word_pos,déporter,V,déporter,VER
manipulateur,ADJ,B2,beacco,0.0,0.8647,0.0,0.0,0.4152,0.0,0.0,6.176,0.8647,0.0,0.0,0.3906,0.0,0.0,4.0185,0.6556,B2,word_pos,manipulateur,A,manipulateur,ADJ
superficie,NOUN,B2,beacco,0.0,0.8643,0.0,0.0,3.0277,0.0,3.1012,0.0,0.8643,0.0,0.0,3.2138,0.0,6.0005,0.0,1.3232,B2,word_pos,superficie,N,superficie,NOM
ivrogne,NOUN,B2,beacco,0.0,0.863,0.0,0.0,4.8837,0.0,0.0,0.0,0.863,0.0,0.0,4.9578,0.0,0.0,0.0,0.9185,B2,unique_word,ivrogne,N,ivrogne,ADJ
inhibition,NOUN,B2,beacco,0.0,0.8619,0.0,0.0,0.2366,0.0,12.4046,0.0,0.8619,0.0,0.0,0.438,0.0,12.0009,0.0,1.1997,B2,word_pos,inhibition,N,inhibition,NOM
recruteur,NOUN,B2,beacco,0.0,0.8616,1.3242,1.6171,0.0,0.0,0.0,0.0,0.8616,2.5271,0.9327,0.0,0.0,0.0,0.0,1.2788,B2,word_pos,recruteur,N,recruteur,NOM
bilatéral,ADJ,B2,beacco,0.0,0.8586,0.0,0.0,1.0202,0.0,3.2084,0.0,0.8586,0.0,0.0,0.5857,0.0,3.4423,0.0,0.7027,B2,word_pos,bilatéral,A,bilatéral,ADJ
florissant,ADJ,B2,beacco,0.0,0.8564,0.0,0.0,0.0,0.0,24.7899,0.0,0.8564,0.0,0.0,0.0,0.0,31.3781,0.0,1.2133,B2,word_pos,florissant,A,florissant,ADJ
pervertir,VERB,B2,beacco,0.0,0.8564,0.0,0.0,0.0,0.0,24.7899,0.0,0.8564,0.0,0.0,0.0,0.0,20.6179,0.0,0.7913,B2,word_pos,pervertir,V,pervertir,VER
réanimation,NOUN,B2,beacco,0.0,0.8564,0.0,0.0,0.0,0.0,24.7899,0.0,0.8564,0.0,0.0,0.0,0.0,20.6179,0.0,0.7913,B2,word_pos,réanimation,N,réanimation,NOM
quantifier,VERB,B2,beacco,0.0,0.8555,0.0,0.0,0.1812,0.0,13.8696,0.0,0.8555,0.0,0.0,0.185,0.0,20.6179,0.0,1.5183,B2,word_pos,quantifier,V,quantifier,VER
crotte,NOUN,B2,beacco,0.0,0.8553,1.3242,0.2439,0.0,0.0,1.6042,0.0,0.8553,1.2635,0.4664,0.0,0.0,3.4423,0.0,1.4312,B2,word_pos,crotte,N,crotte,NOM
rétribution,NOUN,B2,beacco,0.0,0.8538,0.0,0.0,0.0,0.0,24.3636,0.0,0.8538,0.0,0.0,0.0,0.0,31.3781,0.0,1.2133,B2,word_pos,rétribution,N,rétribution,NOM
sensibiliser,VERB,B2,beacco,0.0,0.8537,0.0,0.2117,2.0704,0.0,0.0,0.0,0.8537,0.0,0.4157,2.9983,0.0,0.0,0.0,1.436,B2,word_pos,sensibiliser,V,sensibiliser,VER
coiffure,NOUN,B2,beacco,0.0,0.8507,0.0,0.0,4.6828,0.0,0.0,0.0,0.8507,0.0,0.0,4.9147,0.0,0.0,0.0,0.916,B2,word_pos,coiffure,N,coiffure,NOM
périodiquement,ADV,B2,beacco,0.0,0.8499,0.0,0.6418,1.0854,0.0,0.0,0.0,0.8499,0.0,0.6228,0.6378,0.0,0.0,0.0,0.6898,B2,word_pos,périodiquement,ADV,périodiquement,ADV
ingénierie,NOUN,B2,beacco,0.0,0.8483,0.0,0.0,0.0,0.0,29.6447,0.0,0.8483,0.0,0.0,0.0,0.0,20.6179,0.0,0.7913,B2,word_pos,ingénierie,N,ingénierie,NOM
féminiser,VERB,B2,beacco,0.0,0.8471,0.0,0.0,0.0,0.0,4.8126,12.9876,0.8471,0.0,0.0,0.0,0.0,6.8846,12.833,0.9385,B2,word_pos,féminiser,V,féminiser,VER
éloquent,ADJ,B2,beacco,0.0,0.8471,0.0,0.0,0.0,0.0,0.0,49.3801,0.8471,0.0,0.0,0.0,0.0,0.0,44.6051,0.7262,B2,word_pos,éloquent,A,éloquent,ADJ
pragmatique,ADJ,B2,beacco,0.0,0.8466,0.0,0.0,0.0,0.0,3.1012,18.528,0.8466,0.0,0.0,0.0,0.0,6.0005,12.0555,0.9932,B2,word_pos,pragmatique,A,pragmatique,ADJ
calvaire,NOUN,B2,beacco,0.0,0.8447,0.0,0.0,0.7097,0.0,6.2023,0.0,0.8447,0.0,0.0,0.438,0.0,6.0005,0.0,0.7202,B2,word_pos,calvaire,N,calvaire,NOM
chavirer,VERB,B2,beacco,0.0,0.8447,0.0,0.0,0.7097,0.0,6.2023,0.0,0.8447,0.0,0.0,0.438,0.0,6.0005,0.0,0.7202,B2,word_pos,chavirer,V,chavirer,VER
martyriser,VERB,B2,beacco,0.0,0.8447,0.0,0.0,0.7097,0.0,6.2023,0.0,0.8447,0.0,0.0,0.438,0.0,6.0005,0.0,0.7202,B2,word_pos,martyriser,V,martyriser,VER
saladier,NOUN,B2,beacco,0.0,0.8422,0.7956,0.0,0.7236,0.0,0.0,6.4938,0.8422,0.4856,0.0,1.2756,0.0,0.0,12.833,1.4929,B2,word_pos,saladier,N,saladier,NOM
inventif,ADJ,B2,beacco,0.0,0.8421,0.0,0.1103,2.673,0.0,0.0,0.0,0.8421,0.0,0.2129,3.7062,0.0,0.0,0.0,1.4745,B2,word_pos,inventif,A,inventif,ADJ
tertiaire,ADJ,B2,beacco,0.0,0.8415,0.0,0.0618,0.2916,0.0,2.0505,6.4938,0.8415,0.0,0.1276,0.5531,0.0,4.139,12.833,1.3225,B2,word_pos,tertiaire,A,tertiaire,ADJ
japonais,NOUN,B2,beacco,0.0,0.8414,0.0,0.6351,0.2366,0.0,0.0,6.4938,0.8414,0.0,0.4157,0.438,0.0,0.0,12.833,1.2845,B2,word_pos,japonais,N,japonais,NOM
migratoire,ADJ,B2,beacco,0.0,0.8378,0.0,0.0,1.1665,0.0,6.2023,0.0,0.8378,0.0,0.0,0.5531,0.0,6.0005,0.0,0.6721,B2,word_pos,migratoire,A,migratoire,ADJ
reggae,ADJ,B2,beacco,0.0,0.8378,,,,,,,,0.0,0.9327,0.5531,0.0,0.0,0.0,0.8378,B2,beacco_only,,,reggae,ADJ
émeute,NOUN,B2,beacco,0.0,0.8378,0.0,0.0,1.1665,0.0,6.2023,0.0,0.8378,0.0,0.0,1.1062,0.0,6.0005,0.0,0.78,B2,word_pos,émeute,N,émeute,NOM
tactile,ADJ,B2,beacco,0.0,0.8368,0.0,0.6351,1.0854,0.0,0.0,0.0,0.8368,0.0,0.4157,0.6378,0.0,0.0,0.0,0.5634,B2,word_pos,tactile,A,tactile,ADJ
saler,VERB,B2,beacco,0.0,0.8344,0.0,0.0,0.4589,0.0,0.0,28.8683,0.8344,0.4856,0.0,0.9741,0.0,0.0,19.328,1.5056,B2,word_pos,saler,V,saler,VER
culpabiliser,VERB,B2,beacco,0.0,0.8327,0.0,0.0,0.3618,0.0,9.6252,0.0,0.8327,0.0,0.0,0.6378,0.0,6.8846,0.0,1.0158,B2,word_pos,culpabiliser,V,culpabiliser,VER
gré,NOUN,B2,beacco,0.0,0.8327,0.0,0.0,0.3618,0.0,9.6252,0.0,0.8327,0.0,0.0,3.5156,0.0,10.3269,19.328,3.4735,B2,word_pos,gré,N,gré,NOM
contraception,NOUN,B2,beacco,0.0,0.8317,0.0,0.0,1.0854,0.0,6.2023,0.0,0.8317,0.0,0.0,1.2756,0.0,6.0005,0.0,0.8337,B2,word_pos,contraception,N,contraception,NOM
dédaigner,VERB,B2,beacco,0.0,0.8317,0.0,0.0,1.0854,0.0,6.2023,0.0,0.8317,0.0,0.0,0.6378,0.0,6.0005,0.0,0.7013,B2,word_pos,dédaigner,V,dédaigner,VER
sévir,VERB,B2,beacco,0.0,0.8317,0.0,0.0,1.0854,0.0,6.2023,0.0,0.8317,0.0,0.0,0.6378,0.0,6.0005,0.0,0.7013,B2,word_pos,sévir,V,sévir,VER
gouttière,NOUN,B2,beacco,0.0,0.8313,0.0,0.0,0.0,0.0,22.8111,0.0,0.8313,0.0,0.0,0.0,0.0,20.024,0.0,0.7219,B2,word_pos,gouttière,N,gouttière,NOM
référentiel,ADJ,B2,beacco,0.0,0.8313,0.0,0.0,0.0,0.0,0.0,51.4667,0.8313,0.0,0.0,0.0,0.0,0.0,40.1848,0.6575,B2,word_pos,référentiel,A,référentiel,ADJ
interprofessionnel,ADJ,B2,beacco,0.0,0.8312,0.0,0.6418,2.0028,0.0,0.0,0.0,0.8312,0.0,0.6228,3.7679,0.0,0.0,0.0,1.5546,B2,word_pos,interprofessionnel,A,interprofessionnel,ADJ
subjuguer,VERB,B2,beacco,0.0,0.831,0.0,0.0,4.5048,0.0,0.0,0.0,0.831,0.0,0.0,3.4815,0.0,0.0,0.0,0.6697,B2,word_pos,subjuguer,V,subjuguer,VER
accroissement,NOUN,B2,beacco,0.0,0.8269,0.0,0.0,4.6735,0.0,0.0,0.0,0.8269,0.0,0.0,5.1436,0.0,0.0,0.0,0.9426,B2,word_pos,accroissement,N,accroissement,NOM
chèrement,ADV,B2,beacco,0.0,0.8269,0.0,0.0,4.6735,0.0,0.0,0.0,0.8269,0.0,0.0,3.7375,0.0,0.0,0.0,0.6965,B2,word_pos,chèrement,ADV,chèrement,ADV
gouvernant,NOUN,B2,beacco,0.0,0.8269,3.79,0.0,0.8749,0.0,0.0,0.0,0.8269,6.2913,0.0,0.5531,0.0,0.0,0.0,0.6719,B2,word_pos,gouvernant,N,gouvernant,NOM
sanctionner,VERB,B2,beacco,0.0,0.8263,0.0,0.6418,1.8786,0.0,0.0,0.0,0.8263,0.0,0.6228,0.5857,0.0,0.0,0.0,0.6891,B2,word_pos,sanctionner,V,sanctionner,VER
débouché,NOUN,B2,beacco,0.0,0.8251,0.0,0.3702,1.4582,0.0,0.0,0.0,0.8251,0.0,0.606,0.5531,0.0,0.0,0.0,0.6777,B2,word_pos,débouché,N,débouché,NOM
ordure,NOUN,B2,beacco,0.0,0.8229,,,,,,,,0.0,2.4241,0.0,0.0,6.0005,0.0,0.8229,B2,beacco_only,,,ordure,NOM
coordonner,VERB,B2,beacco,0.0,0.8227,0.2541,0.0,0.4732,0.0,0.0,9.6228,0.8227,0.5504,0.0,0.438,0.0,0.0,19.328,0.964,B2,word_pos,coordonner,V,coordonner,VER
catégorique,ADJ,B2,beacco,0.0,0.821,0.0,1.1107,0.3014,0.0,0.0,0.0,0.821,0.0,1.2121,0.3059,0.0,0.0,0.0,0.9843,B2,word_pos,catégorique,A,catégorique,ADJ
dressage,NOUN,B2,beacco,0.0,0.8206,1.3242,1.1107,0.0,0.0,0.0,0.0,0.8206,1.2635,0.606,0.0,0.0,0.0,0.0,0.6273,B2,word_pos,dressage,N,dressage,NOM
astrologue,NOUN,B2,beacco,0.0,0.8199,0.0,0.0,5.7339,0.0,0.0,0.0,0.8199,0.0,0.0,3.5957,0.0,0.0,0.0,0.7091,B2,word_pos,astrologue,N,astrologue,NOM
digital,ADJ,B2,beacco,0.0,0.819,0.0,0.0,0.0,0.0,46.5173,0.0,0.819,0.0,0.0,0.0,0.0,30.0023,0.0,0.7155,B2,word_pos,digital,A,digital,ADJ
môme,NOUN,B2,beacco,0.0,0.8181,0.0,0.5054,1.0854,0.0,0.0,0.0,0.8181,0.0,0.5137,1.9134,0.0,0.0,0.0,1.371,B2,word_pos,môme,N,môme,NOM
tom,NOUN,B2,beacco,0.0,0.8157,,,,,,,,2.5271,0.4664,0.0,0.0,0.0,0.0,0.8157,B2,beacco_only,,,tom,NOM
écolier,ADJ,B2,beacco,0.0,0.8145,0.0,0.0,1.0202,0.0,6.2023,0.0,0.8145,0.0,0.0,1.1713,0.0,6.0005,0.0,0.8013,B2,word_pos,écolier,A,écolier,ADJ
guitariste,NOUN,B2,beacco,0.0,0.814,0.0,5.85,0.0,0.0,0.0,0.0,0.814,0.0,6.6325,0.0,0.0,0.0,0.0,0.968,B2,word_pos,guitariste,N,guitariste,NOM
lard,NOUN,B2,beacco,0.0,0.8131,0.0,0.4228,0.6884,0.0,0.0,0.0,0.8131,0.0,0.6008,0.9741,0.0,0.0,0.0,0.9493,B2,word_pos,lard,N,lard,NOM
réfrigérateur,NOUN,B2,beacco,0.0,0.8109,0.0,6.0638,0.0,0.0,0.0,0.0,0.8109,0.0,10.454,0.0,0.0,0.0,0.0,1.3459,B2,word_pos,réfrigérateur,N,réfrigérateur,NOM
couramment,ADV,B2,beacco,0.0,0.8091,0.0,0.0,1.516,0.0,4.101,0.0,0.8091,0.0,0.0,2.4816,0.0,4.139,0.0,1.4708,B2,word_pos,couramment,ADV,couramment,ADV
tunique,NOUN,B2,beacco,0.0,0.8088,0.7967,2.2283,0.0,0.0,0.0,0.0,0.8088,0.8346,1.2017,0.0,0.0,0.0,0.0,0.9741,B2,word_pos,tunique,N,tunique,NOM
couchage,NOUN,B2,beacco,0.0,0.8085,0.0,0.4879,0.4092,0.0,0.0,0.0,0.8085,0.0,0.4664,0.1243,0.0,0.0,0.0,0.6652,B2,word_pos,couchage,N,couchage,NOM
prenant,ADJ,B2,beacco,0.0,0.8082,0.0,2.5842,0.2076,0.0,0.0,0.0,0.8082,0.0,1.0679,0.3906,0.0,0.0,0.0,0.6669,B2,word_pos,prenant,A,prenant,ADJ
christianisme,NOUN,B2,beacco,0.0,0.8076,0.0,0.1887,0.9463,0.0,0.0,0.0,0.8076,0.0,0.1937,0.8759,0.0,0.0,0.0,1.0245,B2,word_pos,christianisme,N,christianisme,NOM
friser,VERB,B2,beacco,0.0,0.8072,1.005,0.3702,0.2041,0.0,0.0,0.0,0.8072,0.0,0.606,0.4317,0.0,0.0,0.0,0.6741,B2,word_pos,friser,V,friser,VER
imprévu,NOUN,B2,beacco,0.0,0.806,0.2541,1.2835,0.0,0.0,0.0,0.0,0.806,0.5504,0.6228,0.0,0.0,0.0,0.0,0.4587,B2,word_pos,imprévu,N,imprévu,NOM
dictée,NOUN,B2,beacco,0.0,0.8012,0.0,0.0,3.6922,0.0,0.0,0.0,0.8012,0.0,0.0,3.5822,0.0,0.0,0.0,0.7026,B2,word_pos,dictée,N,dictée,NOM
forger,VERB,B2,beacco,0.0,0.8002,0.0,0.0,0.3618,0.0,10.2524,0.0,0.8002,0.0,0.0,3.6638,0.0,8.2781,0.0,2.1315,B2,word_pos,forger,V,forger,VER
onirique,ADJ,B2,beacco,0.0,0.7995,0.0,0.3702,0.0,0.0,6.4168,0.0,0.7995,0.0,0.606,0.0,0.0,3.4423,0.0,0.6717,B2,word_pos,onirique,A,onirique,ADJ
électromécanique,ADJ,B2,beacco,0.0,0.7995,0.0,0.3702,0.0,0.0,6.4168,0.0,0.7995,0.0,0.606,0.0,0.0,3.4423,0.0,0.6717,B2,word_pos,électromécanique,A,électromécanique,ADJ
styliste,NOUN,B2,beacco,0.0,0.7988,0.0,0.3774,0.3401,0.0,2.0505,9.6228,0.7988,0.0,0.5811,0.5857,0.0,4.139,19.328,2.2899,B2,word_pos,styliste,N,styliste,NOM
autocar,NOUN,B2,beacco,0.0,0.7974,1.3242,0.0,0.4092,0.0,0.0,0.0,0.7974,1.2635,0.0,0.1243,0.0,0.0,0.0,0.6273,B2,word_pos,autocar,N,autocar,NOM
chaînon,NOUN,B2,beacco,0.0,0.7963,0.0,0.0,0.0,0.0,3.2084,28.8683,0.7963,0.0,0.0,0.0,0.0,3.4423,19.328,0.7219,B2,word_pos,chaînon,N,chaînon,NOM
géologique,ADJ,B2,beacco,0.0,0.7963,0.0,0.0,0.0,0.0,3.2084,28.8683,0.7963,0.0,0.0,0.2504,0.0,3.4423,19.328,1.3039,B2,word_pos,géologique,A,géologique,ADJ
fanatique,NOUN,B2,beacco,0.0,0.7961,0.9991,0.7318,0.0,0.0,0.0,0.0,0.7961,0.9464,0.4664,0.0,0.0,0.0,0.0,0.6537,B2,word_pos,fanatique,N,fanatique,NOM
islam,NOUN,B2,beacco,0.0,0.7961,0.0,0.0,0.7236,0.0,0.0,28.8683,0.7961,0.0,0.0,1.2756,0.0,0.0,19.328,0.8337,B2,word_pos,islam,N,islam,NOM
partagé,ADJ,B2,beacco,0.0,0.7959,0.0,0.1103,0.5833,0.0,3.1012,0.0,0.7959,0.0,0.2129,0.5531,0.0,0.0,0.0,0.6334,B2,word_pos,partagé,A,partagé,ADJ
synagogue,NOUN,B2,beacco,0.0,0.7958,0.0,0.0,0.2076,0.0,6.4168,0.0,0.7958,0.0,0.0,0.3906,0.0,3.4423,0.0,0.6556,B2,word_pos,synagogue,N,synagogue,NOM
ration,NOUN,B2,beacco,0.0,0.7937,0.0,0.0,0.0,0.0,19.8484,0.0,0.7937,0.0,0.0,0.0,0.0,40.1357,0.0,1.6052,B2,word_pos,ration,N,ration,NOM
provocant,ADJ,B2,beacco,0.0,0.7935,0.0,0.6418,0.4621,0.0,0.0,0.0,0.7935,0.0,0.6228,0.2331,0.0,0.0,0.0,0.6894,B2,word_pos,provocant,A,provocant,ADJ
loupe,NOUN,B2,beacco,0.0,0.7924,0.0,1.1107,0.1815,0.0,0.0,0.0,0.7924,0.0,0.606,0.2504,0.0,0.0,0.0,0.6276,B2,word_pos,loupe,N,loupe,NOM
rame,NOUN,B2,beacco,0.0,0.7922,0.0,1.0107,0.2916,0.0,3.1012,0.0,0.7922,0.0,0.5137,0.5531,0.0,6.0005,0.0,1.3523,B2,word_pos,rame,N,rame,NOM
continent,ADJ,B2,beacco,0.0,0.7913,,,,,,,,0.0,0.0,0.0,0.0,4.139,19.328,0.7913,B2,beacco_only,,,continent,ADJ
contre-pouvoir,NOUN,B2,beacco,0.0,0.7913,,,,,,,,0.0,0.0,0.0,0.0,4.139,19.328,0.7913,B2,beacco_only,,,contre-pouvoir,NOM
demeurant,NOUN,B2,beacco,0.0,0.7913,,,,,,,,0.0,0.0,0.0,0.0,4.139,19.328,0.7913,B2,beacco_only,,,demeurant,NOM
longtemps,NOUN,B2,beacco,0.0,0.7913,,,,,,,,0.0,0.0,0.0,0.0,20.6179,0.0,0.7913,B2,beacco_only,,,longtemps,NOM
méli-mélo,NOUN,B2,beacco,0.0,0.7913,,,,,,,,0.0,0.0,0.0,0.0,6.0005,12.833,0.7913,B2,beacco_only,,,méli-mélo,NOM
imbriquer,VERB,B2,beacco,0.0,0.791,0.0,1.4809,0.0,0.0,4.101,0.0,0.791,0.0,0.606,0.0,0.0,4.139,0.0,0.6485,B2,word_pos,imbriquer,V,imbriquer,VER
allumage,NOUN,B2,beacco,0.0,0.7905,0.0,1.2702,0.0,0.0,3.1012,9.6228,0.7905,0.0,0.8313,0.0,0.0,6.0005,19.328,0.9486,B2,word_pos,allumage,N,allumage,NOM
échelon,NOUN,B2,beacco,0.0,0.7904,0.0,0.0,0.4732,0.0,0.0,28.8683,0.7904,0.0,0.0,0.438,0.0,0.0,19.328,0.7202,B2,word_pos,échelon,N,échelon,NOM
légaliser,VERB,B2,beacco,0.0,0.7866,0.0,0.0,2.0028,0.0,3.1012,0.0,0.7866,0.0,0.0,3.7679,0.0,6.0005,0.0,1.5392,B2,word_pos,légaliser,V,légaliser,VER
rudement,ADV,B2,beacco,0.0,0.7866,0.0,0.0,4.3726,0.0,0.0,0.0,0.7866,0.0,0.0,3.5909,0.0,0.0,0.0,0.9679,B2,word_pos,rudement,ADV,rudement,ADV
épauler,VERB,B2,beacco,0.0,0.7864,0.0,0.0,0.0,0.0,4.101,28.8683,0.7864,0.0,0.0,0.0,0.0,4.139,19.328,0.7913,B2,word_pos,épauler,V,épauler,VER
automatisme,NOUN,B2,beacco,0.0,0.7859,0.0,0.0,0.0,0.0,8.2019,9.6228,0.7859,0.0,0.0,0.0,0.0,8.2781,19.328,1.035,B2,word_pos,automatisme,N,automatisme,NOM
désagrégation,NOUN,B2,beacco,0.0,0.7859,0.0,0.0,0.0,0.0,8.2019,9.6228,0.7859,0.0,0.0,0.0,0.0,4.139,19.328,0.7913,B2,word_pos,désagrégation,N,désagrégation,NOM
libéralisme,NOUN,B2,beacco,0.0,0.7859,0.0,0.0,0.0,0.0,8.2019,9.6228,0.7859,0.0,0.0,0.0,0.0,4.139,19.328,0.7913,B2,word_pos,libéralisme,N,libéralisme,NOM
mangeur,NOUN,B2,beacco,0.0,0.7841,2.8464,0.0,0.4589,0.0,0.0,0.0,0.7841,2.3528,0.0,0.9741,0.0,0.0,0.0,1.2152,B2,word_pos,mangeur,N,mangeur,NOM
raffinerie,NOUN,B2,beacco,0.0,0.7782,0.0,0.0,1.656,0.0,3.1012,0.0,0.7782,0.0,0.0,0.438,0.0,6.0005,0.0,0.7202,B2,word_pos,raffinerie,N,raffinerie,NOM
solidité,NOUN,B2,beacco,0.0,0.7756,0.0,0.0,0.2916,0.0,9.8488,0.0,0.7756,0.0,0.0,0.5531,0.0,20.024,0.0,1.5376,B2,word_pos,solidité,N,solidité,NOM
parenté,NOUN,B2,beacco,0.0,0.7753,0.0,0.0,0.1812,0.0,0.0,28.8683,0.7753,0.0,0.0,0.185,0.0,0.0,38.656,1.1602,B2,word_pos,parenté,N,parenté,NOM
caritatif,ADJ,B2,beacco,0.0,0.7748,0.0,0.2439,1.6676,0.0,0.0,0.0,0.7748,0.0,0.4664,2.9063,0.0,0.0,0.0,1.5176,B2,word_pos,caritatif,A,caritatif,ADJ
ancre,NOUN,B2,beacco,0.0,0.7726,0.0,0.0,4.258,0.0,0.0,0.0,0.7726,0.0,0.0,4.7791,0.0,0.0,0.0,0.8921,B2,word_pos,ancre,N,ancre,NOM
tenant,NOUN,B2,beacco,0.0,0.7718,0.0,0.0,0.6884,0.0,0.0,4.1173,0.7718,0.0,0.0,0.9741,0.3387,6.0005,4.0185,2.3813,B2,word_pos,tenant,N,tenant,NOM
usure,NOUN,B2,beacco,0.0,0.7708,0.0,0.0,0.2916,0.0,1.6042,9.6228,0.7708,0.0,0.0,0.5531,0.0,3.4423,19.328,1.5376,B2,word_pos,usure,N,usure,NOM
leader,NOUN,B2,beacco,0.0,0.7706,0.0,2.803,0.0,0.0,1.6042,0.0,0.7706,0.0,1.2017,0.0,0.0,3.4423,0.0,0.8841,B2,word_pos,leader,N,leader,NOM
démission,NOUN,B2,beacco,0.0,0.7703,0.8137,0.0,0.7214,0.0,0.0,0.0,0.7703,0.8075,0.0,0.4665,0.0,0.0,0.0,0.628,B2,word_pos,démission,N,démission,NOM
électroménager,ADJ,B2,beacco,0.0,0.7698,0.0,2.5671,0.0,0.0,6.2023,0.0,0.7698,0.0,0.0,0.5531,0.0,6.0005,0.0,0.6721,B2,word_pos,électroménager,A,électroménager,ADJ
chagrin,NOUN,B2,beacco,0.0,0.7687,0.0,0.0,4.032,0.0,0.0,0.0,0.7687,0.0,0.0,7.7544,0.0,0.0,0.0,1.5459,B2,word_pos,chagrin,N,chagrin,NOM
pertinent,ADJ,B2,beacco,0.0,0.7685,0.0,0.0,0.3618,0.0,3.1012,12.9876,0.7685,0.0,0.0,0.6378,0.0,6.0005,12.833,1.581,B2,word_pos,pertinent,A,pertinent,ADJ
confection,NOUN,B2,beacco,0.0,0.7676,0.0,0.0,1.8673,0.0,1.6042,0.0,0.7676,0.0,0.0,3.6048,0.0,3.4423,0.0,1.542,B2,word_pos,confection,N,confection,NOM
médiatisation,NOUN,B2,beacco,0.0,0.7671,0.0,0.0,0.9618,0.0,6.2023,0.0,0.7671,0.0,0.0,0.4665,0.0,6.0005,0.0,0.636,B2,word_pos,médiatisation,N,médiatisation,NOM
monétaire,ADJ,B2,beacco,0.0,0.7668,0.0,0.0,2.7206,0.0,3.1012,0.0,0.7668,0.0,0.0,0.5857,0.0,6.0005,0.0,0.684,B2,word_pos,monétaire,A,monétaire,ADJ
ségrégation,NOUN,B2,beacco,0.0,0.7668,0.0,0.0,2.7206,0.0,3.1012,0.0,0.7668,0.0,0.0,0.5857,0.0,6.0005,0.0,0.684,B2,word_pos,ségrégation,N,ségrégation,NOM
chirurgical,ADJ,B2,beacco,0.0,0.7644,0.0,0.0,0.0,0.0,43.4161,0.0,0.7644,0.0,0.0,0.0,0.0,24.0018,0.0,0.5724,B2,word_pos,chirurgical,A,chirurgical,ADJ
rétif,ADJ,B2,beacco,0.0,0.7637,0.0,0.0,0.0,0.0,10.2669,9.6228,0.7637,0.0,0.0,0.0,0.0,20.6179,19.328,1.2133,B2,word_pos,rétif,A,rétif,ADJ
renfermer,VERB,B2,beacco,0.0,0.7627,0.5081,0.0,0.2041,0.0,6.2023,0.0,0.7627,0.5504,0.0,0.4317,0.0,6.0005,0.0,1.0588,B2,word_pos,renfermer,V,renfermer,VER
intellectuellement,ADV,B2,beacco,0.0,0.7622,0.0,0.0,0.3401,0.0,3.1012,9.6228,0.7622,0.0,0.0,0.5857,0.0,6.0005,19.328,1.1807,B2,word_pos,intellectuellement,ADV,intellectuellement,ADV
lucidité,NOUN,B2,beacco,0.0,0.7602,0.0,0.0,1.804,0.0,0.0,9.6228,0.7602,0.0,0.0,3.5244,0.0,0.0,19.328,1.4651,B2,word_pos,lucidité,N,lucidité,NOM
semence,NOUN,B2,beacco,0.0,0.7585,0.0,0.0,3.9548,0.0,0.0,0.0,0.7585,0.0,0.0,7.6118,0.0,0.0,0.0,1.5249,B2,word_pos,semence,N,semence,NOM
gratin,NOUN,B2,beacco,0.0,0.7582,0.2652,0.0,0.7236,0.0,3.1012,0.0,0.7582,0.0,0.0,0.6378,0.0,6.0005,0.0,0.7013,B2,word_pos,gratin,N,gratin,NOM
fini,NOUN,B2,beacco,0.0,0.7569,1.6274,0.5168,0.2041,0.0,0.0,0.0,0.7569,0.0,0.0,3.1488,0.0,0.0,0.0,0.6861,B2,unique_word,fini,N,fini,ADJ
apprivoiser,VERB,B2,beacco,0.0,0.7557,0.0,2.4255,0.2405,0.0,0.0,0.0,0.7557,0.0,4.7828,0.4665,0.0,0.0,0.0,1.534,B2,word_pos,apprivoiser,V,apprivoiser,VER
pochette,NOUN,B2,beacco,0.0,0.7554,0.0,0.0,4.7485,0.0,0.0,0.0,0.7554,0.0,0.0,3.5051,0.0,0.0,0.0,0.667,B2,word_pos,pochette,N,pochette,NOM
prédilection,NOUN,B2,beacco,0.0,0.7552,0.0,0.3702,1.8842,0.0,0.0,0.0,0.7552,0.0,0.606,3.6187,0.0,0.0,0.0,1.5348,B2,word_pos,prédilection,N,prédilection,NOM
souplesse,NOUN,B2,beacco,0.0,0.7543,0.0,0.0,1.8309,0.0,2.0505,0.0,0.7543,0.0,0.0,3.5101,0.0,4.139,0.0,1.4872,B2,word_pos,souplesse,N,souplesse,NOM
butter,VERB,B2,beacco,0.0,0.7542,0.0,0.0,0.2076,0.0,9.3035,0.0,0.7542,0.0,0.0,0.3906,0.0,6.0005,0.0,0.5978,B2,word_pos,butter,V,butter,VER
légitimer,VERB,B2,beacco,0.0,0.7542,0.0,0.0,0.2076,0.0,9.3035,0.0,0.7542,0.0,0.0,0.3906,0.0,12.0009,0.0,1.11,B2,word_pos,légitimer,V,légitimer,VER
multidisciplinaire,ADJ,B2,beacco,0.0,0.754,0.0,0.3702,0.0,0.0,9.3035,0.0,0.754,0.0,0.606,0.0,0.0,6.0005,0.0,0.623,B2,word_pos,multidisciplinaire,A,multidisciplinaire,ADJ
partition,NOUN,B2,beacco,0.0,0.753,0.0,0.0,0.2405,0.0,9.3035,0.0,0.753,0.0,0.0,0.4665,0.0,18.0014,0.0,1.6029,B2,word_pos,partition,N,partition,NOM
répercussion,NOUN,B2,beacco,0.0,0.753,0.0,0.3702,0.2916,0.0,2.0505,0.0,0.753,0.0,0.606,0.5531,0.0,4.139,0.0,1.5088,B2,word_pos,répercussion,N,répercussion,NOM
rousse,NOUN,B2,beacco,0.0,0.7529,,,,,,,,0.0,0.8313,0.3906,0.0,0.0,0.0,0.7529,B2,beacco_only,,,rousse,NOM
flânerie,NOUN,B2,beacco,0.0,0.7526,0.0,0.0,1.0379,0.0,6.2023,0.0,0.7526,0.0,0.0,0.3906,0.0,6.0005,0.0,0.5978,B2,word_pos,flânerie,N,flânerie,NOM
abonnement,NOUN,B2,beacco,0.0,0.752,0.0,0.2527,0.9618,0.0,0.0,0.0,0.752,0.0,0.5137,0.4665,0.0,0.0,0.0,0.6313,B2,word_pos,abonnement,N,abonnement,NOM
joaillier,NOUN,B2,beacco,0.0,0.748,0.0,0.0,4.1,0.0,0.0,0.0,0.748,0.0,0.0,7.3617,0.0,0.0,0.0,1.4241,B2,word_pos,joaillier,N,joaillier,NOM
embarquer,VERB,B2,beacco,0.0,0.7471,0.0,0.0,3.8972,0.0,0.0,0.0,0.7471,0.0,0.0,7.5376,0.0,0.0,0.0,1.5097,B2,word_pos,embarquer,V,embarquer,VER
articuler,VERB,B2,beacco,0.0,0.7456,0.0,0.0,0.2916,0.0,9.3035,0.0,0.7456,0.0,0.0,0.5531,0.0,6.0005,0.0,0.6721,B2,word_pos,articuler,V,articuler,VER
raccorder,VERB,B2,beacco,0.0,0.7456,0.0,0.0,0.2916,0.0,9.3035,0.0,0.7456,0.0,0.0,0.5531,0.0,6.0005,0.0,0.6721,B2,word_pos,raccorder,V,raccorder,VER
rappel,NOUN,B2,beacco,0.0,0.7429,0.0,0.3209,1.8309,0.0,0.0,0.0,0.7429,0.0,0.6228,3.5101,0.0,0.0,0.0,1.5251,B2,word_pos,rappel,N,rappel,NOM
applaudissement,NOUN,B2,beacco,0.0,0.7422,0.0,0.0,1.7206,0.0,0.0,9.6228,0.7422,0.0,0.0,3.3506,0.0,0.0,19.328,1.3994,B2,word_pos,applaudissement,N,applaudissement,NOM
hydroélectrique,ADJ,B2,beacco,0.0,0.7407,0.0,0.0,0.4732,0.0,0.0,25.9752,0.7407,0.0,0.0,0.438,0.0,0.0,38.4989,1.4153,B2,word_pos,hydroélectrique,A,hydroélectrique,ADJ
scoop,NOUN,B2,beacco,0.0,0.7405,0.0,0.0,0.1507,0.0,0.0,28.5334,0.7405,0.0,0.0,0.3059,0.0,0.0,56.7717,1.3352,B2,word_pos,scoop,N,scoop,NOM
censé,VERB,B2,beacco,0.0,0.7403,0.0,0.0,0.2405,0.0,1.6042,6.4938,0.7403,0.0,0.0,3.9742,0.0,19.861,12.833,3.1849,B2,unique_word,censé,V,censé,ADJ
épouvantable,ADJ,B2,beacco,0.0,0.7398,0.0,2.2214,0.2041,0.0,0.0,0.0,0.7398,0.0,1.2121,0.4317,0.0,0.0,0.0,0.942,B2,word_pos,épouvantable,A,épouvantable,ADJ
impeccable,ADJ,B2,beacco,0.0,0.7393,0.0,0.0,1.7004,0.0,1.6042,0.0,0.7393,0.0,0.0,0.5857,0.0,3.4423,0.0,0.7027,B2,word_pos,impeccable,A,impeccable,ADJ
ancien,NOUN,B2,beacco,0.0,0.7387,0.0,0.3702,0.1812,0.0,0.0,9.6228,0.7387,0.0,0.606,12.0801,0.0,0.0,19.328,5.357,B2,word_pos,ancien,N,ancien,NOM
renier,VERB,B2,beacco,0.0,0.737,0.0,0.0,0.1812,0.0,4.8126,0.0,0.737,0.0,0.0,0.185,0.0,3.4423,0.0,0.6891,B2,word_pos,renier,V,renier,VER
défaillance,NOUN,B2,beacco,0.0,0.7359,0.0,0.0,0.0,0.0,20.5337,0.0,0.7359,0.0,0.0,0.0,0.0,20.6179,0.0,0.7913,B2,word_pos,défaillance,N,défaillance,NOM
passager,ADJ,B2,beacco,0.0,0.7359,0.0,0.0,0.0,0.0,20.5337,0.0,0.7359,0.0,0.0,0.438,0.0,31.3781,0.0,2.2273,B2,word_pos,passager,A,passager,ADJ
pomper,VERB,B2,beacco,0.0,0.7359,0.0,0.0,0.0,0.0,20.5337,0.0,0.7359,0.0,0.0,0.0,0.0,31.3781,0.0,1.2133,B2,word_pos,pomper,V,pomper,VER
référencer,VERB,B2,beacco,0.0,0.7359,0.0,0.0,0.0,0.0,20.5337,0.0,0.7359,0.0,0.0,0.0,0.0,20.6179,0.0,0.7913,B2,word_pos,référencer,V,référencer,VER
validation,NOUN,B2,beacco,0.0,0.7359,0.0,0.0,0.0,0.0,20.5337,0.0,0.7359,0.0,0.0,0.0,0.0,20.6179,0.0,0.7913,B2,word_pos,validation,N,validation,NOM
épidémiologique,ADJ,B2,beacco,0.0,0.7359,0.0,0.0,0.0,0.0,20.5337,0.0,0.7359,0.0,0.0,0.0,0.0,27.9938,0.0,1.035,B2,word_pos,épidémiologique,A,épidémiologique,ADJ
moutarde,NOUN,B2,beacco,0.0,0.7357,0.0,1.6911,0.6802,0.0,0.0,0.0,0.7357,0.0,1.8025,0.5857,0.0,0.0,0.0,1.0856,B2,word_pos,moutarde,N,moutarde,NOM
calorie,NOUN,B2,beacco,0.0,0.7352,0.0,0.0,0.3401,0.0,1.6042,6.4938,0.7352,0.0,0.0,0.5857,0.0,3.4423,12.833,1.5672,B2,word_pos,calorie,N,calorie,NOM
canicule,NOUN,B2,beacco,0.0,0.7346,0.0,0.4879,0.0,0.0,2.0505,2.0587,0.7346,0.0,0.4664,0.0,0.0,4.139,4.0185,1.4645,B2,word_pos,canicule,N,canicule,NOM
bit,NOUN,B2,beacco,0.0,0.7326,0.0,0.0,0.2916,0.0,6.4168,0.0,0.7326,0.0,0.0,0.5531,0.0,3.4423,0.0,0.6976,B2,word_pos,bit,N,bit,NOM
fluide,ADJ,B2,beacco,0.0,0.7317,0.0,0.0,0.0,0.0,6.2023,28.8683,0.7317,0.0,0.0,0.0,0.0,6.0005,57.984,0.5724,B2,word_pos,fluide,A,fluide,ADJ
relativité,NOUN,B2,beacco,0.0,0.7311,0.0,0.0,0.4732,0.0,6.2023,0.0,0.7311,0.0,0.0,0.8759,0.0,6.0005,0.0,0.8708,B2,word_pos,relativité,N,relativité,NOM
retenue,NOUN,B2,beacco,0.0,0.7311,0.0,0.0,0.4732,0.0,6.2023,0.0,0.7311,0.0,0.0,0.438,0.0,20.6179,12.833,2.081,B2,word_pos,retenue,N,retenue,NOM
caste,NOUN,B2,beacco,0.0,0.7305,0.0,0.0,0.3401,0.0,8.2019,0.0,0.7305,0.0,0.0,0.5857,0.0,4.139,0.0,0.6985,B2,word_pos,caste,N,caste,NOM
chimiste,NOUN,B2,beacco,0.0,0.7305,0.0,0.0,0.0,0.0,20.7298,0.0,0.7305,0.0,0.0,0.0,0.0,20.024,0.0,0.7219,B2,word_pos,chimiste,N,chimiste,NOM
enchaîné,ADJ,B2,beacco,0.0,0.7305,0.0,0.0,0.0,0.0,9.3035,2.0587,0.7305,0.0,0.0,0.0,0.0,6.0005,4.0185,0.7219,B2,word_pos,enchaîné,A,enchaîné,ADJ
faucher,VERB,B2,beacco,0.0,0.7305,0.0,0.0,0.3401,0.0,8.2019,0.0,0.7305,0.0,0.0,0.5857,0.0,4.139,0.0,0.6985,B2,word_pos,faucher,V,faucher,VER
surcoût,NOUN,B2,beacco,0.0,0.7305,0.0,0.0,0.0,0.0,20.7298,0.0,0.7305,0.0,0.0,0.0,0.0,41.1274,0.0,1.6026,B2,word_pos,surcoût,N,surcoût,NOM
électron,NOUN,B2,beacco,0.0,0.7305,0.0,0.0,0.0,0.0,9.3035,2.0587,0.7305,0.0,0.0,0.0,0.0,18.0014,4.0185,1.6026,B2,word_pos,électron,N,électron,NOM
curseur,NOUN,B2,beacco,0.0,0.7304,0.0,0.0,0.3618,0.0,9.3035,0.0,0.7304,0.0,0.0,0.6378,0.0,6.0005,0.0,0.7013,B2,word_pos,curseur,N,curseur,NOM
tangible,ADJ,B2,beacco,0.0,0.7303,0.0,0.0,0.0,0.0,9.8067,6.4938,0.7303,0.0,0.0,0.0,0.0,19.861,12.833,1.1126,B2,word_pos,tangible,A,tangible,ADJ
lentille,NOUN,B2,beacco,0.0,0.7285,0.0,5.2404,0.0,0.0,0.0,0.0,0.7285,0.0,3.7973,0.2504,0.0,0.0,0.0,1.4777,B2,word_pos,lentille,N,lentille,NOM
fidèlement,ADV,B2,beacco,0.0,0.7277,0.0,0.3469,0.0,0.0,9.8488,0.0,0.7277,0.0,0.7079,0.0,0.0,20.024,0.0,1.5523,B2,word_pos,fidèlement,ADV,fidèlement,ADV
cavalerie,NOUN,B2,beacco,0.0,0.7275,0.0,0.3469,1.6366,0.0,0.0,0.0,0.7275,0.0,0.7079,3.196,0.0,0.0,0.0,1.0221,B2,word_pos,cavalerie,N,cavalerie,NOM
arthurien,ADJ,B2,beacco,0.0,0.7274,1.195,0.4071,0.0,0.0,0.0,0.0,0.7274,0.8346,1.1553,0.0,0.0,0.0,0.0,1.1119,B2,word_pos,arthurien,A,arthurien,ADJ
athlétisme,NOUN,B2,beacco,0.0,0.7271,0.5693,2.2283,0.0,0.0,0.0,0.0,0.7271,1.1764,1.2017,0.0,0.0,0.0,0.0,1.0036,B2,word_pos,athlétisme,N,athlétisme,NOM
fur,NOUN,B2,beacco,0.0,0.7262,,,,,,,,0.0,0.0,0.0,0.0,19.861,0.0,0.7262,B2,beacco_only,,,fur,NOM
ôter,VERB,B2,beacco,0.0,0.7259,0.0,2.0673,0.2041,0.0,0.0,0.0,0.7259,0.0,1.0679,0.4317,0.0,0.0,0.0,0.6763,B2,word_pos,ôter,V,ôter,VER
anglo-saxon,NOUN,B2,beacco,0.0,0.725,,,,,,,,0.0,0.0,0.438,0.0,4.139,0.0,0.725,B2,beacco_only,,,anglo-saxon,NOM
informé,ADJ,B2,beacco,0.0,0.725,,,,,,,,0.0,0.0,0.438,0.0,4.139,0.0,0.725,B2,beacco_only,,,informé,ADJ
floral,ADJ,B2,beacco,0.0,0.7238,0.0,0.0,0.0,0.0,6.2023,4.1173,0.7238,0.0,0.0,0.0,0.0,12.0009,4.0185,1.2004,B2,word_pos,floral,A,floral,ADJ
fève,NOUN,B2,beacco,0.0,0.7238,0.0,0.0,0.0,0.0,6.2023,4.1173,0.7238,0.0,0.0,0.0,0.0,12.0009,4.0185,1.2004,B2,word_pos,fève,N,fève,NOM
tonka,NOUN,B2,beacco,0.0,0.7238,0.0,0.0,0.0,0.0,6.2023,4.1173,0.7238,0.0,0.0,0.0,0.0,12.0009,4.0185,1.2004,B2,word_pos,tonka,N,tonka,NOM
vertigineux,ADJ,B2,beacco,0.0,0.7238,0.0,0.0,0.0,0.0,19.6975,0.0,0.7238,0.0,0.0,0.0,0.0,20.024,0.0,0.7219,B2,word_pos,vertigineux,A,vertigineux,ADJ
approuver,VERB,B2,beacco,0.0,0.7237,0.0,0.0,1.7206,0.0,2.0505,0.0,0.7237,0.0,0.0,0.3906,0.0,4.139,0.0,0.6261,B2,word_pos,approuver,V,approuver,VER
fascine,NOUN,B2,beacco,0.0,0.7237,1.2043,0.0,0.231,0.0,0.0,0.0,0.7237,0.7319,0.0,0.2331,0.0,0.0,0.0,0.4919,B2,word_pos,fascine,N,fascine,NOM
chaotique,ADJ,B2,beacco,0.0,0.7231,0.0,0.0,0.0,0.0,20.4505,0.0,0.7231,0.0,0.0,0.0,0.0,31.3781,0.0,1.2133,B2,word_pos,chaotique,A,chaotique,ADJ
ylang-ylang,NOUN,B2,beacco,0.0,0.7219,,,,,,,,0.0,0.0,0.0,0.0,6.0005,4.0185,0.7219,B2,beacco_only,,,ylang-ylang,NOM
écrivant,NOUN,B2,beacco,0.0,0.7219,,,,,,,,0.0,0.0,0.0,0.0,20.024,0.0,0.7219,B2,beacco_only,,,écrivant,NOM
courtois,ADJ,B2,beacco,0.0,0.7216,1.195,0.0,1.8184,0.0,0.0,0.0,0.7216,1.6691,0.0,3.5636,0.0,0.0,0.0,1.3972,B2,word_pos,courtois,A,courtois,ADJ
cyclisme,NOUN,B2,beacco,0.0,0.7216,1.9983,0.0,0.4152,0.0,0.0,0.0,0.7216,1.8928,0.0,0.3906,0.0,0.0,0.0,0.8522,B2,word_pos,cyclisme,N,cyclisme,NOM
conditionné,ADJ,B2,beacco,0.0,0.7209,0.4421,2.2316,0.0,0.0,0.0,0.0,0.7209,0.9121,4.7285,0.0,0.0,0.0,0.0,1.3586,B2,word_pos,conditionné,A,conditionné,ADJ
demi-frère,NOUN,B2,beacco,0.0,0.7202,,,,,,,,0.0,0.0,0.438,0.0,0.0,19.328,0.7202,B2,beacco_only,,,demi-frère,NOM
diagonale,NOUN,B2,beacco,0.0,0.7191,0.0,0.2117,0.0,0.0,9.3035,0.0,0.7191,0.0,0.4157,0.0,0.0,6.0005,0.0,0.4743,B2,word_pos,diagonale,N,diagonale,NOM
pianoter,VERB,B2,beacco,0.0,0.7191,0.0,0.2117,0.0,0.0,9.3035,0.0,0.7191,0.0,0.4157,0.0,0.0,6.0005,0.0,0.4743,B2,word_pos,pianoter,V,pianoter,VER
rigoler,VERB,B2,beacco,0.0,0.7187,0.2738,0.1897,0.2916,0.0,0.0,0.0,0.7187,0.5987,0.2065,0.5531,0.0,0.0,0.0,1.2854,B2,word_pos,rigoler,V,rigoler,VER
fustiger,VERB,B2,beacco,0.0,0.7185,0.0,0.0,0.0,0.0,21.8856,0.0,0.7185,0.0,0.0,0.0,0.0,19.861,0.0,0.7262,B2,word_pos,fustiger,V,fustiger,VER
métissage,NOUN,B2,beacco,0.0,0.7181,0.0,0.0,0.3618,0.0,8.2019,0.0,0.7181,0.0,0.0,0.6378,0.0,4.139,0.0,0.7115,B2,word_pos,métissage,N,métissage,NOM
préoccupant,ADJ,B2,beacco,0.0,0.7181,0.0,0.0,0.3618,0.0,8.2019,0.0,0.7181,0.0,0.0,0.6378,0.0,4.139,0.0,0.7115,B2,word_pos,préoccupant,A,préoccupant,ADJ
remariage,NOUN,B2,beacco,0.0,0.717,0.4996,0.0,0.0,0.0,0.0,25.9752,0.717,0.9464,0.0,0.0,0.0,0.0,25.6659,1.0462,B2,word_pos,remariage,N,remariage,NOM
imposable,ADJ,B2,beacco,0.0,0.7169,0.0,0.0,0.0,0.0,19.6134,0.0,0.7169,0.0,0.0,0.0,0.0,19.861,0.0,0.7262,B2,word_pos,imposable,A,imposable,ADJ
restriction,NOUN,B2,beacco,0.0,0.7169,0.0,0.0,0.0,0.0,19.6134,0.0,0.7169,0.0,0.0,0.0,0.0,27.403,0.0,0.9385,B2,word_pos,restriction,N,restriction,NOM
samba,NOUN,B2,beacco,0.0,0.7161,1.4987,0.1235,0.0,0.0,0.0,0.0,0.7161,0.9464,0.1276,0.0,0.0,0.0,0.0,0.4455,B2,word_pos,samba,N,samba,NOM
vestiaire,NOUN,B2,beacco,0.0,0.7157,0.0,0.0,0.7214,0.0,6.2023,0.0,0.7157,0.0,0.0,0.4665,0.0,6.0005,0.0,0.636,B2,word_pos,vestiaire,N,vestiaire,NOM
valentin,NOUN,B2,beacco,0.0,0.7155,,,,,,,,0.0,0.0,0.0,0.0,30.0023,0.0,0.7155,B2,beacco_only,,,valentin,NOM
académicien,NOUN,B2,beacco,0.0,0.7154,,,,,,,,0.0,0.0,0.438,0.0,3.4423,0.0,0.7154,B2,beacco_only,,,académicien,NOM
cardio-vasculaire,ADJ,B2,beacco,0.0,0.7154,,,,,,,,0.0,0.0,0.438,0.0,3.4423,0.0,0.7154,B2,beacco_only,,,cardio-vasculaire,ADJ
gelé,ADJ,B2,beacco,0.0,0.7154,,,,,,,,0.0,0.0,0.438,0.0,3.4423,0.0,0.7154,B2,beacco_only,,,gelé,ADJ
polluant,NOUN,B2,beacco,0.0,0.7146,0.0,0.0618,0.0,0.0,3.1012,12.9876,0.7146,0.0,0.1276,0.0,0.0,6.0005,25.6659,1.1696,B2,word_pos,polluant,N,polluant,NOM
dentifrice,NOUN,B2,beacco,0.0,0.7144,0.0,5.2942,0.0,0.0,0.0,0.0,0.7144,0.0,4.6393,0.0,0.0,0.0,0.0,0.6293,B2,word_pos,dentifrice,N,dentifrice,NOM
divertissant,ADJ,B2,beacco,0.0,0.7144,0.0,0.0,0.6802,0.0,6.2023,0.0,0.7144,0.0,0.0,0.5857,0.0,12.0009,0.0,1.1807,B2,word_pos,divertissant,A,divertissant,ADJ
éleveur,NOUN,B2,beacco,0.0,0.7144,0.0,0.0,0.6802,0.0,6.2023,0.0,0.7144,0.0,0.0,0.5857,0.0,6.0005,0.0,0.684,B2,word_pos,éleveur,N,éleveur,NOM
judicieux,ADJ,B2,beacco,0.0,0.713,0.0,0.0,0.7236,0.0,3.2084,0.0,0.713,0.0,0.0,0.6378,0.0,3.4423,0.0,0.7094,B2,word_pos,judicieux,A,judicieux,ADJ
lifting,NOUN,B2,beacco,0.0,0.7123,0.0,0.0,0.0,0.0,9.8488,6.4938,0.7123,0.0,0.0,0.0,0.0,20.024,12.833,1.6052,B2,word_pos,lifting,N,lifting,NOM
us,NOUN,B2,beacco,0.0,0.7123,0.0,0.0,0.6802,0.0,4.101,0.0,0.7123,0.0,1.0679,0.0,0.0,4.139,0.0,0.6897,B2,word_pos,us,N,us,NOM
favorablement,ADV,B2,beacco,0.0,0.7116,0.0,0.0,0.9618,0.0,0.0,6.4938,0.7116,0.0,0.0,0.4665,0.0,0.0,12.833,0.6597,B2,word_pos,favorablement,ADV,favorablement,ADV
ci-dessus,ADV,B2,beacco,0.0,0.7115,,,,,,,,0.0,0.0,0.6378,0.0,0.0,12.833,0.7115,B2,beacco_only,,,ci-dessus,ADV
mal-être,NOUN,B2,beacco,0.0,0.7115,,,,,,,,0.0,0.0,0.6378,0.0,4.139,0.0,0.7115,B2,beacco_only,,,mal-être,NOM
sacoche,NOUN,B2,beacco,0.0,0.7112,0.0,0.0,3.7572,0.0,0.0,0.0,0.7112,0.0,0.0,3.5822,0.0,0.0,0.0,0.7026,B2,word_pos,sacoche,N,sacoche,NOM
assavoir,VERB,B2,beacco,0.0,0.7094,,,,,,,,0.0,0.0,0.6378,0.0,3.4423,0.0,0.7094,B2,beacco_only,,,assavoir,VER
cuisse,NOUN,B2,beacco,0.0,0.7093,0.0,0.0,0.6802,0.0,3.2084,0.0,0.7093,0.0,0.0,0.5857,0.0,3.4423,0.0,0.7027,B2,word_pos,cuisse,N,cuisse,NOM
planning,NOUN,B2,beacco,0.0,0.7093,0.0,0.0,0.6802,0.0,3.2084,0.0,0.7093,0.0,0.0,0.5857,0.0,6.8846,0.0,1.0255,B2,word_pos,planning,N,planning,NOM
laïque,ADJ,B2,beacco,0.0,0.7091,,,,,,,,0.0,0.0,3.5957,0.0,0.0,0.0,0.7091,B2,beacco_only,,,laïque,ADJ
écuyer,NOUN,B2,beacco,0.0,0.7081,0.7967,0.3228,0.0,0.0,0.0,0.0,0.7081,0.8346,0.5581,0.0,0.0,0.0,0.0,0.8173,B2,word_pos,écuyer,N,écuyer,NOM
atterrir,VERB,B2,beacco,0.0,0.7077,0.0,0.0,4.0924,0.0,0.0,0.0,0.7077,0.0,0.0,2.6301,0.0,0.0,0.0,0.6721,B2,word_pos,atterrir,V,atterrir,VER
déjection,NOUN,B2,beacco,0.0,0.7075,0.0,1.4809,0.0,0.0,6.2023,0.0,0.7075,0.0,0.606,0.0,0.0,12.0009,0.0,1.134,B2,word_pos,déjection,N,déjection,NOM
chérer,VERB,B2,beacco,0.0,0.7027,,,,,,,,0.0,0.0,0.5857,0.0,3.4423,0.0,0.7027,B2,beacco_only,,,chérer,VER
explicitement,ADV,B2,beacco,0.0,0.7027,0.0,0.0,0.0,0.0,12.7628,8.2347,0.7027,0.0,0.0,0.0,0.0,20.024,8.037,0.9932,B2,word_pos,explicitement,ADV,explicitement,ADV
hardi,ADJ,B2,beacco,0.0,0.7027,,,,,,,,0.0,0.0,0.5857,0.0,3.4423,0.0,0.7027,B2,beacco_only,,,hardi,ADJ
indiqué,ADJ,B2,beacco,0.0,0.7027,,,,,,,,0.0,0.0,0.5857,0.0,3.4423,0.0,0.7027,B2,beacco_only,,,indiqué,ADJ
jeun,ADV,B2,beacco,0.0,0.7027,,,,,,,,0.0,0.0,0.5857,0.0,3.4423,0.0,0.7027,B2,beacco_only,,,jeun,ADV
labo,NOUN,B2,beacco,0.0,0.7026,0.6621,0.0,0.0,0.0,6.1515,0.0,0.7026,1.2635,0.0,0.0,0.0,4.139,0.0,0.5346,B2,word_pos,labo,N,labo,NOM
réadaptation,NOUN,B2,beacco,0.0,0.7025,0.0,0.2439,0.0,0.0,6.1515,0.0,0.7025,0.0,0.4664,0.0,0.0,4.139,0.0,0.6122,B2,word_pos,réadaptation,N,réadaptation,NOM
huitaine,NOUN,B2,beacco,0.0,0.7018,0.0,0.0,0.3401,0.0,6.4168,0.0,0.7018,0.0,0.0,0.5857,0.0,3.4423,0.0,0.7027,B2,word_pos,huitaine,N,huitaine,NOM
heureux,NOUN,B2,beacco,0.0,0.7015,1.5075,0.6418,0.0,0.0,0.0,0.0,0.7015,0.9051,0.6228,0.0,0.0,0.0,0.0,0.6838,B2,word_pos,heureux,N,heureux,NOM
avant-bras,NOUN,B2,beacco,0.0,0.7013,,,,,,,,0.0,0.0,0.6378,0.0,0.0,19.328,0.7013,B2,beacco_only,,,avant-bras,NOM
exceptionnellement,ADV,B2,beacco,0.0,0.7012,0.0,2.2322,0.0,0.0,1.6042,0.0,0.7012,0.0,4.486,0.0,0.0,3.4423,0.0,1.3722,B2,word_pos,exceptionnellement,ADV,exceptionnellement,ADV
turque,ADJ,B2,beacco,0.0,0.7012,,,,,,,,0.0,0.2552,1.1062,0.0,0.0,0.0,0.7012,B2,beacco_only,,,turque,ADJ
prime,ADJ,B2,beacco,0.0,0.7004,,,,,,,,0.0,0.0,3.7679,0.0,0.0,0.0,0.7004,B2,beacco_only,,,prime,ADJ
outrer,VERB,B2,beacco,0.0,0.6985,,,,,,,,0.0,0.0,0.5857,0.0,4.139,0.0,0.6985,B2,beacco_only,,,outrer,VER
piano,ADV,B2,beacco,0.0,0.6982,,,,,,,,0.0,0.0,3.1016,0.0,0.0,0.0,0.6982,B2,beacco_only,,,piano,ADV
dix,NOUN,B2,beacco,0.0,0.6978,,,,,,,,0.0,1.0679,0.0,0.0,3.4423,0.0,0.6978,B2,beacco_only,,,dix,NOM
matinal,ADJ,B2,beacco,0.0,0.6978,0.0,0.0,3.7257,0.0,0.0,0.0,0.6978,0.0,0.0,5.294,0.0,0.0,0.0,0.9254,B2,word_pos,matinal,A,matinal,ADJ
millésime,NOUN,B2,beacco,0.0,0.6978,0.0,0.0,0.0,0.0,3.2084,19.4814,0.6978,0.0,0.0,0.0,0.0,3.4423,12.833,0.7262,B2,word_pos,millésime,N,millésime,NOM
dénicher,VERB,B2,beacco,0.0,0.6975,0.0,0.0,3.9128,0.0,0.0,0.0,0.6975,0.0,0.0,3.7375,0.0,0.0,0.0,0.6965,B2,word_pos,dénicher,V,dénicher,VER
exténuer,VERB,B2,beacco,0.0,0.6974,0.0,0.0,3.5025,0.0,0.0,0.0,0.6974,0.0,0.0,3.1735,0.0,0.0,0.0,0.7046,B2,word_pos,exténuer,V,exténuer,VER
géographiquement,ADV,B2,beacco,0.0,0.6974,0.0,0.0,0.5833,0.0,3.2084,0.0,0.6974,0.0,0.0,0.5531,0.0,3.4423,0.0,0.6976,B2,word_pos,géographiquement,ADV,géographiquement,ADV
rabais,NOUN,B2,beacco,0.0,0.6974,0.0,1.2702,0.0,0.0,10.2669,0.0,0.6974,0.0,0.4157,0.0,0.0,20.6179,0.0,1.1885,B2,word_pos,rabais,N,rabais,NOM
ambulance,NOUN,B2,beacco,0.0,0.6972,0.0,4.5593,0.0,0.0,0.0,0.0,0.6972,0.0,4.1986,0.0,0.0,0.0,0.0,0.6035,B2,word_pos,ambulance,N,ambulance,NOM
moderne,NOUN,B2,beacco,0.0,0.6965,,,,,,,,0.0,0.0,3.7375,0.0,0.0,0.0,0.6965,B2,beacco_only,,,moderne,NOM
prospection,NOUN,B2,beacco,0.0,0.6959,0.0,2.2283,0.2366,0.0,0.0,0.0,0.6959,0.0,1.2017,0.438,0.0,0.0,0.0,0.8858,B2,word_pos,prospection,N,prospection,NOM
abaisser,VERB,B2,beacco,0.0,0.6946,0.3983,0.0,0.2041,0.0,0.0,6.4938,0.6946,0.8346,0.0,0.4317,0.0,0.0,12.833,1.249,B2,word_pos,abaisser,V,abaisser,VER
honorable,ADJ,B2,beacco,0.0,0.6939,0.0,0.0,0.1155,0.0,0.0,6.176,0.6939,0.0,0.0,0.2331,0.0,0.0,4.0185,0.7048,B2,word_pos,honorable,A,honorable,ADJ
soumission,NOUN,B2,beacco,0.0,0.6939,0.0,0.0,3.9438,0.0,0.0,0.0,0.6939,0.0,0.0,3.4656,0.0,0.0,0.0,0.6693,B2,word_pos,soumission,N,soumission,NOM
oïl,NOUN,B2,beacco,0.0,0.6897,0.0,0.0,0.4732,0.0,0.0,19.4814,0.6897,0.0,0.0,0.8759,0.0,0.0,12.833,0.9353,B2,unique_word,oïl,N,oïl,ADV
domino,NOUN,B2,beacco,0.0,0.6895,0.0,0.0,0.6028,0.0,4.101,0.0,0.6895,0.0,0.0,0.6118,0.0,4.139,0.0,0.6402,B2,word_pos,domino,N,domino,NOM
impossibilité,NOUN,B2,beacco,0.0,0.6895,0.0,2.2127,0.3401,0.0,0.0,0.0,0.6895,0.0,4.43,0.5857,0.0,0.0,0.0,1.3858,B2,word_pos,impossibilité,N,impossibilité,NOM
calcaire,ADJ,B2,beacco,0.0,0.6894,0.7622,0.0,1.5151,0.0,0.0,0.0,0.6894,0.5504,0.0,2.9905,0.0,0.0,0.0,1.1061,B2,word_pos,calcaire,A,calcaire,ADJ
constructeur,ADJ,B2,beacco,0.0,0.6893,,,,,,,,0.0,0.0,0.5531,0.0,4.139,0.0,0.6893,B2,beacco_only,,,constructeur,ADJ
trois-quarts,NOUN,B2,beacco,0.0,0.6893,,,,,,,,0.0,0.0,0.5531,0.0,4.139,0.0,0.6893,B2,beacco_only,,,trois-quarts,NOM
café-théâtre,NOUN,B2,beacco,0.0,0.6892,,,,,,,,0.0,0.6228,0.438,0.0,0.0,0.0,0.6892,B2,beacco_only,,,café-théâtre,NOM
ci-joint,ADV,B2,beacco,0.0,0.6892,,,,,,,,0.0,0.6228,0.438,0.0,0.0,0.0,0.6892,B2,beacco_only,,,ci-joint,ADV
alphabétisation,NOUN,B2,beacco,0.0,0.6886,0.0,0.0,0.5833,0.0,6.2023,0.0,0.6886,0.0,0.0,0.5531,0.0,6.0005,0.0,0.6721,B2,word_pos,alphabétisation,N,alphabétisation,NOM
caoutchouc,NOUN,B2,beacco,0.0,0.6886,0.0,0.0,0.5833,0.0,6.2023,0.0,0.6886,0.0,0.0,1.1062,0.0,12.0009,0.0,1.3442,B2,word_pos,caoutchouc,N,caoutchouc,NOM
combustible,NOUN,B2,beacco,0.0,0.6886,0.0,0.0,0.5833,0.0,6.2023,0.0,0.6886,0.0,0.0,3.7062,0.0,12.0009,0.0,2.1926,B2,word_pos,combustible,N,combustible,NOM
opposant,NOUN,B2,beacco,0.0,0.6883,0.0,0.0,1.8258,0.0,2.0505,0.0,0.6883,0.0,0.0,3.0304,0.0,4.139,0.0,1.4845,B2,word_pos,opposant,N,opposant,NOM
nébuleuse,NOUN,B2,beacco,0.0,0.688,,,,,,,,0.0,0.0,2.9063,0.0,0.0,0.0,0.688,B2,beacco_only,,,nébuleuse,NOM
frêle,ADJ,B2,beacco,0.0,0.6879,0.3158,0.0,0.4092,0.0,0.0,0.0,0.6879,0.6291,0.0,0.1243,0.0,0.0,0.0,0.508,B2,word_pos,frêle,A,frêle,ADJ
pareil,ADV,B2,beacco,0.0,0.6866,,,,,,,,0.0,0.6008,0.5857,0.0,0.0,0.0,0.6866,B2,beacco_only,,,pareil,ADV
inadmissible,ADJ,B2,beacco,0.0,0.6864,0.0,0.0,0.2076,0.0,6.1515,0.0,0.6864,0.0,0.0,0.3906,0.0,4.139,0.0,0.6261,B2,word_pos,inadmissible,A,inadmissible,ADJ
au-dedans,ADV,B2,beacco,0.0,0.6859,,,,,,,,0.0,0.0,3.6638,0.0,0.0,0.0,0.6859,B2,beacco_only,,,au-dedans,ADV
béquille,NOUN,B2,beacco,0.0,0.6857,4.0086,0.0,0.0,0.0,4.101,0.0,0.6857,3.4669,0.0,0.0,0.0,4.139,0.0,0.5848,B2,word_pos,béquille,N,béquille,NOM
enneiger,VERB,B2,beacco,0.0,0.6854,0.0,0.0,0.0906,0.0,6.1515,0.0,0.6854,0.0,0.0,0.185,0.0,4.139,0.0,0.675,B2,word_pos,enneiger,V,enneiger,VER
linguistique,NOUN,B2,beacco,0.0,0.6854,0.0,0.0,0.0,0.0,0.0,29.8958,0.6854,0.0,0.0,0.0,0.0,0.0,44.6051,0.7262,B2,word_pos,linguistique,N,linguistique,NOM
emprunt,NOUN,B2,beacco,0.0,0.6842,0.0,0.0,1.541,0.0,0.0,9.6228,0.6842,0.0,0.0,3.0304,0.0,0.0,19.328,1.454,B2,word_pos,emprunt,N,emprunt,NOM
récupération,NOUN,B2,beacco,0.0,0.6839,0.0,0.0,0.5833,0.0,0.0,19.2455,0.6839,0.0,0.0,0.5531,0.0,0.0,38.656,1.173,B2,word_pos,récupération,N,récupération,NOM
interne,ADJ,B2,beacco,0.0,0.6838,0.0,0.0,3.7977,0.0,0.0,0.0,0.6838,0.0,0.0,2.8589,0.0,0.0,0.0,0.6898,B2,word_pos,interne,A,interne,ADJ
ping-pong,NOUN,B2,beacco,0.0,0.6838,,,,,,,,0.9051,0.6228,0.0,0.0,0.0,0.0,0.6838,B2,beacco_only,,,ping-pong,NOM
marginal,ADJ,B2,beacco,0.0,0.6837,0.0,0.0,0.7236,0.0,0.0,19.2455,0.6837,0.0,0.0,0.6378,0.0,0.0,19.328,0.7013,B2,word_pos,marginal,A,marginal,ADJ
contre-indication,NOUN,B2,beacco,0.0,0.6828,,,,,,,,0.0,0.0,0.0,0.0,0.0,89.8308,0.6828,B2,beacco_only,,,contre-indication,NOM
éduquer,VERB,B2,beacco,0.0,0.6822,0.0,0.2439,1.3993,0.0,0.0,0.0,0.6822,0.0,0.4664,2.4519,0.0,0.0,0.0,0.8058,B2,word_pos,éduquer,V,éduquer,VER
cathodique,ADJ,B2,beacco,0.0,0.682,0.0,0.0,0.0,0.0,4.101,19.2455,0.682,0.0,0.0,0.0,0.0,8.2781,19.328,1.035,B2,word_pos,cathodique,A,cathodique,ADJ
imputer,VERB,B2,beacco,0.0,0.682,0.0,0.0,0.0,0.0,4.101,19.2455,0.682,0.0,0.0,0.0,0.0,4.139,19.328,0.7913,B2,word_pos,imputer,V,imputer,VER
stigmatisation,NOUN,B2,beacco,0.0,0.682,0.0,0.0,0.0,0.0,4.101,19.2455,0.682,0.0,0.0,0.0,0.0,4.139,19.328,0.7913,B2,word_pos,stigmatisation,N,stigmatisation,NOM
sulfate,NOUN,B2,beacco,0.0,0.682,0.0,0.0,0.0,0.0,4.101,19.2455,0.682,0.0,0.0,0.0,0.0,4.139,19.328,0.7913,B2,word_pos,sulfate,N,sulfate,NOM
boiser,VERB,B2,beacco,0.0,0.6818,0.0,0.0,0.753,0.0,6.2023,0.0,0.6818,0.0,0.0,6.5689,0.0,12.0009,0.0,2.4439,B2,word_pos,boiser,V,boiser,VER
suave,ADJ,B2,beacco,0.0,0.6817,0.0,0.0,3.2411,0.0,0.0,0.0,0.6817,0.0,0.0,3.5058,0.0,0.0,0.0,0.6699,B2,word_pos,suave,A,suave,ADJ
pare-brise,NOUN,B2,beacco,0.0,0.6805,,,,,,,,0.0,0.6008,0.4665,0.0,0.0,0.0,0.6805,B2,beacco_only,,,pare-brise,NOM
professionnaliser,VERB,B2,beacco,0.0,0.6793,,,,,,,,0.0,0.0,0.4665,0.0,0.0,4.0185,0.6793,B2,beacco_only,,,professionnaliser,VER
sérier,VERB,B2,beacco,0.0,0.6793,,,,,,,,0.0,0.0,0.4665,0.0,0.0,4.0185,0.6793,B2,beacco_only,,,sérier,VER
délégation,NOUN,B2,beacco,0.0,0.6777,0.0,0.0,0.4809,0.0,0.0,19.2455,0.6777,0.0,0.0,0.4665,0.0,0.0,19.328,0.636,B2,word_pos,délégation,N,délégation,NOM
lave-linge,NOUN,B2,beacco,0.0,0.6773,,,,,,,,0.9051,0.606,0.0,0.0,0.0,0.0,0.6773,B2,beacco_only,,,lave-linge,NOM
tracé,NOUN,B2,beacco,0.0,0.6773,0.0,0.0,3.7797,0.0,0.0,0.0,0.6773,0.0,0.0,4.8297,0.0,0.0,0.0,0.8882,B2,word_pos,tracé,N,tracé,NOM
dérobée,ADV,B2,beacco,0.0,0.6764,,,,,,,,0.0,0.606,0.4665,0.0,0.0,0.0,0.6764,B2,beacco_only,,,dérobée,ADV
immortalité,NOUN,B2,beacco,0.0,0.6762,0.0,0.1076,0.1155,0.0,0.0,6.4938,0.6762,0.0,0.186,0.2331,0.0,0.0,12.833,0.9711,B2,word_pos,immortalité,N,immortalité,NOM
contre-courant,NOUN,B2,beacco,0.0,0.675,,,,,,,,0.0,0.6228,0.0,0.0,4.139,0.0,0.675,B2,beacco_only,,,contre-courant,NOM
expérimenté,ADJ,B2,beacco,0.0,0.675,,,,,,,,0.0,0.0,0.185,0.0,4.139,0.0,0.675,B2,beacco_only,,,expérimenté,ADJ
commandement,NOUN,B2,beacco,0.0,0.6747,1.5934,0.0,0.3765,0.0,0.0,0.0,0.6747,1.6691,0.0,0.3933,0.0,0.0,0.0,0.6656,B2,word_pos,commandement,N,commandement,NOM
tortueux,ADJ,B2,beacco,0.0,0.6737,0.0,0.0,0.6228,0.0,6.2023,0.0,0.6737,0.0,0.0,0.3906,0.0,6.0005,0.0,0.5978,B2,word_pos,tortueux,A,tortueux,ADJ
décrier,VERB,B2,beacco,0.0,0.6729,0.0,0.0,0.0,0.0,18.7334,0.0,0.6729,0.0,0.0,0.0,0.0,19.861,0.0,0.7262,B2,word_pos,décrier,V,décrier,VER
replanter,VERB,B2,beacco,0.0,0.6722,0.0,0.0,3.7826,0.0,0.0,0.0,0.6722,0.0,0.0,3.4815,0.0,0.0,0.0,0.6697,B2,word_pos,replanter,V,replanter,VER
déboire,NOUN,B2,beacco,0.0,0.6721,,,,,,,,0.0,0.0,0.5531,0.0,6.0005,0.0,0.6721,B2,beacco_only,,,déboire,NOM
clip,NOUN,B2,beacco,0.0,0.6715,3.9966,0.0,0.0,0.0,3.2084,0.0,0.6715,0.9464,0.0,0.0,0.0,6.8846,0.0,1.0376,B2,word_pos,clip,N,clip,NOM
collant,ADJ,B2,beacco,0.0,0.6715,0.0,2.2283,0.0,0.0,3.1012,0.0,0.6715,0.0,1.2017,0.0,0.0,6.0005,0.0,0.7367,B2,word_pos,collant,A,collant,ADJ
socioculturel,ADJ,B2,beacco,0.0,0.6704,0.4996,0.0,1.9454,0.0,0.0,0.0,0.6704,0.9464,0.0,3.7062,0.0,0.0,0.0,1.4745,B2,word_pos,socioculturel,A,socioculturel,ADJ
maritime,ADJ,B2,beacco,0.0,0.6701,4.4205,0.0,0.6802,0.0,0.0,0.0,0.6701,2.7364,0.0,0.5857,0.0,0.0,0.0,0.6391,B2,word_pos,maritime,A,maritime,ADJ
mi-voix,ADV,B2,beacco,0.0,0.6699,,,,,,,,0.0,0.0,3.5058,0.0,0.0,0.0,0.6699,B2,beacco_only,,,mi-voix,ADV
maniérer,VERB,B2,beacco,0.0,0.6695,,,,,,,,0.0,0.0,0.4317,0.0,0.0,4.0185,0.6695,B2,beacco_only,,,maniérer,VER
antitabac,ADJ,B2,beacco,0.0,0.6687,0.0,0.0,1.3603,0.0,1.6042,0.0,0.6687,0.0,0.0,0.5857,0.0,3.4423,0.0,0.7027,B2,word_pos,antitabac,A,antitabac,ADJ
attirance,NOUN,B2,beacco,0.0,0.6679,0.0,0.0,0.0,0.0,6.1515,9.6228,0.6679,0.0,0.0,0.0,0.0,4.139,19.328,0.7913,B2,word_pos,attirance,N,attirance,NOM
irraisonné,ADJ,B2,beacco,0.0,0.6679,0.0,0.0,0.0,0.0,6.1515,9.6228,0.6679,0.0,0.0,0.0,0.0,4.139,19.328,0.7913,B2,word_pos,irraisonné,A,irraisonné,ADJ
soustraire,VERB,B2,beacco,0.0,0.6679,0.0,0.0,0.0,0.0,6.1515,9.6228,0.6679,0.0,0.0,0.0,0.0,4.139,19.328,0.7913,B2,word_pos,soustraire,V,soustraire,VER
vertueux,ADJ,B2,beacco,0.0,0.6679,0.0,0.0,0.0,0.0,6.1515,9.6228,0.6679,0.0,0.0,0.0,0.0,4.139,19.328,0.7913,B2,word_pos,vertueux,A,vertueux,ADJ
listing,NOUN,B2,beacco,0.0,0.6671,0.0,0.0,0.0906,0.0,0.0,28.8683,0.6671,0.0,0.0,0.185,0.0,0.0,19.328,0.6543,B2,word_pos,listing,N,listing,NOM
informatif,ADJ,B2,beacco,0.0,0.6668,0.0,0.0,0.0818,0.0,0.0,28.8683,0.6668,0.0,0.0,0.1243,0.0,0.0,19.328,0.623,B2,word_pos,informatif,A,informatif,ADJ
majestueux,ADJ,B2,beacco,0.0,0.666,1.7078,0.0,0.2366,0.0,3.1012,0.0,0.666,1.1764,0.0,3.2245,0.0,6.0005,0.0,2.2437,B2,word_pos,majestueux,A,majestueux,ADJ
organisateur,ADJ,B2,beacco,0.0,0.6652,,,,,,,,0.0,4.5709,0.0,0.0,0.0,0.0,0.6652,B2,beacco_only,,,organisateur,ADJ
tolérant,ADJ,B2,beacco,0.0,0.6651,0.0,5.0,0.0,0.0,0.0,0.0,0.6651,0.0,4.5382,0.0,0.0,0.0,0.0,0.6454,B2,word_pos,tolérant,A,tolérant,ADJ
attendant,NOUN,B2,beacco,0.0,0.6648,,,,,,,,0.0,0.4664,0.3933,0.0,0.0,0.0,0.6648,B2,beacco_only,,,attendant,NOM
impératrice,NOUN,B2,beacco,0.0,0.6648,,,,,,,,0.0,0.0,3.1948,0.0,0.0,0.0,0.6648,B2,beacco_only,,,impératrice,NOM
soviétique,ADJ,B2,beacco,0.0,0.6647,0.0,0.0,4.5704,0.0,0.0,0.0,0.6647,0.0,0.0,3.5715,0.0,0.0,12.833,1.558,B2,word_pos,soviétique,A,soviétique,ADJ
guêpe,NOUN,B2,beacco,0.0,0.6639,0.4068,0.0,0.0906,0.0,0.0,2.0587,0.6639,0.8075,0.0,0.185,0.0,0.0,4.0185,1.4286,B2,word_pos,guêpe,N,guêpe,NOM
poussin,NOUN,B2,beacco,0.0,0.6627,0.0,0.3702,0.9179,0.0,0.0,0.0,0.6627,0.0,0.606,1.9481,0.0,0.0,0.0,1.3387,B2,word_pos,poussin,N,poussin,NOM
contrepartie,NOUN,B2,beacco,0.0,0.6614,0.0,0.0,1.541,0.0,1.6042,0.0,0.6614,0.0,0.0,3.0304,0.0,3.4423,0.0,1.5157,B2,word_pos,contrepartie,N,contrepartie,NOM
craquant,ADJ,B2,beacco,0.0,0.6613,,,,,,,,0.0,0.0,3.5156,0.0,0.0,0.0,0.6613,B2,beacco_only,,,craquant,ADJ
endurer,VERB,B2,beacco,0.0,0.6612,0.0,0.0,3.6617,0.0,0.0,0.0,0.6612,0.0,0.0,3.5101,0.0,0.0,0.0,0.665,B2,word_pos,endurer,V,endurer,VER
consciencieusement,ADV,B2,beacco,0.0,0.6608,0.0,0.0,3.5383,0.0,0.0,0.0,0.6608,0.0,0.0,2.5801,0.0,0.0,0.0,0.6645,B2,word_pos,consciencieusement,ADV,consciencieusement,ADV
fi,NOUN,B2,beacco,0.0,0.6597,,,,,,,,0.0,0.0,0.4665,0.0,4.139,0.0,0.6597,B2,beacco_only,,,fi,NOM
alterner,VERB,B2,beacco,0.0,0.6589,0.5081,0.0,0.0906,0.0,2.0505,0.0,0.6589,0.5504,0.0,2.9677,0.0,4.139,0.0,1.9382,B2,word_pos,alterner,V,alterner,VER
utopie,NOUN,B2,beacco,0.0,0.6588,0.0,0.0,3.4123,0.0,0.0,0.0,0.6588,0.0,0.0,6.206,0.0,0.0,0.0,1.524,B2,word_pos,utopie,N,utopie,NOM
télégraphe,NOUN,B2,beacco,0.0,0.6582,0.0,0.7405,0.6802,0.0,0.0,0.0,0.6582,0.0,0.606,0.5857,0.0,0.0,0.0,0.6771,B2,word_pos,télégraphe,N,télégraphe,NOM
importation,NOUN,B2,beacco,0.0,0.6568,0.0,0.0618,0.3618,0.0,4.101,0.0,0.6568,0.0,0.1276,0.6378,0.0,4.139,0.0,0.8064,B2,word_pos,importation,N,importation,NOM
anniversaire,ADJ,B2,beacco,0.0,0.6567,,,,,,,,0.0,0.4664,0.5857,0.0,0.0,0.0,0.6567,B2,beacco_only,,,anniversaire,ADJ
homologue,NOUN,B2,beacco,0.0,0.6566,0.0,0.0,3.7364,0.0,0.0,0.0,0.6566,0.0,0.0,3.6369,0.0,0.0,0.0,0.6817,B2,word_pos,homologue,N,homologue,NOM
huître,NOUN,B2,beacco,0.0,0.6561,3.7284,0.0,0.2916,0.0,0.0,0.0,0.6561,7.4266,0.0,4.3206,0.0,0.0,0.0,3.067,B2,word_pos,huître,N,huître,NOM
tressaillir,VERB,B2,beacco,0.0,0.6558,0.0,0.0,0.4081,0.0,3.2084,0.0,0.6558,0.0,0.0,0.4317,0.0,3.4423,0.0,0.6695,B2,word_pos,tressaillir,V,tressaillir,VER
prêtresse,NOUN,B2,beacco,0.0,0.6555,0.0,0.0,3.6124,0.0,0.0,0.0,0.6555,0.0,0.0,0.438,0.0,3.4423,0.0,0.7154,B2,word_pos,prêtresse,N,prêtresse,NOM
enchère,NOUN,B2,beacco,0.0,0.6554,0.0,0.0,3.8815,0.0,0.0,0.0,0.6554,0.0,0.0,4.9147,0.0,0.0,0.0,0.916,B2,word_pos,enchère,N,enchère,NOM
ivresse,NOUN,B2,beacco,0.0,0.655,0.0,0.7405,0.0,0.0,3.2084,0.0,0.655,0.0,0.606,0.0,0.0,3.4423,0.0,0.6717,B2,word_pos,ivresse,N,ivresse,NOM
chuchotement,NOUN,B2,beacco,0.0,0.6548,0.3158,0.0,0.6228,0.0,0.0,0.0,0.6548,0.6291,0.0,0.3906,0.0,0.0,0.0,0.5256,B2,word_pos,chuchotement,N,chuchotement,NOM
semi-liberté,NOUN,B2,beacco,0.0,0.6543,,,,,,,,0.0,0.0,0.185,0.0,6.0005,0.0,0.6543,B2,beacco_only,,,semi-liberté,NOM
terroriste,NOUN,B2,beacco,0.0,0.6538,0.0,0.0,3.4729,0.0,0.0,0.0,0.6538,0.0,0.0,3.0281,0.0,0.0,0.0,0.6695,B2,word_pos,terroriste,N,terroriste,NOM
hiérarchique,ADJ,B2,beacco,0.0,0.6536,0.0,0.0,0.4152,0.0,4.101,0.0,0.6536,0.0,0.0,0.3906,0.0,4.139,0.0,0.6261,B2,word_pos,hiérarchique,A,hiérarchique,ADJ
éolienne,NOUN,B2,beacco,0.0,0.6534,0.0,0.0,0.4809,0.0,0.0,12.9876,0.6534,0.0,0.0,0.933,0.0,0.0,12.833,0.7852,B2,word_pos,éolienne,N,éolienne,NOM
rudimentaire,ADJ,B2,beacco,0.0,0.6531,0.0,0.0,0.4809,0.0,6.2023,0.0,0.6531,0.0,0.0,0.4665,0.0,6.0005,0.0,0.636,B2,word_pos,rudimentaire,A,rudimentaire,ADJ
joyau,NOUN,B2,beacco,0.0,0.6521,0.0,0.1076,0.7214,0.0,0.0,0.0,0.6521,0.0,0.186,0.4665,0.0,0.0,0.0,0.4478,B2,word_pos,joyau,N,joyau,NOM
riant,ADJ,B2,beacco,0.0,0.6518,,,,,,,,0.0,0.6111,0.4665,0.0,0.0,0.0,0.6518,B2,beacco_only,,,riant,ADJ
péril,NOUN,B2,beacco,0.0,0.651,0.0,0.0,0.0,0.0,6.2023,25.9752,0.651,0.0,0.2552,0.0,0.0,6.0005,25.6659,1.0191,B2,word_pos,péril,N,péril,NOM
thermique,ADJ,B2,beacco,0.0,0.651,0.0,0.0,0.0,0.0,6.2023,25.9752,0.651,0.0,0.0,0.0,0.0,12.0009,51.3319,2.07,B2,word_pos,thermique,A,thermique,ADJ
déviance,NOUN,B2,beacco,0.0,0.6502,0.0,0.0,0.0,0.0,19.4525,0.0,0.6502,0.0,0.0,0.0,0.0,20.024,0.0,0.7219,B2,word_pos,déviance,N,déviance,NOM
irascible,ADJ,B2,beacco,0.0,0.6502,0.0,0.0,0.0,0.0,19.4525,0.0,0.6502,0.0,0.0,0.0,0.0,20.024,0.0,0.7219,B2,word_pos,irascible,A,irascible,ADJ
moléculaire,ADJ,B2,beacco,0.0,0.6502,0.0,0.0,0.0,0.0,3.1012,10.2933,0.6502,0.0,0.0,0.0,0.0,6.0005,4.0185,0.7219,B2,word_pos,moléculaire,A,moléculaire,ADJ
monopole,NOUN,B2,beacco,0.0,0.6502,0.0,0.0,0.0,0.0,19.4525,0.0,0.6502,0.0,0.0,0.0,0.0,20.024,0.0,0.7219,B2,word_pos,monopole,N,monopole,NOM
flexibilité,NOUN,B2,beacco,0.0,0.6499,0.0,0.0,0.0,0.0,0.0,28.471,0.6499,0.0,0.0,0.0,0.0,0.0,43.8345,0.7219,B2,word_pos,flexibilité,N,flexibilité,NOM
têtu,ADJ,B2,beacco,0.0,0.6484,1.2043,0.6418,0.0,0.0,0.0,0.0,0.6484,0.7319,0.6228,0.0,0.0,0.0,0.0,0.516,B2,word_pos,têtu,A,têtu,ADJ
petit-fils,NOUN,B2,beacco,0.0,0.6479,,,,,,,,0.9464,0.606,0.0,0.0,0.0,0.0,0.6479,B2,beacco_only,,,petit-fils,NOM
dégoût,NOUN,B2,beacco,0.0,0.6478,0.0,0.0,3.5845,0.0,0.0,0.0,0.6478,0.0,0.0,3.5147,0.0,0.0,0.0,0.6658,B2,word_pos,dégoût,N,dégoût,NOM
lys,NOUN,B2,beacco,0.0,0.6474,0.0,0.0,3.4408,0.0,0.0,0.0,0.6474,0.0,0.0,6.7571,0.0,0.0,0.0,1.07,B2,word_pos,lys,N,lys,NOM
soda,NOUN,B2,beacco,0.0,0.6468,0.0,1.1107,0.0906,0.0,0.0,0.0,0.6468,0.0,0.606,0.185,0.0,0.0,0.0,0.6777,B2,word_pos,soda,N,soda,NOM
banquière,NOUN,B2,beacco,0.0,0.6454,,,,,,,,0.0,0.0,0.4317,0.0,0.0,12.833,0.6454,B2,beacco_only,,,banquière,NOM
sept,NOUN,B2,beacco,0.0,0.6449,,,,,,,,0.0,0.4664,0.0,0.0,3.4423,0.0,0.6449,B2,beacco_only,,,sept,NOM
incalculable,ADJ,B2,beacco,0.0,0.6446,0.0,0.0,3.0211,0.0,0.0,0.0,0.6446,0.0,0.0,3.5715,0.0,0.0,0.0,0.6976,B2,word_pos,incalculable,A,incalculable,ADJ
monstruosité,NOUN,B2,beacco,0.0,0.6446,0.0,0.0,3.0211,0.0,0.0,0.0,0.6446,0.0,0.0,3.5715,0.0,0.0,0.0,0.6976,B2,word_pos,monstruosité,N,monstruosité,NOM
sauvegarde,NOUN,B2,beacco,0.0,0.6446,0.0,0.0,3.0211,0.0,0.0,0.0,0.6446,0.0,0.0,3.5715,0.0,0.0,0.0,0.6976,B2,word_pos,sauvegarde,N,sauvegarde,NOM
sexy,ADJ,B2,beacco,0.0,0.6446,0.0,0.0,3.0211,0.0,0.0,0.0,0.6446,0.0,0.0,3.5715,0.0,0.0,0.0,0.6976,B2,word_pos,sexy,A,sexy,ADJ
psychologie,NOUN,B2,beacco,0.0,0.644,0.0,0.0,0.4589,0.0,6.2023,0.0,0.644,0.0,0.0,7.6875,0.0,6.0005,0.0,2.485,B2,word_pos,psychologie,N,psychologie,NOM
vénitien,ADJ,B2,beacco,0.0,0.6438,0.0,0.0,0.9076,0.0,0.0,4.1173,0.6438,0.0,0.0,0.5008,0.0,0.0,4.0185,0.6566,B2,word_pos,vénitien,A,vénitien,ADJ
popularité,NOUN,B2,beacco,0.0,0.6426,0.0,0.0,3.6524,0.0,0.0,0.0,0.6426,0.0,0.0,3.3478,0.0,0.0,0.0,0.6542,B2,word_pos,popularité,N,popularité,NOM
dixième,ADJ,B2,beacco,0.0,0.6405,0.0,0.7581,0.7236,0.0,0.0,0.0,0.6405,0.0,0.5137,0.6378,0.0,0.0,0.0,0.6026,B2,word_pos,dixième,A,dixième,ADJ
belote,NOUN,B2,beacco,0.0,0.6396,1.7078,0.0,0.5833,0.0,0.0,0.0,0.6396,1.1764,0.0,0.5531,0.0,0.0,0.0,0.5941,B2,word_pos,belote,N,belote,NOM
ferré,ADJ,B2,beacco,0.0,0.6366,0.0,0.5168,0.0,0.0,4.8126,0.0,0.6366,0.0,1.0679,0.0,0.0,3.4423,0.0,0.6978,B2,word_pos,ferré,A,ferré,ADJ
étudié,ADJ,B2,beacco,0.0,0.636,,,,,,,,0.0,0.0,0.4665,0.0,0.0,19.328,0.636,B2,beacco_only,,,étudié,ADJ
dalle,NOUN,B2,beacco,0.0,0.6342,4.7801,0.0,0.0,0.0,3.2084,0.0,0.6342,2.5037,0.0,0.0,0.0,3.4423,0.0,0.5584,B2,word_pos,dalle,N,dalle,NOM
palace,NOUN,B2,beacco,0.0,0.6331,0.0,0.6418,0.7236,0.0,0.0,0.0,0.6331,0.0,1.2456,0.6378,0.0,0.0,0.0,0.9159,B2,word_pos,palace,N,palace,NOM
exporter,VERB,B2,beacco,0.0,0.6323,0.4068,0.0,0.0,0.0,2.0505,9.6228,0.6323,0.8075,0.0,0.0,0.0,4.139,19.328,1.2684,B2,word_pos,exporter,V,exporter,VER
préhistoire,NOUN,B2,beacco,0.0,0.6315,0.4068,0.3209,0.0,0.0,3.1012,0.0,0.6315,0.0,0.6228,0.0,0.0,6.0005,0.0,0.6543,B2,word_pos,préhistoire,N,préhistoire,NOM
p'tit,ADJ,B2,beacco,0.0,0.6313,,,,,,,,0.0,0.5137,0.4665,0.0,0.0,0.0,0.6313,B2,beacco_only,,,p'tit,ADJ
aride,ADJ,B2,beacco,0.0,0.6312,0.0,0.3702,0.8749,0.0,0.0,0.0,0.6312,0.0,0.606,0.5531,0.0,0.0,0.0,0.6777,B2,word_pos,aride,A,aride,ADJ
bouquiner,VERB,B2,beacco,0.0,0.6305,0.8215,0.5197,0.0,0.0,0.0,0.0,0.6305,0.5987,0.5213,0.0,0.0,0.0,0.0,0.5689,B2,word_pos,bouquiner,V,bouquiner,VER
dénouement,NOUN,B2,beacco,0.0,0.6291,0.0,0.0,3.3648,0.0,0.0,0.0,0.6291,0.0,0.0,3.1766,0.0,0.0,0.0,0.675,B2,word_pos,dénouement,N,dénouement,NOM
fragilité,NOUN,B2,beacco,0.0,0.629,0.0,0.0,0.7236,0.0,0.0,12.9876,0.629,0.0,0.0,0.6378,0.0,0.0,12.833,0.7115,B2,word_pos,fragilité,N,fragilité,NOM
pivot,NOUN,B2,beacco,0.0,0.629,0.0,0.0,0.7236,0.0,0.0,12.9876,0.629,0.0,0.0,0.6378,0.0,0.0,12.833,0.7115,B2,word_pos,pivot,N,pivot,NOM
déclencher,VERB,B2,beacco,0.0,0.6285,0.0,0.0,3.5066,0.0,0.0,0.0,0.6285,0.0,0.0,5.3203,0.0,0.0,0.0,1.007,B2,word_pos,déclencher,V,déclencher,VER
suer,VERB,B2,beacco,0.0,0.6279,,,,,,,,0.0,0.5137,0.487,0.0,0.0,0.0,0.6279,B2,beacco_only,,,suer,VER
citron,NOUN,B2,beacco,0.0,0.6278,1.5912,0.1103,0.0,0.0,0.0,0.0,0.6278,0.9713,0.2129,0.0,0.0,0.0,0.0,0.5705,B2,word_pos,citron,N,citron,NOM
sèchement,ADV,B2,beacco,0.0,0.6276,,,,,,,,0.0,0.0,2.9048,0.0,0.0,0.0,0.6276,B2,beacco_only,,,sèchement,ADV
égoïste,NOUN,B2,beacco,0.0,0.6263,1.1453,0.0,0.1815,0.0,0.0,0.0,0.6263,1.1556,0.0,0.2504,0.0,0.0,0.0,0.6432,B2,word_pos,égoïste,N,égoïste,NOM
adjurer,VERB,B2,beacco,0.0,0.6247,0.0,0.0,0.0,0.0,18.4508,0.0,0.6247,0.0,0.0,0.0,0.0,19.861,0.0,0.7262,B2,word_pos,adjurer,V,adjurer,VER
pervers,ADJ,B2,beacco,0.0,0.6247,0.0,0.0,0.0,0.0,18.4508,0.0,0.6247,0.0,0.0,0.0,0.0,19.861,0.0,0.7262,B2,word_pos,pervers,A,pervers,ADJ
complot,NOUN,B2,beacco,0.0,0.6244,0.0,1.4809,0.2041,0.0,0.0,0.0,0.6244,0.0,0.606,0.4317,0.0,0.0,0.0,0.6741,B2,word_pos,complot,N,complot,NOM
délicatesse,NOUN,B2,beacco,0.0,0.6242,0.0,0.0,0.4152,0.0,6.2023,0.0,0.6242,0.0,0.0,0.3906,0.0,6.0005,0.0,0.5978,B2,word_pos,délicatesse,N,délicatesse,NOM
hypertension,NOUN,B2,beacco,0.0,0.6242,0.0,0.0,0.0,0.0,0.0,56.9312,0.6242,0.0,0.0,0.0,0.0,0.0,56.7717,0.7913,B2,word_pos,hypertension,N,hypertension,NOM
nutritionnel,ADJ,B2,beacco,0.0,0.6242,0.0,0.0,0.0,0.0,0.0,56.9312,0.6242,0.0,0.0,0.0,0.0,0.0,56.7717,0.7913,B2,word_pos,nutritionnel,A,nutritionnel,ADJ
prématurément,ADV,B2,beacco,0.0,0.6242,0.0,0.0,0.4152,0.0,6.2023,0.0,0.6242,0.0,0.0,0.3906,0.0,6.0005,0.0,0.5978,B2,word_pos,prématurément,ADV,prématurément,ADV
luné,ADJ,B2,beacco,0.0,0.623,,,,,,,,0.0,0.606,0.0,0.0,6.0005,0.0,0.623,B2,beacco_only,,,luné,ADJ
analyste,NOUN,B2,beacco,0.0,0.6227,0.0,0.0,0.0,0.0,19.6566,0.0,0.6227,0.0,0.0,0.0,0.0,20.6179,0.0,0.7913,B2,word_pos,analyste,N,analyste,NOM
drastique,ADJ,B2,beacco,0.0,0.6227,0.0,0.0,0.0,0.0,19.6566,0.0,0.6227,0.0,0.0,0.0,0.0,20.6179,0.0,0.7913,B2,word_pos,drastique,A,drastique,ADJ
dénonciation,NOUN,B2,beacco,0.0,0.6227,0.0,0.0,0.0,0.0,19.6566,0.0,0.6227,0.0,0.0,0.0,0.0,20.6179,0.0,0.7913,B2,word_pos,dénonciation,N,dénonciation,NOM
disgrâce,NOUN,B2,beacco,0.0,0.6207,0.0,0.0,0.4081,0.0,6.2023,0.0,0.6207,0.0,0.0,0.8634,0.0,6.0005,0.0,0.6921,B2,word_pos,disgrâce,N,disgrâce,NOM
délinquant,ADJ,B2,beacco,0.0,0.6207,,,,,,,,0.8075,0.6228,0.0,0.0,0.0,0.0,0.6207,B2,beacco_only,,,délinquant,ADJ
cadet,NOUN,B2,beacco,0.0,0.6197,0.0,0.7405,0.0,0.0,6.2023,0.0,0.6197,0.0,0.606,0.0,0.0,6.0005,0.0,0.623,B2,word_pos,cadet,N,cadet,NOM
indigne,ADJ,B2,beacco,0.0,0.6194,,,,,,,,0.0,0.0,0.4317,0.0,6.0005,0.0,0.6194,B2,beacco_only,,,indigne,ADJ
surtout,NOUN,B2,beacco,0.0,0.619,,,,,,,,1.1764,0.0,0.4317,0.0,0.0,0.0,0.619,B2,beacco_only,,,surtout,NOM
annuaire,NOUN,B2,beacco,0.0,0.6181,0.5304,0.1887,0.0,0.0,0.0,0.0,0.6181,0.4856,0.1937,0.0,0.0,0.0,0.0,0.5389,B2,word_pos,annuaire,N,annuaire,NOM
démoraliser,VERB,B2,beacco,0.0,0.617,0.0,0.7318,0.0,0.0,4.101,0.0,0.617,0.0,0.4664,0.0,0.0,4.139,0.0,0.6122,B2,word_pos,démoraliser,V,démoraliser,VER
polaire,ADJ,B2,beacco,0.0,0.617,0.0,0.4228,0.4152,0.0,0.0,0.0,0.617,0.0,0.6008,0.3906,0.0,0.0,0.0,0.6694,B2,word_pos,polaire,A,polaire,ADJ
historiquement,ADV,B2,beacco,0.0,0.6168,0.0,0.0,1.1665,0.0,0.0,2.0587,0.6168,0.0,0.0,0.5531,0.0,0.0,4.0185,0.6976,B2,word_pos,historiquement,ADV,historiquement,ADV
emblème,NOUN,B2,beacco,0.0,0.6164,0.0,0.0,3.6886,0.0,0.0,0.0,0.6164,0.0,0.0,6.2385,0.0,0.0,0.0,1.1175,B2,word_pos,emblème,N,emblème,NOM
annexer,VERB,B2,beacco,0.0,0.6161,0.0,0.0,0.7097,0.0,1.6042,0.0,0.6161,0.0,0.0,0.438,0.0,3.4423,0.0,0.7154,B2,word_pos,annexer,V,annexer,VER
vénérable,ADJ,B2,beacco,0.0,0.6159,0.0,0.0,2.8925,0.0,0.0,0.0,0.6159,0.0,0.0,3.5957,0.0,0.0,0.0,0.7091,B2,word_pos,vénérable,A,vénérable,ADJ
cligner,VERB,B2,beacco,0.0,0.6152,0.0,0.0,4.3879,0.0,0.0,0.0,0.6152,0.0,0.0,6.3052,0.0,0.0,0.0,1.0231,B2,word_pos,cligner,V,cligner,VER
mendiant,NOUN,B2,beacco,0.0,0.6145,0.7622,0.0,1.0202,0.0,0.0,0.0,0.6145,0.5504,0.0,0.5857,0.0,0.0,0.0,0.4379,B2,word_pos,mendiant,N,mendiant,NOM
noix,NOUN,B2,beacco,0.0,0.6141,2.5125,0.0,0.0,0.0,3.2084,0.0,0.6141,0.9051,0.0,0.0,0.0,3.4423,0.0,0.6853,B2,word_pos,noix,N,noix,NOM
jardinage,NOUN,B2,beacco,0.0,0.613,0.0,0.331,0.3618,0.0,0.0,6.4938,0.613,0.0,0.2129,0.6378,0.0,0.0,12.833,1.4106,B2,word_pos,jardinage,N,jardinage,NOM
tsar,NOUN,B2,beacco,0.0,0.6129,0.5693,0.0,0.5648,0.0,0.0,0.0,0.6129,1.1764,0.0,0.7866,0.0,0.0,0.0,0.9846,B2,word_pos,tsar,N,tsar,NOM
contrée,NOUN,B2,beacco,0.0,0.6124,0.0,0.2152,0.1637,0.0,0.0,0.0,0.6124,0.0,0.3721,0.1243,0.0,0.0,0.0,0.4786,B2,word_pos,contrée,N,contrée,NOM
sultan,NOUN,B2,beacco,0.0,0.6123,0.0,0.0,3.1884,0.0,0.0,0.0,0.6123,0.0,0.0,6.2022,0.0,0.0,0.0,1.286,B2,word_pos,sultan,N,sultan,NOM
hors-série,ADJ,B2,beacco,0.0,0.6122,,,,,,,,0.0,0.4664,0.0,0.0,0.0,12.833,0.6122,B2,beacco_only,,,hors-série,ADJ
châtier,VERB,B2,beacco,0.0,0.612,0.0,0.0,0.3401,0.0,4.8126,0.0,0.612,0.0,0.0,0.5857,0.0,3.4423,0.0,0.7027,B2,word_pos,châtier,V,châtier,VER
désaltérer,VERB,B2,beacco,0.0,0.612,0.0,0.0,0.3401,0.0,4.8126,0.0,0.612,0.0,0.0,1.1713,0.0,6.8846,0.0,1.4055,B2,word_pos,désaltérer,V,désaltérer,VER
médire,VERB,B2,beacco,0.0,0.612,0.0,0.0,0.3401,0.0,4.8126,0.0,0.612,0.0,0.0,0.5857,0.0,3.4423,0.0,0.7027,B2,word_pos,médire,V,médire,VER
témérité,NOUN,B2,beacco,0.0,0.612,0.0,0.0,0.3401,0.0,4.8126,0.0,0.612,0.0,0.0,0.5857,0.0,3.4423,0.0,0.7027,B2,word_pos,témérité,N,témérité,NOM
hérésie,NOUN,B2,beacco,0.0,0.6109,0.0,0.0,0.9463,0.0,3.1012,0.0,0.6109,0.0,0.0,0.8759,0.0,6.0005,0.0,0.8708,B2,word_pos,hérésie,N,hérésie,NOM
dan,NOUN,B2,beacco,0.0,0.6067,,,,,,,,0.8346,0.2129,0.0,0.0,0.0,0.0,0.6067,B2,beacco_only,,,dan,NOM
affranchir,VERB,B2,beacco,0.0,0.6039,0.0,0.0,1.0854,0.0,1.6042,0.0,0.6039,0.0,0.0,0.6378,0.0,3.4423,0.0,0.7094,B2,word_pos,affranchir,V,affranchir,VER
encenser,VERB,B2,beacco,0.0,0.6039,0.0,0.0,1.0854,0.0,1.6042,0.0,0.6039,0.0,0.0,0.6378,0.0,3.4423,0.0,0.7094,B2,word_pos,encenser,V,encenser,VER
portail,NOUN,B2,beacco,0.0,0.6039,0.0,0.0,1.0854,0.0,1.6042,0.0,0.6039,0.0,0.0,0.6378,0.0,3.4423,0.0,0.7094,B2,word_pos,portail,N,portail,NOM
sauvagement,ADV,B2,beacco,0.0,0.6039,0.0,0.0,1.0854,0.0,1.6042,0.0,0.6039,0.0,0.0,0.6378,0.0,3.4423,0.0,0.7094,B2,word_pos,sauvagement,ADV,sauvagement,ADV
expressif,ADJ,B2,beacco,0.0,0.6032,0.0,0.0,0.3618,0.0,0.0,6.176,0.6032,0.0,0.0,0.6378,0.0,0.0,4.0185,0.7094,B2,word_pos,expressif,A,expressif,ADJ
livret,NOUN,B2,beacco,0.0,0.6031,0.0,0.0,3.3982,0.0,0.0,0.0,0.6031,1.1764,0.0,4.0916,0.0,0.0,0.0,2.4042,B2,word_pos,livret,N,livret,NOM
résurrection,NOUN,B2,beacco,0.0,0.6016,0.0,0.0,3.2544,0.0,0.0,0.0,0.6016,0.0,0.0,3.3474,0.0,0.0,0.0,0.6544,B2,word_pos,résurrection,N,résurrection,NOM
bouffée,NOUN,B2,beacco,0.0,0.6013,0.0,0.0,3.5535,0.0,0.0,0.0,0.6013,0.0,0.0,3.5051,0.0,0.0,0.0,0.667,B2,word_pos,bouffée,N,bouffée,NOM
inca,NOUN,B2,beacco,0.0,0.6006,,,,,,,,0.0,0.0,3.1652,0.0,0.0,0.0,0.6006,B2,beacco_only,,,inca,NOM
recherché,ADJ,B2,beacco,0.0,0.6006,,,,,,,,0.0,0.0,3.1652,0.0,0.0,0.0,0.6006,B2,beacco_only,,,recherché,ADJ
crue,NOUN,B2,beacco,0.0,0.5995,0.0,0.0,3.4513,0.0,0.0,0.0,0.5995,0.0,0.0,5.047,0.0,0.0,0.0,1.3555,B2,word_pos,crue,N,crue,NOM
preneur,NOUN,B2,beacco,0.0,0.5985,0.0,0.0,0.0,0.0,28.8757,0.0,0.5985,0.0,0.0,0.0,0.0,61.9614,0.0,1.1834,B2,word_pos,preneur,N,preneur,NOM
comptable,NOUN,B2,beacco,0.0,0.5978,,,,,,,,0.0,0.0,0.3906,0.0,0.0,19.328,0.5978,B2,beacco_only,,,comptable,NOM
pont-levis,NOUN,B2,beacco,0.0,0.5973,,,,,,,,0.8346,0.186,0.0,0.0,0.0,0.0,0.5973,B2,beacco_only,,,pont-levis,NOM
hétérogène,ADJ,B2,beacco,0.0,0.5944,0.0,0.0,1.4472,0.0,3.1012,0.0,0.5944,0.0,0.0,0.6378,0.0,6.0005,0.0,0.7013,B2,word_pos,hétérogène,A,hétérogène,ADJ
ordinaire,NOUN,B2,beacco,0.0,0.5944,0.0,0.0,1.4472,0.0,3.1012,0.0,0.5944,0.0,0.0,1.9134,0.0,0.0,12.833,1.0382,B2,word_pos,ordinaire,N,ordinaire,NOM
impatienter,VERB,B2,beacco,0.0,0.5921,0.0,0.4275,0.3401,0.0,1.6042,0.0,0.5921,0.0,0.2891,0.5857,0.0,3.4423,0.0,1.217,B2,word_pos,impatienter,V,impatienter,VER
borner,VERB,B2,beacco,0.0,0.5915,0.0,0.0,0.0,0.0,2.0505,6.176,0.5915,0.0,0.0,0.0,0.0,4.139,4.0185,0.7262,B2,word_pos,borner,V,borner,VER
bagnole,NOUN,B2,beacco,0.0,0.5905,0.0,0.3702,0.7214,0.0,0.0,0.0,0.5905,0.0,0.606,0.4665,0.0,0.0,0.0,0.6764,B2,word_pos,bagnole,N,bagnole,NOM
dévaster,VERB,B2,beacco,0.0,0.5904,0.0,0.6418,0.0,0.0,6.2023,0.0,0.5904,0.0,0.6228,0.0,0.0,12.0009,0.0,1.1602,B2,word_pos,dévaster,V,dévaster,VER
coucou,NOUN,B2,beacco,0.0,0.5874,,,,,,,,7.2839,0.0,0.0,0.0,0.0,0.0,0.5874,B2,beacco_only,,,coucou,NOM
capituler,VERB,B2,beacco,0.0,0.5872,0.0,0.0,3.2524,0.0,0.0,0.0,0.5872,0.0,0.0,3.4815,0.0,0.0,0.0,0.6697,B2,word_pos,capituler,V,capituler,VER
départemental,ADJ,B2,beacco,0.0,0.5852,0.0,0.0,0.0,0.0,6.2023,12.9876,0.5852,0.0,0.0,0.1243,0.0,6.0005,12.833,1.4708,B2,word_pos,départemental,A,départemental,ADJ
récuser,VERB,B2,beacco,0.0,0.584,0.0,0.0,1.2023,0.0,2.0505,0.0,0.584,0.0,0.0,0.4665,0.0,4.139,0.0,0.6597,B2,word_pos,récuser,V,récuser,VER
ivoirien,NOUN,B2,beacco,0.0,0.5826,,,,,,,,0.0,0.0,0.1219,0.0,6.0005,0.0,0.5826,B2,beacco_only,,,ivoirien,NOM
préparatoire,ADJ,B2,beacco,0.0,0.581,0.0,0.4742,0.0,0.0,6.1515,0.0,0.581,0.0,0.2065,0.0,0.0,12.4171,0.0,1.2155,B2,word_pos,préparatoire,A,préparatoire,ADJ
haillon,NOUN,B2,beacco,0.0,0.5806,0.0,0.0,3.6558,0.0,0.0,0.0,0.5806,0.0,0.0,3.5822,0.0,0.0,0.0,0.7026,B2,word_pos,haillon,N,haillon,NOM
pimenter,VERB,B2,beacco,0.0,0.5805,0.0,1.0107,0.1507,0.0,0.0,0.0,0.5805,0.0,0.5137,0.3059,0.0,0.0,0.0,0.6492,B2,word_pos,pimenter,V,pimenter,VER
manifestant,NOUN,B2,beacco,0.0,0.5803,0.0,0.0,3.0819,0.0,0.0,0.0,0.5803,0.0,0.0,3.0304,0.0,0.0,0.0,0.6689,B2,word_pos,manifestant,N,manifestant,NOM
tissage,NOUN,B2,beacco,0.0,0.5791,7.1114,0.0,0.0,0.0,0.0,0.0,0.5791,7.2471,0.0,0.0,0.0,0.0,0.0,0.464,B2,word_pos,tissage,N,tissage,NOM
prothèse,NOUN,B2,beacco,0.0,0.579,0.0,1.1107,0.0,0.0,0.0,6.4938,0.579,0.0,0.606,0.0,0.0,0.0,12.833,0.6485,B2,word_pos,prothèse,N,prothèse,NOM
nègre,NOUN,B2,beacco,0.0,0.5778,0.0,0.0,0.8162,0.0,0.0,9.6228,0.5778,0.0,0.0,6.1196,0.0,12.0009,19.328,3.3256,B2,word_pos,nègre,N,nègre,NOM
résidentiel,ADJ,B2,beacco,0.0,0.5757,0.0,0.0,1.0202,0.0,2.0505,0.0,0.5757,0.0,0.0,0.5857,0.0,4.139,0.0,0.6985,B2,word_pos,résidentiel,A,résidentiel,ADJ
agacement,NOUN,B2,beacco,0.0,0.5733,0.0,0.0,1.3603,0.0,3.1012,0.0,0.5733,0.0,0.0,1.1713,0.0,6.0005,0.0,0.8013,B2,word_pos,agacement,N,agacement,NOM
indulgent,ADJ,B2,beacco,0.0,0.5713,0.0,2.2462,0.3401,0.0,0.0,0.0,0.5713,0.0,0.6228,0.5857,0.0,0.0,0.0,0.6891,B2,word_pos,indulgent,A,indulgent,ADJ
venu,ADJ,B2,beacco,0.0,0.5708,,,,,,,,0.0,0.4157,0.2331,0.0,0.0,0.0,0.5708,B2,beacco_only,,,venu,ADJ
vautour,NOUN,B2,beacco,0.0,0.5692,1.7078,0.0,0.0906,0.0,0.0,0.0,0.5692,1.1764,0.0,0.185,0.0,0.0,0.0,0.6032,B2,word_pos,vautour,N,vautour,NOM
périphérie,NOUN,B2,beacco,0.0,0.5684,0.0,0.0618,0.8749,0.0,0.0,0.0,0.5684,0.0,0.1276,1.1062,0.0,0.0,0.0,0.7407,B2,word_pos,périphérie,N,périphérie,NOM
baril,NOUN,B2,beacco,0.0,0.5672,0.0,0.0,0.0,0.0,15.6669,0.0,0.5672,0.0,0.0,0.0,0.0,31.3528,0.0,1.2004,B2,word_pos,baril,N,baril,NOM
défaillant,ADJ,B2,beacco,0.0,0.5672,0.0,0.0,0.0,0.0,15.6669,0.0,0.5672,0.0,0.0,0.0,0.0,20.024,0.0,0.7219,B2,word_pos,défaillant,A,défaillant,ADJ
fossiliser,VERB,B2,beacco,0.0,0.5672,0.0,0.0,0.0,0.0,6.2023,2.0587,0.5672,0.0,0.0,0.0,0.0,6.0005,4.0185,0.7219,B2,word_pos,fossiliser,V,fossiliser,VER
indirectement,ADV,B2,beacco,0.0,0.5672,0.0,0.0,0.0,0.0,15.6669,0.0,0.5672,0.0,0.0,0.0,0.0,20.024,0.0,0.7219,B2,word_pos,indirectement,ADV,indirectement,ADV
momentanément,ADV,B2,beacco,0.0,0.5672,0.0,0.0,0.0,0.0,15.6669,0.0,0.5672,0.0,0.0,0.0,0.0,20.024,0.0,0.7219,B2,word_pos,momentanément,ADV,momentanément,ADV
tordre,VERB,B2,beacco,0.0,0.5672,0.0,0.0,0.0,0.0,15.6669,0.0,0.5672,0.0,0.0,0.0,0.0,20.024,0.0,0.7219,B2,word_pos,tordre,V,tordre,VER
colza,NOUN,B2,beacco,0.0,0.5671,0.0,0.0,0.3401,0.0,6.2023,0.0,0.5671,0.0,0.0,0.5857,0.0,12.0009,0.0,1.1807,B2,word_pos,colza,N,colza,NOM
compact,ADJ,B2,beacco,0.0,0.5671,0.0,0.0,0.3401,0.0,6.2023,0.0,0.5671,0.0,0.0,0.5857,0.0,6.0005,0.0,0.684,B2,word_pos,compact,A,compact,ADJ
crête,NOUN,B2,beacco,0.0,0.5671,0.0,0.0,0.3401,0.0,6.2023,0.0,0.5671,0.0,0.0,0.5857,0.0,6.0005,0.0,0.684,B2,word_pos,crête,N,crête,NOM
temporairement,ADV,B2,beacco,0.0,0.5671,0.0,0.0,0.3401,0.0,6.2023,0.0,0.5671,0.0,0.0,0.5857,0.0,6.0005,0.0,0.684,B2,word_pos,temporairement,ADV,temporairement,ADV
décompresser,VERB,B2,beacco,0.0,0.5669,0.0,0.0,0.2366,0.0,6.2023,0.0,0.5669,0.0,0.0,0.438,0.0,6.0005,0.0,0.7202,B2,word_pos,décompresser,V,décompresser,VER
interférence,NOUN,B2,beacco,0.0,0.5669,0.0,0.0,0.2366,0.0,6.2023,0.0,0.5669,0.0,0.0,0.438,0.0,6.0005,0.0,0.7202,B2,word_pos,interférence,N,interférence,NOM
anticipation,NOUN,B2,beacco,0.0,0.5666,0.0,0.0,0.0,0.0,15.7275,0.0,0.5666,0.0,0.0,0.0,0.0,20.6179,0.0,0.7913,B2,word_pos,anticipation,N,anticipation,NOM
appréhender,VERB,B2,beacco,0.0,0.5666,0.0,0.0,0.0,0.0,15.7275,0.0,0.5666,0.0,0.0,0.0,0.0,20.6179,0.0,0.7913,B2,word_pos,appréhender,V,appréhender,VER
congénère,NOUN,B2,beacco,0.0,0.5666,0.0,0.0,0.0,0.0,15.7275,0.0,0.5666,0.0,0.0,0.0,0.0,20.6179,0.0,0.7913,B2,word_pos,congénère,N,congénère,NOM
préliminaire,ADJ,B2,beacco,0.0,0.5666,0.0,0.0,0.0,0.0,15.7275,0.0,0.5666,0.0,0.0,0.0,0.0,20.6179,0.0,0.7913,B2,word_pos,préliminaire,A,préliminaire,ADJ
restrictif,ADJ,B2,beacco,0.0,0.5666,0.0,0.0,0.0,0.0,15.7275,0.0,0.5666,0.0,0.0,0.0,0.0,20.6179,0.0,0.7913,B2,word_pos,restrictif,A,restrictif,ADJ
sérénité,NOUN,B2,beacco,0.0,0.5666,0.0,0.0,0.0,0.0,15.7275,0.0,0.5666,0.0,0.0,0.0,0.0,20.6179,0.0,0.7913,B2,word_pos,sérénité,N,sérénité,NOM
tourteau,NOUN,B2,beacco,0.0,0.5666,0.0,0.0,0.0,0.0,15.7275,0.0,0.5666,0.0,0.0,0.0,0.0,20.6179,0.0,0.7913,B2,word_pos,tourteau,N,tourteau,NOM
traumatisme,NOUN,B2,beacco,0.0,0.5666,0.0,0.0,0.0,0.0,15.7275,0.0,0.5666,0.0,0.0,0.0,0.0,31.3781,0.0,1.2133,B2,word_pos,traumatisme,N,traumatisme,NOM
énoncer,VERB,B2,beacco,0.0,0.5666,0.0,0.0,0.0,0.0,15.7275,0.0,0.5666,0.0,0.0,0.0,0.0,31.3781,0.0,1.2133,B2,word_pos,énoncer,V,énoncer,VER
max,NOUN,B2,beacco,0.0,0.5659,,,,,,,,7.0947,0.0,0.0,0.0,0.0,0.0,0.5659,B2,beacco_only,,,max,NOM
apanage,NOUN,B2,beacco,0.0,0.5648,0.0,0.0,0.2916,0.0,6.2023,0.0,0.5648,0.0,0.0,0.5531,0.0,6.0005,0.0,0.6721,B2,word_pos,apanage,N,apanage,NOM
assortir,VERB,B2,beacco,0.0,0.5648,0.0,0.0,0.2916,0.0,6.2023,0.0,0.5648,0.0,0.0,0.5531,0.0,6.0005,0.0,0.6721,B2,word_pos,assortir,V,assortir,VER
dévaloriser,VERB,B2,beacco,0.0,0.5648,0.0,0.0,0.2916,0.0,6.2023,0.0,0.5648,0.0,0.0,0.5531,0.0,6.0005,0.0,0.6721,B2,word_pos,dévaloriser,V,dévaloriser,VER
épuration,NOUN,B2,beacco,0.0,0.5648,0.0,0.0,0.2916,0.0,6.2023,0.0,0.5648,0.0,0.0,0.5531,0.0,12.0009,0.0,1.173,B2,word_pos,épuration,N,épuration,NOM
roulette,NOUN,B2,beacco,0.0,0.5634,,,,,,,,0.0,0.4157,0.6378,0.0,0.0,0.0,0.5634,B2,beacco_only,,,roulette,NOM
idiome,NOUN,B2,beacco,0.0,0.5624,0.0,0.0,0.2366,0.0,0.0,38.491,0.5624,0.0,0.0,0.438,0.0,0.0,19.328,0.7202,B2,word_pos,idiome,N,idiome,NOM
ravissant,ADJ,B2,beacco,0.0,0.5611,0.0,3.889,0.0,0.0,0.0,0.0,0.5611,0.0,3.8815,0.0,0.0,0.0,0.0,0.6499,B2,word_pos,ravissant,A,ravissant,ADJ
forcé,ADJ,B2,beacco,0.0,0.5602,0.0,0.0,0.0,0.0,6.2023,9.6228,0.5602,0.0,0.0,0.0,0.8102,6.0005,19.328,0.98,B2,word_pos,forcé,A,forcé,ADJ
interpellation,NOUN,B2,beacco,0.0,0.56,0.0,2.2214,0.0,0.0,2.0505,0.0,0.56,0.0,0.606,0.0,0.0,4.139,0.0,0.6485,B2,word_pos,interpellation,N,interpellation,NOM
philtre,NOUN,B2,beacco,0.0,0.5583,0.0,1.2212,0.0,0.0,0.0,6.4938,0.5583,0.0,2.3107,0.0,0.0,0.0,12.833,0.623,B2,word_pos,philtre,N,philtre,NOM
reconstitution,NOUN,B2,beacco,0.0,0.5578,0.0,0.4228,0.0,0.0,0.0,4.1173,0.5578,0.0,0.6008,0.0,0.0,0.0,4.0185,0.6853,B2,word_pos,reconstitution,N,reconstitution,NOM
dégainer,VERB,B2,beacco,0.0,0.5569,0.0,0.0,3.1229,0.0,0.0,0.0,0.5569,0.0,0.0,3.0801,0.0,0.0,0.0,0.7019,B2,word_pos,dégainer,V,dégainer,VER
rapporteur,NOUN,B2,beacco,0.0,0.5558,0.0,0.0,0.0,0.0,2.0505,38.491,0.5558,0.0,0.0,0.0,0.0,4.139,38.656,1.2133,B2,word_pos,rapporteur,N,rapporteur,NOM
quille,NOUN,B2,beacco,0.0,0.5555,3.4156,0.0,0.1883,0.0,0.0,0.0,0.5555,2.3528,0.0,0.3933,0.0,0.0,0.0,0.7749,B2,word_pos,quille,N,quille,NOM
factuel,ADJ,B2,beacco,0.0,0.5548,0.0,0.0,0.9618,0.0,0.0,2.0587,0.5548,0.0,0.0,0.4665,0.0,0.0,4.0185,0.6793,B2,word_pos,factuel,A,factuel,ADJ
émailler,VERB,B2,beacco,0.0,0.5546,0.0,0.0,0.0,0.0,16.8923,0.0,0.5546,0.0,0.0,0.0,0.0,20.6179,0.0,0.7913,B2,word_pos,émailler,V,émailler,VER
circonscrire,VERB,B2,beacco,0.0,0.5534,1.1385,0.0,0.0,0.0,4.101,0.0,0.5534,1.1764,0.0,0.0,0.0,4.139,0.0,0.5197,B2,word_pos,circonscrire,V,circonscrire,VER
énergétique,ADJ,B2,beacco,0.0,0.5525,0.0,0.0,0.0,0.0,3.1012,77.9255,0.5525,0.0,0.0,0.0,0.0,6.0005,89.8308,1.8137,B2,word_pos,énergétique,A,énergétique,ADJ
merder,VERB,B2,beacco,0.0,0.5515,,,,,,,,0.0,0.4157,0.438,0.0,0.0,0.0,0.5515,B2,beacco_only,,,merder,VER
vétérinaire,NOUN,B2,beacco,0.0,0.551,,,,,,,,0.8075,0.0,0.1029,0.0,0.0,0.0,0.551,B2,beacco_only,,,vétérinaire,NOM
pelle,NOUN,B2,beacco,0.0,0.5488,0.5197,0.0,0.4092,0.0,0.0,0.0,0.5488,1.1123,0.0,0.1243,0.0,0.0,0.0,0.6094,B2,word_pos,pelle,N,pelle,NOM
délaisser,VERB,B2,beacco,0.0,0.5487,0.0,0.0,0.2076,0.0,6.2023,0.0,0.5487,0.0,0.0,0.3906,0.0,6.0005,0.0,0.5978,B2,word_pos,délaisser,V,délaisser,VER
roulotte,NOUN,B2,beacco,0.0,0.5487,0.0,0.0,0.2076,0.0,6.2023,0.0,0.5487,0.0,0.0,0.3906,0.0,6.0005,0.0,0.5978,B2,word_pos,roulotte,N,roulotte,NOM
spontané,ADJ,B2,beacco,0.0,0.5482,0.0,0.0,3.2071,0.0,0.0,0.0,0.5482,0.0,0.0,3.7375,0.0,0.0,0.0,0.6965,B2,word_pos,spontané,A,spontané,ADJ
parcelle,NOUN,B2,beacco,0.0,0.5471,0.0,0.3702,0.0,0.0,6.2023,0.0,0.5471,0.0,0.606,0.0,0.0,6.0005,0.0,0.623,B2,word_pos,parcelle,N,parcelle,NOM
étirement,NOUN,B2,beacco,0.0,0.5468,0.0,0.0,0.0,0.0,1.6042,45.4565,0.5468,0.0,0.0,0.0,0.0,3.4423,12.833,0.7262,B2,word_pos,étirement,N,étirement,NOM
brocante,NOUN,B2,beacco,0.0,0.5465,0.2541,0.0,1.8898,0.0,0.0,0.0,0.5465,0.5504,0.0,3.6369,0.0,0.0,0.0,1.1363,B2,word_pos,brocante,N,brocante,NOM
infecter,VERB,B2,beacco,0.0,0.546,0.0,0.0,0.0,0.0,31.0115,0.0,0.546,0.0,0.0,0.0,0.0,36.0028,0.0,0.8585,B2,word_pos,infecter,V,infecter,VER
culturellement,ADV,B2,beacco,0.0,0.5453,0.0,0.0,0.7097,0.0,3.1012,0.0,0.5453,0.0,0.0,0.438,0.0,6.0005,0.0,0.7202,B2,word_pos,culturellement,ADV,culturellement,ADV
écossais,ADJ,B2,beacco,0.0,0.5453,0.0,0.0,0.7097,0.0,3.1012,0.0,0.5453,0.0,0.0,0.438,0.0,6.0005,0.0,0.7202,B2,word_pos,écossais,A,écossais,ADJ
orme,NOUN,B2,beacco,0.0,0.5448,0.0,0.0,3.3342,0.0,0.0,0.0,0.5448,0.0,0.0,8.8603,0.0,0.0,0.0,1.4853,B2,word_pos,orme,N,orme,NOM
semestre,NOUN,B2,beacco,0.0,0.5431,3.9725,0.0,0.2405,0.0,0.0,0.0,0.5431,2.5271,0.0,0.4665,0.0,0.0,0.0,0.7557,B2,word_pos,semestre,N,semestre,NOM
gitan,NOUN,B2,beacco,0.0,0.5419,0.0,0.3469,0.6931,0.0,0.0,0.0,0.5419,0.0,1.4157,0.9325,0.0,4.139,0.0,1.3066,B2,word_pos,gitan,N,gitan,NOM
lieutenant,NOUN,B2,beacco,0.0,0.5419,0.0,0.3469,0.6931,0.0,0.0,0.0,0.5419,0.0,0.7079,4.4734,0.0,0.0,0.0,1.4762,B2,word_pos,lieutenant,N,lieutenant,NOM
blinder,VERB,B2,beacco,0.0,0.5383,1.005,0.0,0.7236,0.0,0.0,0.0,0.5383,0.9051,0.0,0.6378,0.0,0.0,0.0,0.6867,B2,word_pos,blinder,V,blinder,VER
athlétique,ADJ,B2,beacco,0.0,0.5373,0.9991,0.0,0.0,0.0,3.2084,0.0,0.5373,0.9464,0.0,0.0,0.0,3.4423,0.0,0.6114,B2,word_pos,athlétique,A,athlétique,ADJ
surcharger,VERB,B2,beacco,0.0,0.5357,0.0,0.0,0.8749,0.0,2.0505,0.0,0.5357,0.0,0.0,0.5531,0.0,4.139,0.0,0.6893,B2,word_pos,surcharger,V,surcharger,VER
dynamiser,VERB,B2,beacco,0.0,0.5352,0.0,0.0,0.2366,0.0,0.0,45.4565,0.5352,0.0,0.0,0.438,0.0,0.0,12.833,0.725,B2,word_pos,dynamiser,V,dynamiser,VER
favorite,NOUN,B2,beacco,0.0,0.5351,,,,,,,,0.0,0.0,0.2504,0.0,4.139,0.0,0.5351,B2,beacco_only,,,favorite,NOM
conformisme,NOUN,B2,beacco,0.0,0.5344,0.0,0.0,3.0445,0.0,0.0,0.0,0.5344,0.0,0.0,3.6048,0.0,0.0,0.0,0.6824,B2,word_pos,conformisme,N,conformisme,NOM
débit,NOUN,B2,beacco,0.0,0.5333,0.0,0.0,0.0,0.0,6.2023,6.4938,0.5333,0.0,0.0,0.0,0.0,6.0005,12.833,0.7913,B2,word_pos,débit,N,débit,NOM
inconscience,NOUN,B2,beacco,0.0,0.5333,0.0,0.0,0.0,0.0,6.2023,6.4938,0.5333,0.0,0.0,0.0,0.0,6.0005,12.833,0.7913,B2,word_pos,inconscience,N,inconscience,NOM
provençal,NOUN,B2,beacco,0.0,0.533,0.7622,0.6418,0.0,0.0,0.0,0.0,0.533,0.5504,0.6228,0.0,0.0,0.0,0.0,0.4587,B2,word_pos,provençal,N,provençal,NOM
expéditeur,NOUN,B2,beacco,0.0,0.5322,0.0,0.0,1.0854,0.0,3.1012,0.0,0.5322,0.0,0.0,0.6378,0.0,6.0005,0.0,0.7013,B2,word_pos,expéditeur,N,expéditeur,NOM
continuellement,ADV,B2,beacco,0.0,0.5317,0.0,0.0,0.0,0.0,15.1776,0.0,0.5317,0.0,0.0,0.0,0.0,20.024,0.0,0.7219,B2,word_pos,continuellement,ADV,continuellement,ADV
sentinelle,NOUN,B2,beacco,0.0,0.5285,0.0,0.3228,0.4081,0.0,0.0,0.0,0.5285,0.0,0.186,0.4317,0.0,0.0,0.0,0.4599,B2,word_pos,sentinelle,N,sentinelle,NOM
jésuite,NOUN,B2,beacco,0.0,0.5272,0.0,0.0,0.2041,0.0,4.101,0.0,0.5272,0.0,0.0,0.4317,0.0,4.139,0.0,0.6454,B2,word_pos,jésuite,N,jésuite,NOM
ferret,NOUN,B2,beacco,0.0,0.526,0.0,0.0,5.7135,0.0,0.0,0.0,0.526,0.0,0.0,9.4978,0.0,0.0,0.0,0.8822,B2,word_pos,ferret,N,ferret,NOM
inversement,ADV,B2,beacco,0.0,0.526,0.0,0.0,0.0,0.0,4.101,9.6228,0.526,0.0,0.0,0.0,0.0,4.139,19.328,0.7913,B2,word_pos,inversement,ADV,inversement,ADV
pessimiste,ADJ,B2,beacco,0.0,0.526,0.0,0.0,0.0,0.0,4.101,9.6228,0.526,0.0,0.0,0.0,0.0,4.139,19.328,0.7913,B2,word_pos,pessimiste,A,pessimiste,ADJ
tremplin,NOUN,B2,beacco,0.0,0.526,0.0,0.0,0.0,0.0,4.101,9.6228,0.526,0.0,0.0,0.0,0.0,4.139,19.328,0.7913,B2,word_pos,tremplin,N,tremplin,NOM
helvétique,ADJ,B2,beacco,0.0,0.525,0.0,0.3702,0.4732,0.0,0.0,0.0,0.525,0.0,0.606,0.438,0.0,0.0,0.0,0.6721,B2,word_pos,helvétique,A,helvétique,ADJ
bruir,VERB,B2,beacco,0.0,0.5245,0.0,0.0,2.5898,0.0,0.0,0.0,0.5245,7.2313,0.6008,11.3034,9.025,0.0,0.0,8.3709,B2,word_pos,bruir,V,bruir,VER
sillon,NOUN,B2,beacco,0.0,0.5235,0.0,0.0,1.1665,0.0,3.1012,0.0,0.5235,0.0,0.0,0.5531,0.0,6.0005,0.0,0.6721,B2,word_pos,sillon,N,sillon,NOM
vinaigre,NOUN,B2,beacco,0.0,0.523,0.0,0.0,2.9775,0.0,0.0,0.0,0.523,0.0,0.0,3.6262,0.0,0.0,0.0,0.6854,B2,word_pos,vinaigre,N,vinaigre,NOM
manutentionnaire,NOUN,B2,beacco,0.0,0.5226,0.0,0.0,0.4732,0.0,0.0,9.6228,0.5226,0.0,0.0,0.438,0.0,0.0,19.328,0.7202,B2,word_pos,manutentionnaire,N,manutentionnaire,NOM
fâcheux,ADJ,B2,beacco,0.0,0.5221,0.0,0.0,3.0883,0.0,0.0,0.0,0.5221,0.0,0.0,4.5626,0.0,0.0,0.0,0.8482,B2,word_pos,fâcheux,A,fâcheux,ADJ
aléa,NOUN,B2,beacco,0.0,0.522,0.0,0.0,0.2916,0.0,4.101,0.0,0.522,0.0,0.0,0.5531,0.0,4.139,0.0,0.6893,B2,word_pos,aléa,N,aléa,NOM
désillusion,NOUN,B2,beacco,0.0,0.522,0.0,0.0,0.2916,0.0,4.101,0.0,0.522,0.0,0.0,0.5531,0.0,4.139,0.0,0.6893,B2,word_pos,désillusion,N,désillusion,NOM
enrichissant,ADJ,B2,beacco,0.0,0.522,0.0,0.0,0.2916,0.0,4.101,0.0,0.522,0.0,0.0,0.5531,0.0,8.2781,0.0,1.114,B2,word_pos,enrichissant,A,enrichissant,ADJ
altérer,VERB,B2,beacco,0.0,0.5216,0.0,0.0,0.6228,0.0,0.0,9.6228,0.5216,0.0,0.0,3.4656,0.0,0.0,0.0,0.6693,B2,word_pos,altérer,V,altérer,VER
masser,VERB,B2,beacco,0.0,0.5216,0.0,0.3702,0.7236,0.0,0.0,0.0,0.5216,0.0,0.606,0.6378,0.0,0.0,0.0,0.6753,B2,word_pos,masser,V,masser,VER
squatter,VERB,B2,beacco,0.0,0.5216,0.0,0.0,0.6228,0.0,0.0,9.6228,0.5216,0.0,0.0,0.7812,0.0,0.0,19.328,0.6588,B2,word_pos,squatter,V,squatter,VER
ébranler,VERB,B2,beacco,0.0,0.5216,0.0,0.0,2.9065,0.0,0.0,0.0,0.5216,0.0,0.0,3.5861,0.0,0.0,0.0,0.6734,B2,word_pos,ébranler,V,ébranler,VER
autoroutier,ADJ,B2,beacco,0.0,0.5215,0.0,0.0,2.9075,0.0,0.0,0.0,0.5215,0.0,0.0,3.5156,0.0,0.0,0.0,0.6613,B2,word_pos,autoroutier,A,autoroutier,ADJ
embuscade,NOUN,B2,beacco,0.0,0.5215,0.0,0.0,0.2041,0.0,3.2084,0.0,0.5215,0.0,0.0,0.4317,0.0,3.4423,0.0,0.6695,B2,word_pos,embuscade,N,embuscade,NOM
fécondation,NOUN,B2,beacco,0.0,0.5215,0.0,0.0,2.9075,0.0,0.0,0.0,0.5215,0.0,0.0,5.5016,0.0,0.0,0.0,1.0322,B2,word_pos,fécondation,N,fécondation,NOM
vitro,ADJ,B2,beacco,0.0,0.5215,0.0,0.0,2.9075,0.0,0.0,0.0,0.5215,0.0,0.0,5.5016,0.0,0.0,19.328,1.8876,B2,unique_word,vitro,A,vitro,NOM
hormonal,ADJ,B2,beacco,0.0,0.5214,0.0,0.0,0.2076,0.0,3.2084,0.0,0.5214,0.0,0.0,0.3906,0.0,3.4423,0.0,0.6556,B2,word_pos,hormonal,A,hormonal,ADJ
crapaud,NOUN,B2,beacco,0.0,0.5204,0.0,0.0,0.1507,0.0,6.2023,0.0,0.5204,0.0,0.0,0.3059,0.0,6.0005,0.0,0.5455,B2,word_pos,crapaud,N,crapaud,NOM
soudainement,ADV,B2,beacco,0.0,0.5204,0.0,0.0,0.1507,0.0,6.2023,0.0,0.5204,0.0,0.0,0.3059,0.0,6.0005,0.0,0.5455,B2,word_pos,soudainement,ADV,soudainement,ADV
idéaliste,NOUN,B2,beacco,0.0,0.52,0.0,0.9626,0.2041,0.0,0.0,0.0,0.52,0.0,0.6228,0.4317,0.0,0.0,0.0,0.6766,B2,word_pos,idéaliste,N,idéaliste,NOM
malsain,ADJ,B2,beacco,0.0,0.5199,0.0,0.0,0.0,0.0,3.2084,6.4938,0.5199,0.0,0.0,0.0,0.0,3.4423,12.833,0.7262,B2,word_pos,malsain,A,malsain,ADJ
écaille,NOUN,B2,beacco,0.0,0.5199,,,,,,,,0.0,0.5213,0.0,0.0,6.0005,0.0,0.5199,B2,beacco_only,,,écaille,NOM
pointillé,NOUN,B2,beacco,0.0,0.5192,0.0,0.0,2.9104,0.0,0.0,0.0,0.5192,0.0,0.0,3.6369,0.0,0.0,0.0,0.6817,B2,word_pos,pointillé,N,pointillé,NOM
compensation,NOUN,B2,beacco,0.0,0.5176,0.0,0.0,0.7236,0.0,0.0,9.6228,0.5176,0.0,0.0,0.6378,0.0,0.0,19.328,0.7013,B2,word_pos,compensation,N,compensation,NOM
greffer,VERB,B2,beacco,0.0,0.5176,0.0,0.0,0.7236,0.0,0.0,9.6228,0.5176,0.0,0.0,0.6378,0.0,0.0,19.328,0.7013,B2,word_pos,greffer,V,greffer,VER
matérialiser,VERB,B2,beacco,0.0,0.5176,0.0,0.0,0.7236,0.0,0.0,9.6228,0.5176,0.0,0.0,0.6378,0.0,0.0,19.328,0.7013,B2,word_pos,matérialiser,V,matérialiser,VER
pourfendre,VERB,B2,beacco,0.0,0.5174,0.0,0.0,0.0,0.0,3.2084,9.6228,0.5174,0.0,0.0,0.0,0.0,3.4423,19.328,0.7219,B2,word_pos,pourfendre,V,pourfendre,VER
allongé,ADJ,B2,beacco,0.0,0.5168,,,,,,,,0.0,0.5137,0.0,0.0,6.0005,0.0,0.5168,B2,beacco_only,,,allongé,ADJ
dépeindre,VERB,B2,beacco,0.0,0.5168,0.0,0.3702,0.6802,0.0,0.0,0.0,0.5168,0.0,0.606,0.5857,0.0,0.0,0.0,0.6771,B2,word_pos,dépeindre,V,dépeindre,VER
gracieusement,ADV,B2,beacco,0.0,0.5168,0.0,0.0,2.8671,0.0,0.0,0.0,0.5168,0.0,0.0,3.5736,0.0,0.0,0.0,0.6755,B2,word_pos,gracieusement,ADV,gracieusement,ADV
latitude,NOUN,B2,beacco,0.0,0.5168,0.0,0.3702,0.6802,0.0,0.0,0.0,0.5168,0.0,0.606,0.5857,0.0,0.0,0.0,0.6771,B2,word_pos,latitude,N,latitude,NOM
lié,ADJ,B2,beacco,0.0,0.5168,,,,,,,,0.0,0.5137,0.0,0.0,6.0005,0.0,0.5168,B2,beacco_only,,,lié,ADJ
modérer,VERB,B2,beacco,0.0,0.5168,,,,,,,,0.0,0.5137,0.0,0.0,0.0,19.328,0.5168,B2,beacco_only,,,modérer,VER
prolongé,ADJ,B2,beacco,0.0,0.5168,,,,,,,,0.0,0.5137,0.0,0.0,6.0005,0.0,0.5168,B2,beacco_only,,,prolongé,ADJ
arborer,VERB,B2,beacco,0.0,0.5153,0.0,0.0,1.0202,0.0,3.1012,0.0,0.5153,0.0,0.0,0.5857,0.0,6.0005,0.0,0.684,B2,word_pos,arborer,V,arborer,VER
fouille,NOUN,B2,beacco,0.0,0.5153,0.0,0.0,1.0202,0.0,3.1012,0.0,0.5153,0.0,0.0,3.6187,0.0,6.0005,0.0,1.4948,B2,word_pos,fouille,N,fouille,NOM
sacraliser,VERB,B2,beacco,0.0,0.5135,0.0,0.0,0.3618,0.0,0.0,28.8683,0.5135,0.0,0.0,0.6378,0.0,0.0,19.328,0.7013,B2,word_pos,sacraliser,V,sacraliser,VER
nourrice,NOUN,B2,beacco,0.0,0.513,0.0,0.2527,0.0,0.0,4.101,0.0,0.513,0.0,0.5137,0.0,0.0,4.139,0.0,0.5483,B2,word_pos,nourrice,N,nourrice,NOM
ruée,NOUN,B2,beacco,0.0,0.5128,0.0,0.0,2.864,0.0,0.0,0.0,0.5128,0.0,0.0,3.6187,0.0,0.0,0.0,0.6825,B2,word_pos,ruée,N,ruée,NOM
machin,NOUN,B2,beacco,0.0,0.5125,1.2205,0.0,0.7236,0.0,0.0,0.0,0.5125,0.8075,0.0,0.6378,0.0,0.0,0.0,0.5982,B2,word_pos,machin,N,machin,NOM
préfectoral,ADJ,B2,beacco,0.0,0.5121,0.0,0.2527,0.7236,0.0,0.0,0.0,0.5121,0.0,0.5137,0.6378,0.0,0.0,0.0,0.6026,B2,word_pos,préfectoral,A,préfectoral,ADJ
tutorat,NOUN,B2,beacco,0.0,0.5121,0.0,1.2634,0.2405,0.0,0.0,0.0,0.5121,0.0,0.5137,0.4665,0.0,0.0,0.0,0.6313,B2,word_pos,tutorat,N,tutorat,NOM
attester,VERB,B2,beacco,0.0,0.5118,0.0,0.0,0.2916,0.0,0.0,4.1173,0.5118,0.0,0.0,0.5531,0.0,0.0,8.037,1.0311,B2,word_pos,attester,V,attester,VER
collatéral,ADJ,B2,beacco,0.0,0.5115,0.0,0.0,0.0,0.0,14.569,0.0,0.5115,0.0,0.0,0.0,0.0,19.861,0.0,0.7262,B2,word_pos,collatéral,A,collatéral,ADJ
coïncider,VERB,B2,beacco,0.0,0.5115,0.0,0.0,0.2076,0.0,0.0,19.4814,0.5115,0.0,0.0,0.3906,0.0,0.0,12.833,0.6261,B2,word_pos,coïncider,V,coïncider,VER
gothique,ADJ,B2,beacco,0.0,0.5115,0.0,0.0,0.0,0.0,14.569,0.0,0.5115,0.0,0.0,0.0,0.0,19.861,0.0,0.7262,B2,word_pos,gothique,A,gothique,ADJ
imprévu,ADJ,B2,beacco,0.0,0.5115,0.0,0.0,0.0,0.0,14.569,0.0,0.5115,0.0,0.0,0.0,0.0,19.861,0.0,0.7262,B2,word_pos,imprévu,A,imprévu,ADJ
intentionnellement,ADV,B2,beacco,0.0,0.5115,0.0,0.0,0.0,0.0,4.101,2.0587,0.5115,0.0,0.0,0.0,0.0,4.139,4.0185,0.7262,B2,word_pos,intentionnellement,ADV,intentionnellement,ADV
ralenti,NOUN,B2,beacco,0.0,0.5115,0.0,0.0,0.0,0.0,14.569,0.0,0.5115,0.0,0.0,0.0,0.0,19.861,0.0,0.7262,B2,word_pos,ralenti,N,ralenti,NOM
z,NOUN,B2,beacco,0.0,0.5101,0.0,0.0,0.8304,0.0,0.0,2.0587,0.5101,0.0,0.0,0.3906,0.0,0.0,4.0185,0.6556,B2,word_pos,z,N,z,NOM
dilater,VERB,B2,beacco,0.0,0.5074,0.0,0.0,0.5833,0.0,0.0,6.4938,0.5074,0.0,0.0,0.5531,0.0,0.0,12.833,0.6893,B2,word_pos,dilater,V,dilater,VER
écologiste,NOUN,B2,beacco,0.0,0.5074,0.0,0.0,0.5833,0.0,0.0,6.4938,0.5074,0.0,0.0,0.5531,0.0,0.0,12.833,0.6893,B2,word_pos,écologiste,N,écologiste,NOM
divinité,NOUN,B2,beacco,0.0,0.5073,0.5081,0.6418,0.0,0.0,0.0,0.0,0.5073,0.5504,0.6228,0.0,0.0,0.0,0.0,0.4587,B2,word_pos,divinité,N,divinité,NOM
assentiment,NOUN,B2,beacco,0.0,0.5065,0.0,0.0,0.4732,0.0,1.6042,0.0,0.5065,0.0,0.0,0.438,0.0,3.4423,0.0,0.7154,B2,word_pos,assentiment,N,assentiment,NOM
incompatible,ADJ,B2,beacco,0.0,0.5065,0.0,0.0,0.4732,0.0,1.6042,0.0,0.5065,0.0,0.0,0.438,0.0,3.4423,0.0,0.7154,B2,word_pos,incompatible,A,incompatible,ADJ
vidange,NOUN,B2,beacco,0.0,0.5065,0.0,0.0,0.4732,0.0,1.6042,0.0,0.5065,0.0,0.0,0.438,0.0,3.4423,0.0,0.7154,B2,word_pos,vidange,N,vidange,NOM
poignard,NOUN,B2,beacco,0.0,0.5051,0.0,0.0,0.8162,0.0,1.6042,0.0,0.5051,0.0,0.0,1.2952,0.0,3.4423,0.0,0.9608,B2,word_pos,poignard,N,poignard,NOM
éprendre,VERB,B2,beacco,0.0,0.504,0.0,0.0,2.8448,0.0,0.0,0.0,0.504,0.0,0.0,5.3066,0.0,0.0,0.0,0.9819,B2,word_pos,éprendre,V,éprendre,VER
lapis-lazuli,NOUN,B2,beacco,0.0,0.5039,,,,,,,,0.0,0.0,0.2504,0.0,6.0005,0.0,0.5039,B2,beacco_only,,,lapis-lazuli,NOM
chiffon,NOUN,B2,beacco,0.0,0.5037,0.0,0.4234,0.0,0.0,6.2023,0.0,0.5037,0.0,0.4157,0.0,0.0,6.0005,0.0,0.4743,B2,word_pos,chiffon,N,chiffon,NOM
frugal,ADJ,B2,beacco,0.0,0.5037,0.0,0.4234,0.0,0.0,6.2023,0.0,0.5037,0.0,0.4157,0.0,0.0,6.0005,0.0,0.4743,B2,word_pos,frugal,A,frugal,ADJ
plâtre,NOUN,B2,beacco,0.0,0.5037,0.0,0.4234,0.0,0.0,6.2023,0.0,0.5037,0.0,0.8313,0.0,0.0,6.0005,0.0,0.4897,B2,word_pos,plâtre,N,plâtre,NOM
ronronner,VERB,B2,beacco,0.0,0.5037,0.0,0.4234,0.0,0.0,6.2023,0.0,0.5037,0.0,0.8313,0.0,0.0,6.0005,0.0,0.4897,B2,word_pos,ronronner,V,ronronner,VER
festivité,NOUN,B2,beacco,0.0,0.5034,0.0,0.0,2.8802,0.0,0.0,0.0,0.5034,0.0,0.0,5.4335,0.0,0.0,0.0,0.9976,B2,word_pos,festivité,N,festivité,NOM
néerlandais,ADJ,B2,beacco,0.0,0.5034,0.0,0.0,2.8802,0.0,0.0,0.0,0.5034,0.0,0.0,3.7679,0.0,0.0,0.0,0.7004,B2,word_pos,néerlandais,A,néerlandais,ADJ
promulguer,VERB,B2,beacco,0.0,0.5031,0.0,0.0,2.7658,0.0,0.0,0.0,0.5031,0.0,0.0,5.2979,0.0,0.0,0.0,0.998,B2,word_pos,promulguer,V,promulguer,VER
rente,NOUN,B2,beacco,0.0,0.5031,0.0,0.0,2.7658,0.0,0.0,0.0,0.5031,0.0,0.0,3.5636,0.0,0.0,0.0,0.6763,B2,word_pos,rente,N,rente,NOM
grignoter,VERB,B2,beacco,0.0,0.5027,0.5693,0.0,0.7236,0.0,0.0,0.0,0.5027,1.1764,0.0,0.6378,0.0,0.0,0.0,0.5777,B2,word_pos,grignoter,V,grignoter,VER
intergouvernemental,ADJ,B2,beacco,0.0,0.5025,0.0,0.0,2.7643,0.0,0.0,0.0,0.5025,0.0,0.0,3.5051,0.0,0.0,0.0,0.667,B2,word_pos,intergouvernemental,A,intergouvernemental,ADJ
porche,NOUN,B2,beacco,0.0,0.5025,0.0,0.0,2.7643,0.0,0.0,0.0,0.5025,0.0,0.0,3.5051,0.0,0.0,0.0,0.667,B2,word_pos,porche,N,porche,NOM
chorale,NOUN,B2,beacco,0.0,0.5013,0.0,0.2117,0.6802,0.0,0.0,0.0,0.5013,0.0,0.4157,1.757,0.0,0.0,0.0,1.3638,B2,word_pos,chorale,N,chorale,NOM
sensoriel,ADJ,B2,beacco,0.0,0.5013,0.0,0.2117,0.6802,0.0,0.0,0.0,0.5013,0.0,0.4157,0.5857,0.0,0.0,0.0,0.5739,B2,word_pos,sensoriel,A,sensoriel,ADJ
pluriel,ADJ,B2,beacco,0.0,0.5008,0.0,0.0,0.0,0.0,2.0505,28.8683,0.5008,0.0,0.0,0.0,0.0,4.139,57.984,1.5522,B2,word_pos,pluriel,A,pluriel,ADJ
affût,NOUN,B2,beacco,0.0,0.5007,0.0,0.2114,0.7236,0.0,0.0,0.0,0.5007,0.0,0.6008,0.6378,0.0,0.0,0.0,0.6867,B2,word_pos,affût,N,affût,NOM
veilleur,NOUN,B2,beacco,0.0,0.5006,0.0,0.2527,0.0,0.0,0.0,19.2455,0.5006,0.0,0.5137,0.0,0.0,0.0,38.656,1.0156,B2,word_pos,veilleur,N,veilleur,NOM
ellipse,NOUN,B2,beacco,0.0,0.5004,0.0,0.0,2.7742,0.0,0.0,0.0,0.5004,0.0,0.0,5.3437,0.0,0.0,0.0,0.9943,B2,word_pos,ellipse,N,ellipse,NOM
argenté,ADJ,B2,beacco,0.0,0.4998,,,,,,,,0.0,0.0,3.0079,0.0,0.0,0.0,0.4998,B2,beacco_only,,,argenté,ADJ
instruire,VERB,B2,beacco,0.0,0.4994,0.0,0.0,0.7236,0.0,0.0,2.0587,0.4994,0.0,0.0,0.6378,0.0,0.0,4.0185,0.7094,B2,word_pos,instruire,V,instruire,VER
structurer,VERB,B2,beacco,0.0,0.4994,0.0,0.0,0.7236,0.0,1.6042,0.0,0.4994,0.0,0.0,0.6378,0.0,3.4423,19.328,1.5619,B2,word_pos,structurer,V,structurer,VER
bâillement,NOUN,B2,beacco,0.0,0.4988,0.0,0.0,0.0,0.0,24.0631,0.0,0.4988,0.0,0.0,0.0,0.0,24.0961,0.0,0.4602,B2,word_pos,bâillement,N,bâillement,NOM
décollé,ADJ,B2,beacco,0.0,0.4981,,,,,,,,0.5987,0.606,0.0,0.0,0.0,0.0,0.4981,B2,beacco_only,,,décollé,ADJ
logistique,NOUN,B2,beacco,0.0,0.4978,0.0,0.2439,0.4809,0.0,0.0,0.0,0.4978,0.0,0.4664,0.4665,0.0,0.0,0.0,0.6645,B2,word_pos,logistique,N,logistique,NOM
immergé,ADJ,B2,beacco,0.0,0.4972,,,,,,,,0.8346,0.0,0.438,0.0,0.0,0.0,0.4972,B2,beacco_only,,,immergé,ADJ
gonfler,VERB,B2,beacco,0.0,0.4959,0.0,0.0,2.9106,0.0,0.0,0.0,0.4959,0.0,0.0,3.5957,1.3018,0.0,0.0,1.5077,B2,word_pos,gonfler,V,gonfler,VER
distant,ADJ,B2,beacco,0.0,0.4958,0.0,0.0,2.791,0.0,0.0,0.0,0.4958,0.0,0.0,2.501,0.0,0.0,0.0,0.6771,B2,word_pos,distant,A,distant,ADJ
semis,NOUN,B2,beacco,0.0,0.4958,0.0,0.0,2.791,0.0,0.0,0.0,0.4958,0.0,0.0,2.501,0.0,0.0,0.0,0.6771,B2,word_pos,semis,N,semis,NOM
clause,NOUN,B2,beacco,0.0,0.4957,0.0,0.0,0.2366,0.0,3.2084,0.0,0.4957,0.0,0.0,0.438,0.0,6.8846,0.0,1.0034,B2,word_pos,clause,N,clause,NOM
philosophique,ADJ,B2,beacco,0.0,0.4957,0.0,0.0,0.2366,0.0,3.2084,0.0,0.4957,0.0,0.0,0.438,0.0,3.4423,0.0,0.7154,B2,word_pos,philosophique,A,philosophique,ADJ
seigneurie,NOUN,B2,beacco,0.0,0.4957,0.0,0.0,0.2366,0.0,3.2084,0.0,0.4957,0.0,0.0,0.438,0.0,3.4423,0.0,0.7154,B2,word_pos,seigneurie,N,seigneurie,NOM
procuration,NOUN,B2,beacco,0.0,0.4956,0.0,0.0,2.7457,0.0,0.0,0.0,0.4956,0.0,0.0,3.6048,0.0,0.0,0.0,0.6824,B2,word_pos,procuration,N,procuration,NOM
continuité,NOUN,B2,beacco,0.0,0.4935,0.0,0.0,0.7236,0.0,2.0505,0.0,0.4935,0.0,0.0,0.6378,0.0,4.139,0.0,0.7115,B2,word_pos,continuité,N,continuité,NOM
taxer,VERB,B2,beacco,0.0,0.4935,0.0,0.0,0.7236,0.0,2.0505,0.0,0.4935,0.0,0.0,0.6378,2.2839,4.139,0.0,1.5732,B2,word_pos,taxer,V,taxer,VER
instaurer,VERB,B2,beacco,0.0,0.4932,0.0,0.0,0.0,0.0,13.3747,0.0,0.4932,0.0,0.0,0.0,0.0,19.861,0.0,0.7262,B2,word_pos,instaurer,V,instaurer,VER
minoritaire,ADJ,B2,beacco,0.0,0.4932,0.0,0.0,0.0,0.0,13.3747,0.0,0.4932,0.0,0.0,0.0,0.0,19.861,0.0,0.7262,B2,word_pos,minoritaire,A,minoritaire,ADJ
restreindre,VERB,B2,beacco,0.0,0.4932,0.0,0.0,0.0,0.0,13.3747,0.0,0.4932,0.0,0.0,7.1081,0.0,51.4303,0.0,5.4007,B2,word_pos,restreindre,V,restreindre,VER
oubliette,NOUN,B2,beacco,0.0,0.4925,0.0,0.3228,0.2366,0.0,1.6042,0.0,0.4925,0.0,0.186,0.438,0.0,3.4423,0.0,0.9966,B2,word_pos,oubliette,N,oubliette,NOM
volcanique,ADJ,B2,beacco,0.0,0.4922,0.4996,0.0,0.0,0.0,3.2084,0.0,0.4922,0.9464,0.0,0.0,0.0,6.8846,0.0,1.0376,B2,word_pos,volcanique,A,volcanique,ADJ
pandémie,NOUN,B2,beacco,0.0,0.4914,0.0,0.0,0.0,0.0,27.9104,0.0,0.4914,0.0,0.0,0.0,0.0,36.0028,0.0,0.8585,B2,word_pos,pandémie,N,pandémie,NOM
rapatriement,NOUN,B2,beacco,0.0,0.4906,0.5025,0.0,0.0,0.0,4.101,0.0,0.4906,0.9051,0.0,0.0,0.0,4.139,0.0,0.6689,B2,word_pos,rapatriement,N,rapatriement,NOM
allègre,ADJ,B2,beacco,0.0,0.4903,0.0,0.7405,0.1155,0.0,0.0,0.0,0.4903,0.0,0.606,0.2331,0.0,0.0,0.0,0.6767,B2,word_pos,allègre,A,allègre,ADJ
imperméable,NOUN,B2,beacco,0.0,0.4902,0.0,3.5373,0.0,0.0,0.0,0.0,0.4902,0.0,1.2017,0.5008,0.0,0.0,0.0,1.2363,B2,word_pos,imperméable,N,imperméable,NOM
héroïque,ADJ,B2,beacco,0.0,0.4898,0.0,0.0,0.6802,0.0,1.6042,0.0,0.4898,0.0,0.0,0.5857,0.0,3.4423,0.0,0.7027,B2,word_pos,héroïque,A,héroïque,ADJ
infiltrer,VERB,B2,beacco,0.0,0.4898,0.0,0.2117,0.0,0.0,6.2023,0.0,0.4898,0.0,0.4157,0.0,0.0,12.0009,0.0,0.9563,B2,word_pos,infiltrer,V,infiltrer,VER
distrayant,ADJ,B2,beacco,0.0,0.4897,0.0,0.0,2.8098,0.0,0.0,0.0,0.4897,0.0,0.0,3.7679,0.0,0.0,0.0,0.7004,B2,word_pos,distrayant,A,distrayant,ADJ
harmonica,NOUN,B2,beacco,0.0,0.4897,0.0,0.0,2.623,0.0,0.0,0.0,0.4897,0.0,0.0,2.7406,0.0,0.0,0.0,0.5232,B2,word_pos,harmonica,N,harmonica,NOM
activement,ADV,B2,beacco,0.0,0.4892,0.0,0.0,0.1155,0.0,6.2023,0.0,0.4892,0.0,0.0,0.2331,0.0,6.0005,0.0,0.6891,B2,word_pos,activement,ADV,activement,ADV
turc,NOUN,B2,beacco,0.0,0.4891,0.0,0.0,2.6149,0.0,0.0,0.0,0.4891,0.0,0.0,2.9677,0.0,0.0,0.0,0.6813,B2,word_pos,turc,N,turc,NOM
vacciner,VERB,B2,beacco,0.0,0.4891,0.0,0.0,2.6149,0.0,0.0,0.0,0.4891,0.0,0.0,2.9677,0.0,0.0,0.0,0.6813,B2,word_pos,vacciner,V,vacciner,VER
tuilerie,NOUN,B2,beacco,0.0,0.4887,2.6523,0.3209,0.0,0.0,0.0,0.0,0.4887,0.9121,0.6228,0.5857,0.0,0.0,0.0,1.3357,B2,word_pos,tuilerie,N,tuilerie,NOM
ferraille,NOUN,B2,beacco,0.0,0.4881,0.0,0.0,2.8482,0.0,0.0,0.0,0.4881,0.0,0.0,3.6638,0.0,0.0,0.0,0.6859,B2,word_pos,ferraille,N,ferraille,NOM
raz,NOUN,B2,beacco,0.0,0.4878,0.0,0.0,0.1637,0.0,3.2084,0.0,0.4878,0.0,0.0,0.1243,0.0,3.4423,0.0,0.6717,B2,word_pos,raz,N,raz,NOM
entasser,VERB,B2,beacco,0.0,0.4873,0.0,0.0,2.6453,0.0,0.0,0.0,0.4873,0.0,0.0,3.4846,0.0,0.0,0.0,0.6701,B2,word_pos,entasser,V,entasser,VER
ralentissement,NOUN,B2,beacco,0.0,0.4864,0.0,0.0,0.2405,0.0,0.0,19.4814,0.4864,0.0,0.0,0.4665,0.0,0.0,12.833,0.6597,B2,word_pos,ralentissement,N,ralentissement,NOM
pâtissier,NOUN,B2,beacco,0.0,0.4859,0.0,0.2117,0.3765,0.0,0.0,0.0,0.4859,0.0,0.4157,0.3933,0.0,0.0,0.0,0.6169,B2,word_pos,pâtissier,N,pâtissier,NOM
bavardage,NOUN,B2,beacco,0.0,0.4855,0.0,0.6418,0.0908,0.0,0.0,0.0,0.4855,0.0,0.6228,0.2504,0.0,0.0,0.0,0.6149,B2,word_pos,bavardage,N,bavardage,NOM
affolement,NOUN,B2,beacco,0.0,0.4846,0.0,0.0,0.0906,0.0,0.0,12.9876,0.4846,0.0,0.0,0.185,0.0,0.0,12.833,0.675,B2,word_pos,affolement,N,affolement,NOM
escarpin,NOUN,B2,beacco,0.0,0.4846,0.0,0.2206,0.4809,0.0,0.0,0.0,0.4846,0.0,0.2129,0.4665,0.0,0.0,0.0,0.6448,B2,word_pos,escarpin,N,escarpin,NOM
lamentation,NOUN,B2,beacco,0.0,0.4843,0.3983,0.0,0.4809,0.0,0.0,0.0,0.4843,0.8346,0.0,0.4665,0.0,0.0,0.0,0.5535,B2,word_pos,lamentation,N,lamentation,NOM
vif,NOUN,B2,beacco,0.0,0.4837,0.0,3.439,0.0,0.0,0.0,0.0,0.4837,0.0,0.2891,0.0,0.0,3.4423,0.0,0.4766,B2,word_pos,vif,N,vif,NOM
oie,NOUN,B2,beacco,0.0,0.4835,1.005,0.0,0.0,0.0,6.2023,0.0,0.4835,1.8101,0.0,0.0,0.0,6.0005,0.0,0.7367,B2,word_pos,oie,N,oie,NOM
livide,ADJ,B2,beacco,0.0,0.4825,0.0,0.0,2.5791,0.0,0.0,0.0,0.4825,0.0,0.0,5.0713,0.0,0.0,0.0,0.9814,B2,word_pos,livide,A,livide,ADJ
affluent,NOUN,B2,beacco,0.0,0.4815,0.0,3.4345,0.0,0.0,0.0,0.0,0.4815,0.0,4.7285,0.0,0.0,0.0,0.0,0.6838,B2,word_pos,affluent,N,affluent,NOM
aveu,NOUN,B2,beacco,0.0,0.4809,0.0,0.0,2.657,0.0,0.0,0.0,0.4809,0.0,0.0,3.1652,0.0,0.0,0.0,0.6006,B2,word_pos,aveu,N,aveu,NOM
honnêtement,ADV,B2,beacco,0.0,0.4798,0.0,0.0,0.1155,0.0,0.0,12.9876,0.4798,0.0,0.0,0.2331,0.0,0.0,12.833,0.7024,B2,word_pos,honnêtement,ADV,honnêtement,ADV
contrarier,VERB,B2,beacco,0.0,0.4796,0.0,0.2152,0.4809,0.0,0.0,0.0,0.4796,0.0,0.186,0.4665,0.0,0.0,0.0,0.4478,B2,word_pos,contrarier,V,contrarier,VER
menteur,ADJ,B2,beacco,0.0,0.4772,0.3158,0.6418,0.0,0.0,0.0,0.0,0.4772,0.6291,0.6228,0.0,0.0,0.0,0.0,0.4857,B2,word_pos,menteur,A,menteur,ADJ
communément,ADV,B2,beacco,0.0,0.4769,0.0,0.0,0.0,0.0,0.0,48.0277,0.4769,0.0,0.0,0.0,0.0,0.0,56.7717,0.7913,B2,word_pos,communément,ADV,communément,ADV
formalité,NOUN,B2,beacco,0.0,0.4769,0.5025,0.0,0.0,0.0,6.2023,0.0,0.4769,0.9051,0.0,0.0,0.0,6.0005,0.0,0.6469,B2,word_pos,formalité,N,formalité,NOM
marquant,ADJ,B2,beacco,0.0,0.4762,0.4996,0.0,0.0,0.0,6.2023,0.0,0.4762,0.9464,0.0,0.0,0.0,6.0005,0.0,0.5397,B2,word_pos,marquant,A,marquant,ADJ
haricot,NOUN,B2,beacco,0.0,0.476,1.3242,0.1103,0.0,0.0,0.0,0.0,0.476,1.2635,0.2129,0.0,0.0,0.0,0.0,0.646,B2,word_pos,haricot,N,haricot,NOM
débrouillard,ADJ,B2,beacco,0.0,0.4755,0.0,0.3209,0.4152,0.0,0.0,0.0,0.4755,0.0,0.6228,0.3906,0.0,0.0,0.0,0.6689,B2,word_pos,débrouillard,A,débrouillard,ADJ
enrhumer,VERB,B2,beacco,0.0,0.475,0.0,3.3696,0.0,0.0,0.0,0.0,0.475,0.0,4.7203,0.0,0.0,0.0,0.0,0.6494,B2,word_pos,enrhumer,V,enrhumer,VER
cantonner,VERB,B2,beacco,0.0,0.4749,0.0,0.0,0.0,0.0,13.8696,0.0,0.4749,0.0,0.0,0.0,0.0,20.6179,0.0,0.7913,B2,word_pos,cantonner,V,cantonner,VER
dioxyde,NOUN,B2,beacco,0.0,0.4749,0.0,0.0,0.0,0.0,13.8696,0.0,0.4749,0.0,0.0,0.0,0.0,20.6179,0.0,0.7913,B2,word_pos,dioxyde,N,dioxyde,NOM
fluctuation,NOUN,B2,beacco,0.0,0.4749,0.0,0.0,0.0,0.0,13.8696,0.0,0.4749,0.0,0.0,0.0,0.0,27.9938,0.0,1.035,B2,word_pos,fluctuation,N,fluctuation,NOM
géologue,NOUN,B2,beacco,0.0,0.4749,0.0,0.0,0.0,0.0,13.8696,0.0,0.4749,0.0,0.0,0.0,0.0,20.6179,0.0,0.7913,B2,word_pos,géologue,N,géologue,NOM
transmissible,ADJ,B2,beacco,0.0,0.4749,0.0,0.0,0.0,0.0,13.8696,0.0,0.4749,0.0,0.0,0.0,0.0,27.9938,0.0,1.035,B2,word_pos,transmissible,A,transmissible,ADJ
détriment,NOUN,B2,beacco,0.0,0.4746,0.0,0.7405,0.0,0.0,0.0,6.4938,0.4746,0.0,0.606,0.0,0.0,19.861,25.6659,2.6148,B2,word_pos,détriment,N,détriment,NOM
délier,VERB,B2,beacco,0.0,0.4737,0.0,0.0,2.7298,0.0,0.0,0.0,0.4737,0.0,0.0,2.4816,0.0,0.0,0.0,0.6567,B2,word_pos,délier,V,délier,VER
olivier,NOUN,B2,beacco,0.0,0.4731,0.4014,0.0,0.6802,0.0,0.0,0.0,0.4731,0.7319,0.0,0.5857,0.0,0.0,0.0,0.4955,B2,word_pos,olivier,N,olivier,NOM
locomotive,NOUN,B2,beacco,0.0,0.4705,0.0,0.0,2.673,0.0,0.0,0.0,0.4705,0.0,0.0,3.7062,0.0,0.0,0.0,0.6943,B2,word_pos,locomotive,N,locomotive,NOM
étoiler,VERB,B2,beacco,0.0,0.469,0.0,0.2117,0.3014,0.0,0.0,0.0,0.469,0.0,0.0,4.3647,0.0,0.0,0.0,0.7251,B2,word_pos,étoiler,V,étoiler,VER
opérationnel,ADJ,B2,beacco,0.0,0.4685,0.0,0.0,0.4732,0.0,3.1012,0.0,0.4685,0.0,0.0,0.438,0.0,6.0005,0.0,0.7202,B2,word_pos,opérationnel,A,opérationnel,ADJ
monopoliser,VERB,B2,beacco,0.0,0.4664,0.0,0.0,0.4809,0.0,0.0,9.6228,0.4664,0.0,0.0,0.4665,0.0,0.0,19.328,0.636,B2,word_pos,monopoliser,V,monopoliser,VER
groupement,NOUN,B2,beacco,0.0,0.4653,0.0,0.0,0.5833,0.0,1.6042,0.0,0.4653,0.0,0.0,0.5531,0.0,3.4423,0.0,0.6976,B2,word_pos,groupement,N,groupement,NOM
pâture,NOUN,B2,beacco,0.0,0.4653,0.0,0.0,0.5833,0.0,1.6042,0.0,0.4653,0.0,0.0,1.1062,0.0,3.4423,0.0,0.9238,B2,word_pos,pâture,N,pâture,NOM
sensationnel,ADJ,B2,beacco,0.0,0.4653,0.0,0.0,0.5833,0.0,1.6042,0.0,0.4653,0.0,0.0,3.7062,0.0,0.0,0.0,0.6943,B2,word_pos,sensationnel,A,sensationnel,ADJ
didactique,ADJ,B2,beacco,0.0,0.4651,0.0,0.0,2.6577,0.0,0.0,0.0,0.4651,0.0,0.0,3.7375,0.0,0.0,0.0,0.6965,B2,word_pos,didactique,A,didactique,ADJ
éclectique,ADJ,B2,beacco,0.0,0.4647,0.0,0.0,2.5822,0.0,0.0,0.0,0.4647,0.0,0.0,2.6301,0.0,0.0,0.0,0.6721,B2,word_pos,éclectique,A,éclectique,ADJ
harmonieusement,ADV,B2,beacco,0.0,0.4643,0.0,0.0,0.4538,0.0,0.0,6.4938,0.4643,0.0,0.0,0.2504,0.0,0.0,12.833,0.5351,B2,word_pos,harmonieusement,ADV,harmonieusement,ADV
incessant,ADJ,B2,beacco,0.0,0.4636,0.0,0.0,2.7029,0.0,0.0,0.0,0.4636,0.0,0.0,2.4519,0.0,0.0,0.0,0.6519,B2,word_pos,incessant,A,incessant,ADJ
acclamation,NOUN,B2,beacco,0.0,0.4628,0.0,0.0,2.5729,0.0,0.0,0.0,0.4628,0.0,0.0,3.1766,0.0,0.0,0.0,0.675,B2,word_pos,acclamation,N,acclamation,NOM
pleurer,NOUN,B2,beacco,0.0,0.4623,,,,,,,,0.0,0.2065,0.487,0.0,0.0,0.0,0.4623,B2,beacco_only,,,pleurer,NOM
frisé,ADJ,B2,beacco,0.0,0.4613,1.005,0.1425,0.0,0.0,0.0,0.0,0.4613,1.8101,0.2891,0.0,0.0,0.0,0.0,0.96,B2,word_pos,frisé,A,frisé,ADJ
commandant,NOUN,B2,beacco,0.0,0.461,0.0,0.0,2.5012,0.0,0.0,0.0,0.461,0.0,0.0,3.4656,0.0,0.0,0.0,0.6693,B2,word_pos,commandant,N,commandant,NOM
laser,NOUN,B2,beacco,0.0,0.4603,0.0,0.7405,0.2076,0.0,0.0,0.0,0.4603,0.0,0.606,0.3906,0.0,0.0,0.0,0.6695,B2,word_pos,laser,N,laser,NOM
congélateur,NOUN,B2,beacco,0.0,0.4595,0.0,0.0,0.7236,0.0,3.1012,0.0,0.4595,0.0,0.0,0.6378,0.0,6.0005,0.0,0.7013,B2,word_pos,congélateur,N,congélateur,NOM
piocher,VERB,B2,beacco,0.0,0.4595,0.0,0.0,0.7236,0.0,3.1012,0.0,0.4595,0.0,0.0,0.6378,0.0,6.0005,0.0,0.7013,B2,word_pos,piocher,V,piocher,VER
adoubement,NOUN,B2,beacco,0.0,0.4593,0.7967,0.1076,0.0,0.0,0.0,0.0,0.4593,0.8346,0.186,0.0,0.0,0.0,0.0,0.5973,B2,word_pos,adoubement,N,adoubement,NOM
ambrer,VERB,B2,beacco,0.0,0.4592,0.0,0.0,0.0,0.0,3.1012,4.1173,0.4592,0.0,0.0,0.0,0.0,6.0005,4.0185,0.7219,B2,word_pos,ambrer,V,ambrer,VER
discriminatoire,ADJ,B2,beacco,0.0,0.4592,0.0,0.0,0.0,0.0,12.7628,0.0,0.4592,0.0,0.0,0.0,0.0,20.024,0.0,0.7219,B2,word_pos,discriminatoire,A,discriminatoire,ADJ
infini,NOUN,B2,beacco,0.0,0.4592,0.0,0.0,0.0,0.0,12.7628,0.0,0.4592,0.0,0.0,0.0,2.2839,20.024,0.0,1.5671,B2,word_pos,infini,N,infini,NOM
initié,NOUN,B2,beacco,0.0,0.4592,0.0,0.0,0.0,0.0,12.7628,0.0,0.4592,0.0,0.0,0.0,0.0,20.024,0.0,0.7219,B2,word_pos,initié,N,initié,NOM
insultant,ADJ,B2,beacco,0.0,0.4592,0.0,0.0,0.0,0.0,12.7628,0.0,0.4592,0.0,0.0,0.3933,0.0,20.024,0.0,1.4561,B2,word_pos,insultant,A,insultant,ADJ
poinçon,NOUN,B2,beacco,0.0,0.4592,0.0,0.0,0.0,0.0,12.7628,0.0,0.4592,0.0,0.0,0.0,0.0,26.3397,0.0,0.8742,B2,word_pos,poinçon,N,poinçon,NOM
scinder,VERB,B2,beacco,0.0,0.4592,0.0,0.0,0.0,0.0,12.7628,0.0,0.4592,0.0,0.0,0.0,0.0,20.024,0.0,0.7219,B2,word_pos,scinder,V,scinder,VER
senteur,NOUN,B2,beacco,0.0,0.4592,0.0,0.0,0.0,0.0,3.1012,4.1173,0.4592,0.0,0.0,0.0,0.0,6.0005,4.0185,0.7219,B2,word_pos,senteur,N,senteur,NOM
stipuler,VERB,B2,beacco,0.0,0.4592,0.0,0.0,0.0,0.0,12.7628,0.0,0.4592,0.0,0.0,0.0,0.0,20.024,0.0,0.7219,B2,word_pos,stipuler,V,stipuler,VER
sécuriser,VERB,B2,beacco,0.0,0.4592,0.0,0.0,0.0,0.0,12.7628,0.0,0.4592,0.0,0.0,0.1219,2.2839,31.3528,0.0,3.2211,B2,word_pos,sécuriser,V,sécuriser,VER
amidon,NOUN,B2,beacco,0.0,0.4587,0.0,1.1107,0.0,0.0,1.6042,0.0,0.4587,0.0,0.606,0.0,0.0,3.4423,0.0,0.6717,B2,word_pos,amidon,N,amidon,NOM
sonnette,NOUN,B2,beacco,0.0,0.4578,0.0,0.0,0.5833,0.0,2.0505,0.0,0.4578,0.0,0.0,0.5531,0.0,4.139,0.0,0.6893,B2,word_pos,sonnette,N,sonnette,NOM
bec,NOUN,B2,beacco,0.0,0.4568,0.0,0.0,0.0908,0.0,6.2023,0.0,0.4568,0.0,0.0,0.2504,0.0,6.0005,0.0,0.5039,B2,word_pos,bec,N,bec,NOM
transcrire,VERB,B2,beacco,0.0,0.4568,0.0,0.0,0.0908,0.0,6.2023,0.0,0.4568,0.0,0.0,0.2504,0.0,6.0005,0.0,0.5039,B2,word_pos,transcrire,V,transcrire,VER
aquarium,NOUN,B2,beacco,0.0,0.4557,7.0728,0.0,0.2366,0.0,0.0,0.0,0.4557,4.5607,0.0,0.438,0.0,0.0,0.0,0.6548,B2,word_pos,aquarium,N,aquarium,NOM
pédaler,VERB,B2,beacco,0.0,0.4543,0.5197,0.4275,0.0,0.0,0.0,0.0,0.4543,1.1123,1.1562,0.0,0.0,0.0,0.0,0.9778,B2,word_pos,pédaler,V,pédaler,VER
encombrement,NOUN,B2,beacco,0.0,0.4538,0.0,0.0,0.1812,0.0,6.2023,0.0,0.4538,0.0,0.0,0.185,0.0,12.0009,0.0,1.1602,B2,word_pos,encombrement,N,encombrement,NOM
souper,VERB,B2,beacco,0.0,0.4522,0.0,0.0,2.4691,0.0,0.0,0.0,0.4522,0.0,0.0,3.5358,0.0,0.0,0.0,0.6762,B2,word_pos,souper,V,souper,VER
furie,NOUN,B2,beacco,0.0,0.4517,0.0,0.0,2.4434,0.0,0.0,0.0,0.4517,0.0,0.0,3.4682,0.0,0.0,0.0,0.6697,B2,word_pos,furie,N,furie,NOM
captif,NOUN,B2,beacco,0.0,0.4512,0.0,0.0,1.0203,0.0,3.1012,0.0,0.4512,0.0,0.0,0.4317,0.0,6.0005,0.0,0.6194,B2,unique_word,captif,N,captif,ADJ
explosif,ADJ,B2,beacco,0.0,0.4486,0.0,0.0,0.0,0.0,3.1012,45.4565,0.4486,0.0,0.0,0.0,2.2839,6.0005,12.833,1.5897,B2,word_pos,explosif,A,explosif,ADJ
célébration,NOUN,B2,beacco,0.0,0.4485,0.0,0.0,0.3401,0.0,0.0,19.2455,0.4485,0.0,0.0,0.5857,0.0,0.0,19.328,0.684,B2,word_pos,célébration,N,célébration,NOM
betterave,NOUN,B2,beacco,0.0,0.4478,0.4068,0.0,0.0,0.0,6.2023,0.0,0.4478,0.8075,0.0,0.0,0.0,12.0009,0.0,1.0089,B2,word_pos,betterave,N,betterave,NOM
fiabilité,NOUN,B2,beacco,0.0,0.4478,0.0,0.0,0.6802,0.0,3.1012,0.0,0.4478,0.0,0.0,0.5857,0.0,6.0005,0.0,0.684,B2,word_pos,fiabilité,N,fiabilité,NOM
frottement,NOUN,B2,beacco,0.0,0.4458,0.0,1.1107,0.0,0.0,2.0505,0.0,0.4458,0.0,0.606,0.0,0.0,4.139,0.0,0.6485,B2,word_pos,frottement,N,frottement,NOM
toutou,NOUN,B2,beacco,0.0,0.4452,0.0,1.2993,0.3401,0.0,0.0,0.0,0.4452,0.0,0.5213,1.1713,0.0,0.0,0.0,1.0206,B2,word_pos,toutou,N,toutou,NOM
stimulant,ADJ,B2,beacco,0.0,0.4449,0.0,0.0,0.4152,0.0,0.0,9.6228,0.4449,0.0,0.0,0.3906,0.0,0.0,19.328,0.5978,B2,word_pos,stimulant,A,stimulant,ADJ
marécageux,ADJ,B2,beacco,0.0,0.4426,0.4014,0.0,0.1812,0.0,0.0,0.0,0.4426,0.7319,0.0,0.185,0.0,0.0,0.0,0.516,B2,word_pos,marécageux,A,marécageux,ADJ
remplacement,NOUN,B2,beacco,0.0,0.4426,0.0,0.0,0.0,0.0,1.6042,19.2455,0.4426,0.0,0.0,0.0,0.0,3.4423,19.328,0.7219,B2,word_pos,remplacement,N,remplacement,NOM
tirailler,VERB,B2,beacco,0.0,0.4426,0.0,0.0,0.0,0.0,1.6042,19.2455,0.4426,0.0,0.0,0.0,0.0,3.4423,19.328,0.7219,B2,word_pos,tirailler,V,tirailler,VER
diagnostic,NOUN,B2,beacco,0.0,0.4424,0.0,0.0,0.3618,0.0,0.0,19.2455,0.4424,0.0,0.0,0.6378,0.0,0.0,38.656,1.1907,B2,word_pos,diagnostic,N,diagnostic,NOM
indissoluble,ADJ,B2,beacco,0.0,0.4424,0.0,0.0,0.3618,0.0,0.0,19.2455,0.4424,0.0,0.0,0.6378,0.0,0.0,19.328,0.7013,B2,word_pos,indissoluble,A,indissoluble,ADJ
maquis,NOUN,B2,beacco,0.0,0.4422,0.0,0.0,0.0818,0.0,6.2023,0.0,0.4422,0.0,0.0,0.1243,0.0,6.0005,0.0,0.623,B2,word_pos,maquis,N,maquis,NOM
délivrance,NOUN,B2,beacco,0.0,0.4371,0.0,0.0,0.2076,0.0,0.0,12.9876,0.4371,0.0,0.0,0.3906,0.0,0.0,12.833,0.6261,B2,word_pos,délivrance,N,délivrance,NOM
anesthésique,ADJ,B2,beacco,0.0,0.4368,0.0,0.0,0.0,0.0,24.8092,0.0,0.4368,0.0,0.0,0.0,0.0,30.0023,0.0,0.7155,B2,word_pos,anesthésique,A,anesthésique,ADJ
nuageux,ADJ,B2,beacco,0.0,0.4358,0.0,0.0,2.3843,0.0,0.0,0.0,0.4358,0.0,0.0,3.4846,0.0,0.0,0.0,0.6701,B2,word_pos,nuageux,A,nuageux,ADJ
bibliographique,ADJ,B2,beacco,0.0,0.4344,0.0,0.0,0.0,0.0,2.0505,19.2455,0.4344,0.0,0.0,0.0,0.0,4.139,19.328,0.7913,B2,word_pos,bibliographique,A,bibliographique,ADJ
objecter,VERB,B2,beacco,0.0,0.4333,0.0,1.2993,0.3618,0.0,0.0,0.0,0.4333,0.0,0.5213,0.6378,0.0,0.0,0.0,0.6051,B2,word_pos,objecter,V,objecter,VER
paupière,NOUN,B2,beacco,0.0,0.4332,0.0,0.0,0.4809,0.0,1.6042,0.0,0.4332,0.0,0.0,0.4665,0.0,3.4423,0.0,0.6793,B2,word_pos,paupière,N,paupière,NOM
climatologie,NOUN,B2,beacco,0.0,0.4311,0.0,0.0,2.4003,0.0,0.0,0.0,0.4311,0.0,0.0,3.5051,0.0,0.0,0.0,0.667,B2,word_pos,climatologie,N,climatologie,NOM
pléiade,NOUN,B2,beacco,0.0,0.4311,0.0,0.0,2.4003,0.0,0.0,0.0,0.4311,0.0,0.0,3.5051,0.0,0.0,0.0,0.667,B2,word_pos,pléiade,N,pléiade,NOM
commerçant,ADJ,B2,beacco,0.0,0.4298,1.005,0.2117,0.0,0.0,0.0,0.0,0.4298,0.9051,0.4157,2.9048,0.0,0.0,0.0,2.4124,B2,word_pos,commerçant,A,commerçant,ADJ
marelle,NOUN,B2,beacco,0.0,0.4293,1.7078,0.0,0.2076,0.0,0.0,0.0,0.4293,1.1764,0.0,0.3906,0.0,0.0,0.0,0.6271,B2,word_pos,marelle,N,marelle,NOM
sketch,NOUN,B2,beacco,0.0,0.4288,2.4979,0.0,0.2405,0.0,0.0,0.0,0.4288,1.8928,0.0,0.4665,0.0,0.0,0.0,0.812,B2,word_pos,sketch,N,sketch,NOM
harmoniser,VERB,B2,beacco,0.0,0.4286,0.2541,0.0,0.5833,0.0,0.0,0.0,0.4286,0.5504,0.0,0.5531,0.0,0.0,0.0,0.4461,B2,word_pos,harmoniser,V,harmoniser,VER
électricien,NOUN,B2,beacco,0.0,0.4286,0.2541,0.0,0.5833,0.0,0.0,0.0,0.4286,0.5504,0.0,0.5531,0.0,0.0,0.0,0.4461,B2,word_pos,électricien,N,électricien,NOM
berline,NOUN,B2,beacco,0.0,0.4282,0.0,0.0,0.9413,0.0,3.1012,0.0,0.4282,0.0,0.0,1.9664,0.0,6.0005,0.0,0.8206,B2,word_pos,berline,N,berline,NOM
hypothéquer,VERB,B2,beacco,0.0,0.4282,0.0,0.0,2.5949,0.0,0.0,0.0,0.4282,0.0,0.0,3.5301,0.0,0.0,0.0,0.6796,B2,word_pos,hypothéquer,V,hypothéquer,VER
contagion,NOUN,B2,beacco,0.0,0.4274,0.0,0.0,0.7214,0.0,3.1012,0.0,0.4274,0.0,0.0,0.4665,0.0,6.0005,0.0,0.636,B2,word_pos,contagion,N,contagion,NOM
croyable,ADJ,B2,beacco,0.0,0.4271,0.0,3.2366,0.0,0.0,0.0,0.0,0.4271,0.0,4.7165,0.0,0.0,0.0,0.0,0.6773,B2,word_pos,croyable,A,croyable,ADJ
confident,NOUN,B2,beacco,0.0,0.425,0.0,0.1887,0.5833,0.0,0.0,0.0,0.425,0.0,0.1937,0.5531,0.0,0.0,0.0,0.6128,B2,word_pos,confident,N,confident,NOM
stylisme,NOUN,B2,beacco,0.0,0.425,0.0,0.0944,0.5833,0.0,0.0,0.0,0.425,0.0,0.1937,0.5531,0.0,0.0,0.0,0.6128,B2,word_pos,stylisme,N,stylisme,NOM
juxtaposition,NOUN,B2,beacco,0.0,0.4248,0.0,0.0,0.4809,0.0,2.0505,0.0,0.4248,0.0,0.0,0.4665,0.0,4.139,0.0,0.6597,B2,word_pos,juxtaposition,N,juxtaposition,NOM
sondeur,NOUN,B2,beacco,0.0,0.4248,0.0,0.0,0.4809,0.0,2.0505,0.0,0.4248,0.0,0.0,0.4665,0.0,4.139,0.0,0.6597,B2,word_pos,sondeur,N,sondeur,NOM
buanderie,NOUN,B2,beacco,0.0,0.4233,0.0,0.6342,0.2076,0.0,0.0,0.0,0.4233,0.0,0.6008,0.3906,0.0,0.0,0.0,0.6694,B2,word_pos,buanderie,N,buanderie,NOM
bulbe,NOUN,B2,beacco,0.0,0.4209,0.0,0.0,2.381,0.0,0.0,0.0,0.4209,0.0,0.0,4.8127,0.0,0.0,0.0,1.5763,B2,word_pos,bulbe,N,bulbe,NOM
enseignant,ADJ,B2,beacco,0.0,0.4195,0.0,0.6418,0.0,0.0,0.0,9.6228,0.4195,0.0,0.6228,0.0,8.4014,0.0,38.656,3.2266,B2,word_pos,enseignant,A,enseignant,ADJ
rancoeur,NOUN,B2,beacco,0.0,0.4195,0.0,0.6418,0.0,0.0,0.0,9.6228,0.4195,0.0,0.6228,0.0,0.0,0.0,19.328,0.6543,B2,word_pos,rancoeur,N,rancoeur,NOM
expertise,NOUN,B2,beacco,0.0,0.4194,0.0,0.0,0.0,0.0,1.6042,19.4814,0.4194,0.0,0.0,0.0,0.0,3.4423,38.4989,1.4136,B2,word_pos,expertise,N,expertise,NOM
drainer,VERB,B2,beacco,0.0,0.4189,0.0,0.0,0.5833,0.0,3.1012,0.0,0.4189,0.0,0.0,0.5531,0.0,6.0005,0.0,0.6721,B2,word_pos,drainer,V,drainer,VER
pleurant,NOUN,B2,beacco,0.0,0.4176,0.0,0.5897,0.2295,0.0,0.0,0.0,0.4176,0.0,1.2222,0.487,0.0,0.0,0.0,0.8223,B2,word_pos,pleurant,N,pleurant,NOM
machisme,NOUN,B2,beacco,0.0,0.4155,0.0,0.0,0.0,0.0,0.0,39.0192,0.4155,0.0,0.0,0.0,0.0,0.0,77.4712,1.035,B2,word_pos,machisme,N,machisme,NOM
aller,NOUN,B2,beacco,0.0,0.4154,2.6523,0.0,0.2405,0.0,0.0,0.0,0.4154,2.7364,0.0,0.0,2.2839,0.0,0.0,0.6063,B2,word_pos,aller,N,aller,NOM
sillonner,VERB,B2,beacco,0.0,0.411,0.0,0.7405,0.3401,0.0,0.0,0.0,0.411,0.0,0.606,0.5857,0.0,0.0,0.0,0.6771,B2,word_pos,sillonner,V,sillonner,VER
haleine,NOUN,B2,beacco,0.0,0.4104,1.2043,0.0,0.1507,0.0,0.0,0.0,0.4104,0.7319,0.0,0.3059,0.0,0.0,0.0,0.5853,B2,word_pos,haleine,N,haleine,NOM
extrait,NOUN,B2,beacco,0.0,0.4081,0.0,0.0,2.3245,0.0,0.0,0.0,0.4081,0.0,0.0,9.7642,0.0,0.0,0.0,2.0413,B2,word_pos,extrait,N,extrait,NOM
résignation,NOUN,B2,beacco,0.0,0.4051,0.0,0.0,2.3079,0.0,0.0,0.0,0.4051,0.0,0.0,3.5861,0.0,0.0,0.0,0.6734,B2,word_pos,résignation,N,résignation,NOM
rejaillir,VERB,B2,beacco,0.0,0.4044,0.0,0.7405,0.0,0.0,1.6042,0.0,0.4044,0.0,0.606,0.0,0.0,3.4423,0.0,0.6717,B2,word_pos,rejaillir,V,rejaillir,VER
militantisme,NOUN,B2,beacco,0.0,0.403,0.0,0.0,2.4732,0.0,0.0,0.0,0.403,0.0,0.0,3.4688,0.0,0.0,0.0,0.6561,B2,word_pos,militantisme,N,militantisme,NOM
pardi,NOUN,B2,beacco,0.0,0.403,0.0,0.0,2.4732,0.0,0.0,0.0,0.403,0.0,0.0,3.4688,0.0,0.0,0.0,0.6561,B2,unique_word,pardi,N,pardi,INT
soupir,NOUN,B2,beacco,0.0,0.4017,0.0,0.4879,0.2041,0.0,0.0,0.0,0.4017,0.0,0.4664,0.4317,0.0,0.0,0.0,0.6652,B2,word_pos,soupir,N,soupir,NOM
introuvable,ADJ,B2,beacco,0.0,0.4013,0.0,0.0,2.1909,0.0,0.0,0.0,0.4013,0.0,0.0,3.3494,0.0,0.0,0.0,0.6479,B2,word_pos,introuvable,A,introuvable,ADJ
rafraîchissant,ADJ,B2,beacco,0.0,0.3997,0.0,0.4879,0.2076,0.0,0.0,0.0,0.3997,0.0,0.4664,0.3906,0.0,0.0,0.0,0.6647,B2,word_pos,rafraîchissant,A,rafraîchissant,ADJ
bibelot,NOUN,B2,beacco,0.0,0.3977,0.0,0.7318,0.2916,0.0,0.0,0.0,0.3977,0.0,0.4664,0.5531,0.0,0.0,0.0,0.6593,B2,word_pos,bibelot,N,bibelot,NOM
adversité,NOUN,B2,beacco,0.0,0.3976,0.0,0.0,2.2461,0.0,0.0,0.0,0.3976,0.0,0.0,2.6373,0.0,0.0,0.0,0.6741,B2,word_pos,adversité,N,adversité,NOM
diffus,ADJ,B2,beacco,0.0,0.3949,1.7078,0.0,0.0,0.0,0.0,9.6228,0.3949,1.1764,0.0,0.0,0.0,0.0,19.328,0.4891,B2,word_pos,diffus,A,diffus,ADJ
laideur,NOUN,B2,beacco,0.0,0.3914,0.0,0.0,2.2306,0.0,0.0,0.0,0.3914,0.0,0.0,3.5206,0.0,0.0,0.0,0.6622,B2,word_pos,laideur,N,laideur,NOM
enchanteur,NOUN,B2,beacco,0.0,0.3908,0.0,2.7403,0.0,0.0,0.0,0.0,0.3908,0.0,4.6792,0.0,0.0,0.0,0.0,0.6796,B2,word_pos,enchanteur,N,enchanteur,NOM
handicapé,NOUN,B2,beacco,0.0,0.3869,2.8633,0.0,0.3618,0.0,0.0,0.0,0.3869,2.3113,0.0,0.6378,0.0,0.0,0.0,0.6507,B2,word_pos,handicapé,N,handicapé,NOM
intransigeant,ADJ,B2,beacco,0.0,0.3867,0.0,3.081,0.0,0.0,0.0,0.0,0.3867,0.0,4.1482,0.0,0.0,0.0,0.0,0.5441,B2,word_pos,intransigeant,A,intransigeant,ADJ
aventurier,ADJ,B2,beacco,0.0,0.386,0.4996,0.0,0.1395,0.0,0.0,0.0,0.386,0.9464,0.0,0.1219,0.0,0.0,0.0,0.6537,B2,word_pos,aventurier,A,aventurier,ADJ
rénover,VERB,B2,beacco,0.0,0.3824,1.005,0.3209,0.0,0.0,0.0,0.0,0.3824,1.8101,0.6228,0.0,0.0,0.0,0.0,0.9458,B2,word_pos,rénover,V,rénover,VER
solvant,NOUN,B2,beacco,0.0,0.3822,0.0,0.0,0.0,0.0,21.7081,0.0,0.3822,0.0,0.0,0.0,0.0,42.0032,0.0,1.0016,B2,word_pos,solvant,N,solvant,NOM
hebdo,NOUN,B2,beacco,0.0,0.3814,0.0,0.7581,0.3401,0.0,0.0,0.0,0.3814,0.0,0.5137,0.5857,0.0,0.0,0.0,0.6113,B2,word_pos,hebdo,N,hebdo,NOM
émeraude,NOUN,B2,beacco,0.0,0.3796,0.0,0.2152,0.0908,0.0,0.0,0.0,0.3796,0.0,0.186,1.2521,0.0,0.0,0.0,1.7926,B2,word_pos,émeraude,N,émeraude,NOM
pelouse,NOUN,B2,beacco,0.0,0.3767,0.0,0.0,2.0307,0.0,0.0,0.0,0.3767,0.0,0.0,4.0193,0.0,0.0,0.0,1.0221,B2,word_pos,pelouse,N,pelouse,NOM
magnétoscope,NOUN,B2,beacco,0.0,0.376,0.0,0.331,0.0,0.0,6.2023,0.0,0.376,0.0,0.2129,0.0,0.0,6.0005,0.0,0.5397,B2,word_pos,magnétoscope,N,magnétoscope,NOM
infidèle,ADJ,B2,beacco,0.0,0.3758,0.0,0.0,0.0,0.0,0.0,39.0461,0.3758,0.8346,0.6008,0.0,0.0,0.0,4.0185,1.2814,B2,word_pos,infidèle,A,infidèle,ADJ
rêvé,ADJ,B2,beacco,0.0,0.3758,0.0,0.0,0.0,0.0,0.0,39.0461,0.3758,0.0,0.0,0.487,0.0,0.0,4.0185,0.6844,B2,word_pos,rêvé,A,rêvé,ADJ
atterrissage,NOUN,B2,beacco,0.0,0.3746,0.0,0.6418,0.2366,0.0,0.0,0.0,0.3746,0.0,0.6228,0.438,0.0,0.0,0.0,0.6892,B2,word_pos,atterrissage,N,atterrissage,NOM
figurine,NOUN,B2,beacco,0.0,0.3746,4.5827,0.0,0.0,0.0,0.0,0.0,0.3746,7.2908,0.0,0.0,0.0,0.0,0.0,0.618,B2,word_pos,figurine,N,figurine,NOM
comprimé,NOUN,B2,beacco,0.0,0.3709,0.0,0.6418,0.0,0.0,2.0505,0.0,0.3709,0.0,0.6228,0.0,0.0,4.139,0.0,0.675,B2,word_pos,comprimé,N,comprimé,NOM
coulisse,NOUN,B2,beacco,0.0,0.3705,0.0,0.0,0.7535,0.0,3.1012,0.0,0.3705,0.0,0.0,0.9178,0.0,6.0005,0.0,0.6227,B2,word_pos,coulisse,N,coulisse,NOM
adéquat,ADJ,B2,beacco,0.0,0.3703,0.0,0.0,0.2366,0.0,0.0,12.9876,0.3703,0.0,0.0,0.438,0.0,0.0,12.833,0.725,B2,word_pos,adéquat,A,adéquat,ADJ
décibel,NOUN,B2,beacco,0.0,0.3703,0.0,0.0,0.2366,0.0,0.0,12.9876,0.3703,0.0,0.0,0.438,0.0,0.0,12.833,0.725,B2,word_pos,décibel,N,décibel,NOM
redoutable,ADJ,B2,beacco,0.0,0.3679,0.0,0.0,0.0,0.0,10.2669,0.0,0.3679,0.0,0.0,0.0,0.0,20.6179,0.0,0.7913,B2,word_pos,redoutable,A,redoutable,ADJ
simplifier,VERB,B2,beacco,0.0,0.3679,0.0,0.0,0.0,0.0,10.2669,0.0,0.3679,0.0,0.0,0.0,0.0,20.6179,19.328,1.2133,B2,word_pos,simplifier,V,simplifier,VER
statuer,VERB,B2,beacco,0.0,0.3679,0.0,0.0,0.0,0.0,10.2669,0.0,0.3679,0.0,0.0,0.0,0.0,20.6179,0.0,0.7913,B2,word_pos,statuer,V,statuer,VER
techniquement,ADV,B2,beacco,0.0,0.3679,0.0,0.0,0.0,0.0,10.2669,0.0,0.3679,0.0,0.0,0.0,0.0,20.6179,0.0,0.7913,B2,word_pos,techniquement,ADV,techniquement,ADV
volontariste,ADJ,B2,beacco,0.0,0.3679,0.0,0.0,0.0,0.0,10.2669,0.0,0.3679,0.0,0.0,0.0,0.0,20.6179,0.0,0.7913,B2,word_pos,volontariste,A,volontariste,ADJ
acquéreur,NOUN,B2,beacco,0.0,0.3655,0.0,0.0,0.2366,0.0,3.1012,0.0,0.3655,0.0,0.0,0.438,0.0,6.0005,0.0,0.7202,B2,word_pos,acquéreur,N,acquéreur,NOM
rotation,NOUN,B2,beacco,0.0,0.3655,0.0,0.0,0.2366,0.0,3.1012,0.0,0.3655,0.0,0.0,0.438,0.0,6.0005,0.0,0.7202,B2,word_pos,rotation,N,rotation,NOM
entreposer,VERB,B2,beacco,0.0,0.3651,0.0,0.7318,0.0,0.0,1.6042,0.0,0.3651,0.0,0.4664,0.0,0.0,3.4423,0.0,0.6449,B2,word_pos,entreposer,V,entreposer,VER
coron,NOUN,B2,beacco,0.0,0.3639,0.0,0.0,3.9533,0.0,0.0,0.0,0.3639,0.0,0.0,6.2925,0.0,0.0,0.0,0.5845,B2,word_pos,coron,N,coron,NOM
humiliant,ADJ,B2,beacco,0.0,0.362,0.0,0.0,0.3618,0.0,3.1012,0.0,0.362,0.0,0.0,0.6378,0.0,6.0005,0.0,0.7013,B2,word_pos,humiliant,A,humiliant,ADJ
aspérité,NOUN,B2,beacco,0.0,0.3619,0.0,0.0,0.0,0.0,9.8488,0.0,0.3619,0.0,0.0,0.0,0.0,20.024,0.0,0.7219,B2,word_pos,aspérité,N,aspérité,NOM
dissuasif,ADJ,B2,beacco,0.0,0.3619,0.0,0.0,0.0,0.0,9.8488,0.0,0.3619,0.0,0.0,0.0,0.0,20.024,0.0,0.7219,B2,word_pos,dissuasif,A,dissuasif,ADJ
sécrétion,NOUN,B2,beacco,0.0,0.3619,0.0,0.0,0.0,0.0,9.8488,0.0,0.3619,0.0,0.0,0.0,0.0,20.024,0.0,0.7219,B2,word_pos,sécrétion,N,sécrétion,NOM
pathologique,ADJ,B2,beacco,0.0,0.3601,0.0,0.0,0.2366,0.0,2.0505,0.0,0.3601,0.0,0.0,0.438,0.0,4.139,0.0,0.725,B2,word_pos,pathologique,A,pathologique,ADJ
caniculaire,ADJ,B2,beacco,0.0,0.3585,0.0,0.0,0.0,0.0,2.0505,2.0587,0.3585,0.0,0.0,0.0,0.0,4.139,4.0185,0.7262,B2,word_pos,caniculaire,A,caniculaire,ADJ
consciemment,ADV,B2,beacco,0.0,0.3585,0.0,0.0,0.0,0.0,2.0505,2.0587,0.3585,0.0,0.0,0.0,0.0,4.139,4.0185,0.7262,B2,word_pos,consciemment,ADV,consciemment,ADV
faisabilité,NOUN,B2,beacco,0.0,0.3585,0.0,0.0,0.3618,0.0,2.0505,0.0,0.3585,0.0,0.0,0.6378,0.0,4.139,0.0,0.7115,B2,word_pos,faisabilité,N,faisabilité,NOM
fourni,ADJ,B2,beacco,0.0,0.3585,0.0,0.0,0.3618,0.0,2.0505,0.0,0.3585,0.0,0.4157,0.6378,0.0,0.0,0.0,0.5634,B2,word_pos,fourni,A,fourni,ADJ
généralisation,NOUN,B2,beacco,0.0,0.3585,0.0,0.0,0.0,0.0,9.8067,0.0,0.3585,0.0,0.0,0.0,0.0,19.861,0.0,0.7262,B2,word_pos,généralisation,N,généralisation,NOM
parallèle,NOUN,B2,beacco,0.0,0.3585,0.0,0.0,0.0,0.0,9.8067,0.0,0.3585,0.0,0.0,0.0,0.0,33.4475,0.0,1.0946,B2,word_pos,parallèle,N,parallèle,NOM
scepticisme,NOUN,B2,beacco,0.0,0.3585,0.0,0.0,0.3618,0.0,2.0505,0.0,0.3585,0.0,0.0,0.6378,0.0,4.139,0.0,0.7115,B2,word_pos,scepticisme,N,scepticisme,NOM
socialisation,NOUN,B2,beacco,0.0,0.3585,0.0,0.0,0.3618,0.0,2.0505,0.0,0.3585,0.0,0.0,0.6378,0.0,4.139,0.0,0.7115,B2,word_pos,socialisation,N,socialisation,NOM
diversification,NOUN,B2,beacco,0.0,0.3584,0.0,0.8456,0.0,0.0,0.0,2.0587,0.3584,0.0,0.6008,0.0,0.0,0.0,4.0185,0.6853,B2,word_pos,diversification,N,diversification,NOM
blocage,NOUN,B2,beacco,0.0,0.3578,0.0,0.0,1.8838,0.0,0.0,0.0,0.3578,0.0,0.0,3.5957,0.0,0.0,0.0,0.7091,B2,word_pos,blocage,N,blocage,NOM
magnésium,NOUN,B2,beacco,0.0,0.3577,0.0,0.0,0.2366,0.0,1.6042,0.0,0.3577,0.0,0.0,0.438,0.0,3.4423,0.0,0.7154,B2,word_pos,magnésium,N,magnésium,NOM
mémoriser,VERB,B2,beacco,0.0,0.3577,0.0,0.0,0.2366,0.0,0.0,2.0587,0.3577,0.0,0.0,0.438,0.0,0.0,4.0185,0.7154,B2,word_pos,mémoriser,V,mémoriser,VER
conflictuel,ADJ,B2,beacco,0.0,0.3576,0.0,0.0,0.4152,0.0,3.1012,0.0,0.3576,0.0,0.0,0.3906,0.0,6.0005,0.0,0.5978,B2,word_pos,conflictuel,A,conflictuel,ADJ
fronde,NOUN,B2,beacco,0.0,0.3576,0.0,0.0,0.4152,0.0,3.1012,0.0,0.3576,0.0,0.0,0.3906,0.0,6.0005,0.0,0.5978,B2,word_pos,fronde,N,fronde,NOM
improviser,VERB,B2,beacco,0.0,0.3576,0.0,0.0,0.4152,0.0,3.1012,0.0,0.3576,0.0,0.0,0.3906,0.0,6.0005,0.0,0.5978,B2,word_pos,improviser,V,improviser,VER
argumenter,VERB,B2,beacco,0.0,0.3572,0.0,0.0,0.3401,0.0,3.1012,0.0,0.3572,0.0,0.0,0.5857,0.0,6.0005,0.0,0.684,B2,word_pos,argumenter,V,argumenter,VER
fougère,NOUN,B2,beacco,0.0,0.3572,0.0,0.0,0.3401,0.0,3.1012,0.0,0.3572,0.0,0.0,0.5857,0.0,6.0005,0.0,0.684,B2,word_pos,fougère,N,fougère,NOM
gomme,NOUN,B2,beacco,0.0,0.3572,0.0,0.0,0.3401,0.0,3.1012,0.0,0.3572,0.0,0.0,0.5857,0.0,6.0005,0.0,0.684,B2,word_pos,gomme,N,gomme,NOM
marginaliser,VERB,B2,beacco,0.0,0.3572,0.0,0.0,0.3401,0.0,3.1012,0.0,0.3572,0.0,0.0,3.7679,0.0,6.0005,0.0,1.5392,B2,word_pos,marginaliser,V,marginaliser,VER
producteur,ADJ,B2,beacco,0.0,0.3572,0.0,0.0,0.3401,0.0,3.1012,0.0,0.3572,0.0,0.0,1.1713,0.0,6.0005,0.0,0.8013,B2,word_pos,producteur,A,producteur,ADJ
retravailler,VERB,B2,beacco,0.0,0.3572,0.0,0.0,0.3401,0.0,3.1012,0.0,0.3572,0.0,0.0,0.5857,0.0,6.0005,0.0,0.684,B2,word_pos,retravailler,V,retravailler,VER
équité,NOUN,B2,beacco,0.0,0.3565,0.0,0.0,0.3618,0.0,1.6042,0.0,0.3565,0.0,0.0,0.6378,0.0,3.4423,0.0,0.7094,B2,word_pos,équité,N,équité,NOM
confortablement,ADV,B2,beacco,0.0,0.3561,0.0,0.285,0.1507,0.0,0.0,0.0,0.3561,0.0,0.2891,0.3059,0.0,0.0,0.0,0.5907,B2,word_pos,confortablement,ADV,confortablement,ADV
théoriser,VERB,B2,beacco,0.0,0.3561,0.0,0.0,0.3401,0.0,2.0505,0.0,0.3561,0.0,0.0,0.5857,0.0,4.139,0.0,0.6985,B2,word_pos,théoriser,V,théoriser,VER
flotte,NOUN,B2,beacco,0.0,0.3546,0.0,0.0,0.4081,0.0,3.1012,0.0,0.3546,0.0,0.0,0.4317,0.0,6.0005,0.0,0.6194,B2,word_pos,flotte,N,flotte,NOM
végétation,NOUN,B2,beacco,0.0,0.3543,0.0,0.7125,0.2405,0.0,0.0,0.0,0.3543,0.0,0.2891,0.4665,0.0,0.0,0.0,0.5355,B2,word_pos,végétation,N,végétation,NOM
incorporation,NOUN,B2,beacco,0.0,0.3533,0.0,0.0,0.0,0.0,3.1012,19.4814,0.3533,0.0,0.0,0.0,0.0,6.0005,12.833,0.7913,B2,word_pos,incorporation,N,incorporation,NOM
préface,NOUN,B2,beacco,0.0,0.3533,0.0,0.0,0.0,0.0,3.1012,19.4814,0.3533,0.0,0.0,0.0,0.0,6.0005,12.833,0.7913,B2,word_pos,préface,N,préface,NOM
teint,NOUN,B2,beacco,0.0,0.3508,0.0,0.0,1.8779,0.0,0.0,0.0,0.3508,0.0,0.0,3.2399,0.0,0.0,0.0,0.6353,B2,word_pos,teint,N,teint,NOM
veine,NOUN,B2,beacco,0.0,0.3508,0.0,0.0,1.8779,0.0,0.0,0.0,0.3508,0.0,0.0,3.2399,0.0,0.0,0.0,0.6353,B2,word_pos,veine,N,veine,NOM
attentat,NOUN,B2,beacco,0.0,0.3505,0.0,0.0,1.8766,0.0,0.0,0.0,0.3505,0.0,0.0,3.0281,0.0,0.0,0.0,0.6695,B2,word_pos,attentat,N,attentat,NOM
hôtelier,ADJ,B2,beacco,0.0,0.3489,0.0,0.0,1.8629,0.0,0.0,0.0,0.3489,0.0,0.0,3.5715,0.0,0.0,0.0,0.6976,B2,word_pos,hôtelier,A,hôtelier,ADJ
inculquer,VERB,B2,beacco,0.0,0.3489,0.0,0.0,0.2916,0.0,2.0505,0.0,0.3489,0.0,0.0,0.5531,0.0,4.139,0.0,0.6893,B2,word_pos,inculquer,V,inculquer,VER
puissant,NOUN,B2,beacco,0.0,0.3489,0.0,0.0,1.8629,0.0,0.0,0.0,0.3489,0.0,0.0,3.5715,0.0,0.0,0.0,0.6976,B2,word_pos,puissant,N,puissant,NOM
canalisation,NOUN,B2,beacco,0.0,0.3487,0.0,0.0,0.2916,0.0,1.6042,0.0,0.3487,0.0,0.0,0.5531,0.0,3.4423,0.0,0.6976,B2,word_pos,canalisation,N,canalisation,NOM
jogging,NOUN,B2,beacco,0.0,0.3487,0.0,0.0,0.2916,0.0,1.6042,0.0,0.3487,0.0,0.0,0.5531,0.0,3.4423,0.0,0.6976,B2,word_pos,jogging,N,jogging,NOM
retouche,NOUN,B2,beacco,0.0,0.3487,0.0,0.0,1.9564,0.0,0.0,0.0,0.3487,0.0,0.0,3.7375,0.0,0.0,0.0,0.6965,B2,word_pos,retouche,N,retouche,NOM
vieillot,ADJ,B2,beacco,0.0,0.3483,0.0,0.0,1.9454,0.0,0.0,0.0,0.3483,0.0,0.0,3.7062,0.0,0.0,0.0,0.6943,B2,word_pos,vieillot,A,vieillot,ADJ
joliment,ADV,B2,beacco,0.0,0.3474,0.0,0.5168,0.3618,0.0,0.0,0.0,0.3474,0.0,1.0679,0.6378,0.0,0.0,0.0,0.6967,B2,word_pos,joliment,ADV,joliment,ADV
utilitaire,ADJ,B2,beacco,0.0,0.3443,0.0,0.0,0.2916,0.0,3.1012,0.0,0.3443,0.0,0.0,0.5531,0.0,6.0005,0.0,0.6721,B2,word_pos,utilitaire,A,utilitaire,ADJ
vendu,ADJ,B2,beacco,0.0,0.3443,0.0,0.0,0.2916,0.0,3.1012,0.0,0.3443,0.0,4.5743,0.5531,0.0,0.0,0.0,1.5176,B2,word_pos,vendu,A,vendu,ADJ
évacuation,NOUN,B2,beacco,0.0,0.3443,0.0,0.0,0.2916,0.0,3.1012,0.0,0.3443,0.0,0.0,0.5531,0.0,6.0005,0.0,0.6721,B2,word_pos,évacuation,N,évacuation,NOM
garagiste,NOUN,B2,beacco,0.0,0.3428,0.0,0.0,1.0874,0.0,3.1012,0.0,0.3428,0.0,0.0,0.9251,0.0,6.0005,0.0,0.9673,B2,word_pos,garagiste,N,garagiste,NOM
agilité,NOUN,B2,beacco,0.0,0.3419,0.0,0.0,0.2916,0.0,0.0,9.6228,0.3419,0.0,0.0,0.5531,0.0,0.0,19.328,0.6721,B2,word_pos,agilité,N,agilité,NOM
appauvrissement,NOUN,B2,beacco,0.0,0.3419,0.0,0.0,0.0,0.0,1.6042,9.6228,0.3419,0.0,0.0,0.0,0.0,3.4423,19.328,0.7219,B2,word_pos,appauvrissement,N,appauvrissement,NOM
causalité,NOUN,B2,beacco,0.0,0.3419,0.0,0.0,0.0,0.0,0.0,22.1371,0.3419,0.0,0.0,0.0,0.0,0.0,43.8345,0.7219,B2,word_pos,causalité,N,causalité,NOM
générique,NOUN,B2,beacco,0.0,0.3419,0.0,0.0,0.0,0.0,1.6042,9.6228,0.3419,0.0,0.0,0.0,0.0,3.4423,19.328,0.7219,B2,word_pos,générique,N,générique,NOM
vedettariat,NOUN,B2,beacco,0.0,0.3419,0.0,0.0,0.2916,0.0,0.0,9.6228,0.3419,0.0,0.0,0.5531,0.0,0.0,19.328,0.6721,B2,word_pos,vedettariat,N,vedettariat,NOM
émotivité,NOUN,B2,beacco,0.0,0.3419,0.0,0.0,0.3618,0.0,0.0,9.6228,0.3419,0.0,0.0,0.6378,0.0,0.0,19.328,0.7013,B2,word_pos,émotivité,N,émotivité,NOM
mnésique,ADJ,B2,beacco,0.0,0.3414,0.0,0.0,0.2366,0.0,0.0,9.6228,0.3414,0.0,0.0,0.438,0.0,0.0,19.328,0.7202,B2,word_pos,mnésique,A,mnésique,ADJ
réorganisation,NOUN,B2,beacco,0.0,0.3414,0.0,0.0,0.2366,0.0,0.0,9.6228,0.3414,0.0,0.0,0.438,0.0,0.0,19.328,0.7202,B2,word_pos,réorganisation,N,réorganisation,NOM
boucler,VERB,B2,beacco,0.0,0.341,0.0,0.0,0.0,0.0,2.0505,9.6228,0.341,0.0,0.0,0.0,0.0,4.139,19.328,0.7913,B2,word_pos,boucler,V,boucler,VER
ethnie,NOUN,B2,beacco,0.0,0.341,0.0,0.0,0.0,0.0,2.0505,9.6228,0.341,0.0,0.0,0.0,0.0,4.139,19.328,0.7913,B2,word_pos,ethnie,N,ethnie,NOM
incohérence,NOUN,B2,beacco,0.0,0.341,0.0,0.0,0.0,0.0,2.0505,9.6228,0.341,0.0,0.0,0.0,0.0,4.139,19.328,0.7913,B2,word_pos,incohérence,N,incohérence,NOM
promotionnel,ADJ,B2,beacco,0.0,0.341,0.0,0.0,0.0,0.0,2.0505,9.6228,0.341,0.0,0.0,0.0,0.0,4.139,19.328,0.7913,B2,word_pos,promotionnel,A,promotionnel,ADJ
criant,ADJ,B2,beacco,0.0,0.3409,0.0,0.0,0.3765,0.0,3.1012,0.0,0.3409,0.0,0.0,0.3933,0.0,6.0005,0.0,0.5993,B2,word_pos,criant,A,criant,ADJ
bracelet,NOUN,B2,beacco,0.0,0.3401,1.1385,0.0,0.2916,0.0,0.0,0.0,0.3401,1.1764,0.0,0.5531,0.0,0.0,0.0,0.5941,B2,word_pos,bracelet,N,bracelet,NOM
identifiable,ADJ,B2,beacco,0.0,0.3399,0.0,0.0,1.8673,0.0,0.0,0.0,0.3399,0.0,0.0,3.6048,0.0,0.0,0.0,0.6824,B2,word_pos,identifiable,A,identifiable,ADJ
adroitement,ADV,B2,beacco,0.0,0.3398,0.0,0.5168,0.2405,0.0,0.0,0.0,0.3398,0.0,1.0679,0.4665,0.0,0.0,0.0,0.6824,B2,word_pos,adroitement,ADV,adroitement,ADV
rêveur,ADJ,B2,beacco,0.0,0.3398,0.0,0.5168,0.2405,0.0,0.0,0.0,0.3398,0.0,1.0679,0.4665,0.0,0.0,0.0,0.6824,B2,word_pos,rêveur,A,rêveur,ADJ
abstenir,VERB,B2,beacco,0.0,0.3387,0.0,0.0,0.2405,0.0,1.6042,0.0,0.3387,0.0,0.0,0.4665,0.0,3.4423,0.0,0.6793,B2,word_pos,abstenir,V,abstenir,VER
engueuler,VERB,B2,beacco,0.0,0.3386,0.0,0.0,1.8898,0.0,0.0,0.0,0.3386,0.0,0.0,3.6369,0.0,0.0,0.0,0.6817,B2,word_pos,engueuler,V,engueuler,VER
ironie,NOUN,B2,beacco,0.0,0.3386,0.0,0.0,1.8898,0.0,0.0,0.0,0.3386,0.0,0.0,3.6369,0.0,0.0,0.0,0.6817,B2,word_pos,ironie,N,ironie,NOM
lord,NOUN,B2,beacco,0.0,0.3381,0.0,0.0,3.673,0.0,0.0,0.0,0.3381,0.0,0.0,6.9075,0.0,0.0,0.0,0.6416,B2,word_pos,lord,N,lord,NOM
délocaliser,VERB,B2,beacco,0.0,0.3379,0.0,0.0,1.835,0.0,0.0,0.0,0.3379,0.0,0.0,3.5301,0.0,0.0,0.0,0.6796,B2,word_pos,délocaliser,V,délocaliser,VER
parterre,NOUN,B2,beacco,0.0,0.3378,0.0,1.0395,0.0,0.0,3.1012,0.0,0.3378,0.0,0.5213,0.0,0.0,6.0005,0.0,0.5199,B2,word_pos,parterre,N,parterre,NOM
lavage,NOUN,B2,beacco,0.0,0.3365,0.0,0.6351,0.0,0.0,1.6042,0.0,0.3365,0.0,0.4157,0.0,0.0,3.4423,0.0,0.5504,B2,word_pos,lavage,N,lavage,NOM
épuisant,ADJ,B2,beacco,0.0,0.336,0.0,0.6342,0.3618,0.0,0.0,0.0,0.336,0.0,0.6008,0.6378,0.0,0.0,0.0,0.6867,B2,word_pos,épuisant,A,épuisant,ADJ
importuner,VERB,B2,beacco,0.0,0.3343,0.0,0.0,1.808,0.0,0.0,0.0,0.3343,0.0,0.0,3.4815,0.0,0.0,0.0,0.6697,B2,word_pos,importuner,V,importuner,VER
sève,NOUN,B2,beacco,0.0,0.3343,0.0,0.0,0.2076,0.0,0.0,9.6228,0.3343,0.0,0.0,0.3906,0.0,0.0,19.328,0.5978,B2,word_pos,sève,N,sève,NOM
totaliser,VERB,B2,beacco,0.0,0.3343,0.0,0.0,0.2076,0.0,0.0,9.6228,0.3343,0.0,0.0,0.3906,0.0,0.0,19.328,0.5978,B2,word_pos,totaliser,V,totaliser,VER
broche,NOUN,B2,beacco,0.0,0.3336,0.0,0.0,1.799,0.0,0.0,0.0,0.3336,0.0,0.0,3.5358,0.0,0.0,0.0,0.6762,B2,word_pos,broche,N,broche,NOM
grouper,VERB,B2,beacco,0.0,0.3336,0.0,0.5168,0.2076,0.0,0.0,0.0,0.3336,0.0,4.9127,0.3906,0.0,0.0,0.0,1.5267,B2,word_pos,grouper,V,grouper,VER
igname,NOUN,B2,beacco,0.0,0.3335,0.0,0.3702,0.0,0.0,0.0,9.6228,0.3335,0.0,0.606,0.0,0.0,0.0,19.328,0.623,B2,word_pos,igname,N,igname,NOM
communal,ADJ,B2,beacco,0.0,0.3333,0.0,0.0,1.8239,0.0,0.0,0.0,0.3333,0.0,0.0,3.5051,0.0,0.0,0.0,0.667,B2,word_pos,communal,A,communal,ADJ
terreur,NOUN,B2,beacco,0.0,0.3324,0.0,0.0,1.8184,0.0,0.0,0.0,0.3324,0.0,0.0,7.2018,0.0,0.0,0.0,1.4532,B2,word_pos,terreur,N,terreur,NOM
grêle,ADJ,B2,beacco,0.0,0.3306,0.0,0.0,1.8309,0.0,0.0,0.0,0.3306,0.0,0.0,3.5101,0.0,0.0,0.0,0.665,B2,word_pos,grêle,A,grêle,ADJ
éperon,NOUN,B2,beacco,0.0,0.3294,0.0,0.0,1.8242,0.0,0.0,0.0,0.3294,0.0,0.0,3.5736,0.0,0.0,0.0,0.6755,B2,word_pos,éperon,N,éperon,NOM
container,NOUN,B2,beacco,0.0,0.3291,0.0,0.3702,0.3401,0.0,0.0,0.0,0.3291,0.0,0.606,0.5857,0.0,0.0,0.0,0.6771,B2,word_pos,container,N,container,NOM
paver,VERB,B2,beacco,0.0,0.3291,0.0,0.0,0.2076,0.0,1.6042,0.0,0.3291,0.0,0.0,3.5101,0.0,3.4423,0.0,1.5162,B2,word_pos,paver,V,paver,VER
rituel,ADJ,B2,beacco,0.0,0.3291,0.0,0.0,0.2076,0.0,1.6042,0.0,0.3291,0.0,0.0,0.3906,0.0,3.4423,0.0,0.6556,B2,word_pos,rituel,A,rituel,ADJ
séant,NOUN,B2,beacco,0.0,0.329,0.0,2.4006,0.0,0.0,0.0,0.0,0.329,0.0,4.7328,0.0,0.0,0.0,0.0,0.6777,B2,word_pos,séant,N,séant,NOM
casserole,NOUN,B2,beacco,0.0,0.3286,0.0,0.3469,0.2916,0.0,0.0,0.0,0.3286,0.0,0.7079,0.5531,0.0,0.0,0.0,0.6951,B2,word_pos,casserole,N,casserole,NOM
profiler,VERB,B2,beacco,0.0,0.3283,0.0,0.3702,0.0,0.0,0.0,6.4938,0.3283,0.0,0.606,0.0,0.0,0.0,12.833,0.6485,B2,word_pos,profiler,V,profiler,VER
physiologie,NOUN,B2,beacco,0.0,0.3282,0.0,0.0,0.2076,0.0,0.0,6.4938,0.3282,0.0,0.0,0.3906,0.0,0.0,12.833,0.6261,B2,word_pos,physiologie,N,physiologie,NOM
tir,NOUN,B2,beacco,0.0,0.3282,0.0,0.0,0.1883,0.0,0.0,6.4938,0.3282,0.0,0.0,0.3933,0.0,0.0,12.833,0.6275,B2,word_pos,tir,N,tir,NOM
moderniste,ADJ,B2,beacco,0.0,0.328,0.0,0.0,1.7914,0.0,0.0,0.0,0.328,0.0,0.0,3.5093,0.0,0.0,0.0,0.6677,B2,word_pos,moderniste,A,moderniste,ADJ
bravoure,NOUN,B2,beacco,0.0,0.3279,0.0,0.0,0.2041,0.0,1.6042,0.0,0.3279,0.0,0.0,0.4317,0.0,3.4423,0.0,0.6695,B2,word_pos,bravoure,N,bravoure,NOM
rassasier,VERB,B2,beacco,0.0,0.3279,0.0,0.0,0.2041,0.0,1.6042,0.0,0.3279,0.0,0.0,0.4317,0.0,3.4423,0.0,0.6695,B2,word_pos,rassasier,V,rassasier,VER
approximativement,ADV,B2,beacco,0.0,0.3278,0.0,0.0,1.8062,0.0,0.0,0.0,0.3278,0.0,0.0,3.4688,0.0,0.0,0.0,0.6561,B2,word_pos,approximativement,ADV,approximativement,ADV
incommoder,VERB,B2,beacco,0.0,0.3278,0.0,0.0,1.8062,0.0,0.0,0.0,0.3278,0.0,0.0,3.4688,0.0,0.0,0.0,0.6561,B2,word_pos,incommoder,V,incommoder,VER
protestantisme,NOUN,B2,beacco,0.0,0.3278,0.0,0.0,1.8258,0.0,0.0,0.0,0.3278,0.0,0.0,3.5861,0.0,0.0,0.0,0.6734,B2,word_pos,protestantisme,N,protestantisme,NOM
kit,NOUN,B2,beacco,0.0,0.3276,0.0,0.0,0.0,0.0,18.6069,0.0,0.3276,0.0,0.0,0.0,0.0,30.0023,0.0,0.7155,B2,word_pos,kit,N,kit,NOM
incinération,NOUN,B2,beacco,0.0,0.3275,0.0,0.3702,0.0,0.0,1.6042,0.0,0.3275,0.0,0.606,0.0,0.0,3.4423,0.0,0.6717,B2,word_pos,incinération,N,incinération,NOM
concertiste,NOUN,B2,beacco,0.0,0.327,0.0,0.3209,0.0,0.0,0.0,9.6228,0.327,0.0,0.6228,0.0,0.0,0.0,19.328,0.6543,B2,word_pos,concertiste,N,concertiste,NOM
expulsion,NOUN,B2,beacco,0.0,0.3268,0.0,0.0,0.2076,0.0,2.0505,0.0,0.3268,0.0,0.0,0.3906,0.0,4.139,0.0,0.6261,B2,word_pos,expulsion,N,expulsion,NOM
individualisé,ADJ,B2,beacco,0.0,0.3268,0.0,0.0,0.2076,0.0,2.0505,0.0,0.3268,0.0,0.0,0.3906,0.0,4.139,19.328,1.4296,B2,word_pos,individualisé,A,individualisé,ADJ
nuque,NOUN,B2,beacco,0.0,0.3265,0.0,0.0,1.8024,0.0,0.0,0.0,0.3265,0.0,0.0,3.5058,0.0,0.0,0.0,0.6699,B2,word_pos,nuque,N,nuque,NOM
oppression,NOUN,B2,beacco,0.0,0.3265,0.0,0.0,0.2405,0.0,3.1012,0.0,0.3265,0.0,0.0,0.4665,0.0,6.0005,0.0,0.636,B2,word_pos,oppression,N,oppression,NOM
pompeux,ADJ,B2,beacco,0.0,0.3265,0.0,0.0,1.8024,0.0,0.0,0.0,0.3265,0.0,0.0,3.5058,0.0,0.0,0.0,0.6699,B2,word_pos,pompeux,A,pompeux,ADJ
imagerie,NOUN,B2,beacco,0.0,0.3257,0.0,0.0,0.0,0.0,0.0,28.5334,0.3257,0.0,0.0,0.0,0.0,0.0,56.7717,0.7913,B2,word_pos,imagerie,N,imagerie,NOM
politologue,NOUN,B2,beacco,0.0,0.3257,0.0,0.0,0.0,0.0,0.0,28.5334,0.3257,0.0,0.0,0.0,0.0,0.0,56.7717,0.7913,B2,word_pos,politologue,N,politologue,NOM
rouage,NOUN,B2,beacco,0.0,0.3257,0.0,0.0,0.0,0.0,0.0,28.5334,0.3257,0.0,0.0,0.0,0.0,0.0,56.7717,0.7913,B2,word_pos,rouage,N,rouage,NOM
châtiment,NOUN,B2,beacco,0.0,0.3255,0.0,0.0,0.2041,0.0,2.0505,0.0,0.3255,0.0,0.0,0.4317,0.0,4.139,0.0,0.6454,B2,word_pos,châtiment,N,châtiment,NOM
disséminer,VERB,B2,beacco,0.0,0.3255,0.0,0.0,0.2041,0.0,2.0505,0.0,0.3255,0.0,0.0,0.4317,0.0,4.139,0.0,0.6454,B2,word_pos,disséminer,V,disséminer,VER
affairer,VERB,B2,beacco,0.0,0.3241,0.0,0.0,1.7502,0.0,0.0,0.0,0.3241,0.0,0.0,0.1243,1.8983,0.0,0.0,0.6778,B2,word_pos,affairer,V,affairer,VER
mésaventure,NOUN,B2,beacco,0.0,0.3241,0.0,0.0,1.7502,0.0,0.0,0.0,0.3241,0.0,0.0,2.6373,0.0,0.0,0.0,0.6741,B2,word_pos,mésaventure,N,mésaventure,NOM
familiariser,VERB,B2,beacco,0.0,0.3233,0.0,0.2599,0.0,0.0,0.0,6.4938,0.3233,0.0,0.5213,0.0,0.0,0.0,12.833,0.5513,B2,word_pos,familiariser,V,familiariser,VER
habilement,ADV,B2,beacco,0.0,0.3209,0.0,0.2599,0.2041,0.0,0.0,0.0,0.3209,0.0,0.5213,0.4317,0.0,0.0,0.0,0.6384,B2,word_pos,habilement,ADV,habilement,ADV
pianiste,NOUN,B2,beacco,0.0,0.3196,0.5693,0.2527,0.0,0.0,0.0,0.0,0.3196,4.7055,0.5137,0.0,0.0,0.0,0.0,1.1273,B2,word_pos,pianiste,N,pianiste,NOM
aboiement,NOUN,B2,beacco,0.0,0.3192,0.0,0.0,1.7603,0.0,0.0,0.0,0.3192,0.0,0.0,2.6693,0.0,0.0,0.0,0.6647,B2,word_pos,aboiement,N,aboiement,NOM
épinard,NOUN,B2,beacco,0.0,0.3191,0.6621,0.0,0.2076,0.0,0.0,0.0,0.3191,1.2635,0.0,0.3906,0.0,0.0,0.0,0.6355,B2,word_pos,épinard,N,épinard,NOM
péniblement,ADV,B2,beacco,0.0,0.319,0.0,0.0,0.1883,0.0,2.0505,0.0,0.319,0.0,0.0,0.3933,0.0,4.139,0.0,0.6275,B2,word_pos,péniblement,ADV,péniblement,ADV
navigateur,NOUN,B2,beacco,0.0,0.3189,0.0,2.2236,0.0,0.0,0.0,0.0,0.3189,0.0,4.4769,0.0,0.0,0.0,0.0,0.6395,B2,word_pos,navigateur,N,navigateur,NOM
grosseur,NOUN,B2,beacco,0.0,0.3187,0.0,2.2257,0.0,0.0,0.0,0.0,0.3187,0.0,4.4786,0.0,0.0,0.0,0.0,0.6391,B2,word_pos,grosseur,N,grosseur,NOM
anormal,NOUN,B2,beacco,0.0,0.3179,0.0,0.2117,0.1507,0.0,0.0,0.0,0.3179,0.0,0.4157,0.3059,0.0,0.0,0.0,0.6344,B2,word_pos,anormal,N,anormal,NOM
nonchalance,NOUN,B2,beacco,0.0,0.3172,0.0,0.2439,0.2076,0.0,0.0,0.0,0.3172,0.0,0.4664,0.3906,0.0,0.0,0.0,0.6647,B2,word_pos,nonchalance,N,nonchalance,NOM
alléger,VERB,B2,beacco,0.0,0.3169,0.0,0.0,0.3401,0.0,0.0,6.4938,0.3169,0.0,0.0,0.5857,0.0,0.0,12.833,0.6985,B2,word_pos,alléger,V,alléger,VER
unifier,VERB,B2,beacco,0.0,0.3166,0.0,0.3209,0.0,0.0,0.0,2.0587,0.3166,0.0,0.6228,0.0,0.0,0.0,4.0185,0.6891,B2,word_pos,unifier,V,unifier,VER
hagard,ADJ,B2,beacco,0.0,0.3165,0.0,0.3209,0.3618,0.0,0.0,0.0,0.3165,0.0,0.6228,0.6378,0.0,0.0,0.0,0.6898,B2,word_pos,hagard,A,hagard,ADJ
cartésien,ADJ,B2,beacco,0.0,0.3155,1.1385,0.0,0.0,0.0,0.0,2.0587,0.3155,1.1764,0.0,0.0,0.0,0.0,4.0185,0.5652,B2,word_pos,cartésien,A,cartésien,ADJ
constituant,ADJ,B2,beacco,0.0,0.3146,0.0,0.0,0.0,0.0,0.0,22.517,0.3146,0.0,0.0,0.0,0.0,0.0,44.6051,0.7262,B2,word_pos,constituant,A,constituant,ADJ
muscle,NOUN,B2,beacco,0.0,0.3146,0.0,0.0,0.0,0.0,1.6042,6.4938,0.3146,0.0,0.0,0.0,0.0,6.8846,51.3319,2.2251,B2,word_pos,muscle,N,muscle,NOM
échographie,NOUN,B2,beacco,0.0,0.3146,0.0,0.0,0.0,0.0,1.6042,6.4938,0.3146,0.0,0.0,0.0,0.0,3.4423,12.833,0.7262,B2,word_pos,échographie,N,échographie,NOM
vogue,NOUN,B2,beacco,0.0,0.3144,0.0,2.2322,0.0,0.0,0.0,0.0,0.3144,0.0,4.486,0.438,0.0,0.0,0.0,1.3733,B2,word_pos,vogue,N,vogue,NOM
monastique,ADJ,B2,beacco,0.0,0.3143,0.0,2.2316,0.0,0.0,0.0,0.0,0.3143,0.0,4.7285,0.0,0.0,0.0,0.0,0.6838,B2,word_pos,monastique,A,monastique,ADJ
argenterie,NOUN,B2,beacco,0.0,0.3131,0.0,6.202,0.0,0.0,0.0,0.0,0.3131,0.0,10.6795,0.0,0.0,0.0,0.0,0.515,B2,word_pos,argenterie,N,argenterie,NOM
embrassade,NOUN,B2,beacco,0.0,0.3125,0.6621,0.0,0.0,0.0,0.0,9.6228,0.3125,1.2635,0.0,0.0,0.0,0.0,19.328,0.5035,B2,word_pos,embrassade,N,embrassade,NOM
effluve,NOUN,B2,beacco,0.0,0.3121,0.0,0.0,0.2076,0.0,3.1012,0.0,0.3121,0.0,0.0,0.3906,0.0,6.0005,0.0,0.5978,B2,word_pos,effluve,N,effluve,NOM
loyalement,ADV,B2,beacco,0.0,0.3115,0.3983,0.2035,0.0,0.0,0.0,0.0,0.3115,0.8346,0.3851,0.0,0.0,0.0,0.0,0.6313,B2,word_pos,loyalement,ADV,loyalement,ADV
designer,NOUN,B2,beacco,0.0,0.3113,0.0,0.4234,0.0,0.0,1.6042,0.0,0.3113,0.0,3.9981,0.0,0.0,3.4423,0.0,1.4008,B2,word_pos,designer,N,designer,NOM
véranda,NOUN,B2,beacco,0.0,0.3105,0.5025,0.1425,0.0,0.0,0.0,0.0,0.3105,0.9051,0.2891,0.0,0.0,0.0,0.0,0.5282,B2,word_pos,véranda,N,véranda,NOM
acquitter,VERB,B2,beacco,0.0,0.3104,0.0,0.0,0.2041,0.0,3.1012,0.0,0.3104,0.0,0.0,0.4317,0.0,6.0005,0.0,0.6194,B2,word_pos,acquitter,V,acquitter,VER
arrachement,NOUN,B2,beacco,0.0,0.3098,0.0,0.3702,0.0,0.0,3.1012,0.0,0.3098,0.0,0.606,0.0,0.0,6.0005,0.0,0.623,B2,word_pos,arrachement,N,arrachement,NOM
carcasse,NOUN,B2,beacco,0.0,0.3098,0.0,0.2117,0.0818,0.0,0.0,0.0,0.3098,0.0,0.4157,0.1243,0.0,0.0,0.0,0.6065,B2,word_pos,carcasse,N,carcasse,NOM
maniaque,ADJ,B2,beacco,0.0,0.3098,0.0,0.6619,0.2405,0.0,0.0,0.0,0.3098,0.0,0.2129,0.4665,0.0,0.0,0.0,0.6448,B2,word_pos,maniaque,A,maniaque,ADJ
intervalle,NOUN,B2,beacco,0.0,0.3088,0.0,0.2599,0.2916,0.0,0.0,0.0,0.3088,0.0,0.5213,0.5531,0.0,0.0,0.0,0.6191,B2,word_pos,intervalle,N,intervalle,NOM
éploré,ADJ,B2,beacco,0.0,0.3086,0.0,0.2117,0.2076,0.0,0.0,0.0,0.3086,0.0,0.4157,0.3906,0.0,0.0,0.0,0.6175,B2,word_pos,éploré,A,éploré,ADJ
infaillible,ADJ,B2,beacco,0.0,0.3065,0.0,0.0,0.3625,0.0,1.6042,0.0,0.3065,0.0,0.0,0.185,0.0,3.4423,0.0,0.6891,B2,word_pos,infaillible,A,infaillible,ADJ
chiner,VERB,B2,beacco,0.0,0.3058,0.4996,0.0,0.0698,0.0,0.0,0.0,0.3058,0.9464,0.0,0.1219,0.0,0.0,0.0,0.6537,B2,word_pos,chiner,V,chiner,VER
brèche,NOUN,B2,beacco,0.0,0.3053,0.0,0.0,1.9669,0.0,0.0,0.0,0.3053,0.0,0.0,3.1735,0.0,0.0,0.0,0.7046,B2,word_pos,brèche,N,brèche,NOM
faïence,NOUN,B2,beacco,0.0,0.3053,0.0,0.0,1.9669,0.0,0.0,0.0,0.3053,0.0,0.0,3.1735,0.0,0.0,0.0,0.7046,B2,word_pos,faïence,N,faïence,NOM
vierge,NOUN,B2,beacco,0.0,0.3053,0.0,0.0,1.9669,0.0,0.0,0.0,0.3053,0.0,0.0,11.7683,0.0,0.0,0.0,2.5531,B2,word_pos,vierge,N,vierge,NOM
mémorable,ADJ,B2,beacco,0.0,0.3048,0.0,0.0,0.3014,0.0,3.1012,0.0,0.3048,0.0,0.0,0.3059,0.0,6.0005,0.0,0.5455,B2,word_pos,mémorable,A,mémorable,ADJ
expansif,ADJ,B2,beacco,0.0,0.3037,0.0,0.2439,0.2916,0.0,0.0,0.0,0.3037,0.0,0.4664,0.5531,0.0,0.0,0.0,0.6593,B2,word_pos,expansif,A,expansif,ADJ
intoxiquer,VERB,B2,beacco,0.0,0.3026,0.0,0.4234,0.0,0.0,2.0505,0.0,0.3026,0.0,0.4157,0.0,0.0,4.139,0.0,0.5041,B2,word_pos,intoxiquer,V,intoxiquer,VER
hôtellerie,NOUN,B2,beacco,0.0,0.3025,0.5025,0.0,0.2041,0.0,0.0,0.0,0.3025,0.9051,0.0,0.4317,0.0,0.0,0.0,0.6763,B2,word_pos,hôtellerie,N,hôtellerie,NOM
marraine,NOUN,B2,beacco,0.0,0.3019,0.0,0.2117,0.2405,0.0,0.0,0.0,0.3019,0.0,0.4157,0.4665,0.0,0.0,0.0,0.6002,B2,word_pos,marraine,N,marraine,NOM
randonneur,NOUN,B2,beacco,0.0,0.3015,0.9991,0.0,0.3401,0.0,0.0,0.0,0.3015,0.9464,0.0,0.5857,0.0,0.0,0.0,0.6287,B2,word_pos,randonneur,N,randonneur,NOM
rivage,NOUN,B2,beacco,0.0,0.301,0.3983,0.0,0.1507,0.0,0.0,0.0,0.301,0.8346,0.0,0.3059,0.0,0.0,0.0,0.6041,B2,word_pos,rivage,N,rivage,NOM
différenciation,NOUN,B2,beacco,0.0,0.2987,0.0,0.0,0.1155,0.0,0.0,9.6228,0.2987,0.0,0.0,0.2331,0.0,0.0,19.328,0.6891,B2,word_pos,différenciation,N,différenciation,NOM
cartable,NOUN,B2,beacco,0.0,0.2982,0.2738,0.2117,0.0,0.0,0.0,0.0,0.2982,0.5987,0.4157,0.0,0.0,0.0,0.0,0.5955,B2,word_pos,cartable,N,cartable,NOM
brillamment,ADV,B2,beacco,0.0,0.2968,0.0,2.0447,0.0,0.0,0.0,0.0,0.2968,0.0,3.7964,0.0,0.0,0.0,0.0,0.4877,B2,word_pos,brillamment,ADV,brillamment,ADV
assèchement,NOUN,B2,beacco,0.0,0.2966,0.0,0.0,1.6676,0.0,0.0,0.0,0.2966,0.0,0.0,2.9063,0.0,0.0,0.0,0.688,B2,word_pos,assèchement,N,assèchement,NOM
marais,NOUN,B2,beacco,0.0,0.2966,0.0,0.0,1.6676,0.0,0.0,0.0,0.2966,0.0,0.0,2.9063,0.0,0.0,0.0,0.688,B2,word_pos,marais,N,marais,NOM
assureur,NOUN,B2,beacco,0.0,0.296,0.0,0.0,0.3625,0.0,2.0505,0.0,0.296,0.0,0.0,0.185,0.0,4.139,0.0,0.675,B2,word_pos,assureur,N,assureur,NOM
anonyme,NOUN,B2,beacco,0.0,0.2958,0.0,0.2527,0.3618,0.0,0.0,0.0,0.2958,0.0,0.5137,0.6378,0.0,0.0,0.0,0.6026,B2,word_pos,anonyme,N,anonyme,NOM
camerounais,ADJ,B2,beacco,0.0,0.2958,0.0,0.2439,0.3401,0.0,0.0,0.0,0.2958,0.0,0.4664,0.5857,0.0,0.0,0.0,0.6567,B2,word_pos,camerounais,A,camerounais,ADJ
dépliant,NOUN,B2,beacco,0.0,0.2957,1.005,0.0,0.3618,0.0,0.0,0.0,0.2957,0.9051,0.0,0.6378,0.0,0.0,0.0,0.6867,B2,word_pos,dépliant,N,dépliant,NOM
rail,NOUN,B2,beacco,0.0,0.2957,0.0,0.0,1.5593,0.0,0.0,0.0,0.2957,0.0,0.0,3.0281,0.0,0.0,0.0,0.6695,B2,word_pos,rail,N,rail,NOM
safari,NOUN,B2,beacco,0.0,0.2957,0.0,0.0944,0.0906,0.0,0.0,0.0,0.2957,0.0,0.1937,0.185,0.0,0.0,0.0,0.6207,B2,word_pos,safari,N,safari,NOM
cerf,NOUN,B2,beacco,0.0,0.2952,0.0,0.3209,0.0,0.0,3.1012,0.0,0.2952,0.0,0.6228,0.0,0.0,6.0005,0.0,0.6543,B2,word_pos,cerf,N,cerf,NOM
terrien,ADJ,B2,beacco,0.0,0.2942,0.0,0.2599,0.0,0.0,2.0505,0.0,0.2942,0.0,0.5213,0.0,0.0,4.139,0.0,0.5513,B2,word_pos,terrien,A,terrien,ADJ
vacant,ADJ,B2,beacco,0.0,0.2941,0.0,0.0,2.1228,0.0,0.0,0.0,0.2941,0.0,0.0,2.6301,0.0,0.0,0.0,0.6721,B2,word_pos,vacant,A,vacant,ADJ
roc,NOUN,B2,beacco,0.0,0.294,0.5025,0.0,0.2405,0.0,0.0,0.0,0.294,0.9051,0.0,0.4665,0.0,0.0,0.0,0.6805,B2,word_pos,roc,N,roc,NOM
musculation,NOUN,B2,beacco,0.0,0.2931,0.4421,0.3702,0.0,0.0,0.0,0.0,0.2931,0.9121,0.606,0.0,0.0,0.0,0.0,0.5773,B2,word_pos,musculation,N,musculation,NOM
utile,NOUN,B2,beacco,0.0,0.2925,0.0,0.2439,0.3618,0.0,0.0,0.0,0.2925,0.0,0.4664,0.6378,0.0,0.0,0.0,0.6519,B2,word_pos,utile,N,utile,NOM
détour,NOUN,B2,beacco,0.0,0.2915,0.0,0.2114,0.2916,0.0,0.0,0.0,0.2915,0.0,0.6008,0.5531,0.0,6.0005,0.0,1.4995,B2,word_pos,détour,N,détour,NOM
sierra,NOUN,B2,beacco,0.0,0.2912,0.0,0.0,1.5907,0.0,0.0,0.0,0.2912,0.0,0.0,3.1164,0.0,0.0,0.0,0.6951,B2,word_pos,sierra,N,sierra,NOM
bananier,NOUN,B2,beacco,0.0,0.2901,0.0,0.0,1.541,0.0,0.0,0.0,0.2901,0.0,0.0,3.0304,0.0,0.0,0.0,0.6689,B2,word_pos,bananier,N,bananier,NOM
isba,NOUN,B2,beacco,0.0,0.2899,0.9991,0.0,0.2366,0.0,0.0,0.0,0.2899,0.9464,0.0,0.438,0.0,0.0,0.0,0.6122,B2,word_pos,isba,N,isba,NOM
traîne,NOUN,B2,beacco,0.0,0.2899,0.0,0.285,0.0,0.0,0.0,9.6228,0.2899,0.0,4.1986,0.0,0.0,0.0,19.328,1.2441,B2,word_pos,traîne,N,traîne,NOM
coopérative,NOUN,B2,beacco,0.0,0.2888,0.0,0.0,0.0,0.0,16.4039,0.0,0.2888,0.0,0.0,0.0,0.0,20.6951,0.0,0.4877,B2,word_pos,coopérative,N,coopérative,NOM
penseur,NOUN,B2,beacco,0.0,0.2888,0.0,0.0,0.0,0.0,16.4039,0.0,0.2888,0.0,0.0,0.0,1.3018,8.2781,0.0,1.0839,B2,word_pos,penseur,N,penseur,NOM
bouquin,NOUN,B2,beacco,0.0,0.2876,3.5461,0.0,0.0,0.0,0.0,0.0,0.2876,7.1602,0.0,0.0,0.0,0.0,0.0,0.582,B2,word_pos,bouquin,N,bouquin,NOM
placer,NOUN,B2,beacco,0.0,0.2857,0.5727,0.0,0.3401,0.0,0.0,0.0,0.2857,1.1556,0.0,0.5857,0.0,3.4423,0.0,1.3762,B2,word_pos,placer,N,placer,NOM
cardinal,ADJ,B2,beacco,0.0,0.2849,0.4014,0.0,0.2041,0.0,0.0,0.0,0.2849,0.7319,0.0,0.4317,0.0,0.0,0.0,0.5397,B2,word_pos,cardinal,A,cardinal,ADJ
éolien,ADJ,B2,beacco,0.0,0.2843,0.0,0.0,0.0,0.0,0.0,116.8882,0.2843,0.0,0.0,0.0,0.0,0.0,205.3275,1.5608,B2,word_pos,éolien,A,éolien,ADJ
seller,VERB,B2,beacco,0.0,0.2842,0.3983,0.0,0.2041,0.0,0.0,0.0,0.2842,0.8346,0.0,0.4317,0.0,0.0,0.0,0.5638,B2,word_pos,seller,V,seller,VER
crevette,NOUN,B2,beacco,0.0,0.2815,0.5693,0.0,0.0,0.0,1.6042,0.0,0.2815,1.1764,0.0,0.0,0.0,3.4423,0.0,0.5652,B2,word_pos,crevette,N,crevette,NOM
antioxydant,NOUN,B2,beacco,0.0,0.2809,0.0,0.0,0.0,0.0,0.0,115.473,0.2809,0.0,0.0,0.0,0.0,0.0,115.968,0.8585,B2,unique_word,antioxydant,N,antioxydant,ADJ
oral,ADJ,B2,beacco,0.0,0.2809,0.0,0.0,0.0,0.0,0.0,115.473,0.2809,0.0,0.0,0.0,1.2705,0.0,38.656,1.0966,B2,word_pos,oral,A,oral,ADJ
fauve,NOUN,B2,beacco,0.0,0.279,0.0,0.2117,0.0,0.0,1.6042,0.0,0.279,0.0,0.4157,0.0,0.0,3.4423,0.0,0.5504,B2,word_pos,fauve,N,fauve,NOM
boubou,NOUN,B2,beacco,0.0,0.2789,0.0,0.2114,0.0,0.0,1.6042,0.0,0.2789,0.0,0.6008,0.0,0.0,3.4423,0.0,0.6853,B2,word_pos,boubou,N,boubou,NOM
pyjama,NOUN,B2,beacco,0.0,0.2784,1.9168,0.0,0.0,0.0,1.6042,0.0,0.2784,4.1906,0.0,0.0,0.0,3.4423,0.0,0.5268,B2,word_pos,pyjama,N,pyjama,NOM
tacher,VERB,B2,beacco,0.0,0.2776,1.2043,0.0,0.0,0.0,1.6042,0.0,0.2776,0.7319,0.0,0.0,0.0,3.4423,0.0,0.4692,B2,word_pos,tacher,V,tacher,VER
navet,NOUN,B2,beacco,0.0,0.2757,0.0,0.2206,0.2076,0.0,0.0,0.0,0.2757,0.0,0.4258,0.3906,0.0,0.0,0.0,0.8522,B2,word_pos,navet,N,navet,NOM
loyauté,NOUN,B2,beacco,0.0,0.2751,0.0,0.2035,0.3618,0.0,0.0,0.0,0.2751,0.0,0.3851,0.6378,0.0,0.0,0.0,0.5485,B2,word_pos,loyauté,N,loyauté,NOM
aventureux,ADJ,B2,beacco,0.0,0.2747,0.0,2.0562,0.0,0.0,0.0,0.0,0.2747,0.0,3.6303,0.0,0.0,0.0,0.0,0.4573,B2,word_pos,aventureux,A,aventureux,ADJ
cursus,NOUN,B2,beacco,0.0,0.2741,0.0,0.2117,0.0,0.0,2.0505,0.0,0.2741,0.0,0.4157,0.0,0.0,4.139,0.0,0.5041,B2,word_pos,cursus,N,cursus,NOM
spot,NOUN,B2,beacco,0.0,0.2741,0.0,0.2117,0.0,0.0,2.0505,0.0,0.2741,0.0,0.4157,0.0,0.0,4.139,0.0,0.5041,B2,word_pos,spot,N,spot,NOM
galette,NOUN,B2,beacco,0.0,0.2733,0.0,0.0,1.591,0.0,0.0,0.0,0.2733,0.0,0.0,3.2163,0.0,0.0,0.0,0.9159,B2,word_pos,galette,N,galette,NOM
hypocrite,NOUN,B2,beacco,0.0,0.2733,0.0,0.0,1.591,0.0,0.0,0.0,0.2733,0.0,0.0,2.8589,0.0,0.0,0.0,0.6898,B2,word_pos,hypocrite,N,hypocrite,NOM
discount,NOUN,B2,beacco,0.0,0.2729,0.0,0.331,0.2405,0.0,0.0,0.0,0.2729,0.0,0.2129,0.4665,0.0,0.0,0.0,0.6448,B2,word_pos,discount,N,discount,NOM
emprisonnement,NOUN,B2,beacco,0.0,0.2697,0.0,0.0,1.6848,0.0,0.0,0.0,0.2697,0.0,0.0,2.4519,0.0,0.0,0.0,0.6519,B2,word_pos,emprisonnement,N,emprisonnement,NOM
castagne,NOUN,B2,beacco,0.0,0.2692,0.5025,0.0,0.0,0.0,1.6042,0.0,0.2692,0.9051,0.0,0.0,0.0,3.4423,0.0,0.6853,B2,word_pos,castagne,N,castagne,NOM
clown,NOUN,B2,beacco,0.0,0.2692,0.0,1.8638,0.0,0.0,0.0,0.0,0.2692,0.0,3.7811,0.0,0.0,0.0,0.0,0.6477,B2,word_pos,clown,N,clown,NOM
pois,NOUN,B2,beacco,0.0,0.2692,0.5025,0.0,0.0,0.0,1.6042,0.0,0.2692,0.9051,0.0,0.0,0.0,3.4423,0.0,0.6853,B2,word_pos,pois,N,pois,NOM
indemnisation,NOUN,B2,beacco,0.0,0.2686,0.0,0.0,1.7608,0.0,0.0,0.0,0.2686,0.0,0.0,2.9905,0.0,0.0,0.0,0.6892,B2,word_pos,indemnisation,N,indemnisation,NOM
spéculer,VERB,B2,beacco,0.0,0.2684,0.0,0.0,1.474,0.0,0.0,0.0,0.2684,0.0,0.0,2.9063,0.0,0.0,0.0,0.688,B2,word_pos,spéculer,V,spéculer,VER
nomination,NOUN,B2,beacco,0.0,0.2666,0.0,0.2439,0.0,0.0,3.1012,0.0,0.2666,0.0,0.4664,0.0,0.0,6.0005,0.0,0.5826,B2,word_pos,nomination,N,nomination,NOM
humus,NOUN,B2,beacco,0.0,0.2663,0.0,0.4234,0.0,0.0,3.1012,0.0,0.2663,0.0,0.4157,0.0,0.0,6.0005,0.0,0.4743,B2,word_pos,humus,N,humus,NOM
prodige,NOUN,B2,beacco,0.0,0.2602,0.3983,0.0,0.2916,0.0,0.0,0.0,0.2602,0.8346,0.0,0.5531,0.0,0.0,0.0,0.5299,B2,word_pos,prodige,N,prodige,NOM
glissant,ADJ,B2,beacco,0.0,0.2564,0.4421,0.0,0.0,0.0,1.6042,0.0,0.2564,0.9121,0.0,0.0,0.0,3.4423,0.0,0.5142,B2,word_pos,glissant,A,glissant,ADJ
écorce,NOUN,B2,beacco,0.0,0.256,0.0,0.0,0.363,0.0,3.1012,0.0,0.256,0.0,0.0,1.0017,0.0,6.0005,0.0,0.5876,B2,word_pos,écorce,N,écorce,NOM
accidentel,ADJ,B2,beacco,0.0,0.2544,0.0,0.0,0.0908,0.0,1.6042,0.0,0.2544,0.0,0.0,0.2504,0.0,3.4423,0.0,0.5795,B2,word_pos,accidentel,A,accidentel,ADJ
marmonner,VERB,B2,beacco,0.0,0.2544,0.0,0.0,0.0908,0.0,1.6042,0.0,0.2544,0.0,0.0,0.2504,0.0,3.4423,0.0,0.5795,B2,word_pos,marmonner,V,marmonner,VER
sachet,NOUN,B2,beacco,0.0,0.2543,0.0,0.0,1.4388,0.0,0.0,0.0,0.2543,0.0,0.0,3.1463,0.0,0.0,0.0,0.5913,B2,word_pos,sachet,N,sachet,NOM
casino,NOUN,B2,beacco,0.0,0.2519,0.0,0.2117,0.0,0.0,3.1012,0.0,0.2519,0.0,0.4157,0.0,0.0,6.0005,0.0,0.4743,B2,word_pos,casino,N,casino,NOM
triple,ADJ,B2,beacco,0.0,0.2519,0.0,0.2117,0.0,0.0,3.1012,0.0,0.2519,0.0,0.4157,0.0,0.0,6.0005,0.0,0.4743,B2,word_pos,triple,A,triple,ADJ
fastueux,ADJ,B2,beacco,0.0,0.2514,0.0,0.0,0.1155,0.0,3.1012,0.0,0.2514,0.0,0.0,0.2331,0.0,6.0005,0.0,0.6891,B2,word_pos,fastueux,A,fastueux,ADJ
consolation,NOUN,B2,beacco,0.0,0.2511,0.0,0.0,0.1637,0.0,2.0505,0.0,0.2511,0.0,0.0,0.1243,0.0,4.139,0.0,0.6485,B2,word_pos,consolation,N,consolation,NOM
horticulture,NOUN,B2,beacco,0.0,0.2479,0.0,0.0,1.3955,0.0,0.0,0.0,0.2479,0.0,0.0,2.501,0.0,0.0,0.0,0.6771,B2,word_pos,horticulture,N,horticulture,NOM
assécher,VERB,B2,beacco,0.0,0.2466,0.4014,0.0,0.0,0.0,1.6042,0.0,0.2466,0.7319,0.0,0.0,0.0,3.4423,0.0,0.4692,B2,word_pos,assécher,V,assécher,VER
rafale,NOUN,B2,beacco,0.0,0.2466,0.4014,0.0,0.0,0.0,1.6042,0.0,0.2466,0.7319,0.0,0.0,0.0,3.4423,0.0,0.4692,B2,word_pos,rafale,N,rafale,NOM
télécopie,NOUN,B2,beacco,0.0,0.2427,0.4068,0.0,0.0,0.0,2.0505,0.0,0.2427,0.8075,0.0,0.0,0.0,4.139,0.0,0.5432,B2,word_pos,télécopie,N,télécopie,NOM
percher,VERB,B2,beacco,0.0,0.2423,0.0,0.1103,0.2405,0.0,0.0,0.0,0.2423,0.0,0.2129,7.6875,0.0,0.0,0.0,2.482,B2,word_pos,percher,V,percher,VER
bûche,NOUN,B2,beacco,0.0,0.2418,0.5025,0.0,0.0,0.0,3.1012,0.0,0.2418,0.9051,0.0,0.0,0.0,6.0005,0.0,0.6469,B2,word_pos,bûche,N,bûche,NOM
péninsule,NOUN,B2,beacco,0.0,0.2398,0.0,0.1076,0.2405,0.0,0.0,0.0,0.2398,0.0,0.186,0.4665,0.0,0.0,0.0,0.4478,B2,word_pos,péninsule,N,péninsule,NOM
border,VERB,B2,beacco,0.0,0.234,0.0,0.0,0.1815,0.0,3.1012,0.0,0.234,0.0,0.0,0.2504,0.0,6.0005,0.0,0.5039,B2,word_pos,border,V,border,VER
laguiole,NOUN,B2,beacco,0.0,0.2328,0.0,0.0,0.0,0.0,11.2294,0.0,0.2328,0.0,0.0,0.438,0.0,30.9807,0.0,2.0346,B2,word_pos,laguiole,N,laguiole,NOM
artichaut,NOUN,B2,beacco,0.0,0.2281,0.0,0.1103,0.2916,0.0,0.0,0.0,0.2281,0.0,0.2129,0.5531,0.0,0.0,0.0,0.6334,B2,word_pos,artichaut,N,artichaut,NOM
accidenter,VERB,B2,beacco,0.0,0.2278,0.0,0.0,0.0698,0.0,1.6042,0.0,0.2278,0.0,0.0,0.1219,0.0,3.4423,0.0,0.6449,B2,word_pos,accidenter,V,accidenter,VER
sevrage,NOUN,B2,beacco,0.0,0.2278,0.0,0.0,0.0698,0.0,1.6042,0.0,0.2278,0.0,0.0,0.1219,0.0,3.4423,0.0,0.6449,B2,word_pos,sevrage,N,sevrage,NOM
substitution,NOUN,B2,beacco,0.0,0.2271,0.0,0.0,0.0908,0.0,3.1012,0.0,0.2271,0.0,0.0,0.2504,0.0,6.0005,0.0,0.5039,B2,word_pos,substitution,N,substitution,NOM
basculer,VERB,B2,beacco,0.0,0.2184,0.0,0.0,0.0,0.0,12.4046,0.0,0.2184,0.0,0.0,0.2504,0.0,12.0009,0.0,0.9983,B2,word_pos,basculer,V,basculer,VER
médiéviste,NOUN,B2,beacco,0.0,0.2184,0.0,0.0,0.0,0.0,12.4046,0.0,0.2184,0.0,0.0,0.0,2.2839,6.0005,0.0,0.7085,B2,word_pos,médiéviste,N,médiéviste,NOM
paralyser,VERB,B2,beacco,0.0,0.2184,0.0,0.0,0.0,0.0,12.4046,0.0,0.2184,0.0,0.0,0.6378,0.0,12.0009,0.0,1.1907,B2,word_pos,paralyser,V,paralyser,VER
transitoire,ADJ,B2,beacco,0.0,0.2184,0.0,0.0,0.0,0.0,12.4046,0.0,0.2184,0.0,0.0,0.438,0.0,6.0005,0.0,0.7202,B2,word_pos,transitoire,A,transitoire,ADJ
courgette,NOUN,B2,beacco,0.0,0.2136,0.0,0.1103,0.0,0.0,1.6042,0.0,0.2136,0.0,0.2129,0.0,0.0,3.4423,0.0,0.6114,B2,word_pos,courgette,N,courgette,NOM
stimulation,NOUN,B2,beacco,0.0,0.2107,0.0,0.0,0.0,0.0,0.0,86.6048,0.2107,0.0,0.0,0.0,0.0,0.0,115.968,0.8585,B2,word_pos,stimulation,N,stimulation,NOM
culminer,VERB,B2,beacco,0.0,0.2059,0.7622,0.0,0.2366,0.0,0.0,0.0,0.2059,0.5504,0.0,3.1735,0.0,0.0,0.0,1.0764,B2,word_pos,culminer,V,culminer,VER
catalan,ADJ,B2,beacco,0.0,0.2052,0.2652,0.0,0.0,0.0,1.6042,0.0,0.2052,0.4856,0.0,0.3906,0.0,3.4423,0.0,1.1002,B2,word_pos,catalan,A,catalan,ADJ
désorganiser,VERB,B2,beacco,0.0,0.1966,0.0,0.1887,0.2366,0.0,0.0,0.0,0.1966,0.0,0.1937,0.438,0.0,0.0,0.0,0.5877,B2,word_pos,désorganiser,V,désorganiser,VER
imperméable,ADJ,B2,beacco,0.0,0.1896,0.0,0.1103,0.0,0.0,3.1012,0.0,0.1896,0.0,0.2129,0.0,0.0,6.0005,0.0,0.5397,B2,word_pos,imperméable,A,imperméable,ADJ
amertume,NOUN,B2,beacco,0.0,0.1878,0.0,0.0,2.0405,0.0,0.0,0.0,0.1878,0.0,0.0,3.1652,0.0,0.0,0.0,0.6006,B2,word_pos,amertume,N,amertume,NOM
méconnaître,VERB,B2,beacco,0.0,0.1878,0.0,0.0,2.0405,0.0,0.0,0.0,0.1878,0.0,0.0,5.1837,2.2839,4.139,0.0,2.9846,B2,word_pos,méconnaître,V,méconnaître,VER
radical,NOUN,B2,beacco,0.0,0.1873,0.0,0.0,0.0,0.0,0.0,76.982,0.1873,0.0,0.0,0.0,0.0,0.0,115.968,0.8585,B2,word_pos,radical,N,radical,NOM
permanence,NOUN,B2,beacco,0.0,0.1805,0.0,0.0,0.0,0.0,10.2524,0.0,0.1805,0.5504,0.0,3.5301,2.2839,27.9938,19.328,5.4896,B2,word_pos,permanence,N,permanence,NOM
kinésithérapeute,NOUN,B2,beacco,0.0,0.1665,0.0,0.0,1.809,0.0,0.0,0.0,0.1665,0.0,0.0,0.6378,0.0,3.4423,0.0,0.7094,B2,word_pos,kinésithérapeute,N,kinésithérapeute,NOM
sacré,NOUN,B2,beacco,0.0,0.1665,0.0,0.0,1.809,0.0,0.0,0.0,0.1665,0.0,0.0,10.2515,0.0,0.0,0.0,2.0523,B2,word_pos,sacré,N,sacré,NOM
destructeur,ADJ,B2,beacco,0.0,0.1663,0.0,0.0,0.0,0.0,8.021,0.0,0.1663,0.0,0.0,0.0,0.0,20.024,0.0,0.7219,B2,word_pos,destructeur,A,destructeur,ADJ
moralisateur,ADJ,B2,beacco,0.0,0.1663,0.0,0.0,0.0,0.0,8.021,0.0,0.1663,0.0,0.6228,0.0,0.0,3.4423,0.0,0.6891,B2,word_pos,moralisateur,A,moralisateur,ADJ
hippocampe,NOUN,B2,beacco,0.0,0.1639,0.0,0.0,0.0,0.0,0.0,67.3593,0.1639,0.0,0.0,0.0,0.0,0.0,96.64,0.7155,B2,word_pos,hippocampe,N,hippocampe,NOM
inverse,NOUN,B2,beacco,0.0,0.1639,0.0,0.0,0.0,0.0,0.0,67.3593,0.1639,0.0,0.1276,9.5861,8.3751,29.205,43.8345,9.0349,B2,word_pos,inverse,N,inverse,NOM
dépiter,VERB,B2,beacco,0.0,0.1638,0.0,0.0,0.0,0.0,9.3035,0.0,0.1638,0.0,0.0,0.0,1.3018,6.0005,0.0,0.5901,B2,word_pos,dépiter,V,dépiter,VER
fondu,ADJ,B2,beacco,0.0,0.1638,0.0,0.0,0.0,0.0,9.3035,0.0,0.1638,0.0,0.0,0.438,0.0,6.0005,0.0,0.7202,B2,word_pos,fondu,A,fondu,ADJ
mini,NOUN,B2,beacco,0.0,0.1638,0.0,0.0,0.0,0.0,9.3035,0.0,0.1638,0.0,0.0,0.5531,0.0,6.0005,0.0,0.6721,B2,unique_word,mini,N,mini,ADJ
inaltéré,ADJ,B2,beacco,0.0,0.1565,0.0,0.0,1.7004,0.0,0.0,0.0,0.1565,0.0,0.0,3.1652,0.0,0.0,0.0,0.6006,B2,word_pos,inaltéré,A,inaltéré,ADJ
lut,NOUN,B2,beacco,0.0,0.1503,0.0,0.0,1.6324,0.0,0.0,0.0,0.1503,0.0,0.0,1.7269,1.8983,0.0,0.0,1.1658,B2,word_pos,lut,N,lut,NOM
biais,NOUN,B2,beacco,0.0,0.1444,0.0,0.0,0.0,0.0,8.2019,0.0,0.1444,0.0,0.0,0.3906,0.0,19.861,0.0,1.4839,B2,word_pos,biais,N,biais,NOM
ficher,VERB,B2,beacco,0.0,0.1444,0.0,0.0,0.0,0.0,8.2019,0.0,0.1444,0.0,0.0,0.3933,0.0,8.2781,0.0,1.0892,B2,word_pos,ficher,V,ficher,VER
industrialiser,VERB,B2,beacco,0.0,0.1444,0.0,0.0,0.0,0.0,8.2019,0.0,0.1444,0.0,0.0,3.5156,0.0,4.139,12.833,2.1007,B2,word_pos,industrialiser,V,industrialiser,VER
flamand,ADJ,B2,beacco,0.0,0.1404,0.0,0.0,0.0,0.0,0.0,57.7365,0.1404,0.0,0.0,0.0,2.2839,0.0,38.656,1.1943,B2,word_pos,flamand,A,flamand,ADJ
trame,NOUN,B2,beacco,0.0,0.1397,0.0,0.0,0.9463,0.0,0.0,0.0,0.1397,0.0,0.0,3.5058,0.0,0.0,0.0,0.6699,B2,word_pos,trame,N,trame,NOM
typer,VERB,B2,beacco,0.0,0.1342,0.0,0.0,1.4582,0.0,0.0,0.0,0.1342,0.9121,0.0,0.3906,0.911,0.0,0.0,1.3416,B2,word_pos,typer,V,typer,VER
baby,NOUN,B2,beacco,0.0,0.1332,0.0,0.0,1.4472,0.0,0.0,0.0,0.1332,0.0,0.0,0.5531,0.0,3.4423,0.0,0.6976,B2,word_pos,baby,N,baby,NOM
malais,ADJ,B2,beacco,0.0,0.1332,0.0,0.0,1.4472,0.0,0.0,0.0,0.1332,0.8075,0.4664,0.6378,0.0,0.0,0.0,1.451,B2,word_pos,malais,A,malais,ADJ
inactif,ADJ,B2,beacco,0.0,0.1147,0.0,0.0,1.2455,0.0,0.0,0.0,0.1147,0.0,0.0,5.4317,0.0,0.0,12.833,1.8475,B2,word_pos,inactif,A,inactif,ADJ
congeler,VERB,B2,beacco,0.0,0.1092,0.0,0.0,0.0,0.0,6.2023,0.0,0.1092,0.0,0.0,0.6378,0.911,6.0005,19.328,2.2173,B2,word_pos,congeler,V,congeler,VER
contingence,NOUN,B2,beacco,0.0,0.1092,0.0,0.0,0.0,0.0,6.2023,0.0,0.1092,0.0,0.0,0.0,0.0,40.6321,0.0,1.5522,B2,word_pos,contingence,N,contingence,NOM
délibérer,VERB,B2,beacco,0.0,0.1092,0.0,0.0,0.0,0.0,6.2023,0.0,0.1092,0.0,0.0,0.4665,0.0,12.0009,19.328,1.6029,B2,word_pos,délibérer,V,délibérer,VER
hormis,VERB,B2,beacco,0.0,0.1092,0.0,0.0,0.0,0.0,6.2023,0.0,0.1092,0.0,0.0,0.1243,0.0,6.0005,0.0,0.623,B2,unique_word,hormis,V,hormis,PRP
impondérable,ADJ,B2,beacco,0.0,0.1092,0.0,0.0,0.0,0.0,6.2023,0.0,0.1092,0.0,0.0,0.4665,0.0,6.0005,0.0,0.636,B2,word_pos,impondérable,A,impondérable,ADJ
intérimaire,ADJ,B2,beacco,0.0,0.1092,0.0,0.0,0.0,0.0,6.2023,0.0,0.1092,0.0,0.0,0.6378,0.0,18.0014,0.0,1.6084,B2,word_pos,intérimaire,A,intérimaire,ADJ
pompe,NOUN,B2,beacco,0.0,0.1092,0.0,0.0,0.0,0.0,6.2023,0.0,0.1092,0.7319,0.0,0.5531,0.8102,12.0009,0.0,2.8716,B2,word_pos,pompe,N,pompe,NOM
cristalliser,VERB,B2,beacco,0.0,0.1083,0.0,0.0,0.0,0.0,6.1515,0.0,0.1083,0.0,0.0,0.0,0.0,4.139,19.328,0.7913,B2,word_pos,cristalliser,V,cristalliser,VER
illimiter,VERB,B2,beacco,0.0,0.1083,0.0,0.0,0.0,0.0,6.1515,0.0,0.1083,0.0,0.4157,0.0,0.0,4.139,0.0,0.5041,B2,word_pos,illimiter,V,illimiter,VER
libéral,NOUN,B2,beacco,0.0,0.1083,0.0,0.0,0.0,0.0,6.1515,0.0,0.1083,0.0,0.0,0.0,0.911,4.139,0.0,0.725,B2,word_pos,libéral,N,libéral,NOM
macadam,NOUN,B2,beacco,0.0,0.1074,0.0,0.0,1.1665,0.0,0.0,0.0,0.1074,0.0,0.0,5.2747,0.0,0.0,0.0,0.9894,B2,word_pos,macadam,N,macadam,NOM
pan,NOUN,B2,beacco,0.0,0.1048,0.0,0.0,0.7097,0.0,0.0,0.0,0.1048,3.7906,0.0,0.438,0.0,0.0,0.0,0.7161,B2,word_pos,pan,N,pan,NOM
val,NOUN,B2,beacco,0.0,0.1048,0.0,0.0,0.7097,0.0,0.0,0.0,0.1048,0.0,0.0,0.8759,2.2839,0.0,0.0,1.0088,B2,word_pos,val,N,val,NOM
assassin,ADJ,B2,beacco,0.0,0.0999,0.0,0.0,1.0854,0.0,0.0,0.0,0.0999,0.0,0.0,7.3788,43.9435,0.0,0.0,7.6911,B2,word_pos,assassin,A,assassin,ADJ
juif,ADJ,B2,beacco,0.0,0.0999,0.0,0.0,1.0854,0.0,0.0,0.0,0.0999,0.0,0.0,5.3437,0.0,0.0,0.0,0.9943,B2,word_pos,juif,A,juif,ADJ
papillon,NOUN,B2,beacco,0.0,0.0999,0.0,0.0,1.0854,0.0,0.0,0.0,0.0999,0.0,0.0,7.5777,0.0,0.0,0.0,1.5196,B2,word_pos,papillon,N,papillon,NOM
persan,ADJ,B2,beacco,0.0,0.0999,0.0,0.0,1.0854,0.0,0.0,0.0,0.0999,0.0,0.0,3.7375,0.0,0.0,0.0,0.6965,B2,word_pos,persan,A,persan,ADJ
barbecue,NOUN,B2,beacco,0.0,0.0998,0.0,0.0,0.0,0.0,4.8126,0.0,0.0998,0.9051,0.0,0.0,0.0,3.4423,0.0,0.6853,B2,word_pos,barbecue,N,barbecue,NOM
fragiliser,VERB,B2,beacco,0.0,0.0936,0.0,0.0,0.0,0.0,0.0,38.491,0.0936,0.0,0.0,0.0,0.0,0.0,77.312,0.5724,B2,word_pos,fragiliser,V,fragiliser,VER
con,NOUN,B2,beacco,0.0,0.0885,0.0,0.0,0.9618,0.0,0.0,0.0,0.0885,0.0,0.0,0.933,0.0,3.4423,0.0,0.8669,B2,word_pos,con,N,con,NOM
maigre,NOUN,B2,beacco,0.0,0.0845,0.0,0.0,0.9179,0.0,0.0,0.0,0.0845,0.0,0.0,0.9741,1.8983,0.0,0.0,0.9301,B2,word_pos,maigre,N,maigre,NOM
emblée,NOUN,B2,beacco,0.0,0.0805,0.0,0.0,0.8749,0.0,0.0,0.0,0.0805,0.0,0.0,7.7393,2.2839,0.0,19.328,3.6134,B2,unique_word,emblée,N,emblée,ADV
néant,NOUN,B2,beacco,0.0,0.0722,0.0,0.0,0.0,0.0,4.101,0.0,0.0722,0.0,0.0,0.0,1.2705,4.139,0.0,0.6143,B2,word_pos,néant,N,néant,NOM
fulgurant,ADJ,B2,beacco,0.0,0.0702,0.0,0.0,0.0,0.0,0.0,28.8683,0.0702,0.0,0.0,0.0,0.0,4.139,19.328,0.7913,B2,word_pos,fulgurant,A,fulgurant,ADJ
imprimé,NOUN,B2,beacco,0.0,0.0698,0.0,0.0,0.4732,0.0,0.0,0.0,0.0698,0.0,0.6228,0.438,0.0,0.0,0.0,0.6892,B2,unique_word,imprimé,N,imprimé,ADJ
conteste,NOUN,B2,beacco,0.0,0.0666,0.0,0.0,0.7236,0.0,0.0,0.0,0.0666,0.0,0.0,0.6378,0.0,4.139,0.0,0.7115,B2,word_pos,conteste,N,conteste,NOM
hammam,NOUN,B2,beacco,0.0,0.0666,0.0,0.0,0.7236,0.0,0.0,0.0,0.0666,0.9464,0.0,0.6378,0.0,0.0,0.0,0.6213,B2,word_pos,hammam,N,hammam,NOM
aubain,NOUN,B2,beacco,0.0,0.0665,0.0,0.0,0.0,0.0,3.2084,0.0,0.0665,0.0,0.0,0.5857,0.0,3.4423,0.0,0.7027,B2,unique_word,aubain,N,aubain,ADJ
cadence,NOUN,B2,beacco,0.0,0.0665,0.0,0.0,0.0,0.0,3.2084,0.0,0.0665,0.0,0.0,0.0,0.911,3.4423,0.0,0.7154,B2,word_pos,cadence,N,cadence,NOM
capitaliste,ADJ,B2,beacco,0.0,0.0665,0.0,0.0,0.0,0.0,3.2084,0.0,0.0665,0.0,0.0,0.3933,0.0,6.8846,0.0,1.0479,B2,word_pos,capitaliste,A,capitaliste,ADJ
cesse,NOUN,B2,beacco,0.0,0.0665,0.0,0.0,0.0,0.0,3.2084,0.0,0.0665,0.6291,0.6228,74.8054,18.1186,76.6769,77.4712,36.1402,B2,word_pos,cesse,N,cesse,NOM
griller,VERB,B2,beacco,0.0,0.0665,0.0,0.0,0.0,0.0,3.2084,0.0,0.0665,0.171,0.6228,0.4665,0.0,0.0,0.0,0.6815,B2,word_pos,griller,V,griller,VER
lavandé,ADJ,B2,beacco,0.0,0.0665,0.0,0.0,0.0,0.0,0.0,4.1173,0.0665,0.0,0.0,0.0,0.0,6.0005,4.0185,0.7219,B2,word_pos,lavandé,A,lavandé,ADJ
orbital,ADJ,B2,beacco,0.0,0.0665,0.0,0.0,0.0,0.0,3.2084,0.0,0.0665,0.0,0.0,0.185,0.0,3.4423,0.0,0.6891,B2,word_pos,orbital,A,orbital,ADJ
peul,NOUN,B2,beacco,0.0,0.0665,0.0,0.0,0.0,0.0,3.2084,0.0,0.0665,0.0,1.8025,0.0,0.0,3.4423,0.0,1.0242,B2,word_pos,peul,N,peul,NOM
souscrire,VERB,B2,beacco,0.0,0.0665,0.0,0.0,0.0,0.0,0.0,4.1173,0.0665,0.9051,0.0,0.0,0.0,0.0,4.0185,0.6853,B2,word_pos,souscrire,V,souscrire,VER
roser,VERB,B2,beacco,0.0,0.0664,0.0,0.0,0.7214,0.0,0.0,0.0,0.0664,6.3177,0.4157,0.0,0.0,0.0,0.0,1.39,B2,word_pos,roser,V,roser,VER
jade,NOUN,B2,beacco,0.0,0.0626,0.0,0.0,0.6802,0.0,0.0,0.0,0.0626,0.0,0.0,5.061,0.0,0.0,0.0,0.8838,B2,word_pos,jade,N,jade,NOM
maudire,VERB,B2,beacco,0.0,0.0626,0.0,0.0,0.6802,0.0,0.0,0.0,0.0626,0.0,0.0,2.6373,0.0,0.0,0.0,0.6741,B2,word_pos,maudire,V,maudire,VER
sieur,NOUN,B2,beacco,0.0,0.0626,0.0,0.0,0.6802,0.0,0.0,0.0,0.0626,0.6291,0.0,0.5857,0.0,0.0,0.0,0.4648,B2,word_pos,sieur,N,sieur,NOM
cinéphile,NOUN,B2,beacco,0.0,0.0573,0.0,0.0,0.6228,0.0,0.0,0.0,0.0573,0.0,0.0,3.4656,0.0,0.0,0.0,0.6693,B2,word_pos,cinéphile,N,cinéphile,NOM
écolo,NOUN,B2,beacco,0.0,0.0573,0.0,0.0,0.6228,0.0,0.0,0.0,0.0573,0.0,0.0,4.7994,0.0,0.0,0.0,0.9393,B2,word_pos,écolo,N,écolo,NOM
liquide,NOUN,B2,beacco,0.0,0.0546,0.0,0.0,0.0,0.0,3.1012,0.0,0.0546,1.2635,0.6008,0.0,0.0,6.0005,0.0,1.3414,B2,word_pos,liquide,N,liquide,NOM
palpiter,VERB,B2,beacco,0.0,0.0546,0.0,0.0,0.0,0.0,3.1012,0.0,0.0546,0.0,0.0,0.4317,0.0,6.0005,0.0,0.6194,B2,word_pos,palpiter,V,palpiter,VER
poudrer,VERB,B2,beacco,0.0,0.0546,0.0,0.0,0.0,0.0,3.1012,0.0,0.0546,0.0,0.0,0.0,0.0,6.0005,4.0185,0.7219,B2,word_pos,poudrer,V,poudrer,VER
proscrire,VERB,B2,beacco,0.0,0.0546,0.0,0.0,0.0,0.0,3.1012,0.0,0.0546,0.0,0.0,0.0,0.8102,6.0005,0.0,0.4907,B2,word_pos,proscrire,V,proscrire,VER
précédent,NOUN,B2,beacco,0.0,0.0546,0.0,0.0,0.0,0.0,3.1012,0.0,0.0546,0.0,0.0,3.5051,0.0,20.6179,12.833,3.1248,B2,word_pos,précédent,N,précédent,NOM
survivant,NOUN,B2,beacco,0.0,0.0546,0.0,0.0,0.0,0.0,3.1012,0.0,0.0546,0.0,0.0,0.4317,0.0,6.0005,0.0,0.6194,B2,word_pos,survivant,N,survivant,NOM
colporteur,NOUN,B2,beacco,0.0,0.0537,0.0,0.0,0.5833,0.0,0.0,0.0,0.0537,0.0,0.0,3.7062,0.0,0.0,0.0,0.6943,B2,word_pos,colporteur,N,colporteur,NOM
ramper,VERB,B2,beacco,0.0,0.0525,0.0,1.0395,0.0,0.0,0.0,0.0,0.0525,0.0,0.5213,0.3059,0.0,0.0,0.0,0.6499,B2,word_pos,ramper,V,ramper,VER
directeur,ADJ,B2,beacco,0.0,0.0474,0.0,0.0,0.0,0.0,0.0,19.4814,0.0474,0.0,0.2129,4.3647,2.2839,0.0,78.971,5.8308,B2,word_pos,directeur,A,directeur,ADJ
critiquable,ADJ,B2,beacco,0.0,0.0468,0.0,0.0,0.0,0.0,0.0,19.2455,0.0468,0.0,0.0,0.0,0.0,4.139,19.328,0.7913,B2,word_pos,critiquable,A,critiquable,ADJ
dégourdir,VERB,B2,beacco,0.0,0.0443,0.0,0.0,0.4809,0.0,0.0,0.0,0.0443,0.0,0.0,3.5679,0.0,0.0,0.0,0.6802,B2,word_pos,dégourdir,V,dégourdir,VER
parader,VERB,B2,beacco,0.0,0.0443,0.0,0.0,0.4809,0.0,0.0,0.0,0.0443,0.0,0.0,0.4665,1.2705,0.0,0.0,0.6653,B2,word_pos,parader,V,parader,VER
tombant,ADJ,B2,beacco,0.0,0.0443,0.0,0.0,0.4809,0.0,0.0,0.0,0.0443,0.0,0.0,3.5679,0.0,0.0,0.0,0.6802,B2,word_pos,tombant,A,tombant,ADJ
écrasé,ADJ,B2,beacco,0.0,0.0443,0.0,0.0,0.4809,0.0,0.0,0.0,0.0443,0.0,0.0,3.4846,0.0,0.0,0.0,0.6701,B2,word_pos,écrasé,A,écrasé,ADJ
descendant,NOUN,B2,beacco,0.0,0.0427,0.0,0.8456,0.0,0.0,0.0,0.0,0.0427,0.0,0.6008,2.6301,0.0,6.0005,0.0,2.4748,B2,word_pos,descendant,N,descendant,NOM
écoutant,NOUN,B2,beacco,0.0,0.0422,0.0,0.0,0.4589,0.0,0.0,0.0,0.0422,0.0,0.6111,0.9741,0.0,0.0,19.328,1.801,B2,word_pos,écoutant,N,écoutant,NOM
savoyard,ADJ,B2,beacco,0.0,0.0418,0.0,0.0,0.4538,0.0,0.0,0.0,0.0418,0.0,0.0,0.2504,0.0,0.0,12.833,0.5351,B2,word_pos,savoyard,A,savoyard,ADJ
brouillon,ADJ,B2,beacco,0.0,0.0382,0.0,0.0,0.4152,0.0,0.0,0.0,0.0382,0.0,0.1937,0.3906,0.0,0.0,0.0,0.6398,B2,word_pos,brouillon,A,brouillon,ADJ
caniveau,NOUN,B2,beacco,0.0,0.0382,0.0,0.0,0.4152,0.0,0.0,0.0,0.0382,0.0,0.0,9.38,0.0,0.0,0.0,1.6802,B2,word_pos,caniveau,N,caniveau,NOM
nerf,NOUN,B2,beacco,0.0,0.0382,0.0,0.0,0.4152,0.0,0.0,0.0,0.0382,0.0,0.0,0.7812,0.0,72.7509,0.0,4.8693,B2,word_pos,nerf,N,nerf,NOM
écorcher,VERB,B2,beacco,0.0,0.0382,0.0,0.0,0.4152,0.0,0.0,0.0,0.0382,0.0,0.0,0.3906,0.8102,0.0,0.0,0.6281,B2,word_pos,écorcher,V,écorcher,VER
dévouer,VERB,B2,beacco,0.0,0.0376,0.0,0.0,0.4081,0.0,0.0,0.0,0.0376,0.0,0.0,4.9206,0.0,0.0,0.0,0.8424,B2,word_pos,dévouer,V,dévouer,VER
milady,NOUN,B2,beacco,0.0,0.0376,0.0,0.0,0.4081,0.0,0.0,0.0,0.0376,0.0,0.0,7.3392,0.0,0.0,0.0,0.6817,B2,word_pos,milady,N,milady,NOM
dingue,ADJ,B2,beacco,0.0,0.0374,0.0,0.7405,0.0,0.0,0.0,0.0,0.0374,0.0,0.606,0.0,0.0,6.0005,0.0,0.623,B2,word_pos,dingue,A,dingue,ADJ
conducteur,ADJ,B2,beacco,0.0,0.0361,0.0,0.0,0.0,0.0,2.0505,0.0,0.0361,0.0,0.0,0.0,0.0,20.6179,0.0,0.7913,B2,word_pos,conducteur,A,conducteur,ADJ
exploitant,NOUN,B2,beacco,0.0,0.0361,0.0,0.0,0.0,0.0,2.0505,0.0,0.0361,0.0,0.0,0.0,0.0,19.861,0.0,0.7262,B2,word_pos,exploitant,N,exploitant,NOM
irrationnel,ADJ,B2,beacco,0.0,0.0361,0.0,0.0,0.0,0.0,2.0505,0.0,0.0361,0.0,0.0,0.5531,0.0,4.139,0.0,0.6893,B2,word_pos,irrationnel,A,irrationnel,ADJ
ras,ADJ,B2,beacco,0.0,0.0361,0.0,0.0,0.0,0.0,2.0505,0.0,0.0361,0.0,0.0,0.6378,0.0,20.6179,0.0,1.581,B2,word_pos,ras,A,ras,ADJ
relatif,NOUN,B2,beacco,0.0,0.0361,0.0,0.0,0.0,0.0,2.0505,0.0,0.0361,0.0,0.0,1.2756,0.0,4.139,0.0,0.8999,B2,word_pos,relatif,N,relatif,NOM
abstraire,VERB,B2,beacco,0.0,0.0349,0.0,0.0,0.2366,0.0,0.0,0.0,0.0349,0.0,0.0,0.438,0.911,6.0005,0.0,0.8708,B2,word_pos,abstraire,V,abstraire,VER
extrême,NOUN,B2,beacco,0.0,0.0349,0.0,0.0,0.2366,0.0,0.0,0.0,0.0349,0.0,0.0,0.0,1.2705,6.0005,0.0,0.5848,B2,word_pos,extrême,N,extrême,NOM
loin,NOUN,B2,beacco,0.0,0.0349,0.0,0.0,0.2366,0.0,0.0,0.0,0.0349,0.8346,0.6111,0.0,0.0,0.0,0.0,0.6005,B2,word_pos,loin,N,loin,NOM
perturbation,NOUN,B2,beacco,0.0,0.0349,0.0,0.0,0.2366,0.0,0.0,0.0,0.0349,0.0,0.0,3.5715,0.0,0.0,0.0,0.6976,B2,word_pos,perturbation,N,perturbation,NOM
traître,ADJ,B2,beacco,0.0,0.0349,0.0,0.0,0.2366,0.0,0.0,0.0,0.0349,0.0,0.0,0.438,1.2705,0.0,0.0,0.6471,B2,word_pos,traître,A,traître,ADJ
buter,VERB,B2,beacco,0.0,0.0333,0.0,0.0,0.0,0.0,1.6042,0.0,0.0333,0.0,0.0,0.0,0.0,3.4423,12.833,0.7262,B2,word_pos,buter,V,buter,VER
convergent,ADJ,B2,beacco,0.0,0.0333,0.0,0.0,0.3618,0.0,0.0,0.0,0.0333,0.0,0.0,3.5957,0.0,0.0,0.0,0.7091,B2,word_pos,convergent,A,convergent,ADJ
cybernétique,NOUN,B2,beacco,0.0,0.0333,0.0,0.0,0.3618,0.0,0.0,0.0,0.0333,0.0,0.0,2.8589,2.2839,0.0,0.0,1.5563,B2,word_pos,cybernétique,N,cybernétique,NOM
dépendant,ADJ,B2,beacco,0.0,0.0333,0.0,0.0,0.3618,0.0,0.0,0.0,0.0333,0.0,0.0,0.6378,0.0,4.139,0.0,0.7115,B2,word_pos,dépendant,A,dépendant,ADJ
esquisser,VERB,B2,beacco,0.0,0.0333,0.0,0.0,0.3618,0.0,0.0,0.0,0.0333,0.0,0.0,0.6378,0.0,4.139,0.0,0.7115,B2,word_pos,esquisser,V,esquisser,VER
graviter,VERB,B2,beacco,0.0,0.0333,0.0,0.0,0.0,0.0,1.6042,0.0,0.0333,0.0,0.0,0.2504,0.0,3.4423,0.0,0.5795,B2,word_pos,graviter,V,graviter,VER
inconscient,NOUN,B2,beacco,0.0,0.0333,0.0,0.0,0.3618,0.0,0.0,0.0,0.0333,0.0,0.0,0.6378,0.0,0.0,19.328,0.7013,B2,word_pos,inconscient,N,inconscient,NOM
jetée,NOUN,B2,beacco,0.0,0.0333,0.0,0.0,0.0,0.0,1.6042,0.0,0.0333,0.0,0.7079,0.0,0.0,3.4423,0.0,0.7048,B2,word_pos,jetée,N,jetée,NOM
mâle,NOUN,B2,beacco,0.0,0.0333,0.0,0.0,0.0,0.0,1.6042,0.0,0.0333,0.0,0.0,0.0,0.0,40.1357,0.0,1.6052,B2,word_pos,mâle,N,mâle,NOM
nomadisme,NOUN,B2,beacco,0.0,0.0333,0.0,0.0,0.3618,0.0,0.0,0.0,0.0333,0.0,0.0,0.6378,0.0,4.139,0.0,0.7115,B2,word_pos,nomadisme,N,nomadisme,NOM
penser,NOUN,B2,beacco,0.0,0.0333,0.0,0.0,0.0,0.0,1.6042,0.0,0.0333,0.0,0.6228,0.5531,0.0,3.4423,0.0,1.5509,B2,word_pos,penser,N,penser,NOM
philosophe,ADJ,B2,beacco,0.0,0.0333,0.0,0.0,0.3618,0.0,0.0,0.0,0.0333,0.0,0.6008,3.6369,0.0,0.0,0.0,1.5399,B2,word_pos,philosophe,A,philosophe,ADJ
plan,ADJ,B2,beacco,0.0,0.0333,0.0,0.0,0.0,0.0,1.6042,0.0,0.0333,0.0,0.0,3.7375,0.0,20.024,12.833,3.6529,B2,word_pos,plan,A,plan,ADJ
protecteur,ADJ,B2,beacco,0.0,0.0333,0.0,0.0,0.0,0.0,1.6042,0.0,0.0333,0.0,0.0,0.0,1.2705,3.4423,0.0,0.6465,B2,word_pos,protecteur,A,protecteur,ADJ
sophistiqué,ADJ,B2,beacco,0.0,0.0333,0.0,0.0,0.0,0.0,1.6042,0.0,0.0333,0.0,0.6008,0.3906,0.0,20.024,0.0,2.4497,B2,word_pos,sophistiqué,A,sophistiqué,ADJ
hard,NOUN,B2,beacco,0.0,0.0324,0.0,0.6418,0.0,0.0,0.0,0.0,0.0324,0.0,0.6228,0.0,2.2839,0.0,0.0,0.6897,B2,word_pos,hard,N,hard,NOM
corail,NOUN,B2,beacco,0.0,0.032,0.0,0.6342,0.0,0.0,0.0,0.0,0.032,0.0,0.6008,0.2504,0.0,0.0,0.0,0.6182,B2,unique_word,corail,N,corail,ADJ
continu,NOUN,B2,beacco,0.0,0.0316,0.0,0.0,0.0,0.0,0.0,12.9876,0.0316,0.0,0.0,0.0,0.0,0.0,56.7717,0.7913,B2,word_pos,continu,N,continu,NOM
considérant,NOUN,B2,beacco,0.0,0.0313,0.0,0.0,0.3401,0.0,0.0,0.0,0.0313,0.0,0.0,0.5857,0.0,4.139,0.0,0.6985,B2,word_pos,considérant,N,considérant,NOM
intermittent,ADJ,B2,beacco,0.0,0.0313,0.0,0.0,0.3401,0.0,0.0,0.0,0.0313,0.5504,0.0,0.5857,0.0,0.0,0.0,0.4379,B2,word_pos,intermittent,A,intermittent,ADJ
prévu,ADJ,B2,beacco,0.0,0.0313,0.0,0.0,0.3401,0.0,0.0,0.0,0.0313,0.0,0.0,3.6187,0.0,0.0,4.0185,1.5436,B2,word_pos,prévu,A,prévu,ADJ
tâcher,VERB,B2,beacco,0.0,0.0313,0.0,0.0,0.3401,0.0,0.0,0.0,0.0313,0.0,0.0,3.5101,0.0,0.0,0.0,0.665,B2,word_pos,tâcher,V,tâcher,VER
étincelant,ADJ,B2,beacco,0.0,0.0313,0.0,0.0,0.3401,0.0,0.0,0.0,0.0313,0.0,0.0,0.5857,0.0,6.0005,0.0,0.684,B2,word_pos,étincelant,A,étincelant,ADJ
évanoui,ADJ,B2,beacco,0.0,0.0298,0.0,0.5897,0.0,0.0,0.0,0.0,0.0298,0.0,0.6111,0.3933,0.0,0.0,0.0,0.6569,B2,word_pos,évanoui,A,évanoui,ADJ
do,NOUN,B2,beacco,0.0,0.029,1.5075,0.0,0.0,0.0,0.0,0.0,0.029,3.6203,0.0,0.0,0.0,0.0,12.833,0.9904,B2,word_pos,do,N,do,NOM
rider,VERB,B2,beacco,0.0,0.029,1.5075,0.0,0.0,0.0,0.0,0.0,0.029,0.9051,0.1865,0.0,0.0,0.0,0.0,0.4405,B2,word_pos,rider,V,rider,VER
ciseler,VERB,B2,beacco,0.0,0.0268,0.0,0.0,0.2916,0.0,0.0,0.0,0.0268,0.0,0.0,3.5636,0.0,0.0,0.0,0.6763,B2,word_pos,ciseler,V,ciseler,VER
dédicacer,VERB,B2,beacco,0.0,0.0268,0.0,0.0,0.2916,0.0,0.0,0.0,0.0268,0.0,0.4664,0.5531,0.0,0.0,0.0,0.6593,B2,word_pos,dédicacer,V,dédicacer,VER
flagrant,ADJ,B2,beacco,0.0,0.0268,0.0,0.0,0.2916,0.0,0.0,0.0,0.0268,0.0,0.0,3.1779,0.0,0.0,0.0,0.6066,B2,word_pos,flagrant,A,flagrant,ADJ
jardiner,VERB,B2,beacco,0.0,0.0268,0.0,0.0,0.2916,0.0,0.0,0.0,0.0268,0.0,0.0,3.6048,0.0,0.0,0.0,0.6824,B2,word_pos,jardiner,V,jardiner,VER
perspectif,ADJ,B2,beacco,0.0,0.0268,0.0,0.0,0.2916,0.0,0.0,0.0,0.0268,0.0,0.0,0.5531,0.0,6.0005,0.0,0.6721,B2,word_pos,perspectif,A,perspectif,ADJ
dedans,NOUN,B2,beacco,0.0,0.0261,0.0,0.5168,0.0,0.0,0.0,0.0,0.0261,0.0,1.0679,0.0,0.0,6.0005,0.0,0.6726,B2,word_pos,dedans,N,dedans,NOM
rouvre,NOUN,B2,beacco,0.0,0.0261,0.0,0.5168,0.0,0.0,0.0,0.0,0.0261,0.0,1.0679,0.0,0.0,3.4423,0.0,0.6978,B2,word_pos,rouvre,N,rouvre,NOM
rime,NOUN,B2,beacco,0.0,0.0246,0.0,0.4879,0.0,0.0,0.0,0.0,0.0246,0.0,0.4664,0.3906,0.0,0.0,0.0,0.6647,B2,word_pos,rime,N,rime,NOM
calculateur,ADJ,B2,beacco,0.0,0.0234,0.0,0.0,0.0,0.0,0.0,9.6228,0.0234,0.0,0.0,0.0,0.0,6.8846,19.328,0.8742,B2,word_pos,calculateur,A,calculateur,ADJ
mâtiner,VERB,B2,beacco,0.0,0.0234,0.0,0.0,0.0,0.0,0.0,9.6228,0.0234,0.0,0.0,0.5857,0.0,0.0,19.328,0.684,B2,word_pos,mâtiner,V,mâtiner,VER
naufragé,NOUN,B2,beacco,0.0,0.0234,0.0,0.0,0.0,0.0,0.0,9.6228,0.0234,0.0,0.0,0.1243,0.0,0.0,19.328,0.623,B2,word_pos,naufragé,N,naufragé,NOM
heu,NOUN,B2,beacco,0.0,0.0221,0.0,0.0,0.2405,0.0,0.0,0.0,0.0221,0.9051,0.0,5.047,0.0,0.0,0.0,1.952,B2,word_pos,heu,N,heu,NOM
incapable,NOUN,B2,beacco,0.0,0.0221,0.0,0.0,0.2405,0.0,0.0,0.0,0.0221,0.0,0.0,3.4846,0.0,0.0,0.0,0.6701,B2,word_pos,incapable,N,incapable,NOM
mitiger,VERB,B2,beacco,0.0,0.0221,0.0,0.0,0.2405,0.0,0.0,0.0,0.0221,0.0,0.0,3.7679,0.0,0.0,0.0,0.7004,B2,word_pos,mitiger,V,mitiger,VER
nickel,NOUN,B2,beacco,0.0,0.0219,1.1385,0.0,0.0,0.0,0.0,0.0,0.0219,1.1764,0.0,0.0,0.0,4.139,0.0,0.5197,B2,word_pos,nickel,N,nickel,NOM
baisser,NOUN,B2,beacco,0.0,0.0211,0.0,0.0,0.2295,0.0,0.0,0.0,0.0211,0.0,0.0,0.487,0.0,4.139,0.0,0.6675,B2,word_pos,baisser,N,baisser,NOM
mélangé,ADJ,B2,beacco,0.0,0.0211,0.0,0.0,0.2295,0.0,0.0,0.0,0.0211,0.0,0.0,2.952,0.0,0.0,0.0,0.6835,B2,word_pos,mélangé,A,mélangé,ADJ
tablier,NOUN,B2,beacco,0.0,0.0211,0.0,0.0,0.2295,0.0,0.0,0.0,0.0211,0.0,0.0,3.2049,0.0,0.0,0.0,0.6189,B2,word_pos,tablier,N,tablier,NOM
archives,NOUN,B2,beacco,0.0,0.02,1.0394,0.0,0.0,0.0,0.0,0.0,0.02,0.0,0.0,0.0,2.2839,12.0009,0.0,1.1943,B2,word_pos,archives,N,archives,NOM
charcutier,NOUN,B2,beacco,0.0,0.02,1.0394,0.0,0.0,0.0,0.0,0.0,0.02,1.1123,0.4157,0.0,0.0,0.0,0.0,0.6407,B2,word_pos,charcutier,N,charcutier,NOM
barbe,ADJ,B2,beacco,0.0,0.0198,0.0,0.3918,0.0,0.0,0.0,0.0,0.0198,0.0,0.6111,0.0,1.3018,0.0,0.0,0.6574,B2,word_pos,barbe,A,barbe,ADJ
terminal,ADJ,B2,beacco,0.0,0.0193,0.0,0.0,0.2093,0.0,0.0,0.0,0.0193,0.0,0.0,3.0079,0.0,0.0,0.0,0.4998,B2,word_pos,terminal,A,terminal,ADJ
hamster,NOUN,B2,beacco,0.0,0.0192,0.9991,0.0,0.0,0.0,0.0,0.0,0.0192,0.9464,0.0,0.0,2.2839,0.0,0.0,0.6179,B2,word_pos,hamster,N,hamster,NOM
chou,ADJ,B2,beacco,0.0,0.0191,0.0,0.0,0.2076,0.0,0.0,0.0,0.0191,0.0,0.0,3.196,0.0,0.0,0.0,0.664,B2,unique_word,chou,A,chou,NOM
curatif,ADJ,B2,beacco,0.0,0.0191,0.0,0.0,0.2076,0.0,0.0,0.0,0.0191,0.0,0.0,3.2407,0.0,0.0,0.0,0.6357,B2,word_pos,curatif,A,curatif,ADJ
foulée,NOUN,B2,beacco,0.0,0.0191,0.0,0.0,0.2076,0.0,0.0,0.0,0.0191,0.0,0.0,3.5156,0.0,0.0,12.833,1.4866,B2,word_pos,foulée,N,foulée,NOM
frigo,ADJ,B2,beacco,0.0,0.0191,0.0,0.0,0.2076,0.0,0.0,0.0,0.0191,0.4856,0.0,0.3906,0.0,0.0,0.0,0.4747,B2,word_pos,frigo,A,frigo,ADJ
pocket,NOUN,B2,beacco,0.0,0.0191,0.0,0.0,0.2076,0.0,0.0,0.0,0.0191,0.0,0.0,0.3906,2.5411,3.4423,0.0,1.8042,B2,word_pos,pocket,N,pocket,NOM
préservatif,NOUN,B2,beacco,0.0,0.0191,0.0,0.0,0.2076,0.0,0.0,0.0,0.0191,0.0,0.0,3.5156,0.0,0.0,0.0,0.6613,B2,word_pos,préservatif,N,préservatif,NOM
braver,VERB,B2,beacco,0.0,0.0188,0.0,0.0,0.2041,0.0,0.0,0.0,0.0188,0.7319,0.0,0.4317,0.0,0.0,0.0,0.5397,B2,word_pos,braver,V,braver,VER
incognito,ADV,B2,beacco,0.0,0.0188,0.0,0.0,0.2041,0.0,0.0,0.0,0.0188,0.0,0.0,0.4317,0.0,6.0005,0.0,0.6194,B2,word_pos,incognito,ADV,incognito,ADV
saphir,NOUN,B2,beacco,0.0,0.0188,0.0,0.0,0.2041,0.0,0.0,0.0,0.0188,0.0,0.0,4.0444,0.0,0.0,0.0,0.7754,B2,word_pos,saphir,N,saphir,NOM
infect,ADJ,B2,beacco,0.0,0.0187,0.0,0.3702,0.0,0.0,0.0,0.0,0.0187,0.0,0.606,0.0,0.0,6.0005,0.0,0.623,B2,word_pos,infect,A,infect,ADJ
sortir,NOUN,B2,beacco,0.0,0.0187,0.0,0.3702,0.0,0.0,0.0,0.0,0.0187,0.0,0.606,3.5206,0.8102,0.0,12.833,3.4359,B2,word_pos,sortir,N,sortir,NOM
boursier,ADJ,B2,beacco,0.0,0.0167,0.0,0.0,0.1812,0.0,0.0,0.0,0.0167,0.0,0.0,2.9063,0.0,0.0,0.0,0.688,B2,word_pos,boursier,A,boursier,ADJ
potier,NOUN,B2,beacco,0.0,0.0167,0.0,0.0,0.1812,0.0,0.0,0.0,0.0167,0.9051,0.0,0.37,0.0,0.0,0.0,0.9609,B2,word_pos,potier,N,potier,NOM
restant,NOUN,B2,beacco,0.0,0.0167,0.0,0.0,0.1815,0.0,0.0,0.0,0.0167,0.0,0.0,0.2504,0.0,6.0005,0.0,0.5039,B2,word_pos,restant,N,restant,NOM
sieste,NOUN,B2,beacco,0.0,0.0167,0.0,0.331,0.0,0.0,0.0,0.0,0.0167,0.7319,0.2129,0.0,0.0,0.0,0.0,0.5884,B2,word_pos,sieste,N,sieste,NOM
bouge,NOUN,B2,beacco,0.0,0.0162,0.0,0.3209,0.0,0.0,0.0,0.0,0.0162,0.5987,0.0,0.3933,0.0,0.0,0.0,0.515,B2,word_pos,bouge,N,bouge,NOM
gladiateur,NOUN,B2,beacco,0.0,0.0162,0.0,0.3209,0.0,0.0,0.0,0.0,0.0162,0.0,0.6228,0.2504,0.0,0.0,0.0,0.6149,B2,word_pos,gladiateur,N,gladiateur,NOM
podium,NOUN,B2,beacco,0.0,0.0162,0.0,0.3209,0.0,0.0,0.0,0.0,0.0162,0.0,0.6228,0.5531,0.0,0.0,0.0,0.688,B2,word_pos,podium,N,podium,NOM
verrière,NOUN,B2,beacco,0.0,0.0162,0.0,0.3209,0.0,0.0,0.0,0.0,0.0162,0.0,0.6228,0.0,0.0,3.4423,0.0,0.6891,B2,word_pos,verrière,N,verrière,NOM
brève,NOUN,B2,beacco,0.0,0.0158,0.0,0.0,0.0,0.0,0.0,6.4938,0.0158,0.0,0.6228,0.4665,0.0,0.0,25.6659,2.1297,B2,word_pos,brève,N,brève,NOM
conscrit,NOUN,B2,beacco,0.0,0.0158,0.0,0.0,0.0,0.0,0.0,6.4938,0.0158,0.0,0.606,0.0,0.0,0.0,12.833,0.6485,B2,word_pos,conscrit,N,conscrit,NOM
fait,ADJ,B2,beacco,0.0,0.0158,0.0,0.0,0.0,0.0,0.0,6.4938,0.0158,0.0,2.1359,0.1219,0.0,0.0,0.0,1.0122,B2,word_pos,fait,A,fait,ADJ
teinter,VERB,B2,beacco,0.0,0.0158,0.0,0.0,0.0,0.0,0.0,6.4938,0.0158,0.0,0.0,0.0,2.2839,0.0,12.833,0.7167,B2,word_pos,teinter,V,teinter,VER
posé,ADJ,B2,beacco,0.0,0.0131,0.0,0.2599,0.0,0.0,0.0,0.0,0.0131,0.0,0.5213,0.0,0.0,4.139,0.0,0.5513,B2,word_pos,posé,A,posé,ADJ
impératif,ADJ,B2,beacco,0.0,0.0128,0.0,0.0,0.1395,0.0,0.0,0.0,0.0128,0.0,0.0,2.504,0.0,0.0,0.0,0.6593,B2,word_pos,impératif,A,impératif,ADJ
parlé,ADJ,B2,beacco,0.0,0.0128,0.6621,0.0,0.0,0.0,0.0,0.0,0.0128,1.2635,0.0,0.3059,0.0,0.0,0.0,0.6455,B2,word_pos,parlé,A,parlé,ADJ
ambulancier,NOUN,B2,beacco,0.0,0.0123,0.0,0.2439,0.0,0.0,0.0,0.0,0.0123,0.0,0.4664,0.438,0.0,0.0,0.0,0.6455,B2,word_pos,ambulancier,N,ambulancier,NOM
fraise,NOUN,B2,beacco,0.0,0.0121,0.5477,0.0,0.0,0.0,0.0,0.0,0.0121,0.5987,0.0,0.3906,0.0,0.0,0.0,0.516,B2,word_pos,fraise,N,fraise,NOM
coloniser,VERB,B2,beacco,0.0,0.0107,0.0,0.2117,0.0,0.0,0.0,0.0,0.0107,0.0,0.4157,0.0,0.0,0.0,57.984,1.4449,B2,word_pos,coloniser,V,coloniser,VER
robuste,ADJ,B2,beacco,0.0,0.0106,0.0,0.0,0.1155,0.0,0.0,0.0,0.0106,0.0,0.0,3.2138,0.0,0.0,0.0,0.5979,B2,word_pos,robuste,A,robuste,ADJ
ut,NOUN,B2,beacco,0.0,0.0106,0.0,0.0,0.1155,0.0,0.0,0.0,0.0106,0.0,0.0,0.2331,25.8549,0.0,0.0,3.1536,B2,word_pos,ut,N,ut,NOM
coter,VERB,B2,beacco,0.0,0.0083,0.0,0.0,0.0906,0.0,0.0,0.0,0.0083,0.0,0.0,0.185,0.0,3.4423,0.0,0.6891,B2,word_pos,coter,V,coter,VER
dauphin,NOUN,B2,beacco,0.0,0.0083,0.0,0.0,0.0906,0.0,0.0,0.0,0.0083,0.0,0.0,0.185,1.8983,0.0,0.0,0.6878,B2,word_pos,dauphin,N,dauphin,NOM
attache,NOUN,B2,beacco,0.0,0.0077,0.3983,0.0,0.0,0.0,0.0,0.0,0.0077,0.8346,0.4157,0.0,2.2839,0.0,0.0,1.3533,B2,word_pos,attache,N,attache,NOM
saute,NOUN,B2,beacco,0.0,0.0066,0.0,0.1306,0.0,0.0,0.0,0.0,0.0066,1.1764,0.1865,0.0,0.0,0.0,0.0,0.5566,B2,word_pos,saute,N,saute,NOM
venu,NOUN,B2,beacco,0.0,0.0066,0.0,0.1306,0.0,0.0,0.0,0.0,0.0066,0.0,3.376,0.0,0.0,0.0,12.833,0.9871,B2,word_pos,venu,N,venu,NOM
dia,NOUN,B2,beacco,0.0,0.006,0.2738,0.0,0.0,0.0,0.0,0.0,0.006,7.3713,0.0,0.0,0.0,0.0,0.0,0.6231,B2,unique_word,dia,N,dia,INT
foncé,ADJ,B2,beacco,0.0,0.006,0.2738,0.0,0.0,0.0,0.0,0.0,0.006,1.1973,0.0,0.5008,13.4327,0.0,0.0,3.5519,B2,word_pos,foncé,A,foncé,ADJ
marrer,VERB,B2,beacco,0.0,0.006,0.2738,0.0,0.0,0.0,0.0,0.0,0.006,7.2761,0.0,0.5531,0.0,0.0,0.0,1.2882,B2,word_pos,marrer,V,marrer,VER
boite,NOUN,B2,beacco,0.0,0.0049,0.2541,0.0,0.0,0.0,0.0,0.0,0.0049,0.5504,0.0,0.3906,0.0,0.0,0.0,0.4996,B2,word_pos,boite,N,boite,NOM
pfff,NOUN,B2,beacco,0.0,0.0048,0.0,0.0948,0.0,0.0,0.0,0.0,0.0048,0.0,0.2065,1.3995,0.0,0.0,0.0,1.301,B2,unique_word,pfff,N,pfff,INT
