word,pos,assigned_cefr,level_source,assigned_level_frequency,total_frequency,crf_A1,crf_A2,crf_B1,crf_B2,crf_C1,crf_C2,crf_total,beacco_A1,beacco_A2,beacco_B1,beacco_B2,beacco_C1,beacco_C2,beacco_total,beacco_level,match_method,crf_word,crf_pos,beacco_word,beacco_pos
anesthésiste,NOUN,C1,beacco,124.0461,2.184,0.0,0.0,0.0,0.0,124.0461,0.0,2.184,0.0,0.0,0.0,0.0,18.0014,0.0,0.4293,C1,word_pos,anesthésiste,N,anesthésiste,NOM
anglais,NOUN,C1,beacco,97.0173,184.0428,162.7524,214.7912,107.0186,285.9813,97.0173,86.6048,184.0428,0.0,0.0,0.0,4.5679,0.0,0.0,0.1228,C1,word_pos,anglais,N,anglais,NOM
nerfs,NOUN,C1,crf_first_attested,84.9003,2.8611,0.0,0.0,0.0,0.0,84.9003,0.0,2.8611,,,,,,,,,crf_only,nerfs,N,,
élevé,ADJ,C1,beacco,67.0663,32.1661,0.0,23.296,31.6586,16.3014,67.0663,160.2527,32.1661,0.0,0.0,0.0,0.0,3.4423,0.0,0.0657,C1,word_pos,élevé,A,élevé,ADJ
illustré,ADJ,C1,beacco,52.1292,2.6307,0.0,0.0,0.3618,0.0,52.1292,0.0,2.6307,0.0,0.0,0.0,0.0,6.0005,0.0,0.1431,C1,word_pos,illustré,A,illustré,ADJ
ciblé,ADJ,C1,crf_first_attested,45.0494,1.5973,0.0,0.0,0.0,0.0,45.0494,0.0,1.5973,,,,,,,,,crf_only,ciblé,A,,
fermé,ADJ,C1,beacco,43.6353,24.7854,17.1044,27.0583,1.0854,55.2415,43.6353,0.0,24.7854,0.0,0.0,0.0,3.5867,0.0,0.0,0.0964,C1,word_pos,fermé,A,fermé,ADJ
remplier,VERB,C1,beacco,41.5144,7.155,0.0,4.8012,2.952,0.0,41.5144,9.6228,7.155,0.0,0.0,0.0,0.0,6.0005,0.0,0.1431,C1,word_pos,remplier,V,remplier,VER
ne point,ADV,C1,crf_first_attested,40.3921,1.2789,0.0,0.0,0.0,0.0,40.3921,0.0,1.2789,,,,,,,,,crf_only,ne point,ADV,,
de l' ordre de,PREP,C1,crf_first_attested,38.9993,3.178,0.0,0.0,0.0,0.0,38.9993,48.0277,3.178,,,,,,,,,crf_only,de l' ordre de,PREP,,
antibiotique,ADJ,C1,beacco,38.9592,0.6859,0.0,0.0,0.0,0.0,38.9592,0.0,0.6859,0.0,0.0,0.0,0.0,12.4171,0.0,0.2926,C1,word_pos,antibiotique,A,antibiotique,ADJ
ondes,NOUN,C1,crf_first_attested,37.2138,3.5817,0.0,0.0,0.0,0.0,37.2138,39.0192,3.5817,,,,,,,,,crf_only,ondes,N,,
addiction,NOUN,C1,crf_first_attested,36.9099,1.3625,0.0,0.0,0.0,0.0,36.9099,0.0,1.3625,,,,,,,,,crf_only,addiction,N,,
biocarburant,NOUN,C1,crf_first_attested,31.0115,2.4505,0.0,0.0,0.0,0.0,31.0115,19.4814,2.4505,,,,,,,,,crf_only,biocarburant,N,,
annulaire,NOUN,C1,beacco,31.0115,0.546,0.0,0.0,0.0,0.0,31.0115,0.0,0.546,0.0,0.0,0.0,0.0,12.0009,0.0,0.2862,C1,word_pos,annulaire,N,annulaire,NOM
exemplarité,NOUN,C1,beacco,31.0115,0.546,0.0,0.0,0.0,0.0,31.0115,0.0,0.546,0.0,0.0,0.0,0.0,12.0009,0.0,0.2862,C1,word_pos,exemplarité,N,exemplarité,NOM
biométrie,NOUN,C1,beacco,27.9104,0.4914,0.0,0.0,0.0,0.0,27.9104,0.0,0.4914,0.0,0.0,0.0,0.0,12.0009,0.0,0.2862,C1,word_pos,biométrie,N,biométrie,NOM
expérimentateur,NOUN,C1,beacco,27.9104,0.4914,0.0,0.0,0.0,0.0,27.9104,0.0,0.4914,0.0,0.0,0.0,0.0,18.0014,0.0,0.4293,C1,word_pos,expérimentateur,N,expérimentateur,NOM
neutron,NOUN,C1,beacco,27.9104,0.4914,0.0,0.0,0.0,0.0,27.9104,0.0,0.4914,0.0,0.0,0.0,0.0,18.0014,0.0,0.4293,C1,word_pos,neutron,N,neutron,NOM
supraconductivité,NOUN,C1,beacco,27.9104,0.4914,0.0,0.0,0.0,0.0,27.9104,0.0,0.4914,0.0,0.0,0.0,0.0,18.0014,0.0,0.4293,C1,word_pos,supraconductivité,N,supraconductivité,NOM
le temps du,PREP,C1,crf_first_attested,27.7392,0.9498,0.0,0.0,0.0,0.0,27.7392,0.0,0.9498,,,,,,,,,crf_only,le temps du,PREP,,
à terme,ADV,C1,crf_first_attested,27.2438,2.5341,0.0,0.0,0.0,0.0,27.2438,38.491,2.5341,,,,,,,,,crf_only,à terme,ADV,,
au point,ADV,C1,crf_first_attested,26.7495,0.9865,0.0,0.0,0.0,0.0,26.7495,0.0,0.9865,,,,,,,,,crf_only,au point,ADV,,
détecteur,NOUN,C1,beacco,25.7756,0.9433,0.0,0.0,0.0,0.0,25.7756,0.0,0.9433,0.0,0.0,0.0,0.0,6.0005,0.0,0.1431,C1,word_pos,détecteur,N,détecteur,NOM
réversible,ADJ,C1,beacco,24.8092,1.8358,0.0,0.0,0.0,0.0,24.8092,19.2455,1.8358,0.0,0.0,0.0,0.0,12.0009,19.328,0.4293,C1,word_pos,réversible,A,réversible,ADJ
irréparable,ADJ,C1,beacco,24.8092,0.4368,0.0,0.0,0.0,0.0,24.8092,0.0,0.4368,0.0,0.0,0.0,0.0,18.0014,0.0,0.4293,C1,word_pos,irréparable,A,irréparable,ADJ
muqueuse,NOUN,C1,beacco,24.8092,0.4368,0.0,0.0,0.0,0.0,24.8092,0.0,0.4368,0.0,0.0,0.0,0.0,12.0009,19.328,0.4293,C1,word_pos,muqueuse,N,muqueuse,NOM
spectre,NOUN,C1,beacco,24.8092,0.4368,0.0,0.0,0.0,0.0,24.8092,0.0,0.4368,0.0,0.0,0.0,0.0,12.0009,0.0,0.2862,C1,word_pos,spectre,N,spectre,NOM
étendu,ADJ,C1,crf_first_attested,24.8092,0.4368,0.0,0.0,0.0,0.0,24.8092,0.0,0.4368,,,,,,,,,crf_only,étendu,A,,
contingences,NOUN,C1,crf_first_attested,24.7899,0.8564,0.0,0.0,0.0,0.0,24.7899,0.0,0.8564,,,,,,,,,crf_only,contingences,N,,
au fur et à mesure du,PREP,C1,crf_first_attested,24.6958,0.8848,0.0,0.0,0.0,0.0,24.6958,0.0,0.8848,,,,,,,,,crf_only,au fur et à mesure du,PREP,,
contrôlé,ADJ,C1,crf_first_attested,24.3636,0.8538,0.0,0.0,0.0,0.0,24.3636,0.0,0.8538,,,,,,,,,crf_only,contrôlé,A,,
extrémités,NOUN,C1,crf_first_attested,23.464,0.8657,0.0,0.0,0.0,0.0,23.464,0.0,0.8657,,,,,,,,,crf_only,extrémités,N,,
reculé,ADJ,C1,beacco,23.2672,0.8095,0.0,0.0,0.0,0.0,23.2672,0.0,0.8095,0.0,0.0,0.0,0.0,3.4423,0.0,0.0657,C1,word_pos,reculé,A,reculé,ADJ
d' aucuns,PRON,C1,crf_first_attested,21.8856,1.6273,0.0,0.0,0.0,0.0,21.8856,12.9876,1.6273,,,,,,,,,crf_only,d' aucuns,PRO,,
contrefaçon,NOUN,C1,beacco,21.7081,0.3822,0.0,0.0,0.0,0.0,21.7081,0.0,0.3822,0.0,0.0,0.0,0.0,12.0009,0.0,0.2862,C1,word_pos,contrefaçon,N,contrefaçon,NOM
épineux,ADJ,C1,beacco,21.7081,0.3822,0.0,0.0,0.0,0.0,21.7081,0.0,0.3822,0.0,0.0,0.0,0.0,12.0009,0.0,0.2862,C1,word_pos,épineux,A,épineux,ADJ
asiatique,NOUN,C1,beacco,20.5049,2.9228,0.0,0.0,4.0055,0.0,20.5049,0.0,2.9228,0.0,0.0,0.0,0.0,6.0005,0.0,0.1431,C1,word_pos,asiatique,N,asiatique,NOM
en droit,ADV,C1,crf_first_attested,19.6975,0.7238,0.0,0.0,0.0,0.0,19.6975,0.0,0.7238,,,,,,,,,crf_only,en droit,ADV,,
faire miner,VERB,C1,crf_first_attested,19.6975,0.7238,0.0,0.0,0.0,0.0,19.6975,0.0,0.7238,,,,,,,,,crf_only,faire miner,V,,
à l' encontre de,PREP,C1,crf_first_attested,19.6975,0.7238,0.0,0.0,0.0,0.0,19.6975,0.0,0.7238,,,,,,,,,crf_only,à l' encontre de,PREP,,
octet,NOUN,C1,beacco,19.2505,0.399,0.0,0.0,0.0,0.0,19.2505,0.0,0.399,0.0,0.0,0.0,0.0,10.3269,0.0,0.1972,C1,word_pos,octet,N,octet,NOM
transistor,NOUN,C1,beacco,19.2505,0.399,0.0,0.0,0.0,0.0,19.2505,0.0,0.399,0.0,0.0,0.0,0.0,10.3269,0.0,0.1972,C1,word_pos,transistor,N,transistor,NOM
verrier,ADJ,C1,beacco,19.2505,0.399,0.0,0.0,0.0,0.0,19.2505,0.0,0.399,0.0,0.0,0.0,0.0,6.8846,0.0,0.1315,C1,word_pos,verrier,A,verrier,ADJ
totalité,NOUN,C1,beacco,18.7334,2.6079,0.0,0.1103,0.8749,0.0,18.7334,0.0,2.6079,0.0,0.0,0.0,0.0,10.3269,0.0,0.1972,C1,word_pos,totalité,N,totalité,NOM
réflexe,ADJ,C1,beacco,18.6069,3.5653,0.0,0.1235,1.9237,0.0,18.6069,0.0,3.5653,0.0,0.0,0.0,0.0,12.0009,0.0,0.2862,C1,word_pos,réflexe,A,réflexe,ADJ
culpabilité,NOUN,C1,beacco,18.6069,1.8068,0.0,0.0,0.0,0.0,18.6069,38.491,1.8068,0.0,0.0,0.0,0.0,6.0005,38.656,0.4293,C1,word_pos,culpabilité,N,culpabilité,NOM
baby - sitter,NOUN,C1,crf_first_attested,18.6069,0.3276,0.0,0.0,0.0,0.0,18.6069,0.0,0.3276,,,,,,,,,crf_only,baby - sitter,N,,
blanchiment,NOUN,C1,beacco,18.6069,0.3276,0.0,0.0,0.0,0.0,18.6069,0.0,0.3276,0.0,0.0,0.0,0.0,6.0005,0.0,0.1431,C1,word_pos,blanchiment,N,blanchiment,NOM
consi,NOUN,C1,crf_first_attested,18.6069,0.3276,0.0,0.0,0.0,0.0,18.6069,0.0,0.3276,,,,,,,,,crf_only,consi,N,,
cyber - criminalité,NOUN,C1,crf_first_attested,18.6069,0.3276,0.0,0.0,0.0,0.0,18.6069,0.0,0.3276,,,,,,,,,crf_only,cyber - criminalité,N,,
dérablement,NOUN,C1,crf_first_attested,18.6069,0.3276,0.0,0.0,0.0,0.0,18.6069,0.0,0.3276,,,,,,,,,crf_only,dérablement,N,,
effraction,NOUN,C1,beacco,18.6069,0.3276,0.0,0.0,0.0,0.0,18.6069,0.0,0.3276,0.0,0.0,0.0,0.0,6.0005,0.0,0.1431,C1,word_pos,effraction,N,effraction,NOM
fraude,NOUN,C1,beacco,18.6069,0.3276,0.0,0.0,0.0,0.0,18.6069,0.0,0.3276,0.0,0.0,0.0,0.0,6.0005,0.0,0.1431,C1,word_pos,fraude,N,fraude,NOM
gracier,VERB,C1,beacco,18.6069,0.3276,0.0,0.0,0.0,0.0,18.6069,0.0,0.3276,0.0,0.0,0.0,0.0,18.0014,0.0,0.4293,C1,word_pos,gracier,V,gracier,VER
hertzien,ADJ,C1,beacco,18.6069,0.3276,0.0,0.0,0.0,0.0,18.6069,0.0,0.3276,0.0,0.0,0.0,0.0,18.0014,0.0,0.4293,C1,word_pos,hertzien,A,hertzien,ADJ
il y à,PREP,C1,crf_first_attested,18.6069,0.3276,0.0,0.0,0.0,0.0,18.6069,0.0,0.3276,,,,,,,,,crf_only,il y à,PREP,,
incarcérer,VERB,C1,beacco,18.6069,0.3276,0.0,0.0,0.0,0.0,18.6069,0.0,0.3276,0.0,0.0,0.0,0.0,12.0009,0.0,0.2862,C1,word_pos,incarcérer,V,incarcérer,VER
innocence,NOUN,C1,beacco,18.6069,0.3276,0.0,0.0,0.0,0.0,18.6069,0.0,0.3276,0.0,0.0,0.0,0.0,6.0005,0.0,0.1431,C1,word_pos,innocence,N,innocence,NOM
intensément,ADV,C1,beacco,18.6069,0.3276,0.0,0.0,0.0,0.0,18.6069,0.0,0.3276,0.0,0.0,0.0,0.0,12.0009,0.0,0.2862,C1,word_pos,intensément,ADV,intensément,ADV
internationaliser,VERB,C1,beacco,18.6069,0.3276,0.0,0.0,0.0,0.0,18.6069,0.0,0.3276,0.0,0.0,0.0,0.0,6.0005,0.0,0.1431,C1,word_pos,internationaliser,V,internationaliser,VER
juvénile,ADJ,C1,beacco,18.6069,0.3276,0.0,0.0,0.0,0.0,18.6069,0.0,0.3276,0.0,0.0,0.0,0.0,6.0005,0.0,0.1431,C1,word_pos,juvénile,A,juvénile,ADJ
perpétuité,NOUN,C1,beacco,18.6069,0.3276,0.0,0.0,0.0,0.0,18.6069,0.0,0.3276,0.0,0.0,0.0,0.0,12.0009,0.0,0.2862,C1,word_pos,perpétuité,N,perpétuité,NOM
similitude,NOUN,C1,beacco,18.6069,0.3276,0.0,0.0,0.0,0.0,18.6069,0.0,0.3276,0.0,0.0,0.0,0.0,12.0009,0.0,0.2862,C1,word_pos,similitude,N,similitude,NOM
sismique,ADJ,C1,beacco,18.6069,0.3276,0.0,0.0,0.0,0.0,18.6069,0.0,0.3276,0.0,0.0,0.0,0.0,18.0014,0.0,0.4293,C1,word_pos,sismique,A,sismique,ADJ
stylet,NOUN,C1,beacco,18.6069,0.3276,0.0,0.0,0.0,0.0,18.6069,0.0,0.3276,0.0,0.0,0.0,0.0,12.0009,0.0,0.2862,C1,word_pos,stylet,N,stylet,NOM
submerger,VERB,C1,beacco,18.6069,0.3276,0.0,0.0,0.0,0.0,18.6069,0.0,0.3276,0.0,0.0,0.0,0.0,12.0009,0.0,0.2862,C1,word_pos,submerger,V,submerger,VER
théoricien,NOUN,C1,beacco,18.6069,0.3276,0.0,0.0,0.0,0.0,18.6069,0.0,0.3276,0.0,0.0,0.0,0.0,12.0009,0.0,0.2862,C1,word_pos,théoricien,N,théoricien,NOM
directive,NOUN,C1,beacco,18.4544,0.3249,0.0,0.0,0.0,0.0,18.4544,0.0,0.3249,0.0,0.0,0.0,0.0,8.2781,0.0,0.1951,C1,word_pos,directive,N,directive,NOM
faute de quoi,ADV,C1,crf_first_attested,18.4508,0.6247,0.0,0.0,0.0,0.0,18.4508,0.0,0.6247,,,,,,,,,crf_only,faute de quoi,ADV,,
ironiser,VERB,C1,beacco,16.8923,0.5546,0.0,0.0,0.0,0.0,16.8923,0.0,0.5546,0.0,0.0,0.0,0.0,6.0005,0.0,0.1431,C1,word_pos,ironiser,V,ironiser,VER
aliénation,NOUN,C1,beacco,16.4039,1.3009,0.0,0.0,0.0,0.0,16.4039,6.4938,1.3009,0.0,0.0,0.0,0.0,8.2781,12.833,0.2926,C1,word_pos,aliénation,N,aliénation,NOM
ambiant,ADJ,C1,beacco,16.4039,0.2888,0.0,0.0,0.0,0.0,16.4039,0.0,0.2888,0.0,0.0,0.0,0.0,8.2781,0.0,0.1951,C1,word_pos,ambiant,A,ambiant,ADJ
antimondialisation,ADJ,C1,crf_first_attested,16.4039,0.2888,0.0,0.0,0.0,0.0,16.4039,0.0,0.2888,,,,,,,,,crf_only,antimondialisation,A,,
pessimisme,NOUN,C1,beacco,16.4039,0.2888,0.0,0.0,0.0,0.0,16.4039,0.0,0.2888,0.0,0.0,0.0,0.0,8.2781,0.0,0.1951,C1,word_pos,pessimisme,N,pessimisme,NOM
surpêche,NOUN,C1,crf_first_attested,16.4039,0.2888,0.0,0.0,0.0,0.0,16.4039,0.0,0.2888,,,,,,,,,crf_only,surpêche,N,,
exploraseur,NOUN,C1,crf_first_attested,16.042,0.3325,0.0,0.0,0.0,0.0,16.042,0.0,0.3325,,,,,,,,,crf_only,exploraseur,N,,
destructeur,NOUN,C1,beacco,15.7275,0.5666,0.0,0.0,0.0,0.0,15.7275,0.0,0.5666,0.0,0.0,0.0,0.0,4.139,0.0,0.0975,C1,word_pos,destructeur,N,destructeur,NOM
de surcroît,ADV,C1,crf_first_attested,15.6669,0.5672,0.0,0.0,0.0,0.0,15.6669,0.0,0.5672,,,,,,,,,crf_only,de surcroît,ADV,,
transpercer,VERB,C1,beacco,15.5058,0.9712,0.0,0.3228,0.0,0.0,15.5058,0.0,0.9712,0.0,0.186,0.0,0.0,6.0005,0.0,0.3399,C1,word_pos,transpercer,V,transpercer,VER
argile,NOUN,C1,beacco,15.5058,0.273,0.0,0.0,0.0,0.0,15.5058,0.0,0.273,0.0,0.0,0.0,0.0,6.0005,0.0,0.1431,C1,word_pos,argile,N,argile,NOM
auréoler,VERB,C1,beacco,15.5058,0.273,0.0,0.0,0.0,0.0,15.5058,0.0,0.273,0.0,0.0,0.0,0.0,6.0005,0.0,0.1431,C1,word_pos,auréoler,V,auréoler,VER
authentification,NOUN,C1,beacco,15.5058,0.273,0.0,0.0,0.0,0.0,15.5058,0.0,0.273,0.0,0.0,0.0,0.0,12.0009,0.0,0.2862,C1,word_pos,authentification,N,authentification,NOM
autorisé,ADJ,C1,crf_first_attested,15.5058,0.273,0.0,0.0,0.0,0.0,15.5058,0.0,0.273,,,,,,,,,crf_only,autorisé,A,,
charpentier,ADJ,C1,crf_first_attested,15.5058,0.273,0.0,0.0,0.0,0.0,15.5058,0.0,0.273,,,,,,,,,crf_only,charpentier,A,,
chis,NOUN,C1,crf_first_attested,15.5058,0.273,0.0,0.0,0.0,0.0,15.5058,0.0,0.273,,,,,,,,,crf_only,chis,N,,
couleuvre,NOUN,C1,beacco,15.5058,0.273,0.0,0.0,0.0,0.0,15.5058,0.0,0.273,0.0,0.0,0.0,0.0,6.0005,0.0,0.1431,C1,word_pos,couleuvre,N,couleuvre,NOM
craquelé,ADJ,C1,crf_first_attested,15.5058,0.273,0.0,0.0,0.0,0.0,15.5058,0.0,0.273,,,,,,,,,crf_only,craquelé,A,,
dans le cas de,PREP,C1,crf_first_attested,15.5058,0.273,0.0,0.0,0.0,0.0,15.5058,0.0,0.273,,,,,,,,,crf_only,dans le cas de,PREP,,
de proche en proche,ADV,C1,crf_first_attested,15.5058,0.273,0.0,0.0,0.0,0.0,15.5058,0.0,0.273,,,,,,,,,crf_only,de proche en proche,ADV,,
debout là - bas,ADV,C1,crf_first_attested,15.5058,0.273,0.0,0.0,0.0,0.0,15.5058,0.0,0.273,,,,,,,,,crf_only,debout là - bas,ADV,,
divinatoire,ADJ,C1,beacco,15.5058,0.273,0.0,0.0,0.0,0.0,15.5058,0.0,0.273,0.0,0.0,0.0,0.0,6.0005,0.0,0.1431,C1,word_pos,divinatoire,A,divinatoire,ADJ
décharné,ADJ,C1,beacco,15.5058,0.273,0.0,0.0,0.0,0.0,15.5058,0.0,0.273,0.0,0.0,0.0,0.0,6.0005,0.0,0.1431,C1,word_pos,décharné,A,décharné,ADJ
déployer,VERB,C1,beacco,15.5058,0.273,0.0,0.0,0.0,0.0,15.5058,0.0,0.273,0.0,0.0,0.0,0.0,18.0014,0.0,0.4293,C1,word_pos,déployer,V,déployer,VER
dérélictueuse,ADJ,C1,crf_first_attested,15.5058,0.273,0.0,0.0,0.0,0.0,15.5058,0.0,0.273,,,,,,,,,crf_only,dérélictueuse,A,,
embouteiller,VERB,C1,beacco,15.5058,0.273,0.0,0.0,0.0,0.0,15.5058,0.0,0.273,0.0,0.0,0.0,0.0,6.0005,0.0,0.1431,C1,word_pos,embouteiller,V,embouteiller,VER
extirper,VERB,C1,beacco,15.5058,0.273,0.0,0.0,0.0,0.0,15.5058,0.0,0.273,0.0,0.0,0.0,0.0,6.0005,0.0,0.1431,C1,word_pos,extirper,V,extirper,VER
extraordinairement,ADV,C1,beacco,15.5058,0.273,0.0,0.0,0.0,0.0,15.5058,0.0,0.273,0.0,0.0,0.0,0.0,6.0005,0.0,0.1431,C1,word_pos,extraordinairement,ADV,extraordinairement,ADV
froissant,ADJ,C1,beacco,15.5058,0.273,0.0,0.0,0.0,0.0,15.5058,0.0,0.273,0.0,0.0,0.0,0.0,6.0005,0.0,0.1431,C1,word_pos,froissant,A,froissant,ADJ
furtif,ADJ,C1,beacco,15.5058,0.273,0.0,0.0,0.0,0.0,15.5058,0.0,0.273,0.0,0.0,0.0,0.0,6.0005,0.0,0.1431,C1,word_pos,furtif,A,furtif,ADJ
intercéder,VERB,C1,beacco,15.5058,0.273,0.0,0.0,0.0,0.0,15.5058,0.0,0.273,0.0,0.0,0.0,0.0,6.0005,0.0,0.1431,C1,word_pos,intercéder,V,intercéder,VER
mousson,NOUN,C1,beacco,15.5058,0.273,0.0,0.0,0.0,0.0,15.5058,0.0,0.273,0.0,0.0,0.0,0.0,6.0005,0.0,0.1431,C1,word_pos,mousson,N,mousson,NOM
numériser,VERB,C1,beacco,15.5058,0.273,0.0,0.0,0.0,0.0,15.5058,0.0,0.273,0.0,0.0,0.0,0.0,12.0009,0.0,0.2862,C1,word_pos,numériser,V,numériser,VER
oestrogène,NOUN,C1,beacco,15.5058,0.273,0.0,0.0,0.0,0.0,15.5058,0.0,0.273,0.0,0.0,0.0,0.0,6.0005,0.0,0.1431,C1,word_pos,oestrogène,N,oestrogène,NOM
ombreux,ADJ,C1,beacco,15.5058,0.273,0.0,0.0,0.0,0.0,15.5058,0.0,0.273,0.0,0.0,0.0,0.0,6.0005,0.0,0.1431,C1,word_pos,ombreux,A,ombreux,ADJ
par bouffées,ADV,C1,crf_first_attested,15.5058,0.273,0.0,0.0,0.0,0.0,15.5058,0.0,0.273,,,,,,,,,crf_only,par bouffées,ADV,,
par le temps d' autrefois,ADV,C1,crf_first_attested,15.5058,0.273,0.0,0.0,0.0,0.0,15.5058,0.0,0.273,,,,,,,,,crf_only,par le temps d' autrefois,ADV,,
plancher,VERB,C1,beacco,15.5058,0.273,0.0,0.0,0.0,0.0,15.5058,0.0,0.273,0.0,0.0,0.0,0.0,12.0009,0.0,0.2862,C1,word_pos,plancher,V,plancher,VER
pochoir,NOUN,C1,beacco,15.5058,0.273,0.0,0.0,0.0,0.0,15.5058,0.0,0.273,0.0,0.0,0.0,0.0,6.0005,0.0,0.1431,C1,word_pos,pochoir,N,pochoir,NOM
scanner,NOUN,C1,beacco,15.5058,0.273,0.0,0.0,0.0,0.0,15.5058,0.0,0.273,0.0,0.0,0.0,0.0,12.0009,0.0,0.2862,C1,word_pos,scanner,N,scanner,NOM
subsistance,NOUN,C1,beacco,15.5058,0.273,0.0,0.0,0.0,0.0,15.5058,0.0,0.273,0.0,0.0,0.0,0.0,6.0005,0.0,0.1431,C1,word_pos,subsistance,N,subsistance,NOM
transposer,VERB,C1,beacco,15.5058,0.273,0.0,0.0,0.0,0.0,15.5058,0.0,0.273,0.0,0.0,0.0,0.0,6.0005,0.0,0.1431,C1,word_pos,transposer,V,transposer,VER
varangue,NOUN,C1,beacco,15.5058,0.273,0.0,0.0,0.0,0.0,15.5058,0.0,0.273,0.0,0.0,0.0,0.0,6.0005,0.0,0.1431,C1,word_pos,varangue,N,varangue,NOM
vertèbre,NOUN,C1,beacco,15.5058,0.273,0.0,0.0,0.0,0.0,15.5058,0.0,0.273,0.0,0.0,0.0,0.0,6.0005,0.0,0.1431,C1,word_pos,vertèbre,N,vertèbre,NOM
vibration,NOUN,C1,beacco,15.5058,0.273,0.0,0.0,0.0,0.0,15.5058,0.0,0.273,0.0,0.0,0.0,0.0,6.0005,0.0,0.1431,C1,word_pos,vibration,N,vibration,NOM
vélo,ADJ,C1,crf_first_attested,15.5058,0.273,0.0,0.0,0.0,0.0,15.5058,0.0,0.273,,,,,,,,,crf_only,vélo,A,,
éthéreuse,ADJ,C1,crf_first_attested,15.5058,0.273,0.0,0.0,0.0,0.0,15.5058,0.0,0.273,,,,,,,,,crf_only,éthéreuse,A,,
contre - modèle,NOUN,C1,crf_first_attested,14.3534,0.2527,0.0,0.0,0.0,0.0,14.3534,0.0,0.2527,,,,,,,,,crf_only,contre - modèle,N,,
effondrement,NOUN,C1,beacco,14.3534,0.2527,0.0,0.0,0.0,0.0,14.3534,0.0,0.2527,0.0,0.0,0.0,0.0,16.5561,0.0,0.3902,C1,word_pos,effondrement,N,effondrement,NOM
finances,NOUN,C1,crf_first_attested,13.3747,0.4932,0.0,0.0,0.0,0.0,13.3747,0.0,0.4932,,,,,,,,,crf_only,finances,N,,
calculateur,NOUN,C1,crf_first_attested,12.8336,0.266,0.0,0.0,0.0,0.0,12.8336,0.0,0.266,,,,,,,,,crf_only,calculateur,N,,
interdit,ADJ,C1,beacco,12.4046,5.6184,2.0787,1.1794,2.8098,0.0,12.4046,19.2455,5.6184,0.0,0.0,0.0,0.0,6.0005,19.328,0.2862,C1,word_pos,interdit,A,interdit,ADJ
uniforme,ADJ,C1,beacco,12.4046,4.8772,5.6686,0.0,0.8162,1.7264,12.4046,0.0,4.8772,0.0,0.0,0.0,0.911,0.0,0.0,0.0652,C1,word_pos,uniforme,A,uniforme,ADJ
vétérinaire,ADJ,C1,beacco,12.4046,1.5098,0.4068,0.0,0.0554,0.0,12.4046,0.0,1.5098,0.0,0.0,0.0,0.0,12.0009,0.0,0.2862,C1,word_pos,vétérinaire,A,vétérinaire,ADJ
estampiller,VERB,C1,beacco,12.4046,1.3274,0.0,0.0,0.0,0.0,12.4046,38.491,1.3274,0.0,0.0,0.0,0.0,6.0005,19.328,0.2862,C1,word_pos,estampiller,V,estampiller,VER
lésion,NOUN,C1,beacco,12.4046,1.2395,0.0,0.0,0.0,0.0,12.4046,28.8683,1.2395,0.0,0.0,0.0,0.0,6.0005,19.328,0.2862,C1,word_pos,lésion,N,lésion,NOM
superstition,NOUN,C1,beacco,12.4046,1.1339,0.0,0.0,0.4732,0.0,12.4046,0.0,1.1339,0.0,0.0,0.438,0.0,0.0,0.0,0.0652,C1,word_pos,superstition,N,superstition,NOM
perfusion,NOUN,C1,beacco,12.4046,1.1203,0.0,0.0,0.0,0.0,12.4046,19.2455,1.1203,0.0,0.0,0.0,0.0,6.0005,19.328,0.2862,C1,word_pos,perfusion,N,perfusion,NOM
avare,NOUN,C1,beacco,12.4046,1.1151,0.0,0.0,0.4809,0.0,12.4046,0.0,1.1151,0.0,0.0,0.0,0.0,6.0005,0.0,0.1431,C1,word_pos,avare,N,avare,NOM
authentifier,VERB,C1,beacco,12.4046,0.9442,0.0,0.3209,0.0,0.0,12.4046,0.0,0.9442,0.0,0.0,0.0,0.0,6.0005,0.0,0.1431,C1,word_pos,authentifier,V,authentifier,VER
flexible,ADJ,C1,beacco,12.4046,0.9179,0.0,0.0,0.0,0.0,12.4046,9.6228,0.9179,0.0,0.0,0.0,0.0,6.0005,19.328,0.2862,C1,word_pos,flexible,A,flexible,ADJ
naissant,ADJ,C1,beacco,12.4046,0.9179,0.0,0.0,0.0,0.0,12.4046,9.6228,0.9179,0.0,0.0,0.0,0.0,12.0009,19.328,0.4293,C1,word_pos,naissant,A,naissant,ADJ
périphérique,ADJ,C1,beacco,12.4046,0.9179,0.0,0.0,0.0,0.0,12.4046,9.6228,0.9179,0.0,0.0,0.0,0.0,12.0009,19.328,0.4293,C1,word_pos,périphérique,A,périphérique,ADJ
légalité,NOUN,C1,beacco,12.4046,0.9079,0.0,0.0,0.2719,0.0,12.4046,0.0,0.9079,0.0,0.0,0.0,0.0,6.0005,0.0,0.1431,C1,word_pos,légalité,N,légalité,NOM
broyer,VERB,C1,beacco,12.4046,0.9009,0.4014,0.0,0.0,0.0,12.4046,0.0,0.9009,0.7319,0.0,0.0,0.0,6.0005,0.0,0.4016,C1,word_pos,broyer,V,broyer,VER
accouchement,NOUN,C1,beacco,12.4046,0.2184,0.0,0.0,0.0,0.0,12.4046,0.0,0.2184,0.0,0.0,0.0,0.0,6.0005,0.0,0.1431,C1,word_pos,accouchement,N,accouchement,NOM
analgésie,NOUN,C1,beacco,12.4046,0.2184,0.0,0.0,0.0,0.0,12.4046,0.0,0.2184,0.0,0.0,0.0,0.0,6.0005,0.0,0.1431,C1,word_pos,analgésie,N,analgésie,NOM
analogique,ADJ,C1,beacco,12.4046,0.2184,0.0,0.0,0.0,0.0,12.4046,0.0,0.2184,0.0,0.0,0.0,0.0,12.0009,0.0,0.2862,C1,word_pos,analogique,A,analogique,ADJ
antalgique,ADJ,C1,beacco,12.4046,0.2184,0.0,0.0,0.0,0.0,12.4046,0.0,0.2184,0.0,0.0,0.0,0.0,6.0005,0.0,0.1431,C1,word_pos,antalgique,A,antalgique,ADJ
antivol,ADJ,C1,beacco,12.4046,0.2184,0.0,0.0,0.0,0.0,12.4046,0.0,0.2184,0.0,0.0,0.0,0.0,6.0005,0.0,0.1431,C1,unique_word,antivol,A,antivol,NOM
arbitraire,NOUN,C1,beacco,12.4046,0.2184,0.0,0.0,0.0,0.0,12.4046,0.0,0.2184,0.0,0.0,0.0,0.0,6.0005,0.0,0.1431,C1,word_pos,arbitraire,N,arbitraire,NOM
assommer,VERB,C1,beacco,12.4046,0.2184,0.0,0.0,0.0,0.0,12.4046,0.0,0.2184,0.0,0.0,0.0,0.0,12.0009,0.0,0.2862,C1,word_pos,assommer,V,assommer,VER
attiser,VERB,C1,beacco,12.4046,0.2184,0.0,0.0,0.0,0.0,12.4046,0.0,0.2184,0.0,0.0,0.0,0.0,6.0005,0.0,0.1431,C1,word_pos,attiser,V,attiser,VER
autobiographique,ADJ,C1,beacco,12.4046,0.2184,0.0,0.0,0.0,0.0,12.4046,0.0,0.2184,0.0,0.0,0.0,0.0,12.0009,0.0,0.2862,C1,word_pos,autobiographique,A,autobiographique,ADJ
avilissant,ADJ,C1,beacco,12.4046,0.2184,0.0,0.0,0.0,0.0,12.4046,0.0,0.2184,0.0,0.0,0.0,0.0,6.0005,0.0,0.1431,C1,word_pos,avilissant,A,avilissant,ADJ
baseball,NOUN,C1,crf_first_attested,12.4046,0.2184,0.0,0.0,0.0,0.0,12.4046,0.0,0.2184,,,,,,,,,crf_only,baseball,N,,
birman,ADJ,C1,beacco,12.4046,0.2184,0.0,0.0,0.0,0.0,12.4046,0.0,0.2184,0.0,0.0,0.0,0.0,12.0009,0.0,0.2862,C1,word_pos,birman,A,birman,ADJ
cavale,NOUN,C1,beacco,12.4046,0.2184,0.0,0.0,0.0,0.0,12.4046,0.0,0.2184,0.0,0.0,0.0,0.0,6.0005,0.0,0.1431,C1,word_pos,cavale,N,cavale,NOM
chardonneret,NOUN,C1,beacco,12.4046,0.2184,0.0,0.0,0.0,0.0,12.4046,0.0,0.2184,0.0,0.0,0.0,0.0,6.0005,0.0,0.1431,C1,word_pos,chardonneret,N,chardonneret,NOM
confinement,NOUN,C1,beacco,12.4046,0.2184,0.0,0.0,0.0,0.0,12.4046,0.0,0.2184,0.0,0.0,0.0,0.0,6.0005,0.0,0.1431,C1,word_pos,confinement,N,confinement,NOM
contresens,NOUN,C1,beacco,12.4046,0.2184,0.0,0.0,0.0,0.0,12.4046,0.0,0.2184,0.0,0.0,0.0,0.0,6.0005,0.0,0.1431,C1,word_pos,contresens,N,contresens,NOM
courbe,ADJ,C1,beacco,12.4046,0.2184,0.0,0.0,0.0,0.0,12.4046,0.0,0.2184,0.0,0.0,0.0,0.0,6.0005,0.0,0.1431,C1,word_pos,courbe,A,courbe,ADJ
cutané,ADJ,C1,beacco,12.4046,0.2184,0.0,0.0,0.0,0.0,12.4046,0.0,0.2184,0.0,0.0,0.0,0.0,6.0005,0.0,0.1431,C1,word_pos,cutané,A,cutané,ADJ
cygne,NOUN,C1,beacco,12.4046,0.2184,0.0,0.0,0.0,0.0,12.4046,0.0,0.2184,0.0,0.0,0.0,0.0,6.0005,0.0,0.1431,C1,word_pos,cygne,N,cygne,NOM
daltonien,NOUN,C1,beacco,12.4046,0.2184,0.0,0.0,0.0,0.0,12.4046,0.0,0.2184,0.0,0.0,0.0,0.0,6.0005,0.0,0.1431,C1,word_pos,daltonien,N,daltonien,NOM
destinataire,NOUN,C1,beacco,12.4046,0.2184,0.0,0.0,0.0,0.0,12.4046,0.0,0.2184,0.0,0.0,0.0,0.0,12.0009,0.0,0.2862,C1,word_pos,destinataire,N,destinataire,NOM
discipliner,VERB,C1,beacco,12.4046,0.2184,0.0,0.0,0.0,0.0,12.4046,0.0,0.2184,0.0,0.0,0.0,0.0,6.0005,0.0,0.1431,C1,word_pos,discipliner,V,discipliner,VER
donc d' abord,ADV,C1,crf_first_attested,12.4046,0.2184,0.0,0.0,0.0,0.0,12.4046,0.0,0.2184,,,,,,,,,crf_only,donc d' abord,ADV,,
démoustication,NOUN,C1,beacco,12.4046,0.2184,0.0,0.0,0.0,0.0,12.4046,0.0,0.2184,0.0,0.0,0.0,0.0,12.0009,0.0,0.2862,C1,word_pos,démoustication,N,démoustication,NOM
dépassionner,VERB,C1,beacco,12.4046,0.2184,0.0,0.0,0.0,0.0,12.4046,0.0,0.2184,0.0,0.0,0.0,0.0,6.0005,0.0,0.1431,C1,word_pos,dépassionner,V,dépassionner,VER
dépistage,NOUN,C1,beacco,12.4046,0.2184,0.0,0.0,0.0,0.0,12.4046,0.0,0.2184,0.0,0.0,0.0,0.0,6.0005,0.0,0.1431,C1,word_pos,dépistage,N,dépistage,NOM
désengorgement,NOUN,C1,crf_first_attested,12.4046,0.2184,0.0,0.0,0.0,0.0,12.4046,0.0,0.2184,,,,,,,,,crf_only,désengorgement,N,,
déstructuration,NOUN,C1,beacco,12.4046,0.2184,0.0,0.0,0.0,0.0,12.4046,0.0,0.2184,0.0,0.0,0.0,0.0,6.0005,0.0,0.1431,C1,word_pos,déstructuration,N,déstructuration,NOM
en accord avec,PREP,C1,crf_first_attested,12.4046,0.2184,0.0,0.0,0.0,0.0,12.4046,0.0,0.2184,,,,,,,,,crf_only,en accord avec,PREP,,
enjoindre,VERB,C1,beacco,12.4046,0.2184,0.0,0.0,0.0,0.0,12.4046,0.0,0.2184,0.0,0.0,0.0,0.0,6.0005,0.0,0.1431,C1,word_pos,enjoindre,V,enjoindre,VER
entrailles,NOUN,C1,beacco,12.4046,0.2184,0.0,0.0,0.0,0.0,12.4046,0.0,0.2184,0.0,0.0,0.0,0.0,6.0005,0.0,0.1431,C1,word_pos,entrailles,N,entrailles,NOM
facétie,NOUN,C1,beacco,12.4046,0.2184,0.0,0.0,0.0,0.0,12.4046,0.0,0.2184,0.0,0.0,0.0,0.0,6.0005,0.0,0.1431,C1,word_pos,facétie,N,facétie,NOM
filaire,ADJ,C1,beacco,12.4046,0.2184,0.0,0.0,0.0,0.0,12.4046,0.0,0.2184,0.0,0.0,0.0,0.0,12.0009,0.0,0.2862,C1,word_pos,filaire,A,filaire,ADJ
froideur,NOUN,C1,beacco,12.4046,0.2184,0.0,0.0,0.0,0.0,12.4046,0.0,0.2184,0.0,0.0,0.0,0.0,6.0005,0.0,0.1431,C1,word_pos,froideur,N,froideur,NOM
geindre,NOUN,C1,beacco,12.4046,0.2184,0.0,0.0,0.0,0.0,12.4046,0.0,0.2184,0.0,0.0,0.0,0.0,6.0005,0.0,0.1431,C1,unique_word,geindre,N,geindre,VER
girafe,NOUN,C1,beacco,12.4046,0.2184,0.0,0.0,0.0,0.0,12.4046,0.0,0.2184,0.0,0.0,0.0,0.0,12.0009,0.0,0.2862,C1,word_pos,girafe,N,girafe,NOM
haineux,ADJ,C1,beacco,12.4046,0.2184,0.0,0.0,0.0,0.0,12.4046,0.0,0.2184,0.0,0.0,0.0,0.0,6.0005,0.0,0.1431,C1,word_pos,haineux,A,haineux,ADJ
hop,NOUN,C1,crf_first_attested,12.4046,0.2184,0.0,0.0,0.0,0.0,12.4046,0.0,0.2184,,,,,,,,,crf_only,hop,N,,
indulgence,NOUN,C1,beacco,12.4046,0.2184,0.0,0.0,0.0,0.0,12.4046,0.0,0.2184,0.0,0.0,0.0,0.0,6.0005,0.0,0.1431,C1,word_pos,indulgence,N,indulgence,NOM
innerver,VERB,C1,beacco,12.4046,0.2184,0.0,0.0,0.0,0.0,12.4046,0.0,0.2184,0.0,0.0,0.0,0.0,6.0005,0.0,0.1431,C1,word_pos,innerver,V,innerver,VER
insensé,ADJ,C1,beacco,12.4046,0.2184,0.0,0.0,0.0,0.0,12.4046,0.0,0.2184,0.0,0.0,0.0,0.0,6.0005,0.0,0.1431,C1,word_pos,insensé,A,insensé,ADJ
intumescence,NOUN,C1,beacco,12.4046,0.2184,0.0,0.0,0.0,0.0,12.4046,0.0,0.2184,0.0,0.0,0.0,0.0,6.0005,0.0,0.1431,C1,word_pos,intumescence,N,intumescence,NOM
jusqu' aux abords,ADV,C1,crf_first_attested,12.4046,0.2184,0.0,0.0,0.0,0.0,12.4046,0.0,0.2184,,,,,,,,,crf_only,jusqu' aux abords,ADV,,
k,NOUN,C1,crf_first_attested,12.4046,0.2184,0.0,0.0,0.0,0.0,12.4046,0.0,0.2184,,,,,,,,,crf_only,k,N,,
kafkaïen,ADJ,C1,beacco,12.4046,0.2184,0.0,0.0,0.0,0.0,12.4046,0.0,0.2184,0.0,0.0,0.0,0.0,6.0005,0.0,0.1431,C1,word_pos,kafkaïen,A,kafkaïen,ADJ
livre - événement,NOUN,C1,crf_first_attested,12.4046,0.2184,0.0,0.0,0.0,0.0,12.4046,0.0,0.2184,,,,,,,,,crf_only,livre - événement,N,,
maton,NOUN,C1,beacco,12.4046,0.2184,0.0,0.0,0.0,0.0,12.4046,0.0,0.2184,0.0,0.0,0.0,0.0,6.0005,0.0,0.1431,C1,word_pos,maton,N,maton,NOM
mi - consterné,NOUN,C1,crf_first_attested,12.4046,0.2184,0.0,0.0,0.0,0.0,12.4046,0.0,0.2184,,,,,,,,,crf_only,mi - consterné,N,,
notifier,VERB,C1,beacco,12.4046,0.2184,0.0,0.0,0.0,0.0,12.4046,0.0,0.2184,0.0,0.0,0.0,0.0,6.0005,0.0,0.1431,C1,word_pos,notifier,V,notifier,VER
offensant,ADJ,C1,beacco,12.4046,0.2184,0.0,0.0,0.0,0.0,12.4046,0.0,0.2184,0.0,0.0,0.0,0.0,6.0005,0.0,0.1431,C1,word_pos,offensant,A,offensant,ADJ
pilote,ADJ,C1,crf_first_attested,12.4046,0.2184,0.0,0.0,0.0,0.0,12.4046,0.0,0.2184,,,,,,,,,crf_only,pilote,A,,
plénitude,NOUN,C1,beacco,12.4046,0.2184,0.0,0.0,0.0,0.0,12.4046,0.0,0.2184,0.0,0.0,0.0,0.0,6.0005,0.0,0.1431,C1,word_pos,plénitude,N,plénitude,NOM
poupe,NOUN,C1,beacco,12.4046,0.2184,0.0,0.0,0.0,0.0,12.4046,0.0,0.2184,0.0,0.0,0.0,0.0,6.0005,0.0,0.1431,C1,word_pos,poupe,N,poupe,NOM
primitif,NOUN,C1,beacco,12.4046,0.2184,0.0,0.0,0.0,0.0,12.4046,0.0,0.2184,0.0,0.0,0.0,0.0,6.0005,0.0,0.1431,C1,word_pos,primitif,N,primitif,NOM
probatoire,ADJ,C1,beacco,12.4046,0.2184,0.0,0.0,0.0,0.0,12.4046,0.0,0.2184,0.0,0.0,0.0,0.0,6.0005,0.0,0.1431,C1,word_pos,probatoire,A,probatoire,ADJ
proportionnellement,ADV,C1,beacco,12.4046,0.2184,0.0,0.0,0.0,0.0,12.4046,0.0,0.2184,0.0,0.0,0.0,0.0,6.0005,0.0,0.1431,C1,word_pos,proportionnellement,ADV,proportionnellement,ADV
psychiquement,ADV,C1,crf_first_attested,12.4046,0.2184,0.0,0.0,0.0,0.0,12.4046,0.0,0.2184,,,,,,,,,crf_only,psychiquement,ADV,,
pulvériser,VERB,C1,beacco,12.4046,0.2184,0.0,0.0,0.0,0.0,12.4046,0.0,0.2184,0.0,0.0,0.0,0.0,6.0005,0.0,0.1431,C1,word_pos,pulvériser,V,pulvériser,VER
relent,NOUN,C1,beacco,12.4046,0.2184,0.0,0.0,0.0,0.0,12.4046,0.0,0.2184,0.0,0.0,0.0,0.0,6.0005,0.0,0.1431,C1,word_pos,relent,N,relent,NOM
restructurer,VERB,C1,beacco,12.4046,0.2184,0.0,0.0,0.0,0.0,12.4046,0.0,0.2184,0.0,0.0,0.0,0.0,6.0005,0.0,0.1431,C1,word_pos,restructurer,V,restructurer,VER
rouge - gorge,NOUN,C1,crf_first_attested,12.4046,0.2184,0.0,0.0,0.0,0.0,12.4046,0.0,0.2184,,,,,,,,,crf_only,rouge - gorge,N,,
suicidaire,ADJ,C1,beacco,12.4046,0.2184,0.0,0.0,0.0,0.0,12.4046,0.0,0.2184,0.0,0.0,0.0,0.0,6.0005,0.0,0.1431,C1,word_pos,suicidaire,A,suicidaire,ADJ
suturer,VERB,C1,beacco,12.4046,0.2184,0.0,0.0,0.0,0.0,12.4046,0.0,0.2184,0.0,0.0,0.0,0.0,6.0005,0.0,0.1431,C1,word_pos,suturer,V,suturer,VER
tampon,NOUN,C1,beacco,12.4046,0.2184,0.0,0.0,0.0,0.0,12.4046,0.0,0.2184,0.0,0.0,0.0,0.0,12.0009,0.0,0.2862,C1,word_pos,tampon,N,tampon,NOM
tournesol,NOUN,C1,beacco,12.4046,0.2184,0.0,0.0,0.0,0.0,12.4046,0.0,0.2184,0.0,0.0,0.0,0.0,18.0014,0.0,0.4293,C1,word_pos,tournesol,N,tournesol,NOM
tram,NOUN,C1,beacco,12.4046,0.2184,0.0,0.0,0.0,0.0,12.4046,0.0,0.2184,0.0,0.0,0.0,0.0,6.0005,0.0,0.1431,C1,word_pos,tram,N,tram,NOM
tubulaire,NOUN,C1,beacco,12.4046,0.2184,0.0,0.0,0.0,0.0,12.4046,0.0,0.2184,0.0,0.0,0.0,0.0,6.0005,0.0,0.1431,C1,word_pos,tubulaire,N,tubulaire,NOM
veinard,NOUN,C1,beacco,12.4046,0.2184,0.0,0.0,0.0,0.0,12.4046,0.0,0.2184,0.0,0.0,0.0,0.0,6.0005,0.0,0.1431,C1,word_pos,veinard,N,veinard,NOM
verbaliser,VERB,C1,beacco,12.4046,0.2184,0.0,0.0,0.0,0.0,12.4046,0.0,0.2184,0.0,0.0,0.0,0.0,6.0005,0.0,0.1431,C1,word_pos,verbaliser,V,verbaliser,VER
victimer,VERB,C1,crf_first_attested,12.4046,0.2184,0.0,0.0,0.0,0.0,12.4046,0.0,0.2184,,,,,,,,,crf_only,victimer,V,,
viral,ADJ,C1,beacco,12.4046,0.2184,0.0,0.0,0.0,0.0,12.4046,0.0,0.2184,0.0,0.0,0.0,0.0,12.0009,0.0,0.2862,C1,word_pos,viral,A,viral,ADJ
vélosophie,NOUN,C1,crf_first_attested,12.4046,0.2184,0.0,0.0,0.0,0.0,12.4046,0.0,0.2184,,,,,,,,,crf_only,vélosophie,N,,
vélostation,NOUN,C1,crf_first_attested,12.4046,0.2184,0.0,0.0,0.0,0.0,12.4046,0.0,0.2184,,,,,,,,,crf_only,vélostation,N,,
à tout hasard,ADV,C1,crf_first_attested,12.4046,0.2184,0.0,0.0,0.0,0.0,12.4046,0.0,0.2184,,,,,,,,,crf_only,à tout hasard,ADV,,
à vélo,ADV,C1,crf_first_attested,12.4046,0.2184,0.0,0.0,0.0,0.0,12.4046,0.0,0.2184,,,,,,,,,crf_only,à vélo,ADV,,
écarlate,ADJ,C1,beacco,12.4046,0.2184,0.0,0.0,0.0,0.0,12.4046,0.0,0.2184,0.0,0.0,0.0,0.0,6.0005,0.0,0.1431,C1,word_pos,écarlate,A,écarlate,ADJ
épidémiologiste,NOUN,C1,beacco,12.4046,0.2184,0.0,0.0,0.0,0.0,12.4046,0.0,0.2184,0.0,0.0,0.0,0.0,12.0009,0.0,0.2862,C1,word_pos,épidémiologiste,N,épidémiologiste,NOM
associé,ADJ,C1,crf_first_attested,12.3029,0.2166,0.0,0.0,0.0,0.0,12.3029,0.0,0.2166,,,,,,,,,crf_only,associé,A,,
bmw,NOUN,C1,crf_first_attested,12.3029,0.2166,0.0,0.0,0.0,0.0,12.3029,0.0,0.2166,,,,,,,,,crf_only,bmw,N,,
certifier,VERB,C1,beacco,12.3029,0.2166,0.0,0.0,0.0,0.0,12.3029,0.0,0.2166,0.0,0.0,0.0,0.0,12.4171,0.0,0.2926,C1,word_pos,certifier,V,certifier,VER
compte tenu de,PREP,C1,crf_first_attested,12.3029,0.2166,0.0,0.0,0.0,0.0,12.3029,0.0,0.2166,,,,,,,,,crf_only,compte tenu de,PREP,,
grenoblois,ADJ,C1,crf_first_attested,12.3029,0.2166,0.0,0.0,0.0,0.0,12.3029,0.0,0.2166,,,,,,,,,crf_only,grenoblois,A,,
géo,NOUN,C1,crf_first_attested,12.3029,0.2166,0.0,0.0,0.0,0.0,12.3029,0.0,0.2166,,,,,,,,,crf_only,géo,N,,
jongler,VERB,C1,beacco,12.3029,0.2166,0.0,0.0,0.0,0.0,12.3029,0.0,0.2166,0.0,0.0,0.0,0.0,4.139,0.0,0.0975,C1,word_pos,jongler,V,jongler,VER
phytoplancton,NOUN,C1,beacco,12.3029,0.2166,0.0,0.0,0.0,0.0,12.3029,0.0,0.2166,0.0,0.0,0.0,0.0,12.4171,0.0,0.2926,C1,word_pos,phytoplancton,N,phytoplancton,NOM
pénicilline,NOUN,C1,beacco,12.3029,0.2166,0.0,0.0,0.0,0.0,12.3029,0.0,0.2166,0.0,0.0,0.0,0.0,16.5561,0.0,0.3902,C1,word_pos,pénicilline,N,pénicilline,NOM
résurgence,NOUN,C1,beacco,12.3029,0.2166,0.0,0.0,0.0,0.0,12.3029,0.0,0.2166,0.0,0.0,0.0,0.0,8.2781,0.0,0.1951,C1,word_pos,résurgence,N,résurgence,NOM
socialiste,NOUN,C1,beacco,12.3029,0.2166,0.0,0.0,0.0,0.0,12.3029,0.0,0.2166,0.0,0.0,0.0,0.0,8.2781,0.0,0.1951,C1,word_pos,socialiste,N,socialiste,NOM
encontre,ADV,C1,beacco,12.0009,0.4293,,,,,,,,0.0,0.0,0.0,0.0,12.0009,19.328,0.4293,C1,beacco_only,,,encontre,ADV
biométrique,NOUN,C1,beacco,12.0009,0.2862,,,,,,,,0.0,0.0,0.0,0.0,12.0009,0.0,0.2862,C1,beacco_only,,,biométrique,NOM
gravé,ADJ,C1,beacco,12.0009,0.2862,,,,,,,,0.0,0.0,0.0,0.0,12.0009,0.0,0.2862,C1,beacco_only,,,gravé,ADJ
ras-le-bol,NOUN,C1,beacco,12.0009,0.2862,,,,,,,,0.0,0.0,0.0,0.0,12.0009,0.0,0.2862,C1,beacco_only,,,ras-le-bol,NOM
dépassement,NOUN,C1,beacco,10.2524,1.2289,0.0,0.0,0.0,0.0,10.2524,12.9876,1.2289,0.0,0.0,0.0,0.0,8.2781,12.833,0.2926,C1,word_pos,dépassement,N,dépassement,NOM
dédramatiser,VERB,C1,beacco,10.2524,0.1805,0.0,0.0,0.0,0.0,10.2524,0.0,0.1805,0.0,0.0,0.0,0.0,8.2781,0.0,0.1951,C1,word_pos,dédramatiser,V,dédramatiser,VER
dérapage,NOUN,C1,beacco,10.2524,0.1805,0.0,0.0,0.0,0.0,10.2524,0.0,0.1805,0.0,0.0,0.0,0.0,8.2781,0.0,0.1951,C1,word_pos,dérapage,N,dérapage,NOM
marteler,VERB,C1,beacco,10.2524,0.1805,0.0,0.0,0.0,0.0,10.2524,0.0,0.1805,0.0,0.0,0.0,0.0,8.2781,0.0,0.1951,C1,word_pos,marteler,V,marteler,VER
miner,VERB,C1,beacco,10.2524,0.1805,0.0,0.0,0.0,0.0,10.2524,0.0,0.1805,0.0,0.0,0.0,0.0,8.2781,0.0,0.1951,C1,word_pos,miner,V,miner,VER
occulter,VERB,C1,beacco,10.2524,0.1805,0.0,0.0,0.0,0.0,10.2524,0.0,0.1805,0.0,0.0,0.0,0.0,8.2781,0.0,0.1951,C1,word_pos,occulter,V,occulter,VER
en raison du,PREP,C1,crf_first_attested,9.8488,1.1418,0.0,0.0,0.0,0.0,9.8488,57.7365,1.1418,,,,,,,,,crf_only,en raison du,PREP,,
en profondeur,ADV,C1,crf_first_attested,9.8488,0.3619,0.0,0.0,0.0,0.0,9.8488,0.0,0.3619,,,,,,,,,crf_only,en profondeur,ADV,,
à titre de,PREP,C1,crf_first_attested,9.8488,0.3619,0.0,0.0,0.0,0.0,9.8488,0.0,0.3619,,,,,,,,,crf_only,à titre de,PREP,,
de nature à,PREP,C1,crf_first_attested,9.8067,0.3585,0.0,0.0,0.0,0.0,9.8067,0.0,0.3585,,,,,,,,,crf_only,de nature à,PREP,,
booster,VERB,C1,beacco,9.6252,0.1995,0.0,0.0,0.0,0.0,9.6252,0.0,0.1995,0.0,0.0,0.0,0.0,3.4423,0.0,0.0657,C1,unique_word,booster,V,booster,NOM
chaos,NOUN,C1,beacco,9.6252,0.1995,0.0,0.0,0.0,0.0,9.6252,0.0,0.1995,0.0,0.0,0.0,0.0,3.4423,0.0,0.0657,C1,word_pos,chaos,N,chaos,NOM
complimenter,VERB,C1,beacco,9.6252,0.1995,0.0,0.0,0.0,0.0,9.6252,0.0,0.1995,0.0,0.0,0.0,0.0,6.8846,0.0,0.1315,C1,word_pos,complimenter,V,complimenter,VER
multivues,ADJ,C1,crf_first_attested,9.6252,0.1995,0.0,0.0,0.0,0.0,9.6252,0.0,0.1995,,,,,,,,,crf_only,multivues,A,,
quadrichromie,NOUN,C1,beacco,9.6252,0.1995,0.0,0.0,0.0,0.0,9.6252,0.0,0.1995,0.0,0.0,0.0,0.0,3.4423,0.0,0.0657,C1,word_pos,quadrichromie,N,quadrichromie,NOM
reconstruction,NOUN,C1,beacco,9.6252,0.1995,0.0,0.0,0.0,0.0,9.6252,0.0,0.1995,0.0,0.0,0.0,0.0,3.4423,0.0,0.0657,C1,word_pos,reconstruction,N,reconstruction,NOM
rouleur,NOUN,C1,beacco,9.6252,0.1995,0.0,0.0,0.0,0.0,9.6252,0.0,0.1995,0.0,0.0,0.0,0.0,6.8846,0.0,0.1315,C1,word_pos,rouleur,N,rouleur,NOM
standard,ADJ,C1,beacco,9.6252,0.1995,0.0,0.0,0.0,0.0,9.6252,0.0,0.1995,0.0,0.0,0.0,0.0,3.4423,0.0,0.0657,C1,word_pos,standard,A,standard,ADJ
tireur,NOUN,C1,beacco,9.6252,0.1995,0.0,0.0,0.0,0.0,9.6252,0.0,0.1995,0.0,0.0,0.0,0.0,6.8846,0.0,0.1315,C1,word_pos,tireur,N,tireur,NOM
atypique,ADJ,C1,beacco,9.3035,1.231,0.0,0.0,0.0,0.0,9.3035,67.3593,1.231,0.0,0.0,0.0,0.0,6.0005,19.328,0.2862,C1,word_pos,atypique,A,atypique,ADJ
idéologique,ADJ,C1,beacco,9.3035,1.0664,0.0,0.0,0.0,0.0,9.3035,38.491,1.0664,0.0,0.0,0.0,0.0,6.0005,38.656,0.4293,C1,word_pos,idéologique,A,idéologique,ADJ
ventiler,VERB,C1,beacco,9.3035,1.0664,0.0,0.0,0.0,0.0,9.3035,38.491,1.0664,0.0,0.0,0.0,0.0,6.0005,19.328,0.2862,C1,word_pos,ventiler,V,ventiler,VER
contractuel,ADJ,C1,beacco,9.3035,0.9034,0.0,0.0,0.0,0.0,9.3035,19.2455,0.9034,0.0,0.0,0.0,0.0,6.0005,19.328,0.2862,C1,word_pos,contractuel,A,contractuel,ADJ
résonance,NOUN,C1,beacco,9.3035,0.9034,0.0,0.0,0.0,0.0,9.3035,19.2455,0.9034,0.0,0.0,0.0,0.0,6.0005,38.656,0.4293,C1,word_pos,résonance,N,résonance,NOM
méli - mélo,NOUN,C1,crf_first_attested,9.3035,0.8322,0.0,0.0,0.0,0.0,9.3035,12.9876,0.8322,,,,,,,,,crf_only,méli - mélo,N,,
batailler,VERB,C1,beacco,9.3035,0.7515,0.0,0.0,0.0,0.0,9.3035,9.6228,0.7515,0.0,0.0,0.0,0.0,6.0005,19.328,0.2862,C1,word_pos,batailler,V,batailler,VER
mastère,NOUN,C1,crf_first_attested,9.3035,0.7305,0.0,0.0,0.0,0.0,9.3035,2.0587,0.7305,,,,,,,,,crf_only,mastère,N,,
inter,NOUN,C1,beacco,9.3035,0.7304,0.0,0.0,0.3618,0.0,9.3035,0.0,0.7304,0.0,0.0,0.438,0.0,0.0,0.0,0.0652,C1,word_pos,inter,N,inter,NOM
enclore,VERB,C1,beacco,9.3035,0.7262,0.0,0.0,0.2366,0.0,9.3035,0.0,0.7262,0.0,0.0,0.0,0.0,6.0005,0.0,0.1431,C1,word_pos,enclore,V,enclore,VER
flèche,NOUN,C1,beacco,9.3035,0.5625,0.0,0.3228,0.0,0.0,9.3035,0.0,0.5625,0.0,0.186,0.0,0.0,6.0005,0.0,0.3399,C1,word_pos,flèche,N,flèche,NOM
acoustique,NOUN,C1,beacco,9.3035,0.1638,0.0,0.0,0.0,0.0,9.3035,0.0,0.1638,0.0,0.0,0.0,0.0,6.0005,0.0,0.1431,C1,word_pos,acoustique,N,acoustique,NOM
adhésif,NOUN,C1,crf_first_attested,9.3035,0.1638,0.0,0.0,0.0,0.0,9.3035,0.0,0.1638,,,,,,,,,crf_only,adhésif,N,,
admiratif,ADJ,C1,beacco,9.3035,0.1638,0.0,0.0,0.0,0.0,9.3035,0.0,0.1638,0.0,0.0,0.0,0.0,6.0005,0.0,0.1431,C1,word_pos,admiratif,A,admiratif,ADJ
adosser,VERB,C1,beacco,9.3035,0.1638,0.0,0.0,0.0,0.0,9.3035,0.0,0.1638,0.0,0.0,0.0,0.0,6.0005,0.0,0.1431,C1,word_pos,adosser,V,adosser,VER
aggiornamento,NOUN,C1,beacco,9.3035,0.1638,0.0,0.0,0.0,0.0,9.3035,0.0,0.1638,0.0,0.0,0.0,0.0,6.0005,0.0,0.1431,C1,word_pos,aggiornamento,N,aggiornamento,NOM
agrégation,NOUN,C1,beacco,9.3035,0.1638,0.0,0.0,0.0,0.0,9.3035,0.0,0.1638,0.0,0.0,0.0,0.0,6.0005,0.0,0.1431,C1,word_pos,agrégation,N,agrégation,NOM
allogène,ADJ,C1,beacco,9.3035,0.1638,0.0,0.0,0.0,0.0,9.3035,0.0,0.1638,0.0,0.0,0.0,0.0,6.0005,0.0,0.1431,C1,word_pos,allogène,A,allogène,ADJ
appuie - tête,NOUN,C1,crf_first_attested,9.3035,0.1638,0.0,0.0,0.0,0.0,9.3035,0.0,0.1638,,,,,,,,,crf_only,appuie - tête,N,,
arroger,VERB,C1,beacco,9.3035,0.1638,0.0,0.0,0.0,0.0,9.3035,0.0,0.1638,0.0,0.0,0.0,0.0,12.0009,0.0,0.2862,C1,word_pos,arroger,V,arroger,VER
autoradio,NOUN,C1,beacco,9.3035,0.1638,0.0,0.0,0.0,0.0,9.3035,0.0,0.1638,0.0,0.0,0.0,0.0,6.0005,0.0,0.1431,C1,word_pos,autoradio,N,autoradio,NOM
back,X,C1,crf_first_attested,9.3035,0.1638,0.0,0.0,0.0,0.0,9.3035,0.0,0.1638,,,,,,,,,crf_only,back,X,,
banania,X,C1,crf_first_attested,9.3035,0.1638,0.0,0.0,0.0,0.0,9.3035,0.0,0.1638,,,,,,,,,crf_only,banania,X,,
bien - aimé,NOUN,C1,crf_first_attested,9.3035,0.1638,0.0,0.0,0.0,0.0,9.3035,0.0,0.1638,,,,,,,,,crf_only,bien - aimé,N,,
bigarrer,VERB,C1,crf_first_attested,9.3035,0.1638,0.0,0.0,0.0,0.0,9.3035,0.0,0.1638,,,,,,,,,crf_only,bigarrer,V,,
bio - ingénierie,NOUN,C1,crf_first_attested,9.3035,0.1638,0.0,0.0,0.0,0.0,9.3035,0.0,0.1638,,,,,,,,,crf_only,bio - ingénierie,N,,
blet,ADJ,C1,beacco,9.3035,0.1638,0.0,0.0,0.0,0.0,9.3035,0.0,0.1638,0.0,0.0,0.0,0.0,6.0005,0.0,0.1431,C1,word_pos,blet,A,blet,ADJ
bonheur high - tech,NOUN,C1,crf_first_attested,9.3035,0.1638,0.0,0.0,0.0,0.0,9.3035,0.0,0.1638,,,,,,,,,crf_only,bonheur high - tech,N,,
brandon,NOUN,C1,beacco,9.3035,0.1638,0.0,0.0,0.0,0.0,9.3035,0.0,0.1638,0.0,0.0,0.0,0.0,6.0005,0.0,0.1431,C1,word_pos,brandon,N,brandon,NOM
brandonner,VERB,C1,beacco,9.3035,0.1638,0.0,0.0,0.0,0.0,9.3035,0.0,0.1638,0.0,0.0,0.0,0.0,6.0005,0.0,0.1431,C1,word_pos,brandonner,V,brandonner,VER
cannibale,ADJ,C1,beacco,9.3035,0.1638,0.0,0.0,0.0,0.0,9.3035,0.0,0.1638,0.0,0.0,0.0,0.0,6.0005,0.0,0.1431,C1,unique_word,cannibale,A,cannibale,NOM
chimiquement,ADV,C1,beacco,9.3035,0.1638,0.0,0.0,0.0,0.0,9.3035,0.0,0.1638,0.0,0.0,0.0,0.0,18.0014,0.0,0.4293,C1,word_pos,chimiquement,ADV,chimiquement,ADV
civiliser,VERB,C1,beacco,9.3035,0.1638,0.0,0.0,0.0,0.0,9.3035,0.0,0.1638,0.0,0.0,0.0,0.0,6.0005,0.0,0.1431,C1,word_pos,civiliser,V,civiliser,VER
claquement,NOUN,C1,beacco,9.3035,0.1638,0.0,0.0,0.0,0.0,9.3035,0.0,0.1638,0.0,0.0,0.0,0.0,6.0005,0.0,0.1431,C1,word_pos,claquement,N,claquement,NOM
clone,NOUN,C1,beacco,9.3035,0.1638,0.0,0.0,0.0,0.0,9.3035,0.0,0.1638,0.0,0.0,0.0,0.0,6.0005,0.0,0.1431,C1,word_pos,clone,N,clone,NOM
collégial,ADJ,C1,beacco,9.3035,0.1638,0.0,0.0,0.0,0.0,9.3035,0.0,0.1638,0.0,0.0,0.0,0.0,6.0005,0.0,0.1431,C1,word_pos,collégial,A,collégial,ADJ
condensé,ADJ,C1,crf_first_attested,9.3035,0.1638,0.0,0.0,0.0,0.0,9.3035,0.0,0.1638,,,,,,,,,crf_only,condensé,A,,
contaminer,VERB,C1,beacco,9.3035,0.1638,0.0,0.0,0.0,0.0,9.3035,0.0,0.1638,0.0,0.0,0.0,0.0,12.0009,0.0,0.2862,C1,word_pos,contaminer,V,contaminer,VER
coquetterie,NOUN,C1,beacco,9.3035,0.1638,0.0,0.0,0.0,0.0,9.3035,0.0,0.1638,0.0,0.0,0.0,0.0,6.0005,0.0,0.1431,C1,word_pos,coquetterie,N,coquetterie,NOM
depuis lors,ADV,C1,crf_first_attested,9.3035,0.1638,0.0,0.0,0.0,0.0,9.3035,0.0,0.1638,,,,,,,,,crf_only,depuis lors,ADV,,
distillation,NOUN,C1,beacco,9.3035,0.1638,0.0,0.0,0.0,0.0,9.3035,0.0,0.1638,0.0,0.0,0.0,0.0,18.0014,0.0,0.4293,C1,word_pos,distillation,N,distillation,NOM
domaine d' avant - garde,NOUN,C1,crf_first_attested,9.3035,0.1638,0.0,0.0,0.0,0.0,9.3035,0.0,0.1638,,,,,,,,,crf_only,domaine d' avant - garde,N,,
domotique,NOUN,C1,crf_first_attested,9.3035,0.1638,0.0,0.0,0.0,0.0,9.3035,0.0,0.1638,,,,,,,,,crf_only,domotique,N,,
décodeur,NOUN,C1,beacco,9.3035,0.1638,0.0,0.0,0.0,0.0,9.3035,0.0,0.1638,0.0,0.0,0.0,0.0,6.0005,0.0,0.1431,C1,word_pos,décodeur,N,décodeur,NOM
dénégation,NOUN,C1,beacco,9.3035,0.1638,0.0,0.0,0.0,0.0,9.3035,0.0,0.1638,0.0,0.0,0.0,0.0,6.0005,0.0,0.1431,C1,word_pos,dénégation,N,dénégation,NOM
emagium,ADJ,C1,crf_first_attested,9.3035,0.1638,0.0,0.0,0.0,0.0,9.3035,0.0,0.1638,,,,,,,,,crf_only,emagium,A,,
emagium,NOUN,C1,crf_first_attested,9.3035,0.1638,0.0,0.0,0.0,0.0,9.3035,0.0,0.1638,,,,,,,,,crf_only,emagium,N,,
empêtrer,VERB,C1,beacco,9.3035,0.1638,0.0,0.0,0.0,0.0,9.3035,0.0,0.1638,0.0,0.0,0.0,0.0,6.0005,0.0,0.1431,C1,word_pos,empêtrer,V,empêtrer,VER
encablure,NOUN,C1,beacco,9.3035,0.1638,0.0,0.0,0.0,0.0,9.3035,0.0,0.1638,0.0,0.0,0.0,0.0,6.0005,0.0,0.1431,C1,word_pos,encablure,N,encablure,NOM
enchevêtrement,NOUN,C1,beacco,9.3035,0.1638,0.0,0.0,0.0,0.0,9.3035,0.0,0.1638,0.0,0.0,0.0,0.0,6.0005,0.0,0.1431,C1,word_pos,enchevêtrement,N,enchevêtrement,NOM
encyclopédique,ADJ,C1,beacco,9.3035,0.1638,0.0,0.0,0.0,0.0,9.3035,0.0,0.1638,0.0,0.0,0.0,0.0,6.0005,0.0,0.1431,C1,word_pos,encyclopédique,A,encyclopédique,ADJ
entrecroiser,VERB,C1,beacco,9.3035,0.1638,0.0,0.0,0.0,0.0,9.3035,0.0,0.1638,0.0,0.0,0.0,0.0,6.0005,0.0,0.1431,C1,word_pos,entrecroiser,V,entrecroiser,VER
filage,NOUN,C1,beacco,9.3035,0.1638,0.0,0.0,0.0,0.0,9.3035,0.0,0.1638,0.0,0.0,0.0,0.0,6.0005,0.0,0.1431,C1,word_pos,filage,N,filage,NOM
firmament,NOUN,C1,beacco,9.3035,0.1638,0.0,0.0,0.0,0.0,9.3035,0.0,0.1638,0.0,0.0,0.0,0.0,6.0005,0.0,0.1431,C1,word_pos,firmament,N,firmament,NOM
fonctionnaliste,ADJ,C1,beacco,9.3035,0.1638,0.0,0.0,0.0,0.0,9.3035,0.0,0.1638,0.0,0.0,0.0,0.0,6.0005,0.0,0.1431,C1,word_pos,fonctionnaliste,A,fonctionnaliste,ADJ
galant,NOUN,C1,beacco,9.3035,0.1638,0.0,0.0,0.0,0.0,9.3035,0.0,0.1638,0.0,0.0,0.0,0.0,6.0005,0.0,0.1431,C1,word_pos,galant,N,galant,NOM
guidage,NOUN,C1,beacco,9.3035,0.1638,0.0,0.0,0.0,0.0,9.3035,0.0,0.1638,0.0,0.0,0.0,0.0,6.0005,0.0,0.1431,C1,word_pos,guidage,N,guidage,NOM
homme - enfant,NOUN,C1,crf_first_attested,9.3035,0.1638,0.0,0.0,0.0,0.0,9.3035,0.0,0.1638,,,,,,,,,crf_only,homme - enfant,N,,
hydrodynamique,ADJ,C1,beacco,9.3035,0.1638,0.0,0.0,0.0,0.0,9.3035,0.0,0.1638,0.0,0.0,0.0,0.0,6.0005,0.0,0.1431,C1,word_pos,hydrodynamique,A,hydrodynamique,ADJ
iiie,ADJ,C1,crf_first_attested,9.3035,0.1638,0.0,0.0,0.0,0.0,9.3035,0.0,0.1638,,,,,,,,,crf_only,iiie,A,,
individuation,NOUN,C1,beacco,9.3035,0.1638,0.0,0.0,0.0,0.0,9.3035,0.0,0.1638,0.0,0.0,0.0,0.0,6.0005,0.0,0.1431,C1,word_pos,individuation,N,individuation,NOM
intercommunal,ADJ,C1,beacco,9.3035,0.1638,0.0,0.0,0.0,0.0,9.3035,0.0,0.1638,0.0,0.0,0.0,0.0,12.0009,0.0,0.2862,C1,word_pos,intercommunal,A,intercommunal,ADJ
interrupteur,NOUN,C1,beacco,9.3035,0.1638,0.0,0.0,0.0,0.0,9.3035,0.0,0.1638,0.0,0.0,0.0,0.0,6.0005,0.0,0.1431,C1,word_pos,interrupteur,N,interrupteur,NOM
introvertir,VERB,C1,crf_first_attested,9.3035,0.1638,0.0,0.0,0.0,0.0,9.3035,0.0,0.1638,,,,,,,,,crf_only,introvertir,V,,
junior,ADJ,C1,beacco,9.3035,0.1638,0.0,0.0,0.0,0.0,9.3035,0.0,0.1638,0.0,0.0,0.0,0.0,6.0005,0.0,0.1431,C1,word_pos,junior,A,junior,ADJ
kyrielle,NOUN,C1,beacco,9.3035,0.1638,0.0,0.0,0.0,0.0,9.3035,0.0,0.1638,0.0,0.0,0.0,0.0,6.0005,0.0,0.1431,C1,word_pos,kyrielle,N,kyrielle,NOM
laqué,NOUN,C1,crf_first_attested,9.3035,0.1638,0.0,0.0,0.0,0.0,9.3035,0.0,0.1638,,,,,,,,,crf_only,laqué,N,,
lieux,NOUN,C1,crf_first_attested,9.3035,0.1638,0.0,0.0,0.0,0.0,9.3035,0.0,0.1638,,,,,,,,,crf_only,lieux,N,,
limousine,NOUN,C1,crf_first_attested,9.3035,0.1638,0.0,0.0,0.0,0.0,9.3035,0.0,0.1638,,,,,,,,,crf_only,limousine,N,,
lisible,ADJ,C1,beacco,9.3035,0.1638,0.0,0.0,0.0,0.0,9.3035,0.0,0.1638,0.0,0.0,0.0,0.0,6.0005,0.0,0.1431,C1,word_pos,lisible,A,lisible,ADJ
marabouter,NOUN,C1,beacco,9.3035,0.1638,0.0,0.0,0.0,0.0,9.3035,0.0,0.1638,0.0,0.0,0.0,0.0,6.0005,0.0,0.1431,C1,unique_word,marabouter,N,marabouter,VER
mouillage,NOUN,C1,beacco,9.3035,0.1638,0.0,0.0,0.0,0.0,9.3035,0.0,0.1638,0.0,0.0,0.0,0.0,6.0005,0.0,0.1431,C1,word_pos,mouillage,N,mouillage,NOM
musique new - age,NOUN,C1,crf_first_attested,9.3035,0.1638,0.0,0.0,0.0,0.0,9.3035,0.0,0.1638,,,,,,,,,crf_only,musique new - age,N,,
mûr,ADJ,C1,beacco,9.3035,0.1638,0.0,0.0,0.0,0.0,9.3035,0.0,0.1638,0.0,0.0,0.0,0.0,6.0005,0.0,0.1431,C1,word_pos,mûr,A,mûr,ADJ
nec,X,C1,crf_first_attested,9.3035,0.1638,0.0,0.0,0.0,0.0,9.3035,0.0,0.1638,,,,,,,,,crf_only,nec,X,,
neurobiologie,NOUN,C1,beacco,9.3035,0.1638,0.0,0.0,0.0,0.0,9.3035,0.0,0.1638,0.0,0.0,0.0,0.0,6.0005,0.0,0.1431,C1,word_pos,neurobiologie,N,neurobiologie,NOM
neurologie,NOUN,C1,beacco,9.3035,0.1638,0.0,0.0,0.0,0.0,9.3035,0.0,0.1638,0.0,0.0,0.0,0.0,6.0005,0.0,0.1431,C1,word_pos,neurologie,N,neurologie,NOM
nicher,VERB,C1,beacco,9.3035,0.1638,0.0,0.0,0.0,0.0,9.3035,0.0,0.1638,0.0,0.0,0.0,0.0,6.0005,0.0,0.1431,C1,word_pos,nicher,V,nicher,VER
non content,ADV,C1,crf_first_attested,9.3035,0.1638,0.0,0.0,0.0,0.0,9.3035,0.0,0.1638,,,,,,,,,crf_only,non content,ADV,,
normalité,NOUN,C1,beacco,9.3035,0.1638,0.0,0.0,0.0,0.0,9.3035,0.0,0.1638,0.0,0.0,0.0,0.0,6.0005,0.0,0.1431,C1,word_pos,normalité,N,normalité,NOM
nucléation,NOUN,C1,crf_first_attested,9.3035,0.1638,0.0,0.0,0.0,0.0,9.3035,0.0,0.1638,,,,,,,,,crf_only,nucléation,N,,
nul,DET,C1,crf_first_attested,9.3035,0.1638,0.0,0.0,0.0,0.0,9.3035,0.0,0.1638,,,,,,,,,crf_only,nul,DET,,
néophyte,NOUN,C1,beacco,9.3035,0.1638,0.0,0.0,0.0,0.0,9.3035,0.0,0.1638,0.0,0.0,0.0,0.0,6.0005,0.0,0.1431,C1,word_pos,néophyte,N,néophyte,NOM
omettre,VERB,C1,beacco,9.3035,0.1638,0.0,0.0,0.0,0.0,9.3035,0.0,0.1638,0.0,0.0,0.0,0.0,6.0005,0.0,0.1431,C1,word_pos,omettre,V,omettre,VER
paramétrer,VERB,C1,crf_first_attested,9.3035,0.1638,0.0,0.0,0.0,0.0,9.3035,0.0,0.1638,,,,,,,,,crf_only,paramétrer,V,,
parfumerie,NOUN,C1,beacco,9.3035,0.1638,0.0,0.0,0.0,0.0,9.3035,0.0,0.1638,0.0,0.0,0.0,0.0,18.0014,0.0,0.4293,C1,word_pos,parfumerie,N,parfumerie,NOM
pigment,NOUN,C1,beacco,9.3035,0.1638,0.0,0.0,0.0,0.0,9.3035,0.0,0.1638,0.0,0.0,0.0,0.0,18.0014,0.0,0.4293,C1,word_pos,pigment,N,pigment,NOM
planette,NOUN,C1,beacco,9.3035,0.1638,0.0,0.0,0.0,0.0,9.3035,0.0,0.1638,0.0,0.0,0.0,0.0,6.0005,0.0,0.1431,C1,word_pos,planette,N,planette,NOM
plasma,X,C1,beacco,9.3035,0.1638,0.0,0.0,0.0,0.0,9.3035,0.0,0.1638,0.0,0.0,0.0,0.0,6.0005,0.0,0.1431,C1,unique_word,plasma,X,plasma,NOM
polymère,ADJ,C1,beacco,9.3035,0.1638,0.0,0.0,0.0,0.0,9.3035,0.0,0.1638,0.0,0.0,0.0,0.0,6.0005,0.0,0.1431,C1,word_pos,polymère,A,polymère,ADJ
pool,NOUN,C1,beacco,9.3035,0.1638,0.0,0.0,0.0,0.0,9.3035,0.0,0.1638,0.0,0.0,0.0,0.0,6.0005,0.0,0.1431,C1,word_pos,pool,N,pool,NOM
portatif,ADJ,C1,beacco,9.3035,0.1638,0.0,0.0,0.0,0.0,9.3035,0.0,0.1638,0.0,0.0,0.0,0.0,6.0005,0.0,0.1431,C1,word_pos,portatif,A,portatif,ADJ
prometteur,NOUN,C1,beacco,9.3035,0.1638,0.0,0.0,0.0,0.0,9.3035,0.0,0.1638,0.0,0.0,0.0,0.0,3.4423,0.0,0.0657,C1,word_pos,prometteur,N,prometteur,NOM
pulpe,NOUN,C1,beacco,9.3035,0.1638,0.0,0.0,0.0,0.0,9.3035,0.0,0.1638,0.0,0.0,0.0,0.0,18.0014,0.0,0.4293,C1,word_pos,pulpe,N,pulpe,NOM
quantique,ADJ,C1,beacco,9.3035,0.1638,0.0,0.0,0.0,0.0,9.3035,0.0,0.1638,0.0,0.0,0.0,0.0,6.0005,0.0,0.1431,C1,word_pos,quantique,A,quantique,ADJ
radio wi - fi,ADJ,C1,crf_first_attested,9.3035,0.1638,0.0,0.0,0.0,0.0,9.3035,0.0,0.1638,,,,,,,,,crf_only,radio wi - fi,A,,
radioguider,VERB,C1,beacco,9.3035,0.1638,0.0,0.0,0.0,0.0,9.3035,0.0,0.1638,0.0,0.0,0.0,0.0,6.0005,0.0,0.1431,C1,word_pos,radioguider,V,radioguider,VER
rameau,NOUN,C1,beacco,9.3035,0.1638,0.0,0.0,0.0,0.0,9.3035,0.0,0.1638,0.0,0.0,0.0,0.0,6.0005,0.0,0.1431,C1,word_pos,rameau,N,rameau,NOM
rampant,NOUN,C1,beacco,9.3035,0.1638,0.0,0.0,0.0,0.0,9.3035,0.0,0.1638,0.0,0.0,0.0,0.0,6.0005,0.0,0.1431,C1,word_pos,rampant,N,rampant,NOM
reptation,NOUN,C1,beacco,9.3035,0.1638,0.0,0.0,0.0,0.0,9.3035,0.0,0.1638,0.0,0.0,0.0,0.0,6.0005,0.0,0.1431,C1,word_pos,reptation,N,reptation,NOM
rhéologique,ADJ,C1,beacco,9.3035,0.1638,0.0,0.0,0.0,0.0,9.3035,0.0,0.1638,0.0,0.0,0.0,0.0,6.0005,0.0,0.1431,C1,word_pos,rhéologique,A,rhéologique,ADJ
réseau wi - fi,NOUN,C1,crf_first_attested,9.3035,0.1638,0.0,0.0,0.0,0.0,9.3035,0.0,0.1638,,,,,,,,,crf_only,réseau wi - fi,N,,
résine,NOUN,C1,beacco,9.3035,0.1638,0.0,0.0,0.0,0.0,9.3035,0.0,0.1638,0.0,0.0,0.0,0.0,18.0014,0.0,0.4293,C1,word_pos,résine,N,résine,NOM
scarifier,VERB,C1,beacco,9.3035,0.1638,0.0,0.0,0.0,0.0,9.3035,0.0,0.1638,0.0,0.0,0.0,0.0,6.0005,0.0,0.1431,C1,word_pos,scarifier,V,scarifier,VER
sensibilisateur,NOUN,C1,beacco,9.3035,0.1638,0.0,0.0,0.0,0.0,9.3035,0.0,0.1638,0.0,0.0,0.0,0.0,6.0005,0.0,0.1431,C1,word_pos,sensibilisateur,N,sensibilisateur,NOM
smart,NOUN,C1,crf_first_attested,9.3035,0.1638,0.0,0.0,0.0,0.0,9.3035,0.0,0.1638,,,,,,,,,crf_only,smart,N,,
soul,ADJ,C1,beacco,9.3035,0.1638,0.0,0.0,0.0,0.0,9.3035,0.0,0.1638,0.0,0.0,0.0,0.0,6.0005,0.0,0.1431,C1,word_pos,soul,A,soul,ADJ
sous la houlette de,PREP,C1,crf_first_attested,9.3035,0.1638,0.0,0.0,0.0,0.0,9.3035,0.0,0.1638,,,,,,,,,crf_only,sous la houlette de,PREP,,
stabiliser,VERB,C1,beacco,9.3035,0.1638,0.0,0.0,0.0,0.0,9.3035,0.0,0.1638,0.0,0.0,0.0,0.0,6.0005,0.0,0.1431,C1,word_pos,stabiliser,V,stabiliser,VER
stopper,VERB,C1,beacco,9.3035,0.1638,0.0,0.0,0.0,0.0,9.3035,0.0,0.1638,0.0,0.0,0.0,0.0,6.0005,0.0,0.1431,C1,word_pos,stopper,V,stopper,VER
stressant,ADJ,C1,beacco,9.3035,0.1638,0.0,0.0,0.0,0.0,9.3035,0.0,0.1638,0.0,0.0,0.0,0.0,18.0014,0.0,0.4293,C1,word_pos,stressant,A,stressant,ADJ
supraconducteur,NOUN,C1,beacco,9.3035,0.1638,0.0,0.0,0.0,0.0,9.3035,0.0,0.1638,0.0,0.0,0.0,0.0,6.0005,0.0,0.1431,C1,word_pos,supraconducteur,N,supraconducteur,NOM
swatch,NOUN,C1,crf_first_attested,9.3035,0.1638,0.0,0.0,0.0,0.0,9.3035,0.0,0.1638,,,,,,,,,crf_only,swatch,N,,
synergie,NOUN,C1,beacco,9.3035,0.1638,0.0,0.0,0.0,0.0,9.3035,0.0,0.1638,0.0,0.0,0.0,0.0,6.0005,0.0,0.1431,C1,word_pos,synergie,N,synergie,NOM
technophile,ADJ,C1,beacco,9.3035,0.1638,0.0,0.0,0.0,0.0,9.3035,0.0,0.1638,0.0,0.0,0.0,0.0,6.0005,0.0,0.1431,C1,word_pos,technophile,A,technophile,ADJ
tennistique,ADJ,C1,beacco,9.3035,0.1638,0.0,0.0,0.0,0.0,9.3035,0.0,0.1638,0.0,0.0,0.0,0.0,6.0005,0.0,0.1431,C1,word_pos,tennistique,A,tennistique,ADJ
typhus,NOUN,C1,beacco,9.3035,0.1638,0.0,0.0,0.0,0.0,9.3035,0.0,0.1638,0.0,0.0,0.0,0.0,18.0014,0.0,0.4293,C1,word_pos,typhus,N,typhus,NOM
utilitariste,ADJ,C1,beacco,9.3035,0.1638,0.0,0.0,0.0,0.0,9.3035,0.0,0.1638,0.0,0.0,0.0,0.0,6.0005,0.0,0.1431,C1,word_pos,utilitariste,A,utilitariste,ADJ
verticale,NOUN,C1,crf_first_attested,9.3035,0.1638,0.0,0.0,0.0,0.0,9.3035,0.0,0.1638,,,,,,,,,crf_only,verticale,N,,
zen,ADJ,C1,beacco,9.3035,0.1638,0.0,0.0,0.0,0.0,9.3035,0.0,0.1638,0.0,0.0,0.0,0.0,6.0005,0.0,0.1431,C1,word_pos,zen,A,zen,ADJ
élasticité,NOUN,C1,beacco,9.3035,0.1638,0.0,0.0,0.0,0.0,9.3035,0.0,0.1638,0.0,0.0,0.0,0.0,6.0005,0.0,0.1431,C1,word_pos,élasticité,N,élasticité,NOM
express,NOUN,C1,beacco,8.2781,0.1951,,,,,,,,0.0,0.0,0.0,0.0,8.2781,0.0,0.1951,C1,beacco_only,,,express,NOM
constance,NOUN,C1,beacco,8.2019,2.4712,0.0,0.0,6.3256,0.0,8.2019,0.0,2.4712,0.0,0.0,0.0,0.0,4.139,0.0,0.0975,C1,word_pos,constance,N,constance,NOM
modéré,ADJ,C1,beacco,8.2019,1.4793,0.0,0.2527,0.0,0.0,8.2019,9.6228,1.4793,0.0,0.0,0.0,0.0,8.2781,0.0,0.1951,C1,word_pos,modéré,A,modéré,ADJ
en clair,ADV,C1,crf_first_attested,8.2019,1.1618,0.0,0.0,0.0,0.0,8.2019,19.4814,1.1618,,,,,,,,,crf_only,en clair,ADV,,
strate,NOUN,C1,beacco,8.2019,1.047,0.0,0.0,0.0,0.0,8.2019,12.9876,1.047,0.0,0.0,0.0,0.0,4.139,12.833,0.1951,C1,word_pos,strate,N,strate,NOM
déprime,NOUN,C1,beacco,8.2019,0.9498,0.0,0.0,0.1812,0.0,8.2019,0.0,0.9498,0.0,0.0,0.37,0.0,0.0,0.0,0.0944,C1,word_pos,déprime,N,déprime,NOM
apôtre,NOUN,C1,beacco,8.2019,0.8447,0.0,0.1076,0.0,0.0,8.2019,0.0,0.8447,0.0,0.186,0.0,0.0,4.139,0.0,0.3519,C1,word_pos,apôtre,N,apôtre,NOM
trente,NOUN,C1,beacco,8.2019,0.7604,0.0,0.0,0.2916,0.0,8.2019,0.0,0.7604,0.0,0.0,0.0,0.0,4.139,0.0,0.0975,C1,word_pos,trente,N,trente,NOM
alter,X,C1,crf_first_attested,8.2019,0.1444,0.0,0.0,0.0,0.0,8.2019,0.0,0.1444,,,,,,,,,crf_only,alter,X,,
alter,NOUN,C1,crf_first_attested,8.2019,0.1444,0.0,0.0,0.0,0.0,8.2019,0.0,0.1444,,,,,,,,,crf_only,alter,N,,
altermondialisation,NOUN,C1,crf_first_attested,8.2019,0.1444,0.0,0.0,0.0,0.0,8.2019,0.0,0.1444,,,,,,,,,crf_only,altermondialisation,N,,
américanisation,NOUN,C1,beacco,8.2019,0.1444,0.0,0.0,0.0,0.0,8.2019,0.0,0.1444,0.0,0.0,0.0,0.0,4.139,0.0,0.0975,C1,word_pos,américanisation,N,américanisation,NOM
assigner,VERB,C1,beacco,8.2019,0.1444,0.0,0.0,0.0,0.0,8.2019,0.0,0.1444,0.0,0.0,0.0,0.0,4.139,0.0,0.0975,C1,word_pos,assigner,V,assigner,VER
asymétrique,ADJ,C1,beacco,8.2019,0.1444,0.0,0.0,0.0,0.0,8.2019,0.0,0.1444,0.0,0.0,0.0,0.0,4.139,0.0,0.0975,C1,word_pos,asymétrique,A,asymétrique,ADJ
avoir traire,VERB,C1,crf_first_attested,8.2019,0.1444,0.0,0.0,0.0,0.0,8.2019,0.0,0.1444,,,,,,,,,crf_only,avoir traire,V,,
aérosol,NOUN,C1,beacco,8.2019,0.1444,0.0,0.0,0.0,0.0,8.2019,0.0,0.1444,0.0,0.0,0.0,0.0,8.2781,0.0,0.1951,C1,word_pos,aérosol,N,aérosol,NOM
bactérien,ADJ,C1,beacco,8.2019,0.1444,0.0,0.0,0.0,0.0,8.2019,0.0,0.1444,0.0,0.0,0.0,0.0,8.2781,0.0,0.1951,C1,word_pos,bactérien,A,bactérien,ADJ
barthésienne,ADJ,C1,crf_first_attested,8.2019,0.1444,0.0,0.0,0.0,0.0,8.2019,0.0,0.1444,,,,,,,,,crf_only,barthésienne,A,,
camouflage,NOUN,C1,beacco,8.2019,0.1444,0.0,0.0,0.0,0.0,8.2019,0.0,0.1444,0.0,0.0,0.0,0.0,8.2781,0.0,0.1951,C1,word_pos,camouflage,N,camouflage,NOM
center,X,C1,crf_first_attested,8.2019,0.1444,0.0,0.0,0.0,0.0,8.2019,0.0,0.1444,,,,,,,,,crf_only,center,X,,
cobaye,NOUN,C1,beacco,8.2019,0.1444,0.0,0.0,0.0,0.0,8.2019,0.0,0.1444,0.0,0.0,0.0,0.0,8.2781,0.0,0.1951,C1,word_pos,cobaye,N,cobaye,NOM
communautariste,NOUN,C1,crf_first_attested,8.2019,0.1444,0.0,0.0,0.0,0.0,8.2019,0.0,0.1444,,,,,,,,,crf_only,communautariste,N,,
communautariste,ADJ,C1,crf_first_attested,8.2019,0.1444,0.0,0.0,0.0,0.0,8.2019,0.0,0.1444,,,,,,,,,crf_only,communautariste,A,,
créolisation,NOUN,C1,crf_first_attested,8.2019,0.1444,0.0,0.0,0.0,0.0,8.2019,0.0,0.1444,,,,,,,,,crf_only,créolisation,N,,
discrédit,NOUN,C1,beacco,8.2019,0.1444,0.0,0.0,0.0,0.0,8.2019,0.0,0.1444,0.0,0.0,0.0,0.0,4.139,0.0,0.0975,C1,word_pos,discrédit,N,discrédit,NOM
dissolution,NOUN,C1,beacco,8.2019,0.1444,0.0,0.0,0.0,0.0,8.2019,0.0,0.1444,0.0,0.0,0.0,0.0,4.139,0.0,0.0975,C1,word_pos,dissolution,N,dissolution,NOM
dramatiser,VERB,C1,beacco,8.2019,0.1444,0.0,0.0,0.0,0.0,8.2019,0.0,0.1444,0.0,0.0,0.0,0.0,4.139,0.0,0.0975,C1,word_pos,dramatiser,V,dramatiser,VER
déconstruction,NOUN,C1,beacco,8.2019,0.1444,0.0,0.0,0.0,0.0,8.2019,0.0,0.1444,0.0,0.0,0.0,0.0,4.139,0.0,0.0975,C1,word_pos,déconstruction,N,déconstruction,NOM
déculpabiliser,VERB,C1,beacco,8.2019,0.1444,0.0,0.0,0.0,0.0,8.2019,0.0,0.1444,0.0,0.0,0.0,0.0,8.2781,0.0,0.1951,C1,word_pos,déculpabiliser,V,déculpabiliser,VER
dém,NOUN,C1,crf_first_attested,8.2019,0.1444,0.0,0.0,0.0,0.0,8.2019,0.0,0.1444,,,,,,,,,crf_only,dém,N,,
désenchanté,ADJ,C1,crf_first_attested,8.2019,0.1444,0.0,0.0,0.0,0.0,8.2019,0.0,0.1444,,,,,,,,,crf_only,désenchanté,A,,
effeuillage,NOUN,C1,beacco,8.2019,0.1444,0.0,0.0,0.0,0.0,8.2019,0.0,0.1444,0.0,0.0,0.0,0.0,4.139,0.0,0.0975,C1,word_pos,effeuillage,N,effeuillage,NOM
empêcheur,NOUN,C1,beacco,8.2019,0.1444,0.0,0.0,0.0,0.0,8.2019,0.0,0.1444,0.0,0.0,0.0,0.0,4.139,0.0,0.0975,C1,word_pos,empêcheur,N,empêcheur,NOM
en l' occurrence misère,ADV,C1,crf_first_attested,8.2019,0.1444,0.0,0.0,0.0,0.0,8.2019,0.0,0.1444,,,,,,,,,crf_only,en l' occurrence misère,ADV,,
frondeur,ADJ,C1,beacco,8.2019,0.1444,0.0,0.0,0.0,0.0,8.2019,0.0,0.1444,0.0,0.0,0.0,0.0,4.139,0.0,0.0975,C1,unique_word,frondeur,A,frondeur,NOM
fécond,ADJ,C1,beacco,8.2019,0.1444,0.0,0.0,0.0,0.0,8.2019,0.0,0.1444,0.0,0.0,0.0,0.0,4.139,0.0,0.0975,C1,word_pos,fécond,A,fécond,ADJ
ghetto,NOUN,C1,beacco,8.2019,0.1444,0.0,0.0,0.0,0.0,8.2019,0.0,0.1444,0.0,0.0,0.0,0.0,12.4171,0.0,0.2926,C1,word_pos,ghetto,N,ghetto,NOM
globalization,NOUN,C1,crf_first_attested,8.2019,0.1444,0.0,0.0,0.0,0.0,8.2019,0.0,0.1444,,,,,,,,,crf_only,globalization,N,,
halieutique,ADJ,C1,beacco,8.2019,0.1444,0.0,0.0,0.0,0.0,8.2019,0.0,0.1444,0.0,0.0,0.0,0.0,4.139,0.0,0.0975,C1,word_pos,halieutique,A,halieutique,ADJ
herméneutique,NOUN,C1,beacco,8.2019,0.1444,0.0,0.0,0.0,0.0,8.2019,0.0,0.1444,0.0,0.0,0.0,0.0,4.139,0.0,0.0975,C1,word_pos,herméneutique,N,herméneutique,NOM
hostilité,NOUN,C1,beacco,8.2019,0.1444,0.0,0.0,0.0,0.0,8.2019,0.0,0.1444,0.0,0.0,0.0,0.0,8.2781,0.0,0.1951,C1,word_pos,hostilité,N,hostilité,NOM
hybridation,NOUN,C1,beacco,8.2019,0.1444,0.0,0.0,0.0,0.0,8.2019,0.0,0.1444,0.0,0.0,0.0,0.0,4.139,0.0,0.0975,C1,word_pos,hybridation,N,hybridation,NOM
idiosyncrasie,NOUN,C1,beacco,8.2019,0.1444,0.0,0.0,0.0,0.0,8.2019,0.0,0.1444,0.0,0.0,0.0,0.0,4.139,0.0,0.0975,C1,word_pos,idiosyncrasie,N,idiosyncrasie,NOM
illico,ADV,C1,beacco,8.2019,0.1444,0.0,0.0,0.0,0.0,8.2019,0.0,0.1444,0.0,0.0,0.0,0.0,4.139,0.0,0.0975,C1,word_pos,illico,ADV,illico,ADV
indifféremment,ADV,C1,beacco,8.2019,0.1444,0.0,0.0,0.0,0.0,8.2019,0.0,0.1444,0.0,0.0,0.0,0.0,4.139,0.0,0.0975,C1,word_pos,indifféremment,ADV,indifféremment,ADV
individualité,NOUN,C1,beacco,8.2019,0.1444,0.0,0.0,0.0,0.0,8.2019,0.0,0.1444,0.0,0.0,0.0,0.0,4.139,0.0,0.0975,C1,word_pos,individualité,N,individualité,NOM
informationnel,ADJ,C1,beacco,8.2019,0.1444,0.0,0.0,0.0,0.0,8.2019,0.0,0.1444,0.0,0.0,0.0,0.0,4.139,0.0,0.0975,C1,word_pos,informationnel,A,informationnel,ADJ
insatisfaction,NOUN,C1,beacco,8.2019,0.1444,0.0,0.0,0.0,0.0,8.2019,0.0,0.1444,0.0,0.0,0.0,0.0,4.139,0.0,0.0975,C1,word_pos,insatisfaction,N,insatisfaction,NOM
intelligibilité,NOUN,C1,beacco,8.2019,0.1444,0.0,0.0,0.0,0.0,8.2019,0.0,0.1444,0.0,0.0,0.0,0.0,4.139,0.0,0.0975,C1,word_pos,intelligibilité,N,intelligibilité,NOM
interdépendant,ADJ,C1,beacco,8.2019,0.1444,0.0,0.0,0.0,0.0,8.2019,0.0,0.1444,0.0,0.0,0.0,0.0,4.139,0.0,0.0975,C1,word_pos,interdépendant,A,interdépendant,ADJ
jusque au nomadisme de,PREP,C1,crf_first_attested,8.2019,0.1444,0.0,0.0,0.0,0.0,8.2019,0.0,0.1444,,,,,,,,,crf_only,jusque au nomadisme de,PREP,,
macdonaldisation,NOUN,C1,crf_first_attested,8.2019,0.1444,0.0,0.0,0.0,0.0,8.2019,0.0,0.1444,,,,,,,,,crf_only,macdonaldisation,N,,
mondialiser,VERB,C1,beacco,8.2019,0.1444,0.0,0.0,0.0,0.0,8.2019,0.0,0.1444,0.0,0.0,0.0,0.0,4.139,0.0,0.0975,C1,word_pos,mondialiser,V,mondialiser,VER
morosité,NOUN,C1,beacco,8.2019,0.1444,0.0,0.0,0.0,0.0,8.2019,0.0,0.1444,0.0,0.0,0.0,0.0,4.139,0.0,0.0975,C1,word_pos,morosité,N,morosité,NOM
mouver,VERB,C1,beacco,8.2019,0.1444,0.0,0.0,0.0,0.0,8.2019,0.0,0.1444,0.0,0.0,0.0,0.0,4.139,0.0,0.0975,C1,word_pos,mouver,V,mouver,VER
métaphore,NOUN,C1,beacco,8.2019,0.1444,0.0,0.0,0.0,0.0,8.2019,0.0,0.1444,0.0,0.0,0.0,0.0,4.139,0.0,0.0975,C1,word_pos,métaphore,N,métaphore,NOM
nante,ADJ,C1,crf_first_attested,8.2019,0.1444,0.0,0.0,0.0,0.0,8.2019,0.0,0.1444,,,,,,,,,crf_only,nante,A,,
occidentalisation,NOUN,C1,beacco,8.2019,0.1444,0.0,0.0,0.0,0.0,8.2019,0.0,0.1444,0.0,0.0,0.0,0.0,4.139,0.0,0.0975,C1,word_pos,occidentalisation,N,occidentalisation,NOM
océanographe,NOUN,C1,beacco,8.2019,0.1444,0.0,0.0,0.0,0.0,8.2019,0.0,0.1444,0.0,0.0,0.0,0.0,8.2781,0.0,0.1951,C1,word_pos,océanographe,N,océanographe,NOM
par le bas,ADV,C1,crf_first_attested,8.2019,0.1444,0.0,0.0,0.0,0.0,8.2019,0.0,0.1444,,,,,,,,,crf_only,par le bas,ADV,,
paradigme,NOUN,C1,beacco,8.2019,0.1444,0.0,0.0,0.0,0.0,8.2019,0.0,0.1444,0.0,0.0,0.0,0.0,4.139,0.0,0.0975,C1,word_pos,paradigme,N,paradigme,NOM
pictural,ADJ,C1,beacco,8.2019,0.1444,0.0,0.0,0.0,0.0,8.2019,0.0,0.1444,0.0,0.0,0.0,0.0,4.139,0.0,0.0975,C1,word_pos,pictural,A,pictural,ADJ
pressentir,VERB,C1,beacco,8.2019,0.1444,0.0,0.0,0.0,0.0,8.2019,0.0,0.1444,0.0,0.0,0.0,0.0,4.139,0.0,0.0975,C1,word_pos,pressentir,V,pressentir,VER
purgatoire,NOUN,C1,beacco,8.2019,0.1444,0.0,0.0,0.0,0.0,8.2019,0.0,0.1444,0.0,0.0,0.0,0.0,4.139,0.0,0.0975,C1,word_pos,purgatoire,N,purgatoire,NOM
qualificatif,ADJ,C1,beacco,8.2019,0.1444,0.0,0.0,0.0,0.0,8.2019,0.0,0.1444,0.0,0.0,0.0,0.0,4.139,0.0,0.0975,C1,unique_word,qualificatif,A,qualificatif,NOM
rale,ADJ,C1,crf_first_attested,8.2019,0.1444,0.0,0.0,0.0,0.0,8.2019,0.0,0.1444,,,,,,,,,crf_only,rale,A,,
relecture,NOUN,C1,beacco,8.2019,0.1444,0.0,0.0,0.0,0.0,8.2019,0.0,0.1444,0.0,0.0,0.0,0.0,4.139,0.0,0.0975,C1,word_pos,relecture,N,relecture,NOM
retransmettre,VERB,C1,beacco,8.2019,0.1444,0.0,0.0,0.0,0.0,8.2019,0.0,0.1444,0.0,0.0,0.0,0.0,4.139,0.0,0.0975,C1,word_pos,retransmettre,V,retransmettre,VER
social a priori,ADJ,C1,crf_first_attested,8.2019,0.1444,0.0,0.0,0.0,0.0,8.2019,0.0,0.1444,,,,,,,,,crf_only,social a priori,A,,
structural,ADJ,C1,beacco,8.2019,0.1444,0.0,0.0,0.0,0.0,8.2019,0.0,0.1444,0.0,0.0,0.0,0.0,4.139,0.0,0.0975,C1,word_pos,structural,A,structural,ADJ
stéréotypé,ADJ,C1,crf_first_attested,8.2019,0.1444,0.0,0.0,0.0,0.0,8.2019,0.0,0.1444,,,,,,,,,crf_only,stéréotypé,A,,
succédées,VERB,C1,crf_first_attested,8.2019,0.1444,0.0,0.0,0.0,0.0,8.2019,0.0,0.1444,,,,,,,,,crf_only,succédées,V,,
survol,NOUN,C1,beacco,8.2019,0.1444,0.0,0.0,0.0,0.0,8.2019,0.0,0.1444,0.0,0.0,0.0,0.0,4.139,0.0,0.0975,C1,word_pos,survol,N,survol,NOM
sémiologie,NOUN,C1,beacco,8.2019,0.1444,0.0,0.0,0.0,0.0,8.2019,0.0,0.1444,0.0,0.0,0.0,0.0,4.139,0.0,0.0975,C1,word_pos,sémiologie,N,sémiologie,NOM
tonique,ADJ,C1,beacco,8.2019,0.1444,0.0,0.0,0.0,0.0,8.2019,0.0,0.1444,0.0,0.0,0.0,0.0,4.139,0.0,0.0975,C1,word_pos,tonique,A,tonique,ADJ
trophique,ADJ,C1,beacco,8.2019,0.1444,0.0,0.0,0.0,0.0,8.2019,0.0,0.1444,0.0,0.0,0.0,0.0,8.2781,0.0,0.1951,C1,word_pos,trophique,A,trophique,ADJ
à bon droit,ADV,C1,crf_first_attested,8.2019,0.1444,0.0,0.0,0.0,0.0,8.2019,0.0,0.1444,,,,,,,,,crf_only,à bon droit,ADV,,
à cet égard,ADV,C1,crf_first_attested,8.2019,0.1444,0.0,0.0,0.0,0.0,8.2019,0.0,0.1444,,,,,,,,,crf_only,à cet égard,ADV,,
à mieux,ADV,C1,crf_first_attested,8.2019,0.1444,0.0,0.0,0.0,0.0,8.2019,0.0,0.1444,,,,,,,,,crf_only,à mieux,ADV,,
éco,X,C1,crf_first_attested,8.2019,0.1444,0.0,0.0,0.0,0.0,8.2019,0.0,0.1444,,,,,,,,,crf_only,éco,X,,
étonnamment,ADV,C1,beacco,8.2019,0.1444,0.0,0.0,0.0,0.0,8.2019,0.0,0.1444,0.0,0.0,0.0,0.0,4.139,0.0,0.0975,C1,word_pos,étonnamment,ADV,étonnamment,ADV
éveillé,ADJ,C1,crf_first_attested,8.2019,0.1444,0.0,0.0,0.0,0.0,8.2019,0.0,0.1444,,,,,,,,,crf_only,éveillé,A,,
visser,VERB,C1,beacco,8.021,1.0979,0.0,0.0,0.4732,0.0,8.021,0.0,1.0979,0.0,0.0,0.0,0.0,3.4423,0.0,0.0657,C1,word_pos,visser,V,visser,VER
anecdotique,ADJ,C1,beacco,8.021,0.1663,0.0,0.0,0.0,0.0,8.021,0.0,0.1663,0.0,0.0,0.0,0.0,3.4423,0.0,0.0657,C1,word_pos,anecdotique,A,anecdotique,ADJ
appelé,NOUN,C1,beacco,8.021,0.1663,0.0,0.0,0.0,0.0,8.021,0.0,0.1663,0.0,0.0,0.0,0.0,3.4423,0.0,0.0657,C1,word_pos,appelé,N,appelé,NOM
asservissement,NOUN,C1,beacco,8.021,0.1663,0.0,0.0,0.0,0.0,8.021,0.0,0.1663,0.0,0.0,0.0,0.0,3.4423,0.0,0.0657,C1,word_pos,asservissement,N,asservissement,NOM
cigarettier,NOUN,C1,crf_first_attested,8.021,0.1663,0.0,0.0,0.0,0.0,8.021,0.0,0.1663,,,,,,,,,crf_only,cigarettier,N,,
comportemental,ADJ,C1,beacco,8.021,0.1663,0.0,0.0,0.0,0.0,8.021,0.0,0.1663,0.0,0.0,0.0,0.0,3.4423,0.0,0.0657,C1,word_pos,comportemental,A,comportemental,ADJ
consentant,ADJ,C1,beacco,8.021,0.1663,0.0,0.0,0.0,0.0,8.021,0.0,0.1663,0.0,0.0,0.0,0.0,3.4423,0.0,0.0657,C1,word_pos,consentant,A,consentant,ADJ
contagiosité,NOUN,C1,beacco,8.021,0.1663,0.0,0.0,0.0,0.0,8.021,0.0,0.1663,0.0,0.0,0.0,0.0,3.4423,0.0,0.0657,C1,word_pos,contagiosité,N,contagiosité,NOM
contempteur,NOUN,C1,beacco,8.021,0.1663,0.0,0.0,0.0,0.0,8.021,0.0,0.1663,0.0,0.0,0.0,0.0,3.4423,0.0,0.0657,C1,word_pos,contempteur,N,contempteur,NOM
empathie,NOUN,C1,beacco,8.021,0.1663,0.0,0.0,0.0,0.0,8.021,0.0,0.1663,0.0,0.0,0.0,0.0,3.4423,0.0,0.0657,C1,word_pos,empathie,N,empathie,NOM
empathique,ADJ,C1,beacco,8.021,0.1663,0.0,0.0,0.0,0.0,8.021,0.0,0.1663,0.0,0.0,0.0,0.0,3.4423,0.0,0.0657,C1,word_pos,empathique,A,empathique,ADJ
gauloise,NOUN,C1,crf_first_attested,8.021,0.1663,0.0,0.0,0.0,0.0,8.021,0.0,0.1663,,,,,,,,,crf_only,gauloise,N,,
hygiénisme,NOUN,C1,beacco,8.021,0.1663,0.0,0.0,0.0,0.0,8.021,0.0,0.1663,0.0,0.0,0.0,0.0,3.4423,0.0,0.0657,C1,word_pos,hygiénisme,N,hygiénisme,NOM
internement,NOUN,C1,beacco,8.021,0.1663,0.0,0.0,0.0,0.0,8.021,0.0,0.1663,0.0,0.0,0.0,0.0,3.4423,0.0,0.0657,C1,word_pos,internement,N,internement,NOM
martien,ADJ,C1,beacco,8.021,0.1663,0.0,0.0,0.0,0.0,8.021,0.0,0.1663,0.0,0.0,0.0,0.0,10.3269,0.0,0.1972,C1,word_pos,martien,A,martien,ADJ
mimétisme,NOUN,C1,beacco,8.021,0.1663,0.0,0.0,0.0,0.0,8.021,0.0,0.1663,0.0,0.0,0.0,0.0,3.4423,0.0,0.0657,C1,word_pos,mimétisme,N,mimétisme,NOM
prohibition,NOUN,C1,beacco,8.021,0.1663,0.0,0.0,0.0,0.0,8.021,0.0,0.1663,0.0,0.0,0.0,0.0,3.4423,0.0,0.0657,C1,word_pos,prohibition,N,prohibition,NOM
précocement,ADV,C1,beacco,8.021,0.1663,0.0,0.0,0.0,0.0,8.021,0.0,0.1663,0.0,0.0,0.0,0.0,3.4423,0.0,0.0657,C1,word_pos,précocement,ADV,précocement,ADV
ronchon,NOUN,C1,beacco,8.021,0.1663,0.0,0.0,0.0,0.0,8.021,0.0,0.1663,0.0,0.0,0.0,0.0,3.4423,0.0,0.0657,C1,word_pos,ronchon,N,ronchon,NOM
synonyme,NOUN,C1,beacco,8.021,0.1663,0.0,0.0,0.0,0.0,8.021,0.0,0.1663,0.0,0.0,0.0,0.0,3.4423,0.0,0.0657,C1,word_pos,synonyme,N,synonyme,NOM
tabacologue,NOUN,C1,crf_first_attested,8.021,0.1663,0.0,0.0,0.0,0.0,8.021,0.0,0.1663,,,,,,,,,crf_only,tabacologue,N,,
taffe,NOUN,C1,crf_first_attested,8.021,0.1663,0.0,0.0,0.0,0.0,8.021,0.0,0.1663,,,,,,,,,crf_only,taffe,N,,
tantinet,NOUN,C1,beacco,8.021,0.1663,0.0,0.0,0.0,0.0,8.021,0.0,0.1663,0.0,0.0,0.0,0.0,3.4423,0.0,0.0657,C1,word_pos,tantinet,N,tantinet,NOM
tromperie,NOUN,C1,beacco,8.021,0.1663,0.0,0.0,0.0,0.0,8.021,0.0,0.1663,0.0,0.0,0.0,0.0,3.4423,0.0,0.0657,C1,word_pos,tromperie,N,tromperie,NOM
volute,NOUN,C1,beacco,8.021,0.1663,0.0,0.0,0.0,0.0,8.021,0.0,0.1663,0.0,0.0,0.0,0.0,3.4423,0.0,0.0657,C1,word_pos,volute,N,volute,NOM
à ce point que,CONJ,C1,crf_first_attested,8.021,0.1663,0.0,0.0,0.0,0.0,8.021,0.0,0.1663,,,,,,,,,crf_only,à ce point que,CONJS,,
éditorial,NOUN,C1,beacco,8.021,0.1663,0.0,0.0,0.0,0.0,8.021,0.0,0.1663,0.0,0.0,0.0,0.0,4.139,0.0,0.0975,C1,word_pos,éditorial,N,éditorial,NOM
remiser,VERB,C1,beacco,6.4168,7.0374,0.3158,0.0,10.9741,6.9548,6.4168,0.0,7.0374,0.0,0.0,0.5857,0.0,0.0,0.0,0.0544,C1,word_pos,remiser,V,remiser,VER
doctors,ADJ,C1,crf_first_attested,6.4168,1.4881,0.0,0.0,0.0,0.0,6.4168,48.1138,1.4881,,,,,,,,,crf_only,doctors,A,,
dormeur,NOUN,C1,beacco,6.4168,0.6796,0.0,0.0,0.2366,0.0,6.4168,0.0,0.6796,0.0,0.0,0.0,0.0,3.4423,0.0,0.0657,C1,word_pos,dormeur,N,dormeur,NOM
apple,ADJ,C1,crf_first_attested,6.4168,0.133,0.0,0.0,0.0,0.0,6.4168,0.0,0.133,,,,,,,,,crf_only,apple,A,,
aubertin,NOUN,C1,crf_first_attested,6.4168,0.133,0.0,0.0,0.0,0.0,6.4168,0.0,0.133,,,,,,,,,crf_only,aubertin,N,,
binaire,ADJ,C1,beacco,6.4168,0.133,0.0,0.0,0.0,0.0,6.4168,0.0,0.133,0.0,0.0,0.0,0.0,3.4423,0.0,0.0657,C1,unique_word,binaire,A,binaire,NOM
cadencer,VERB,C1,beacco,6.4168,0.133,0.0,0.0,0.0,0.0,6.4168,0.0,0.133,0.0,0.0,0.0,0.0,3.4423,0.0,0.0657,C1,word_pos,cadencer,V,cadencer,VER
calculer,NOUN,C1,crf_first_attested,6.4168,0.133,0.0,0.0,0.0,0.0,6.4168,0.0,0.133,,,,,,,,,crf_only,calculer,N,,
carillon,NOUN,C1,crf_first_attested,6.4168,0.133,0.0,0.0,0.0,0.0,6.4168,0.0,0.133,,,,,,,,,crf_only,carillon,N,,
cathédral,ADJ,C1,crf_first_attested,6.4168,0.133,0.0,0.0,0.0,0.0,6.4168,0.0,0.133,,,,,,,,,crf_only,cathédral,A,,
collage,NOUN,C1,beacco,6.4168,0.133,0.0,0.0,0.0,0.0,6.4168,0.0,0.133,0.0,0.0,0.0,0.0,3.4423,0.0,0.0657,C1,word_pos,collage,N,collage,NOM
donc moins,ADV,C1,crf_first_attested,6.4168,0.133,0.0,0.0,0.0,0.0,6.4168,0.0,0.133,,,,,,,,,crf_only,donc moins,ADV,,
décimal,ADJ,C1,beacco,6.4168,0.133,0.0,0.0,0.0,0.0,6.4168,0.0,0.133,0.0,0.0,0.0,0.0,3.4423,0.0,0.0657,C1,unique_word,décimal,A,décimal,NOM
encombrant,ADJ,C1,beacco,6.4168,0.133,0.0,0.0,0.0,0.0,6.4168,0.0,0.133,0.0,0.0,0.0,0.0,3.4423,0.0,0.0657,C1,word_pos,encombrant,A,encombrant,ADJ
espadrille,NOUN,C1,beacco,6.4168,0.133,0.0,0.0,0.0,0.0,6.4168,0.0,0.133,0.0,0.0,0.0,0.0,6.8846,0.0,0.1315,C1,word_pos,espadrille,N,espadrille,NOM
fourmilière,NOUN,C1,beacco,6.4168,0.133,0.0,0.0,0.0,0.0,6.4168,0.0,0.133,0.0,0.0,0.0,0.0,3.4423,0.0,0.0657,C1,word_pos,fourmilière,N,fourmilière,NOM
gravure,NOUN,C1,beacco,6.4168,0.133,0.0,0.0,0.0,0.0,6.4168,0.0,0.133,0.0,0.0,0.0,0.0,3.4423,0.0,0.0657,C1,word_pos,gravure,N,gravure,NOM
griot,NOUN,C1,beacco,6.4168,0.133,0.0,0.0,0.0,0.0,6.4168,0.0,0.133,0.0,0.0,0.0,0.0,6.8846,0.0,0.1315,C1,word_pos,griot,N,griot,NOM
gréco - latin,ADJ,C1,crf_first_attested,6.4168,0.133,0.0,0.0,0.0,0.0,6.4168,0.0,0.133,,,,,,,,,crf_only,gréco - latin,A,,
harpe,NOUN,C1,crf_first_attested,6.4168,0.133,0.0,0.0,0.0,0.0,6.4168,0.0,0.133,,,,,,,,,crf_only,harpe,N,,
inox,NOUN,C1,beacco,6.4168,0.133,0.0,0.0,0.0,0.0,6.4168,0.0,0.133,0.0,0.0,0.0,0.0,3.4423,0.0,0.0657,C1,unique_word,inox,N,inox,ADJ
insomnie,NOUN,C1,beacco,6.4168,0.133,0.0,0.0,0.0,0.0,6.4168,0.0,0.133,0.0,0.0,0.0,0.0,6.8846,0.0,0.1315,C1,word_pos,insomnie,N,insomnie,NOM
intel,NOUN,C1,crf_first_attested,6.4168,0.133,0.0,0.0,0.0,0.0,6.4168,0.0,0.133,,,,,,,,,crf_only,intel,N,,
mark,NOUN,C1,crf_first_attested,6.4168,0.133,0.0,0.0,0.0,0.0,6.4168,0.0,0.133,,,,,,,,,crf_only,mark,N,,
maître - verrier,NOUN,C1,crf_first_attested,6.4168,0.133,0.0,0.0,0.0,0.0,6.4168,0.0,0.133,,,,,,,,,crf_only,maître - verrier,N,,
mons,NOUN,C1,crf_first_attested,6.4168,0.133,0.0,0.0,0.0,0.0,6.4168,0.0,0.133,,,,,,,,,crf_only,mons,N,,
mémoires,NOUN,C1,crf_first_attested,6.4168,0.133,0.0,0.0,0.0,0.0,6.4168,0.0,0.133,,,,,,,,,crf_only,mémoires,N,,
méninges,NOUN,C1,crf_first_attested,6.4168,0.133,0.0,0.0,0.0,0.0,6.4168,0.0,0.133,,,,,,,,,crf_only,méninges,N,,
offusquer,VERB,C1,beacco,6.4168,0.133,0.0,0.0,0.0,0.0,6.4168,0.0,0.133,0.0,0.0,0.0,0.0,6.8846,0.0,0.1315,C1,word_pos,offusquer,V,offusquer,VER
perforé,ADJ,C1,crf_first_attested,6.4168,0.133,0.0,0.0,0.0,0.0,6.4168,0.0,0.133,,,,,,,,,crf_only,perforé,A,,
pomme,ADJ,C1,crf_first_attested,6.4168,0.133,0.0,0.0,0.0,0.0,6.4168,0.0,0.133,,,,,,,,,crf_only,pomme,A,,
poudrière,NOUN,C1,beacco,6.4168,0.133,0.0,0.0,0.0,0.0,6.4168,0.0,0.133,0.0,0.0,0.0,0.0,3.4423,0.0,0.0657,C1,word_pos,poudrière,N,poudrière,NOM
profanation,NOUN,C1,beacco,6.4168,0.133,0.0,0.0,0.0,0.0,6.4168,0.0,0.133,0.0,0.0,0.0,0.0,3.4423,0.0,0.0657,C1,word_pos,profanation,N,profanation,NOM
puisatier,NOUN,C1,beacco,6.4168,0.133,0.0,0.0,0.0,0.0,6.4168,0.0,0.133,0.0,0.0,0.0,0.0,3.4423,0.0,0.0657,C1,word_pos,puisatier,N,puisatier,NOM
roumain,NOUN,C1,beacco,6.4168,0.133,0.0,0.0,0.0,0.0,6.4168,0.0,0.133,0.0,0.0,0.0,0.0,3.4423,0.0,0.0657,C1,word_pos,roumain,N,roumain,NOM
sablage,NOUN,C1,beacco,6.4168,0.133,0.0,0.0,0.0,0.0,6.4168,0.0,0.133,0.0,0.0,0.0,0.0,3.4423,0.0,0.0657,C1,word_pos,sablage,N,sablage,NOM
scénographe,NOUN,C1,crf_first_attested,6.4168,0.133,0.0,0.0,0.0,0.0,6.4168,0.0,0.133,,,,,,,,,crf_only,scénographe,N,,
semi - global,ADJ,C1,crf_first_attested,6.4168,0.133,0.0,0.0,0.0,0.0,6.4168,0.0,0.133,,,,,,,,,crf_only,semi - global,A,,
sonde,NOUN,C1,beacco,6.4168,0.133,0.0,0.0,0.0,0.0,6.4168,0.0,0.133,0.0,0.0,0.0,0.0,6.8846,0.0,0.1315,C1,word_pos,sonde,N,sonde,NOM
sous l' impulsion de,PREP,C1,crf_first_attested,6.4168,0.133,0.0,0.0,0.0,0.0,6.4168,0.0,0.133,,,,,,,,,crf_only,sous l' impulsion de,PREP,,
séliste,NOUN,C1,crf_first_attested,6.4168,0.133,0.0,0.0,0.0,0.0,6.4168,0.0,0.133,,,,,,,,,crf_only,séliste,N,,
sélistes,NOUN,C1,crf_first_attested,6.4168,0.133,0.0,0.0,0.0,0.0,6.4168,0.0,0.133,,,,,,,,,crf_only,sélistes,N,,
verrier,NOUN,C1,beacco,6.4168,0.133,0.0,0.0,0.0,0.0,6.4168,0.0,0.133,0.0,0.0,0.0,0.0,3.4423,0.0,0.0657,C1,word_pos,verrier,N,verrier,NOM
assis,ADJ,C1,beacco,6.2023,7.3467,0.0,27.3481,0.4589,0.6707,6.2023,0.0,7.3467,0.0,0.0,0.0,0.0,6.0005,0.0,0.1431,C1,word_pos,assis,A,assis,ADJ
tendu,ADJ,C1,beacco,6.2023,2.4461,0.0,2.0673,1.8779,0.0,6.2023,0.0,2.4461,0.0,1.0679,0.0,0.0,0.0,0.0,0.0515,C1,word_pos,tendu,A,tendu,ADJ
contemplation,NOUN,C1,beacco,6.2023,1.073,0.0,0.5168,0.2366,0.0,6.2023,0.0,1.073,0.0,0.0,0.0,0.0,6.0005,0.0,0.1431,C1,word_pos,contemplation,N,contemplation,NOM
répercuter,VERB,C1,beacco,6.2023,0.7873,0.0,0.0,0.0,0.0,6.2023,38.491,0.7873,0.0,0.0,0.0,0.0,12.0009,19.328,0.4293,C1,word_pos,répercuter,V,répercuter,VER
ébauche,NOUN,C1,beacco,6.2023,0.7873,0.0,0.0,0.0,0.0,6.2023,38.491,0.7873,0.0,0.0,0.0,0.0,6.0005,19.328,0.2862,C1,word_pos,ébauche,N,ébauche,NOM
paon,NOUN,C1,beacco,6.2023,0.7144,0.0,0.0,0.6802,0.0,6.2023,0.0,0.7144,0.0,0.0,0.0,0.0,12.0009,0.0,0.2862,C1,word_pos,paon,N,paon,NOM
réhabiliter,VERB,C1,beacco,6.2023,0.626,0.0,0.0,0.0,2.1187,6.2023,0.0,0.626,0.0,0.0,0.0,0.0,6.0005,0.0,0.1431,C1,word_pos,réhabiliter,V,réhabiliter,VER
palette,NOUN,C1,beacco,6.2023,0.5602,0.0,0.0,0.0,0.0,6.2023,9.6228,0.5602,0.0,0.0,0.0,0.0,12.0009,19.328,0.4293,C1,word_pos,palette,N,palette,NOM
à ce jour,ADV,C1,crf_first_attested,6.2023,0.5602,0.0,0.0,0.0,0.0,6.2023,9.6228,0.5602,,,,,,,,,crf_only,à ce jour,ADV,,
homo,NOUN,C1,beacco,6.2023,0.4898,0.0,0.2117,0.0,0.0,6.2023,0.0,0.4898,0.0,0.0,0.0,0.0,6.0005,0.0,0.1431,C1,word_pos,homo,N,homo,NOM
attentionner,VERB,C1,beacco,6.2023,0.4762,0.4996,0.0,0.0,0.0,6.2023,0.0,0.4762,0.0,0.0,0.0,0.0,6.0005,0.0,0.1431,C1,word_pos,attentionner,V,attentionner,VER
rétrécir,VERB,C1,beacco,6.2023,0.4086,0.0,0.3918,0.0,0.0,6.2023,0.0,0.4086,0.0,0.1865,0.0,0.0,6.0005,0.0,0.3402,C1,word_pos,rétrécir,V,rétrécir,VER
ivoirien,ADJ,C1,beacco,6.2023,0.4034,0.0,0.0,0.2093,0.0,6.2023,0.0,0.4034,0.0,0.0,0.0,0.0,6.0005,0.0,0.1431,C1,word_pos,ivoirien,A,ivoirien,ADJ
festin,NOUN,C1,beacco,6.2023,0.3734,0.0,0.4304,0.0,0.0,6.2023,0.0,0.3734,0.0,0.3721,0.0,0.0,6.0005,0.0,0.3344,C1,word_pos,festin,N,festin,NOM
douzième,ADJ,C1,beacco,6.2023,0.3648,0.5304,0.0,0.0,0.0,6.2023,0.0,0.3648,0.4856,0.0,0.0,0.0,6.0005,0.0,0.3391,C1,word_pos,douzième,A,douzième,ADJ
inspecter,VERB,C1,beacco,6.2023,0.3549,0.0,0.0,0.0,0.6502,6.2023,0.0,0.3549,0.0,0.0,0.0,0.6774,6.0005,0.0,0.3366,C1,word_pos,inspecter,V,inspecter,VER
académisme et avant - garde,NOUN,C1,crf_first_attested,6.2023,0.1092,0.0,0.0,0.0,0.0,6.2023,0.0,0.1092,,,,,,,,,crf_only,académisme et avant - garde,N,,
adn,NOUN,C1,crf_first_attested,6.2023,0.1092,0.0,0.0,0.0,0.0,6.2023,0.0,0.1092,,,,,,,,,crf_only,adn,N,,
adultère,ADJ,C1,beacco,6.2023,0.1092,0.0,0.0,0.0,0.0,6.2023,0.0,0.1092,0.0,0.0,0.0,0.0,6.0005,0.0,0.1431,C1,word_pos,adultère,A,adultère,ADJ
agoniser,VERB,C1,beacco,6.2023,0.1092,0.0,0.0,0.0,0.0,6.2023,0.0,0.1092,0.0,0.0,0.0,0.0,6.0005,0.0,0.1431,C1,word_pos,agoniser,V,agoniser,VER
agro - industriel,ADJ,C1,crf_first_attested,6.2023,0.1092,0.0,0.0,0.0,0.0,6.2023,0.0,0.1092,,,,,,,,,crf_only,agro - industriel,A,,
agro - matériaux,NOUN,C1,crf_first_attested,6.2023,0.1092,0.0,0.0,0.0,0.0,6.2023,0.0,0.1092,,,,,,,,,crf_only,agro - matériaux,N,,
aguicheur,ADJ,C1,beacco,6.2023,0.1092,0.0,0.0,0.0,0.0,6.2023,0.0,0.1092,0.0,0.0,0.0,0.0,6.0005,0.0,0.1431,C1,word_pos,aguicheur,A,aguicheur,ADJ
ajout,NOUN,C1,beacco,6.2023,0.1092,0.0,0.0,0.0,0.0,6.2023,0.0,0.1092,0.0,0.0,0.0,0.0,6.0005,0.0,0.1431,C1,word_pos,ajout,N,ajout,NOM
alambic,NOUN,C1,beacco,6.2023,0.1092,0.0,0.0,0.0,0.0,6.2023,0.0,0.1092,0.0,0.0,0.0,0.0,12.0009,0.0,0.2862,C1,word_pos,alambic,N,alambic,NOM
amer,VERB,C1,crf_first_attested,6.2023,0.1092,0.0,0.0,0.0,0.0,6.2023,0.0,0.1092,,,,,,,,,crf_only,amer,V,,
antivectorielle,ADJ,C1,crf_first_attested,6.2023,0.1092,0.0,0.0,0.0,0.0,6.2023,0.0,0.1092,,,,,,,,,crf_only,antivectorielle,A,,
antiviral,NOUN,C1,beacco,6.2023,0.1092,0.0,0.0,0.0,0.0,6.2023,0.0,0.1092,0.0,0.0,0.0,0.0,6.0005,0.0,0.1431,C1,unique_word,antiviral,N,antiviral,ADJ
anus,NOUN,C1,beacco,6.2023,0.1092,0.0,0.0,0.0,0.0,6.2023,0.0,0.1092,0.0,0.0,0.0,0.0,6.0005,0.0,0.1431,C1,word_pos,anus,N,anus,NOM
arrachage,NOUN,C1,beacco,6.2023,0.1092,0.0,0.0,0.0,0.0,6.2023,0.0,0.1092,0.0,0.0,0.0,0.0,6.0005,0.0,0.1431,C1,word_pos,arrachage,N,arrachage,NOM
arrière - garde,NOUN,C1,crf_first_attested,6.2023,0.1092,0.0,0.0,0.0,0.0,6.2023,0.0,0.1092,,,,,,,,,crf_only,arrière - garde,N,,
articulaire,ADJ,C1,beacco,6.2023,0.1092,0.0,0.0,0.0,0.0,6.2023,0.0,0.1092,0.0,0.0,0.0,0.0,6.0005,0.0,0.1431,C1,word_pos,articulaire,A,articulaire,ADJ
au destin,ADV,C1,crf_first_attested,6.2023,0.1092,0.0,0.0,0.0,0.0,6.2023,0.0,0.1092,,,,,,,,,crf_only,au destin,ADV,,
autobiographie,NOUN,C1,beacco,6.2023,0.1092,0.0,0.0,0.0,0.0,6.2023,0.0,0.1092,0.0,0.0,0.0,0.0,6.0005,0.0,0.1431,C1,word_pos,autobiographie,N,autobiographie,NOM
autoédition,NOUN,C1,crf_first_attested,6.2023,0.1092,0.0,0.0,0.0,0.0,6.2023,0.0,0.1092,,,,,,,,,crf_only,autoédition,N,,
avidité,NOUN,C1,beacco,6.2023,0.1092,0.0,0.0,0.0,0.0,6.2023,0.0,0.1092,0.0,0.0,0.0,0.0,6.0005,0.0,0.1431,C1,word_pos,avidité,N,avidité,NOM
baguer,VERB,C1,beacco,6.2023,0.1092,0.0,0.0,0.0,0.0,6.2023,0.0,0.1092,0.0,0.0,0.0,0.0,6.0005,0.0,0.1431,C1,word_pos,baguer,V,baguer,VER
barricader,VERB,C1,beacco,6.2023,0.1092,0.0,0.0,0.0,0.0,6.2023,0.0,0.1092,0.0,0.0,0.0,0.0,6.0005,0.0,0.1431,C1,word_pos,barricader,V,barricader,VER
biodiesel,NOUN,C1,crf_first_attested,6.2023,0.1092,0.0,0.0,0.0,0.0,6.2023,0.0,0.1092,,,,,,,,,crf_only,biodiesel,N,,
bioéthanol,NOUN,C1,crf_first_attested,6.2023,0.1092,0.0,0.0,0.0,0.0,6.2023,0.0,0.1092,,,,,,,,,crf_only,bioéthanol,N,,
bitume,NOUN,C1,beacco,6.2023,0.1092,0.0,0.0,0.0,0.0,6.2023,0.0,0.1092,0.0,0.0,0.0,0.0,12.0009,0.0,0.2862,C1,word_pos,bitume,N,bitume,NOM
bouder,VERB,C1,beacco,6.2023,0.1092,0.0,0.0,0.0,0.0,6.2023,0.0,0.1092,0.0,0.0,0.0,0.0,6.0005,0.0,0.1431,C1,word_pos,bouder,V,bouder,VER
boudeur,ADJ,C1,beacco,6.2023,0.1092,0.0,0.0,0.0,0.0,6.2023,0.0,0.1092,0.0,0.0,0.0,0.0,6.0005,0.0,0.1431,C1,word_pos,boudeur,A,boudeur,ADJ
brailler,VERB,C1,beacco,6.2023,0.1092,0.0,0.0,0.0,0.0,6.2023,0.0,0.1092,0.0,0.0,0.0,0.0,6.0005,0.0,0.1431,C1,word_pos,brailler,V,brailler,VER
branlant,ADJ,C1,beacco,6.2023,0.1092,0.0,0.0,0.0,0.0,6.2023,0.0,0.1092,0.0,0.0,0.0,0.0,6.0005,0.0,0.1431,C1,word_pos,branlant,A,branlant,ADJ
braqueur,NOUN,C1,beacco,6.2023,0.1092,0.0,0.0,0.0,0.0,6.2023,0.0,0.1092,0.0,0.0,0.0,0.0,6.0005,0.0,0.1431,C1,word_pos,braqueur,N,braqueur,NOM
buller,VERB,C1,beacco,6.2023,0.1092,0.0,0.0,0.0,0.0,6.2023,0.0,0.1092,0.0,0.0,0.0,0.0,6.0005,0.0,0.1431,C1,word_pos,buller,V,buller,VER
bureaucrate,NOUN,C1,beacco,6.2023,0.1092,0.0,0.0,0.0,0.0,6.2023,0.0,0.1092,0.0,0.0,0.0,0.0,6.0005,0.0,0.1431,C1,word_pos,bureaucrate,N,bureaucrate,NOM
bâtonnet,NOUN,C1,beacco,6.2023,0.1092,0.0,0.0,0.0,0.0,6.2023,0.0,0.1092,0.0,0.0,0.0,0.0,6.0005,0.0,0.1431,C1,word_pos,bâtonnet,N,bâtonnet,NOM
bénédictin,NOUN,C1,beacco,6.2023,0.1092,0.0,0.0,0.0,0.0,6.2023,0.0,0.1092,0.0,0.0,0.0,0.0,6.0005,0.0,0.1431,C1,word_pos,bénédictin,N,bénédictin,NOM
cale,NOUN,C1,beacco,6.2023,0.1092,0.0,0.0,0.0,0.0,6.2023,0.0,0.1092,0.0,0.0,0.0,0.0,6.0005,0.0,0.1431,C1,word_pos,cale,N,cale,NOM
capitule,NOUN,C1,beacco,6.2023,0.1092,0.0,0.0,0.0,0.0,6.2023,0.0,0.1092,0.0,0.0,0.0,0.0,6.0005,0.0,0.1431,C1,word_pos,capitule,N,capitule,NOM
cargo,NOUN,C1,beacco,6.2023,0.1092,0.0,0.0,0.0,0.0,6.2023,0.0,0.1092,0.0,0.0,0.0,0.0,6.0005,0.0,0.1431,C1,word_pos,cargo,N,cargo,NOM
ceci dit,ADV,C1,crf_first_attested,6.2023,0.1092,0.0,0.0,0.0,0.0,6.2023,0.0,0.1092,,,,,,,,,crf_only,ceci dit,ADV,,
chantonner,VERB,C1,beacco,6.2023,0.1092,0.0,0.0,0.0,0.0,6.2023,0.0,0.1092,0.0,0.0,0.0,0.0,6.0005,0.0,0.1431,C1,word_pos,chantonner,V,chantonner,VER
chapon,NOUN,C1,beacco,6.2023,0.1092,0.0,0.0,0.0,0.0,6.2023,0.0,0.1092,0.0,0.0,0.0,0.0,6.0005,0.0,0.1431,C1,word_pos,chapon,N,chapon,NOM
chiffe,NOUN,C1,beacco,6.2023,0.1092,0.0,0.0,0.0,0.0,6.2023,0.0,0.1092,0.0,0.0,0.0,0.0,6.0005,0.0,0.1431,C1,word_pos,chiffe,N,chiffe,NOM
chikungunya,NOUN,C1,crf_first_attested,6.2023,0.1092,0.0,0.0,0.0,0.0,6.2023,0.0,0.1092,,,,,,,,,crf_only,chikungunya,N,,
cloisonner,VERB,C1,beacco,6.2023,0.1092,0.0,0.0,0.0,0.0,6.2023,0.0,0.1092,0.0,0.0,0.0,0.0,6.0005,0.0,0.1431,C1,word_pos,cloisonner,V,cloisonner,VER
clémence,NOUN,C1,beacco,6.2023,0.1092,0.0,0.0,0.0,0.0,6.2023,0.0,0.1092,0.0,0.0,0.0,0.0,6.0005,0.0,0.1431,C1,word_pos,clémence,N,clémence,NOM
communiant,NOUN,C1,beacco,6.2023,0.1092,0.0,0.0,0.0,0.0,6.2023,0.0,0.1092,0.0,0.0,0.0,0.0,6.0005,0.0,0.1431,C1,word_pos,communiant,N,communiant,NOM
communicable,ADJ,C1,beacco,6.2023,0.1092,0.0,0.0,0.0,0.0,6.2023,0.0,0.1092,0.0,0.0,0.0,0.0,6.0005,0.0,0.1431,C1,word_pos,communicable,A,communicable,ADJ
composter,VERB,C1,beacco,6.2023,0.1092,0.0,0.0,0.0,0.0,6.2023,0.0,0.1092,0.0,0.0,0.0,0.0,6.0005,0.0,0.1431,C1,word_pos,composter,V,composter,VER
concavité,NOUN,C1,beacco,6.2023,0.1092,0.0,0.0,0.0,0.0,6.2023,0.0,0.1092,0.0,0.0,0.0,0.0,6.0005,0.0,0.1431,C1,word_pos,concavité,N,concavité,NOM
concluant,ADJ,C1,beacco,6.2023,0.1092,0.0,0.0,0.0,0.0,6.2023,0.0,0.1092,0.0,0.0,0.0,0.0,6.0005,0.0,0.1431,C1,word_pos,concluant,A,concluant,ADJ
concorder,VERB,C1,beacco,6.2023,0.1092,0.0,0.0,0.0,0.0,6.2023,0.0,0.1092,0.0,0.0,0.0,0.0,6.0005,0.0,0.1431,C1,word_pos,concorder,V,concorder,VER
conditionnel,ADJ,C1,beacco,6.2023,0.1092,0.0,0.0,0.0,0.0,6.2023,0.0,0.1092,0.0,0.0,0.0,0.0,6.0005,0.0,0.1431,C1,word_pos,conditionnel,A,conditionnel,ADJ
congélation,NOUN,C1,beacco,6.2023,0.1092,0.0,0.0,0.0,0.0,6.2023,0.0,0.1092,0.0,0.0,0.0,0.0,6.0005,0.0,0.1431,C1,word_pos,congélation,N,congélation,NOM
contemplatif,ADJ,C1,beacco,6.2023,0.1092,0.0,0.0,0.0,0.0,6.2023,0.0,0.1092,0.0,0.0,0.0,0.0,6.0005,0.0,0.1431,C1,word_pos,contemplatif,A,contemplatif,ADJ
copyright,NOUN,C1,beacco,6.2023,0.1092,0.0,0.0,0.0,0.0,6.2023,0.0,0.1092,0.0,0.0,0.0,0.0,12.0009,0.0,0.2862,C1,word_pos,copyright,N,copyright,NOM
cosmétique,ADJ,C1,beacco,6.2023,0.1092,0.0,0.0,0.0,0.0,6.2023,0.0,0.1092,0.0,0.0,0.0,0.0,6.0005,0.0,0.1431,C1,word_pos,cosmétique,A,cosmétique,ADJ
cossu,ADJ,C1,beacco,6.2023,0.1092,0.0,0.0,0.0,0.0,6.2023,0.0,0.1092,0.0,0.0,0.0,0.0,6.0005,0.0,0.1431,C1,word_pos,cossu,A,cossu,ADJ
culbute,NOUN,C1,beacco,6.2023,0.1092,0.0,0.0,0.0,0.0,6.2023,0.0,0.1092,0.0,0.0,0.0,0.0,12.0009,0.0,0.2862,C1,word_pos,culbute,N,culbute,NOM
curare,NOUN,C1,beacco,6.2023,0.1092,0.0,0.0,0.0,0.0,6.2023,0.0,0.1092,0.0,0.0,0.0,0.0,6.0005,0.0,0.1431,C1,word_pos,curare,N,curare,NOM
cuve,NOUN,C1,beacco,6.2023,0.1092,0.0,0.0,0.0,0.0,6.2023,0.0,0.1092,0.0,0.0,0.0,0.0,12.0009,0.0,0.2862,C1,word_pos,cuve,N,cuve,NOM
cyniquement,ADV,C1,beacco,6.2023,0.1092,0.0,0.0,0.0,0.0,6.2023,0.0,0.1092,0.0,0.0,0.0,0.0,6.0005,0.0,0.1431,C1,word_pos,cyniquement,ADV,cyniquement,ADV
dans l' ensemble,ADV,C1,crf_first_attested,6.2023,0.1092,0.0,0.0,0.0,0.0,6.2023,0.0,0.1092,,,,,,,,,crf_only,dans l' ensemble,ADV,,
datation,NOUN,C1,beacco,6.2023,0.1092,0.0,0.0,0.0,0.0,6.2023,0.0,0.1092,0.0,0.0,0.0,0.0,12.0009,0.0,0.2862,C1,word_pos,datation,N,datation,NOM
de par,PREP,C1,crf_first_attested,6.2023,0.1092,0.0,0.0,0.0,0.0,6.2023,0.0,0.1092,,,,,,,,,crf_only,de par,PREP,,
demi - nudité,NOUN,C1,crf_first_attested,6.2023,0.1092,0.0,0.0,0.0,0.0,6.2023,0.0,0.1092,,,,,,,,,crf_only,demi - nudité,N,,
dengue,NOUN,C1,beacco,6.2023,0.1092,0.0,0.0,0.0,0.0,6.2023,0.0,0.1092,0.0,0.0,0.0,0.0,6.0005,0.0,0.1431,C1,word_pos,dengue,N,dengue,NOM
diariste,NOUN,C1,beacco,6.2023,0.1092,0.0,0.0,0.0,0.0,6.2023,0.0,0.1092,0.0,0.0,0.0,0.0,6.0005,0.0,0.1431,C1,word_pos,diariste,N,diariste,NOM
diesel,NOUN,C1,beacco,6.2023,0.1092,0.0,0.0,0.0,0.0,6.2023,0.0,0.1092,0.0,0.0,0.0,0.0,18.0014,0.0,0.4293,C1,word_pos,diesel,N,diesel,NOM
dinguer,VERB,C1,crf_first_attested,6.2023,0.1092,0.0,0.0,0.0,0.0,6.2023,0.0,0.1092,,,,,,,,,crf_only,dinguer,V,,
diurne,ADJ,C1,beacco,6.2023,0.1092,0.0,0.0,0.0,0.0,6.2023,0.0,0.1092,0.0,0.0,0.0,0.0,6.0005,0.0,0.1431,C1,word_pos,diurne,A,diurne,ADJ
dramatiquement,ADV,C1,beacco,6.2023,0.1092,0.0,0.0,0.0,0.0,6.2023,0.0,0.1092,0.0,0.0,0.0,0.0,6.0005,0.0,0.1431,C1,word_pos,dramatiquement,ADV,dramatiquement,ADV
découpe,NOUN,C1,beacco,6.2023,0.1092,0.0,0.0,0.0,0.0,6.2023,0.0,0.1092,0.0,0.0,0.0,0.0,6.0005,0.0,0.1431,C1,word_pos,découpe,N,découpe,NOM
déluge,NOUN,C1,beacco,6.2023,0.1092,0.0,0.0,0.0,0.0,6.2023,0.0,0.1092,0.0,0.0,0.0,0.0,12.0009,0.0,0.2862,C1,word_pos,déluge,N,déluge,NOM
dépister,VERB,C1,beacco,6.2023,0.1092,0.0,0.0,0.0,0.0,6.2023,0.0,0.1092,0.0,0.0,0.0,0.0,6.0005,0.0,0.1431,C1,word_pos,dépister,V,dépister,VER
déplorable,ADJ,C1,beacco,6.2023,0.1092,0.0,0.0,0.0,0.0,6.2023,0.0,0.1092,0.0,0.0,0.0,0.0,6.0005,0.0,0.1431,C1,word_pos,déplorable,A,déplorable,ADJ
désinfection,NOUN,C1,beacco,6.2023,0.1092,0.0,0.0,0.0,0.0,6.2023,0.0,0.1092,0.0,0.0,0.0,0.0,6.0005,0.0,0.1431,C1,word_pos,désinfection,N,désinfection,NOM
en l' état du,PREP,C1,crf_first_attested,6.2023,0.1092,0.0,0.0,0.0,0.0,6.2023,0.0,0.1092,,,,,,,,,crf_only,en l' état du,PREP,,
en moi de,PREP,C1,crf_first_attested,6.2023,0.1092,0.0,0.0,0.0,0.0,6.2023,0.0,0.1092,,,,,,,,,crf_only,en moi de,PREP,,
en pareil cas,ADV,C1,crf_first_attested,6.2023,0.1092,0.0,0.0,0.0,0.0,6.2023,0.0,0.1092,,,,,,,,,crf_only,en pareil cas,ADV,,
en parfait état,ADV,C1,crf_first_attested,6.2023,0.1092,0.0,0.0,0.0,0.0,6.2023,0.0,0.1092,,,,,,,,,crf_only,en parfait état,ADV,,
en rase campagne,ADV,C1,crf_first_attested,6.2023,0.1092,0.0,0.0,0.0,0.0,6.2023,0.0,0.1092,,,,,,,,,crf_only,en rase campagne,ADV,,
en service,ADV,C1,crf_first_attested,6.2023,0.1092,0.0,0.0,0.0,0.0,6.2023,0.0,0.1092,,,,,,,,,crf_only,en service,ADV,,
en tire de,PREP,C1,crf_first_attested,6.2023,0.1092,0.0,0.0,0.0,0.0,6.2023,0.0,0.1092,,,,,,,,,crf_only,en tire de,PREP,,
entomologiste,NOUN,C1,beacco,6.2023,0.1092,0.0,0.0,0.0,0.0,6.2023,0.0,0.1092,0.0,0.0,0.0,0.0,6.0005,0.0,0.1431,C1,word_pos,entomologiste,N,entomologiste,NOM
essorer,VERB,C1,beacco,6.2023,0.1092,0.0,0.0,0.0,0.0,6.2023,0.0,0.1092,0.0,0.0,0.0,0.0,6.0005,0.0,0.1431,C1,word_pos,essorer,V,essorer,VER
est - ouest,ADJ,C1,crf_first_attested,6.2023,0.1092,0.0,0.0,0.0,0.0,6.2023,0.0,0.1092,,,,,,,,,crf_only,est - ouest,A,,
eurasien,ADJ,C1,beacco,6.2023,0.1092,0.0,0.0,0.0,0.0,6.2023,0.0,0.1092,0.0,0.0,0.0,0.0,6.0005,0.0,0.1431,C1,word_pos,eurasien,A,eurasien,ADJ
exécutoire,ADJ,C1,beacco,6.2023,0.1092,0.0,0.0,0.0,0.0,6.2023,0.0,0.1092,0.0,0.0,0.0,0.0,6.0005,0.0,0.1431,C1,word_pos,exécutoire,A,exécutoire,ADJ
faisceaux,NOUN,C1,crf_first_attested,6.2023,0.1092,0.0,0.0,0.0,0.0,6.2023,0.0,0.1092,,,,,,,,,crf_only,faisceaux,N,,
farceur,NOUN,C1,beacco,6.2023,0.1092,0.0,0.0,0.0,0.0,6.2023,0.0,0.1092,0.0,0.0,0.0,0.0,6.0005,0.0,0.1431,C1,word_pos,farceur,N,farceur,NOM
fatalement,ADV,C1,beacco,6.2023,0.1092,0.0,0.0,0.0,0.0,6.2023,0.0,0.1092,0.0,0.0,0.0,0.0,6.0005,0.0,0.1431,C1,word_pos,fatalement,ADV,fatalement,ADV
flemmarder,VERB,C1,beacco,6.2023,0.1092,0.0,0.0,0.0,0.0,6.2023,0.0,0.1092,0.0,0.0,0.0,0.0,6.0005,0.0,0.1431,C1,word_pos,flemmarder,V,flemmarder,VER
foulque,NOUN,C1,beacco,6.2023,0.1092,0.0,0.0,0.0,0.0,6.2023,0.0,0.1092,0.0,0.0,0.0,0.0,6.0005,0.0,0.1431,C1,word_pos,foulque,N,foulque,NOM
fractionnement,NOUN,C1,beacco,6.2023,0.1092,0.0,0.0,0.0,0.0,6.2023,0.0,0.1092,0.0,0.0,0.0,0.0,6.0005,0.0,0.1431,C1,word_pos,fractionnement,N,fractionnement,NOM
friand,NOUN,C1,beacco,6.2023,0.1092,0.0,0.0,0.0,0.0,6.2023,0.0,0.1092,0.0,0.0,0.0,0.0,6.0005,0.0,0.1431,C1,word_pos,friand,N,friand,NOM
fulminer,VERB,C1,beacco,6.2023,0.1092,0.0,0.0,0.0,0.0,6.2023,0.0,0.1092,0.0,0.0,0.0,0.0,6.0005,0.0,0.1431,C1,word_pos,fulminer,V,fulminer,VER
fécal,ADJ,C1,beacco,6.2023,0.1092,0.0,0.0,0.0,0.0,6.2023,0.0,0.1092,0.0,0.0,0.0,0.0,6.0005,0.0,0.1431,C1,word_pos,fécal,A,fécal,ADJ
gravats,NOUN,C1,beacco,6.2023,0.1092,0.0,0.0,0.0,0.0,6.2023,0.0,0.1092,0.0,0.0,0.0,0.0,6.0005,0.0,0.1431,C1,word_pos,gravats,N,gravats,NOM
grégaire,ADJ,C1,beacco,6.2023,0.1092,0.0,0.0,0.0,0.0,6.2023,0.0,0.1092,0.0,0.0,0.0,0.0,6.0005,0.0,0.1431,C1,word_pos,grégaire,A,grégaire,ADJ
h5,ADJ,C1,crf_first_attested,6.2023,0.1092,0.0,0.0,0.0,0.0,6.2023,0.0,0.1092,,,,,,,,,crf_only,h5,A,,
haïtien,ADJ,C1,crf_first_attested,6.2023,0.1092,0.0,0.0,0.0,0.0,6.2023,0.0,0.1092,,,,,,,,,crf_only,haïtien,A,,
heurtoir,NOUN,C1,beacco,6.2023,0.1092,0.0,0.0,0.0,0.0,6.2023,0.0,0.1092,0.0,0.0,0.0,0.0,6.0005,0.0,0.1431,C1,word_pos,heurtoir,N,heurtoir,NOM
hic,NOUN,C1,beacco,6.2023,0.1092,0.0,0.0,0.0,0.0,6.2023,0.0,0.1092,0.0,0.0,0.0,0.0,6.0005,0.0,0.1431,C1,word_pos,hic,N,hic,NOM
humaniser,VERB,C1,beacco,6.2023,0.1092,0.0,0.0,0.0,0.0,6.2023,0.0,0.1092,0.0,0.0,0.0,0.0,6.0005,0.0,0.1431,C1,word_pos,humaniser,V,humaniser,VER
huppé,ADJ,C1,beacco,6.2023,0.1092,0.0,0.0,0.0,0.0,6.2023,0.0,0.1092,0.0,0.0,0.0,0.0,6.0005,0.0,0.1431,C1,word_pos,huppé,A,huppé,ADJ
hypnotique,NOUN,C1,crf_first_attested,6.2023,0.1092,0.0,0.0,0.0,0.0,6.2023,0.0,0.1092,,,,,,,,,crf_only,hypnotique,N,,
hypnotique,ADJ,C1,beacco,6.2023,0.1092,0.0,0.0,0.0,0.0,6.2023,0.0,0.1092,0.0,0.0,0.0,0.0,12.0009,0.0,0.2862,C1,word_pos,hypnotique,A,hypnotique,ADJ
inassouvi,ADJ,C1,beacco,6.2023,0.1092,0.0,0.0,0.0,0.0,6.2023,0.0,0.1092,0.0,0.0,0.0,0.0,6.0005,0.0,0.1431,C1,word_pos,inassouvi,A,inassouvi,ADJ
incendiaire,ADJ,C1,beacco,6.2023,0.1092,0.0,0.0,0.0,0.0,6.2023,0.0,0.1092,0.0,0.0,0.0,0.0,6.0005,0.0,0.1431,C1,word_pos,incendiaire,A,incendiaire,ADJ
incontrôlable,ADJ,C1,beacco,6.2023,0.1092,0.0,0.0,0.0,0.0,6.2023,0.0,0.1092,0.0,0.0,0.0,0.0,6.0005,0.0,0.1431,C1,word_pos,incontrôlable,A,incontrôlable,ADJ
indélicat,ADJ,C1,beacco,6.2023,0.1092,0.0,0.0,0.0,0.0,6.2023,0.0,0.1092,0.0,0.0,0.0,0.0,6.0005,0.0,0.1431,C1,word_pos,indélicat,A,indélicat,ADJ
inflammatoire,ADJ,C1,crf_first_attested,6.2023,0.1092,0.0,0.0,0.0,0.0,6.2023,0.0,0.1092,,,,,,,,,crf_only,inflammatoire,A,,
inoffensif,ADJ,C1,beacco,6.2023,0.1092,0.0,0.0,0.0,0.0,6.2023,0.0,0.1092,0.0,0.0,0.0,0.0,6.0005,0.0,0.1431,C1,word_pos,inoffensif,A,inoffensif,ADJ
interespèce,ADJ,C1,crf_first_attested,6.2023,0.1092,0.0,0.0,0.0,0.0,6.2023,0.0,0.1092,,,,,,,,,crf_only,interespèce,A,,
intégralement,ADV,C1,beacco,6.2023,0.1092,0.0,0.0,0.0,0.0,6.2023,0.0,0.1092,0.0,0.0,0.0,0.0,6.0005,0.0,0.1431,C1,word_pos,intégralement,ADV,intégralement,ADV
invendable,ADJ,C1,beacco,6.2023,0.1092,0.0,0.0,0.0,0.0,6.2023,0.0,0.1092,0.0,0.0,0.0,0.0,6.0005,0.0,0.1431,C1,word_pos,invendable,A,invendable,ADJ
ipsos,NOUN,C1,crf_first_attested,6.2023,0.1092,0.0,0.0,0.0,0.0,6.2023,0.0,0.1092,,,,,,,,,crf_only,ipsos,N,,
isotopique,ADJ,C1,beacco,6.2023,0.1092,0.0,0.0,0.0,0.0,6.2023,0.0,0.1092,0.0,0.0,0.0,0.0,6.0005,0.0,0.1431,C1,word_pos,isotopique,A,isotopique,ADJ
journalier,ADJ,C1,beacco,6.2023,0.1092,0.0,0.0,0.0,0.0,6.2023,0.0,0.1092,0.0,0.0,0.0,0.0,6.0005,0.0,0.1431,C1,word_pos,journalier,A,journalier,ADJ
jusque au jour où,PREP,C1,crf_first_attested,6.2023,0.1092,0.0,0.0,0.0,0.0,6.2023,0.0,0.1092,,,,,,,,,crf_only,jusque au jour où,PREP,,
laquer,VERB,C1,beacco,6.2023,0.1092,0.0,0.0,0.0,0.0,6.2023,0.0,0.1092,0.0,0.0,0.0,0.0,12.0009,0.0,0.2862,C1,word_pos,laquer,V,laquer,VER
larvaire,ADJ,C1,beacco,6.2023,0.1092,0.0,0.0,0.0,0.0,6.2023,0.0,0.1092,0.0,0.0,0.0,0.0,6.0005,0.0,0.1431,C1,word_pos,larvaire,A,larvaire,ADJ
lassitude,NOUN,C1,beacco,6.2023,0.1092,0.0,0.0,0.0,0.0,6.2023,0.0,0.1092,0.0,0.0,0.0,0.0,6.0005,0.0,0.1431,C1,word_pos,lassitude,N,lassitude,NOM
lingerie,NOUN,C1,beacco,6.2023,0.1092,0.0,0.0,0.0,0.0,6.2023,0.0,0.1092,0.0,0.0,0.0,0.0,6.0005,0.0,0.1431,C1,word_pos,lingerie,N,lingerie,NOM
localisation,NOUN,C1,beacco,6.2023,0.1092,0.0,0.0,0.0,0.0,6.2023,0.0,0.1092,0.0,0.0,0.0,0.0,6.0005,0.0,0.1431,C1,word_pos,localisation,N,localisation,NOM
lotion,NOUN,C1,beacco,6.2023,0.1092,0.0,0.0,0.0,0.0,6.2023,0.0,0.1092,0.0,0.0,0.0,0.0,6.0005,0.0,0.1431,C1,word_pos,lotion,N,lotion,NOM
lubrifiant,NOUN,C1,beacco,6.2023,0.1092,0.0,0.0,0.0,0.0,6.2023,0.0,0.1092,0.0,0.0,0.0,0.0,6.0005,0.0,0.1431,C1,word_pos,lubrifiant,N,lubrifiant,NOM
légitimante,ADJ,C1,crf_first_attested,6.2023,0.1092,0.0,0.0,0.0,0.0,6.2023,0.0,0.1092,,,,,,,,,crf_only,légitimante,A,,
létal,ADJ,C1,crf_first_attested,6.2023,0.1092,0.0,0.0,0.0,0.0,6.2023,0.0,0.1092,,,,,,,,,crf_only,létal,A,,
magnanimement,ADV,C1,beacco,6.2023,0.1092,0.0,0.0,0.0,0.0,6.2023,0.0,0.1092,0.0,0.0,0.0,0.0,6.0005,0.0,0.1431,C1,word_pos,magnanimement,ADV,magnanimement,ADV
marguerite,NOUN,C1,beacco,6.2023,0.1092,0.0,0.0,0.0,0.0,6.2023,0.0,0.1092,0.0,0.0,0.0,0.0,6.0005,0.0,0.1431,C1,word_pos,marguerite,N,marguerite,NOM
maîtrise de soi,NOUN,C1,crf_first_attested,6.2023,0.1092,0.0,0.0,0.0,0.0,6.2023,0.0,0.1092,,,,,,,,,crf_only,maîtrise de soi,N,,
microbiologiste,NOUN,C1,beacco,6.2023,0.1092,0.0,0.0,0.0,0.0,6.2023,0.0,0.1092,0.0,0.0,0.0,0.0,6.0005,0.0,0.1431,C1,word_pos,microbiologiste,N,microbiologiste,NOM
microseconde,NOUN,C1,beacco,6.2023,0.1092,0.0,0.0,0.0,0.0,6.2023,0.0,0.1092,0.0,0.0,0.0,0.0,6.0005,0.0,0.1431,C1,word_pos,microseconde,N,microseconde,NOM
milouin,NOUN,C1,beacco,6.2023,0.1092,0.0,0.0,0.0,0.0,6.2023,0.0,0.1092,0.0,0.0,0.0,0.0,6.0005,0.0,0.1431,C1,word_pos,milouin,N,milouin,NOM
miniature,ADJ,C1,beacco,6.2023,0.1092,0.0,0.0,0.0,0.0,6.2023,0.0,0.1092,0.0,0.0,0.0,0.0,6.0005,0.0,0.1431,C1,unique_word,miniature,A,miniature,NOM
misérabiliste,ADJ,C1,beacco,6.2023,0.1092,0.0,0.0,0.0,0.0,6.2023,0.0,0.1092,0.0,0.0,0.0,0.0,6.0005,0.0,0.1431,C1,word_pos,misérabiliste,A,misérabiliste,ADJ
mitoyen,ADJ,C1,beacco,6.2023,0.1092,0.0,0.0,0.0,0.0,6.2023,0.0,0.1092,0.0,0.0,0.0,0.0,6.0005,0.0,0.1431,C1,word_pos,mitoyen,A,mitoyen,ADJ
models,ADJ,C1,crf_first_attested,6.2023,0.1092,0.0,0.0,0.0,0.0,6.2023,0.0,0.1092,,,,,,,,,crf_only,models,A,,
modestement,ADV,C1,beacco,6.2023,0.1092,0.0,0.0,0.0,0.0,6.2023,0.0,0.1092,0.0,0.0,0.0,0.0,6.0005,0.0,0.1431,C1,word_pos,modestement,ADV,modestement,ADV
modèle,ADJ,C1,crf_first_attested,6.2023,0.1092,0.0,0.0,0.0,0.0,6.2023,0.0,0.1092,,,,,,,,,crf_only,modèle,A,,
moelle,NOUN,C1,beacco,6.2023,0.1092,0.0,0.0,0.0,0.0,6.2023,0.0,0.1092,0.0,0.0,0.0,0.0,6.0005,0.0,0.1431,C1,word_pos,moelle,N,moelle,NOM
morbide,ADJ,C1,beacco,6.2023,0.1092,0.0,0.0,0.0,0.0,6.2023,0.0,0.1092,0.0,0.0,0.0,0.0,6.0005,0.0,0.1431,C1,word_pos,morbide,A,morbide,ADJ
morne,ADJ,C1,beacco,6.2023,0.1092,0.0,0.0,0.0,0.0,6.2023,0.0,0.1092,0.0,0.0,0.0,0.0,6.0005,0.0,0.1431,C1,word_pos,morne,A,morne,ADJ
morphinique,ADJ,C1,beacco,6.2023,0.1092,0.0,0.0,0.0,0.0,6.2023,0.0,0.1092,0.0,0.0,0.0,0.0,6.0005,0.0,0.1431,C1,word_pos,morphinique,A,morphinique,ADJ
moteur,ADJ,C1,beacco,6.2023,0.1092,0.0,0.0,0.0,0.0,6.2023,0.0,0.1092,0.0,0.0,0.0,0.0,6.0005,0.0,0.1431,C1,word_pos,moteur,A,moteur,ADJ
muter,VERB,C1,beacco,6.2023,0.1092,0.0,0.0,0.0,0.0,6.2023,0.0,0.1092,0.0,0.0,0.0,0.0,6.0005,0.0,0.1431,C1,word_pos,muter,V,muter,VER
médicamenteux,ADJ,C1,beacco,6.2023,0.1092,0.0,0.0,0.0,0.0,6.2023,0.0,0.1092,0.0,0.0,0.0,0.0,6.0005,0.0,0.1431,C1,word_pos,médicamenteux,A,médicamenteux,ADJ
méditation,NOUN,C1,beacco,6.2023,0.1092,0.0,0.0,0.0,0.0,6.2023,0.0,0.1092,0.0,0.0,0.0,0.0,6.0005,0.0,0.1431,C1,word_pos,méditation,N,méditation,NOM
méthanol,NOUN,C1,beacco,6.2023,0.1092,0.0,0.0,0.0,0.0,6.2023,0.0,0.1092,0.0,0.0,0.0,0.0,12.0009,0.0,0.2862,C1,word_pos,méthanol,N,méthanol,NOM
napoléonien,ADJ,C1,beacco,6.2023,0.1092,0.0,0.0,0.0,0.0,6.2023,0.0,0.1092,0.0,0.0,0.0,0.0,12.0009,0.0,0.2862,C1,word_pos,napoléonien,A,napoléonien,ADJ
niais,ADJ,C1,beacco,6.2023,0.1092,0.0,0.0,0.0,0.0,6.2023,0.0,0.1092,0.0,0.0,0.0,0.0,6.0005,0.0,0.1431,C1,word_pos,niais,A,niais,ADJ
non - urgence,NOUN,C1,crf_first_attested,6.2023,0.1092,0.0,0.0,0.0,0.0,6.2023,0.0,0.1092,,,,,,,,,crf_only,non - urgence,N,,
nord - sud,ADJ,C1,crf_first_attested,6.2023,0.1092,0.0,0.0,0.0,0.0,6.2023,0.0,0.1092,,,,,,,,,crf_only,nord - sud,A,,
nuancé,ADJ,C1,crf_first_attested,6.2023,0.1092,0.0,0.0,0.0,0.0,6.2023,0.0,0.1092,,,,,,,,,crf_only,nuancé,A,,
oisiveté,NOUN,C1,beacco,6.2023,0.1092,0.0,0.0,0.0,0.0,6.2023,0.0,0.1092,0.0,0.0,0.0,0.0,6.0005,0.0,0.1431,C1,word_pos,oisiveté,N,oisiveté,NOM
opposé,NOUN,C1,crf_first_attested,6.2023,0.1092,0.0,0.0,0.0,0.0,6.2023,0.0,0.1092,,,,,,,,,crf_only,opposé,N,,
ornithologique,ADJ,C1,beacco,6.2023,0.1092,0.0,0.0,0.0,0.0,6.2023,0.0,0.1092,0.0,0.0,0.0,0.0,6.0005,0.0,0.1431,C1,word_pos,ornithologique,A,ornithologique,ADJ
ossement,NOUN,C1,beacco,6.2023,0.1092,0.0,0.0,0.0,0.0,6.2023,0.0,0.1092,0.0,0.0,0.0,0.0,12.0009,0.0,0.2862,C1,word_pos,ossement,N,ossement,NOM
oubliés,NOUN,C1,crf_first_attested,6.2023,0.1092,0.0,0.0,0.0,0.0,6.2023,0.0,0.1092,,,,,,,,,crf_only,oubliés,N,,
pallier,VERB,C1,beacco,6.2023,0.1092,0.0,0.0,0.0,0.0,6.2023,0.0,0.1092,0.0,0.0,0.0,0.0,6.0005,0.0,0.1431,C1,word_pos,pallier,V,pallier,VER
par bonheur,ADV,C1,crf_first_attested,6.2023,0.1092,0.0,0.0,0.0,0.0,6.2023,0.0,0.1092,,,,,,,,,crf_only,par bonheur,ADV,,
par surcroît,ADV,C1,crf_first_attested,6.2023,0.1092,0.0,0.0,0.0,0.0,6.2023,0.0,0.1092,,,,,,,,,crf_only,par surcroît,ADV,,
pie,ADJ,C1,beacco,6.2023,0.1092,0.0,0.0,0.0,0.0,6.2023,0.0,0.1092,0.0,0.0,0.0,0.0,6.0005,0.0,0.1431,C1,word_pos,pie,A,pie,ADJ
pistachier,NOUN,C1,beacco,6.2023,0.1092,0.0,0.0,0.0,0.0,6.2023,0.0,0.1092,0.0,0.0,0.0,0.0,12.0009,0.0,0.2862,C1,word_pos,pistachier,N,pistachier,NOM
plus que d' accord,ADV,C1,crf_first_attested,6.2023,0.1092,0.0,0.0,0.0,0.0,6.2023,0.0,0.1092,,,,,,,,,crf_only,plus que d' accord,ADV,,
probabilité,NOUN,C1,beacco,6.2023,0.1092,0.0,0.0,0.0,0.0,6.2023,0.0,0.1092,0.0,0.0,0.0,0.0,6.0005,0.0,0.1431,C1,word_pos,probabilité,N,probabilité,NOM
productif,ADJ,C1,beacco,6.2023,0.1092,0.0,0.0,0.0,0.0,6.2023,0.0,0.1092,0.0,0.0,0.0,0.0,6.0005,0.0,0.1431,C1,word_pos,productif,A,productif,ADJ
produire le long,VERB,C1,crf_first_attested,6.2023,0.1092,0.0,0.0,0.0,0.0,6.2023,0.0,0.1092,,,,,,,,,crf_only,produire le long,V,,
promiscuité,NOUN,C1,beacco,6.2023,0.1092,0.0,0.0,0.0,0.0,6.2023,0.0,0.1092,0.0,0.0,0.0,0.0,6.0005,0.0,0.1431,C1,word_pos,promiscuité,N,promiscuité,NOM
prédateur,ADJ,C1,beacco,6.2023,0.1092,0.0,0.0,0.0,0.0,6.2023,0.0,0.1092,0.0,0.0,0.0,0.0,6.0005,0.0,0.1431,C1,word_pos,prédateur,A,prédateur,ADJ
prétendument,ADV,C1,beacco,6.2023,0.1092,0.0,0.0,0.0,0.0,6.2023,0.0,0.1092,0.0,0.0,0.0,0.0,6.0005,0.0,0.1431,C1,word_pos,prétendument,ADV,prétendument,ADV
publicabilité,NOUN,C1,crf_first_attested,6.2023,0.1092,0.0,0.0,0.0,0.0,6.2023,0.0,0.1092,,,,,,,,,crf_only,publicabilité,N,,
pénitentiaire,ADJ,C1,beacco,6.2023,0.1092,0.0,0.0,0.0,0.0,6.2023,0.0,0.1092,0.0,0.0,0.0,0.0,6.0005,0.0,0.1431,C1,word_pos,pénitentiaire,A,pénitentiaire,ADJ
péridurale,NOUN,C1,crf_first_attested,6.2023,0.1092,0.0,0.0,0.0,0.0,6.2023,0.0,0.1092,,,,,,,,,crf_only,péridurale,N,,
pétale,NOUN,C1,beacco,6.2023,0.1092,0.0,0.0,0.0,0.0,6.2023,0.0,0.1092,0.0,0.0,0.0,0.0,12.0009,0.0,0.2862,C1,word_pos,pétale,N,pétale,NOM
pétrolier,NOUN,C1,beacco,6.2023,0.1092,0.0,0.0,0.0,0.0,6.2023,0.0,0.1092,0.0,0.0,0.0,0.0,12.0009,0.0,0.2862,C1,word_pos,pétrolier,N,pétrolier,NOM
ras - le - bol,NOUN,C1,crf_first_attested,6.2023,0.1092,0.0,0.0,0.0,0.0,6.2023,0.0,0.1092,,,,,,,,,crf_only,ras - le - bol,N,,
rebeller,VERB,C1,beacco,6.2023,0.1092,0.0,0.0,0.0,0.0,6.2023,0.0,0.1092,0.0,0.0,0.0,0.0,6.0005,0.0,0.1431,C1,word_pos,rebeller,V,rebeller,VER
reformer,VERB,C1,beacco,6.2023,0.1092,0.0,0.0,0.0,0.0,6.2023,0.0,0.1092,0.0,0.0,0.0,0.0,6.0005,0.0,0.1431,C1,word_pos,reformer,V,reformer,VER
revisiter,VERB,C1,beacco,6.2023,0.1092,0.0,0.0,0.0,0.0,6.2023,0.0,0.1092,0.0,0.0,0.0,0.0,6.0005,0.0,0.1431,C1,word_pos,revisiter,V,revisiter,VER
rincer,VERB,C1,beacco,6.2023,0.1092,0.0,0.0,0.0,0.0,6.2023,0.0,0.1092,0.0,0.0,0.0,0.0,6.0005,0.0,0.1431,C1,word_pos,rincer,V,rincer,VER
romano,NOUN,C1,beacco,6.2023,0.1092,0.0,0.0,0.0,0.0,6.2023,0.0,0.1092,0.0,0.0,0.0,0.0,6.0005,0.0,0.1431,C1,word_pos,romano,N,romano,NOM
rétribuer,VERB,C1,beacco,6.2023,0.1092,0.0,0.0,0.0,0.0,6.2023,0.0,0.1092,0.0,0.0,0.0,0.0,12.0009,0.0,0.2862,C1,word_pos,rétribuer,V,rétribuer,VER
réémergé,VERB,C1,crf_first_attested,6.2023,0.1092,0.0,0.0,0.0,0.0,6.2023,0.0,0.1092,,,,,,,,,crf_only,réémergé,V,,
rêvasser,VERB,C1,beacco,6.2023,0.1092,0.0,0.0,0.0,0.0,6.2023,0.0,0.1092,0.0,0.0,0.0,0.0,6.0005,0.0,0.1431,C1,word_pos,rêvasser,V,rêvasser,VER
sapiens,ADJ,C1,crf_first_attested,6.2023,0.1092,0.0,0.0,0.0,0.0,6.2023,0.0,0.1092,,,,,,,,,crf_only,sapiens,A,,
saturer,VERB,C1,beacco,6.2023,0.1092,0.0,0.0,0.0,0.0,6.2023,0.0,0.1092,0.0,0.0,0.0,0.0,6.0005,0.0,0.1431,C1,word_pos,saturer,V,saturer,VER
seizième,ADJ,C1,beacco,6.2023,0.1092,0.0,0.0,0.0,0.0,6.2023,0.0,0.1092,0.0,0.0,0.0,0.0,6.0005,0.0,0.1431,C1,unique_word,seizième,A,seizième,NOM
sensitif,ADJ,C1,beacco,6.2023,0.1092,0.0,0.0,0.0,0.0,6.2023,0.0,0.1092,0.0,0.0,0.0,0.0,6.0005,0.0,0.1431,C1,word_pos,sensitif,A,sensitif,ADJ
sensitivité,NOUN,C1,beacco,6.2023,0.1092,0.0,0.0,0.0,0.0,6.2023,0.0,0.1092,0.0,0.0,0.0,0.0,6.0005,0.0,0.1431,C1,word_pos,sensitivité,N,sensitivité,NOM
sente,NOUN,C1,beacco,6.2023,0.1092,0.0,0.0,0.0,0.0,6.2023,0.0,0.1092,0.0,0.0,0.0,0.0,6.0005,0.0,0.1431,C1,word_pos,sente,N,sente,NOM
smarts,ADJ,C1,crf_first_attested,6.2023,0.1092,0.0,0.0,0.0,0.0,6.2023,0.0,0.1092,,,,,,,,,crf_only,smarts,A,,
sordide,ADJ,C1,beacco,6.2023,0.1092,0.0,0.0,0.0,0.0,6.2023,0.0,0.1092,0.0,0.0,0.0,0.0,6.0005,0.0,0.1431,C1,word_pos,sordide,A,sordide,ADJ
spirituellement,ADV,C1,beacco,6.2023,0.1092,0.0,0.0,0.0,0.0,6.2023,0.0,0.1092,0.0,0.0,0.0,0.0,6.0005,0.0,0.1431,C1,word_pos,spirituellement,ADV,spirituellement,ADV
sporadique,ADJ,C1,beacco,6.2023,0.1092,0.0,0.0,0.0,0.0,6.2023,0.0,0.1092,0.0,0.0,0.0,0.0,6.0005,0.0,0.1431,C1,word_pos,sporadique,A,sporadique,ADJ
stagnant,ADJ,C1,beacco,6.2023,0.1092,0.0,0.0,0.0,0.0,6.2023,0.0,0.1092,0.0,0.0,0.0,0.0,6.0005,0.0,0.1431,C1,word_pos,stagnant,A,stagnant,ADJ
surcharge,NOUN,C1,beacco,6.2023,0.1092,0.0,0.0,0.0,0.0,6.2023,0.0,0.1092,0.0,0.0,0.0,0.0,6.0005,0.0,0.1431,C1,word_pos,surcharge,N,surcharge,NOM
sélectionné,NOUN,C1,crf_first_attested,6.2023,0.1092,0.0,0.0,0.0,0.0,6.2023,0.0,0.1092,,,,,,,,,crf_only,sélectionné,N,,
sérénade,NOUN,C1,beacco,6.2023,0.1092,0.0,0.0,0.0,0.0,6.2023,0.0,0.1092,0.0,0.0,0.0,0.0,6.0005,0.0,0.1431,C1,word_pos,sérénade,N,sérénade,NOM
technocratique,ADJ,C1,beacco,6.2023,0.1092,0.0,0.0,0.0,0.0,6.2023,0.0,0.1092,0.0,0.0,0.0,0.0,6.0005,0.0,0.1431,C1,word_pos,technocratique,A,technocratique,ADJ
tenu,ADJ,C1,beacco,6.2023,0.1092,0.0,0.0,0.0,0.0,6.2023,0.0,0.1092,0.0,0.0,0.438,0.0,0.0,0.0,0.0652,C1,word_pos,tenu,A,tenu,ADJ
tige,NOUN,C1,beacco,6.2023,0.1092,0.0,0.0,0.0,0.0,6.2023,0.0,0.1092,0.0,0.0,0.0,0.0,6.0005,0.0,0.1431,C1,word_pos,tige,N,tige,NOM
transmissions,NOUN,C1,crf_first_attested,6.2023,0.1092,0.0,0.0,0.0,0.0,6.2023,0.0,0.1092,,,,,,,,,crf_only,transmissions,N,,
trépider,VERB,C1,beacco,6.2023,0.1092,0.0,0.0,0.0,0.0,6.2023,0.0,0.1092,0.0,0.0,0.0,0.0,6.0005,0.0,0.1431,C1,word_pos,trépider,V,trépider,VER
tsunamigéniques,ADJ,C1,crf_first_attested,6.2023,0.1092,0.0,0.0,0.0,0.0,6.2023,0.0,0.1092,,,,,,,,,crf_only,tsunamigéniques,A,,
uniformité,NOUN,C1,beacco,6.2023,0.1092,0.0,0.0,0.0,0.0,6.2023,0.0,0.1092,0.0,0.0,0.0,0.0,6.0005,0.0,0.1431,C1,word_pos,uniformité,N,uniformité,NOM
usurpation,NOUN,C1,beacco,6.2023,0.1092,0.0,0.0,0.0,0.0,6.2023,0.0,0.1092,0.0,0.0,0.0,0.0,6.0005,0.0,0.1431,C1,word_pos,usurpation,N,usurpation,NOM
utilisable,ADJ,C1,beacco,6.2023,0.1092,0.0,0.0,0.0,0.0,6.2023,0.0,0.1092,0.0,0.0,0.0,0.0,6.0005,0.0,0.1431,C1,word_pos,utilisable,A,utilisable,ADJ
variabilité,NOUN,C1,beacco,6.2023,0.1092,0.0,0.0,0.0,0.0,6.2023,0.0,0.1092,0.0,0.0,0.0,0.0,6.0005,0.0,0.1431,C1,word_pos,variabilité,N,variabilité,NOM
volatil,ADJ,C1,beacco,6.2023,0.1092,0.0,0.0,0.0,0.0,6.2023,0.0,0.1092,0.0,0.0,0.0,0.0,6.0005,0.0,0.1431,C1,word_pos,volatil,A,volatil,ADJ
voluptueusement,ADV,C1,beacco,6.2023,0.1092,0.0,0.0,0.0,0.0,6.2023,0.0,0.1092,0.0,0.0,0.0,0.0,6.0005,0.0,0.1431,C1,word_pos,voluptueusement,ADV,voluptueusement,ADV
voracité,NOUN,C1,beacco,6.2023,0.1092,0.0,0.0,0.0,0.0,6.2023,0.0,0.1092,0.0,0.0,0.0,0.0,6.0005,0.0,0.1431,C1,word_pos,voracité,N,voracité,NOM
vrombissement,NOUN,C1,beacco,6.2023,0.1092,0.0,0.0,0.0,0.0,6.2023,0.0,0.1092,0.0,0.0,0.0,0.0,6.0005,0.0,0.1431,C1,word_pos,vrombissement,N,vrombissement,NOM
webcamisé,NOUN,C1,crf_first_attested,6.2023,0.1092,0.0,0.0,0.0,0.0,6.2023,0.0,0.1092,,,,,,,,,crf_only,webcamisé,N,,
weekend,NOUN,C1,crf_first_attested,6.2023,0.1092,0.0,0.0,0.0,0.0,6.2023,0.0,0.1092,,,,,,,,,crf_only,weekend,N,,
à l' opposé de,PREP,C1,crf_first_attested,6.2023,0.1092,0.0,0.0,0.0,0.0,6.2023,0.0,0.1092,,,,,,,,,crf_only,à l' opposé de,PREP,,
à l' ordre du jour,ADV,C1,crf_first_attested,6.2023,0.1092,0.0,0.0,0.0,0.0,6.2023,0.0,0.1092,,,,,,,,,crf_only,à l' ordre du jour,ADV,,
à mort,PREP,C1,crf_first_attested,6.2023,0.1092,0.0,0.0,0.0,0.0,6.2023,0.0,0.1092,,,,,,,,,crf_only,à mort,PREP,,
à même de,PREP,C1,crf_first_attested,6.2023,0.1092,0.0,0.0,0.0,0.0,6.2023,0.0,0.1092,,,,,,,,,crf_only,à même de,PREP,,
à niveau,ADV,C1,crf_first_attested,6.2023,0.1092,0.0,0.0,0.0,0.0,6.2023,0.0,0.1092,,,,,,,,,crf_only,à niveau,ADV,,
ânonner,VERB,C1,beacco,6.2023,0.1092,0.0,0.0,0.0,0.0,6.2023,0.0,0.1092,0.0,0.0,0.0,0.0,6.0005,0.0,0.1431,C1,word_pos,ânonner,V,ânonner,VER
ébaucher,VERB,C1,beacco,6.2023,0.1092,0.0,0.0,0.0,0.0,6.2023,0.0,0.1092,0.0,0.0,0.0,0.0,6.0005,0.0,0.1431,C1,word_pos,ébaucher,V,ébaucher,VER
émancipé,ADJ,C1,crf_first_attested,6.2023,0.1092,0.0,0.0,0.0,0.0,6.2023,0.0,0.1092,,,,,,,,,crf_only,émancipé,A,,
émaner,VERB,C1,beacco,6.2023,0.1092,0.0,0.0,0.0,0.0,6.2023,0.0,0.1092,0.0,0.0,0.0,0.0,12.0009,0.0,0.2862,C1,word_pos,émaner,V,émaner,VER
épicentre,NOUN,C1,beacco,6.2023,0.1092,0.0,0.0,0.0,0.0,6.2023,0.0,0.1092,0.0,0.0,0.0,0.0,6.0005,0.0,0.1431,C1,word_pos,épicentre,N,épicentre,NOM
épidémique,ADJ,C1,beacco,6.2023,0.1092,0.0,0.0,0.0,0.0,6.2023,0.0,0.1092,0.0,0.0,0.0,0.0,6.0005,0.0,0.1431,C1,word_pos,épidémique,A,épidémique,ADJ
épinière,ADJ,C1,beacco,6.2023,0.1092,0.0,0.0,0.0,0.0,6.2023,0.0,0.1092,0.0,0.0,0.0,0.0,6.0005,0.0,0.1431,C1,word_pos,épinière,A,épinière,ADJ
érotisme,NOUN,C1,beacco,6.2023,0.1092,0.0,0.0,0.0,0.0,6.2023,0.0,0.1092,0.0,0.0,0.0,0.0,6.0005,0.0,0.1431,C1,word_pos,érotisme,N,érotisme,NOM
étrenner,VERB,C1,beacco,6.2023,0.1092,0.0,0.0,0.0,0.0,6.2023,0.0,0.1092,0.0,0.0,0.0,0.0,12.0009,0.0,0.2862,C1,word_pos,étrenner,V,étrenner,VER
à l' issue de,PREP,C1,crf_first_attested,6.1515,1.4428,0.0,0.0,0.0,0.0,6.1515,39.0192,1.4428,,,,,,,,,crf_only,à l' issue de,PREP,,
à condition que,CONJ,C1,crf_first_attested,6.1515,0.9334,0.0,0.0,0.0,0.0,6.1515,19.4814,0.9334,,,,,,,,,crf_only,à condition que,CONJS,,
interactivité,NOUN,C1,beacco,6.1515,0.6978,0.0,0.0,0.0,0.0,6.1515,6.4938,0.6978,0.0,0.0,0.0,0.0,4.139,12.833,0.1951,C1,word_pos,interactivité,N,interactivité,NOM
intégrant,ADJ,C1,beacco,6.1515,0.6978,0.0,0.0,0.0,0.0,6.1515,6.4938,0.6978,0.0,0.0,0.0,0.0,4.139,12.833,0.1951,C1,word_pos,intégrant,A,intégrant,ADJ
absorption,NOUN,C1,beacco,6.1515,0.1083,0.0,0.0,0.0,0.0,6.1515,0.0,0.1083,0.0,0.0,0.0,0.0,8.2781,0.0,0.1951,C1,word_pos,absorption,N,absorption,NOM
achoppement,NOUN,C1,beacco,6.1515,0.1083,0.0,0.0,0.0,0.0,6.1515,0.0,0.1083,0.0,0.0,0.0,0.0,4.139,0.0,0.0975,C1,word_pos,achoppement,N,achoppement,NOM
addict,NOUN,C1,crf_first_attested,6.1515,0.1083,0.0,0.0,0.0,0.0,6.1515,0.0,0.1083,,,,,,,,,crf_only,addict,N,,
aggravation,NOUN,C1,beacco,6.1515,0.1083,0.0,0.0,0.0,0.0,6.1515,0.0,0.1083,0.0,0.0,0.0,0.0,8.2781,0.0,0.1951,C1,word_pos,aggravation,N,aggravation,NOM
agronomie,NOUN,C1,beacco,6.1515,0.1083,0.0,0.0,0.0,0.0,6.1515,0.0,0.1083,0.0,0.0,0.0,0.0,4.139,0.0,0.0975,C1,word_pos,agronomie,N,agronomie,NOM
amazonien,ADJ,C1,beacco,6.1515,0.1083,0.0,0.0,0.0,0.0,6.1515,0.0,0.1083,0.0,0.0,0.0,0.0,12.4171,0.0,0.2926,C1,word_pos,amazonien,A,amazonien,ADJ
angine,NOUN,C1,beacco,6.1515,0.1083,0.0,0.0,0.0,0.0,6.1515,0.0,0.1083,0.0,0.0,0.0,0.0,12.4171,0.0,0.2926,C1,word_pos,angine,N,angine,NOM
brider,VERB,C1,beacco,6.1515,0.1083,0.0,0.0,0.0,0.0,6.1515,0.0,0.1083,0.0,0.0,0.0,0.0,4.139,0.0,0.0975,C1,word_pos,brider,V,brider,VER
carrelée de blanc,ADJ,C1,crf_first_attested,6.1515,0.1083,0.0,0.0,0.0,0.0,6.1515,0.0,0.1083,,,,,,,,,crf_only,carrelée de blanc,A,,
clarifier,VERB,C1,beacco,6.1515,0.1083,0.0,0.0,0.0,0.0,6.1515,0.0,0.1083,0.0,0.0,0.0,0.0,4.139,0.0,0.0975,C1,word_pos,clarifier,V,clarifier,VER
clinicien,ADJ,C1,beacco,6.1515,0.1083,0.0,0.0,0.0,0.0,6.1515,0.0,0.1083,0.0,0.0,0.0,0.0,4.139,0.0,0.0975,C1,word_pos,clinicien,A,clinicien,ADJ
communautarisation,NOUN,C1,beacco,6.1515,0.1083,0.0,0.0,0.0,0.0,6.1515,0.0,0.1083,0.0,0.0,0.0,0.0,4.139,0.0,0.0975,C1,word_pos,communautarisation,N,communautarisation,NOM
coqueluche,NOUN,C1,beacco,6.1515,0.1083,0.0,0.0,0.0,0.0,6.1515,0.0,0.1083,0.0,0.0,0.0,0.0,4.139,0.0,0.0975,C1,word_pos,coqueluche,N,coqueluche,NOM
cultuel,ADJ,C1,beacco,6.1515,0.1083,0.0,0.0,0.0,0.0,6.1515,0.0,0.1083,0.0,0.0,0.0,0.0,4.139,0.0,0.0975,C1,word_pos,cultuel,A,cultuel,ADJ
cyber,ADJ,C1,crf_first_attested,6.1515,0.1083,0.0,0.0,0.0,0.0,6.1515,0.0,0.1083,,,,,,,,,crf_only,cyber,A,,
diphtérie,NOUN,C1,beacco,6.1515,0.1083,0.0,0.0,0.0,0.0,6.1515,0.0,0.1083,0.0,0.0,0.0,0.0,4.139,0.0,0.0975,C1,word_pos,diphtérie,N,diphtérie,NOM
doléances,NOUN,C1,crf_first_attested,6.1515,0.1083,0.0,0.0,0.0,0.0,6.1515,0.0,0.1083,,,,,,,,,crf_only,doléances,N,,
dépendants,NOUN,C1,crf_first_attested,6.1515,0.1083,0.0,0.0,0.0,0.0,6.1515,0.0,0.1083,,,,,,,,,crf_only,dépendants,N,,
dépourvu,ADJ,C1,crf_first_attested,6.1515,0.1083,0.0,0.0,0.0,0.0,6.1515,0.0,0.1083,,,,,,,,,crf_only,dépourvu,A,,
désormais partie,ADV,C1,crf_first_attested,6.1515,0.1083,0.0,0.0,0.0,0.0,6.1515,0.0,0.1083,,,,,,,,,crf_only,désormais partie,ADV,,
en plénière,ADV,C1,crf_first_attested,6.1515,0.1083,0.0,0.0,0.0,0.0,6.1515,0.0,0.1083,,,,,,,,,crf_only,en plénière,ADV,,
engrenage,NOUN,C1,beacco,6.1515,0.1083,0.0,0.0,0.0,0.0,6.1515,0.0,0.1083,0.0,0.0,0.0,0.0,4.139,0.0,0.0975,C1,word_pos,engrenage,N,engrenage,NOM
envisageable,ADJ,C1,beacco,6.1515,0.1083,0.0,0.0,0.0,0.0,6.1515,0.0,0.1083,0.0,0.0,0.0,0.0,8.2781,0.0,0.1951,C1,word_pos,envisageable,A,envisageable,ADJ
excessif,NOUN,C1,crf_first_attested,6.1515,0.1083,0.0,0.0,0.0,0.0,6.1515,0.0,0.1083,,,,,,,,,crf_only,excessif,N,,
finalisé,ADJ,C1,beacco,6.1515,0.1083,0.0,0.0,0.0,0.0,6.1515,0.0,0.1083,0.0,0.0,0.0,0.0,4.139,0.0,0.0975,C1,word_pos,finalisé,A,finalisé,ADJ
hardiment,ADV,C1,beacco,6.1515,0.1083,0.0,0.0,0.0,0.0,6.1515,0.0,0.1083,0.0,0.0,0.0,0.0,4.139,0.0,0.0975,C1,word_pos,hardiment,ADV,hardiment,ADV
harmonisation,NOUN,C1,beacco,6.1515,0.1083,0.0,0.0,0.0,0.0,6.1515,0.0,0.1083,0.0,0.0,0.0,0.0,4.139,0.0,0.0975,C1,word_pos,harmonisation,N,harmonisation,NOM
hawaiien,ADJ,C1,crf_first_attested,6.1515,0.1083,0.0,0.0,0.0,0.0,6.1515,0.0,0.1083,,,,,,,,,crf_only,hawaiien,A,,
hospitalo - universitaire,NOUN,C1,crf_first_attested,6.1515,0.1083,0.0,0.0,0.0,0.0,6.1515,0.0,0.1083,,,,,,,,,crf_only,hospitalo - universitaire,N,,
iconoclaste,ADJ,C1,beacco,6.1515,0.1083,0.0,0.0,0.0,0.0,6.1515,0.0,0.1083,0.0,0.0,0.0,0.0,4.139,0.0,0.0975,C1,word_pos,iconoclaste,A,iconoclaste,ADJ
inapte,ADJ,C1,beacco,6.1515,0.1083,0.0,0.0,0.0,0.0,6.1515,0.0,0.1083,0.0,0.0,0.0,0.0,4.139,0.0,0.0975,C1,word_pos,inapte,A,inapte,ADJ
intègre,ADJ,C1,crf_first_attested,6.1515,0.1083,0.0,0.0,0.0,0.0,6.1515,0.0,0.1083,,,,,,,,,crf_only,intègre,A,,
linéaire,ADJ,C1,beacco,6.1515,0.1083,0.0,0.0,0.0,0.0,6.1515,0.0,0.1083,0.0,0.0,0.0,0.0,4.139,0.0,0.0975,C1,word_pos,linéaire,A,linéaire,ADJ
multijoueurs,NOUN,C1,crf_first_attested,6.1515,0.1083,0.0,0.0,0.0,0.0,6.1515,0.0,0.1083,,,,,,,,,crf_only,multijoueurs,N,,
méthodiquement,ADV,C1,beacco,6.1515,0.1083,0.0,0.0,0.0,0.0,6.1515,0.0,0.1083,0.0,0.0,0.0,0.0,4.139,0.0,0.0975,C1,word_pos,méthodiquement,ADV,méthodiquement,ADV
métis,ADJ,C1,beacco,6.1515,0.1083,0.0,0.0,0.0,0.0,6.1515,0.0,0.1083,0.0,0.0,0.0,0.0,4.139,0.0,0.0975,C1,word_pos,métis,A,métis,ADJ
neurotoxine,NOUN,C1,crf_first_attested,6.1515,0.1083,0.0,0.0,0.0,0.0,6.1515,0.0,0.1083,,,,,,,,,crf_only,neurotoxine,N,,
nomenclature,NOUN,C1,beacco,6.1515,0.1083,0.0,0.0,0.0,0.0,6.1515,0.0,0.1083,0.0,0.0,0.0,0.0,4.139,0.0,0.0975,C1,word_pos,nomenclature,N,nomenclature,NOM
pakistanais,ADJ,C1,beacco,6.1515,0.1083,0.0,0.0,0.0,0.0,6.1515,0.0,0.1083,0.0,0.0,0.0,0.0,4.139,0.0,0.0975,C1,word_pos,pakistanais,A,pakistanais,ADJ
parkinsonien,ADJ,C1,beacco,6.1515,0.1083,0.0,0.0,0.0,0.0,6.1515,0.0,0.1083,0.0,0.0,0.0,0.0,4.139,0.0,0.0975,C1,word_pos,parkinsonien,A,parkinsonien,ADJ
perpétrer,VERB,C1,beacco,6.1515,0.1083,0.0,0.0,0.0,0.0,6.1515,0.0,0.1083,0.0,0.0,0.0,0.0,4.139,0.0,0.0975,C1,word_pos,perpétrer,V,perpétrer,VER
pertinemment,ADV,C1,beacco,6.1515,0.1083,0.0,0.0,0.0,0.0,6.1515,0.0,0.1083,0.0,0.0,0.0,0.0,4.139,0.0,0.0975,C1,word_pos,pertinemment,ADV,pertinemment,ADV
pharmacorésistance,NOUN,C1,crf_first_attested,6.1515,0.1083,0.0,0.0,0.0,0.0,6.1515,0.0,0.1083,,,,,,,,,crf_only,pharmacorésistance,N,,
post - doctorant,NOUN,C1,crf_first_attested,6.1515,0.1083,0.0,0.0,0.0,0.0,6.1515,0.0,0.1083,,,,,,,,,crf_only,post - doctorant,N,,
prescrire,VERB,C1,beacco,6.1515,0.1083,0.0,0.0,0.0,0.0,6.1515,0.0,0.1083,0.0,0.0,0.0,0.0,12.4171,0.0,0.2926,C1,word_pos,prescrire,V,prescrire,VER
quadriennal,ADJ,C1,beacco,6.1515,0.1083,0.0,0.0,0.0,0.0,6.1515,0.0,0.1083,0.0,0.0,0.0,0.0,4.139,0.0,0.0975,C1,word_pos,quadriennal,A,quadriennal,ADJ
qualitatif,ADJ,C1,beacco,6.1515,0.1083,0.0,0.0,0.0,0.0,6.1515,0.0,0.1083,0.0,0.0,0.0,0.0,4.139,0.0,0.0975,C1,word_pos,qualitatif,A,qualitatif,ADJ
rattachement,NOUN,C1,beacco,6.1515,0.1083,0.0,0.0,0.0,0.0,6.1515,0.0,0.1083,0.0,0.0,0.0,0.0,4.139,0.0,0.0975,C1,word_pos,rattachement,N,rattachement,NOM
recensement,NOUN,C1,beacco,6.1515,0.1083,0.0,0.0,0.0,0.0,6.1515,0.0,0.1083,0.0,0.0,0.0,0.0,4.139,0.0,0.0975,C1,word_pos,recensement,N,recensement,NOM
reconnu,ADJ,C1,crf_first_attested,6.1515,0.1083,0.0,0.0,0.0,0.0,6.1515,0.0,0.1083,,,,,,,,,crf_only,reconnu,A,,
redistribuer,VERB,C1,beacco,6.1515,0.1083,0.0,0.0,0.0,0.0,6.1515,0.0,0.1083,0.0,0.0,0.0,0.0,4.139,0.0,0.0975,C1,word_pos,redistribuer,V,redistribuer,VER
remuant,ADJ,C1,beacco,6.1515,0.1083,0.0,0.0,0.0,0.0,6.1515,0.0,0.1083,0.0,0.0,0.0,0.0,4.139,0.0,0.0975,C1,word_pos,remuant,A,remuant,ADJ
repositionner,VERB,C1,crf_first_attested,6.1515,0.1083,0.0,0.0,0.0,0.0,6.1515,0.0,0.1083,,,,,,,,,crf_only,repositionner,V,,
rosser,VERB,C1,crf_first_attested,6.1515,0.1083,0.0,0.0,0.0,0.0,6.1515,0.0,0.1083,,,,,,,,,crf_only,rosser,V,,
sourciller,VERB,C1,beacco,6.1515,0.1083,0.0,0.0,0.0,0.0,6.1515,0.0,0.1083,0.0,0.0,0.0,0.0,4.139,0.0,0.0975,C1,word_pos,sourciller,V,sourciller,VER
sous la pression de,PREP,C1,crf_first_attested,6.1515,0.1083,0.0,0.0,0.0,0.0,6.1515,0.0,0.1083,,,,,,,,,crf_only,sous la pression de,PREP,,
subsidiarité,NOUN,C1,beacco,6.1515,0.1083,0.0,0.0,0.0,0.0,6.1515,0.0,0.1083,0.0,0.0,0.0,0.0,4.139,0.0,0.0975,C1,word_pos,subsidiarité,N,subsidiarité,NOM
sur le fond,ADV,C1,crf_first_attested,6.1515,0.1083,0.0,0.0,0.0,0.0,6.1515,0.0,0.1083,,,,,,,,,crf_only,sur le fond,ADV,,
thésard,NOUN,C1,beacco,6.1515,0.1083,0.0,0.0,0.0,0.0,6.1515,0.0,0.1083,0.0,0.0,0.0,0.0,4.139,0.0,0.0975,C1,word_pos,thésard,N,thésard,NOM
top,DET,C1,crf_first_attested,6.1515,0.1083,0.0,0.0,0.0,0.0,6.1515,0.0,0.1083,,,,,,,,,crf_only,top,DET,,
toxicomanie,NOUN,C1,beacco,6.1515,0.1083,0.0,0.0,0.0,0.0,6.1515,0.0,0.1083,0.0,0.0,0.0,0.0,4.139,0.0,0.0975,C1,word_pos,toxicomanie,N,toxicomanie,NOM
tétanos,NOUN,C1,beacco,6.1515,0.1083,0.0,0.0,0.0,0.0,6.1515,0.0,0.1083,0.0,0.0,0.0,0.0,4.139,0.0,0.0975,C1,word_pos,tétanos,N,tétanos,NOM
à la veille de,PREP,C1,crf_first_attested,6.1515,0.1083,0.0,0.0,0.0,0.0,6.1515,0.0,0.1083,,,,,,,,,crf_only,à la veille de,PREP,,
à vue à,PREP,C1,crf_first_attested,6.1515,0.1083,0.0,0.0,0.0,0.0,6.1515,0.0,0.1083,,,,,,,,,crf_only,à vue à,PREP,,
électroencéphalogramme,NOUN,C1,crf_first_attested,6.1515,0.1083,0.0,0.0,0.0,0.0,6.1515,0.0,0.1083,,,,,,,,,crf_only,électroencéphalogramme,N,,
émanciper,VERB,C1,beacco,6.1515,0.1083,0.0,0.0,0.0,0.0,6.1515,0.0,0.1083,0.0,0.0,0.0,0.0,6.0005,0.0,0.1431,C1,word_pos,émanciper,V,émanciper,VER
posteriori,ADV,C1,beacco,6.0005,0.2862,,,,,,,,0.0,0.0,0.0,0.0,6.0005,19.328,0.2862,C1,beacco_only,,,posteriori,ADV
quid,PRON,C1,beacco,6.0005,0.2862,,,,,,,,0.0,0.0,0.0,0.0,6.0005,19.328,0.2862,C1,beacco_only,,,quid,PRO
académisme,NOUN,C1,beacco,6.0005,0.1431,,,,,,,,0.0,0.0,0.0,0.0,6.0005,0.0,0.1431,C1,beacco_only,,,académisme,NOM
airbus,NOUN,C1,beacco,6.0005,0.1431,,,,,,,,0.0,0.0,0.0,0.0,6.0005,0.0,0.1431,C1,beacco_only,,,airbus,NOM
anti-inflammatoire,NOUN,C1,beacco,6.0005,0.1431,,,,,,,,0.0,0.0,0.0,0.0,6.0005,0.0,0.1431,C1,beacco_only,,,anti-inflammatoire,NOM
appuie-tête,NOUN,C1,beacco,6.0005,0.1431,,,,,,,,0.0,0.0,0.0,0.0,6.0005,0.0,0.1431,C1,beacco_only,,,appuie-tête,NOM
arrière-garde,NOUN,C1,beacco,6.0005,0.1431,,,,,,,,0.0,0.0,0.0,0.0,6.0005,0.0,0.1431,C1,beacco_only,,,arrière-garde,NOM
attaquant,ADJ,C1,beacco,6.0005,0.1431,,,,,,,,0.0,0.0,0.0,0.0,6.0005,0.0,0.1431,C1,beacco_only,,,attaquant,ADJ
bigarré,ADJ,C1,beacco,6.0005,0.1431,,,,,,,,0.0,0.0,0.0,0.0,6.0005,0.0,0.1431,C1,beacco_only,,,bigarré,ADJ
bouffé,ADJ,C1,beacco,6.0005,0.1431,,,,,,,,0.0,0.0,0.0,0.0,6.0005,0.0,0.1431,C1,beacco_only,,,bouffé,ADJ
charpentière,NOUN,C1,beacco,6.0005,0.1431,,,,,,,,0.0,0.0,0.0,0.0,6.0005,0.0,0.1431,C1,beacco_only,,,charpentière,NOM
chauve-souris,NOUN,C1,beacco,6.0005,0.1431,,,,,,,,0.0,0.0,0.0,0.0,6.0005,0.0,0.1431,C1,beacco_only,,,chauve-souris,NOM
chi,NOUN,C1,beacco,6.0005,0.1431,,,,,,,,0.0,0.0,0.0,0.0,6.0005,0.0,0.1431,C1,beacco_only,,,chi,NOM
compliqué,NOUN,C1,beacco,6.0005,0.1431,,,,,,,,0.0,0.0,0.0,0.0,6.0005,0.0,0.1431,C1,beacco_only,,,compliqué,NOM
concurrent,ADJ,C1,beacco,6.0005,0.1431,,,,,,,,0.0,0.0,0.0,0.0,6.0005,0.0,0.1431,C1,beacco_only,,,concurrent,ADJ
conscient,NOUN,C1,beacco,6.0005,0.1431,,,,,,,,0.0,0.0,0.0,0.0,6.0005,0.0,0.1431,C1,beacco_only,,,conscient,NOM
craqueler,VERB,C1,beacco,6.0005,0.1431,,,,,,,,0.0,0.0,0.0,0.0,6.0005,0.0,0.1431,C1,beacco_only,,,craqueler,VER
croisette,NOUN,C1,beacco,6.0005,0.1431,,,,,,,,0.0,0.0,0.0,0.0,6.0005,0.0,0.1431,C1,beacco_only,,,croisette,NOM
crypté,ADJ,C1,beacco,6.0005,0.1431,,,,,,,,0.0,0.0,0.0,0.0,6.0005,0.0,0.1431,C1,beacco_only,,,crypté,ADJ
cycliste,ADJ,C1,beacco,6.0005,0.1431,,,,,,,,0.0,0.0,0.0,0.0,6.0005,0.0,0.1431,C1,beacco_only,,,cycliste,ADJ
diffusif,ADJ,C1,beacco,6.0005,0.1431,,,,,,,,0.0,0.0,0.0,0.0,6.0005,0.0,0.1431,C1,beacco_only,,,diffusif,ADJ
démuni,ADJ,C1,beacco,6.0005,0.1431,,,,,,,,0.0,0.0,0.0,0.0,6.0005,0.0,0.1431,C1,beacco_only,,,démuni,ADJ
emmerder,VERB,C1,beacco,6.0005,0.1431,,,,,,,,0.0,0.0,0.0,0.0,6.0005,0.0,0.1431,C1,beacco_only,,,emmerder,VER
environ,NOUN,C1,beacco,6.0005,0.1431,,,,,,,,0.0,0.0,0.0,0.0,6.0005,0.0,0.1431,C1,beacco_only,,,environ,NOM
fouetté,ADJ,C1,beacco,6.0005,0.1431,,,,,,,,0.0,0.0,0.0,0.0,6.0005,0.0,0.1431,C1,beacco_only,,,fouetté,ADJ
houlette,NOUN,C1,beacco,6.0005,0.1431,,,,,,,,0.0,0.0,0.0,0.0,6.0005,0.0,0.1431,C1,beacco_only,,,houlette,NOM
incliné,ADJ,C1,beacco,6.0005,0.1431,,,,,,,,0.0,0.0,0.0,0.0,6.0005,0.0,0.1431,C1,beacco_only,,,incliné,ADJ
introverti,ADJ,C1,beacco,6.0005,0.1431,,,,,,,,0.0,0.0,0.0,0.0,6.0005,0.0,0.1431,C1,beacco_only,,,introverti,ADJ
limousin,ADJ,C1,beacco,6.0005,0.1431,,,,,,,,0.0,0.0,0.0,0.0,6.0005,0.0,0.1431,C1,beacco_only,,,limousin,ADJ
liquéfier,VERB,C1,beacco,6.0005,0.1431,,,,,,,,0.0,0.0,0.0,0.0,6.0005,0.0,0.1431,C1,beacco_only,,,liquéfier,VER
lisant,ADJ,C1,beacco,6.0005,0.1431,,,,,,,,0.0,0.0,0.0,0.0,6.0005,0.0,0.1431,C1,beacco_only,,,lisant,ADJ
littératurer,VERB,C1,beacco,6.0005,0.1431,,,,,,,,0.0,0.0,0.0,0.0,6.0005,0.0,0.1431,C1,beacco_only,,,littératurer,VER
long-courrier,ADJ,C1,beacco,6.0005,0.1431,,,,,,,,0.0,0.0,0.0,0.0,6.0005,0.0,0.1431,C1,beacco_only,,,long-courrier,ADJ
malgache,NOUN,C1,beacco,6.0005,0.1431,,,,,,,,0.0,0.0,0.0,0.0,6.0005,0.0,0.1431,C1,beacco_only,,,malgache,NOM
mental,NOUN,C1,beacco,6.0005,0.1431,,,,,,,,0.0,0.0,0.0,0.0,6.0005,0.0,0.1431,C1,beacco_only,,,mental,NOM
médico-légal,ADJ,C1,beacco,6.0005,0.1431,,,,,,,,0.0,0.0,0.0,0.0,6.0005,0.0,0.1431,C1,beacco_only,,,médico-légal,ADJ
non-lieu,NOUN,C1,beacco,6.0005,0.1431,,,,,,,,0.0,0.0,0.0,0.0,6.0005,0.0,0.1431,C1,beacco_only,,,non-lieu,NOM
non-observation,NOUN,C1,beacco,6.0005,0.1431,,,,,,,,0.0,0.0,0.0,0.0,6.0005,0.0,0.1431,C1,beacco_only,,,non-observation,NOM
nuancer,VERB,C1,beacco,6.0005,0.1431,,,,,,,,0.0,0.0,0.0,0.0,6.0005,0.0,0.1431,C1,beacco_only,,,nuancer,VER
négro-africain,ADJ,C1,beacco,6.0005,0.1431,,,,,,,,0.0,0.0,0.0,0.0,6.0005,0.0,0.1431,C1,beacco_only,,,négro-africain,ADJ
paru,ADJ,C1,beacco,6.0005,0.1431,,,,,,,,0.0,0.0,0.0,0.0,6.0005,0.0,0.1431,C1,beacco_only,,,paru,ADJ
plumer,VERB,C1,beacco,6.0005,0.1431,,,,,,,,0.0,0.0,0.0,0.0,6.0005,0.0,0.1431,C1,beacco_only,,,plumer,VER
pris,ADJ,C1,beacco,6.0005,0.1431,,,,,,,,0.0,0.0,0.0,0.0,6.0005,0.0,0.1431,C1,beacco_only,,,pris,ADJ
péridural,ADJ,C1,beacco,6.0005,0.1431,,,,,,,,0.0,0.0,0.0,0.0,6.0005,0.0,0.1431,C1,beacco_only,,,péridural,ADJ
périr,VERB,C1,beacco,6.0005,0.1431,,,,,,,,0.0,0.0,0.0,0.0,6.0005,0.0,0.1431,C1,beacco_only,,,périr,VER
pétiller,VERB,C1,beacco,6.0005,0.1431,,,,,,,,0.0,0.0,0.0,0.0,6.0005,0.0,0.1431,C1,beacco_only,,,pétiller,VER
rapprochement,NOUN,C1,beacco,6.0005,0.1431,,,,,,,,0.0,0.0,0.0,0.0,6.0005,0.0,0.1431,C1,beacco_only,,,rapprochement,NOM
redoutablement,ADV,C1,beacco,6.0005,0.1431,,,,,,,,0.0,0.0,0.0,0.0,6.0005,0.0,0.1431,C1,beacco_only,,,redoutablement,ADV
repasse,NOUN,C1,beacco,6.0005,0.1431,,,,,,,,0.0,0.0,0.0,0.0,6.0005,0.0,0.1431,C1,beacco_only,,,repasse,NOM
rouge-gorge,NOUN,C1,beacco,6.0005,0.1431,,,,,,,,0.0,0.0,0.0,0.0,6.0005,0.0,0.1431,C1,beacco_only,,,rouge-gorge,NOM
sans-abri,NOUN,C1,beacco,6.0005,0.1431,,,,,,,,0.0,0.0,0.0,0.0,6.0005,0.0,0.1431,C1,beacco_only,,,sans-abri,NOM
socio-économique,ADJ,C1,beacco,6.0005,0.1431,,,,,,,,0.0,0.0,0.0,0.0,6.0005,0.0,0.1431,C1,beacco_only,,,socio-économique,ADJ
sous-ensemble,NOUN,C1,beacco,6.0005,0.1431,,,,,,,,0.0,0.0,0.0,0.0,6.0005,0.0,0.1431,C1,beacco_only,,,sous-ensemble,NOM
surréaliste,NOUN,C1,beacco,6.0005,0.1431,,,,,,,,0.0,0.0,0.0,0.0,6.0005,0.0,0.1431,C1,beacco_only,,,surréaliste,NOM
tissé,ADJ,C1,beacco,6.0005,0.1431,,,,,,,,0.0,0.0,0.0,0.0,6.0005,0.0,0.1431,C1,beacco_only,,,tissé,ADJ
tourné,ADJ,C1,beacco,6.0005,0.1431,,,,,,,,0.0,0.0,0.0,0.0,6.0005,0.0,0.1431,C1,beacco_only,,,tourné,ADJ
trois-quarts,ADJ,C1,beacco,6.0005,0.1431,,,,,,,,0.0,0.0,0.0,0.0,6.0005,0.0,0.1431,C1,beacco_only,,,trois-quarts,ADJ
zoner,VERB,C1,beacco,6.0005,0.1431,,,,,,,,0.0,0.0,0.0,0.0,6.0005,0.0,0.1431,C1,beacco_only,,,zoner,VER
solidement,ADV,C1,beacco,4.8126,1.3887,0.0,3.0225,0.0,0.0,4.8126,0.0,1.3887,0.0,0.3729,0.0,0.0,3.4423,0.0,0.3913,C1,word_pos,solidement,ADV,solidement,ADV
joint,NOUN,C1,beacco,4.8126,1.2063,0.0,0.3209,0.2366,0.0,4.8126,0.0,1.2063,0.0,0.0,0.0,0.0,3.4423,0.0,0.0657,C1,word_pos,joint,N,joint,NOM
mât,NOUN,C1,beacco,4.8126,0.9464,3.4156,0.0,0.0,0.0,4.8126,0.0,0.9464,0.0,0.0,0.0,0.0,3.4423,0.0,0.0657,C1,word_pos,mât,N,mât,NOM
battu,ADJ,C1,crf_first_attested,4.8126,0.6854,0.0,0.0,0.0,0.0,4.8126,6.4938,0.6854,,,,,,,,,crf_only,battu,A,,
aucunement,ADV,C1,beacco,4.8126,0.0998,0.0,0.0,0.0,0.0,4.8126,0.0,0.0998,0.0,0.0,0.0,0.0,3.4423,0.0,0.0657,C1,word_pos,aucunement,ADV,aucunement,ADV
bougonner,VERB,C1,beacco,4.8126,0.0998,0.0,0.0,0.0,0.0,4.8126,0.0,0.0998,0.0,0.0,0.0,0.0,3.4423,0.0,0.0657,C1,word_pos,bougonner,V,bougonner,VER
buis,NOUN,C1,beacco,4.8126,0.0998,0.0,0.0,0.0,0.0,4.8126,0.0,0.0998,0.0,0.0,0.0,0.0,3.4423,0.0,0.0657,C1,word_pos,buis,N,buis,NOM
capitalisation,NOUN,C1,beacco,4.8126,0.0998,0.0,0.0,0.0,0.0,4.8126,0.0,0.0998,0.0,0.0,0.0,0.0,3.4423,0.0,0.0657,C1,word_pos,capitalisation,N,capitalisation,NOM
cercler,VERB,C1,beacco,4.8126,0.0998,0.0,0.0,0.0,0.0,4.8126,0.0,0.0998,0.0,0.0,0.0,0.0,3.4423,0.0,0.0657,C1,word_pos,cercler,V,cercler,VER
cochonnet,NOUN,C1,beacco,4.8126,0.0998,0.0,0.0,0.0,0.0,4.8126,0.0,0.0998,0.0,0.0,0.0,0.0,3.4423,0.0,0.0657,C1,word_pos,cochonnet,N,cochonnet,NOM
cordillière,NOUN,C1,crf_first_attested,4.8126,0.0998,0.0,0.0,0.0,0.0,4.8126,0.0,0.0998,,,,,,,,,crf_only,cordillière,N,,
cormier,NOUN,C1,beacco,4.8126,0.0998,0.0,0.0,0.0,0.0,4.8126,0.0,0.0998,0.0,0.0,0.0,0.0,3.4423,0.0,0.0657,C1,word_pos,cormier,N,cormier,NOM
coté,NOUN,C1,crf_first_attested,4.8126,0.0998,0.0,0.0,0.0,0.0,4.8126,0.0,0.0998,,,,,,,,,crf_only,coté,N,,
croquant,NOUN,C1,crf_first_attested,4.8126,0.0998,0.0,0.0,0.0,0.0,4.8126,0.0,0.0998,,,,,,,,,crf_only,croquant,N,,
damer,VERB,C1,beacco,4.8126,0.0998,0.0,0.0,0.0,0.0,4.8126,0.0,0.0998,0.0,0.0,0.0,0.0,3.4423,0.0,0.0657,C1,word_pos,damer,V,damer,VER
dedans de,PREP,C1,crf_first_attested,4.8126,0.0998,0.0,0.0,0.0,0.0,4.8126,0.0,0.0998,,,,,,,,,crf_only,dedans de,PREP,,
dement,ADV,C1,crf_first_attested,4.8126,0.0998,0.0,0.0,0.0,0.0,4.8126,0.0,0.0998,,,,,,,,,crf_only,dement,ADV,,
dissymétrique,ADJ,C1,beacco,4.8126,0.0998,0.0,0.0,0.0,0.0,4.8126,0.0,0.0998,0.0,0.0,0.0,0.0,3.4423,0.0,0.0657,C1,word_pos,dissymétrique,A,dissymétrique,ADJ
déséquilibre,NOUN,C1,beacco,4.8126,0.0998,0.0,0.0,0.0,0.0,4.8126,0.0,0.0998,0.0,0.0,0.0,0.0,3.4423,0.0,0.0657,C1,word_pos,déséquilibre,N,déséquilibre,NOM
dévaler,VERB,C1,beacco,4.8126,0.0998,0.0,0.0,0.0,0.0,4.8126,0.0,0.0998,0.0,0.0,0.0,0.0,3.4423,0.0,0.0657,C1,word_pos,dévaler,V,dévaler,VER
dévisser,VERB,C1,beacco,4.8126,0.0998,0.0,0.0,0.0,0.0,4.8126,0.0,0.0998,0.0,0.0,0.0,0.0,3.4423,0.0,0.0657,C1,word_pos,dévisser,V,dévisser,VER
en vertu de,PREP,C1,crf_first_attested,4.8126,0.0998,0.0,0.0,0.0,0.0,4.8126,0.0,0.0998,,,,,,,,,crf_only,en vertu de,PREP,,
encor,ADV,C1,beacco,4.8126,0.0998,0.0,0.0,0.0,0.0,4.8126,0.0,0.0998,0.0,0.0,0.0,0.0,3.4423,0.0,0.0657,C1,word_pos,encor,ADV,encor,ADV
gaïac,NOUN,C1,beacco,4.8126,0.0998,0.0,0.0,0.0,0.0,4.8126,0.0,0.0998,0.0,0.0,0.0,0.0,3.4423,0.0,0.0657,C1,word_pos,gaïac,N,gaïac,NOM
gribiche,ADJ,C1,beacco,4.8126,0.0998,0.0,0.0,0.0,0.0,4.8126,0.0,0.0998,0.0,0.0,0.0,0.0,3.4423,0.0,0.0657,C1,word_pos,gribiche,A,gribiche,ADJ
guatémaltèque,ADJ,C1,beacco,4.8126,0.0998,0.0,0.0,0.0,0.0,4.8126,0.0,0.0998,0.0,0.0,0.0,0.0,6.8846,0.0,0.1315,C1,word_pos,guatémaltèque,A,guatémaltèque,ADJ
importun,NOUN,C1,beacco,4.8126,0.0998,0.0,0.0,0.0,0.0,4.8126,0.0,0.0998,0.0,0.0,0.0,0.0,6.8846,0.0,0.1315,C1,unique_word,importun,N,importun,ADJ
intempérie,NOUN,C1,beacco,4.8126,0.0998,0.0,0.0,0.0,0.0,4.8126,0.0,0.0998,0.0,0.0,0.0,0.0,3.4423,0.0,0.0657,C1,word_pos,intempérie,N,intempérie,NOM
lancer,NOUN,C1,beacco,4.8126,0.0998,0.0,0.0,0.0,0.0,4.8126,0.0,0.0998,0.0,0.0,0.0,0.0,3.4423,0.0,0.0657,C1,word_pos,lancer,N,lancer,NOM
lest,NOUN,C1,beacco,4.8126,0.0998,0.0,0.0,0.0,0.0,4.8126,0.0,0.0998,0.0,0.0,0.0,0.0,3.4423,0.0,0.0657,C1,word_pos,lest,N,lest,NOM
madrier,NOUN,C1,beacco,4.8126,0.0998,0.0,0.0,0.0,0.0,4.8126,0.0,0.0998,0.0,0.0,0.0,0.0,3.4423,0.0,0.0657,C1,word_pos,madrier,N,madrier,NOM
marinier,NOUN,C1,beacco,4.8126,0.0998,0.0,0.0,0.0,0.0,4.8126,0.0,0.0998,0.0,0.0,0.0,0.0,3.4423,0.0,0.0657,C1,word_pos,marinier,N,marinier,NOM
méplat,ADJ,C1,beacco,4.8126,0.0998,0.0,0.0,0.0,0.0,4.8126,0.0,0.0998,0.0,0.0,0.0,0.0,3.4423,0.0,0.0657,C1,word_pos,méplat,A,méplat,ADJ
nuggets,NOUN,C1,crf_first_attested,4.8126,0.0998,0.0,0.0,0.0,0.0,4.8126,0.0,0.0998,,,,,,,,,crf_only,nuggets,N,,
pardessus,NOUN,C1,beacco,4.8126,0.0998,0.0,0.0,0.0,0.0,4.8126,0.0,0.0998,0.0,0.0,0.0,0.0,3.4423,0.0,0.0657,C1,word_pos,pardessus,N,pardessus,NOM
piaffer,VERB,C1,beacco,4.8126,0.0998,0.0,0.0,0.0,0.0,4.8126,0.0,0.0998,0.0,0.0,0.0,0.0,3.4423,0.0,0.0657,C1,word_pos,piaffer,V,piaffer,VER
putain,NOUN,C1,beacco,4.8126,0.0998,0.0,0.0,0.0,0.0,4.8126,0.0,0.0998,0.0,0.0,0.0,0.0,3.4423,0.0,0.0657,C1,word_pos,putain,N,putain,NOM
rapi,NOUN,C1,crf_first_attested,4.8126,0.0998,0.0,0.0,0.0,0.0,4.8126,0.0,0.0998,,,,,,,,,crf_only,rapi,N,,
repassage,NOUN,C1,beacco,4.8126,0.0998,0.0,0.0,0.0,0.0,4.8126,0.0,0.0998,0.0,0.0,0.0,0.0,6.8846,0.0,0.1315,C1,word_pos,repassage,N,repassage,NOM
ringard,ADJ,C1,beacco,4.8126,0.0998,0.0,0.0,0.0,0.0,4.8126,0.0,0.0998,0.0,0.0,0.0,0.0,6.8846,0.0,0.1315,C1,word_pos,ringard,A,ringard,ADJ
roulis,NOUN,C1,beacco,4.8126,0.0998,0.0,0.0,0.0,0.0,4.8126,0.0,0.0998,0.0,0.0,0.0,0.0,3.4423,0.0,0.0657,C1,word_pos,roulis,N,roulis,NOM
régulation,NOUN,C1,beacco,4.8126,0.0998,0.0,0.0,0.0,0.0,4.8126,0.0,0.0998,0.0,0.0,0.0,0.0,6.8846,0.0,0.1315,C1,word_pos,régulation,N,régulation,NOM
résiliation,NOUN,C1,beacco,4.8126,0.0998,0.0,0.0,0.0,0.0,4.8126,0.0,0.0998,0.0,0.0,0.0,0.0,10.3269,0.0,0.1972,C1,word_pos,résiliation,N,résiliation,NOM
sablon,NOUN,C1,beacco,4.8126,0.0998,0.0,0.0,0.0,0.0,4.8126,0.0,0.0998,0.0,0.0,0.0,0.0,3.4423,0.0,0.0657,C1,word_pos,sablon,N,sablon,NOM
saupoudrage,NOUN,C1,beacco,4.8126,0.0998,0.0,0.0,0.0,0.0,4.8126,0.0,0.0998,0.0,0.0,0.0,0.0,3.4423,0.0,0.0657,C1,word_pos,saupoudrage,N,saupoudrage,NOM
tette,VERB,C1,beacco,4.8126,0.0998,0.0,0.0,0.0,0.0,4.8126,0.0,0.0998,0.0,0.0,0.0,0.0,3.4423,0.0,0.0657,C1,unique_word,tette,V,tette,NOM
vergogne,NOUN,C1,beacco,4.8126,0.0998,0.0,0.0,0.0,0.0,4.8126,0.0,0.0998,0.0,0.0,0.0,0.0,6.8846,0.0,0.1315,C1,word_pos,vergogne,N,vergogne,NOM
vitaminer,VERB,C1,crf_first_attested,4.8126,0.0998,0.0,0.0,0.0,0.0,4.8126,0.0,0.0998,,,,,,,,,crf_only,vitaminer,V,,
à jeun,ADV,C1,crf_first_attested,4.8126,0.0998,0.0,0.0,0.0,0.0,4.8126,0.0,0.0998,,,,,,,,,crf_only,à jeun,ADV,,
à l' extérieur,ADV,C1,crf_first_attested,4.8126,0.0998,0.0,0.0,0.0,0.0,4.8126,0.0,0.0998,,,,,,,,,crf_only,à l' extérieur,ADV,,
écrivaine,ADJ,C1,crf_first_attested,4.8126,0.0998,0.0,0.0,0.0,0.0,4.8126,0.0,0.0998,,,,,,,,,crf_only,écrivaine,A,,
épargne - retraite,NOUN,C1,crf_first_attested,4.8126,0.0998,0.0,0.0,0.0,0.0,4.8126,0.0,0.0998,,,,,,,,,crf_only,épargne - retraite,N,,
évider,VERB,C1,beacco,4.8126,0.0998,0.0,0.0,0.0,0.0,4.8126,0.0,0.0998,0.0,0.0,0.0,0.0,3.4423,0.0,0.0657,C1,word_pos,évider,V,évider,VER
hospitalo-universitaire,ADJ,C1,beacco,4.139,0.1951,,,,,,,,0.0,0.0,0.0,0.0,4.139,12.833,0.1951,C1,beacco_only,,,hospitalo-universitaire,ADJ
accrue,NOUN,C1,beacco,4.139,0.0975,,,,,,,,0.0,0.0,0.0,0.0,4.139,0.0,0.0975,C1,beacco_only,,,accrue,NOM
avant-gardiste,ADJ,C1,beacco,4.139,0.0975,,,,,,,,0.0,0.0,0.0,0.0,4.139,0.0,0.0975,C1,beacco_only,,,avant-gardiste,ADJ
biaisé,ADJ,C1,beacco,4.139,0.0975,,,,,,,,0.0,0.0,0.0,0.0,4.139,0.0,0.0975,C1,beacco_only,,,biaisé,ADJ
contrefait,ADJ,C1,beacco,4.139,0.0975,,,,,,,,0.0,0.0,0.0,0.0,4.139,0.0,0.0975,C1,beacco_only,,,contrefait,ADJ
crâne,ADJ,C1,beacco,4.139,0.0975,,,,,,,,0.0,0.0,0.0,0.0,4.139,0.0,0.0975,C1,beacco_only,,,crâne,ADJ
directif,ADJ,C1,beacco,4.139,0.0975,,,,,,,,0.0,0.0,0.0,0.0,4.139,0.0,0.0975,C1,beacco_only,,,directif,ADJ
disproportionné,ADJ,C1,beacco,4.139,0.0975,,,,,,,,0.0,0.0,0.0,0.0,4.139,0.0,0.0975,C1,beacco_only,,,disproportionné,ADJ
distributeur,ADJ,C1,beacco,4.139,0.0975,,,,,,,,0.0,0.0,0.0,0.0,4.139,0.0,0.0975,C1,beacco_only,,,distributeur,ADJ
doléance,NOUN,C1,beacco,4.139,0.0975,,,,,,,,0.0,0.0,0.0,0.0,4.139,0.0,0.0975,C1,beacco_only,,,doléance,NOM
désenchanter,VERB,C1,beacco,4.139,0.0975,,,,,,,,0.0,0.0,0.0,0.0,4.139,0.0,0.0975,C1,beacco_only,,,désenchanter,VER
expresse,ADJ,C1,beacco,4.139,0.0975,,,,,,,,0.0,0.0,0.0,0.0,4.139,0.0,0.0975,C1,beacco_only,,,expresse,ADJ
filial,ADJ,C1,beacco,4.139,0.0975,,,,,,,,0.0,0.0,0.0,0.0,4.139,0.0,0.0975,C1,beacco_only,,,filial,ADJ
illustré,NOUN,C1,beacco,4.139,0.0975,,,,,,,,0.0,0.0,0.0,0.0,4.139,0.0,0.0975,C1,beacco_only,,,illustré,NOM
mauvais,ADV,C1,beacco,4.139,0.0975,,,,,,,,0.0,0.0,0.0,0.0,4.139,0.0,0.0975,C1,beacco_only,,,mauvais,ADV
melting-pot,NOUN,C1,beacco,4.139,0.0975,,,,,,,,0.0,0.0,0.0,0.0,4.139,0.0,0.0975,C1,beacco_only,,,melting-pot,NOM
nord-américain,ADJ,C1,beacco,4.139,0.0975,,,,,,,,0.0,0.0,0.0,0.0,4.139,0.0,0.0975,C1,beacco_only,,,nord-américain,ADJ
négligent,ADJ,C1,beacco,4.139,0.0975,,,,,,,,0.0,0.0,0.0,0.0,4.139,0.0,0.0975,C1,beacco_only,,,négligent,ADJ
pano,NOUN,C1,beacco,4.139,0.0975,,,,,,,,0.0,0.0,0.0,0.0,4.139,0.0,0.0975,C1,beacco_only,,,pano,NOM
plénier,ADJ,C1,beacco,4.139,0.0975,,,,,,,,0.0,0.0,0.0,0.0,4.139,0.0,0.0975,C1,beacco_only,,,plénier,ADJ
portrait-robot,NOUN,C1,beacco,4.139,0.0975,,,,,,,,0.0,0.0,0.0,0.0,4.139,0.0,0.0975,C1,beacco_only,,,portrait-robot,NOM
pronostiquer,VERB,C1,beacco,4.139,0.0975,,,,,,,,0.0,0.0,0.0,0.0,4.139,0.0,0.0975,C1,beacco_only,,,pronostiquer,VER
préside,NOUN,C1,beacco,4.139,0.0975,,,,,,,,0.0,0.0,0.0,0.0,4.139,0.0,0.0975,C1,beacco_only,,,préside,NOM
publiphobe,NOUN,C1,beacco,4.139,0.0975,,,,,,,,0.0,0.0,0.0,0.0,4.139,0.0,0.0975,C1,beacco_only,,,publiphobe,NOM
réfléchi,ADJ,C1,beacco,4.139,0.0975,,,,,,,,0.0,0.0,0.0,0.0,4.139,0.0,0.0975,C1,beacco_only,,,réfléchi,ADJ
sert,NOUN,C1,beacco,4.139,0.0975,,,,,,,,0.0,0.0,0.0,0.0,4.139,0.0,0.0975,C1,beacco_only,,,sert,NOM
sous-représentation,NOUN,C1,beacco,4.139,0.0975,,,,,,,,0.0,0.0,0.0,0.0,4.139,0.0,0.0975,C1,beacco_only,,,sous-représentation,NOM
sous-utilisation,NOUN,C1,beacco,4.139,0.0975,,,,,,,,0.0,0.0,0.0,0.0,4.139,0.0,0.0975,C1,beacco_only,,,sous-utilisation,NOM
stigmatiser,VERB,C1,beacco,4.139,0.0975,,,,,,,,0.0,0.0,0.0,0.0,4.139,0.0,0.0975,C1,beacco_only,,,stigmatiser,VER
stéréotyper,VERB,C1,beacco,4.139,0.0975,,,,,,,,0.0,0.0,0.0,0.0,4.139,0.0,0.0975,C1,beacco_only,,,stéréotyper,VER
trop-plein,NOUN,C1,beacco,4.139,0.0975,,,,,,,,0.0,0.0,0.0,0.0,4.139,0.0,0.0975,C1,beacco_only,,,trop-plein,NOM
utilisateur,ADJ,C1,beacco,4.139,0.0975,,,,,,,,0.0,0.0,0.0,0.0,4.139,0.0,0.0975,C1,beacco_only,,,utilisateur,ADJ
individualiser,VERB,C1,beacco,4.101,1.4522,0.0,0.0,0.0,0.7062,4.101,28.8683,1.4522,0.0,0.0,0.0,0.0,4.139,0.0,0.0975,C1,word_pos,individualiser,V,individualiser,VER
gestionnaire,NOUN,C1,beacco,4.101,1.0911,0.0,0.0,1.809,0.0,4.101,0.0,1.0911,0.0,0.0,0.0,0.0,4.139,0.0,0.0975,C1,word_pos,gestionnaire,N,gestionnaire,NOM
moyen - oriental,NOUN,C1,crf_first_attested,4.101,1.0587,0.0,0.0,0.0,0.0,4.101,67.3593,1.0587,,,,,,,,,crf_only,moyen - oriental,N,,
spécialiste,ADJ,C1,crf_first_attested,4.101,1.0587,0.0,0.0,0.0,0.0,4.101,67.3593,1.0587,,,,,,,,,crf_only,spécialiste,A,,
neuvième,ADJ,C1,beacco,4.101,0.7123,0.0,0.0,0.6802,0.0,4.101,0.0,0.7123,0.0,0.0,0.0,0.0,8.2781,0.0,0.1951,C1,word_pos,neuvième,A,neuvième,ADJ
tabou,ADJ,C1,beacco,4.101,0.6501,0.0,0.7405,0.0,0.0,4.101,0.0,0.6501,0.0,0.0,0.0,0.0,4.139,0.0,0.0975,C1,word_pos,tabou,A,tabou,ADJ
réintégrer,VERB,C1,beacco,4.101,0.5269,0.0,0.0,0.2405,0.0,4.101,0.0,0.5269,0.0,0.0,0.0,0.0,4.139,0.0,0.0975,C1,word_pos,réintégrer,V,réintégrer,VER
limité,ADJ,C1,crf_first_attested,4.101,0.526,0.0,0.0,0.0,0.0,4.101,9.6228,0.526,,,,,,,,,crf_only,limité,A,,
aspirant,NOUN,C1,beacco,4.101,0.5242,0.0,0.0,0.0,0.7062,4.101,0.0,0.5242,0.0,0.0,0.0,0.0,4.139,0.0,0.0975,C1,word_pos,aspirant,N,aspirant,NOM
mentor,NOUN,C1,beacco,4.101,0.5242,0.0,0.0,0.0,0.7062,4.101,0.0,0.5242,0.0,0.0,0.0,0.0,4.139,0.0,0.0975,C1,word_pos,mentor,N,mentor,NOM
graduellement,ADV,C1,beacco,4.101,0.5235,0.0,0.0,0.0,0.0,4.101,6.4938,0.5235,0.0,0.0,0.0,0.0,4.139,12.833,0.1951,C1,word_pos,graduellement,ADV,graduellement,ADV
réactivité,NOUN,C1,beacco,4.101,0.5235,0.0,0.0,0.0,0.0,4.101,6.4938,0.5235,0.0,0.0,0.0,0.0,4.139,12.833,0.1951,C1,word_pos,réactivité,N,réactivité,NOM
orbite,NOUN,C1,beacco,4.101,0.4461,0.0,0.1306,0.0,0.0,4.101,0.0,0.4461,0.0,0.1865,0.0,0.0,4.139,0.0,0.3523,C1,word_pos,orbite,N,orbite,NOM
lunaire,ADJ,C1,beacco,4.101,0.4005,0.5304,0.0,0.0,0.0,4.101,0.0,0.4005,0.4856,0.0,0.0,0.0,4.139,0.0,0.351,C1,word_pos,lunaire,A,lunaire,ADJ
abusif,ADJ,C1,beacco,4.101,0.0722,0.0,0.0,0.0,0.0,4.101,0.0,0.0722,0.0,0.0,0.0,0.0,8.2781,0.0,0.1951,C1,word_pos,abusif,A,abusif,ADJ
accéléré,NOUN,C1,beacco,4.101,0.0722,0.0,0.0,0.0,0.0,4.101,0.0,0.0722,0.0,0.0,0.0,0.0,4.139,0.0,0.0975,C1,word_pos,accéléré,N,accéléré,NOM
agresseur,NOUN,C1,beacco,4.101,0.0722,0.0,0.0,0.0,0.0,4.101,0.0,0.0722,0.0,0.0,0.0,0.0,4.139,0.0,0.0975,C1,word_pos,agresseur,N,agresseur,NOM
agronome,NOUN,C1,beacco,4.101,0.0722,0.0,0.0,0.0,0.0,4.101,0.0,0.0722,0.0,0.0,0.0,0.0,4.139,0.0,0.0975,C1,word_pos,agronome,N,agronome,NOM
aiguiller,VERB,C1,beacco,4.101,0.0722,0.0,0.0,0.0,0.0,4.101,0.0,0.0722,0.0,0.0,0.0,0.0,4.139,0.0,0.0975,C1,word_pos,aiguiller,V,aiguiller,VER
alter,ADJ,C1,crf_first_attested,4.101,0.0722,0.0,0.0,0.0,0.0,4.101,0.0,0.0722,,,,,,,,,crf_only,alter,A,,
and,X,C1,crf_first_attested,4.101,0.0722,0.0,0.0,0.0,0.0,4.101,0.0,0.0722,,,,,,,,,crf_only,and,X,,
annonceur,NOUN,C1,beacco,4.101,0.0722,0.0,0.0,0.0,0.0,4.101,0.0,0.0722,0.0,0.0,0.0,0.0,4.139,0.0,0.0975,C1,word_pos,annonceur,N,annonceur,NOM
antimicrobien,ADJ,C1,beacco,4.101,0.0722,0.0,0.0,0.0,0.0,4.101,0.0,0.0722,0.0,0.0,0.0,0.0,12.4171,0.0,0.2926,C1,word_pos,antimicrobien,A,antimicrobien,ADJ
asiatique - eurasien,ADJ,C1,crf_first_attested,4.101,0.0722,0.0,0.0,0.0,0.0,4.101,0.0,0.0722,,,,,,,,,crf_only,asiatique - eurasien,A,,
attentiste,NOUN,C1,beacco,4.101,0.0722,0.0,0.0,0.0,0.0,4.101,0.0,0.0722,0.0,0.0,0.0,0.0,4.139,0.0,0.0975,C1,unique_word,attentiste,N,attentiste,ADJ
au rouge,ADV,C1,crf_first_attested,4.101,0.0722,0.0,0.0,0.0,0.0,4.101,0.0,0.0722,,,,,,,,,crf_only,au rouge,ADV,,
au titre de,PREP,C1,crf_first_attested,4.101,0.0722,0.0,0.0,0.0,0.0,4.101,0.0,0.0722,,,,,,,,,crf_only,au titre de,PREP,,
austral,ADJ,C1,beacco,4.101,0.0722,0.0,0.0,0.0,0.0,4.101,0.0,0.0722,0.0,0.0,0.0,0.0,4.139,0.0,0.0975,C1,word_pos,austral,A,austral,ADJ
avant même,PREP,C1,crf_first_attested,4.101,0.0722,0.0,0.0,0.0,0.0,4.101,0.0,0.0722,,,,,,,,,crf_only,avant même,PREP,,
bavardoirs,NOUN,C1,crf_first_attested,4.101,0.0722,0.0,0.0,0.0,0.0,4.101,0.0,0.0722,,,,,,,,,crf_only,bavardoirs,N,,
biologiquement,ADV,C1,beacco,4.101,0.0722,0.0,0.0,0.0,0.0,4.101,0.0,0.0722,0.0,0.0,0.0,0.0,4.139,0.0,0.0975,C1,word_pos,biologiquement,ADV,biologiquement,ADV
blanc - caucasien,NOUN,C1,crf_first_attested,4.101,0.0722,0.0,0.0,0.0,0.0,4.101,0.0,0.0722,,,,,,,,,crf_only,blanc - caucasien,N,,
bénéficiaire,ADJ,C1,beacco,4.101,0.0722,0.0,0.0,0.0,0.0,4.101,0.0,0.0722,0.0,0.0,0.0,0.0,4.139,0.0,0.0975,C1,unique_word,bénéficiaire,A,bénéficiaire,NOM
cadenasser,VERB,C1,beacco,4.101,0.0722,0.0,0.0,0.0,0.0,4.101,0.0,0.0722,0.0,0.0,0.0,0.0,4.139,0.0,0.0975,C1,word_pos,cadenasser,V,cadenasser,VER
carence,NOUN,C1,beacco,4.101,0.0722,0.0,0.0,0.0,0.0,4.101,0.0,0.0722,0.0,0.0,0.0,0.0,8.2781,0.0,0.1951,C1,word_pos,carence,N,carence,NOM
carnivore,ADJ,C1,beacco,4.101,0.0722,0.0,0.0,0.0,0.0,4.101,0.0,0.0722,0.0,0.0,0.0,0.0,4.139,0.0,0.0975,C1,word_pos,carnivore,A,carnivore,ADJ
cataloguer,VERB,C1,beacco,4.101,0.0722,0.0,0.0,0.0,0.0,4.101,0.0,0.0722,0.0,0.0,0.0,0.0,4.139,0.0,0.0975,C1,word_pos,cataloguer,V,cataloguer,VER
censés,VERB,C1,crf_first_attested,4.101,0.0722,0.0,0.0,0.0,0.0,4.101,0.0,0.0722,,,,,,,,,crf_only,censés,V,,
certificateur,NOUN,C1,beacco,4.101,0.0722,0.0,0.0,0.0,0.0,4.101,0.0,0.0722,0.0,0.0,0.0,0.0,4.139,0.0,0.0975,C1,word_pos,certificateur,N,certificateur,NOM
chlorophyllien,ADJ,C1,beacco,4.101,0.0722,0.0,0.0,0.0,0.0,4.101,0.0,0.0722,0.0,0.0,0.0,0.0,4.139,0.0,0.0975,C1,word_pos,chlorophyllien,A,chlorophyllien,ADJ
co2,NOUN,C1,crf_first_attested,4.101,0.0722,0.0,0.0,0.0,0.0,4.101,0.0,0.0722,,,,,,,,,crf_only,co2,N,,
collecter,VERB,C1,beacco,4.101,0.0722,0.0,0.0,0.0,0.0,4.101,0.0,0.0722,0.0,0.0,0.0,0.0,4.139,0.0,0.0975,C1,word_pos,collecter,V,collecter,VER
comparatif,ADJ,C1,beacco,4.101,0.0722,0.0,0.0,0.0,0.0,4.101,0.0,0.0722,0.0,0.0,0.0,0.0,4.139,0.0,0.0975,C1,word_pos,comparatif,A,comparatif,ADJ
compréhensible,ADJ,C1,beacco,4.101,0.0722,0.0,0.0,0.0,0.0,4.101,0.0,0.0722,0.0,0.0,0.0,0.0,4.139,0.0,0.0975,C1,word_pos,compréhensible,A,compréhensible,ADJ
consacré,ADJ,C1,crf_first_attested,4.101,0.0722,0.0,0.0,0.0,0.0,4.101,0.0,0.0722,,,,,,,,,crf_only,consacré,A,,
conso,NOUN,C1,crf_first_attested,4.101,0.0722,0.0,0.0,0.0,0.0,4.101,0.0,0.0722,,,,,,,,,crf_only,conso,N,,
conso - providence,NOUN,C1,crf_first_attested,4.101,0.0722,0.0,0.0,0.0,0.0,4.101,0.0,0.0722,,,,,,,,,crf_only,conso - providence,N,,
consommacteur,NOUN,C1,crf_first_attested,4.101,0.0722,0.0,0.0,0.0,0.0,4.101,0.0,0.0722,,,,,,,,,crf_only,consommacteur,N,,
cybermonde,NOUN,C1,crf_first_attested,4.101,0.0722,0.0,0.0,0.0,0.0,4.101,0.0,0.0722,,,,,,,,,crf_only,cybermonde,N,,
d' abord et avant tout,ADV,C1,crf_first_attested,4.101,0.0722,0.0,0.0,0.0,0.0,4.101,0.0,0.0722,,,,,,,,,crf_only,d' abord et avant tout,ADV,,
diocèse,NOUN,C1,beacco,4.101,0.0722,0.0,0.0,0.0,0.0,4.101,0.0,0.0722,0.0,0.0,0.0,0.0,4.139,0.0,0.0975,C1,word_pos,diocèse,N,diocèse,NOM
discal,ADJ,C1,beacco,4.101,0.0722,0.0,0.0,0.0,0.0,4.101,0.0,0.0722,0.0,0.0,0.0,0.0,4.139,0.0,0.0975,C1,word_pos,discal,A,discal,ADJ
distinguo,NOUN,C1,beacco,4.101,0.0722,0.0,0.0,0.0,0.0,4.101,0.0,0.0722,0.0,0.0,0.0,0.0,4.139,0.0,0.0975,C1,word_pos,distinguo,N,distinguo,NOM
djeunes,NOUN,C1,crf_first_attested,4.101,0.0722,0.0,0.0,0.0,0.0,4.101,0.0,0.0722,,,,,,,,,crf_only,djeunes,N,,
déconvenue,NOUN,C1,beacco,4.101,0.0722,0.0,0.0,0.0,0.0,4.101,0.0,0.0722,0.0,0.0,0.0,0.0,4.139,0.0,0.0975,C1,word_pos,déconvenue,N,déconvenue,NOM
défaitiste,ADJ,C1,beacco,4.101,0.0722,0.0,0.0,0.0,0.0,4.101,0.0,0.0722,0.0,0.0,0.0,0.0,4.139,0.0,0.0975,C1,word_pos,défaitiste,A,défaitiste,ADJ
démêler,VERB,C1,beacco,4.101,0.0722,0.0,0.0,0.0,0.0,4.101,0.0,0.0722,0.0,0.0,0.0,0.0,4.139,0.0,0.0975,C1,word_pos,démêler,V,démêler,VER
dérangeant,ADJ,C1,beacco,4.101,0.0722,0.0,0.0,0.0,0.0,4.101,0.0,0.0722,0.0,0.0,0.0,0.0,4.139,0.0,0.0975,C1,word_pos,dérangeant,A,dérangeant,ADJ
dérèglement,NOUN,C1,beacco,4.101,0.0722,0.0,0.0,0.0,0.0,4.101,0.0,0.0722,0.0,0.0,0.0,0.0,8.2781,0.0,0.1951,C1,word_pos,dérèglement,N,dérèglement,NOM
désapprobation,NOUN,C1,beacco,4.101,0.0722,0.0,0.0,0.0,0.0,4.101,0.0,0.0722,0.0,0.0,0.0,0.0,8.2781,0.0,0.1951,C1,word_pos,désapprobation,N,désapprobation,NOM
désidéalisation,NOUN,C1,crf_first_attested,4.101,0.0722,0.0,0.0,0.0,0.0,4.101,0.0,0.0722,,,,,,,,,crf_only,désidéalisation,N,,
editing,X,C1,crf_first_attested,4.101,0.0722,0.0,0.0,0.0,0.0,4.101,0.0,0.0722,,,,,,,,,crf_only,editing,X,,
en exergue,ADV,C1,crf_first_attested,4.101,0.0722,0.0,0.0,0.0,0.0,4.101,0.0,0.0722,,,,,,,,,crf_only,en exergue,ADV,,
enfler,VERB,C1,beacco,4.101,0.0722,0.0,0.0,0.0,0.0,4.101,0.0,0.0722,0.0,0.0,0.0,0.0,4.139,0.0,0.0975,C1,word_pos,enfler,V,enfler,VER
ensemencement,NOUN,C1,beacco,4.101,0.0722,0.0,0.0,0.0,0.0,4.101,0.0,0.0722,0.0,0.0,0.0,0.0,4.139,0.0,0.0975,C1,word_pos,ensemencement,N,ensemencement,NOM
excédentaire,ADJ,C1,beacco,4.101,0.0722,0.0,0.0,0.0,0.0,4.101,0.0,0.0722,0.0,0.0,0.0,0.0,4.139,0.0,0.0975,C1,word_pos,excédentaire,A,excédentaire,ADJ
expat,NOUN,C1,crf_first_attested,4.101,0.0722,0.0,0.0,0.0,0.0,4.101,0.0,0.0722,,,,,,,,,crf_only,expat,N,,
faire face à,VERB,C1,crf_first_attested,4.101,0.0722,0.0,0.0,0.0,0.0,4.101,0.0,0.0722,,,,,,,,,crf_only,faire face à,V,,
feignant,NOUN,C1,beacco,4.101,0.0722,0.0,0.0,0.0,0.0,4.101,0.0,0.0722,0.0,0.0,0.0,0.0,4.139,0.0,0.0975,C1,word_pos,feignant,N,feignant,NOM
fertilisation,NOUN,C1,beacco,4.101,0.0722,0.0,0.0,0.0,0.0,4.101,0.0,0.0722,0.0,0.0,0.0,0.0,4.139,0.0,0.0975,C1,word_pos,fertilisation,N,fertilisation,NOM
ferveur,NOUN,C1,beacco,4.101,0.0722,0.0,0.0,0.0,0.0,4.101,0.0,0.0722,0.0,0.0,0.0,0.0,4.139,0.0,0.0975,C1,word_pos,ferveur,N,ferveur,NOM
flanquer,VERB,C1,beacco,4.101,0.0722,0.0,0.0,0.0,0.0,4.101,0.0,0.0722,0.0,0.0,0.0,0.0,4.139,0.0,0.0975,C1,word_pos,flanquer,V,flanquer,VER
géné,VERB,C1,crf_first_attested,4.101,0.0722,0.0,0.0,0.0,0.0,4.101,0.0,0.0722,,,,,,,,,crf_only,géné,V,,
homologuer,VERB,C1,beacco,4.101,0.0722,0.0,0.0,0.0,0.0,4.101,0.0,0.0722,0.0,0.0,0.0,0.0,4.139,0.0,0.0975,C1,word_pos,homologuer,V,homologuer,VER
individualisation,NOUN,C1,beacco,4.101,0.0722,0.0,0.0,0.0,0.0,4.101,0.0,0.0722,0.0,0.0,0.0,0.0,4.139,0.0,0.0975,C1,word_pos,individualisation,N,individualisation,NOM
inefficace,ADJ,C1,beacco,4.101,0.0722,0.0,0.0,0.0,0.0,4.101,0.0,0.0722,0.0,0.0,0.0,0.0,4.139,0.0,0.0975,C1,word_pos,inefficace,A,inefficace,ADJ
instauration,NOUN,C1,beacco,4.101,0.0722,0.0,0.0,0.0,0.0,4.101,0.0,0.0722,0.0,0.0,0.0,0.0,4.139,0.0,0.0975,C1,word_pos,instauration,N,instauration,NOM
jeuxvideo,NOUN,C1,crf_first_attested,4.101,0.0722,0.0,0.0,0.0,0.0,4.101,0.0,0.0722,,,,,,,,,crf_only,jeuxvideo,N,,
labelliser,VERB,C1,crf_first_attested,4.101,0.0722,0.0,0.0,0.0,0.0,4.101,0.0,0.0722,,,,,,,,,crf_only,labelliser,V,,
loquace,ADJ,C1,beacco,4.101,0.0722,0.0,0.0,0.0,0.0,4.101,0.0,0.0722,0.0,0.0,0.0,0.0,4.139,0.0,0.0975,C1,word_pos,loquace,A,loquace,ADJ
maladroitement,ADV,C1,beacco,4.101,0.0722,0.0,0.0,0.0,0.0,4.101,0.0,0.0722,0.0,0.0,0.0,0.0,4.139,0.0,0.0975,C1,word_pos,maladroitement,ADV,maladroitement,ADV
multiculturalisme,NOUN,C1,beacco,4.101,0.0722,0.0,0.0,0.0,0.0,4.101,0.0,0.0722,0.0,0.0,0.0,0.0,8.2781,0.0,0.1951,C1,word_pos,multiculturalisme,N,multiculturalisme,NOM
myself,X,C1,crf_first_attested,4.101,0.0722,0.0,0.0,0.0,0.0,4.101,0.0,0.0722,,,,,,,,,crf_only,myself,X,,
mélanésien,ADJ,C1,beacco,4.101,0.0722,0.0,0.0,0.0,0.0,4.101,0.0,0.0722,0.0,0.0,0.0,0.0,4.139,0.0,0.0975,C1,word_pos,mélanésien,A,mélanésien,ADJ
métis - mulâtre,NOUN,C1,crf_first_attested,4.101,0.0722,0.0,0.0,0.0,0.0,4.101,0.0,0.0722,,,,,,,,,crf_only,métis - mulâtre,N,,
neuromarketing,NOUN,C1,crf_first_attested,4.101,0.0722,0.0,0.0,0.0,0.0,4.101,0.0,0.0722,,,,,,,,,crf_only,neuromarketing,N,,
nickel,ADJ,C1,crf_first_attested,4.101,0.0722,0.0,0.0,0.0,0.0,4.101,0.0,0.0722,,,,,,,,,crf_only,nickel,A,,
nord - africain - maghrébin,ADJ,C1,crf_first_attested,4.101,0.0722,0.0,0.0,0.0,0.0,4.101,0.0,0.0722,,,,,,,,,crf_only,nord - africain - maghrébin,A,,
nutriment,NOUN,C1,beacco,4.101,0.0722,0.0,0.0,0.0,0.0,4.101,0.0,0.0722,0.0,0.0,0.0,0.0,4.139,0.0,0.0975,C1,word_pos,nutriment,N,nutriment,NOM
panos,X,C1,crf_first_attested,4.101,0.0722,0.0,0.0,0.0,0.0,4.101,0.0,0.0722,,,,,,,,,crf_only,panos,X,,
par de autre,PREP,C1,crf_first_attested,4.101,0.0722,0.0,0.0,0.0,0.0,4.101,0.0,0.0722,,,,,,,,,crf_only,par de autre,PREP,,
par opposition à,PREP,C1,crf_first_attested,4.101,0.0722,0.0,0.0,0.0,0.0,4.101,0.0,0.0722,,,,,,,,,crf_only,par opposition à,PREP,,
pesant,ADJ,C1,beacco,4.101,0.0722,0.0,0.0,0.0,0.0,4.101,0.0,0.0722,0.0,0.0,0.0,0.0,4.139,0.0,0.0975,C1,word_pos,pesant,A,pesant,ADJ
photosynthèse,NOUN,C1,beacco,4.101,0.0722,0.0,0.0,0.0,0.0,4.101,0.0,0.0722,0.0,0.0,0.0,0.0,4.139,0.0,0.0975,C1,word_pos,photosynthèse,N,photosynthèse,NOM
polynésien,ADJ,C1,beacco,4.101,0.0722,0.0,0.0,0.0,0.0,4.101,0.0,0.0722,0.0,0.0,0.0,0.0,4.139,0.0,0.0975,C1,word_pos,polynésien,A,polynésien,ADJ
portrait - robot,NOUN,C1,crf_first_attested,4.101,0.0722,0.0,0.0,0.0,0.0,4.101,0.0,0.0722,,,,,,,,,crf_only,portrait - robot,N,,
pour ce faire,ADV,C1,crf_first_attested,4.101,0.0722,0.0,0.0,0.0,0.0,4.101,0.0,0.0722,,,,,,,,,crf_only,pour ce faire,ADV,,
profusion,NOUN,C1,beacco,4.101,0.0722,0.0,0.0,0.0,0.0,4.101,0.0,0.0722,0.0,0.0,0.0,0.0,4.139,0.0,0.0975,C1,word_pos,profusion,N,profusion,NOM
prospectif,ADJ,C1,beacco,4.101,0.0722,0.0,0.0,0.0,0.0,4.101,0.0,0.0722,0.0,0.0,0.0,0.0,4.139,0.0,0.0975,C1,word_pos,prospectif,A,prospectif,ADJ
présumé,ADJ,C1,crf_first_attested,4.101,0.0722,0.0,0.0,0.0,0.0,4.101,0.0,0.0722,,,,,,,,,crf_only,présumé,A,,
pédopsychiatre,NOUN,C1,beacco,4.101,0.0722,0.0,0.0,0.0,0.0,4.101,0.0,0.0722,0.0,0.0,0.0,0.0,4.139,0.0,0.0975,C1,word_pos,pédopsychiatre,N,pédopsychiatre,NOM
quasi - débutant,NOUN,C1,crf_first_attested,4.101,0.0722,0.0,0.0,0.0,0.0,4.101,0.0,0.0722,,,,,,,,,crf_only,quasi - débutant,N,,
raccourcir,VERB,C1,beacco,4.101,0.0722,0.0,0.0,0.0,0.0,4.101,0.0,0.0722,0.0,0.0,0.0,0.0,8.2781,0.0,0.1951,C1,word_pos,raccourcir,V,raccourcir,VER
rapatrié,NOUN,C1,beacco,4.101,0.0722,0.0,0.0,0.0,0.0,4.101,0.0,0.0722,0.0,0.0,0.0,0.0,4.139,0.0,0.0975,C1,word_pos,rapatrié,N,rapatrié,NOM
renfrogner,VERB,C1,beacco,4.101,0.0722,0.0,0.0,0.0,0.0,4.101,0.0,0.0722,0.0,0.0,0.0,0.0,4.139,0.0,0.0975,C1,word_pos,renfrogner,V,renfrogner,VER
renoncement,NOUN,C1,beacco,4.101,0.0722,0.0,0.0,0.0,0.0,4.101,0.0,0.0722,0.0,0.0,0.0,0.0,4.139,0.0,0.0975,C1,word_pos,renoncement,N,renoncement,NOM
réactiver,VERB,C1,beacco,4.101,0.0722,0.0,0.0,0.0,0.0,4.101,0.0,0.0722,0.0,0.0,0.0,0.0,4.139,0.0,0.0975,C1,word_pos,réactiver,V,réactiver,VER
réconciliation,NOUN,C1,crf_first_attested,4.101,0.0722,0.0,0.0,0.0,0.0,4.101,0.0,0.0722,,,,,,,,,crf_only,réconciliation,N,,
réenchantement,NOUN,C1,crf_first_attested,4.101,0.0722,0.0,0.0,0.0,0.0,4.101,0.0,0.0722,,,,,,,,,crf_only,réenchantement,N,,
réenchanter,VERB,C1,crf_first_attested,4.101,0.0722,0.0,0.0,0.0,0.0,4.101,0.0,0.0722,,,,,,,,,crf_only,réenchanter,V,,
réinstaller,VERB,C1,beacco,4.101,0.0722,0.0,0.0,0.0,0.0,4.101,0.0,0.0722,0.0,0.0,0.0,0.0,4.139,0.0,0.0975,C1,word_pos,réinstaller,V,réinstaller,VER
réintégration,NOUN,C1,beacco,4.101,0.0722,0.0,0.0,0.0,0.0,4.101,0.0,0.0722,0.0,0.0,0.0,0.0,4.139,0.0,0.0975,C1,word_pos,réintégration,N,réintégration,NOM
réorganiser,VERB,C1,beacco,4.101,0.0722,0.0,0.0,0.0,0.0,4.101,0.0,0.0722,0.0,0.0,0.0,0.0,4.139,0.0,0.0975,C1,word_pos,réorganiser,V,réorganiser,VER
réticent,ADJ,C1,beacco,4.101,0.0722,0.0,0.0,0.0,0.0,4.101,0.0,0.0722,0.0,0.0,0.0,0.0,4.139,0.0,0.0975,C1,word_pos,réticent,A,réticent,ADJ
sereinement,ADV,C1,beacco,4.101,0.0722,0.0,0.0,0.0,0.0,4.101,0.0,0.0722,0.0,0.0,0.0,0.0,4.139,0.0,0.0975,C1,word_pos,sereinement,ADV,sereinement,ADV
sexologue,NOUN,C1,beacco,4.101,0.0722,0.0,0.0,0.0,0.0,4.101,0.0,0.0722,0.0,0.0,0.0,0.0,4.139,0.0,0.0975,C1,word_pos,sexologue,N,sexologue,NOM
signaliser,VERB,C1,beacco,4.101,0.0722,0.0,0.0,0.0,0.0,4.101,0.0,0.0722,0.0,0.0,0.0,0.0,4.139,0.0,0.0975,C1,word_pos,signaliser,V,signaliser,VER
sinécure,NOUN,C1,beacco,4.101,0.0722,0.0,0.0,0.0,0.0,4.101,0.0,0.0722,0.0,0.0,0.0,0.0,4.139,0.0,0.0975,C1,word_pos,sinécure,N,sinécure,NOM
soubresaut,NOUN,C1,beacco,4.101,0.0722,0.0,0.0,0.0,0.0,4.101,0.0,0.0722,0.0,0.0,0.0,0.0,4.139,0.0,0.0975,C1,word_pos,soubresaut,N,soubresaut,NOM
spécimen,NOUN,C1,beacco,4.101,0.0722,0.0,0.0,0.0,0.0,4.101,0.0,0.0722,0.0,0.0,0.0,0.0,4.139,0.0,0.0975,C1,word_pos,spécimen,N,spécimen,NOM
stigmatisant,ADJ,C1,crf_first_attested,4.101,0.0722,0.0,0.0,0.0,0.0,4.101,0.0,0.0722,,,,,,,,,crf_only,stigmatisant,A,,
stratosphère,NOUN,C1,beacco,4.101,0.0722,0.0,0.0,0.0,0.0,4.101,0.0,0.0722,0.0,0.0,0.0,0.0,4.139,0.0,0.0975,C1,word_pos,stratosphère,N,stratosphère,NOM
surdimensionner,VERB,C1,beacco,4.101,0.0722,0.0,0.0,0.0,0.0,4.101,0.0,0.0722,0.0,0.0,0.0,0.0,4.139,0.0,0.0975,C1,word_pos,surdimensionner,V,surdimensionner,VER
surreprésentation,NOUN,C1,beacco,4.101,0.0722,0.0,0.0,0.0,0.0,4.101,0.0,0.0722,0.0,0.0,0.0,0.0,4.139,0.0,0.0975,C1,word_pos,surreprésentation,N,surreprésentation,NOM
tracas,NOUN,C1,beacco,4.101,0.0722,0.0,0.0,0.0,0.0,4.101,0.0,0.0722,0.0,0.0,0.0,0.0,4.139,0.0,0.0975,C1,word_pos,tracas,N,tracas,NOM
trop - plein,NOUN,C1,crf_first_attested,4.101,0.0722,0.0,0.0,0.0,0.0,4.101,0.0,0.0722,,,,,,,,,crf_only,trop - plein,N,,
à haut potentiel,ADV,C1,crf_first_attested,4.101,0.0722,0.0,0.0,0.0,0.0,4.101,0.0,0.0722,,,,,,,,,crf_only,à haut potentiel,ADV,,
à vue,ADV,C1,crf_first_attested,4.101,0.0722,0.0,0.0,0.0,0.0,4.101,0.0,0.0722,,,,,,,,,crf_only,à vue,ADV,,
éclairement,NOUN,C1,beacco,4.101,0.0722,0.0,0.0,0.0,0.0,4.101,0.0,0.0722,0.0,0.0,0.0,0.0,4.139,0.0,0.0975,C1,word_pos,éclairement,N,éclairement,NOM
éradication,NOUN,C1,beacco,4.101,0.0722,0.0,0.0,0.0,0.0,4.101,0.0,0.0722,0.0,0.0,0.0,0.0,4.139,0.0,0.0975,C1,word_pos,éradication,N,éradication,NOM
assistanat,NOUN,C1,beacco,3.4423,0.0657,,,,,,,,0.0,0.0,0.0,0.0,3.4423,0.0,0.0657,C1,beacco_only,,,assistanat,NOM
camping-car,NOUN,C1,beacco,3.4423,0.0657,,,,,,,,0.0,0.0,0.0,0.0,3.4423,0.0,0.0657,C1,beacco_only,,,camping-car,NOM
cessant,ADJ,C1,beacco,3.4423,0.0657,,,,,,,,0.0,0.0,0.0,0.0,3.4423,0.0,0.0657,C1,beacco_only,,,cessant,ADJ
ciao,INT,C1,beacco,3.4423,0.0657,,,,,,,,0.0,0.0,0.0,0.0,3.4423,0.0,0.0657,C1,beacco_only,,,ciao,INT
clocher,VERB,C1,beacco,3.4423,0.0657,,,,,,,,0.0,0.0,0.0,0.0,3.4423,0.0,0.0657,C1,beacco_only,,,clocher,VER
dispos,ADJ,C1,beacco,3.4423,0.0657,,,,,,,,0.0,0.0,0.0,0.0,3.4423,0.0,0.0657,C1,beacco_only,,,dispos,ADJ
dix-huitième,ADJ,C1,beacco,3.4423,0.0657,,,,,,,,0.0,0.0,0.0,0.0,3.4423,0.0,0.0657,C1,beacco_only,,,dix-huitième,ADJ
doctoresse,NOUN,C1,beacco,3.4423,0.0657,,,,,,,,0.0,0.0,0.0,0.0,3.4423,0.0,0.0657,C1,beacco_only,,,doctoresse,NOM
décédé,ADJ,C1,beacco,3.4423,0.0657,,,,,,,,0.0,0.0,0.0,0.0,3.4423,0.0,0.0657,C1,beacco_only,,,décédé,ADJ
détecteur,ADJ,C1,beacco,3.4423,0.0657,,,,,,,,0.0,0.0,0.0,0.0,3.4423,0.0,0.0657,C1,beacco_only,,,détecteur,ADJ
entre-deux,NOUN,C1,beacco,3.4423,0.0657,,,,,,,,0.0,0.0,0.0,0.0,3.4423,0.0,0.0657,C1,beacco_only,,,entre-deux,NOM
foutre,ADV,C1,beacco,3.4423,0.0657,,,,,,,,0.0,0.0,0.0,0.0,3.4423,0.0,0.0657,C1,beacco_only,,,foutre,ADV
gréco-latin,ADJ,C1,beacco,3.4423,0.0657,,,,,,,,0.0,0.0,0.0,0.0,3.4423,0.0,0.0657,C1,beacco_only,,,gréco-latin,ADJ
lapalissade,NOUN,C1,beacco,3.4423,0.0657,,,,,,,,0.0,0.0,0.0,0.0,3.4423,0.0,0.0657,C1,beacco_only,,,lapalissade,NOM
lémuriens,NOUN,C1,beacco,3.4423,0.0657,,,,,,,,0.0,0.0,0.0,0.0,3.4423,0.0,0.0657,C1,beacco_only,,,lémuriens,NOM
mairesse,NOUN,C1,beacco,3.4423,0.0657,,,,,,,,0.0,0.0,0.0,0.0,3.4423,0.0,0.0657,C1,beacco_only,,,mairesse,NOM
mazarine,NOUN,C1,beacco,3.4423,0.0657,,,,,,,,0.0,0.0,0.0,0.0,3.4423,0.0,0.0657,C1,beacco_only,,,mazarine,NOM
maïeur,NOUN,C1,beacco,3.4423,0.0657,,,,,,,,0.0,0.0,0.0,0.0,3.4423,0.0,0.0657,C1,beacco_only,,,maïeur,NOM
méninge,NOUN,C1,beacco,3.4423,0.0657,,,,,,,,0.0,0.0,0.0,0.0,3.4423,0.0,0.0657,C1,beacco_only,,,méninge,NOM
non-initié,NOUN,C1,beacco,3.4423,0.0657,,,,,,,,0.0,0.0,0.0,0.0,3.4423,0.0,0.0657,C1,beacco_only,,,non-initié,NOM
officière,NOUN,C1,beacco,3.4423,0.0657,,,,,,,,0.0,0.0,0.0,0.0,3.4423,0.0,0.0657,C1,beacco_only,,,officière,NOM
passeur,NOUN,C1,beacco,3.4423,0.0657,,,,,,,,0.0,0.0,0.0,0.0,3.4423,0.0,0.0657,C1,beacco_only,,,passeur,NOM
perforer,VERB,C1,beacco,3.4423,0.0657,,,,,,,,0.0,0.0,0.0,0.0,3.4423,0.0,0.0657,C1,beacco_only,,,perforer,VER
petite-bourgeoise,ADJ,C1,beacco,3.4423,0.0657,,,,,,,,0.0,0.0,0.0,0.0,3.4423,0.0,0.0657,C1,beacco_only,,,petite-bourgeoise,ADJ
pineau,NOUN,C1,beacco,3.4423,0.0657,,,,,,,,0.0,0.0,0.0,0.0,3.4423,0.0,0.0657,C1,beacco_only,,,pineau,NOM
poétesse,NOUN,C1,beacco,3.4423,0.0657,,,,,,,,0.0,0.0,0.0,0.0,3.4423,0.0,0.0657,C1,beacco_only,,,poétesse,NOM
préfète,NOUN,C1,beacco,3.4423,0.0657,,,,,,,,0.0,0.0,0.0,0.0,3.4423,0.0,0.0657,C1,beacco_only,,,préfète,NOM
ram,NOUN,C1,beacco,3.4423,0.0657,,,,,,,,0.0,0.0,0.0,0.0,3.4423,0.0,0.0657,C1,beacco_only,,,ram,NOM
ravi,ADJ,C1,beacco,3.4423,0.0657,,,,,,,,0.0,0.0,0.0,0.0,3.4423,0.0,0.0657,C1,beacco_only,,,ravi,ADJ
renversé,ADJ,C1,beacco,3.4423,0.0657,,,,,,,,0.0,0.0,0.0,0.0,3.4423,0.0,0.0657,C1,beacco_only,,,renversé,ADJ
six,NOUN,C1,beacco,3.4423,0.0657,,,,,,,,0.0,0.0,0.0,0.0,3.4423,0.0,0.0657,C1,beacco_only,,,six,NOM
soldate,NOUN,C1,beacco,3.4423,0.0657,,,,,,,,0.0,0.0,0.0,0.0,3.4423,0.0,0.0657,C1,beacco_only,,,soldate,NOM
spatio-temporel,ADJ,C1,beacco,3.4423,0.0657,,,,,,,,0.0,0.0,0.0,0.0,3.4423,0.0,0.0657,C1,beacco_only,,,spatio-temporel,ADJ
tam-tam,NOUN,C1,beacco,3.4423,0.0657,,,,,,,,0.0,0.0,0.0,0.0,3.4423,0.0,0.0657,C1,beacco_only,,,tam-tam,NOM
tanner,VERB,C1,beacco,3.4423,0.0657,,,,,,,,0.0,0.0,0.0,0.0,3.4423,0.0,0.0657,C1,beacco_only,,,tanner,VER
télégraphier,VERB,C1,beacco,3.4423,0.0657,,,,,,,,0.0,0.0,0.0,0.0,3.4423,0.0,0.0657,C1,beacco_only,,,télégraphier,VER
universel,NOUN,C1,beacco,3.4423,0.0657,,,,,,,,0.0,0.0,0.0,0.0,3.4423,0.0,0.0657,C1,beacco_only,,,universel,NOM
va-comme-je-te-pousse,ADV,C1,beacco,3.4423,0.0657,,,,,,,,0.0,0.0,0.0,0.0,3.4423,0.0,0.0657,C1,beacco_only,,,va-comme-je-te-pousse,ADV
versé,ADJ,C1,beacco,3.4423,0.0657,,,,,,,,0.0,0.0,0.0,0.0,3.4423,0.0,0.0657,C1,beacco_only,,,versé,ADJ
violenter,VERB,C1,beacco,3.4423,0.0657,,,,,,,,0.0,0.0,0.0,0.0,3.4423,0.0,0.0657,C1,beacco_only,,,violenter,VER
érailler,VERB,C1,beacco,3.4423,0.0657,,,,,,,,0.0,0.0,0.0,0.0,3.4423,0.0,0.0657,C1,beacco_only,,,érailler,VER
bang,X,C1,beacco,3.2084,2.4462,0.0,0.6418,1.4195,0.0,3.2084,0.0,2.4462,0.0,0.0,0.0,0.0,3.4423,0.0,0.0657,C1,unique_word,bang,X,bang,NOM
intitulé,NOUN,C1,beacco,3.2084,1.3722,0.0,2.803,0.0,0.0,3.2084,2.0587,1.3722,0.0,0.0,0.0,0.0,3.4423,4.0185,0.1315,C1,word_pos,intitulé,N,intitulé,NOM
adhérent,ADJ,C1,beacco,3.2084,1.1093,0.0,0.0,1.809,0.0,3.2084,0.0,1.1093,0.0,0.0,0.6378,0.0,0.0,0.0,0.0592,C1,word_pos,adhérent,A,adhérent,ADJ
réussi,ADJ,C1,beacco,3.2084,0.9197,0.0,0.0,1.4473,0.0,3.2084,0.0,0.9197,0.0,0.1865,0.0,0.0,3.4423,0.0,0.3899,C1,word_pos,réussi,A,réussi,ADJ
laminer,VERB,C1,beacco,3.2084,0.6974,0.0,0.0,0.5833,0.0,3.2084,0.0,0.6974,0.0,0.0,0.0,0.0,3.4423,0.0,0.0657,C1,word_pos,laminer,V,laminer,VER
coco,NOUN,C1,beacco,3.2084,0.5931,0.0,0.6342,0.0,0.0,3.2084,0.0,0.5931,0.0,0.0,0.0,0.0,3.4423,0.0,0.0657,C1,word_pos,coco,N,coco,NOM
pour le moins,ADV,C1,crf_first_attested,3.2084,0.5199,0.0,0.0,0.0,0.0,3.2084,6.4938,0.5199,,,,,,,,,crf_only,pour le moins,ADV,,
positif,NOUN,C1,beacco,3.2084,0.499,0.0,0.0,0.3618,0.0,3.2084,0.0,0.499,0.0,0.0,0.0,0.0,3.4423,0.0,0.0657,C1,word_pos,positif,N,positif,NOM
émoi,NOUN,C1,beacco,3.2084,0.499,0.0,0.0,0.3618,0.0,3.2084,0.0,0.499,0.0,0.0,0.0,0.0,3.4423,0.0,0.0657,C1,word_pos,émoi,N,émoi,NOM
cadran,NOUN,C1,beacco,3.2084,0.4701,0.0,0.3918,0.0,0.0,3.2084,0.0,0.4701,0.0,0.1865,0.0,0.0,3.4423,0.0,0.3899,C1,word_pos,cadran,N,cadran,NOM
poterie,NOUN,C1,beacco,3.2084,0.4021,0.5081,0.0,0.0,0.0,3.2084,0.0,0.4021,0.5504,0.0,0.0,0.0,3.4423,0.0,0.4123,C1,word_pos,poterie,N,poterie,NOM
baignade,NOUN,C1,beacco,3.2084,0.2549,0.0816,0.0,0.0,0.0,3.2084,0.0,0.2549,0.171,0.0,0.0,0.0,3.4423,0.0,0.228,C1,word_pos,baignade,N,baignade,NOM
agio,NOUN,C1,beacco,3.2084,0.0665,0.0,0.0,0.0,0.0,3.2084,0.0,0.0665,0.0,0.0,0.0,0.0,3.4423,0.0,0.0657,C1,word_pos,agio,N,agio,NOM
allergie,NOUN,C1,beacco,3.2084,0.0665,0.0,0.0,0.0,0.0,3.2084,0.0,0.0665,0.0,0.0,0.0,0.0,3.4423,0.0,0.0657,C1,word_pos,allergie,N,allergie,NOM
amèrement,ADV,C1,beacco,3.2084,0.0665,0.0,0.0,0.0,0.0,3.2084,0.0,0.0665,0.0,0.0,0.0,0.0,3.4423,0.0,0.0657,C1,word_pos,amèrement,ADV,amèrement,ADV
apocryphe,ADJ,C1,beacco,3.2084,0.0665,0.0,0.0,0.0,0.0,3.2084,0.0,0.0665,0.0,0.0,0.0,0.0,3.4423,0.0,0.0657,C1,word_pos,apocryphe,A,apocryphe,ADJ
atroce,ADJ,C1,beacco,3.2084,0.0665,0.0,0.0,0.0,0.0,3.2084,0.0,0.0665,0.0,0.0,0.0,0.0,3.4423,0.0,0.0657,C1,word_pos,atroce,A,atroce,ADJ
au détriment de,PREP,C1,crf_first_attested,3.2084,0.0665,0.0,0.0,0.0,0.0,3.2084,0.0,0.0665,,,,,,,,,crf_only,au détriment de,PREP,,
auto - déterminé,NOUN,C1,crf_first_attested,3.2084,0.0665,0.0,0.0,0.0,0.0,3.2084,0.0,0.0665,,,,,,,,,crf_only,auto - déterminé,N,,
aveyronnais,ADJ,C1,crf_first_attested,3.2084,0.0665,0.0,0.0,0.0,0.0,3.2084,0.0,0.0665,,,,,,,,,crf_only,aveyronnais,A,,
bien d' ailleurs,ADV,C1,crf_first_attested,3.2084,0.0665,0.0,0.0,0.0,0.0,3.2084,0.0,0.0665,,,,,,,,,crf_only,bien d' ailleurs,ADV,,
bruyamment,ADV,C1,beacco,3.2084,0.0665,0.0,0.0,0.0,0.0,3.2084,0.0,0.0665,0.0,0.0,0.0,0.0,3.4423,0.0,0.0657,C1,word_pos,bruyamment,ADV,bruyamment,ADV
bêtement,ADV,C1,beacco,3.2084,0.0665,0.0,0.0,0.0,0.0,3.2084,0.0,0.0665,0.0,0.0,0.0,0.0,3.4423,0.0,0.0657,C1,word_pos,bêtement,ADV,bêtement,ADV
capuchadou,NOUN,C1,crf_first_attested,3.2084,0.0665,0.0,0.0,0.0,0.0,3.2084,0.0,0.0665,,,,,,,,,crf_only,capuchadou,N,,
carotte,ADJ,C1,beacco,3.2084,0.0665,0.0,0.0,0.0,0.0,3.2084,0.0,0.0665,0.0,0.0,0.0,0.0,3.4423,0.0,0.0657,C1,word_pos,carotte,A,carotte,ADJ
cartographier,VERB,C1,beacco,3.2084,0.0665,0.0,0.0,0.0,0.0,3.2084,0.0,0.0665,0.0,0.0,0.0,0.0,3.4423,0.0,0.0657,C1,word_pos,cartographier,V,cartographier,VER
cessation,NOUN,C1,beacco,3.2084,0.0665,0.0,0.0,0.0,0.0,3.2084,0.0,0.0665,0.0,0.0,0.0,0.0,3.4423,0.0,0.0657,C1,word_pos,cessation,N,cessation,NOM
chrysalide,NOUN,C1,beacco,3.2084,0.0665,0.0,0.0,0.0,0.0,3.2084,0.0,0.0665,0.0,0.0,0.0,0.0,3.4423,0.0,0.0657,C1,word_pos,chrysalide,N,chrysalide,NOM
cloporte,NOUN,C1,beacco,3.2084,0.0665,0.0,0.0,0.0,0.0,3.2084,0.0,0.0665,0.0,0.0,0.0,0.0,3.4423,0.0,0.0657,C1,word_pos,cloporte,N,cloporte,NOM
co - voiturage,NOUN,C1,crf_first_attested,3.2084,0.0665,0.0,0.0,0.0,0.0,3.2084,0.0,0.0665,,,,,,,,,crf_only,co - voiturage,N,,
coutellerie,NOUN,C1,beacco,3.2084,0.0665,0.0,0.0,0.0,0.0,3.2084,0.0,0.0665,0.0,0.0,0.0,0.0,6.8846,0.0,0.1315,C1,word_pos,coutellerie,N,coutellerie,NOM
croûte,NOUN,C1,beacco,3.2084,0.0665,0.0,0.0,0.0,0.0,3.2084,0.0,0.0665,0.0,0.0,0.0,0.0,3.4423,0.0,0.0657,C1,word_pos,croûte,N,croûte,NOM
créditeur,ADJ,C1,beacco,3.2084,0.0665,0.0,0.0,0.0,0.0,3.2084,0.0,0.0665,0.0,0.0,0.0,0.0,3.4423,0.0,0.0657,C1,word_pos,créditeur,A,créditeur,ADJ
crépiter,VERB,C1,beacco,3.2084,0.0665,0.0,0.0,0.0,0.0,3.2084,0.0,0.0665,0.0,0.0,0.0,0.0,3.4423,0.0,0.0657,C1,word_pos,crépiter,V,crépiter,VER
cumulatif,ADJ,C1,beacco,3.2084,0.0665,0.0,0.0,0.0,0.0,3.2084,0.0,0.0665,0.0,0.0,0.0,0.0,3.4423,0.0,0.0657,C1,word_pos,cumulatif,A,cumulatif,ADJ
cuvée,NOUN,C1,beacco,3.2084,0.0665,0.0,0.0,0.0,0.0,3.2084,0.0,0.0665,0.0,0.0,0.0,0.0,3.4423,0.0,0.0657,C1,word_pos,cuvée,N,cuvée,NOM
debout là,ADV,C1,crf_first_attested,3.2084,0.0665,0.0,0.0,0.0,0.0,3.2084,0.0,0.0665,,,,,,,,,crf_only,debout là,ADV,,
descriptif,ADJ,C1,beacco,3.2084,0.0665,0.0,0.0,0.0,0.0,3.2084,0.0,0.0665,0.0,0.0,0.0,0.0,6.8846,0.0,0.1315,C1,word_pos,descriptif,A,descriptif,ADJ
diapo,NOUN,C1,beacco,3.2084,0.0665,0.0,0.0,0.0,0.0,3.2084,0.0,0.0665,0.0,0.0,0.0,0.0,3.4423,0.0,0.0657,C1,word_pos,diapo,N,diapo,NOM
dompter,VERB,C1,beacco,3.2084,0.0665,0.0,0.0,0.0,0.0,3.2084,0.0,0.0665,0.0,0.0,0.0,0.0,3.4423,0.0,0.0657,C1,word_pos,dompter,V,dompter,VER
doser,VERB,C1,beacco,3.2084,0.0665,0.0,0.0,0.0,0.0,3.2084,0.0,0.0665,0.0,0.0,0.0,0.0,3.4423,0.0,0.0657,C1,word_pos,doser,V,doser,VER
déambulation,NOUN,C1,beacco,3.2084,0.0665,0.0,0.0,0.0,0.0,3.2084,0.0,0.0665,0.0,0.0,0.0,0.0,3.4423,0.0,0.0657,C1,word_pos,déambulation,N,déambulation,NOM
déontologie,NOUN,C1,beacco,3.2084,0.0665,0.0,0.0,0.0,0.0,3.2084,0.0,0.0665,0.0,0.0,0.0,0.0,3.4423,0.0,0.0657,C1,word_pos,déontologie,N,déontologie,NOM
déphaser,VERB,C1,beacco,3.2084,0.0665,0.0,0.0,0.0,0.0,3.2084,0.0,0.0665,0.0,0.0,0.0,0.0,3.4423,0.0,0.0657,C1,word_pos,déphaser,V,déphaser,VER
désolant,ADJ,C1,beacco,3.2084,0.0665,0.0,0.0,0.0,0.0,3.2084,0.0,0.0665,0.0,0.0,0.0,0.0,3.4423,0.0,0.0657,C1,word_pos,désolant,A,désolant,ADJ
en l' honneur de,PREP,C1,crf_first_attested,3.2084,0.0665,0.0,0.0,0.0,0.0,3.2084,0.0,0.0665,,,,,,,,,crf_only,en l' honneur de,PREP,,
en mer,ADV,C1,crf_first_attested,3.2084,0.0665,0.0,0.0,0.0,0.0,3.2084,0.0,0.0665,,,,,,,,,crf_only,en mer,ADV,,
entêter,VERB,C1,beacco,3.2084,0.0665,0.0,0.0,0.0,0.0,3.2084,0.0,0.0665,0.0,0.0,0.0,0.0,3.4423,0.0,0.0657,C1,word_pos,entêter,V,entêter,VER
expiration,NOUN,C1,beacco,3.2084,0.0665,0.0,0.0,0.0,0.0,3.2084,0.0,0.0665,0.0,0.0,0.0,0.0,6.8846,0.0,0.1315,C1,word_pos,expiration,N,expiration,NOM
frauduleux,ADJ,C1,beacco,3.2084,0.0665,0.0,0.0,0.0,0.0,3.2084,0.0,0.0665,0.0,0.0,0.0,0.0,3.4423,0.0,0.0657,C1,word_pos,frauduleux,A,frauduleux,ADJ
féminisation,NOUN,C1,beacco,3.2084,0.0665,0.0,0.0,0.0,0.0,3.2084,0.0,0.0665,0.0,0.0,0.0,0.0,6.8846,0.0,0.1315,C1,word_pos,féminisation,N,féminisation,NOM
gastrique,ADJ,C1,beacco,3.2084,0.0665,0.0,0.0,0.0,0.0,3.2084,0.0,0.0665,0.0,0.0,0.0,0.0,3.4423,0.0,0.0657,C1,word_pos,gastrique,A,gastrique,ADJ
girondin,ADJ,C1,beacco,3.2084,0.0665,0.0,0.0,0.0,0.0,3.2084,0.0,0.0665,0.0,0.0,0.0,0.0,3.4423,0.0,0.0657,C1,word_pos,girondin,A,girondin,ADJ
glaise,ADJ,C1,beacco,3.2084,0.0665,0.0,0.0,0.0,0.0,3.2084,0.0,0.0665,0.0,0.0,0.0,0.0,3.4423,0.0,0.0657,C1,unique_word,glaise,A,glaise,NOM
grassement,ADV,C1,beacco,3.2084,0.0665,0.0,0.0,0.0,0.0,3.2084,0.0,0.0665,0.0,0.0,0.0,0.0,3.4423,0.0,0.0657,C1,word_pos,grassement,ADV,grassement,ADV
grata,X,C1,crf_first_attested,3.2084,0.0665,0.0,0.0,0.0,0.0,3.2084,0.0,0.0665,,,,,,,,,crf_only,grata,X,,
halo,NOUN,C1,beacco,3.2084,0.0665,0.0,0.0,0.0,0.0,3.2084,0.0,0.0665,0.0,0.0,0.0,0.0,3.4423,0.0,0.0657,C1,word_pos,halo,N,halo,NOM
has,X,C1,crf_first_attested,3.2084,0.0665,0.0,0.0,0.0,0.0,3.2084,0.0,0.0665,,,,,,,,,crf_only,has,X,,
horn,X,C1,crf_first_attested,3.2084,0.0665,0.0,0.0,0.0,0.0,3.2084,0.0,0.0665,,,,,,,,,crf_only,horn,X,,
houspiller,VERB,C1,beacco,3.2084,0.0665,0.0,0.0,0.0,0.0,3.2084,0.0,0.0665,0.0,0.0,0.0,0.0,3.4423,0.0,0.0657,C1,word_pos,houspiller,V,houspiller,VER
huissier,NOUN,C1,beacco,3.2084,0.0665,0.0,0.0,0.0,0.0,3.2084,0.0,0.0665,0.0,0.0,0.0,0.0,3.4423,0.0,0.0657,C1,word_pos,huissier,N,huissier,NOM
hère,NOUN,C1,beacco,3.2084,0.0665,0.0,0.0,0.0,0.0,3.2084,0.0,0.0665,0.0,0.0,0.0,0.0,3.4423,0.0,0.0657,C1,word_pos,hère,N,hère,NOM
ici et là - bas,ADV,C1,crf_first_attested,3.2084,0.0665,0.0,0.0,0.0,0.0,3.2084,0.0,0.0665,,,,,,,,,crf_only,ici et là - bas,ADV,,
idéologiquement,ADV,C1,beacco,3.2084,0.0665,0.0,0.0,0.0,0.0,3.2084,0.0,0.0665,0.0,0.0,0.0,0.0,3.4423,0.0,0.0657,C1,word_pos,idéologiquement,ADV,idéologiquement,ADV
inconsidéré,ADJ,C1,beacco,3.2084,0.0665,0.0,0.0,0.0,0.0,3.2084,0.0,0.0665,0.0,0.0,0.0,0.0,3.4423,0.0,0.0657,C1,word_pos,inconsidéré,A,inconsidéré,ADJ
insomniaque,NOUN,C1,beacco,3.2084,0.0665,0.0,0.0,0.0,0.0,3.2084,0.0,0.0665,0.0,0.0,0.0,0.0,3.4423,0.0,0.0657,C1,word_pos,insomniaque,N,insomniaque,NOM
interférer,VERB,C1,beacco,3.2084,0.0665,0.0,0.0,0.0,0.0,3.2084,0.0,0.0665,0.0,0.0,0.0,0.0,3.4423,0.0,0.0657,C1,word_pos,interférer,V,interférer,VER
interplanétaire,ADJ,C1,crf_first_attested,3.2084,0.0665,0.0,0.0,0.0,0.0,3.2084,0.0,0.0665,,,,,,,,,crf_only,interplanétaire,A,,
irritation,NOUN,C1,beacco,3.2084,0.0665,0.0,0.0,0.0,0.0,3.2084,0.0,0.0665,0.0,0.0,0.0,0.0,3.4423,0.0,0.0657,C1,word_pos,irritation,N,irritation,NOM
jaser,VERB,C1,beacco,3.2084,0.0665,0.0,0.0,0.0,0.0,3.2084,0.0,0.0665,0.0,0.0,0.0,0.0,3.4423,0.0,0.0657,C1,word_pos,jaser,V,jaser,VER
laïole,NOUN,C1,crf_first_attested,3.2084,0.0665,0.0,0.0,0.0,0.0,3.2084,0.0,0.0665,,,,,,,,,crf_only,laïole,N,,
lisibilité,NOUN,C1,beacco,3.2084,0.0665,0.0,0.0,0.0,0.0,3.2084,0.0,0.0665,0.0,0.0,0.0,0.0,3.4423,0.0,0.0657,C1,word_pos,lisibilité,N,lisibilité,NOM
lémurien,NOUN,C1,crf_first_attested,3.2084,0.0665,0.0,0.0,0.0,0.0,3.2084,0.0,0.0665,,,,,,,,,crf_only,lémurien,N,,
macaque,NOUN,C1,beacco,3.2084,0.0665,0.0,0.0,0.0,0.0,3.2084,0.0,0.0665,0.0,0.0,0.0,0.0,6.8846,0.0,0.1315,C1,word_pos,macaque,N,macaque,NOM
malveillant,ADJ,C1,beacco,3.2084,0.0665,0.0,0.0,0.0,0.0,3.2084,0.0,0.0665,0.0,0.0,0.0,0.0,3.4423,0.0,0.0657,C1,word_pos,malveillant,A,malveillant,ADJ
martien,NOUN,C1,crf_first_attested,3.2084,0.0665,0.0,0.0,0.0,0.0,3.2084,0.0,0.0665,,,,,,,,,crf_only,martien,N,,
mascarade,NOUN,C1,beacco,3.2084,0.0665,0.0,0.0,0.0,0.0,3.2084,0.0,0.0665,0.0,0.0,0.0,0.0,3.4423,0.0,0.0657,C1,word_pos,mascarade,N,mascarade,NOM
maussade,ADJ,C1,beacco,3.2084,0.0665,0.0,0.0,0.0,0.0,3.2084,0.0,0.0665,0.0,0.0,0.0,0.0,3.4423,0.0,0.0657,C1,word_pos,maussade,A,maussade,ADJ
maxime,NOUN,C1,beacco,3.2084,0.0665,0.0,0.0,0.0,0.0,3.2084,0.0,0.0665,0.0,0.0,0.0,0.0,3.4423,0.0,0.0657,C1,word_pos,maxime,N,maxime,NOM
musculature,NOUN,C1,beacco,3.2084,0.0665,0.0,0.0,0.0,0.0,3.2084,0.0,0.0665,0.0,0.0,0.0,0.0,3.4423,0.0,0.0657,C1,word_pos,musculature,N,musculature,NOM
museler,VERB,C1,beacco,3.2084,0.0665,0.0,0.0,0.0,0.0,3.2084,0.0,0.0665,0.0,0.0,0.0,0.0,3.4423,0.0,0.0657,C1,word_pos,museler,V,museler,VER
nimber,VERB,C1,beacco,3.2084,0.0665,0.0,0.0,0.0,0.0,3.2084,0.0,0.0665,0.0,0.0,0.0,0.0,3.4423,0.0,0.0657,C1,word_pos,nimber,V,nimber,VER
non,X,C1,crf_first_attested,3.2084,0.0665,0.0,0.0,0.0,0.0,3.2084,0.0,0.0665,,,,,,,,,crf_only,non,X,,
octroyer,VERB,C1,beacco,3.2084,0.0665,0.0,0.0,0.0,0.0,3.2084,0.0,0.0665,0.0,0.0,0.0,0.0,3.4423,0.0,0.0657,C1,word_pos,octroyer,V,octroyer,VER
ordinairement,ADV,C1,beacco,3.2084,0.0665,0.0,0.0,0.0,0.0,3.2084,0.0,0.0665,0.0,0.0,0.0,0.0,3.4423,0.0,0.0657,C1,word_pos,ordinairement,ADV,ordinairement,ADV
panams,NOUN,C1,crf_first_attested,3.2084,0.0665,0.0,0.0,0.0,0.0,3.2084,0.0,0.0665,,,,,,,,,crf_only,panams,N,,
par le peu,ADV,C1,crf_first_attested,3.2084,0.0665,0.0,0.0,0.0,0.0,3.2084,0.0,0.0665,,,,,,,,,crf_only,par le peu,ADV,,
par égard,ADV,C1,crf_first_attested,3.2084,0.0665,0.0,0.0,0.0,0.0,3.2084,0.0,0.0665,,,,,,,,,crf_only,par égard,ADV,,
parallèlement au sommet de,PREP,C1,crf_first_attested,3.2084,0.0665,0.0,0.0,0.0,0.0,3.2084,0.0,0.0665,,,,,,,,,crf_only,parallèlement au sommet de,PREP,,
paresseusement,ADV,C1,beacco,3.2084,0.0665,0.0,0.0,0.0,0.0,3.2084,0.0,0.0665,0.0,0.0,0.0,0.0,3.4423,0.0,0.0657,C1,word_pos,paresseusement,ADV,paresseusement,ADV
penny,NOUN,C1,beacco,3.2084,0.0665,0.0,0.0,0.0,0.0,3.2084,0.0,0.0665,0.0,0.0,0.0,0.0,3.4423,0.0,0.0657,C1,word_pos,penny,N,penny,NOM
persona,X,C1,beacco,3.2084,0.0665,0.0,0.0,0.0,0.0,3.2084,0.0,0.0665,0.0,0.0,0.0,0.0,3.4423,0.0,0.0657,C1,unique_word,persona,X,persona,NOM
piaf,NOUN,C1,beacco,3.2084,0.0665,0.0,0.0,0.0,0.0,3.2084,0.0,0.0665,0.0,0.0,0.0,0.0,3.4423,0.0,0.0657,C1,word_pos,piaf,N,piaf,NOM
pliant,ADJ,C1,beacco,3.2084,0.0665,0.0,0.0,0.0,0.0,3.2084,0.0,0.0665,0.0,0.0,0.0,0.0,3.4423,0.0,0.0657,C1,word_pos,pliant,A,pliant,ADJ
plutonium,NOUN,C1,beacco,3.2084,0.0665,0.0,0.0,0.0,0.0,3.2084,0.0,0.0665,0.0,0.0,0.0,0.0,3.4423,0.0,0.0657,C1,word_pos,plutonium,N,plutonium,NOM
pouèt,X,C1,crf_first_attested,3.2084,0.0665,0.0,0.0,0.0,0.0,3.2084,0.0,0.0665,,,,,,,,,crf_only,pouèt,X,,
présentement,ADV,C1,beacco,3.2084,0.0665,0.0,0.0,0.0,0.0,3.2084,0.0,0.0665,0.0,0.0,0.0,0.0,6.8846,0.0,0.1315,C1,word_pos,présentement,ADV,présentement,ADV
péjoratif,ADJ,C1,beacco,3.2084,0.0665,0.0,0.0,0.0,0.0,3.2084,0.0,0.0665,0.0,0.0,0.0,0.0,6.8846,0.0,0.1315,C1,word_pos,péjoratif,A,péjoratif,ADJ
railler,VERB,C1,beacco,3.2084,0.0665,0.0,0.0,0.0,0.0,3.2084,0.0,0.0665,0.0,0.0,0.0,0.0,3.4423,0.0,0.0657,C1,word_pos,railler,V,railler,VER
rattrapage,NOUN,C1,beacco,3.2084,0.0665,0.0,0.0,0.0,0.0,3.2084,0.0,0.0665,0.0,0.0,0.0,0.0,3.4423,0.0,0.0657,C1,word_pos,rattrapage,N,rattrapage,NOM
redevable,ADJ,C1,beacco,3.2084,0.0665,0.0,0.0,0.0,0.0,3.2084,0.0,0.0665,0.0,0.0,0.0,0.0,6.8846,0.0,0.1315,C1,word_pos,redevable,A,redevable,ADJ
redevance,NOUN,C1,beacco,3.2084,0.0665,0.0,0.0,0.0,0.0,3.2084,0.0,0.0665,0.0,0.0,0.0,0.0,6.8846,0.0,0.1315,C1,word_pos,redevance,N,redevance,NOM
relaxe,NOUN,C1,crf_first_attested,3.2084,0.0665,0.0,0.0,0.0,0.0,3.2084,0.0,0.0665,,,,,,,,,crf_only,relaxe,N,,
relouer,VERB,C1,beacco,3.2084,0.0665,0.0,0.0,0.0,0.0,3.2084,0.0,0.0665,0.0,0.0,0.0,0.0,6.8846,0.0,0.1315,C1,word_pos,relouer,V,relouer,VER
repleurer,VERB,C1,crf_first_attested,3.2084,0.0665,0.0,0.0,0.0,0.0,3.2084,0.0,0.0665,,,,,,,,,crf_only,repleurer,V,,
resonger,VERB,C1,beacco,3.2084,0.0665,0.0,0.0,0.0,0.0,3.2084,0.0,0.0665,0.0,0.0,0.0,0.0,3.4423,0.0,0.0657,C1,word_pos,resonger,V,resonger,VER
resurgir,VERB,C1,beacco,3.2084,0.0665,0.0,0.0,0.0,0.0,3.2084,0.0,0.0665,0.0,0.0,0.0,0.0,3.4423,0.0,0.0657,C1,word_pos,resurgir,V,resurgir,VER
rtt,NOUN,C1,crf_first_attested,3.2084,0.0665,0.0,0.0,0.0,0.0,3.2084,0.0,0.0665,,,,,,,,,crf_only,rtt,N,,
rémouleur,NOUN,C1,beacco,3.2084,0.0665,0.0,0.0,0.0,0.0,3.2084,0.0,0.0665,0.0,0.0,0.0,0.0,3.4423,0.0,0.0657,C1,word_pos,rémouleur,N,rémouleur,NOM
savoir - vivre,VERB,C1,crf_first_attested,3.2084,0.0665,0.0,0.0,0.0,0.0,3.2084,0.0,0.0665,,,,,,,,,crf_only,savoir - vivre,V,,
sceur,NOUN,C1,crf_first_attested,3.2084,0.0665,0.0,0.0,0.0,0.0,3.2084,0.0,0.0665,,,,,,,,,crf_only,sceur,N,,
sioux,NOUN,C1,crf_first_attested,3.2084,0.0665,0.0,0.0,0.0,0.0,3.2084,0.0,0.0665,,,,,,,,,crf_only,sioux,N,,
spatio - temporel,ADJ,C1,crf_first_attested,3.2084,0.0665,0.0,0.0,0.0,0.0,3.2084,0.0,0.0665,,,,,,,,,crf_only,spatio - temporel,A,,
spectromètre,NOUN,C1,beacco,3.2084,0.0665,0.0,0.0,0.0,0.0,3.2084,0.0,0.0665,0.0,0.0,0.0,0.0,3.4423,0.0,0.0657,C1,word_pos,spectromètre,N,spectromètre,NOM
surbooker,VERB,C1,crf_first_attested,3.2084,0.0665,0.0,0.0,0.0,0.0,3.2084,0.0,0.0665,,,,,,,,,crf_only,surbooker,V,,
surenchère,NOUN,C1,beacco,3.2084,0.0665,0.0,0.0,0.0,0.0,3.2084,0.0,0.0665,0.0,0.0,0.0,0.0,3.4423,0.0,0.0657,C1,word_pos,surenchère,N,surenchère,NOM
sénartais,ADJ,C1,crf_first_attested,3.2084,0.0665,0.0,0.0,0.0,0.0,3.2084,0.0,0.0665,,,,,,,,,crf_only,sénartais,A,,
sénégalais,ADJ,C1,beacco,3.2084,0.0665,0.0,0.0,0.0,0.0,3.2084,0.0,0.0665,0.0,0.0,0.0,0.0,3.4423,0.0,0.0657,C1,word_pos,sénégalais,A,sénégalais,ADJ
teindre,VERB,C1,beacco,3.2084,0.0665,0.0,0.0,0.0,0.0,3.2084,0.0,0.0665,0.0,0.0,0.0,0.0,3.4423,0.0,0.0657,C1,word_pos,teindre,V,teindre,VER
terminaison,NOUN,C1,beacco,3.2084,0.0665,0.0,0.0,0.0,0.0,3.2084,0.0,0.0665,0.0,0.0,0.0,0.0,6.8846,0.0,0.1315,C1,word_pos,terminaison,N,terminaison,NOM
théorème,NOUN,C1,beacco,3.2084,0.0665,0.0,0.0,0.0,0.0,3.2084,0.0,0.0665,0.0,0.0,0.0,0.0,3.4423,0.0,0.0657,C1,word_pos,théorème,N,théorème,NOM
tonus,NOUN,C1,beacco,3.2084,0.0665,0.0,0.0,0.0,0.0,3.2084,0.0,0.0665,0.0,0.0,0.0,0.0,6.8846,0.0,0.1315,C1,word_pos,tonus,N,tonus,NOM
torturer,VERB,C1,beacco,3.2084,0.0665,0.0,0.0,0.0,0.0,3.2084,0.0,0.0665,0.0,0.0,0.0,0.0,3.4423,0.0,0.0657,C1,word_pos,torturer,V,torturer,VER
tu montreras,ADV,C1,crf_first_attested,3.2084,0.0665,0.0,0.0,0.0,0.0,3.2084,0.0,0.0665,,,,,,,,,crf_only,tu montreras,ADV,,
tu t' en repentiras,ADV,C1,crf_first_attested,3.2084,0.0665,0.0,0.0,0.0,0.0,3.2084,0.0,0.0665,,,,,,,,,crf_only,tu t' en repentiras,ADV,,
tumultueux,ADJ,C1,beacco,3.2084,0.0665,0.0,0.0,0.0,0.0,3.2084,0.0,0.0665,0.0,0.0,0.0,0.0,3.4423,0.0,0.0657,C1,word_pos,tumultueux,A,tumultueux,ADJ
ultra,ADV,C1,crf_first_attested,3.2084,0.0665,0.0,0.0,0.0,0.0,3.2084,0.0,0.0665,,,,,,,,,crf_only,ultra,ADV,,
uriner,VERB,C1,beacco,3.2084,0.0665,0.0,0.0,0.0,0.0,3.2084,0.0,0.0665,0.0,0.0,0.0,0.0,3.4423,0.0,0.0657,C1,word_pos,uriner,V,uriner,VER
vibratile,ADJ,C1,beacco,3.2084,0.0665,0.0,0.0,0.0,0.0,3.2084,0.0,0.0665,0.0,0.0,0.0,0.0,3.4423,0.0,0.0657,C1,word_pos,vibratile,A,vibratile,ADJ
vinification,NOUN,C1,beacco,3.2084,0.0665,0.0,0.0,0.0,0.0,3.2084,0.0,0.0665,0.0,0.0,0.0,0.0,3.4423,0.0,0.0657,C1,word_pos,vinification,N,vinification,NOM
voyeur,NOUN,C1,beacco,3.2084,0.0665,0.0,0.0,0.0,0.0,3.2084,0.0,0.0665,0.0,0.0,0.0,0.0,3.4423,0.0,0.0657,C1,word_pos,voyeur,N,voyeur,NOM
à ciel ouvert,ADV,C1,crf_first_attested,3.2084,0.0665,0.0,0.0,0.0,0.0,3.2084,0.0,0.0665,,,,,,,,,crf_only,à ciel ouvert,ADV,,
à plusieurs,ADV,C1,crf_first_attested,3.2084,0.0665,0.0,0.0,0.0,0.0,3.2084,0.0,0.0665,,,,,,,,,crf_only,à plusieurs,ADV,,
égalitariste,ADJ,C1,beacco,3.2084,0.0665,0.0,0.0,0.0,0.0,3.2084,0.0,0.0665,0.0,0.0,0.0,0.0,3.4423,0.0,0.0657,C1,word_pos,égalitariste,A,égalitariste,ADJ
éléphanteau,NOUN,C1,beacco,3.2084,0.0665,0.0,0.0,0.0,0.0,3.2084,0.0,0.0665,0.0,0.0,0.0,0.0,3.4423,0.0,0.0657,C1,word_pos,éléphanteau,N,éléphanteau,NOM
êre,ADV,C1,crf_first_attested,3.2084,0.0665,0.0,0.0,0.0,0.0,3.2084,0.0,0.0665,,,,,,,,,crf_only,êre,ADV,,
quitte,ADJ,C1,beacco,3.1012,5.029,1.0394,5.0054,7.4748,0.0,3.1012,0.0,5.029,0.0,0.0,0.438,0.0,0.0,0.0,0.0652,C1,word_pos,quitte,A,quitte,ADJ
juif,NOUN,C1,beacco,3.1012,0.8186,0.0,0.0,2.5602,0.0,3.1012,0.0,0.8186,0.0,0.0,0.0,0.0,6.0005,0.0,0.1431,C1,word_pos,juif,N,juif,NOM
subsaharien,ADJ,C1,crf_first_attested,3.1012,0.6231,0.0,0.0,0.0,0.0,3.1012,76.982,0.6231,,,,,,,,,crf_only,subsaharien,A,,
terrien,NOUN,C1,beacco,3.1012,0.6007,0.0,2.0176,0.0,0.0,3.1012,0.0,0.6007,0.0,0.1865,0.0,0.0,6.0005,0.0,0.3402,C1,word_pos,terrien,N,terrien,NOM
vandrarhen,NOUN,C1,crf_first_attested,3.1012,0.5939,0.0,0.0,0.0,0.0,3.1012,8.2347,0.5939,,,,,,,,,crf_only,vandrarhen,N,,
fondant,NOUN,C1,beacco,3.1012,0.5679,0.0,0.0,1.4582,0.0,3.1012,0.0,0.5679,0.0,0.0,0.5531,0.0,0.0,0.0,0.0514,C1,word_pos,fondant,N,fondant,NOM
attaquant,NOUN,C1,beacco,3.1012,0.5453,0.0,0.0,0.7097,0.0,3.1012,0.0,0.5453,0.0,0.0,0.438,0.0,0.0,0.0,0.0652,C1,word_pos,attaquant,N,attaquant,NOM
traducteur,NOUN,C1,beacco,3.1012,0.5322,0.0,0.0,1.0854,0.0,3.1012,0.0,0.5322,0.0,0.0,0.0,0.0,6.0005,0.0,0.1431,C1,word_pos,traducteur,N,traducteur,NOM
ultime,ADJ,C1,beacco,3.1012,0.4666,0.0,0.0,0.0,3.0277,3.1012,0.0,0.4666,0.0,0.0,0.0,2.2839,0.0,0.0,0.0614,C1,word_pos,ultime,A,ultime,ADJ
a posteriori,ADV,C1,crf_first_attested,3.1012,0.3937,0.0,0.0,0.0,0.0,3.1012,19.2455,0.3937,,,,,,,,,crf_only,a posteriori,ADV,,
démarrage,NOUN,C1,beacco,3.1012,0.3937,0.0,0.0,0.0,0.0,3.1012,19.2455,0.3937,0.0,0.0,0.0,0.0,6.0005,19.328,0.2862,C1,word_pos,démarrage,N,démarrage,NOM
notoire,ADJ,C1,beacco,3.1012,0.3937,0.0,0.0,0.0,0.0,3.1012,19.2455,0.3937,0.0,0.0,0.0,0.0,6.0005,19.328,0.2862,C1,word_pos,notoire,A,notoire,ADJ
légitime,NOUN,C1,crf_first_attested,3.1012,0.379,0.0,0.0,0.0,0.0,3.1012,25.9752,0.379,,,,,,,,,crf_only,légitime,N,,
boisé,ADJ,C1,beacco,3.1012,0.3655,0.0,0.0,0.2366,0.0,3.1012,0.0,0.3655,0.0,0.0,0.0,0.0,6.0005,0.0,0.1431,C1,word_pos,boisé,A,boisé,ADJ
créoliser,VERB,C1,beacco,3.1012,0.3318,0.0,0.0,0.0,0.0,3.1012,9.6228,0.3318,0.0,0.0,0.0,0.0,6.0005,19.328,0.2862,C1,word_pos,créoliser,V,créoliser,VER
parabole,NOUN,C1,beacco,3.1012,0.3318,0.0,0.0,0.0,0.0,3.1012,9.6228,0.3318,0.0,0.0,0.0,0.0,6.0005,19.328,0.2862,C1,word_pos,parabole,N,parabole,NOM
absent,NOUN,C1,beacco,3.1012,0.2952,0.0,0.3209,0.0,0.0,3.1012,0.0,0.2952,0.0,0.0,0.0,0.0,6.0005,0.0,0.1431,C1,word_pos,absent,N,absent,NOM
déplacé,ADJ,C1,beacco,3.1012,0.2947,0.0,0.0,0.0,0.7062,3.1012,0.0,0.2947,0.0,0.0,0.0,2.2839,0.0,0.0,0.0614,C1,word_pos,déplacé,A,déplacé,ADJ
dédicace,NOUN,C1,beacco,3.1012,0.2666,0.0,0.2439,0.0,0.0,3.1012,0.0,0.2666,0.0,0.0,0.0,0.0,6.0005,0.0,0.1431,C1,word_pos,dédicace,N,dédicace,NOM
direct,NOUN,C1,beacco,3.1012,0.2663,1.5075,0.0,0.0,0.0,3.1012,0.0,0.2663,0.0,0.0,0.0,0.0,6.0005,19.328,0.2862,C1,word_pos,direct,N,direct,NOM
lavande,NOUN,C1,beacco,3.1012,0.2196,0.4014,0.0,0.0,0.0,3.1012,0.0,0.2196,0.7319,0.0,0.0,0.0,6.0005,0.0,0.4016,C1,word_pos,lavande,N,lavande,NOM
tacheter,VERB,C1,beacco,3.1012,0.2196,0.4014,0.0,0.0,0.0,3.1012,0.0,0.2196,0.7319,0.0,0.0,0.0,6.0005,0.0,0.4016,C1,word_pos,tacheter,V,tacheter,VER
épuisement,NOUN,C1,beacco,3.1012,0.1812,0.7622,0.0,0.0,0.0,3.1012,0.0,0.1812,0.5504,0.0,0.0,0.0,6.0005,0.0,0.3568,C1,word_pos,épuisement,N,épuisement,NOM
harceler,VERB,C1,beacco,3.1012,0.1771,0.0,0.0948,0.0,0.0,3.1012,0.0,0.1771,0.0,0.2065,0.0,0.0,6.0005,0.0,0.3547,C1,word_pos,harceler,V,harceler,VER
additif,NOUN,C1,beacco,3.1012,0.0546,0.0,0.0,0.0,0.0,3.1012,0.0,0.0546,0.0,0.0,0.0,0.0,6.0005,0.0,0.1431,C1,word_pos,additif,N,additif,NOM
adhésif,ADJ,C1,beacco,3.1012,0.0546,0.0,0.0,0.0,0.0,3.1012,0.0,0.0546,0.0,0.0,0.0,0.0,18.0014,0.0,0.4293,C1,word_pos,adhésif,A,adhésif,ADJ
affolant,ADJ,C1,beacco,3.1012,0.0546,0.0,0.0,0.0,0.0,3.1012,0.0,0.0546,0.0,0.0,0.0,0.0,6.0005,0.0,0.1431,C1,word_pos,affolant,A,affolant,ADJ
agrégat,NOUN,C1,beacco,3.1012,0.0546,0.0,0.0,0.0,0.0,3.1012,0.0,0.0546,0.0,0.0,0.0,0.0,6.0005,0.0,0.1431,C1,word_pos,agrégat,N,agrégat,NOM
airbag,NOUN,C1,crf_first_attested,3.1012,0.0546,0.0,0.0,0.0,0.0,3.1012,0.0,0.0546,,,,,,,,,crf_only,airbag,N,,
aldéhyde,NOUN,C1,beacco,3.1012,0.0546,0.0,0.0,0.0,0.0,3.1012,0.0,0.0546,0.0,0.0,0.0,0.0,6.0005,0.0,0.1431,C1,word_pos,aldéhyde,N,aldéhyde,NOM
aminata,X,C1,crf_first_attested,3.1012,0.0546,0.0,0.0,0.0,0.0,3.1012,0.0,0.0546,,,,,,,,,crf_only,aminata,X,,
ancrage,NOUN,C1,beacco,3.1012,0.0546,0.0,0.0,0.0,0.0,3.1012,0.0,0.0546,0.0,0.0,0.0,0.0,6.0005,0.0,0.1431,C1,word_pos,ancrage,N,ancrage,NOM
anomie,NOUN,C1,beacco,3.1012,0.0546,0.0,0.0,0.0,0.0,3.1012,0.0,0.0546,0.0,0.0,0.0,0.0,6.0005,0.0,0.1431,C1,word_pos,anomie,N,anomie,NOM
approvisionnement,NOUN,C1,beacco,3.1012,0.0546,0.0,0.0,0.0,0.0,3.1012,0.0,0.0546,0.0,0.0,0.0,0.0,6.0005,0.0,0.1431,C1,word_pos,approvisionnement,N,approvisionnement,NOM
arabique,ADJ,C1,beacco,3.1012,0.0546,0.0,0.0,0.0,0.0,3.1012,0.0,0.0546,0.0,0.0,0.0,0.0,6.0005,0.0,0.1431,C1,word_pos,arabique,A,arabique,ADJ
archevêché,NOUN,C1,beacco,3.1012,0.0546,0.0,0.0,0.0,0.0,3.1012,0.0,0.0546,0.0,0.0,0.0,0.0,6.0005,0.0,0.1431,C1,word_pos,archevêché,N,archevêché,NOM
arrosoir,NOUN,C1,beacco,3.1012,0.0546,0.0,0.0,0.0,0.0,3.1012,0.0,0.0546,0.0,0.0,0.0,0.0,6.0005,0.0,0.1431,C1,word_pos,arrosoir,N,arrosoir,NOM
association,X,C1,crf_first_attested,3.1012,0.0546,0.0,0.0,0.0,0.0,3.1012,0.0,0.0546,,,,,,,,,crf_only,association,X,,
assyrien,ADJ,C1,beacco,3.1012,0.0546,0.0,0.0,0.0,0.0,3.1012,0.0,0.0546,0.0,0.0,0.0,0.0,6.0005,0.0,0.1431,C1,word_pos,assyrien,A,assyrien,ADJ
astreindre,VERB,C1,beacco,3.1012,0.0546,0.0,0.0,0.0,0.0,3.1012,0.0,0.0546,0.0,0.0,0.0,0.0,6.0005,0.0,0.1431,C1,word_pos,astreindre,V,astreindre,VER
au abords de,PREP,C1,crf_first_attested,3.1012,0.0546,0.0,0.0,0.0,0.0,3.1012,0.0,0.0546,,,,,,,,,crf_only,au abords de,PREP,,
au détour de,PREP,C1,crf_first_attested,3.1012,0.0546,0.0,0.0,0.0,0.0,3.1012,0.0,0.0546,,,,,,,,,crf_only,au détour de,PREP,,
auditif,ADJ,C1,beacco,3.1012,0.0546,0.0,0.0,0.0,0.0,3.1012,0.0,0.0546,0.0,0.0,0.0,0.0,6.0005,0.0,0.1431,C1,word_pos,auditif,A,auditif,ADJ
ayants,NOUN,C1,crf_first_attested,3.1012,0.0546,0.0,0.0,0.0,0.0,3.1012,0.0,0.0546,,,,,,,,,crf_only,ayants,N,,
bae,X,C1,crf_first_attested,3.1012,0.0546,0.0,0.0,0.0,0.0,3.1012,0.0,0.0546,,,,,,,,,crf_only,bae,X,,
balsamique,ADJ,C1,beacco,3.1012,0.0546,0.0,0.0,0.0,0.0,3.1012,0.0,0.0546,0.0,0.0,0.0,0.0,6.0005,0.0,0.1431,C1,word_pos,balsamique,A,balsamique,ADJ
barrette,NOUN,C1,beacco,3.1012,0.0546,0.0,0.0,0.0,0.0,3.1012,0.0,0.0546,0.0,0.0,0.0,0.0,6.0005,0.0,0.1431,C1,word_pos,barrette,N,barrette,NOM
bastiais,ADJ,C1,crf_first_attested,3.1012,0.0546,0.0,0.0,0.0,0.0,3.1012,0.0,0.0546,,,,,,,,,crf_only,bastiais,A,,
baume,NOUN,C1,beacco,3.1012,0.0546,0.0,0.0,0.0,0.0,3.1012,0.0,0.0546,0.0,0.0,0.0,0.0,6.0005,0.0,0.1431,C1,word_pos,baume,N,baume,NOM
belvédère,NOUN,C1,beacco,3.1012,0.0546,0.0,0.0,0.0,0.0,3.1012,0.0,0.0546,0.0,0.0,0.0,0.0,6.0005,0.0,0.1431,C1,word_pos,belvédère,N,belvédère,NOM
benzène,NOUN,C1,beacco,3.1012,0.0546,0.0,0.0,0.0,0.0,3.1012,0.0,0.0546,0.0,0.0,0.0,0.0,6.0005,0.0,0.1431,C1,word_pos,benzène,N,benzène,NOM
biodiesels,NOUN,C1,crf_first_attested,3.1012,0.0546,0.0,0.0,0.0,0.0,3.1012,0.0,0.0546,,,,,,,,,crf_only,biodiesels,N,,
bioéthanols,NOUN,C1,crf_first_attested,3.1012,0.0546,0.0,0.0,0.0,0.0,3.1012,0.0,0.0546,,,,,,,,,crf_only,bioéthanols,N,,
bouleau,NOUN,C1,beacco,3.1012,0.0546,0.0,0.0,0.0,0.0,3.1012,0.0,0.0546,0.0,0.0,0.0,0.0,6.0005,0.0,0.1431,C1,word_pos,bouleau,N,bouleau,NOM
bourdonnement,NOUN,C1,beacco,3.1012,0.0546,0.0,0.0,0.0,0.0,3.1012,0.0,0.0546,0.0,0.0,0.0,0.0,6.0005,0.0,0.1431,C1,word_pos,bourdonnement,N,bourdonnement,NOM
bousculade,NOUN,C1,beacco,3.1012,0.0546,0.0,0.0,0.0,0.0,3.1012,0.0,0.0546,0.0,0.0,0.0,0.0,6.0005,0.0,0.1431,C1,word_pos,bousculade,N,bousculade,NOM
bouter,VERB,C1,beacco,3.1012,0.0546,0.0,0.0,0.0,0.0,3.1012,0.0,0.0546,0.0,0.0,0.0,0.0,6.0005,0.0,0.1431,C1,word_pos,bouter,V,bouter,VER
brai,NOUN,C1,beacco,3.1012,0.0546,0.0,0.0,0.0,0.0,3.1012,0.0,0.0546,0.0,0.0,0.0,0.0,6.0005,0.0,0.1431,C1,word_pos,brai,N,brai,NOM
brasier,NOUN,C1,beacco,3.1012,0.0546,0.0,0.0,0.0,0.0,3.1012,0.0,0.0546,0.0,0.0,0.0,0.0,6.0005,0.0,0.1431,C1,word_pos,brasier,N,brasier,NOM
britannique,X,C1,crf_first_attested,3.1012,0.0546,0.0,0.0,0.0,0.0,3.1012,0.0,0.0546,,,,,,,,,crf_only,britannique,X,,
brother,X,C1,crf_first_attested,3.1012,0.0546,0.0,0.0,0.0,0.0,3.1012,0.0,0.0546,,,,,,,,,crf_only,brother,X,,
butane,NOUN,C1,beacco,3.1012,0.0546,0.0,0.0,0.0,0.0,3.1012,0.0,0.0546,0.0,0.0,0.0,0.0,6.0005,0.0,0.1431,C1,word_pos,butane,N,butane,NOM
calciner,VERB,C1,beacco,3.1012,0.0546,0.0,0.0,0.0,0.0,3.1012,0.0,0.0546,0.0,0.0,0.0,0.0,6.0005,0.0,0.1431,C1,word_pos,calciner,V,calciner,VER
calfater,VERB,C1,beacco,3.1012,0.0546,0.0,0.0,0.0,0.0,3.1012,0.0,0.0546,0.0,0.0,0.0,0.0,6.0005,0.0,0.1431,C1,word_pos,calfater,V,calfater,VER
capillarité,NOUN,C1,beacco,3.1012,0.0546,0.0,0.0,0.0,0.0,3.1012,0.0,0.0546,0.0,0.0,0.0,0.0,6.0005,0.0,0.1431,C1,word_pos,capillarité,N,capillarité,NOM
caravane,NOUN,C1,beacco,3.1012,0.0546,0.0,0.0,0.0,0.0,3.1012,0.0,0.0546,0.0,0.0,0.0,0.0,6.0005,0.0,0.1431,C1,word_pos,caravane,N,caravane,NOM
caténaire,NOUN,C1,beacco,3.1012,0.0546,0.0,0.0,0.0,0.0,3.1012,0.0,0.0546,0.0,0.0,0.0,0.0,6.0005,0.0,0.1431,C1,word_pos,caténaire,N,caténaire,NOM
cession,NOUN,C1,beacco,3.1012,0.0546,0.0,0.0,0.0,0.0,3.1012,0.0,0.0546,0.0,0.0,0.0,0.0,6.0005,0.0,0.1431,C1,word_pos,cession,N,cession,NOM
chauffe,NOUN,C1,crf_first_attested,3.1012,0.0546,0.0,0.0,0.0,0.0,3.1012,0.0,0.0546,,,,,,,,,crf_only,chauffe,N,,
chloration,NOUN,C1,beacco,3.1012,0.0546,0.0,0.0,0.0,0.0,3.1012,0.0,0.0546,0.0,0.0,0.0,0.0,6.0005,0.0,0.1431,C1,word_pos,chloration,N,chloration,NOM
chromatographie,NOUN,C1,beacco,3.1012,0.0546,0.0,0.0,0.0,0.0,3.1012,0.0,0.0546,0.0,0.0,0.0,0.0,6.0005,0.0,0.1431,C1,word_pos,chromatographie,N,chromatographie,NOM
classiquement,ADV,C1,beacco,3.1012,0.0546,0.0,0.0,0.0,0.0,3.1012,0.0,0.0546,0.0,0.0,0.0,0.0,6.0005,0.0,0.1431,C1,word_pos,classiquement,ADV,classiquement,ADV
clignement,NOUN,C1,beacco,3.1012,0.0546,0.0,0.0,0.0,0.0,3.1012,0.0,0.0546,0.0,0.0,0.0,0.0,6.0005,0.0,0.1431,C1,word_pos,clignement,N,clignement,NOM
co - équipier,NOUN,C1,crf_first_attested,3.1012,0.0546,0.0,0.0,0.0,0.0,3.1012,0.0,0.0546,,,,,,,,,crf_only,co - équipier,N,,
coaguler,VERB,C1,beacco,3.1012,0.0546,0.0,0.0,0.0,0.0,3.1012,0.0,0.0546,0.0,0.0,0.0,0.0,6.0005,0.0,0.1431,C1,word_pos,coaguler,V,coaguler,VER
collaboratif,ADJ,C1,crf_first_attested,3.1012,0.0546,0.0,0.0,0.0,0.0,3.1012,0.0,0.0546,,,,,,,,,crf_only,collaboratif,A,,
collagène,NOUN,C1,beacco,3.1012,0.0546,0.0,0.0,0.0,0.0,3.1012,0.0,0.0546,0.0,0.0,0.0,0.0,6.0005,0.0,0.1431,C1,unique_word,collagène,N,collagène,ADJ
collecte,NOUN,C1,beacco,3.1012,0.0546,0.0,0.0,0.0,0.0,3.1012,0.0,0.0546,0.0,0.0,0.0,0.0,6.0005,0.0,0.1431,C1,word_pos,collecte,N,collecte,NOM
commercialisation,NOUN,C1,beacco,3.1012,0.0546,0.0,0.0,0.0,0.0,3.1012,0.0,0.0546,0.0,0.0,0.0,0.0,6.0005,0.0,0.1431,C1,word_pos,commercialisation,N,commercialisation,NOM
compatibilité,NOUN,C1,beacco,3.1012,0.0546,0.0,0.0,0.0,0.0,3.1012,0.0,0.0546,0.0,0.0,0.0,0.0,6.0005,0.0,0.1431,C1,word_pos,compatibilité,N,compatibilité,NOM
composite,NOUN,C1,beacco,3.1012,0.0546,0.0,0.0,0.0,0.0,3.1012,0.0,0.0546,0.0,0.0,0.6378,0.0,0.0,0.0,0.0592,C1,word_pos,composite,N,composite,NOM
concordant,ADJ,C1,beacco,3.1012,0.0546,0.0,0.0,0.0,0.0,3.1012,0.0,0.0546,0.0,0.0,0.0,0.0,6.0005,0.0,0.1431,C1,word_pos,concordant,A,concordant,ADJ
condenser,VERB,C1,beacco,3.1012,0.0546,0.0,0.0,0.0,0.0,3.1012,0.0,0.0546,0.0,0.0,0.0,0.0,12.0009,0.0,0.2862,C1,word_pos,condenser,V,condenser,VER
congolais,ADJ,C1,beacco,3.1012,0.0546,0.0,0.0,0.0,0.0,3.1012,0.0,0.0546,0.0,0.0,0.0,0.0,6.0005,0.0,0.1431,C1,word_pos,congolais,A,congolais,ADJ
conifère,NOUN,C1,beacco,3.1012,0.0546,0.0,0.0,0.0,0.0,3.1012,0.0,0.0546,0.0,0.0,0.0,0.0,12.0009,0.0,0.2862,C1,word_pos,conifère,N,conifère,NOM
conifère,ADJ,C1,crf_first_attested,3.1012,0.0546,0.0,0.0,0.0,0.0,3.1012,0.0,0.0546,,,,,,,,,crf_only,conifère,A,,
conjugué,ADJ,C1,crf_first_attested,3.1012,0.0546,0.0,0.0,0.0,0.0,3.1012,0.0,0.0546,,,,,,,,,crf_only,conjugué,A,,
constituant,NOUN,C1,beacco,3.1012,0.0546,0.0,0.0,0.0,0.0,3.1012,0.0,0.0546,0.0,0.0,0.0,0.0,6.0005,0.0,0.1431,C1,word_pos,constituant,N,constituant,NOM
consultable,ADJ,C1,beacco,3.1012,0.0546,0.0,0.0,0.0,0.0,3.1012,0.0,0.0546,0.0,0.0,0.0,0.0,6.0005,0.0,0.1431,C1,word_pos,consultable,A,consultable,ADJ
contre - société,NOUN,C1,crf_first_attested,3.1012,0.0546,0.0,0.0,0.0,0.0,3.1012,0.0,0.0546,,,,,,,,,crf_only,contre - société,N,,
convergence,NOUN,C1,beacco,3.1012,0.0546,0.0,0.0,0.0,0.0,3.1012,0.0,0.0546,0.0,0.0,0.0,0.0,6.0005,0.0,0.1431,C1,word_pos,convergence,N,convergence,NOM
cookie,NOUN,C1,crf_first_attested,3.1012,0.0546,0.0,0.0,0.0,0.0,3.1012,0.0,0.0546,,,,,,,,,crf_only,cookie,N,,
coopérer,VERB,C1,beacco,3.1012,0.0546,0.0,0.0,0.0,0.0,3.1012,0.0,0.0546,0.0,0.0,0.0,0.0,6.0005,0.0,0.1431,C1,word_pos,coopérer,V,coopérer,VER
coumarine,NOUN,C1,beacco,3.1012,0.0546,0.0,0.0,0.0,0.0,3.1012,0.0,0.0546,0.0,0.0,0.0,0.0,6.0005,0.0,0.1431,C1,word_pos,coumarine,N,coumarine,NOM
courtoisie,NOUN,C1,beacco,3.1012,0.0546,0.0,0.0,0.0,0.0,3.1012,0.0,0.0546,0.0,0.0,0.0,0.0,6.0005,0.0,0.1431,C1,word_pos,courtoisie,N,courtoisie,NOM
covalent,ADJ,C1,beacco,3.1012,0.0546,0.0,0.0,0.0,0.0,3.1012,0.0,0.0546,0.0,0.0,0.0,0.0,6.0005,0.0,0.1431,C1,word_pos,covalent,A,covalent,ADJ
crypter,VERB,C1,crf_first_attested,3.1012,0.0546,0.0,0.0,0.0,0.0,3.1012,0.0,0.0546,,,,,,,,,crf_only,crypter,V,,
crémation,NOUN,C1,beacco,3.1012,0.0546,0.0,0.0,0.0,0.0,3.1012,0.0,0.0546,0.0,0.0,0.0,0.0,6.0005,0.0,0.1431,C1,word_pos,crémation,N,crémation,NOM
cyanoacrylate,NOUN,C1,crf_first_attested,3.1012,0.0546,0.0,0.0,0.0,0.0,3.1012,0.0,0.0546,,,,,,,,,crf_only,cyanoacrylate,N,,
cyclisation,NOUN,C1,beacco,3.1012,0.0546,0.0,0.0,0.0,0.0,3.1012,0.0,0.0546,0.0,0.0,0.0,0.0,6.0005,0.0,0.1431,C1,word_pos,cyclisation,N,cyclisation,NOM
céramique,NOUN,C1,beacco,3.1012,0.0546,0.0,0.0,0.0,0.0,3.1012,0.0,0.0546,0.0,0.0,0.0,0.0,6.0005,0.0,0.1431,C1,word_pos,céramique,N,céramique,NOM
dand,ADJ,C1,crf_first_attested,3.1012,0.0546,0.0,0.0,0.0,0.0,3.1012,0.0,0.0546,,,,,,,,,crf_only,dand,A,,
de abord à,PREP,C1,crf_first_attested,3.1012,0.0546,0.0,0.0,0.0,0.0,3.1012,0.0,0.0546,,,,,,,,,crf_only,de abord à,PREP,,
de bien,ADV,C1,crf_first_attested,3.1012,0.0546,0.0,0.0,0.0,0.0,3.1012,0.0,0.0546,,,,,,,,,crf_only,de bien,ADV,,
de tête,ADV,C1,crf_first_attested,3.1012,0.0546,0.0,0.0,0.0,0.0,3.1012,0.0,0.0546,,,,,,,,,crf_only,de tête,ADV,,
diesel,ADJ,C1,crf_first_attested,3.1012,0.0546,0.0,0.0,0.0,0.0,3.1012,0.0,0.0546,,,,,,,,,crf_only,diesel,A,,
diffusive,ADJ,C1,crf_first_attested,3.1012,0.0546,0.0,0.0,0.0,0.0,3.1012,0.0,0.0546,,,,,,,,,crf_only,diffusive,A,,
disciplinaire,ADJ,C1,beacco,3.1012,0.0546,0.0,0.0,0.0,0.0,3.1012,0.0,0.0546,0.0,0.0,0.0,0.0,6.0005,0.0,0.1431,C1,word_pos,disciplinaire,A,disciplinaire,ADJ
donc tout d' abord,ADV,C1,crf_first_attested,3.1012,0.0546,0.0,0.0,0.0,0.0,3.1012,0.0,0.0546,,,,,,,,,crf_only,donc tout d' abord,ADV,,
dysenterie,NOUN,C1,beacco,3.1012,0.0546,0.0,0.0,0.0,0.0,3.1012,0.0,0.0546,0.0,0.0,0.0,0.0,6.0005,0.0,0.1431,C1,word_pos,dysenterie,N,dysenterie,NOM
décapotable,NOUN,C1,beacco,3.1012,0.0546,0.0,0.0,0.0,0.0,3.1012,0.0,0.0546,0.0,0.0,0.0,0.0,6.0005,0.0,0.1431,C1,word_pos,décapotable,N,décapotable,NOM
défoncé,ADJ,C1,beacco,3.1012,0.0546,0.0,0.0,0.0,0.0,3.1012,0.0,0.0546,0.0,0.0,0.0,0.0,6.0005,0.0,0.1431,C1,word_pos,défoncé,A,défoncé,ADJ
dépouillé,ADJ,C1,crf_first_attested,3.1012,0.0546,0.0,0.0,0.0,0.0,3.1012,0.0,0.0546,,,,,,,,,crf_only,dépouillé,A,,
détenteur,NOUN,C1,beacco,3.1012,0.0546,0.0,0.0,0.0,0.0,3.1012,0.0,0.0546,0.0,0.0,0.0,0.0,6.0005,0.0,0.1431,C1,word_pos,détenteur,N,détenteur,NOM
détérioration,NOUN,C1,beacco,3.1012,0.0546,0.0,0.0,0.0,0.0,3.1012,0.0,0.0546,0.0,0.0,0.0,0.0,6.0005,0.0,0.1431,C1,word_pos,détérioration,N,détérioration,NOM
ejustice,NOUN,C1,crf_first_attested,3.1012,0.0546,0.0,0.0,0.0,0.0,3.1012,0.0,0.0546,,,,,,,,,crf_only,ejustice,N,,
en campagne,ADV,C1,crf_first_attested,3.1012,0.0546,0.0,0.0,0.0,0.0,3.1012,0.0,0.0546,,,,,,,,,crf_only,en campagne,ADV,,
en petite partie seulement,ADV,C1,crf_first_attested,3.1012,0.0546,0.0,0.0,0.0,0.0,3.1012,0.0,0.0546,,,,,,,,,crf_only,en petite partie seulement,ADV,,
en serpentin,ADV,C1,crf_first_attested,3.1012,0.0546,0.0,0.0,0.0,0.0,3.1012,0.0,0.0546,,,,,,,,,crf_only,en serpentin,ADV,,
en éventail,ADV,C1,crf_first_attested,3.1012,0.0546,0.0,0.0,0.0,0.0,3.1012,0.0,0.0546,,,,,,,,,crf_only,en éventail,ADV,,
encourageant,ADJ,C1,beacco,3.1012,0.0546,0.0,0.0,0.0,0.0,3.1012,0.0,0.0546,0.0,0.0,0.0,0.0,6.0005,0.0,0.1431,C1,word_pos,encourageant,A,encourageant,ADJ
enneigement,NOUN,C1,beacco,3.1012,0.0546,0.0,0.0,0.0,0.0,3.1012,0.0,0.0546,0.0,0.0,0.0,0.0,6.0005,0.0,0.1431,C1,word_pos,enneigement,N,enneigement,NOM
envergure,NOUN,C1,beacco,3.1012,0.0546,0.0,0.0,0.0,0.0,3.1012,0.0,0.0546,0.0,0.0,0.0,0.0,6.0005,0.0,0.1431,C1,word_pos,envergure,N,envergure,NOM
errance,NOUN,C1,beacco,3.1012,0.0546,0.0,0.0,0.0,0.0,3.1012,0.0,0.0546,0.0,0.0,0.0,0.0,12.0009,0.0,0.2862,C1,word_pos,errance,N,errance,NOM
escompter,VERB,C1,beacco,3.1012,0.0546,0.0,0.0,0.0,0.0,3.1012,0.0,0.0546,0.0,0.0,0.0,0.0,6.0005,0.0,0.1431,C1,word_pos,escompter,V,escompter,VER
estérification,NOUN,C1,beacco,3.1012,0.0546,0.0,0.0,0.0,0.0,3.1012,0.0,0.0546,0.0,0.0,0.0,0.0,6.0005,0.0,0.1431,C1,word_pos,estérification,N,estérification,NOM
exaspération,NOUN,C1,beacco,3.1012,0.0546,0.0,0.0,0.0,0.0,3.1012,0.0,0.0546,0.0,0.0,0.0,0.0,6.0005,0.0,0.1431,C1,word_pos,exaspération,N,exaspération,NOM
excitant,ADJ,C1,beacco,3.1012,0.0546,0.0,0.0,0.0,0.0,3.1012,0.0,0.0546,0.0,0.0,0.0,0.0,6.0005,0.0,0.1431,C1,word_pos,excitant,A,excitant,ADJ
exiguïté,NOUN,C1,beacco,3.1012,0.0546,0.0,0.0,0.0,0.0,3.1012,0.0,0.0546,0.0,0.0,0.0,0.0,6.0005,0.0,0.1431,C1,word_pos,exiguïté,N,exiguïté,NOM
exilé,ADJ,C1,crf_first_attested,3.1012,0.0546,0.0,0.0,0.0,0.0,3.1012,0.0,0.0546,,,,,,,,,crf_only,exilé,A,,
existentiel,ADJ,C1,beacco,3.1012,0.0546,0.0,0.0,0.0,0.0,3.1012,0.0,0.0546,0.0,0.0,0.0,0.0,6.0005,0.0,0.1431,C1,word_pos,existentiel,A,existentiel,ADJ
exterminateur,NOUN,C1,crf_first_attested,3.1012,0.0546,0.0,0.0,0.0,0.0,3.1012,0.0,0.0546,,,,,,,,,crf_only,exterminateur,N,,
faisceau,NOUN,C1,beacco,3.1012,0.0546,0.0,0.0,0.0,0.0,3.1012,0.0,0.0546,0.0,0.0,0.0,0.0,12.0009,0.0,0.2862,C1,word_pos,faisceau,N,faisceau,NOM
fall,X,C1,crf_first_attested,3.1012,0.0546,0.0,0.0,0.0,0.0,3.1012,0.0,0.0546,,,,,,,,,crf_only,fall,X,,
fermentation,NOUN,C1,beacco,3.1012,0.0546,0.0,0.0,0.0,0.0,3.1012,0.0,0.0546,0.0,0.0,0.0,0.0,6.0005,0.0,0.1431,C1,word_pos,fermentation,N,fermentation,NOM
fers,NOUN,C1,crf_first_attested,3.1012,0.0546,0.0,0.0,0.0,0.0,3.1012,0.0,0.0546,,,,,,,,,crf_only,fers,N,,
filigrane,NOUN,C1,beacco,3.1012,0.0546,0.0,0.0,0.0,0.0,3.1012,0.0,0.0546,0.0,0.0,0.0,0.0,6.0005,0.0,0.1431,C1,word_pos,filigrane,N,filigrane,NOM
fioul,NOUN,C1,beacco,3.1012,0.0546,0.0,0.0,0.0,0.0,3.1012,0.0,0.0546,0.0,0.0,0.0,0.0,6.0005,0.0,0.1431,C1,word_pos,fioul,N,fioul,NOM
fluide,NOUN,C1,beacco,3.1012,0.0546,0.0,0.0,0.0,0.0,3.1012,0.0,0.0546,0.0,0.0,0.0,0.0,6.0005,0.0,0.1431,C1,word_pos,fluide,N,fluide,NOM
futé,ADJ,C1,beacco,3.1012,0.0546,0.0,0.0,0.0,0.0,3.1012,0.0,0.0546,0.0,0.0,0.0,0.0,6.0005,0.0,0.1431,C1,word_pos,futé,A,futé,ADJ
féerique,ADJ,C1,beacco,3.1012,0.0546,0.0,0.0,0.0,0.0,3.1012,0.0,0.0546,0.0,0.0,0.0,0.0,6.0005,0.0,0.1431,C1,word_pos,féerique,A,féerique,ADJ
gallinacé,NOUN,C1,beacco,3.1012,0.0546,0.0,0.0,0.0,0.0,3.1012,0.0,0.0546,0.0,0.0,0.0,0.0,6.0005,0.0,0.1431,C1,word_pos,gallinacé,N,gallinacé,NOM
gazer,VERB,C1,crf_first_attested,3.1012,0.0546,0.0,0.0,0.0,0.0,3.1012,0.0,0.0546,,,,,,,,,crf_only,gazer,V,,
gazole,NOUN,C1,beacco,3.1012,0.0546,0.0,0.0,0.0,0.0,3.1012,0.0,0.0546,0.0,0.0,0.0,0.0,6.0005,0.0,0.1431,C1,word_pos,gazole,N,gazole,NOM
graffiti,NOUN,C1,crf_first_attested,3.1012,0.0546,0.0,0.0,0.0,0.0,3.1012,0.0,0.0546,,,,,,,,,crf_only,graffiti,N,,
gratification,NOUN,C1,beacco,3.1012,0.0546,0.0,0.0,0.0,0.0,3.1012,0.0,0.0546,0.0,0.0,0.0,0.0,6.0005,0.0,0.1431,C1,word_pos,gratification,N,gratification,NOM
griffer,VERB,C1,beacco,3.1012,0.0546,0.0,0.0,0.0,0.0,3.1012,0.0,0.0546,0.0,0.0,0.0,0.0,6.0005,0.0,0.1431,C1,word_pos,griffer,V,griffer,VER
guerlinade,NOUN,C1,crf_first_attested,3.1012,0.0546,0.0,0.0,0.0,0.0,3.1012,0.0,0.0546,,,,,,,,,crf_only,guerlinade,N,,
guinéen,ADJ,C1,crf_first_attested,3.1012,0.0546,0.0,0.0,0.0,0.0,3.1012,0.0,0.0546,,,,,,,,,crf_only,guinéen,A,,
guyanais,NOUN,C1,crf_first_attested,3.1012,0.0546,0.0,0.0,0.0,0.0,3.1012,0.0,0.0546,,,,,,,,,crf_only,guyanais,N,,
hargne,NOUN,C1,beacco,3.1012,0.0546,0.0,0.0,0.0,0.0,3.1012,0.0,0.0546,0.0,0.0,0.0,0.0,6.0005,0.0,0.1431,C1,word_pos,hargne,N,hargne,NOM
hip - hop,NOUN,C1,crf_first_attested,3.1012,0.0546,0.0,0.0,0.0,0.0,3.1012,0.0,0.0546,,,,,,,,,crf_only,hip - hop,N,,
hooligan,NOUN,C1,beacco,3.1012,0.0546,0.0,0.0,0.0,0.0,3.1012,0.0,0.0546,0.0,0.0,0.0,0.0,6.0005,0.0,0.1431,C1,word_pos,hooligan,N,hooligan,NOM
huileux,ADJ,C1,beacco,3.1012,0.0546,0.0,0.0,0.0,0.0,3.1012,0.0,0.0546,0.0,0.0,0.0,0.0,6.0005,0.0,0.1431,C1,word_pos,huileux,A,huileux,ADJ
hybride,NOUN,C1,beacco,3.1012,0.0546,0.0,0.0,0.0,0.0,3.1012,0.0,0.0546,0.0,0.0,0.0,0.0,6.0005,0.0,0.1431,C1,unique_word,hybride,N,hybride,ADJ
hydrogène,NOUN,C1,beacco,3.1012,0.0546,0.0,0.0,0.0,0.0,3.1012,0.0,0.0546,0.0,0.0,0.0,0.0,6.0005,0.0,0.1431,C1,word_pos,hydrogène,N,hydrogène,NOM
hydrogénation,NOUN,C1,beacco,3.1012,0.0546,0.0,0.0,0.0,0.0,3.1012,0.0,0.0546,0.0,0.0,0.0,0.0,6.0005,0.0,0.1431,C1,word_pos,hydrogénation,N,hydrogénation,NOM
hypothétique,ADJ,C1,beacco,3.1012,0.0546,0.0,0.0,0.0,0.0,3.1012,0.0,0.0546,0.0,0.0,0.0,0.0,6.0005,0.0,0.1431,C1,word_pos,hypothétique,A,hypothétique,ADJ
imbattable,ADJ,C1,beacco,3.1012,0.0546,0.0,0.0,0.0,0.0,3.1012,0.0,0.0546,0.0,0.0,0.0,0.0,6.0005,0.0,0.1431,C1,word_pos,imbattable,A,imbattable,ADJ
immatriculer,VERB,C1,beacco,3.1012,0.0546,0.0,0.0,0.0,0.0,3.1012,0.0,0.0546,0.0,0.0,0.0,0.0,6.0005,0.0,0.1431,C1,word_pos,immatriculer,V,immatriculer,VER
imperméabiliser,VERB,C1,beacco,3.1012,0.0546,0.0,0.0,0.0,0.0,3.1012,0.0,0.0546,0.0,0.0,0.0,0.0,6.0005,0.0,0.1431,C1,word_pos,imperméabiliser,V,imperméabiliser,VER
imprescriptible,ADJ,C1,beacco,3.1012,0.0546,0.0,0.0,0.0,0.0,3.1012,0.0,0.0546,0.0,0.0,0.0,0.0,6.0005,0.0,0.1431,C1,word_pos,imprescriptible,A,imprescriptible,ADJ
imprévisible,ADJ,C1,beacco,3.1012,0.0546,0.0,0.0,0.0,0.0,3.1012,0.0,0.0546,0.0,0.0,0.0,0.0,6.0005,0.0,0.1431,C1,word_pos,imprévisible,A,imprévisible,ADJ
incitatif,ADJ,C1,beacco,3.1012,0.0546,0.0,0.0,0.0,0.0,3.1012,0.0,0.0546,0.0,0.0,0.0,0.0,6.0005,0.0,0.1431,C1,word_pos,incitatif,A,incitatif,ADJ
inertie,NOUN,C1,beacco,3.1012,0.0546,0.0,0.0,0.0,0.0,3.1012,0.0,0.0546,0.0,0.0,0.0,0.0,6.0005,0.0,0.1431,C1,word_pos,inertie,N,inertie,NOM
infester,VERB,C1,beacco,3.1012,0.0546,0.0,0.0,0.0,0.0,3.1012,0.0,0.0546,0.0,0.0,0.0,0.0,6.0005,0.0,0.1431,C1,word_pos,infester,V,infester,VER
infuser,VERB,C1,beacco,3.1012,0.0546,0.0,0.0,0.0,0.0,3.1012,0.0,0.0546,0.0,0.0,0.0,0.0,6.0005,0.0,0.1431,C1,word_pos,infuser,V,infuser,VER
intemautes,NOUN,C1,crf_first_attested,3.1012,0.0546,0.0,0.0,0.0,0.0,3.1012,0.0,0.0546,,,,,,,,,crf_only,intemautes,N,,
ion,NOUN,C1,crf_first_attested,3.1012,0.0546,0.0,0.0,0.0,0.0,3.1012,0.0,0.0546,,,,,,,,,crf_only,ion,N,,
ionique,ADJ,C1,beacco,3.1012,0.0546,0.0,0.0,0.0,0.0,3.1012,0.0,0.0546,0.0,0.0,0.0,0.0,6.0005,0.0,0.1431,C1,word_pos,ionique,A,ionique,ADJ
irrécupérable,ADJ,C1,beacco,3.1012,0.0546,0.0,0.0,0.0,0.0,3.1012,0.0,0.0546,0.0,0.0,0.0,0.0,6.0005,0.0,0.1431,C1,word_pos,irrécupérable,A,irrécupérable,ADJ
israélien,ADJ,C1,beacco,3.1012,0.0546,0.0,0.0,0.0,0.0,3.1012,0.0,0.0546,0.0,0.0,0.0,0.0,6.0005,0.0,0.1431,C1,word_pos,israélien,A,israélien,ADJ
labdanum,NOUN,C1,beacco,3.1012,0.0546,0.0,0.0,0.0,0.0,3.1012,0.0,0.0546,0.0,0.0,0.0,0.0,6.0005,0.0,0.1431,C1,word_pos,labdanum,N,labdanum,NOM
latex,NOUN,C1,beacco,3.1012,0.0546,0.0,0.0,0.0,0.0,3.1012,0.0,0.0546,0.0,0.0,0.0,0.0,6.0005,0.0,0.1431,C1,word_pos,latex,N,latex,NOM
lavandées,ADJ,C1,crf_first_attested,3.1012,0.0546,0.0,0.0,0.0,0.0,3.1012,0.0,0.0546,,,,,,,,,crf_only,lavandées,A,,
lillois,ADJ,C1,crf_first_attested,3.1012,0.0546,0.0,0.0,0.0,0.0,3.1012,0.0,0.0546,,,,,,,,,crf_only,lillois,A,,
lilyan,NOUN,C1,crf_first_attested,3.1012,0.0546,0.0,0.0,0.0,0.0,3.1012,0.0,0.0546,,,,,,,,,crf_only,lilyan,N,,
liquéfié,ADJ,C1,crf_first_attested,3.1012,0.0546,0.0,0.0,0.0,0.0,3.1012,0.0,0.0546,,,,,,,,,crf_only,liquéfié,A,,
lithium,NOUN,C1,crf_first_attested,3.1012,0.0546,0.0,0.0,0.0,0.0,3.1012,0.0,0.0546,,,,,,,,,crf_only,lithium,N,,
locomotif,ADJ,C1,beacco,3.1012,0.0546,0.0,0.0,0.0,0.0,3.1012,0.0,0.0546,0.0,0.0,0.0,0.0,6.0005,0.0,0.1431,C1,word_pos,locomotif,A,locomotif,ADJ
long - courrier,NOUN,C1,crf_first_attested,3.1012,0.0546,0.0,0.0,0.0,0.0,3.1012,0.0,0.0546,,,,,,,,,crf_only,long - courrier,N,,
louisianais,NOUN,C1,crf_first_attested,3.1012,0.0546,0.0,0.0,0.0,0.0,3.1012,0.0,0.0546,,,,,,,,,crf_only,louisianais,N,,
lycra,NOUN,C1,beacco,3.1012,0.0546,0.0,0.0,0.0,0.0,3.1012,0.0,0.0546,0.0,0.0,0.0,0.0,6.0005,0.0,0.1431,C1,word_pos,lycra,N,lycra,NOM
légitimation,NOUN,C1,beacco,3.1012,0.0546,0.0,0.0,0.0,0.0,3.1012,0.0,0.0546,0.0,0.0,0.0,0.0,6.0005,0.0,0.1431,C1,word_pos,légitimation,N,légitimation,NOM
malléable,ADJ,C1,beacco,3.1012,0.0546,0.0,0.0,0.0,0.0,3.1012,0.0,0.0546,0.0,0.0,0.0,0.0,6.0005,0.0,0.1431,C1,word_pos,malléable,A,malléable,ADJ
malus,NOUN,C1,beacco,3.1012,0.0546,0.0,0.0,0.0,0.0,3.1012,0.0,0.0546,0.0,0.0,0.0,0.0,6.0005,0.0,0.1431,C1,word_pos,malus,N,malus,NOM
microscopie,NOUN,C1,beacco,3.1012,0.0546,0.0,0.0,0.0,0.0,3.1012,0.0,0.0546,0.0,0.0,0.0,0.0,6.0005,0.0,0.1431,C1,word_pos,microscopie,N,microscopie,NOM
milanais,NOUN,C1,crf_first_attested,3.1012,0.0546,0.0,0.0,0.0,0.0,3.1012,0.0,0.0546,,,,,,,,,crf_only,milanais,N,,
minimiser,VERB,C1,beacco,3.1012,0.0546,0.0,0.0,0.0,0.0,3.1012,0.0,0.0546,0.0,0.0,0.0,0.0,6.0005,0.0,0.1431,C1,word_pos,minimiser,V,minimiser,VER
minéralogique,ADJ,C1,beacco,3.1012,0.0546,0.0,0.0,0.0,0.0,3.1012,0.0,0.0546,0.0,0.0,0.0,0.0,6.0005,0.0,0.1431,C1,word_pos,minéralogique,A,minéralogique,ADJ
misogyne,NOUN,C1,beacco,3.1012,0.0546,0.0,0.0,0.0,0.0,3.1012,0.0,0.0546,0.0,0.0,0.0,0.0,6.0005,0.0,0.1431,C1,word_pos,misogyne,N,misogyne,NOM
morphologiquement,ADV,C1,beacco,3.1012,0.0546,0.0,0.0,0.0,0.0,3.1012,0.0,0.0546,0.0,0.0,0.0,0.0,6.0005,0.0,0.1431,C1,word_pos,morphologiquement,ADV,morphologiquement,ADV
multimédia,NOUN,C1,crf_first_attested,3.1012,0.0546,0.0,0.0,0.0,0.0,3.1012,0.0,0.0546,,,,,,,,,crf_only,multimédia,N,,
musk,NOUN,C1,crf_first_attested,3.1012,0.0546,0.0,0.0,0.0,0.0,3.1012,0.0,0.0546,,,,,,,,,crf_only,musk,N,,
myriade,NOUN,C1,beacco,3.1012,0.0546,0.0,0.0,0.0,0.0,3.1012,0.0,0.0546,0.0,0.0,0.0,0.0,6.0005,0.0,0.1431,C1,word_pos,myriade,N,myriade,NOM
médico - légal,ADJ,C1,crf_first_attested,3.1012,0.0546,0.0,0.0,0.0,0.0,3.1012,0.0,0.0546,,,,,,,,,crf_only,médico - légal,A,,
naphta,NOUN,C1,crf_first_attested,3.1012,0.0546,0.0,0.0,0.0,0.0,3.1012,0.0,0.0546,,,,,,,,,crf_only,naphta,N,,
nectar,NOUN,C1,beacco,3.1012,0.0546,0.0,0.0,0.0,0.0,3.1012,0.0,0.0546,0.0,0.0,0.0,0.0,6.0005,0.0,0.1431,C1,word_pos,nectar,N,nectar,NOM
non - blanc,NOUN,C1,crf_first_attested,3.1012,0.0546,0.0,0.0,0.0,0.0,3.1012,0.0,0.0546,,,,,,,,,crf_only,non - blanc,N,,
nordique,ADJ,C1,beacco,3.1012,0.0546,0.0,0.0,0.0,0.0,3.1012,0.0,0.0546,0.0,0.0,0.0,0.0,6.0005,0.0,0.1431,C1,word_pos,nordique,A,nordique,ADJ
nouba,NOUN,C1,beacco,3.1012,0.0546,0.0,0.0,0.0,0.0,3.1012,0.0,0.0546,0.0,0.0,0.0,0.0,6.0005,0.0,0.1431,C1,word_pos,nouba,N,nouba,NOM
nègre t' emmerde,NOUN,C1,crf_first_attested,3.1012,0.0546,0.0,0.0,0.0,0.0,3.1012,0.0,0.0546,,,,,,,,,crf_only,nègre t' emmerde,N,,
négro - africain,ADJ,C1,crf_first_attested,3.1012,0.0546,0.0,0.0,0.0,0.0,3.1012,0.0,0.0546,,,,,,,,,crf_only,négro - africain,A,,
ocelle,NOUN,C1,beacco,3.1012,0.0546,0.0,0.0,0.0,0.0,3.1012,0.0,0.0546,0.0,0.0,0.0,0.0,6.0005,0.0,0.1431,C1,word_pos,ocelle,N,ocelle,NOM
oculaire,ADJ,C1,beacco,3.1012,0.0546,0.0,0.0,0.0,0.0,3.1012,0.0,0.0546,0.0,0.0,0.0,0.0,6.0005,0.0,0.1431,C1,word_pos,oculaire,A,oculaire,ADJ
ode,NOUN,C1,beacco,3.1012,0.0546,0.0,0.0,0.0,0.0,3.1012,0.0,0.0546,0.0,0.0,0.0,0.0,6.0005,0.0,0.1431,C1,word_pos,ode,N,ode,NOM
odorant,ADJ,C1,beacco,3.1012,0.0546,0.0,0.0,0.0,0.0,3.1012,0.0,0.0546,0.0,0.0,0.0,0.0,6.0005,0.0,0.1431,C1,word_pos,odorant,A,odorant,ADJ
olmèque,NOUN,C1,crf_first_attested,3.1012,0.0546,0.0,0.0,0.0,0.0,3.1012,0.0,0.0546,,,,,,,,,crf_only,olmèque,N,,
oléagineux,ADJ,C1,beacco,3.1012,0.0546,0.0,0.0,0.0,0.0,3.1012,0.0,0.0546,0.0,0.0,0.0,0.0,6.0005,0.0,0.1431,C1,word_pos,oléagineux,A,oléagineux,ADJ
oreillette,NOUN,C1,beacco,3.1012,0.0546,0.0,0.0,0.0,0.0,3.1012,0.0,0.0546,0.0,0.0,0.0,0.0,6.0005,0.0,0.1431,C1,word_pos,oreillette,N,oreillette,NOM
oriental,NOUN,C1,beacco,3.1012,0.0546,0.0,0.0,0.0,0.0,3.1012,0.0,0.0546,0.0,0.0,0.0,0.0,6.0005,0.0,0.1431,C1,word_pos,oriental,N,oriental,NOM
paléolithique,NOUN,C1,beacco,3.1012,0.0546,0.0,0.0,0.0,0.0,3.1012,0.0,0.0546,0.0,0.0,0.0,0.0,6.0005,0.0,0.1431,C1,word_pos,paléolithique,N,paléolithique,NOM
panonceau,NOUN,C1,beacco,3.1012,0.0546,0.0,0.0,0.0,0.0,3.1012,0.0,0.0546,0.0,0.0,0.0,0.0,6.0005,0.0,0.1431,C1,word_pos,panonceau,N,panonceau,NOM
papyrus,NOUN,C1,beacco,3.1012,0.0546,0.0,0.0,0.0,0.0,3.1012,0.0,0.0546,0.0,0.0,0.0,0.0,6.0005,0.0,0.1431,C1,word_pos,papyrus,N,papyrus,NOM
par voie de,PREP,C1,crf_first_attested,3.1012,0.0546,0.0,0.0,0.0,0.0,3.1012,0.0,0.0546,,,,,,,,,crf_only,par voie de,PREP,,
parchemin,NOUN,C1,beacco,3.1012,0.0546,0.0,0.0,0.0,0.0,3.1012,0.0,0.0546,0.0,0.0,0.0,0.0,6.0005,0.0,0.1431,C1,word_pos,parchemin,N,parchemin,NOM
parfumé,ADJ,C1,crf_first_attested,3.1012,0.0546,0.0,0.0,0.0,0.0,3.1012,0.0,0.0546,,,,,,,,,crf_only,parfumé,A,,
paritaire,ADJ,C1,beacco,3.1012,0.0546,0.0,0.0,0.0,0.0,3.1012,0.0,0.0546,0.0,0.0,0.0,0.0,6.0005,0.0,0.1431,C1,word_pos,paritaire,A,paritaire,ADJ
patchouli,NOUN,C1,beacco,3.1012,0.0546,0.0,0.0,0.0,0.0,3.1012,0.0,0.0546,0.0,0.0,0.0,0.0,6.0005,0.0,0.1431,C1,word_pos,patchouli,N,patchouli,NOM
payeur,ADJ,C1,crf_first_attested,3.1012,0.0546,0.0,0.0,0.0,0.0,3.1012,0.0,0.0546,,,,,,,,,crf_only,payeur,A,,
peak,X,C1,crf_first_attested,3.1012,0.0546,0.0,0.0,0.0,0.0,3.1012,0.0,0.0546,,,,,,,,,crf_only,peak,X,,
phocéen,ADJ,C1,beacco,3.1012,0.0546,0.0,0.0,0.0,0.0,3.1012,0.0,0.0546,0.0,0.0,0.0,0.0,6.0005,0.0,0.1431,C1,word_pos,phocéen,A,phocéen,ADJ
phénicien,ADJ,C1,beacco,3.1012,0.0546,0.0,0.0,0.0,0.0,3.1012,0.0,0.0546,0.0,0.0,0.0,0.0,6.0005,0.0,0.1431,C1,word_pos,phénicien,A,phénicien,ADJ
picotement,NOUN,C1,beacco,3.1012,0.0546,0.0,0.0,0.0,0.0,3.1012,0.0,0.0546,0.0,0.0,0.0,0.0,6.0005,0.0,0.1431,C1,word_pos,picotement,N,picotement,NOM
pictogramme,NOUN,C1,beacco,3.1012,0.0546,0.0,0.0,0.0,0.0,3.1012,0.0,0.0546,0.0,0.0,0.0,0.0,6.0005,0.0,0.1431,C1,word_pos,pictogramme,N,pictogramme,NOM
poix,NOUN,C1,beacco,3.1012,0.0546,0.0,0.0,0.0,0.0,3.1012,0.0,0.0546,0.0,0.0,0.0,0.0,6.0005,0.0,0.1431,C1,word_pos,poix,N,poix,NOM
polyester,NOUN,C1,beacco,3.1012,0.0546,0.0,0.0,0.0,0.0,3.1012,0.0,0.0546,0.0,0.0,0.0,0.0,6.0005,0.0,0.1431,C1,word_pos,polyester,N,polyester,NOM
polyphonique,ADJ,C1,beacco,3.1012,0.0546,0.0,0.0,0.0,0.0,3.1012,0.0,0.0546,0.0,0.0,0.0,0.0,6.0005,0.0,0.1431,C1,word_pos,polyphonique,A,polyphonique,ADJ
pore,NOUN,C1,beacco,3.1012,0.0546,0.0,0.0,0.0,0.0,3.1012,0.0,0.0546,0.0,0.0,0.0,0.0,6.0005,0.0,0.1431,C1,word_pos,pore,N,pore,NOM
printanier,ADJ,C1,beacco,3.1012,0.0546,0.0,0.0,0.0,0.0,3.1012,0.0,0.0546,0.0,0.0,0.0,0.0,6.0005,0.0,0.1431,C1,word_pos,printanier,A,printanier,ADJ
proactif,ADJ,C1,crf_first_attested,3.1012,0.0546,0.0,0.0,0.0,0.0,3.1012,0.0,0.0546,,,,,,,,,crf_only,proactif,A,,
propane,NOUN,C1,beacco,3.1012,0.0546,0.0,0.0,0.0,0.0,3.1012,0.0,0.0546,0.0,0.0,0.0,0.0,6.0005,0.0,0.1431,C1,word_pos,propane,N,propane,NOM
proportionnalité,NOUN,C1,beacco,3.1012,0.0546,0.0,0.0,0.0,0.0,3.1012,0.0,0.0546,0.0,0.0,0.0,0.0,6.0005,0.0,0.1431,C1,word_pos,proportionnalité,N,proportionnalité,NOM
puceau,NOUN,C1,crf_first_attested,3.1012,0.0546,0.0,0.0,0.0,0.0,3.1012,0.0,0.0546,,,,,,,,,crf_only,puceau,N,,
péri,ADV,C1,crf_first_attested,3.1012,0.0546,0.0,0.0,0.0,0.0,3.1012,0.0,0.0546,,,,,,,,,crf_only,péri,ADV,,
périscope,NOUN,C1,beacco,3.1012,0.0546,0.0,0.0,0.0,0.0,3.1012,0.0,0.0546,0.0,0.0,0.0,0.0,6.0005,0.0,0.1431,C1,word_pos,périscope,N,périscope,NOM
pétarader,VERB,C1,beacco,3.1012,0.0546,0.0,0.0,0.0,0.0,3.1012,0.0,0.0546,0.0,0.0,0.0,0.0,6.0005,0.0,0.1431,C1,word_pos,pétarader,V,pétarader,VER
quadriréacteur,NOUN,C1,beacco,3.1012,0.0546,0.0,0.0,0.0,0.0,3.1012,0.0,0.0546,0.0,0.0,0.0,0.0,6.0005,0.0,0.1431,C1,word_pos,quadriréacteur,N,quadriréacteur,NOM
quasi - monopole,NOUN,C1,crf_first_attested,3.1012,0.0546,0.0,0.0,0.0,0.0,3.1012,0.0,0.0546,,,,,,,,,crf_only,quasi - monopole,N,,
que,NOUN,C1,crf_first_attested,3.1012,0.0546,0.0,0.0,0.0,0.0,3.1012,0.0,0.0546,,,,,,,,,crf_only,que,N,,
radiologie,NOUN,C1,beacco,3.1012,0.0546,0.0,0.0,0.0,0.0,3.1012,0.0,0.0546,0.0,0.0,0.0,0.0,6.0005,0.0,0.1431,C1,word_pos,radiologie,N,radiologie,NOM
raison d' être,NOUN,C1,crf_first_attested,3.1012,0.0546,0.0,0.0,0.0,0.0,3.1012,0.0,0.0546,,,,,,,,,crf_only,raison d' être,N,,
rapporteure,NOUN,C1,crf_first_attested,3.1012,0.0546,0.0,0.0,0.0,0.0,3.1012,0.0,0.0546,,,,,,,,,crf_only,rapporteure,N,,
recombiner,VERB,C1,beacco,3.1012,0.0546,0.0,0.0,0.0,0.0,3.1012,0.0,0.0546,0.0,0.0,0.0,0.0,6.0005,0.0,0.1431,C1,word_pos,recombiner,V,recombiner,VER
reconquérir,VERB,C1,beacco,3.1012,0.0546,0.0,0.0,0.0,0.0,3.1012,0.0,0.0546,0.0,0.0,0.0,0.0,6.0005,0.0,0.1431,C1,word_pos,reconquérir,V,reconquérir,VER
refoulement,NOUN,C1,beacco,3.1012,0.0546,0.0,0.0,0.0,0.0,3.1012,0.0,0.0546,0.0,0.0,0.0,0.0,6.0005,0.0,0.1431,C1,word_pos,refoulement,N,refoulement,NOM
refroidi,NOUN,C1,crf_first_attested,3.1012,0.0546,0.0,0.0,0.0,0.0,3.1012,0.0,0.0546,,,,,,,,,crf_only,refroidi,N,,
revente,NOUN,C1,beacco,3.1012,0.0546,0.0,0.0,0.0,0.0,3.1012,0.0,0.0546,0.0,0.0,0.0,0.0,6.0005,0.0,0.1431,C1,word_pos,revente,N,revente,NOM
riposte,NOUN,C1,beacco,3.1012,0.0546,0.0,0.0,0.0,0.0,3.1012,0.0,0.0546,0.0,0.0,0.0,0.0,6.0005,0.0,0.1431,C1,word_pos,riposte,N,riposte,NOM
réjouissant,ADJ,C1,beacco,3.1012,0.0546,0.0,0.0,0.0,0.0,3.1012,0.0,0.0546,0.0,0.0,0.0,0.0,6.0005,0.0,0.1431,C1,word_pos,réjouissant,A,réjouissant,ADJ
rémanence,NOUN,C1,beacco,3.1012,0.0546,0.0,0.0,0.0,0.0,3.1012,0.0,0.0546,0.0,0.0,0.0,0.0,6.0005,0.0,0.1431,C1,word_pos,rémanence,N,rémanence,NOM
réparable,ADJ,C1,beacco,3.1012,0.0546,0.0,0.0,0.0,0.0,3.1012,0.0,0.0546,0.0,0.0,0.0,0.0,6.0005,0.0,0.1431,C1,word_pos,réparable,A,réparable,ADJ
sans - abri,ADV,C1,crf_first_attested,3.1012,0.0546,0.0,0.0,0.0,0.0,3.1012,0.0,0.0546,,,,,,,,,crf_only,sans - abri,ADV,,
sarcophage,NOUN,C1,beacco,3.1012,0.0546,0.0,0.0,0.0,0.0,3.1012,0.0,0.0546,0.0,0.0,0.0,0.0,6.0005,0.0,0.1431,C1,word_pos,sarcophage,N,sarcophage,NOM
scooter,NOUN,C1,beacco,3.1012,0.0546,0.0,0.0,0.0,0.0,3.1012,0.0,0.0546,0.0,0.0,0.0,0.0,6.0005,0.0,0.1431,C1,word_pos,scooter,N,scooter,NOM
score,NOUN,C1,beacco,3.1012,0.0546,0.0,0.0,0.0,0.0,3.1012,0.0,0.0546,0.0,0.0,0.0,0.0,6.0005,0.0,0.1431,C1,word_pos,score,N,score,NOM
secouriste,NOUN,C1,beacco,3.1012,0.0546,0.0,0.0,0.0,0.0,3.1012,0.0,0.0546,0.0,0.0,0.0,0.0,6.0005,0.0,0.1431,C1,word_pos,secouriste,N,secouriste,NOM
serpentin,NOUN,C1,beacco,3.1012,0.0546,0.0,0.0,0.0,0.0,3.1012,0.0,0.0546,0.0,0.0,0.0,0.0,12.0009,0.0,0.2862,C1,word_pos,serpentin,N,serpentin,NOM
sic,ADV,C1,beacco,3.1012,0.0546,0.0,0.0,0.0,0.0,3.1012,0.0,0.0546,0.0,0.0,0.0,0.0,6.0005,0.0,0.1431,C1,word_pos,sic,ADV,sic,ADV
socio - économique,ADJ,C1,crf_first_attested,3.1012,0.0546,0.0,0.0,0.0,0.0,3.1012,0.0,0.0546,,,,,,,,,crf_only,socio - économique,A,,
solidifier,VERB,C1,beacco,3.1012,0.0546,0.0,0.0,0.0,0.0,3.1012,0.0,0.0546,0.0,0.0,0.0,0.0,6.0005,0.0,0.1431,C1,word_pos,solidifier,V,solidifier,VER
sous la main,ADV,C1,crf_first_attested,3.1012,0.0546,0.0,0.0,0.0,0.0,3.1012,0.0,0.0546,,,,,,,,,crf_only,sous la main,ADV,,
spectrométrie,NOUN,C1,beacco,3.1012,0.0546,0.0,0.0,0.0,0.0,3.1012,0.0,0.0546,0.0,0.0,0.0,0.0,6.0005,0.0,0.1431,C1,word_pos,spectrométrie,N,spectrométrie,NOM
sponsor,NOUN,C1,beacco,3.1012,0.0546,0.0,0.0,0.0,0.0,3.1012,0.0,0.0546,0.0,0.0,0.0,0.0,6.0005,0.0,0.1431,C1,word_pos,sponsor,N,sponsor,NOM
stigmate,NOUN,C1,beacco,3.1012,0.0546,0.0,0.0,0.0,0.0,3.1012,0.0,0.0546,0.0,0.0,0.0,0.0,6.0005,0.0,0.1431,C1,word_pos,stigmate,N,stigmate,NOM
stockage,NOUN,C1,beacco,3.1012,0.0546,0.0,0.0,0.0,0.0,3.1012,0.0,0.0546,0.0,0.0,0.0,0.0,6.0005,0.0,0.1431,C1,word_pos,stockage,N,stockage,NOM
submersion,NOUN,C1,beacco,3.1012,0.0546,0.0,0.0,0.0,0.0,3.1012,0.0,0.0546,0.0,0.0,0.0,0.0,6.0005,0.0,0.1431,C1,word_pos,submersion,N,submersion,NOM
subversion,NOUN,C1,beacco,3.1012,0.0546,0.0,0.0,0.0,0.0,3.1012,0.0,0.0546,0.0,0.0,0.0,0.0,6.0005,0.0,0.1431,C1,word_pos,subversion,N,subversion,NOM
succédané,NOUN,C1,beacco,3.1012,0.0546,0.0,0.0,0.0,0.0,3.1012,0.0,0.0546,0.0,0.0,0.0,0.0,6.0005,0.0,0.1431,C1,word_pos,succédané,N,succédané,NOM
super - condensateur,NOUN,C1,crf_first_attested,3.1012,0.0546,0.0,0.0,0.0,0.0,3.1012,0.0,0.0546,,,,,,,,,crf_only,super - condensateur,N,,
super - gouvernement,NOUN,C1,crf_first_attested,3.1012,0.0546,0.0,0.0,0.0,0.0,3.1012,0.0,0.0546,,,,,,,,,crf_only,super - gouvernement,N,,
superglu,NOUN,C1,crf_first_attested,3.1012,0.0546,0.0,0.0,0.0,0.0,3.1012,0.0,0.0546,,,,,,,,,crf_only,superglu,N,,
supporteur,NOUN,C1,crf_first_attested,3.1012,0.0546,0.0,0.0,0.0,0.0,3.1012,0.0,0.0546,,,,,,,,,crf_only,supporteur,N,,
surendetter,VERB,C1,crf_first_attested,3.1012,0.0546,0.0,0.0,0.0,0.0,3.1012,0.0,0.0546,,,,,,,,,crf_only,surendetter,V,,
surtaxer,VERB,C1,beacco,3.1012,0.0546,0.0,0.0,0.0,0.0,3.1012,0.0,0.0546,0.0,0.0,0.0,0.0,6.0005,0.0,0.1431,C1,word_pos,surtaxer,V,surtaxer,VER
surélever,VERB,C1,beacco,3.1012,0.0546,0.0,0.0,0.0,0.0,3.1012,0.0,0.0546,0.0,0.0,0.0,0.0,6.0005,0.0,0.1431,C1,word_pos,surélever,V,surélever,VER
symboliquement,ADV,C1,beacco,3.1012,0.0546,0.0,0.0,0.0,0.0,3.1012,0.0,0.0546,0.0,0.0,0.0,0.0,6.0005,0.0,0.1431,C1,word_pos,symboliquement,ADV,symboliquement,ADV
sédimentation,NOUN,C1,beacco,3.1012,0.0546,0.0,0.0,0.0,0.0,3.1012,0.0,0.0546,0.0,0.0,0.0,0.0,6.0005,0.0,0.1431,C1,word_pos,sédimentation,N,sédimentation,NOM
tacitement,ADV,C1,beacco,3.1012,0.0546,0.0,0.0,0.0,0.0,3.1012,0.0,0.0546,0.0,0.0,0.0,0.0,6.0005,0.0,0.1431,C1,word_pos,tacitement,ADV,tacitement,ADV
talentueux,ADJ,C1,beacco,3.1012,0.0546,0.0,0.0,0.0,0.0,3.1012,0.0,0.0546,0.0,0.0,0.0,0.0,6.0005,0.0,0.1431,C1,word_pos,talentueux,A,talentueux,ADJ
tentacule,NOUN,C1,beacco,3.1012,0.0546,0.0,0.0,0.0,0.0,3.1012,0.0,0.0546,0.0,0.0,0.0,0.0,6.0005,0.0,0.1431,C1,word_pos,tentacule,N,tentacule,NOM
teuf,NOUN,C1,crf_first_attested,3.1012,0.0546,0.0,0.0,0.0,0.0,3.1012,0.0,0.0546,,,,,,,,,crf_only,teuf,N,,
thermofusible,ADJ,C1,crf_first_attested,3.1012,0.0546,0.0,0.0,0.0,0.0,3.1012,0.0,0.0546,,,,,,,,,crf_only,thermofusible,A,,
tout à la fois,ADV,C1,crf_first_attested,3.1012,0.0546,0.0,0.0,0.0,0.0,3.1012,0.0,0.0546,,,,,,,,,crf_only,tout à la fois,ADV,,
toxicologie,NOUN,C1,beacco,3.1012,0.0546,0.0,0.0,0.0,0.0,3.1012,0.0,0.0546,0.0,0.0,0.0,0.0,6.0005,0.0,0.1431,C1,word_pos,toxicologie,N,toxicologie,NOM
traçabilité,NOUN,C1,beacco,3.1012,0.0546,0.0,0.0,0.0,0.0,3.1012,0.0,0.0546,0.0,0.0,0.0,0.0,6.0005,0.0,0.1431,C1,word_pos,traçabilité,N,traçabilité,NOM
tristounet,ADJ,C1,beacco,3.1012,0.0546,0.0,0.0,0.0,0.0,3.1012,0.0,0.0546,0.0,0.0,0.0,0.0,6.0005,0.0,0.1431,C1,word_pos,tristounet,A,tristounet,ADJ
tumeur,NOUN,C1,beacco,3.1012,0.0546,0.0,0.0,0.0,0.0,3.1012,0.0,0.0546,0.0,0.0,0.0,0.0,6.0005,0.0,0.1431,C1,word_pos,tumeur,N,tumeur,NOM
turbulence,NOUN,C1,beacco,3.1012,0.0546,0.0,0.0,0.0,0.0,3.1012,0.0,0.0546,0.0,0.0,0.0,0.0,6.0005,0.0,0.1431,C1,word_pos,turbulence,N,turbulence,NOM
ultracourt,ADJ,C1,crf_first_attested,3.1012,0.0546,0.0,0.0,0.0,0.0,3.1012,0.0,0.0546,,,,,,,,,crf_only,ultracourt,A,,
vacciné,ADJ,C1,beacco,3.1012,0.0546,0.0,0.0,0.0,0.0,3.1012,0.0,0.0546,0.0,0.0,0.0,0.0,6.0005,0.0,0.1431,C1,word_pos,vacciné,A,vacciné,ADJ
vaporiser,VERB,C1,beacco,3.1012,0.0546,0.0,0.0,0.0,0.0,3.1012,0.0,0.0546,0.0,0.0,0.0,0.0,6.0005,0.0,0.1431,C1,word_pos,vaporiser,V,vaporiser,VER
velouter,VERB,C1,beacco,3.1012,0.0546,0.0,0.0,0.0,0.0,3.1012,0.0,0.0546,0.0,0.0,0.0,0.0,6.0005,0.0,0.1431,C1,word_pos,velouter,V,velouter,VER
viabilité,NOUN,C1,beacco,3.1012,0.0546,0.0,0.0,0.0,0.0,3.1012,0.0,0.0546,0.0,0.0,0.0,0.0,6.0005,0.0,0.1431,C1,word_pos,viabilité,N,viabilité,NOM
visionnaire,ADJ,C1,beacco,3.1012,0.0546,0.0,0.0,0.0,0.0,3.1012,0.0,0.0546,0.0,0.0,0.0,0.0,6.0005,0.0,0.1431,C1,word_pos,visionnaire,A,visionnaire,ADJ
visiophone,NOUN,C1,beacco,3.1012,0.0546,0.0,0.0,0.0,0.0,3.1012,0.0,0.0546,0.0,0.0,0.0,0.0,6.0005,0.0,0.1431,C1,word_pos,visiophone,N,visiophone,NOM
voirie,NOUN,C1,beacco,3.1012,0.0546,0.0,0.0,0.0,0.0,3.1012,0.0,0.0546,0.0,0.0,0.0,0.0,6.0005,0.0,0.1431,C1,word_pos,voirie,N,voirie,NOM
vulcanisation,NOUN,C1,beacco,3.1012,0.0546,0.0,0.0,0.0,0.0,3.1012,0.0,0.0546,0.0,0.0,0.0,0.0,6.0005,0.0,0.1431,C1,word_pos,vulcanisation,N,vulcanisation,NOM
vécu,ADJ,C1,beacco,3.1012,0.0546,0.0,0.0,0.0,0.0,3.1012,0.0,0.0546,0.0,0.0,0.0,0.0,6.0005,0.0,0.1431,C1,word_pos,vécu,A,vécu,ADJ
à l' intérieur,PREP,C1,crf_first_attested,3.1012,0.0546,0.0,0.0,0.0,0.0,3.1012,0.0,0.0546,,,,,,,,,crf_only,à l' intérieur,PREP,,
à peu près partout,ADV,C1,crf_first_attested,3.1012,0.0546,0.0,0.0,0.0,0.0,3.1012,0.0,0.0546,,,,,,,,,crf_only,à peu près partout,ADV,,
à venir,ADV,C1,crf_first_attested,3.1012,0.0546,0.0,0.0,0.0,0.0,3.1012,0.0,0.0546,,,,,,,,,crf_only,à venir,ADV,,
échappement,NOUN,C1,beacco,3.1012,0.0546,0.0,0.0,0.0,0.0,3.1012,0.0,0.0546,0.0,0.0,0.0,0.0,6.0005,0.0,0.1431,C1,word_pos,échappement,N,échappement,NOM
époxy,ADJ,C1,beacco,3.1012,0.0546,0.0,0.0,0.0,0.0,3.1012,0.0,0.0546,0.0,0.0,0.0,0.0,6.0005,0.0,0.1431,C1,word_pos,époxy,A,époxy,ADJ
éthanol,NOUN,C1,beacco,3.1012,0.0546,0.0,0.0,0.0,0.0,3.1012,0.0,0.0546,0.0,0.0,0.0,0.0,6.0005,0.0,0.1431,C1,word_pos,éthanol,N,éthanol,NOM
étourdissant,ADJ,C1,beacco,3.1012,0.0546,0.0,0.0,0.0,0.0,3.1012,0.0,0.0546,0.0,0.0,0.0,0.0,6.0005,0.0,0.1431,C1,word_pos,étourdissant,A,étourdissant,ADJ
évaporation,NOUN,C1,beacco,3.1012,0.0546,0.0,0.0,0.0,0.0,3.1012,0.0,0.0546,0.0,0.0,0.0,0.0,6.0005,0.0,0.1431,C1,word_pos,évaporation,N,évaporation,NOM
évaporer,VERB,C1,beacco,3.1012,0.0546,0.0,0.0,0.0,0.0,3.1012,0.0,0.0546,0.0,0.0,0.0,0.0,6.0005,0.0,0.1431,C1,word_pos,évaporer,V,évaporer,VER
évaporé,ADJ,C1,beacco,3.1012,0.0546,0.0,0.0,0.0,0.0,3.1012,0.0,0.0546,0.0,0.0,0.0,0.0,6.0005,0.0,0.1431,C1,word_pos,évaporé,A,évaporé,ADJ
œuf,NOUN,C1,crf_first_attested,3.1012,0.0546,0.0,0.0,0.0,0.0,3.1012,0.0,0.0546,,,,,,,,,crf_only,œuf,N,,
biaiser,VERB,C1,beacco,2.0505,0.7452,0.0,0.0,1.809,0.0,2.0505,0.0,0.7452,0.0,0.0,0.6378,0.0,0.0,0.0,0.0592,C1,word_pos,biaiser,V,biaiser,VER
au demeurant,ADV,C1,crf_first_attested,2.0505,0.5558,0.0,0.0,0.0,0.0,2.0505,38.491,0.5558,,,,,,,,,crf_only,au demeurant,ADV,,
nuisible,ADJ,C1,beacco,2.0505,0.3667,0.0,0.0,0.0,0.0,2.0505,12.9876,0.3667,0.0,0.0,0.0,0.0,4.139,12.833,0.1951,C1,word_pos,nuisible,A,nuisible,ADJ
rééditer,VERB,C1,beacco,2.0505,0.3667,0.0,0.0,0.0,0.0,2.0505,12.9876,0.3667,0.0,0.0,0.0,0.0,4.139,12.833,0.1951,C1,word_pos,rééditer,V,rééditer,VER
acquis,ADJ,C1,crf_first_attested,2.0505,0.3111,0.0,0.0,0.0,0.0,2.0505,6.4938,0.3111,,,,,,,,,crf_only,acquis,A,,
cuirasse,NOUN,C1,beacco,2.0505,0.3111,0.0,0.0,0.0,0.0,2.0505,6.4938,0.3111,0.0,0.0,0.0,0.0,4.139,12.833,0.1951,C1,word_pos,cuirasse,N,cuirasse,NOM
subliminal,ADJ,C1,beacco,2.0505,0.3111,0.0,0.0,0.0,0.0,2.0505,6.4938,0.3111,0.0,0.0,0.0,0.0,4.139,12.833,0.1951,C1,word_pos,subliminal,A,subliminal,ADJ
affichage,NOUN,C1,beacco,2.0505,0.2085,0.0,0.0,0.1662,0.0,2.0505,0.0,0.2085,0.0,0.0,0.1029,0.0,4.139,0.0,0.3626,C1,word_pos,affichage,N,affichage,NOM
abomination,NOUN,C1,beacco,2.0505,0.0361,0.0,0.0,0.0,0.0,2.0505,0.0,0.0361,0.0,0.0,0.0,0.0,4.139,0.0,0.0975,C1,word_pos,abomination,N,abomination,NOM
abordable,ADJ,C1,beacco,2.0505,0.0361,0.0,0.0,0.0,0.0,2.0505,0.0,0.0361,0.0,0.0,0.0,0.0,4.139,0.0,0.0975,C1,word_pos,abordable,A,abordable,ADJ
abroger,VERB,C1,beacco,2.0505,0.0361,0.0,0.0,0.0,0.0,2.0505,0.0,0.0361,0.0,0.0,0.0,0.0,4.139,0.0,0.0975,C1,word_pos,abroger,V,abroger,VER
adultérer,VERB,C1,beacco,2.0505,0.0361,0.0,0.0,0.0,0.0,2.0505,0.0,0.0361,0.0,0.0,0.0,0.0,4.139,0.0,0.0975,C1,word_pos,adultérer,V,adultérer,VER
agro - exportateur,ADJ,C1,crf_first_attested,2.0505,0.0361,0.0,0.0,0.0,0.0,2.0505,0.0,0.0361,,,,,,,,,crf_only,agro - exportateur,A,,
agroalimentaire,NOUN,C1,beacco,2.0505,0.0361,0.0,0.0,0.0,0.0,2.0505,0.0,0.0361,0.0,0.0,0.0,0.0,4.139,0.0,0.0975,C1,unique_word,agroalimentaire,N,agroalimentaire,ADJ
amadouer,VERB,C1,beacco,2.0505,0.0361,0.0,0.0,0.0,0.0,2.0505,0.0,0.0361,0.0,0.0,0.0,0.0,4.139,0.0,0.0975,C1,word_pos,amadouer,V,amadouer,VER
amplificateur,NOUN,C1,beacco,2.0505,0.0361,0.0,0.0,0.0,0.0,2.0505,0.0,0.0361,0.0,0.0,0.0,0.0,4.139,0.0,0.0975,C1,word_pos,amplificateur,N,amplificateur,NOM
amplifié,ADJ,C1,crf_first_attested,2.0505,0.0361,0.0,0.0,0.0,0.0,2.0505,0.0,0.0361,,,,,,,,,crf_only,amplifié,A,,
antibactérien,ADJ,C1,beacco,2.0505,0.0361,0.0,0.0,0.0,0.0,2.0505,0.0,0.0361,0.0,0.0,0.0,0.0,4.139,0.0,0.0975,C1,word_pos,antibactérien,A,antibactérien,ADJ
antimicrobiens,NOUN,C1,crf_first_attested,2.0505,0.0361,0.0,0.0,0.0,0.0,2.0505,0.0,0.0361,,,,,,,,,crf_only,antimicrobiens,N,,
apparier,VERB,C1,beacco,2.0505,0.0361,0.0,0.0,0.0,0.0,2.0505,0.0,0.0361,0.0,0.0,0.0,0.0,4.139,0.0,0.0975,C1,word_pos,apparier,V,apparier,VER
arpenter,VERB,C1,beacco,2.0505,0.0361,0.0,0.0,0.0,0.0,2.0505,0.0,0.0361,0.0,0.0,0.0,0.0,4.139,0.0,0.0975,C1,word_pos,arpenter,V,arpenter,VER
arrangement,NOUN,C1,beacco,2.0505,0.0361,0.0,0.0,0.0,0.0,2.0505,0.0,0.0361,0.0,0.0,0.0,0.0,4.139,0.0,0.0975,C1,word_pos,arrangement,N,arrangement,NOM
atlantic,X,C1,crf_first_attested,2.0505,0.0361,0.0,0.0,0.0,0.0,2.0505,0.0,0.0361,,,,,,,,,crf_only,atlantic,X,,
autosuffisant,ADJ,C1,beacco,2.0505,0.0361,0.0,0.0,0.0,0.0,2.0505,0.0,0.0361,0.0,0.0,0.0,0.0,4.139,0.0,0.0975,C1,word_pos,autosuffisant,A,autosuffisant,ADJ
aval,NOUN,C1,beacco,2.0505,0.0361,0.0,0.0,0.0,0.0,2.0505,0.0,0.0361,0.0,0.0,0.0,0.0,4.139,0.0,0.0975,C1,word_pos,aval,N,aval,NOM
avant même de,PREP,C1,crf_first_attested,2.0505,0.0361,0.0,0.0,0.0,0.0,2.0505,0.0,0.0361,,,,,,,,,crf_only,avant même de,PREP,,
avoué,ADJ,C1,beacco,2.0505,0.0361,0.0,0.0,0.0,0.0,2.0505,0.0,0.0361,0.0,0.0,0.0,0.0,4.139,0.0,0.0975,C1,unique_word,avoué,A,avoué,NOM
bioclimatique,ADJ,C1,beacco,2.0505,0.0361,0.0,0.0,0.0,0.0,2.0505,0.0,0.0361,0.0,0.0,0.0,0.0,4.139,0.0,0.0975,C1,word_pos,bioclimatique,A,bioclimatique,ADJ
blennorragie,NOUN,C1,beacco,2.0505,0.0361,0.0,0.0,0.0,0.0,2.0505,0.0,0.0361,0.0,0.0,0.0,0.0,4.139,0.0,0.0975,C1,word_pos,blennorragie,N,blennorragie,NOM
bronchite,NOUN,C1,beacco,2.0505,0.0361,0.0,0.0,0.0,0.0,2.0505,0.0,0.0361,0.0,0.0,0.0,0.0,4.139,0.0,0.0975,C1,word_pos,bronchite,N,bronchite,NOM
bulldozer,NOUN,C1,beacco,2.0505,0.0361,0.0,0.0,0.0,0.0,2.0505,0.0,0.0361,0.0,0.0,0.0,0.0,4.139,0.0,0.0975,C1,word_pos,bulldozer,N,bulldozer,NOM
bétail,NOUN,C1,beacco,2.0505,0.0361,0.0,0.0,0.0,0.0,2.0505,0.0,0.0361,0.0,0.0,0.0,0.0,4.139,0.0,0.0975,C1,word_pos,bétail,N,bétail,NOM
cohésion,NOUN,C1,beacco,2.0505,0.0361,0.0,0.0,0.0,0.0,2.0505,0.0,0.0361,0.0,0.0,0.0,0.0,4.139,0.0,0.0975,C1,word_pos,cohésion,N,cohésion,NOM
collectivement,ADV,C1,beacco,2.0505,0.0361,0.0,0.0,0.0,0.0,2.0505,0.0,0.0361,0.0,0.0,0.0,0.0,4.139,0.0,0.0975,C1,word_pos,collectivement,ADV,collectivement,ADV
comparé,ADJ,C1,crf_first_attested,2.0505,0.0361,0.0,0.0,0.0,0.0,2.0505,0.0,0.0361,,,,,,,,,crf_only,comparé,A,,
conditionnement,NOUN,C1,beacco,2.0505,0.0361,0.0,0.0,0.0,0.0,2.0505,0.0,0.0361,0.0,0.0,0.0,0.0,4.139,0.0,0.0975,C1,word_pos,conditionnement,N,conditionnement,NOM
confrontation,NOUN,C1,beacco,2.0505,0.0361,0.0,0.0,0.0,0.0,2.0505,0.0,0.0361,0.0,0.0,0.0,0.0,4.139,0.0,0.0975,C1,word_pos,confrontation,N,confrontation,NOM
contrecarrer,VERB,C1,beacco,2.0505,0.0361,0.0,0.0,0.0,0.0,2.0505,0.0,0.0361,0.0,0.0,0.0,0.0,4.139,0.0,0.0975,C1,word_pos,contrecarrer,V,contrecarrer,VER
contrefaire,VERB,C1,crf_first_attested,2.0505,0.0361,0.0,0.0,0.0,0.0,2.0505,0.0,0.0361,,,,,,,,,crf_only,contrefaire,V,,
cystite,NOUN,C1,beacco,2.0505,0.0361,0.0,0.0,0.0,0.0,2.0505,0.0,0.0361,0.0,0.0,0.0,0.0,4.139,0.0,0.0975,C1,word_pos,cystite,N,cystite,NOM
cécité,NOUN,C1,beacco,2.0505,0.0361,0.0,0.0,0.0,0.0,2.0505,0.0,0.0361,0.0,0.0,0.0,0.0,4.139,0.0,0.0975,C1,word_pos,cécité,N,cécité,NOM
dans la mesure du,PREP,C1,crf_first_attested,2.0505,0.0361,0.0,0.0,0.0,0.0,2.0505,0.0,0.0361,,,,,,,,,crf_only,dans la mesure du,PREP,,
devenir l' objet,VERB,C1,crf_first_attested,2.0505,0.0361,0.0,0.0,0.0,0.0,2.0505,0.0,0.0361,,,,,,,,,crf_only,devenir l' objet,V,,
deviser,VERB,C1,beacco,2.0505,0.0361,0.0,0.0,0.0,0.0,2.0505,0.0,0.0361,0.0,0.0,0.0,0.0,4.139,0.0,0.0975,C1,word_pos,deviser,V,deviser,VER
disproportionner,VERB,C1,crf_first_attested,2.0505,0.0361,0.0,0.0,0.0,0.0,2.0505,0.0,0.0361,,,,,,,,,crf_only,disproportionner,V,,
divisionnaire,ADJ,C1,beacco,2.0505,0.0361,0.0,0.0,0.0,0.0,2.0505,0.0,0.0361,0.0,0.0,0.0,0.0,4.139,0.0,0.0975,C1,word_pos,divisionnaire,A,divisionnaire,ADJ
décevant,ADJ,C1,beacco,2.0505,0.0361,0.0,0.0,0.0,0.0,2.0505,0.0,0.0361,0.0,0.0,0.0,0.0,4.139,0.0,0.0975,C1,word_pos,décevant,A,décevant,ADJ
défiance,NOUN,C1,beacco,2.0505,0.0361,0.0,0.0,0.0,0.0,2.0505,0.0,0.0361,0.0,0.0,0.0,0.0,4.139,0.0,0.0975,C1,word_pos,défiance,N,défiance,NOM
déforester,VERB,C1,crf_first_attested,2.0505,0.0361,0.0,0.0,0.0,0.0,2.0505,0.0,0.0361,,,,,,,,,crf_only,déforester,V,,
défrichement,NOUN,C1,beacco,2.0505,0.0361,0.0,0.0,0.0,0.0,2.0505,0.0,0.0361,0.0,0.0,0.0,0.0,4.139,0.0,0.0975,C1,word_pos,défrichement,N,défrichement,NOM
délibérément,ADV,C1,beacco,2.0505,0.0361,0.0,0.0,0.0,0.0,2.0505,0.0,0.0361,0.0,0.0,0.0,0.0,4.139,0.0,0.0975,C1,word_pos,délibérément,ADV,délibérément,ADV
démagogie,NOUN,C1,beacco,2.0505,0.0361,0.0,0.0,0.0,0.0,2.0505,0.0,0.0361,0.0,0.0,0.0,0.0,4.139,0.0,0.0975,C1,word_pos,démagogie,N,démagogie,NOM
déminage,NOUN,C1,beacco,2.0505,0.0361,0.0,0.0,0.0,0.0,2.0505,0.0,0.0361,0.0,0.0,0.0,0.0,4.139,0.0,0.0975,C1,word_pos,déminage,N,déminage,NOM
déploiement,NOUN,C1,beacco,2.0505,0.0361,0.0,0.0,0.0,0.0,2.0505,0.0,0.0361,0.0,0.0,0.0,0.0,4.139,0.0,0.0975,C1,word_pos,déploiement,N,déploiement,NOM
déplorablement,ADV,C1,beacco,2.0505,0.0361,0.0,0.0,0.0,0.0,2.0505,0.0,0.0361,0.0,0.0,0.0,0.0,4.139,0.0,0.0975,C1,word_pos,déplorablement,ADV,déplorablement,ADV
désinformation,NOUN,C1,beacco,2.0505,0.0361,0.0,0.0,0.0,0.0,2.0505,0.0,0.0361,0.0,0.0,0.0,0.0,4.139,0.0,0.0975,C1,word_pos,désinformation,N,désinformation,NOM
désister,VERB,C1,beacco,2.0505,0.0361,0.0,0.0,0.0,0.0,2.0505,0.0,0.0361,0.0,0.0,0.0,0.0,4.139,0.0,0.0975,C1,word_pos,désister,V,désister,VER
déstabiliser,VERB,C1,crf_first_attested,2.0505,0.0361,0.0,0.0,0.0,0.0,2.0505,0.0,0.0361,,,,,,,,,crf_only,déstabiliser,V,,
en bonne partie,ADV,C1,crf_first_attested,2.0505,0.0361,0.0,0.0,0.0,0.0,2.0505,0.0,0.0361,,,,,,,,,crf_only,en bonne partie,ADV,,
en considération du,PREP,C1,crf_first_attested,2.0505,0.0361,0.0,0.0,0.0,0.0,2.0505,0.0,0.0361,,,,,,,,,crf_only,en considération du,PREP,,
en perpective,ADV,C1,crf_first_attested,2.0505,0.0361,0.0,0.0,0.0,0.0,2.0505,0.0,0.0361,,,,,,,,,crf_only,en perpective,ADV,,
en toute matière,ADV,C1,crf_first_attested,2.0505,0.0361,0.0,0.0,0.0,0.0,2.0505,0.0,0.0361,,,,,,,,,crf_only,en toute matière,ADV,,
esquisse,NOUN,C1,crf_first_attested,2.0505,0.0361,0.0,0.0,0.0,0.0,2.0505,0.0,0.0361,,,,,,,,,crf_only,esquisse,N,,
estero,X,C1,crf_first_attested,2.0505,0.0361,0.0,0.0,0.0,0.0,2.0505,0.0,0.0361,,,,,,,,,crf_only,estero,X,,
examinateur,NOUN,C1,beacco,2.0505,0.0361,0.0,0.0,0.0,0.0,2.0505,0.0,0.0361,0.0,0.0,0.0,0.0,4.139,0.0,0.0975,C1,word_pos,examinateur,N,examinateur,NOM
exigible,ADJ,C1,beacco,2.0505,0.0361,0.0,0.0,0.0,0.0,2.0505,0.0,0.0361,0.0,0.0,0.0,0.0,4.139,0.0,0.0975,C1,word_pos,exigible,A,exigible,ADJ
explicite,ADJ,C1,beacco,2.0505,0.0361,0.0,0.0,0.0,0.0,2.0505,0.0,0.0361,0.0,0.0,0.0,0.0,4.139,0.0,0.0975,C1,word_pos,explicite,A,explicite,ADJ
expédient,ADJ,C1,beacco,2.0505,0.0361,0.0,0.0,0.0,0.0,2.0505,0.0,0.0361,0.0,0.0,0.0,0.0,4.139,0.0,0.0975,C1,word_pos,expédient,A,expédient,ADJ
expédient,NOUN,C1,beacco,2.0505,0.0361,0.0,0.0,0.0,0.0,2.0505,0.0,0.0361,0.0,0.0,0.0,0.0,4.139,0.0,0.0975,C1,word_pos,expédient,N,expédient,NOM
faire injure,VERB,C1,crf_first_attested,2.0505,0.0361,0.0,0.0,0.0,0.0,2.0505,0.0,0.0361,,,,,,,,,crf_only,faire injure,V,,
faute de moyens,ADV,C1,crf_first_attested,2.0505,0.0361,0.0,0.0,0.0,0.0,2.0505,0.0,0.0361,,,,,,,,,crf_only,faute de moyens,ADV,,
favorisées,ADJ,C1,crf_first_attested,2.0505,0.0361,0.0,0.0,0.0,0.0,2.0505,0.0,0.0361,,,,,,,,,crf_only,favorisées,A,,
fictif,ADJ,C1,beacco,2.0505,0.0361,0.0,0.0,0.0,0.0,2.0505,0.0,0.0361,0.0,0.0,0.0,0.0,4.139,0.0,0.0975,C1,word_pos,fictif,A,fictif,ADJ
filiale,NOUN,C1,crf_first_attested,2.0505,0.0361,0.0,0.0,0.0,0.0,2.0505,0.0,0.0361,,,,,,,,,crf_only,filiale,N,,
fulgurer,VERB,C1,crf_first_attested,2.0505,0.0361,0.0,0.0,0.0,0.0,2.0505,0.0,0.0361,,,,,,,,,crf_only,fulgurer,V,,
gardiste,NOUN,C1,crf_first_attested,2.0505,0.0361,0.0,0.0,0.0,0.0,2.0505,0.0,0.0361,,,,,,,,,crf_only,gardiste,N,,
godille,NOUN,C1,beacco,2.0505,0.0361,0.0,0.0,0.0,0.0,2.0505,0.0,0.0361,0.0,0.0,0.0,0.0,4.139,0.0,0.0975,C1,word_pos,godille,N,godille,NOM
guérissable,ADJ,C1,beacco,2.0505,0.0361,0.0,0.0,0.0,0.0,2.0505,0.0,0.0361,0.0,0.0,0.0,0.0,4.139,0.0,0.0975,C1,word_pos,guérissable,A,guérissable,ADJ
génétiquement,ADV,C1,beacco,2.0505,0.0361,0.0,0.0,0.0,0.0,2.0505,0.0,0.0361,0.0,0.0,0.0,0.0,4.139,0.0,0.0975,C1,word_pos,génétiquement,ADV,génétiquement,ADV
géoingénierie,NOUN,C1,crf_first_attested,2.0505,0.0361,0.0,0.0,0.0,0.0,2.0505,0.0,0.0361,,,,,,,,,crf_only,géoingénierie,N,,
gérable,ADJ,C1,beacco,2.0505,0.0361,0.0,0.0,0.0,0.0,2.0505,0.0,0.0361,0.0,0.0,0.0,0.0,4.139,0.0,0.0975,C1,word_pos,gérable,A,gérable,ADJ
hantise,NOUN,C1,beacco,2.0505,0.0361,0.0,0.0,0.0,0.0,2.0505,0.0,0.0361,0.0,0.0,0.0,0.0,4.139,0.0,0.0975,C1,word_pos,hantise,N,hantise,NOM
holocène,NOUN,C1,beacco,2.0505,0.0361,0.0,0.0,0.0,0.0,2.0505,0.0,0.0361,0.0,0.0,0.0,0.0,4.139,0.0,0.0975,C1,word_pos,holocène,N,holocène,NOM
homogamie,NOUN,C1,beacco,2.0505,0.0361,0.0,0.0,0.0,0.0,2.0505,0.0,0.0361,0.0,0.0,0.0,0.0,4.139,0.0,0.0975,C1,word_pos,homogamie,N,homogamie,NOM
hémophilus,NOUN,C1,crf_first_attested,2.0505,0.0361,0.0,0.0,0.0,0.0,2.0505,0.0,0.0361,,,,,,,,,crf_only,hémophilus,N,,
idylle,NOUN,C1,beacco,2.0505,0.0361,0.0,0.0,0.0,0.0,2.0505,0.0,0.0361,0.0,0.0,0.0,0.0,4.139,0.0,0.0975,C1,word_pos,idylle,N,idylle,NOM
ils,ADJ,C1,crf_first_attested,2.0505,0.0361,0.0,0.0,0.0,0.0,2.0505,0.0,0.0361,,,,,,,,,crf_only,ils,A,,
imaginable,ADJ,C1,beacco,2.0505,0.0361,0.0,0.0,0.0,0.0,2.0505,0.0,0.0361,0.0,0.0,0.0,0.0,4.139,0.0,0.0975,C1,word_pos,imaginable,A,imaginable,ADJ
immigrant,NOUN,C1,beacco,2.0505,0.0361,0.0,0.0,0.0,0.0,2.0505,0.0,0.0361,0.0,0.0,0.0,0.0,4.139,0.0,0.0975,C1,unique_word,immigrant,N,immigrant,ADJ
inabordable,ADJ,C1,beacco,2.0505,0.0361,0.0,0.0,0.0,0.0,2.0505,0.0,0.0361,0.0,0.0,0.0,0.0,4.139,0.0,0.0975,C1,word_pos,inabordable,A,inabordable,ADJ
incongru,ADJ,C1,beacco,2.0505,0.0361,0.0,0.0,0.0,0.0,2.0505,0.0,0.0361,0.0,0.0,0.0,0.0,4.139,0.0,0.0975,C1,word_pos,incongru,A,incongru,ADJ
incruster,VERB,C1,crf_first_attested,2.0505,0.0361,0.0,0.0,0.0,0.0,2.0505,0.0,0.0361,,,,,,,,,crf_only,incruster,V,,
industrialisation,NOUN,C1,beacco,2.0505,0.0361,0.0,0.0,0.0,0.0,2.0505,0.0,0.0361,0.0,0.0,0.0,0.0,4.139,0.0,0.0975,C1,word_pos,industrialisation,N,industrialisation,NOM
inexistence,NOUN,C1,beacco,2.0505,0.0361,0.0,0.0,0.0,0.0,2.0505,0.0,0.0361,0.0,0.0,0.0,0.0,4.139,0.0,0.0975,C1,word_pos,inexistence,N,inexistence,NOM
infinité,NOUN,C1,beacco,2.0505,0.0361,0.0,0.0,0.0,0.0,2.0505,0.0,0.0361,0.0,0.0,0.0,0.0,4.139,0.0,0.0975,C1,word_pos,infinité,N,infinité,NOM
inflammation,NOUN,C1,beacco,2.0505,0.0361,0.0,0.0,0.0,0.0,2.0505,0.0,0.0361,0.0,0.0,0.0,0.0,4.139,0.0,0.0975,C1,word_pos,inflammation,N,inflammation,NOM
infrarouge,ADJ,C1,beacco,2.0505,0.0361,0.0,0.0,0.0,0.0,2.0505,0.0,0.0361,0.0,0.0,0.0,0.0,4.139,0.0,0.0975,C1,word_pos,infrarouge,A,infrarouge,ADJ
initiateur,NOUN,C1,beacco,2.0505,0.0361,0.0,0.0,0.0,0.0,2.0505,0.0,0.0361,0.0,0.0,0.0,0.0,4.139,0.0,0.0975,C1,word_pos,initiateur,N,initiateur,NOM
interculturel,ADJ,C1,beacco,2.0505,0.0361,0.0,0.0,0.0,0.0,2.0505,0.0,0.0361,0.0,0.0,0.0,0.0,4.139,0.0,0.0975,C1,word_pos,interculturel,A,interculturel,ADJ
intertitre,NOUN,C1,beacco,2.0505,0.0361,0.0,0.0,0.0,0.0,2.0505,0.0,0.0361,0.0,0.0,0.0,0.0,4.139,0.0,0.0975,C1,word_pos,intertitre,N,intertitre,NOM
intrusion,NOUN,C1,beacco,2.0505,0.0361,0.0,0.0,0.0,0.0,2.0505,0.0,0.0361,0.0,0.0,0.0,0.0,4.139,0.0,0.0975,C1,word_pos,intrusion,N,intrusion,NOM
judicieusement,ADV,C1,beacco,2.0505,0.0361,0.0,0.0,0.0,0.0,2.0505,0.0,0.0361,0.0,0.0,0.0,0.0,4.139,0.0,0.0975,C1,word_pos,judicieusement,ADV,judicieusement,ADV
jusqu' à quel point,CONJ,C1,crf_first_attested,2.0505,0.0361,0.0,0.0,0.0,0.0,2.0505,0.0,0.0361,,,,,,,,,crf_only,jusqu' à quel point,CONJS,,
jusque au sein du,PREP,C1,crf_first_attested,2.0505,0.0361,0.0,0.0,0.0,0.0,2.0505,0.0,0.0361,,,,,,,,,crf_only,jusque au sein du,PREP,,
kurde,ADJ,C1,beacco,2.0505,0.0361,0.0,0.0,0.0,0.0,2.0505,0.0,0.0361,0.0,0.0,0.0,0.0,4.139,0.0,0.0975,C1,word_pos,kurde,A,kurde,ADJ
laïcité,NOUN,C1,beacco,2.0505,0.0361,0.0,0.0,0.0,0.0,2.0505,0.0,0.0361,0.0,0.0,0.0,0.0,4.139,0.0,0.0975,C1,word_pos,laïcité,N,laïcité,NOM
louable,ADJ,C1,beacco,2.0505,0.0361,0.0,0.0,0.0,0.0,2.0505,0.0,0.0361,0.0,0.0,0.0,0.0,4.139,0.0,0.0975,C1,word_pos,louable,A,louable,ADJ
maillage,NOUN,C1,beacco,2.0505,0.0361,0.0,0.0,0.0,0.0,2.0505,0.0,0.0361,0.0,0.0,0.0,0.0,4.139,0.0,0.0975,C1,word_pos,maillage,N,maillage,NOM
mainstream,ADJ,C1,crf_first_attested,2.0505,0.0361,0.0,0.0,0.0,0.0,2.0505,0.0,0.0361,,,,,,,,,crf_only,mainstream,A,,
matraquage,NOUN,C1,beacco,2.0505,0.0361,0.0,0.0,0.0,0.0,2.0505,0.0,0.0361,0.0,0.0,0.0,0.0,4.139,0.0,0.0975,C1,word_pos,matraquage,N,matraquage,NOM
melting - pot,NOUN,C1,crf_first_attested,2.0505,0.0361,0.0,0.0,0.0,0.0,2.0505,0.0,0.0361,,,,,,,,,crf_only,melting - pot,N,,
microbien,ADJ,C1,beacco,2.0505,0.0361,0.0,0.0,0.0,0.0,2.0505,0.0,0.0361,0.0,0.0,0.0,0.0,4.139,0.0,0.0975,C1,word_pos,microbien,A,microbien,ADJ
missionnaire,NOUN,C1,beacco,2.0505,0.0361,0.0,0.0,0.0,0.0,2.0505,0.0,0.0361,0.0,0.0,0.0,0.0,4.139,0.0,0.0975,C1,word_pos,missionnaire,N,missionnaire,NOM
modernisation,NOUN,C1,beacco,2.0505,0.0361,0.0,0.0,0.0,0.0,2.0505,0.0,0.0361,0.0,0.0,0.0,0.0,4.139,0.0,0.0975,C1,word_pos,modernisation,N,modernisation,NOM
monarchique,ADJ,C1,beacco,2.0505,0.0361,0.0,0.0,0.0,0.0,2.0505,0.0,0.0361,0.0,0.0,0.0,0.0,4.139,0.0,0.0975,C1,word_pos,monarchique,A,monarchique,ADJ
multirésistant,ADJ,C1,crf_first_attested,2.0505,0.0361,0.0,0.0,0.0,0.0,2.0505,0.0,0.0361,,,,,,,,,crf_only,multirésistant,A,,
mécanisation,NOUN,C1,beacco,2.0505,0.0361,0.0,0.0,0.0,0.0,2.0505,0.0,0.0361,0.0,0.0,0.0,0.0,4.139,0.0,0.0975,C1,word_pos,mécanisation,N,mécanisation,NOM
méthicilline,NOUN,C1,crf_first_attested,2.0505,0.0361,0.0,0.0,0.0,0.0,2.0505,0.0,0.0361,,,,,,,,,crf_only,méthicilline,N,,
même du tout,ADV,C1,crf_first_attested,2.0505,0.0361,0.0,0.0,0.0,0.0,2.0505,0.0,0.0361,,,,,,,,,crf_only,même du tout,ADV,,
neuromarketing,X,C1,crf_first_attested,2.0505,0.0361,0.0,0.0,0.0,0.0,2.0505,0.0,0.0361,,,,,,,,,crf_only,neuromarketing,X,,
néoromantique,ADJ,C1,beacco,2.0505,0.0361,0.0,0.0,0.0,0.0,2.0505,0.0,0.0361,0.0,0.0,0.0,0.0,4.139,0.0,0.0975,C1,word_pos,néoromantique,A,néoromantique,ADJ
omerta,NOUN,C1,crf_first_attested,2.0505,0.0361,0.0,0.0,0.0,0.0,2.0505,0.0,0.0361,,,,,,,,,crf_only,omerta,N,,
ongine,NOUN,C1,crf_first_attested,2.0505,0.0361,0.0,0.0,0.0,0.0,2.0505,0.0,0.0361,,,,,,,,,crf_only,ongine,N,,
opportun,ADJ,C1,beacco,2.0505,0.0361,0.0,0.0,0.0,0.0,2.0505,0.0,0.0361,0.0,0.0,0.0,0.0,4.139,0.0,0.0975,C1,word_pos,opportun,A,opportun,ADJ
otite,NOUN,C1,beacco,2.0505,0.0361,0.0,0.0,0.0,0.0,2.0505,0.0,0.0361,0.0,0.0,0.0,0.0,4.139,0.0,0.0975,C1,word_pos,otite,N,otite,NOM
par l' initiative de,PREP,C1,crf_first_attested,2.0505,0.0361,0.0,0.0,0.0,0.0,2.0505,0.0,0.0361,,,,,,,,,crf_only,par l' initiative de,PREP,,
paratextuels,ADJ,C1,crf_first_attested,2.0505,0.0361,0.0,0.0,0.0,0.0,2.0505,0.0,0.0361,,,,,,,,,crf_only,paratextuels,A,,
pastoral,ADJ,C1,beacco,2.0505,0.0361,0.0,0.0,0.0,0.0,2.0505,0.0,0.0361,0.0,0.0,0.0,0.0,4.139,0.0,0.0975,C1,word_pos,pastoral,A,pastoral,ADJ
pelletier,NOUN,C1,beacco,2.0505,0.0361,0.0,0.0,0.0,0.0,2.0505,0.0,0.0361,0.0,0.0,0.0,0.0,4.139,0.0,0.0975,C1,word_pos,pelletier,N,pelletier,NOM
pernicieux,ADJ,C1,beacco,2.0505,0.0361,0.0,0.0,0.0,0.0,2.0505,0.0,0.0361,0.0,0.0,0.0,0.0,4.139,0.0,0.0975,C1,word_pos,pernicieux,A,pernicieux,ADJ
personnalisé,ADJ,C1,crf_first_attested,2.0505,0.0361,0.0,0.0,0.0,0.0,2.0505,0.0,0.0361,,,,,,,,,crf_only,personnalisé,A,,
pneumocoque,NOUN,C1,beacco,2.0505,0.0361,0.0,0.0,0.0,0.0,2.0505,0.0,0.0361,0.0,0.0,0.0,0.0,4.139,0.0,0.0975,C1,word_pos,pneumocoque,N,pneumocoque,NOM
populisme,NOUN,C1,beacco,2.0505,0.0361,0.0,0.0,0.0,0.0,2.0505,0.0,0.0361,0.0,0.0,0.0,0.0,4.139,0.0,0.0975,C1,word_pos,populisme,N,populisme,NOM
pourvoyeur,ADJ,C1,crf_first_attested,2.0505,0.0361,0.0,0.0,0.0,0.0,2.0505,0.0,0.0361,,,,,,,,,crf_only,pourvoyeur,A,,
privilégié,NOUN,C1,beacco,2.0505,0.0361,0.0,0.0,0.0,0.0,2.0505,0.0,0.0361,0.0,0.0,0.0,0.0,8.2781,0.0,0.1951,C1,word_pos,privilégié,N,privilégié,NOM
pronostique,ADJ,C1,crf_first_attested,2.0505,0.0361,0.0,0.0,0.0,0.0,2.0505,0.0,0.0361,,,,,,,,,crf_only,pronostique,A,,
prostate,NOUN,C1,beacco,2.0505,0.0361,0.0,0.0,0.0,0.0,2.0505,0.0,0.0361,0.0,0.0,0.0,0.0,4.139,0.0,0.0975,C1,word_pos,prostate,N,prostate,NOM
précautionneux,ADJ,C1,beacco,2.0505,0.0361,0.0,0.0,0.0,0.0,2.0505,0.0,0.0361,0.0,0.0,0.0,0.0,4.139,0.0,0.0975,C1,word_pos,précautionneux,A,précautionneux,ADJ
publiphobes,NOUN,C1,crf_first_attested,2.0505,0.0361,0.0,0.0,0.0,0.0,2.0505,0.0,0.0361,,,,,,,,,crf_only,publiphobes,N,,
raccourci,ADJ,C1,crf_first_attested,2.0505,0.0361,0.0,0.0,0.0,0.0,2.0505,0.0,0.0361,,,,,,,,,crf_only,raccourci,A,,
raisonné,ADJ,C1,crf_first_attested,2.0505,0.0361,0.0,0.0,0.0,0.0,2.0505,0.0,0.0361,,,,,,,,,crf_only,raisonné,A,,
recaler,VERB,C1,beacco,2.0505,0.0361,0.0,0.0,0.0,0.0,2.0505,0.0,0.0361,0.0,0.0,0.0,0.0,4.139,0.0,0.0975,C1,word_pos,recaler,V,recaler,VER
repoussoir,NOUN,C1,beacco,2.0505,0.0361,0.0,0.0,0.0,0.0,2.0505,0.0,0.0361,0.0,0.0,0.0,0.0,4.139,0.0,0.0975,C1,word_pos,repoussoir,N,repoussoir,NOM
reprendre pied,VERB,C1,crf_first_attested,2.0505,0.0361,0.0,0.0,0.0,0.0,2.0505,0.0,0.0361,,,,,,,,,crf_only,reprendre pied,V,,
revitalisant,ADJ,C1,beacco,2.0505,0.0361,0.0,0.0,0.0,0.0,2.0505,0.0,0.0361,0.0,0.0,0.0,0.0,4.139,0.0,0.0975,C1,word_pos,revitalisant,A,revitalisant,ADJ
rhino - pharyngite,NOUN,C1,crf_first_attested,2.0505,0.0361,0.0,0.0,0.0,0.0,2.0505,0.0,0.0361,,,,,,,,,crf_only,rhino - pharyngite,N,,
réserviste,ADJ,C1,beacco,2.0505,0.0361,0.0,0.0,0.0,0.0,2.0505,0.0,0.0361,0.0,0.0,0.0,0.0,4.139,0.0,0.0975,C1,unique_word,réserviste,A,réserviste,NOM
révérence,NOUN,C1,beacco,2.0505,0.0361,0.0,0.0,0.0,0.0,2.0505,0.0,0.0361,0.0,0.0,0.0,0.0,4.139,0.0,0.0975,C1,word_pos,révérence,N,révérence,NOM
salvateur,ADJ,C1,crf_first_attested,2.0505,0.0361,0.0,0.0,0.0,0.0,2.0505,0.0,0.0361,,,,,,,,,crf_only,salvateur,A,,
sarcasme,NOUN,C1,beacco,2.0505,0.0361,0.0,0.0,0.0,0.0,2.0505,0.0,0.0361,0.0,0.0,0.0,0.0,4.139,0.0,0.0975,C1,word_pos,sarcasme,N,sarcasme,NOM
sciences,X,C1,crf_first_attested,2.0505,0.0361,0.0,0.0,0.0,0.0,2.0505,0.0,0.0361,,,,,,,,,crf_only,sciences,X,,
spams,NOUN,C1,crf_first_attested,2.0505,0.0361,0.0,0.0,0.0,0.0,2.0505,0.0,0.0361,,,,,,,,,crf_only,spams,N,,
staphylocoque,NOUN,C1,beacco,2.0505,0.0361,0.0,0.0,0.0,0.0,2.0505,0.0,0.0361,0.0,0.0,0.0,0.0,4.139,0.0,0.0975,C1,word_pos,staphylocoque,N,staphylocoque,NOM
sublimé,ADJ,C1,crf_first_attested,2.0505,0.0361,0.0,0.0,0.0,0.0,2.0505,0.0,0.0361,,,,,,,,,crf_only,sublimé,A,,
subterfuge,NOUN,C1,beacco,2.0505,0.0361,0.0,0.0,0.0,0.0,2.0505,0.0,0.0361,0.0,0.0,0.0,0.0,4.139,0.0,0.0975,C1,word_pos,subterfuge,N,subterfuge,NOM
sud - américain,ADJ,C1,crf_first_attested,2.0505,0.0361,0.0,0.0,0.0,0.0,2.0505,0.0,0.0361,,,,,,,,,crf_only,sud - américain,A,,
surinvestissement,NOUN,C1,beacco,2.0505,0.0361,0.0,0.0,0.0,0.0,2.0505,0.0,0.0361,0.0,0.0,0.0,0.0,4.139,0.0,0.0975,C1,word_pos,surinvestissement,N,surinvestissement,NOM
surprescriptions,NOUN,C1,crf_first_attested,2.0505,0.0361,0.0,0.0,0.0,0.0,2.0505,0.0,0.0361,,,,,,,,,crf_only,surprescriptions,N,,
symptomatique,ADJ,C1,beacco,2.0505,0.0361,0.0,0.0,0.0,0.0,2.0505,0.0,0.0361,0.0,0.0,0.0,0.0,4.139,0.0,0.0975,C1,word_pos,symptomatique,A,symptomatique,ADJ
sédiment,NOUN,C1,beacco,2.0505,0.0361,0.0,0.0,0.0,0.0,2.0505,0.0,0.0361,0.0,0.0,0.0,0.0,4.139,0.0,0.0975,C1,word_pos,sédiment,N,sédiment,NOM
tantôt,CONJ,C1,crf_first_attested,2.0505,0.0361,0.0,0.0,0.0,0.0,2.0505,0.0,0.0361,,,,,,,,,crf_only,tantôt,CONJS,,
tenir lieu,VERB,C1,crf_first_attested,2.0505,0.0361,0.0,0.0,0.0,0.0,2.0505,0.0,0.0361,,,,,,,,,crf_only,tenir lieu,V,,
totalitarisme,NOUN,C1,beacco,2.0505,0.0361,0.0,0.0,0.0,0.0,2.0505,0.0,0.0361,0.0,0.0,0.0,0.0,4.139,0.0,0.0975,C1,word_pos,totalitarisme,N,totalitarisme,NOM
tout - automobile,ADJ,C1,crf_first_attested,2.0505,0.0361,0.0,0.0,0.0,0.0,2.0505,0.0,0.0361,,,,,,,,,crf_only,tout - automobile,A,,
transporteur,NOUN,C1,beacco,2.0505,0.0361,0.0,0.0,0.0,0.0,2.0505,0.0,0.0361,0.0,0.0,0.0,0.0,4.139,0.0,0.0975,C1,word_pos,transporteur,N,transporteur,NOM
treize,PRON,C1,crf_first_attested,2.0505,0.0361,0.0,0.0,0.0,0.0,2.0505,0.0,0.0361,,,,,,,,,crf_only,treize,PRO,,
télégramme,NOUN,C1,beacco,2.0505,0.0361,0.0,0.0,0.0,0.0,2.0505,0.0,0.0361,0.0,0.0,0.0,0.0,4.139,0.0,0.0975,C1,word_pos,télégramme,N,télégramme,NOM
téméraire,ADJ,C1,beacco,2.0505,0.0361,0.0,0.0,0.0,0.0,2.0505,0.0,0.0361,0.0,0.0,0.0,0.0,4.139,0.0,0.0975,C1,word_pos,téméraire,A,téméraire,ADJ
unilatéral,ADJ,C1,beacco,2.0505,0.0361,0.0,0.0,0.0,0.0,2.0505,0.0,0.0361,0.0,0.0,0.0,0.0,4.139,0.0,0.0975,C1,word_pos,unilatéral,A,unilatéral,ADJ
urinaire,ADJ,C1,beacco,2.0505,0.0361,0.0,0.0,0.0,0.0,2.0505,0.0,0.0361,0.0,0.0,0.0,0.0,4.139,0.0,0.0975,C1,word_pos,urinaire,A,urinaire,ADJ
urètre,NOUN,C1,beacco,2.0505,0.0361,0.0,0.0,0.0,0.0,2.0505,0.0,0.0361,0.0,0.0,0.0,0.0,4.139,0.0,0.0975,C1,word_pos,urètre,N,urètre,NOM
utérus,NOUN,C1,beacco,2.0505,0.0361,0.0,0.0,0.0,0.0,2.0505,0.0,0.0361,0.0,0.0,0.0,0.0,4.139,0.0,0.0975,C1,word_pos,utérus,N,utérus,NOM
versatile,ADJ,C1,beacco,2.0505,0.0361,0.0,0.0,0.0,0.0,2.0505,0.0,0.0361,0.0,0.0,0.0,0.0,4.139,0.0,0.0975,C1,word_pos,versatile,A,versatile,ADJ
vessie,NOUN,C1,beacco,2.0505,0.0361,0.0,0.0,0.0,0.0,2.0505,0.0,0.0361,0.0,0.0,0.0,0.0,4.139,0.0,0.0975,C1,word_pos,vessie,N,vessie,NOM
vicier,VERB,C1,beacco,2.0505,0.0361,0.0,0.0,0.0,0.0,2.0505,0.0,0.0361,0.0,0.0,0.0,0.0,4.139,0.0,0.0975,C1,word_pos,vicier,V,vicier,VER
vigie,NOUN,C1,beacco,2.0505,0.0361,0.0,0.0,0.0,0.0,2.0505,0.0,0.0361,0.0,0.0,0.0,0.0,4.139,0.0,0.0975,C1,word_pos,vigie,N,vigie,NOM
à portée de main,ADV,C1,crf_first_attested,2.0505,0.0361,0.0,0.0,0.0,0.0,2.0505,0.0,0.0361,,,,,,,,,crf_only,à portée de main,ADV,,
épingler,VERB,C1,beacco,2.0505,0.0361,0.0,0.0,0.0,0.0,2.0505,0.0,0.0361,0.0,0.0,0.0,0.0,4.139,0.0,0.0975,C1,word_pos,épingler,V,épingler,VER
exprès,ADJ,C1,beacco,1.6042,1.463,0.0,7.0746,0.0,0.0,1.6042,0.0,1.463,0.0,0.0,0.0,0.0,3.4423,0.0,0.0657,C1,word_pos,exprès,A,exprès,ADJ
suivi,ADJ,C1,beacco,1.6042,1.3503,0.0,0.0,3.1385,0.0,1.6042,2.0587,1.3503,0.0,0.0,0.0,0.0,3.4423,0.0,0.0657,C1,word_pos,suivi,A,suivi,ADJ
députée,NOUN,C1,crf_first_attested,1.6042,1.1189,0.0,0.0,0.0,0.0,1.6042,56.9312,1.1189,,,,,,,,,crf_only,députée,N,,
trempé,ADJ,C1,beacco,1.6042,0.6161,0.0,0.0,0.7097,0.0,1.6042,0.0,0.6161,0.0,0.0,0.0,0.0,3.4423,0.0,0.0657,C1,word_pos,trempé,A,trempé,ADJ
tentateur,NOUN,C1,beacco,1.6042,0.5138,0.0,0.0,0.0,0.0,1.6042,28.8683,0.5138,0.0,0.0,0.0,0.0,3.4423,0.0,0.0657,C1,word_pos,tentateur,N,tentateur,NOM
prospérer,VERB,C1,beacco,1.6042,0.4426,0.0,0.0,0.0,0.0,1.6042,19.2455,0.4426,0.0,0.0,0.0,0.0,3.4423,0.0,0.0657,C1,word_pos,prospérer,V,prospérer,VER
argumentatif,ADJ,C1,crf_first_attested,1.6042,0.3146,0.0,0.0,0.0,0.0,1.6042,6.4938,0.3146,,,,,,,,,crf_only,argumentatif,A,,
calice,NOUN,C1,beacco,1.6042,0.2746,0.0,0.9684,0.0,0.0,1.6042,0.0,0.2746,0.0,0.9302,0.0,0.0,3.4423,0.0,0.4294,C1,word_pos,calice,N,calice,NOM
commode,ADJ,C1,beacco,1.6042,0.2588,0.0,0.0,0.1637,0.0,1.6042,0.0,0.2588,0.0,0.0,0.0,0.0,3.4423,0.0,0.0657,C1,word_pos,commode,A,commode,ADJ
tournage,NOUN,C1,beacco,1.6042,0.2099,0.7622,0.0,0.0,0.0,1.6042,0.0,0.2099,1.6512,0.0,0.0,0.0,3.4423,0.0,0.4328,C1,word_pos,tournage,N,tournage,NOM
grief,NOUN,C1,beacco,1.6042,0.0998,0.0,0.0,0.0,0.0,1.6042,4.1173,0.0998,0.0,0.0,0.0,0.0,3.4423,4.0185,0.1315,C1,unique_word,grief,N,grief,ADJ
échéant,ADJ,C1,beacco,1.6042,0.0998,0.0,0.0,0.0,0.0,1.6042,4.1173,0.0998,0.0,0.0,0.0,0.0,3.4423,8.037,0.1972,C1,word_pos,échéant,A,échéant,ADJ
abyssal,ADJ,C1,beacco,1.6042,0.0333,0.0,0.0,0.0,0.0,1.6042,0.0,0.0333,0.0,0.0,0.0,0.0,3.4423,0.0,0.0657,C1,word_pos,abyssal,A,abyssal,ADJ
accréditer,VERB,C1,beacco,1.6042,0.0333,0.0,0.0,0.0,0.0,1.6042,0.0,0.0333,0.0,0.0,0.0,0.0,3.4423,0.0,0.0657,C1,word_pos,accréditer,V,accréditer,VER
acompte,NOUN,C1,beacco,1.6042,0.0333,0.0,0.0,0.0,0.0,1.6042,0.0,0.0333,0.0,0.0,0.0,0.0,3.4423,0.0,0.0657,C1,word_pos,acompte,N,acompte,NOM
affadissement,NOUN,C1,beacco,1.6042,0.0333,0.0,0.0,0.0,0.0,1.6042,0.0,0.0333,0.0,0.0,0.0,0.0,3.4423,0.0,0.0657,C1,word_pos,affadissement,N,affadissement,NOM
affligeant,ADJ,C1,beacco,1.6042,0.0333,0.0,0.0,0.0,0.0,1.6042,0.0,0.0333,0.0,0.0,0.0,0.0,3.4423,0.0,0.0657,C1,word_pos,affligeant,A,affligeant,ADJ
antagonisme,NOUN,C1,beacco,1.6042,0.0333,0.0,0.0,0.0,0.0,1.6042,0.0,0.0333,0.0,0.0,0.0,0.0,3.4423,0.0,0.0657,C1,word_pos,antagonisme,N,antagonisme,NOM
antistatique,ADJ,C1,beacco,1.6042,0.0333,0.0,0.0,0.0,0.0,1.6042,0.0,0.0333,0.0,0.0,0.0,0.0,3.4423,0.0,0.0657,C1,word_pos,antistatique,A,antistatique,ADJ
apothéose,NOUN,C1,beacco,1.6042,0.0333,0.0,0.0,0.0,0.0,1.6042,0.0,0.0333,0.0,0.0,0.0,0.0,3.4423,0.0,0.0657,C1,word_pos,apothéose,N,apothéose,NOM
assimilé,ADJ,C1,crf_first_attested,1.6042,0.0333,0.0,0.0,0.0,0.0,1.6042,0.0,0.0333,,,,,,,,,crf_only,assimilé,A,,
assombrir,VERB,C1,beacco,1.6042,0.0333,0.0,0.0,0.0,0.0,1.6042,0.0,0.0333,0.0,0.0,0.0,0.0,3.4423,0.0,0.0657,C1,word_pos,assombrir,V,assombrir,VER
astrologie,NOUN,C1,beacco,1.6042,0.0333,0.0,0.0,0.0,0.0,1.6042,0.0,0.0333,0.0,0.0,0.0,0.0,3.4423,0.0,0.0657,C1,word_pos,astrologie,N,astrologie,NOM
astéroïde,NOUN,C1,beacco,1.6042,0.0333,0.0,0.0,0.0,0.0,1.6042,0.0,0.0333,0.0,0.0,0.0,0.0,3.4423,0.0,0.0657,C1,word_pos,astéroïde,N,astéroïde,NOM
aubette,NOUN,C1,beacco,1.6042,0.0333,0.0,0.0,0.0,0.0,1.6042,0.0,0.0333,0.0,0.0,0.0,0.0,3.4423,0.0,0.0657,C1,word_pos,aubette,N,aubette,NOM
auteure,ADJ,C1,crf_first_attested,1.6042,0.0333,0.0,0.0,0.0,0.0,1.6042,0.0,0.0333,,,,,,,,,crf_only,auteure,A,,
autre tiramisu,PRON,C1,crf_first_attested,1.6042,0.0333,0.0,0.0,0.0,0.0,1.6042,0.0,0.0333,,,,,,,,,crf_only,autre tiramisu,PRO,,
aviver,VERB,C1,beacco,1.6042,0.0333,0.0,0.0,0.0,0.0,1.6042,0.0,0.0333,0.0,0.0,0.0,0.0,3.4423,0.0,0.0657,C1,word_pos,aviver,V,aviver,VER
babysitter,NOUN,C1,crf_first_attested,1.6042,0.0333,0.0,0.0,0.0,0.0,1.6042,0.0,0.0333,,,,,,,,,crf_only,babysitter,N,,
baise,NOUN,C1,beacco,1.6042,0.0333,0.0,0.0,0.0,0.0,1.6042,0.0,0.0333,0.0,0.0,0.0,0.0,3.4423,0.0,0.0657,C1,word_pos,baise,N,baise,NOM
ballotin,NOUN,C1,crf_first_attested,1.6042,0.0333,0.0,0.0,0.0,0.0,1.6042,0.0,0.0333,,,,,,,,,crf_only,ballotin,N,,
basalte,NOUN,C1,beacco,1.6042,0.0333,0.0,0.0,0.0,0.0,1.6042,0.0,0.0333,0.0,0.0,0.0,0.0,3.4423,0.0,0.0657,C1,word_pos,basalte,N,basalte,NOM
bibi,NOUN,C1,beacco,1.6042,0.0333,0.0,0.0,0.0,0.0,1.6042,0.0,0.0333,0.0,0.0,0.0,0.0,3.4423,0.0,0.0657,C1,word_pos,bibi,N,bibi,NOM
bienvenu,ADJ,C1,crf_first_attested,1.6042,0.0333,0.0,0.0,0.0,0.0,1.6042,0.0,0.0333,,,,,,,,,crf_only,bienvenu,A,,
biodégradabilité,NOUN,C1,beacco,1.6042,0.0333,0.0,0.0,0.0,0.0,1.6042,0.0,0.0333,0.0,0.0,0.0,0.0,3.4423,0.0,0.0657,C1,word_pos,biodégradabilité,N,biodégradabilité,NOM
body,NOUN,C1,crf_first_attested,1.6042,0.0333,0.0,0.0,0.0,0.0,1.6042,0.0,0.0333,,,,,,,,,crf_only,body,N,,
bombardement,NOUN,C1,beacco,1.6042,0.0333,0.0,0.0,0.0,0.0,1.6042,0.0,0.0333,0.0,0.0,0.0,0.0,3.4423,0.0,0.0657,C1,word_pos,bombardement,N,bombardement,NOM
bourgeoisement,ADV,C1,beacco,1.6042,0.0333,0.0,0.0,0.0,0.0,1.6042,0.0,0.0333,0.0,0.0,0.0,0.0,3.4423,0.0,0.0657,C1,word_pos,bourgeoisement,ADV,bourgeoisement,ADV
brunch,NOUN,C1,beacco,1.6042,0.0333,0.0,0.0,0.0,0.0,1.6042,0.0,0.0333,0.0,0.0,0.0,0.0,3.4423,0.0,0.0657,C1,word_pos,brunch,N,brunch,NOM
brushing,NOUN,C1,beacco,1.6042,0.0333,0.0,0.0,0.0,0.0,1.6042,0.0,0.0333,0.0,0.0,0.0,0.0,3.4423,0.0,0.0657,C1,word_pos,brushing,N,brushing,NOM
building,NOUN,C1,crf_first_attested,1.6042,0.0333,0.0,0.0,0.0,0.0,1.6042,0.0,0.0333,,,,,,,,,crf_only,building,N,,
bâillon,NOUN,C1,crf_first_attested,1.6042,0.0333,0.0,0.0,0.0,0.0,1.6042,0.0,0.0333,,,,,,,,,crf_only,bâillon,N,,
calcium,NOUN,C1,beacco,1.6042,0.0333,0.0,0.0,0.0,0.0,1.6042,0.0,0.0333,0.0,0.0,0.0,0.0,3.4423,0.0,0.0657,C1,word_pos,calcium,N,calcium,NOM
canine,NOUN,C1,beacco,1.6042,0.0333,0.0,0.0,0.0,0.0,1.6042,0.0,0.0333,0.0,0.0,0.0,0.0,3.4423,0.0,0.0657,C1,word_pos,canine,N,canine,NOM
cantonade,NOUN,C1,beacco,1.6042,0.0333,0.0,0.0,0.0,0.0,1.6042,0.0,0.0333,0.0,0.0,0.0,0.0,3.4423,0.0,0.0657,C1,word_pos,cantonade,N,cantonade,NOM
capucin,NOUN,C1,beacco,1.6042,0.0333,0.0,0.0,0.0,0.0,1.6042,0.0,0.0333,0.0,0.0,0.0,0.0,3.4423,0.0,0.0657,C1,word_pos,capucin,N,capucin,NOM
caravaning,NOUN,C1,beacco,1.6042,0.0333,0.0,0.0,0.0,0.0,1.6042,0.0,0.0333,0.0,0.0,0.0,0.0,3.4423,0.0,0.0657,C1,word_pos,caravaning,N,caravaning,NOM
caroténoïde,NOUN,C1,beacco,1.6042,0.0333,0.0,0.0,0.0,0.0,1.6042,0.0,0.0333,0.0,0.0,0.0,0.0,3.4423,0.0,0.0657,C1,word_pos,caroténoïde,N,caroténoïde,NOM
carpe,NOUN,C1,beacco,1.6042,0.0333,0.0,0.0,0.0,0.0,1.6042,0.0,0.0333,0.0,0.0,0.0,0.0,3.4423,0.0,0.0657,C1,word_pos,carpe,N,carpe,NOM
carte - vue,NOUN,C1,crf_first_attested,1.6042,0.0333,0.0,0.0,0.0,0.0,1.6042,0.0,0.0333,,,,,,,,,crf_only,carte - vue,N,,
castration,NOUN,C1,beacco,1.6042,0.0333,0.0,0.0,0.0,0.0,1.6042,0.0,0.0333,0.0,0.0,0.0,0.0,3.4423,0.0,0.0657,C1,word_pos,castration,N,castration,NOM
cf,NOUN,C1,crf_first_attested,1.6042,0.0333,0.0,0.0,0.0,0.0,1.6042,0.0,0.0333,,,,,,,,,crf_only,cf,N,,
chapelain,NOUN,C1,beacco,1.6042,0.0333,0.0,0.0,0.0,0.0,1.6042,0.0,0.0333,0.0,0.0,0.0,0.0,3.4423,0.0,0.0657,C1,word_pos,chapelain,N,chapelain,NOM
chariot,NOUN,C1,beacco,1.6042,0.0333,0.0,0.0,0.0,0.0,1.6042,0.0,0.0333,0.0,0.0,0.0,0.0,3.4423,0.0,0.0657,C1,word_pos,chariot,N,chariot,NOM
chichement,ADV,C1,beacco,1.6042,0.0333,0.0,0.0,0.0,0.0,1.6042,0.0,0.0333,0.0,0.0,0.0,0.0,3.4423,0.0,0.0657,C1,word_pos,chichement,ADV,chichement,ADV
chicon,NOUN,C1,beacco,1.6042,0.0333,0.0,0.0,0.0,0.0,1.6042,0.0,0.0333,0.0,0.0,0.0,0.0,3.4423,0.0,0.0657,C1,word_pos,chicon,N,chicon,NOM
chromo,NOUN,C1,beacco,1.6042,0.0333,0.0,0.0,0.0,0.0,1.6042,0.0,0.0333,0.0,0.0,0.0,0.0,3.4423,0.0,0.0657,C1,word_pos,chromo,N,chromo,NOM
cloche,ADJ,C1,crf_first_attested,1.6042,0.0333,0.0,0.0,0.0,0.0,1.6042,0.0,0.0333,,,,,,,,,crf_only,cloche,A,,
co - opérer,NOUN,C1,crf_first_attested,1.6042,0.0333,0.0,0.0,0.0,0.0,1.6042,0.0,0.0333,,,,,,,,,crf_only,co - opérer,N,,
colimaçon,NOUN,C1,beacco,1.6042,0.0333,0.0,0.0,0.0,0.0,1.6042,0.0,0.0333,0.0,0.0,0.0,0.0,3.4423,0.0,0.0657,C1,word_pos,colimaçon,N,colimaçon,NOM
complaisant,ADJ,C1,beacco,1.6042,0.0333,0.0,0.0,0.0,0.0,1.6042,0.0,0.0333,0.0,0.0,0.0,0.0,3.4423,0.0,0.0657,C1,word_pos,complaisant,A,complaisant,ADJ
complexification,NOUN,C1,beacco,1.6042,0.0333,0.0,0.0,0.0,0.0,1.6042,0.0,0.0333,0.0,0.0,0.0,0.0,3.4423,0.0,0.0657,C1,word_pos,complexification,N,complexification,NOM
complies,NOUN,C1,beacco,1.6042,0.0333,0.0,0.0,0.0,0.0,1.6042,0.0,0.0333,0.0,0.0,0.0,0.0,3.4423,0.0,0.0657,C1,word_pos,complies,N,complies,NOM
compote,NOUN,C1,beacco,1.6042,0.0333,0.0,0.0,0.0,0.0,1.6042,0.0,0.0333,0.0,0.0,0.0,0.0,3.4423,0.0,0.0657,C1,word_pos,compote,N,compote,NOM
confesse,NOUN,C1,crf_first_attested,1.6042,0.0333,0.0,0.0,0.0,0.0,1.6042,0.0,0.0333,,,,,,,,,crf_only,confesse,N,,
connerie,NOUN,C1,beacco,1.6042,0.0333,0.0,0.0,0.0,0.0,1.6042,0.0,0.0333,0.0,0.0,0.0,0.0,3.4423,0.0,0.0657,C1,word_pos,connerie,N,connerie,NOM
consentement,NOUN,C1,beacco,1.6042,0.0333,0.0,0.0,0.0,0.0,1.6042,0.0,0.0333,0.0,0.0,0.0,0.0,3.4423,0.0,0.0657,C1,word_pos,consentement,N,consentement,NOM
consonance,NOUN,C1,beacco,1.6042,0.0333,0.0,0.0,0.0,0.0,1.6042,0.0,0.0333,0.0,0.0,0.0,0.0,3.4423,0.0,0.0657,C1,word_pos,consonance,N,consonance,NOM
coque,NOUN,C1,beacco,1.6042,0.0333,0.0,0.0,0.0,0.0,1.6042,0.0,0.0333,0.0,0.0,0.0,0.0,3.4423,0.0,0.0657,C1,word_pos,coque,N,coque,NOM
coulis,NOUN,C1,beacco,1.6042,0.0333,0.0,0.0,0.0,0.0,1.6042,0.0,0.0333,0.0,0.0,0.0,0.0,3.4423,0.0,0.0657,C1,word_pos,coulis,N,coulis,NOM
couque,NOUN,C1,beacco,1.6042,0.0333,0.0,0.0,0.0,0.0,1.6042,0.0,0.0333,0.0,0.0,0.0,0.0,3.4423,0.0,0.0657,C1,word_pos,couque,N,couque,NOM
coutelier,NOUN,C1,beacco,1.6042,0.0333,0.0,0.0,0.0,0.0,1.6042,0.0,0.0333,0.0,0.0,0.0,0.0,3.4423,0.0,0.0657,C1,word_pos,coutelier,N,coutelier,NOM
cramique,NOUN,C1,beacco,1.6042,0.0333,0.0,0.0,0.0,0.0,1.6042,0.0,0.0333,0.0,0.0,0.0,0.0,3.4423,0.0,0.0657,C1,word_pos,cramique,N,cramique,NOM
craquelin,NOUN,C1,beacco,1.6042,0.0333,0.0,0.0,0.0,0.0,1.6042,0.0,0.0333,0.0,0.0,0.0,0.0,3.4423,0.0,0.0657,C1,word_pos,craquelin,N,craquelin,NOM
credo,NOUN,C1,beacco,1.6042,0.0333,0.0,0.0,0.0,0.0,1.6042,0.0,0.0333,0.0,0.0,0.0,0.0,3.4423,0.0,0.0657,C1,word_pos,credo,N,credo,NOM
cuissetax,NOUN,C1,crf_first_attested,1.6042,0.0333,0.0,0.0,0.0,0.0,1.6042,0.0,0.0333,,,,,,,,,crf_only,cuissetax,N,,
cône,NOUN,C1,beacco,1.6042,0.0333,0.0,0.0,0.0,0.0,1.6042,0.0,0.0333,0.0,0.0,0.0,0.0,3.4423,0.0,0.0657,C1,word_pos,cône,N,cône,NOM
dancing,NOUN,C1,beacco,1.6042,0.0333,0.0,0.0,0.0,0.0,1.6042,0.0,0.0333,0.0,0.0,0.0,0.0,3.4423,0.0,0.0657,C1,word_pos,dancing,N,dancing,NOM
de ce fait,ADV,C1,crf_first_attested,1.6042,0.0333,0.0,0.0,0.0,0.0,1.6042,0.0,0.0333,,,,,,,,,crf_only,de ce fait,ADV,,
des quoi encore,ADV,C1,crf_first_attested,1.6042,0.0333,0.0,0.0,0.0,0.0,1.6042,0.0,0.0333,,,,,,,,,crf_only,des quoi encore,ADV,,
diable,DET,C1,crf_first_attested,1.6042,0.0333,0.0,0.0,0.0,0.0,1.6042,0.0,0.0333,,,,,,,,,crf_only,diable,DET,,
dicision,NOUN,C1,crf_first_attested,1.6042,0.0333,0.0,0.0,0.0,0.0,1.6042,0.0,0.0333,,,,,,,,,crf_only,dicision,N,,
dopamine,NOUN,C1,beacco,1.6042,0.0333,0.0,0.0,0.0,0.0,1.6042,0.0,0.0333,0.0,0.0,0.0,0.0,3.4423,0.0,0.0657,C1,word_pos,dopamine,N,dopamine,NOM
dracher,VERB,C1,beacco,1.6042,0.0333,0.0,0.0,0.0,0.0,1.6042,0.0,0.0333,0.0,0.0,0.0,0.0,3.4423,0.0,0.0657,C1,word_pos,dracher,V,dracher,VER
dudit,PREP,C1,crf_first_attested,1.6042,0.0333,0.0,0.0,0.0,0.0,1.6042,0.0,0.0333,,,,,,,,,crf_only,dudit,PREP,,
débouté,NOUN,C1,beacco,1.6042,0.0333,0.0,0.0,0.0,0.0,1.6042,0.0,0.0333,0.0,0.0,0.0,0.0,3.4423,0.0,0.0657,C1,word_pos,débouté,N,débouté,NOM
débrider,VERB,C1,beacco,1.6042,0.0333,0.0,0.0,0.0,0.0,1.6042,0.0,0.0333,0.0,0.0,0.0,0.0,3.4423,0.0,0.0657,C1,word_pos,débrider,V,débrider,VER
décentralisée,ADJ,C1,crf_first_attested,1.6042,0.0333,0.0,0.0,0.0,0.0,1.6042,0.0,0.0333,,,,,,,,,crf_only,décentralisée,A,,
décorner,VERB,C1,beacco,1.6042,0.0333,0.0,0.0,0.0,0.0,1.6042,0.0,0.0333,0.0,0.0,0.0,0.0,3.4423,0.0,0.0657,C1,word_pos,décorner,V,décorner,VER
déduction faite du,PREP,C1,crf_first_attested,1.6042,0.0333,0.0,0.0,0.0,0.0,1.6042,0.0,0.0333,,,,,,,,,crf_only,déduction faite du,PREP,,
dégaine,NOUN,C1,beacco,1.6042,0.0333,0.0,0.0,0.0,0.0,1.6042,0.0,0.0333,0.0,0.0,0.0,0.0,3.4423,0.0,0.0657,C1,word_pos,dégaine,N,dégaine,NOM
dépréciation,NOUN,C1,beacco,1.6042,0.0333,0.0,0.0,0.0,0.0,1.6042,0.0,0.0333,0.0,0.0,0.0,0.0,3.4423,0.0,0.0657,C1,word_pos,dépréciation,N,dépréciation,NOM
désagrément,NOUN,C1,beacco,1.6042,0.0333,0.0,0.0,0.0,0.0,1.6042,0.0,0.0333,0.0,0.0,0.0,0.0,3.4423,0.0,0.0657,C1,word_pos,désagrément,N,désagrément,NOM
déshonorant,ADJ,C1,beacco,1.6042,0.0333,0.0,0.0,0.0,0.0,1.6042,0.0,0.0333,0.0,0.0,0.0,0.0,3.4423,0.0,0.0657,C1,word_pos,déshonorant,A,déshonorant,ADJ
emmerderesse,NOUN,C1,crf_first_attested,1.6042,0.0333,0.0,0.0,0.0,0.0,1.6042,0.0,0.0333,,,,,,,,,crf_only,emmerderesse,N,,
emmerdeur,NOUN,C1,beacco,1.6042,0.0333,0.0,0.0,0.0,0.0,1.6042,0.0,0.0333,0.0,0.0,0.0,0.0,3.4423,0.0,0.0657,C1,word_pos,emmerdeur,N,emmerdeur,NOM
en aucune façon,ADV,C1,crf_first_attested,1.6042,0.0333,0.0,0.0,0.0,0.0,1.6042,0.0,0.0333,,,,,,,,,crf_only,en aucune façon,ADV,,
en cause de,PREP,C1,crf_first_attested,1.6042,0.0333,0.0,0.0,0.0,0.0,1.6042,0.0,0.0333,,,,,,,,,crf_only,en cause de,PREP,,
en douce,ADV,C1,crf_first_attested,1.6042,0.0333,0.0,0.0,0.0,0.0,1.6042,0.0,0.0333,,,,,,,,,crf_only,en douce,ADV,,
en entrée,ADV,C1,crf_first_attested,1.6042,0.0333,0.0,0.0,0.0,0.0,1.6042,0.0,0.0333,,,,,,,,,crf_only,en entrée,ADV,,
en plastique du fait de,PREP,C1,crf_first_attested,1.6042,0.0333,0.0,0.0,0.0,0.0,1.6042,0.0,0.0333,,,,,,,,,crf_only,en plastique du fait de,PREP,,
entier,NOUN,C1,crf_first_attested,1.6042,0.0333,0.0,0.0,0.0,0.0,1.6042,0.0,0.0333,,,,,,,,,crf_only,entier,N,,
esse,NOUN,C1,beacco,1.6042,0.0333,0.0,0.0,0.0,0.0,1.6042,0.0,0.0333,0.0,0.0,0.0,0.0,3.4423,0.0,0.0657,C1,word_pos,esse,N,esse,NOM
esthète,ADJ,C1,beacco,1.6042,0.0333,0.0,0.0,0.0,0.0,1.6042,0.0,0.0333,0.0,0.0,0.0,0.0,3.4423,0.0,0.0657,C1,word_pos,esthète,A,esthète,ADJ
estropier,VERB,C1,beacco,1.6042,0.0333,0.0,0.0,0.0,0.0,1.6042,0.0,0.0333,0.0,0.0,0.0,0.0,3.4423,0.0,0.0657,C1,word_pos,estropier,V,estropier,VER
ethnocentrisme,NOUN,C1,beacco,1.6042,0.0333,0.0,0.0,0.0,0.0,1.6042,0.0,0.0333,0.0,0.0,0.0,0.0,3.4423,0.0,0.0657,C1,word_pos,ethnocentrisme,N,ethnocentrisme,NOM
eur,NOUN,C1,crf_first_attested,1.6042,0.0333,0.0,0.0,0.0,0.0,1.6042,0.0,0.0333,,,,,,,,,crf_only,eur,N,,
femme - au - foyer,NOUN,C1,crf_first_attested,1.6042,0.0333,0.0,0.0,0.0,0.0,1.6042,0.0,0.0333,,,,,,,,,crf_only,femme - au - foyer,N,,
fervent,NOUN,C1,crf_first_attested,1.6042,0.0333,0.0,0.0,0.0,0.0,1.6042,0.0,0.0333,,,,,,,,,crf_only,fervent,N,,
ffort,NOUN,C1,crf_first_attested,1.6042,0.0333,0.0,0.0,0.0,0.0,1.6042,0.0,0.0333,,,,,,,,,crf_only,ffort,N,,
fixé,ADJ,C1,crf_first_attested,1.6042,0.0333,0.0,0.0,0.0,0.0,1.6042,0.0,0.0333,,,,,,,,,crf_only,fixé,A,,
fondu,NOUN,C1,beacco,1.6042,0.0333,0.0,0.0,0.0,0.0,1.6042,0.0,0.0333,0.0,0.0,0.0,0.0,3.4423,0.0,0.0657,C1,word_pos,fondu,N,fondu,NOM
fortuit,ADJ,C1,beacco,1.6042,0.0333,0.0,0.0,0.0,0.0,1.6042,0.0,0.0333,0.0,0.0,0.0,0.0,3.4423,0.0,0.0657,C1,word_pos,fortuit,A,fortuit,ADJ
fraîch,NOUN,C1,crf_first_attested,1.6042,0.0333,0.0,0.0,0.0,0.0,1.6042,0.0,0.0333,,,,,,,,,crf_only,fraîch,N,,
fâcherie,NOUN,C1,beacco,1.6042,0.0333,0.0,0.0,0.0,0.0,1.6042,0.0,0.0333,0.0,0.0,0.0,0.0,3.4423,0.0,0.0657,C1,word_pos,fâcherie,N,fâcherie,NOM
fécule,NOUN,C1,beacco,1.6042,0.0333,0.0,0.0,0.0,0.0,1.6042,0.0,0.0333,0.0,0.0,0.0,0.0,3.4423,0.0,0.0657,C1,word_pos,fécule,N,fécule,NOM
fêlé,ADJ,C1,beacco,1.6042,0.0333,0.0,0.0,0.0,0.0,1.6042,0.0,0.0333,0.0,0.0,0.0,0.0,3.4423,0.0,0.0657,C1,word_pos,fêlé,A,fêlé,ADJ
galopant,ADJ,C1,beacco,1.6042,0.0333,0.0,0.0,0.0,0.0,1.6042,0.0,0.0333,0.0,0.0,0.0,0.0,3.4423,0.0,0.0657,C1,word_pos,galopant,A,galopant,ADJ
gendarmettes,NOUN,C1,crf_first_attested,1.6042,0.0333,0.0,0.0,0.0,0.0,1.6042,0.0,0.0333,,,,,,,,,crf_only,gendarmettes,N,,
glorieuses,NOUN,C1,crf_first_attested,1.6042,0.0333,0.0,0.0,0.0,0.0,1.6042,0.0,0.0333,,,,,,,,,crf_only,glorieuses,N,,
gozettes,NOUN,C1,crf_first_attested,1.6042,0.0333,0.0,0.0,0.0,0.0,1.6042,0.0,0.0333,,,,,,,,,crf_only,gozettes,N,,
grillager,VERB,C1,beacco,1.6042,0.0333,0.0,0.0,0.0,0.0,1.6042,0.0,0.0333,0.0,0.0,0.0,0.0,3.4423,0.0,0.0657,C1,word_pos,grillager,V,grillager,VER
gueuler,VERB,C1,beacco,1.6042,0.0333,0.0,0.0,0.0,0.0,1.6042,0.0,0.0333,0.0,0.0,0.0,0.0,3.4423,0.0,0.0657,C1,word_pos,gueuler,V,gueuler,VER
had,X,C1,crf_first_attested,1.6042,0.0333,0.0,0.0,0.0,0.0,1.6042,0.0,0.0333,,,,,,,,,crf_only,had,X,,
hermétiquement,ADV,C1,beacco,1.6042,0.0333,0.0,0.0,0.0,0.0,1.6042,0.0,0.0333,0.0,0.0,0.0,0.0,3.4423,0.0,0.0657,C1,word_pos,hermétiquement,ADV,hermétiquement,ADV
hindou,ADJ,C1,beacco,1.6042,0.0333,0.0,0.0,0.0,0.0,1.6042,0.0,0.0333,0.0,0.0,0.0,0.0,3.4423,0.0,0.0657,C1,word_pos,hindou,A,hindou,ADJ
homonyme,NOUN,C1,beacco,1.6042,0.0333,0.0,0.0,0.0,0.0,1.6042,0.0,0.0333,0.0,0.0,0.0,0.0,3.4423,0.0,0.0657,C1,word_pos,homonyme,N,homonyme,NOM
horde,NOUN,C1,beacco,1.6042,0.0333,0.0,0.0,0.0,0.0,1.6042,0.0,0.0333,0.0,0.0,0.0,0.0,3.4423,0.0,0.0657,C1,word_pos,horde,N,horde,NOM
humanitaire / assistanat,NOUN,C1,crf_first_attested,1.6042,0.0333,0.0,0.0,0.0,0.0,1.6042,0.0,0.0333,,,,,,,,,crf_only,humanitaire / assistanat,N,,
hyperviolence,NOUN,C1,crf_first_attested,1.6042,0.0333,0.0,0.0,0.0,0.0,1.6042,0.0,0.0333,,,,,,,,,crf_only,hyperviolence,N,,
imprégnation,NOUN,C1,beacco,1.6042,0.0333,0.0,0.0,0.0,0.0,1.6042,0.0,0.0333,0.0,0.0,0.0,0.0,3.4423,0.0,0.0657,C1,word_pos,imprégnation,N,imprégnation,NOM
indigent,ADJ,C1,beacco,1.6042,0.0333,0.0,0.0,0.0,0.0,1.6042,0.0,0.0333,0.0,0.0,0.0,0.0,3.4423,0.0,0.0657,C1,word_pos,indigent,A,indigent,ADJ
indu,ADJ,C1,beacco,1.6042,0.0333,0.0,0.0,0.0,0.0,1.6042,0.0,0.0333,0.0,0.0,0.0,0.0,3.4423,0.0,0.0657,C1,word_pos,indu,A,indu,ADJ
inexécution,NOUN,C1,beacco,1.6042,0.0333,0.0,0.0,0.0,0.0,1.6042,0.0,0.0333,0.0,0.0,0.0,0.0,3.4423,0.0,0.0657,C1,word_pos,inexécution,N,inexécution,NOM
infructueux,ADJ,C1,beacco,1.6042,0.0333,0.0,0.0,0.0,0.0,1.6042,0.0,0.0333,0.0,0.0,0.0,0.0,3.4423,0.0,0.0657,C1,word_pos,infructueux,A,infructueux,ADJ
ingénieure,ADJ,C1,crf_first_attested,1.6042,0.0333,0.0,0.0,0.0,0.0,1.6042,0.0,0.0333,,,,,,,,,crf_only,ingénieure,A,,
inhospitalier,ADJ,C1,beacco,1.6042,0.0333,0.0,0.0,0.0,0.0,1.6042,0.0,0.0333,0.0,0.0,0.0,0.0,3.4423,0.0,0.0657,C1,word_pos,inhospitalier,A,inhospitalier,ADJ
instrumentaliser,VERB,C1,beacco,1.6042,0.0333,0.0,0.0,0.0,0.0,1.6042,0.0,0.0333,0.0,0.0,0.0,0.0,3.4423,0.0,0.0657,C1,word_pos,instrumentaliser,V,instrumentaliser,VER
international,NOUN,C1,crf_first_attested,1.6042,0.0333,0.0,0.0,0.0,0.0,1.6042,0.0,0.0333,,,,,,,,,crf_only,international,N,,
intracérébral,ADJ,C1,beacco,1.6042,0.0333,0.0,0.0,0.0,0.0,1.6042,0.0,0.0333,0.0,0.0,0.0,0.0,3.4423,0.0,0.0657,C1,word_pos,intracérébral,A,intracérébral,ADJ
inébranlablement,ADV,C1,beacco,1.6042,0.0333,0.0,0.0,0.0,0.0,1.6042,0.0,0.0333,0.0,0.0,0.0,0.0,3.4423,0.0,0.0657,C1,word_pos,inébranlablement,ADV,inébranlablement,ADV
irrespirable,ADJ,C1,beacco,1.6042,0.0333,0.0,0.0,0.0,0.0,1.6042,0.0,0.0333,0.0,0.0,0.0,0.0,3.4423,0.0,0.0657,C1,word_pos,irrespirable,A,irrespirable,ADJ
irrésistiblement,ADV,C1,beacco,1.6042,0.0333,0.0,0.0,0.0,0.0,1.6042,0.0,0.0333,0.0,0.0,0.0,0.0,3.4423,0.0,0.0657,C1,word_pos,irrésistiblement,ADV,irrésistiblement,ADV
is,X,C1,crf_first_attested,1.6042,0.0333,0.0,0.0,0.0,0.0,1.6042,0.0,0.0333,,,,,,,,,crf_only,is,X,,
jeûne,NOUN,C1,beacco,1.6042,0.0333,0.0,0.0,0.0,0.0,1.6042,0.0,0.0333,0.0,0.0,0.0,0.0,3.4423,0.0,0.0657,C1,word_pos,jeûne,N,jeûne,NOM
jogger,NOUN,C1,beacco,1.6042,0.0333,0.0,0.0,0.0,0.0,1.6042,0.0,0.0333,0.0,0.0,0.0,0.0,3.4423,0.0,0.0657,C1,unique_word,jogger,N,jogger,VER
jouette,NOUN,C1,beacco,1.6042,0.0333,0.0,0.0,0.0,0.0,1.6042,0.0,0.0333,0.0,0.0,0.0,0.0,3.4423,0.0,0.0657,C1,word_pos,jouette,N,jouette,NOM
jouissance,NOUN,C1,beacco,1.6042,0.0333,0.0,0.0,0.0,0.0,1.6042,0.0,0.0333,0.0,0.0,0.0,0.0,3.4423,0.0,0.0657,C1,word_pos,jouissance,N,jouissance,NOM
jumelage,NOUN,C1,beacco,1.6042,0.0333,0.0,0.0,0.0,0.0,1.6042,0.0,0.0333,0.0,0.0,0.0,0.0,3.4423,0.0,0.0657,C1,word_pos,jumelage,N,jumelage,NOM
jusqu' où,CONJ,C1,crf_first_attested,1.6042,0.0333,0.0,0.0,0.0,0.0,1.6042,0.0,0.0333,,,,,,,,,crf_only,jusqu' où,CONJS,,
lauréat,NOUN,C1,beacco,1.6042,0.0333,0.0,0.0,0.0,0.0,1.6042,0.0,0.0333,0.0,0.0,0.0,0.0,3.4423,0.0,0.0657,C1,word_pos,lauréat,N,lauréat,NOM
literie,NOUN,C1,beacco,1.6042,0.0333,0.0,0.0,0.0,0.0,1.6042,0.0,0.0333,0.0,0.0,0.0,0.0,3.4423,0.0,0.0657,C1,word_pos,literie,N,literie,NOM
locatif,ADJ,C1,beacco,1.6042,0.0333,0.0,0.0,0.0,0.0,1.6042,0.0,0.0333,0.0,0.0,0.0,0.0,3.4423,0.0,0.0657,C1,word_pos,locatif,A,locatif,ADJ
longévité,NOUN,C1,beacco,1.6042,0.0333,0.0,0.0,0.0,0.0,1.6042,0.0,0.0333,0.0,0.0,0.0,0.0,3.4423,0.0,0.0657,C1,word_pos,longévité,N,longévité,NOM
loque,NOUN,C1,beacco,1.6042,0.0333,0.0,0.0,0.0,0.0,1.6042,0.0,0.0333,0.0,0.0,0.0,0.0,3.4423,0.0,0.0657,C1,word_pos,loque,N,loque,NOM
lu,NOUN,C1,beacco,1.6042,0.0333,0.0,0.0,0.0,0.0,1.6042,0.0,0.0333,0.0,0.0,0.0,0.0,3.4423,0.0,0.0657,C1,unique_word,lu,N,lu,ADJ
légumier,ADJ,C1,beacco,1.6042,0.0333,0.0,0.0,0.0,0.0,1.6042,0.0,0.0333,0.0,0.0,0.0,0.0,3.4423,0.0,0.0657,C1,unique_word,légumier,A,légumier,NOM
macdonnald,X,C1,crf_first_attested,1.6042,0.0333,0.0,0.0,0.0,0.0,1.6042,0.0,0.0333,,,,,,,,,crf_only,macdonnald,X,,
manichéisme,NOUN,C1,beacco,1.6042,0.0333,0.0,0.0,0.0,0.0,1.6042,0.0,0.0333,0.0,0.0,0.0,0.0,3.4423,0.0,0.0657,C1,word_pos,manichéisme,N,manichéisme,NOM
manipulateur,NOUN,C1,beacco,1.6042,0.0333,0.0,0.0,0.0,0.0,1.6042,0.0,0.0333,0.0,0.0,0.0,0.0,3.4423,0.0,0.0657,C1,word_pos,manipulateur,N,manipulateur,NOM
maquisard,NOUN,C1,beacco,1.6042,0.0333,0.0,0.0,0.0,0.0,1.6042,0.0,0.0333,0.0,0.0,0.0,0.0,3.4423,0.0,0.0657,C1,word_pos,maquisard,N,maquisard,NOM
marmaille,NOUN,C1,beacco,1.6042,0.0333,0.0,0.0,0.0,0.0,1.6042,0.0,0.0333,0.0,0.0,0.0,0.0,3.4423,0.0,0.0657,C1,word_pos,marmaille,N,marmaille,NOM
masculin,NOUN,C1,crf_first_attested,1.6042,0.0333,0.0,0.0,0.0,0.0,1.6042,0.0,0.0333,,,,,,,,,crf_only,masculin,N,,
meublant,ADJ,C1,beacco,1.6042,0.0333,0.0,0.0,0.0,0.0,1.6042,0.0,0.0333,0.0,0.0,0.0,0.0,3.4423,0.0,0.0657,C1,word_pos,meublant,A,meublant,ADJ
mi - journée,NOUN,C1,crf_first_attested,1.6042,0.0333,0.0,0.0,0.0,0.0,1.6042,0.0,0.0333,,,,,,,,,crf_only,mi - journée,N,,
micronutriment,NOUN,C1,crf_first_attested,1.6042,0.0333,0.0,0.0,0.0,0.0,1.6042,0.0,0.0333,,,,,,,,,crf_only,micronutriment,N,,
miser en avant,VERB,C1,crf_first_attested,1.6042,0.0333,0.0,0.0,0.0,0.0,1.6042,0.0,0.0333,,,,,,,,,crf_only,miser en avant,V,,
motion - type,NOUN,C1,crf_first_attested,1.6042,0.0333,0.0,0.0,0.0,0.0,1.6042,0.0,0.0333,,,,,,,,,crf_only,motion - type,N,,
musli,NOUN,C1,beacco,1.6042,0.0333,0.0,0.0,0.0,0.0,1.6042,0.0,0.0333,0.0,0.0,0.0,0.0,3.4423,0.0,0.0657,C1,word_pos,musli,N,musli,NOM
navaja,NOUN,C1,beacco,1.6042,0.0333,0.0,0.0,0.0,0.0,1.6042,0.0,0.0333,0.0,0.0,0.0,0.0,3.4423,0.0,0.0657,C1,word_pos,navaja,N,navaja,NOM
nef,NOUN,C1,beacco,1.6042,0.0333,0.0,0.0,0.0,0.0,1.6042,0.0,0.0333,0.0,0.0,0.0,0.0,3.4423,0.0,0.0657,C1,word_pos,nef,N,nef,NOM
neuromédiateur,NOUN,C1,crf_first_attested,1.6042,0.0333,0.0,0.0,0.0,0.0,1.6042,0.0,0.0333,,,,,,,,,crf_only,neuromédiateur,N,,
notice,NOUN,C1,beacco,1.6042,0.0333,0.0,0.0,0.0,0.0,1.6042,0.0,0.0333,0.0,0.0,0.0,0.0,3.4423,0.0,0.0657,C1,word_pos,notice,N,notice,NOM
noyau,NOUN,C1,beacco,1.6042,0.0333,0.0,0.0,0.0,0.0,1.6042,0.0,0.0333,0.0,0.0,0.0,0.0,3.4423,0.0,0.0657,C1,word_pos,noyau,N,noyau,NOM
noyé,ADJ,C1,crf_first_attested,1.6042,0.0333,0.0,0.0,0.0,0.0,1.6042,0.0,0.0333,,,,,,,,,crf_only,noyé,A,,
obligé,NOUN,C1,crf_first_attested,1.6042,0.0333,0.0,0.0,0.0,0.0,1.6042,0.0,0.0333,,,,,,,,,crf_only,obligé,N,,
obstination,NOUN,C1,beacco,1.6042,0.0333,0.0,0.0,0.0,0.0,1.6042,0.0,0.0333,0.0,0.0,0.0,0.0,3.4423,0.0,0.0657,C1,word_pos,obstination,N,obstination,NOM
occultisme,NOUN,C1,beacco,1.6042,0.0333,0.0,0.0,0.0,0.0,1.6042,0.0,0.0333,0.0,0.0,0.0,0.0,3.4423,0.0,0.0657,C1,word_pos,occultisme,N,occultisme,NOM
ocytocine,NOUN,C1,beacco,1.6042,0.0333,0.0,0.0,0.0,0.0,1.6042,0.0,0.0333,0.0,0.0,0.0,0.0,3.4423,0.0,0.0657,C1,word_pos,ocytocine,N,ocytocine,NOM
opportunément,ADV,C1,beacco,1.6042,0.0333,0.0,0.0,0.0,0.0,1.6042,0.0,0.0333,0.0,0.0,0.0,0.0,3.4423,0.0,0.0657,C1,word_pos,opportunément,ADV,opportunément,ADV
ouvre - boîte,NOUN,C1,crf_first_attested,1.6042,0.0333,0.0,0.0,0.0,0.0,1.6042,0.0,0.0333,,,,,,,,,crf_only,ouvre - boîte,N,,
papoter,VERB,C1,beacco,1.6042,0.0333,0.0,0.0,0.0,0.0,1.6042,0.0,0.0333,0.0,0.0,0.0,0.0,3.4423,0.0,0.0657,C1,word_pos,papoter,V,papoter,VER
par le biais de,PREP,C1,crf_first_attested,1.6042,0.0333,0.0,0.0,0.0,0.0,1.6042,0.0,0.0333,,,,,,,,,crf_only,par le biais de,PREP,,
par rapport au nombre de,PREP,C1,crf_first_attested,1.6042,0.0333,0.0,0.0,0.0,0.0,1.6042,0.0,0.0333,,,,,,,,,crf_only,par rapport au nombre de,PREP,,
parapsychologie,NOUN,C1,beacco,1.6042,0.0333,0.0,0.0,0.0,0.0,1.6042,0.0,0.0333,0.0,0.0,0.0,0.0,3.4423,0.0,0.0657,C1,word_pos,parapsychologie,N,parapsychologie,NOM
parmesan,NOUN,C1,beacco,1.6042,0.0333,0.0,0.0,0.0,0.0,1.6042,0.0,0.0333,0.0,0.0,0.0,0.0,3.4423,0.0,0.0657,C1,word_pos,parmesan,N,parmesan,NOM
passif,NOUN,C1,beacco,1.6042,0.0333,0.0,0.0,0.0,0.0,1.6042,0.0,0.0333,0.0,0.0,0.0,0.0,3.4423,0.0,0.0657,C1,word_pos,passif,N,passif,NOM
pastas,NOUN,C1,crf_first_attested,1.6042,0.0333,0.0,0.0,0.0,0.0,1.6042,0.0,0.0333,,,,,,,,,crf_only,pastas,N,,
pier,NOUN,C1,crf_first_attested,1.6042,0.0333,0.0,0.0,0.0,0.0,1.6042,0.0,0.0333,,,,,,,,,crf_only,pier,N,,
piétinement,NOUN,C1,beacco,1.6042,0.0333,0.0,0.0,0.0,0.0,1.6042,0.0,0.0333,0.0,0.0,0.0,0.0,3.4423,0.0,0.0657,C1,word_pos,piétinement,N,piétinement,NOM
plaquer,VERB,C1,beacco,1.6042,0.0333,0.0,0.0,0.0,0.0,1.6042,0.0,0.0333,0.0,0.0,0.0,0.0,3.4423,0.0,0.0657,C1,word_pos,plaquer,V,plaquer,VER
poissonnier,NOUN,C1,beacco,1.6042,0.0333,0.0,0.0,0.0,0.0,1.6042,0.0,0.0333,0.0,0.0,0.0,0.0,3.4423,0.0,0.0657,C1,word_pos,poissonnier,N,poissonnier,NOM
polymériser,VERB,C1,beacco,1.6042,0.0333,0.0,0.0,0.0,0.0,1.6042,0.0,0.0333,0.0,0.0,0.0,0.0,3.4423,0.0,0.0657,C1,word_pos,polymériser,V,polymériser,VER
polyphénol,NOUN,C1,crf_first_attested,1.6042,0.0333,0.0,0.0,0.0,0.0,1.6042,0.0,0.0333,,,,,,,,,crf_only,polyphénol,N,,
portes,NOUN,C1,crf_first_attested,1.6042,0.0333,0.0,0.0,0.0,0.0,1.6042,0.0,0.0333,,,,,,,,,crf_only,portes,N,,
potassium,NOUN,C1,beacco,1.6042,0.0333,0.0,0.0,0.0,0.0,1.6042,0.0,0.0333,0.0,0.0,0.0,0.0,3.4423,0.0,0.0657,C1,word_pos,potassium,N,potassium,NOM
praline,NOUN,C1,beacco,1.6042,0.0333,0.0,0.0,0.0,0.0,1.6042,0.0,0.0333,0.0,0.0,0.0,0.0,3.4423,0.0,0.0657,C1,word_pos,praline,N,praline,NOM
pressing,NOUN,C1,beacco,1.6042,0.0333,0.0,0.0,0.0,0.0,1.6042,0.0,0.0333,0.0,0.0,0.0,0.0,3.4423,0.0,0.0657,C1,word_pos,pressing,N,pressing,NOM
privatif,ADJ,C1,beacco,1.6042,0.0333,0.0,0.0,0.0,0.0,1.6042,0.0,0.0333,0.0,0.0,0.0,0.0,3.4423,0.0,0.0657,C1,word_pos,privatif,A,privatif,ADJ
professeure,ADJ,C1,crf_first_attested,1.6042,0.0333,0.0,0.0,0.0,0.0,1.6042,0.0,0.0333,,,,,,,,,crf_only,professeure,A,,
progestérone,NOUN,C1,beacco,1.6042,0.0333,0.0,0.0,0.0,0.0,1.6042,0.0,0.0333,0.0,0.0,0.0,0.0,3.4423,0.0,0.0657,C1,word_pos,progestérone,N,progestérone,NOM
proroger,VERB,C1,beacco,1.6042,0.0333,0.0,0.0,0.0,0.0,1.6042,0.0,0.0333,0.0,0.0,0.0,0.0,3.4423,0.0,0.0657,C1,word_pos,proroger,V,proroger,VER
prêcher,VERB,C1,beacco,1.6042,0.0333,0.0,0.0,0.0,0.0,1.6042,0.0,0.0333,0.0,0.0,0.0,0.0,3.4423,0.0,0.0657,C1,word_pos,prêcher,V,prêcher,VER
psychotrope,NOUN,C1,beacco,1.6042,0.0333,0.0,0.0,0.0,0.0,1.6042,0.0,0.0333,0.0,0.0,0.0,0.0,3.4423,0.0,0.0657,C1,word_pos,psychotrope,N,psychotrope,NOM
pygmalion,NOUN,C1,crf_first_attested,1.6042,0.0333,0.0,0.0,0.0,0.0,1.6042,0.0,0.0333,,,,,,,,,crf_only,pygmalion,N,,
question,X,C1,crf_first_attested,1.6042,0.0333,0.0,0.0,0.0,0.0,1.6042,0.0,0.0333,,,,,,,,,crf_only,question,X,,
qu’,ADJ,C1,crf_first_attested,1.6042,0.0333,0.0,0.0,0.0,0.0,1.6042,0.0,0.0333,,,,,,,,,crf_only,qu’,A,,
ramassette,NOUN,C1,beacco,1.6042,0.0333,0.0,0.0,0.0,0.0,1.6042,0.0,0.0333,0.0,0.0,0.0,0.0,3.4423,0.0,0.0657,C1,word_pos,ramassette,N,ramassette,NOM
ratatouille,NOUN,C1,beacco,1.6042,0.0333,0.0,0.0,0.0,0.0,1.6042,0.0,0.0333,0.0,0.0,0.0,0.0,3.4423,0.0,0.0657,C1,word_pos,ratatouille,N,ratatouille,NOM
refiler,VERB,C1,beacco,1.6042,0.0333,0.0,0.0,0.0,0.0,1.6042,0.0,0.0333,0.0,0.0,0.0,0.0,3.4423,0.0,0.0657,C1,word_pos,refiler,V,refiler,VER
refoulé,NOUN,C1,beacco,1.6042,0.0333,0.0,0.0,0.0,0.0,1.6042,0.0,0.0333,0.0,0.0,0.0,0.0,3.4423,0.0,0.0657,C1,word_pos,refoulé,N,refoulé,NOM
relaxation,NOUN,C1,beacco,1.6042,0.0333,0.0,0.0,0.0,0.0,1.6042,0.0,0.0333,0.0,0.0,0.0,0.0,3.4423,0.0,0.0657,C1,word_pos,relaxation,N,relaxation,NOM
reloquetter,VERB,C1,crf_first_attested,1.6042,0.0333,0.0,0.0,0.0,0.0,1.6042,0.0,0.0333,,,,,,,,,crf_only,reloquetter,V,,
relâchement,NOUN,C1,beacco,1.6042,0.0333,0.0,0.0,0.0,0.0,1.6042,0.0,0.0333,0.0,0.0,0.0,0.0,3.4423,0.0,0.0657,C1,word_pos,relâchement,N,relâchement,NOM
revendeur,NOUN,C1,beacco,1.6042,0.0333,0.0,0.0,0.0,0.0,1.6042,0.0,0.0333,0.0,0.0,0.0,0.0,3.4423,0.0,0.0657,C1,word_pos,revendeur,N,revendeur,NOM
rosace,NOUN,C1,beacco,1.6042,0.0333,0.0,0.0,0.0,0.0,1.6042,0.0,0.0333,0.0,0.0,0.0,0.0,3.4423,0.0,0.0657,C1,word_pos,rosace,N,rosace,NOM
rosbif,NOUN,C1,beacco,1.6042,0.0333,0.0,0.0,0.0,0.0,1.6042,0.0,0.0333,0.0,0.0,0.0,0.0,3.4423,0.0,0.0657,C1,word_pos,rosbif,N,rosbif,NOM
rouvre,ADJ,C1,crf_first_attested,1.6042,0.0333,0.0,0.0,0.0,0.0,1.6042,0.0,0.0333,,,,,,,,,crf_only,rouvre,A,,
réac,NOUN,C1,beacco,1.6042,0.0333,0.0,0.0,0.0,0.0,1.6042,0.0,0.0333,0.0,0.0,0.0,0.0,3.4423,0.0,0.0657,C1,word_pos,réac,N,réac,NOM
référé,NOUN,C1,beacco,1.6042,0.0333,0.0,0.0,0.0,0.0,1.6042,0.0,0.0333,0.0,0.0,0.0,0.0,3.4423,0.0,0.0657,C1,word_pos,référé,N,référé,NOM
réguler,VERB,C1,beacco,1.6042,0.0333,0.0,0.0,0.0,0.0,1.6042,0.0,0.0333,0.0,0.0,0.0,0.0,3.4423,0.0,0.0657,C1,word_pos,réguler,V,réguler,VER
répit,NOUN,C1,beacco,1.6042,0.0333,0.0,0.0,0.0,0.0,1.6042,0.0,0.0333,0.0,0.0,0.0,0.0,3.4423,0.0,0.0657,C1,word_pos,répit,N,répit,NOM
rétrécissement,NOUN,C1,beacco,1.6042,0.0333,0.0,0.0,0.0,0.0,1.6042,0.0,0.0333,0.0,0.0,0.0,0.0,3.4423,0.0,0.0657,C1,word_pos,rétrécissement,N,rétrécissement,NOM
sauvette,NOUN,C1,beacco,1.6042,0.0333,0.0,0.0,0.0,0.0,1.6042,0.0,0.0333,0.0,0.0,0.0,0.0,3.4423,0.0,0.0657,C1,unique_word,sauvette,N,sauvette,ADV
sec,ADV,C1,crf_first_attested,1.6042,0.0333,0.0,0.0,0.0,0.0,1.6042,0.0,0.0333,,,,,,,,,crf_only,sec,ADV,,
select,ADJ,C1,beacco,1.6042,0.0333,0.0,0.0,0.0,0.0,1.6042,0.0,0.0333,0.0,0.0,0.0,0.0,3.4423,0.0,0.0657,C1,word_pos,select,A,select,ADJ
serviable,ADJ,C1,beacco,1.6042,0.0333,0.0,0.0,0.0,0.0,1.6042,0.0,0.0333,0.0,0.0,0.0,0.0,3.4423,0.0,0.0657,C1,word_pos,serviable,A,serviable,ADJ
standardiste,NOUN,C1,beacco,1.6042,0.0333,0.0,0.0,0.0,0.0,1.6042,0.0,0.0333,0.0,0.0,0.0,0.0,3.4423,0.0,0.0657,C1,word_pos,standardiste,N,standardiste,NOM
stupidité,NOUN,C1,beacco,1.6042,0.0333,0.0,0.0,0.0,0.0,1.6042,0.0,0.0333,0.0,0.0,0.0,0.0,3.4423,0.0,0.0657,C1,word_pos,stupidité,N,stupidité,NOM
subjonctif,NOUN,C1,beacco,1.6042,0.0333,0.0,0.0,0.0,0.0,1.6042,0.0,0.0333,0.0,0.0,0.0,0.0,3.4423,0.0,0.0657,C1,unique_word,subjonctif,N,subjonctif,ADJ
tabler,VERB,C1,beacco,1.6042,0.0333,0.0,0.0,0.0,0.0,1.6042,0.0,0.0333,0.0,0.0,0.0,0.0,3.4423,0.0,0.0657,C1,word_pos,tabler,V,tabler,VER
tam - tam,NOUN,C1,crf_first_attested,1.6042,0.0333,0.0,0.0,0.0,0.0,1.6042,0.0,0.0333,,,,,,,,,crf_only,tam - tam,N,,
tambouriner,VERB,C1,beacco,1.6042,0.0333,0.0,0.0,0.0,0.0,1.6042,0.0,0.0333,0.0,0.0,0.0,0.0,3.4423,0.0,0.0657,C1,word_pos,tambouriner,V,tambouriner,VER
tapant,ADJ,C1,beacco,1.6042,0.0333,0.0,0.0,0.0,0.0,1.6042,0.0,0.0333,0.0,0.0,0.0,0.0,3.4423,0.0,0.0657,C1,word_pos,tapant,A,tapant,ADJ
tasser,VERB,C1,beacco,1.6042,0.0333,0.0,0.0,0.0,0.0,1.6042,0.0,0.0333,0.0,0.0,0.0,0.0,3.4423,0.0,0.0657,C1,word_pos,tasser,V,tasser,VER
tennisman,NOUN,C1,crf_first_attested,1.6042,0.0333,0.0,0.0,0.0,0.0,1.6042,0.0,0.0333,,,,,,,,,crf_only,tennisman,N,,
tenture,NOUN,C1,beacco,1.6042,0.0333,0.0,0.0,0.0,0.0,1.6042,0.0,0.0333,0.0,0.0,0.0,0.0,3.4423,0.0,0.0657,C1,word_pos,tenture,N,tenture,NOM
tomer,VERB,C1,beacco,1.6042,0.0333,0.0,0.0,0.0,0.0,1.6042,0.0,0.0333,0.0,0.0,0.0,0.0,3.4423,0.0,0.0657,C1,word_pos,tomer,V,tomer,VER
traducteur,ADJ,C1,crf_first_attested,1.6042,0.0333,0.0,0.0,0.0,0.0,1.6042,0.0,0.0333,,,,,,,,,crf_only,traducteur,A,,
trattoria,NOUN,C1,beacco,1.6042,0.0333,0.0,0.0,0.0,0.0,1.6042,0.0,0.0333,0.0,0.0,0.0,0.0,3.4423,0.0,0.0657,C1,word_pos,trattoria,N,trattoria,NOM
trekking,NOUN,C1,beacco,1.6042,0.0333,0.0,0.0,0.0,0.0,1.6042,0.0,0.0333,0.0,0.0,0.0,0.0,3.4423,0.0,0.0657,C1,word_pos,trekking,N,trekking,NOM
unanimement,ADV,C1,beacco,1.6042,0.0333,0.0,0.0,0.0,0.0,1.6042,0.0,0.0333,0.0,0.0,0.0,0.0,3.4423,0.0,0.0657,C1,word_pos,unanimement,ADV,unanimement,ADV
vigoureusement,ADV,C1,beacco,1.6042,0.0333,0.0,0.0,0.0,0.0,1.6042,0.0,0.0333,0.0,0.0,0.0,0.0,3.4423,0.0,0.0657,C1,word_pos,vigoureusement,ADV,vigoureusement,ADV
vogelpick,NOUN,C1,crf_first_attested,1.6042,0.0333,0.0,0.0,0.0,0.0,1.6042,0.0,0.0333,,,,,,,,,crf_only,vogelpick,N,,
voûte,NOUN,C1,beacco,1.6042,0.0333,0.0,0.0,0.0,0.0,1.6042,0.0,0.0333,0.0,0.0,0.0,0.0,3.4423,0.0,0.0657,C1,word_pos,voûte,N,voûte,NOM
vraiment top,ADV,C1,crf_first_attested,1.6042,0.0333,0.0,0.0,0.0,0.0,1.6042,0.0,0.0333,,,,,,,,,crf_only,vraiment top,ADV,,
vêpres,NOUN,C1,crf_first_attested,1.6042,0.0333,0.0,0.0,0.0,0.0,1.6042,0.0,0.0333,,,,,,,,,crf_only,vêpres,N,,
zinneke,NOUN,C1,crf_first_attested,1.6042,0.0333,0.0,0.0,0.0,0.0,1.6042,0.0,0.0333,,,,,,,,,crf_only,zinneke,N,,
à contrario,ADV,C1,crf_first_attested,1.6042,0.0333,0.0,0.0,0.0,0.0,1.6042,0.0,0.0333,,,,,,,,,crf_only,à contrario,ADV,,
à double tour,ADV,C1,crf_first_attested,1.6042,0.0333,0.0,0.0,0.0,0.0,1.6042,0.0,0.0333,,,,,,,,,crf_only,à double tour,ADV,,
à parts égales,ADV,C1,crf_first_attested,1.6042,0.0333,0.0,0.0,0.0,0.0,1.6042,0.0,0.0333,,,,,,,,,crf_only,à parts égales,ADV,,
à plat,ADV,C1,crf_first_attested,1.6042,0.0333,0.0,0.0,0.0,0.0,1.6042,0.0,0.0333,,,,,,,,,crf_only,à plat,ADV,,
éluder,VERB,C1,beacco,1.6042,0.0333,0.0,0.0,0.0,0.0,1.6042,0.0,0.0333,0.0,0.0,0.0,0.0,3.4423,0.0,0.0657,C1,word_pos,éluder,V,éluder,VER
étaientfort,VERB,C1,crf_first_attested,1.6042,0.0333,0.0,0.0,0.0,0.0,1.6042,0.0,0.0333,,,,,,,,,crf_only,étaientfort,V,,
étreindre,VERB,C1,beacco,1.6042,0.0333,0.0,0.0,0.0,0.0,1.6042,0.0,0.0333,0.0,0.0,0.0,0.0,3.4423,0.0,0.0657,C1,word_pos,étreindre,V,étreindre,VER
évier,NOUN,C1,beacco,1.6042,0.0333,0.0,0.0,0.0,0.0,1.6042,0.0,0.0333,0.0,0.0,0.0,0.0,3.4423,0.0,0.0657,C1,word_pos,évier,N,évier,NOM
donne,NOUN,C1,beacco,0.0,6.4658,0.0,13.0695,5.0192,5.8607,0.0,0.0,6.4658,0.0,0.7079,0.0,0.0,0.0,0.0,0.0558,C1,word_pos,donne,N,donne,NOM
rom,NOUN,C1,beacco,0.0,3.1669,0.0,8.8323,0.4621,0.0,0.0,0.0,3.1669,0.0,0.0,0.0,0.0,3.4423,0.0,0.0657,C1,word_pos,rom,N,rom,NOM
picador,NOUN,C1,beacco,0.0,2.8226,0.0,6.9385,0.3465,0.0,0.0,0.0,2.8226,0.0,2.1236,0.6994,0.0,0.0,0.0,0.3347,C1,word_pos,picador,N,picador,NOM
basque,NOUN,C1,beacco,0.0,2.5239,0.0,2.7754,0.1155,0.0,0.0,19.4814,2.5239,0.0,0.7079,0.0,0.0,0.0,0.0,0.0558,C1,word_pos,basque,N,basque,NOM
éminence,NOUN,C1,beacco,0.0,2.2808,1.005,0.0,3.4689,0.0,0.0,0.0,2.2808,0.0,0.0,3.8855,0.0,0.0,0.0,0.3609,C1,word_pos,éminence,N,éminence,NOM
paratonnerre,NOUN,C1,beacco,0.0,2.2647,0.0,0.3918,0.0,6.8711,0.0,0.0,2.2647,0.0,0.0,0.0,3.2407,0.0,0.0,0.0871,C1,word_pos,paratonnerre,N,paratonnerre,NOM
turc,ADJ,C1,beacco,0.0,2.2588,0.0,0.1853,7.6477,0.0,0.0,0.0,2.2588,0.0,0.1276,0.185,0.0,0.0,0.0,0.3618,C1,word_pos,turc,A,turc,ADJ
bat,NOUN,C1,beacco,0.0,2.2222,0.0,8.8616,0.4081,0.0,0.0,0.0,2.2222,0.0,1.0679,0.0,0.0,0.0,0.0,0.0515,C1,word_pos,bat,N,bat,NOM
cornichon,NOUN,C1,beacco,0.0,2.1566,0.0,17.7188,0.0,0.0,0.0,0.0,2.1566,0.0,4.2058,0.0,0.0,0.0,0.0,0.3192,C1,word_pos,cornichon,N,cornichon,NOM
contrebande,NOUN,C1,beacco,0.0,2.1177,0.0,2.7754,0.5776,0.0,0.0,0.0,2.1177,0.0,2.8315,0.4662,0.0,0.0,0.0,0.3347,C1,word_pos,contrebande,N,contrebande,NOM
avalanche,NOUN,C1,beacco,0.0,1.7407,21.1519,0.0,0.0,0.0,0.0,0.0,1.7407,4.4374,0.0,0.0,0.0,0.0,0.0,0.0815,C1,word_pos,avalanche,N,avalanche,NOM
éclaire,NOUN,C1,beacco,0.0,1.7312,0.0,1.5505,3.3687,0.0,0.0,0.0,1.7312,0.0,2.1359,0.0,0.0,0.0,0.0,0.103,C1,word_pos,éclaire,N,éclaire,NOM
chapardeur,NOUN,C1,beacco,0.0,1.6938,0.0,0.0,0.0,74.179,0.0,0.0,1.6938,0.0,0.0,0.0,13.7036,0.0,0.0,0.3685,C1,word_pos,chapardeur,N,chapardeur,NOM
sibylle,NOUN,C1,beacco,0.0,1.6761,0.0,13.1091,0.0,0.0,0.0,0.0,1.6761,0.0,1.0425,0.0,0.0,0.0,0.0,0.0503,C1,word_pos,sibylle,N,sibylle,NOM
boucher,NOUN,C1,beacco,0.0,1.6485,0.7956,0.0,0.0,14.0931,0.0,0.0,1.6485,0.0,0.0,0.0,2.2839,0.0,0.0,0.0614,C1,word_pos,boucher,N,boucher,NOM
valet,NOUN,C1,beacco,0.0,1.6226,1.005,0.0,1.8365,0.0,0.0,0.0,1.6226,0.0,0.0,1.2952,0.0,0.0,0.0,0.1203,C1,word_pos,valet,N,valet,NOM
immerger,VERB,C1,beacco,0.0,1.5985,0.3983,0.0,1.1829,1.5139,0.0,0.0,1.5985,0.0,0.0,0.0,2.2839,0.0,0.0,0.0614,C1,word_pos,immerger,V,immerger,VER
tutoyer,VERB,C1,beacco,0.0,1.5034,0.0,0.0,16.3314,0.0,0.0,0.0,1.5034,0.0,0.0,3.3187,0.0,0.0,0.0,0.3083,C1,word_pos,tutoyer,V,tutoyer,VER
joute,NOUN,C1,beacco,0.0,1.4223,0.0,0.0,7.5144,0.0,0.0,0.0,1.4223,0.0,0.0,2.3426,0.0,0.0,0.0,0.2176,C1,word_pos,joute,N,joute,NOM
ecchymose,NOUN,C1,beacco,0.0,1.3356,0.0,0.7835,0.0,2.1142,0.0,0.0,1.3356,0.0,0.0,0.0,2.4306,0.0,0.0,0.0654,C1,word_pos,ecchymose,N,ecchymose,NOM
régiment,NOUN,C1,beacco,0.0,1.3038,0.0,1.7346,0.3465,0.0,0.0,0.0,1.3038,0.0,2.8315,0.4662,0.0,0.0,0.0,0.3347,C1,word_pos,régiment,N,régiment,NOM
tuerie,NOUN,C1,beacco,0.0,1.2692,0.0,0.3918,0.0,2.6427,0.0,0.0,1.2692,0.0,0.0,0.0,2.4306,0.0,0.0,0.0654,C1,word_pos,tuerie,N,tuerie,NOM
mourant,NOUN,C1,beacco,0.0,1.25,0.0,1.0337,2.5692,0.0,0.0,0.0,1.25,0.0,1.0679,0.0,0.0,0.0,0.0,0.0515,C1,word_pos,mourant,N,mourant,NOM
brise,NOUN,C1,beacco,0.0,1.2202,0.0,8.3441,0.0,0.0,0.0,0.0,1.2202,0.0,0.0,0.438,0.0,0.0,0.0,0.0652,C1,word_pos,brise,N,brise,NOM
férocité,NOUN,C1,beacco,0.0,1.2054,0.0,1.1753,0.0,1.5856,0.0,0.0,1.2054,0.0,0.0,0.0,2.4306,0.0,0.0,0.0654,C1,word_pos,férocité,N,férocité,NOM
maltais,ADJ,C1,beacco,0.0,1.2054,0.0,1.1753,0.0,1.5856,0.0,0.0,1.2054,0.0,0.0,0.0,2.4306,0.0,0.0,0.0654,C1,word_pos,maltais,A,maltais,ADJ
propulseur,NOUN,C1,beacco,0.0,1.1738,0.0,8.8334,0.0,0.0,0.0,0.0,1.1738,0.0,1.1188,0.0,0.0,0.0,0.0,0.054,C1,word_pos,propulseur,N,propulseur,NOM
signataire,NOUN,C1,beacco,0.0,1.1648,0.0,0.0,1.4582,0.0,0.0,12.9876,1.1648,0.0,0.0,0.5531,0.0,0.0,0.0,0.0514,C1,word_pos,signataire,N,signataire,NOM
ci,ADV,C1,beacco,0.0,1.1475,0.0,0.3209,1.5158,0.8949,0.0,0.0,1.1475,0.0,0.0,0.0,0.0,4.139,0.0,0.0975,C1,word_pos,ci,ADV,ci,ADV
suédois,NOUN,C1,beacco,0.0,1.1387,0.5869,0.0,0.0,7.2554,0.0,0.0,1.1387,0.5547,0.0,0.0,2.2839,0.0,0.0,0.4227,C1,word_pos,suédois,N,suédois,NOM
pivoter,VERB,C1,beacco,0.0,1.1086,0.0,0.0,6.1275,0.0,0.0,0.0,1.1086,0.0,0.0,0.6118,0.0,0.0,0.0,0.0568,C1,word_pos,pivoter,V,pivoter,VER
massue,NOUN,C1,beacco,0.0,1.1081,0.0,0.0,0.0,16.4979,0.0,0.0,1.1081,0.0,0.0,0.0,2.6036,0.0,0.0,0.07,C1,word_pos,massue,N,massue,NOM
célibat,NOUN,C1,beacco,0.0,1.0363,0.0,0.0,6.5154,0.0,0.0,0.0,1.0363,0.0,0.0,1.9134,0.0,0.0,0.0,0.1777,C1,word_pos,célibat,N,célibat,NOM
saga,NOUN,C1,beacco,0.0,1.0175,0.0,0.0,0.6802,6.0554,0.0,0.0,1.0175,0.0,0.0,0.0,2.2839,0.0,0.0,0.0614,C1,word_pos,saga,N,saga,NOM
insolation,NOUN,C1,beacco,0.0,1.0127,0.0,7.3434,0.0,0.0,0.0,0.0,1.0127,0.0,1.2017,0.0,0.0,0.0,0.0,0.0912,C1,word_pos,insolation,N,insolation,NOM
croyant,NOUN,C1,beacco,0.0,1.0071,0.0,0.5168,1.656,0.0,0.0,0.0,1.0071,0.0,0.0,0.8759,0.0,0.0,0.0,0.1304,C1,word_pos,croyant,N,croyant,NOM
albinos,NOUN,C1,beacco,0.0,0.9805,0.0,7.0746,0.0,0.0,0.0,0.0,0.9805,0.0,1.2017,0.0,0.0,0.0,0.0,0.0912,C1,word_pos,albinos,N,albinos,NOM
boots,NOUN,C1,beacco,0.0,0.9805,0.0,7.0746,0.0,0.0,0.0,0.0,0.9805,0.0,1.2017,0.0,0.0,0.0,0.0,0.0912,C1,word_pos,boots,N,boots,NOM
démaquiller,VERB,C1,beacco,0.0,0.9805,0.0,7.0746,0.0,0.0,0.0,0.0,0.9805,0.0,1.2017,0.0,0.0,0.0,0.0,0.0912,C1,word_pos,démaquiller,V,démaquiller,VER
mariolle,ADJ,C1,beacco,0.0,0.9805,0.0,7.0746,0.0,0.0,0.0,0.0,0.9805,0.0,1.2017,0.0,0.0,0.0,0.0,0.0912,C1,unique_word,mariolle,A,mariolle,NOM
gravier,NOUN,C1,beacco,0.0,0.9716,0.0,0.0,0.0,14.8111,0.0,0.0,0.9716,0.0,0.0,0.0,2.6036,0.0,0.0,0.07,C1,word_pos,gravier,N,gravier,NOM
croupe,NOUN,C1,beacco,0.0,0.9582,0.0,0.0,5.1204,0.0,0.0,0.0,0.9582,0.0,0.0,0.4662,0.0,0.0,0.0,0.1116,C1,word_pos,croupe,N,croupe,NOM
jeté,NOUN,C1,beacco,0.0,0.9202,0.0,0.0,1.7004,0.7062,0.0,0.0,0.9202,0.0,0.0,0.5857,0.0,0.0,0.0,0.0544,C1,unique_word,jeté,N,jeté,ADJ
météorite,NOUN,C1,beacco,0.0,0.8993,0.0,3.134,0.7097,0.0,0.0,0.0,0.8993,0.0,0.5594,0.438,0.0,0.0,0.0,0.404,C1,word_pos,météorite,N,météorite,NOM
futurologue,NOUN,C1,beacco,0.0,0.873,0.0,0.0,5.9144,0.0,0.0,0.0,0.873,0.0,0.0,2.1899,0.0,0.0,0.0,0.3259,C1,word_pos,futurologue,N,futurologue,NOM
penchant,NOUN,C1,beacco,0.0,0.8654,0.0,0.0,0.0,9.529,0.0,0.0,0.8654,0.0,0.0,0.0,0.911,0.0,0.0,0.0652,C1,word_pos,penchant,N,penchant,NOM
sourd,NOUN,C1,beacco,0.0,0.8638,0.0,0.0,1.0854,1.6517,0.0,0.0,0.8638,0.0,0.0,1.2756,0.0,0.0,0.0,0.1185,C1,word_pos,sourd,N,sourd,NOM
broderie,NOUN,C1,beacco,0.0,0.861,0.5025,0.0,1.0203,0.0,0.0,0.0,0.861,0.0,0.0,0.8634,0.0,0.0,0.0,0.0802,C1,word_pos,broderie,N,broderie,NOM
justaucorps,NOUN,C1,beacco,0.0,0.861,0.5025,0.0,1.0203,0.0,0.0,0.0,0.861,0.0,0.0,0.8634,0.0,0.0,0.0,0.0802,C1,word_pos,justaucorps,N,justaucorps,NOM
apeurer,VERB,C1,beacco,0.0,0.8366,0.0,0.0,3.4673,0.5755,0.0,0.0,0.8366,0.0,0.0,0.1029,0.911,0.0,0.0,0.4026,C1,word_pos,apeurer,V,apeurer,VER
églantine,NOUN,C1,beacco,0.0,0.8357,0.0,6.3157,0.0,0.0,0.0,0.0,0.8357,0.0,1.2017,0.0,0.0,0.0,0.0,0.0912,C1,word_pos,églantine,N,églantine,NOM
poireau,NOUN,C1,beacco,0.0,0.7824,0.1633,0.0,1.0379,0.0,0.0,0.0,0.7824,0.171,0.0,0.3906,0.0,0.0,0.0,0.2802,C1,word_pos,poireau,N,poireau,NOM
professionnellement,ADV,C1,beacco,0.0,0.7816,0.0,1.6171,0.7236,0.0,0.0,0.0,0.7816,0.0,0.1276,0.6378,0.0,0.0,0.0,0.3336,C1,word_pos,professionnellement,ADV,professionnellement,ADV
chouette,NOUN,C1,beacco,0.0,0.7797,0.5197,0.0,0.9179,0.0,0.0,0.0,0.7797,0.0,0.0,1.4611,0.0,0.0,0.0,0.1357,C1,word_pos,chouette,N,chouette,NOM
recouper,VERB,C1,beacco,0.0,0.7668,0.7622,0.0,0.0,0.0,0.0,19.4814,0.7668,0.5504,0.0,0.0,0.0,0.0,12.833,0.3721,C1,word_pos,recouper,V,recouper,VER
chaparder,VERB,C1,beacco,0.0,0.7605,0.0,0.0,0.0,33.3048,0.0,0.0,0.7605,0.0,0.0,0.0,6.8518,0.0,0.0,0.1842,C1,word_pos,chaparder,V,chaparder,VER
baignoire,NOUN,C1,beacco,0.0,0.7599,0.0,5.6061,0.0,0.0,0.0,0.0,0.7599,0.0,2.4033,0.0,0.0,0.0,0.0,0.1824,C1,word_pos,baignoire,N,baignoire,NOM
plie,NOUN,C1,beacco,0.0,0.7502,0.0,1.1107,0.6802,0.0,0.0,0.0,0.7502,0.0,0.0,0.5857,0.0,0.0,0.0,0.0544,C1,word_pos,plie,N,plie,NOM
chilien,ADJ,C1,beacco,0.0,0.7335,9.4938,0.0,0.0,0.0,0.0,0.0,0.7335,4.6279,0.0,0.0,0.0,0.0,0.0,0.344,C1,word_pos,chilien,A,chilien,ADJ
cendrier,NOUN,C1,beacco,0.0,0.7259,0.0,0.0,0.0,31.791,0.0,0.0,0.7259,0.0,0.0,0.0,6.8518,0.0,0.0,0.1842,C1,word_pos,cendrier,N,cendrier,NOM
cathare,ADJ,C1,beacco,0.0,0.6984,0.0,0.0,4.7316,0.0,0.0,0.0,0.6984,0.0,0.0,2.6278,0.0,0.0,0.0,0.3911,C1,word_pos,cathare,A,cathare,ADJ
cathare,NOUN,C1,beacco,0.0,0.6984,0.0,0.0,4.7316,0.0,0.0,0.0,0.6984,0.0,0.0,2.1899,0.0,0.0,0.0,0.3259,C1,word_pos,cathare,N,cathare,NOM
médiateur,NOUN,C1,beacco,0.0,0.6839,0.0,0.0,0.5833,0.0,0.0,19.2455,0.6839,0.0,0.0,0.5531,0.0,0.0,0.0,0.0514,C1,word_pos,médiateur,N,médiateur,NOM
naturalisme,NOUN,C1,beacco,0.0,0.6787,0.0,0.0,3.7853,0.0,0.0,0.0,0.6787,0.0,0.0,0.9741,0.0,0.0,0.0,0.0905,C1,word_pos,naturalisme,N,naturalisme,NOM
freudien,ADJ,C1,beacco,0.0,0.6555,0.0,0.0,3.6124,0.0,0.0,0.0,0.6555,0.0,0.0,0.438,0.0,0.0,0.0,0.0652,C1,word_pos,freudien,A,freudien,ADJ
neurobiologiste,NOUN,C1,beacco,0.0,0.6555,0.0,0.0,3.6124,0.0,0.0,0.0,0.6555,0.0,0.0,0.438,0.0,0.0,0.0,0.0652,C1,word_pos,neurobiologiste,N,neurobiologiste,NOM
symbolisme,NOUN,C1,beacco,0.0,0.6555,0.0,0.0,3.6124,0.0,0.0,0.0,0.6555,0.0,0.0,0.438,0.0,0.0,0.0,0.0652,C1,word_pos,symbolisme,N,symbolisme,NOM
broussaille,NOUN,C1,beacco,0.0,0.6413,0.0,0.0,3.5947,0.0,0.0,0.0,0.6413,0.0,0.0,0.4662,0.0,0.0,0.0,0.1116,C1,word_pos,broussaille,N,broussaille,NOM
mécontent,NOUN,C1,beacco,0.0,0.6405,0.0,0.7581,0.7236,0.0,0.0,0.0,0.6405,0.0,0.0,0.6378,0.0,0.0,0.0,0.0592,C1,word_pos,mécontent,N,mécontent,NOM
raffiné,ADJ,C1,beacco,0.0,0.6329,0.0,0.0,0.0,9.4701,0.0,0.0,0.6329,0.0,0.0,0.0,0.0,6.0005,0.0,0.1431,C1,word_pos,raffiné,A,raffiné,ADJ
hivernal,ADJ,C1,beacco,0.0,0.628,0.0,4.5942,0.0,0.0,0.0,0.0,0.628,0.0,1.2017,0.0,0.0,0.0,0.0,0.0912,C1,word_pos,hivernal,A,hivernal,ADJ
lobby,NOUN,C1,beacco,0.0,0.6251,0.0,0.0,0.0,1.1509,0.0,12.9876,0.6251,0.0,0.0,0.0,0.911,0.0,0.0,0.0652,C1,word_pos,lobby,N,lobby,NOM
intensifier,VERB,C1,beacco,0.0,0.623,0.0,0.0,0.7097,0.2167,0.0,0.0,0.623,0.0,0.0,0.438,0.3387,0.0,0.0,0.3933,C1,word_pos,intensifier,V,intensifier,VER
routard,NOUN,C1,beacco,0.0,0.6106,0.0,0.0,0.7097,1.5139,0.0,0.0,0.6106,0.0,0.0,0.438,0.0,0.0,0.0,0.0652,C1,word_pos,routard,N,routard,NOM
original,NOUN,C1,beacco,0.0,0.6039,0.0,0.0,1.0854,0.0,0.0,2.0587,0.6039,0.0,0.0,0.0,0.0,3.4423,0.0,0.0657,C1,word_pos,original,N,original,NOM
cocher,VERB,C1,beacco,0.0,0.6032,0.0,4.1594,0.0,0.0,0.0,0.0,0.6032,0.9464,0.2129,0.0,0.0,0.0,0.0,0.0553,C1,word_pos,cocher,V,cocher,VER
merde,NOUN,C1,beacco,0.0,0.5848,0.0,0.6351,0.2366,0.5755,0.0,0.0,0.5848,0.0,0.0,0.0,0.911,0.0,0.0,0.0652,C1,word_pos,merde,N,merde,NOM
contrebandier,ADJ,C1,beacco,0.0,0.5743,0.0,4.2886,0.0,0.0,0.0,0.0,0.5743,0.0,2.8315,0.2331,0.0,0.0,0.0,0.2789,C1,word_pos,contrebandier,A,contrebandier,ADJ
griser,VERB,C1,beacco,0.0,0.5667,0.0,0.0,0.6884,0.8949,0.0,0.0,0.5667,0.0,0.0,0.6378,0.0,0.0,0.0,0.0592,C1,word_pos,griser,V,griser,VER
borgne,NOUN,C1,beacco,0.0,0.5293,0.0,0.0,2.8651,0.0,0.0,0.0,0.5293,0.0,0.0,0.4662,0.0,0.0,0.0,0.1116,C1,word_pos,borgne,N,borgne,NOM
fiancer,VERB,C1,beacco,0.0,0.5293,0.0,0.0,2.8651,0.0,0.0,0.0,0.5293,0.0,0.0,0.2331,0.0,0.0,0.0,0.0558,C1,word_pos,fiancer,V,fiancer,VER
mammifère,ADJ,C1,beacco,0.0,0.5135,0.0,0.0,0.3618,0.0,0.0,28.8683,0.5135,0.0,0.0,0.6378,0.0,0.0,0.0,0.0592,C1,word_pos,mammifère,A,mammifère,ADJ
barquette,NOUN,C1,beacco,0.0,0.512,0.0,0.0,2.8989,0.0,0.0,0.0,0.512,0.0,0.0,0.6378,0.0,0.0,0.0,0.0592,C1,word_pos,barquette,N,barquette,NOM
humoriste,NOUN,C1,beacco,0.0,0.5065,0.0,0.0,0.0,1.1509,0.0,2.0587,0.5065,0.0,0.0,0.0,0.911,0.0,0.0,0.0652,C1,word_pos,humoriste,N,humoriste,NOM
affectueusement,ADV,C1,beacco,0.0,0.4902,0.0,3.5373,0.0,0.0,0.0,0.0,0.4902,0.0,1.2017,0.0,0.0,0.0,0.0,0.0912,C1,word_pos,affectueusement,ADV,affectueusement,ADV
islandais,ADJ,C1,beacco,0.0,0.4902,0.0,3.5373,0.0,0.0,0.0,0.0,0.4902,0.0,0.0,0.0,2.2839,0.0,0.0,0.0614,C1,word_pos,islandais,A,islandais,ADJ
squash,NOUN,C1,beacco,0.0,0.4902,0.0,3.5373,0.0,0.0,0.0,0.0,0.4902,0.0,1.2017,0.0,0.0,0.0,0.0,0.0912,C1,word_pos,squash,N,squash,NOM
iranien,ADJ,C1,beacco,0.0,0.4897,0.0,0.0,2.8098,0.0,0.0,0.0,0.4897,0.0,0.0,0.5857,0.0,0.0,0.0,0.0544,C1,word_pos,iranien,A,iranien,ADJ
hameau,NOUN,C1,beacco,0.0,0.4853,0.0,0.7405,0.0818,0.0,0.0,0.0,0.4853,0.0,0.606,0.1243,0.0,0.0,0.0,0.0815,C1,word_pos,hameau,N,hameau,NOM
dépose,NOUN,C1,beacco,0.0,0.4791,0.0,0.0,2.5602,0.0,0.0,0.0,0.4791,0.0,0.0,0.2331,0.0,0.0,0.0,0.0558,C1,word_pos,dépose,N,dépose,NOM
las,ADJ,C1,beacco,0.0,0.4791,0.0,0.0,2.5602,0.0,0.0,0.0,0.4791,0.0,0.0,0.2331,0.0,0.0,0.0,0.0558,C1,word_pos,las,A,las,ADJ
once,NOUN,C1,beacco,0.0,0.4791,0.0,0.0,2.5602,0.0,0.0,0.0,0.4791,0.0,0.0,0.2331,0.0,0.0,0.0,0.0558,C1,word_pos,once,N,once,NOM
lasser,VERB,C1,beacco,0.0,0.4777,0.0,0.3469,0.4621,0.0,0.0,0.0,0.4777,0.0,0.7079,0.2331,0.0,0.0,0.0,0.1116,C1,word_pos,lasser,V,lasser,VER
adjudant,NOUN,C1,beacco,0.0,0.4691,0.0,0.0,3.3094,0.0,0.0,0.0,0.4691,0.0,0.0,3.005,0.0,0.0,0.0,0.2791,C1,word_pos,adjudant,N,adjudant,NOM
prospectus,NOUN,C1,beacco,0.0,0.4648,0.0,3.6119,0.0,0.0,0.0,0.0,0.4648,0.0,1.2017,0.0,0.0,0.0,0.0,0.0912,C1,word_pos,prospectus,N,prospectus,NOM
auguste,ADJ,C1,beacco,0.0,0.4547,0.0,0.0,0.0,8.0668,0.0,0.0,0.4547,0.0,0.0,0.0,2.2839,0.0,0.0,0.0614,C1,word_pos,auguste,A,auguste,ADJ
ananas,NOUN,C1,beacco,0.0,0.4501,0.5025,0.4228,0.0,0.0,0.0,0.0,0.4501,0.9051,0.6008,0.0,0.0,0.0,0.0,0.0912,C1,word_pos,ananas,N,ananas,NOM
accroche,NOUN,C1,beacco,0.0,0.4224,,,,,,,,0.0,3.376,0.0,0.0,0.0,0.0,0.4224,C1,beacco_only,,,accroche,NOM
métro,ADJ,C1,beacco,0.0,0.4211,,,,,,,,0.4856,0.0,0.5531,0.0,0.0,0.0,0.4211,C1,beacco_only,,,métro,ADJ
cheikh,NOUN,C1,beacco,0.0,0.419,0.0,0.0,2.8389,0.0,0.0,0.0,0.419,0.0,0.0,2.6278,0.0,0.0,0.0,0.3911,C1,word_pos,cheikh,N,cheikh,NOM
contredire,VERB,C1,beacco,0.0,0.4178,0.0,0.0,0.6802,0.2167,0.0,0.0,0.4178,0.0,0.0,0.5857,0.3387,0.0,0.0,0.4171,C1,word_pos,contredire,V,contredire,VER
grièvement,ADV,C1,beacco,0.0,0.4132,0.0,0.4304,0.1155,0.0,0.0,0.0,0.4132,0.0,0.3721,0.2331,0.0,0.0,0.0,0.417,C1,word_pos,grièvement,ADV,grièvement,ADV
ducal,ADJ,C1,beacco,0.0,0.413,0.0,0.0,0.0,0.2167,0.0,4.1173,0.413,0.0,0.0,0.0,0.3387,0.0,4.0185,0.3923,C1,word_pos,ducal,A,ducal,ADJ
pensant,ADJ,C1,beacco,0.0,0.411,0.0,0.7405,0.3401,0.0,0.0,0.0,0.411,0.0,0.0,0.5857,0.0,0.0,0.0,0.0544,C1,word_pos,pensant,A,pensant,ADJ
cuvette,NOUN,C1,beacco,0.0,0.4013,0.0,0.0,4.3598,0.0,0.0,0.0,0.4013,0.0,0.0,3.4092,0.0,0.0,0.0,0.3167,C1,word_pos,cuvette,N,cuvette,NOM
toiture,NOUN,C1,beacco,0.0,0.4005,0.0,0.0,2.2945,0.0,0.0,0.0,0.4005,0.0,0.0,0.7513,0.0,0.0,0.0,0.0698,C1,word_pos,toiture,N,toiture,NOM
volley-ball,NOUN,C1,beacco,0.0,0.3998,,,,,,,,4.9506,0.0,0.0,0.0,0.0,0.0,0.3998,C1,beacco_only,,,volley-ball,NOM
beaujolais,NOUN,C1,beacco,0.0,0.3997,0.0,0.0,4.3417,0.0,0.0,0.0,0.3997,0.0,0.0,2.5512,0.0,0.0,0.0,0.237,C1,word_pos,beaujolais,N,beaujolais,NOM
rhinocéros,NOUN,C1,beacco,0.0,0.3984,0.0,0.0,4.3283,0.0,0.0,0.0,0.3984,0.0,0.0,4.1985,0.0,0.0,0.0,0.39,C1,word_pos,rhinocéros,N,rhinocéros,NOM
engouffrer,VERB,C1,beacco,0.0,0.3956,0.7622,0.0,0.0,1.1509,0.0,0.0,0.3956,0.5504,0.0,0.0,0.911,0.0,0.0,0.4134,C1,word_pos,engouffrer,V,engouffrer,VER
dominante,NOUN,C1,beacco,0.0,0.3855,0.0,0.9757,0.0,1.5139,0.0,0.0,0.3855,0.0,0.0,0.0,4.5679,0.0,0.0,0.1228,C1,word_pos,dominante,N,dominante,NOM
suffisance,NOUN,C1,beacco,0.0,0.3802,0.0,0.0,0.0,16.6524,0.0,0.0,0.3802,0.0,0.0,0.0,4.5679,0.0,0.0,0.1228,C1,word_pos,suffisance,N,suffisance,NOM
brumaire,NOUN,C1,beacco,0.0,0.3799,0.0,2.803,0.0,0.0,0.0,0.0,0.3799,0.0,1.2017,0.0,0.0,0.0,0.0,0.0912,C1,word_pos,brumaire,N,brumaire,NOM
combativité,NOUN,C1,beacco,0.0,0.3799,0.0,2.803,0.0,0.0,0.0,0.0,0.3799,0.0,1.2017,0.0,0.0,0.0,0.0,0.0912,C1,word_pos,combativité,N,combativité,NOM
montgolfière,NOUN,C1,beacco,0.0,0.3799,0.0,2.803,0.0,0.0,0.0,0.0,0.3799,0.0,1.2017,0.0,0.0,0.0,0.0,0.0912,C1,word_pos,montgolfière,N,montgolfière,NOM
peloton,NOUN,C1,beacco,0.0,0.3799,0.0,2.803,0.0,0.0,0.0,0.0,0.3799,0.0,1.2017,0.0,0.0,0.0,0.0,0.0912,C1,word_pos,peloton,N,peloton,NOM
absentéisme,NOUN,C1,beacco,0.0,0.3757,0.0,0.0,4.081,0.0,0.0,0.0,0.3757,0.0,0.0,2.9283,0.0,0.0,0.0,0.272,C1,word_pos,absentéisme,N,absentéisme,NOM
cric,NOUN,C1,beacco,0.0,0.3652,0.0,7.2356,0.0,0.0,0.0,0.0,0.3652,0.0,4.2718,0.0,0.0,0.0,0.0,0.206,C1,word_pos,cric,N,cric,NOM
châssis,NOUN,C1,beacco,0.0,0.3621,0.0,0.0,0.0,15.8565,0.0,0.0,0.3621,0.0,0.0,0.0,4.0509,0.0,0.0,0.1089,C1,word_pos,châssis,N,châssis,NOM
ambulancier,ADJ,C1,beacco,0.0,0.3578,0.0,0.0,1.8838,0.0,0.0,0.0,0.3578,0.0,0.0,0.6378,0.0,0.0,0.0,0.0592,C1,word_pos,ambulancier,A,ambulancier,ADJ
déséquilibrer,VERB,C1,beacco,0.0,0.3556,0.0,0.0,1.8786,0.0,0.0,0.0,0.3556,0.0,0.0,0.5857,0.0,0.0,0.0,0.0544,C1,word_pos,déséquilibrer,V,déséquilibrer,VER
fifre,NOUN,C1,beacco,0.0,0.3556,0.0,0.0,1.8786,0.0,0.0,0.0,0.3556,0.0,0.0,0.5857,0.0,0.0,0.0,0.0544,C1,word_pos,fifre,N,fifre,NOM
languedocien,ADJ,C1,beacco,0.0,0.3556,0.0,0.0,1.8786,0.0,0.0,0.0,0.3556,0.0,0.0,0.5857,0.0,0.0,0.0,0.0544,C1,word_pos,languedocien,A,languedocien,ADJ
pavois,NOUN,C1,beacco,0.0,0.3556,0.0,0.0,1.8786,0.0,0.0,0.0,0.3556,0.0,0.0,0.5857,0.0,0.0,0.0,0.0544,C1,word_pos,pavois,N,pavois,NOM
rameur,NOUN,C1,beacco,0.0,0.3556,0.0,0.0,1.8786,0.0,0.0,0.0,0.3556,0.0,0.0,0.5857,0.0,0.0,0.0,0.0544,C1,word_pos,rameur,N,rameur,NOM
éperdu,ADJ,C1,beacco,0.0,0.3547,0.0,0.0,2.0028,0.0,0.0,0.0,0.3547,0.0,0.0,0.5857,0.0,0.0,0.0,0.0544,C1,word_pos,éperdu,A,éperdu,ADJ
entacher,VERB,C1,beacco,0.0,0.3492,0.0,0.0,2.3658,0.0,0.0,0.0,0.3492,0.0,0.0,0.438,0.0,0.0,0.0,0.0652,C1,word_pos,entacher,V,entacher,VER
misogynie,NOUN,C1,beacco,0.0,0.3492,0.0,0.0,2.3658,0.0,0.0,0.0,0.3492,0.0,0.0,0.438,0.0,0.0,0.0,0.0652,C1,word_pos,misogynie,N,misogynie,NOM
incapacité,NOUN,C1,beacco,0.0,0.3457,0.0,0.0,0.0,15.1386,0.0,0.0,0.3457,0.0,0.0,0.0,6.8518,0.0,0.0,0.1842,C1,word_pos,incapacité,N,incapacité,NOM
paludisme,NOUN,C1,beacco,0.0,0.3457,0.0,0.0,0.0,15.1386,0.0,0.0,0.3457,0.0,0.0,0.0,6.8518,0.0,0.0,0.1842,C1,word_pos,paludisme,N,paludisme,NOM
polonais,NOUN,C1,beacco,0.0,0.3457,0.0,0.0,0.0,15.1386,0.0,0.0,0.3457,0.0,0.0,0.0,6.8518,0.0,0.0,0.1842,C1,word_pos,polonais,N,polonais,NOM
indéterminé,ADJ,C1,beacco,0.0,0.3419,0.0,0.0,0.3618,0.0,0.0,9.6228,0.3419,0.0,0.0,0.6378,0.0,0.0,0.0,0.0592,C1,word_pos,indéterminé,A,indéterminé,ADJ
fine,NOUN,C1,beacco,0.0,0.338,0.0,0.0,3.6714,0.0,0.0,0.0,0.338,0.0,0.0,2.9222,0.0,0.0,0.0,0.2714,C1,word_pos,fine,N,fine,NOM
moque,NOUN,C1,beacco,0.0,0.338,0.0,0.5168,0.2295,0.0,0.0,0.0,0.338,0.0,1.0679,0.0,0.0,0.0,0.0,0.0515,C1,word_pos,moque,N,moque,NOM
senior,ADJ,C1,beacco,0.0,0.3331,0.0,0.0,3.6181,0.0,0.0,0.0,0.3331,0.0,0.0,1.9134,0.0,0.0,0.0,0.1777,C1,word_pos,senior,A,senior,ADJ
favela,NOUN,C1,beacco,0.0,0.3306,0.0,0.0,1.8309,0.0,0.0,0.0,0.3306,0.0,0.0,0.5857,0.0,0.0,0.0,0.0544,C1,word_pos,favela,N,favela,NOM
avenu,ADJ,C1,beacco,0.0,0.3278,0.0,0.0,1.8258,0.0,0.0,0.0,0.3278,0.0,0.0,0.6378,0.0,0.0,0.0,0.0592,C1,word_pos,avenu,A,avenu,ADJ
perche,NOUN,C1,beacco,0.0,0.3172,0.0,0.1235,0.0,1.1509,0.0,0.0,0.3172,0.0,0.0,0.0,0.911,0.0,0.0,0.0652,C1,word_pos,perche,N,perche,NOM
garde-chasse,NOUN,C1,beacco,0.0,0.315,,,,,,,,0.0,0.0,0.0,11.7163,0.0,0.0,0.315,C1,beacco_only,,,garde-chasse,NOM
repousse,NOUN,C1,beacco,0.0,0.3116,0.0,0.3469,0.1155,0.0,0.0,0.0,0.3116,0.0,0.7079,0.0,0.0,0.0,0.0,0.0558,C1,word_pos,repousse,N,repousse,NOM
agressivité,NOUN,C1,beacco,0.0,0.3111,0.0,0.0,0.0,13.6247,0.0,0.0,0.3111,0.0,0.0,0.0,6.8518,0.0,0.0,0.1842,C1,word_pos,agressivité,N,agressivité,NOM
inhaler,VERB,C1,beacco,0.0,0.3111,0.0,0.0,0.0,13.6247,0.0,0.0,0.3111,0.0,0.0,0.0,6.8518,0.0,0.0,0.1842,C1,word_pos,inhaler,V,inhaler,VER
féminité,NOUN,C1,beacco,0.0,0.3094,0.0,2.2283,0.0,0.0,0.0,0.0,0.3094,0.0,1.2017,0.0,0.0,0.0,0.0,0.0912,C1,word_pos,féminité,N,féminité,NOM
homard,NOUN,C1,beacco,0.0,0.2998,0.0,0.0,3.2563,0.0,0.0,0.0,0.2998,0.0,0.0,0.6378,0.0,0.0,0.0,0.0592,C1,word_pos,homard,N,homard,NOM
rafraîchir,VERB,C1,beacco,0.0,0.2982,0.4996,0.1103,0.0,0.0,0.0,0.0,0.2982,0.9464,0.2129,0.0,0.0,0.0,0.0,0.0553,C1,word_pos,rafraîchir,V,rafraîchir,VER
jetable,ADJ,C1,beacco,0.0,0.2848,0.0,0.0,1.9492,0.0,0.0,0.0,0.2848,0.0,0.0,0.555,0.0,0.0,0.0,0.1416,C1,word_pos,jetable,A,jetable,ADJ
mérovingien,ADJ,C1,beacco,0.0,0.2818,0.0,0.0,3.0607,0.0,0.0,0.0,0.2818,0.0,0.0,1.1713,0.0,0.0,0.0,0.1088,C1,word_pos,mérovingien,A,mérovingien,ADJ
nécropole,NOUN,C1,beacco,0.0,0.2818,0.0,0.0,3.0607,0.0,0.0,0.0,0.2818,0.0,0.0,1.1713,0.0,0.0,0.0,0.1088,C1,word_pos,nécropole,N,nécropole,NOM
gaffe,NOUN,C1,beacco,0.0,0.2793,0.0,0.0,0.0,4.6037,0.0,0.0,0.2793,0.0,0.0,0.0,1.822,0.0,0.0,0.1304,C1,word_pos,gaffe,N,gaffe,NOM
malaga,NOUN,C1,beacco,0.0,0.2789,,,,,,,,0.0,2.8315,0.2331,0.0,0.0,0.0,0.2789,C1,beacco_only,,,malaga,NOM
circadien,ADJ,C1,beacco,0.0,0.2765,0.0,0.0,0.0,12.1109,0.0,0.0,0.2765,0.0,0.0,0.0,9.1358,0.0,0.0,0.2456,C1,word_pos,circadien,A,circadien,ADJ
médiocrité,NOUN,C1,beacco,0.0,0.2765,0.0,0.0,0.0,12.1109,0.0,0.0,0.2765,0.0,0.0,0.0,2.2839,0.0,0.0,0.0614,C1,word_pos,médiocrité,N,médiocrité,NOM
sauvetage,NOUN,C1,beacco,0.0,0.2765,0.0,0.3918,0.2916,0.0,0.0,0.0,0.2765,0.0,0.1865,0.5531,0.0,0.0,0.0,0.4227,C1,word_pos,sauvetage,N,sauvetage,NOM
inexplicable,ADJ,C1,beacco,0.0,0.264,0.0,0.0,0.0,11.5619,0.0,0.0,0.264,0.0,0.0,0.0,6.5091,0.0,0.0,0.175,C1,word_pos,inexplicable,A,inexplicable,ADJ
orang-outan,NOUN,C1,beacco,0.0,0.2614,,,,,,,,0.0,0.0,0.0,9.7222,0.0,0.0,0.2614,C1,beacco_only,,,orang-outan,NOM
infirmerie,NOUN,C1,beacco,0.0,0.2609,0.0,5.1683,0.0,0.0,0.0,0.0,0.2609,0.0,4.2718,0.0,0.0,0.0,0.0,0.206,C1,word_pos,infirmerie,N,infirmerie,NOM
forge,NOUN,C1,beacco,0.0,0.2535,0.0,0.0,2.7536,0.0,0.0,0.0,0.2535,0.0,0.0,1.4611,0.0,0.0,0.0,0.1357,C1,word_pos,forge,N,forge,NOM
choral,ADJ,C1,beacco,0.0,0.2505,0.0,0.0,2.7206,0.0,0.0,0.0,0.2505,0.0,0.0,1.1713,0.0,0.0,0.0,0.1088,C1,word_pos,choral,A,choral,ADJ
chrysanthème,NOUN,C1,beacco,0.0,0.2505,0.0,0.0,2.7206,0.0,0.0,0.0,0.2505,0.0,0.0,4.0996,0.0,0.0,0.0,0.3808,C1,word_pos,chrysanthème,N,chrysanthème,NOM
paupériser,VERB,C1,beacco,0.0,0.2505,0.0,0.0,2.7206,0.0,0.0,0.0,0.2505,0.0,0.0,0.5857,0.0,0.0,0.0,0.0544,C1,word_pos,paupériser,V,paupériser,VER
tarifaire,ADJ,C1,beacco,0.0,0.2505,0.0,0.0,2.7206,0.0,0.0,0.0,0.2505,0.0,0.0,0.5857,0.0,0.0,0.0,0.0544,C1,word_pos,tarifaire,A,tarifaire,ADJ
annonciateur,ADJ,C1,beacco,0.0,0.2444,0.0,0.0,1.656,0.0,0.0,0.0,0.2444,0.0,0.0,0.438,0.0,0.0,0.0,0.0652,C1,word_pos,annonciateur,A,annonciateur,ADJ
immaculé,ADJ,C1,beacco,0.0,0.2444,0.0,0.0,1.656,0.0,0.0,0.0,0.2444,0.0,0.0,0.438,0.0,0.0,0.0,0.0652,C1,word_pos,immaculé,A,immaculé,ADJ
accumulation,NOUN,C1,beacco,0.0,0.242,0.0,0.0,0.0,10.597,0.0,0.0,0.242,0.0,0.0,0.0,2.2839,0.0,0.0,0.0614,C1,word_pos,accumulation,N,accumulation,NOM
broutille,NOUN,C1,beacco,0.0,0.242,0.0,0.0,0.0,10.597,0.0,0.0,0.242,0.0,0.0,0.0,2.2839,0.0,0.0,0.0614,C1,word_pos,broutille,N,broutille,NOM
chapardeur,ADJ,C1,beacco,0.0,0.242,0.0,0.0,0.0,10.597,0.0,0.0,0.242,0.0,0.0,0.0,4.5679,0.0,0.0,0.1228,C1,word_pos,chapardeur,A,chapardeur,ADJ
cinquantième,ADJ,C1,beacco,0.0,0.242,0.0,0.0,0.0,10.597,0.0,0.0,0.242,0.0,0.0,0.0,2.2839,0.0,0.0,0.0614,C1,word_pos,cinquantième,A,cinquantième,ADJ
cleptomane,NOUN,C1,beacco,0.0,0.242,0.0,0.0,0.0,10.597,0.0,0.0,0.242,0.0,0.0,0.0,2.2839,0.0,0.0,0.0614,C1,word_pos,cleptomane,N,cleptomane,NOM
cleptomanie,NOUN,C1,beacco,0.0,0.242,0.0,0.0,0.0,10.597,0.0,0.0,0.242,0.0,0.0,0.0,2.2839,0.0,0.0,0.0614,C1,word_pos,cleptomanie,N,cleptomanie,NOM
donneur,NOUN,C1,beacco,0.0,0.242,0.0,0.0,0.0,10.597,0.0,0.0,0.242,0.0,0.0,0.0,2.2839,0.0,0.0,0.0614,C1,word_pos,donneur,N,donneur,NOM
désapprobateur,ADJ,C1,beacco,0.0,0.242,0.0,0.0,0.0,10.597,0.0,0.0,0.242,0.0,0.0,0.0,2.2839,0.0,0.0,0.0614,C1,word_pos,désapprobateur,A,désapprobateur,ADJ
empile,NOUN,C1,beacco,0.0,0.242,0.0,0.0,0.0,10.597,0.0,0.0,0.242,0.0,0.0,0.0,2.2839,0.0,0.0,0.0614,C1,word_pos,empile,N,empile,NOM
flatteur,ADJ,C1,beacco,0.0,0.242,0.0,0.0,0.0,10.597,0.0,0.0,0.242,0.0,0.0,0.0,2.2839,0.0,0.0,0.0614,C1,word_pos,flatteur,A,flatteur,ADJ
justification,NOUN,C1,beacco,0.0,0.242,0.0,0.0,0.0,10.597,0.0,0.0,0.242,0.0,0.0,0.0,2.2839,0.0,0.0,0.0614,C1,word_pos,justification,N,justification,NOM
kitsch,NOUN,C1,beacco,0.0,0.242,0.0,0.0,0.0,10.597,0.0,0.0,0.242,0.0,0.0,0.0,2.2839,0.0,0.0,0.0614,C1,word_pos,kitsch,N,kitsch,NOM
mesquin,ADJ,C1,beacco,0.0,0.242,0.0,0.0,0.0,10.597,0.0,0.0,0.242,0.0,0.0,0.0,2.2839,0.0,0.0,0.0614,C1,word_pos,mesquin,A,mesquin,ADJ
poivrier,NOUN,C1,beacco,0.0,0.242,0.0,0.0,0.0,10.597,0.0,0.0,0.242,0.0,0.0,0.0,2.2839,0.0,0.0,0.0614,C1,word_pos,poivrier,N,poivrier,NOM
profiteur,NOUN,C1,beacco,0.0,0.242,0.0,0.0,0.0,10.597,0.0,0.0,0.242,0.0,0.0,0.0,2.2839,0.0,0.0,0.0614,C1,word_pos,profiteur,N,profiteur,NOM
transgression,NOUN,C1,beacco,0.0,0.242,0.0,0.0,0.0,10.597,0.0,0.0,0.242,0.0,0.0,0.0,2.2839,0.0,0.0,0.0614,C1,word_pos,transgression,N,transgression,NOM
vacuité,NOUN,C1,beacco,0.0,0.242,0.0,0.0,0.0,10.597,0.0,0.0,0.242,0.0,0.0,0.0,2.2839,0.0,0.0,0.0614,C1,word_pos,vacuité,N,vacuité,NOM
capsule,NOUN,C1,beacco,0.0,0.2395,1.5912,0.0,0.3618,0.0,0.0,0.0,0.2395,0.4856,0.0,0.6378,0.0,0.0,0.0,0.4015,C1,word_pos,capsule,N,capsule,NOM
carreau,NOUN,C1,beacco,0.0,0.2361,0.0,4.6776,0.0,0.0,0.0,0.0,0.2361,0.0,2.0851,0.0,0.0,0.0,0.0,0.1005,C1,word_pos,carreau,N,carreau,NOM
athée,ADJ,C1,beacco,0.0,0.2331,0.0,0.0,2.5326,0.0,0.0,0.0,0.2331,0.0,0.0,1.2756,0.0,0.0,0.0,0.1185,C1,word_pos,athée,A,athée,ADJ
vermine,NOUN,C1,beacco,0.0,0.2293,0.0,0.0,2.4911,0.0,0.0,0.0,0.2293,0.0,0.0,0.7812,0.0,0.0,0.0,0.0726,C1,word_pos,vermine,N,vermine,NOM
contour,NOUN,C1,beacco,0.0,0.2263,0.0,0.0,0.0,0.2167,0.0,9.6228,0.2263,0.0,0.0,0.0,0.3387,0.0,19.328,0.342,C1,word_pos,contour,N,contour,NOM
boisage,NOUN,C1,beacco,0.0,0.2253,0.0,0.0,2.4473,0.0,0.0,0.0,0.2253,0.0,0.0,3.9328,0.0,0.0,0.0,0.3653,C1,word_pos,boisage,N,boisage,NOM
scénographie,NOUN,C1,beacco,0.0,0.2191,0.0,0.0,2.3806,0.0,0.0,0.0,0.2191,0.0,0.0,1.1713,0.0,0.0,0.0,0.1088,C1,word_pos,scénographie,N,scénographie,NOM
minutieusement,ADV,C1,beacco,0.0,0.2163,0.0,0.0,0.2916,0.2167,0.0,0.0,0.2163,0.0,0.0,0.5531,0.3387,0.0,0.0,0.4253,C1,word_pos,minutieusement,ADV,minutieusement,ADV
tutoiement,NOUN,C1,beacco,0.0,0.2148,0.0,0.0,2.3331,0.0,0.0,0.0,0.2148,0.0,0.0,0.5531,0.0,0.0,0.0,0.0514,C1,word_pos,tutoiement,N,tutoiement,NOM
vouvoiement,NOUN,C1,beacco,0.0,0.2148,0.0,0.0,2.3331,0.0,0.0,0.0,0.2148,0.0,0.0,0.5531,0.0,0.0,0.0,0.0514,C1,word_pos,vouvoiement,N,vouvoiement,NOM
bourgmestre,NOUN,C1,beacco,0.0,0.2095,0.0,0.0,0.0,3.4528,0.0,0.0,0.2095,0.0,0.0,0.0,2.733,0.0,0.0,0.1955,C1,word_pos,bourgmestre,N,bourgmestre,NOM
désertique,ADJ,C1,beacco,0.0,0.2095,0.0,0.0,1.4195,0.0,0.0,0.0,0.2095,0.0,0.0,0.8759,0.0,0.0,0.0,0.1304,C1,word_pos,désertique,A,désertique,ADJ
franglais,NOUN,C1,beacco,0.0,0.2095,0.0,0.0,1.4195,0.0,0.0,0.0,0.2095,0.0,0.0,0.8759,0.0,0.0,0.0,0.1304,C1,word_pos,franglais,N,franglais,NOM
coalition,NOUN,C1,beacco,0.0,0.2074,0.0,0.0,0.0,9.0831,0.0,0.0,0.2074,0.0,0.0,0.0,4.5679,0.0,0.0,0.1228,C1,word_pos,coalition,N,coalition,NOM
dérouter,VERB,C1,beacco,0.0,0.2074,0.0,0.0,0.0,9.0831,0.0,0.0,0.2074,0.0,0.0,0.0,2.2839,0.0,0.0,0.0614,C1,word_pos,dérouter,V,dérouter,VER
eugénol,NOUN,C1,beacco,0.0,0.2074,0.0,0.0,0.0,9.0831,0.0,0.0,0.2074,0.0,0.0,0.0,4.5679,0.0,0.0,0.1228,C1,word_pos,eugénol,N,eugénol,NOM
exactitude,NOUN,C1,beacco,0.0,0.2074,0.0,0.0,0.0,9.0831,0.0,0.0,0.2074,0.0,0.0,0.0,2.2839,0.0,0.0,0.0614,C1,word_pos,exactitude,N,exactitude,NOM
expliciter,VERB,C1,beacco,0.0,0.2074,0.0,0.0,0.0,9.0831,0.0,0.0,0.2074,0.0,0.0,0.0,2.2839,0.0,0.0,0.0614,C1,word_pos,expliciter,V,expliciter,VER
idéalisation,NOUN,C1,beacco,0.0,0.2074,0.0,0.0,0.0,9.0831,0.0,0.0,0.2074,0.0,0.0,0.0,2.2839,0.0,0.0,0.0614,C1,word_pos,idéalisation,N,idéalisation,NOM
inhalation,NOUN,C1,beacco,0.0,0.2074,0.0,0.0,0.0,9.0831,0.0,0.0,0.2074,0.0,0.0,0.0,4.5679,0.0,0.0,0.1228,C1,word_pos,inhalation,N,inhalation,NOM
intestinal,ADJ,C1,beacco,0.0,0.2074,0.0,0.0,0.0,9.0831,0.0,0.0,0.2074,0.0,0.0,0.0,6.8518,0.0,0.0,0.1842,C1,word_pos,intestinal,A,intestinal,ADJ
jubilation,NOUN,C1,beacco,0.0,0.2074,0.0,0.0,0.0,9.0831,0.0,0.0,0.2074,0.0,0.0,0.0,2.2839,0.0,0.0,0.0614,C1,word_pos,jubilation,N,jubilation,NOM
narghilé,NOUN,C1,beacco,0.0,0.2074,0.0,0.0,0.0,9.0831,0.0,0.0,0.2074,0.0,0.0,0.0,4.5679,0.0,0.0,0.1228,C1,word_pos,narghilé,N,narghilé,NOM
presbytère,NOUN,C1,beacco,0.0,0.2074,0.0,0.0,0.0,9.0844,0.0,0.0,0.2074,0.0,0.0,0.0,5.2073,0.0,0.0,0.14,C1,word_pos,presbytère,N,presbytère,NOM
remaniement,NOUN,C1,beacco,0.0,0.2074,0.0,0.0,0.0,9.0831,0.0,0.0,0.2074,0.0,0.0,0.0,2.2839,0.0,0.0,0.0614,C1,word_pos,remaniement,N,remaniement,NOM
tributaire,ADJ,C1,beacco,0.0,0.2074,0.0,0.0,0.0,9.0831,0.0,0.0,0.2074,0.0,0.0,0.0,2.2839,0.0,0.0,0.0614,C1,word_pos,tributaire,A,tributaire,ADJ
luth,NOUN,C1,beacco,0.0,0.2055,0.0,4.0705,0.0,0.0,0.0,0.0,0.2055,0.0,5.7767,0.0,0.0,0.0,0.0,0.2786,C1,word_pos,luth,N,luth,NOM
zodiaque,NOUN,C1,beacco,0.0,0.2022,0.2652,0.0,0.2366,0.0,0.0,0.0,0.2022,0.4856,0.0,0.438,0.0,0.0,0.0,0.3894,C1,word_pos,zodiaque,N,zodiaque,NOM
cordialement,ADV,C1,beacco,0.0,0.1998,0.0,0.0,2.1708,0.0,0.0,0.0,0.1998,0.0,0.0,0.6378,0.0,0.0,0.0,0.0592,C1,word_pos,cordialement,ADV,cordialement,ADV
graphologue,NOUN,C1,beacco,0.0,0.1998,0.0,0.0,2.1708,0.0,0.0,0.0,0.1998,0.0,0.0,0.6378,0.0,0.0,0.0,0.0592,C1,word_pos,graphologue,N,graphologue,NOM
nosographie,NOUN,C1,beacco,0.0,0.1998,0.0,0.0,2.1708,0.0,0.0,0.0,0.1998,0.0,0.0,1.2756,0.0,0.0,0.0,0.1185,C1,word_pos,nosographie,N,nosographie,NOM
spiritualité,NOUN,C1,beacco,0.0,0.1998,0.0,0.0,2.1708,0.0,0.0,0.0,0.1998,0.0,0.0,0.6378,0.0,0.0,0.0,0.0592,C1,word_pos,spiritualité,N,spiritualité,NOM
mylord,NOUN,C1,beacco,0.0,0.1992,0.0,0.0,2.1642,0.0,0.0,0.0,0.1992,0.0,0.0,1.3995,0.0,0.0,0.0,0.13,C1,word_pos,mylord,N,mylord,NOM
préposé,NOUN,C1,beacco,0.0,0.1992,0.0,0.0,2.1642,0.0,0.0,0.0,0.1992,0.0,0.0,4.1985,0.0,0.0,0.0,0.39,C1,word_pos,préposé,N,préposé,NOM
théière,NOUN,C1,beacco,0.0,0.1944,0.0,3.8506,0.0,0.0,0.0,0.0,0.1944,0.0,4.9823,0.0,0.0,0.0,0.0,0.3777,C1,word_pos,théière,N,théière,NOM
téléphérique,NOUN,C1,beacco,0.0,0.1914,0.4898,0.2117,0.0,0.0,0.0,0.0,0.1914,0.171,0.4157,0.0,0.0,0.0,0.0,0.3684,C1,word_pos,téléphérique,N,téléphérique,NOM
gréviste,NOUN,C1,beacco,0.0,0.1906,0.0,0.0,2.0708,0.0,0.0,0.0,0.1906,0.0,0.0,1.9664,0.0,0.0,0.0,0.1826,C1,word_pos,gréviste,N,gréviste,NOM
pat,NOUN,C1,beacco,0.0,0.1902,9.8739,0.0,0.0,0.0,0.0,0.0,0.1902,6.6738,0.0,0.0,0.0,0.0,0.0,0.1226,C1,word_pos,pat,N,pat,NOM
guérisseur,NOUN,C1,beacco,0.0,0.1901,0.0,0.0,2.0652,0.0,0.0,0.0,0.1901,0.0,0.0,0.9741,0.0,0.0,0.0,0.0905,C1,word_pos,guérisseur,N,guérisseur,NOM
aigrement,ADV,C1,beacco,0.0,0.1878,0.0,0.0,2.0405,0.0,0.0,0.0,0.1878,0.0,0.0,0.5857,0.0,0.0,0.0,0.0544,C1,word_pos,aigrement,ADV,aigrement,ADV
funéraire,ADJ,C1,beacco,0.0,0.1878,0.0,0.0,2.0405,0.0,0.0,0.0,0.1878,0.0,0.0,1.1713,0.0,0.0,0.0,0.1088,C1,word_pos,funéraire,A,funéraire,ADJ
mutuellement,ADV,C1,beacco,0.0,0.1878,0.0,0.0,2.0405,0.0,0.0,0.0,0.1878,0.0,0.0,0.5857,0.0,0.0,0.0,0.0544,C1,word_pos,mutuellement,ADV,mutuellement,ADV
outrager,VERB,C1,beacco,0.0,0.1878,0.0,0.0,2.0405,0.0,0.0,0.0,0.1878,0.0,0.0,0.5857,0.0,0.0,0.0,0.0544,C1,word_pos,outrager,V,outrager,VER
raideur,NOUN,C1,beacco,0.0,0.1878,0.0,0.0,2.0405,0.0,0.0,0.0,0.1878,0.0,0.0,0.5857,0.0,0.0,0.0,0.0544,C1,word_pos,raideur,N,raideur,NOM
gemme,NOUN,C1,beacco,0.0,0.1861,,,,,,,,0.0,0.0,2.0033,0.0,0.0,0.0,0.1861,C1,beacco_only,,,gemme,NOM
purée,NOUN,C1,beacco,0.0,0.1858,2.4654,0.0,0.0,0.0,0.0,0.0,0.1858,4.96,0.0,0.0,0.0,0.0,0.0,0.2552,C1,word_pos,purée,N,purée,NOM
intelligemment,ADV,C1,beacco,0.0,0.1853,0.0,0.0618,0.2405,0.0,0.0,0.0,0.1853,0.0,0.1276,0.4665,0.0,0.0,0.0,0.3738,C1,word_pos,intelligemment,ADV,intelligemment,ADV
soit,ADV,C1,beacco,0.0,0.1842,,,,,,,,0.0,0.0,0.0,6.8518,0.0,0.0,0.1842,C1,beacco_only,,,soit,ADV
strident,ADJ,C1,beacco,0.0,0.181,0.0,0.0,0.0,7.9282,0.0,0.0,0.181,0.0,0.0,0.0,5.6713,0.0,0.0,0.1525,C1,word_pos,strident,A,strident,ADJ
butin,NOUN,C1,beacco,0.0,0.1746,0.0,0.0,1.1829,0.0,0.0,0.0,0.1746,0.0,0.0,0.438,0.0,0.0,0.0,0.0652,C1,word_pos,butin,N,butin,NOM
cosmonaute,NOUN,C1,beacco,0.0,0.1746,0.0,0.0,1.1829,0.0,0.0,0.0,0.1746,0.0,0.0,0.438,0.0,0.0,0.0,0.0652,C1,word_pos,cosmonaute,N,cosmonaute,NOM
inondé,ADJ,C1,beacco,0.0,0.1746,0.0,0.0,1.1829,0.0,0.0,0.0,0.1746,0.0,0.0,0.438,0.0,0.0,0.0,0.0652,C1,word_pos,inondé,A,inondé,ADJ
élévation,NOUN,C1,beacco,0.0,0.1746,0.0,0.0,1.1829,0.0,0.0,0.0,0.1746,0.0,0.0,0.438,0.0,0.0,0.0,0.0652,C1,word_pos,élévation,N,élévation,NOM
opéra-comique,NOUN,C1,beacco,0.0,0.1674,,,,,,,,0.0,0.0,0.6994,0.0,0.0,0.0,0.1674,C1,beacco_only,,,opéra-comique,NOM
bizutage,NOUN,C1,beacco,0.0,0.1665,0.0,0.0,1.809,0.0,0.0,0.0,0.1665,0.0,0.0,1.2756,0.0,0.0,0.0,0.1185,C1,word_pos,bizutage,N,bizutage,NOM
composite,ADJ,C1,beacco,0.0,0.1665,0.0,0.0,1.809,0.0,0.0,0.0,0.1665,0.0,0.0,0.0,0.0,6.0005,0.0,0.1431,C1,word_pos,composite,A,composite,ADJ
consigner,VERB,C1,beacco,0.0,0.1665,0.0,0.0,1.809,0.0,0.0,0.0,0.1665,0.0,0.0,0.6378,0.0,0.0,0.0,0.0592,C1,word_pos,consigner,V,consigner,VER
copropriétaire,NOUN,C1,beacco,0.0,0.1665,0.0,0.0,1.809,0.0,0.0,0.0,0.1665,0.0,0.0,0.6378,0.0,0.0,0.0,0.0592,C1,word_pos,copropriétaire,N,copropriétaire,NOM
exécrer,VERB,C1,beacco,0.0,0.1665,0.0,0.0,1.809,0.0,0.0,0.0,0.1665,0.0,0.0,0.6378,0.0,0.0,0.0,0.0592,C1,word_pos,exécrer,V,exécrer,VER
massification,NOUN,C1,beacco,0.0,0.1665,0.0,0.0,1.809,0.0,0.0,0.0,0.1665,0.0,0.0,0.6378,0.0,0.0,0.0,0.0592,C1,word_pos,massification,N,massification,NOM
renouveau,NOUN,C1,beacco,0.0,0.1665,0.0,0.0,1.809,0.0,0.0,0.0,0.1665,0.0,0.0,1.2756,0.0,0.0,0.0,0.1185,C1,word_pos,renouveau,N,renouveau,NOM
réac,ADJ,C1,beacco,0.0,0.1665,0.0,0.0,1.809,0.0,0.0,0.0,0.1665,0.0,0.0,0.6378,0.0,0.0,0.0,0.0592,C1,word_pos,réac,A,réac,ADJ
rêveur,NOUN,C1,beacco,0.0,0.1665,0.0,0.0,1.809,0.0,0.0,0.0,0.1665,0.0,0.0,0.6378,0.0,0.0,0.0,0.0592,C1,word_pos,rêveur,N,rêveur,NOM
sanitaire,NOUN,C1,beacco,0.0,0.1665,0.0,0.0,1.809,0.0,0.0,0.0,0.1665,0.0,0.0,0.6378,0.0,0.0,0.0,0.0592,C1,word_pos,sanitaire,N,sanitaire,NOM
soupçonneux,ADJ,C1,beacco,0.0,0.1665,0.0,0.0,1.809,0.0,0.0,0.0,0.1665,0.0,0.0,0.6378,0.0,0.0,0.0,0.0592,C1,word_pos,soupçonneux,A,soupçonneux,ADJ
succinct,ADJ,C1,beacco,0.0,0.1665,0.0,0.0,1.809,0.0,0.0,0.0,0.1665,0.0,0.0,0.6378,0.0,0.0,0.0,0.0592,C1,word_pos,succinct,A,succinct,ADJ
syndic,NOUN,C1,beacco,0.0,0.1665,0.0,0.0,1.809,0.0,0.0,0.0,0.1665,0.0,0.0,0.6378,0.0,0.0,0.0,0.0592,C1,word_pos,syndic,N,syndic,NOM
toupet,NOUN,C1,beacco,0.0,0.1665,0.0,0.0,1.809,0.0,0.0,0.0,0.1665,0.0,0.0,0.6378,0.0,0.0,0.0,0.0592,C1,word_pos,toupet,N,toupet,NOM
gland,NOUN,C1,beacco,0.0,0.1611,0.0,0.0,1.7498,0.0,0.0,0.0,0.1611,0.0,0.0,3.3187,0.0,0.0,0.0,0.3083,C1,word_pos,gland,N,gland,NOM
nataliste,ADJ,C1,beacco,0.0,0.159,0.0,0.0618,0.0,1.5139,0.0,0.0,0.159,0.0,0.1276,0.0,2.2839,0.0,0.0,0.3296,C1,word_pos,nataliste,A,nataliste,ADJ
transfigurer,VERB,C1,beacco,0.0,0.1565,0.0,0.0,1.7004,0.0,0.0,0.0,0.1565,0.0,0.0,0.5857,0.0,0.0,0.0,0.0544,C1,word_pos,transfigurer,V,transfigurer,VER
vierge,ADJ,C1,beacco,0.0,0.1565,0.0,0.0,1.7004,0.0,0.0,0.0,0.1565,0.0,0.0,0.5857,0.0,0.0,0.0,0.0544,C1,word_pos,vierge,A,vierge,ADJ
mazet,NOUN,C1,beacco,0.0,0.1531,,,,,,,,0.0,0.0,0.0,5.6949,0.0,0.0,0.1531,C1,beacco_only,,,mazet,NOM
canin,ADJ,C1,beacco,0.0,0.1495,0.0,2.9619,0.0,0.0,0.0,0.0,0.1495,0.0,1.2121,0.0,0.0,0.0,0.0,0.0815,C1,word_pos,canin,A,canin,ADJ
citrouille,NOUN,C1,beacco,0.0,0.1488,0.0,2.9484,0.0,0.0,0.0,0.0,0.1488,0.0,3.0556,0.0,0.0,0.0,0.0,0.1473,C1,word_pos,citrouille,N,citrouille,NOM
talus,NOUN,C1,beacco,0.0,0.1443,0.0,2.8585,0.0,0.0,0.0,0.0,0.1443,0.0,2.0851,0.0,0.0,0.0,0.0,0.1005,C1,word_pos,talus,N,talus,NOM
swahili,ADJ,C1,beacco,0.0,0.1404,0.0,0.0,0.0,0.0,0.0,57.7365,0.1404,0.0,0.0,0.0,0.0,6.0005,19.328,0.2862,C1,word_pos,swahili,A,swahili,ADJ
accusateur,NOUN,C1,beacco,0.0,0.1397,0.0,0.0,0.9463,0.0,0.0,0.0,0.1397,0.0,0.0,0.438,0.0,0.0,0.0,0.0652,C1,word_pos,accusateur,N,accusateur,NOM
adorateur,NOUN,C1,beacco,0.0,0.1397,0.0,0.0,0.9463,0.0,0.0,0.0,0.1397,0.0,0.0,0.438,0.0,0.0,0.0,0.0652,C1,word_pos,adorateur,N,adorateur,NOM
autochtone,ADJ,C1,beacco,0.0,0.1397,0.0,0.0,0.9463,0.0,0.0,0.0,0.1397,0.0,0.0,0.438,0.0,0.0,0.0,0.0652,C1,word_pos,autochtone,A,autochtone,ADJ
baisemain,NOUN,C1,beacco,0.0,0.1397,0.0,0.0,0.0,2.3018,0.0,0.0,0.1397,0.0,0.0,0.0,0.911,0.0,0.0,0.0652,C1,word_pos,baisemain,N,baisemain,NOM
bibliothécaire,ADJ,C1,beacco,0.0,0.1397,0.0,0.0,0.0,2.3018,0.0,0.0,0.1397,0.0,0.0,0.0,0.911,0.0,0.0,0.0652,C1,unique_word,bibliothécaire,A,bibliothécaire,NOM
circonspect,ADJ,C1,beacco,0.0,0.1397,0.0,0.0,0.0,2.3018,0.0,0.0,0.1397,0.0,0.0,0.0,0.911,0.0,0.0,0.0652,C1,word_pos,circonspect,A,circonspect,ADJ
cyprès,NOUN,C1,beacco,0.0,0.1397,0.0,0.0,0.9463,0.0,0.0,0.0,0.1397,0.0,0.0,0.8759,0.0,0.0,0.0,0.1304,C1,word_pos,cyprès,N,cyprès,NOM
décadence,NOUN,C1,beacco,0.0,0.1397,0.0,0.0,0.9463,0.0,0.0,0.0,0.1397,0.0,0.0,0.438,0.0,0.0,0.0,0.0652,C1,word_pos,décadence,N,décadence,NOM
déchéance,NOUN,C1,beacco,0.0,0.1397,0.0,0.0,0.9463,0.0,0.0,0.0,0.1397,0.0,0.0,0.438,0.0,0.0,0.0,0.0652,C1,word_pos,déchéance,N,déchéance,NOM
démoniaque,ADJ,C1,beacco,0.0,0.1397,0.0,0.0,0.9463,0.0,0.0,0.0,0.1397,0.0,0.0,0.438,0.0,0.0,0.0,0.0652,C1,word_pos,démoniaque,A,démoniaque,ADJ
dénaturer,VERB,C1,beacco,0.0,0.1397,0.0,0.0,0.0,2.3018,0.0,0.0,0.1397,0.0,0.0,0.0,0.911,0.0,0.0,0.0652,C1,word_pos,dénaturer,V,dénaturer,VER
efféminer,VERB,C1,beacco,0.0,0.1397,0.0,0.0,0.0,2.3018,0.0,0.0,0.1397,0.0,0.0,0.0,0.911,0.0,0.0,0.0652,C1,word_pos,efféminer,V,efféminer,VER
escarper,VERB,C1,beacco,0.0,0.1397,0.0,0.0,0.9463,0.0,0.0,0.0,0.1397,0.0,0.0,0.438,0.0,0.0,0.0,0.0652,C1,word_pos,escarper,V,escarper,VER
extraterrestre,NOUN,C1,beacco,0.0,0.1397,0.0,0.0,0.9463,0.0,0.0,0.0,0.1397,0.0,0.0,0.8759,0.911,0.0,0.0,0.1955,C1,word_pos,extraterrestre,N,extraterrestre,NOM
fiscalité,NOUN,C1,beacco,0.0,0.1397,0.0,0.0,0.9463,0.0,0.0,0.0,0.1397,0.0,0.0,0.8759,0.0,0.0,0.0,0.1304,C1,word_pos,fiscalité,N,fiscalité,NOM
fleurer,VERB,C1,beacco,0.0,0.1397,0.0,0.0,0.0,2.3018,0.0,0.0,0.1397,0.0,0.0,0.0,0.911,0.0,0.0,0.0652,C1,word_pos,fleurer,V,fleurer,VER
flouer,VERB,C1,beacco,0.0,0.1397,0.0,0.0,0.9463,0.0,0.0,0.0,0.1397,0.0,0.0,0.438,0.0,0.0,0.0,0.0652,C1,word_pos,flouer,V,flouer,VER
hangar,NOUN,C1,beacco,0.0,0.1397,0.0,0.0,0.0,2.3018,0.0,0.0,0.1397,0.0,0.0,0.0,0.911,0.0,0.0,0.0652,C1,word_pos,hangar,N,hangar,NOM
intériorisation,NOUN,C1,beacco,0.0,0.1397,0.0,0.0,0.0,2.3018,0.0,0.0,0.1397,0.0,0.0,0.0,0.911,0.0,0.0,0.0652,C1,word_pos,intériorisation,N,intériorisation,NOM
jockey,NOUN,C1,beacco,0.0,0.1397,0.0,0.0,0.0,2.3018,0.0,0.0,0.1397,0.0,0.0,0.0,0.911,0.0,0.0,0.0652,C1,word_pos,jockey,N,jockey,NOM
loden,NOUN,C1,beacco,0.0,0.1397,0.0,0.0,0.0,2.3018,0.0,0.0,0.1397,0.0,0.0,0.0,0.911,0.0,0.0,0.0652,C1,word_pos,loden,N,loden,NOM
mixage,NOUN,C1,beacco,0.0,0.1397,0.0,0.0,0.0,2.3018,0.0,0.0,0.1397,0.0,0.0,0.0,0.911,0.0,0.0,0.0652,C1,word_pos,mixage,N,mixage,NOM
naval,ADJ,C1,beacco,0.0,0.1397,0.0,0.0,0.0,2.3018,0.0,0.0,0.1397,0.0,0.0,0.0,1.822,0.0,0.0,0.1304,C1,word_pos,naval,A,naval,ADJ
piquant,NOUN,C1,beacco,0.0,0.1397,0.0,0.0,0.0,2.3018,0.0,0.0,0.1397,0.0,0.0,0.0,0.911,0.0,0.0,0.0652,C1,word_pos,piquant,N,piquant,NOM
prostitué,NOUN,C1,beacco,0.0,0.1397,0.0,0.0,0.9463,0.0,0.0,0.0,0.1397,0.0,0.0,0.438,0.0,0.0,0.0,0.0652,C1,word_pos,prostitué,N,prostitué,NOM
pédiatre,NOUN,C1,beacco,0.0,0.1397,0.0,0.0,0.0,2.3018,0.0,0.0,0.1397,0.0,0.0,0.0,0.911,0.0,0.0,0.0652,C1,word_pos,pédiatre,N,pédiatre,NOM
rave,NOUN,C1,beacco,0.0,0.1397,0.0,0.0,0.0,2.3018,0.0,0.0,0.1397,0.0,0.0,0.0,0.911,0.0,0.0,0.0652,C1,word_pos,rave,N,rave,NOM
roturier,ADJ,C1,beacco,0.0,0.1397,0.0,0.0,0.9463,0.0,0.0,0.0,0.1397,0.0,0.0,0.438,0.0,0.0,0.0,0.0652,C1,word_pos,roturier,A,roturier,ADJ
saoul,ADJ,C1,beacco,0.0,0.1397,0.0,0.0,0.9463,0.0,0.0,0.0,0.1397,0.0,0.0,0.438,0.0,0.0,0.0,0.0652,C1,word_pos,saoul,A,saoul,ADJ
secte,NOUN,C1,beacco,0.0,0.1397,0.0,0.0,0.9463,0.0,0.0,0.0,0.1397,0.0,0.0,0.438,0.0,0.0,0.0,0.0652,C1,word_pos,secte,N,secte,NOM
souveraineté,NOUN,C1,beacco,0.0,0.1397,0.0,0.0,0.9463,0.0,0.0,0.0,0.1397,0.0,0.0,0.8759,0.0,0.0,0.0,0.1304,C1,word_pos,souveraineté,N,souveraineté,NOM
succursale,NOUN,C1,beacco,0.0,0.1397,0.0,0.0,0.9463,0.0,0.0,0.0,0.1397,0.0,0.0,0.8759,0.0,0.0,0.0,0.1304,C1,word_pos,succursale,N,succursale,NOM
underground,ADJ,C1,beacco,0.0,0.1397,0.0,0.0,0.0,2.3018,0.0,0.0,0.1397,0.0,0.0,0.0,0.911,0.0,0.0,0.0652,C1,word_pos,underground,A,underground,ADJ
vélocipède,NOUN,C1,beacco,0.0,0.1397,0.0,0.0,0.9463,0.0,0.0,0.0,0.1397,0.0,0.0,0.8759,0.0,0.0,0.0,0.1304,C1,word_pos,vélocipède,N,vélocipède,NOM
accoler,VERB,C1,beacco,0.0,0.1383,0.0,0.0,0.0,6.0554,0.0,0.0,0.1383,0.0,0.0,0.0,2.2839,0.0,0.0,0.0614,C1,word_pos,accoler,V,accoler,VER
allégresse,NOUN,C1,beacco,0.0,0.1383,0.0,0.0,0.0,6.0554,0.0,0.0,0.1383,0.0,0.0,0.0,2.2839,0.0,0.0,0.0614,C1,word_pos,allégresse,N,allégresse,NOM
apatride,ADJ,C1,beacco,0.0,0.1383,0.0,0.0,0.0,6.0554,0.0,0.0,0.1383,0.0,0.0,0.0,2.2839,0.0,0.0,0.0614,C1,word_pos,apatride,A,apatride,ADJ
avenant,NOUN,C1,beacco,0.0,0.1383,0.0,0.0,0.0,6.0554,0.0,0.0,0.1383,0.0,0.0,0.0,2.2839,0.0,0.0,0.0614,C1,word_pos,avenant,N,avenant,NOM
cicatrice,NOUN,C1,beacco,0.0,0.1383,0.0,0.0,0.0,6.0554,0.0,0.0,0.1383,0.0,0.0,0.0,4.5679,0.0,0.0,0.1228,C1,word_pos,cicatrice,N,cicatrice,NOM
conjoint,ADJ,C1,beacco,0.0,0.1383,0.0,0.0,0.0,6.0554,0.0,0.0,0.1383,0.0,0.0,0.0,2.2839,0.0,0.0,0.0614,C1,word_pos,conjoint,A,conjoint,ADJ
disgracieux,ADJ,C1,beacco,0.0,0.1383,0.0,0.0,0.0,6.0554,0.0,0.0,0.1383,0.0,0.0,0.0,4.5679,0.0,0.0,0.1228,C1,word_pos,disgracieux,A,disgracieux,ADJ
finnois,NOUN,C1,beacco,0.0,0.1383,0.0,0.0,0.0,6.0554,0.0,0.0,0.1383,0.0,0.0,0.0,4.5679,0.0,0.0,0.1228,C1,word_pos,finnois,N,finnois,NOM
frisbee,NOUN,C1,beacco,0.0,0.1383,0.0,0.0,0.0,6.0554,0.0,0.0,0.1383,0.0,0.0,0.0,4.5679,0.0,0.0,0.1228,C1,word_pos,frisbee,N,frisbee,NOM
inanité,NOUN,C1,beacco,0.0,0.1383,0.0,0.0,0.0,6.0554,0.0,0.0,0.1383,0.0,0.0,0.0,2.2839,0.0,0.0,0.0614,C1,word_pos,inanité,N,inanité,NOM
indigène,NOUN,C1,beacco,0.0,0.1383,0.0,0.0,0.0,6.0554,0.0,0.0,0.1383,0.0,0.0,0.0,2.2839,0.0,0.0,0.0614,C1,word_pos,indigène,N,indigène,NOM
massacrant,ADJ,C1,beacco,0.0,0.1383,0.0,0.0,0.0,6.0554,0.0,0.0,0.1383,0.0,0.0,0.0,2.2839,0.0,0.0,0.0614,C1,word_pos,massacrant,A,massacrant,ADJ
passionnément,ADV,C1,beacco,0.0,0.1383,0.0,0.0,0.0,6.0554,0.0,0.0,0.1383,0.0,0.0,0.0,2.2839,0.0,0.0,0.0614,C1,word_pos,passionnément,ADV,passionnément,ADV
persuasion,NOUN,C1,beacco,0.0,0.1383,0.0,0.0,0.0,6.0554,0.0,0.0,0.1383,0.0,0.0,0.0,2.2839,0.0,0.0,0.0614,C1,word_pos,persuasion,N,persuasion,NOM
petitesse,NOUN,C1,beacco,0.0,0.1383,0.0,0.0,0.0,6.0554,0.0,0.0,0.1383,0.0,0.0,0.0,2.2839,0.0,0.0,0.0614,C1,word_pos,petitesse,N,petitesse,NOM
pincer,VERB,C1,beacco,0.0,0.1383,0.0,0.0,0.0,6.0554,0.0,0.0,0.1383,0.0,0.0,0.0,2.2839,0.0,0.0,0.0614,C1,word_pos,pincer,V,pincer,VER
platitude,NOUN,C1,beacco,0.0,0.1383,0.0,0.0,0.0,6.0554,0.0,0.0,0.1383,0.0,0.0,0.0,2.2839,0.0,0.0,0.0614,C1,word_pos,platitude,N,platitude,NOM
prédisposer,VERB,C1,beacco,0.0,0.1383,0.0,0.0,0.0,6.0554,0.0,0.0,0.1383,0.0,0.0,0.0,4.5679,0.0,0.0,0.1228,C1,word_pos,prédisposer,V,prédisposer,VER
ressentiment,NOUN,C1,beacco,0.0,0.1383,0.0,0.0,0.0,6.0554,0.0,0.0,0.1383,0.0,0.0,0.0,2.2839,0.0,0.0,0.0614,C1,word_pos,ressentiment,N,ressentiment,NOM
rudoiement,NOUN,C1,beacco,0.0,0.1383,0.0,0.0,0.0,6.0554,0.0,0.0,0.1383,0.0,0.0,0.0,2.2839,0.0,0.0,0.0614,C1,word_pos,rudoiement,N,rudoiement,NOM
rugby,NOUN,C1,beacco,0.0,0.1383,0.0,0.0,0.0,6.0554,0.0,0.0,0.1383,0.0,0.0,0.0,4.5679,0.0,0.0,0.1228,C1,word_pos,rugby,N,rugby,NOM
saisissant,ADJ,C1,beacco,0.0,0.1383,0.0,0.0,0.0,6.0554,0.0,0.0,0.1383,0.0,0.0,0.0,4.5679,0.0,0.0,0.1228,C1,word_pos,saisissant,A,saisissant,ADJ
synchronisation,NOUN,C1,beacco,0.0,0.1383,0.0,0.0,0.0,6.0554,0.0,0.0,0.1383,0.0,0.0,0.0,4.5679,0.0,0.0,0.1228,C1,word_pos,synchronisation,N,synchronisation,NOM
syndrome,NOUN,C1,beacco,0.0,0.1383,0.0,0.0,0.0,6.0554,0.0,0.0,0.1383,0.0,0.0,0.0,4.5679,0.0,0.0,0.1228,C1,word_pos,syndrome,N,syndrome,NOM
étouffement,NOUN,C1,beacco,0.0,0.1383,0.0,0.0,0.0,6.0554,0.0,0.0,0.1383,0.0,0.0,0.0,2.2839,0.0,0.0,0.0614,C1,word_pos,étouffement,N,étouffement,NOM
rabot,NOUN,C1,beacco,0.0,0.1357,,,,,,,,0.0,0.0,1.4611,0.0,0.0,0.0,0.1357,C1,beacco_only,,,rabot,NOM
antarctique,ADJ,C1,beacco,0.0,0.1342,0.0,0.0,1.4582,0.0,0.0,0.0,0.1342,0.0,0.0,0.5531,0.0,0.0,0.0,0.0514,C1,word_pos,antarctique,A,antarctique,ADJ
différend,NOUN,C1,beacco,0.0,0.1342,0.0,0.0,1.4582,0.0,0.0,0.0,0.1342,0.0,0.0,0.5531,0.0,0.0,0.0,0.0514,C1,word_pos,différend,N,différend,NOM
fanatique,ADJ,C1,beacco,0.0,0.1342,0.0,0.0,1.4582,0.0,0.0,0.0,0.1342,0.0,0.0,0.5531,0.0,0.0,0.0,0.0514,C1,word_pos,fanatique,A,fanatique,ADJ
inviolé,ADJ,C1,beacco,0.0,0.1342,0.0,0.0,1.4582,0.0,0.0,0.0,0.1342,0.0,0.0,0.5531,0.0,0.0,0.0,0.0514,C1,word_pos,inviolé,A,inviolé,ADJ
obstinément,ADV,C1,beacco,0.0,0.1342,0.0,0.0,1.4582,0.0,0.0,0.0,0.1342,0.0,0.0,0.5531,0.0,0.0,0.0,0.0514,C1,word_pos,obstinément,ADV,obstinément,ADV
officialiser,VERB,C1,beacco,0.0,0.1342,0.0,0.0,1.4582,0.0,0.0,0.0,0.1342,0.0,0.0,1.1062,0.0,0.0,0.0,0.1028,C1,word_pos,officialiser,V,officialiser,VER
pataud,ADJ,C1,beacco,0.0,0.1342,0.0,0.0,1.4582,0.0,0.0,0.0,0.1342,0.0,0.0,0.5531,0.0,0.0,0.0,0.0514,C1,word_pos,pataud,A,pataud,ADJ
royauté,NOUN,C1,beacco,0.0,0.1342,0.0,0.0,1.4582,0.0,0.0,0.0,0.1342,0.0,0.0,1.1062,0.0,0.0,0.0,0.1028,C1,word_pos,royauté,N,royauté,NOM
ascétisme,NOUN,C1,beacco,0.0,0.1332,0.0,0.0,1.4472,0.0,0.0,0.0,0.1332,0.0,0.0,0.6378,0.0,0.0,0.0,0.0592,C1,word_pos,ascétisme,N,ascétisme,NOM
didactique,NOUN,C1,beacco,0.0,0.1332,0.0,0.0,1.4472,0.0,0.0,0.0,0.1332,0.0,0.0,0.6378,0.0,0.0,0.0,0.0592,C1,word_pos,didactique,N,didactique,NOM
intouchabilité,NOUN,C1,beacco,0.0,0.1332,0.0,0.0,1.4472,0.0,0.0,0.0,0.1332,0.0,0.0,0.6378,0.0,0.0,0.0,0.0592,C1,word_pos,intouchabilité,N,intouchabilité,NOM
jules,NOUN,C1,beacco,0.0,0.1332,0.0,0.0,1.4472,0.0,0.0,0.0,0.1332,0.0,0.0,0.6378,0.0,0.0,0.0,0.0592,C1,word_pos,jules,N,jules,NOM
morphologie,NOUN,C1,beacco,0.0,0.1332,0.0,0.0,1.4472,0.0,0.0,0.0,0.1332,0.0,0.0,0.6378,0.0,0.0,0.0,0.0592,C1,word_pos,morphologie,N,morphologie,NOM
profane,NOUN,C1,beacco,0.0,0.1332,0.0,0.0,1.4472,0.0,0.0,0.0,0.1332,0.0,0.0,0.6378,0.0,0.0,0.0,0.0592,C1,word_pos,profane,N,profane,NOM
rivet,NOUN,C1,beacco,0.0,0.1332,0.0,0.0,1.4472,0.0,0.0,0.0,0.1332,0.0,0.0,2.5512,0.0,0.0,0.0,0.237,C1,word_pos,rivet,N,rivet,NOM
solennité,NOUN,C1,beacco,0.0,0.1332,0.0,0.0,1.4472,0.0,0.0,0.0,0.1332,0.0,0.0,0.6378,0.0,0.0,0.0,0.0592,C1,word_pos,solennité,N,solennité,NOM
spéculatif,ADJ,C1,beacco,0.0,0.1332,0.0,0.0,1.4472,0.0,0.0,0.0,0.1332,0.0,0.0,1.2756,0.0,0.0,0.0,0.1185,C1,word_pos,spéculatif,A,spéculatif,ADJ
validité,NOUN,C1,beacco,0.0,0.1332,0.0,0.0,1.4472,0.0,0.0,0.0,0.1332,0.0,0.0,1.2756,0.0,0.0,0.0,0.1185,C1,word_pos,validité,N,validité,NOM
binocle,NOUN,C1,beacco,0.0,0.132,0.0,0.0,0.0,5.781,0.0,0.0,0.132,0.0,0.0,0.0,7.8109,0.0,0.0,0.21,C1,word_pos,binocle,N,binocle,NOM
chevet,NOUN,C1,beacco,0.0,0.132,0.0,0.0,0.0,5.781,0.0,0.0,0.132,0.0,0.0,0.0,3.9054,0.0,0.0,0.105,C1,word_pos,chevet,N,chevet,NOM
volatiliser,VERB,C1,beacco,0.0,0.132,0.0,0.0,0.0,5.781,0.0,0.0,0.132,0.0,0.0,0.0,5.2073,0.0,0.0,0.14,C1,word_pos,volatiliser,V,volatiliser,VER
escorte,NOUN,C1,beacco,0.0,0.1315,0.0,0.0,1.4284,0.0,0.0,0.0,0.1315,0.0,0.0,1.2952,0.0,0.0,0.0,0.1203,C1,word_pos,escorte,N,escorte,NOM
bancal,ADJ,C1,beacco,0.0,0.1308,0.0,2.5916,0.0,0.0,0.0,0.0,0.1308,0.0,1.8181,0.0,0.0,0.0,0.0,0.1223,C1,word_pos,bancal,A,bancal,ADJ
racketter,VERB,C1,beacco,0.0,0.1308,0.0,2.5916,0.0,0.0,0.0,0.0,0.1308,0.0,1.8181,0.0,0.0,0.0,0.0,0.1223,C1,word_pos,racketter,V,racketter,VER
bas-relief,NOUN,C1,beacco,0.0,0.1304,,,,,,,,0.0,0.0,0.438,0.911,0.0,0.0,0.1304,C1,beacco_only,,,bas-relief,NOM
voiturier,NOUN,C1,beacco,0.0,0.1304,0.0,2.5842,0.0,0.0,0.0,0.0,0.1304,0.0,1.0679,0.0,0.0,0.0,0.0,0.0515,C1,unique_word,voiturier,N,voiturier,ADJ
chenille,NOUN,C1,beacco,0.0,0.1267,0.0,0.0,1.3768,0.0,0.0,0.0,0.1267,0.0,0.0,0.9741,0.0,0.0,0.0,0.0905,C1,word_pos,chenille,N,chenille,NOM
poiret,NOUN,C1,beacco,0.0,0.1267,0.0,0.0,1.3768,0.0,0.0,0.0,0.1267,0.0,0.0,0.9741,0.0,0.0,0.0,0.0905,C1,word_pos,poiret,N,poiret,NOM
apaisement,NOUN,C1,beacco,0.0,0.1252,0.0,0.0,1.3603,0.0,0.0,0.0,0.1252,0.0,0.0,0.5857,0.0,0.0,0.0,0.0544,C1,word_pos,apaisement,N,apaisement,NOM
assiduité,NOUN,C1,beacco,0.0,0.1252,0.0,0.0,1.3603,0.0,0.0,0.0,0.1252,0.0,0.0,1.1713,0.0,0.0,0.0,0.1088,C1,word_pos,assiduité,N,assiduité,NOM
cancérogène,NOUN,C1,beacco,0.0,0.1252,0.0,0.0,1.3603,0.0,0.0,0.0,0.1252,0.0,0.0,0.5857,0.0,0.0,0.0,0.0544,C1,word_pos,cancérogène,N,cancérogène,NOM
débitant,NOUN,C1,beacco,0.0,0.1252,0.0,0.0,1.3603,0.0,0.0,0.0,0.1252,0.0,0.0,0.5857,0.0,0.0,0.0,0.0544,C1,word_pos,débitant,N,débitant,NOM
expressément,ADV,C1,beacco,0.0,0.1252,0.0,0.0,1.3603,0.0,0.0,0.0,0.1252,0.0,0.0,0.5857,0.0,0.0,0.0,0.0544,C1,word_pos,expressément,ADV,expressément,ADV
green,X,C1,beacco,0.0,0.1252,0.0,0.0,1.3603,0.0,0.0,0.0,0.1252,0.0,0.0,1.757,0.0,0.0,0.0,0.1632,C1,unique_word,green,X,green,NOM
inlassable,ADJ,C1,beacco,0.0,0.1252,0.0,0.0,1.3603,0.0,0.0,0.0,0.1252,0.0,0.0,0.5857,0.0,0.0,0.0,0.0544,C1,word_pos,inlassable,A,inlassable,ADJ
irritant,NOUN,C1,beacco,0.0,0.1252,0.0,0.0,1.3603,0.0,0.0,0.0,0.1252,0.0,0.0,0.5857,0.0,0.0,0.0,0.0544,C1,unique_word,irritant,N,irritant,ADJ
nicotine,NOUN,C1,beacco,0.0,0.1252,0.0,0.0,1.3603,0.0,0.0,0.0,0.1252,0.0,0.0,0.5857,0.0,0.0,0.0,0.0544,C1,word_pos,nicotine,N,nicotine,NOM
oliver,VERB,C1,beacco,0.0,0.1252,0.0,0.0,1.3603,0.0,0.0,0.0,0.1252,0.0,0.0,0.5857,0.0,0.0,0.0,0.0544,C1,word_pos,oliver,V,oliver,VER
phréatique,ADJ,C1,beacco,0.0,0.1252,0.0,0.0,1.3603,0.0,0.0,0.0,0.1252,0.0,0.0,0.5857,0.0,0.0,0.0,0.0544,C1,word_pos,phréatique,A,phréatique,ADJ
pneumologue,NOUN,C1,beacco,0.0,0.1252,0.0,0.0,1.3603,0.0,0.0,0.0,0.1252,0.0,0.0,0.5857,0.0,0.0,0.0,0.0544,C1,word_pos,pneumologue,N,pneumologue,NOM
couche-tard,NOUN,C1,beacco,0.0,0.1228,,,,,,,,0.0,0.0,0.0,4.5679,0.0,0.0,0.1228,C1,beacco_only,,,couche-tard,NOM
grille-pain,NOUN,C1,beacco,0.0,0.1228,,,,,,,,0.0,0.0,0.0,4.5679,0.0,0.0,0.1228,C1,beacco_only,,,grille-pain,NOM
loucherbem,NOUN,C1,beacco,0.0,0.1228,,,,,,,,0.0,0.0,0.0,4.5679,0.0,0.0,0.1228,C1,beacco_only,,,loucherbem,NOM
provisionné,ADJ,C1,beacco,0.0,0.1228,,,,,,,,0.0,0.0,0.0,4.5679,0.0,0.0,0.1228,C1,beacco_only,,,provisionné,ADJ
déambuler,VERB,C1,beacco,0.0,0.1226,0.0,0.0,0.0,5.3694,0.0,0.0,0.1226,0.0,0.0,0.0,1.8983,0.0,0.0,0.051,C1,word_pos,déambuler,V,déambuler,VER
familièrement,ADV,C1,beacco,0.0,0.1226,0.0,0.0,0.0,5.3694,0.0,0.0,0.1226,0.0,0.0,0.0,1.8983,0.0,0.0,0.051,C1,word_pos,familièrement,ADV,familièrement,ADV
mante,NOUN,C1,beacco,0.0,0.1226,,,,,,,,6.6738,0.0,0.0,0.0,0.0,0.0,0.1226,C1,beacco_only,,,mante,NOM
pentu,ADJ,C1,beacco,0.0,0.1226,0.0,0.0,0.0,5.3694,0.0,0.0,0.1226,0.0,0.0,0.0,1.8983,0.0,0.0,0.051,C1,word_pos,pentu,A,pentu,ADJ
élucidation,NOUN,C1,beacco,0.0,0.1226,0.0,0.0,0.0,5.3694,0.0,0.0,0.1226,0.0,0.0,0.0,1.8983,0.0,0.0,0.051,C1,word_pos,élucidation,N,élucidation,NOM
vodka,NOUN,C1,beacco,0.0,0.1225,0.0,0.0,0.0,5.3655,0.0,0.0,0.1225,0.0,0.0,0.0,14.3466,0.0,0.0,0.3857,C1,word_pos,vodka,N,vodka,NOM
blanquette,NOUN,C1,beacco,0.0,0.121,,,,,,,,6.5873,0.0,0.0,0.0,0.0,0.0,0.121,C1,beacco_only,,,blanquette,NOM
aigre,ADJ,C1,beacco,0.0,0.1207,0.0,0.0,0.0,5.2855,0.0,0.0,0.1207,0.0,0.0,0.0,4.0509,0.0,0.0,0.1089,C1,word_pos,aigre,A,aigre,ADJ
essart,NOUN,C1,beacco,0.0,0.1203,,,,,,,,0.0,0.0,1.2952,0.0,0.0,0.0,0.1203,C1,beacco_only,,,essart,NOM
auto-stoppeur,NOUN,C1,beacco,0.0,0.1185,,,,,,,,0.0,0.0,1.2756,0.0,0.0,0.0,0.1185,C1,beacco_only,,,auto-stoppeur,NOM
marianne,NOUN,C1,beacco,0.0,0.1185,,,,,,,,0.0,0.0,1.2756,0.0,0.0,0.0,0.1185,C1,beacco_only,,,marianne,NOM
fanchon,NOUN,C1,beacco,0.0,0.1179,,,,,,,,0.0,2.4445,0.0,0.0,0.0,0.0,0.1179,C1,beacco_only,,,fanchon,NOM
argentin,ADJ,C1,beacco,0.0,0.1148,5.9587,0.0,0.0,0.0,0.0,0.0,0.1148,6.3177,0.0,0.0,0.0,0.0,0.0,0.116,C1,word_pos,argentin,A,argentin,ADJ
inactivité,NOUN,C1,beacco,0.0,0.1147,0.0,0.0,1.2455,0.0,0.0,0.0,0.1147,0.0,0.0,1.1717,0.0,0.0,0.0,0.1088,C1,word_pos,inactivité,N,inactivité,NOM
indicateur,ADJ,C1,beacco,0.0,0.1147,0.0,0.0,1.2455,0.0,0.0,0.0,0.1147,0.0,0.0,0.7812,0.0,0.0,0.0,0.0726,C1,word_pos,indicateur,A,indicateur,ADJ
triplette,NOUN,C1,beacco,0.0,0.1147,0.0,0.0,1.2455,0.0,0.0,0.0,0.1147,0.0,0.0,1.1717,0.0,0.0,0.0,0.1088,C1,word_pos,triplette,N,triplette,NOM
verlan,NOUN,C1,beacco,0.0,0.1147,0.0,0.0,1.2455,0.0,0.0,0.0,0.1147,0.0,0.0,2.3435,0.0,0.0,0.0,0.2177,C1,word_pos,verlan,N,verlan,NOM
bagne,NOUN,C1,beacco,0.0,0.1131,0.0,0.0,0.0,4.9551,0.0,0.0,0.1131,0.0,0.0,0.0,3.9054,0.0,0.0,0.105,C1,word_pos,bagne,N,bagne,NOM
radium,NOUN,C1,beacco,0.0,0.1131,0.0,0.0,0.0,4.9551,0.0,0.0,0.1131,0.0,0.0,0.0,2.6036,0.0,0.0,0.07,C1,word_pos,radium,N,radium,NOM
blancheur,NOUN,C1,beacco,0.0,0.1121,0.0,2.2214,0.0,0.0,0.0,0.0,0.1121,0.0,1.8181,0.0,0.0,0.0,0.0,0.1223,C1,word_pos,blancheur,N,blancheur,NOM
javel,NOUN,C1,beacco,0.0,0.1121,0.0,2.2214,0.0,0.0,0.0,0.0,0.1121,0.0,1.8181,0.0,0.0,0.0,0.0,0.1223,C1,word_pos,javel,N,javel,NOM
ravoir,VERB,C1,beacco,0.0,0.1121,0.0,2.2214,0.0,0.0,0.0,0.0,0.1121,0.0,1.8181,0.0,0.0,0.0,0.0,0.1223,C1,unique_word,ravoir,V,ravoir,NOM
andalouse,ADJ,C1,beacco,0.0,0.1116,,,,,,,,0.0,0.0,0.4662,0.0,0.0,0.0,0.1116,C1,beacco_only,,,andalouse,ADJ
atermoyeur,NOUN,C1,beacco,0.0,0.1088,,,,,,,,0.0,0.0,1.1713,0.0,0.0,0.0,0.1088,C1,beacco_only,,,atermoyeur,NOM
narcissique,NOUN,C1,beacco,0.0,0.1088,,,,,,,,0.0,0.0,1.1713,0.0,0.0,0.0,0.1088,C1,beacco_only,,,narcissique,NOM
vide-ordures,NOUN,C1,beacco,0.0,0.1088,,,,,,,,0.0,0.0,1.1717,0.0,0.0,0.0,0.1088,C1,beacco_only,,,vide-ordures,NOM
combattant,ADJ,C1,beacco,0.0,0.1074,0.0,0.0,1.1665,0.0,0.0,0.0,0.1074,0.0,0.0,0.5531,0.0,0.0,0.0,0.0514,C1,word_pos,combattant,A,combattant,ADJ
indiscipliné,ADJ,C1,beacco,0.0,0.1074,0.0,0.0,1.1665,0.0,0.0,0.0,0.1074,0.0,0.0,0.5531,0.0,0.0,0.0,0.0514,C1,word_pos,indiscipliné,A,indiscipliné,ADJ
mugir,VERB,C1,beacco,0.0,0.1074,0.0,0.0,1.1665,0.0,0.0,0.0,0.1074,0.0,0.0,0.5531,0.0,0.0,0.0,0.0514,C1,word_pos,mugir,V,mugir,VER
rouget,NOUN,C1,beacco,0.0,0.1074,0.0,0.0,1.1665,0.0,0.0,0.0,0.1074,0.0,0.0,1.1062,0.0,0.0,0.0,0.1028,C1,word_pos,rouget,N,rouget,NOM
sanguinaire,ADJ,C1,beacco,0.0,0.1074,0.0,0.0,1.1665,0.0,0.0,0.0,0.1074,0.0,0.0,0.5531,0.0,0.0,0.0,0.0514,C1,word_pos,sanguinaire,A,sanguinaire,ADJ
égorger,VERB,C1,beacco,0.0,0.1074,0.0,0.0,1.1665,0.0,0.0,0.0,0.1074,0.0,0.0,0.5531,0.0,0.0,0.0,0.0514,C1,word_pos,égorger,V,égorger,VER
barman,NOUN,C1,beacco,0.0,0.1072,0.0,0.0,0.0,4.6948,0.0,0.0,0.1072,0.0,0.0,0.0,10.76,0.0,0.0,0.2893,C1,word_pos,barman,N,barman,NOM
accouder,VERB,C1,beacco,0.0,0.1048,0.0,0.0,0.7097,0.0,0.0,0.0,0.1048,0.0,0.0,0.438,0.0,0.0,0.0,0.0652,C1,word_pos,accouder,V,accouder,VER
adoucir,VERB,C1,beacco,0.0,0.1048,0.0,0.0,0.7097,0.0,0.0,0.0,0.1048,0.0,0.0,0.8759,0.0,0.0,0.0,0.1304,C1,word_pos,adoucir,V,adoucir,VER
antipathie,NOUN,C1,beacco,0.0,0.1048,0.0,0.0,0.0,1.7264,0.0,0.0,0.1048,0.0,0.0,0.0,2.733,0.0,0.0,0.1955,C1,word_pos,antipathie,N,antipathie,NOM
ascèse,NOUN,C1,beacco,0.0,0.1048,0.0,0.0,0.7097,0.0,0.0,0.0,0.1048,0.0,0.0,0.438,0.0,0.0,0.0,0.0652,C1,word_pos,ascèse,N,ascèse,NOM
assoupir,VERB,C1,beacco,0.0,0.1048,0.0,0.0,0.7097,0.0,0.0,0.0,0.1048,0.0,0.0,0.438,0.0,0.0,0.0,0.0652,C1,word_pos,assoupir,V,assoupir,VER
chorizo,NOUN,C1,beacco,0.0,0.1048,0.0,0.0,0.7097,0.0,0.0,0.0,0.1048,0.0,0.0,0.438,0.0,0.0,0.0,0.0652,C1,word_pos,chorizo,N,chorizo,NOM
chorégraphe,NOUN,C1,beacco,0.0,0.1048,0.0,0.0,0.7097,0.0,0.0,0.0,0.1048,0.0,0.0,0.438,0.0,0.0,0.0,0.0652,C1,word_pos,chorégraphe,N,chorégraphe,NOM
chorégraphie,NOUN,C1,beacco,0.0,0.1048,0.0,0.0,0.7097,0.0,0.0,0.0,0.1048,0.0,0.0,0.438,0.0,0.0,0.0,0.0652,C1,word_pos,chorégraphie,N,chorégraphie,NOM
citronnier,NOUN,C1,beacco,0.0,0.1048,0.0,0.0,0.7097,0.0,0.0,0.0,0.1048,0.0,0.0,0.438,0.0,0.0,0.0,0.0652,C1,word_pos,citronnier,N,citronnier,NOM
cottage,NOUN,C1,beacco,0.0,0.1048,0.0,0.0,0.7097,0.0,0.0,0.0,0.1048,0.0,0.0,0.438,0.0,0.0,0.0,0.0652,C1,word_pos,cottage,N,cottage,NOM
crasseux,ADJ,C1,beacco,0.0,0.1048,0.0,0.0,0.7097,0.0,0.0,0.0,0.1048,0.0,0.0,0.438,0.0,0.0,0.0,0.0652,C1,word_pos,crasseux,A,crasseux,ADJ
crinière,NOUN,C1,beacco,0.0,0.1048,0.0,0.0,0.7097,0.0,0.0,0.0,0.1048,0.0,0.0,0.438,0.0,0.0,0.0,0.0652,C1,word_pos,crinière,N,crinière,NOM
croisé,NOUN,C1,beacco,0.0,0.1048,0.0,0.0,0.7097,0.0,0.0,0.0,0.1048,0.0,0.0,0.438,0.0,0.0,0.0,0.0652,C1,word_pos,croisé,N,croisé,NOM
douane,NOUN,C1,beacco,0.0,0.1048,0.0,0.0,0.7097,0.0,0.0,0.0,0.1048,0.0,0.0,0.438,0.0,0.0,0.0,0.0652,C1,word_pos,douane,N,douane,NOM
empoisonnement,NOUN,C1,beacco,0.0,0.1048,0.0,0.0,0.7097,0.0,0.0,0.0,0.1048,0.0,0.0,1.3139,0.0,0.0,0.0,0.1955,C1,word_pos,empoisonnement,N,empoisonnement,NOM
fleuron,NOUN,C1,beacco,0.0,0.1048,0.0,0.0,0.0,1.7264,0.0,0.0,0.1048,0.0,0.0,0.0,0.911,0.0,0.0,0.0652,C1,word_pos,fleuron,N,fleuron,NOM
fructifier,VERB,C1,beacco,0.0,0.1048,0.0,0.0,0.0,1.7264,0.0,0.0,0.1048,0.0,0.0,0.0,0.911,0.0,0.0,0.0652,C1,word_pos,fructifier,V,fructifier,VER
garnison,NOUN,C1,beacco,0.0,0.1048,0.0,0.0,0.7097,0.0,0.0,0.0,0.1048,0.0,0.0,0.438,0.0,0.0,0.0,0.0652,C1,word_pos,garnison,N,garnison,NOM
gavage,NOUN,C1,beacco,0.0,0.1048,0.0,0.0,0.0,1.7264,0.0,0.0,0.1048,0.0,0.0,0.0,0.911,0.0,0.0,0.0652,C1,word_pos,gavage,N,gavage,NOM
gnome,NOUN,C1,beacco,0.0,0.1048,0.0,0.0,0.7097,0.0,0.0,0.0,0.1048,0.0,0.0,0.8759,0.0,0.0,0.0,0.1304,C1,word_pos,gnome,N,gnome,NOM
gorgonzola,NOUN,C1,beacco,0.0,0.1048,0.0,0.0,0.7097,0.0,0.0,0.0,0.1048,0.0,0.0,0.438,0.0,0.0,0.0,0.0652,C1,word_pos,gorgonzola,N,gorgonzola,NOM
hocher,VERB,C1,beacco,0.0,0.1048,0.0,0.0,0.4732,0.5755,0.0,0.0,0.1048,0.0,0.0,0.438,0.911,0.0,0.0,0.1304,C1,word_pos,hocher,V,hocher,VER
homéopathie,NOUN,C1,beacco,0.0,0.1048,0.0,0.0,0.7097,0.0,0.0,0.0,0.1048,0.0,0.0,0.438,0.0,0.0,0.0,0.0652,C1,word_pos,homéopathie,N,homéopathie,NOM
hérétique,ADJ,C1,beacco,0.0,0.1048,0.0,0.0,0.7097,0.0,0.0,0.0,0.1048,0.0,0.0,0.438,0.0,0.0,0.0,0.0652,C1,word_pos,hérétique,A,hérétique,ADJ
infidélité,NOUN,C1,beacco,0.0,0.1048,0.0,0.0,0.0,1.7264,0.0,0.0,0.1048,0.0,0.0,0.0,0.911,0.0,0.0,0.0652,C1,word_pos,infidélité,N,infidélité,NOM
intendant,NOUN,C1,beacco,0.0,0.1048,0.0,0.0,0.7097,0.0,0.0,0.0,0.1048,0.0,0.0,0.8759,0.0,0.0,0.0,0.1304,C1,word_pos,intendant,N,intendant,NOM
interconnexion,NOUN,C1,beacco,0.0,0.1048,0.0,0.0,0.7097,0.0,0.0,0.0,0.1048,0.0,0.0,0.438,0.0,0.0,0.0,0.0652,C1,word_pos,interconnexion,N,interconnexion,NOM
législateur,NOUN,C1,beacco,0.0,0.1048,0.0,0.0,0.7097,0.0,0.0,0.0,0.1048,0.0,0.0,0.438,0.0,0.0,0.0,0.0652,C1,word_pos,législateur,N,législateur,NOM
magnanimité,NOUN,C1,beacco,0.0,0.1048,0.0,0.0,0.7097,0.0,0.0,0.0,0.1048,0.0,0.0,0.438,0.0,0.0,0.0,0.0652,C1,word_pos,magnanimité,N,magnanimité,NOM
mercenaire,NOUN,C1,beacco,0.0,0.1048,0.0,0.0,0.7097,0.0,0.0,0.0,0.1048,0.0,0.0,0.438,0.0,0.0,0.0,0.0652,C1,word_pos,mercenaire,N,mercenaire,NOM
ménagement,NOUN,C1,beacco,0.0,0.1048,0.0,0.0,0.7097,0.0,0.0,0.0,0.1048,0.0,0.0,0.438,0.0,0.0,0.0,0.0652,C1,word_pos,ménagement,N,ménagement,NOM
oracle,NOUN,C1,beacco,0.0,0.1048,0.0,0.0,0.7097,0.0,0.0,0.0,0.1048,0.0,0.0,0.438,0.0,0.0,0.0,0.0652,C1,word_pos,oracle,N,oracle,NOM
philippin,ADJ,C1,beacco,0.0,0.1048,0.0,0.0,0.7097,0.0,0.0,0.0,0.1048,0.0,0.0,0.438,0.0,0.0,0.0,0.0652,C1,word_pos,philippin,A,philippin,ADJ
photomontage,NOUN,C1,beacco,0.0,0.1048,0.0,0.0,0.0,1.7264,0.0,0.0,0.1048,0.0,0.0,0.0,0.911,0.0,0.0,0.0652,C1,word_pos,photomontage,N,photomontage,NOM
postillon,NOUN,C1,beacco,0.0,0.1048,0.0,0.0,0.7097,0.0,0.0,0.0,0.1048,0.0,0.0,0.438,0.0,0.0,0.0,0.0652,C1,word_pos,postillon,N,postillon,NOM
prostituer,VERB,C1,beacco,0.0,0.1048,0.0,0.0,0.7097,0.0,0.0,0.0,0.1048,0.0,0.0,0.438,0.0,0.0,0.0,0.0652,C1,word_pos,prostituer,V,prostituer,VER
raider,NOUN,C1,beacco,0.0,0.1048,0.0,0.0,0.7097,0.0,0.0,0.0,0.1048,0.0,0.0,0.438,0.0,0.0,0.0,0.0652,C1,word_pos,raider,N,raider,NOM
rouille,NOUN,C1,beacco,0.0,0.1048,0.0,0.0,0.7097,0.0,0.0,0.0,0.1048,0.0,0.0,0.438,0.0,0.0,0.0,0.0652,C1,word_pos,rouille,N,rouille,NOM
rédemption,NOUN,C1,beacco,0.0,0.1048,0.0,0.0,0.0,1.7264,0.0,0.0,0.1048,0.0,0.0,0.0,0.911,0.0,0.0,0.0652,C1,word_pos,rédemption,N,rédemption,NOM
salami,NOUN,C1,beacco,0.0,0.1048,0.0,0.0,0.7097,0.0,0.0,0.0,0.1048,0.0,0.0,0.438,0.0,0.0,0.0,0.0652,C1,word_pos,salami,N,salami,NOM
satanique,ADJ,C1,beacco,0.0,0.1048,0.0,0.0,0.7097,0.0,0.0,0.0,0.1048,0.0,0.0,0.438,0.0,0.0,0.0,0.0652,C1,word_pos,satanique,A,satanique,ADJ
sauvegarder,VERB,C1,beacco,0.0,0.1048,0.0,0.0,0.0,1.7264,0.0,0.0,0.1048,0.0,0.0,0.0,0.911,0.0,0.0,0.0652,C1,word_pos,sauvegarder,V,sauvegarder,VER
schéma,NOUN,C1,beacco,0.0,0.1048,0.0,0.0,0.0,1.7264,0.0,0.0,0.1048,0.0,0.0,0.0,0.911,0.0,0.0,0.0652,C1,word_pos,schéma,N,schéma,NOM
strapontin,NOUN,C1,beacco,0.0,0.1048,0.0,0.0,0.7097,0.0,0.0,0.0,0.1048,0.0,0.0,0.438,0.0,0.0,0.0,0.0652,C1,word_pos,strapontin,N,strapontin,NOM
trempe,NOUN,C1,beacco,0.0,0.1048,0.0,0.0,0.7097,0.0,0.0,0.0,0.1048,0.0,0.0,0.438,0.0,0.0,0.0,0.0652,C1,word_pos,trempe,N,trempe,NOM
éclectisme,NOUN,C1,beacco,0.0,0.1048,0.0,0.0,0.0,1.7264,0.0,0.0,0.1048,0.0,0.0,0.0,0.911,0.0,0.0,0.0652,C1,word_pos,éclectisme,N,éclectisme,NOM
émanation,NOUN,C1,beacco,0.0,0.1048,0.0,0.0,0.7097,0.0,0.0,0.0,0.1048,0.0,0.0,0.438,0.0,0.0,0.0,0.0652,C1,word_pos,émanation,N,émanation,NOM
étriqué,ADJ,C1,beacco,0.0,0.1048,0.0,0.0,0.7097,0.0,0.0,0.0,0.1048,0.0,0.0,0.438,0.0,0.0,0.0,0.0652,C1,word_pos,étriqué,A,étriqué,ADJ
troisièmement,ADV,C1,beacco,0.0,0.1044,0.0,2.0673,0.0,0.0,0.0,0.0,0.1044,0.0,1.0679,0.0,0.0,0.0,0.0,0.0515,C1,word_pos,troisièmement,ADV,troisièmement,ADV
anesthésier,VERB,C1,beacco,0.0,0.1037,0.0,0.0,0.0,4.5416,0.0,0.0,0.1037,0.0,0.0,0.0,4.5679,0.0,0.0,0.1228,C1,word_pos,anesthésier,V,anesthésier,VER
chronologique,ADJ,C1,beacco,0.0,0.1037,0.0,0.0,0.0,4.5416,0.0,0.0,0.1037,0.0,0.0,0.0,4.5679,0.0,0.0,0.1228,C1,word_pos,chronologique,A,chronologique,ADJ
dommageable,ADJ,C1,beacco,0.0,0.1037,0.0,0.0,0.0,4.5416,0.0,0.0,0.1037,0.0,0.0,0.0,2.2839,0.0,0.0,0.0614,C1,word_pos,dommageable,A,dommageable,ADJ
dépotoir,NOUN,C1,beacco,0.0,0.1037,0.0,0.0,0.0,4.5416,0.0,0.0,0.1037,0.0,0.0,0.0,2.2839,0.0,0.0,0.0614,C1,word_pos,dépotoir,N,dépotoir,NOM
embout,NOUN,C1,beacco,0.0,0.1037,0.0,0.0,0.0,4.5416,0.0,0.0,0.1037,0.0,0.0,0.0,2.2839,0.0,0.0,0.0614,C1,word_pos,embout,N,embout,NOM
globalité,NOUN,C1,beacco,0.0,0.1037,0.0,0.0,0.0,4.5416,0.0,0.0,0.1037,0.0,0.0,0.0,2.2839,0.0,0.0,0.0614,C1,word_pos,globalité,N,globalité,NOM
goudron,NOUN,C1,beacco,0.0,0.1037,0.0,0.0,0.0,4.5416,0.0,0.0,0.1037,0.0,0.0,0.0,2.2839,0.0,0.0,0.0614,C1,word_pos,goudron,N,goudron,NOM
hépatite,NOUN,C1,beacco,0.0,0.1037,0.0,0.0,0.0,4.5416,0.0,0.0,0.1037,0.0,0.0,0.0,2.2839,0.0,0.0,0.0614,C1,word_pos,hépatite,N,hépatite,NOM
infondé,ADJ,C1,beacco,0.0,0.1037,0.0,0.0,0.0,4.5416,0.0,0.0,0.1037,0.0,0.0,0.0,2.2839,0.0,0.0,0.0614,C1,word_pos,infondé,A,infondé,ADJ
jargon,NOUN,C1,beacco,0.0,0.1037,0.0,0.0,0.0,4.5416,0.0,0.0,0.1037,0.0,0.0,0.0,4.5679,0.0,0.0,0.1228,C1,word_pos,jargon,N,jargon,NOM
modéré,NOUN,C1,beacco,0.0,0.1037,0.0,0.0,0.0,4.5416,0.0,0.0,0.1037,0.0,0.0,0.0,2.2839,0.0,0.0,0.0614,C1,word_pos,modéré,N,modéré,NOM
pharaonique,ADJ,C1,beacco,0.0,0.1037,0.0,0.0,0.0,4.5416,0.0,0.0,0.1037,0.0,0.0,0.0,2.2839,0.0,0.0,0.0614,C1,word_pos,pharaonique,A,pharaonique,ADJ
porosité,NOUN,C1,beacco,0.0,0.1037,0.0,0.0,0.0,4.5416,0.0,0.0,0.1037,0.0,0.0,0.0,2.2839,0.0,0.0,0.0614,C1,word_pos,porosité,N,porosité,NOM
portefaix,NOUN,C1,beacco,0.0,0.1037,0.0,0.0,0.0,4.5416,0.0,0.0,0.1037,0.0,0.0,0.0,2.2839,0.0,0.0,0.0614,C1,word_pos,portefaix,N,portefaix,NOM
pérennité,NOUN,C1,beacco,0.0,0.1037,0.0,0.0,0.0,4.5416,0.0,0.0,0.1037,0.0,0.0,0.0,2.2839,0.0,0.0,0.0614,C1,word_pos,pérennité,N,pérennité,NOM
réintroduction,NOUN,C1,beacco,0.0,0.1037,0.0,0.0,0.0,4.5416,0.0,0.0,0.1037,0.0,0.0,0.0,4.5679,0.0,0.0,0.1228,C1,word_pos,réintroduction,N,réintroduction,NOM
trachée,NOUN,C1,beacco,0.0,0.1037,0.0,0.0,0.0,4.5416,0.0,0.0,0.1037,0.0,0.0,0.0,2.2839,0.0,0.0,0.0614,C1,word_pos,trachée,N,trachée,NOM
tuber,NOUN,C1,beacco,0.0,0.1037,0.0,0.0,0.0,4.5416,0.0,0.0,0.1037,0.0,0.0,0.0,2.2839,0.0,0.0,0.0614,C1,unique_word,tuber,N,tuber,VER
âcreté,NOUN,C1,beacco,0.0,0.1037,0.0,0.0,0.0,4.5416,0.0,0.0,0.1037,0.0,0.0,0.0,2.2839,0.0,0.0,0.0614,C1,word_pos,âcreté,N,âcreté,NOM
évocation,NOUN,C1,beacco,0.0,0.1037,0.0,0.0,0.0,4.5416,0.0,0.0,0.1037,0.0,0.0,0.0,6.8518,0.0,0.0,0.1842,C1,word_pos,évocation,N,évocation,NOM
auto-école,NOUN,C1,beacco,0.0,0.1028,,,,,,,,0.0,0.0,1.1062,0.0,0.0,0.0,0.1028,C1,beacco_only,,,auto-école,NOM
blue-jean,NOUN,C1,beacco,0.0,0.1028,,,,,,,,0.0,0.0,1.1062,0.0,0.0,0.0,0.1028,C1,beacco_only,,,blue-jean,NOM
garde-robe,NOUN,C1,beacco,0.0,0.1028,,,,,,,,0.0,0.0,1.1062,0.0,0.0,0.0,0.1028,C1,beacco_only,,,garde-robe,NOM
sous-préfet,NOUN,C1,beacco,0.0,0.1021,,,,,,,,5.5615,0.0,0.0,0.0,0.0,0.0,0.1021,C1,beacco_only,,,sous-préfet,NOM
agoraphobie,NOUN,C1,beacco,0.0,0.0999,0.0,0.0,1.0854,0.0,0.0,0.0,0.0999,0.0,0.0,0.6378,0.0,0.0,0.0,0.0592,C1,word_pos,agoraphobie,N,agoraphobie,NOM
agrémenter,VERB,C1,beacco,0.0,0.0999,0.0,0.0,1.0854,0.0,0.0,0.0,0.0999,0.0,0.0,0.6378,0.0,0.0,0.0,0.0592,C1,word_pos,agrémenter,V,agrémenter,VER
alignement,NOUN,C1,beacco,0.0,0.0999,0.0,0.0,1.0854,0.0,0.0,0.0,0.0999,0.0,0.0,0.6378,0.0,0.0,0.0,0.0592,C1,word_pos,alignement,N,alignement,NOM
attirant,ADJ,C1,beacco,0.0,0.0999,0.0,0.0,1.0854,0.0,0.0,0.0,0.0999,0.0,0.0,0.6378,0.0,0.0,0.0,0.0592,C1,word_pos,attirant,A,attirant,ADJ
bougon,NOUN,C1,beacco,0.0,0.0999,0.0,0.0,1.0854,0.0,0.0,0.0,0.0999,0.0,0.0,0.6378,0.0,0.0,0.0,0.0592,C1,word_pos,bougon,N,bougon,NOM
brioche,NOUN,C1,beacco,0.0,0.0999,0.0,0.0,1.0854,0.0,0.0,0.0,0.0999,0.0,0.0,1.9134,0.0,0.0,0.0,0.1777,C1,word_pos,brioche,N,brioche,NOM
carapace,NOUN,C1,beacco,0.0,0.0999,0.0,0.0,1.0854,0.0,0.0,0.0,0.0999,0.0,0.0,0.6378,0.0,0.0,0.0,0.0592,C1,word_pos,carapace,N,carapace,NOM
chameau,NOUN,C1,beacco,0.0,0.0999,0.0,0.0,1.0854,0.0,0.0,0.0,0.0999,0.0,0.0,0.6378,0.0,0.0,0.0,0.0592,C1,word_pos,chameau,N,chameau,NOM
chauvin,NOUN,C1,beacco,0.0,0.0999,0.0,0.0,1.0854,0.0,0.0,0.0,0.0999,0.0,0.0,0.6378,0.0,0.0,0.0,0.0592,C1,unique_word,chauvin,N,chauvin,ADJ
claustrophobie,NOUN,C1,beacco,0.0,0.0999,0.0,0.0,1.0854,0.0,0.0,0.0,0.0999,0.0,0.0,0.6378,0.0,0.0,0.0,0.0592,C1,word_pos,claustrophobie,N,claustrophobie,NOM
concubin,NOUN,C1,beacco,0.0,0.0999,0.0,0.0,1.0854,0.0,0.0,0.0,0.0999,0.0,0.0,0.6378,0.0,0.0,0.0,0.0592,C1,word_pos,concubin,N,concubin,NOM
duperie,NOUN,C1,beacco,0.0,0.0999,0.0,0.0,1.0854,0.0,0.0,0.0,0.0999,0.0,0.0,0.6378,0.0,0.0,0.0,0.0592,C1,word_pos,duperie,N,duperie,NOM
décideur,NOUN,C1,beacco,0.0,0.0999,0.0,0.0,1.0854,0.0,0.0,0.0,0.0999,0.0,0.0,0.6378,0.0,0.0,0.0,0.0592,C1,word_pos,décideur,N,décideur,NOM
dénombrer,VERB,C1,beacco,0.0,0.0999,0.0,0.0,1.0854,0.0,0.0,0.0,0.0999,0.0,0.0,1.2756,0.0,0.0,0.0,0.1185,C1,word_pos,dénombrer,V,dénombrer,VER
désinvolture,NOUN,C1,beacco,0.0,0.0999,0.0,0.0,1.0854,0.0,0.0,0.0,0.0999,0.0,0.0,0.6378,0.0,0.0,0.0,0.0592,C1,word_pos,désinvolture,N,désinvolture,NOM
fleurissement,NOUN,C1,beacco,0.0,0.0999,0.0,0.0,1.0854,0.0,0.0,0.0,0.0999,0.0,0.0,0.6378,0.0,0.0,0.0,0.0592,C1,word_pos,fleurissement,N,fleurissement,NOM
guinguette,NOUN,C1,beacco,0.0,0.0999,0.0,0.0,1.0854,0.0,0.0,0.0,0.0999,0.0,0.0,0.6378,0.0,0.0,0.0,0.0592,C1,word_pos,guinguette,N,guinguette,NOM
humainement,ADV,C1,beacco,0.0,0.0999,0.0,0.0,1.0854,0.0,0.0,0.0,0.0999,0.0,0.0,0.6378,0.0,0.0,0.0,0.0592,C1,word_pos,humainement,ADV,humainement,ADV
improviste,NOUN,C1,beacco,0.0,0.0999,0.0,0.0,1.0854,0.0,0.0,0.0,0.0999,0.0,0.0,0.6378,0.0,0.0,0.0,0.0592,C1,unique_word,improviste,N,improviste,ADV
incompétent,ADJ,C1,beacco,0.0,0.0999,0.0,0.0,1.0854,0.0,0.0,0.0,0.0999,0.0,0.0,0.6378,0.0,0.0,0.0,0.0592,C1,word_pos,incompétent,A,incompétent,ADJ
insupporter,VERB,C1,beacco,0.0,0.0999,0.0,0.0,1.0854,0.0,0.0,0.0,0.0999,0.0,0.0,0.6378,0.0,0.0,0.0,0.0592,C1,word_pos,insupporter,V,insupporter,VER
liesse,NOUN,C1,beacco,0.0,0.0999,0.0,0.0,1.0854,0.0,0.0,0.0,0.0999,0.0,0.0,0.6378,0.0,0.0,0.0,0.0592,C1,word_pos,liesse,N,liesse,NOM
monstrueusement,ADV,C1,beacco,0.0,0.0999,0.0,0.0,1.0854,0.0,0.0,0.0,0.0999,0.0,0.0,0.6378,0.0,0.0,0.0,0.0592,C1,word_pos,monstrueusement,ADV,monstrueusement,ADV
noviciat,NOUN,C1,beacco,0.0,0.0999,0.0,0.0,1.0854,0.0,0.0,0.0,0.0999,0.0,0.0,0.6378,0.0,0.0,0.0,0.0592,C1,word_pos,noviciat,N,noviciat,NOM
perspicace,ADJ,C1,beacco,0.0,0.0999,0.0,0.0,1.0854,0.0,0.0,0.0,0.0999,0.0,0.0,0.6378,0.0,0.0,0.0,0.0592,C1,word_pos,perspicace,A,perspicace,ADJ
primeur,NOUN,C1,beacco,0.0,0.0999,0.0,0.0,1.0854,0.0,0.0,0.0,0.0999,0.0,0.0,0.6378,0.0,0.0,0.0,0.0592,C1,word_pos,primeur,N,primeur,NOM
prétentieux,ADJ,C1,beacco,0.0,0.0999,0.0,0.0,1.0854,0.0,0.0,0.0,0.0999,0.0,0.0,0.6378,0.0,0.0,0.0,0.0592,C1,unique_word,prétentieux,A,prétentieux,NOM
psychophysiologie,NOUN,C1,beacco,0.0,0.0999,0.0,0.0,1.0854,0.0,0.0,0.0,0.0999,0.0,0.0,0.6378,0.0,0.0,0.0,0.0592,C1,word_pos,psychophysiologie,N,psychophysiologie,NOM
pénétrant,ADJ,C1,beacco,0.0,0.0999,0.0,0.0,1.0854,0.0,0.0,0.0,0.0999,0.0,0.0,0.6378,0.0,0.0,0.0,0.0592,C1,word_pos,pénétrant,A,pénétrant,ADJ
rectangle,NOUN,C1,beacco,0.0,0.0999,0.0,0.0,1.0854,0.0,0.0,0.0,0.0999,0.0,0.0,0.6378,0.0,0.0,0.0,0.0592,C1,word_pos,rectangle,N,rectangle,NOM
renommée,NOUN,C1,beacco,0.0,0.0999,0.0,0.0,1.0854,0.0,0.0,0.0,0.0999,0.0,0.0,0.6378,0.0,0.0,0.0,0.0592,C1,word_pos,renommée,N,renommée,NOM
réalisable,ADJ,C1,beacco,0.0,0.0999,0.0,0.0,1.0854,0.0,0.0,0.0,0.0999,0.0,0.0,1.9134,0.0,0.0,0.0,0.1777,C1,word_pos,réalisable,A,réalisable,ADJ
sexué,ADJ,C1,beacco,0.0,0.0999,0.0,0.0,1.0854,0.0,0.0,0.0,0.0999,0.0,0.0,0.6378,0.0,0.0,0.0,0.0592,C1,word_pos,sexué,A,sexué,ADJ
sommelier,NOUN,C1,beacco,0.0,0.0999,0.0,0.0,1.0854,0.0,0.0,0.0,0.0999,0.0,0.0,0.6378,0.0,0.0,0.0,0.0592,C1,word_pos,sommelier,N,sommelier,NOM
spécifier,VERB,C1,beacco,0.0,0.0999,0.0,0.0,1.0854,0.0,0.0,0.0,0.0999,0.0,0.0,0.6378,0.0,0.0,0.0,0.0592,C1,word_pos,spécifier,V,spécifier,VER
syncope,NOUN,C1,beacco,0.0,0.0999,0.0,0.0,1.0854,0.0,0.0,0.0,0.0999,0.0,0.0,0.6378,0.0,0.0,0.0,0.0592,C1,word_pos,syncope,N,syncope,NOM
sédentariser,VERB,C1,beacco,0.0,0.0999,0.0,0.0,1.0854,0.0,0.0,0.0,0.0999,0.0,0.0,0.6378,0.0,0.0,0.0,0.0592,C1,word_pos,sédentariser,V,sédentariser,VER
urbanisation,NOUN,C1,beacco,0.0,0.0999,0.0,0.0,1.0854,0.0,0.0,0.0,0.0999,0.0,0.0,0.6378,0.0,0.0,0.0,0.0592,C1,word_pos,urbanisation,N,urbanisation,NOM
éclabousser,VERB,C1,beacco,0.0,0.0999,0.0,0.0,1.0854,0.0,0.0,0.0,0.0999,0.0,0.0,0.6378,0.0,0.0,0.0,0.0592,C1,word_pos,éclabousser,V,éclabousser,VER
épargne,NOUN,C1,beacco,0.0,0.0999,0.0,0.0,1.0854,0.0,0.0,0.0,0.0999,0.0,0.0,0.6378,0.0,0.0,0.0,0.0592,C1,word_pos,épargne,N,épargne,NOM
théier,ADJ,C1,beacco,0.0,0.0972,0.0,1.9253,0.0,0.0,0.0,0.0,0.0972,0.0,1.2456,0.0,0.0,0.0,0.0,0.0944,C1,word_pos,théier,A,théier,ADJ
natif,NOUN,C1,beacco,0.0,0.0968,0.0,0.0,0.0,4.2374,0.0,0.0,0.0968,0.0,0.0,0.0,2.5411,0.0,0.0,0.0683,C1,word_pos,natif,N,natif,NOM
pélican,NOUN,C1,beacco,0.0,0.0964,,,,,,,,0.0,0.0,0.0,3.5867,0.0,0.0,0.0964,C1,beacco_only,,,pélican,NOM
surveille,NOUN,C1,beacco,0.0,0.0964,,,,,,,,0.0,0.0,0.0,3.5867,0.0,0.0,0.0964,C1,beacco_only,,,surveille,NOM
plaquette,NOUN,C1,beacco,0.0,0.0955,0.0,0.0,1.0379,0.0,0.0,0.0,0.0955,0.0,0.0,0.7812,0.0,0.0,0.0,0.0726,C1,word_pos,plaquette,N,plaquette,NOM
sibérien,ADJ,C1,beacco,0.0,0.0955,0.0,0.0,1.0379,0.0,0.0,0.0,0.0955,0.0,0.0,1.1717,0.0,0.0,0.0,0.1088,C1,word_pos,sibérien,A,sibérien,ADJ
anglo-américain,ADJ,C1,beacco,0.0,0.0944,,,,,,,,0.0,1.2456,0.0,0.0,0.0,0.0,0.0944,C1,beacco_only,,,anglo-américain,ADJ
canoë-kayak,NOUN,C1,beacco,0.0,0.0944,,,,,,,,0.0,0.0,0.37,0.0,0.0,0.0,0.0944,C1,beacco_only,,,canoë-kayak,NOM
lé,NOUN,C1,beacco,0.0,0.0944,,,,,,,,0.0,1.2456,0.0,0.0,0.0,0.0,0.0944,C1,beacco_only,,,lé,NOM
armement,NOUN,C1,beacco,0.0,0.0939,0.0,0.0,1.0202,0.0,0.0,0.0,0.0939,0.0,0.0,0.5857,0.0,0.0,0.0,0.0544,C1,word_pos,armement,N,armement,NOM
aurore,NOUN,C1,beacco,0.0,0.0939,0.0,0.0,1.0202,0.0,0.0,0.0,0.0939,0.0,0.0,0.5857,0.0,0.0,0.0,0.0544,C1,word_pos,aurore,N,aurore,NOM
carabine,NOUN,C1,beacco,0.0,0.0939,0.0,0.0,1.0202,0.0,0.0,0.0,0.0939,0.0,0.0,0.5857,0.0,0.0,0.0,0.0544,C1,word_pos,carabine,N,carabine,NOM
cartouchière,NOUN,C1,beacco,0.0,0.0939,0.0,0.0,1.0202,0.0,0.0,0.0,0.0939,0.0,0.0,0.5857,0.0,0.0,0.0,0.0544,C1,word_pos,cartouchière,N,cartouchière,NOM
charade,NOUN,C1,beacco,0.0,0.0939,0.0,0.0,1.0202,0.0,0.0,0.0,0.0939,0.0,0.0,1.757,0.0,0.0,0.0,0.1632,C1,word_pos,charade,N,charade,NOM
chroniquement,ADV,C1,beacco,0.0,0.0939,0.0,0.0,1.0202,0.0,0.0,0.0,0.0939,0.0,0.0,0.5857,0.0,0.0,0.0,0.0544,C1,word_pos,chroniquement,ADV,chroniquement,ADV
cocon,NOUN,C1,beacco,0.0,0.0939,0.0,0.0,1.0202,0.0,0.0,0.0,0.0939,0.0,0.0,0.5857,0.0,0.0,0.0,0.0544,C1,word_pos,cocon,N,cocon,NOM
céramique,ADJ,C1,beacco,0.0,0.0939,0.0,0.0,1.0202,0.0,0.0,0.0,0.0939,0.0,0.0,0.5857,0.0,0.0,0.0,0.0544,C1,word_pos,céramique,A,céramique,ADJ
interethnique,ADJ,C1,beacco,0.0,0.0939,0.0,0.0,1.0202,0.0,0.0,0.0,0.0939,0.0,0.0,0.5857,0.0,0.0,0.0,0.0544,C1,word_pos,interethnique,A,interethnique,ADJ
intégralité,NOUN,C1,beacco,0.0,0.0939,0.0,0.0,1.0202,0.0,0.0,0.0,0.0939,0.0,0.0,0.5857,0.0,0.0,0.0,0.0544,C1,word_pos,intégralité,N,intégralité,NOM
mendier,VERB,C1,beacco,0.0,0.0939,0.0,0.0,1.0202,0.0,0.0,0.0,0.0939,0.0,0.0,0.5857,0.0,0.0,0.0,0.0544,C1,word_pos,mendier,V,mendier,VER
monarque,NOUN,C1,beacco,0.0,0.0939,0.0,0.0,1.0203,0.0,0.0,0.0,0.0939,0.0,0.0,0.8634,0.0,0.0,0.0,0.0802,C1,word_pos,monarque,N,monarque,NOM
multilatéral,ADJ,C1,beacco,0.0,0.0939,0.0,0.0,1.0202,0.0,0.0,0.0,0.0939,0.0,0.0,0.5857,0.0,0.0,0.0,0.0544,C1,word_pos,multilatéral,A,multilatéral,ADJ
névrose,NOUN,C1,beacco,0.0,0.0939,0.0,0.0,1.0202,0.0,0.0,0.0,0.0939,0.0,0.0,0.5857,0.0,0.0,0.0,0.0544,C1,word_pos,névrose,N,névrose,NOM
peso,NOUN,C1,beacco,0.0,0.0939,0.0,0.0,1.0202,0.0,0.0,0.0,0.0939,0.0,0.0,0.5857,0.0,0.0,0.0,0.0544,C1,word_pos,peso,N,peso,NOM
peuplement,NOUN,C1,beacco,0.0,0.0939,0.0,0.0,1.0202,0.0,0.0,0.0,0.0939,0.0,0.0,0.5857,0.0,0.0,0.0,0.0544,C1,word_pos,peuplement,N,peuplement,NOM
pomponner,VERB,C1,beacco,0.0,0.0939,0.0,0.0,1.0202,0.0,0.0,0.0,0.0939,0.0,0.0,0.5857,0.0,0.0,0.0,0.0544,C1,word_pos,pomponner,V,pomponner,VER
similaire,ADJ,C1,beacco,0.0,0.0939,0.0,0.0,1.0202,0.0,0.0,0.0,0.0939,0.0,0.0,0.5857,0.0,0.0,0.0,0.0544,C1,word_pos,similaire,A,similaire,ADJ
suspecter,VERB,C1,beacco,0.0,0.0939,0.0,0.0,1.0202,0.0,0.0,0.0,0.0939,0.0,0.0,0.5857,0.0,0.0,0.0,0.0544,C1,word_pos,suspecter,V,suspecter,VER
verrerie,NOUN,C1,beacco,0.0,0.0939,0.0,0.0,1.0202,0.0,0.0,0.0,0.0939,0.0,0.0,0.5857,0.0,0.0,0.0,0.0544,C1,word_pos,verrerie,N,verrerie,NOM
adaptable,ADJ,C1,beacco,0.0,0.0934,0.0,1.8512,0.0,0.0,0.0,0.0,0.0934,0.0,1.2121,0.0,0.0,0.0,0.0,0.0815,C1,word_pos,adaptable,A,adaptable,ADJ
mort-aux-rats,NOUN,C1,beacco,0.0,0.093,,,,,,,,0.0,0.0,1.0017,0.0,0.0,0.0,0.093,C1,beacco_only,,,mort-aux-rats,NOM
abyme,NOUN,C1,beacco,0.0,0.0912,,,,,,,,0.0,1.2017,0.0,0.0,0.0,0.0,0.0912,C1,beacco_only,,,abyme,NOM
chauffe-eau,NOUN,C1,beacco,0.0,0.0912,,,,,,,,1.8101,0.0,0.0,0.0,0.0,0.0,0.0912,C1,beacco_only,,,chauffe-eau,NOM
cravater,VERB,C1,beacco,0.0,0.0912,,,,,,,,0.0,1.2017,0.0,0.0,0.0,0.0,0.0912,C1,beacco_only,,,cravater,VER
croque-monsieur,NOUN,C1,beacco,0.0,0.0912,,,,,,,,0.0,1.2017,0.0,0.0,0.0,0.0,0.0912,C1,beacco_only,,,croque-monsieur,NOM
grand-tante,NOUN,C1,beacco,0.0,0.0912,,,,,,,,0.0,1.2017,0.0,0.0,0.0,0.0,0.0912,C1,beacco_only,,,grand-tante,NOM
station-service,NOUN,C1,beacco,0.0,0.0912,,,,,,,,0.0,1.2017,0.0,0.0,0.0,0.0,0.0912,C1,beacco_only,,,station-service,NOM
tirer,NOUN,C1,beacco,0.0,0.0912,,,,,,,,0.0,1.2017,0.0,0.0,0.0,0.0,0.0912,C1,beacco_only,,,tirer,NOM
blondel,NOUN,C1,beacco,0.0,0.0905,,,,,,,,0.0,0.0,0.9741,0.0,0.0,0.0,0.0905,C1,beacco_only,,,blondel,NOM
célestin,NOUN,C1,beacco,0.0,0.0905,,,,,,,,0.0,0.0,0.9741,0.0,0.0,0.0,0.0905,C1,beacco_only,,,célestin,NOM
remue,NOUN,C1,beacco,0.0,0.0905,,,,,,,,0.0,0.0,0.9741,0.0,0.0,0.0,0.0905,C1,beacco_only,,,remue,NOM
troglodyte,ADJ,C1,beacco,0.0,0.0901,4.6771,0.0,0.0,0.0,0.0,0.0,0.0901,3.3369,0.0,0.0,0.0,0.0,0.0,0.0613,C1,unique_word,troglodyte,A,troglodyte,NOM
pachyderme,NOUN,C1,beacco,0.0,0.0885,0.0,0.0,0.9618,0.0,0.0,0.0,0.0885,0.0,0.0,1.3995,0.0,0.0,0.0,0.13,C1,word_pos,pachyderme,N,pachyderme,NOM
lime,NOUN,C1,beacco,0.0,0.0876,0.0,1.7346,0.0,0.0,0.0,0.0,0.0876,0.0,2.8315,0.0,0.0,0.0,0.0,0.2231,C1,word_pos,lime,N,lime,NOM
messire,NOUN,C1,beacco,0.0,0.0869,0.0,1.7216,0.0,0.0,0.0,0.0,0.0869,0.0,2.6045,0.0,0.0,0.0,0.0,0.1256,C1,word_pos,messire,N,messire,NOM
contrevenir,VERB,C1,beacco,0.0,0.0867,,,,,,,,0.0,0.0,0.933,0.0,0.0,0.0,0.0867,C1,beacco_only,,,contrevenir,VER
procès-verbal,NOUN,C1,beacco,0.0,0.0867,,,,,,,,0.0,0.0,0.933,0.0,0.0,0.0,0.0867,C1,beacco_only,,,procès-verbal,NOM
engraisser,VERB,C1,beacco,0.0,0.0845,0.0,0.0,0.9179,0.0,0.0,0.0,0.0845,0.0,0.0,0.9741,0.0,0.0,0.0,0.0905,C1,word_pos,engraisser,V,engraisser,VER
malin,NOUN,C1,beacco,0.0,0.0845,0.0,0.0,0.9179,0.0,0.0,0.0,0.0845,0.0,0.0,0.9741,0.0,0.0,0.0,0.0905,C1,word_pos,malin,N,malin,NOM
moqueur,NOUN,C1,beacco,0.0,0.0845,0.0,0.0,0.9179,0.0,0.0,0.0,0.0845,0.0,0.0,1.4611,0.0,0.0,0.0,0.1357,C1,word_pos,moqueur,N,moqueur,NOM
anxiété,NOUN,C1,beacco,0.0,0.0805,0.0,0.0,0.8749,0.0,0.0,0.0,0.0805,0.0,0.0,0.5531,0.0,0.0,0.0,0.0514,C1,word_pos,anxiété,N,anxiété,NOM
commémoratif,ADJ,C1,beacco,0.0,0.0805,0.0,0.0,0.8749,0.0,0.0,0.0,0.0805,0.0,0.0,0.5531,0.0,0.0,0.0,0.0514,C1,word_pos,commémoratif,A,commémoratif,ADJ
crack,ADJ,C1,beacco,0.0,0.0805,0.0,0.0,0.8749,0.0,0.0,0.0,0.0805,0.0,0.0,0.5531,0.0,0.0,0.0,0.0514,C1,unique_word,crack,A,crack,NOM
crétois,ADJ,C1,beacco,0.0,0.0805,0.0,0.0,0.8749,0.0,0.0,0.0,0.0805,0.0,0.0,0.5531,0.0,0.0,0.0,0.0514,C1,word_pos,crétois,A,crétois,ADJ
frayeur,NOUN,C1,beacco,0.0,0.0805,0.0,0.0,0.8749,0.0,0.0,0.0,0.0805,0.0,0.0,0.5531,0.0,0.0,0.0,0.0514,C1,word_pos,frayeur,N,frayeur,NOM
gourou,NOUN,C1,beacco,0.0,0.0805,0.0,0.0,0.8749,0.0,0.0,0.0,0.0805,0.0,0.0,0.5531,0.0,0.0,0.0,0.0514,C1,word_pos,gourou,N,gourou,NOM
habillement,NOUN,C1,beacco,0.0,0.0805,0.0,0.0,0.8749,0.0,0.0,0.0,0.0805,0.0,0.0,0.5531,0.0,0.0,0.0,0.0514,C1,word_pos,habillement,N,habillement,NOM
impoli,ADJ,C1,beacco,0.0,0.0805,0.0,0.0,0.8749,0.0,0.0,0.0,0.0805,0.0,0.0,0.5531,0.0,0.0,0.0,0.0514,C1,word_pos,impoli,A,impoli,ADJ
intraitable,ADJ,C1,beacco,0.0,0.0805,0.0,0.0,0.8749,0.0,0.0,0.0,0.0805,0.0,0.0,0.5531,0.0,0.0,0.0,0.0514,C1,word_pos,intraitable,A,intraitable,ADJ
luxembourgeois,ADJ,C1,beacco,0.0,0.0805,0.0,0.0,0.8749,0.0,0.0,0.0,0.0805,0.0,0.0,0.5531,0.0,0.0,0.0,0.0514,C1,word_pos,luxembourgeois,A,luxembourgeois,ADJ
mage,NOUN,C1,beacco,0.0,0.0805,0.0,0.0,0.8749,0.0,0.0,0.0,0.0805,0.0,0.0,0.5531,0.0,0.0,0.0,0.0514,C1,word_pos,mage,N,mage,NOM
mil,NOUN,C1,beacco,0.0,0.0805,0.0,0.0,0.8749,0.0,0.0,0.0,0.0805,0.0,0.0,0.5531,0.0,0.0,0.0,0.0514,C1,unique_word,mil,N,mil,ADJ
mixité,NOUN,C1,beacco,0.0,0.0805,0.0,0.0,0.8749,0.0,0.0,0.0,0.0805,0.0,0.0,0.5531,0.0,0.0,0.0,0.0514,C1,word_pos,mixité,N,mixité,NOM
obscurantisme,NOUN,C1,beacco,0.0,0.0805,0.0,0.0,0.8749,0.0,0.0,0.0,0.0805,0.0,0.0,0.5531,0.0,0.0,0.0,0.0514,C1,word_pos,obscurantisme,N,obscurantisme,NOM
repasseur,NOUN,C1,beacco,0.0,0.0805,0.0,0.0,0.8749,0.0,0.0,0.0,0.0805,0.0,0.0,1.6593,0.0,0.0,0.0,0.1541,C1,word_pos,repasseur,N,repasseur,NOM
régalien,ADJ,C1,beacco,0.0,0.0805,0.0,0.0,0.8749,0.0,0.0,0.0,0.0805,0.0,0.0,0.5531,0.0,0.0,0.0,0.0514,C1,word_pos,régalien,A,régalien,ADJ
substrat,NOUN,C1,beacco,0.0,0.0805,0.0,0.0,0.8749,0.0,0.0,0.0,0.0805,0.0,0.0,0.5531,0.0,0.0,0.0,0.0514,C1,word_pos,substrat,N,substrat,NOM
épurer,VERB,C1,beacco,0.0,0.0805,0.0,0.0,0.8749,0.0,0.0,0.0,0.0805,0.0,0.0,0.5531,0.0,0.0,0.0,0.0514,C1,word_pos,épurer,V,épurer,VER
duchesse,NOUN,C1,beacco,0.0,0.0802,,,,,,,,0.0,0.0,0.8634,0.0,0.0,0.0,0.0802,C1,beacco_only,,,duchesse,NOM
gentilshommes,NOUN,C1,beacco,0.0,0.0802,,,,,,,,0.0,0.0,0.8634,0.0,0.0,0.0,0.0802,C1,beacco_only,,,gentilshommes,NOM
lady,NOUN,C1,beacco,0.0,0.0802,,,,,,,,0.0,0.0,0.8634,0.0,0.0,0.0,0.0802,C1,beacco_only,,,lady,NOM
milord,NOUN,C1,beacco,0.0,0.0802,,,,,,,,0.0,0.0,0.8634,0.0,0.0,0.0,0.0802,C1,beacco_only,,,milord,NOM
moissonneur,NOUN,C1,beacco,0.0,0.0783,0.0,1.5505,0.0,0.0,0.0,0.0,0.0783,0.0,1.0679,0.0,0.0,0.0,0.0,0.0515,C1,unique_word,moissonneur,N,moissonneur,ADJ
maïa,NOUN,C1,beacco,0.0,0.077,,,,,,,,4.1906,0.0,0.0,0.0,0.0,0.0,0.077,C1,beacco_only,,,maïa,NOM
brut,ADJ,C1,beacco,0.0,0.0764,0.0,0.0,0.8304,0.0,0.0,0.0,0.0764,0.0,0.0,0.7812,0.0,0.0,0.0,0.0726,C1,word_pos,brut,A,brut,ADJ
complaisance,NOUN,C1,beacco,0.0,0.0764,0.0,0.0,0.8304,0.0,0.0,0.0,0.0764,0.0,0.0,0.7812,0.0,0.0,0.0,0.0726,C1,word_pos,complaisance,N,complaisance,NOM
prompteur,NOUN,C1,beacco,0.0,0.0764,0.0,0.0,0.8304,0.0,0.0,0.0,0.0764,0.0,0.0,0.7812,0.0,0.0,0.0,0.0726,C1,word_pos,prompteur,N,prompteur,NOM
lugubre,ADJ,C1,beacco,0.0,0.0754,0.0,0.0,0.0,3.3034,0.0,0.0,0.0754,0.0,0.0,0.0,2.6036,0.0,0.0,0.07,C1,word_pos,lugubre,A,lugubre,ADJ
presbyte,NOUN,C1,beacco,0.0,0.0754,0.0,0.0,0.0,3.3034,0.0,0.0,0.0754,0.0,0.0,0.0,3.9054,0.0,0.0,0.105,C1,word_pos,presbyte,N,presbyte,NOM
pâleur,NOUN,C1,beacco,0.0,0.0754,0.0,0.0,0.0,3.3034,0.0,0.0,0.0754,0.0,0.0,0.0,2.6036,0.0,0.0,0.07,C1,word_pos,pâleur,N,pâleur,NOM
travestissement,NOUN,C1,beacco,0.0,0.0754,0.0,0.0,0.0,3.3034,0.0,0.0,0.0754,0.0,0.0,0.0,2.6036,0.0,0.0,0.07,C1,word_pos,travestissement,N,travestissement,NOM
dragée,NOUN,C1,beacco,0.0,0.0752,0.0,0.0,0.8168,0.0,0.0,0.0,0.0752,0.0,0.0,2.0033,0.0,0.0,0.0,0.1861,C1,word_pos,dragée,N,dragée,NOM
droguiste,NOUN,C1,beacco,0.0,0.0752,0.0,0.0,0.8168,0.0,0.0,0.0,0.0752,0.0,0.0,2.7546,0.0,0.0,0.0,0.2559,C1,word_pos,droguiste,N,droguiste,NOM
déportation,NOUN,C1,beacco,0.0,0.0751,0.0,0.0,0.8162,0.0,0.0,0.0,0.0751,0.0,0.0,0.8634,0.0,0.0,0.0,0.0802,C1,word_pos,déportation,N,déportation,NOM
flic,NOUN,C1,beacco,0.0,0.0748,0.0,1.4809,0.0,0.0,0.0,0.0,0.0748,0.0,1.2121,0.0,0.0,0.0,0.0,0.0815,C1,word_pos,flic,N,flic,NOM
subitement,ADV,C1,beacco,0.0,0.0748,0.0,1.4809,0.0,0.0,0.0,0.0,0.0748,0.0,1.2121,0.0,0.0,0.0,0.0,0.0815,C1,word_pos,subitement,ADV,subitement,ADV
mille-feuille,NOUN,C1,beacco,0.0,0.0726,,,,,,,,0.0,0.0,0.7812,0.0,0.0,0.0,0.0726,C1,beacco_only,,,mille-feuille,NOM
approbation,NOUN,C1,beacco,0.0,0.0698,0.0,0.0,0.4732,0.0,0.0,0.0,0.0698,0.0,0.0,0.438,0.0,0.0,0.0,0.0652,C1,word_pos,approbation,N,approbation,NOM
ascendance,NOUN,C1,beacco,0.0,0.0698,0.0,0.0,0.0,1.1509,0.0,0.0,0.0698,0.0,0.0,0.0,0.911,0.0,0.0,0.0652,C1,word_pos,ascendance,N,ascendance,NOM
astiquer,VERB,C1,beacco,0.0,0.0698,0.0,0.0,0.0,1.1509,0.0,0.0,0.0698,0.0,0.0,0.0,0.911,0.0,0.0,0.0652,C1,word_pos,astiquer,V,astiquer,VER
basaner,VERB,C1,beacco,0.0,0.0698,0.0,0.0,0.0,1.1509,0.0,0.0,0.0698,0.0,0.0,0.0,0.911,0.0,0.0,0.0652,C1,word_pos,basaner,V,basaner,VER
bavure,NOUN,C1,beacco,0.0,0.0698,0.0,0.0,0.4732,0.0,0.0,0.0,0.0698,0.0,0.0,0.438,0.0,0.0,0.0,0.0652,C1,word_pos,bavure,N,bavure,NOM
bichonner,VERB,C1,beacco,0.0,0.0698,0.0,0.0,0.4732,0.0,0.0,0.0,0.0698,0.0,0.0,0.438,0.0,0.0,0.0,0.0652,C1,word_pos,bichonner,V,bichonner,VER
biscuit,NOUN,C1,beacco,0.0,0.0698,0.0,0.0,0.0,1.1509,0.0,0.0,0.0698,0.0,0.0,0.0,0.911,0.0,0.0,0.0652,C1,word_pos,biscuit,N,biscuit,NOM
bolide,NOUN,C1,beacco,0.0,0.0698,0.0,0.0,0.4732,0.0,0.0,0.0,0.0698,0.0,0.0,0.8759,0.0,0.0,0.0,0.1304,C1,word_pos,bolide,N,bolide,NOM
bricole,NOUN,C1,beacco,0.0,0.0698,0.0,0.0,0.0,1.1509,0.0,0.0,0.0698,0.0,0.0,0.0,0.911,0.0,0.0,0.0652,C1,word_pos,bricole,N,bricole,NOM
bâcler,VERB,C1,beacco,0.0,0.0698,0.0,0.0,0.4732,0.0,0.0,0.0,0.0698,0.0,0.0,0.438,0.0,0.0,0.0,0.0652,C1,word_pos,bâcler,V,bâcler,VER
cancre,NOUN,C1,beacco,0.0,0.0698,0.0,0.0,0.0,1.1509,0.0,0.0,0.0698,0.0,0.0,0.0,0.911,0.0,0.0,0.0652,C1,word_pos,cancre,N,cancre,NOM
cartographe,NOUN,C1,beacco,0.0,0.0698,0.0,0.0,0.0,1.1509,0.0,0.0,0.0698,0.0,0.0,0.0,0.911,0.0,0.0,0.0652,C1,word_pos,cartographe,N,cartographe,NOM
cervical,ADJ,C1,beacco,0.0,0.0698,0.0,0.0,0.4732,0.0,0.0,0.0,0.0698,0.0,0.0,0.438,0.0,0.0,0.0,0.0652,C1,word_pos,cervical,A,cervical,ADJ
charretier,NOUN,C1,beacco,0.0,0.0698,0.0,0.0,0.0,1.1509,0.0,0.0,0.0698,0.0,0.0,0.0,0.911,0.0,0.0,0.0652,C1,word_pos,charretier,N,charretier,NOM
chevron,NOUN,C1,beacco,0.0,0.0698,0.0,0.0,0.0,1.1509,0.0,0.0,0.0698,0.0,0.0,0.0,0.911,0.0,0.0,0.0652,C1,word_pos,chevron,N,chevron,NOM
collectiviste,ADJ,C1,beacco,0.0,0.0698,0.0,0.0,0.0,1.1509,0.0,0.0,0.0698,0.0,0.0,0.0,0.911,0.0,0.0,0.0652,C1,word_pos,collectiviste,A,collectiviste,ADJ
communiste,ADJ,C1,beacco,0.0,0.0698,0.0,0.0,0.0,1.1509,0.0,0.0,0.0698,0.0,0.0,0.0,0.911,0.0,0.0,0.0652,C1,word_pos,communiste,A,communiste,ADJ
confédéral,ADJ,C1,beacco,0.0,0.0698,0.0,0.0,0.4732,0.0,0.0,0.0,0.0698,0.0,0.0,0.438,0.0,0.0,0.0,0.0652,C1,word_pos,confédéral,A,confédéral,ADJ
cormoran,NOUN,C1,beacco,0.0,0.0698,0.0,0.0,0.4732,0.0,0.0,0.0,0.0698,0.0,0.0,0.8759,0.0,0.0,0.0,0.1304,C1,word_pos,cormoran,N,cormoran,NOM
craintif,ADJ,C1,beacco,0.0,0.0698,0.0,0.0,0.0,1.1509,0.0,0.0,0.0698,0.0,0.0,0.0,0.911,0.0,0.0,0.0652,C1,word_pos,craintif,A,craintif,ADJ
dactylo,NOUN,C1,beacco,0.0,0.0698,0.0,0.0,0.4732,0.0,0.0,0.0,0.0698,0.0,0.0,0.438,0.0,0.0,0.0,0.0652,C1,word_pos,dactylo,N,dactylo,NOM
difforme,ADJ,C1,beacco,0.0,0.0698,0.0,0.0,0.4732,0.0,0.0,0.0,0.0698,0.0,0.0,0.438,0.0,0.0,0.0,0.0652,C1,word_pos,difforme,A,difforme,ADJ
défunt,NOUN,C1,beacco,0.0,0.0698,0.0,0.0,0.0,1.1509,0.0,0.0,0.0698,0.0,0.0,0.0,0.911,0.0,0.0,0.0652,C1,word_pos,défunt,N,défunt,NOM
dépouille,NOUN,C1,beacco,0.0,0.0698,0.0,0.0,0.0,1.1509,0.0,0.0,0.0698,0.0,0.0,0.0,0.911,0.0,0.0,0.0652,C1,word_pos,dépouille,N,dépouille,NOM
détériorer,VERB,C1,beacco,0.0,0.0698,0.0,0.0,0.4732,0.0,0.0,0.0,0.0698,0.0,0.0,0.438,0.0,0.0,0.0,0.0652,C1,word_pos,détériorer,V,détériorer,VER
emballeur,NOUN,C1,beacco,0.0,0.0698,0.0,0.0,0.4732,0.0,0.0,0.0,0.0698,0.0,0.0,0.438,0.0,0.0,0.0,0.0652,C1,word_pos,emballeur,N,emballeur,NOM
engoncer,VERB,C1,beacco,0.0,0.0698,0.0,0.0,0.0,1.1509,0.0,0.0,0.0698,0.0,0.0,0.0,0.911,0.0,0.0,0.0652,C1,word_pos,engoncer,V,engoncer,VER
extrémiste,ADJ,C1,beacco,0.0,0.0698,0.0,0.0,0.0,1.1509,0.0,0.0,0.0698,0.0,0.0,0.0,0.911,0.0,0.0,0.0652,C1,unique_word,extrémiste,A,extrémiste,NOM
flambée,NOUN,C1,beacco,0.0,0.0698,0.0,0.0,0.0,1.1509,0.0,0.0,0.0698,0.0,0.0,0.0,0.911,0.0,0.0,0.0652,C1,word_pos,flambée,N,flambée,NOM
flûter,VERB,C1,beacco,0.0,0.0698,0.0,0.0,0.0,1.1509,0.0,0.0,0.0698,0.0,0.0,0.0,0.911,0.0,0.0,0.0652,C1,word_pos,flûter,V,flûter,VER
flûteur,NOUN,C1,beacco,0.0,0.0698,0.0,0.0,0.0,1.1509,0.0,0.0,0.0698,0.0,0.0,0.0,0.911,0.0,0.0,0.0652,C1,word_pos,flûteur,N,flûteur,NOM
forain,NOUN,C1,beacco,0.0,0.0698,0.0,0.0,0.4732,0.0,0.0,0.0,0.0698,0.0,0.0,0.438,0.0,0.0,0.0,0.0652,C1,word_pos,forain,N,forain,NOM
guérison,NOUN,C1,beacco,0.0,0.0698,0.0,0.0,0.4732,0.0,0.0,0.0,0.0698,0.0,0.0,0.8759,0.0,0.0,0.0,0.1304,C1,word_pos,guérison,N,guérison,NOM
hystérique,ADJ,C1,beacco,0.0,0.0698,0.0,0.0,0.4732,0.0,0.0,0.0,0.0698,0.0,0.0,0.438,0.0,0.0,0.0,0.0652,C1,word_pos,hystérique,A,hystérique,ADJ
improbable,ADJ,C1,beacco,0.0,0.0698,0.0,0.0,0.0,1.1509,0.0,0.0,0.0698,0.0,0.0,0.0,0.911,0.0,0.0,0.0652,C1,word_pos,improbable,A,improbable,ADJ
inca,ADJ,C1,beacco,0.0,0.0698,0.0,0.0,0.4732,0.0,0.0,0.0,0.0698,0.0,0.0,0.8759,0.0,0.0,0.0,0.1304,C1,word_pos,inca,A,inca,ADJ
infusion,NOUN,C1,beacco,0.0,0.0698,0.0,0.0,0.4732,0.0,0.0,0.0,0.0698,0.0,0.0,0.438,0.0,0.0,0.0,0.0652,C1,word_pos,infusion,N,infusion,NOM
infériorité,NOUN,C1,beacco,0.0,0.0698,0.0,0.0,0.4732,0.0,0.0,0.0,0.0698,0.0,0.0,0.438,0.0,0.0,0.0,0.0652,C1,word_pos,infériorité,N,infériorité,NOM
iode,NOUN,C1,beacco,0.0,0.0698,0.0,0.0,0.0,1.1509,0.0,0.0,0.0698,0.0,0.0,0.0,0.911,0.0,0.0,0.0652,C1,word_pos,iode,N,iode,NOM
irremplaçable,ADJ,C1,beacco,0.0,0.0698,0.0,0.0,0.4732,0.0,0.0,0.0,0.0698,0.0,0.0,0.438,0.0,0.0,0.0,0.0652,C1,word_pos,irremplaçable,A,irremplaçable,ADJ
irrémédiable,ADJ,C1,beacco,0.0,0.0698,0.0,0.0,0.4732,0.0,0.0,0.0,0.0698,0.0,0.0,0.438,0.0,0.0,0.0,0.0652,C1,word_pos,irrémédiable,A,irrémédiable,ADJ
italique,ADJ,C1,beacco,0.0,0.0698,0.0,0.0,0.4732,0.0,0.0,0.0,0.0698,0.0,0.0,0.438,0.0,0.0,0.0,0.0652,C1,unique_word,italique,A,italique,NOM
laïque,NOUN,C1,beacco,0.0,0.0698,0.0,0.0,0.0,1.1509,0.0,0.0,0.0698,0.0,0.0,0.0,0.911,0.0,0.0,0.0652,C1,word_pos,laïque,N,laïque,NOM
liquider,VERB,C1,beacco,0.0,0.0698,0.0,0.0,0.4732,0.0,0.0,0.0,0.0698,0.0,0.0,0.438,0.0,0.0,0.0,0.0652,C1,word_pos,liquider,V,liquider,VER
macédoine,NOUN,C1,beacco,0.0,0.0698,0.0,0.0,0.4732,0.0,0.0,0.0,0.0698,0.0,0.0,0.438,0.0,0.0,0.0,0.0652,C1,word_pos,macédoine,N,macédoine,NOM
messager,NOUN,C1,beacco,0.0,0.0698,0.0,0.0,0.4732,0.0,0.0,0.0,0.0698,0.0,0.0,0.8759,0.0,0.0,0.0,0.1304,C1,word_pos,messager,N,messager,NOM
minéral,NOUN,C1,beacco,0.0,0.0698,,,,,,,,0.0,0.0,0.7513,0.0,0.0,0.0,0.0698,C1,beacco_only,,,minéral,NOM
mortellement,ADV,C1,beacco,0.0,0.0698,0.0,0.0,0.4732,0.0,0.0,0.0,0.0698,0.0,0.0,0.438,0.0,0.0,0.0,0.0652,C1,word_pos,mortellement,ADV,mortellement,ADV
mou,NOUN,C1,beacco,0.0,0.0698,0.0,0.0,0.0,1.1509,0.0,0.0,0.0698,0.0,0.0,0.0,0.911,0.0,0.0,0.0652,C1,word_pos,mou,N,mou,NOM
moue,NOUN,C1,beacco,0.0,0.0698,0.0,0.0,0.4732,0.0,0.0,0.0,0.0698,0.0,0.0,0.438,0.0,0.0,0.0,0.0652,C1,word_pos,moue,N,moue,NOM
notabilité,NOUN,C1,beacco,0.0,0.0698,0.0,0.0,0.4732,0.0,0.0,0.0,0.0698,0.0,0.0,0.438,0.0,0.0,0.0,0.0652,C1,word_pos,notabilité,N,notabilité,NOM
oc,NOUN,C1,beacco,0.0,0.0698,0.0,0.0,0.4732,0.0,0.0,0.0,0.0698,0.0,0.0,0.8759,0.0,0.0,0.0,0.1304,C1,unique_word,oc,N,oc,ADV
pharaon,NOUN,C1,beacco,0.0,0.0698,0.0,0.0,0.0,1.1509,0.0,0.0,0.0698,0.0,0.0,0.0,0.911,0.0,0.0,0.0652,C1,word_pos,pharaon,N,pharaon,NOM
phonographe,NOUN,C1,beacco,0.0,0.0698,0.0,0.0,0.4732,0.0,0.0,0.0,0.0698,0.0,0.0,0.438,0.0,0.0,0.0,0.0652,C1,word_pos,phonographe,N,phonographe,NOM
phosphorescent,ADJ,C1,beacco,0.0,0.0698,0.0,0.0,0.0,1.1509,0.0,0.0,0.0698,0.0,0.0,0.0,0.911,0.0,0.0,0.0652,C1,word_pos,phosphorescent,A,phosphorescent,ADJ
pilier,NOUN,C1,beacco,0.0,0.0698,0.0,0.0,0.0,1.1509,0.0,0.0,0.0698,0.0,0.0,0.0,0.911,0.0,0.0,0.0652,C1,word_pos,pilier,N,pilier,NOM
prodiguer,VERB,C1,beacco,0.0,0.0698,0.0,0.0,0.4732,0.0,0.0,0.0,0.0698,0.0,0.0,0.438,0.0,0.0,0.0,0.0652,C1,word_pos,prodiguer,V,prodiguer,VER
prépondérance,NOUN,C1,beacco,0.0,0.0698,0.0,0.0,0.4732,0.0,0.0,0.0,0.0698,0.0,0.0,0.8759,0.0,0.0,0.0,0.1304,C1,word_pos,prépondérance,N,prépondérance,NOM
rambarde,NOUN,C1,beacco,0.0,0.0698,0.0,0.0,0.0,1.1509,0.0,0.0,0.0698,0.0,0.0,0.0,0.911,0.0,0.0,0.0652,C1,word_pos,rambarde,N,rambarde,NOM
ramification,NOUN,C1,beacco,0.0,0.0698,0.0,0.0,0.4732,0.0,0.0,0.0,0.0698,0.0,0.0,0.438,0.0,0.0,0.0,0.0652,C1,word_pos,ramification,N,ramification,NOM
ratier,ADJ,C1,beacco,0.0,0.0698,0.0,0.0,0.0,1.1509,0.0,0.0,0.0698,0.0,0.0,0.0,0.911,0.0,0.0,0.0652,C1,word_pos,ratier,A,ratier,ADJ
religieusement,ADV,C1,beacco,0.0,0.0698,0.0,0.0,0.4732,0.0,0.0,0.0,0.0698,0.0,0.0,0.438,0.0,0.0,0.0,0.0652,C1,word_pos,religieusement,ADV,religieusement,ADV
retrousser,VERB,C1,beacco,0.0,0.0698,0.0,0.0,0.0,1.1509,0.0,0.0,0.0698,0.0,0.0,0.0,0.911,0.0,0.0,0.0652,C1,word_pos,retrousser,V,retrousser,VER
rosette,NOUN,C1,beacco,0.0,0.0698,0.0,0.0,0.0,1.1509,0.0,0.0,0.0698,0.0,0.0,0.0,0.911,0.0,0.0,0.0652,C1,word_pos,rosette,N,rosette,NOM
royaliste,NOUN,C1,beacco,0.0,0.0698,0.0,0.0,0.0,1.1509,0.0,0.0,0.0698,0.0,0.0,0.0,0.911,0.0,0.0,0.0652,C1,unique_word,royaliste,N,royaliste,ADJ
rubis,NOUN,C1,beacco,0.0,0.0698,,,,,,,,0.0,0.0,0.7513,0.0,0.0,0.0,0.0698,C1,beacco_only,,,rubis,NOM
réentendre,VERB,C1,beacco,0.0,0.0698,0.0,0.0,0.4732,0.0,0.0,0.0,0.0698,0.0,0.0,0.438,0.0,0.0,0.0,0.0652,C1,word_pos,réentendre,V,réentendre,VER
réécrire,VERB,C1,beacco,0.0,0.0698,0.0,0.0,0.0,1.1509,0.0,0.0,0.0698,0.0,0.0,0.0,0.911,0.0,0.0,0.0652,C1,word_pos,réécrire,V,réécrire,VER
rééligible,ADJ,C1,beacco,0.0,0.0698,0.0,0.0,0.4732,0.0,0.0,0.0,0.0698,0.0,0.0,0.438,0.0,0.0,0.0,0.0652,C1,word_pos,rééligible,A,rééligible,ADJ
saloon,NOUN,C1,beacco,0.0,0.0698,0.0,0.0,0.0,1.1509,0.0,0.0,0.0698,0.0,0.0,0.0,0.911,0.0,0.0,0.0652,C1,word_pos,saloon,N,saloon,NOM
septicémie,NOUN,C1,beacco,0.0,0.0698,0.0,0.0,0.4732,0.0,0.0,0.0,0.0698,0.0,0.0,0.8759,0.0,0.0,0.0,0.1304,C1,word_pos,septicémie,N,septicémie,NOM
sifflet,NOUN,C1,beacco,0.0,0.0698,0.0,0.0,0.0,1.1509,0.0,0.0,0.0698,0.0,0.0,0.0,0.911,0.0,0.0,0.0652,C1,word_pos,sifflet,N,sifflet,NOM
souverain,ADJ,C1,beacco,0.0,0.0698,0.0,0.0,0.4732,0.0,0.0,0.0,0.0698,0.0,0.0,0.438,0.0,0.0,0.0,0.0652,C1,word_pos,souverain,A,souverain,ADJ
sphinx,NOUN,C1,beacco,0.0,0.0698,0.0,0.0,0.0,1.1509,0.0,0.0,0.0698,0.0,0.0,0.0,0.911,0.0,0.0,0.0652,C1,word_pos,sphinx,N,sphinx,NOM
tiare,NOUN,C1,beacco,0.0,0.0698,0.0,0.0,0.4732,0.0,0.0,0.0,0.0698,0.0,0.0,0.438,0.0,0.0,0.0,0.0652,C1,word_pos,tiare,N,tiare,NOM
toper,VERB,C1,beacco,0.0,0.0698,0.0,0.0,0.0,1.1509,0.0,0.0,0.0698,0.0,0.0,0.0,0.911,0.0,0.0,0.0652,C1,word_pos,toper,V,toper,VER
trognon,NOUN,C1,beacco,0.0,0.0698,0.0,0.0,0.0,1.1509,0.0,0.0,0.0698,0.0,0.0,0.0,0.911,0.0,0.0,0.0652,C1,word_pos,trognon,N,trognon,NOM
trust,NOUN,C1,beacco,0.0,0.0698,0.0,0.0,0.4732,0.0,0.0,0.0,0.0698,0.0,0.0,0.438,0.0,0.0,0.0,0.0652,C1,word_pos,trust,N,trust,NOM
tuile,NOUN,C1,beacco,0.0,0.0698,0.0,0.0,0.0,1.1509,0.0,0.0,0.0698,0.0,0.0,0.0,0.911,0.0,0.0,0.0652,C1,word_pos,tuile,N,tuile,NOM
farandole,NOUN,C1,beacco,0.0,0.0696,3.6128,0.0,0.0,0.0,0.0,0.0,0.0696,3.6596,0.0,0.0,0.0,0.0,0.0,0.0672,C1,word_pos,farandole,N,farandole,NOM
sophie,NOUN,C1,beacco,0.0,0.0696,,,,,,,,3.7906,0.0,0.0,0.0,0.0,0.0,0.0696,C1,beacco_only,,,sophie,NOM
sauterelle,NOUN,C1,beacco,0.0,0.0694,0.0,0.0,0.7535,0.0,0.0,0.0,0.0694,0.0,0.0,1.2237,0.0,0.0,0.0,0.1137,C1,word_pos,sauterelle,N,sauterelle,NOM
scorpion,NOUN,C1,beacco,0.0,0.0694,0.0,0.0,0.7535,0.0,0.0,0.0,0.0694,0.0,0.0,1.2237,0.0,0.0,0.0,0.1137,C1,word_pos,scorpion,N,scorpion,NOM
actualiser,VERB,C1,beacco,0.0,0.0691,0.0,0.0,0.0,3.0277,0.0,0.0,0.0691,0.0,0.0,0.0,2.2839,0.0,0.0,0.0614,C1,word_pos,actualiser,V,actualiser,VER
affirmation,NOUN,C1,beacco,0.0,0.0691,0.0,0.0,0.0,3.0277,0.0,0.0,0.0691,0.0,0.0,0.0,4.5679,0.0,0.0,0.1228,C1,word_pos,affirmation,N,affirmation,NOM
allaitement,NOUN,C1,beacco,0.0,0.0691,0.0,0.0,0.0,3.0277,0.0,0.0,0.0691,0.0,0.0,0.0,2.2839,0.0,0.0,0.0614,C1,word_pos,allaitement,N,allaitement,NOM
amateurisme,NOUN,C1,beacco,0.0,0.0691,0.0,0.0,0.0,3.0277,0.0,0.0,0.0691,0.0,0.0,0.0,2.2839,0.0,0.0,0.0614,C1,word_pos,amateurisme,N,amateurisme,NOM
anodin,ADJ,C1,beacco,0.0,0.0691,0.0,0.0,0.0,3.0277,0.0,0.0,0.0691,0.0,0.0,0.0,2.2839,0.0,0.0,0.0614,C1,word_pos,anodin,A,anodin,ADJ
atoll,NOUN,C1,beacco,0.0,0.0691,0.0,0.0,0.0,3.0277,0.0,0.0,0.0691,0.0,0.0,0.0,2.2839,0.0,0.0,0.0614,C1,word_pos,atoll,N,atoll,NOM
barbare,ADJ,C1,beacco,0.0,0.0691,0.0,0.0,0.0,3.0277,0.0,0.0,0.0691,0.0,0.0,0.0,4.5679,0.0,0.0,0.1228,C1,word_pos,barbare,A,barbare,ADJ
bestiole,NOUN,C1,beacco,0.0,0.0691,0.0,0.0,0.0,3.0277,0.0,0.0,0.0691,0.0,0.0,0.0,2.2839,0.0,0.0,0.0614,C1,word_pos,bestiole,N,bestiole,NOM
bosniaque,ADJ,C1,beacco,0.0,0.0691,0.0,0.0,0.0,3.0277,0.0,0.0,0.0691,0.0,0.0,0.0,2.2839,0.0,0.0,0.0614,C1,word_pos,bosniaque,A,bosniaque,ADJ
budgétaire,ADJ,C1,beacco,0.0,0.0691,0.0,0.0,0.0,3.0277,0.0,0.0,0.0691,0.0,0.0,0.0,2.2839,0.0,0.0,0.0614,C1,word_pos,budgétaire,A,budgétaire,ADJ
connoter,VERB,C1,beacco,0.0,0.0691,0.0,0.0,0.0,3.0277,0.0,0.0,0.0691,0.0,0.0,0.0,2.2839,0.0,0.0,0.0614,C1,word_pos,connoter,V,connoter,VER
contradicteur,NOUN,C1,beacco,0.0,0.0691,0.0,0.0,0.0,3.0277,0.0,0.0,0.0691,0.0,0.0,0.0,2.2839,0.0,0.0,0.0614,C1,word_pos,contradicteur,N,contradicteur,NOM
copeau,NOUN,C1,beacco,0.0,0.0691,0.0,0.0,0.0,3.0277,0.0,0.0,0.0691,0.0,0.0,0.0,2.2839,0.0,0.0,0.0614,C1,word_pos,copeau,N,copeau,NOM
couchant,ADJ,C1,beacco,0.0,0.0691,0.0,0.0,0.0,3.0277,0.0,0.0,0.0691,0.0,0.0,0.0,2.2839,0.0,0.0,0.0614,C1,word_pos,couchant,A,couchant,ADJ
cuber,VERB,C1,beacco,0.0,0.0691,0.0,0.0,0.0,3.0277,0.0,0.0,0.0691,0.0,0.0,0.0,2.2839,0.0,0.0,0.0614,C1,word_pos,cuber,V,cuber,VER
diplodocus,NOUN,C1,beacco,0.0,0.0691,0.0,0.0,0.0,3.0277,0.0,0.0,0.0691,0.0,0.0,0.0,2.2839,0.0,0.0,0.0614,C1,word_pos,diplodocus,N,diplodocus,NOM
dixième,NOUN,C1,beacco,0.0,0.0691,0.0,0.0,0.0,3.0277,0.0,0.0,0.0691,0.0,0.0,0.0,2.2839,0.0,0.0,0.0614,C1,word_pos,dixième,N,dixième,NOM
diététique,NOUN,C1,beacco,0.0,0.0691,0.0,0.0,0.0,3.0277,0.0,0.0,0.0691,0.0,0.0,0.0,2.2839,0.0,0.0,0.0614,C1,word_pos,diététique,N,diététique,NOM
dysfonctionnement,NOUN,C1,beacco,0.0,0.0691,0.0,0.0,0.0,3.0277,0.0,0.0,0.0691,0.0,0.0,0.0,2.2839,0.0,0.0,0.0614,C1,word_pos,dysfonctionnement,N,dysfonctionnement,NOM
déchaînement,NOUN,C1,beacco,0.0,0.0691,0.0,0.0,0.0,3.0277,0.0,0.0,0.0691,0.0,0.0,0.0,2.2839,0.0,0.0,0.0614,C1,word_pos,déchaînement,N,déchaînement,NOM
dénoter,VERB,C1,beacco,0.0,0.0691,0.0,0.0,0.0,3.0277,0.0,0.0,0.0691,0.0,0.0,0.0,2.2839,0.0,0.0,0.0614,C1,word_pos,dénoter,V,dénoter,VER
dérivé,NOUN,C1,beacco,0.0,0.0691,0.0,0.0,0.0,3.0277,0.0,0.0,0.0691,0.0,0.0,0.0,2.2839,0.0,0.0,0.0614,C1,word_pos,dérivé,N,dérivé,NOM
emboîtage,NOUN,C1,beacco,0.0,0.0691,0.0,0.0,0.0,3.0277,0.0,0.0,0.0691,0.0,0.0,0.0,2.2839,0.0,0.0,0.0614,C1,word_pos,emboîtage,N,emboîtage,NOM
exhibitionnisme,NOUN,C1,beacco,0.0,0.0691,0.0,0.0,0.0,3.0277,0.0,0.0,0.0691,0.0,0.0,0.0,2.2839,0.0,0.0,0.0614,C1,word_pos,exhibitionnisme,N,exhibitionnisme,NOM
familiarité,NOUN,C1,beacco,0.0,0.0691,0.0,0.0,0.0,3.0277,0.0,0.0,0.0691,0.0,0.0,0.0,2.2839,0.0,0.0,0.0614,C1,word_pos,familiarité,N,familiarité,NOM
flag,NOUN,C1,beacco,0.0,0.0691,0.0,0.0,0.0,3.0277,0.0,0.0,0.0691,0.0,0.0,0.0,2.2839,0.0,0.0,0.0614,C1,word_pos,flag,N,flag,NOM
fédéralisme,NOUN,C1,beacco,0.0,0.0691,0.0,0.0,0.0,3.0277,0.0,0.0,0.0691,0.0,0.0,0.0,2.2839,0.0,0.0,0.0614,C1,word_pos,fédéralisme,N,fédéralisme,NOM
gaélique,NOUN,C1,beacco,0.0,0.0691,0.0,0.0,0.0,3.0277,0.0,0.0,0.0691,0.0,0.0,0.0,2.2839,0.0,0.0,0.0614,C1,word_pos,gaélique,N,gaélique,NOM
genevois,ADJ,C1,beacco,0.0,0.0691,0.0,0.0,0.0,3.0277,0.0,0.0,0.0691,0.0,0.0,0.0,2.2839,0.0,0.0,0.0614,C1,word_pos,genevois,A,genevois,ADJ
gradé,ADJ,C1,beacco,0.0,0.0691,0.0,0.0,0.0,3.0277,0.0,0.0,0.0691,0.0,0.0,0.0,2.2839,0.0,0.0,0.0614,C1,word_pos,gradé,A,gradé,ADJ
griffure,NOUN,C1,beacco,0.0,0.0691,0.0,0.0,0.0,3.0277,0.0,0.0,0.0691,0.0,0.0,0.0,2.2839,0.0,0.0,0.0614,C1,word_pos,griffure,N,griffure,NOM
grivois,ADJ,C1,beacco,0.0,0.0691,0.0,0.0,0.0,3.0277,0.0,0.0,0.0691,0.0,0.0,0.0,2.2839,0.0,0.0,0.0614,C1,word_pos,grivois,A,grivois,ADJ
herbivore,NOUN,C1,beacco,0.0,0.0691,0.0,0.0,0.0,3.0277,0.0,0.0,0.0691,0.0,0.0,0.0,2.2839,0.0,0.0,0.0614,C1,unique_word,herbivore,N,herbivore,ADJ
herculéen,ADJ,C1,beacco,0.0,0.0691,0.0,0.0,0.0,3.0277,0.0,0.0,0.0691,0.0,0.0,0.0,2.2839,0.0,0.0,0.0614,C1,word_pos,herculéen,A,herculéen,ADJ
hiérarchiser,VERB,C1,beacco,0.0,0.0691,0.0,0.0,0.0,3.0277,0.0,0.0,0.0691,0.0,0.0,0.0,2.2839,0.0,0.0,0.0614,C1,word_pos,hiérarchiser,V,hiérarchiser,VER
hongrois,NOUN,C1,beacco,0.0,0.0691,0.0,0.0,0.0,3.0277,0.0,0.0,0.0691,0.0,0.0,0.0,2.2839,0.0,0.0,0.0614,C1,word_pos,hongrois,N,hongrois,NOM
impunément,ADV,C1,beacco,0.0,0.0691,0.0,0.0,0.0,3.0277,0.0,0.0,0.0691,0.0,0.0,0.0,2.2839,0.0,0.0,0.0614,C1,word_pos,impunément,ADV,impunément,ADV
indiscutablement,ADV,C1,beacco,0.0,0.0691,0.0,0.0,0.0,3.0277,0.0,0.0,0.0691,0.0,0.0,0.0,2.2839,0.0,0.0,0.0614,C1,word_pos,indiscutablement,ADV,indiscutablement,ADV
infime,ADJ,C1,beacco,0.0,0.0691,0.0,0.0,0.0,3.0277,0.0,0.0,0.0691,0.0,0.0,0.0,2.2839,0.0,0.0,0.0614,C1,word_pos,infime,A,infime,ADJ
itou,ADV,C1,beacco,0.0,0.0691,0.0,0.0,0.0,3.0277,0.0,0.0,0.0691,0.0,0.0,0.0,2.2839,0.0,0.0,0.0614,C1,word_pos,itou,ADV,itou,ADV
jérémiade,NOUN,C1,beacco,0.0,0.0691,0.0,0.0,0.0,3.0277,0.0,0.0,0.0691,0.0,0.0,0.0,2.2839,0.0,0.0,0.0614,C1,word_pos,jérémiade,N,jérémiade,NOM
licencieux,ADJ,C1,beacco,0.0,0.0691,0.0,0.0,0.0,3.0277,0.0,0.0,0.0691,0.0,0.0,0.0,2.2839,0.0,0.0,0.0614,C1,word_pos,licencieux,A,licencieux,ADJ
magistralement,ADV,C1,beacco,0.0,0.0691,0.0,0.0,0.0,3.0277,0.0,0.0,0.0691,0.0,0.0,0.0,2.2839,0.0,0.0,0.0614,C1,word_pos,magistralement,ADV,magistralement,ADV
muer,VERB,C1,beacco,0.0,0.0691,0.0,0.0,0.0,3.0277,0.0,0.0,0.0691,0.0,0.0,0.0,2.2839,0.0,0.0,0.0614,C1,word_pos,muer,V,muer,VER
multilingue,ADJ,C1,beacco,0.0,0.0691,0.0,0.0,0.0,3.0277,0.0,0.0,0.0691,0.0,0.0,0.0,2.2839,0.0,0.0,0.0614,C1,word_pos,multilingue,A,multilingue,ADJ
multilinguisme,NOUN,C1,beacco,0.0,0.0691,0.0,0.0,0.0,3.0277,0.0,0.0,0.0691,0.0,0.0,0.0,2.2839,0.0,0.0,0.0614,C1,word_pos,multilinguisme,N,multilinguisme,NOM
narquois,ADJ,C1,beacco,0.0,0.0691,0.0,0.0,0.0,3.0277,0.0,0.0,0.0691,0.0,0.0,0.0,2.2839,0.0,0.0,0.0614,C1,word_pos,narquois,A,narquois,ADJ
obus,NOUN,C1,beacco,0.0,0.0691,0.0,0.0,0.0,3.0277,0.0,0.0,0.0691,0.0,0.0,0.0,4.5679,0.0,0.0,0.1228,C1,word_pos,obus,N,obus,NOM
ocre,NOUN,C1,beacco,0.0,0.0691,0.0,0.0,0.0,3.0277,0.0,0.0,0.0691,0.0,0.0,0.0,2.2839,0.0,0.0,0.0614,C1,word_pos,ocre,N,ocre,NOM
olympisme,NOUN,C1,beacco,0.0,0.0691,0.0,0.0,0.0,3.0277,0.0,0.0,0.0691,0.0,0.0,0.0,2.2839,0.0,0.0,0.0614,C1,word_pos,olympisme,N,olympisme,NOM
ombrage,NOUN,C1,beacco,0.0,0.0691,0.0,0.0,0.0,3.0277,0.0,0.0,0.0691,0.0,0.0,0.0,2.2839,0.0,0.0,0.0614,C1,word_pos,ombrage,N,ombrage,NOM
oscillation,NOUN,C1,beacco,0.0,0.0691,0.0,0.0,0.0,3.0277,0.0,0.0,0.0691,0.0,0.0,0.0,2.2839,0.0,0.0,0.0614,C1,word_pos,oscillation,N,oscillation,NOM
paraphe,NOUN,C1,beacco,0.0,0.0691,0.0,0.0,0.0,3.0277,0.0,0.0,0.0691,0.0,0.0,0.0,2.2839,0.0,0.0,0.0614,C1,word_pos,paraphe,N,paraphe,NOM
pioupiou,NOUN,C1,beacco,0.0,0.0691,0.0,0.0,0.0,3.0277,0.0,0.0,0.0691,0.0,0.0,0.0,2.2839,0.0,0.0,0.0614,C1,word_pos,pioupiou,N,pioupiou,NOM
plantigrade,NOUN,C1,beacco,0.0,0.0691,0.0,0.0,0.0,3.0277,0.0,0.0,0.0691,0.0,0.0,0.0,4.5679,0.0,0.0,0.1228,C1,word_pos,plantigrade,N,plantigrade,NOM
plaquage,NOUN,C1,beacco,0.0,0.0691,0.0,0.0,0.0,3.0277,0.0,0.0,0.0691,0.0,0.0,0.0,2.2839,0.0,0.0,0.0614,C1,word_pos,plaquage,N,plaquage,NOM
porcelet,NOUN,C1,beacco,0.0,0.0691,0.0,0.0,0.0,3.0277,0.0,0.0,0.0691,0.0,0.0,0.0,2.2839,0.0,0.0,0.0614,C1,word_pos,porcelet,N,porcelet,NOM
professoral,ADJ,C1,beacco,0.0,0.0691,0.0,0.0,0.0,3.0277,0.0,0.0,0.0691,0.0,0.0,0.0,2.2839,0.0,0.0,0.0614,C1,word_pos,professoral,A,professoral,ADJ
prussien,ADJ,C1,beacco,0.0,0.0691,0.0,0.0,0.0,3.0277,0.0,0.0,0.0691,0.0,0.0,0.0,2.2839,0.0,0.0,0.0614,C1,word_pos,prussien,A,prussien,ADJ
préambule,NOUN,C1,beacco,0.0,0.0691,0.0,0.0,0.0,3.0277,0.0,0.0,0.0691,0.0,0.0,0.0,2.2839,0.0,0.0,0.0614,C1,word_pos,préambule,N,préambule,NOM
préconisation,NOUN,C1,beacco,0.0,0.0691,0.0,0.0,0.0,3.0277,0.0,0.0,0.0691,0.0,0.0,0.0,2.2839,0.0,0.0,0.0614,C1,word_pos,préconisation,N,préconisation,NOM
prédateur,NOUN,C1,beacco,0.0,0.0691,0.0,0.0,0.0,3.0277,0.0,0.0,0.0691,0.0,0.0,0.0,4.5679,0.0,0.0,0.1228,C1,word_pos,prédateur,N,prédateur,NOM
prétexte,ADJ,C1,beacco,0.0,0.0691,0.0,0.0,0.0,3.0277,0.0,0.0,0.0691,0.0,0.0,0.5531,0.0,0.0,0.0,0.0514,C1,word_pos,prétexte,A,prétexte,ADJ
pénalité,NOUN,C1,beacco,0.0,0.0691,0.0,0.0,0.0,3.0277,0.0,0.0,0.0691,0.0,0.0,0.0,4.5679,0.0,0.0,0.1228,C1,word_pos,pénalité,N,pénalité,NOM
recorriger,VERB,C1,beacco,0.0,0.0691,0.0,0.0,0.0,3.0277,0.0,0.0,0.0691,0.0,0.0,0.0,2.2839,0.0,0.0,0.0614,C1,word_pos,recorriger,V,recorriger,VER
ruralité,NOUN,C1,beacco,0.0,0.0691,0.0,0.0,0.0,3.0277,0.0,0.0,0.0691,0.0,0.0,0.0,4.5679,0.0,0.0,0.1228,C1,word_pos,ruralité,N,ruralité,NOM
rythmicité,NOUN,C1,beacco,0.0,0.0691,0.0,0.0,0.0,3.0277,0.0,0.0,0.0691,0.0,0.0,0.0,2.2839,0.0,0.0,0.0614,C1,word_pos,rythmicité,N,rythmicité,NOM
rythmique,ADJ,C1,beacco,0.0,0.0691,0.0,0.0,0.0,3.0277,0.0,0.0,0.0691,0.0,0.0,0.0,2.2839,0.0,0.0,0.0614,C1,word_pos,rythmique,A,rythmique,ADJ
régulateur,NOUN,C1,beacco,0.0,0.0691,0.0,0.0,0.0,3.0277,0.0,0.0,0.0691,0.0,0.0,0.0,2.2839,0.0,0.0,0.0614,C1,word_pos,régulateur,N,régulateur,NOM
saccager,VERB,C1,beacco,0.0,0.0691,0.0,0.0,0.0,3.0277,0.0,0.0,0.0691,0.0,0.0,0.0,2.2839,0.0,0.0,0.0614,C1,word_pos,saccager,V,saccager,VER
sainement,ADV,C1,beacco,0.0,0.0691,0.0,0.0,0.0,3.0277,0.0,0.0,0.0691,0.0,0.0,0.0,2.2839,0.0,0.0,0.0614,C1,word_pos,sainement,ADV,sainement,ADV
saper,VERB,C1,beacco,0.0,0.0691,0.0,0.0,0.0,3.0277,0.0,0.0,0.0691,0.0,0.0,0.0,2.2839,0.0,0.0,0.0614,C1,word_pos,saper,V,saper,VER
succulence,NOUN,C1,beacco,0.0,0.0691,0.0,0.0,0.0,3.0277,0.0,0.0,0.0691,0.0,0.0,0.0,2.2839,0.0,0.0,0.0614,C1,word_pos,succulence,N,succulence,NOM
tacle,NOUN,C1,beacco,0.0,0.0691,0.0,0.0,0.0,3.0277,0.0,0.0,0.0691,0.0,0.0,0.0,2.2839,0.0,0.0,0.0614,C1,word_pos,tacle,N,tacle,NOM
trampoline,NOUN,C1,beacco,0.0,0.0691,0.0,0.0,0.0,3.0277,0.0,0.0,0.0691,0.0,0.0,0.0,2.2839,0.0,0.0,0.0614,C1,word_pos,trampoline,N,trampoline,NOM
tranchée,NOUN,C1,beacco,0.0,0.0691,0.0,0.0,0.0,3.0277,0.0,0.0,0.0691,0.0,0.0,0.0,2.2839,0.0,0.0,0.0614,C1,word_pos,tranchée,N,tranchée,NOM
troll,NOUN,C1,beacco,0.0,0.0691,0.0,0.0,0.0,3.0277,0.0,0.0,0.0691,0.0,0.0,0.0,2.2839,0.0,0.0,0.0614,C1,word_pos,troll,N,troll,NOM
trouée,NOUN,C1,beacco,0.0,0.0691,0.0,0.0,0.0,3.0277,0.0,0.0,0.0691,0.0,0.0,0.0,2.2839,0.0,0.0,0.0614,C1,word_pos,trouée,N,trouée,NOM
uniformisation,NOUN,C1,beacco,0.0,0.0691,0.0,0.0,0.0,3.0277,0.0,0.0,0.0691,0.0,0.0,0.0,2.2839,0.0,0.0,0.0614,C1,word_pos,uniformisation,N,uniformisation,NOM
vahiné,NOUN,C1,beacco,0.0,0.0691,0.0,0.0,0.0,3.0277,0.0,0.0,0.0691,0.0,0.0,0.0,2.2839,0.0,0.0,0.0614,C1,word_pos,vahiné,N,vahiné,NOM
vandale,ADJ,C1,beacco,0.0,0.0691,0.0,0.0,0.0,3.0277,0.0,0.0,0.0691,0.0,0.0,0.0,2.2839,0.0,0.0,0.0614,C1,unique_word,vandale,A,vandale,NOM
volley,NOUN,C1,beacco,0.0,0.0691,0.0,0.0,0.0,3.0277,0.0,0.0,0.0691,0.0,0.0,0.0,2.2839,0.0,0.0,0.0614,C1,word_pos,volley,N,volley,NOM
voyagiste,NOUN,C1,beacco,0.0,0.0691,0.0,0.0,0.0,3.0277,0.0,0.0,0.0691,0.0,0.0,0.0,2.2839,0.0,0.0,0.0614,C1,word_pos,voyagiste,N,voyagiste,NOM
écrasement,NOUN,C1,beacco,0.0,0.0691,0.0,0.0,0.0,3.0277,0.0,0.0,0.0691,0.0,0.0,0.0,2.2839,0.0,0.0,0.0614,C1,word_pos,écrasement,N,écrasement,NOM
éprouvette,NOUN,C1,beacco,0.0,0.0691,0.0,0.0,0.0,3.0277,0.0,0.0,0.0691,0.0,0.0,0.0,2.2839,0.0,0.0,0.0614,C1,word_pos,éprouvette,N,éprouvette,NOM
érection,NOUN,C1,beacco,0.0,0.0691,0.0,0.0,0.0,3.0277,0.0,0.0,0.0691,0.0,0.0,0.0,4.5679,0.0,0.0,0.1228,C1,word_pos,érection,N,érection,NOM
îlot,NOUN,C1,beacco,0.0,0.0691,0.0,0.0,0.0,3.0277,0.0,0.0,0.0691,0.0,0.0,0.0,2.2839,0.0,0.0,0.0614,C1,word_pos,îlot,N,îlot,NOM
égaler,VERB,C1,beacco,0.0,0.0683,,,,,,,,0.0,0.0,0.0,2.5411,0.0,0.0,0.0683,C1,beacco_only,,,égaler,VER
affinité,NOUN,C1,beacco,0.0,0.0666,0.0,0.0,0.7236,0.0,0.0,0.0,0.0666,0.0,0.0,0.6378,0.0,0.0,0.0,0.0592,C1,word_pos,affinité,N,affinité,NOM
aimant,NOUN,C1,beacco,0.0,0.0666,0.0,0.0,0.7236,0.0,0.0,0.0,0.0666,0.0,0.0,0.6378,0.0,0.0,0.0,0.0592,C1,word_pos,aimant,N,aimant,NOM
apparat,NOUN,C1,beacco,0.0,0.0666,0.0,0.0,0.7236,0.0,0.0,0.0,0.0666,0.0,0.0,0.6378,0.0,0.0,0.0,0.0592,C1,word_pos,apparat,N,apparat,NOM
appauvrir,VERB,C1,beacco,0.0,0.0666,0.0,0.0,0.7236,0.0,0.0,0.0,0.0666,0.0,0.0,0.6378,0.0,0.0,0.0,0.0592,C1,word_pos,appauvrir,V,appauvrir,VER
augurer,VERB,C1,beacco,0.0,0.0666,0.0,0.0,0.7236,0.0,0.0,0.0,0.0666,0.0,0.0,0.6378,0.0,0.0,0.0,0.0592,C1,word_pos,augurer,V,augurer,VER
blanchâtre,ADJ,C1,beacco,0.0,0.0666,0.0,0.0,0.7236,0.0,0.0,0.0,0.0666,0.0,0.0,0.6378,0.0,0.0,0.0,0.0592,C1,word_pos,blanchâtre,A,blanchâtre,ADJ
bobonne,NOUN,C1,beacco,0.0,0.0666,0.0,0.0,0.7236,0.0,0.0,0.0,0.0666,0.0,0.0,0.6378,0.0,0.0,0.0,0.0592,C1,word_pos,bobonne,N,bobonne,NOM
bouddhisme,NOUN,C1,beacco,0.0,0.0666,0.0,0.0,0.7236,0.0,0.0,0.0,0.0666,0.0,0.0,1.2756,0.0,0.0,0.0,0.1185,C1,word_pos,bouddhisme,N,bouddhisme,NOM
boulon,NOUN,C1,beacco,0.0,0.0666,0.0,0.0,0.7236,0.0,0.0,0.0,0.0666,0.0,0.0,1.2756,0.0,0.0,0.0,0.1185,C1,word_pos,boulon,N,boulon,NOM
cassonade,NOUN,C1,beacco,0.0,0.0666,0.0,0.0,0.7236,0.0,0.0,0.0,0.0666,0.0,0.0,1.2756,0.0,0.0,0.0,0.1185,C1,word_pos,cassonade,N,cassonade,NOM
cliquer,VERB,C1,beacco,0.0,0.0666,0.0,0.0,0.7236,0.0,0.0,0.0,0.0666,0.0,0.0,1.2756,0.0,0.0,0.0,0.1185,C1,word_pos,cliquer,V,cliquer,VER
cohabitant,NOUN,C1,beacco,0.0,0.0666,0.0,0.0,0.7236,0.0,0.0,0.0,0.0666,0.0,0.0,0.6378,0.0,0.0,0.0,0.0592,C1,unique_word,cohabitant,N,cohabitant,ADJ
convenance,NOUN,C1,beacco,0.0,0.0666,0.0,0.0,0.7236,0.0,0.0,0.0,0.0666,0.0,0.0,0.6378,0.0,0.0,0.0,0.0592,C1,word_pos,convenance,N,convenance,NOM
distiller,VERB,C1,beacco,0.0,0.0666,0.0,0.0,0.7236,0.0,0.0,0.0,0.0666,0.0,0.0,1.2756,0.0,0.0,0.0,0.1185,C1,word_pos,distiller,V,distiller,VER
dulcinée,NOUN,C1,beacco,0.0,0.0666,0.0,0.0,0.7236,0.0,0.0,0.0,0.0666,0.0,0.0,0.6378,0.0,0.0,0.0,0.0592,C1,word_pos,dulcinée,N,dulcinée,NOM
décroît,NOUN,C1,beacco,0.0,0.0666,0.0,0.0,0.7236,0.0,0.0,0.0,0.0666,0.0,0.0,0.6378,0.0,0.0,0.0,0.0592,C1,word_pos,décroît,N,décroît,NOM
déroger,VERB,C1,beacco,0.0,0.0666,0.0,0.0,0.7236,0.0,0.0,0.0,0.0666,0.0,0.0,0.6378,0.0,0.0,0.0,0.0592,C1,word_pos,déroger,V,déroger,VER
dévoyer,VERB,C1,beacco,0.0,0.0666,0.0,0.0,0.7236,0.0,0.0,0.0,0.0666,0.0,0.0,0.6378,0.0,0.0,0.0,0.0592,C1,word_pos,dévoyer,V,dévoyer,VER
exposant,NOUN,C1,beacco,0.0,0.0666,0.0,0.0,0.7236,0.0,0.0,0.0,0.0666,0.0,0.0,0.6378,0.0,0.0,0.0,0.0592,C1,word_pos,exposant,N,exposant,NOM
fourbu,ADJ,C1,beacco,0.0,0.0666,0.0,0.0,0.7236,0.0,0.0,0.0,0.0666,0.0,0.0,0.6378,0.0,0.0,0.0,0.0592,C1,word_pos,fourbu,A,fourbu,ADJ
franger,VERB,C1,beacco,0.0,0.0666,0.0,0.0,0.7236,0.0,0.0,0.0,0.0666,0.0,0.0,0.6378,0.0,0.0,0.0,0.0592,C1,word_pos,franger,V,franger,VER
galonner,VERB,C1,beacco,0.0,0.0666,0.0,0.0,0.7236,0.0,0.0,0.0,0.0666,0.0,0.0,0.6378,0.0,0.0,0.0,0.0592,C1,word_pos,galonner,V,galonner,VER
graveur,ADJ,C1,beacco,0.0,0.0666,0.0,0.0,0.7236,0.0,0.0,0.0,0.0666,0.0,0.0,0.6378,0.0,0.0,0.0,0.0592,C1,unique_word,graveur,A,graveur,NOM
grisant,ADJ,C1,beacco,0.0,0.0666,0.0,0.0,0.7236,0.0,0.0,0.0,0.0666,0.0,0.0,0.6378,0.0,0.0,0.0,0.0592,C1,word_pos,grisant,A,grisant,ADJ
grouillant,ADJ,C1,beacco,0.0,0.0666,0.0,0.0,0.7236,0.0,0.0,0.0,0.0666,0.0,0.0,1.2756,0.0,0.0,0.0,0.1185,C1,word_pos,grouillant,A,grouillant,ADJ
homogénéiser,VERB,C1,beacco,0.0,0.0666,0.0,0.0,0.7236,0.0,0.0,0.0,0.0666,0.0,0.0,0.6378,0.0,0.0,0.0,0.0592,C1,word_pos,homogénéiser,V,homogénéiser,VER
incorrigiblement,ADV,C1,beacco,0.0,0.0666,0.0,0.0,0.7236,0.0,0.0,0.0,0.0666,0.0,0.0,0.6378,0.0,0.0,0.0,0.0592,C1,word_pos,incorrigiblement,ADV,incorrigiblement,ADV
inlassablement,ADV,C1,beacco,0.0,0.0666,0.0,0.0,0.7236,0.0,0.0,0.0,0.0666,0.0,0.0,0.6378,0.0,0.0,0.0,0.0592,C1,word_pos,inlassablement,ADV,inlassablement,ADV
intronisation,NOUN,C1,beacco,0.0,0.0666,0.0,0.0,0.7236,0.0,0.0,0.0,0.0666,0.0,0.0,0.6378,0.0,0.0,0.0,0.0592,C1,word_pos,intronisation,N,intronisation,NOM
jeunisme,NOUN,C1,beacco,0.0,0.0666,0.0,0.0,0.7236,0.0,0.0,0.0,0.0666,0.0,0.0,0.6378,0.0,0.0,0.0,0.0592,C1,word_pos,jeunisme,N,jeunisme,NOM
leitmotiv,NOUN,C1,beacco,0.0,0.0666,0.0,0.0,0.7236,0.0,0.0,0.0,0.0666,0.0,0.0,0.6378,0.0,0.0,0.0,0.0592,C1,word_pos,leitmotiv,N,leitmotiv,NOM
millimètre,NOUN,C1,beacco,0.0,0.0666,0.0,0.0,0.7236,0.0,0.0,0.0,0.0666,0.0,0.0,1.2756,0.0,0.0,0.0,0.1185,C1,word_pos,millimètre,N,millimètre,NOM
moyenâgeux,ADJ,C1,beacco,0.0,0.0666,0.0,0.0,0.7236,0.0,0.0,0.0,0.0666,0.0,0.0,0.6378,0.0,0.0,0.0,0.0592,C1,word_pos,moyenâgeux,A,moyenâgeux,ADJ
perdant,ADJ,C1,beacco,0.0,0.0666,0.0,0.0,0.7236,0.0,0.0,0.0,0.0666,0.0,0.0,0.6378,0.0,0.0,0.0,0.0592,C1,word_pos,perdant,A,perdant,ADJ
planquer,VERB,C1,beacco,0.0,0.0666,0.0,0.0,0.7236,0.0,0.0,0.0,0.0666,0.0,0.0,0.6378,0.0,0.0,0.0,0.0592,C1,word_pos,planquer,V,planquer,VER
procréation,NOUN,C1,beacco,0.0,0.0666,0.0,0.0,0.7236,0.0,0.0,0.0,0.0666,0.0,0.0,1.2756,0.0,0.0,0.0,0.1185,C1,word_pos,procréation,N,procréation,NOM
préalablement,ADV,C1,beacco,0.0,0.0666,0.0,0.0,0.7236,0.0,0.0,0.0,0.0666,0.0,0.0,0.6378,0.0,0.0,0.0,0.0592,C1,word_pos,préalablement,ADV,préalablement,ADV
psychothérapeute,NOUN,C1,beacco,0.0,0.0666,0.0,0.0,0.7236,0.0,0.0,0.0,0.0666,0.0,0.0,0.6378,0.0,0.0,0.0,0.0592,C1,word_pos,psychothérapeute,N,psychothérapeute,NOM
quadriller,VERB,C1,beacco,0.0,0.0666,0.0,0.0,0.7236,0.0,0.0,0.0,0.0666,0.0,0.0,0.6378,0.0,0.0,0.0,0.0592,C1,word_pos,quadriller,V,quadriller,VER
rationnellement,ADV,C1,beacco,0.0,0.0666,0.0,0.0,0.7236,0.0,0.0,0.0,0.0666,0.0,0.0,0.6378,0.0,0.0,0.0,0.0592,C1,word_pos,rationnellement,ADV,rationnellement,ADV
recharge,NOUN,C1,beacco,0.0,0.0666,0.0,0.0,0.7236,0.0,0.0,0.0,0.0666,0.0,0.0,1.2756,0.0,0.0,0.0,0.1185,C1,word_pos,recharge,N,recharge,NOM
renaissant,ADJ,C1,beacco,0.0,0.0666,0.0,0.0,0.7236,0.0,0.0,0.0,0.0666,0.0,0.0,0.6378,0.0,0.0,0.0,0.0592,C1,word_pos,renaissant,A,renaissant,ADJ
reverser,VERB,C1,beacco,0.0,0.0666,0.0,0.0,0.7236,0.0,0.0,0.0,0.0666,0.0,0.0,0.6378,0.0,0.0,0.0,0.0592,C1,word_pos,reverser,V,reverser,VER
rush,NOUN,C1,beacco,0.0,0.0666,0.0,0.0,0.7236,0.0,0.0,0.0,0.0666,0.0,0.0,0.6378,0.0,0.0,0.0,0.0592,C1,word_pos,rush,N,rush,NOM
régresser,VERB,C1,beacco,0.0,0.0666,0.0,0.0,0.7236,0.0,0.0,0.0,0.0666,0.0,0.0,0.6378,0.0,0.0,0.0,0.0592,C1,word_pos,régresser,V,régresser,VER
régularité,NOUN,C1,beacco,0.0,0.0666,0.0,0.0,0.7236,0.0,0.0,0.0,0.0666,0.0,0.0,0.6378,0.0,0.0,0.0,0.0592,C1,word_pos,régularité,N,régularité,NOM
stagner,VERB,C1,beacco,0.0,0.0666,0.0,0.0,0.7236,0.0,0.0,0.0,0.0666,0.0,0.0,0.6378,0.0,0.0,0.0,0.0592,C1,word_pos,stagner,V,stagner,VER
sépulcre,NOUN,C1,beacco,0.0,0.0666,0.0,0.0,0.7236,0.0,0.0,0.0,0.0666,0.0,0.0,0.6378,0.0,0.0,0.0,0.0592,C1,word_pos,sépulcre,N,sépulcre,NOM
toge,NOUN,C1,beacco,0.0,0.0666,0.0,0.0,0.7236,0.0,0.0,0.0,0.0666,0.0,0.0,0.6378,0.0,0.0,0.0,0.0592,C1,word_pos,toge,N,toge,NOM
toponymie,NOUN,C1,beacco,0.0,0.0666,0.0,0.0,0.7236,0.0,0.0,0.0,0.0666,0.0,0.0,0.6378,0.0,0.0,0.0,0.0592,C1,word_pos,toponymie,N,toponymie,NOM
transnational,ADJ,C1,beacco,0.0,0.0666,0.0,0.0,0.7236,0.0,0.0,0.0,0.0666,0.0,0.0,0.6378,0.0,0.0,0.0,0.0592,C1,word_pos,transnational,A,transnational,ADJ
transparaître,VERB,C1,beacco,0.0,0.0666,0.0,0.0,0.7236,0.0,0.0,0.0,0.0666,0.0,0.0,0.6378,0.0,0.0,0.0,0.0592,C1,word_pos,transparaître,V,transparaître,VER
urbaniste,NOUN,C1,beacco,0.0,0.0666,0.0,0.0,0.7236,0.0,0.0,0.0,0.0666,0.0,0.0,0.6378,0.0,0.0,0.0,0.0592,C1,word_pos,urbaniste,N,urbaniste,NOM
électif,ADJ,C1,beacco,0.0,0.0666,0.0,0.0,0.7236,0.0,0.0,0.0,0.0666,0.0,0.0,0.6378,0.0,0.0,0.0,0.0592,C1,word_pos,électif,A,électif,ADJ
étole,NOUN,C1,beacco,0.0,0.0666,0.0,0.0,0.7236,0.0,0.0,0.0,0.0666,0.0,0.0,0.6378,0.0,0.0,0.0,0.0592,C1,word_pos,étole,N,étole,NOM
mandarin,ADJ,C1,beacco,0.0,0.0665,0.0,0.0,0.0,0.0,0.0,4.1173,0.0665,0.0,0.0,0.438,0.0,0.0,0.0,0.0652,C1,word_pos,mandarin,A,mandarin,ADJ
cosmétique,NOUN,C1,beacco,0.0,0.0664,0.0,0.0,0.7214,0.0,0.0,0.0,0.0664,0.0,0.0,0.933,0.0,0.0,0.0,0.0867,C1,word_pos,cosmétique,N,cosmétique,NOM
académicien,ADJ,C1,beacco,0.0,0.0652,,,,,,,,0.0,0.0,0.438,0.0,0.0,0.0,0.0652,C1,beacco_only,,,académicien,ADJ
agglutiner,VERB,C1,beacco,0.0,0.0652,,,,,,,,0.0,0.0,0.0,0.911,0.0,0.0,0.0652,C1,beacco_only,,,agglutiner,VER
ailer,VERB,C1,beacco,0.0,0.0652,,,,,,,,0.0,0.0,0.438,0.0,0.0,0.0,0.0652,C1,beacco_only,,,ailer,VER
amin,NOUN,C1,beacco,0.0,0.0652,,,,,,,,0.0,0.0,0.438,0.0,0.0,0.0,0.0652,C1,beacco_only,,,amin,NOM
amuse-gueule,NOUN,C1,beacco,0.0,0.0652,,,,,,,,0.0,0.0,0.0,0.911,0.0,0.0,0.0652,C1,beacco_only,,,amuse-gueule,NOM
apeuré,ADJ,C1,beacco,0.0,0.0652,,,,,,,,0.0,0.0,0.438,0.0,0.0,0.0,0.0652,C1,beacco_only,,,apeuré,ADJ
arak,NOUN,C1,beacco,0.0,0.0652,,,,,,,,0.0,0.0,0.438,0.0,0.0,0.0,0.0652,C1,beacco_only,,,arak,NOM
arc-en-ciel,NOUN,C1,beacco,0.0,0.0652,,,,,,,,0.0,0.0,0.438,0.0,0.0,0.0,0.0652,C1,beacco_only,,,arc-en-ciel,NOM
aristocrate,ADJ,C1,beacco,0.0,0.0652,,,,,,,,0.0,0.0,0.0,0.911,0.0,0.0,0.0652,C1,beacco_only,,,aristocrate,ADJ
bander,VERB,C1,beacco,0.0,0.0652,,,,,,,,0.0,0.0,0.0,0.911,0.0,0.0,0.0652,C1,beacco_only,,,bander,VER
bienfaisant,ADJ,C1,beacco,0.0,0.0652,,,,,,,,0.0,0.0,0.0,0.911,0.0,0.0,0.0652,C1,beacco_only,,,bienfaisant,ADJ
bottin,NOUN,C1,beacco,0.0,0.0652,,,,,,,,0.0,0.0,0.0,0.911,0.0,0.0,0.0652,C1,beacco_only,,,bottin,NOM
bric-à-brac,NOUN,C1,beacco,0.0,0.0652,,,,,,,,0.0,0.0,0.438,0.0,0.0,0.0,0.0652,C1,beacco_only,,,bric-à-brac,NOM
brouiller,VERB,C1,beacco,0.0,0.0652,,,,,,,,0.0,0.0,0.438,0.0,0.0,0.0,0.0652,C1,beacco_only,,,brouiller,VER
bénite,ADJ,C1,beacco,0.0,0.0652,,,,,,,,0.0,0.0,0.438,0.0,0.0,0.0,0.0652,C1,beacco_only,,,bénite,ADJ
café-tabac,NOUN,C1,beacco,0.0,0.0652,,,,,,,,0.0,0.0,0.0,0.911,0.0,0.0,0.0652,C1,beacco_only,,,café-tabac,NOM
cambrer,VERB,C1,beacco,0.0,0.0652,,,,,,,,0.0,0.0,0.438,0.0,0.0,0.0,0.0652,C1,beacco_only,,,cambrer,VER
caracoler,VERB,C1,beacco,0.0,0.0652,,,,,,,,0.0,0.0,0.438,0.0,0.0,0.0,0.0652,C1,beacco_only,,,caracoler,VER
centurion,NOUN,C1,beacco,0.0,0.0652,,,,,,,,0.0,0.0,0.0,0.911,0.0,0.0,0.0652,C1,beacco_only,,,centurion,NOM
comptant,ADV,C1,beacco,0.0,0.0652,,,,,,,,0.0,0.0,0.438,0.0,0.0,0.0,0.0652,C1,beacco_only,,,comptant,ADV
dyade,NOUN,C1,beacco,0.0,0.0652,,,,,,,,0.0,0.0,0.0,0.911,0.0,0.0,0.0652,C1,beacco_only,,,dyade,NOM
démêlé,NOUN,C1,beacco,0.0,0.0652,,,,,,,,0.0,0.0,0.0,0.911,0.0,0.0,0.0652,C1,beacco_only,,,démêlé,NOM
en-haut,NOUN,C1,beacco,0.0,0.0652,,,,,,,,0.0,0.0,0.438,0.0,0.0,0.0,0.0652,C1,beacco_only,,,en-haut,NOM
enclos,NOUN,C1,beacco,0.0,0.0652,,,,,,,,0.0,0.0,0.438,0.0,0.0,0.0,0.0652,C1,beacco_only,,,enclos,NOM
escarpé,ADJ,C1,beacco,0.0,0.0652,,,,,,,,0.0,0.0,0.438,0.0,0.0,0.0,0.0652,C1,beacco_only,,,escarpé,ADJ
gail,NOUN,C1,beacco,0.0,0.0652,,,,,,,,0.0,0.0,0.438,0.0,0.0,0.0,0.0652,C1,beacco_only,,,gail,NOM
galibi,NOUN,C1,beacco,0.0,0.0652,,,,,,,,0.0,0.0,0.438,0.0,0.0,0.0,0.0652,C1,beacco_only,,,galibi,NOM
happening,NOUN,C1,beacco,0.0,0.0652,,,,,,,,0.0,0.0,0.0,0.911,0.0,0.0,0.0652,C1,beacco_only,,,happening,NOM
hoqueter,VERB,C1,beacco,0.0,0.0652,,,,,,,,0.0,0.0,0.438,0.0,0.0,0.0,0.0652,C1,beacco_only,,,hoqueter,VER
instigation,NOUN,C1,beacco,0.0,0.0652,,,,,,,,0.0,0.0,0.438,0.0,0.0,0.0,0.0652,C1,beacco_only,,,instigation,NOM
las,INT,C1,beacco,0.0,0.0652,,,,,,,,0.0,0.0,0.438,0.0,0.0,0.0,0.0652,C1,beacco_only,,,las,INT
mansardé,ADJ,C1,beacco,0.0,0.0652,,,,,,,,0.0,0.0,0.0,0.911,0.0,0.0,0.0652,C1,beacco_only,,,mansardé,ADJ
moisir,VERB,C1,beacco,0.0,0.0652,,,,,,,,0.0,0.0,0.0,0.911,0.0,0.0,0.0652,C1,beacco_only,,,moisir,VER
mondanité,NOUN,C1,beacco,0.0,0.0652,,,,,,,,0.0,0.0,0.438,0.0,0.0,0.0,0.0652,C1,beacco_only,,,mondanité,NOM
organisant,ADJ,C1,beacco,0.0,0.0652,,,,,,,,0.0,0.0,0.438,0.0,0.0,0.0,0.0652,C1,beacco_only,,,organisant,ADJ
passe-temps,NOUN,C1,beacco,0.0,0.0652,,,,,,,,0.0,0.0,0.0,0.911,0.0,0.0,0.0652,C1,beacco_only,,,passe-temps,NOM
pleurant,ADJ,C1,beacco,0.0,0.0652,,,,,,,,0.0,0.0,0.438,0.0,0.0,0.0,0.0652,C1,beacco_only,,,pleurant,ADJ
pointeur,NOUN,C1,beacco,0.0,0.0652,,,,,,,,0.0,0.0,0.438,0.0,0.0,0.0,0.0652,C1,beacco_only,,,pointeur,NOM
présidente,NOUN,C1,beacco,0.0,0.0652,,,,,,,,0.0,0.0,0.438,0.0,0.0,0.0,0.0652,C1,beacco_only,,,présidente,NOM
refoulé,ADJ,C1,beacco,0.0,0.0652,,,,,,,,0.0,0.0,0.438,0.0,0.0,0.0,0.0652,C1,beacco_only,,,refoulé,ADJ
roman-photo,NOUN,C1,beacco,0.0,0.0652,,,,,,,,0.0,0.0,0.0,0.911,0.0,0.0,0.0652,C1,beacco_only,,,roman-photo,NOM
rythmer,VERB,C1,beacco,0.0,0.0652,,,,,,,,0.0,0.0,0.0,0.911,0.0,0.0,0.0652,C1,beacco_only,,,rythmer,VER
sage-femme,NOUN,C1,beacco,0.0,0.0652,,,,,,,,0.0,0.0,0.438,0.0,0.0,0.0,0.0652,C1,beacco_only,,,sage-femme,NOM
sans-culotte,NOUN,C1,beacco,0.0,0.0652,,,,,,,,0.0,0.0,0.0,0.911,0.0,0.0,0.0652,C1,beacco_only,,,sans-culotte,NOM
sex-appeal,NOUN,C1,beacco,0.0,0.0652,,,,,,,,0.0,0.0,0.438,0.0,0.0,0.0,0.0652,C1,beacco_only,,,sex-appeal,NOM
sous-directeur,NOUN,C1,beacco,0.0,0.0652,,,,,,,,0.0,0.0,0.438,0.0,0.0,0.0,0.0652,C1,beacco_only,,,sous-directeur,NOM
surdoué,ADJ,C1,beacco,0.0,0.0652,,,,,,,,0.0,0.0,0.0,0.911,0.0,0.0,0.0652,C1,beacco_only,,,surdoué,ADJ
surinformé,ADJ,C1,beacco,0.0,0.0652,,,,,,,,0.0,0.0,0.0,0.911,0.0,0.0,0.0652,C1,beacco_only,,,surinformé,ADJ
tire-au-flanc,NOUN,C1,beacco,0.0,0.0652,,,,,,,,0.0,0.0,0.0,0.911,0.0,0.0,0.0652,C1,beacco_only,,,tire-au-flanc,NOM
train-train,NOUN,C1,beacco,0.0,0.0652,,,,,,,,0.0,0.0,0.0,0.911,0.0,0.0,0.0652,C1,beacco_only,,,train-train,NOM
transir,VERB,C1,beacco,0.0,0.0652,,,,,,,,0.0,0.0,0.438,0.0,0.0,0.0,0.0652,C1,beacco_only,,,transir,VER
tête-à-tête,NOUN,C1,beacco,0.0,0.0652,,,,,,,,0.0,0.0,0.0,0.911,0.0,0.0,0.0652,C1,beacco_only,,,tête-à-tête,NOM
vernis,NOUN,C1,beacco,0.0,0.0652,,,,,,,,0.0,0.0,0.0,0.911,0.0,0.0,0.0652,C1,beacco_only,,,vernis,NOM
vocable,NOUN,C1,beacco,0.0,0.0652,,,,,,,,0.0,0.0,0.0,0.911,0.0,0.0,0.0652,C1,beacco_only,,,vocable,NOM
ès,PREP,C1,beacco,0.0,0.0652,,,,,,,,0.0,0.0,0.0,0.911,0.0,0.0,0.0652,C1,beacco_only,,,ès,PRP
égyptien,NOUN,C1,beacco,0.0,0.0652,,,,,,,,0.0,0.0,0.438,0.0,0.0,0.0,0.0652,C1,beacco_only,,,égyptien,NOM
chardon,NOUN,C1,beacco,0.0,0.0648,,,,,,,,3.5292,0.0,0.0,0.0,0.0,0.0,0.0648,C1,beacco_only,,,chardon,NOM
normer,VERB,C1,beacco,0.0,0.0648,,,,,,,,3.5292,0.0,0.0,0.0,0.0,0.0,0.0648,C1,beacco_only,,,normer,VER
plurilinguisme,NOUN,C1,beacco,0.0,0.0645,0.0,0.0,0.0,2.8249,0.0,0.0,0.0645,0.0,0.0,0.0,2.5411,0.0,0.0,0.0683,C1,word_pos,plurilinguisme,N,plurilinguisme,NOM
électro,NOUN,C1,beacco,0.0,0.0645,0.0,0.0,0.0,2.8249,0.0,0.0,0.0645,0.0,0.0,0.0,2.5411,0.0,0.0,0.0683,C1,unique_word,électro,N,électro,ADJ
matelot,NOUN,C1,beacco,0.0,0.064,0.0,1.2683,0.0,0.0,0.0,0.0,0.064,0.0,1.2017,0.0,0.0,0.0,0.0,0.0912,C1,word_pos,matelot,N,matelot,NOM
accoter,VERB,C1,beacco,0.0,0.0626,0.0,0.0,0.6802,0.0,0.0,0.0,0.0626,0.0,0.0,0.5857,0.0,0.0,0.0,0.0544,C1,word_pos,accoter,V,accoter,VER
aliénant,ADJ,C1,beacco,0.0,0.0626,0.0,0.0,0.6802,0.0,0.0,0.0,0.0626,0.0,0.0,0.5857,0.0,0.0,0.0,0.0544,C1,word_pos,aliénant,A,aliénant,ADJ
ambivalent,ADJ,C1,beacco,0.0,0.0626,0.0,0.0,0.6802,0.0,0.0,0.0,0.0626,0.0,0.0,0.5857,0.0,0.0,0.0,0.0544,C1,word_pos,ambivalent,A,ambivalent,ADJ
amont,NOUN,C1,beacco,0.0,0.0626,0.0,0.0,0.6802,0.0,0.0,0.0,0.0626,0.0,0.0,0.5857,0.0,0.0,0.0,0.0544,C1,word_pos,amont,N,amont,NOM
arboricole,ADJ,C1,beacco,0.0,0.0626,0.0,0.0,0.6802,0.0,0.0,0.0,0.0626,0.0,0.0,0.5857,0.0,0.0,0.0,0.0544,C1,word_pos,arboricole,A,arboricole,ADJ
bienfaiteur,NOUN,C1,beacco,0.0,0.0626,0.0,0.0,0.6802,0.0,0.0,0.0,0.0626,0.0,0.0,0.5857,0.0,0.0,0.0,0.0544,C1,word_pos,bienfaiteur,N,bienfaiteur,NOM
boisement,NOUN,C1,beacco,0.0,0.0626,0.0,0.0,0.6802,0.0,0.0,0.0,0.0626,0.0,0.0,0.5857,0.0,0.0,0.0,0.0544,C1,word_pos,boisement,N,boisement,NOM
bonnement,ADV,C1,beacco,0.0,0.0626,0.0,0.0,0.6802,0.0,0.0,0.0,0.0626,0.0,0.0,0.5857,0.0,0.0,0.0,0.0544,C1,word_pos,bonnement,ADV,bonnement,ADV
buissonnier,ADJ,C1,beacco,0.0,0.0626,0.0,0.0,0.6802,0.0,0.0,0.0,0.0626,0.0,0.0,0.5857,0.0,0.0,0.0,0.0544,C1,word_pos,buissonnier,A,buissonnier,ADJ
cabale,NOUN,C1,beacco,0.0,0.0626,0.0,0.0,0.6802,0.0,0.0,0.0,0.0626,0.0,0.0,0.5857,0.0,0.0,0.0,0.0544,C1,word_pos,cabale,N,cabale,NOM
changeur,NOUN,C1,beacco,0.0,0.0626,0.0,0.0,0.6802,0.0,0.0,0.0,0.0626,0.0,0.0,0.5857,0.0,0.0,0.0,0.0544,C1,word_pos,changeur,N,changeur,NOM
configurer,VERB,C1,beacco,0.0,0.0626,0.0,0.0,0.6802,0.0,0.0,0.0,0.0626,0.0,0.0,0.5857,0.0,0.0,0.0,0.0544,C1,word_pos,configurer,V,configurer,VER
consommable,ADJ,C1,beacco,0.0,0.0626,0.0,0.0,0.6802,0.0,0.0,0.0,0.0626,0.0,0.0,0.5857,0.0,0.0,0.0,0.0544,C1,word_pos,consommable,A,consommable,ADJ
contestation,NOUN,C1,beacco,0.0,0.0626,0.0,0.0,0.6802,0.0,0.0,0.0,0.0626,0.0,0.0,0.5857,0.0,0.0,0.0,0.0544,C1,word_pos,contestation,N,contestation,NOM
convoyer,VERB,C1,beacco,0.0,0.0626,0.0,0.0,0.6802,0.0,0.0,0.0,0.0626,0.0,0.0,0.5857,0.0,0.0,0.0,0.0544,C1,word_pos,convoyer,V,convoyer,VER
crécelle,NOUN,C1,beacco,0.0,0.0626,0.0,0.0,0.6802,0.0,0.0,0.0,0.0626,0.0,0.0,0.5857,0.0,0.0,0.0,0.0544,C1,word_pos,crécelle,N,crécelle,NOM
dicter,VERB,C1,beacco,0.0,0.0626,0.0,0.0,0.6802,0.0,0.0,0.0,0.0626,0.0,0.0,0.5857,0.0,0.0,0.0,0.0544,C1,word_pos,dicter,V,dicter,VER
dune,NOUN,C1,beacco,0.0,0.0626,0.0,0.0,0.6802,0.0,0.0,0.0,0.0626,0.0,0.0,1.1713,0.0,0.0,0.0,0.1088,C1,word_pos,dune,N,dune,NOM
démagogue,ADJ,C1,beacco,0.0,0.0626,0.0,0.0,0.6802,0.0,0.0,0.0,0.0626,0.0,0.0,0.5857,0.0,0.0,0.0,0.0544,C1,unique_word,démagogue,A,démagogue,NOM
déni,NOUN,C1,beacco,0.0,0.0626,0.0,0.0,0.6802,0.0,0.0,0.0,0.0626,0.0,0.0,1.1713,0.0,0.0,0.0,0.1088,C1,word_pos,déni,N,déni,NOM
désemplir,VERB,C1,beacco,0.0,0.0626,0.0,0.0,0.6802,0.0,0.0,0.0,0.0626,0.0,0.0,0.5857,0.0,0.0,0.0,0.0544,C1,word_pos,désemplir,V,désemplir,VER
déserteur,NOUN,C1,beacco,0.0,0.0626,0.0,0.0,0.6802,0.0,0.0,0.0,0.0626,0.0,0.0,0.5857,0.0,0.0,0.0,0.0544,C1,word_pos,déserteur,N,déserteur,NOM
désertification,NOUN,C1,beacco,0.0,0.0626,0.0,0.0,0.6802,0.0,0.0,0.0,0.0626,0.0,0.0,0.5857,0.0,0.0,0.0,0.0544,C1,word_pos,désertification,N,désertification,NOM
désoeuvrement,NOUN,C1,beacco,0.0,0.0626,0.0,0.0,0.6802,0.0,0.0,0.0,0.0626,0.0,0.0,0.5857,0.0,0.0,0.0,0.0544,C1,word_pos,désoeuvrement,N,désoeuvrement,NOM
endiguer,VERB,C1,beacco,0.0,0.0626,0.0,0.0,0.6802,0.0,0.0,0.0,0.0626,0.0,0.0,0.5857,0.0,0.0,0.0,0.0544,C1,word_pos,endiguer,V,endiguer,VER
exsangue,ADJ,C1,beacco,0.0,0.0626,0.0,0.0,0.6802,0.0,0.0,0.0,0.0626,0.0,0.0,0.5857,0.0,0.0,0.0,0.0544,C1,word_pos,exsangue,A,exsangue,ADJ
gobelet,NOUN,C1,beacco,0.0,0.0626,0.0,0.0,0.6802,0.0,0.0,0.0,0.0626,0.0,0.0,0.5857,0.0,0.0,0.0,0.0544,C1,word_pos,gobelet,N,gobelet,NOM
himalayen,ADJ,C1,beacco,0.0,0.0626,0.0,0.0,0.6802,0.0,0.0,0.0,0.0626,0.0,0.0,1.1713,0.0,0.0,0.0,0.1088,C1,word_pos,himalayen,A,himalayen,ADJ
hortensia,NOUN,C1,beacco,0.0,0.0626,0.0,0.0,0.6802,0.0,0.0,0.0,0.0626,0.0,0.0,1.1713,0.0,0.0,0.0,0.1088,C1,word_pos,hortensia,N,hortensia,NOM
jouxter,VERB,C1,beacco,0.0,0.0626,0.0,0.0,0.6802,0.0,0.0,0.0,0.0626,0.0,0.0,0.5857,0.0,0.0,0.0,0.0544,C1,word_pos,jouxter,V,jouxter,VER
lorrain,ADJ,C1,beacco,0.0,0.0626,0.0,0.0,0.6802,0.0,0.0,0.0,0.0626,0.0,0.0,0.5857,0.0,0.0,0.0,0.0544,C1,word_pos,lorrain,A,lorrain,ADJ
lunette,NOUN,C1,beacco,0.0,0.0626,0.0,0.0,0.6802,0.0,0.0,0.0,0.0626,0.0,0.0,0.5857,0.0,0.0,0.0,0.0544,C1,word_pos,lunette,N,lunette,NOM
marqueur,NOUN,C1,beacco,0.0,0.0626,0.0,0.0,0.6802,0.0,0.0,0.0,0.0626,0.0,0.0,0.5857,0.0,0.0,0.0,0.0544,C1,word_pos,marqueur,N,marqueur,NOM
mollet,NOUN,C1,beacco,0.0,0.0626,0.0,0.0,0.6802,0.0,0.0,0.0,0.0626,0.0,0.0,0.5857,0.0,0.0,0.0,0.0544,C1,unique_word,mollet,N,mollet,ADJ
mélomane,ADJ,C1,beacco,0.0,0.0626,0.0,0.0,0.6802,0.0,0.0,0.0,0.0626,0.0,0.0,0.5857,0.0,0.0,0.0,0.0544,C1,word_pos,mélomane,A,mélomane,ADJ
neigeux,ADJ,C1,beacco,0.0,0.0626,0.0,0.0,0.6802,0.0,0.0,0.0,0.0626,0.0,0.0,0.5857,0.0,0.0,0.0,0.0544,C1,word_pos,neigeux,A,neigeux,ADJ
nourrisson,NOUN,C1,beacco,0.0,0.0626,0.0,0.0,0.6802,0.0,0.0,0.0,0.0626,0.0,0.0,0.5857,0.0,0.0,0.0,0.0544,C1,word_pos,nourrisson,N,nourrisson,NOM
orphelinat,NOUN,C1,beacco,0.0,0.0626,0.0,0.0,0.6802,0.0,0.0,0.0,0.0626,0.0,0.0,0.5857,0.0,0.0,0.0,0.0544,C1,word_pos,orphelinat,N,orphelinat,NOM
panel,NOUN,C1,beacco,0.0,0.0626,0.0,0.0,0.6802,0.0,0.0,0.0,0.0626,0.0,0.0,0.5857,0.0,0.0,0.0,0.0544,C1,word_pos,panel,N,panel,NOM
philatéliste,NOUN,C1,beacco,0.0,0.0626,0.0,0.0,0.6802,0.0,0.0,0.0,0.0626,0.0,0.0,0.5857,0.0,0.0,0.0,0.0544,C1,word_pos,philatéliste,N,philatéliste,NOM
piment,NOUN,C1,beacco,0.0,0.0626,0.0,0.0,0.6802,0.0,0.0,0.0,0.0626,0.0,0.0,0.5857,0.0,0.0,0.0,0.0544,C1,word_pos,piment,N,piment,NOM
pneumatique,NOUN,C1,beacco,0.0,0.0626,0.0,0.0,0.6802,0.0,0.0,0.0,0.0626,0.0,0.0,0.5857,0.0,0.0,0.0,0.0544,C1,word_pos,pneumatique,N,pneumatique,NOM
ravageur,ADJ,C1,beacco,0.0,0.0626,0.0,0.0,0.6802,0.0,0.0,0.0,0.0626,0.0,0.0,0.5857,0.0,0.0,0.0,0.0544,C1,word_pos,ravageur,A,ravageur,ADJ
requin,NOUN,C1,beacco,0.0,0.0626,0.0,0.0,0.6802,0.0,0.0,0.0,0.0626,0.0,0.0,1.1713,0.0,0.0,0.0,0.1088,C1,word_pos,requin,N,requin,NOM
roter,VERB,C1,beacco,0.0,0.0626,0.0,0.0,0.6802,0.0,0.0,0.0,0.0626,0.0,0.0,0.5857,0.0,0.0,0.0,0.0544,C1,word_pos,roter,V,roter,VER
récalcitrant,ADJ,C1,beacco,0.0,0.0626,0.0,0.0,0.6802,0.0,0.0,0.0,0.0626,0.0,0.0,0.5857,0.0,0.0,0.0,0.0544,C1,word_pos,récalcitrant,A,récalcitrant,ADJ
sacrilège,NOUN,C1,beacco,0.0,0.0626,0.0,0.0,0.6802,0.0,0.0,0.0,0.0626,0.0,0.0,0.5857,0.0,0.0,0.0,0.0544,C1,word_pos,sacrilège,N,sacrilège,NOM
sylvestre,ADJ,C1,beacco,0.0,0.0626,0.0,0.0,0.6802,0.0,0.0,0.0,0.0626,0.0,0.0,0.5857,0.0,0.0,0.0,0.0544,C1,word_pos,sylvestre,A,sylvestre,ADJ
sécheur,NOUN,C1,beacco,0.0,0.0626,0.0,0.0,0.6802,0.0,0.0,0.0,0.0626,0.0,0.0,0.5857,0.0,0.0,0.0,0.0544,C1,word_pos,sécheur,N,sécheur,NOM
taciturne,ADJ,C1,beacco,0.0,0.0626,0.0,0.0,0.6802,0.0,0.0,0.0,0.0626,0.0,0.0,0.5857,0.0,0.0,0.0,0.0544,C1,word_pos,taciturne,A,taciturne,ADJ
tauzin,NOUN,C1,beacco,0.0,0.0626,0.0,0.0,0.6802,0.0,0.0,0.0,0.0626,0.0,0.0,0.5857,0.0,0.0,0.0,0.0544,C1,word_pos,tauzin,N,tauzin,NOM
taverne,NOUN,C1,beacco,0.0,0.0626,0.0,0.0,0.6802,0.0,0.0,0.0,0.0626,0.0,0.0,0.5857,0.0,0.0,0.0,0.0544,C1,word_pos,taverne,N,taverne,NOM
trôner,VERB,C1,beacco,0.0,0.0626,0.0,0.0,0.6802,0.0,0.0,0.0,0.0626,0.0,0.0,0.5857,0.0,0.0,0.0,0.0544,C1,word_pos,trôner,V,trôner,VER
vertébré,NOUN,C1,beacco,0.0,0.0626,0.0,0.0,0.6802,0.0,0.0,0.0,0.0626,0.0,0.0,0.5857,0.0,0.0,0.0,0.0544,C1,word_pos,vertébré,N,vertébré,NOM
électriser,VERB,C1,beacco,0.0,0.0616,0.0,1.2196,0.0,0.0,0.0,0.0,0.0616,0.0,0.9327,0.0,0.0,0.0,0.0,0.0676,C1,word_pos,électriser,V,électriser,VER
absolu,NOUN,C1,beacco,0.0,0.0614,,,,,,,,0.0,0.0,0.0,2.2839,0.0,0.0,0.0614,C1,beacco_only,,,absolu,NOM
ad,ADV,C1,beacco,0.0,0.0614,,,,,,,,0.0,0.0,0.0,2.2839,0.0,0.0,0.0614,C1,beacco_only,,,ad,ADV
arrière-grands-parents,NOUN,C1,beacco,0.0,0.0614,,,,,,,,0.0,0.0,0.0,2.2839,0.0,0.0,0.0614,C1,beacco_only,,,arrière-grands-parents,NOM
barbeler,VERB,C1,beacco,0.0,0.0614,,,,,,,,0.0,0.0,0.0,2.2839,0.0,0.0,0.0614,C1,beacco_only,,,barbeler,VER
casse-cou,NOUN,C1,beacco,0.0,0.0614,,,,,,,,0.0,0.0,0.0,2.2839,0.0,0.0,0.0614,C1,beacco_only,,,casse-cou,NOM
clope,NOUN,C1,beacco,0.0,0.0614,,,,,,,,0.0,0.0,0.0,2.2839,0.0,0.0,0.0614,C1,beacco_only,,,clope,NOM
compte-gouttes,NOUN,C1,beacco,0.0,0.0614,,,,,,,,0.0,0.0,0.0,2.2839,0.0,0.0,0.0614,C1,beacco_only,,,compte-gouttes,NOM
contre-don,NOUN,C1,beacco,0.0,0.0614,,,,,,,,0.0,0.0,0.0,2.2839,0.0,0.0,0.0614,C1,beacco_only,,,contre-don,NOM
couche-tôt,ADJ,C1,beacco,0.0,0.0614,,,,,,,,0.0,0.0,0.0,2.2839,0.0,0.0,0.0614,C1,beacco_only,,,couche-tôt,ADJ
cribler,VERB,C1,beacco,0.0,0.0614,,,,,,,,0.0,0.0,0.0,2.2839,0.0,0.0,0.0614,C1,beacco_only,,,cribler,VER
différé,ADJ,C1,beacco,0.0,0.0614,,,,,,,,0.0,0.0,0.0,2.2839,0.0,0.0,0.0614,C1,beacco_only,,,différé,ADJ
exempt,ADJ,C1,beacco,0.0,0.0614,,,,,,,,0.0,0.0,0.0,2.2839,0.0,0.0,0.0614,C1,beacco_only,,,exempt,ADJ
hoc,ADV,C1,beacco,0.0,0.0614,,,,,,,,0.0,0.0,0.0,2.2839,0.0,0.0,0.0614,C1,beacco_only,,,hoc,ADV
honnête,NOUN,C1,beacco,0.0,0.0614,,,,,,,,0.0,0.0,0.0,2.2839,0.0,0.0,0.0614,C1,beacco_only,,,honnête,NOM
interposé,ADJ,C1,beacco,0.0,0.0614,,,,,,,,0.0,0.0,0.0,2.2839,0.0,0.0,0.0614,C1,beacco_only,,,interposé,ADJ
lancée,NOUN,C1,beacco,0.0,0.0614,,,,,,,,0.0,0.0,0.0,2.2839,0.0,0.0,0.0614,C1,beacco_only,,,lancée,NOM
messin,NOUN,C1,beacco,0.0,0.0614,,,,,,,,0.0,0.0,0.0,2.2839,0.0,0.0,0.0614,C1,beacco_only,,,messin,NOM
ocrer,VERB,C1,beacco,0.0,0.0614,,,,,,,,0.0,0.0,0.0,2.2839,0.0,0.0,0.0614,C1,beacco_only,,,ocrer,VER
portant,NOUN,C1,beacco,0.0,0.0614,,,,,,,,0.0,0.0,0.0,2.2839,0.0,0.0,0.0614,C1,beacco_only,,,portant,NOM
rond-point,NOUN,C1,beacco,0.0,0.0614,,,,,,,,0.0,0.0,0.0,2.2839,0.0,0.0,0.0614,C1,beacco_only,,,rond-point,NOM
sauropodes,NOUN,C1,beacco,0.0,0.0614,,,,,,,,0.0,0.0,0.0,2.2839,0.0,0.0,0.0614,C1,beacco_only,,,sauropodes,NOM
serbo-croate,NOUN,C1,beacco,0.0,0.0614,,,,,,,,0.0,0.0,0.0,2.2839,0.0,0.0,0.0614,C1,beacco_only,,,serbo-croate,NOM
sous-titrer,VERB,C1,beacco,0.0,0.0614,,,,,,,,0.0,0.0,0.0,2.2839,0.0,0.0,0.0614,C1,beacco_only,,,sous-titrer,VER
sud-américain,ADJ,C1,beacco,0.0,0.0614,,,,,,,,0.0,0.0,0.0,2.2839,0.0,0.0,0.0614,C1,beacco_only,,,sud-américain,ADJ
séquencé,ADJ,C1,beacco,0.0,0.0614,,,,,,,,0.0,0.0,0.0,2.2839,0.0,0.0,0.0614,C1,beacco_only,,,séquencé,ADJ
terminologie,NOUN,C1,beacco,0.0,0.0614,,,,,,,,0.0,0.0,0.0,2.2839,0.0,0.0,0.0614,C1,beacco_only,,,terminologie,NOM
tic-tac,NOUN,C1,beacco,0.0,0.0614,,,,,,,,0.0,0.0,0.0,2.2839,0.0,0.0,0.0614,C1,beacco_only,,,tic-tac,NOM
tout-petit,NOUN,C1,beacco,0.0,0.0614,,,,,,,,0.0,0.0,0.0,2.2839,0.0,0.0,0.0614,C1,beacco_only,,,tout-petit,NOM
variant,ADJ,C1,beacco,0.0,0.0614,,,,,,,,0.0,0.0,0.0,2.2839,0.0,0.0,0.0614,C1,beacco_only,,,variant,ADJ
arrière-grand-père,NOUN,C1,beacco,0.0,0.0613,,,,,,,,3.3369,0.0,0.0,0.0,0.0,0.0,0.0613,C1,beacco_only,,,arrière-grand-père,NOM
frotte,NOUN,C1,beacco,0.0,0.0595,0.0,1.1794,0.0,0.0,0.0,0.0,0.0595,0.0,1.2222,0.0,0.0,0.0,0.0,0.0589,C1,word_pos,frotte,N,frotte,NOM
après-guerre,NOUN,C1,beacco,0.0,0.0592,,,,,,,,0.0,0.0,0.6378,0.0,0.0,0.0,0.0592,C1,beacco_only,,,après-guerre,NOM
clodo,NOUN,C1,beacco,0.0,0.0592,,,,,,,,0.0,0.0,0.6378,0.0,0.0,0.0,0.0592,C1,beacco_only,,,clodo,NOM
conjoindre,VERB,C1,beacco,0.0,0.0592,,,,,,,,0.0,0.0,0.6378,0.0,0.0,0.0,0.0592,C1,beacco_only,,,conjoindre,VER
courante,NOUN,C1,beacco,0.0,0.0592,,,,,,,,0.0,0.0,0.6378,0.0,0.0,0.0,0.0592,C1,beacco_only,,,courante,NOM
demi-pension,NOUN,C1,beacco,0.0,0.0592,,,,,,,,0.0,0.0,0.6378,0.0,0.0,0.0,0.0592,C1,beacco_only,,,demi-pension,NOM
familial,NOUN,C1,beacco,0.0,0.0592,,,,,,,,0.0,0.0,0.6378,0.0,0.0,0.0,0.0592,C1,beacco_only,,,familial,NOM
fauter,VERB,C1,beacco,0.0,0.0592,,,,,,,,0.0,0.0,0.6378,0.0,0.0,0.0,0.0592,C1,beacco_only,,,fauter,VER
fayard,NOUN,C1,beacco,0.0,0.0592,,,,,,,,0.0,0.0,0.6378,0.0,0.0,0.0,0.0592,C1,beacco_only,,,fayard,NOM
gestionnaire,ADJ,C1,beacco,0.0,0.0592,,,,,,,,0.0,0.0,0.6378,0.0,0.0,0.0,0.0592,C1,beacco_only,,,gestionnaire,ADJ
gratte-ciel,NOUN,C1,beacco,0.0,0.0592,,,,,,,,0.0,0.0,0.6378,0.0,0.0,0.0,0.0592,C1,beacco_only,,,gratte-ciel,NOM
hypertrophier,VERB,C1,beacco,0.0,0.0592,,,,,,,,0.0,0.0,0.6378,0.0,0.0,0.0,0.0592,C1,beacco_only,,,hypertrophier,VER
inconvénient,ADJ,C1,beacco,0.0,0.0592,,,,,,,,0.0,0.0,0.6378,0.0,0.0,0.0,0.0592,C1,beacco_only,,,inconvénient,ADJ
interner,VERB,C1,beacco,0.0,0.0592,,,,,,,,0.0,0.0,0.6378,0.0,0.0,0.0,0.0592,C1,beacco_only,,,interner,VER
major,ADJ,C1,beacco,0.0,0.0592,,,,,,,,0.0,0.0,0.6378,0.0,0.0,0.0,0.0592,C1,beacco_only,,,major,ADJ
micro-onde,NOUN,C1,beacco,0.0,0.0592,,,,,,,,0.0,0.0,0.6378,0.0,0.0,0.0,0.0592,C1,beacco_only,,,micro-onde,NOM
micro-organisme,NOUN,C1,beacco,0.0,0.0592,,,,,,,,0.0,0.0,0.6378,0.0,0.0,0.0,0.0592,C1,beacco_only,,,micro-organisme,NOM
moutarder,VERB,C1,beacco,0.0,0.0592,,,,,,,,0.0,0.0,0.6378,0.0,0.0,0.0,0.0592,C1,beacco_only,,,moutarder,VER
priori,NOUN,C1,beacco,0.0,0.0592,,,,,,,,0.0,0.0,0.6378,0.0,0.0,0.0,0.0592,C1,beacco_only,,,priori,NOM
privation,NOUN,C1,beacco,0.0,0.0592,,,,,,,,0.0,0.0,0.6378,0.0,0.0,0.0,0.0592,C1,beacco_only,,,privation,NOM
pédagogue,ADJ,C1,beacco,0.0,0.0592,,,,,,,,0.0,0.0,0.6378,0.0,0.0,0.0,0.0592,C1,beacco_only,,,pédagogue,ADJ
quidam,NOUN,C1,beacco,0.0,0.0592,,,,,,,,0.0,0.0,0.6378,0.0,0.0,0.0,0.0592,C1,beacco_only,,,quidam,NOM
rigolote,ADJ,C1,beacco,0.0,0.0592,,,,,,,,0.0,0.0,0.6378,0.0,0.0,0.0,0.0592,C1,beacco_only,,,rigolote,ADJ
répondeur,ADJ,C1,beacco,0.0,0.0592,,,,,,,,0.0,0.0,0.6378,0.0,0.0,0.0,0.0592,C1,beacco_only,,,répondeur,ADJ
saupoudrer,VERB,C1,beacco,0.0,0.0592,,,,,,,,0.0,0.0,0.6378,0.0,0.0,0.0,0.0592,C1,beacco_only,,,saupoudrer,VER
single,ADJ,C1,beacco,0.0,0.0592,,,,,,,,0.0,0.0,0.6378,0.0,0.0,0.0,0.0592,C1,beacco_only,,,single,ADJ
socio-éducatif,ADJ,C1,beacco,0.0,0.0592,,,,,,,,0.0,0.0,0.6378,0.0,0.0,0.0,0.0592,C1,beacco_only,,,socio-éducatif,ADJ
sous-marinier,ADJ,C1,beacco,0.0,0.0592,,,,,,,,0.0,0.0,0.6378,0.0,0.0,0.0,0.0592,C1,beacco_only,,,sous-marinier,ADJ
timbre-poste,NOUN,C1,beacco,0.0,0.0592,,,,,,,,0.0,0.0,0.6378,0.0,0.0,0.0,0.0592,C1,beacco_only,,,timbre-poste,NOM
tortillé,ADJ,C1,beacco,0.0,0.0592,,,,,,,,0.0,0.0,0.6378,0.0,0.0,0.0,0.0592,C1,beacco_only,,,tortillé,ADJ
touchant,PREP,C1,beacco,0.0,0.0592,,,,,,,,0.0,0.0,0.6378,0.0,0.0,0.0,0.0592,C1,beacco_only,,,touchant,PRP
trompeter,VERB,C1,beacco,0.0,0.0592,,,,,,,,0.0,0.0,0.6378,0.0,0.0,0.0,0.0592,C1,beacco_only,,,trompeter,VER
vlan,INT,C1,beacco,0.0,0.0592,,,,,,,,0.0,0.0,0.6378,0.0,0.0,0.0,0.0592,C1,beacco_only,,,vlan,INT
éperdre,VERB,C1,beacco,0.0,0.0592,,,,,,,,0.0,0.0,0.6378,0.0,0.0,0.0,0.0592,C1,beacco_only,,,éperdre,VER
toc,INT,C1,beacco,0.0,0.0589,,,,,,,,0.0,1.2222,0.0,0.0,0.0,0.0,0.0589,C1,beacco_only,,,toc,INT
dinar,NOUN,C1,beacco,0.0,0.0581,3.015,0.0,0.0,0.0,0.0,0.0,0.0581,1.8101,0.0,0.0,0.0,0.0,0.0,0.0912,C1,word_pos,dinar,N,dinar,NOM
attribuable,ADJ,C1,beacco,0.0,0.0573,0.0,0.0,0.6228,0.0,0.0,0.0,0.0573,0.0,0.0,0.7812,0.0,0.0,0.0,0.0726,C1,word_pos,attribuable,A,attribuable,ADJ
républicain,NOUN,C1,beacco,0.0,0.0573,0.0,0.0,0.6228,0.0,0.0,0.0,0.0573,0.0,0.0,1.1717,0.0,0.0,0.0,0.1088,C1,word_pos,républicain,N,républicain,NOM
couac,NOUN,C1,beacco,0.0,0.0568,,,,,,,,0.0,0.0,0.6118,0.0,0.0,0.0,0.0568,C1,beacco_only,,,couac,NOM
narcotiser,VERB,C1,beacco,0.0,0.0566,0.0,0.0,0.0,2.4776,0.0,0.0,0.0566,0.0,0.0,0.0,2.6036,0.0,0.0,0.07,C1,word_pos,narcotiser,V,narcotiser,VER
étrangement,ADV,C1,beacco,0.0,0.0566,0.0,0.0,0.0,2.4776,0.0,0.0,0.0566,0.0,0.0,0.0,2.6036,0.0,0.0,0.07,C1,word_pos,étrangement,ADV,étrangement,ADV
pistole,NOUN,C1,beacco,0.0,0.0564,0.0,0.0,0.6122,0.0,0.0,0.0,0.0564,0.0,0.0,0.8634,0.0,0.0,0.0,0.0802,C1,word_pos,pistole,N,pistole,NOM
affamé,ADJ,C1,beacco,0.0,0.0558,,,,,,,,0.0,0.0,0.2331,0.0,0.0,0.0,0.0558,C1,beacco_only,,,affamé,ADJ
chef-d'oeuvre,NOUN,C1,beacco,0.0,0.0558,,,,,,,,0.0,0.0,0.2331,0.0,0.0,0.0,0.0558,C1,beacco_only,,,chef-d'oeuvre,NOM
cigarière,NOUN,C1,beacco,0.0,0.0558,,,,,,,,0.0,0.0,0.2331,0.0,0.0,0.0,0.0558,C1,beacco_only,,,cigarière,NOM
cuadrilla,NOUN,C1,beacco,0.0,0.0558,,,,,,,,0.0,0.0,0.2331,0.0,0.0,0.0,0.0558,C1,beacco_only,,,cuadrilla,NOM
dépens,NOUN,C1,beacco,0.0,0.0558,,,,,,,,0.0,0.0,0.2331,0.0,0.0,0.0,0.0558,C1,beacco_only,,,dépens,NOM
paseo,NOUN,C1,beacco,0.0,0.0558,,,,,,,,0.0,0.0,0.2331,0.0,0.0,0.0,0.0558,C1,beacco_only,,,paseo,NOM
rétabli,ADJ,C1,beacco,0.0,0.0558,,,,,,,,0.0,0.0,0.2331,0.0,0.0,0.0,0.0558,C1,beacco_only,,,rétabli,ADJ
symphonie,NOUN,C1,beacco,0.0,0.0558,,,,,,,,0.0,0.0,0.2331,0.0,0.0,0.0,0.0558,C1,beacco_only,,,symphonie,NOM
trousse,NOUN,C1,beacco,0.0,0.0558,,,,,,,,0.0,0.0,0.2331,0.0,0.0,0.0,0.0558,C1,beacco_only,,,trousse,NOM
mélodieux,ADJ,C1,beacco,0.0,0.0555,0.0,0.0,0.6028,0.0,0.0,0.0,0.0555,0.0,0.0,0.6118,0.0,0.0,0.0,0.0568,C1,word_pos,mélodieux,A,mélodieux,ADJ
trappe,NOUN,C1,beacco,0.0,0.0555,0.0,0.0,0.6028,0.0,0.0,0.0,0.0555,0.0,0.0,1.2237,0.0,0.0,0.0,0.1137,C1,word_pos,trappe,N,trappe,NOM
basket-ball,NOUN,C1,beacco,0.0,0.0553,,,,,,,,0.0,0.4258,0.0,0.0,0.0,0.0,0.0553,C1,beacco_only,,,basket-ball,NOM
alexandra,NOUN,C1,beacco,0.0,0.0544,,,,,,,,0.0,0.0,0.5857,0.0,0.0,0.0,0.0544,C1,beacco_only,,,alexandra,NOM
asservissant,ADJ,C1,beacco,0.0,0.0544,,,,,,,,0.0,0.0,0.5857,0.0,0.0,0.0,0.0544,C1,beacco_only,,,asservissant,ADJ
auspice,NOUN,C1,beacco,0.0,0.0544,,,,,,,,0.0,0.0,0.5857,0.0,0.0,0.0,0.0544,C1,beacco_only,,,auspice,NOM
ci-dessous,ADV,C1,beacco,0.0,0.0544,,,,,,,,0.0,0.0,0.5857,0.0,0.0,0.0,0.0544,C1,beacco_only,,,ci-dessous,ADV
colin-maillard,NOUN,C1,beacco,0.0,0.0544,,,,,,,,0.0,0.0,0.5857,0.0,0.0,0.0,0.0544,C1,beacco_only,,,colin-maillard,NOM
collégien,ADJ,C1,beacco,0.0,0.0544,,,,,,,,0.0,0.0,0.5857,0.0,0.0,0.0,0.0544,C1,beacco_only,,,collégien,ADJ
commanderie,NOUN,C1,beacco,0.0,0.0544,,,,,,,,0.0,0.0,0.5857,0.0,0.0,0.0,0.0544,C1,beacco_only,,,commanderie,NOM
da,INT,C1,beacco,0.0,0.0544,,,,,,,,0.0,0.0,0.5857,0.0,0.0,0.0,0.0544,C1,beacco_only,,,da,INT
envi,ADV,C1,beacco,0.0,0.0544,,,,,,,,0.0,0.0,0.5857,0.0,0.0,0.0,0.0544,C1,beacco_only,,,envi,ADV
franque,ADJ,C1,beacco,0.0,0.0544,,,,,,,,0.0,0.0,0.5857,0.0,0.0,0.0,0.0544,C1,beacco_only,,,franque,ADJ
intégral,NOUN,C1,beacco,0.0,0.0544,,,,,,,,0.0,0.0,0.5857,0.0,0.0,0.0,0.0544,C1,beacco_only,,,intégral,NOM
long,ADV,C1,beacco,0.0,0.0544,,,,,,,,0.0,0.0,0.5857,0.0,0.0,0.0,0.0544,C1,beacco_only,,,long,ADV
majeur,NOUN,C1,beacco,0.0,0.0544,,,,,,,,0.0,0.0,0.5857,0.0,0.0,0.0,0.0544,C1,beacco_only,,,majeur,NOM
malle-poste,NOUN,C1,beacco,0.0,0.0544,,,,,,,,0.0,0.0,0.5857,0.0,0.0,0.0,0.0544,C1,beacco_only,,,malle-poste,NOM
minima,ADV,C1,beacco,0.0,0.0544,,,,,,,,0.0,0.0,0.5857,0.0,0.0,0.0,0.0544,C1,beacco_only,,,minima,ADV
momifier,VERB,C1,beacco,0.0,0.0544,,,,,,,,0.0,0.0,0.5857,0.0,0.0,0.0,0.0544,C1,beacco_only,,,momifier,VER
mongolie,NOUN,C1,beacco,0.0,0.0544,,,,,,,,0.0,0.0,0.5857,0.0,0.0,0.0,0.0544,C1,beacco_only,,,mongolie,NOM
na,INT,C1,beacco,0.0,0.0544,,,,,,,,0.0,0.0,0.5857,0.0,0.0,0.0,0.0544,C1,beacco_only,,,na,INT
neuvième,NOUN,C1,beacco,0.0,0.0544,,,,,,,,0.0,0.0,0.5857,0.0,0.0,0.0,0.0544,C1,beacco_only,,,neuvième,NOM
penne,NOUN,C1,beacco,0.0,0.0544,,,,,,,,0.0,0.0,0.5857,0.0,0.0,0.0,0.0544,C1,beacco_only,,,penne,NOM
pur-sang,NOUN,C1,beacco,0.0,0.0544,,,,,,,,0.0,0.0,0.5857,0.0,0.0,0.0,0.0544,C1,beacco_only,,,pur-sang,NOM
rabat-joie,ADJ,C1,beacco,0.0,0.0544,,,,,,,,0.0,0.0,0.5857,0.0,0.0,0.0,0.0544,C1,beacco_only,,,rabat-joie,ADJ
rager,VERB,C1,beacco,0.0,0.0544,,,,,,,,0.0,0.0,0.5857,0.0,0.0,0.0,0.0544,C1,beacco_only,,,rager,VER
rot,NOUN,C1,beacco,0.0,0.0544,,,,,,,,0.0,0.0,0.5857,0.0,0.0,0.0,0.0544,C1,beacco_only,,,rot,NOM
râle,NOUN,C1,beacco,0.0,0.0544,,,,,,,,0.0,0.0,0.5857,0.0,0.0,0.0,0.0544,C1,beacco_only,,,râle,NOM
réciproque,NOUN,C1,beacco,0.0,0.0544,,,,,,,,0.0,0.0,0.5857,0.0,0.0,0.0,0.0544,C1,beacco_only,,,réciproque,NOM
sacrément,ADV,C1,beacco,0.0,0.0544,,,,,,,,0.0,0.0,0.5857,0.0,0.0,0.0,0.0544,C1,beacco_only,,,sacrément,ADV
saint-pierre,NOUN,C1,beacco,0.0,0.0544,,,,,,,,0.0,0.0,0.5857,0.0,0.0,0.0,0.0544,C1,beacco_only,,,saint-pierre,NOM
sus,ADV,C1,beacco,0.0,0.0544,,,,,,,,0.0,0.0,0.5857,0.0,0.0,0.0,0.0544,C1,beacco_only,,,sus,ADV
thuringien,ADJ,C1,beacco,0.0,0.0544,,,,,,,,0.0,0.0,0.5857,0.0,0.0,0.0,0.0544,C1,beacco_only,,,thuringien,ADJ
vêtu,ADJ,C1,beacco,0.0,0.0544,,,,,,,,0.0,0.0,0.5857,0.0,0.0,0.0,0.0544,C1,beacco_only,,,vêtu,ADJ
égyptologue,NOUN,C1,beacco,0.0,0.0544,,,,,,,,0.0,0.0,0.5857,0.0,0.0,0.0,0.0544,C1,beacco_only,,,égyptologue,NOM
boniface,ADJ,C1,beacco,0.0,0.0538,,,,,,,,2.9277,0.0,0.0,0.0,0.0,0.0,0.0538,C1,beacco_only,,,boniface,ADJ
anatomie,NOUN,C1,beacco,0.0,0.0537,0.0,0.0,0.5833,0.0,0.0,0.0,0.0537,0.0,0.0,1.1062,0.0,0.0,0.0,0.1028,C1,word_pos,anatomie,N,anatomie,NOM
aqueduc,NOUN,C1,beacco,0.0,0.0537,0.0,0.0,0.5833,0.0,0.0,0.0,0.0537,0.0,0.0,1.1062,0.0,0.0,0.0,0.1028,C1,word_pos,aqueduc,N,aqueduc,NOM
attestation,NOUN,C1,beacco,0.0,0.0537,0.0,0.0,0.5833,0.0,0.0,0.0,0.0537,0.0,0.0,0.5531,0.0,0.0,0.0,0.0514,C1,word_pos,attestation,N,attestation,NOM
bobsleigh,NOUN,C1,beacco,0.0,0.0537,0.0,0.0,0.5833,0.0,0.0,0.0,0.0537,0.0,0.0,0.5531,0.0,0.0,0.0,0.0514,C1,word_pos,bobsleigh,N,bobsleigh,NOM
bâtisseur,NOUN,C1,beacco,0.0,0.0537,0.0,0.0,0.5833,0.0,0.0,0.0,0.0537,0.0,0.0,0.5531,0.0,0.0,0.0,0.0514,C1,word_pos,bâtisseur,N,bâtisseur,NOM
cartel,NOUN,C1,beacco,0.0,0.0537,0.0,0.0,0.5833,0.0,0.0,0.0,0.0537,0.0,0.0,0.5531,0.0,0.0,0.0,0.0514,C1,word_pos,cartel,N,cartel,NOM
charter,NOUN,C1,beacco,0.0,0.0537,0.0,0.0,0.5833,0.0,0.0,0.0,0.0537,0.0,0.0,0.5531,0.0,0.0,0.0,0.0514,C1,word_pos,charter,N,charter,NOM
conjonction,NOUN,C1,beacco,0.0,0.0537,0.0,0.0,0.5833,0.0,0.0,0.0,0.0537,0.0,0.0,0.5531,0.0,0.0,0.0,0.0514,C1,word_pos,conjonction,N,conjonction,NOM
couturier,ADJ,C1,beacco,0.0,0.0537,0.0,0.0,0.5833,0.0,0.0,0.0,0.0537,0.0,1.2017,0.0,0.0,0.0,0.0,0.0912,C1,word_pos,couturier,A,couturier,ADJ
cruellement,ADV,C1,beacco,0.0,0.0537,0.0,0.0,0.5833,0.0,0.0,0.0,0.0537,0.0,0.0,0.5531,0.0,0.0,0.0,0.0514,C1,word_pos,cruellement,ADV,cruellement,ADV
descendeur,NOUN,C1,beacco,0.0,0.0537,0.0,0.0,0.5833,0.0,0.0,0.0,0.0537,0.0,0.0,0.5531,0.0,0.0,0.0,0.0514,C1,word_pos,descendeur,N,descendeur,NOM
déficitaire,ADJ,C1,beacco,0.0,0.0537,0.0,0.0,0.5833,0.0,0.0,0.0,0.0537,0.0,0.0,0.5531,0.0,0.0,0.0,0.0514,C1,word_pos,déficitaire,A,déficitaire,ADJ
ethnologique,ADJ,C1,beacco,0.0,0.0537,0.0,0.0,0.5833,0.0,0.0,0.0,0.0537,0.0,0.0,0.5531,0.0,0.0,0.0,0.0514,C1,word_pos,ethnologique,A,ethnologique,ADJ
exclu,NOUN,C1,beacco,0.0,0.0537,0.0,0.0,0.5833,0.0,0.0,0.0,0.0537,0.0,0.0,0.5531,0.0,0.0,0.0,0.0514,C1,unique_word,exclu,N,exclu,ADJ
impartialité,NOUN,C1,beacco,0.0,0.0537,0.0,0.0,0.5833,0.0,0.0,0.0,0.0537,0.0,0.0,0.5531,0.0,0.0,0.0,0.0514,C1,word_pos,impartialité,N,impartialité,NOM
inadaptation,NOUN,C1,beacco,0.0,0.0537,0.0,0.0,0.5833,0.0,0.0,0.0,0.0537,0.0,0.0,0.5531,0.0,0.0,0.0,0.0514,C1,word_pos,inadaptation,N,inadaptation,NOM
interjection,NOUN,C1,beacco,0.0,0.0537,0.0,0.0,0.5833,0.0,0.0,0.0,0.0537,0.0,0.0,0.5531,0.0,0.0,0.0,0.0514,C1,word_pos,interjection,N,interjection,NOM
millionnaire,NOUN,C1,beacco,0.0,0.0537,0.0,0.0,0.5833,0.0,0.0,0.0,0.0537,0.0,0.0,0.5531,0.0,0.0,0.0,0.0514,C1,word_pos,millionnaire,N,millionnaire,NOM
modélisme,NOUN,C1,beacco,0.0,0.0537,0.0,0.0,0.5833,0.0,0.0,0.0,0.0537,0.0,0.0,0.5531,0.0,0.0,0.0,0.0514,C1,word_pos,modélisme,N,modélisme,NOM
méditer,VERB,C1,beacco,0.0,0.0537,0.0,0.0,0.5833,0.0,0.0,0.0,0.0537,0.0,0.0,0.5531,0.0,0.0,0.0,0.0514,C1,word_pos,méditer,V,méditer,VER
nain,NOUN,C1,beacco,0.0,0.0537,2.7884,0.0,0.0,0.0,0.0,0.0,0.0537,7.511,0.0,0.0,0.0,0.0,0.0,0.1379,C1,word_pos,nain,N,nain,NOM
nationalisme,NOUN,C1,beacco,0.0,0.0537,0.0,0.0,0.5833,0.0,0.0,0.0,0.0537,0.0,0.0,0.5531,0.0,0.0,0.0,0.0514,C1,word_pos,nationalisme,N,nationalisme,NOM
névrotique,ADJ,C1,beacco,0.0,0.0537,0.0,0.0,0.5833,0.0,0.0,0.0,0.0537,0.0,0.0,0.5531,0.0,0.0,0.0,0.0514,C1,word_pos,névrotique,A,névrotique,ADJ
océanien,ADJ,C1,beacco,0.0,0.0537,0.0,0.0,0.5833,0.0,0.0,0.0,0.0537,0.0,0.0,0.5531,0.0,0.0,0.0,0.0514,C1,word_pos,océanien,A,océanien,ADJ
pensionnaire,NOUN,C1,beacco,0.0,0.0537,0.0,0.0,0.5833,0.0,0.0,0.0,0.0537,0.0,0.0,0.5531,0.0,0.0,0.0,0.0514,C1,word_pos,pensionnaire,N,pensionnaire,NOM
protoxyde,NOUN,C1,beacco,0.0,0.0537,0.0,0.0,0.5833,0.0,0.0,0.0,0.0537,0.0,0.0,0.5531,0.0,0.0,0.0,0.0514,C1,word_pos,protoxyde,N,protoxyde,NOM
pédalo,NOUN,C1,beacco,0.0,0.0537,0.0,0.0,0.5833,0.0,0.0,0.0,0.0537,0.0,0.0,0.5531,0.0,0.0,0.0,0.0514,C1,word_pos,pédalo,N,pédalo,NOM
renchérissement,NOUN,C1,beacco,0.0,0.0537,0.0,0.0,0.5833,0.0,0.0,0.0,0.0537,0.0,0.0,0.5531,0.0,0.0,0.0,0.0514,C1,word_pos,renchérissement,N,renchérissement,NOM
rhumatisme,NOUN,C1,beacco,0.0,0.0537,0.0,0.0,0.5833,0.0,0.0,0.0,0.0537,0.0,0.0,0.5531,0.0,0.0,0.0,0.0514,C1,word_pos,rhumatisme,N,rhumatisme,NOM
rétamer,VERB,C1,beacco,0.0,0.0537,0.0,0.0,0.5833,0.0,0.0,0.0,0.0537,0.0,0.0,1.1062,0.0,0.0,0.0,0.1028,C1,word_pos,rétamer,V,rétamer,VER
satiété,NOUN,C1,beacco,0.0,0.0537,0.0,0.0,0.5833,0.0,0.0,0.0,0.0537,0.0,0.0,0.5531,0.0,0.0,0.0,0.0514,C1,word_pos,satiété,N,satiété,NOM
scie,NOUN,C1,beacco,0.0,0.0537,0.0,0.0,0.5833,0.0,0.0,0.0,0.0537,0.0,0.0,1.1062,0.0,0.0,0.0,0.1028,C1,word_pos,scie,N,scie,NOM
supplique,NOUN,C1,beacco,0.0,0.0537,0.0,0.0,0.5833,0.0,0.0,0.0,0.0537,0.0,0.0,0.5531,0.0,0.0,0.0,0.0514,C1,word_pos,supplique,N,supplique,NOM
texto,NOUN,C1,beacco,0.0,0.0537,0.0,0.0,0.5833,0.0,0.0,0.0,0.0537,0.0,0.0,1.1062,0.0,0.0,0.0,0.1028,C1,unique_word,texto,N,texto,ADV
thalassothérapie,NOUN,C1,beacco,0.0,0.0537,0.0,0.0,0.5833,0.0,0.0,0.0,0.0537,0.0,0.0,0.5531,0.0,0.0,0.0,0.0514,C1,word_pos,thalassothérapie,N,thalassothérapie,NOM
tombola,NOUN,C1,beacco,0.0,0.0537,0.0,0.0,0.5833,0.0,0.0,0.0,0.0537,0.0,0.0,0.5531,0.0,0.0,0.0,0.0514,C1,word_pos,tombola,N,tombola,NOM
traire,VERB,C1,beacco,0.0,0.0537,0.0,0.0,0.5833,0.0,0.0,0.0,0.0537,0.0,0.0,0.0,0.0,4.139,0.0,0.0975,C1,word_pos,traire,V,traire,VER
tringle,NOUN,C1,beacco,0.0,0.0537,0.0,0.0,0.5833,0.0,0.0,0.0,0.0537,0.0,0.0,1.1062,0.0,0.0,0.0,0.1028,C1,word_pos,tringle,N,tringle,NOM
vitré,ADJ,C1,beacco,0.0,0.0537,0.0,0.0,0.5833,0.0,0.0,0.0,0.0537,0.0,0.0,0.5531,0.0,0.0,0.0,0.0514,C1,word_pos,vitré,A,vitré,ADJ
éponge,NOUN,C1,beacco,0.0,0.0537,0.0,0.0,0.5833,0.0,0.0,0.0,0.0537,0.0,0.0,0.5531,0.0,0.0,0.0,0.0514,C1,word_pos,éponge,N,éponge,NOM
désobéir,VERB,C1,beacco,0.0,0.0525,0.0,1.0395,0.0,0.0,0.0,0.0,0.0525,0.0,1.0425,0.0,0.0,0.0,0.0,0.0503,C1,word_pos,désobéir,V,désobéir,VER
toréador,NOUN,C1,beacco,0.0,0.0525,0.0,1.0408,0.0,0.0,0.0,0.0,0.0525,0.0,4.9551,0.0,0.0,0.0,0.0,0.3905,C1,word_pos,toréador,N,toréador,NOM
chope,NOUN,C1,beacco,0.0,0.052,0.0,0.0,0.5648,0.0,0.0,0.0,0.052,0.0,0.0,0.7866,0.0,0.0,0.0,0.0731,C1,word_pos,chope,N,chope,NOM
craquement,NOUN,C1,beacco,0.0,0.052,0.0,0.0,0.5648,0.0,0.0,0.0,0.052,0.0,0.0,0.7866,0.0,0.0,0.0,0.0731,C1,word_pos,craquement,N,craquement,NOM
allant,NOUN,C1,beacco,0.0,0.0515,,,,,,,,0.0,1.0679,0.0,0.0,0.0,0.0,0.0515,C1,beacco_only,,,allant,NOM
chaud,NOUN,C1,beacco,0.0,0.0515,,,,,,,,0.0,1.0679,0.0,0.0,0.0,0.0,0.0515,C1,beacco_only,,,chaud,NOM
dame,INT,C1,beacco,0.0,0.0515,,,,,,,,0.0,1.0679,0.0,0.0,0.0,0.0,0.0515,C1,beacco_only,,,dame,INT
jaunir,VERB,C1,beacco,0.0,0.0515,,,,,,,,0.0,1.0679,0.0,0.0,0.0,0.0,0.0515,C1,beacco_only,,,jaunir,VER
manque,ADJ,C1,beacco,0.0,0.0515,,,,,,,,0.0,1.0679,0.0,0.0,0.0,0.0,0.0515,C1,beacco_only,,,manque,ADJ
mi-corps,ADV,C1,beacco,0.0,0.0515,,,,,,,,0.0,1.0679,0.0,0.0,0.0,0.0,0.0515,C1,beacco_only,,,mi-corps,ADV
notable,NOUN,C1,beacco,0.0,0.0515,,,,,,,,0.0,1.0679,0.0,0.0,0.0,0.0,0.0515,C1,beacco_only,,,notable,NOM
par-dessous,ADV,C1,beacco,0.0,0.0515,,,,,,,,0.0,1.0679,0.0,0.0,0.0,0.0,0.0515,C1,beacco_only,,,par-dessous,ADV
roule,NOUN,C1,beacco,0.0,0.0515,,,,,,,,0.0,1.0679,0.0,0.0,0.0,0.0,0.0515,C1,beacco_only,,,roule,NOM
arrière-plan,NOUN,C1,beacco,0.0,0.0514,,,,,,,,0.0,0.0,0.5531,0.0,0.0,0.0,0.0514,C1,beacco_only,,,arrière-plan,NOM
banquer,VERB,C1,beacco,0.0,0.0514,,,,,,,,0.0,0.0,0.5531,0.0,0.0,0.0,0.0514,C1,beacco_only,,,banquer,VER
démesuré,ADJ,C1,beacco,0.0,0.0514,,,,,,,,0.0,0.0,0.5531,0.0,0.0,0.0,0.0514,C1,beacco_only,,,démesuré,ADJ
fendiller,VERB,C1,beacco,0.0,0.0514,,,,,,,,0.0,0.0,0.5531,0.0,0.0,0.0,0.0514,C1,beacco_only,,,fendiller,VER
générateur,ADJ,C1,beacco,0.0,0.0514,,,,,,,,0.0,0.0,0.5531,0.0,0.0,0.0,0.0514,C1,beacco_only,,,générateur,ADJ
kraft,NOUN,C1,beacco,0.0,0.0514,,,,,,,,0.0,0.0,0.5531,0.0,0.0,0.0,0.0514,C1,beacco_only,,,kraft,NOM
laminé,ADJ,C1,beacco,0.0,0.0514,,,,,,,,0.0,0.0,0.5531,0.0,0.0,0.0,0.0514,C1,beacco_only,,,laminé,ADJ
living-room,NOUN,C1,beacco,0.0,0.0514,,,,,,,,0.0,0.0,0.5531,0.0,0.0,0.0,0.0514,C1,beacco_only,,,living-room,NOM
mont-de-piété,NOUN,C1,beacco,0.0,0.0514,,,,,,,,0.0,0.0,0.5531,0.0,0.0,0.0,0.0514,C1,beacco_only,,,mont-de-piété,NOM
paparazzi,NOUN,C1,beacco,0.0,0.0514,,,,,,,,0.0,0.0,0.5531,0.0,0.0,0.0,0.0514,C1,beacco_only,,,paparazzi,NOM
passe-partout,NOUN,C1,beacco,0.0,0.0514,,,,,,,,0.0,0.0,0.5531,0.0,0.0,0.0,0.0514,C1,beacco_only,,,passe-partout,NOM
prorata,NOUN,C1,beacco,0.0,0.0514,,,,,,,,0.0,0.0,0.5531,0.0,0.0,0.0,0.0514,C1,beacco_only,,,prorata,NOM
quatre-saisons,NOUN,C1,beacco,0.0,0.0514,,,,,,,,0.0,0.0,0.5531,0.0,0.0,0.0,0.0514,C1,beacco_only,,,quatre-saisons,NOM
renommé,ADJ,C1,beacco,0.0,0.0514,,,,,,,,0.0,0.0,0.5531,0.0,0.0,0.0,0.0514,C1,beacco_only,,,renommé,ADJ
rhumb,NOUN,C1,beacco,0.0,0.0514,,,,,,,,0.0,0.0,0.5531,0.0,0.0,0.0,0.0514,C1,beacco_only,,,rhumb,NOM
sans-emploi,NOUN,C1,beacco,0.0,0.0514,,,,,,,,0.0,0.0,0.5531,0.0,0.0,0.0,0.0514,C1,beacco_only,,,sans-emploi,NOM
ustensile,ADJ,C1,beacco,0.0,0.0514,,,,,,,,0.0,0.0,0.5531,0.0,0.0,0.0,0.0514,C1,beacco_only,,,ustensile,ADJ
v'là,ADV,C1,beacco,0.0,0.0514,,,,,,,,0.0,0.0,0.5531,0.0,0.0,0.0,0.0514,C1,beacco_only,,,v'là,ADV
ânesse,NOUN,C1,beacco,0.0,0.0514,,,,,,,,0.0,0.0,0.5531,0.0,0.0,0.0,0.0514,C1,beacco_only,,,ânesse,NOM
évaser,VERB,C1,beacco,0.0,0.0514,,,,,,,,0.0,0.0,0.5531,0.0,0.0,0.0,0.0514,C1,beacco_only,,,évaser,VER
arrêté,ADJ,C1,beacco,0.0,0.051,,,,,,,,0.0,0.0,0.0,1.8983,0.0,0.0,0.051,C1,beacco_only,,,arrêté,ADJ
bouchère,NOUN,C1,beacco,0.0,0.051,,,,,,,,0.0,0.0,0.0,1.8983,0.0,0.0,0.051,C1,beacco_only,,,bouchère,NOM
coupe-papier,NOUN,C1,beacco,0.0,0.051,,,,,,,,0.0,0.0,0.0,1.8983,0.0,0.0,0.051,C1,beacco_only,,,coupe-papier,NOM
sans,CONJ,C1,beacco,0.0,0.051,,,,,,,,0.0,0.0,0.0,1.8983,0.0,0.0,0.051,C1,beacco_only,,,sans,KON
échappé,NOUN,C1,beacco,0.0,0.051,,,,,,,,0.0,0.0,0.0,1.8983,0.0,0.0,0.051,C1,beacco_only,,,échappé,NOM
droguerie,NOUN,C1,beacco,0.0,0.0501,0.0,0.0,0.5445,0.0,0.0,0.0,0.0501,0.0,0.0,1.5025,0.0,0.0,0.0,0.1396,C1,word_pos,droguerie,N,droguerie,NOM
baobab,NOUN,C1,beacco,0.0,0.0493,0.0,0.9757,0.0,0.0,0.0,0.0,0.0493,0.0,0.9327,0.0,0.0,0.0,0.0,0.0676,C1,word_pos,baobab,N,baobab,NOM
pédestre,ADJ,C1,beacco,0.0,0.0493,0.0,0.9757,0.0,0.0,0.0,0.0,0.0493,0.0,0.9327,0.0,0.0,0.0,0.0,0.0676,C1,word_pos,pédestre,A,pédestre,ADJ
incident,ADJ,C1,beacco,0.0,0.0486,0.0,0.9626,0.0,0.0,0.0,0.0,0.0486,0.0,0.0,0.5531,0.0,0.0,0.0,0.0514,C1,word_pos,incident,A,incident,ADJ
désabusé,ADJ,C1,beacco,0.0,0.0484,0.0,0.0,0.0,2.1187,0.0,0.0,0.0484,0.0,0.0,0.0,3.8116,0.0,0.0,0.1025,C1,word_pos,désabusé,A,désabusé,ADJ
socioprofessionnel,ADJ,C1,beacco,0.0,0.0484,0.0,0.0,0.0,2.1187,0.0,0.0,0.0484,0.0,0.0,0.0,2.5411,0.0,0.0,0.0683,C1,word_pos,socioprofessionnel,A,socioprofessionnel,ADJ
traboule,NOUN,C1,beacco,0.0,0.0484,2.5125,0.0,0.0,0.0,0.0,0.0,0.0484,1.8101,0.0,0.0,0.0,0.0,0.0,0.0912,C1,word_pos,traboule,N,traboule,NOM
maçon,ADJ,C1,beacco,0.0,0.0468,0.0,0.0,0.0,0.0,0.0,19.2455,0.0468,0.171,0.0,0.0,0.0,0.0,19.328,0.2333,C1,word_pos,maçon,A,maçon,ADJ
évadé,NOUN,C1,beacco,0.0,0.0459,0.0,0.0,0.0,2.0121,0.0,0.0,0.0459,0.0,0.0,0.0,3.5867,0.0,0.0,0.0964,C1,word_pos,évadé,N,évadé,NOM
impraticable,ADJ,C1,beacco,0.0,0.0452,0.0,0.0,0.4911,0.0,0.0,0.0,0.0452,0.0,0.0,0.2487,0.0,0.0,0.0,0.0815,C1,word_pos,impraticable,A,impraticable,ADJ
sinistré,ADJ,C1,beacco,0.0,0.0452,0.0,0.0,0.4911,0.0,0.0,0.0,0.0452,0.0,0.0,0.373,0.0,0.0,0.0,0.1223,C1,word_pos,sinistré,A,sinistré,ADJ
clochard,NOUN,C1,beacco,0.0,0.0443,0.0,0.0,0.4809,0.0,0.0,0.0,0.0443,0.0,0.0,0.933,0.0,0.0,0.0,0.0867,C1,word_pos,clochard,N,clochard,NOM
clownesque,ADJ,C1,beacco,0.0,0.0443,0.0,0.0,0.4809,0.0,0.0,0.0,0.0443,0.0,0.0,0.933,0.0,0.0,0.0,0.0867,C1,word_pos,clownesque,A,clownesque,ADJ
hmm,NOUN,C1,beacco,0.0,0.0443,0.0,0.0,0.4809,0.0,0.0,0.0,0.0443,0.0,0.0,0.933,0.0,0.0,0.0,0.0867,C1,unique_word,hmm,N,hmm,INT
inopinément,ADV,C1,beacco,0.0,0.0443,0.0,0.0,0.4809,0.0,0.0,0.0,0.0443,0.0,0.0,0.933,0.0,0.0,0.0,0.0867,C1,word_pos,inopinément,ADV,inopinément,ADV
mie,NOUN,C1,beacco,0.0,0.0427,0.0,0.8456,0.0,0.0,0.0,0.0,0.0427,0.0,1.2017,0.0,0.0,0.0,0.0,0.0912,C1,word_pos,mie,N,mie,NOM
bivouac,NOUN,C1,beacco,0.0,0.0425,0.0,0.0,0.4621,0.0,0.0,0.0,0.0425,0.0,0.0,0.2331,0.0,0.0,0.0,0.0558,C1,word_pos,bivouac,N,bivouac,NOM
concis,ADJ,C1,beacco,0.0,0.0425,0.0,0.0,0.4621,0.0,0.0,0.0,0.0425,0.0,0.0,0.4662,0.0,0.0,0.0,0.1116,C1,word_pos,concis,A,concis,ADJ
corsage,NOUN,C1,beacco,0.0,0.0425,0.0,0.0,0.4621,0.0,0.0,0.0,0.0425,0.0,0.0,0.2331,0.0,0.0,0.0,0.0558,C1,word_pos,corsage,N,corsage,NOM
suppliant,NOUN,C1,beacco,0.0,0.0425,0.0,0.0,0.4621,0.0,0.0,0.0,0.0425,0.0,0.0,0.2331,0.0,0.0,0.0,0.0558,C1,word_pos,suppliant,N,suppliant,NOM
cordonnier,NOUN,C1,beacco,0.0,0.0422,0.0,0.0,0.4589,0.0,0.0,0.0,0.0422,0.0,0.0,0.9741,0.0,0.0,0.0,0.0905,C1,word_pos,cordonnier,N,cordonnier,NOM
bruxellois,ADJ,C1,beacco,0.0,0.0382,0.0,0.0,0.4152,0.0,0.0,0.0,0.0382,0.0,0.0,0.7812,0.0,0.0,0.0,0.0726,C1,word_pos,bruxellois,A,bruxellois,ADJ
décongélation,NOUN,C1,beacco,0.0,0.0382,0.0,0.0,0.4152,0.0,0.0,0.0,0.0382,0.0,0.0,0.7812,0.0,0.0,0.0,0.0726,C1,word_pos,décongélation,N,décongélation,NOM
léopard,NOUN,C1,beacco,0.0,0.0382,0.0,0.0,0.4152,0.0,0.0,0.0,0.0382,0.0,0.0,0.7812,0.0,0.0,0.0,0.0726,C1,word_pos,léopard,N,léopard,NOM
stérilité,NOUN,C1,beacco,0.0,0.0382,0.0,0.0,0.4152,0.0,0.0,0.0,0.0382,0.0,0.0,0.7812,0.0,0.0,0.0,0.0726,C1,word_pos,stérilité,N,stérilité,NOM
éléphant,NOUN,C1,beacco,0.0,0.0382,0.0,0.0,0.4152,0.0,0.0,0.0,0.0382,0.0,0.0,0.7812,0.0,0.0,0.0,0.0726,C1,word_pos,éléphant,N,éléphant,NOM
ample,ADJ,C1,beacco,0.0,0.0376,0.0,0.0,0.4081,0.0,0.0,0.0,0.0376,0.0,0.0,0.8634,0.0,0.0,0.0,0.0802,C1,word_pos,ample,A,ample,ADJ
compost,NOUN,C1,beacco,0.0,0.0374,0.0,0.7405,0.0,0.0,0.0,0.0,0.0374,0.0,1.2121,0.0,0.0,0.0,0.0,0.0815,C1,word_pos,compost,N,compost,NOM
rami,NOUN,C1,beacco,0.0,0.035,0.0,0.6939,0.0,0.0,0.0,0.0,0.035,0.0,0.7079,0.0,0.0,0.0,0.0,0.0558,C1,word_pos,rami,N,rami,NOM
abruti,NOUN,C1,beacco,0.0,0.0349,0.0,0.0,0.0,0.5755,0.0,0.0,0.0349,0.0,0.0,0.0,0.911,0.0,0.0,0.0652,C1,word_pos,abruti,N,abruti,NOM
accroc,NOUN,C1,beacco,0.0,0.0349,0.0,0.0,0.0,0.5755,0.0,0.0,0.0349,0.0,0.0,0.0,0.911,0.0,0.0,0.0652,C1,word_pos,accroc,N,accroc,NOM
admission,NOUN,C1,beacco,0.0,0.0349,0.0,0.0,0.2366,0.0,0.0,0.0,0.0349,0.0,0.0,0.438,0.0,0.0,0.0,0.0652,C1,word_pos,admission,N,admission,NOM
albigeois,ADJ,C1,beacco,0.0,0.0349,0.0,0.0,0.2366,0.0,0.0,0.0,0.0349,0.0,0.0,0.438,0.0,0.0,0.0,0.0652,C1,word_pos,albigeois,A,albigeois,ADJ
antipathique,ADJ,C1,beacco,0.0,0.0349,0.0,0.0,0.0,0.5755,0.0,0.0,0.0349,0.0,0.0,0.0,0.911,0.0,0.0,0.0652,C1,word_pos,antipathique,A,antipathique,ADJ
apocalypse,NOUN,C1,beacco,0.0,0.0349,0.0,0.0,0.2366,0.0,0.0,0.0,0.0349,0.0,0.0,0.438,0.0,0.0,0.0,0.0652,C1,word_pos,apocalypse,N,apocalypse,NOM
astrophysicien,NOUN,C1,beacco,0.0,0.0349,0.0,0.0,0.2366,0.0,0.0,0.0,0.0349,0.0,0.0,0.438,0.0,0.0,0.0,0.0652,C1,word_pos,astrophysicien,N,astrophysicien,NOM
attelage,NOUN,C1,beacco,0.0,0.0349,0.0,0.0,0.0,0.5755,0.0,0.0,0.0349,0.0,0.0,0.0,0.911,0.0,0.0,0.0652,C1,word_pos,attelage,N,attelage,NOM
attrister,VERB,C1,beacco,0.0,0.0349,0.0,0.0,0.0,0.5755,0.0,0.0,0.0349,0.0,0.0,0.0,0.911,0.0,0.0,0.0652,C1,word_pos,attrister,V,attrister,VER
bagatelle,NOUN,C1,beacco,0.0,0.0349,0.0,0.0,0.0,0.5755,0.0,0.0,0.0349,0.0,0.0,0.0,0.911,0.0,0.0,0.0652,C1,word_pos,bagatelle,N,bagatelle,NOM
balnéothérapie,NOUN,C1,beacco,0.0,0.0349,0.0,0.0,0.2366,0.0,0.0,0.0,0.0349,0.0,0.0,0.438,0.0,0.0,0.0,0.0652,C1,word_pos,balnéothérapie,N,balnéothérapie,NOM
balourdise,NOUN,C1,beacco,0.0,0.0349,0.0,0.0,0.0,0.5755,0.0,0.0,0.0349,0.0,0.0,0.0,0.911,0.0,0.0,0.0652,C1,word_pos,balourdise,N,balourdise,NOM
balustrade,NOUN,C1,beacco,0.0,0.0349,0.0,0.0,0.2366,0.0,0.0,0.0,0.0349,0.0,0.0,0.438,0.0,0.0,0.0,0.0652,C1,word_pos,balustrade,N,balustrade,NOM
bosse,NOUN,C1,beacco,0.0,0.0349,0.0,0.0,0.0,0.5755,0.0,0.0,0.0349,0.0,0.0,0.0,0.911,0.0,0.0,0.0652,C1,word_pos,bosse,N,bosse,NOM
boulange,NOUN,C1,beacco,0.0,0.0349,0.0,0.0,0.0,0.5755,0.0,0.0,0.0349,0.0,0.0,0.0,0.911,0.0,0.0,0.0652,C1,word_pos,boulange,N,boulange,NOM
bâtisse,NOUN,C1,beacco,0.0,0.0349,0.0,0.0,0.2366,0.0,0.0,0.0,0.0349,0.0,0.0,0.438,0.0,0.0,0.0,0.0652,C1,word_pos,bâtisse,N,bâtisse,NOM
centralisation,NOUN,C1,beacco,0.0,0.0349,0.0,0.0,0.2366,0.0,0.0,0.0,0.0349,0.0,0.0,0.438,0.0,0.0,0.0,0.0652,C1,word_pos,centralisation,N,centralisation,NOM
chapelet,NOUN,C1,beacco,0.0,0.0349,0.0,0.0,0.2366,0.0,0.0,0.0,0.0349,0.0,0.0,0.438,0.0,0.0,0.0,0.0652,C1,word_pos,chapelet,N,chapelet,NOM
chaudement,ADV,C1,beacco,0.0,0.0349,0.0,0.0,0.2366,0.0,0.0,0.0,0.0349,0.0,0.0,0.438,0.0,0.0,0.0,0.0652,C1,word_pos,chaudement,ADV,chaudement,ADV
chichi,NOUN,C1,beacco,0.0,0.0349,0.0,0.0,0.0,0.5755,0.0,0.0,0.0349,0.0,0.0,0.0,0.911,0.0,0.0,0.0652,C1,word_pos,chichi,N,chichi,NOM
châtelain,NOUN,C1,beacco,0.0,0.0349,0.0,0.0,0.0,0.5755,0.0,0.0,0.0349,0.0,0.0,0.0,0.911,0.0,0.0,0.0652,C1,word_pos,châtelain,N,châtelain,NOM
compétitif,ADJ,C1,beacco,0.0,0.0349,0.0,0.0,0.2366,0.0,0.0,0.0,0.0349,0.0,0.0,0.438,0.0,0.0,0.0,0.0652,C1,word_pos,compétitif,A,compétitif,ADJ
concordance,NOUN,C1,beacco,0.0,0.0349,0.0,0.0,0.0,0.5755,0.0,0.0,0.0349,0.0,0.0,0.0,0.911,0.0,0.0,0.0652,C1,word_pos,concordance,N,concordance,NOM
conventionnellement,ADV,C1,beacco,0.0,0.0349,0.0,0.0,0.2366,0.0,0.0,0.0,0.0349,0.0,0.0,0.438,0.0,0.0,0.0,0.0652,C1,word_pos,conventionnellement,ADV,conventionnellement,ADV
courtier,NOUN,C1,beacco,0.0,0.0349,0.0,0.0,0.2366,0.0,0.0,0.0,0.0349,0.0,0.0,0.438,0.0,0.0,0.0,0.0652,C1,word_pos,courtier,N,courtier,NOM
courtisan,NOUN,C1,beacco,0.0,0.0349,0.0,0.0,0.2366,0.0,0.0,0.0,0.0349,0.0,0.0,0.438,0.0,0.0,0.0,0.0652,C1,word_pos,courtisan,N,courtisan,NOM
cresson,NOUN,C1,beacco,0.0,0.0349,0.0,0.0,0.2366,0.0,0.0,0.0,0.0349,0.0,0.0,0.438,0.0,0.0,0.0,0.0652,C1,word_pos,cresson,N,cresson,NOM
crible,NOUN,C1,beacco,0.0,0.0349,0.0,0.0,0.0,0.5755,0.0,0.0,0.0349,0.0,0.0,0.0,0.911,0.0,0.0,0.0652,C1,word_pos,crible,N,crible,NOM
crédible,ADJ,C1,beacco,0.0,0.0349,0.0,0.0,0.2366,0.0,0.0,0.0,0.0349,0.0,0.0,0.438,0.0,0.0,0.0,0.0652,C1,word_pos,crédible,A,crédible,ADJ
dessécher,VERB,C1,beacco,0.0,0.0349,0.0,0.0,0.0,0.5755,0.0,0.0,0.0349,0.0,0.0,0.0,0.911,0.0,0.0,0.0652,C1,word_pos,dessécher,V,dessécher,VER
distancer,VERB,C1,beacco,0.0,0.0349,0.0,0.0,0.2366,0.0,0.0,0.0,0.0349,0.0,0.0,0.438,0.0,0.0,0.0,0.0652,C1,word_pos,distancer,V,distancer,VER
décapiter,VERB,C1,beacco,0.0,0.0349,0.0,0.0,0.2366,0.0,0.0,0.0,0.0349,0.0,0.0,0.438,0.0,0.0,0.0,0.0652,C1,word_pos,décapiter,V,décapiter,VER
déclinant,ADJ,C1,beacco,0.0,0.0349,0.0,0.0,0.2366,0.0,0.0,0.0,0.0349,0.0,0.0,0.438,0.0,0.0,0.0,0.0652,C1,word_pos,déclinant,A,déclinant,ADJ
démence,NOUN,C1,beacco,0.0,0.0349,0.0,0.0,0.2366,0.0,0.0,0.0,0.0349,0.0,0.0,0.438,0.0,0.0,0.0,0.0652,C1,word_pos,démence,N,démence,NOM
dépensier,NOUN,C1,beacco,0.0,0.0349,0.0,0.0,0.0,0.5755,0.0,0.0,0.0349,0.0,0.0,0.0,0.911,0.0,0.0,0.0652,C1,word_pos,dépensier,N,dépensier,NOM
encourir,VERB,C1,beacco,0.0,0.0349,0.0,0.0,0.2366,0.0,0.0,0.0,0.0349,0.0,0.0,0.438,0.0,0.0,0.0,0.0652,C1,word_pos,encourir,V,encourir,VER
entrevoir,VERB,C1,beacco,0.0,0.0349,0.0,0.0,0.0,0.5755,0.0,0.0,0.0349,0.0,0.0,0.0,0.911,0.0,0.0,0.0652,C1,word_pos,entrevoir,V,entrevoir,VER
extasier,VERB,C1,beacco,0.0,0.0349,0.0,0.0,0.0,0.5755,0.0,0.0,0.0349,0.0,0.0,0.0,0.911,0.0,0.0,0.0652,C1,word_pos,extasier,V,extasier,VER
fortification,NOUN,C1,beacco,0.0,0.0349,0.0,0.0,0.2366,0.0,0.0,0.0,0.0349,0.0,0.0,0.438,0.0,0.0,0.0,0.0652,C1,word_pos,fortification,N,fortification,NOM
fournil,NOUN,C1,beacco,0.0,0.0349,0.0,0.0,0.0,0.5755,0.0,0.0,0.0349,0.0,0.0,0.0,0.911,0.0,0.0,0.0652,C1,word_pos,fournil,N,fournil,NOM
fracasser,VERB,C1,beacco,0.0,0.0349,0.0,0.0,0.0,0.5755,0.0,0.0,0.0349,0.0,0.0,0.0,0.911,0.0,0.0,0.0652,C1,word_pos,fracasser,V,fracasser,VER
fret,NOUN,C1,beacco,0.0,0.0349,0.0,0.0,0.2366,0.0,0.0,0.0,0.0349,0.0,0.0,0.438,0.0,0.0,0.0,0.0652,C1,word_pos,fret,N,fret,NOM
gaucherie,NOUN,C1,beacco,0.0,0.0349,0.0,0.0,0.0,0.5755,0.0,0.0,0.0349,0.0,0.0,0.0,0.911,0.0,0.0,0.0652,C1,word_pos,gaucherie,N,gaucherie,NOM
gazelle,NOUN,C1,beacco,0.0,0.0349,0.0,0.0,0.2366,0.0,0.0,0.0,0.0349,0.0,0.0,0.438,0.0,0.0,0.0,0.0652,C1,word_pos,gazelle,N,gazelle,NOM
giroflée,NOUN,C1,beacco,0.0,0.0349,0.0,0.0,0.2366,0.0,0.0,0.0,0.0349,0.0,0.0,0.438,0.0,0.0,0.0,0.0652,C1,word_pos,giroflée,N,giroflée,NOM
glaïeul,NOUN,C1,beacco,0.0,0.0349,0.0,0.0,0.2366,0.0,0.0,0.0,0.0349,0.0,0.0,0.438,0.0,0.0,0.0,0.0652,C1,word_pos,glaïeul,N,glaïeul,NOM
grincer,VERB,C1,beacco,0.0,0.0349,0.0,0.0,0.2366,0.0,0.0,0.0,0.0349,0.0,0.0,0.438,0.0,0.0,0.0,0.0652,C1,word_pos,grincer,V,grincer,VER
grossièreté,NOUN,C1,beacco,0.0,0.0349,0.0,0.0,0.0,0.5755,0.0,0.0,0.0349,0.0,0.0,0.0,0.911,0.0,0.0,0.0652,C1,word_pos,grossièreté,N,grossièreté,NOM
hindi,NOUN,C1,beacco,0.0,0.0349,0.0,0.0,0.2366,0.0,0.0,0.0,0.0349,0.0,0.0,0.438,0.0,0.0,0.0,0.0652,C1,word_pos,hindi,N,hindi,NOM
hippomobile,ADJ,C1,beacco,0.0,0.0349,0.0,0.0,0.0,0.5755,0.0,0.0,0.0349,0.0,0.0,0.0,0.911,0.0,0.0,0.0652,C1,word_pos,hippomobile,A,hippomobile,ADJ
homogénéisation,NOUN,C1,beacco,0.0,0.0349,0.0,0.0,0.2366,0.0,0.0,0.0,0.0349,0.0,0.0,0.438,0.0,0.0,0.0,0.0652,C1,word_pos,homogénéisation,N,homogénéisation,NOM
houx,NOUN,C1,beacco,0.0,0.0349,0.0,0.0,0.2366,0.0,0.0,0.0,0.0349,0.0,0.0,0.438,0.0,0.0,0.0,0.0652,C1,word_pos,houx,N,houx,NOM
immémorial,ADJ,C1,beacco,0.0,0.0349,0.0,0.0,0.2366,0.0,0.0,0.0,0.0349,0.0,0.0,0.438,0.0,0.0,0.0,0.0652,C1,word_pos,immémorial,A,immémorial,ADJ
imprononçable,ADJ,C1,beacco,0.0,0.0349,0.0,0.0,0.0,0.5755,0.0,0.0,0.0349,0.0,0.0,0.0,0.911,0.0,0.0,0.0652,C1,word_pos,imprononçable,A,imprononçable,ADJ
inaltérable,ADJ,C1,beacco,0.0,0.0349,0.0,0.0,0.2366,0.0,0.0,0.0,0.0349,0.0,0.0,0.438,0.0,0.0,0.0,0.0652,C1,word_pos,inaltérable,A,inaltérable,ADJ
indigestion,NOUN,C1,beacco,0.0,0.0349,0.0,0.0,0.0,0.5755,0.0,0.0,0.0349,0.0,0.0,0.0,0.911,0.0,0.0,0.0652,C1,word_pos,indigestion,N,indigestion,NOM
inflation,NOUN,C1,beacco,0.0,0.0349,0.0,0.0,0.2366,0.0,0.0,0.0,0.0349,0.0,0.0,0.438,0.0,0.0,0.0,0.0652,C1,word_pos,inflation,N,inflation,NOM
insouciant,ADJ,C1,beacco,0.0,0.0349,0.0,0.0,0.2366,0.0,0.0,0.0,0.0349,0.0,0.0,0.438,0.0,0.0,0.0,0.0652,C1,word_pos,insouciant,A,insouciant,ADJ
instinctif,ADJ,C1,beacco,0.0,0.0349,0.0,0.0,0.2366,0.0,0.0,0.0,0.0349,0.0,0.0,0.438,0.0,0.0,0.0,0.0652,C1,word_pos,instinctif,A,instinctif,ADJ
investisseur,NOUN,C1,beacco,0.0,0.0349,0.0,0.0,0.2366,0.0,0.0,0.0,0.0349,0.0,0.0,0.438,0.0,0.0,0.0,0.0652,C1,word_pos,investisseur,N,investisseur,NOM
irréfutable,ADJ,C1,beacco,0.0,0.0349,0.0,0.0,0.2366,0.0,0.0,0.0,0.0349,0.0,0.0,0.438,0.0,0.0,0.0,0.0652,C1,word_pos,irréfutable,A,irréfutable,ADJ
lever,NOUN,C1,beacco,0.0,0.0349,0.0,0.0,0.0,0.5755,0.0,0.0,0.0349,0.0,0.0,0.0,0.911,0.0,0.0,0.0652,C1,word_pos,lever,N,lever,NOM
limpidité,NOUN,C1,beacco,0.0,0.0349,0.0,0.0,0.0,0.5755,0.0,0.0,0.0349,0.0,0.0,0.0,0.911,0.0,0.0,0.0652,C1,word_pos,limpidité,N,limpidité,NOM
linguistiquement,ADV,C1,beacco,0.0,0.0349,0.0,0.0,0.2366,0.0,0.0,0.0,0.0349,0.0,0.0,0.438,0.0,0.0,0.0,0.0652,C1,word_pos,linguistiquement,ADV,linguistiquement,ADV
liqueur,NOUN,C1,beacco,0.0,0.0349,0.0,0.0,0.0,0.5755,0.0,0.0,0.0349,0.0,0.0,0.0,0.911,0.0,0.0,0.0652,C1,word_pos,liqueur,N,liqueur,NOM
littoral,ADJ,C1,beacco,0.0,0.0349,0.0,0.0,0.0,0.5755,0.0,0.0,0.0349,0.0,0.0,0.0,0.911,0.0,0.0,0.0652,C1,word_pos,littoral,A,littoral,ADJ
lubie,NOUN,C1,beacco,0.0,0.0349,0.0,0.0,0.2366,0.0,0.0,0.0,0.0349,0.0,0.0,0.438,0.0,0.0,0.0,0.0652,C1,word_pos,lubie,N,lubie,NOM
luminescent,ADJ,C1,beacco,0.0,0.0349,0.0,0.0,0.2366,0.0,0.0,0.0,0.0349,0.0,0.0,0.438,0.0,0.0,0.0,0.0652,C1,word_pos,luminescent,A,luminescent,ADJ
lévitation,NOUN,C1,beacco,0.0,0.0349,0.0,0.0,0.2366,0.0,0.0,0.0,0.0349,0.0,0.0,0.438,0.0,0.0,0.0,0.0652,C1,word_pos,lévitation,N,lévitation,NOM
magouille,NOUN,C1,beacco,0.0,0.0349,0.0,0.0,0.0,0.5755,0.0,0.0,0.0349,0.0,0.0,0.0,0.911,0.0,0.0,0.0652,C1,word_pos,magouille,N,magouille,NOM
mansarde,NOUN,C1,beacco,0.0,0.0349,0.0,0.0,0.2366,0.0,0.0,0.0,0.0349,0.0,0.0,0.438,0.0,0.0,0.0,0.0652,C1,word_pos,mansarde,N,mansarde,NOM
mappemonde,NOUN,C1,beacco,0.0,0.0349,0.0,0.0,0.0,0.5755,0.0,0.0,0.0349,0.0,0.0,0.0,0.911,0.0,0.0,0.0652,C1,word_pos,mappemonde,N,mappemonde,NOM
marger,VERB,C1,beacco,0.0,0.0349,0.0,0.0,0.2366,0.0,0.0,0.0,0.0349,0.0,0.0,0.438,0.0,0.0,0.0,0.0652,C1,word_pos,marger,V,marger,VER
marner,VERB,C1,beacco,0.0,0.0349,0.0,0.0,0.0,0.5755,0.0,0.0,0.0349,0.0,0.0,0.0,0.911,0.0,0.0,0.0652,C1,word_pos,marner,V,marner,VER
marquise,NOUN,C1,beacco,0.0,0.0349,0.0,0.0,0.0,0.5755,0.0,0.0,0.0349,0.0,0.0,0.0,0.911,0.0,0.0,0.0652,C1,word_pos,marquise,N,marquise,NOM
miraculeux,ADJ,C1,beacco,0.0,0.0349,0.0,0.0,0.2366,0.0,0.0,0.0,0.0349,0.0,0.0,0.438,0.0,0.0,0.0,0.0652,C1,word_pos,miraculeux,A,miraculeux,ADJ
mirifique,ADJ,C1,beacco,0.0,0.0349,0.0,0.0,0.2366,0.0,0.0,0.0,0.0349,0.0,0.0,0.438,0.0,0.0,0.0,0.0652,C1,word_pos,mirifique,A,mirifique,ADJ
mollir,VERB,C1,beacco,0.0,0.0349,0.0,0.0,0.0,0.5755,0.0,0.0,0.0349,0.0,0.0,0.0,0.911,0.0,0.0,0.0652,C1,word_pos,mollir,V,mollir,VER
mousser,VERB,C1,beacco,0.0,0.0349,0.0,0.0,0.2366,0.0,0.0,0.0,0.0349,0.0,0.0,0.438,0.0,0.0,0.0,0.0652,C1,word_pos,mousser,V,mousser,VER
multiplicité,NOUN,C1,beacco,0.0,0.0349,0.0,0.0,0.2366,0.0,0.0,0.0,0.0349,0.0,0.0,0.438,0.0,0.0,0.0,0.0652,C1,word_pos,multiplicité,N,multiplicité,NOM
mygale,NOUN,C1,beacco,0.0,0.0349,0.0,0.0,0.2366,0.0,0.0,0.0,0.0349,0.0,0.0,0.438,0.0,0.0,0.0,0.0652,C1,word_pos,mygale,N,mygale,NOM
mémorisation,NOUN,C1,beacco,0.0,0.0349,0.0,0.0,0.2366,0.0,0.0,0.0,0.0349,0.0,0.0,0.438,0.0,0.0,0.0,0.0652,C1,word_pos,mémorisation,N,mémorisation,NOM
oratoire,ADJ,C1,beacco,0.0,0.0349,0.0,0.0,0.2366,0.0,0.0,0.0,0.0349,0.0,0.0,0.438,0.0,0.0,0.0,0.0652,C1,word_pos,oratoire,A,oratoire,ADJ
palonnier,NOUN,C1,beacco,0.0,0.0349,0.0,0.0,0.0,0.5755,0.0,0.0,0.0349,0.0,0.0,0.0,0.911,0.0,0.0,0.0652,C1,word_pos,palonnier,N,palonnier,NOM
paralysie,NOUN,C1,beacco,0.0,0.0349,0.0,0.0,0.0,0.5755,0.0,0.0,0.0349,0.0,0.0,0.0,0.911,0.0,0.0,0.0652,C1,word_pos,paralysie,N,paralysie,NOM
percussion,NOUN,C1,beacco,0.0,0.0349,0.0,0.0,0.2366,0.0,0.0,0.0,0.0349,0.0,0.0,0.438,0.0,0.0,0.0,0.0652,C1,word_pos,percussion,N,percussion,NOM
phonétique,NOUN,C1,beacco,0.0,0.0349,0.0,0.0,0.0,0.5755,0.0,0.0,0.0349,0.0,0.0,0.0,0.911,0.0,0.0,0.0652,C1,word_pos,phonétique,N,phonétique,NOM
phosphate,NOUN,C1,beacco,0.0,0.0349,0.0,0.0,0.0,0.5755,0.0,0.0,0.0349,0.0,0.0,0.0,0.911,0.0,0.0,0.0652,C1,word_pos,phosphate,N,phosphate,NOM
pisciculteur,NOUN,C1,beacco,0.0,0.0349,0.0,0.0,0.2366,0.0,0.0,0.0,0.0349,0.0,0.0,0.438,0.0,0.0,0.0,0.0652,C1,word_pos,pisciculteur,N,pisciculteur,NOM
pleurnicher,VERB,C1,beacco,0.0,0.0349,0.0,0.0,0.0,0.5755,0.0,0.0,0.0349,0.0,0.0,0.0,0.911,0.0,0.0,0.0652,C1,word_pos,pleurnicher,V,pleurnicher,VER
psychotechnicien,NOUN,C1,beacco,0.0,0.0349,0.0,0.0,0.0,0.5755,0.0,0.0,0.0349,0.0,0.0,0.0,0.911,0.0,0.0,0.0652,C1,word_pos,psychotechnicien,N,psychotechnicien,NOM
pudding,NOUN,C1,beacco,0.0,0.0349,0.0,0.0,0.2366,0.0,0.0,0.0,0.0349,0.0,0.0,0.438,0.0,0.0,0.0,0.0652,C1,word_pos,pudding,N,pudding,NOM
pétrifier,VERB,C1,beacco,0.0,0.0349,0.0,0.0,0.0,0.5755,0.0,0.0,0.0349,0.0,0.0,0.0,0.911,0.0,0.0,0.0652,C1,word_pos,pétrifier,V,pétrifier,VER
quincaillier,ADJ,C1,beacco,0.0,0.0349,0.0,0.0,0.0,0.5755,0.0,0.0,0.0349,0.0,0.0,0.0,0.911,0.0,0.0,0.0652,C1,unique_word,quincaillier,A,quincaillier,NOM
rationalité,NOUN,C1,beacco,0.0,0.0349,0.0,0.0,0.0,0.5755,0.0,0.0,0.0349,0.0,0.0,0.0,0.911,0.0,0.0,0.0652,C1,word_pos,rationalité,N,rationalité,NOM
raté,NOUN,C1,beacco,0.0,0.0349,0.0,0.0,0.2366,0.0,0.0,0.0,0.0349,0.0,0.0,0.438,0.0,0.0,0.0,0.0652,C1,word_pos,raté,N,raté,NOM
rebutant,ADJ,C1,beacco,0.0,0.0349,0.0,0.0,0.2366,0.0,0.0,0.0,0.0349,0.0,0.0,0.438,0.0,0.0,0.0,0.0652,C1,word_pos,rebutant,A,rebutant,ADJ
renne,NOUN,C1,beacco,0.0,0.0349,0.0,0.0,0.2366,0.0,0.0,0.0,0.0349,0.0,0.0,0.438,0.0,0.0,0.0,0.0652,C1,word_pos,renne,N,renne,NOM
resserrer,VERB,C1,beacco,0.0,0.0349,0.0,0.0,0.2366,0.0,0.0,0.0,0.0349,0.0,0.0,0.438,0.0,0.0,0.0,0.0652,C1,word_pos,resserrer,V,resserrer,VER
ruiné,ADJ,C1,beacco,0.0,0.0349,0.0,0.0,0.0,0.5755,0.0,0.0,0.0349,0.0,0.0,0.0,0.911,0.0,0.0,0.0652,C1,word_pos,ruiné,A,ruiné,ADJ
réfectoire,NOUN,C1,beacco,0.0,0.0349,0.0,0.0,0.2366,0.0,0.0,0.0,0.0349,0.0,0.0,0.438,0.0,0.0,0.0,0.0652,C1,word_pos,réfectoire,N,réfectoire,NOM
rétracter,VERB,C1,beacco,0.0,0.0349,0.0,0.0,0.2366,0.0,0.0,0.0,0.0349,0.0,0.0,0.438,0.0,0.0,0.0,0.0652,C1,word_pos,rétracter,V,rétracter,VER
sevrer,VERB,C1,beacco,0.0,0.0349,0.0,0.0,0.2366,0.0,0.0,0.0,0.0349,0.0,0.0,0.438,0.0,0.0,0.0,0.0652,C1,word_pos,sevrer,V,sevrer,VER
sottise,NOUN,C1,beacco,0.0,0.0349,0.0,0.0,0.0,0.5755,0.0,0.0,0.0349,0.0,0.0,0.0,0.911,0.0,0.0,0.0652,C1,word_pos,sottise,N,sottise,NOM
superstar,NOUN,C1,beacco,0.0,0.0349,0.0,0.0,0.2366,0.0,0.0,0.0,0.0349,0.0,0.0,0.438,0.0,0.0,0.0,0.0652,C1,word_pos,superstar,N,superstar,NOM
survivance,NOUN,C1,beacco,0.0,0.0349,0.0,0.0,0.2366,0.0,0.0,0.0,0.0349,0.0,0.0,0.438,0.0,0.0,0.0,0.0652,C1,word_pos,survivance,N,survivance,NOM
sémantique,NOUN,C1,beacco,0.0,0.0349,0.0,0.0,0.0,0.5755,0.0,0.0,0.0349,0.0,0.0,0.0,0.911,0.0,0.0,0.0652,C1,word_pos,sémantique,N,sémantique,NOM
sénile,ADJ,C1,beacco,0.0,0.0349,0.0,0.0,0.2366,0.0,0.0,0.0,0.0349,0.0,0.0,0.438,0.0,0.0,0.0,0.0652,C1,word_pos,sénile,A,sénile,ADJ
tinter,VERB,C1,beacco,0.0,0.0349,0.0,0.0,0.2366,0.0,0.0,0.0,0.0349,0.0,0.0,0.438,0.0,0.0,0.0,0.0652,C1,word_pos,tinter,V,tinter,VER
toxique,NOUN,C1,beacco,0.0,0.0349,0.0,0.0,0.2366,0.0,0.0,0.0,0.0349,0.0,0.0,0.438,0.0,0.0,0.0,0.0652,C1,word_pos,toxique,N,toxique,NOM
ténébreux,ADJ,C1,beacco,0.0,0.0349,0.0,0.0,0.2366,0.0,0.0,0.0,0.0349,0.0,0.0,0.438,0.0,0.0,0.0,0.0652,C1,word_pos,ténébreux,A,ténébreux,ADJ
ultérieur,ADJ,C1,beacco,0.0,0.0349,0.0,0.0,0.2366,0.0,0.0,0.0,0.0349,0.0,0.0,0.438,0.0,0.0,0.0,0.0652,C1,word_pos,ultérieur,A,ultérieur,ADJ
voilette,NOUN,C1,beacco,0.0,0.0349,0.0,0.0,0.2366,0.0,0.0,0.0,0.0349,0.0,0.0,0.438,0.0,0.0,0.0,0.0652,C1,word_pos,voilette,N,voilette,NOM
échauffer,VERB,C1,beacco,0.0,0.0349,0.0,0.0,0.2366,0.0,0.0,0.0,0.0349,0.0,0.0,0.438,0.0,0.0,0.0,0.0652,C1,word_pos,échauffer,V,échauffer,VER
épisodiquement,ADV,C1,beacco,0.0,0.0349,0.0,0.0,0.2366,0.0,0.0,0.0,0.0349,0.0,0.0,0.438,0.0,0.0,0.0,0.0652,C1,word_pos,épisodiquement,ADV,épisodiquement,ADV
étymologiquement,ADV,C1,beacco,0.0,0.0349,0.0,0.0,0.0,0.5755,0.0,0.0,0.0349,0.0,0.0,0.0,0.911,0.0,0.0,0.0652,C1,word_pos,étymologiquement,ADV,étymologiquement,ADV
évangéliser,VERB,C1,beacco,0.0,0.0349,0.0,0.0,0.2366,0.0,0.0,0.0,0.0349,0.0,0.0,0.438,0.0,0.0,0.0,0.0652,C1,word_pos,évangéliser,V,évangéliser,VER
salaud,NOUN,C1,beacco,0.0,0.0347,0.0,0.0,0.3765,0.0,0.0,0.0,0.0347,0.0,0.0,0.7866,0.0,0.0,0.0,0.0731,C1,word_pos,salaud,N,salaud,NOM
administrateur,NOUN,C1,beacco,0.0,0.0346,0.0,0.0,0.0,1.5139,0.0,0.0,0.0346,0.0,0.0,0.0,2.2839,0.0,0.0,0.0614,C1,word_pos,administrateur,N,administrateur,NOM
alphabet,NOUN,C1,beacco,0.0,0.0346,0.0,0.0,0.0,1.5139,0.0,0.0,0.0346,0.0,0.0,0.0,2.2839,0.0,0.0,0.0614,C1,word_pos,alphabet,N,alphabet,NOM
applicable,ADJ,C1,beacco,0.0,0.0346,0.0,0.0,0.0,1.5139,0.0,0.0,0.0346,0.0,0.0,0.0,2.2839,0.0,0.0,0.0614,C1,word_pos,applicable,A,applicable,ADJ
arête,NOUN,C1,beacco,0.0,0.0346,0.0,0.0,0.0,1.5139,0.0,0.0,0.0346,0.0,0.0,0.0,2.2839,0.0,0.0,0.0614,C1,word_pos,arête,N,arête,NOM
aéronautique,ADJ,C1,beacco,0.0,0.0346,0.0,0.0,0.0,1.5139,0.0,0.0,0.0346,0.0,0.0,0.0,2.2839,0.0,0.0,0.0614,C1,word_pos,aéronautique,A,aéronautique,ADJ
barillet,NOUN,C1,beacco,0.0,0.0346,0.0,0.0,0.0,1.5139,0.0,0.0,0.0346,0.0,0.0,0.0,2.2839,0.0,0.0,0.0614,C1,word_pos,barillet,N,barillet,NOM
baroque,NOUN,C1,beacco,0.0,0.0346,0.0,0.0,0.0,1.5139,0.0,0.0,0.0346,0.0,0.0,0.0,2.2839,0.0,0.0,0.0614,C1,word_pos,baroque,N,baroque,NOM
biotope,NOUN,C1,beacco,0.0,0.0346,0.0,0.0,0.0,1.5139,0.0,0.0,0.0346,0.0,0.0,0.0,2.2839,0.0,0.0,0.0614,C1,word_pos,biotope,N,biotope,NOM
boulonner,VERB,C1,beacco,0.0,0.0346,0.0,0.0,0.0,1.5139,0.0,0.0,0.0346,0.0,0.0,0.0,2.2839,0.0,0.0,0.0614,C1,word_pos,boulonner,V,boulonner,VER
bourguignon,ADJ,C1,beacco,0.0,0.0346,0.0,0.0,0.0,1.5139,0.0,0.0,0.0346,0.0,0.0,0.0,2.2839,0.0,0.0,0.0614,C1,word_pos,bourguignon,A,bourguignon,ADJ
cassation,NOUN,C1,beacco,0.0,0.0346,0.0,0.0,0.0,1.5139,0.0,0.0,0.0346,0.0,0.0,0.0,2.2839,0.0,0.0,0.0614,C1,word_pos,cassation,N,cassation,NOM
centripète,ADJ,C1,beacco,0.0,0.0346,0.0,0.0,0.0,1.5139,0.0,0.0,0.0346,0.0,0.0,0.0,2.2839,0.0,0.0,0.0614,C1,word_pos,centripète,A,centripète,ADJ
certifié,ADJ,C1,beacco,0.0,0.0346,0.0,0.0,0.0,1.5139,0.0,0.0,0.0346,0.0,0.0,0.0,2.2839,0.0,0.0,0.0614,C1,word_pos,certifié,A,certifié,ADJ
chauvinisme,NOUN,C1,beacco,0.0,0.0346,0.0,0.0,0.0,1.5139,0.0,0.0,0.0346,0.0,0.0,0.0,2.2839,0.0,0.0,0.0614,C1,word_pos,chauvinisme,N,chauvinisme,NOM
cheptel,NOUN,C1,beacco,0.0,0.0346,0.0,0.0,0.0,1.5139,0.0,0.0,0.0346,0.0,0.0,0.0,2.2839,0.0,0.0,0.0614,C1,word_pos,cheptel,N,cheptel,NOM
chômer,VERB,C1,beacco,0.0,0.0346,0.0,0.0,0.0,1.5139,0.0,0.0,0.0346,0.0,0.0,0.0,2.2839,0.0,0.0,0.0614,C1,word_pos,chômer,V,chômer,VER
devin,NOUN,C1,beacco,0.0,0.0346,0.0,0.0,0.0,1.5139,0.0,0.0,0.0346,0.0,0.0,0.0,2.2839,0.0,0.0,0.0614,C1,word_pos,devin,N,devin,NOM
discounter,NOUN,C1,beacco,0.0,0.0346,0.0,0.0,0.0,1.5139,0.0,0.0,0.0346,0.0,0.0,0.0,2.2839,0.0,0.0,0.0614,C1,word_pos,discounter,N,discounter,NOM
dolmen,NOUN,C1,beacco,0.0,0.0346,0.0,0.0,0.0,1.5139,0.0,0.0,0.0346,0.0,0.0,0.0,2.2839,0.0,0.0,0.0614,C1,word_pos,dolmen,N,dolmen,NOM
douillet,ADJ,C1,beacco,0.0,0.0346,0.0,0.0,0.0,1.5139,0.0,0.0,0.0346,0.0,0.0,0.0,2.2839,0.0,0.0,0.0614,C1,word_pos,douillet,A,douillet,ADJ
démographe,NOUN,C1,beacco,0.0,0.0346,0.0,0.0,0.0,1.5139,0.0,0.0,0.0346,0.0,0.0,0.0,2.2839,0.0,0.0,0.0614,C1,word_pos,démographe,N,démographe,NOM
dénigrer,VERB,C1,beacco,0.0,0.0346,0.0,0.0,0.0,1.5139,0.0,0.0,0.0346,0.0,0.0,0.0,2.2839,0.0,0.0,0.0614,C1,word_pos,dénigrer,V,dénigrer,VER
déshumaniser,VERB,C1,beacco,0.0,0.0346,0.0,0.0,0.0,1.5139,0.0,0.0,0.0346,0.0,0.0,0.0,2.2839,0.0,0.0,0.0614,C1,word_pos,déshumaniser,V,déshumaniser,VER
dévastation,NOUN,C1,beacco,0.0,0.0346,0.0,0.0,0.0,1.5139,0.0,0.0,0.0346,0.0,0.0,0.0,2.2839,0.0,0.0,0.0614,C1,word_pos,dévastation,N,dévastation,NOM
eldorado,NOUN,C1,beacco,0.0,0.0346,0.0,0.0,0.0,1.5139,0.0,0.0,0.0346,0.0,0.0,0.0,2.2839,0.0,0.0,0.0614,C1,word_pos,eldorado,N,eldorado,NOM
emmerdement,NOUN,C1,beacco,0.0,0.0346,0.0,0.0,0.0,1.5139,0.0,0.0,0.0346,0.0,0.0,0.0,2.2839,0.0,0.0,0.0614,C1,word_pos,emmerdement,N,emmerdement,NOM
empâtement,NOUN,C1,beacco,0.0,0.0346,0.0,0.0,0.0,1.5139,0.0,0.0,0.0346,0.0,0.0,0.0,2.2839,0.0,0.0,0.0614,C1,word_pos,empâtement,N,empâtement,NOM
enlaidir,VERB,C1,beacco,0.0,0.0346,0.0,0.0,0.0,1.5139,0.0,0.0,0.0346,0.0,0.0,0.0,2.2839,0.0,0.0,0.0614,C1,word_pos,enlaidir,V,enlaidir,VER
ethnologiquement,ADV,C1,beacco,0.0,0.0346,0.0,0.0,0.0,1.5139,0.0,0.0,0.0346,0.0,0.0,0.0,2.2839,0.0,0.0,0.0614,C1,word_pos,ethnologiquement,ADV,ethnologiquement,ADV
exaltation,NOUN,C1,beacco,0.0,0.0346,0.0,0.0,0.0,1.5139,0.0,0.0,0.0346,0.0,0.0,0.0,2.2839,0.0,0.0,0.0614,C1,word_pos,exaltation,N,exaltation,NOM
filature,NOUN,C1,beacco,0.0,0.0346,0.0,0.0,0.0,1.5139,0.0,0.0,0.0346,0.0,0.0,0.0,2.2839,0.0,0.0,0.0614,C1,word_pos,filature,N,filature,NOM
flou,VERB,C1,beacco,0.0,0.0346,0.0,0.0,0.0,1.5139,0.0,0.0,0.0346,0.0,0.0,0.0,2.2839,0.0,0.0,0.0614,C1,unique_word,flou,V,flou,ADJ
fripier,NOUN,C1,beacco,0.0,0.0346,0.0,0.0,0.0,1.5139,0.0,0.0,0.0346,0.0,0.0,0.0,2.2839,0.0,0.0,0.0614,C1,word_pos,fripier,N,fripier,NOM
frémissement,NOUN,C1,beacco,0.0,0.0346,0.0,0.0,0.0,1.5139,0.0,0.0,0.0346,0.0,0.0,0.0,2.2839,0.0,0.0,0.0614,C1,word_pos,frémissement,N,frémissement,NOM
fumier,NOUN,C1,beacco,0.0,0.0346,0.0,0.0,0.0,1.5139,0.0,0.0,0.0346,0.0,0.0,0.0,2.2839,0.0,0.0,0.0614,C1,word_pos,fumier,N,fumier,NOM
gabelle,NOUN,C1,beacco,0.0,0.0346,0.0,0.0,0.0,1.5139,0.0,0.0,0.0346,0.0,0.0,0.0,2.2839,0.0,0.0,0.0614,C1,word_pos,gabelle,N,gabelle,NOM
gothique,NOUN,C1,beacco,0.0,0.0346,0.0,0.0,0.0,1.5139,0.0,0.0,0.0346,0.0,0.0,0.0,2.2839,0.0,0.0,0.0614,C1,word_pos,gothique,N,gothique,NOM
géométral,ADJ,C1,beacco,0.0,0.0346,0.0,0.0,0.0,1.5139,0.0,0.0,0.0346,0.0,0.0,0.0,2.2839,0.0,0.0,0.0614,C1,word_pos,géométral,A,géométral,ADJ
hardiesse,NOUN,C1,beacco,0.0,0.0346,0.0,0.0,0.0,1.5139,0.0,0.0,0.0346,0.0,0.0,0.0,2.2839,0.0,0.0,0.0614,C1,word_pos,hardiesse,N,hardiesse,NOM
hardware,NOUN,C1,beacco,0.0,0.0346,0.0,0.0,0.0,1.5139,0.0,0.0,0.0346,0.0,0.0,0.0,2.2839,0.0,0.0,0.0614,C1,word_pos,hardware,N,hardware,NOM
havre,NOUN,C1,beacco,0.0,0.0346,0.0,0.0,0.0,1.5139,0.0,0.0,0.0346,0.0,0.0,0.0,2.2839,0.0,0.0,0.0614,C1,word_pos,havre,N,havre,NOM
hideux,ADJ,C1,beacco,0.0,0.0346,0.0,0.0,0.0,1.5139,0.0,0.0,0.0346,0.0,0.0,0.0,2.2839,0.0,0.0,0.0614,C1,word_pos,hideux,A,hideux,ADJ
humilié,ADJ,C1,beacco,0.0,0.0346,0.0,0.0,0.0,1.5139,0.0,0.0,0.0346,0.0,0.0,0.0,2.2839,0.0,0.0,0.0614,C1,word_pos,humilié,A,humilié,ADJ
héliotrope,NOUN,C1,beacco,0.0,0.0346,0.0,0.0,0.0,1.5139,0.0,0.0,0.0346,0.0,0.0,0.0,2.2839,0.0,0.0,0.0614,C1,word_pos,héliotrope,N,héliotrope,NOM
incrustation,NOUN,C1,beacco,0.0,0.0346,0.0,0.0,0.0,1.5139,0.0,0.0,0.0346,0.0,0.0,0.0,2.2839,0.0,0.0,0.0614,C1,word_pos,incrustation,N,incrustation,NOM
indicateur,NOUN,C1,beacco,0.0,0.0346,0.0,0.0,0.0,1.5139,0.0,0.0,0.0346,0.0,0.0,0.0,2.2839,0.0,0.0,0.0614,C1,word_pos,indicateur,N,indicateur,NOM
indiscutable,ADJ,C1,beacco,0.0,0.0346,0.0,0.0,0.0,1.5139,0.0,0.0,0.0346,0.0,0.0,0.0,2.2839,0.0,0.0,0.0614,C1,word_pos,indiscutable,A,indiscutable,ADJ
inhabité,ADJ,C1,beacco,0.0,0.0346,0.0,0.0,0.0,1.5139,0.0,0.0,0.0346,0.0,0.0,0.0,2.2839,0.0,0.0,0.0614,C1,word_pos,inhabité,A,inhabité,ADJ
insulaire,ADJ,C1,beacco,0.0,0.0346,0.0,0.0,0.0,1.5139,0.0,0.0,0.0346,0.0,0.0,0.0,2.2839,0.0,0.0,0.0614,C1,word_pos,insulaire,A,insulaire,ADJ
inusité,ADJ,C1,beacco,0.0,0.0346,0.0,0.0,0.0,1.5139,0.0,0.0,0.0346,0.0,0.0,0.0,2.2839,0.0,0.0,0.0614,C1,word_pos,inusité,A,inusité,ADJ
irréparablement,ADV,C1,beacco,0.0,0.0346,0.0,0.0,0.0,1.5139,0.0,0.0,0.0346,0.0,0.0,0.0,2.2839,0.0,0.0,0.0614,C1,word_pos,irréparablement,ADV,irréparablement,ADV
jeunet,NOUN,C1,beacco,0.0,0.0346,0.0,0.0,0.0,1.5139,0.0,0.0,0.0346,0.0,0.0,0.0,2.2839,0.0,0.0,0.0614,C1,unique_word,jeunet,N,jeunet,ADJ
jeûner,VERB,C1,beacco,0.0,0.0346,0.0,0.0,0.0,1.5139,0.0,0.0,0.0346,0.0,0.0,0.0,2.2839,0.0,0.0,0.0614,C1,word_pos,jeûner,V,jeûner,VER
klaxon,NOUN,C1,beacco,0.0,0.0346,0.0,0.0,0.0,1.5139,0.0,0.0,0.0346,0.0,0.0,0.0,2.2839,0.0,0.0,0.0614,C1,word_pos,klaxon,N,klaxon,NOM
lisière,NOUN,C1,beacco,0.0,0.0346,0.0,0.0,0.0,1.5139,0.0,0.0,0.0346,0.0,0.0,0.0,2.2839,0.0,0.0,0.0614,C1,word_pos,lisière,N,lisière,NOM
logiquement,ADV,C1,beacco,0.0,0.0346,0.0,0.0,0.0,1.5139,0.0,0.0,0.0346,0.0,0.0,0.0,2.2839,0.0,0.0,0.0614,C1,word_pos,logiquement,ADV,logiquement,ADV
légiférer,VERB,C1,beacco,0.0,0.0346,0.0,0.0,0.0,1.5139,0.0,0.0,0.0346,0.0,0.0,0.0,2.2839,0.0,0.0,0.0614,C1,word_pos,légiférer,V,légiférer,VER
légitimement,ADV,C1,beacco,0.0,0.0346,0.0,0.0,0.0,1.5139,0.0,0.0,0.0346,0.0,0.0,0.0,2.2839,0.0,0.0,0.0614,C1,word_pos,légitimement,ADV,légitimement,ADV
maisonnée,NOUN,C1,beacco,0.0,0.0346,0.0,0.0,0.0,1.5139,0.0,0.0,0.0346,0.0,0.0,0.0,2.2839,0.0,0.0,0.0614,C1,word_pos,maisonnée,N,maisonnée,NOM
majoration,NOUN,C1,beacco,0.0,0.0346,0.0,0.0,0.0,1.5139,0.0,0.0,0.0346,0.0,0.0,0.0,2.2839,0.0,0.0,0.0614,C1,word_pos,majoration,N,majoration,NOM
manivelle,NOUN,C1,beacco,0.0,0.0346,0.0,0.0,0.0,1.5139,0.0,0.0,0.0346,0.0,0.0,0.0,2.2839,0.0,0.0,0.0614,C1,word_pos,manivelle,N,manivelle,NOM
matérialisation,NOUN,C1,beacco,0.0,0.0346,0.0,0.0,0.0,1.5139,0.0,0.0,0.0346,0.0,0.0,0.0,2.2839,0.0,0.0,0.0614,C1,word_pos,matérialisation,N,matérialisation,NOM
maxi,ADJ,C1,beacco,0.0,0.0346,0.0,0.0,0.0,1.5139,0.0,0.0,0.0346,0.0,0.0,0.0,2.2839,0.0,0.0,0.0614,C1,word_pos,maxi,A,maxi,ADJ
mercantile,ADJ,C1,beacco,0.0,0.0346,0.0,0.0,0.0,1.5139,0.0,0.0,0.0346,0.0,0.0,0.0,2.2839,0.0,0.0,0.0614,C1,word_pos,mercantile,A,mercantile,ADJ
missile,NOUN,C1,beacco,0.0,0.0346,0.0,0.0,0.0,1.5139,0.0,0.0,0.0346,0.0,0.0,0.0,2.2839,0.0,0.0,0.0614,C1,word_pos,missile,N,missile,NOM
modernisme,NOUN,C1,beacco,0.0,0.0346,0.0,0.0,0.0,1.5139,0.0,0.0,0.0346,0.0,0.0,0.0,2.2839,0.0,0.0,0.0614,C1,word_pos,modernisme,N,modernisme,NOM
monochrome,ADJ,C1,beacco,0.0,0.0346,0.0,0.0,0.0,1.5139,0.0,0.0,0.0346,0.0,0.0,0.0,2.2839,0.0,0.0,0.0614,C1,word_pos,monochrome,A,monochrome,ADJ
monticule,NOUN,C1,beacco,0.0,0.0346,0.0,0.0,0.0,1.5139,0.0,0.0,0.0346,0.0,0.0,0.0,2.2839,0.0,0.0,0.0614,C1,word_pos,monticule,N,monticule,NOM
mutilation,NOUN,C1,beacco,0.0,0.0346,0.0,0.0,0.0,1.5139,0.0,0.0,0.0346,0.0,0.0,0.0,2.2839,0.0,0.0,0.0614,C1,word_pos,mutilation,N,mutilation,NOM
méridional,ADJ,C1,beacco,0.0,0.0346,0.0,0.0,0.0,1.5139,0.0,0.0,0.0346,0.0,0.0,0.0,2.2839,0.0,0.0,0.0614,C1,word_pos,méridional,A,méridional,ADJ
météorologie,NOUN,C1,beacco,0.0,0.0346,0.0,0.0,0.0,1.5139,0.0,0.0,0.0346,0.0,0.0,0.0,2.2839,0.0,0.0,0.0614,C1,word_pos,météorologie,N,météorologie,NOM
néologie,NOUN,C1,beacco,0.0,0.0346,0.0,0.0,0.0,1.5139,0.0,0.0,0.0346,0.0,0.0,0.0,2.2839,0.0,0.0,0.0614,C1,word_pos,néologie,N,néologie,NOM
obstiner,VERB,C1,beacco,0.0,0.0346,0.0,0.0,0.0,1.5139,0.0,0.0,0.0346,0.0,0.0,0.0,2.2839,0.0,0.0,0.0614,C1,word_pos,obstiner,V,obstiner,VER
omission,NOUN,C1,beacco,0.0,0.0346,0.0,0.0,0.0,1.5139,0.0,0.0,0.0346,0.0,0.0,0.0,2.2839,0.0,0.0,0.0614,C1,word_pos,omission,N,omission,NOM
onéreux,ADJ,C1,beacco,0.0,0.0346,0.0,0.0,0.0,1.5139,0.0,0.0,0.0346,0.0,0.0,0.0,2.2839,0.0,0.0,0.0614,C1,word_pos,onéreux,A,onéreux,ADJ
orangé,NOUN,C1,beacco,0.0,0.0346,0.0,0.0,0.0,1.5139,0.0,0.0,0.0346,0.0,0.0,0.0,2.2839,0.0,0.0,0.0614,C1,word_pos,orangé,N,orangé,NOM
pamphlétaire,NOUN,C1,beacco,0.0,0.0346,0.0,0.0,0.0,1.5139,0.0,0.0,0.0346,0.0,0.0,0.0,2.2839,0.0,0.0,0.0614,C1,word_pos,pamphlétaire,N,pamphlétaire,NOM
patrimonial,ADJ,C1,beacco,0.0,0.0346,0.0,0.0,0.0,1.5139,0.0,0.0,0.0346,0.0,0.0,0.0,2.2839,0.0,0.0,0.0614,C1,word_pos,patrimonial,A,patrimonial,ADJ
piteux,ADJ,C1,beacco,0.0,0.0346,0.0,0.0,0.0,1.5139,0.0,0.0,0.0346,0.0,0.0,0.0,2.2839,0.0,0.0,0.0614,C1,word_pos,piteux,A,piteux,ADJ
plouc,NOUN,C1,beacco,0.0,0.0346,0.0,0.0,0.0,1.5139,0.0,0.0,0.0346,0.0,0.0,0.0,2.2839,0.0,0.0,0.0614,C1,word_pos,plouc,N,plouc,NOM
portant,ADJ,C1,beacco,0.0,0.0346,0.0,0.0,0.0,1.5139,0.0,0.0,0.0346,0.0,0.0,0.0,2.2839,0.0,0.0,0.0614,C1,word_pos,portant,A,portant,ADJ
pouponner,VERB,C1,beacco,0.0,0.0346,0.0,0.0,0.0,1.5139,0.0,0.0,0.0346,0.0,0.0,0.0,2.2839,0.0,0.0,0.0614,C1,word_pos,pouponner,V,pouponner,VER
poussette,NOUN,C1,beacco,0.0,0.0346,0.0,0.0,0.0,1.5139,0.0,0.0,0.0346,0.0,0.0,0.0,2.2839,0.0,0.0,0.0614,C1,word_pos,poussette,N,poussette,NOM
profaner,VERB,C1,beacco,0.0,0.0346,0.0,0.0,0.0,1.5139,0.0,0.0,0.0346,0.0,0.0,0.0,2.2839,0.0,0.0,0.0614,C1,word_pos,profaner,V,profaner,VER
proie,NOUN,C1,beacco,0.0,0.0346,0.0,0.0,0.0,1.5139,0.0,0.0,0.0346,0.0,0.0,0.0,2.2839,0.0,0.0,0.0614,C1,word_pos,proie,N,proie,NOM
rapetisser,VERB,C1,beacco,0.0,0.0346,0.0,0.0,0.0,1.5139,0.0,0.0,0.0346,0.0,0.0,0.0,2.2839,0.0,0.0,0.0614,C1,word_pos,rapetisser,V,rapetisser,VER
remplissage,NOUN,C1,beacco,0.0,0.0346,0.0,0.0,0.0,1.5139,0.0,0.0,0.0346,0.0,0.0,0.0,2.2839,0.0,0.0,0.0614,C1,word_pos,remplissage,N,remplissage,NOM
resplendir,VERB,C1,beacco,0.0,0.0346,0.0,0.0,0.0,1.5139,0.0,0.0,0.0346,0.0,0.0,0.0,2.2839,0.0,0.0,0.0614,C1,word_pos,resplendir,V,resplendir,VER
retentissement,NOUN,C1,beacco,0.0,0.0346,0.0,0.0,0.0,1.5139,0.0,0.0,0.0346,0.0,0.0,0.0,2.2839,0.0,0.0,0.0614,C1,word_pos,retentissement,N,retentissement,NOM
revirement,NOUN,C1,beacco,0.0,0.0346,0.0,0.0,0.0,1.5139,0.0,0.0,0.0346,0.0,0.0,0.0,2.2839,0.0,0.0,0.0614,C1,word_pos,revirement,N,revirement,NOM
récidiver,VERB,C1,beacco,0.0,0.0346,0.0,0.0,0.0,1.5139,0.0,0.0,0.0346,0.0,0.0,0.0,2.2839,0.0,0.0,0.0614,C1,word_pos,récidiver,V,récidiver,VER
régularisation,NOUN,C1,beacco,0.0,0.0346,0.0,0.0,0.0,1.5139,0.0,0.0,0.0346,0.0,0.0,0.0,2.2839,0.0,0.0,0.0614,C1,word_pos,régularisation,N,régularisation,NOM
rétablissement,NOUN,C1,beacco,0.0,0.0346,0.0,0.0,0.0,1.5139,0.0,0.0,0.0346,0.0,0.0,0.0,2.2839,0.0,0.0,0.0614,C1,word_pos,rétablissement,N,rétablissement,NOM
salé,ADJ,C1,beacco,0.0,0.0346,0.0,0.0,0.0,1.5139,0.0,0.0,0.0346,0.0,0.0,0.0,2.2839,0.0,0.0,0.0614,C1,word_pos,salé,A,salé,ADJ
similarité,NOUN,C1,beacco,0.0,0.0346,0.0,0.0,0.0,1.5139,0.0,0.0,0.0346,0.0,0.0,0.0,2.2839,0.0,0.0,0.0614,C1,word_pos,similarité,N,similarité,NOM
splash,X,C1,beacco,0.0,0.0346,0.0,0.0,0.0,1.5139,0.0,0.0,0.0346,0.0,0.0,0.0,2.2839,0.0,0.0,0.0614,C1,unique_word,splash,X,splash,NOM
stationner,NOUN,C1,beacco,0.0,0.0346,0.0,0.0,0.0,1.5139,0.0,0.0,0.0346,0.0,0.0,0.0,2.2839,0.0,0.0,0.0614,C1,unique_word,stationner,N,stationner,VER
stupéfiant,ADJ,C1,beacco,0.0,0.0346,0.0,0.0,0.0,1.5139,0.0,0.0,0.0346,0.0,0.0,0.0,2.2839,0.0,0.0,0.0614,C1,word_pos,stupéfiant,A,stupéfiant,ADJ
suffixe,NOUN,C1,beacco,0.0,0.0346,0.0,0.0,0.0,1.5139,0.0,0.0,0.0346,0.0,0.0,0.0,2.2839,0.0,0.0,0.0614,C1,word_pos,suffixe,N,suffixe,NOM
surimpression,NOUN,C1,beacco,0.0,0.0346,0.0,0.0,0.0,1.5139,0.0,0.0,0.0346,0.0,0.0,0.0,2.2839,0.0,0.0,0.0614,C1,word_pos,surimpression,N,surimpression,NOM
sépia,NOUN,C1,beacco,0.0,0.0346,0.0,0.0,0.0,1.5139,0.0,0.0,0.0346,0.0,0.0,0.0,2.2839,0.0,0.0,0.0614,C1,word_pos,sépia,N,sépia,NOM
séquelle,NOUN,C1,beacco,0.0,0.0346,0.0,0.0,0.0,1.5139,0.0,0.0,0.0346,0.0,0.0,0.0,2.2839,0.0,0.0,0.0614,C1,word_pos,séquelle,N,séquelle,NOM
terroriste,ADJ,C1,beacco,0.0,0.0346,0.0,0.0,0.0,1.5139,0.0,0.0,0.0346,0.0,0.0,0.0,2.2839,0.0,0.0,0.0614,C1,word_pos,terroriste,A,terroriste,ADJ
travelling,NOUN,C1,beacco,0.0,0.0346,0.0,0.0,0.0,1.5139,0.0,0.0,0.0346,0.0,0.0,0.0,2.2839,0.0,0.0,0.0614,C1,word_pos,travelling,N,travelling,NOM
trio,NOUN,C1,beacco,0.0,0.0346,0.0,0.0,0.0,1.5139,0.0,0.0,0.0346,0.0,0.0,0.0,2.2839,0.0,0.0,0.0614,C1,word_pos,trio,N,trio,NOM
typé,ADJ,C1,beacco,0.0,0.0346,0.0,0.0,0.0,1.5139,0.0,0.0,0.0346,0.0,0.0,0.0,2.2839,0.0,0.0,0.0614,C1,word_pos,typé,A,typé,ADJ
tôle,NOUN,C1,beacco,0.0,0.0346,0.0,0.0,0.0,1.5139,0.0,0.0,0.0346,0.0,0.0,0.0,2.2839,0.0,0.0,0.0614,C1,word_pos,tôle,N,tôle,NOM
verdoyant,ADJ,C1,beacco,0.0,0.0346,0.0,0.0,0.0,1.5139,0.0,0.0,0.0346,0.0,0.0,0.0,2.2839,0.0,0.0,0.0614,C1,word_pos,verdoyant,A,verdoyant,ADJ
vertigineusement,ADV,C1,beacco,0.0,0.0346,0.0,0.0,0.0,1.5139,0.0,0.0,0.0346,0.0,0.0,0.0,2.2839,0.0,0.0,0.0614,C1,word_pos,vertigineusement,ADV,vertigineusement,ADV
éducationnel,ADJ,C1,beacco,0.0,0.0346,0.0,0.0,0.0,1.5139,0.0,0.0,0.0346,0.0,0.0,0.0,2.2839,0.0,0.0,0.0614,C1,word_pos,éducationnel,A,éducationnel,ADJ
énergumène,NOUN,C1,beacco,0.0,0.0346,0.0,0.0,0.0,1.5139,0.0,0.0,0.0346,0.0,0.0,0.0,2.2839,0.0,0.0,0.0614,C1,word_pos,énergumène,N,énergumène,NOM
caramel,ADJ,C1,beacco,0.0,0.0334,0.0,0.6619,0.0,0.0,0.0,0.0,0.0334,0.0,0.4258,0.0,0.0,0.0,0.0,0.0553,C1,word_pos,caramel,A,caramel,ADJ
constructible,ADJ,C1,beacco,0.0,0.0334,0.0,0.0,0.3625,0.0,0.0,0.0,0.0334,0.0,0.0,0.37,0.0,0.0,0.0,0.0944,C1,word_pos,constructible,A,constructible,ADJ
lande,NOUN,C1,beacco,0.0,0.0334,0.0,0.0,0.3625,0.0,0.0,0.0,0.0334,0.0,0.0,0.37,0.0,0.0,0.0,0.0944,C1,word_pos,lande,N,lande,NOM
acrobatie,NOUN,C1,beacco,0.0,0.0333,0.0,0.0,0.3618,0.0,0.0,0.0,0.0333,0.0,0.0,0.6378,0.0,0.0,0.0,0.0592,C1,word_pos,acrobatie,N,acrobatie,NOM
amollir,VERB,C1,beacco,0.0,0.0333,0.0,0.0,0.3618,0.0,0.0,0.0,0.0333,0.0,0.0,0.6378,0.0,0.0,0.0,0.0592,C1,word_pos,amollir,V,amollir,VER
athéisme,NOUN,C1,beacco,0.0,0.0333,0.0,0.0,0.3618,0.0,0.0,0.0,0.0333,0.0,0.0,0.6378,0.0,0.0,0.0,0.0592,C1,word_pos,athéisme,N,athéisme,NOM
attroupement,NOUN,C1,beacco,0.0,0.0333,0.0,0.0,0.3618,0.0,0.0,0.0,0.0333,0.0,0.0,0.6378,0.0,0.0,0.0,0.0592,C1,word_pos,attroupement,N,attroupement,NOM
bavette,NOUN,C1,beacco,0.0,0.0333,0.0,0.0,0.3618,0.0,0.0,0.0,0.0333,0.0,0.0,0.6378,0.0,0.0,0.0,0.0592,C1,word_pos,bavette,N,bavette,NOM
bide,NOUN,C1,beacco,0.0,0.0333,0.0,0.0,0.3618,0.0,0.0,0.0,0.0333,0.0,0.0,0.6378,0.0,0.0,0.0,0.0592,C1,word_pos,bide,N,bide,NOM
bionique,NOUN,C1,beacco,0.0,0.0333,0.0,0.0,0.3618,0.0,0.0,0.0,0.0333,0.0,0.0,0.6378,0.0,0.0,0.0,0.0592,C1,word_pos,bionique,N,bionique,NOM
bobine,NOUN,C1,beacco,0.0,0.0333,0.0,0.0,0.3618,0.0,0.0,0.0,0.0333,0.0,0.0,0.6378,0.0,0.0,0.0,0.0592,C1,word_pos,bobine,N,bobine,NOM
buste,NOUN,C1,beacco,0.0,0.0333,0.0,0.0,0.3618,0.0,0.0,0.0,0.0333,0.0,0.0,0.6378,0.0,0.0,0.0,0.0592,C1,word_pos,buste,N,buste,NOM
cafard,NOUN,C1,beacco,0.0,0.0333,0.0,0.0,0.3618,0.0,0.0,0.0,0.0333,0.0,0.0,0.6378,0.0,0.0,0.0,0.0592,C1,word_pos,cafard,N,cafard,NOM
clairon,NOUN,C1,beacco,0.0,0.0333,0.0,0.0,0.3618,0.0,0.0,0.0,0.0333,0.0,0.0,0.6378,0.0,0.0,0.0,0.0592,C1,word_pos,clairon,N,clairon,NOM
consternation,NOUN,C1,beacco,0.0,0.0333,0.0,0.0,0.3618,0.0,0.0,0.0,0.0333,0.0,0.0,0.6378,0.0,0.0,0.0,0.0592,C1,word_pos,consternation,N,consternation,NOM
contraceptif,NOUN,C1,beacco,0.0,0.0333,0.0,0.0,0.3618,0.0,0.0,0.0,0.0333,0.0,0.0,0.6378,0.0,0.0,0.0,0.0592,C1,word_pos,contraceptif,N,contraceptif,NOM
costaud,ADJ,C1,beacco,0.0,0.0333,0.0,0.0,0.3618,0.0,0.0,0.0,0.0333,0.0,0.0,0.6378,0.0,0.0,0.0,0.0592,C1,word_pos,costaud,A,costaud,ADJ
criailler,VERB,C1,beacco,0.0,0.0333,0.0,0.0,0.3618,0.0,0.0,0.0,0.0333,0.0,0.0,0.6378,0.0,0.0,0.0,0.0592,C1,word_pos,criailler,V,criailler,VER
diplomate,NOUN,C1,beacco,0.0,0.0333,0.0,0.0,0.3618,0.0,0.0,0.0,0.0333,0.0,0.0,0.6378,0.0,0.0,0.0,0.0592,C1,word_pos,diplomate,N,diplomate,NOM
distancier,VERB,C1,beacco,0.0,0.0333,0.0,0.0,0.3618,0.0,0.0,0.0,0.0333,0.0,0.0,0.6378,0.0,0.0,0.0,0.0592,C1,word_pos,distancier,V,distancier,VER
dégotter,VERB,C1,beacco,0.0,0.0333,0.0,0.0,0.3618,0.0,0.0,0.0,0.0333,0.0,0.0,0.6378,0.0,0.0,0.0,0.0592,C1,word_pos,dégotter,V,dégotter,VER
dénoyauter,VERB,C1,beacco,0.0,0.0333,0.0,0.0,0.3618,0.0,0.0,0.0,0.0333,0.0,0.0,0.6378,0.0,0.0,0.0,0.0592,C1,word_pos,dénoyauter,V,dénoyauter,VER
dérogatoire,ADJ,C1,beacco,0.0,0.0333,0.0,0.0,0.3618,0.0,0.0,0.0,0.0333,0.0,0.0,0.6378,0.0,0.0,0.0,0.0592,C1,word_pos,dérogatoire,A,dérogatoire,ADJ
désirable,ADJ,C1,beacco,0.0,0.0333,0.0,0.0,0.3618,0.0,0.0,0.0,0.0333,0.0,0.0,0.6378,0.0,0.0,0.0,0.0592,C1,word_pos,désirable,A,désirable,ADJ
enfilade,NOUN,C1,beacco,0.0,0.0333,0.0,0.0,0.3618,0.0,0.0,0.0,0.0333,0.0,0.0,0.6378,0.0,0.0,0.0,0.0592,C1,word_pos,enfilade,N,enfilade,NOM
enracinement,NOUN,C1,beacco,0.0,0.0333,0.0,0.0,0.3618,0.0,0.0,0.0,0.0333,0.0,0.0,0.6378,0.0,0.0,0.0,0.0592,C1,word_pos,enracinement,N,enracinement,NOM
entraider,VERB,C1,beacco,0.0,0.0333,0.0,0.0,0.3618,0.0,0.0,0.0,0.0333,0.0,0.0,0.6378,0.0,0.0,0.0,0.0592,C1,word_pos,entraider,V,entraider,VER
flambeau,NOUN,C1,beacco,0.0,0.0333,0.0,0.0,0.3618,0.0,0.0,0.0,0.0333,0.0,0.0,0.6378,0.0,0.0,0.0,0.0592,C1,word_pos,flambeau,N,flambeau,NOM
fonctionnalité,NOUN,C1,beacco,0.0,0.0333,0.0,0.0,0.3618,0.0,0.0,0.0,0.0333,0.0,0.0,0.6378,0.0,0.0,0.0,0.0592,C1,word_pos,fonctionnalité,N,fonctionnalité,NOM
guidon,NOUN,C1,beacco,0.0,0.0333,0.0,0.0,0.3618,0.0,0.0,0.0,0.0333,0.0,0.0,0.6378,0.0,0.0,0.0,0.0592,C1,word_pos,guidon,N,guidon,NOM
géopolitique,ADJ,C1,beacco,0.0,0.0333,0.0,0.0,0.3618,0.0,0.0,0.0,0.0333,0.0,0.0,0.6378,0.0,0.0,0.0,0.0592,C1,word_pos,géopolitique,A,géopolitique,ADJ
hérissement,NOUN,C1,beacco,0.0,0.0333,0.0,0.0,0.3618,0.0,0.0,0.0,0.0333,0.0,0.0,0.6378,0.0,0.0,0.0,0.0592,C1,word_pos,hérissement,N,hérissement,NOM
implant,NOUN,C1,beacco,0.0,0.0333,0.0,0.0,0.3618,0.0,0.0,0.0,0.0333,0.0,0.0,0.6378,0.0,0.0,0.0,0.0592,C1,word_pos,implant,N,implant,NOM
indigence,NOUN,C1,beacco,0.0,0.0333,0.0,0.0,0.3618,0.0,0.0,0.0,0.0333,0.0,0.0,0.6378,0.0,0.0,0.0,0.0592,C1,word_pos,indigence,N,indigence,NOM
inextinguible,ADJ,C1,beacco,0.0,0.0333,0.0,0.0,0.3618,0.0,0.0,0.0,0.0333,0.0,0.0,0.6378,0.0,0.0,0.0,0.0592,C1,word_pos,inextinguible,A,inextinguible,ADJ
insoluble,ADJ,C1,beacco,0.0,0.0333,0.0,0.0,0.3618,0.0,0.0,0.0,0.0333,0.0,0.0,0.6378,0.0,0.0,0.0,0.0592,C1,unique_word,insoluble,A,insoluble,NOM
judaïsme,NOUN,C1,beacco,0.0,0.0333,0.0,0.0,0.3618,0.0,0.0,0.0,0.0333,0.0,0.0,0.6378,0.0,0.0,0.0,0.0592,C1,word_pos,judaïsme,N,judaïsme,NOM
kilogramme,NOUN,C1,beacco,0.0,0.0333,0.0,0.0,0.3618,0.0,0.0,0.0,0.0333,0.0,0.0,0.6378,0.0,0.0,0.0,0.0592,C1,word_pos,kilogramme,N,kilogramme,NOM
livresque,ADJ,C1,beacco,0.0,0.0333,0.0,0.0,0.3618,0.0,0.0,0.0,0.0333,0.0,0.0,0.6378,0.0,0.0,0.0,0.0592,C1,word_pos,livresque,A,livresque,ADJ
livreur,ADJ,C1,beacco,0.0,0.0333,0.0,0.0,0.3618,0.0,0.0,0.0,0.0333,0.0,0.0,0.6378,0.0,0.0,0.0,0.0592,C1,unique_word,livreur,A,livreur,NOM
luzerne,NOUN,C1,beacco,0.0,0.0333,0.0,0.0,0.3618,0.0,0.0,0.0,0.0333,0.0,0.0,0.6378,0.0,0.0,0.0,0.0592,C1,word_pos,luzerne,N,luzerne,NOM
manutention,NOUN,C1,beacco,0.0,0.0333,0.0,0.0,0.3618,0.0,0.0,0.0,0.0333,0.0,0.0,0.6378,0.0,0.0,0.0,0.0592,C1,word_pos,manutention,N,manutention,NOM
merguez,NOUN,C1,beacco,0.0,0.0333,0.0,0.0,0.3618,0.0,0.0,0.0,0.0333,0.0,0.0,0.6378,0.0,0.0,0.0,0.0592,C1,word_pos,merguez,N,merguez,NOM
muséologue,NOUN,C1,beacco,0.0,0.0333,0.0,0.0,0.3618,0.0,0.0,0.0,0.0333,0.0,0.0,0.6378,0.0,0.0,0.0,0.0592,C1,word_pos,muséologue,N,muséologue,NOM
médicalement,ADV,C1,beacco,0.0,0.0333,0.0,0.0,0.3618,0.0,0.0,0.0,0.0333,0.0,0.0,0.6378,0.0,0.0,0.0,0.0592,C1,word_pos,médicalement,ADV,médicalement,ADV
nominatif,ADJ,C1,beacco,0.0,0.0333,0.0,0.0,0.3618,0.0,0.0,0.0,0.0333,0.0,0.0,0.6378,0.0,0.0,0.0,0.0592,C1,word_pos,nominatif,A,nominatif,ADJ
paraplégique,NOUN,C1,beacco,0.0,0.0333,0.0,0.0,0.3618,0.0,0.0,0.0,0.0333,0.0,0.0,0.6378,0.0,0.0,0.0,0.0592,C1,unique_word,paraplégique,N,paraplégique,ADJ
passivité,NOUN,C1,beacco,0.0,0.0333,0.0,0.0,0.3618,0.0,0.0,0.0,0.0333,0.0,0.0,0.6378,0.0,0.0,0.0,0.0592,C1,word_pos,passivité,N,passivité,NOM
paysagiste,NOUN,C1,beacco,0.0,0.0333,0.0,0.0,0.3618,0.0,0.0,0.0,0.0333,0.0,0.0,0.6378,0.0,0.0,0.0,0.0592,C1,word_pos,paysagiste,N,paysagiste,NOM
perroquet,NOUN,C1,beacco,0.0,0.0333,0.0,0.0,0.3618,0.0,0.0,0.0,0.0333,0.0,0.0,0.6378,0.0,0.0,0.0,0.0592,C1,word_pos,perroquet,N,perroquet,NOM
planisphère,NOUN,C1,beacco,0.0,0.0333,0.0,0.0,0.3618,0.0,0.0,0.0,0.0333,0.0,0.0,0.6378,0.0,0.0,0.0,0.0592,C1,word_pos,planisphère,N,planisphère,NOM
primer,VERB,C1,beacco,0.0,0.0333,0.0,0.0,0.3618,0.0,0.0,0.0,0.0333,0.0,0.0,0.0,0.911,0.0,0.0,0.0652,C1,word_pos,primer,V,primer,VER
propagande,NOUN,C1,beacco,0.0,0.0333,0.0,0.0,0.3618,0.0,0.0,0.0,0.0333,0.0,0.0,0.6378,0.0,0.0,0.0,0.0592,C1,word_pos,propagande,N,propagande,NOM
radin,ADJ,C1,beacco,0.0,0.0333,0.0,0.0,0.3618,0.0,0.0,0.0,0.0333,0.0,0.0,0.6378,0.0,0.0,0.0,0.0592,C1,word_pos,radin,A,radin,ADJ
radoteur,NOUN,C1,beacco,0.0,0.0333,0.0,0.0,0.3618,0.0,0.0,0.0,0.0333,0.0,0.0,0.6378,0.0,0.0,0.0,0.0592,C1,unique_word,radoteur,N,radoteur,ADJ
rageur,ADJ,C1,beacco,0.0,0.0333,0.0,0.0,0.3618,0.0,0.0,0.0,0.0333,0.0,0.0,0.6378,0.0,0.0,0.0,0.0592,C1,word_pos,rageur,A,rageur,ADJ
recevable,ADJ,C1,beacco,0.0,0.0333,0.0,0.0,0.3618,0.0,0.0,0.0,0.0333,0.0,0.0,0.6378,0.0,0.0,0.0,0.0592,C1,word_pos,recevable,A,recevable,ADJ
recomposition,NOUN,C1,beacco,0.0,0.0333,0.0,0.0,0.3618,0.0,0.0,0.0,0.0333,0.0,0.0,0.6378,0.0,0.0,0.0,0.0592,C1,word_pos,recomposition,N,recomposition,NOM
rital,NOUN,C1,beacco,0.0,0.0333,0.0,0.0,0.3618,0.0,0.0,0.0,0.0333,0.0,0.0,3.189,0.0,0.0,0.0,0.2962,C1,word_pos,rital,N,rital,NOM
réactionnaire,ADJ,C1,beacco,0.0,0.0333,0.0,0.0,0.3618,0.0,0.0,0.0,0.0333,0.0,0.0,0.6378,0.0,0.0,0.0,0.0592,C1,word_pos,réactionnaire,A,réactionnaire,ADJ
répulsif,ADJ,C1,beacco,0.0,0.0333,0.0,0.0,0.3618,0.0,0.0,0.0,0.0333,0.0,0.0,0.6378,0.0,0.0,0.0,0.0592,C1,word_pos,répulsif,A,répulsif,ADJ
songeur,NOUN,C1,beacco,0.0,0.0333,0.0,0.0,0.3618,0.0,0.0,0.0,0.0333,0.0,0.0,0.6378,0.0,0.0,0.0,0.0592,C1,unique_word,songeur,N,songeur,ADJ
soûlard,NOUN,C1,beacco,0.0,0.0333,0.0,0.0,0.3618,0.0,0.0,0.0,0.0333,0.0,0.0,0.6378,0.0,0.0,0.0,0.0592,C1,word_pos,soûlard,N,soûlard,NOM
sténodactylographe,NOUN,C1,beacco,0.0,0.0333,0.0,0.0,0.3618,0.0,0.0,0.0,0.0333,0.0,0.0,0.6378,0.0,0.0,0.0,0.0592,C1,word_pos,sténodactylographe,N,sténodactylographe,NOM
surmener,VERB,C1,beacco,0.0,0.0333,0.0,0.0,0.3618,0.0,0.0,0.0,0.0333,0.0,0.0,0.6378,0.0,0.0,0.0,0.0592,C1,word_pos,surmener,V,surmener,VER
tollé,NOUN,C1,beacco,0.0,0.0333,0.0,0.0,0.3618,0.0,0.0,0.0,0.0333,0.0,0.0,0.6378,0.0,0.0,0.0,0.0592,C1,word_pos,tollé,N,tollé,NOM
transpondeur,NOUN,C1,beacco,0.0,0.0333,0.0,0.0,0.3618,0.0,0.0,0.0,0.0333,0.0,0.0,0.6378,0.0,0.0,0.0,0.0592,C1,word_pos,transpondeur,N,transpondeur,NOM
trapu,ADJ,C1,beacco,0.0,0.0333,0.0,0.0,0.3618,0.0,0.0,0.0,0.0333,0.0,0.0,0.6378,0.0,0.0,0.0,0.0592,C1,word_pos,trapu,A,trapu,ADJ
tétraplégique,NOUN,C1,beacco,0.0,0.0333,0.0,0.0,0.3618,0.0,0.0,0.0,0.0333,0.0,0.0,0.6378,0.0,0.0,0.0,0.0592,C1,word_pos,tétraplégique,N,tétraplégique,NOM
ultrason,NOUN,C1,beacco,0.0,0.0333,0.0,0.0,0.3618,0.0,0.0,0.0,0.0333,0.0,0.0,0.6378,0.0,0.0,0.0,0.0592,C1,word_pos,ultrason,N,ultrason,NOM
usager,ADJ,C1,beacco,0.0,0.0333,0.0,0.0,0.3618,0.0,0.0,0.0,0.0333,0.0,0.0,0.6378,0.0,0.0,0.0,0.0592,C1,word_pos,usager,A,usager,ADJ
vénérer,VERB,C1,beacco,0.0,0.0333,0.0,0.0,0.3618,0.0,0.0,0.0,0.0333,0.0,0.0,0.6378,0.0,0.0,0.0,0.0592,C1,word_pos,vénérer,V,vénérer,VER
écrasant,ADJ,C1,beacco,0.0,0.0333,0.0,0.0,0.3618,0.0,0.0,0.0,0.0333,0.0,0.0,0.6378,0.0,0.0,0.0,0.0592,C1,word_pos,écrasant,A,écrasant,ADJ
entreprenant,ADJ,C1,beacco,0.0,0.0324,0.0,0.6418,0.0,0.0,0.0,0.0,0.0324,0.0,1.2456,0.0,0.0,0.0,0.0,0.0944,C1,word_pos,entreprenant,A,entreprenant,ADJ
moche,ADJ,C1,beacco,0.0,0.0324,0.0,0.6418,0.0,0.0,0.0,0.0,0.0324,0.0,1.2456,0.0,0.0,0.0,0.0,0.0944,C1,word_pos,moche,A,moche,ADJ
défoncer,VERB,C1,beacco,0.0,0.0323,0.0,0.0,0.0,1.4125,0.0,0.0,0.0323,0.0,0.0,0.0,2.5411,0.0,0.0,0.0683,C1,word_pos,défoncer,V,défoncer,VER
fion,NOUN,C1,beacco,0.0,0.0323,0.0,0.0,0.0,1.4125,0.0,0.0,0.0323,0.0,0.0,0.0,2.5411,0.0,0.0,0.0683,C1,word_pos,fion,N,fion,NOM
hareng,NOUN,C1,beacco,0.0,0.0323,0.0,0.0,0.0,1.4125,0.0,0.0,0.0323,0.0,0.0,0.0,2.5411,0.0,0.0,0.0683,C1,word_pos,hareng,N,hareng,NOM
vidéaste,NOUN,C1,beacco,0.0,0.0323,0.0,0.0,0.0,1.4125,0.0,0.0,0.0323,0.0,0.0,0.0,2.5411,0.0,0.0,0.0683,C1,word_pos,vidéaste,N,vidéaste,NOM
mayonnaise,NOUN,C1,beacco,0.0,0.032,0.0,0.6342,0.0,0.0,0.0,0.0,0.032,0.0,1.2017,0.0,0.0,0.0,0.0,0.0912,C1,word_pos,mayonnaise,N,mayonnaise,NOM
aficionado,NOUN,C1,beacco,0.0,0.0319,0.0,0.0,0.3465,0.0,0.0,0.0,0.0319,0.0,0.0,0.4662,0.0,0.0,0.0,0.1116,C1,word_pos,aficionado,N,aficionado,NOM
espingole,NOUN,C1,beacco,0.0,0.0319,0.0,0.0,0.3465,0.0,0.0,0.0,0.0319,0.0,0.0,0.4662,0.0,0.0,0.0,0.1116,C1,word_pos,espingole,N,espingole,NOM
lyrique,ADJ,C1,beacco,0.0,0.0319,0.0,0.0,0.3465,0.0,0.0,0.0,0.0319,0.0,0.0,0.6994,0.0,0.0,0.0,0.1674,C1,word_pos,lyrique,A,lyrique,ADJ
matador,NOUN,C1,beacco,0.0,0.0319,0.0,0.0,0.3465,0.0,0.0,0.0,0.0319,0.0,0.0,0.6994,0.0,0.0,0.0,0.1674,C1,word_pos,matador,N,matador,NOM
épinglette,NOUN,C1,beacco,0.0,0.0319,0.0,0.0,0.3465,0.0,0.0,0.0,0.0319,0.0,0.0,0.6994,0.0,0.0,0.0,0.1674,C1,word_pos,épinglette,N,épinglette,NOM
exergue,NOUN,C1,beacco,0.0,0.0316,0.0,0.0,0.0,0.0,0.0,12.9876,0.0316,0.0,0.0,0.0,0.0,4.139,12.833,0.1951,C1,word_pos,exergue,N,exergue,NOM
altier,ADJ,C1,beacco,0.0,0.0313,0.0,0.0,0.3401,0.0,0.0,0.0,0.0313,0.0,0.0,0.5857,0.0,0.0,0.0,0.0544,C1,word_pos,altier,A,altier,ADJ
apparenté,ADJ,C1,beacco,0.0,0.0313,0.0,0.0,0.3401,0.0,0.0,0.0,0.0313,0.0,0.0,0.5857,0.0,0.0,0.0,0.0544,C1,word_pos,apparenté,A,apparenté,ADJ
appât,NOUN,C1,beacco,0.0,0.0313,0.0,0.0,0.3401,0.0,0.0,0.0,0.0313,0.0,0.0,0.5857,0.0,0.0,0.0,0.0544,C1,word_pos,appât,N,appât,NOM
assortiment,NOUN,C1,beacco,0.0,0.0313,0.0,0.0,0.3401,0.0,0.0,0.0,0.0313,0.0,0.0,0.5857,0.0,0.0,0.0,0.0544,C1,word_pos,assortiment,N,assortiment,NOM
autogestion,NOUN,C1,beacco,0.0,0.0313,0.0,0.0,0.3401,0.0,0.0,0.0,0.0313,0.0,0.0,0.5857,0.0,0.0,0.0,0.0544,C1,word_pos,autogestion,N,autogestion,NOM
baluchon,NOUN,C1,beacco,0.0,0.0313,0.0,0.0,0.3401,0.0,0.0,0.0,0.0313,0.0,0.0,0.5857,0.0,0.0,0.0,0.0544,C1,word_pos,baluchon,N,baluchon,NOM
beur,NOUN,C1,beacco,0.0,0.0313,0.0,0.0,0.3401,0.0,0.0,0.0,0.0313,0.0,0.0,0.5857,0.0,0.0,0.0,0.0544,C1,word_pos,beur,N,beur,NOM
botanique,NOUN,C1,beacco,0.0,0.0313,0.0,0.0,0.3401,0.0,0.0,0.0,0.0313,0.0,0.0,0.5857,0.0,0.0,0.0,0.0544,C1,word_pos,botanique,N,botanique,NOM
bouddhiste,ADJ,C1,beacco,0.0,0.0313,0.0,0.0,0.3401,0.0,0.0,0.0,0.0313,0.0,0.0,0.5857,0.0,0.0,0.0,0.0544,C1,word_pos,bouddhiste,A,bouddhiste,ADJ
branle,NOUN,C1,beacco,0.0,0.0313,0.0,0.0,0.3401,0.0,0.0,0.0,0.0313,0.0,0.0,0.5857,0.0,0.0,0.0,0.0544,C1,word_pos,branle,N,branle,NOM
cartonner,VERB,C1,beacco,0.0,0.0313,0.0,0.0,0.3401,0.0,0.0,0.0,0.0313,0.0,0.0,0.5857,0.0,0.0,0.0,0.0544,C1,word_pos,cartonner,V,cartonner,VER
commémoration,NOUN,C1,beacco,0.0,0.0313,0.0,0.0,0.3401,0.0,0.0,0.0,0.0313,0.0,0.0,0.5857,0.0,0.0,0.0,0.0544,C1,word_pos,commémoration,N,commémoration,NOM
compagnonnage,NOUN,C1,beacco,0.0,0.0313,0.0,0.0,0.3401,0.0,0.0,0.0,0.0313,0.0,0.0,0.5857,0.0,0.0,0.0,0.0544,C1,word_pos,compagnonnage,N,compagnonnage,NOM
consulaire,ADJ,C1,beacco,0.0,0.0313,0.0,0.0,0.3401,0.0,0.0,0.0,0.0313,0.0,0.0,0.5857,0.0,0.0,0.0,0.0544,C1,word_pos,consulaire,A,consulaire,ADJ
coopératif,ADJ,C1,beacco,0.0,0.0313,0.0,0.0,0.3401,0.0,0.0,0.0,0.0313,0.0,0.0,0.5857,0.0,0.0,0.0,0.0544,C1,word_pos,coopératif,A,coopératif,ADJ
coterie,NOUN,C1,beacco,0.0,0.0313,0.0,0.0,0.3401,0.0,0.0,0.0,0.0313,0.0,0.0,0.5857,0.0,0.0,0.0,0.0544,C1,word_pos,coterie,N,coterie,NOM
couronnement,NOUN,C1,beacco,0.0,0.0313,0.0,0.0,0.3401,0.0,0.0,0.0,0.0313,0.0,0.0,0.5857,0.0,0.0,0.0,0.0544,C1,word_pos,couronnement,N,couronnement,NOM
crevé,ADJ,C1,beacco,0.0,0.0313,0.0,0.0,0.3401,0.0,0.0,0.0,0.0313,0.0,0.0,0.5857,0.0,0.0,0.0,0.0544,C1,word_pos,crevé,A,crevé,ADJ
cuisant,ADJ,C1,beacco,0.0,0.0313,0.0,0.0,0.3401,0.0,0.0,0.0,0.0313,0.0,0.0,0.5857,0.0,0.0,0.0,0.0544,C1,word_pos,cuisant,A,cuisant,ADJ
cuiter,VERB,C1,beacco,0.0,0.0313,0.0,0.0,0.3401,0.0,0.0,0.0,0.0313,0.0,0.0,0.5531,0.0,0.0,0.0,0.0514,C1,word_pos,cuiter,V,cuiter,VER
cyclamen,NOUN,C1,beacco,0.0,0.0313,0.0,0.0,0.3401,0.0,0.0,0.0,0.0313,0.0,0.0,0.5857,0.0,0.0,0.0,0.0544,C1,word_pos,cyclamen,N,cyclamen,NOM
dissémination,NOUN,C1,beacco,0.0,0.0313,0.0,0.0,0.3401,0.0,0.0,0.0,0.0313,0.0,0.0,0.5857,0.0,0.0,0.0,0.0544,C1,word_pos,dissémination,N,dissémination,NOM
diététique,ADJ,C1,beacco,0.0,0.0313,0.0,0.0,0.3401,0.0,0.0,0.0,0.0313,0.0,0.0,0.5857,0.0,0.0,0.0,0.0544,C1,word_pos,diététique,A,diététique,ADJ
dématérialisation,NOUN,C1,beacco,0.0,0.0313,0.0,0.0,0.3401,0.0,0.0,0.0,0.0313,0.0,0.0,0.5857,0.0,0.0,0.0,0.0544,C1,word_pos,dématérialisation,N,dématérialisation,NOM
empiler,VERB,C1,beacco,0.0,0.0313,0.0,0.0,0.3401,0.0,0.0,0.0,0.0313,0.0,0.0,0.5857,0.0,0.0,0.0,0.0544,C1,word_pos,empiler,V,empiler,VER
estrade,NOUN,C1,beacco,0.0,0.0313,0.0,0.0,0.3401,0.0,0.0,0.0,0.0313,0.0,0.0,0.5857,0.0,0.0,0.0,0.0544,C1,word_pos,estrade,N,estrade,NOM
excessivement,ADV,C1,beacco,0.0,0.0313,0.0,0.0,0.3401,0.0,0.0,0.0,0.0313,0.0,0.0,0.5857,0.0,0.0,0.0,0.0544,C1,word_pos,excessivement,ADV,excessivement,ADV
fatum,NOUN,C1,beacco,0.0,0.0313,0.0,0.0,0.3401,0.0,0.0,0.0,0.0313,0.0,0.0,0.5857,0.0,0.0,0.0,0.0544,C1,word_pos,fatum,N,fatum,NOM
festoyer,VERB,C1,beacco,0.0,0.0313,0.0,0.0,0.3401,0.0,0.0,0.0,0.0313,0.0,0.0,0.5857,0.0,0.0,0.0,0.0544,C1,word_pos,festoyer,V,festoyer,VER
financier,NOUN,C1,beacco,0.0,0.0313,0.0,0.0,0.3401,0.0,0.0,0.0,0.0313,0.0,0.0,0.5857,0.0,0.0,0.0,0.0544,C1,word_pos,financier,N,financier,NOM
fluorescent,ADJ,C1,beacco,0.0,0.0313,0.0,0.0,0.3401,0.0,0.0,0.0,0.0313,0.0,0.0,0.5857,0.0,0.0,0.0,0.0544,C1,word_pos,fluorescent,A,fluorescent,ADJ
glaner,VERB,C1,beacco,0.0,0.0313,0.0,0.0,0.3401,0.0,0.0,0.0,0.0313,0.0,0.0,0.5857,0.0,0.0,0.0,0.0544,C1,word_pos,glaner,V,glaner,VER
heurt,NOUN,C1,beacco,0.0,0.0313,0.0,0.0,0.3401,0.0,0.0,0.0,0.0313,0.0,0.0,0.5857,0.0,0.0,0.0,0.0544,C1,word_pos,heurt,N,heurt,NOM
horticulteur,NOUN,C1,beacco,0.0,0.0313,0.0,0.0,0.3401,0.0,0.0,0.0,0.0313,0.0,0.0,0.5857,0.0,0.0,0.0,0.0544,C1,word_pos,horticulteur,N,horticulteur,NOM
iconographique,ADJ,C1,beacco,0.0,0.0313,0.0,0.0,0.3401,0.0,0.0,0.0,0.0313,0.0,0.0,0.5857,0.0,0.0,0.0,0.0544,C1,word_pos,iconographique,A,iconographique,ADJ
illumination,NOUN,C1,beacco,0.0,0.0313,0.0,0.0,0.3401,0.0,0.0,0.0,0.0313,0.0,0.0,0.5857,0.0,0.0,0.0,0.0544,C1,word_pos,illumination,N,illumination,NOM
indistinctement,ADV,C1,beacco,0.0,0.0313,0.0,0.0,0.3401,0.0,0.0,0.0,0.0313,0.0,0.0,0.5857,0.0,0.0,0.0,0.0544,C1,word_pos,indistinctement,ADV,indistinctement,ADV
insuffisamment,ADV,C1,beacco,0.0,0.0313,0.0,0.0,0.3401,0.0,0.0,0.0,0.0313,0.0,0.0,0.5857,0.0,0.0,0.0,0.0544,C1,word_pos,insuffisamment,ADV,insuffisamment,ADV
lumignon,NOUN,C1,beacco,0.0,0.0313,0.0,0.0,0.3401,0.0,0.0,0.0,0.0313,0.0,0.0,0.5857,0.0,0.0,0.0,0.0544,C1,word_pos,lumignon,N,lumignon,NOM
maisonnette,NOUN,C1,beacco,0.0,0.0313,0.0,0.0,0.3401,0.0,0.0,0.0,0.0313,0.0,0.0,0.5857,0.0,0.0,0.0,0.0544,C1,word_pos,maisonnette,N,maisonnette,NOM
minet,NOUN,C1,beacco,0.0,0.0313,0.0,0.0,0.3401,0.0,0.0,0.0,0.0313,0.0,0.0,0.5857,0.0,0.0,0.0,0.0544,C1,word_pos,minet,N,minet,NOM
mixer,VERB,C1,beacco,0.0,0.0313,0.0,0.0,0.3401,0.0,0.0,0.0,0.0313,0.0,0.0,0.5857,0.0,0.0,0.0,0.0544,C1,word_pos,mixer,V,mixer,VER
momie,NOUN,C1,beacco,0.0,0.0313,0.0,0.0,0.3401,0.0,0.0,0.0,0.0313,0.0,0.0,0.5857,0.0,0.0,0.0,0.0544,C1,word_pos,momie,N,momie,NOM
naturaliser,VERB,C1,beacco,0.0,0.0313,0.0,0.0,0.3401,0.0,0.0,0.0,0.0313,0.0,0.0,0.5857,0.0,0.0,0.0,0.0544,C1,word_pos,naturaliser,V,naturaliser,VER
négociateur,ADJ,C1,beacco,0.0,0.0313,0.0,0.0,0.3401,0.0,0.0,0.0,0.0313,0.0,0.0,0.5857,0.0,0.0,0.0,0.0544,C1,unique_word,négociateur,A,négociateur,NOM
paletot,NOUN,C1,beacco,0.0,0.0313,0.0,0.0,0.3401,0.0,0.0,0.0,0.0313,0.0,0.0,0.5857,0.0,0.0,0.0,0.0544,C1,word_pos,paletot,N,paletot,NOM
plaidoyer,NOUN,C1,beacco,0.0,0.0313,0.0,0.0,0.3401,0.0,0.0,0.0,0.0313,0.0,0.0,0.5857,0.0,0.0,0.0,0.0544,C1,word_pos,plaidoyer,N,plaidoyer,NOM
pocher,VERB,C1,beacco,0.0,0.0313,0.0,0.0,0.3401,0.0,0.0,0.0,0.0313,0.0,0.0,0.5857,0.0,0.0,0.0,0.0544,C1,word_pos,pocher,V,pocher,VER
rebord,NOUN,C1,beacco,0.0,0.0313,0.0,0.0,0.3401,0.0,0.0,0.0,0.0313,0.0,0.0,0.5857,0.0,0.0,0.0,0.0544,C1,word_pos,rebord,N,rebord,NOM
rebuter,VERB,C1,beacco,0.0,0.0313,0.0,0.0,0.3401,0.0,0.0,0.0,0.0313,0.0,0.0,0.5857,0.0,0.0,0.0,0.0544,C1,word_pos,rebuter,V,rebuter,VER
recueillement,NOUN,C1,beacco,0.0,0.0313,0.0,0.0,0.3401,0.0,0.0,0.0,0.0313,0.0,0.0,0.5857,0.0,0.0,0.0,0.0544,C1,word_pos,recueillement,N,recueillement,NOM
ronflant,ADJ,C1,beacco,0.0,0.0313,0.0,0.0,0.3401,0.0,0.0,0.0,0.0313,0.0,0.0,0.5857,0.0,0.0,0.0,0.0544,C1,word_pos,ronflant,A,ronflant,ADJ
référendum,NOUN,C1,beacco,0.0,0.0313,0.0,0.0,0.3401,0.0,0.0,0.0,0.0313,0.0,0.0,0.5857,0.0,0.0,0.0,0.0544,C1,word_pos,référendum,N,référendum,NOM
réhabilitation,NOUN,C1,beacco,0.0,0.0313,0.0,0.0,0.3401,0.0,0.0,0.0,0.0313,0.0,0.0,0.5857,0.0,0.0,0.0,0.0544,C1,word_pos,réhabilitation,N,réhabilitation,NOM
réhabituer,VERB,C1,beacco,0.0,0.0313,0.0,0.0,0.3401,0.0,0.0,0.0,0.0313,0.0,0.0,0.5857,0.0,0.0,0.0,0.0544,C1,word_pos,réhabituer,V,réhabituer,VER
réédition,NOUN,C1,beacco,0.0,0.0313,0.0,0.0,0.3401,0.0,0.0,0.0,0.0313,0.0,0.0,0.5857,0.0,0.0,0.0,0.0544,C1,word_pos,réédition,N,réédition,NOM
snob,NOUN,C1,beacco,0.0,0.0313,0.0,0.0,0.3401,0.0,0.0,0.0,0.0313,0.0,0.0,0.5857,0.0,0.0,0.0,0.0544,C1,word_pos,snob,N,snob,NOM
somnolence,NOUN,C1,beacco,0.0,0.0313,0.0,0.0,0.3401,0.0,0.0,0.0,0.0313,0.0,0.0,0.5857,0.0,0.0,0.0,0.0544,C1,word_pos,somnolence,N,somnolence,NOM
subjectif,ADJ,C1,beacco,0.0,0.0313,0.0,0.0,0.3401,0.0,0.0,0.0,0.0313,0.0,0.0,0.5857,0.0,0.0,0.0,0.0544,C1,word_pos,subjectif,A,subjectif,ADJ
textuel,ADJ,C1,beacco,0.0,0.0313,0.0,0.0,0.3401,0.0,0.0,0.0,0.0313,0.0,0.0,0.5857,0.0,0.0,0.0,0.0544,C1,word_pos,textuel,A,textuel,ADJ
tombal,ADJ,C1,beacco,0.0,0.0313,0.0,0.0,0.3401,0.0,0.0,0.0,0.0313,0.0,0.0,0.5857,0.0,0.0,0.0,0.0544,C1,word_pos,tombal,A,tombal,ADJ
tubercule,NOUN,C1,beacco,0.0,0.0313,0.0,0.0,0.3401,0.0,0.0,0.0,0.0313,0.0,0.0,0.5857,0.0,0.0,0.0,0.0544,C1,word_pos,tubercule,N,tubercule,NOM
vendéen,ADJ,C1,beacco,0.0,0.0313,0.0,0.0,0.3401,0.0,0.0,0.0,0.0313,0.0,0.0,0.5857,0.0,0.0,0.0,0.0544,C1,word_pos,vendéen,A,vendéen,ADJ
ventilateur,NOUN,C1,beacco,0.0,0.0313,0.0,0.0,0.3401,0.0,0.0,0.0,0.0313,0.0,0.0,0.5857,0.0,0.0,0.0,0.0544,C1,word_pos,ventilateur,N,ventilateur,NOM
yack,NOUN,C1,beacco,0.0,0.0313,0.0,0.0,0.3401,0.0,0.0,0.0,0.0313,0.0,0.0,0.5857,0.0,0.0,0.0,0.0544,C1,word_pos,yack,N,yack,NOM
vermeil,ADJ,C1,beacco,0.0,0.0307,1.5934,0.0,0.0,0.0,0.0,0.0,0.0307,3.3382,0.0,0.0,0.0,0.0,0.0,0.0613,C1,word_pos,vermeil,A,vermeil,ADJ
farcir,VERB,C1,beacco,0.0,0.029,1.5075,0.0,0.0,0.0,0.0,0.0,0.029,3.6203,0.0,0.0,0.0,0.0,0.0,0.1824,C1,word_pos,farcir,V,farcir,VER
nuitée,NOUN,C1,beacco,0.0,0.029,1.5075,0.0,0.0,0.0,0.0,0.0,0.029,2.7152,0.0,0.0,0.0,0.0,0.0,0.1368,C1,word_pos,nuitée,N,nuitée,NOM
épouvante,NOUN,C1,beacco,0.0,0.0277,0.0,0.0,0.3014,0.0,0.0,0.0,0.0277,0.0,0.0,0.6118,0.0,0.0,0.0,0.0568,C1,word_pos,épouvante,N,épouvante,NOM
affectivité,NOUN,C1,beacco,0.0,0.0268,0.0,0.0,0.2916,0.0,0.0,0.0,0.0268,0.0,0.0,0.5531,0.0,0.0,0.0,0.0514,C1,word_pos,affectivité,N,affectivité,NOM
ailleurs,NOUN,C1,beacco,0.0,0.0268,0.0,0.0,0.2916,0.0,0.0,0.0,0.0268,0.0,0.0,0.5531,0.0,0.0,0.0,0.0514,C1,word_pos,ailleurs,N,ailleurs,NOM
amiable,ADJ,C1,beacco,0.0,0.0268,0.0,0.0,0.2916,0.0,0.0,0.0,0.0268,0.0,0.0,0.5531,0.0,0.0,0.0,0.0514,C1,word_pos,amiable,A,amiable,ADJ
autographe,NOUN,C1,beacco,0.0,0.0268,0.0,0.0,0.2916,0.0,0.0,0.0,0.0268,0.0,0.0,0.5531,0.0,0.0,0.0,0.0514,C1,word_pos,autographe,N,autographe,NOM
aînesse,NOUN,C1,beacco,0.0,0.0268,0.0,0.0,0.2916,0.0,0.0,0.0,0.0268,0.0,0.0,0.5531,0.0,0.0,0.0,0.0514,C1,word_pos,aînesse,N,aînesse,NOM
bavarois,ADJ,C1,beacco,0.0,0.0268,0.0,0.0,0.2916,0.0,0.0,0.0,0.0268,0.0,0.0,0.5531,0.0,0.0,0.0,0.0514,C1,word_pos,bavarois,A,bavarois,ADJ
bourriche,NOUN,C1,beacco,0.0,0.0268,0.0,0.0,0.2916,0.0,0.0,0.0,0.0268,0.0,0.0,0.5531,0.0,0.0,0.0,0.0514,C1,word_pos,bourriche,N,bourriche,NOM
bouée,NOUN,C1,beacco,0.0,0.0268,0.0,0.0,0.2916,0.0,0.0,0.0,0.0268,0.0,0.0,0.5531,0.0,0.0,0.0,0.0514,C1,word_pos,bouée,N,bouée,NOM
capot,NOUN,C1,beacco,0.0,0.0268,0.0,0.0,0.2916,0.0,0.0,0.0,0.0268,0.0,0.0,0.5531,0.0,0.0,0.0,0.0514,C1,word_pos,capot,N,capot,NOM
chaudron,NOUN,C1,beacco,0.0,0.0268,0.0,0.0,0.2916,0.0,0.0,0.0,0.0268,0.0,0.0,0.5531,0.0,0.0,0.0,0.0514,C1,word_pos,chaudron,N,chaudron,NOM
chevrier,NOUN,C1,beacco,0.0,0.0268,0.0,0.0,0.2916,0.0,0.0,0.0,0.0268,0.0,0.0,0.5531,0.0,0.0,0.0,0.0514,C1,word_pos,chevrier,N,chevrier,NOM
cocorico,NOUN,C1,beacco,0.0,0.0268,0.0,0.0,0.2916,0.0,0.0,0.0,0.0268,0.0,0.0,0.5531,0.0,0.0,0.0,0.0514,C1,word_pos,cocorico,N,cocorico,NOM
combe,NOUN,C1,beacco,0.0,0.0268,0.0,0.0,0.2916,0.0,0.0,0.0,0.0268,0.0,0.0,0.5531,0.0,0.0,0.0,0.0514,C1,word_pos,combe,N,combe,NOM
communicatif,ADJ,C1,beacco,0.0,0.0268,0.0,0.0,0.2916,0.0,0.0,0.0,0.0268,0.0,0.0,0.5531,0.0,0.0,0.0,0.0514,C1,word_pos,communicatif,A,communicatif,ADJ
concision,NOUN,C1,beacco,0.0,0.0268,0.0,0.0,0.2916,0.0,0.0,0.0,0.0268,0.0,0.0,0.5531,0.0,0.0,0.0,0.0514,C1,word_pos,concision,N,concision,NOM
conditionnel,NOUN,C1,beacco,0.0,0.0268,0.0,0.0,0.2916,0.0,0.0,0.0,0.0268,0.0,0.0,0.5531,0.0,0.0,0.0,0.0514,C1,word_pos,conditionnel,N,conditionnel,NOM
consolidation,NOUN,C1,beacco,0.0,0.0268,0.0,0.0,0.2916,0.0,0.0,0.0,0.0268,0.0,0.0,0.5531,0.0,0.0,0.0,0.0514,C1,word_pos,consolidation,N,consolidation,NOM
contraceptif,ADJ,C1,beacco,0.0,0.0268,0.0,0.0,0.2916,0.0,0.0,0.0,0.0268,0.0,0.0,0.5531,0.0,0.0,0.0,0.0514,C1,word_pos,contraceptif,A,contraceptif,ADJ
contrôlable,ADJ,C1,beacco,0.0,0.0268,0.0,0.0,0.2916,0.0,0.0,0.0,0.0268,0.0,0.0,0.5531,0.0,0.0,0.0,0.0514,C1,word_pos,contrôlable,A,contrôlable,ADJ
denim,NOUN,C1,beacco,0.0,0.0268,0.0,0.0,0.2916,0.0,0.0,0.0,0.0268,0.0,0.0,0.5531,0.0,0.0,0.0,0.0514,C1,word_pos,denim,N,denim,NOM
dissection,NOUN,C1,beacco,0.0,0.0268,0.0,0.0,0.2916,0.0,0.0,0.0,0.0268,0.0,0.0,0.5531,0.0,0.0,0.0,0.0514,C1,word_pos,dissection,N,dissection,NOM
dédoublement,NOUN,C1,beacco,0.0,0.0268,0.0,0.0,0.2916,0.0,0.0,0.0,0.0268,0.0,0.0,0.5531,0.0,0.0,0.0,0.0514,C1,word_pos,dédoublement,N,dédoublement,NOM
dépositaire,NOUN,C1,beacco,0.0,0.0268,0.0,0.0,0.2916,0.0,0.0,0.0,0.0268,0.0,0.0,0.5531,0.0,0.0,0.0,0.0514,C1,word_pos,dépositaire,N,dépositaire,NOM
dételer,VERB,C1,beacco,0.0,0.0268,0.0,0.0,0.2916,0.0,0.0,0.0,0.0268,0.0,0.0,0.5531,0.0,0.0,0.0,0.0514,C1,word_pos,dételer,V,dételer,VER
dévorant,ADJ,C1,beacco,0.0,0.0268,0.0,0.0,0.2916,0.0,0.0,0.0,0.0268,0.0,0.0,0.5531,0.0,0.0,0.0,0.0514,C1,word_pos,dévorant,A,dévorant,ADJ
envahissement,NOUN,C1,beacco,0.0,0.0268,0.0,0.0,0.2916,0.0,0.0,0.0,0.0268,0.0,0.0,0.5531,0.0,0.0,0.0,0.0514,C1,word_pos,envahissement,N,envahissement,NOM
escalator,NOUN,C1,beacco,0.0,0.0268,0.0,0.0,0.2916,0.0,0.0,0.0,0.0268,0.0,0.0,0.5531,0.0,0.0,0.0,0.0514,C1,word_pos,escalator,N,escalator,NOM
espacer,VERB,C1,beacco,0.0,0.0268,0.0,0.0,0.2916,0.0,0.0,0.0,0.0268,0.0,0.0,0.5531,0.0,0.0,0.0,0.0514,C1,word_pos,espacer,V,espacer,VER
filtrer,VERB,C1,beacco,0.0,0.0268,0.0,0.0,0.2916,0.0,0.0,0.0,0.0268,0.0,0.0,0.5531,0.0,0.0,0.0,0.0514,C1,word_pos,filtrer,V,filtrer,VER
fondeur,NOUN,C1,beacco,0.0,0.0268,0.0,0.0,0.2916,0.0,0.0,0.0,0.0268,0.0,0.0,1.1062,0.0,0.0,0.0,0.1028,C1,word_pos,fondeur,N,fondeur,NOM
fringant,ADJ,C1,beacco,0.0,0.0268,0.0,0.0,0.2916,0.0,0.0,0.0,0.0268,0.0,0.0,0.5531,0.0,0.0,0.0,0.0514,C1,word_pos,fringant,A,fringant,ADJ
galérer,VERB,C1,beacco,0.0,0.0268,0.0,0.0,0.2916,0.0,0.0,0.0,0.0268,0.0,0.0,0.5531,0.0,0.0,0.0,0.0514,C1,word_pos,galérer,V,galérer,VER
gronder,VERB,C1,beacco,0.0,0.0268,0.0,0.0,0.2916,0.0,0.0,0.0,0.0268,0.0,0.0,0.5531,0.0,0.0,0.0,0.0514,C1,word_pos,gronder,V,gronder,VER
guillotiner,VERB,C1,beacco,0.0,0.0268,0.0,0.0,0.2916,0.0,0.0,0.0,0.0268,0.0,0.0,0.5531,0.0,0.0,0.0,0.0514,C1,word_pos,guillotiner,V,guillotiner,VER
géologie,NOUN,C1,beacco,0.0,0.0268,0.0,0.0,0.2916,0.0,0.0,0.0,0.0268,0.0,0.0,0.5531,0.0,0.0,0.0,0.0514,C1,word_pos,géologie,N,géologie,NOM
hydraulicien,ADJ,C1,beacco,0.0,0.0268,0.0,0.0,0.2916,0.0,0.0,0.0,0.0268,0.0,0.0,0.5531,0.0,0.0,0.0,0.0514,C1,unique_word,hydraulicien,A,hydraulicien,NOM
hydraulique,ADJ,C1,beacco,0.0,0.0268,0.0,0.0,0.2916,0.0,0.0,0.0,0.0268,0.0,0.0,0.5531,0.0,0.0,0.0,0.0514,C1,unique_word,hydraulique,A,hydraulique,NOM
hystérie,NOUN,C1,beacco,0.0,0.0268,0.0,0.0,0.2916,0.0,0.0,0.0,0.0268,0.0,0.0,0.5531,0.0,0.0,0.0,0.0514,C1,word_pos,hystérie,N,hystérie,NOM
indiscrétion,NOUN,C1,beacco,0.0,0.0268,0.0,0.0,0.2916,0.0,0.0,0.0,0.0268,0.0,0.0,0.5531,0.0,0.0,0.0,0.0514,C1,word_pos,indiscrétion,N,indiscrétion,NOM
injustifié,ADJ,C1,beacco,0.0,0.0268,0.0,0.0,0.2916,0.0,0.0,0.0,0.0268,0.0,0.0,0.5531,0.0,0.0,0.0,0.0514,C1,word_pos,injustifié,A,injustifié,ADJ
interpoler,VERB,C1,beacco,0.0,0.0268,0.0,0.0,0.2916,0.0,0.0,0.0,0.0268,0.0,0.0,0.5531,0.0,0.0,0.0,0.0514,C1,word_pos,interpoler,V,interpoler,VER
irrégulier,ADJ,C1,beacco,0.0,0.0268,0.0,0.0,0.2916,0.0,0.0,0.0,0.0268,0.0,0.0,0.5531,0.0,0.0,0.0,0.0514,C1,word_pos,irrégulier,A,irrégulier,ADJ
jacquerie,NOUN,C1,beacco,0.0,0.0268,0.0,0.0,0.2916,0.0,0.0,0.0,0.0268,0.0,0.0,0.5531,0.0,0.0,0.0,0.0514,C1,word_pos,jacquerie,N,jacquerie,NOM
léonard,NOUN,C1,beacco,0.0,0.0268,0.0,0.0,0.2916,0.0,0.0,0.0,0.0268,0.0,0.0,0.5531,0.0,0.0,0.0,0.0514,C1,unique_word,léonard,N,léonard,ADJ
maladivement,ADV,C1,beacco,0.0,0.0268,0.0,0.0,0.2916,0.0,0.0,0.0,0.0268,0.0,0.0,0.5531,0.0,0.0,0.0,0.0514,C1,word_pos,maladivement,ADV,maladivement,ADV
mature,ADJ,C1,beacco,0.0,0.0268,0.0,0.0,0.2916,0.0,0.0,0.0,0.0268,0.0,0.0,0.5531,0.0,0.0,0.0,0.0514,C1,word_pos,mature,A,mature,ADJ
microbe,NOUN,C1,beacco,0.0,0.0268,0.0,0.0,0.2916,0.0,0.0,0.0,0.0268,0.0,0.0,0.5531,0.0,0.0,0.0,0.0514,C1,word_pos,microbe,N,microbe,NOM
milice,NOUN,C1,beacco,0.0,0.0268,0.0,0.0,0.2916,0.0,0.0,0.0,0.0268,0.0,0.0,0.5531,0.0,0.0,0.0,0.0514,C1,word_pos,milice,N,milice,NOM
modéliste,NOUN,C1,beacco,0.0,0.0268,0.0,0.0,0.2916,0.0,0.0,0.0,0.0268,0.0,0.0,0.5531,0.0,0.0,0.0,0.0514,C1,word_pos,modéliste,N,modéliste,NOM
mouvementer,VERB,C1,beacco,0.0,0.0268,0.0,0.0,0.2916,0.0,0.0,0.0,0.0268,0.0,0.0,0.5531,0.0,0.0,0.0,0.0514,C1,word_pos,mouvementer,V,mouvementer,VER
patricien,ADJ,C1,beacco,0.0,0.0268,0.0,0.0,0.2916,0.0,0.0,0.0,0.0268,0.0,0.0,0.5531,0.0,0.0,0.0,0.0514,C1,word_pos,patricien,A,patricien,ADJ
piété,NOUN,C1,beacco,0.0,0.0268,0.0,0.0,0.2916,0.0,0.0,0.0,0.0268,0.0,0.0,0.5531,0.0,0.0,0.0,0.0514,C1,word_pos,piété,N,piété,NOM
psalmodier,VERB,C1,beacco,0.0,0.0268,0.0,0.0,0.2916,0.0,0.0,0.0,0.0268,0.0,0.0,0.5531,0.0,0.0,0.0,0.0514,C1,word_pos,psalmodier,V,psalmodier,VER
raccommodeur,NOUN,C1,beacco,0.0,0.0268,0.0,0.0,0.2916,0.0,0.0,0.0,0.0268,0.0,0.0,0.5531,0.0,0.0,0.0,0.0514,C1,word_pos,raccommodeur,N,raccommodeur,NOM
reboucher,VERB,C1,beacco,0.0,0.0268,0.0,0.0,0.2916,0.0,0.0,0.0,0.0268,0.0,0.0,0.5531,0.0,0.0,0.0,0.0514,C1,word_pos,reboucher,V,reboucher,VER
rempailleur,NOUN,C1,beacco,0.0,0.0268,0.0,0.0,0.2916,0.0,0.0,0.0,0.0268,0.0,0.0,0.5531,0.0,0.0,0.0,0.0514,C1,word_pos,rempailleur,N,rempailleur,NOM
rigole,NOUN,C1,beacco,0.0,0.0268,0.0,0.0,0.2916,0.0,0.0,0.0,0.0268,0.0,0.0,0.5531,0.0,0.0,0.0,0.0514,C1,word_pos,rigole,N,rigole,NOM
ritournelle,NOUN,C1,beacco,0.0,0.0268,0.0,0.0,0.2916,0.0,0.0,0.0,0.0268,0.0,0.0,0.5531,0.0,0.0,0.0,0.0514,C1,word_pos,ritournelle,N,ritournelle,NOM
rébus,NOUN,C1,beacco,0.0,0.0268,0.0,0.0,0.2916,0.0,0.0,0.0,0.0268,0.0,0.0,0.5531,0.0,0.0,0.0,0.0514,C1,word_pos,rébus,N,rébus,NOM
réinscrire,VERB,C1,beacco,0.0,0.0268,0.0,0.0,0.2916,0.0,0.0,0.0,0.0268,0.0,0.0,0.5531,0.0,0.0,0.0,0.0514,C1,word_pos,réinscrire,V,réinscrire,VER
rétameur,NOUN,C1,beacco,0.0,0.0268,0.0,0.0,0.2916,0.0,0.0,0.0,0.0268,0.0,0.0,0.5531,0.0,0.0,0.0,0.0514,C1,word_pos,rétameur,N,rétameur,NOM
scoubidou,NOUN,C1,beacco,0.0,0.0268,0.0,0.0,0.2916,0.0,0.0,0.0,0.0268,0.0,0.0,0.5531,0.0,0.0,0.0,0.0514,C1,word_pos,scoubidou,N,scoubidou,NOM
sexagénaire,ADJ,C1,beacco,0.0,0.0268,0.0,0.0,0.2916,0.0,0.0,0.0,0.0268,0.0,0.0,0.5531,0.0,0.0,0.0,0.0514,C1,word_pos,sexagénaire,A,sexagénaire,ADJ
sociable,ADJ,C1,beacco,0.0,0.0268,0.0,0.0,0.2916,0.0,0.0,0.0,0.0268,0.0,0.0,0.5531,0.0,0.0,0.0,0.0514,C1,word_pos,sociable,A,sociable,ADJ
sosie,NOUN,C1,beacco,0.0,0.0268,0.0,0.0,0.2916,0.0,0.0,0.0,0.0268,0.0,0.0,0.5531,0.0,0.0,0.0,0.0514,C1,word_pos,sosie,N,sosie,NOM
stoïcisme,NOUN,C1,beacco,0.0,0.0268,0.0,0.0,0.2916,0.0,0.0,0.0,0.0268,0.0,0.0,0.5531,0.0,0.0,0.0,0.0514,C1,word_pos,stoïcisme,N,stoïcisme,NOM
tablette,NOUN,C1,beacco,0.0,0.0268,0.0,0.0,0.2916,0.0,0.0,0.0,0.0268,0.0,0.0,0.5531,0.0,0.0,0.0,0.0514,C1,word_pos,tablette,N,tablette,NOM
tapoter,VERB,C1,beacco,0.0,0.0268,0.0,0.0,0.2916,0.0,0.0,0.0,0.0268,0.0,0.0,0.5531,0.0,0.0,0.0,0.0514,C1,word_pos,tapoter,V,tapoter,VER
traînasser,VERB,C1,beacco,0.0,0.0268,0.0,0.0,0.2916,0.0,0.0,0.0,0.0268,0.0,0.0,0.5531,0.0,0.0,0.0,0.0514,C1,word_pos,traînasser,V,traînasser,VER
tresse,NOUN,C1,beacco,0.0,0.0268,0.0,0.0,0.2916,0.0,0.0,0.0,0.0268,0.0,0.0,0.5531,0.0,0.0,0.0,0.0514,C1,word_pos,tresse,N,tresse,NOM
trombe,NOUN,C1,beacco,0.0,0.0268,0.0,0.0,0.2916,0.0,0.0,0.0,0.0268,0.0,0.0,0.5531,0.0,0.0,0.0,0.0514,C1,word_pos,trombe,N,trombe,NOM
tronçon,NOUN,C1,beacco,0.0,0.0268,0.0,0.0,0.2916,0.0,0.0,0.0,0.0268,0.0,0.0,0.5531,0.0,0.0,0.0,0.0514,C1,word_pos,tronçon,N,tronçon,NOM
unanimisme,NOUN,C1,beacco,0.0,0.0268,0.0,0.0,0.2916,0.0,0.0,0.0,0.0268,0.0,0.0,0.5531,0.0,0.0,0.0,0.0514,C1,word_pos,unanimisme,N,unanimisme,NOM
usurier,NOUN,C1,beacco,0.0,0.0268,0.0,0.0,0.2916,0.0,0.0,0.0,0.0268,0.0,0.0,0.5531,0.0,0.0,0.0,0.0514,C1,word_pos,usurier,N,usurier,NOM
utopiste,ADJ,C1,beacco,0.0,0.0268,0.0,0.0,0.2916,0.0,0.0,0.0,0.0268,0.0,0.0,0.5531,0.0,0.0,0.0,0.0514,C1,word_pos,utopiste,A,utopiste,ADJ
vigoureux,ADJ,C1,beacco,0.0,0.0268,0.0,0.0,0.2916,0.0,0.0,0.0,0.0268,0.0,0.0,0.5531,0.0,0.0,0.0,0.0514,C1,word_pos,vigoureux,A,vigoureux,ADJ
voiturette,NOUN,C1,beacco,0.0,0.0268,0.0,0.0,0.2916,0.0,0.0,0.0,0.0268,0.0,0.0,0.5531,0.0,0.0,0.0,0.0514,C1,word_pos,voiturette,N,voiturette,NOM
volatile,NOUN,C1,beacco,0.0,0.0268,0.0,0.0,0.2916,0.0,0.0,0.0,0.0268,0.0,0.0,0.5531,0.0,0.0,0.0,0.0514,C1,word_pos,volatile,N,volatile,NOM
volontariat,NOUN,C1,beacco,0.0,0.0268,0.0,0.0,0.2916,0.0,0.0,0.0,0.0268,0.0,0.0,0.5531,0.0,0.0,0.0,0.0514,C1,word_pos,volontariat,N,volontariat,NOM
vulnérabilité,NOUN,C1,beacco,0.0,0.0268,0.0,0.0,0.2916,0.0,0.0,0.0,0.0268,0.0,0.0,0.5531,0.0,0.0,0.0,0.0514,C1,word_pos,vulnérabilité,N,vulnérabilité,NOM
épicurisme,NOUN,C1,beacco,0.0,0.0268,0.0,0.0,0.2916,0.0,0.0,0.0,0.0268,0.0,0.0,0.5531,0.0,0.0,0.0,0.0514,C1,word_pos,épicurisme,N,épicurisme,NOM
équivoque,NOUN,C1,beacco,0.0,0.0268,0.0,0.0,0.2916,0.0,0.0,0.0,0.0268,0.0,0.0,0.5531,0.0,0.0,0.0,0.0514,C1,word_pos,équivoque,N,équivoque,NOM
étanche,ADJ,C1,beacco,0.0,0.0268,0.0,0.0,0.2916,0.0,0.0,0.0,0.0268,0.0,0.0,0.5531,0.0,0.0,0.0,0.0514,C1,word_pos,étanche,A,étanche,ADJ
coupeur,ADJ,C1,beacco,0.0,0.0261,0.0,0.5168,0.0,0.0,0.0,0.0,0.0261,0.0,1.0679,0.0,0.0,0.0,0.0,0.0515,C1,unique_word,coupeur,A,coupeur,NOM
démocrate,NOUN,C1,beacco,0.0,0.0261,0.0,0.5168,0.0,0.0,0.0,0.0,0.0261,0.0,1.0679,0.0,0.0,0.0,0.0,0.0515,C1,unique_word,démocrate,N,démocrate,ADJ
déterminisme,NOUN,C1,beacco,0.0,0.0261,0.0,0.5168,0.0,0.0,0.0,0.0,0.0261,0.0,1.0679,0.0,0.0,0.0,0.0,0.0515,C1,word_pos,déterminisme,N,déterminisme,NOM
empierrer,VERB,C1,beacco,0.0,0.0261,0.0,0.5168,0.0,0.0,0.0,0.0,0.0261,0.0,1.0679,0.0,0.0,0.0,0.0,0.0515,C1,word_pos,empierrer,V,empierrer,VER
marchant,ADJ,C1,beacco,0.0,0.0261,0.0,0.5168,0.0,0.0,0.0,0.0,0.0261,0.0,1.0679,0.0,0.0,0.0,0.0,0.0515,C1,word_pos,marchant,A,marchant,ADJ
renvoi,NOUN,C1,beacco,0.0,0.0261,0.0,0.5168,0.0,0.0,0.0,0.0,0.0261,0.0,1.0679,0.0,0.0,0.0,0.0,0.0515,C1,word_pos,renvoi,N,renvoi,NOM
trouer,VERB,C1,beacco,0.0,0.0261,0.0,0.5168,0.0,0.0,0.0,0.0,0.0261,0.0,1.0679,0.0,0.0,0.0,0.0,0.0515,C1,word_pos,trouer,V,trouer,VER
majoritaire,ADJ,C1,beacco,0.0,0.0257,0.0,0.0,0.2791,0.0,0.0,0.0,0.0257,0.0,0.0,0.2437,0.0,0.0,0.0,0.0676,C1,word_pos,majoritaire,A,majoritaire,ADJ
castor,NOUN,C1,beacco,0.0,0.025,0.0,0.0,0.2719,0.0,0.0,0.0,0.025,0.0,0.0,0.37,0.0,0.0,0.0,0.0944,C1,word_pos,castor,N,castor,NOM
ulcère,NOUN,C1,beacco,0.0,0.025,0.0,0.0,0.2719,0.0,0.0,0.0,0.025,0.0,0.0,0.555,0.0,0.0,0.0,0.1416,C1,word_pos,ulcère,N,ulcère,NOM
déclic,NOUN,C1,beacco,0.0,0.0246,0.0,0.4879,0.0,0.0,0.0,0.0,0.0246,0.0,0.9327,0.0,0.0,0.0,0.0,0.0676,C1,word_pos,déclic,N,déclic,NOM
planétaire,NOUN,C1,beacco,0.0,0.0246,0.0,0.4879,0.0,0.0,0.0,0.0,0.0246,0.0,0.0,0.5531,0.0,0.0,0.0,0.0514,C1,word_pos,planétaire,N,planétaire,NOM
gazette,NOUN,C1,beacco,0.0,0.0241,0.0,0.0,0.0,1.0571,0.0,0.0,0.0241,0.0,0.0,0.0,3.2407,0.0,0.0,0.0871,C1,word_pos,gazette,N,gazette,NOM
chanceux,ADJ,C1,beacco,0.0,0.0221,0.0,0.0,0.2405,0.0,0.0,0.0,0.0221,0.0,0.0,0.933,0.0,0.0,0.0,0.0867,C1,word_pos,chanceux,A,chanceux,ADJ
accabler,VERB,C1,beacco,0.0,0.0213,0.0,0.0,0.231,0.0,0.0,0.0,0.0213,0.0,0.0,0.2331,0.0,0.0,0.0,0.0558,C1,word_pos,accabler,V,accabler,VER
bestiaux,NOUN,C1,beacco,0.0,0.0213,0.0,0.0,0.231,0.0,0.0,0.0,0.0213,0.0,0.0,0.2331,0.0,0.0,0.0,0.0558,C1,word_pos,bestiaux,N,bestiaux,NOM
bohème,NOUN,C1,beacco,0.0,0.0213,0.0,0.0,0.231,0.0,0.0,0.0,0.0213,0.0,0.0,0.2331,0.0,0.0,0.0,0.0558,C1,word_pos,bohème,N,bohème,NOM
brio,NOUN,C1,beacco,0.0,0.0213,0.0,0.0,0.231,0.0,0.0,0.0,0.0213,0.0,0.0,0.2331,0.0,0.0,0.0,0.0558,C1,word_pos,brio,N,brio,NOM
confiseur,NOUN,C1,beacco,0.0,0.0213,0.0,0.0,0.231,0.0,0.0,0.0,0.0213,0.0,0.0,0.2331,0.0,0.0,0.0,0.0558,C1,word_pos,confiseur,N,confiseur,NOM
deuil,NOUN,C1,beacco,0.0,0.0213,0.0,0.0,0.231,0.0,0.0,0.0,0.0213,0.0,0.0,0.2331,0.0,0.0,0.0,0.0558,C1,word_pos,deuil,N,deuil,NOM
douro,NOUN,C1,beacco,0.0,0.0213,0.0,0.0,0.231,0.0,0.0,0.0,0.0213,0.0,0.0,0.2331,0.0,0.0,0.0,0.0558,C1,word_pos,douro,N,douro,NOM
décamper,VERB,C1,beacco,0.0,0.0213,0.0,0.0,0.231,0.0,0.0,0.0,0.0213,0.0,0.0,0.2331,0.0,0.0,0.0,0.0558,C1,word_pos,décamper,V,décamper,VER
enferrer,VERB,C1,beacco,0.0,0.0213,0.0,0.0,0.231,0.0,0.0,0.0,0.0213,0.0,0.0,0.2331,0.0,0.0,0.0,0.0558,C1,word_pos,enferrer,V,enferrer,VER
feria,NOUN,C1,beacco,0.0,0.0213,0.0,0.0,0.231,0.0,0.0,0.0,0.0213,0.0,0.0,0.4662,0.0,0.0,0.0,0.1116,C1,word_pos,feria,N,feria,NOM
librettiste,NOUN,C1,beacco,0.0,0.0213,0.0,0.0,0.231,0.0,0.0,0.0,0.0213,0.0,0.0,0.4662,0.0,0.0,0.0,0.1116,C1,word_pos,librettiste,N,librettiste,NOM
manzanilla,NOUN,C1,beacco,0.0,0.0213,0.0,0.0,0.231,0.0,0.0,0.0,0.0213,0.0,0.0,0.2331,0.0,0.0,0.0,0.0558,C1,word_pos,manzanilla,N,manzanilla,NOM
objectivité,NOUN,C1,beacco,0.0,0.0213,0.0,0.0,0.231,0.0,0.0,0.0,0.0213,0.0,0.0,0.2331,0.0,0.0,0.0,0.0558,C1,word_pos,objectivité,N,objectivité,NOM
pittoresque,NOUN,C1,beacco,0.0,0.0213,0.0,0.0,0.231,0.0,0.0,0.0,0.0213,0.0,0.0,0.2331,0.0,0.0,0.0,0.0558,C1,word_pos,pittoresque,N,pittoresque,NOM
pointilleux,ADJ,C1,beacco,0.0,0.0213,0.0,0.0,0.231,0.0,0.0,0.0,0.0213,0.0,0.0,0.2331,0.0,0.0,0.0,0.0558,C1,word_pos,pointilleux,A,pointilleux,ADJ
pénitent,NOUN,C1,beacco,0.0,0.0213,0.0,0.0,0.231,0.0,0.0,0.0,0.0213,0.0,0.0,0.2331,0.0,0.0,0.0,0.0558,C1,word_pos,pénitent,N,pénitent,NOM
rémission,NOUN,C1,beacco,0.0,0.0213,0.0,0.0,0.231,0.0,0.0,0.0,0.0213,0.0,0.0,0.2331,0.0,0.0,0.0,0.0558,C1,word_pos,rémission,N,rémission,NOM
taurin,ADJ,C1,beacco,0.0,0.0213,0.0,0.0,0.231,0.0,0.0,0.0,0.0213,0.0,0.0,0.2331,0.0,0.0,0.0,0.0558,C1,word_pos,taurin,A,taurin,ADJ
tercio,NOUN,C1,beacco,0.0,0.0213,0.0,0.0,0.231,0.0,0.0,0.0,0.0213,0.0,0.0,0.9325,0.0,0.0,0.0,0.2231,C1,word_pos,tercio,N,tercio,NOM
étrusque,ADJ,C1,beacco,0.0,0.0213,0.0,0.0,0.231,0.0,0.0,0.0,0.0213,0.0,0.0,0.2331,0.0,0.0,0.0,0.0558,C1,word_pos,étrusque,A,étrusque,ADJ
cornique,ADJ,C1,beacco,0.0,0.0205,0.0,0.4071,0.0,0.0,0.0,0.0,0.0205,0.0,1.1553,0.0,0.0,0.0,0.0,0.0557,C1,word_pos,cornique,A,cornique,ADJ
irlandais,NOUN,C1,beacco,0.0,0.0205,0.0,0.4071,0.0,0.0,0.0,0.0,0.0205,0.0,2.3107,0.0,0.0,0.0,0.0,0.1114,C1,word_pos,irlandais,N,irlandais,NOM
clac,NOUN,C1,beacco,0.0,0.0204,0.0,0.0,0.0,0.8949,0.0,0.0,0.0204,0.0,0.0,0.0,1.8983,0.0,0.0,0.051,C1,unique_word,clac,N,clac,INT
infatigable,ADJ,C1,beacco,0.0,0.0204,0.0,0.0,0.0,0.8949,0.0,0.0,0.0204,0.0,0.0,0.0,1.8983,0.0,0.0,0.051,C1,word_pos,infatigable,A,infatigable,ADJ
repeigner,VERB,C1,beacco,0.0,0.0204,0.0,0.0,0.0,0.8949,0.0,0.0,0.0204,0.0,0.0,0.0,1.8983,0.0,0.0,0.051,C1,word_pos,repeigner,V,repeigner,VER
boudin,NOUN,C1,beacco,0.0,0.0194,1.005,0.0,0.0,0.0,0.0,0.0,0.0194,1.8101,0.0,0.0,0.0,0.0,0.0,0.0912,C1,word_pos,boudin,N,boudin,NOM
canut,NOUN,C1,beacco,0.0,0.0194,1.005,0.0,0.0,0.0,0.0,0.0,0.0194,1.8101,0.0,0.0,0.0,0.0,0.0,0.0912,C1,word_pos,canut,N,canut,NOM
châtaigne,NOUN,C1,beacco,0.0,0.0194,1.005,0.0,0.0,0.0,0.0,0.0,0.0194,1.8101,0.0,0.0,0.0,0.0,0.0,0.0912,C1,word_pos,châtaigne,N,châtaigne,NOM
extra,PRON,C1,beacco,0.0,0.0194,1.005,0.0,0.0,0.0,0.0,0.0,0.0194,1.8101,0.0,0.0,0.0,0.0,0.0,0.0912,C1,unique_word,extra,PRO,extra,ADJ
fa,NOUN,C1,beacco,0.0,0.0194,1.005,0.0,0.0,0.0,0.0,0.0,0.0194,1.8101,0.0,0.0,0.0,0.0,0.0,0.0912,C1,word_pos,fa,N,fa,NOM
finaliste,NOUN,C1,beacco,0.0,0.0192,0.9991,0.0,0.0,0.0,0.0,0.0,0.0192,1.8928,0.0,0.0,0.0,0.0,0.0,0.0553,C1,word_pos,finaliste,N,finaliste,NOM
morgue,NOUN,C1,beacco,0.0,0.0191,0.0,0.0,0.2076,0.0,0.0,0.0,0.0191,0.0,0.0,0.7812,0.0,0.0,0.0,0.0726,C1,word_pos,morgue,N,morgue,NOM
cavalier,ADJ,C1,beacco,0.0,0.0188,0.0,0.0,0.2041,0.0,0.0,0.0,0.0188,0.0,0.0,0.8634,0.0,0.0,0.0,0.0802,C1,word_pos,cavalier,A,cavalier,ADJ
étourneau,NOUN,C1,beacco,0.0,0.0188,0.0,0.0,0.2041,0.0,0.0,0.0,0.0188,0.0,0.0,0.8634,0.0,0.0,0.0,0.0802,C1,word_pos,étourneau,N,étourneau,NOM
andalou,NOUN,C1,beacco,0.0,0.0175,0.0,0.3469,0.0,0.0,0.0,0.0,0.0175,0.0,0.7079,0.0,0.0,0.0,0.0,0.0558,C1,word_pos,andalou,N,andalou,NOM
boxeur,NOUN,C1,beacco,0.0,0.0175,0.0,0.3469,0.0,0.0,0.0,0.0,0.0175,0.0,0.7079,0.0,0.0,0.0,0.0,0.0558,C1,word_pos,boxeur,N,boxeur,NOM
ensorceler,VERB,C1,beacco,0.0,0.0175,0.0,0.3469,0.0,0.0,0.0,0.0,0.0175,0.0,0.7079,0.0,0.0,0.0,0.0,0.0558,C1,word_pos,ensorceler,V,ensorceler,VER
mondialement,ADV,C1,beacco,0.0,0.0175,0.0,0.3469,0.0,0.0,0.0,0.0,0.0175,0.0,0.7079,0.0,0.0,0.0,0.0,0.0558,C1,word_pos,mondialement,ADV,mondialement,ADV
natter,VERB,C1,beacco,0.0,0.0175,0.0,0.3469,0.0,0.0,0.0,0.0,0.0175,0.0,0.7079,0.0,0.0,0.0,0.0,0.0558,C1,word_pos,natter,V,natter,VER
pouliche,NOUN,C1,beacco,0.0,0.0175,0.0,0.3469,0.0,0.0,0.0,0.0,0.0175,0.0,0.7079,0.0,0.0,0.0,0.0,0.0558,C1,word_pos,pouliche,N,pouliche,NOM
tzigane,ADJ,C1,beacco,0.0,0.0175,0.0,0.3469,0.0,0.0,0.0,0.0,0.0175,0.0,0.7079,0.0,0.0,0.0,0.0,0.0558,C1,word_pos,tzigane,A,tzigane,ADJ
acrobatique,ADJ,C1,beacco,0.0,0.0167,0.0,0.0,0.1812,0.0,0.0,0.0,0.0167,0.0,0.0,0.37,0.0,0.0,0.0,0.0944,C1,word_pos,acrobatique,A,acrobatique,ADJ
nettoyeur,NOUN,C1,beacco,0.0,0.0167,0.0,0.0,0.1812,0.0,0.0,0.0,0.0167,0.0,0.0,0.37,0.0,0.0,0.0,0.0944,C1,word_pos,nettoyeur,N,nettoyeur,NOM
fenêtrer,VERB,C1,beacco,0.0,0.0153,0.0,0.0,0.0,0.6707,0.0,0.0,0.0153,0.0,1.0679,0.0,0.0,0.0,0.0,0.0515,C1,word_pos,fenêtrer,V,fenêtrer,VER
endommager,VERB,C1,beacco,0.0,0.0151,0.0,0.0,0.1637,0.0,0.0,0.0,0.0151,0.0,0.0,0.2487,0.0,0.0,0.0,0.0815,C1,word_pos,endommager,V,endommager,VER
terrer,VERB,C1,beacco,0.0,0.0122,0.6317,0.0,0.0,0.0,0.0,0.0,0.0122,0.0,0.0,0.0,0.0,6.0005,0.0,0.1431,C1,word_pos,terrer,V,terrer,VER
auxiliaire,NOUN,C1,beacco,0.0,0.0106,0.0,0.0,0.1155,0.0,0.0,0.0,0.0106,0.0,0.0,0.2331,0.0,0.0,0.0,0.0558,C1,word_pos,auxiliaire,N,auxiliaire,NOM
banderille,NOUN,C1,beacco,0.0,0.0106,0.0,0.0,0.1155,0.0,0.0,0.0,0.0106,0.0,0.0,0.2331,0.0,0.0,0.0,0.0558,C1,word_pos,banderille,N,banderille,NOM
banderillero,NOUN,C1,beacco,0.0,0.0106,0.0,0.0,0.1155,0.0,0.0,0.0,0.0106,0.0,0.0,0.2331,0.0,0.0,0.0,0.0558,C1,word_pos,banderillero,N,banderillero,NOM
bouffe,ADJ,C1,beacco,0.0,0.0106,0.0,0.0,0.1155,0.0,0.0,0.0,0.0106,0.0,0.0,0.2331,0.0,0.0,0.0,0.0558,C1,word_pos,bouffe,A,bouffe,ADJ
convalescence,NOUN,C1,beacco,0.0,0.0106,0.0,0.0,0.1155,0.0,0.0,0.0,0.0106,0.0,0.0,0.2331,0.0,0.0,0.0,0.0558,C1,word_pos,convalescence,N,convalescence,NOM
cuivrer,VERB,C1,beacco,0.0,0.0106,0.0,0.0,0.1155,0.0,0.0,0.0,0.0106,0.0,0.0,0.2331,0.0,0.0,0.0,0.0558,C1,word_pos,cuivrer,V,cuivrer,VER
friture,NOUN,C1,beacco,0.0,0.0106,0.0,0.0,0.1155,0.0,0.0,0.0,0.0106,0.0,0.0,0.2331,0.0,0.0,0.0,0.0558,C1,word_pos,friture,N,friture,NOM
galon,NOUN,C1,beacco,0.0,0.0106,0.0,0.0,0.1155,0.0,0.0,0.0,0.0106,0.0,0.0,0.2331,0.0,0.0,0.0,0.0558,C1,word_pos,galon,N,galon,NOM
harpon,NOUN,C1,beacco,0.0,0.0106,0.0,0.0,0.1155,0.0,0.0,0.0,0.0106,0.0,0.0,0.2331,0.0,0.0,0.0,0.0558,C1,word_pos,harpon,N,harpon,NOM
jupon,NOUN,C1,beacco,0.0,0.0106,0.0,0.0,0.1155,0.0,0.0,0.0,0.0106,0.0,0.0,0.2331,0.0,0.0,0.0,0.0558,C1,word_pos,jupon,N,jupon,NOM
landais,ADJ,C1,beacco,0.0,0.0106,0.0,0.0,0.1155,0.0,0.0,0.0,0.0106,0.0,0.0,0.2331,0.0,0.0,0.0,0.0558,C1,word_pos,landais,A,landais,ADJ
mandoline,NOUN,C1,beacco,0.0,0.0106,0.0,0.0,0.1155,0.0,0.0,0.0,0.0106,0.0,0.0,0.2331,0.0,0.0,0.0,0.0558,C1,word_pos,mandoline,N,mandoline,NOM
mélancolique,ADJ,C1,beacco,0.0,0.0106,0.0,0.0,0.1155,0.0,0.0,0.0,0.0106,0.0,0.0,0.2331,0.0,0.0,0.0,0.0558,C1,word_pos,mélancolique,A,mélancolique,ADJ
mélodrame,NOUN,C1,beacco,0.0,0.0106,0.0,0.0,0.1155,0.0,0.0,0.0,0.0106,0.0,0.0,0.2331,0.0,0.0,0.0,0.0558,C1,word_pos,mélodrame,N,mélodrame,NOM
ombrager,VERB,C1,beacco,0.0,0.0106,0.0,0.0,0.1155,0.0,0.0,0.0,0.0106,0.0,0.0,0.2331,0.0,0.0,0.0,0.0558,C1,word_pos,ombrager,V,ombrager,VER
pinson,NOUN,C1,beacco,0.0,0.0106,0.0,0.0,0.1155,0.0,0.0,0.0,0.0106,0.0,0.0,0.2331,0.0,0.0,0.0,0.0558,C1,word_pos,pinson,N,pinson,NOM
poseur,NOUN,C1,beacco,0.0,0.0106,0.0,0.0,0.1155,0.0,0.0,0.0,0.0106,0.0,0.0,0.2331,0.0,0.0,0.0,0.0558,C1,word_pos,poseur,N,poseur,NOM
recoucher,VERB,C1,beacco,0.0,0.0106,0.0,0.0,0.1155,0.0,0.0,0.0,0.0106,0.0,0.0,0.2331,0.0,0.0,0.0,0.0558,C1,word_pos,recoucher,V,recoucher,VER
renverse,NOUN,C1,beacco,0.0,0.0106,0.0,0.0,0.1155,0.0,0.0,0.0,0.0106,0.0,0.0,0.2331,0.0,0.0,0.0,0.0558,C1,word_pos,renverse,N,renverse,NOM
résigné,ADJ,C1,beacco,0.0,0.0106,0.0,0.0,0.1155,0.0,0.0,0.0,0.0106,0.0,0.0,0.2331,0.0,0.0,0.0,0.0558,C1,word_pos,résigné,A,résigné,ADJ
sabre,NOUN,C1,beacco,0.0,0.0106,0.0,0.0,0.1155,0.0,0.0,0.0,0.0106,0.0,0.0,0.2331,0.0,0.0,0.0,0.0558,C1,word_pos,sabre,N,sabre,NOM
tricher,VERB,C1,beacco,0.0,0.0106,0.0,0.0,0.1155,0.0,0.0,0.0,0.0106,0.0,0.0,0.2331,0.0,0.0,0.0,0.0558,C1,word_pos,tricher,V,tricher,VER
uniformément,ADV,C1,beacco,0.0,0.0106,0.0,0.0,0.1155,0.0,0.0,0.0,0.0106,0.0,0.0,0.2331,0.0,0.0,0.0,0.0558,C1,word_pos,uniformément,ADV,uniformément,ADV
venta,X,C1,beacco,0.0,0.0106,0.0,0.0,0.1155,0.0,0.0,0.0,0.0106,0.0,0.0,0.6994,0.0,0.0,0.0,0.1674,C1,unique_word,venta,X,venta,NOM
véronique,NOUN,C1,beacco,0.0,0.0106,0.0,0.0,0.1155,0.0,0.0,0.0,0.0106,0.0,0.0,0.2331,0.0,0.0,0.0,0.0558,C1,word_pos,véronique,N,véronique,NOM
convenu,NOUN,C1,beacco,0.0,0.0077,0.3983,0.0,0.0,0.0,0.0,0.0,0.0077,0.0,0.0,0.0,2.2839,0.0,0.0,0.0614,C1,unique_word,convenu,N,convenu,ADJ
