word,pos,assigned_cefr,level_source,assigned_level_frequency,total_frequency,crf_A1,crf_A2,crf_B1,crf_B2,crf_C1,crf_C2,crf_total,beacco_A1,beacco_A2,beacco_B1,beacco_B2,beacco_C1,beacco_C2,beacco_total,beacco_level,match_method,crf_word,crf_pos,beacco_word,beacco_pos
le,DET,A1,beacco,81163.2834,86692.9124,81163.2834,76658.2211,88977.5742,87291.8019,96133.9927,106574.3123,86692.9124,80228.3938,77350.2171,87443.9928,84623.8218,95933.6866,100842.5948,85513.6877,A1,word_pos,le,DET,le,DET:ART
de,PREP,A1,beacco,38534.7501,50218.0475,38534.7501,42088.292,53580.6823,49479.5213,64391.7203,65363.7348,50218.0475,42591.8619,47890.8763,58293.0376,53195.8371,70596.3245,73798.6164,55282.5557,A1,word_pos,de,PREP,de,PRP
être,VERB,A1,beacco,35464.2977,27951.8637,35464.2977,28626.087,26412.069,28244.9102,24343.8705,22772.1877,27951.8637,35629.8553,29199.1937,26721.1592,29421.3899,24493.3878,22141.6879,28371.4745,A1,word_pos,être,V,être,VER
un,DET,A1,beacco,27985.4945,31086.3753,27985.4945,29999.1935,32307.4706,30587.2072,33536.5436,31902.1464,31086.3753,22391.3248,24109.4538,24932.1466,25003.3926,25366.4879,25241.8952,24493.632,A1,word_pos,un,DET,un,DET:ART
et,CONJ,A1,beacco,27247.1094,23739.1274,27247.1094,24336.472,24019.7151,21634.7997,21807.3529,21244.8456,23739.1274,27827.1696,24481.2224,23454.426,21671.7795,21472.7106,20183.6449,23548.4898,A1,word_pos,et,CONJC,et,KON
je,PRON,A1,beacco,23675.228,13390.9238,23675.228,20238.946,9453.6985,13334.2858,5117.8511,1135.1276,13390.9238,23225.5264,19497.3212,10253.1024,12825.844,4610.755,1686.1773,13365.1923,A1,word_pos,je,PRO,je,PRO
à,PREP,A1,beacco,20527.2589,17414.9317,20527.2589,16057.194,17440.269,15773.0575,17992.5266,18537.7022,17414.9317,21740.9426,19348.0972,20806.0504,19105.3701,21824.3633,22744.627,20537.2656,A1,word_pos,à,PREP,à,PRP
avoir,VERB,A1,beacco,16666.1076,17474.5957,16666.1076,20548.8279,16195.2882,22312.7973,12750.44,11833.8525,17474.5957,19957.1038,22430.6335,17540.228,23735.3337,13456.7238,12301.7347,19212.1423,A1,word_pos,avoir,V,avoir,VER
il,PRON,A1,beacco,15134.1188,13743.452,15134.1188,16008.506,14105.7864,14713.8649,8516.619,5682.8592,13743.452,19919.2611,19766.4628,18087.0955,18490.3086,10920.6453,7876.1789,17460.1527,A1,word_pos,il,PRO,il,PRO
ce,PRON,A1,beacco,12610.9668,8416.7689,12610.9668,9516.8943,7332.0281,8622.5443,5826.0421,5309.8923,8416.7689,19953.1662,17155.632,14668.7408,16498.4084,14555.24,12530.4126,16094.9508,A1,word_pos,ce,PRO,ce,PRO
ne,ADV,A1,beacco,11695.037,11377.0382,11695.037,12845.4412,10693.0044,13983.4617,8658.2006,7582.409,11377.0382,11823.6307,12833.2159,11308.906,14523.8359,9179.8103,8603.4667,11823.5304,A1,word_pos,ne,ADV,ne,ADV
pas,ADV,A1,beacco,10439.5386,8142.4472,10439.5386,10028.6435,6933.5253,8970.7559,5618.6174,4855.8717,8142.4472,10888.8957,10061.6518,7633.7071,9931.2975,6026.8877,5996.0535,8693.5947,A1,word_pos,pas,ADV,pas,ADV
elle,PRON,A1,beacco,9278.7779,5510.4717,9278.7779,8519.8607,4265.0829,3295.764,2538.1854,2331.4302,5510.4717,9535.3742,8503.3381,5124.8476,4171.456,3637.6082,3573.4886,6038.1588,A1,word_pos,elle,PRO,elle,PRO
aller,VERB,A1,beacco,8975.2457,3730.6936,8975.2457,5234.912,2661.7624,2448.8819,1271.5737,723.1852,3730.6936,9461.9604,5240.4529,2964.4907,2947.8747,1171.1651,531.9902,3931.7558,A1,word_pos,aller,V,aller,VER
dans,PREP,A1,beacco,8847.1049,8871.9364,8847.1049,9431.304,8751.9846,8731.0934,8295.6766,9008.3113,8871.9364,8376.3393,9364.3228,8975.788,9014.0402,8257.0711,8897.4404,8885.4383,A1,word_pos,dans,PREP,dans,PRP
vous,PRON,A1,beacco,8826.1416,5478.2672,8826.1416,6703.6043,4854.8752,6637.6064,1427.7119,603.0144,5478.2672,8406.0171,7161.0139,5726.4411,8107.0462,1606.2757,704.7598,6102.9952,A1,word_pos,vous,PRO,vous,PRO
on,PRON,A1,beacco,8332.7102,5604.3735,8332.7102,5422.6942,5648.2427,5045.697,4350.5529,3886.003,5604.3735,7988.1293,5253.5492,5366.7417,5417.2291,4264.8127,4659.3301,5504.6716,A1,word_pos,on,PRO,on,PRO
son,DET,A1,beacco,7519.6298,8879.2423,7519.6298,10082.8769,9632.0146,9161.2925,7153.2671,5690.2964,8879.2423,7313.0447,9771.1948,9678.4194,9770.5743,6767.403,5250.6409,8821.5882,A1,word_pos,son,DET,son,DET:POS
en,PREP,A1,beacco,7477.2049,7953.8546,7477.2049,6693.3756,8270.6279,6850.5438,10370.2694,10026.1423,7953.8546,8983.5629,9094.1028,10748.8761,9261.4003,13870.97,13447.1487,10412.0752,A1,word_pos,en,PREP,en,PRP
pour,PREP,A1,beacco,7403.3796,7244.6523,7403.3796,7133.5434,7482.1325,5998.4405,7991.0082,7484.1812,7244.6523,7213.251,6603.773,7081.5537,5578.7634,7753.0825,7580.4864,6865.4255,A1,word_pos,pour,PREP,pour,PRP
mais,CONJ,A1,beacco,7345.3898,5431.7456,7345.3898,6298.6089,4818.5109,5357.2352,3912.9415,4097.5528,5431.7456,7146.8252,5943.7597,4771.4877,5518.0185,3743.4964,4083.2133,5296.999,A1,word_pos,mais,CONJC,mais,KON
faire,VERB,A1,beacco,6932.6324,5186.3082,6932.6324,5736.0675,4949.6906,5038.1239,4049.155,2584.3546,5186.3082,7099.9879,6229.4507,5379.1805,5455.1522,4481.8829,3624.0186,5619.6584,A1,word_pos,faire,V,faire,VER
se,PRON,A1,beacco,6348.2425,9748.3062,6348.2425,9986.0373,11075.6142,10145.5093,9814.7019,9411.5046,9748.3062,6939.5571,10048.7196,11307.4699,10663.0936,10050.1568,9462.3511,10043.1715,A1,word_pos,se,PRO,se,PRO
du,PREPDET,A1,beacco,6199.2184,7431.8015,6199.2184,5994.8125,7753.6253,7824.1056,9068.8085,9830.5203,7431.8015,18367.3026,16949.2613,22202.3179,19898.3792,28614.3214,31830.7527,21419.4398,A1,word_pos,du,PREPDET,du,PRP:det
au,PREPDET,A1,beacco,5769.063,4629.2333,5769.063,4345.2638,4723.2024,3782.291,4480.878,4984.71,4629.2333,7512.7632,6785.1305,8084.1709,7323.8748,9147.6526,9875.6498,7817.3809,A1,word_pos,au,PREPDET,au,PRP:det
avec,PREP,A1,beacco,5591.4118,4137.3987,5591.4118,4941.4752,3613.7607,3445.3567,3326.5316,3543.54,4137.3987,5814.6254,4932.7341,3547.4277,3141.8847,3110.3508,3508.5985,4037.9232,A1,word_pos,avec,PREP,avec,PRP
que,CONJ,A1,beacco,5478.6124,8805.0024,5478.6124,9202.6983,8971.5193,11694.3135,8798.6242,7527.0172,8805.0024,3664.6754,9392.1805,10450.0754,12657.9092,10653.5682,10044.8294,9520.5398,A1,word_pos,que,CONJS,que,KON
ce,DET,A1,crf_first_attested,5198.0549,6804.8869,5198.0549,6619.0136,6401.8069,7461.3783,8826.6131,7285.5442,6804.8869,,,,,,,,,crf_only,ce,DET,,
mon,DET,A1,beacco,5187.0105,3246.8023,5187.0105,4944.0366,2616.4694,2217.7275,1906.0711,611.1898,3246.8023,4972.8655,4788.0413,2798.2328,2104.348,1553.0594,599.1678,3184.2113,A1,word_pos,mon,DET,mon,DET:POS
très,ADV,A1,beacco,4437.9091,2451.0628,4437.9091,3109.6203,2086.4845,1861.447,1096.1182,1590.8462,2451.0628,4298.4125,3124.1583,2104.4484,2079.8796,1099.4024,1402.5457,2458.4071,A1,word_pos,très,ADV,très,ADV
suivre,VERB,A1,beacco,3677.3654,2030.4942,3677.3654,2979.0862,1533.2841,1641.5325,825.6432,667.6704,2030.4942,160.4815,386.1652,489.336,563.1969,315.8778,517.4989,416.4677,A1,word_pos,suivre,V,suivre,VER
des,PREPDET,A1,crf_first_attested,3676.5061,6348.3336,3676.5061,3980.7324,7334.3606,5610.2618,9624.5189,12071.6206,6348.3336,,,,,,,,,crf_only,des,PREPDET,,
ils,PRON,A1,crf_first_attested,3631.1891,2744.2119,3631.1891,2668.707,2957.7767,2111.097,2229.0144,1642.666,2744.2119,,,,,,,,,crf_only,ils,PRO,,
sur,PREP,A1,beacco,3590.6218,4667.3691,3590.6218,4354.4145,4840.1557,5165.8411,5509.0695,3998.219,4667.3691,3674.4485,4138.2051,4796.7071,5019.632,5493.3888,4252.7387,4606.4875,A1,word_pos,sur,PREP,sur,PRP
pouvoir,VERB,A1,beacco,3530.6364,3224.959,3530.6364,3524.9723,2863.2867,3132.0763,3221.2455,3358.5693,3224.959,3577.5784,3620.408,3063.715,3484.3876,3618.2886,3626.3024,3423.8487,A1,word_pos,pouvoir,V,pouvoir,VER
dire,VERB,A1,beacco,3519.3647,3647.621,3519.3647,5874.5696,3204.2479,3783.2259,1444.6771,1133.1384,3647.621,3432.3306,5432.8433,3148.0322,4516.4036,1560.1505,1283.7428,3665.3357,A1,word_pos,dire,V,dire,VER
nous,PRON,A1,beacco,3448.6428,3202.2062,3448.6428,3847.457,2548.1784,3778.118,2901.0148,2044.07,3202.2062,3674.1059,4005.0781,2679.1974,3891.8507,2847.1727,2177.9585,3324.3542,A1,word_pos,nous,PRO,nous,PRO
petit,ADJ,A1,beacco,3204.2936,1686.9732,3204.2936,2097.5127,1369.7744,1261.4535,900.0081,662.6576,1686.9732,2445.9009,1961.8151,1361.1183,1198.8247,828.796,528.3413,1516.6354,A1,word_pos,petit,A,petit,ADJ
me,PRON,A1,beacco,3150.5566,3359.6034,3150.5566,5077.606,3290.6307,3181.0105,1665.8489,241.092,3359.6034,3268.7376,5297.7942,3680.0233,3142.0925,1363.3882,393.8887,3563.0275,A1,word_pos,me,PRO,me,PRO
le,PRON,A1,beacco,3103.536,4775.7504,3103.536,5631.2998,5307.0154,5985.7655,3443.1272,2108.2127,4775.7504,901.9028,1915.4363,2004.3656,2632.4527,1058.1236,1051.625,1759.3899,A1,word_pos,le,PRO,le,PRO
plus,ADV,A1,beacco,2986.1537,4180.0753,2986.1537,4105.3069,4440.399,4307.5768,4686.8014,4274.5451,4180.0753,3864.2175,5423.1714,5907.6183,5579.746,6496.6932,6531.8987,5590.7173,A1,word_pos,plus,ADV,plus,ADV
vouloir,VERB,A1,beacco,2847.0914,1894.6275,2847.0914,2770.131,1444.3497,1940.1018,938.9711,319.2603,1894.6275,2922.4572,2862.8182,1513.6355,1964.2703,860.3682,389.1791,1940.959,A1,word_pos,vouloir,V,vouloir,VER
ça,PRON,A1,crf_first_attested,2824.5572,1403.2854,2824.5572,1650.957,1305.946,1029.0389,584.0726,25.9752,1403.2854,,,,,,,,,crf_only,ça,PRO,,
bien,ADV,A1,beacco,2815.7658,1872.4811,2815.7658,2075.806,1616.1953,1902.9483,1190.4663,1279.0626,1872.4811,4037.2808,2946.4978,2331.6358,2965.5019,1504.4995,1963.9868,2682.029,A1,word_pos,bien,ADV,bien,ADV
moi,PRON,A1,beacco,2783.1971,1297.7445,2783.1971,1950.6503,889.7002,1108.7248,283.6805,189.3849,1297.7445,3826.2491,2735.393,1463.9428,1470.8351,339.8054,208.1843,1867.688,A1,word_pos,moi,PRO,moi,PRO
oui,INT,A1,beacco,2732.7094,1006.7162,,,,,,,,2732.7094,1354.9492,541.8872,957.0692,131.9064,19.328,1006.7162,A1,beacco_only,,,oui,INT
ou,CONJ,A1,beacco,2713.0513,3116.1339,2713.0513,1752.4694,3099.3972,3127.1768,4928.3204,5109.4217,3116.1339,2924.4144,1938.3854,2835.7886,2975.8898,5245.279,5568.9333,3119.6975,A1,word_pos,ou,CONJC,ou,KON
qui,PRON,A1,beacco,2357.3209,7518.9712,2357.3209,7073.1167,8215.6795,9613.3154,9505.4643,10665.1463,7518.9712,2298.9197,6984.8509,8171.5793,9254.6504,9313.563,9641.3718,7367.8955,A1,word_pos,qui,PRO,qui,PRO
voir,VERB,A1,beacco,2290.6307,2331.5733,2290.6307,3182.3479,2112.7687,2809.0948,1236.3154,621.8942,2331.5733,2151.2613,3093.5873,2184.1741,2894.1262,1094.9447,568.3787,2293.6748,A1,word_pos,voir,V,voir,VER
aussi,ADV,A1,beacco,2288.6637,1767.834,2288.6637,1599.6182,1566.1929,1855.9395,1683.9981,1974.9497,1767.834,2608.4708,1750.3576,1569.8319,1963.775,1661.2431,1949.3656,1838.2,A1,word_pos,aussi,ADV,aussi,ADV
que,PRON,A1,beacco,2277.7565,3176.8648,2277.7565,3853.2356,3091.2242,3724.0176,2751.9366,2663.4353,3176.8648,5588.0953,5994.8797,4598.2072,5971.9833,3804.5756,3826.7707,5115.266,A1,word_pos,que,PRO,que,PRO
beaucoup,ADV,A1,beacco,2178.6665,999.0431,2178.6665,1094.8,699.1726,807.3827,613.4489,690.0126,999.0431,2224.9992,1136.7007,750.9194,778.1432,605.8252,779.395,1018.7608,A1,word_pos,beaucoup,ADV,beaucoup,ADV
grand,ADJ,A1,beacco,2147.8776,1765.2274,2147.8776,1930.7179,1785.1828,1386.6741,1530.9708,1149.3499,1765.2274,2102.3269,1941.2323,1731.1414,1492.8709,1511.9526,1327.5406,1751.4399,A1,word_pos,grand,A,grand,ADJ
lui,PRON,A1,beacco,2134.8163,2733.7222,2134.8163,3942.1446,3031.3373,2752.9472,1345.6668,320.0032,2733.7222,2388.0253,4482.8238,3849.1985,3386.9093,1735.6051,804.8781,3343.4872,A1,word_pos,lui,PRO,lui,PRO
si,CONJ,A1,beacco,2023.2987,1996.839,2023.2987,2044.6276,2021.9799,1997.4705,1955.2719,1341.7956,1996.839,961.2211,1725.7875,1783.3164,1859.2106,1710.9891,1094.3918,1635.7985,A1,word_pos,si,CONJS,si,KON
heures,NOUN,A1,crf_first_attested,1979.4762,769.5647,1979.4762,637.7102,559.9337,849.6046,317.1378,130.2559,769.5647,,,,,,,,,crf_only,heures,N,,
votre,DET,A1,beacco,1922.9316,1215.4564,1922.9316,1239.1113,1382.0578,950.0516,391.3902,374.9114,1215.4564,1751.2898,1327.3949,1394.0452,1140.1798,383.1205,377.0469,1240.831,A1,word_pos,votre,DET,votre,DET:POS
an,NOUN,A1,beacco,1898.3106,1813.6928,1898.3106,2033.7251,1726.6783,1368.0688,1741.9444,2147.3244,1813.6928,2051.0804,2002.8723,1803.4705,1136.3407,1743.1851,2470.8717,1795.6585,A1,word_pos,an,N,an,NOM
aimer,VERB,A1,beacco,1898.0229,938.5313,1898.0229,1496.6484,651.1718,655.0231,291.2227,94.5361,938.5313,2666.0987,1534.6889,769.5971,729.7956,232.2665,171.4545,1083.5683,A1,word_pos,aimer,V,aimer,VER
y,PRON,A1,beacco,1888.3807,1836.8244,1888.3807,2135.116,1659.34,2181.8423,1513.3175,949.6646,1836.8244,4089.4114,3624.7235,2465.4038,2997.6822,2378.4988,1333.584,2952.7144,A1,word_pos,y,PRO,y,PRO
bon,ADJ,A1,beacco,1876.5559,1050.4787,1876.5559,1035.0819,832.4327,752.4715,970.4314,1124.1013,1050.4787,2357.6816,1143.3727,877.3758,928.6682,808.918,1081.1091,1140.0305,A1,word_pos,bon,A,bon,ADJ
comme,PREP,A1,crf_first_attested,1850.8689,2165.0084,1850.8689,2015.0763,2173.0376,1984.4297,2664.6899,2567.9864,2165.0084,,,,,,,,,crf_only,comme,PREP,,
alors,ADV,A1,beacco,1842.268,1167.1922,1842.268,1521.2743,1070.8009,1001.1711,656.7217,135.8422,1167.1922,1834.2363,1491.9039,1333.2702,1262.1756,938.0498,641.841,1338.6576,A1,word_pos,alors,ADV,alors,ADV
prendre,VERB,A1,beacco,1819.6722,1447.5036,1819.6722,1540.1536,1350.0903,1552.5746,1117.2796,912.8062,1447.5036,1735.5681,1688.9045,1315.0231,1511.5467,1091.7209,923.7867,1440.6035,A1,word_pos,prendre,V,prendre,VER
non,ADV,A1,beacco,1798.3736,1039.4144,1798.3736,1065.2978,713.7976,1157.5371,816.4218,1005.5277,1039.4144,2132.9709,1120.1669,717.2167,1447.1387,925.9209,1205.2065,1155.9659,A1,word_pos,non,ADV,non,ADV
quand,CONJ,A1,beacco,1782.1217,1325.7617,1782.1217,1751.8504,1197.677,1207.8293,946.6281,228.267,1325.7617,1551.7344,1748.4743,1204.3997,1173.3524,878.5738,138.6137,1284.7831,A1,word_pos,quand,CONJS,quand,KON
chez,PREP,A1,beacco,1763.0564,1086.7981,1763.0564,1209.6576,917.1736,996.7064,738.8471,832.1123,1086.7981,1642.5628,1075.1075,961.0084,1086.36,712.883,746.0726,1058.6848,A1,word_pos,chez,PREP,chez,PRP
par,PREP,A1,beacco,1689.2811,3658.9211,1689.2811,2868.4992,4143.3359,3804.7928,5073.9052,5877.9763,3658.9211,2121.0733,3251.2674,4777.248,4190.4013,6122.7814,7165.5144,4243.7931,A1,word_pos,par,PREP,par,PRP
monsieur,NOUN,A1,beacco,1624.0196,707.0629,1624.0196,833.6285,677.0216,380.7715,73.6761,0.0,707.0629,1667.2965,926.4452,633.1067,450.0701,59.5829,12.833,732.3359,A1,word_pos,monsieur,N,monsieur,NOM
tous,ADJ,A1,crf_first_attested,1565.2929,1207.3455,1565.2929,1101.7977,1294.2334,1139.9325,1038.1062,717.1318,1207.3455,,,,,,,,,crf_only,tous,A,,
trouver,VERB,A1,beacco,1535.8954,1221.9412,1535.8954,1437.4806,1137.2159,1297.1081,745.6434,652.5094,1221.9412,1566.0083,1450.5226,1191.3277,1312.369,729.377,681.2259,1239.4098,A1,word_pos,trouver,V,trouver,VER
savoir,VERB,A1,beacco,1528.5011,1547.4605,1528.5011,2055.499,1417.7801,1767.6815,936.8369,696.6319,1547.4605,1730.6358,2074.5874,1590.6128,2067.2893,940.7751,981.3302,1693.8059,A1,word_pos,savoir,V,savoir,VER
deux,DET,A1,crf_first_attested,1489.8617,1177.8979,1489.8617,1352.9191,1088.7521,1129.7728,795.5449,1070.4565,1177.8979,,,,,,,,,crf_only,deux,DET,,
il y a,PREP,A1,crf_first_attested,1466.544,671.0897,1466.544,987.2573,382.4187,461.0374,411.2276,220.1214,671.0897,,,,,,,,,crf_only,il y a,PREP,,
venir,VERB,A1,beacco,1460.2018,1232.7733,1460.2018,1569.1874,1244.7599,1020.7566,741.5385,309.4768,1232.7733,1943.6102,1793.96,1506.7182,1657.5834,806.0185,334.8177,1546.968,A1,word_pos,venir,V,venir,VER
demander,VERB,A1,beacco,1457.6963,1164.0162,1457.6963,1572.7265,1058.6109,1308.4017,378.4385,179.8917,1164.0162,1068.1616,1349.2137,1005.7241,1283.0658,346.556,225.8302,1037.2077,A1,word_pos,demander,V,demander,VER
ton,DET,A1,beacco,1430.4311,623.6271,1430.4311,1115.2979,426.6862,158.2554,56.9249,0.0,623.6271,1434.2996,1155.2227,376.1691,130.8413,74.0915,0.0,597.7685,A1,word_pos,ton,DET,ton,DET:POS
maison,NOUN,A1,beacco,1413.282,839.6158,1413.282,1206.4401,665.4053,606.3507,511.711,4.1173,839.6158,1324.7099,1131.2312,763.6296,781.4766,400.9426,4.0185,855.3365,A1,word_pos,maison,N,maison,NOM
arriver,VERB,A1,beacco,1403.3448,1028.089,1403.3448,1603.8759,999.5553,665.2846,388.8052,183.3686,1028.089,1300.4645,1443.8576,1041.0016,762.4207,338.5842,250.9018,998.6138,A1,word_pos,arriver,V,arriver,VER
là,ADV,A1,beacco,1389.0707,947.7695,1389.0707,1070.9774,766.5011,1131.2329,630.493,130.8307,947.7695,1609.0493,1503.0545,1116.1104,1739.4615,781.9409,430.3813,1314.5095,A1,word_pos,là,ADV,là,ADV
toujours,ADV,A1,beacco,1364.9859,1083.982,1364.9859,1083.8033,866.6123,1584.8666,909.0633,412.9964,1083.982,1219.454,1135.2346,852.0584,1565.8217,834.0703,357.1858,1070.3746,A1,word_pos,toujours,ADV,toujours,ADV
travailler,VERB,A1,beacco,1364.473,559.7586,1364.473,547.9484,396.9906,371.3558,316.6603,444.7767,559.7586,1364.7647,587.3492,445.1664,425.5712,308.6262,465.1839,587.8745,A1,word_pos,travailler,V,travailler,VER
leur,DET,A1,beacco,1328.1401,2298.7616,1328.1401,1703.2144,2427.8052,2032.8836,3843.3915,3435.3093,2298.7616,1472.0677,1641.9709,2282.8748,2069.8302,3504.6015,3669.7893,2240.373,A1,word_pos,leur,DET,leur,DET:POS
aux,PREPDET,A1,crf_first_attested,1296.3241,1946.7121,1296.3241,1464.0888,2051.5209,1867.826,2918.6233,2855.7047,1946.7121,,,,,,,,,crf_only,aux,PREPDET,,
soir,NOUN,A1,beacco,1281.7863,488.8313,1281.7863,417.0837,465.6414,365.3669,86.424,67.3593,488.8313,1190.1822,529.5188,539.1818,475.3651,79.0191,38.656,548.206,A1,word_pos,soir,N,soir,NOM
regarder,VERB,A1,beacco,1276.6328,882.2405,1276.6328,1436.1211,599.6003,791.6963,368.8272,134.7185,882.2405,1552.7659,1483.3729,672.7715,889.6016,302.9061,212.6079,975.6555,A1,word_pos,regarder,V,regarder,VER
parler,VERB,A1,beacco,1265.5718,1114.8368,1265.5718,1496.4716,1017.4708,1189.5589,637.2564,147.42,1114.8368,1609.479,1649.0656,1083.1963,1429.2669,488.1311,208.1843,1230.1596,A1,word_pos,parler,V,parler,VER
passer,VERB,A1,beacco,1258.8,1303.4327,1258.8,1486.8466,1321.4943,1486.3507,945.1983,664.404,1303.4327,1327.78,1408.2142,1410.5742,1706.529,986.3104,723.0384,1363.3642,A1,word_pos,passer,V,passer,VER
te,PRON,A1,beacco,1236.7578,668.6806,1236.7578,1321.3305,388.8199,226.1703,71.9835,19.2455,668.6806,2080.7934,1889.8136,752.5413,387.0,142.0956,38.656,1076.0671,A1,word_pos,te,PRO,te,PRO
oui,NOUN,A1,crf_first_attested,1171.2345,416.9981,1171.2345,658.5486,153.0552,314.0491,59.0925,0.0,416.9981,,,,,,,,,crf_only,oui,N,,
premier,ADJ,A1,crf_first_attested,1159.3565,1217.3269,1159.3565,936.833,1262.9763,1077.1619,1485.2481,1797.793,1217.3269,,,,,,,,,crf_only,premier,A,,
appeler,VERB,A1,beacco,1151.381,666.4479,1151.381,956.4243,509.1567,442.3977,269.6452,250.7879,666.4479,1325.1912,934.758,596.0939,625.8317,284.2782,262.5712,727.7608,A1,word_pos,appeler,V,appeler,VER
ville,NOUN,A1,beacco,1148.9652,757.1612,1148.9652,772.4816,906.3802,461.9918,432.6747,203.1582,757.1612,1037.3709,838.8882,751.3419,432.8134,472.3763,111.7223,693.5832,A1,word_pos,ville,N,ville,NOM
habiter,VERB,A1,beacco,1129.1252,335.3446,1129.1252,471.1229,83.3998,289.8681,84.3519,0.0,335.3446,1186.8047,366.2522,112.1697,326.0786,73.6669,0.0,325.3053,A1,word_pos,habiter,V,habiter,VER
chose,NOUN,A1,beacco,1124.6997,927.8163,1124.6997,1165.4295,715.2728,1270.544,584.6525,297.9074,927.8163,1167.6441,1209.5455,752.2825,1346.2026,686.4939,342.909,984.7281,A1,word_pos,chose,N,chose,NOM
toi,PRON,A1,beacco,1124.3011,409.5165,1124.3011,644.2703,284.2218,92.393,12.8336,0.0,409.5165,1464.435,908.4103,355.455,120.1219,20.6538,0.0,532.6518,A1,word_pos,toi,PRO,toi,PRO
quelque,PRON,A1,beacco,1098.6743,1290.8454,,,,,,,,1098.6743,1489.8467,1415.708,1470.5215,955.2808,413.6945,1290.8454,A1,beacco_only,,,quelque,PRO
tout,ADV,A1,beacco,1095.7479,750.0521,1095.7479,835.3199,766.854,652.992,429.3972,396.1267,750.0521,2014.7215,2099.1628,1812.6032,2249.174,1374.1656,829.8748,1881.5368,A1,word_pos,tout,ADV,tout,ADV
un peu,ADV,A1,crf_first_attested,1073.4972,604.4126,1073.4972,634.532,676.5675,364.1876,323.0193,39.7676,604.4126,,,,,,,,,crf_only,un peu,ADV,,
notre,DET,A1,beacco,1061.3945,1103.1728,1061.3945,994.4453,944.9538,1097.2796,1471.7727,1360.7337,1103.1728,956.0185,1072.232,921.9921,1139.9878,1519.2008,1800.4512,1113.3579,A1,word_pos,notre,DET,notre,DET:POS
enfant,NOUN,A1,beacco,1043.1947,1038.0973,1043.1947,1361.5065,830.9888,713.5416,939.784,1238.6703,1038.0973,1023.1717,1526.0502,829.1244,793.1839,846.8723,1364.5592,1071.2554,A1,word_pos,enfant,N,enfant,NOM
fille,NOUN,A1,beacco,1022.8965,620.3668,1022.8965,981.2363,459.1865,303.6163,287.8057,288.9878,620.3668,1107.554,996.2807,465.7009,373.3015,259.3299,302.5236,625.7005,A1,word_pos,fille,N,fille,NOM
ami,NOUN,A1,beacco,1012.8227,551.2084,1012.8227,605.4557,489.4678,550.4598,223.7652,0.0,551.2084,1364.7999,738.1825,569.2912,644.0994,283.1427,0.0,674.89,A1,word_pos,ami,N,ami,NOM
devoir,VERB,A1,beacco,1002.9769,1469.6604,1002.9769,1565.3722,1520.5656,1671.0764,1696.7678,773.4784,1469.6604,890.1606,1748.8758,1449.6355,1240.6555,2022.4554,897.7623,1433.0362,A1,word_pos,devoir,V,devoir,VER
connaître,VERB,A1,beacco,987.8832,939.2308,987.8832,1043.882,905.8302,1181.1508,535.5775,604.9172,939.2308,1130.3196,1025.0704,910.2577,1206.2817,578.9314,694.4895,965.6648,A1,word_pos,connaître,V,connaître,VER
aujourd'hui,ADV,A1,beacco,978.0729,740.1336,978.0729,494.8894,688.8183,338.2737,1247.5239,1253.1707,740.1336,882.1748,551.006,683.4412,379.2694,1027.8803,1358.7975,711.084,A1,word_pos,aujourd'hui,ADV,aujourd'hui,ADV
penser,VERB,A1,beacco,971.7629,910.3938,971.7629,1186.3786,699.9168,1197.9746,552.7503,434.0879,910.3938,963.0015,1313.7511,709.0352,1472.6193,593.2974,458.0637,988.907,A1,word_pos,penser,V,penser,VER
homme,NOUN,A1,beacco,966.8581,1753.3172,966.8581,2052.2838,1825.5408,2234.177,1553.65,493.6122,1753.3172,735.0122,2069.2006,1972.7933,2432.7363,1412.7339,549.5428,1776.8652,A1,word_pos,homme,N,homme,NOM
encore,ADV,A1,beacco,934.8783,1106.559,934.8783,1234.6228,1044.8102,1075.8112,1126.232,1179.8362,1106.559,926.1368,1350.4845,1139.382,1315.6818,1101.0223,1401.7247,1200.9521,A1,word_pos,encore,ADV,encore,ADV
rue,NOUN,A1,beacco,931.4283,534.0623,931.4283,542.6987,344.1052,787.9202,198.4638,87.2723,534.0623,860.3375,544.8629,347.849,881.5247,154.1598,77.4712,532.4631,A1,word_pos,rue,N,rue,NOM
quel,DET,A1,crf_first_attested,928.2239,478.1533,928.2239,487.4026,432.0377,410.2561,200.4953,256.8833,478.1533,,,,,,,,,crf_only,quel,DET,,
nouveau,ADJ,A1,beacco,924.4088,985.8928,924.4088,704.1072,874.4424,1086.9873,1433.4214,1245.386,985.8928,984.132,857.5941,1017.626,1097.4769,1417.5012,1448.3231,1079.5398,A1,word_pos,nouveau,A,nouveau,ADJ
tu,PRON,A1,beacco,918.683,397.8404,918.683,814.3553,193.6226,121.4739,22.4589,0.0,397.8404,5813.8488,4331.4899,1526.8058,669.6552,145.928,19.328,2351.856,A1,word_pos,tu,PRO,tu,PRO
après,PREP,A1,beacco,914.559,852.4469,914.559,821.0911,895.4343,909.3532,738.1414,419.4041,852.4469,601.0675,783.3981,924.6138,800.1636,730.9206,638.8646,797.9434,A1,word_pos,après,PREP,après,PRP
matin,NOUN,A1,beacco,896.705,406.8575,896.705,456.0443,313.1716,422.6869,97.2535,45.034,406.8575,845.8994,457.8918,375.5753,543.9388,120.1438,44.6051,451.2888,A1,word_pos,matin,N,matin,NOM
quelque,DET,A1,crf_first_attested,895.3021,1145.6636,895.3021,1415.7528,1215.9126,1195.7177,917.2449,559.993,1145.6636,,,,,,,,,crf_only,quelque,DET,,
vacance,NOUN,A1,beacco,889.3358,221.2168,,,,,,,,889.3358,281.3659,77.3009,105.5945,62.7057,0.0,221.2168,A1,beacco_only,,,vacance,NOM
partir,VERB,A1,beacco,876.0267,577.8332,876.0267,796.6111,583.2018,460.4823,228.161,28.5334,577.8332,1120.1572,1199.1524,907.2668,703.9674,624.7276,302.5599,895.1826,A1,word_pos,partir,V,partir,VER
comme,ADV,A1,beacco,862.7038,1186.662,,,,,,,,862.7038,1397.3287,1112.4275,1274.4423,1234.2453,1178.7363,1186.662,A1,beacco_only,,,comme,ADV
jour,NOUN,A1,beacco,855.4375,817.1123,855.4375,1020.8591,830.9498,686.3711,625.6503,240.417,817.1123,1771.1583,1912.1768,1829.5288,1290.3368,998.1741,893.8229,1619.8349,A1,word_pos,jour,N,jour,NOM
comment,ADV,A1,beacco,852.7011,549.2186,852.7011,533.5357,447.1556,469.4223,667.9861,158.3886,549.2186,1004.1898,634.2354,505.9653,602.2041,556.5838,183.2011,618.3182,A1,word_pos,comment,ADV,comment,ADV
madame,NOUN,A1,beacco,851.0721,237.8259,851.0721,223.7358,70.8739,183.2428,39.4473,6.4938,237.8259,1205.3233,320.1054,178.7295,472.6612,102.8626,56.7717,406.9503,A1,word_pos,madame,N,madame,NOM
chercher,VERB,A1,beacco,850.3721,507.7936,850.3721,624.1187,371.3517,547.7372,319.4744,125.573,507.7936,998.4982,677.0049,514.7162,618.5784,292.9706,213.1318,603.5752,A1,word_pos,chercher,V,chercher,VER
rester,VERB,A1,beacco,841.3403,939.1871,841.3403,1178.1938,980.9344,705.857,679.469,1100.3645,939.1871,768.6065,1209.2221,1118.9544,709.8148,740.4712,848.1384,967.9337,A1,word_pos,rester,V,rester,VER
attendre,VERB,A1,beacco,835.9484,645.8481,835.9484,771.1823,716.788,670.6497,176.2609,56.9312,645.8481,892.7043,700.6001,810.2912,729.8055,270.2479,113.6757,701.4644,A1,word_pos,attendre,V,attendre,VER
vacances,NOUN,A1,crf_first_attested,829.7882,215.4668,829.7882,236.5855,79.7637,103.5972,55.1534,0.0,215.4668,,,,,,,,,crf_only,vacances,N,,
où,PRON,A1,beacco,823.9244,1386.2344,823.9244,1618.7122,1275.9835,1788.0771,1544.2444,1014.876,1386.2344,1029.1967,1752.6553,1428.494,2028.9136,1516.5987,1082.3063,1545.3,A1,word_pos,où,PRO,où,PRO
rien,PRON,A1,crf_first_attested,816.3203,978.6688,816.3203,1144.1732,920.9562,1692.8904,485.3104,207.532,978.6688,,,,,,,,,crf_only,rien,PRO,,
trop,ADV,A1,beacco,808.8399,589.9198,808.8399,668.6144,441.9179,792.8176,358.3519,390.0391,589.9198,876.4024,590.4893,508.7993,899.5141,438.5986,306.6137,626.7276,A1,word_pos,trop,ADV,trop,ADV
année,NOUN,A1,beacco,803.7822,893.8022,803.7822,635.6527,929.886,558.4096,1544.4245,1201.6444,893.8022,872.638,724.0548,916.6096,598.473,1339.8029,1287.1818,891.2136,A1,word_pos,année,N,année,NOM
jeune,ADJ,A1,beacco,803.6557,812.8276,803.6557,967.8547,803.7671,942.5745,389.4739,466.316,812.8276,677.5586,1144.8796,950.1417,978.0515,410.3394,413.5898,878.3185,A1,word_pos,jeune,A,jeune,ADJ
monde,NOUN,A1,beacco,802.974,934.6804,802.974,877.1881,1070.634,692.5871,1013.621,893.4868,934.6804,1215.1451,1171.3932,1217.3107,910.8673,1022.1996,866.3654,1132.9303,A1,word_pos,monde,N,monde,NOM
jours,NOUN,A1,crf_first_attested,801.5829,590.0944,801.5829,682.36,609.7759,456.4003,286.8162,326.0806,590.0944,,,,,,,,,crf_only,jours,N,,
père,NOUN,A1,beacco,800.3854,578.9957,800.3854,583.7785,441.7841,834.2294,300.5161,163.5868,578.9957,832.3283,622.904,484.9799,782.989,206.6451,425.2159,602.452,A1,word_pos,père,N,père,NOM
toute,ADJ,A1,crf_first_attested,786.518,442.349,786.518,471.7768,384.1736,459.1323,276.337,56.3711,442.349,,,,,,,,,crf_only,toute,A,,
vie,NOUN,A1,beacco,777.6976,1120.7809,777.6976,1192.3617,1067.4645,891.0389,1454.5766,1596.2845,1120.7809,681.7757,1208.5789,1121.8412,917.8975,1423.9743,1636.0886,1109.0659,A1,word_pos,vie,N,vie,NOM
journée,NOUN,A1,beacco,775.4798,279.7613,775.4798,250.3702,278.3944,107.61,93.8395,48.0277,279.7613,606.4853,266.1477,271.1005,141.7074,103.8406,77.4712,267.4486,A1,word_pos,journée,N,journée,NOM
retrouver,VERB,A1,beacco,772.7881,469.9777,772.7881,526.3359,379.5177,517.9287,255.1075,116.5635,469.9777,811.2055,471.3875,452.0461,558.5224,281.6571,145.006,495.8137,A1,word_pos,retrouver,V,retrouver,VER
demain,ADV,A1,beacco,772.7648,264.5773,772.7648,340.2493,135.1579,193.197,18.6069,0.0,264.5773,700.0175,304.7658,97.0769,161.3055,6.0005,0.0,220.0696,A1,word_pos,demain,ADV,demain,ADV
vieux,ADJ,A1,beacco,763.8041,339.0247,763.8041,368.1587,308.1603,230.7908,64.4917,257.0043,339.0247,645.3286,617.1132,416.1805,324.2958,49.5147,226.4825,433.0616,A1,word_pos,vieux,A,vieux,ADJ
mère,NOUN,A1,beacco,763.451,491.443,763.451,499.853,375.4241,609.5274,269.4298,235.517,491.443,659.618,544.061,409.2181,584.7414,145.5018,332.3343,479.8203,A1,word_pos,mère,N,mère,NOM
rentrer,VERB,A1,beacco,753.5729,310.8497,753.5729,345.2826,249.8352,173.516,121.491,43.6102,310.8497,703.2021,393.267,283.4848,186.5998,148.8703,86.9662,337.2143,A1,word_pos,rentrer,V,rentrer,VER
commencer,VERB,A1,beacco,749.714,517.7739,749.714,645.4487,555.1109,252.128,305.9969,185.4324,517.7739,716.1647,674.3867,526.605,268.8214,281.6571,232.4136,509.311,A1,word_pos,commencer,V,commencer,VER
famille,NOUN,A1,beacco,747.779,581.5559,747.779,504.604,616.7554,476.4369,446.0155,519.7206,581.5559,727.3192,489.8692,539.383,530.7875,423.6777,555.8418,566.9113,A1,word_pos,famille,N,famille,NOM
bel,ADJ,A1,crf_first_attested,747.568,379.5311,747.568,516.7192,311.1642,249.7168,113.8802,114.1335,379.5311,,,,,,,,,crf_only,bel,A,,
autre,ADJ,A1,beacco,745.3113,1182.8871,745.3113,1076.4227,1144.2641,1518.7331,1199.6008,1960.4797,1182.8871,1311.0197,2108.1952,2299.0974,2770.3763,2454.0429,2806.0007,2237.4,A1,word_pos,autre,A,autre,ADJ
souvent,ADV,A1,beacco,744.1071,604.5635,744.1071,562.7999,379.3777,618.6584,821.4501,829.3137,604.5635,750.2565,496.913,468.5303,517.6836,841.4314,1219.799,621.6282,A1,word_pos,souvent,ADV,souvent,ADV
semaine,NOUN,A1,beacco,743.6535,304.853,743.6535,281.1284,301.169,127.1871,170.5794,165.4454,304.853,648.3172,377.8392,313.8658,164.6578,191.5602,192.6297,320.4483,A1,word_pos,semaine,N,semaine,NOM
musée,NOUN,A1,beacco,734.3501,207.9583,734.3501,94.3449,217.5439,45.9137,75.2539,0.0,207.9583,544.4966,100.7859,161.4161,37.5577,62.7057,0.0,167.9378,A1,word_pos,musée,N,musée,NOM
temps,NOUN,A1,beacco,725.1785,848.9697,725.1785,1070.5768,650.8861,746.3139,1138.721,685.1468,848.9697,1021.5468,1582.8073,1002.4458,1189.6527,1358.9044,761.9281,1202.5783,A1,word_pos,temps,N,temps,NOM
d'accord,ADV,A1,beacco,720.11,206.5802,,,,,,,,720.11,243.8603,76.5305,153.8346,49.5147,77.5234,206.5802,A1,beacco_only,,,d'accord,ADV
donner,VERB,A1,beacco,719.5018,1006.2512,719.5018,1001.4163,1147.6016,1353.7457,753.8073,473.9282,1006.2512,746.3983,1121.5416,1257.2575,1345.9333,830.9907,571.5853,1087.947,A1,word_pos,donner,V,donner,VER
école,NOUN,A1,beacco,706.8976,357.8043,706.8976,361.8459,237.338,228.0941,270.8055,396.0135,357.8043,682.5482,422.4986,255.0276,284.5976,206.9223,273.8885,367.1976,A1,word_pos,école,N,école,NOM
manger,VERB,A1,beacco,704.065,251.5657,704.065,334.6434,197.7837,56.5327,55.9489,0.0,251.5657,1064.7056,504.2399,309.6845,94.0751,92.388,12.833,374.2769,A1,word_pos,manger,V,manger,VER
femme,NOUN,A1,beacco,703.7189,1319.4703,703.7189,1578.085,1052.4475,1494.9777,887.1997,3260.9122,1319.4703,570.4947,1633.1841,1120.3629,1673.3227,949.0189,3105.845,1346.6246,A1,word_pos,femme,N,femme,NOM
place,NOUN,A1,beacco,698.3526,481.0386,698.3526,386.7904,355.9003,482.6293,582.3653,444.4731,481.0386,777.4602,530.0475,416.8377,710.795,621.3454,363.5044,572.0227,A1,word_pos,place,N,place,NOM
plaire,VERB,A1,beacco,693.5216,255.0209,693.5216,384.9193,127.1888,178.295,15.5058,9.6228,255.0209,701.534,358.0835,96.9885,165.1796,18.0014,19.328,236.7221,A1,word_pos,plaire,V,plaire,VER
tout,PRON,A1,beacco,688.6908,615.523,688.6908,681.8118,527.3755,779.5776,570.8536,68.1256,615.523,4816.552,3961.0066,4175.4351,4397.2581,3538.0001,2242.4936,4065.5348,A1,word_pos,tout,PRO,tout,PRO
devant,PREP,A1,beacco,674.5718,605.9094,674.5718,674.0484,560.0303,663.9653,562.0534,183.4536,605.9094,501.7524,637.1786,569.7733,670.4473,517.307,202.2974,573.3106,A1,word_pos,devant,PREP,devant,PRP
oui,ADV,A1,crf_first_attested,670.1904,206.4938,670.1904,169.5426,118.1491,182.937,76.3593,9.6228,206.4938,,,,,,,,,crf_only,oui,ADV,,
pendant,PREP,A1,beacco,668.4868,661.8986,668.4868,815.4154,649.5103,706.4578,423.8881,365.5734,661.8986,666.8616,881.3503,673.2264,613.2726,423.342,316.3039,663.7842,A1,word_pos,pendant,PREP,pendant,PRP
vers,PREP,A1,beacco,662.579,718.2041,662.579,662.404,733.5453,966.6412,481.0572,617.2507,718.2041,639.3045,675.33,842.0395,972.6167,536.1825,418.7845,750.5001,A1,word_pos,vers,PREP,vers,PRP
répondre,VERB,A1,beacco,657.5293,740.9614,657.5293,1124.7276,798.9092,596.7417,348.9583,43.6102,740.9614,728.897,999.3143,832.639,659.2612,320.2055,86.9662,745.9566,A1,word_pos,répondre,V,répondre,VER
maintenant,ADV,A1,beacco,657.5054,501.0941,657.5054,736.6014,328.7275,551.6928,186.6696,242.1716,501.0941,703.2121,799.6333,463.7799,527.8027,162.7924,228.8816,561.0611,A1,word_pos,maintenant,ADV,maintenant,ADV
rien,ADV,A1,beacco,648.5302,780.5476,,,,,,,,648.5302,882.0358,674.8242,1398.0023,432.8818,171.4545,780.5476,A1,beacco_only,,,rien,ADV
ici,ADV,A1,beacco,647.5917,464.3033,647.5917,599.7025,425.9355,400.5097,180.9341,187.4754,464.3033,661.5684,796.1873,580.2765,561.253,280.6556,328.0847,602.1434,A1,word_pos,ici,ADV,ici,ADV
peut-être,ADV,A1,beacco,643.033,518.22,,,,,,,,643.033,546.9203,376.381,1010.0618,212.073,12.833,518.22,A1,beacco_only,,,peut-être,ADV
voiture,NOUN,A1,beacco,633.2992,461.551,633.2992,598.5361,482.7571,202.696,271.9047,25.9752,461.551,625.9943,607.1459,447.2228,295.6184,287.2691,25.6659,456.4525,A1,word_pos,voiture,N,voiture,NOM
accor,NOUN,A1,crf_first_attested,631.2547,196.4766,631.2547,163.189,90.0176,121.8305,118.6026,152.5583,196.4766,,,,,,,,,crf_only,accor,N,,
chambre,NOUN,A1,beacco,623.7626,483.8335,623.7626,723.5863,367.4506,556.334,115.6395,0.0,483.8335,756.7922,686.992,408.0173,541.1486,101.2835,0.0,507.5821,A1,word_pos,chambre,N,chambre,NOM
il y avoir,VERB,A1,crf_first_attested,620.4328,300.1322,620.4328,297.3251,236.5684,243.6138,221.8063,6.176,300.1322,,,,,,,,,crf_only,il y avoir,V,,
dernier,ADJ,A1,beacco,614.1761,627.3666,614.1761,560.936,648.748,598.6511,648.7205,764.1039,627.3666,534.3163,538.2732,582.9503,477.4424,591.1264,649.2985,554.1171,A1,word_pos,dernier,A,dernier,ADJ
personne,NOUN,A1,beacco,613.1961,686.8761,613.1961,623.87,675.6508,796.5045,734.5445,378.4275,686.8761,863.9974,978.5542,889.9353,1124.0325,786.557,434.8311,934.2075,A1,word_pos,personne,N,personne,NOM
tard,ADV,A1,beacco,604.8723,370.3414,604.8723,379.3668,393.9432,282.5487,116.2702,207.532,370.3414,648.6157,557.0665,457.63,495.7492,170.3483,306.2805,488.0087,A1,word_pos,tard,ADV,tard,ADV
travail,NOUN,A1,beacco,604.1499,724.3841,604.1499,578.1208,718.863,573.0861,880.7306,1446.1227,724.3841,609.26,590.6904,749.1167,615.5935,699.3361,1268.51,703.9089,A1,word_pos,travail,N,travail,NOM
mettre,VERB,A1,beacco,600.8192,1050.8199,600.8192,1263.9285,1165.8085,838.9059,1129.0455,875.4896,1050.8199,595.4749,1326.2624,1358.0065,1108.7943,1237.4381,930.4418,1179.717,A1,word_pos,mettre,V,mettre,VER
fête,NOUN,A1,beacco,592.1628,328.1885,592.1628,468.9227,290.305,123.445,119.9311,0.0,328.1885,576.8056,375.2247,282.8412,175.4685,66.4491,0.0,305.2002,A1,word_pos,fête,N,fête,NOM
deux,ADJ,A1,crf_first_attested,591.5947,697.1261,591.5947,856.3233,614.4498,827.6325,389.1793,683.9384,697.1261,,,,,,,,,crf_only,deux,A,,
vite,ADV,A1,beacco,582.6091,345.7149,582.6091,399.9127,317.3639,267.7708,221.47,43.6102,345.7149,565.3086,401.9265,329.1262,337.8787,205.0941,86.9662,355.0097,A1,word_pos,vite,ADV,vite,ADV
tu,ADV,A1,crf_first_attested,579.576,193.6908,579.576,312.9981,96.6189,36.9324,11.2294,0.0,193.6908,,,,,,,,,crf_only,tu,ADV,,
entrer,VERB,A1,beacco,578.3326,524.0881,578.3326,527.4506,488.9258,850.9101,203.6893,72.7833,524.0881,502.1113,580.8419,509.725,825.8862,170.044,145.006,535.3301,A1,word_pos,entrer,V,entrer,VER
entre,PREP,A1,beacco,572.7657,992.3347,572.7657,834.156,1077.1728,810.5366,1450.8782,1724.0024,992.3347,601.2213,995.3983,1023.0577,774.8342,1599.3289,2023.5687,1032.37,A1,word_pos,entre,PREP,entre,PRP
histoire,NOUN,A1,beacco,567.411,447.2181,567.411,435.6141,446.8467,369.8918,412.1573,115.473,447.2181,738.4964,628.9547,488.484,463.3645,361.1094,143.7667,526.7729,A1,word_pos,histoire,N,histoire,NOM
parce,CONJ,A1,beacco,566.8621,562.8499,,,,,,,,566.8621,643.3592,507.133,499.4798,562.4182,407.0385,562.8499,A1,beacco_only,,,parce,KON
h,NOUN,A1,crf_first_attested,565.2418,109.0242,565.2418,44.6457,50.7863,21.0331,34.7528,0.0,109.0242,,,,,,,,,crf_only,h,N,,
pays,NOUN,A1,beacco,561.7282,822.3622,561.7282,725.5828,712.5038,670.3971,1084.066,1720.5804,822.3622,639.4041,753.1489,697.4627,511.4994,988.7509,1355.1553,771.7224,A1,word_pos,pays,N,pays,NOM
la,PRON,A1,beacco,556.3736,697.1144,,,,,,,,556.3736,1048.3983,770.2385,474.179,351.8222,283.3744,697.1144,A1,beacco_only,,,la,PRO
puis,CONJ,A1,crf_first_attested,554.6855,656.7641,554.6855,795.9941,737.0238,564.9368,457.5019,223.0134,656.7641,,,,,,,,,crf_only,puis,CONJC,,
sortir,VERB,A1,beacco,551.7192,672.3204,551.7192,720.6231,668.1465,1092.0091,366.7298,156.0767,672.3204,573.6976,783.4566,653.4477,1136.5547,330.0456,174.5002,694.0968,A1,word_pos,sortir,V,sortir,VER
seul,ADJ,A1,beacco,548.4615,908.0018,548.4615,1125.835,1099.5519,784.3826,673.4021,750.3316,908.0018,627.548,1031.4196,910.5198,723.0071,557.8508,896.791,821.6381,A1,word_pos,seul,A,seul,ADJ
vraiment,ADV,A1,beacco,537.9408,302.8841,537.9408,420.2718,254.2993,153.0456,180.2495,47.8486,302.8841,567.3175,431.2593,273.6848,154.9659,205.1494,78.971,313.2732,A1,word_pos,vraiment,ADV,vraiment,ADV
préparer,VERB,A1,beacco,535.8598,222.6347,535.8598,211.7607,195.9172,93.1438,160.1891,39.0192,222.6347,500.5533,224.3898,249.3763,95.9284,129.165,56.7717,231.4962,A1,word_pos,préparer,V,préparer,VER
français,ADJ,A1,beacco,535.0849,547.0295,535.0849,368.0011,629.4738,208.123,503.842,1721.7485,547.0295,1072.8838,495.7521,698.64,318.062,658.9594,1886.2868,709.875,A1,word_pos,français,A,français,ADJ
sans,PREP,A1,beacco,532.2128,1162.99,532.2128,1155.9831,1468.367,1405.4389,1016.0465,806.003,1162.99,456.8113,1324.3205,1616.1774,1831.5618,1260.6823,1338.5515,1347.787,A1,word_pos,sans,PREP,sans,PRP
adorer,VERB,A1,beacco,530.194,136.6405,530.194,163.4157,66.3354,17.4464,9.3035,2.0587,136.6405,637.3647,149.3208,55.1359,27.2478,6.0005,4.0185,139.8898,A1,word_pos,adorer,V,adorer,VER
heure,NOUN,A1,beacco,529.4189,324.1363,529.4189,393.937,257.0969,306.4363,189.8929,57.7365,324.1363,2456.0033,1256.9327,999.0123,1575.8291,597.2663,285.9783,1270.7439,A1,word_pos,heure,N,heure,NOM
aider,VERB,A1,beacco,527.6161,307.2871,527.6161,353.443,238.9656,261.2783,175.8646,130.2559,307.2871,572.1163,369.2804,288.0627,283.5655,200.7962,135.3747,332.7336,A1,word_pos,aider,V,aider,VER
trois,DET,A1,crf_first_attested,526.2341,491.7378,526.2341,525.0053,488.1672,480.8965,393.9873,301.3469,491.7378,,,,,,,,,crf_only,trois,DET,,
parce que,CONJ,A1,crf_first_attested,526.0478,583.4665,526.0478,655.6505,542.3771,616.4803,491.1941,385.5006,583.4665,,,,,,,,,crf_only,parce que,CONJS,,
comprendre,VERB,A1,beacco,519.4456,550.3149,519.4456,607.4512,495.9649,783.5602,382.6575,276.6039,550.3149,531.4685,638.6088,625.948,851.4895,419.3532,503.8894,627.8528,A1,word_pos,comprendre,V,comprendre,VER
copain,NOUN,A1,beacco,519.1471,132.1925,519.1471,157.0012,47.602,14.5038,52.3355,0.0,132.1925,281.0214,120.8942,28.8615,8.4014,40.1357,0.0,84.7673,A1,word_pos,copain,N,copain,NOM
préférer,VERB,A1,beacco,519.1437,186.7721,519.1437,185.2537,95.9261,109.0192,84.554,166.5373,186.7721,534.6636,229.7464,111.4539,133.674,88.3167,145.006,201.25,A1,word_pos,préférer,V,préférer,VER
blanc,ADJ,A1,beacco,507.9829,278.8152,507.9829,432.5765,246.9771,121.5068,65.7904,4.1173,278.8152,668.3374,407.0583,291.7135,146.3091,127.9249,4.0185,311.8147,A1,word_pos,blanc,A,blanc,ADJ
restaurant,NOUN,A1,beacco,497.4165,141.2765,497.4165,85.2744,80.1169,122.9424,52.5248,0.0,141.2765,602.0668,92.3835,88.8051,125.3489,40.0479,0.0,148.6608,A1,word_pos,restaurant,N,restaurant,NOM
salle,NOUN,A1,beacco,494.4423,335.0708,494.4423,590.7262,222.4915,171.3584,125.5427,56.9312,335.0708,493.3535,593.7713,214.6558,194.6627,120.4072,86.9662,334.2111,A1,word_pos,salle,N,salle,NOM
tour,NOUN,A1,beacco,494.1332,243.0385,494.1332,185.4226,171.9109,323.5156,139.1993,12.9876,243.0385,429.4942,253.3794,236.8682,402.0651,181.032,12.833,288.197,A1,word_pos,tour,N,tour,NOM
tu,DET,A1,crf_first_attested,493.7582,164.5562,493.7582,243.0593,88.4509,20.8676,12.7628,0.0,164.5562,,,,,,,,,crf_only,tu,DET,,
musique,NOUN,A1,beacco,488.6275,238.9046,488.6275,185.1058,281.7797,113.2941,103.1024,9.6228,238.9046,487.8106,240.5298,295.4517,106.6866,114.8445,19.328,256.2126,A1,word_pos,musique,N,musique,NOM
écrire,VERB,A1,beacco,483.2156,448.4355,483.2156,283.4478,352.2049,535.4631,476.3217,704.4308,448.4355,494.9188,334.8676,432.5634,546.8009,383.6691,363.6706,445.6552,A1,word_pos,écrire,V,écrire,VER
photo,NOUN,A1,beacco,483.0275,163.6633,483.0275,99.6067,87.7685,166.233,120.513,0.0,163.6633,511.1007,129.0133,79.9898,169.9472,112.8614,0.0,167.4624,A1,word_pos,photo,N,photo,NOM
gens,NOUN,A1,beacco,481.1349,542.897,481.1349,649.6799,586.7844,514.5184,370.2079,114.1335,542.897,514.5968,630.9494,554.1076,597.3373,371.2665,170.3152,551.9006,A1,word_pos,gens,N,gens,NOM
beau,ADJ,A1,beacco,472.1643,199.8517,472.1643,274.9864,123.4621,142.9973,41.4596,56.9312,199.8517,1341.0359,980.7591,493.3806,591.1933,278.0214,192.6297,701.9926,A1,word_pos,beau,A,beau,ADJ
jouer,VERB,A1,beacco,468.3184,370.3902,468.3184,326.0225,354.318,337.8406,402.398,171.2003,370.3902,397.265,396.287,313.0336,344.5083,325.1379,154.9424,353.1935,A1,word_pos,jouer,V,jouer,VER
gentil,ADJ,A1,beacco,466.6073,104.984,466.6073,120.5362,37.4793,14.8429,6.4168,0.0,104.984,430.003,124.8497,38.9048,19.3845,6.8846,0.0,103.8003,A1,word_pos,gentil,A,gentil,ADJ
voyage,NOUN,A1,beacco,462.4209,259.5628,462.4209,363.199,221.8274,96.2875,130.7756,38.491,259.5628,355.4912,403.9868,190.125,113.5659,107.2298,38.656,238.04,A1,word_pos,voyage,N,voyage,NOM
région,NOUN,A1,beacco,460.8284,219.0343,460.8284,150.7338,279.8613,20.8262,178.2496,25.9752,219.0343,464.2892,146.4346,243.4017,36.3552,239.3357,25.6659,212.3073,A1,word_pos,région,N,région,NOM
raconter,VERB,A1,beacco,460.408,279.2611,460.408,316.0733,263.4863,233.5523,153.6272,19.2455,279.2611,402.194,331.4449,328.9911,265.4952,135.2963,38.656,304.364,A1,word_pos,raconter,V,raconter,VER
visiter,VERB,A1,beacco,457.0032,142.5861,457.0032,149.335,126.2721,47.1452,1.6042,0.0,142.5861,505.4389,153.2169,98.8804,31.2705,3.4423,0.0,132.3897,A1,word_pos,visiter,V,visiter,VER
lire,VERB,A1,beacco,455.2526,409.7067,455.2526,312.6925,350.6623,799.4678,260.2664,79.7941,409.7067,457.8558,370.0287,321.8942,748.759,252.4432,77.5234,405.7277,A1,word_pos,lire,V,lire,VER
après-midi,NOUN,A1,beacco,454.9101,168.9456,,,,,,,,454.9101,197.273,86.5888,128.6947,100.1198,0.0,168.9456,A1,beacco_only,,,après-midi,NOM
entendre,VERB,A1,beacco,451.8056,701.6861,451.8056,872.2843,719.5458,967.6446,352.4141,385.3263,701.6861,583.4018,841.623,803.4971,941.5543,333.5997,534.6803,743.4353,A1,word_pos,entendre,V,entendre,VER
cher,ADJ,A1,beacco,450.6836,273.0091,450.6836,233.8482,303.1983,170.7185,242.4754,39.0192,273.0091,123.8721,121.4446,112.1564,24.684,51.4303,0.0,95.0654,A1,word_pos,cher,A,cher,ADJ
en,PRON,A1,beacco,442.7153,1391.9314,442.7153,1384.6711,1676.4765,1704.8394,1521.7058,1258.2118,1391.9314,850.9738,1716.3897,2127.8014,1889.0842,1663.4821,1878.4688,1749.5856,A1,word_pos,en,PRO,en,PRO
porte,NOUN,A1,beacco,441.8016,577.5864,441.8016,607.5102,600.4575,1064.3337,140.0574,10.2933,577.5864,409.0922,611.5292,621.3631,1083.3682,135.6123,4.0185,595.8551,A1,word_pos,porte,N,porte,NOM
possible,ADJ,A1,beacco,440.2056,239.9934,440.2056,256.4394,168.2245,133.1213,227.8575,311.794,239.9934,383.9757,270.5884,186.9248,183.6359,295.7083,333.2213,258.2161,A1,word_pos,possible,A,possible,ADJ
magnifique,ADJ,A1,beacco,438.8562,127.076,438.8562,111.7777,130.3162,8.4175,0.0,0.0,127.076,459.2922,99.5375,117.55,14.4824,0.0,0.0,122.6359,A1,word_pos,magnifique,A,magnifique,ADJ
voilà,ADV,A1,beacco,434.2609,352.8409,,,,,,,,434.2609,479.6705,257.3578,422.6668,154.5671,171.4545,352.8409,A1,beacco_only,,,voilà,ADV
problème,NOUN,A1,beacco,434.234,340.3025,434.234,339.1602,198.2443,187.6802,545.6221,358.0168,340.3025,426.3875,325.5001,173.0423,152.0322,462.3625,363.5044,301.4174,A1,word_pos,problème,N,problème,NOM
nom,NOUN,A1,beacco,433.6528,470.2634,433.6528,383.0474,441.3775,708.5775,415.6824,157.2595,470.2634,358.7324,462.7507,550.3389,613.2838,380.2977,187.3741,482.213,A1,word_pos,nom,N,nom,NOM
acheter,VERB,A1,beacco,432.999,202.3963,432.999,273.1659,136.4678,78.7747,164.3803,39.0461,202.3963,458.3707,272.3286,177.2441,115.4534,211.486,4.0185,225.005,A1,word_pos,acheter,V,acheter,VER
heureux,ADJ,A1,beacco,431.5043,233.299,431.5043,374.985,210.4888,71.2455,45.6223,0.0,233.299,401.7524,401.1654,255.5808,99.0287,26.3397,0.0,248.0456,A1,word_pos,heureux,A,heureux,ADJ
mois,NOUN,A1,crf_first_attested,427.8723,526.6487,427.8723,639.7298,676.3561,295.6854,440.5716,174.4076,526.6487,,,,,,,,,crf_only,mois,N,,
cinéma,NOUN,A1,beacco,427.5142,177.8087,427.5142,173.0165,115.9036,141.7823,80.339,9.6228,177.8087,489.1008,175.9389,69.6436,123.6954,91.5429,19.328,158.7652,A1,word_pos,cinéma,N,cinéma,NOM
vrai,ADJ,A1,beacco,427.1292,346.3263,427.1292,436.4583,269.6679,367.2573,165.4438,252.9565,346.3263,538.0035,514.5419,343.906,484.0511,201.0912,290.1635,419.8399,A1,word_pos,vrai,A,VRAI,ADJ
bien sûr,ADV,A1,crf_first_attested,426.3315,226.8736,426.3315,141.841,225.3458,193.5111,168.808,185.0677,226.8736,,,,,,,,,crf_only,bien sûr,ADV,,
et puis,CONJ,A1,crf_first_attested,424.854,193.5203,424.854,303.5884,102.1886,134.171,72.5656,0.0,193.5203,,,,,,,,,crf_only,et puis,CONJC,,
jamais,ADV,A1,beacco,424.0952,599.4708,424.0952,607.329,666.4687,759.1687,553.9432,244.4446,599.4708,455.3955,647.5894,738.7387,778.9232,501.5791,323.1451,637.9541,A1,word_pos,jamais,ADV,jamais,ADV
question,NOUN,A1,beacco,416.5968,397.7727,416.5968,224.0198,270.0079,423.0837,700.095,945.7442,397.7727,504.089,272.4558,319.3346,512.0332,768.2213,791.4053,450.3313,A1,word_pos,question,N,question,NOM
téléphone,NOUN,A1,beacco,411.3698,181.1708,411.3698,109.6921,87.7544,173.3229,241.391,12.9876,181.1708,313.9597,108.7922,114.7916,238.5885,274.5576,12.833,193.9261,A1,word_pos,téléphone,N,téléphone,NOM
croire,VERB,A1,beacco,410.5376,573.4407,410.5376,665.2901,624.3235,798.7986,286.4797,175.9901,573.4407,400.2816,752.9324,679.7253,946.8253,289.9379,228.8816,641.5095,A1,word_pos,croire,V,croire,VER
table,NOUN,A1,beacco,408.7049,251.3993,408.7049,374.4097,155.738,309.0363,34.062,0.0,251.3993,313.0606,243.5479,193.0876,337.436,51.4303,0.0,231.1702,A1,word_pos,table,N,table,NOM
laisser,VERB,A1,beacco,407.3421,566.4744,407.3421,723.9496,485.6522,827.1463,355.9584,243.6257,566.4744,322.1099,676.9574,606.7888,775.6951,358.5019,302.5236,578.9165,A1,word_pos,laisser,V,laisser,VER
eux,PRON,A1,beacco,405.5984,481.2796,405.5984,385.4917,635.27,383.2927,579.0644,181.6559,481.2796,440.7667,473.4109,593.1074,483.0007,659.8695,286.1253,525.6268,A1,word_pos,eux,PRO,eux,PRO
hôtel,NOUN,A1,beacco,404.3313,174.9398,404.3313,148.3773,117.5319,292.3813,3.1012,0.0,174.9398,370.7721,207.03,111.924,277.1838,6.0005,0.0,181.1225,A1,word_pos,hôtel,N,hôtel,NOM
même,ADJ,A1,beacco,402.7835,684.9277,402.7835,720.7809,498.7187,1173.3357,675.839,1008.1879,684.9277,465.912,866.2343,827.9285,1272.5521,937.0492,1204.7183,900.835,A1,word_pos,même,A,même,ADJ
pourquoi,ADV,A1,beacco,400.2369,334.2982,400.2369,313.2704,245.5252,453.8831,295.4121,324.7939,334.2982,706.0692,611.6478,517.1286,640.5662,392.2193,111.7223,561.2054,A1,word_pos,pourquoi,ADV,pourquoi,ADV
eh,INT,A1,beacco,398.2289,231.0738,,,,,,,,398.2289,376.6957,129.326,278.5621,20.024,0.0,231.0738,A1,beacco_only,,,eh,INT
es,NOUN,A1,crf_first_attested,395.2985,163.9957,395.2985,316.6981,80.2372,31.3313,10.2669,0.0,163.9957,,,,,,,,,crf_only,es,N,,
oeil,NOUN,A1,beacco,394.3477,477.8294,394.3477,696.6093,466.3702,481.5692,254.3237,28.5334,477.8294,376.8318,717.9535,572.0339,699.7446,193.04,56.7717,543.7481,A1,word_pos,oeil,N,oeil,NOM
h,ADV,A1,crf_first_attested,392.8779,63.0872,392.8779,30.0439,17.045,0.0,0.0,0.0,63.0872,,,,,,,,,crf_only,h,ADV,,
collège,NOUN,A1,beacco,391.0263,132.1348,391.0263,165.5288,48.5444,27.779,106.714,0.0,132.1348,410.4257,105.2991,37.3807,8.2319,12.0009,0.0,95.9559,A1,word_pos,collège,N,collège,NOM
marcher,VERB,A1,beacco,388.8211,251.7268,388.8211,278.2704,248.1891,155.7866,93.4128,136.7505,251.7268,357.5523,272.8377,241.777,208.4094,58.4378,12.833,245.1108,A1,word_pos,marcher,V,marcher,VER
cuisine,NOUN,A1,beacco,383.587,139.3998,383.587,147.3505,112.7378,74.831,15.6669,0.0,139.3998,463.3158,148.0349,125.0903,71.8665,31.3528,0.0,156.7252,A1,word_pos,cuisine,N,cuisine,NOM
toutes,ADJ,A1,crf_first_attested,383.3439,522.7776,383.3439,437.4262,522.7248,724.4471,606.2945,308.3862,522.7776,,,,,,,,,crf_only,toutes,A,,
rencontrer,VERB,A1,beacco,379.0156,313.0035,379.0156,451.7781,285.5185,276.5064,108.4254,112.7361,313.0035,422.774,392.84,254.2838,297.7518,104.2058,56.7717,292.9908,A1,word_pos,rencontrer,V,rencontrer,VER
seulement,ADV,A1,beacco,374.6942,347.2878,374.6942,356.2213,245.6542,347.5214,412.0012,461.642,347.2878,440.9701,408.718,323.0828,470.1346,500.2763,548.2831,426.6582,A1,word_pos,seulement,ADV,seulement,ADV
eau,NOUN,A1,beacco,374.0729,339.2701,374.0729,325.5185,481.2526,99.8603,221.6917,326.0806,339.2701,537.9263,301.5468,547.9919,122.736,307.5979,451.9636,387.0985,A1,word_pos,eau,N,eau,NOM
triste,ADJ,A1,beacco,372.2296,177.24,372.2296,264.7341,150.1329,66.2665,9.8488,0.0,177.24,351.9392,292.965,160.1258,105.1793,20.024,0.0,194.4736,A1,word_pos,triste,A,triste,ADJ
près de,PREP,A1,crf_first_attested,367.0768,318.9965,367.0768,394.7304,276.6815,202.156,245.887,219.1475,318.9965,,,,,,,,,crf_only,près de,PREP,,
occuper,VERB,A1,beacco,366.2339,251.048,366.2339,221.2994,260.0302,248.5541,117.2798,214.5793,251.048,397.8302,296.7315,289.6685,250.965,133.8641,227.0869,277.1574,A1,word_pos,occuper,V,occuper,VER
chaud,ADJ,A1,beacco,366.0869,109.3718,366.0869,79.3832,70.5273,14.3184,32.8328,96.3631,109.3718,327.7957,67.7085,95.467,30.5915,40.6321,78.971,112.9326,A1,word_pos,chaud,A,chaud,ADJ
déjà,ADV,A1,beacco,365.4961,513.2445,365.4961,529.5733,505.1428,594.6275,579.9517,276.9808,513.2445,354.1224,535.349,542.8687,461.4478,780.1626,220.886,520.6778,A1,word_pos,déjà,ADV,déjà,ADV
peut - être,ADV,A1,crf_first_attested,363.0331,369.5592,363.0331,433.3181,296.8556,713.8355,157.4313,6.4938,369.5592,,,,,,,,,crf_only,peut - être,ADV,,
nuit,NOUN,A1,beacco,359.9227,449.9565,359.9227,612.9098,394.6263,685.8008,163.7346,44.2742,449.9565,415.419,679.2155,565.743,796.224,142.5474,134.1811,538.5295,A1,word_pos,nuit,N,nuit,NOM
personne,PRON,A1,crf_first_attested,359.7484,308.8943,359.7484,427.4361,223.52,453.5106,140.7616,0.0,308.8943,,,,,,,,,crf_only,personne,PRO,,
fils,NOUN,A1,crf_first_attested,357.2294,216.8843,357.2294,305.7509,182.3409,173.4561,33.8984,9.6228,216.8843,,,,,,,,,crf_only,fils,N,,
découvrir,VERB,A1,beacco,352.7938,255.5508,352.7938,287.286,225.9668,169.7173,191.6178,180.6399,255.5508,313.6834,337.2854,310.9851,225.0583,158.0195,230.2578,288.8421,A1,word_pos,découvrir,V,découvrir,VER
arrêter,VERB,A1,beacco,352.0201,402.9954,352.0201,502.5132,409.694,419.5783,165.3228,96.9035,402.9954,354.7876,560.5172,419.1214,467.909,199.0888,56.7717,436.4283,A1,word_pos,arrêter,V,arrêter,VER
monter,VERB,A1,beacco,350.2962,273.4018,350.2962,354.091,248.8144,245.5286,123.3784,4.1173,273.4018,316.1752,385.8814,282.5252,248.818,106.0365,0.0,274.4476,A1,word_pos,monter,V,monter,VER
dormir,VERB,A1,beacco,349.5786,193.7088,349.5786,203.3892,76.0618,190.1913,167.8991,68.1256,193.7088,297.5826,280.9941,99.577,260.2987,143.9872,25.6659,217.5919,A1,word_pos,dormir,V,dormir,VER
d'abord,ADV,A1,beacco,348.3805,318.4814,,,,,,,,348.3805,303.008,260.6,323.5577,406.6752,252.6228,318.4814,A1,beacco_only,,,d'abord,ADV
difficile,ADJ,A1,beacco,342.0016,211.1261,342.0016,120.2747,206.1739,104.0772,309.6414,170.7936,211.1261,331.754,158.6894,212.079,143.0693,343.4273,145.006,228.3352,A1,word_pos,difficile,A,difficile,ADJ
ensuite,ADV,A1,beacco,338.8515,282.882,338.8515,320.3245,222.496,271.5603,288.5066,56.5655,282.882,309.8639,331.1301,251.383,253.3258,284.303,44.6051,280.4293,A1,word_pos,ensuite,ADV,ensuite,ADV
donc,ADV,A1,beacco,338.6244,739.9011,338.6244,637.9318,743.4332,775.8901,1137.5675,957.5562,739.9011,318.9716,694.6825,790.6018,821.3836,1171.0032,1219.799,785.8032,A1,word_pos,donc,ADV,donc,ADV
livre,NOUN,A1,beacco,337.433,284.8447,337.433,330.3721,177.8466,222.5276,348.9093,319.7495,284.8447,301.5694,323.1625,188.793,226.8649,294.3485,306.2805,273.1286,A1,word_pos,livre,N,livre,NOM
jardin,NOUN,A1,beacco,336.8658,168.7583,336.8658,170.1731,151.0075,65.2342,154.6536,0.0,168.7583,333.1464,210.6639,152.0197,70.062,112.401,0.0,170.4104,A1,word_pos,jardin,N,jardin,NOM
joli,ADJ,A1,beacco,335.2315,119.619,335.2315,159.1226,73.0488,4.0241,52.2481,12.9876,119.619,356.1982,194.8083,110.5931,8.9666,50.0526,12.833,140.7456,A1,word_pos,joli,A,joli,ADJ
montrer,VERB,A1,beacco,334.5578,380.2709,334.5578,300.8455,397.4402,521.1463,397.3034,153.4441,380.2709,356.7606,360.6687,362.4504,497.3077,478.0844,134.1811,394.5527,A1,word_pos,montrer,V,montrer,VER
où,ADV,A1,beacco,329.6458,95.826,329.6458,68.1195,77.7469,39.6154,6.2023,9.6228,95.826,300.0987,91.985,106.3945,58.2404,12.0009,19.328,109.4815,A1,word_pos,où,ADV,où,ADV
important,ADJ,A1,beacco,328.7262,342.5309,328.7262,325.3353,307.7565,282.2906,372.3139,458.8707,342.5309,249.4978,413.4014,261.6455,205.8988,345.4378,346.4916,306.7872,A1,word_pos,important,A,important,ADJ
fin,NOUN,A1,beacco,327.5123,272.0328,327.5123,255.9249,262.6955,220.7719,251.1071,208.0486,272.0328,388.2303,332.9077,284.8144,293.2514,329.7661,208.1843,320.1231,A1,word_pos,fin,N,fin,NOM
appartement,NOUN,A1,beacco,325.9505,120.7436,325.9505,127.1923,87.0888,71.0915,12.4046,0.0,120.7436,300.8519,130.1854,97.3084,111.0034,12.0009,0.0,126.8556,A1,word_pos,appartement,N,appartement,NOM
oublier,VERB,A1,beacco,325.8068,304.8371,325.8068,391.1866,344.2419,238.0776,188.7735,19.2455,304.8371,283.5408,351.3458,348.2604,256.2482,242.168,38.656,308.3872,A1,word_pos,oublier,V,oublier,VER
avant,PREP,A1,beacco,325.4546,249.8844,325.4546,267.9046,250.5159,155.7052,263.077,101.5791,249.8844,448.7677,605.9729,696.1651,571.9103,854.5437,454.1738,632.9018,A1,word_pos,avant,PREP,avant,PRP
train,NOUN,A1,beacco,324.5044,109.1912,324.5044,38.3587,156.7829,26.6597,55.1534,9.6228,109.1912,379.1861,204.0559,268.4933,122.5911,108.1167,95.2552,219.582,A1,word_pos,train,N,train,NOM
autres,PRON,A1,crf_first_attested,322.9531,461.6643,322.9531,331.4279,591.4591,489.8034,436.2146,393.2531,461.6643,,,,,,,,,crf_only,autres,PRO,,
pont,NOUN,A1,beacco,322.2713,74.3147,322.2713,33.1406,25.7277,90.7704,3.1012,0.0,74.3147,229.6104,35.6946,52.475,72.9052,6.0005,0.0,72.9362,A1,word_pos,pont,N,pont,NOM
montagne,NOUN,A1,beacco,318.8325,169.4195,318.8325,132.9803,163.3063,55.188,36.8529,0.0,169.4195,313.1285,144.4909,208.314,60.2575,36.3157,0.0,180.4934,A1,word_pos,montagne,N,montagne,NOM
devenir,VERB,A1,beacco,317.4167,849.2863,317.4167,1018.9818,1120.3771,659.2011,897.394,440.2429,849.2863,324.0401,950.1412,1078.2204,666.7201,862.8571,593.8769,822.3402,A1,word_pos,devenir,V,devenir,VER
soeur,NOUN,A1,beacco,316.0632,176.2601,316.0632,382.5821,77.4828,50.2744,32.7469,43.6102,176.2601,325.9399,360.6336,100.5381,44.5431,26.3397,12.833,172.6984,A1,word_pos,soeur,N,soeur,NOM
tout,ADJ,A1,crf_first_attested,312.8691,281.4036,312.8691,266.8038,287.3148,285.0722,213.2052,187.4754,281.4036,,,,,,,,,crf_only,tout,A,,
pour,CONJ,A1,beacco,311.7883,625.8446,,,,,,,,311.7883,536.9751,763.8832,549.4186,822.8905,846.1485,625.8446,A1,beacco_only,,,pour,KON
écouter,VERB,A1,beacco,310.4591,207.2563,310.4591,271.9181,178.0623,166.651,124.676,0.0,207.2563,359.5751,349.8037,235.915,242.9361,92.2241,0.0,255.2969,A1,word_pos,écouter,V,écouter,VER
dimanche,NOUN,A1,beacco,307.7084,136.0662,307.7084,112.7618,164.7645,37.7254,62.565,0.0,136.0662,222.7219,130.9071,125.1456,36.7918,51.9203,0.0,117.2921,A1,word_pos,dimanche,N,dimanche,NOM
minute,NOUN,A1,beacco,306.1942,242.7852,306.1942,294.9374,177.9944,139.2044,183.4454,212.0013,242.7852,266.7859,282.2372,208.1059,230.6297,195.5687,127.4317,245.9091,A1,word_pos,minute,N,minute,NOM
professeur,NOUN,A1,beacco,304.8636,170.6389,304.8636,80.4584,81.9642,217.8565,161.5338,350.3381,170.6389,293.5939,73.162,67.797,236.0291,180.1846,524.9933,166.9316,A1,word_pos,professeur,N,professeur,NOM
long,ADJ,A1,beacco,303.3651,352.4572,303.3651,365.8743,369.2214,460.5422,177.7354,90.1717,352.4572,183.4503,143.6363,211.7872,201.2488,49.2784,19.328,182.6298,A1,word_pos,long,A,long,ADJ
mer,NOUN,A1,beacco,303.3204,126.1673,303.3204,67.7651,101.4957,113.7194,113.1521,2.0587,126.1673,282.2265,107.0345,110.0218,113.4894,125.8231,4.0185,143.1696,A1,word_pos,mer,N,mer,NOM
mari,NOUN,A1,beacco,303.0618,209.5838,303.0618,189.9129,223.3165,150.0318,82.6614,64.3237,209.5838,278.2646,206.5115,226.1906,195.9467,110.3589,95.2552,224.6242,A1,word_pos,mari,N,mari,NOM
garçon,NOUN,A1,beacco,302.5073,244.9356,302.5073,293.9166,216.0044,242.5752,117.017,28.8683,244.9356,402.6564,312.7262,199.1313,303.4334,107.8881,38.656,264.2524,A1,word_pos,garçon,N,garçon,NOM
ouvrer,VERB,A1,crf_first_attested,302.2718,202.455,302.2718,220.0824,191.1368,145.2117,98.8577,69.3619,202.455,,,,,,,,,crf_only,ouvrer,V,,
chien,NOUN,A1,beacco,302.1127,128.4136,302.1127,155.8777,99.0238,12.7949,8.021,84.4193,128.4136,311.1969,168.2837,127.6495,30.3518,10.3269,0.0,130.4113,A1,word_pos,chien,N,chien,NOM
même,ADV,A1,beacco,300.8639,582.97,300.8639,495.5589,625.3054,663.5351,862.569,385.6609,582.97,341.2427,633.5155,825.7638,1107.5763,1283.0329,925.0552,823.4877,A1,word_pos,même,ADV,même,ADV
contre,PREP,A1,beacco,300.1064,615.1946,300.1064,347.5935,785.5214,507.6545,999.571,1009.9396,615.1946,287.4152,410.6722,762.3873,434.6623,1001.5677,964.1605,601.6105,A1,word_pos,contre,PREP,contre,PRP
presque,ADV,A1,beacco,295.657,251.0604,295.657,252.3879,254.8621,248.0935,225.0218,67.3593,251.0604,216.0695,219.1908,264.2292,305.1109,195.5687,77.312,239.904,A1,word_pos,presque,ADV,presque,ADV
perdre,VERB,A1,beacco,291.5156,325.9791,291.5156,367.4457,335.7881,371.6612,266.8916,69.3619,325.9791,176.776,373.7592,373.1912,432.8094,225.1442,86.9662,326.7009,A1,word_pos,perdre,V,perdre,VER
après - midi,NOUN,A1,crf_first_attested,290.5833,126.7693,290.5833,147.5486,81.5182,94.6553,71.5728,0.0,126.7693,,,,,,,,,crf_only,après - midi,N,,
ouvrir,VERB,A1,beacco,289.3038,317.4151,289.3038,369.2256,237.8817,562.832,166.3523,193.1112,317.4151,288.4118,420.9927,248.9587,593.3554,186.7954,113.6757,330.6364,A1,word_pos,ouvrir,V,ouvrir,VER
jusque à,PREP,A1,crf_first_attested,288.4905,264.9684,288.4905,229.1586,244.1713,250.2113,282.6936,185.4324,264.9684,,,,,,,,,crf_only,jusque à,PREP,,
assez,ADV,A1,beacco,286.5647,250.4667,286.5647,228.0105,196.0029,395.7288,201.3434,92.7691,250.4667,325.7485,289.3872,189.0942,418.9268,255.4356,162.4685,286.6538,A1,word_pos,assez,ADV,assez,ADV
enfin,ADV,A1,beacco,285.9439,401.6723,285.9439,445.8416,401.4505,462.8909,316.0835,276.9808,401.6723,264.5499,469.9146,378.2938,488.6359,341.9356,257.2108,401.1901,A1,word_pos,enfin,ADV,enfin,ADV
idée,NOUN,A1,beacco,284.3903,415.4674,284.3903,388.5914,336.372,726.2514,447.7394,265.6034,415.4674,339.2807,357.1095,394.6309,664.8654,439.5382,270.6723,428.5505,A1,word_pos,idée,N,idée,NOM
magasin,NOUN,A1,beacco,284.122,120.4967,284.122,136.0766,87.198,41.3599,42.8753,87.8525,120.4967,211.131,121.0199,75.7496,61.4797,51.4303,43.8345,107.4246,A1,word_pos,magasin,N,magasin,NOM
sympa,ADJ,A1,beacco,282.5178,50.8026,282.5178,40.288,5.7605,4.2374,0.0,0.0,50.8026,398.5725,63.0385,6.7488,3.8116,0.0,0.0,67.3525,A1,word_pos,sympa,A,sympa,ADJ
bientôt,ADV,A1,beacco,282.0167,186.7184,282.0167,292.7905,171.9944,68.979,35.2448,19.4814,186.7184,280.0287,261.4213,187.6476,90.6908,13.7692,12.833,177.636,A1,word_pos,bientôt,ADV,bientôt,ADV
euro,NOUN,A1,beacco,280.0117,167.4249,280.0117,116.9329,93.2922,62.3153,284.6233,72.0284,167.4249,553.1324,118.5296,191.0091,197.8373,366.6623,192.6297,274.8625,A1,word_pos,euro,N,euro,NOM
vivre,VERB,A1,beacco,278.799,462.5602,278.799,464.8287,608.585,323.6847,440.8263,332.7831,462.5602,364.3825,721.5098,812.0531,742.6087,559.2389,295.3115,667.583,A1,word_pos,vivre,V,vivre,VER
boîte,NOUN,A1,beacco,278.1848,85.4359,278.1848,48.5899,42.2004,97.0747,44.3541,0.0,85.4359,246.7311,41.7626,62.3255,80.124,72.381,0.0,83.9411,A1,word_pos,boîte,N,boîte,NOM
cinq,DET,A1,crf_first_attested,277.0227,234.1045,277.0227,186.4509,229.1375,243.1534,177.8714,214.3524,234.1045,,,,,,,,,crf_only,cinq,DET,,
film,NOUN,A1,beacco,276.9344,301.3716,276.9344,359.1769,285.7755,152.9972,288.5066,73.4243,301.3716,185.913,394.5407,202.2781,134.3917,248.6287,94.5998,264.1041,A1,word_pos,film,N,film,NOM
jeune,NOUN,A1,beacco,275.959,321.6539,275.959,252.3761,329.8955,173.7913,486.1521,115.473,321.6539,237.3068,139.9754,269.3679,88.4044,333.0374,193.2799,236.9119,A1,word_pos,jeune,N,jeune,NOM
d' abord,ADV,A1,crf_first_attested,274.9193,246.5085,274.9193,229.9277,197.8598,275.5235,230.5937,241.092,246.5085,,,,,,,,,crf_only,d' abord,ADV,,
content,ADJ,A1,beacco,273.861,133.5312,273.861,168.4858,91.8777,86.64,15.6669,0.0,133.5312,406.3311,192.1011,81.1894,76.6505,31.3528,0.0,151.9056,A1,word_pos,content,A,content,ADJ
café,NOUN,A1,beacco,270.311,223.713,270.311,87.6785,232.4451,473.3545,76.1452,0.0,223.713,328.1252,86.6703,219.7153,571.6075,101.408,0.0,249.7956,A1,word_pos,café,N,café,NOM
jeudi,NOUN,A1,beacco,269.9565,68.4715,269.9565,16.1703,64.5502,3.4528,10.2524,62.0917,68.4715,281.9032,27.4452,35.1178,10.4511,8.2781,44.6051,65.1715,A1,word_pos,jeudi,N,jeudi,NOM
noir,ADJ,A1,beacco,269.0615,219.3054,269.0615,208.4552,187.8373,140.6098,243.1782,115.473,219.3054,279.7747,174.5089,209.8491,161.8069,297.9564,19.328,220.5271,A1,word_pos,noir,A,noir,ADJ
vener,VERB,A1,crf_first_attested,268.3057,175.5714,268.3057,134.6693,133.062,336.9901,64.2736,0.0,175.5714,,,,,,,,,crf_only,vener,V,,
sous,PREP,A1,beacco,267.9068,381.495,267.9068,396.7025,383.3377,408.6556,387.1266,337.0382,381.495,358.4652,427.4733,636.2057,391.7489,619.2583,393.9751,498.8978,A1,word_pos,sous,PREP,sous,PRP
quatre,DET,A1,crf_first_attested,266.9679,195.2195,266.9679,162.3869,169.6359,194.8497,192.2088,129.478,195.2195,,,,,,,,,crf_only,quatre,DET,,
célèbre,ADJ,A1,beacco,265.2485,164.5262,265.2485,96.8509,175.1981,132.54,16.042,159.9116,164.5262,271.091,124.1205,134.1005,141.2961,24.0961,246.5145,164.6145,A1,word_pos,célèbre,A,célèbre,ADJ
depuis,PREP,A1,beacco,264.6707,767.2695,264.6707,645.949,915.9901,898.2433,921.4725,1130.0057,767.2695,361.5175,736.0858,996.9179,979.156,1134.169,1055.8675,854.7009,A1,word_pos,depuis,PREP,depuis,PRP
été,NOUN,A1,beacco,264.1279,108.186,264.1279,77.4558,97.4756,68.4297,65.157,6.4938,108.186,333.7037,133.1244,93.6738,50.3734,78.6751,56.7717,123.4244,A1,word_pos,été,N,été,NOM
main,NOUN,A1,beacco,263.9021,513.6195,263.9021,665.6106,438.9674,661.0208,407.1683,56.9312,513.6195,299.4058,777.7853,544.4791,880.8631,391.12,170.3152,595.9086,A1,word_pos,main,N,main,NOM
chaque,DET,A1,beacco,261.7249,443.8986,261.7249,298.035,552.9761,371.2616,684.7764,291.831,443.8986,284.7262,330.2227,591.0783,352.8537,653.0277,270.7495,456.6083,A1,unique_word,chaque,DET,chaque,PRO
tout,DET,A1,crf_first_attested,261.6091,369.12,261.6091,249.246,375.3871,475.0019,505.789,499.1721,369.12,,,,,,,,,crf_only,tout,DET,,
lever,VERB,A1,beacco,260.7514,271.1979,260.7514,411.9406,218.7206,237.7994,106.2268,9.6228,271.1979,233.4683,373.8477,234.4727,307.1895,120.3766,19.328,278.5225,A1,word_pos,lever,V,lever,VER
déjeuner,NOUN,A1,beacco,260.3513,59.7756,260.3513,53.6708,16.535,12.133,1.6042,0.0,59.7756,236.9829,60.2165,38.3717,29.3733,10.3269,0.0,72.4677,A1,word_pos,déjeuner,N,déjeuner,NOM
apporter,VERB,A1,beacco,260.3325,232.849,260.3325,213.1004,199.4252,204.2762,303.9952,157.8469,232.849,208.7705,275.6587,189.8025,186.599,289.7528,138.6137,219.6325,A1,word_pos,apporter,V,apporter,VER
bus,NOUN,A1,beacco,259.8358,57.0409,259.8358,17.7409,19.8165,0.0,117.1816,0.0,57.0409,132.3101,21.4581,17.6356,0.0,117.4024,0.0,44.054,A1,word_pos,bus,N,bus,NOM
revoir,VERB,A1,beacco,259.7156,137.0589,259.7156,236.3084,68.196,101.2576,8.021,0.0,137.0589,266.8969,269.2388,48.8413,139.4604,10.3269,0.0,145.6908,A1,word_pos,revoir,V,revoir,VER
tourner,VERB,A1,beacco,258.3182,222.3834,258.3182,297.6351,146.5302,171.043,230.5172,28.8683,222.3834,262.606,331.2832,189.8503,242.1342,234.6331,38.656,249.2875,A1,word_pos,tourner,V,tourner,VER
retour,NOUN,A1,beacco,257.8478,175.6751,257.8478,54.0648,172.3483,139.1396,351.3538,48.0277,175.6751,252.1068,47.9494,164.5938,98.7687,325.8158,56.7717,157.2614,A1,word_pos,retour,N,retour,NOM
naître,VERB,A1,beacco,257.5706,250.4021,257.5706,206.46,217.0118,269.3876,260.3222,343.7653,250.4021,269.7807,219.6693,248.9308,271.5453,207.3614,470.9661,267.5106,A1,word_pos,naître,V,naître,VER
amour,NOUN,A1,beacco,256.8488,200.1638,256.8488,306.0332,154.8507,99.6783,134.3197,87.8525,200.1638,296.5228,409.0761,178.0218,106.2243,87.1382,78.971,235.099,A1,word_pos,amour,N,amour,NOM
lit,NOUN,A1,beacco,255.1325,173.3912,255.1325,308.1726,67.791,145.941,93.8395,9.6228,173.3912,348.4268,350.5563,75.7195,156.2793,103.8406,19.328,203.3539,A1,word_pos,lit,N,lit,NOM
classe,NOUN,A1,beacco,254.8266,102.68,254.8266,50.8067,90.98,31.1004,39.3132,19.4814,102.68,279.7528,100.4866,114.0185,86.9878,133.5996,113.5434,142.9754,A1,word_pos,classe,N,classe,NOM
intéresser,VERB,A1,beacco,253.7706,184.9966,253.7706,161.2551,198.2528,151.6356,174.1029,19.2455,184.9966,313.7416,174.8514,197.2664,237.5085,172.2793,38.656,209.2372,A1,word_pos,intéresser,V,intéresser,VER
proposer,VERB,A1,beacco,253.1414,304.0547,253.1414,247.9482,329.5021,135.2469,427.4109,308.0525,304.0547,247.2923,243.623,307.4138,128.8838,396.6516,354.4884,279.4318,A1,word_pos,proposer,V,proposer,VER
vincent,NOUN,A1,crf_first_attested,252.6739,26.5394,252.6739,2.9679,0.0,0.0,0.0,0.0,26.5394,,,,,,,,,crf_only,vincent,N,,
quartier,NOUN,A1,beacco,251.8402,258.565,251.8402,163.2403,153.2375,606.7343,186.4214,126.3794,258.565,184.736,119.0503,167.7912,583.2025,195.7353,170.3152,234.8861,A1,word_pos,quartier,N,quartier,NOM
porter,VERB,A1,beacco,251.3018,398.2567,251.3018,248.4707,569.9017,460.8236,338.1841,340.8597,398.2567,233.5371,362.9137,591.7083,445.9187,350.4134,269.5866,429.7673,A1,word_pos,porter,V,porter,VER
attention,NOUN,A1,beacco,251.221,191.8453,251.221,230.032,163.942,157.5365,95.8239,136.0308,191.8453,261.4459,214.7581,199.1585,130.8104,112.8614,193.7228,196.5202,A1,word_pos,attention,N,attention,NOM
jeu,NOUN,A1,beacco,250.9909,306.4979,250.9909,223.894,251.3994,219.1453,678.5742,228.3837,306.4979,263.2318,181.7508,286.2653,187.4315,496.3766,332.6082,278.3908,A1,word_pos,jeu,N,jeu,NOM
carte,NOUN,A1,beacco,249.6678,216.236,249.6678,125.6146,168.4398,205.3293,406.2583,9.6228,216.236,250.3086,118.9995,195.5523,201.1456,262.4297,19.328,201.2698,A1,word_pos,carte,N,carte,NOM
peur,NOUN,A1,beacco,247.0011,321.7793,247.0011,581.6627,277.2158,283.8931,154.9632,0.0,321.7793,274.2079,592.2939,337.6861,368.4387,151.4214,0.0,367.2602,A1,word_pos,peur,N,peur,NOM
vin,NOUN,A1,beacco,246.7201,118.6805,246.7201,66.9381,89.7763,83.7598,93.3328,24.704,118.6805,366.0182,86.7594,82.9562,112.9508,94.6959,16.0739,139.2362,A1,word_pos,vin,N,vin,NOM
moins,ADV,A1,beacco,246.4138,450.7633,246.4138,461.6507,501.3244,320.7161,489.5838,771.9582,450.7633,344.7353,740.2819,866.5217,918.4968,1030.53,1751.3844,841.7537,A1,word_pos,moins,ADV,moins,ADV
copine,NOUN,A1,beacco,246.275,31.5226,,,,,,,,246.275,16.0981,3.7375,2.2839,0.0,0.0,31.5226,A1,beacco_only,,,copine,NOM
vendredi,NOUN,A1,beacco,245.9074,62.05,245.9074,18.4619,6.7581,28.0116,15.5058,286.8846,62.05,212.9003,23.7744,10.5951,32.8117,12.0009,240.7752,60.3653,A1,word_pos,vendredi,N,vendredi,NOM
prochain,ADJ,A1,beacco,245.6498,110.8915,245.6498,135.4382,63.7452,23.2106,120.1086,57.7365,110.8915,271.6327,137.3158,62.3339,27.2745,101.622,19.328,106.7978,A1,word_pos,prochain,A,prochain,ADJ
surtout,ADV,A1,beacco,245.2383,361.5731,245.2383,206.6075,464.8005,335.8074,501.9031,439.8431,361.5731,282.8977,211.221,432.478,312.5443,498.1585,490.9264,352.3972,A1,word_pos,surtout,ADV,surtout,ADV
sac,NOUN,A1,beacco,244.3,120.205,244.3,120.0392,69.5639,128.981,40.9176,0.0,120.205,215.96,129.669,68.2863,111.5323,57.381,0.0,122.0869,A1,word_pos,sac,N,sac,NOM
île,NOUN,A1,beacco,243.2417,86.2358,243.2417,43.1054,66.8869,48.2207,88.9357,43.6102,86.2358,227.9225,56.3343,71.2287,63.8015,65.9532,86.9662,91.9373,A1,word_pos,île,N,île,NOM
décider,VERB,A1,beacco,240.0264,298.6692,240.0264,366.0966,351.0865,132.461,260.2452,204.4937,298.6692,226.2629,424.3253,404.3975,118.2958,240.7531,192.6297,312.6649,A1,word_pos,décider,V,décider,VER
gauche,NOUN,A1,beacco,239.7971,86.2156,239.7971,41.2959,19.8648,105.2839,125.8239,28.8683,86.2156,37.4817,3.2038,3.5822,2.5411,41.2358,0.0,14.0401,A1,word_pos,gauche,N,gauche,NOM
revenir,VERB,A1,beacco,239.6978,434.8261,239.6978,566.217,425.2316,486.5904,354.8348,104.0243,434.8261,248.617,568.7076,513.157,539.4701,297.9079,86.9662,466.6148,A1,word_pos,revenir,V,revenir,VER
maman,NOUN,A1,beacco,239.6856,86.1018,239.6856,70.4029,75.3581,7.0465,20.7298,0.0,86.1018,297.2395,86.0116,99.7922,13.5743,20.024,0.0,100.4539,A1,word_pos,maman,N,maman,NOM
merci,NOUN,A1,beacco,239.4299,39.2672,239.4299,20.0156,4.5702,9.0467,0.0,0.0,39.2672,1086.6485,267.2492,53.8468,83.0304,6.0005,19.328,216.0592,A1,word_pos,merci,N,merci,NOM
loin,ADV,A1,beacco,239.4059,201.0241,239.4059,236.4659,201.9554,107.8385,202.0854,9.6228,201.0241,417.6399,371.0079,438.5412,202.2972,230.6604,202.2974,350.9547,A1,word_pos,loin,ADV,loin,ADV
tranquille,ADJ,A1,beacco,239.3269,122.6336,239.3269,124.7094,81.5977,78.9249,43.212,81.2491,122.6336,178.7005,159.6587,86.417,110.7481,31.5653,56.7717,121.0596,A1,word_pos,tranquille,A,tranquille,ADJ
midi,NOUN,A1,beacco,236.6358,67.8518,236.6358,46.364,34.0847,51.435,29.1381,0.0,67.8518,273.9515,59.5021,50.5959,67.9083,27.403,0.0,83.4151,A1,word_pos,midi,N,midi,NOM
samedi,NOUN,A1,beacco,235.443,62.1183,235.443,48.1129,30.5906,19.6484,12.8336,9.6228,62.1183,256.3593,59.148,50.463,22.6209,20.6538,19.328,77.7188,A1,word_pos,samedi,N,samedi,NOM
pièce,NOUN,A1,beacco,234.0035,307.4708,234.0035,398.0,241.4696,478.4978,162.5994,0.0,307.4708,264.3783,368.4946,264.5919,390.463,139.2481,0.0,295.2391,A1,word_pos,pièce,N,pièce,NOM
plein,ADJ,A1,beacco,233.7172,234.1097,233.7172,330.7432,213.0826,223.0605,130.354,28.8683,234.1097,257.6108,378.9728,302.4323,305.5167,196.3537,86.9662,304.3139,A1,word_pos,plein,A,plein,ADJ
tout le monde,PRON,A1,crf_first_attested,233.2316,172.103,233.2316,158.937,202.4426,142.5018,103.7577,22.1371,172.103,,,,,,,,,crf_only,tout le monde,PRO,,
droite,NOUN,A1,crf_first_attested,231.8775,82.5561,231.8775,47.1927,33.6894,84.7538,115.5681,6.4938,82.5561,,,,,,,,,crf_only,droite,N,,
changer,VERB,A1,beacco,231.066,335.0078,231.066,322.2377,342.6517,322.3559,297.8342,506.1803,335.0078,220.9622,320.5314,292.6317,301.9886,251.3631,427.894,297.408,A1,word_pos,changer,V,changer,VER
expliquer,VERB,A1,beacco,230.7409,417.0869,230.7409,299.5551,339.8898,675.0388,431.9127,958.647,417.0869,221.8424,303.9798,349.0952,674.6672,462.7937,737.2369,414.4201,A1,word_pos,expliquer,V,expliquer,VER
siècle,NOUN,A1,beacco,228.3651,368.1308,228.3651,234.6645,401.7454,298.0528,549.0423,563.0909,368.1308,244.1784,271.8995,364.7774,300.887,558.2801,523.5007,361.7502,A1,word_pos,siècle,N,siècle,NOM
finir,VERB,A1,beacco,227.8703,265.059,227.8703,299.4549,281.8049,340.1544,66.5748,101.5791,265.059,305.2894,338.3298,313.2309,348.086,87.2843,86.9662,297.8739,A1,word_pos,finir,V,finir,VER
là-bas,ADV,A1,beacco,227.5391,117.0299,,,,,,,,227.5391,136.7502,45.1172,110.4119,31.5653,56.7717,117.0299,A1,beacco_only,,,là-bas,ADV
plage,NOUN,A1,beacco,227.3475,52.8253,227.3475,61.469,10.2791,24.7004,6.2023,0.0,52.8253,228.3333,59.71,12.2289,29.0837,6.0005,0.0,53.9446,A1,word_pos,plage,N,plage,NOM
traverser,VERB,A1,beacco,226.7032,142.559,226.7032,116.8656,184.122,68.0974,51.0513,6.4938,142.559,185.8809,87.4684,172.728,111.014,60.0719,12.833,134.1955,A1,word_pos,traverser,V,traverser,VER
continuer,VERB,A1,beacco,226.5892,356.8252,226.5892,414.5676,271.9008,473.2663,391.7164,289.1447,356.8252,198.4015,398.9747,325.0582,526.0489,387.7196,316.3039,372.0825,A1,word_pos,continuer,V,continuer,VER
comme,CONJ,A1,beacco,224.1904,386.07,224.1904,437.4031,426.1572,458.6347,311.0752,264.3656,386.07,1287.8261,1619.6458,1687.1005,1550.6473,1760.5754,1785.6919,1620.3977,A1,word_pos,comme,CONJS,comme,KON
danser,VERB,A1,beacco,223.8965,80.4663,223.8965,97.9601,52.39,14.9275,3.2084,0.0,80.4663,200.9469,79.5825,51.3054,13.6382,6.8846,0.0,72.2475,A1,word_pos,danser,V,danser,VER
froid,ADJ,A1,beacco,223.4444,130.4692,223.4444,185.9257,89.1642,52.0992,84.141,28.5334,130.4692,224.4583,180.2487,107.868,66.2677,40.0479,56.7717,133.0838,A1,word_pos,froid,A,froid,ADJ
rire,VERB,A1,beacco,222.2008,231.3213,222.2008,401.5955,231.8875,112.261,6.2023,9.6228,231.3213,246.7018,409.3112,200.4554,131.4735,6.0005,19.328,233.7087,A1,word_pos,rire,V,rire,VER
bureau,NOUN,A1,beacco,221.1374,239.5211,221.1374,133.4288,186.7431,532.7895,108.7948,79.5562,239.5211,181.1164,99.2191,154.9038,718.9857,65.168,56.7717,229.4286,A1,word_pos,bureau,N,bureau,NOM
gagner,VERB,A1,beacco,219.5495,239.5502,219.5495,403.2036,185.8729,99.4347,286.6497,19.4814,239.5502,194.2223,378.92,177.8033,113.0387,270.5925,25.6659,223.6692,A1,word_pos,gagner,V,gagner,VER
âge,NOUN,A1,beacco,219.1983,198.2193,219.1983,126.7136,219.1188,183.3376,121.2568,231.8533,198.2193,311.4269,283.1961,253.6424,156.9276,225.5637,347.3929,260.0768,A1,word_pos,âge,N,âge,NOM
week-end,NOUN,A1,beacco,218.1995,72.0068,,,,,,,,218.1995,66.3269,44.8026,31.8367,10.3269,0.0,72.0068,A1,beacco_only,,,week-end,NOM
fenêtre,NOUN,A1,beacco,216.4723,248.4589,216.4723,239.6505,110.564,812.0063,24.3636,0.0,248.4589,221.4017,280.417,149.1389,621.1994,20.6179,0.0,251.1209,A1,word_pos,fenêtre,N,fenêtre,NOM
téléphoner,VERB,A1,beacco,216.2973,61.5905,216.2973,20.9359,28.8315,80.2036,10.2669,0.0,61.5905,270.3685,33.0874,29.6891,135.2897,20.6179,0.0,87.442,A1,word_pos,téléphoner,V,téléphoner,VER
emmener,VERB,A1,beacco,214.7335,83.527,214.7335,78.9335,49.2627,25.6956,76.1022,0.0,83.527,156.1473,95.8197,81.6934,37.0003,50.0526,0.0,88.8001,A1,word_pos,emmener,V,emmener,VER
détester,VERB,A1,beacco,214.5787,40.9669,214.5787,6.2586,29.0278,4.7249,13.3747,0.0,40.9669,241.975,9.8758,36.9134,8.2319,19.861,0.0,49.8381,A1,word_pos,détester,V,détester,VER
million,NOUN,A1,beacco,213.479,305.3727,213.479,150.1965,320.6533,245.8427,524.4017,491.1941,305.3727,207.1209,163.0652,315.5462,172.6518,562.7423,534.1792,286.9301,A1,word_pos,million,N,million,NOM
pied,NOUN,A1,beacco,213.3219,226.2913,213.3219,230.9188,294.0399,212.4438,113.469,43.6102,226.2913,214.9443,313.6639,334.0847,259.9954,153.7708,77.4712,275.4,A1,word_pos,pied,N,pied,NOM
nombreux,ADJ,A1,beacco,213.2182,384.398,213.2182,289.1464,510.7558,329.4881,322.1834,785.2029,384.398,261.9942,315.5641,499.7893,297.1941,348.637,952.9018,398.7173,A1,word_pos,nombreux,A,nombreux,ADJ
gare,NOUN,A1,beacco,213.0465,75.3033,213.0465,9.5786,94.5159,80.0316,9.3035,0.0,75.3033,174.8091,19.2254,99.0678,106.0426,6.0005,0.0,81.0764,A1,word_pos,gare,N,gare,NOM
hôpital,NOUN,A1,beacco,211.9487,62.4752,211.9487,76.6451,12.2366,15.2808,56.7888,28.5334,62.4752,206.3212,85.205,10.4694,24.3904,73.3785,56.7717,67.382,A1,word_pos,hôpital,N,hôpital,NOM
hier,ADV,A1,beacco,211.7768,128.6136,211.7768,133.489,59.5965,147.4389,100.6696,87.2723,128.6136,207.3549,159.3079,74.3643,168.5821,24.0018,38.4989,136.2125,A1,word_pos,hier,ADV,hier,ADV
vélo,NOUN,A1,beacco,211.629,92.3138,211.629,29.1765,50.6329,0.0,182.968,0.0,92.3138,224.0513,41.9862,55.6347,0.0,108.0083,0.0,84.5106,A1,word_pos,vélo,N,vélo,NOM
eh bien,ADV,A1,crf_first_attested,211.4743,170.9445,211.4743,291.3991,111.6555,202.5963,3.1012,0.0,170.9445,,,,,,,,,crf_only,eh bien,ADV,,
cadeau,NOUN,A1,beacco,210.1856,64.8833,210.1856,56.7609,37.206,10.597,71.6199,0.0,64.8833,227.1417,95.7274,34.4207,2.2839,40.6321,0.0,68.2851,A1,word_pos,cadeau,N,cadeau,NOM
sport,NOUN,A1,beacco,209.8659,164.1274,209.8659,63.0923,125.8234,84.5798,22.8111,937.9715,164.1274,273.241,61.8351,95.3812,73.6397,20.024,540.361,138.851,A1,word_pos,sport,N,sport,NOM
habitant,NOUN,A1,beacco,209.4087,155.598,209.4087,162.2092,196.8774,72.5931,59.2255,0.0,155.598,181.6074,180.6944,161.9542,90.6479,102.8605,0.0,146.2235,A1,word_pos,habitant,N,habitant,NOM
cher,ADV,A1,beacco,208.9283,107.5724,,,,,,,,208.9283,59.8644,105.9266,67.4886,140.1595,56.7717,107.5724,A1,beacco_only,,,cher,ADV
marché,NOUN,A1,beacco,208.8026,158.0514,208.8026,48.5204,164.4309,103.1599,271.8425,252.921,158.0514,109.1887,70.757,163.6854,95.0464,284.6593,227.3515,148.1919,A1,word_pos,marché,N,marché,NOM
langue,NOUN,A1,beacco,208.1892,372.6959,208.1892,158.3737,220.0522,516.5335,56.5761,2866.0094,372.6959,299.2729,166.7438,232.0824,445.5842,87.4475,1629.5798,349.1186,A1,word_pos,langue,N,langue,NOM
amie,NOUN,A1,crf_first_attested,207.3644,80.7849,207.3644,134.9597,26.7115,50.6565,1.6042,0.0,80.7849,,,,,,,,,crf_only,amie,N,,
envoyer,VERB,A1,beacco,207.1038,214.0148,207.1038,211.7062,214.9123,239.7623,232.0684,9.6228,214.0148,160.0374,246.6948,229.6778,296.3142,279.3183,19.328,234.2927,A1,word_pos,envoyer,V,envoyer,VER
ensemble,ADV,A1,beacco,205.1226,182.8955,205.1226,250.9396,142.8071,106.822,214.5181,9.6228,182.8955,246.5449,295.2455,166.5763,101.4532,201.5046,56.7717,205.2561,A1,word_pos,ensemble,ADV,ensemble,ADV
différent,ADJ,A1,beacco,203.5068,259.7414,203.5068,198.6151,248.2293,128.6151,416.7817,525.2133,259.7414,214.0091,210.2083,237.6628,119.751,436.1088,465.2356,259.6191,A1,word_pos,différent,A,différent,ADJ
moment,NOUN,A1,beacco,203.4507,415.9782,203.4507,596.7281,326.5008,708.0227,271.3748,156.1801,415.9782,235.1037,737.7745,472.2412,783.4806,378.4083,174.0903,525.7507,A1,word_pos,moment,N,moment,NOM
chance,NOUN,A1,beacco,203.1258,140.5735,203.1258,220.4961,63.1603,110.7233,106.714,85.6001,140.5735,229.9155,190.3176,93.3759,140.4094,115.5086,113.6757,148.1696,A1,word_pos,chance,N,chance,NOM
choisir,VERB,A1,beacco,202.7268,277.7936,202.7268,226.6109,280.4613,275.4502,286.8145,429.8657,277.7936,257.452,249.3227,296.1338,261.3337,239.1632,313.5343,275.1907,A1,word_pos,choisir,V,choisir,VER
fort,ADJ,A1,beacco,202.2926,328.0986,202.2926,361.089,306.0272,271.2108,431.3891,344.8224,328.0986,224.8464,365.5647,311.4662,326.6026,374.1551,393.9751,330.9081,A1,word_pos,fort,A,fort,ADJ
meilleur,ADJ,A1,beacco,201.6088,197.0154,201.6088,206.3001,195.6097,96.6042,245.0039,139.0151,197.0154,215.6066,267.191,241.8774,95.0112,230.815,209.3923,228.6315,A1,word_pos,meilleur,A,meilleur,ADJ
installer,VERB,A1,beacco,200.9771,175.0393,200.9771,164.0032,132.7366,164.993,202.9946,107.2896,175.0393,193.4413,167.6542,160.5256,126.7036,186.438,135.3747,171.1097,A1,word_pos,installer,V,installer,VER
étudiant,NOUN,A1,beacco,199.982,103.9206,199.982,107.3775,77.3826,49.0505,15.5058,39.0192,103.9206,240.6649,74.7464,93.6616,64.6325,18.0014,56.7717,108.9295,A1,word_pos,étudiant,N,étudiant,NOM
amoureux,ADJ,A1,beacco,199.8813,112.414,199.8813,226.7305,65.8345,13.8577,31.0115,0.0,112.414,173.6392,169.189,68.4256,12.9899,18.0014,0.0,90.4295,A1,word_pos,amoureux,A,amoureux,ADJ
soirée,NOUN,A1,beacco,198.9539,96.4783,198.9539,109.5993,84.433,63.8825,16.2172,0.0,96.4783,212.9024,101.0246,64.0066,73.6505,27.403,0.0,94.909,A1,word_pos,soirée,N,soirée,NOM
terre,NOUN,A1,beacco,198.9195,375.4278,198.9195,517.5093,410.5891,137.8232,536.4889,231.9532,375.4278,276.042,431.8654,423.6365,200.5678,357.8109,57.984,351.9627,A1,word_pos,terre,N,terre,NOM
essayer,VERB,A1,beacco,198.0417,240.9699,198.0417,246.5428,270.0924,351.9911,98.1407,6.4938,240.9699,58.4961,105.8911,170.6096,111.8016,27.403,12.833,113.5591,A1,word_pos,essayer,V,essayer,VER
courses,NOUN,A1,crf_first_attested,197.7606,76.8694,197.7606,115.6654,47.1372,23.8751,15.6669,0.0,76.8694,,,,,,,,,crf_only,courses,N,,
arbre,NOUN,A1,beacco,197.0092,178.4039,197.0092,261.3807,177.1457,74.6959,49.6184,64.9379,178.4039,192.5326,326.2754,182.256,79.5881,24.0018,12.833,175.7346,A1,word_pos,arbre,N,arbre,NOM
espérer,VERB,A1,beacco,196.7169,120.4833,196.7169,115.1617,77.6546,116.8036,126.2188,81.2491,120.4833,220.9554,119.4332,86.4525,112.6144,120.3766,86.9662,123.082,A1,word_pos,espérer,V,espérer,VER
apprendre,VERB,A1,beacco,195.5977,237.3918,195.5977,292.3849,227.206,215.7598,216.6671,72.7833,237.3918,210.3322,332.7373,237.3357,184.1499,211.486,145.006,245.9543,A1,word_pos,apprendre,V,apprendre,VER
gros,ADJ,A1,beacco,195.5294,317.7281,195.5294,409.5573,338.1262,387.6483,126.2188,67.3593,317.7281,201.1457,412.8965,338.6144,366.5889,147.5659,38.656,312.0165,A1,word_pos,gros,A,gros,ADJ
objet,NOUN,A1,beacco,194.8447,199.8561,194.8447,76.2519,196.397,325.395,338.6738,115.382,199.8561,184.8244,38.2109,182.3875,189.501,348.2582,187.3741,166.1327,A1,word_pos,objet,N,objet,NOM
allô,INT,A1,beacco,194.7473,32.0045,,,,,,,,194.7473,15.1339,0.1029,19.0591,0.0,0.0,32.0045,A1,beacco_only,,,allô,INT
hiver,NOUN,A1,beacco,193.6305,91.231,193.6305,72.7113,121.9548,22.7421,12.4046,0.0,91.231,159.5205,74.8878,134.0125,23.3997,12.0009,0.0,94.4547,A1,word_pos,hiver,N,hiver,NOM
demie,NOUN,A1,crf_first_attested,193.4325,48.2836,193.4325,16.1157,9.2576,75.9931,1.6042,0.0,48.2836,,,,,,,,,crf_only,demie,N,,
descendre,VERB,A1,beacco,191.5677,168.267,191.5677,211.5503,171.6334,157.3326,71.6199,0.0,168.267,167.4426,233.1944,194.7693,179.0222,78.6751,0.0,185.3726,A1,word_pos,descendre,V,descendre,VER
lendemain,NOUN,A1,beacco,191.3031,150.0372,191.3031,186.7022,180.5486,102.8755,15.6669,43.6102,150.0372,181.2953,184.4375,201.6499,78.9659,31.3528,56.7717,154.2032,A1,word_pos,lendemain,N,lendemain,NOM
village,NOUN,A1,beacco,190.9993,211.6714,190.9993,227.6575,267.1423,88.5927,183.3833,28.471,211.6714,187.1341,289.5964,302.759,136.5287,101.622,43.8345,238.7177,A1,word_pos,village,N,village,NOM
tôt,ADV,A1,beacco,190.8906,102.7016,190.8906,79.19,73.3477,133.3806,44.5118,56.9312,102.7016,164.9231,85.0506,93.7258,138.2018,39.722,113.6757,113.5358,A1,word_pos,tôt,ADV,tôt,ADV
crier,VERB,A1,beacco,190.012,310.7533,190.012,488.5519,376.2104,215.0548,61.5213,0.0,310.7533,188.957,407.7929,360.8126,208.2871,46.7967,0.0,292.7014,A1,word_pos,crier,V,crier,VER
à côté de,PREP,A1,crf_first_attested,189.3238,99.6684,189.3238,109.4132,42.1573,99.0221,81.4557,57.7365,99.6684,,,,,,,,,crf_only,à côté de,PREP,,
quitter,VERB,A1,beacco,189.1532,255.855,189.1532,394.9025,238.6685,304.5951,118.4311,38.491,255.855,201.7765,454.2289,324.5572,346.87,157.558,77.312,311.8943,A1,word_pos,quitter,V,quitter,VER
étudiant,ADJ,A1,beacco,188.8115,40.0521,188.8115,31.2098,12.4198,6.9515,0.0,0.0,40.0521,115.9512,15.0562,10.1294,1.2705,0.0,0.0,22.9582,A1,word_pos,étudiant,A,étudiant,ADJ
accompagner,VERB,A1,beacco,187.5935,116.7094,187.5935,97.4489,115.2127,51.0609,89.1065,39.0192,116.7094,214.2923,127.7287,155.5499,55.8505,61.0802,77.4712,136.4806,A1,word_pos,accompagner,V,accompagner,VER
retourner,VERB,A1,beacco,187.5816,174.4054,187.5816,185.4361,190.7879,186.051,45.3131,0.0,174.4054,221.8739,207.1696,202.7453,233.9608,31.3781,0.0,199.9564,A1,word_pos,retourner,V,retourner,VER
déjeuner,VERB,A1,beacco,186.8877,48.9288,186.8877,12.5388,33.5635,42.1216,8.021,0.0,48.9288,124.3455,3.7653,24.1227,31.9278,0.0,0.0,30.6999,A1,word_pos,déjeuner,V,déjeuner,VER
cela,PRON,A1,beacco,186.8564,750.4369,186.8564,690.947,783.8725,1118.3174,1059.0522,545.405,750.4369,2982.0216,2279.9818,1939.3964,2337.7557,1395.4186,581.4678,2094.5273,A1,word_pos,cela,PRO,cela,PRO
tu as,ADV,A1,crf_first_attested,186.4501,99.3521,186.4501,214.0783,45.2789,41.0527,3.1012,0.0,99.3521,,,,,,,,,crf_only,tu as,ADV,,
habiller,VERB,A1,beacco,186.1216,113.2993,186.1216,186.8083,52.5045,125.4884,6.2023,0.0,113.2993,162.8978,195.6934,75.5739,163.1472,6.0005,0.0,127.9681,A1,word_pos,habiller,V,habiller,VER
cours,NOUN,A1,crf_first_attested,185.7263,129.9591,185.7263,74.5798,140.1583,39.5162,239.528,28.8683,129.9591,,,,,,,,,crf_only,cours,N,,
facile,ADJ,A1,beacco,185.4742,106.8835,185.4742,109.5736,86.2548,123.7899,20.5337,39.0192,106.8835,196.1281,120.8691,55.926,142.9935,20.6179,56.7717,104.5866,A1,word_pos,facile,A,facile,ADJ
ancien,ADJ,A1,beacco,185.377,211.7829,185.377,176.7507,238.4802,112.2923,304.0024,195.8409,211.7829,231.3578,223.707,240.1864,81.4158,235.0826,307.0033,217.0542,A1,word_pos,ancien,A,ancien,ADJ
campagne,NOUN,A1,beacco,185.2409,119.6525,185.2409,75.4972,88.5423,106.3282,221.2503,0.0,119.6525,191.9537,102.5674,77.5854,105.4411,290.9459,0.0,129.9344,A1,word_pos,campagne,N,campagne,NOM
par exemple,ADV,A1,crf_first_attested,184.9127,319.4079,184.9127,244.4772,303.9916,217.7919,674.8516,445.4414,319.4079,,,,,,,,,crf_only,par exemple,ADV,,
bleu,ADJ,A1,beacco,184.6269,126.1775,184.6269,105.013,121.159,116.5609,67.7967,39.0461,126.1775,240.9966,137.8884,135.1348,132.1345,50.0526,0.0,143.6669,A1,word_pos,bleu,A,bleu,ADJ
château,NOUN,A1,beacco,182.5418,194.0684,182.5418,407.3925,134.6164,45.054,20.8547,0.0,194.0684,270.7323,437.1518,105.7037,35.8767,13.7692,0.0,193.4479,A1,word_pos,château,N,château,NOM
mai,NOUN,A1,beacco,182.4711,115.4618,182.4711,36.1349,102.1383,95.422,153.377,36.3276,115.4618,180.9633,42.2508,72.5282,94.1957,185.7924,50.4231,109.1985,A1,word_pos,mai,N,mai,NOM
lundi,NOUN,A1,beacco,182.3306,67.2984,182.3306,63.5506,46.8513,4.9879,73.1023,12.9876,67.2984,177.9324,75.5304,56.7997,9.013,80.3223,12.833,73.7245,A1,word_pos,lundi,N,lundi,NOM
remercier,VERB,A1,beacco,180.9699,70.1814,180.9699,87.0453,38.0981,43.6405,14.569,0.0,70.1814,187.0576,88.8076,42.301,63.2108,29.205,0.0,78.8717,A1,word_pos,remercier,V,remercier,VER
client,NOUN,A1,beacco,180.3817,127.5798,180.3817,21.9977,104.6018,325.2575,67.1038,0.0,127.5798,162.8741,44.2956,155.1866,322.2802,80.2715,0.0,159.1946,A1,word_pos,client,N,client,NOM
tous,PRON,A1,crf_first_attested,180.0617,273.3706,180.0617,258.6937,403.6894,168.9467,266.2044,22.1371,273.3706,,,,,,,,,crf_only,tous,PRO,,
là - bas,ADV,A1,crf_first_attested,179.5994,97.0182,179.5994,130.1321,36.437,110.1944,6.4168,19.4814,97.0182,,,,,,,,,crf_only,là - bas,ADV,,
cheveu,NOUN,A1,beacco,177.6785,168.438,177.6785,205.4217,128.1615,262.5408,36.5308,9.6228,168.438,176.96,172.9703,148.7052,289.8186,20.024,19.328,172.4901,A1,word_pos,cheveu,N,cheveu,NOM
leur,PRON,A1,crf_first_attested,177.3631,310.0108,177.3631,360.7758,383.1641,228.8107,230.8551,134.7185,310.0108,,,,,,,,,crf_only,leur,PRO,,
exposition,NOUN,A1,beacco,176.5924,118.8459,176.5924,59.225,88.5069,82.5186,74.1024,228.267,118.8459,149.9907,59.7804,74.5493,94.4695,53.3655,154.9424,98.3705,A1,word_pos,exposition,N,exposition,NOM
tout de suite,ADV,A1,crf_first_attested,175.9047,110.6793,175.9047,227.6477,35.8415,113.8279,12.7628,6.4938,110.6793,,,,,,,,,crf_only,tout de suite,ADV,,
couleur,NOUN,A1,beacco,175.7287,191.8247,175.7287,300.8753,130.1212,174.507,185.4772,9.6228,191.8247,235.3426,281.5328,165.8859,197.8072,147.243,19.328,206.2359,A1,word_pos,couleur,N,couleur,NOM
bruit,NOUN,A1,beacco,175.4696,243.6222,175.4696,221.9147,327.8718,303.4401,46.1803,19.4814,243.6222,146.4294,167.2271,322.2896,270.1675,40.0479,25.6659,217.3479,A1,word_pos,bruit,N,bruit,NOM
dame,NOUN,A1,beacco,175.0923,84.4511,175.0923,58.8456,30.2765,143.3638,18.4508,19.4814,84.4511,198.1272,115.0364,27.4883,99.3414,20.6179,0.0,90.6847,A1,word_pos,dame,N,dame,NOM
mercredi,NOUN,A1,beacco,174.9005,56.869,174.9005,20.1335,55.9993,16.771,12.4046,39.0192,56.869,208.2164,30.7361,32.1607,19.4605,12.0009,56.7717,54.2187,A1,word_pos,mercredi,N,mercredi,NOM
excellent,ADJ,A1,beacco,174.5874,58.6589,174.5874,38.1573,61.9198,12.4561,0.0,9.6228,58.6589,198.118,53.7466,65.6311,15.813,0.0,19.328,68.3645,A1,word_pos,excellent,A,excellent,ADJ
accident,NOUN,A1,beacco,174.191,62.5622,174.191,40.6532,65.819,10.3721,3.2084,68.1256,62.5622,156.3706,41.9601,77.1558,18.9627,6.8846,95.2552,71.4994,A1,word_pos,accident,N,accident,NOM
plusieurs,DET,A1,crf_first_attested,173.7254,339.6327,173.7254,239.6553,338.7957,350.2205,621.0886,460.3366,339.6327,,,,,,,,,crf_only,plusieurs,DET,,
accepter,VERB,A1,beacco,173.2037,136.1372,173.2037,110.2433,175.9767,63.07,77.3268,114.1335,136.1372,137.3789,121.5096,219.1327,52.4102,80.0959,113.5434,143.0022,A1,word_pos,accepter,V,accepter,VER
parfois,ADV,A1,beacco,172.3254,219.2069,172.3254,97.2127,294.1198,185.2461,348.7463,136.3243,219.2069,172.9074,115.8115,293.0743,182.3749,376.5794,206.4962,226.5551,A1,word_pos,parfois,ADV,parfois,ADV
réveiller,VERB,A1,beacco,170.8592,131.6177,170.8592,151.3597,118.3709,156.696,41.4596,0.0,131.6177,142.9902,167.0171,137.0039,131.8928,31.3528,0.0,129.7046,A1,word_pos,réveiller,V,réveiller,VER
libre,ADJ,A1,beacco,170.6049,162.6983,170.6049,170.9878,124.0911,95.7274,213.642,289.5038,162.6983,187.1653,199.5209,125.1261,89.5953,169.8268,273.8885,166.1903,A1,word_pos,libre,A,libre,ADJ
bonjour,NOUN,A1,beacco,170.4381,53.5968,170.4381,83.6202,12.3331,6.257,25.3674,0.0,53.5968,1111.0337,302.5844,33.227,25.5051,20.024,12.833,216.6468,A1,word_pos,bonjour,N,bonjour,NOM
fermer,VERB,A1,beacco,169.9654,147.7353,169.9654,199.5297,99.2239,192.3122,55.3041,0.0,147.7353,223.8342,187.3143,91.8019,259.2706,136.2363,0.0,169.634,A1,word_pos,fermer,V,fermer,VER
ajouter,VERB,A1,beacco,169.7099,182.0679,169.7099,116.8776,134.9248,202.7935,300.8559,245.4054,182.0679,162.2497,116.2602,159.0106,184.2057,253.2767,227.3515,177.3854,A1,word_pos,ajouter,V,ajouter,VER
séjour,NOUN,A1,beacco,169.6017,87.7387,,,,,,,,169.6017,51.1792,62.4588,85.2694,54.0583,0.0,87.7387,A1,beacco_only,,,séjour,NOM
séj,NOUN,A1,crf_first_attested,168.9316,76.3656,168.9316,57.9815,56.868,69.8034,46.1996,0.0,76.3656,,,,,,,,,crf_only,séj,N,,
boire,VERB,A1,beacco,168.8487,157.5136,168.8487,168.3817,127.99,173.906,28.0139,135.1021,157.5136,305.5374,225.7893,223.6228,316.5132,60.0719,213.9065,252.7749,A1,word_pos,boire,V,boire,VER
surprise,NOUN,A1,beacco,168.5546,56.7309,168.5546,37.3609,48.7148,20.5736,31.4551,0.0,56.7309,133.0283,33.7483,29.2289,17.8055,12.0009,0.0,44.233,A1,word_pos,surprise,N,surprise,NOM
bois,NOUN,A1,beacco,168.5494,144.0759,168.5494,159.5951,177.8475,38.9296,109.158,32.9185,144.0759,129.8966,125.2397,171.4577,33.4171,115.4036,52.5084,129.2749,A1,word_pos,bois,N,bois,NOM
rêve,NOUN,A1,beacco,166.7804,126.2571,166.7804,70.0547,175.9022,83.9483,21.7081,62.2019,126.2571,172.5485,84.6499,129.9982,47.5179,12.0009,43.8345,103.5605,A1,word_pos,rêve,N,rêve,NOM
super,ADJ,A1,beacco,166.6412,40.3736,166.6412,58.2235,10.2575,0.0,4.8126,0.0,40.3736,256.6313,100.6736,6.0677,0.0,6.8846,0.0,55.5405,A1,word_pos,super,A,super,ADJ
heureusement,ADV,A1,beacco,166.5245,48.051,166.5245,23.4162,15.3349,32.9323,32.9961,9.6228,48.051,101.778,19.8784,11.1619,21.8239,54.0583,19.328,36.721,A1,word_pos,heureusement,ADV,heureusement,ADV
rappeler,VERB,A1,beacco,166.1515,196.35,166.1515,225.7116,182.0928,227.6627,115.5699,185.5717,196.35,214.9864,255.7098,184.4794,260.5502,125.6679,246.4807,218.991,A1,word_pos,rappeler,V,rappeler,VER
rouge,ADJ,A1,beacco,166.1112,155.9776,166.1112,171.0956,173.5393,118.4267,66.9404,10.2933,155.9776,243.556,196.7586,215.6017,153.6615,76.6769,8.037,190.5408,A1,word_pos,rouge,A,rouge,ADJ
dîner,VERB,A1,beacco,164.7697,68.8651,164.7697,68.1088,51.5975,39.0851,20.7298,0.0,68.8651,212.1314,71.3117,32.3315,65.021,20.024,0.0,73.2782,A1,word_pos,dîner,V,dîner,VER
recheche,NOUN,A1,crf_first_attested,164.1817,308.8946,164.1817,78.5247,241.5816,152.4184,779.6883,1129.4118,308.8946,,,,,,,,,crf_only,recheche,N,,
chocolat,NOUN,A1,beacco,163.4953,34.9499,163.4953,48.574,1.1665,0.0,20.7298,0.0,34.9499,165.626,23.865,7.3253,0.0,40.1357,0.0,33.2304,A1,word_pos,chocolat,N,chocolat,NOM
plaisir,NOUN,A1,beacco,163.3542,175.0058,163.3542,153.4365,169.7256,95.1666,235.1174,227.148,175.0058,173.1331,171.0753,177.892,101.623,195.2453,106.9533,171.3761,A1,word_pos,plaisir,N,plaisir,NOM
maître,NOUN,A1,beacco,163.2715,129.6152,163.2715,66.9999,181.7099,72.2659,147.4998,116.5635,129.6152,135.7864,51.2887,183.9214,83.0565,104.0459,113.6757,118.1389,A1,word_pos,maître,N,maître,NOM
longtemps,ADV,A1,beacco,162.4332,322.0396,162.4332,343.3804,274.7926,368.0484,432.8271,334.9777,322.0396,171.275,363.5974,291.0811,368.5315,394.1777,347.8648,329.3282,A1,word_pos,longtemps,ADV,longtemps,ADV
voici,ADV,A1,beacco,161.6441,135.2112,,,,,,,,161.6441,169.8586,128.001,114.5827,65.168,25.6659,135.2112,A1,beacco_only,,,voici,ADV
numéro,NOUN,A1,beacco,161.1746,76.0397,161.1746,70.3419,48.8678,30.2196,27.9104,92.7691,76.0397,135.4824,83.1705,60.9762,64.2599,18.0014,86.9662,82.5751,A1,word_pos,numéro,N,numéro,NOM
bain,NOUN,A1,beacco,160.024,99.855,160.024,244.988,15.8359,81.9345,9.6252,0.0,99.855,174.5323,196.6233,20.2422,52.2007,3.4423,0.0,84.3559,A1,word_pos,bain,N,bain,NOM
argent,NOUN,A1,beacco,158.934,298.8425,158.934,428.1182,332.5873,272.9061,153.2633,0.0,298.8425,165.6086,465.3337,363.8375,313.8579,131.2211,0.0,327.359,A1,word_pos,argent,N,argent,NOM
euh,INT,A1,beacco,158.7267,40.4502,,,,,,,,158.7267,60.1834,0.4665,1.3018,0.0,0.0,40.4502,A1,beacco_only,,,euh,INT
vêtement,NOUN,A1,beacco,158.4313,126.3741,158.4313,211.767,79.1708,142.2437,25.7756,6.4938,126.3741,187.0042,263.2204,83.2862,159.2451,41.1274,12.833,148.2099,A1,word_pos,vêtement,N,vêtement,NOM
quelqu'un,PRON,A1,beacco,158.1839,257.4629,,,,,,,,158.1839,332.2122,183.0451,456.4813,132.4393,12.833,257.4629,A1,beacco_only,,,quelqu'un,PRO
combien,ADV,A1,beacco,157.3162,81.8201,157.3162,78.0116,68.6248,81.1849,15.7275,43.6102,81.8201,226.9907,88.1401,69.1363,144.7537,61.8536,86.9662,114.0763,A1,word_pos,combien,ADV,combien,ADV
neige,NOUN,A1,beacco,156.6813,64.6458,156.6813,52.5119,83.2014,9.0831,6.2023,0.0,64.6458,125.0729,35.5091,108.1088,4.5679,6.0005,0.0,54.99,A1,word_pos,neige,N,neige,NOM
partout,ADV,A1,beacco,156.3101,150.9713,156.3101,150.7443,151.5364,166.4286,89.1884,72.1635,150.9713,138.4307,168.6391,156.5925,153.0199,108.6005,78.971,155.6629,A1,word_pos,partout,ADV,partout,ADV
centre,NOUN,A1,beacco,156.2732,117.2386,156.2732,118.5567,96.0654,112.3818,130.8697,9.6228,117.2386,189.4381,102.5651,107.6363,113.8936,211.486,86.9662,135.422,A1,word_pos,centre,N,centre,NOM
lieu,NOUN,A1,beacco,155.9904,295.9049,155.9904,141.48,418.8767,303.1603,345.9012,192.1109,295.9049,220.7779,350.9851,547.3006,346.7341,552.6181,396.893,429.4537,A1,word_pos,lieu,N,lieu,NOM
dîner,NOUN,A1,beacco,155.5867,47.5308,155.5867,35.168,39.1494,16.9546,0.0,0.0,47.5308,181.8094,40.2373,59.0913,22.2459,0.0,0.0,59.6267,A1,word_pos,dîner,N,dîner,NOM
recherche,NOUN,A1,beacco,155.3623,294.6085,,,,,,,,155.3623,78.1825,242.1662,194.7121,639.2757,1309.879,294.6085,A1,beacco_only,,,recherche,NOM
besoin,NOUN,A1,beacco,154.8359,261.3325,154.8359,252.5586,258.4921,368.4848,247.4888,126.3794,261.3325,208.6072,306.2352,301.6775,347.6652,263.8129,154.9424,290.9129,A1,word_pos,besoin,N,besoin,NOM
moderne,ADJ,A1,beacco,152.3005,77.3571,152.3005,40.3812,76.487,35.0726,81.4557,28.8683,77.3571,122.1815,53.358,64.0845,36.4258,119.1068,19.328,73.7751,A1,word_pos,moderne,A,moderne,ADJ
voici,VERB,A1,crf_first_attested,151.8276,98.5883,151.8276,91.8709,84.9423,98.7682,57.5361,12.9876,98.5883,,,,,,,,,crf_only,voici,V,,
animal,NOUN,A1,beacco,151.7795,218.6599,151.7795,238.5724,258.9941,45.7662,158.9069,230.4406,218.6599,150.896,191.6668,166.3732,40.4298,151.2017,174.0903,169.6866,A1,word_pos,animal,N,animal,NOM
roi,NOUN,A1,beacco,150.6507,282.3876,150.6507,889.7999,113.2019,10.9897,3.2084,38.491,282.3876,164.7597,866.5802,129.963,12.2697,0.0,19.328,273.3416,A1,word_pos,roi,N,roi,NOM
intéressant,ADJ,A1,beacco,150.5859,87.6807,150.5859,29.3143,40.1712,204.9719,56.0277,76.982,87.6807,145.2345,29.2334,34.0439,166.7921,20.024,96.64,74.3234,A1,word_pos,intéressant,A,intéressant,ADJ
poser,VERB,A1,beacco,150.4967,217.7091,150.4967,214.988,198.1385,241.0994,287.6704,135.181,217.7091,208.6954,236.8983,174.1238,276.0711,333.0345,143.8051,239.5455,A1,word_pos,poser,V,poser,VER
rencontre,NOUN,A1,beacco,149.9405,98.1675,149.9405,62.9909,130.3183,36.584,98.7714,6.4938,98.1675,36.7634,51.7842,121.7429,48.946,113.7632,12.833,83.3033,A1,word_pos,rencontre,N,rencontre,NOM
poisson,NOUN,A1,beacco,148.7598,75.3965,148.7598,23.8087,48.8666,12.0033,61.6012,301.4022,75.3965,204.1938,30.1805,56.328,16.0538,41.2358,162.4685,72.8614,A1,word_pos,poisson,N,poisson,NOM
secret,NOUN,A1,beacco,148.2388,65.1239,148.2388,24.6192,47.4415,50.8631,77.0183,113.8624,65.1239,97.6317,41.6317,53.3499,65.2704,57.1082,173.9324,66.7116,A1,word_pos,secret,N,secret,NOM
un,NOUN,A1,beacco,148.1326,386.4977,,,,,,,,148.1326,352.6183,526.1311,381.5514,391.8308,323.1451,386.4977,A1,beacco_only,,,un,NOM
coucher,VERB,A1,beacco,147.5197,116.4833,147.5197,186.9563,82.8226,73.977,30.3551,0.0,116.4833,178.4173,224.7695,103.5967,108.9731,31.5653,0.0,144.392,A1,word_pos,coucher,V,coucher,VER
poste,NOUN,A1,beacco,147.3163,112.6088,147.3163,32.8008,87.3562,171.968,107.9176,188.2221,112.6088,146.6046,34.4855,75.4145,167.1301,89.8271,96.64,103.279,A1,word_pos,poste,N,poste,NOM
présenter,VERB,A1,beacco,146.9967,250.1931,146.9967,228.3363,209.5458,209.5535,487.2326,339.1837,250.1931,228.0186,251.4564,198.3894,171.2412,419.3585,366.4021,249.4398,A1,word_pos,présenter,V,présenter,VER
entrée,NOUN,A1,beacco,146.1779,147.7929,146.1779,197.1147,155.9818,72.7226,110.804,28.8683,147.7929,120.4163,200.7569,129.847,76.3489,130.3361,38.656,133.0721,A1,word_pos,entrée,N,entrée,NOM
aventure,NOUN,A1,beacco,145.0818,114.5458,145.0818,157.8945,96.8482,84.4678,42.4715,9.6228,114.5458,118.6246,135.2935,97.3605,70.8429,49.5147,19.328,102.4909,A1,word_pos,aventure,N,aventure,NOM
parfait,ADJ,A1,beacco,144.1487,30.6448,144.1487,0.5897,17.8301,6.4162,42.8753,0.0,30.6448,96.6463,21.0684,4.9507,20.4316,63.3793,0.0,33.1841,A1,word_pos,parfait,A,parfait,ADJ
reposer,VERB,A1,beacco,143.4803,75.7094,143.4803,58.4008,52.8999,81.0728,71.8069,53.8043,75.7094,113.9555,56.6369,72.7412,131.0514,60.4644,77.5234,84.7599,A1,word_pos,reposer,V,reposer,VER
secrétaire,NOUN,A1,beacco,143.3121,38.1586,143.3121,4.5564,15.9618,6.8216,51.0722,107.2896,38.1586,165.2505,6.6433,25.4988,9.1403,63.3793,56.7717,42.9208,A1,word_pos,secrétaire,N,secrétaire,NOM
sept,DET,A1,crf_first_attested,143.0256,95.4748,143.0256,122.3436,64.418,51.4605,76.1039,19.2455,95.4748,,,,,,,,,crf_only,sept,DET,,
réfléchir,VERB,A1,beacco,143.012,106.6734,143.012,131.4837,117.7425,20.2046,139.3762,9.6228,106.6734,146.4501,147.6104,136.442,23.3254,103.3225,19.328,118.386,A1,word_pos,réfléchir,V,réfléchir,VER
pleuvoir,VERB,A1,beacco,142.8333,57.248,142.8333,109.7351,21.7746,4.5416,12.4046,0.0,57.248,132.1268,33.8427,12.9484,4.5679,6.0005,0.0,34.6575,A1,word_pos,pleuvoir,V,pleuvoir,VER
grave,ADJ,A1,beacco,142.2954,88.0131,142.2954,51.1207,108.0,26.5684,53.696,68.1256,88.0131,155.9458,49.987,93.6109,23.9192,65.168,38.4989,83.7804,A1,word_pos,grave,A,grave,ADJ
derrière,PREP,A1,beacco,141.9627,178.2076,141.9627,235.7341,193.4062,198.478,36.0811,38.491,178.2076,196.7162,250.9157,225.6945,247.381,88.3167,57.984,219.2116,A1,word_pos,derrière,PREP,derrière,PRP
lumière,NOUN,A1,beacco,141.9626,139.9265,141.9626,154.9095,147.8334,100.9037,113.0843,9.6228,139.9265,112.3544,133.851,106.1493,106.8981,101.622,19.328,111.5194,A1,word_pos,lumière,N,lumière,NOM
fruit,NOUN,A1,beacco,141.8411,75.0194,141.8411,33.9697,32.9938,40.1527,119.6606,191.096,75.0194,158.8747,39.3754,36.118,23.1332,145.0028,202.5127,81.4561,A1,word_pos,fruit,N,fruit,NOM
à partir de,PREP,A1,crf_first_attested,141.5887,72.35,141.5887,50.3236,48.5517,57.7587,105.4448,32.4689,72.35,,,,,,,,,crf_only,à partir de,PREP,,
théâtre,NOUN,A1,beacco,141.2522,120.3364,141.2522,68.9802,189.0914,65.7552,67.5821,19.2455,120.3364,166.9186,106.962,170.1162,83.4142,49.5147,19.328,127.6619,A1,word_pos,théâtre,N,théâtre,NOM
saluer,VERB,A1,beacco,141.0796,63.1874,141.0796,52.2866,41.9339,67.5687,15.1776,9.6228,63.1874,147.2992,53.6498,43.5615,69.8836,31.5653,19.328,71.8716,A1,word_pos,saluer,V,saluer,VER
deuxième,ADJ,A1,crf_first_attested,140.6751,125.423,140.6751,165.4854,62.0873,106.5337,107.5542,28.8683,125.423,,,,,,,,,crf_only,deuxième,A,,
santé,NOUN,A1,beacco,140.4676,136.2511,140.4676,15.8729,124.5469,79.8629,313.2636,442.4335,136.2511,164.9035,26.8624,110.7186,101.3021,225.3066,309.8848,132.5981,A1,word_pos,santé,N,santé,NOM
sûr,ADJ,A1,beacco,139.3143,202.4973,139.3143,268.9345,207.938,272.6655,49.2438,32.4689,202.4973,747.9034,490.1375,543.6707,701.7552,232.9488,383.6931,542.9035,A1,word_pos,sûr,A,sûr,ADJ
vent,NOUN,A1,beacco,138.8788,96.6662,138.8788,84.697,99.2696,32.9117,126.1494,39.0192,96.6662,137.1891,77.8909,119.3266,50.484,123.8024,56.7717,97.9247,A1,word_pos,vent,N,vent,NOM
journal,NOUN,A1,beacco,138.6041,233.3658,138.6041,89.276,234.9428,592.664,190.7985,176.5131,233.3658,57.9226,37.2519,114.0991,255.9545,86.6209,86.9662,110.4715,A1,word_pos,journal,N,journal,NOM
simple,ADJ,A1,beacco,137.9583,211.3245,137.9583,206.9051,164.7769,242.8634,363.4374,100.8319,211.3245,105.4607,203.5404,203.905,259.5667,312.6261,113.5434,212.0112,A1,word_pos,simple,A,simple,ADJ
désoler,VERB,A1,beacco,137.6306,25.513,137.6306,10.2754,2.2841,13.2448,3.2084,0.0,25.513,207.8112,9.3866,3.0381,25.431,3.4423,0.0,34.6057,A1,word_pos,désoler,V,désoler,VER
voisin,NOUN,A1,beacco,137.3228,101.4761,137.3228,120.2659,59.9204,82.1505,119.6765,28.8683,101.4761,139.8012,96.6596,75.7568,151.3703,80.2715,57.984,108.4527,A1,word_pos,voisin,N,voisin,NOM
affaires,NOUN,A1,crf_first_attested,137.0081,109.746,137.0081,81.919,118.278,93.3285,33.3916,108.6082,109.746,,,,,,,,,crf_only,affaires,N,,
chemin,NOUN,A1,beacco,136.3943,167.8018,136.3943,172.3185,196.9192,121.8236,149.223,28.5334,167.8018,121.1582,218.1532,203.4132,124.0312,131.9064,56.7717,174.5683,A1,word_pos,chemin,N,chemin,NOM
vieux,NOUN,A1,beacco,136.3751,94.0644,136.3751,134.5432,97.013,34.3492,0.0,0.0,94.0644,66.6435,29.1665,99.8937,8.4014,0.0,12.833,47.7746,A1,word_pos,vieux,N,vieux,NOM
peinture,NOUN,A1,beacco,136.288,32.3676,136.288,22.5612,11.2284,0.8949,6.4168,0.0,32.3676,159.2225,26.6082,9.2251,9.0539,3.4423,0.0,35.2952,A1,word_pos,peinture,N,peinture,NOM
inviter,VERB,A1,beacco,136.138,110.3295,136.138,166.0316,108.0424,45.4167,80.9158,0.0,110.3295,202.0049,174.3989,142.7826,51.3742,86.0088,0.0,137.1267,A1,word_pos,inviter,V,inviter,VER
quatre,ADJ,A1,crf_first_attested,135.9411,46.4928,135.9411,21.6336,66.7246,1.5139,9.8488,0.0,46.4928,,,,,,,,,crf_only,quatre,A,,
en général,ADV,A1,crf_first_attested,135.1492,66.519,135.1492,20.9608,59.3917,3.4528,150.0369,56.3711,66.519,,,,,,,,,crf_only,en général,ADV,,
quoi,PRON,A1,beacco,134.9867,187.0621,134.9867,145.7012,217.5461,135.1821,283.6539,56.3681,187.0621,178.2303,321.8712,297.7858,246.1171,332.8834,77.4712,283.9145,A1,word_pos,quoi,PRO,quoi,PRO
courir,VERB,A1,beacco,134.3304,185.6738,134.3304,206.3836,247.4,184.9574,45.6318,9.6228,185.6738,96.8841,203.248,239.6067,230.2503,36.3157,19.328,188.3045,A1,word_pos,courir,V,courir,VER
voler,VERB,A1,beacco,134.1951,83.759,134.1951,81.659,102.1064,49.3485,12.4046,0.0,83.759,87.1038,104.5496,145.1125,65.8688,6.0005,0.0,100.8757,A1,word_pos,voler,V,voler,VER
mme,NOUN,A1,crf_first_attested,133.8347,72.2588,133.8347,51.5748,34.841,67.1173,39.3501,9.6228,72.2588,,,,,,,,,crf_only,mme,N,,
juillet,NOUN,A1,beacco,133.7071,111.1601,133.7071,97.3095,106.9628,100.1651,46.2871,43.6102,111.1601,165.81,91.2651,110.9848,150.2984,56.8202,56.7717,122.7809,A1,word_pos,juillet,N,juillet,NOM
métro,NOUN,A1,beacco,132.3401,51.9434,132.3401,45.8279,39.2778,39.6032,0.0,9.6228,51.9434,99.3846,23.2993,34.2755,25.0469,0.0,19.328,37.0444,A1,word_pos,métro,N,métro,NOM
promener,VERB,A1,beacco,132.2776,103.6752,132.2776,173.3597,103.5124,46.1754,12.7628,0.0,103.6752,131.8328,181.4422,116.4994,57.8507,26.3397,0.0,114.0413,A1,word_pos,promener,V,promener,VER
route,NOUN,A1,beacco,132.2147,164.0433,132.2147,96.3643,330.2366,19.647,169.5335,0.0,164.0433,115.7543,129.3787,354.2119,25.0526,157.558,0.0,174.4236,A1,word_pos,route,N,route,NOM
lettre,NOUN,A1,beacco,130.0472,183.4315,130.0472,133.812,245.2551,335.9532,44.3541,39.7676,183.4315,143.166,177.4779,289.6456,394.4639,57.4021,43.8345,212.4104,A1,word_pos,lettre,N,lettre,NOM
vert,ADJ,A1,beacco,129.7619,106.19,129.7619,69.0121,97.9228,136.496,77.0183,6.176,106.19,155.1333,83.8763,108.147,91.4825,102.2081,4.0185,112.8047,A1,word_pos,vert,A,vert,ADJ
étudier,VERB,A1,beacco,129.0161,112.283,129.0161,91.007,93.0636,130.1718,42.058,201.1781,112.283,201.2025,93.2159,71.1727,136.5665,40.6321,142.7957,110.3792,A1,word_pos,étudier,V,étudier,VER
église,NOUN,A1,beacco,128.7686,96.5189,128.7686,75.6135,85.7721,89.1536,128.2287,0.0,96.5189,109.281,56.5809,81.6168,72.8399,102.4357,0.0,82.3569,A1,word_pos,église,N,église,NOM
soleil,NOUN,A1,beacco,128.55,132.3398,128.55,190.1413,140.3666,71.7498,58.4455,0.0,132.3398,169.7491,225.9338,196.52,76.8656,72.1618,12.833,171.5348,A1,word_pos,soleil,N,soleil,NOM
réponse,NOUN,A1,beacco,128.4913,107.3595,128.4913,27.1847,69.2958,157.3945,178.358,79.5562,107.3595,130.6411,52.168,86.5591,147.3162,197.4249,127.4317,123.3225,A1,word_pos,réponse,N,réponse,NOM
chat,NOUN,A1,beacco,128.4033,120.8838,128.4033,115.7041,61.6413,160.8742,34.1127,0.0,120.8838,137.6333,114.6619,61.3267,79.6239,18.0014,0.0,99.6662,A1,word_pos,chat,N,chat,NOM
air,NOUN,A1,beacco,128.2599,367.9303,128.2599,575.844,401.6851,464.7202,153.0692,38.491,367.9303,126.4404,545.007,438.4527,432.6874,190.2143,19.328,366.2042,A1,word_pos,air,N,air,NOM
sapin,NOUN,A1,beacco,127.4642,14.4196,127.4642,0.6418,1.4473,0.0,6.2023,0.0,14.4196,67.2282,0.6228,2.8865,0.0,6.0005,0.0,11.0723,A1,word_pos,sapin,N,sapin,NOM
allemand,ADJ,A1,beacco,127.3535,41.6031,127.3535,11.0596,4.7789,29.3509,12.3029,203.1582,41.6031,110.8069,17.5311,5.1517,29.8069,8.2781,113.5434,35.7918,A1,word_pos,allemand,A,allemand,ADJ
personne,ADV,A1,beacco,125.5757,140.9262,,,,,,,,125.5757,157.0349,114.5943,248.0984,80.2315,0.0,140.9262,A1,beacco_only,,,personne,ADV
adresse,NOUN,A1,beacco,124.4054,58.7112,124.4054,33.0412,43.531,42.8828,45.2699,9.6228,58.7112,115.6474,49.1789,40.0504,74.5107,56.8202,19.328,66.693,A1,word_pos,adresse,N,adresse,NOM
certain,PRON,A1,beacco,124.0527,493.1844,,,,,,,,124.0527,304.6205,562.7377,419.123,1012.6914,1136.0766,493.1844,A1,beacco_only,,,certain,PRO
tête,NOUN,A1,beacco,123.8162,422.2862,123.8162,542.1705,532.1512,510.2725,130.0655,287.2427,422.2862,155.1528,686.9556,574.6273,621.1579,211.0369,283.3744,498.2581,A1,word_pos,tête,N,tête,NOM
mieux,ADV,A1,beacco,123.756,316.1337,123.756,522.202,263.3609,291.3954,262.7894,289.6396,316.1337,166.8156,588.6259,305.6217,341.3307,289.9895,464.6188,372.4432,A1,word_pos,mieux,ADV,mieux,ADV
cacher,VERB,A1,beacco,123.0594,193.4181,123.0594,146.4963,210.2168,355.9972,52.3355,58.4441,193.4181,136.1653,175.929,261.32,293.2135,65.168,19.328,208.9927,A1,word_pos,cacher,V,cacher,VER
garder,VERB,A1,beacco,122.9224,137.6852,122.9224,114.0328,122.9069,198.3397,73.6185,115.473,137.6852,150.3059,148.6497,130.8022,195.0263,120.2103,201.2195,160.5509,A1,word_pos,garder,V,garder,VER
contrôle,NOUN,A1,beacco,122.7629,59.745,122.7629,22.3107,16.0359,28.0716,237.4294,39.0192,59.745,129.262,21.8856,10.2267,25.467,202.0253,56.7717,56.1763,A1,word_pos,contrôle,N,contrôle,NOM
pleurer,VERB,A1,beacco,122.6318,178.677,122.6318,294.2069,181.3636,176.6107,3.2084,9.6228,178.677,127.307,304.0387,156.0629,119.0899,3.4423,19.328,163.4834,A1,word_pos,pleurer,V,pleurer,VER
clair,ADJ,A1,beacco,121.7532,124.0718,121.7532,151.1076,117.6742,177.5855,24.7923,6.4938,124.0718,127.7194,96.2,115.7025,131.9259,16.5561,25.6659,112.3434,A1,word_pos,clair,A,clair,ADJ
ordinateur,NOUN,A1,beacco,121.5691,158.9865,121.5691,245.7004,36.3195,59.1253,457.6041,0.0,158.9865,179.9242,145.2802,31.834,72.8586,304.127,0.0,125.1004,A1,word_pos,ordinateur,N,ordinateur,NOM
trois,PRON,A1,crf_first_attested,121.4225,34.7166,121.4225,11.5402,25.3412,9.8514,1.6042,57.7365,34.7166,,,,,,,,,crf_only,trois,PRO,,
devoirs,NOUN,A1,crf_first_attested,121.3147,22.9842,121.3147,17.9195,0.2405,0.7062,19.6975,0.0,22.9842,,,,,,,,,crf_only,devoirs,N,,
mot,NOUN,A1,beacco,121.1302,163.1766,121.1302,147.6808,135.2738,171.6926,134.0283,419.5212,163.1766,144.1278,356.7832,400.373,397.5343,225.5637,537.4567,357.4195,A1,word_pos,mot,N,mot,NOM
parc,NOUN,A1,beacco,120.8639,77.9163,120.8639,53.7858,65.8834,58.4979,38.9993,19.4814,77.9163,138.6716,68.6683,77.3035,13.0181,78.6751,38.4989,91.8443,A1,word_pos,parc,N,parc,NOM
offrir,VERB,A1,beacco,120.6857,197.2329,120.6857,164.3178,221.8344,127.5699,327.4411,318.625,197.2329,112.2885,147.4799,224.7705,159.3481,367.2499,332.3343,204.4489,A1,word_pos,offrir,V,offrir,VER
tomber,VERB,A1,beacco,120.525,270.1347,120.525,359.9726,396.5077,203.3608,99.649,79.5562,270.1347,128.3683,416.4778,492.6,261.1918,120.3766,56.7717,319.2378,A1,word_pos,tomber,V,tomber,VER
quelle,DET,A1,crf_first_attested,120.3091,40.0695,120.3091,14.9986,10.7032,60.3922,10.2524,0.0,40.0695,,,,,,,,,crf_only,quelle,DETWH,,
verre,NOUN,A1,beacco,120.2924,135.1377,120.2924,113.5583,78.7696,210.888,95.489,25.9752,135.1377,120.0989,110.6313,104.5946,212.5714,79.4506,25.6659,133.0996,A1,word_pos,verre,N,verre,NOM
anniversaire,NOUN,A1,beacco,119.0521,20.7086,119.0521,6.7882,14.2563,0.0,1.6042,0.0,20.7086,124.425,6.5615,22.4733,0.0,3.4423,0.0,23.6773,A1,word_pos,anniversaire,N,anniversaire,NOM
promettre,VERB,A1,beacco,118.3537,104.4089,118.3537,62.6579,124.5629,86.3407,59.4589,45.4565,104.4089,103.2254,72.1447,106.4202,99.3144,50.0526,38.4989,96.9776,A1,word_pos,promettre,V,promettre,VER
élève,NOUN,A1,beacco,117.9368,123.1024,117.9368,52.0648,96.9468,166.3017,93.9766,107.2896,123.1024,135.2038,75.2797,81.0103,169.9797,87.3858,77.4712,123.1864,A1,word_pos,élève,N,élève,NOM
organiser,VERB,A1,beacco,117.7625,163.561,117.7625,134.1579,237.6656,54.7302,165.1759,197.005,163.561,146.7753,157.0574,240.2935,68.3788,132.8606,171.4545,170.7689,A1,word_pos,organiser,V,organiser,VER
dur,ADJ,A1,beacco,117.7204,114.8119,117.7204,150.7116,81.5995,104.5311,74.9602,38.491,114.8119,68.5676,93.6685,56.0291,99.6801,40.6321,0.0,77.8571,A1,word_pos,dur,A,dur,ADJ
cour,NOUN,A1,beacco,117.2994,106.7203,117.2994,98.7802,147.9578,85.0326,9.3035,0.0,106.7203,96.5985,103.6552,123.0219,83.762,0.0,0.0,96.667,A1,word_pos,cour,N,cour,NOM
papa,NOUN,A1,beacco,117.0972,71.0672,117.0972,59.7115,39.069,3.0277,9.3035,19.2455,71.0672,162.18,78.5171,69.8179,2.2839,12.0009,57.984,82.6937,A1,word_pos,papa,N,papa,NOM
finalement,ADV,A1,beacco,116.8116,104.3448,116.8116,105.5038,84.7572,91.6405,65.6657,125.573,104.3448,94.9608,62.5392,83.8672,81.8625,57.1082,95.2552,86.7238,A1,word_pos,finalement,ADV,finalement,ADV
sourire,VERB,A1,beacco,116.6429,146.967,116.6429,207.8218,121.019,169.7628,81.3665,0.0,146.967,88.1602,236.0295,165.6898,193.2271,40.0479,0.0,160.1288,A1,word_pos,sourire,V,sourire,VER
ah,ADV,A1,beacco,115.7645,28.3166,115.7645,11.7886,12.4436,14.7876,3.1012,0.0,28.3166,1245.4763,364.4159,149.3712,204.6715,58.0665,0.0,335.5555,A1,unique_word,ah,ADV,ah,INT
reprendre,VERB,A1,beacco,115.7173,217.7491,115.7173,190.6521,294.7118,172.4355,191.5891,76.982,217.7491,64.0089,206.0553,272.0331,162.8077,134.9799,57.984,193.2388,A1,word_pos,reprendre,V,reprendre,VER
étage,NOUN,A1,beacco,115.6629,94.9824,115.6629,142.8931,48.2064,112.4152,25.3674,0.0,94.9824,135.6176,110.7298,48.6032,146.3089,31.3528,0.0,95.0721,A1,word_pos,étage,N,étage,NOM
tout droit,ADV,A1,crf_first_attested,115.4076,15.6543,115.4076,0.3702,1.6366,12.3729,0.0,0.0,15.6543,,,,,,,,,crf_only,tout droit,ADV,,
études,NOUN,A1,crf_first_attested,114.8662,154.0575,114.8662,100.1891,140.7045,168.2996,214.6967,328.3118,154.0575,,,,,,,,,crf_only,études,N,,
cheval,NOUN,A1,beacco,114.8525,174.6528,114.8525,390.9696,166.8229,22.0635,15.6669,6.176,174.6528,121.3443,466.1159,242.4744,71.9275,31.5653,4.0185,221.6396,A1,word_pos,cheval,N,cheval,NOM
asseoir,VERB,A1,beacco,114.642,193.2388,114.642,424.9252,114.1529,205.8429,55.5153,9.6228,193.2388,156.1348,467.2363,166.0014,312.176,46.7967,19.328,248.5319,A1,word_pos,asseoir,V,asseoir,VER
calme,ADJ,A1,beacco,114.5243,54.1349,114.5243,24.3111,51.2827,53.6288,0.0,0.0,54.1349,159.9037,31.2152,75.7821,130.0667,3.4423,0.0,88.8431,A1,word_pos,calme,A,calme,ADJ
battre,VERB,A1,beacco,114.4038,172.9482,114.4038,239.1518,218.6662,117.4776,57.2632,0.0,172.9482,138.8889,267.8685,207.6325,88.2613,80.2315,12.833,174.3227,A1,word_pos,battre,V,battre,VER
reine,NOUN,A1,beacco,113.911,138.0916,113.911,224.5114,98.3186,0.0,0.0,8.2347,138.0916,97.9481,257.86,67.5211,0.0,0.0,8.037,141.3167,A1,word_pos,reine,N,reine,NOM
télé,NOUN,A1,beacco,113.6559,48.7087,113.6559,71.5244,14.4065,19.1193,26.7495,9.6228,48.7087,123.5368,99.4771,22.0473,11.0661,59.5829,0.0,60.7715,A1,word_pos,télé,N,télé,NOM
fleurs,NOUN,A1,crf_first_attested,113.358,99.3936,113.358,121.2604,114.5207,25.9099,45.67,8.2347,99.3936,,,,,,,,,crf_only,fleurs,N,,
permettre,VERB,A1,beacco,113.2664,463.4417,113.2664,309.6378,503.4791,337.1823,954.5904,1253.1431,463.4417,94.1561,320.262,464.7136,334.0614,999.2871,1151.0793,436.8006,A1,word_pos,permettre,V,permettre,VER
avancer,VERB,A1,beacco,112.8911,132.773,112.8911,73.2677,150.0955,158.8946,98.7095,67.3593,132.773,97.5545,46.0237,152.6693,193.6465,100.5474,77.312,132.3972,A1,word_pos,avancer,V,avancer,VER
voix,NOUN,A1,beacco,112.5885,374.1869,112.5885,520.3123,418.4903,411.5176,208.8631,0.0,374.1869,159.9058,440.319,451.2798,257.8787,183.0858,0.0,359.0881,A1,word_pos,voix,N,voix,NOM
directeur,NOUN,A1,beacco,112.3161,176.0405,112.3161,98.9278,159.7119,166.3473,43.4419,649.237,176.0405,106.6773,69.3583,133.5471,111.9737,50.2393,105.0167,120.8322,A1,word_pos,directeur,N,directeur,NOM
mal,ADV,A1,beacco,112.2906,186.187,112.2906,170.5532,233.4244,196.0343,125.3204,108.0514,186.187,246.8575,225.7367,350.7254,240.2544,136.1814,142.7957,262.7469,A1,word_pos,mal,ADV,mal,ADV
moulin,NOUN,A1,beacco,111.7833,17.6962,111.7833,10.0834,0.363,0.0,0.0,0.0,17.6962,63.9067,8.103,1.5025,0.0,0.0,0.0,13.8704,A1,word_pos,moulin,N,moulin,NOM
dix,DET,A1,crf_first_attested,111.066,209.7217,111.066,285.2483,190.4581,233.3292,295.4919,0.0,209.7217,,,,,,,,,crf_only,dix,DET,,
bord,NOUN,A1,beacco,110.8495,115.1727,110.8495,142.1857,125.1205,121.7269,48.4951,0.0,115.1727,143.5976,113.006,164.7952,152.074,49.5147,0.0,130.3001,A1,word_pos,bord,N,bord,NOM
passage,NOUN,A1,beacco,110.4055,136.3639,110.4055,136.3214,130.2162,108.356,94.3652,113.8624,136.3639,144.3895,123.7554,97.758,63.7526,151.4214,113.6757,123.3278,A1,word_pos,passage,N,passage,NOM
souvenir,NOUN,A1,beacco,110.0861,110.1074,110.0861,36.0926,129.2229,91.714,166.408,9.6228,110.1074,78.1636,56.6332,123.1192,66.4982,93.4831,19.328,91.1705,A1,word_pos,souvenir,N,souvenir,NOM
chanter,VERB,A1,beacco,109.6604,97.6206,109.6604,97.1158,135.9655,36.4831,25.386,0.0,97.6206,74.1324,122.4864,160.955,34.123,27.403,0.0,106.0313,A1,word_pos,chanter,V,chanter,VER
visite,NOUN,A1,beacco,109.3936,83.0712,109.3936,67.1003,120.1568,12.6309,15.6669,79.5562,83.0712,142.6252,113.9063,160.6289,42.6653,20.024,127.4317,120.0205,A1,word_pos,visite,N,visite,NOM
endroit,NOUN,A1,beacco,109.0797,144.919,109.0797,201.4226,128.5805,198.0766,44.058,0.0,144.919,95.9066,241.2858,177.2352,257.9593,49.1091,0.0,175.0452,A1,word_pos,endroit,N,endroit,NOM
rendre,VERB,A1,beacco,108.8172,415.9188,108.8172,419.1774,580.8365,365.4793,513.2795,283.7778,415.9188,97.098,378.0964,631.9037,348.5802,505.1477,306.2805,416.7804,A1,word_pos,rendre,V,rendre,VER
de plus en plus,ADV,A1,crf_first_attested,108.6591,199.5807,108.6591,113.672,252.6739,165.6379,228.3547,367.8152,199.5807,,,,,,,,,crf_only,de plus en plus,ADV,,
spectacle,NOUN,A1,beacco,108.1395,93.7885,108.1395,56.2006,111.0502,67.2562,48.6843,57.7365,93.7885,26.9363,57.6564,86.5854,64.095,40.7953,57.984,68.7855,A1,word_pos,spectacle,N,spectacle,NOM
italien,ADJ,A1,beacco,107.9969,40.9078,107.9969,6.1584,23.7298,36.8375,3.1012,96.2275,40.9078,136.2131,7.809,27.6684,37.5784,6.0005,115.968,46.8402,A1,word_pos,italien,A,italien,ADJ
fou,ADJ,A1,beacco,107.9799,95.5271,107.9799,127.9632,101.2756,73.5642,10.2669,0.0,95.5271,72.2113,73.4533,87.2323,70.0647,0.0,0.0,72.9017,A1,word_pos,fou,A,fou,ADJ
tu vas,ADV,A1,crf_first_attested,107.975,15.231,107.975,4.4333,0.2295,2.6847,0.0,0.0,15.231,,,,,,,,,crf_only,tu vas,ADV,,
janvier,NOUN,A1,beacco,107.9584,97.4263,107.9584,42.7802,113.6988,38.3087,147.1542,195.8724,97.4263,60.5902,26.6626,107.3239,101.5619,162.175,145.006,95.1364,A1,word_pos,janvier,N,janvier,NOM
tenir,VERB,A1,beacco,107.9215,309.0015,107.9215,300.9585,391.9806,316.006,308.9719,353.0262,309.0015,154.7155,420.6895,481.3887,473.1507,398.5818,560.5674,409.7117,A1,word_pos,tenir,V,tenir,VER
fatiguer,VERB,A1,beacco,107.7606,69.3905,107.7606,113.9889,29.7328,89.7309,0.0,6.4938,69.3905,65.0781,143.2647,51.7785,111.0505,0.0,12.833,83.1712,A1,word_pos,fatiguer,V,fatiguer,VER
grand-mère,NOUN,A1,beacco,107.7136,50.9697,,,,,,,,107.7136,107.7854,14.7123,14.1801,0.0,56.7717,50.9697,A1,beacco_only,,,grand-mère,NOM
prix,NOUN,A1,beacco,107.2072,183.2505,107.2072,123.8392,229.3623,216.9108,193.493,165.0698,183.2505,113.2316,138.9792,248.7577,226.2648,255.945,306.6137,208.2422,A1,word_pos,prix,N,prix,NOM
adulte,NOUN,A1,beacco,107.1661,52.7058,107.1661,26.8755,26.3556,44.5144,19.6134,108.6082,52.7058,94.6392,24.9072,20.5411,22.7812,29.205,77.4712,41.8069,A1,word_pos,adulte,N,adulte,NOM
imaginer,VERB,A1,beacco,106.9534,133.4927,106.9534,123.556,109.471,109.0126,183.4869,57.7365,133.4927,129.5458,124.5059,110.7369,76.9936,156.3131,38.656,119.0446,A1,word_pos,imaginer,V,imaginer,VER
côté,NOUN,A1,beacco,106.4711,177.2703,106.4711,166.338,177.9969,205.5643,241.8863,72.7833,177.2703,553.0153,556.0258,458.0393,591.6059,364.3531,134.1811,486.882,A1,word_pos,côté,N,côté,NOM
respecter,VERB,A1,beacco,106.065,54.664,106.065,13.1468,64.395,1.4125,104.6709,43.6102,54.664,121.3704,12.4866,52.6289,2.5411,123.6812,56.7717,55.4743,A1,word_pos,respecter,V,respecter,VER
aide,NOUN,A1,beacco,105.9975,89.1229,105.9975,92.5923,69.1927,46.7406,126.6556,69.3619,89.1229,134.1402,82.1259,116.4162,87.9191,138.6263,113.5434,116.561,A1,word_pos,aide,N,aide,NOM
mètre,NOUN,A1,beacco,105.9689,123.8964,105.9689,50.5498,154.8094,150.5011,180.4637,0.0,123.8964,88.804,80.6695,170.4546,132.7685,140.1678,0.0,128.9264,A1,word_pos,mètre,N,mètre,NOM
avant de,PREP,A1,crf_first_attested,105.7578,251.8442,105.7578,243.9766,293.885,263.9574,300.0439,208.0857,251.8442,,,,,,,,,crf_only,avant de,PREP,,
bise,NOUN,A1,beacco,105.4247,24.6509,105.4247,1.0107,11.921,6.3561,0.0,0.0,24.6509,56.4423,4.633,0.1029,2.5411,0.0,0.0,11.4225,A1,word_pos,bise,N,bise,NOM
discuter,VERB,A1,beacco,104.9907,40.2071,104.9907,22.788,37.4686,14.4123,18.4508,0.0,40.2071,161.1468,39.9672,54.7163,16.2155,19.861,0.0,59.2798,A1,word_pos,discuter,V,discuter,VER
frère,NOUN,A1,beacco,104.6539,155.3002,104.6539,294.577,134.779,77.2235,62.3955,38.491,155.3002,135.264,324.501,137.7691,58.5573,40.0479,77.312,162.223,A1,word_pos,frère,N,frère,NOM
génial,ADJ,A1,beacco,104.4262,47.4974,104.4262,73.843,43.6487,0.0,0.0,0.0,47.4974,106.5215,58.1115,31.5348,0.0,0.0,0.0,38.6757,A1,word_pos,génial,A,génial,ADJ
maths,NOUN,A1,beacco,104.2411,20.8166,104.2411,10.4145,0.2093,0.0,3.2084,0.0,20.8166,138.2262,33.8277,0.1219,0.911,3.4423,0.0,28.2203,A1,word_pos,maths,N,maths,NOM
avis,NOUN,A1,beacco,104.1759,97.0617,104.1759,114.189,69.3005,59.6098,62.338,152.7516,97.0617,110.4621,125.9516,87.5617,109.0234,65.9532,204.5317,115.0571,A1,word_pos,avis,N,avis,NOM
station,NOUN,A1,beacco,103.6337,32.9044,103.6337,12.1142,8.4374,10.9337,60.0832,0.0,32.9044,55.3577,8.9587,10.224,6.3771,65.9532,0.0,25.1512,A1,word_pos,station,N,station,NOM
autre,PRON,A1,crf_first_attested,103.4402,316.3503,103.4402,187.7763,350.2173,695.0517,384.2287,96.9035,316.3503,,,,,,,,,crf_only,autre,PRO,,
tout à coup,ADV,A1,crf_first_attested,102.577,110.0207,102.577,121.748,153.7332,35.407,1.6042,0.0,110.0207,,,,,,,,,crf_only,tout à coup,ADV,,
informations,NOUN,A1,crf_first_attested,102.3058,91.7523,102.3058,57.9255,57.2834,123.3068,137.1214,48.1138,91.7523,,,,,,,,,crf_only,informations,N,,
huit,DET,A1,crf_first_attested,102.0912,79.6503,102.0912,64.55,43.7662,62.9141,134.5914,32.4689,79.6503,,,,,,,,,crf_only,huit,DET,,
ski,NOUN,A1,beacco,101.6242,20.73,101.6242,2.2462,11.4325,0.0,6.2023,6.4938,20.73,106.8935,0.6228,12.5644,0.0,6.0005,12.833,16.786,A1,word_pos,ski,N,ski,NOM
à côté du,PREP,A1,crf_first_attested,101.4518,46.8446,101.4518,54.953,15.6087,34.7557,20.4505,4.1173,46.8446,,,,,,,,,crf_only,à côté du,PREP,,
un,PRON,A1,crf_first_attested,101.3261,321.9478,101.3261,386.021,394.8307,317.8511,244.7996,266.1605,321.9478,,,,,,,,,crf_only,un,PRO,,
image,NOUN,A1,beacco,100.7901,152.7128,100.7901,75.9325,110.549,196.7969,292.1855,201.6639,152.7128,87.5129,68.8839,114.2176,227.3923,289.3843,202.2974,144.8023,A1,word_pos,image,N,image,NOM
normal,ADJ,A1,beacco,100.7579,89.3364,100.7579,138.6632,57.3536,35.355,111.7563,68.1256,89.3364,93.5499,112.4159,39.0778,48.994,110.3589,77.4712,77.8971,A1,word_pos,normal,A,normal,ADJ
amuser,VERB,A1,beacco,100.3899,95.3604,100.3899,126.7307,64.5901,97.268,49.5797,9.6228,95.3604,106.1765,112.7418,70.1243,111.5967,31.3781,19.328,95.2109,A1,word_pos,amuser,V,amuser,VER
ennuyer,VERB,A1,beacco,100.1834,51.6279,100.1834,28.7397,59.8464,32.9339,3.2084,0.0,51.6279,105.4832,48.5205,55.5605,26.9603,3.4423,0.0,54.8949,A1,word_pos,ennuyer,V,ennuyer,VER
bateau,NOUN,A1,beacco,100.1378,67.1908,100.1378,31.3842,65.1497,92.7533,52.2481,0.0,67.1908,90.3054,58.2631,73.0134,71.2856,50.0526,0.0,73.0977,A1,word_pos,bateau,N,bateau,NOM
danse,NOUN,A1,beacco,99.9966,37.2021,99.9966,6.1072,51.6844,2.0121,0.0,48.1138,37.2021,120.3048,10.0646,56.8209,5.38,0.0,77.312,46.3135,A1,word_pos,danse,N,danse,NOM
sportif,ADJ,A1,beacco,99.8463,76.9161,99.8463,82.6848,33.2973,50.0021,0.0,266.2453,76.9161,107.0413,59.6543,34.0214,51.2309,0.0,128.3297,60.5577,A1,word_pos,sportif,A,sportif,ADJ
salon,NOUN,A1,beacco,99.7006,91.5253,99.7006,114.5718,123.0141,30.5835,12.4046,19.2455,91.5253,55.1073,88.072,103.5234,22.8241,6.0005,38.656,73.3941,A1,word_pos,salon,N,salon,NOM
juste,ADV,A1,crf_first_attested,99.3786,117.0037,99.3786,150.0624,86.5254,174.8748,67.3058,28.8683,117.0037,,,,,,,,,crf_only,juste,ADV,,
rêver,VERB,A1,beacco,99.0272,115.5261,99.0272,138.453,110.1691,64.992,151.5132,28.8683,115.5261,141.4912,158.3797,109.8888,77.4741,101.622,19.328,123.4448,A1,word_pos,rêver,V,rêver,VER
autour de,PREP,A1,crf_first_attested,98.8183,174.7131,98.8183,235.804,194.809,185.6319,122.6325,4.1173,174.7131,,,,,,,,,crf_only,autour de,PREP,,
troisième,ADJ,A1,crf_first_attested,98.5785,89.7139,98.5785,38.515,155.6845,26.6685,24.3636,126.3794,89.7139,,,,,,,,,crf_only,troisième,A,,
recevoir,VERB,A1,beacco,98.2402,243.2782,98.2402,203.9612,304.5506,177.5625,369.6523,187.4754,243.2782,95.886,237.9076,333.8734,228.0127,322.3716,111.7223,257.4296,A1,word_pos,recevoir,V,recevoir,VER
mourir,VERB,A1,beacco,98.1749,184.5976,98.1749,263.275,192.8331,195.7771,19.4525,96.2275,184.5976,191.4975,525.2521,368.6103,359.0114,26.3397,57.984,332.3464,A1,word_pos,mourir,V,mourir,VER
dangereux,ADJ,A1,beacco,97.9774,87.2212,97.9774,98.3612,52.4115,137.4328,56.7888,12.9876,87.2212,84.9518,99.456,66.8927,126.7796,62.7562,25.6659,91.2769,A1,word_pos,dangereux,A,dangereux,ADJ
peu,ADV,A1,beacco,97.9226,286.5596,97.9226,183.8341,370.0686,351.6158,358.9458,381.6123,286.5596,1655.8832,1199.6671,1380.1171,1022.3676,981.1337,768.6963,1245.5727,A1,word_pos,peu,ADV,peu,ADV
journaliste,NOUN,A1,beacco,97.2691,149.7005,97.2691,82.4684,138.9876,308.3908,55.8167,47.2681,149.7005,109.5304,97.2744,111.8392,265.8759,63.3793,93.687,148.1599,A1,word_pos,journaliste,N,journaliste,NOM
certains,DET,A1,crf_first_attested,96.9471,335.955,96.9471,157.5347,378.848,214.2533,807.2545,729.7173,335.955,,,,,,,,,crf_only,certains,DET,,
université,NOUN,A1,beacco,96.8951,122.5608,96.8951,52.8333,61.5315,25.6852,209.32,487.6054,122.5608,138.5249,39.2051,73.3169,17.8055,157.8089,500.0688,112.8667,A1,word_pos,université,N,université,NOM
février,NOUN,A1,beacco,96.7611,102.2228,96.7611,41.1506,91.9095,65.6621,282.8311,38.491,102.2228,124.7946,31.5655,72.9358,51.6513,256.1348,19.328,87.6871,A1,word_pos,février,N,février,NOM
ressembler,VERB,A1,beacco,96.1618,103.0063,96.1618,89.1092,125.4479,88.8904,112.0504,19.2455,103.0063,108.3922,109.7483,127.8417,102.5998,80.2715,19.328,111.146,A1,word_pos,ressembler,V,ressembler,VER
souvenir,VERB,A1,beacco,95.7369,85.4777,95.7369,55.5111,66.7792,106.1025,110.0927,9.6228,85.4777,89.1181,146.0379,80.4223,115.9991,103.7367,19.328,111.6757,A1,word_pos,souvenir,V,souvenir,VER
repas,NOUN,A1,beacco,95.7035,90.191,95.7035,143.5281,101.9038,53.4054,12.4046,0.0,90.191,90.202,163.9534,137.1126,66.4916,12.0009,0.0,106.7611,A1,word_pos,repas,N,repas,NOM
ii,ADJ,A1,crf_first_attested,95.4385,74.7454,95.4385,74.2245,89.6607,26.7712,31.2327,6.4938,74.7454,,,,,,,,,crf_only,ii,A,,
grand - parent,NOUN,A1,crf_first_attested,95.3154,14.9572,95.3154,1.9445,7.7548,0.0,0.0,12.9876,14.9572,,,,,,,,,crf_only,grand - parent,N,,
pauvre,NOUN,A1,beacco,95.1943,56.5707,95.1943,70.5089,24.233,35.2112,54.4402,6.4938,56.5707,98.4061,37.4504,23.3793,61.4036,63.3793,12.833,52.3334,A1,word_pos,pauvre,N,pauvre,NOM
début,NOUN,A1,beacco,94.8903,150.4136,94.8903,110.0729,169.4899,176.4938,174.9205,69.3619,150.4136,138.1159,146.6724,202.1927,167.4938,182.746,86.9662,177.9393,A1,word_pos,début,N,début,NOM
partager,VERB,A1,beacco,94.7197,136.5717,94.7197,125.6079,160.8374,103.0875,185.3205,28.8683,136.5717,105.8693,97.3289,149.3701,102.4395,196.3631,38.656,131.2071,A1,word_pos,partager,V,partager,VER
histoires,NOUN,A1,crf_first_attested,94.6738,53.5144,94.6738,56.7641,34.0734,35.0064,16.8923,39.0461,53.5144,,,,,,,,,crf_only,histoires,N,,
espagnol,ADJ,A1,beacco,94.5506,42.6911,94.5506,25.9256,34.1476,11.2845,6.2023,120.7672,42.6911,102.6188,45.2574,45.0276,31.7474,6.0005,154.9424,59.2799,A1,word_pos,espagnol,A,espagnol,ADJ
activité,NOUN,A1,beacco,94.4621,258.1662,94.4621,152.54,275.9034,105.3213,321.0586,1297.8717,258.1662,106.1098,163.7086,253.1438,113.3464,301.0502,1304.6722,243.9939,A1,word_pos,activité,N,activité,NOM
touriste,NOUN,A1,beacco,94.2609,35.3466,94.2609,13.8286,14.8278,16.7982,19.2505,0.0,35.3466,124.4473,28.4223,17.0041,9.8252,20.6538,0.0,39.8697,A1,word_pos,touriste,N,touriste,NOM
après,ADV,A1,beacco,93.8003,36.966,93.8003,19.715,22.0738,32.4761,25.3674,0.0,36.966,254.076,218.2226,84.4624,170.4179,12.0009,57.984,154.0486,A1,word_pos,après,ADV,après,ADV
lunettes,NOUN,A1,crf_first_attested,93.5933,20.029,93.5933,12.7255,3.4667,6.7895,9.8488,0.0,20.029,,,,,,,,,crf_only,lunettes,N,,
réserver,VERB,A1,beacco,93.1708,89.8311,93.1708,30.7614,124.3219,21.5508,129.8245,182.7867,89.8311,68.6954,34.8922,112.8183,23.8285,157.558,145.006,82.8203,A1,word_pos,réserver,V,réserver,VER
chanson,NOUN,A1,beacco,92.6086,91.7343,92.6086,110.664,100.1295,57.167,14.4378,0.0,91.7343,81.8752,144.8555,67.4905,43.0444,10.3269,0.0,83.7543,A1,word_pos,chanson,N,chanson,NOM
pantalon,NOUN,A1,beacco,91.9888,22.6583,91.9888,21.7732,8.5687,0.0,0.0,0.0,22.6583,72.2113,19.1896,12.6449,0.0,0.0,0.0,21.8587,A1,word_pos,pantalon,N,pantalon,NOM
curieux,ADJ,A1,beacco,91.9041,65.6657,91.9041,61.5806,43.9761,53.2137,45.6318,68.1256,65.6657,66.655,44.5285,51.7052,63.2108,40.0479,86.9662,62.0296,A1,word_pos,curieux,A,curieux,ADJ
réaliser,VERB,A1,beacco,91.8898,153.2039,91.8898,61.5273,163.1358,104.961,367.8375,283.8296,153.2039,63.9153,87.4585,117.1249,80.7684,389.7128,418.7845,143.6291,A1,word_pos,réaliser,V,réaliser,VER
bar,NOUN,A1,beacco,91.8179,60.3092,91.8179,8.277,50.3979,163.8255,8.021,0.0,60.3092,124.5052,16.111,36.1274,166.4881,3.4423,0.0,64.1436,A1,word_pos,bar,N,bar,NOM
internet,NOUN,A1,beacco,91.5412,31.7978,91.5412,0.1235,41.0473,5.1209,55.351,19.2455,31.7978,211.9772,44.3171,132.7435,57.4863,388.943,145.006,153.9222,A1,word_pos,internet,N,internet,NOM
solution,NOUN,A1,beacco,91.0291,88.2872,91.0291,25.2265,69.3601,108.0703,208.4827,64.3237,88.2872,66.784,19.21,77.7566,61.0443,178.4213,77.4712,79.1108,A1,word_pos,solution,N,solution,NOM
pardon,NOUN,A1,beacco,90.9512,17.4657,90.9512,17.3656,0.2041,0.0,3.2084,0.0,17.4657,50.1044,18.7274,11.7466,37.3568,3.4423,0.0,26.8263,A1,word_pos,pardon,N,pardon,NOM
ah oui,ADV,A1,crf_first_attested,90.875,27.3674,90.875,28.221,0.2041,18.4029,9.3035,0.0,27.3674,,,,,,,,,crf_only,ah oui,ADV,,
week - end,NOUN,A1,crf_first_attested,90.7466,34.8614,90.7466,49.6508,11.719,10.2239,6.4168,0.0,34.8614,,,,,,,,,crf_only,week - end,N,,
fêter,VERB,A1,beacco,90.4557,37.3071,90.4557,7.2605,68.4083,6.4693,9.3035,0.0,37.3071,114.1641,14.7205,69.336,8.4014,6.0005,0.0,42.6457,A1,word_pos,fêter,V,fêter,VER
répéter,VERB,A1,beacco,90.4158,88.1651,90.4158,85.6154,106.917,60.1181,12.7628,28.8683,88.1651,73.5221,83.9922,116.3178,88.2702,26.3397,19.328,96.199,A1,word_pos,répéter,V,répéter,VER
vingt,DET,A1,crf_first_attested,90.4061,131.1061,90.4061,121.4884,115.2361,86.0566,206.1137,161.7515,131.1061,,,,,,,,,crf_only,vingt,DET,,
avion,NOUN,A1,beacco,90.2809,68.7515,90.2809,13.8087,90.9696,80.8365,37.9244,0.0,68.7515,87.9709,17.3588,73.3995,59.0353,58.4378,0.0,61.975,A1,word_pos,avion,N,avion,NOM
projet,NOUN,A1,beacco,90.2792,230.3292,90.2792,101.6542,267.5124,215.1261,335.4096,459.769,230.3292,122.6113,81.9292,281.2005,180.0799,352.9392,465.1839,227.4284,A1,word_pos,projet,N,projet,NOM
principal,ADJ,A1,beacco,89.5272,108.6365,89.5272,68.3896,60.2421,118.8632,180.4856,245.4054,108.6365,74.7647,62.5406,81.8316,83.6328,167.8995,227.3515,105.033,A1,word_pos,principal,A,principal,ADJ
brun,ADJ,A1,beacco,89.2393,40.4077,89.2393,27.2264,54.9709,14.2956,0.0,0.0,40.4077,97.9101,40.9203,43.9489,24.6771,0.0,0.0,43.3245,A1,word_pos,brun,A,brun,ADJ
septembre,NOUN,A1,beacco,89.1783,109.2302,89.1783,61.6449,127.9057,127.9105,134.4221,22.1371,109.2302,97.7657,56.1261,123.3208,73.5776,120.2103,43.8345,98.3677,A1,word_pos,septembre,N,septembre,NOM
coin,NOUN,A1,beacco,88.5048,93.7225,88.5048,127.1759,46.2716,191.328,20.7298,0.0,93.7225,71.8662,123.7051,55.7446,225.5146,20.024,0.0,98.8485,A1,word_pos,coin,N,coin,NOM
kilomètre,NOUN,A1,beacco,88.1746,69.2107,88.1746,86.8321,52.5952,30.8445,41.5144,0.0,69.2107,95.7799,96.0864,48.319,53.4387,51.9203,0.0,75.3387,A1,word_pos,kilomètre,N,kilomètre,NOM
doux,ADJ,A1,beacco,88.1299,74.3801,88.1299,122.9608,64.8423,14.4317,55.1534,0.0,74.3801,104.7304,124.7806,63.8318,17.9917,60.0719,0.0,78.6773,A1,word_pos,doux,A,doux,ADJ
viande,NOUN,A1,beacco,87.9875,27.1965,87.9875,19.0986,10.3219,12.575,2.0505,0.0,27.1965,97.1587,24.7077,14.9666,11.8554,4.139,0.0,33.355,A1,word_pos,viande,N,viande,NOM
formidable,ADJ,A1,beacco,87.7693,39.4432,87.7693,12.77,32.0571,28.981,25.3674,48.1138,39.4432,73.2542,7.4701,18.8247,38.2104,20.024,19.328,31.5898,A1,word_pos,formidable,A,formidable,ADJ
banque,NOUN,A1,beacco,87.7026,57.9575,87.7026,9.9816,96.0981,43.1876,56.724,19.4814,57.9575,36.6928,20.2709,73.1818,50.1911,80.3223,12.833,52.2715,A1,word_pos,banque,N,banque,NOM
interroger,VERB,A1,beacco,87.2647,113.4268,87.2647,64.2342,37.4543,336.4595,109.7866,19.2455,113.4268,79.5935,76.5506,44.8828,340.3246,96.5565,19.328,117.3092,A1,word_pos,interroger,V,interroger,VER
habitude,NOUN,A1,beacco,87.0657,190.5788,87.0657,243.9262,223.2913,232.2123,90.8839,48.0277,190.5788,109.1629,314.6505,242.7354,242.1634,90.442,56.7717,222.1454,A1,word_pos,habitude,N,habitude,NOM
collection,NOUN,A1,beacco,86.9053,37.622,86.9053,23.8571,19.9149,11.7215,9.6252,67.3593,37.622,74.7662,36.7471,19.4544,8.3751,3.4423,38.656,36.6853,A1,word_pos,collection,N,collection,NOM
piscine,NOUN,A1,beacco,86.3108,31.905,86.3108,38.2387,3.5364,10.597,30.8006,0.0,31.905,116.2302,28.2095,11.246,2.2839,20.6179,0.0,27.2816,A1,word_pos,piscine,N,piscine,NOM
impossible,ADJ,A1,beacco,86.2557,164.3556,86.2557,163.0585,188.0406,177.1936,160.3346,28.8683,164.3556,55.528,142.6059,138.2897,131.989,170.044,19.328,132.2239,A1,word_pos,impossible,A,impossible,ADJ
six,DET,A1,crf_first_attested,86.2143,180.4697,86.2143,242.3596,186.3564,201.5686,87.374,69.3619,180.4697,,,,,,,,,crf_only,six,DET,,
grand - père,NOUN,A1,crf_first_attested,85.9105,14.5585,85.9105,0.3702,4.0175,0.0,6.4168,0.0,14.5585,,,,,,,,,crf_only,grand - père,N,,
mariage,NOUN,A1,beacco,85.8091,177.6226,85.8091,200.4101,109.4558,57.9448,256.3983,510.0059,177.6226,104.7694,206.7311,109.5515,60.901,223.3187,463.8719,182.4876,A1,word_pos,mariage,N,mariage,NOM
pain,NOUN,A1,beacco,85.7677,75.0791,85.7677,117.5859,54.8161,45.6882,1.6042,0.0,75.0791,116.6015,116.1231,53.7695,56.5614,3.4423,0.0,84.619,A1,word_pos,pain,N,pain,NOM
dos,NOUN,A1,beacco,85.4978,89.1091,85.4978,79.3468,61.3823,80.5639,127.1081,0.0,89.1091,106.9033,80.9401,76.4585,91.5558,92.2241,0.0,89.6201,A1,word_pos,dos,N,dos,NOM
environ,PREP,A1,beacco,84.542,70.5399,,,,,,,,84.542,56.1567,79.8793,12.8024,60.4644,134.1811,70.5399,A1,beacco_only,,,environ,PRP
ciel,NOUN,A1,beacco,84.2657,90.1379,84.2657,73.9531,105.2545,58.2623,103.6489,0.0,90.1379,97.0313,106.7368,138.0721,65.5361,60.0719,0.0,107.2489,A1,word_pos,ciel,N,ciel,NOM
août,NOUN,A1,beacco,83.9639,50.4067,83.9639,46.0077,55.9647,16.8317,54.3041,0.0,50.4067,80.0686,46.1948,50.5059,23.1703,63.1306,0.0,46.6588,A1,word_pos,août,N,août,NOM
aime,NOUN,A1,crf_first_attested,83.5761,21.5551,83.5761,15.8378,3.4382,13.4486,0.0,0.0,21.5551,,,,,,,,,crf_only,aime,N,,
côte,NOUN,A1,beacco,83.2728,31.7095,83.2728,8.6098,32.9852,9.7124,21.7081,0.0,31.7095,26.5211,15.2475,57.959,2.2839,24.0018,0.0,33.3318,A1,word_pos,côte,N,côte,NOM
nature,NOUN,A1,beacco,82.4407,78.4712,82.4407,46.7003,101.811,44.4252,79.0209,28.471,78.4712,107.7137,40.1682,123.0939,67.3661,162.175,50.4231,96.8754,A1,word_pos,nature,N,nature,NOM
climat,NOUN,A1,beacco,82.3625,30.7839,82.3625,2.7227,24.8021,3.0277,69.0437,72.1635,30.7839,68.1094,3.8553,28.1265,4.5679,91.5429,43.8345,31.7635,A1,word_pos,climat,N,climat,NOM
d' accord,ADV,A1,crf_first_attested,81.7919,29.271,81.7919,20.8991,5.8163,36.3951,0.0,32.4689,29.271,,,,,,,,,crf_only,d' accord,ADV,,
neuf,ADJ,A1,beacco,81.6703,45.4841,81.6703,39.0037,14.6498,33.2919,114.0028,9.6228,45.4841,87.7092,50.806,45.1319,81.0992,125.6164,19.328,74.6413,A1,word_pos,neuf,A,neuf,ADJ
extraordinaire,ADJ,A1,beacco,81.3525,74.3239,81.3525,44.7919,84.157,42.8751,82.1349,9.6228,74.3239,97.231,44.1579,104.3264,30.9662,41.2358,19.328,74.1343,A1,word_pos,extraordinaire,A,extraordinaire,ADJ
oreille,NOUN,A1,beacco,81.3451,105.6498,81.3451,68.1288,174.5497,83.7578,31.0115,0.0,105.6498,88.2134,90.1312,163.4195,99.2213,36.0028,0.0,113.7061,A1,word_pos,oreille,N,oreille,NOM
défendre,VERB,A1,beacco,81.3351,59.0746,81.3351,25.1381,81.2669,51.7423,45.3131,0.0,59.0746,53.3439,29.9383,88.7637,57.8288,72.2624,0.0,64.7755,A1,word_pos,défendre,V,défendre,VER
site,NOUN,A1,beacco,80.9043,126.6997,80.9043,42.6676,193.7379,74.8471,212.8697,56.3681,126.6997,93.5719,47.7168,208.5309,52.7499,207.5014,111.7223,133.926,A1,word_pos,site,N,site,NOM
bouteille,NOUN,A1,beacco,80.7082,57.4499,80.7082,78.9556,26.5274,35.0213,47.7847,0.0,57.4499,98.3134,92.0027,27.2806,38.5142,40.7953,0.0,63.8126,A1,word_pos,bouteille,N,bouteille,NOM
souhaiter,VERB,A1,beacco,80.4295,116.4813,80.4295,125.9808,120.5083,99.4338,84.116,114.1918,116.4813,121.0475,124.301,129.1035,114.3302,77.1946,134.1811,128.2457,A1,word_pos,souhaiter,V,souhaiter,VER
peintre,NOUN,A1,beacco,80.3844,46.0723,80.3844,8.0682,25.907,94.0201,32.7469,0.0,46.0723,87.8057,36.0794,25.3321,91.6786,31.3528,0.0,51.0902,A1,word_pos,peintre,N,peintre,NOM
blond,ADJ,A1,beacco,80.1545,36.3009,80.1545,34.1297,13.6922,40.9389,18.4508,0.0,36.3009,65.751,51.7847,17.0543,60.2235,19.861,0.0,43.9814,A1,word_pos,blond,A,blond,ADJ
sentir,VERB,A1,beacco,80.0969,312.3017,80.0969,399.0689,408.8577,309.6437,255.8318,108.039,312.3017,69.4478,395.4524,399.2616,336.6468,268.0661,131.2856,313.7235,A1,word_pos,sentir,V,sentir,VER
tellement,ADV,A1,beacco,79.7298,87.3935,79.7298,68.5994,107.0154,98.0969,38.905,0.0,87.3935,72.9375,71.687,108.3216,127.766,46.7967,0.0,91.2243,A1,word_pos,tellement,ADV,tellement,ADV
grand-père,NOUN,A1,beacco,79.3866,15.2335,,,,,,,,79.3866,0.606,8.6985,0.0,3.4423,0.0,15.2335,A1,beacco_only,,,grand-père,NOM
commerce,NOUN,A1,beacco,79.1985,95.6675,79.1985,76.1695,63.4407,4.7828,318.6163,48.1138,95.6675,71.1048,63.7096,76.3556,8.4014,255.1924,19.328,85.0036,A1,word_pos,commerce,N,commerce,NOM
annoncer,VERB,A1,beacco,78.5404,110.6177,78.5404,92.115,121.9898,40.9615,208.1218,29.8958,110.6177,81.0928,91.7567,119.7158,44.8286,142.4287,44.6051,104.0276,A1,word_pos,annoncer,V,annoncer,VER
repartir,VERB,A1,beacco,78.5367,55.3846,78.5367,83.1682,28.2695,46.9956,6.1515,0.0,55.3846,86.3792,73.935,40.5991,32.1334,4.139,0.0,55.0454,A1,word_pos,repartir,V,repartir,VER
appareil,NOUN,A1,beacco,78.4941,78.1678,78.4941,160.4976,18.3114,24.223,111.7828,38.491,78.1678,55.6323,118.9589,26.9044,30.2527,142.4287,38.656,71.8559,A1,word_pos,appareil,N,appareil,NOM
quart,NOUN,A1,beacco,77.9745,59.3421,77.9745,68.6744,40.6501,38.5857,27.7392,48.0277,59.3421,51.625,65.0639,32.8322,49.9906,8.2781,77.4712,53.0623,A1,word_pos,quart,N,quart,NOM
honneur,NOUN,A1,beacco,77.8832,57.9283,77.8832,34.8945,42.4561,73.6909,55.8167,0.0,57.9283,45.4066,46.2507,44.7959,63.3089,80.3223,0.0,60.3525,A1,word_pos,honneur,N,honneur,NOM
coup,NOUN,A1,beacco,77.8688,285.8728,77.8688,338.934,343.2527,433.167,157.8825,19.4814,285.8728,214.2747,562.8843,570.3353,752.1878,238.1468,56.7717,498.8974,A1,word_pos,coup,N,coup,NOM
légende,NOUN,A1,beacco,77.1913,28.8709,77.1913,9.8703,26.6878,24.9697,0.0,0.0,28.8709,36.5635,18.8239,22.3816,16.7844,0.0,0.0,21.3867,A1,word_pos,légende,N,légende,NOM
réunir,VERB,A1,beacco,77.1492,66.3458,77.1492,47.469,76.379,50.7247,62.9119,0.0,66.3458,74.2403,61.2005,93.9121,48.6847,61.8536,0.0,73.5013,A1,word_pos,réunir,V,réunir,VER
télévision,NOUN,A1,beacco,76.9878,183.1737,76.9878,92.1374,123.6464,204.5863,362.9811,441.0289,183.1737,76.2489,105.2223,86.6907,80.0839,389.5181,644.8762,164.0967,A1,word_pos,télévision,N,télévision,NOM
après,CONJ,A1,beacco,76.9664,61.491,,,,,,,,76.9664,39.8944,64.8411,66.2247,31.3528,0.0,61.491,A1,beacco_only,,,après,KON
police,NOUN,A1,beacco,76.6789,226.4841,76.6789,265.7263,66.1198,833.5148,147.8508,0.0,226.4841,90.741,202.5127,63.0204,889.782,139.9689,0.0,233.3332,A1,word_pos,police,N,police,NOM
terminer,VERB,A1,beacco,76.662,70.457,76.662,105.3399,60.3291,36.4301,52.3355,9.6228,70.457,88.165,98.1502,87.9967,38.0295,40.1357,19.328,79.1003,A1,word_pos,terminer,V,terminer,VER
anglais,ADJ,A1,beacco,76.2434,76.1703,76.2434,102.2297,47.6799,74.8229,33.8984,67.3593,76.1703,273.8167,216.8956,144.311,232.3445,146.4853,96.64,213.2646,A1,word_pos,anglais,A,anglais,ADJ
plat,NOUN,A1,beacco,76.2087,38.5742,76.2087,16.2666,41.9386,23.1877,6.2023,2.0587,38.5742,131.2083,14.4602,52.4846,28.8851,20.024,4.0185,52.9262,A1,word_pos,plat,N,plat,NOM
non plus,ADV,A1,crf_first_attested,76.0731,75.1762,76.0731,66.2836,32.2317,110.2233,116.1824,56.9312,75.1762,,,,,,,,,crf_only,non plus,ADV,,
selon,PREP,A1,beacco,75.7327,228.1653,75.7327,77.9998,262.9751,214.1294,549.321,500.2596,228.1653,79.1491,82.1112,237.3823,227.584,505.7057,466.0935,217.6353,A1,word_pos,selon,PREP,selon,PRP
menu,NOUN,A1,beacco,75.489,11.8767,75.489,3.2245,0.1637,0.7062,0.0,0.0,11.8767,148.0107,14.0171,2.5994,1.2705,3.4423,0.0,23.153,A1,word_pos,menu,N,menu,NOM
grands-parents,NOUN,A1,beacco,75.2797,27.6295,,,,,,,,75.2797,12.7147,22.2256,4.5679,0.0,12.833,27.6295,A1,beacco_only,,,grands-parents,NOM
mort,NOUN,A1,beacco,75.2669,233.0123,75.2669,108.5445,370.1972,157.1097,326.7578,126.4605,233.0123,76.5424,135.2131,456.7918,233.2257,356.2247,173.9324,275.4923,A1,word_pos,mort,N,mort,NOM
exister,VERB,A1,beacco,74.7471,263.1771,74.7471,214.2497,309.5656,222.0589,401.7301,353.6793,263.1771,81.4043,205.5815,275.9043,195.8331,375.0797,457.4467,247.5077,A1,word_pos,exister,V,exister,VER
partie,NOUN,A1,beacco,74.6883,223.7517,74.6883,164.1974,256.4671,201.2026,395.1055,203.9085,223.7517,87.0363,213.7669,284.5765,219.2306,506.0911,360.3697,261.4053,A1,word_pos,partie,N,partie,NOM
admirer,VERB,A1,beacco,74.577,28.1361,74.577,8.8621,34.1105,12.0167,6.2023,0.0,28.1361,81.6639,12.8094,43.6048,48.8847,31.3528,0.0,44.6655,A1,word_pos,admirer,V,admirer,VER
confiture,NOUN,A1,beacco,74.4057,16.3005,74.4057,1.2683,7.1942,0.0,3.2084,12.9876,16.3005,70.4846,1.2017,7.6513,0.0,3.4423,12.833,14.3284,A1,word_pos,confiture,N,confiture,NOM
disparaître,VERB,A1,beacco,74.1088,163.1204,74.1088,218.0498,187.8468,98.8695,90.0987,115.473,163.1204,92.5016,234.5953,222.1448,85.9728,94.117,96.64,175.152,A1,word_pos,disparaître,V,disparaître,VER
bande,NOUN,A1,beacco,73.8454,54.536,73.8454,56.9354,32.446,34.803,56.781,0.0,54.536,74.3464,64.4931,27.4631,14.1801,30.0023,0.0,43.9192,A1,word_pos,bande,N,bande,NOM
demi - heure,NOUN,A1,crf_first_attested,73.1585,37.5313,73.1585,40.3058,29.0633,40.619,0.0,0.0,37.5313,,,,,,,,,crf_only,demi - heure,N,,
longue,ADJ,A1,beacco,73.0762,170.4206,,,,,,,,73.0762,230.268,130.0051,216.4469,157.558,151.1435,170.4206,A1,beacco_only,,,longue,ADJ
pomme,NOUN,A1,beacco,73.0259,33.8045,73.0259,24.3894,24.8305,6.4693,6.4168,67.3593,33.8045,104.7103,32.9497,29.8409,8.4014,13.7692,57.984,43.8997,A1,word_pos,pomme,N,pomme,NOM
mairie,NOUN,A1,beacco,72.7114,57.5758,72.7114,52.125,61.6425,1.5139,25.3674,114.1335,57.5758,85.1765,44.8156,71.2806,2.2839,26.3397,38.4989,55.2126,A1,word_pos,mairie,N,mairie,NOM
trois,ADJ,A1,crf_first_attested,72.6615,134.0459,72.6615,129.0689,160.8934,112.3549,72.0068,244.9902,134.0459,,,,,,,,,crf_only,trois,A,,
couper,VERB,A1,beacco,72.3795,80.7224,72.3795,135.5947,44.6347,4.0241,90.2801,67.3593,80.7224,96.1217,134.9359,57.7738,10.76,88.3167,38.656,85.7309,A1,word_pos,couper,V,couper,VER
accueillir,VERB,A1,beacco,72.3205,65.2332,72.3205,36.6007,50.9135,50.0021,88.6541,86.6048,65.2332,107.2178,33.3076,68.0894,44.7845,85.2966,77.312,70.0411,A1,word_pos,accueillir,V,accueillir,VER
prince,NOUN,A1,beacco,72.2344,34.7443,72.2344,45.6568,11.7751,0.0,25.7756,0.0,34.7443,82.0955,59.2266,9.4167,0.0,40.0479,0.0,44.1236,A1,word_pos,prince,N,prince,NOM
chien,ADJ,A1,crf_first_attested,72.2023,15.9229,72.2023,8.9215,6.8201,3.0277,0.0,0.0,15.9229,,,,,,,,,crf_only,chien,A,,
cité,NOUN,A1,beacco,72.1776,58.5144,72.1776,48.6246,57.4334,21.514,63.6688,44.2742,58.5144,49.1742,45.5949,40.7074,4.5679,66.4491,56.7717,42.9613,A1,word_pos,cité,N,cité,NOM
origine,NOUN,A1,beacco,72.1615,150.3415,72.1615,77.3056,121.8724,61.5768,365.7898,346.8095,150.3415,67.2898,114.846,135.7032,100.3956,525.6218,480.1617,181.8051,A1,word_pos,origine,N,origine,NOM
agréable,ADJ,A1,beacco,72.0628,48.1354,72.0628,49.8167,59.9717,12.4669,3.2084,6.176,48.1354,60.1664,47.5486,74.6554,24.6051,3.4423,4.0185,51.3314,A1,word_pos,agréable,A,agréable,ADJ
milieu,NOUN,A1,beacco,71.9993,169.3815,71.9993,116.7983,190.5057,174.8724,180.3045,332.3684,169.3815,82.1906,250.3953,296.8805,251.3726,253.9662,209.3923,248.8331,A1,word_pos,milieu,N,milieu,NOM
isabelle,ADJ,A1,crf_first_attested,71.8863,13.7537,71.8863,0.7405,11.3249,0.0,1.6042,0.0,13.7537,,,,,,,,,crf_only,isabelle,A,,
inauguration,NOUN,A1,beacco,71.6046,7.0518,71.6046,0.3702,1.8309,0.0,0.0,0.0,7.0518,54.1654,0.606,3.5101,0.0,0.0,0.0,6.6271,A1,word_pos,inauguration,N,inauguration,NOM
rivière,NOUN,A1,beacco,71.4673,70.668,71.4673,86.9464,100.4273,0.6707,29.7295,9.6228,70.668,57.0878,86.4336,92.8761,1.7933,20.024,19.328,63.7441,A1,word_pos,rivière,N,rivière,NOM
entreprise,NOUN,A1,beacco,71.3917,223.6877,71.3917,96.3291,216.226,145.9966,343.6249,888.5882,223.6877,71.2134,94.6257,228.2357,149.0516,404.478,883.634,234.2362,A1,word_pos,entreprise,N,entreprise,NOM
mauvais,ADJ,A1,beacco,70.9007,146.5554,70.9007,178.6326,162.2635,103.5343,132.2244,143.5571,146.5554,58.9924,160.224,140.6015,153.5417,106.3577,206.4962,139.7015,A1,word_pos,mauvais,A,mauvais,ADJ
voyager,VERB,A1,beacco,70.4171,80.4485,70.4171,141.2635,65.5815,28.145,73.0617,9.6228,80.4485,98.0983,138.7891,75.5806,18.5428,51.9203,19.328,86.5539,A1,word_pos,voyager,V,voyager,VER
marier,VERB,A1,beacco,70.0611,91.6388,70.0611,150.5557,90.7197,20.5981,30.0911,115.0793,91.6388,208.9618,238.3781,141.7081,103.4318,84.1874,252.6228,174.9633,A1,word_pos,marier,V,marier,VER
bizarre,ADJ,A1,beacco,69.9224,33.7313,69.9224,31.7892,29.9501,26.0763,0.0,0.0,33.7313,72.7151,33.8278,31.785,24.0016,0.0,0.0,35.2304,A1,word_pos,bizarre,A,bizarre,ADJ
paysage,NOUN,A1,beacco,69.6932,72.3489,69.6932,54.7426,102.0106,27.7684,32.1283,57.7365,72.3489,89.7822,60.0856,92.835,26.8458,40.1357,19.328,72.4427,A1,word_pos,paysage,N,paysage,NOM
charmant,ADJ,A1,beacco,69.6757,12.73,69.6757,2.2314,4.0003,0.0,6.2023,0.0,12.73,83.173,4.4863,16.8713,0.0,6.0005,0.0,19.6371,A1,word_pos,charmant,A,charmant,ADJ
également,ADV,A1,beacco,69.4689,199.1224,69.4689,118.0706,190.315,127.9445,400.7085,831.2502,199.1224,61.6806,142.2635,216.095,153.8766,461.044,568.0393,207.9151,A1,word_pos,également,ADV,également,ADV
forêt,NOUN,A1,beacco,69.1449,132.3715,69.1449,169.5814,178.6658,1.1509,145.9192,64.9379,132.3715,68.7758,211.3718,147.3246,1.822,136.1814,12.833,122.1859,A1,word_pos,forêt,N,forêt,NOM
noir,NOUN,A1,beacco,68.9653,34.5727,68.9653,0.6939,14.7383,43.4883,134.3066,0.0,34.5727,36.2217,6.9772,33.8129,42.2947,16.5561,19.328,30.6129,A1,word_pos,noir,N,noir,NOM
en train de,PREP,A1,crf_first_attested,68.7475,66.0163,68.7475,106.1559,53.0699,44.6416,6.1515,19.4814,66.0163,,,,,,,,,crf_only,en train de,PREP,,
pardon,INT,A1,beacco,68.4831,12.7356,,,,,,,,68.4831,3.7555,0.4317,1.8983,3.4423,0.0,12.7356,A1,beacco_only,,,pardon,INT
avril,NOUN,A1,beacco,68.459,73.9204,68.459,24.9833,77.3117,38.9669,104.4016,214.8179,73.9204,79.5737,35.9612,62.7335,18.6073,82.2143,185.5908,64.661,A1,word_pos,avril,N,avril,NOM
sembler,VERB,A1,beacco,68.3374,340.5125,68.3374,278.3965,442.7439,504.5806,280.5722,531.2755,340.5125,56.7256,291.6812,438.7794,508.7915,350.4134,472.1677,348.7102,A1,word_pos,sembler,V,sembler,VER
merveilleux,ADJ,A1,beacco,67.8108,23.9197,67.8108,6.363,18.4652,19.8046,12.4046,0.0,23.9197,67.1831,10.0125,29.1479,14.4942,12.0009,0.0,28.6405,A1,word_pos,merveilleux,A,merveilleux,ADJ
littérature,NOUN,A1,beacco,67.787,66.7901,67.787,13.1948,12.9854,54.3517,119.561,490.7604,66.7901,81.1305,23.2356,14.0738,35.7079,93.6255,212.6079,59.5563,A1,word_pos,littérature,N,littérature,NOM
culturel,ADJ,A1,beacco,67.4474,151.1833,67.4474,36.2396,225.5697,66.5385,306.0746,178.96,151.1833,87.3013,49.3525,159.5822,57.8094,232.3871,208.1843,123.8256,A1,word_pos,culturel,A,culturel,ADJ
situer,VERB,A1,beacco,67.1445,103.5358,67.1445,31.398,145.4477,61.6977,117.8383,413.6185,103.5358,114.4904,83.203,150.2941,50.6607,144.5357,360.3697,116.5607,A1,word_pos,situer,V,situer,VER
réussir,VERB,A1,beacco,66.9841,187.2683,66.9841,308.0346,177.5269,184.4675,160.6417,9.6228,187.2683,57.356,226.2543,175.0878,223.2629,162.3917,19.328,170.2758,A1,word_pos,réussir,V,réussir,VER
groupe,NOUN,A1,beacco,66.8935,216.3733,66.8935,153.1895,234.5067,206.2342,268.7184,522.7357,216.3733,72.5165,217.2668,199.1319,178.668,222.6457,363.357,205.4735,A1,word_pos,groupe,N,groupe,NOM
prêt,ADJ,A1,beacco,66.2597,97.2658,66.2597,130.9259,121.7776,48.264,18.6069,101.5791,97.2658,53.1131,205.2011,221.0835,121.8037,76.6769,138.6137,157.5273,A1,word_pos,prêt,A,prêt,ADJ
excuser,VERB,A1,beacco,66.0976,14.0944,66.0976,0.0,12.4378,6.4693,0.0,0.0,14.0944,332.7218,54.3206,27.413,18.2638,0.0,0.0,70.0832,A1,word_pos,excuser,V,excuser,VER
parisien,NOUN,A1,beacco,65.8519,26.0329,65.8519,8.7722,5.8692,58.8882,3.2084,0.0,26.0329,54.9387,4.6396,7.475,70.1389,3.4423,12.833,27.102,A1,word_pos,parisien,N,parisien,NOM
gâteau,NOUN,A1,beacco,65.4357,31.1469,65.4357,40.2979,7.1555,1.3414,0.0,0.0,31.1469,121.1756,66.794,5.92,1.7933,0.0,0.0,37.6656,A1,word_pos,gâteau,N,gâteau,NOM
juin,NOUN,A1,beacco,65.4336,88.9708,65.4336,65.5966,126.6559,21.2809,100.9647,19.4814,88.9708,85.818,76.2958,128.2015,29.2266,91.5429,25.6659,95.6535,A1,word_pos,juin,N,juin,NOM
studio,NOUN,A1,beacco,65.373,22.2951,,,,,,,,65.373,17.1447,1.757,0.0,24.0018,38.656,22.2951,A1,beacco_only,,,studio,NOM
époque,NOUN,A1,beacco,65.2682,141.7976,65.2682,61.0326,212.2629,75.4174,274.9684,57.7365,141.7976,86.7141,95.9018,199.0158,121.8157,273.4727,57.984,156.026,A1,word_pos,époque,N,époque,NOM
parking,NOUN,A1,beacco,65.2402,22.3806,65.2402,1.9307,18.2411,0.0,56.781,0.0,22.3806,112.5804,0.5213,7.5777,0.0,41.1274,0.0,18.6561,A1,word_pos,parking,N,parking,NOM
court,ADJ,A1,beacco,65.1025,86.7419,65.1025,108.2317,73.5102,82.1484,79.3067,4.1173,86.7419,60.5748,89.6966,101.2095,105.7114,106.0365,0.0,94.846,A1,word_pos,court,A,court,ADJ
vue,NOUN,A1,beacco,64.9083,64.4659,64.9083,22.0603,45.1718,74.7777,157.438,19.2455,64.4659,88.3483,53.0899,79.8645,112.4652,154.3172,113.5434,96.5808,A1,word_pos,vue,N,vue,NOM
guerre,NOUN,A1,beacco,64.8995,130.8973,64.8995,130.058,121.3517,108.3705,174.9393,56.9312,130.8973,74.5634,142.5803,107.1463,108.806,168.8417,56.7717,130.2985,A1,word_pos,guerre,N,guerre,NOM
évidemment,ADV,A1,beacco,64.7878,55.9816,64.7878,51.2506,41.2596,60.1416,48.7271,19.2455,55.9816,69.5763,41.1746,40.3323,43.7232,49.0825,38.656,53.763,A1,word_pos,évidemment,ADV,évidemment,ADV
tourisme,NOUN,A1,beacco,64.6445,28.8904,64.6445,7.3559,35.3848,3.0277,25.3674,12.9876,28.8904,45.8817,12.6145,29.9623,4.5679,6.0005,12.833,26.5584,A1,word_pos,tourisme,N,tourisme,NOM
portable,NOUN,A1,crf_first_attested,64.5827,54.7158,64.5827,32.6908,61.4915,18.8519,34.1127,0.0,54.7158,,,,,,,,,crf_only,portable,N,,
grand - mère,NOUN,A1,crf_first_attested,64.388,39.403,64.388,79.9759,6.3316,14.0699,0.0,72.7833,39.403,,,,,,,,,crf_only,grand - mère,N,,
vendre,VERB,A1,beacco,64.2746,130.1664,64.2746,101.7318,169.3833,130.1622,154.6452,66.1574,130.1664,68.0183,125.646,223.2782,165.9622,185.4721,43.8345,165.1384,A1,word_pos,vendre,V,vendre,VER
construire,VERB,A1,beacco,63.7695,125.0151,63.7695,89.1151,111.8894,172.9416,182.6479,96.9035,125.0151,77.0806,116.8867,132.2279,129.8557,138.6991,135.3747,128.6612,A1,word_pos,construire,V,construire,VER
le plus,ADV,A1,crf_first_attested,63.7688,54.7528,63.7688,57.5912,12.7831,71.1859,77.0183,97.486,54.7528,,,,,,,,,crf_only,le plus,ADV,,
type,NOUN,A1,beacco,63.7314,120.3073,63.7314,62.0719,83.9444,118.9875,285.0928,162.8499,120.3073,50.7698,86.9003,84.5839,84.3845,273.0187,288.9928,116.9979,A1,word_pos,type,N,type,NOM
immeuble,NOUN,A1,beacco,63.6043,62.4039,63.6043,97.8438,45.93,12.9144,43.6353,0.0,62.4039,96.5408,75.1465,37.4535,8.2319,40.1357,0.0,54.5966,A1,word_pos,immeuble,N,immeuble,NOM
lycée,NOUN,A1,beacco,63.5944,48.1247,63.5944,25.5987,67.3031,0.7062,45.6223,19.4814,48.1247,80.5749,29.9801,56.4304,1.2705,26.3397,12.833,43.2483,A1,word_pos,lycée,N,lycée,NOM
celui,PRON,A1,beacco,63.2647,958.8568,63.2647,506.8111,1141.9314,1499.2122,1921.6094,1334.0945,958.8568,58.7579,701.924,1257.2845,1745.1051,2160.0187,1641.3451,1108.8441,A1,word_pos,celui,PRO,celui,PRO
prof,NOUN,A1,beacco,62.8428,27.8675,62.8428,35.9823,2.8675,11.6053,3.2084,0.0,27.8675,82.0621,49.5743,3.5101,13.6738,6.8846,0.0,28.7014,A1,word_pos,prof,N,prof,NOM
décorer,VERB,A1,beacco,62.8077,21.993,62.8077,25.2655,4.709,0.0,18.6069,0.0,21.993,40.9796,19.3475,4.8516,0.0,12.0009,0.0,15.4076,A1,word_pos,décorer,V,décorer,VER
chacun,PRON,A1,beacco,62.5824,276.1397,62.5824,123.7666,394.5443,378.8879,384.7956,279.9244,276.1397,53.5901,110.293,271.9635,365.5098,337.2365,269.6186,228.5153,A1,word_pos,chacun,PRO,chacun,PRO
roman,NOUN,A1,beacco,62.5379,164.8344,62.5379,92.6982,101.0466,534.8207,73.7058,119.3029,164.8344,74.3035,103.421,99.3188,258.5052,84.4695,43.8345,133.1546,A1,word_pos,roman,N,roman,NOM
produire,VERB,A1,beacco,62.5172,113.3485,62.5172,8.1162,119.1895,122.4974,248.0685,396.4846,113.3485,76.5932,15.0154,121.5612,76.6388,262.5783,424.1419,112.4174,A1,word_pos,produire,V,produire,VER
ouverture,NOUN,A1,beacco,62.1925,55.0091,62.1925,35.9331,38.855,45.1982,60.391,9.6228,55.0091,75.8595,50.6474,36.0755,44.031,50.0526,19.328,56.1663,A1,word_pos,ouverture,N,ouverture,NOM
beurre,NOUN,A1,beacco,61.9841,25.446,61.9841,50.0996,8.2818,0.0,0.0,0.0,25.446,57.38,39.2284,12.1689,0.0,0.0,0.0,23.0627,A1,word_pos,beurre,N,beurre,NOM
pratiquer,VERB,A1,beacco,61.858,97.3442,61.858,10.3171,124.7718,75.9983,118.8001,181.8261,97.3442,59.6121,9.8901,96.017,43.0852,96.005,102.6638,72.3496,A1,word_pos,pratiquer,V,pratiquer,VER
zone,NOUN,A1,beacco,61.6333,73.8033,61.6333,13.7498,96.8376,21.6201,133.1423,138.7238,73.8033,60.5443,22.4132,111.3922,25.2191,113.7632,173.9324,76.774,A1,word_pos,zone,N,zone,NOM
succès,NOUN,A1,beacco,61.478,180.9064,61.478,131.1882,261.7844,253.1373,129.4497,79.5353,180.9064,74.0181,132.1269,249.1277,190.7248,158.8936,87.6689,174.1918,A1,word_pos,succès,N,succès,NOM
promenade,NOUN,A1,beacco,61.3084,19.8124,61.3084,22.633,4.753,16.3904,1.6042,0.0,19.8124,67.6492,39.2612,7.1674,28.9254,3.4423,0.0,30.4241,A1,word_pos,promenade,N,promenade,NOM
refuser,VERB,A1,beacco,61.1149,157.0461,61.1149,100.2722,254.819,125.371,119.5166,136.4037,157.0461,72.0155,115.1449,247.8788,90.7043,142.8625,111.7223,155.0689,A1,word_pos,refuser,V,refuser,VER
en effet,ADV,A1,crf_first_attested,61.0665,229.29,61.0665,182.7837,196.4307,344.8363,354.1998,408.4073,229.29,,,,,,,,,crf_only,en effet,ADV,,
reste,NOUN,A1,beacco,60.912,59.6518,60.912,28.9714,37.8591,121.7856,81.0628,69.3619,59.6518,90.5872,49.7162,55.5227,125.4588,172.9276,145.006,90.576,A1,word_pos,reste,N,reste,NOM
ménage,NOUN,A1,beacco,60.6988,50.1946,60.6988,49.1647,40.3927,0.8949,113.1762,12.9876,50.1946,45.6245,23.9907,29.3755,1.8983,123.8024,12.833,38.0003,A1,word_pos,ménage,N,ménage,NOM
province,NOUN,A1,beacco,60.6734,42.3163,60.6734,49.8235,25.8954,26.1591,15.1776,12.9876,42.3163,44.8983,55.7953,22.3311,19.2437,20.024,25.6659,38.9937,A1,word_pos,province,N,province,NOM
jus,NOUN,A1,beacco,60.673,12.5441,60.673,0.7405,0.0,0.7062,14.569,87.8525,12.5441,77.1796,0.606,0.0,1.2705,19.861,43.8345,14.4917,A1,word_pos,jus,N,jus,NOM
octobre,NOUN,A1,beacco,60.6573,107.8865,60.6573,26.8957,193.4413,163.8924,36.6339,6.176,107.8865,70.6213,21.2374,151.233,129.4028,31.3781,8.037,93.6827,A1,word_pos,octobre,N,octobre,NOM
sauver,VERB,A1,beacco,60.2877,144.5795,60.2877,203.0632,195.1163,111.2014,12.8336,25.5316,144.5795,61.9609,188.8489,170.7123,121.2113,6.8846,43.8345,135.6443,A1,word_pos,sauver,V,sauver,VER
participer,VERB,A1,beacco,60.2731,84.0376,60.2731,58.1152,71.3377,49.4008,145.4199,88.1967,84.0376,52.462,78.0276,89.4297,31.1602,148.3659,87.6689,86.0773,A1,word_pos,participer,V,participer,VER
couloir,NOUN,A1,beacco,60.124,76.5038,60.124,40.4774,57.3677,132.0087,57.7841,0.0,76.5038,54.4912,31.4993,66.1627,131.8783,64.7832,0.0,75.762,A1,word_pos,couloir,N,couloir,NOM
mardi,NOUN,A1,beacco,59.9168,29.9005,59.9168,4.4632,33.7847,16.3014,26.9096,19.2455,29.9005,66.992,4.7285,25.5313,14.4824,54.0583,19.328,30.0954,A1,word_pos,mardi,N,mardi,NOM
embrasser,VERB,A1,beacco,59.7764,84.1087,59.7764,136.5875,89.7551,32.2086,62.1893,0.0,84.1087,148.6453,114.6063,116.1013,59.2505,60.0719,0.0,108.9174,A1,word_pos,embrasser,V,embrasser,VER
ensemble,NOUN,A1,beacco,59.4691,99.2457,59.4691,44.8293,78.1979,61.2174,214.9239,416.8511,99.2457,96.6691,61.8134,94.8688,79.9284,202.567,240.7752,110.5835,A1,word_pos,ensemble,N,ensemble,NOM
bravo,INT,A1,beacco,59.2608,14.3975,,,,,,,,59.2608,14.6715,0.1219,8.7861,0.0,0.0,14.3975,A1,beacco_only,,,bravo,INT
gratuit,ADJ,A1,beacco,59.2222,77.0833,59.2222,15.8431,154.7002,35.7604,51.07,0.0,77.0833,45.7774,17.9307,97.762,14.1801,54.0583,0.0,52.0809,A1,word_pos,gratuit,A,gratuit,ADJ
foot,NOUN,A1,beacco,59.0984,13.3878,59.0984,1.9588,2.7483,14.5038,0.0,0.0,13.3878,32.9601,1.3053,3.5715,18.0886,0.0,0.0,8.6735,A1,word_pos,foot,N,foot,NOM
plan,NOUN,A1,beacco,58.8816,105.9742,58.8816,7.6687,113.651,221.0816,152.979,135.3636,105.9742,53.8107,9.8155,128.5734,210.4088,151.3564,154.9424,109.6382,A1,word_pos,plan,N,plan,NOM
intelligent,ADJ,A1,beacco,58.878,69.335,58.878,108.0527,21.9891,109.7554,21.7081,43.6102,69.335,59.0873,86.0282,14.8828,202.269,18.0014,12.833,72.4813,A1,word_pos,intelligent,A,intelligent,ADJ
bout,NOUN,A1,beacco,58.8009,127.0834,58.8009,126.9604,147.5031,183.7441,59.352,19.2455,127.0834,85.1397,157.0362,210.8885,289.8768,89.8271,145.006,188.4664,A1,word_pos,bout,N,bout,NOM
sec,ADJ,A1,beacco,58.6062,21.7131,58.6062,17.6428,3.5443,8.9564,25.7756,0.0,21.7131,42.9333,7.7181,11.4089,8.3922,31.3528,0.0,20.0003,A1,word_pos,sec,A,sec,ADJ
dessert,NOUN,A1,beacco,58.2746,10.3806,58.2746,0.8826,0.3618,7.0375,0.0,0.0,10.3806,84.3687,0.8515,0.6378,2.5411,0.0,0.0,15.2811,A1,word_pos,dessert,N,dessert,NOM
médecin,NOUN,A1,beacco,58.1399,140.2957,,,,,,,,58.1399,144.3255,123.3998,183.1513,139.9744,111.7223,140.2957,A1,beacco_only,,,médecin,NOM
légume,NOUN,A1,beacco,58.1356,24.0078,58.1356,14.9651,14.0473,0.0,16.042,9.6228,24.0078,52.0507,19.1995,26.3031,0.0,27.5384,19.328,34.5799,A1,word_pos,légume,N,légume,NOM
joie,NOUN,A1,beacco,58.0949,51.0212,58.0949,31.0098,86.9042,12.8687,16.8923,0.0,51.0212,54.1321,47.2705,62.2815,15.0561,20.6179,0.0,50.0319,A1,word_pos,joie,N,joie,NOM
politique,ADJ,A1,beacco,58.0382,157.1768,58.0382,44.0501,84.6354,120.1618,469.5128,901.9236,157.1768,79.4683,55.6299,125.5351,112.9028,612.9694,1080.6151,200.1536,A1,word_pos,politique,A,politique,ADJ
informatique,NOUN,A1,beacco,57.9224,18.1282,57.9224,6.8117,4.8169,0.5755,40.4203,0.0,18.1282,60.2789,11.1654,9.561,0.911,36.8208,0.0,21.7321,A1,word_pos,informatique,N,informatique,NOM
un peu de,DET,A1,crf_first_attested,57.1913,27.3258,57.1913,17.8248,25.2395,4.9476,19.6975,0.0,27.3258,,,,,,,,,crf_only,un peu de,DET,,
amoureux,NOUN,A1,beacco,57.1715,36.135,57.1715,25.0767,21.7291,10.597,62.9101,0.0,36.135,50.8063,43.9898,35.6831,2.2839,40.6321,0.0,35.8936,A1,word_pos,amoureux,N,amoureux,NOM
fumer,VERB,A1,beacco,57.0736,74.353,57.0736,30.875,55.9758,110.5794,70.5682,6.4938,74.353,57.7925,34.524,66.3149,110.0194,49.2784,12.833,73.5481,A1,word_pos,fumer,V,fumer,VER
vide,ADJ,A1,beacco,57.0654,36.7017,57.0654,15.4288,38.8029,47.9073,1.6042,0.0,36.7017,58.9467,29.1918,63.7705,77.6399,3.4423,0.0,57.0246,A1,word_pos,vide,A,vide,ADJ
liberté,NOUN,A1,beacco,56.8836,159.9888,56.8836,112.3372,240.0765,65.9588,238.0924,151.6222,159.9888,52.438,87.9573,215.2728,111.2855,223.8156,154.9424,148.4738,A1,word_pos,liberté,N,liberté,NOM
art,NOUN,A1,beacco,56.7717,111.6917,56.7717,39.3213,140.4386,128.5489,186.9681,28.8683,111.6917,51.2546,54.4553,207.4297,185.2594,180.9168,38.656,145.8315,A1,word_pos,art,N,art,NOM
en moyenne,ADV,A1,crf_first_attested,56.738,41.7548,56.738,31.57,23.2186,18.8519,78.8946,28.8683,41.7548,,,,,,,,,crf_only,en moyenne,ADV,,
cousin,NOUN,A1,beacco,56.7155,38.7997,56.7155,81.212,17.9316,6.3292,3.2084,0.0,38.7997,71.0937,84.4006,25.8819,8.1533,6.8846,0.0,44.7459,A1,word_pos,cousin,N,cousin,NOM
remonter,VERB,A1,beacco,56.6556,67.1758,56.6556,49.7844,85.6375,50.2996,46.1803,28.8683,67.1758,56.9267,57.8472,99.8891,36.9628,41.1274,38.656,71.3625,A1,word_pos,remonter,V,remonter,VER
bicyclette,NOUN,A1,beacco,56.6096,18.4544,56.6096,8.4029,4.9465,28.7775,0.0,0.0,18.4544,42.4852,6.613,4.7626,17.5722,0.0,0.0,14.2621,A1,word_pos,bicyclette,N,bicyclette,NOM
utiliser,VERB,A1,beacco,56.6045,223.6851,56.6045,127.8955,184.4027,151.412,728.1747,360.3314,223.6851,88.1083,135.129,177.6984,97.4947,669.3424,426.0341,212.3505,A1,word_pos,utiliser,V,utiliser,VER
bébé,NOUN,A1,beacco,56.4384,13.3431,56.4384,9.0619,0.1883,3.0277,2.0505,19.2455,13.3431,67.9525,16.0451,0.3933,2.2839,4.139,57.984,20.0444,A1,word_pos,bébé,N,bébé,NOM
farine,NOUN,A1,beacco,56.3362,7.7766,56.3362,4.404,0.0,0.5755,2.0505,0.0,7.7766,51.093,4.7243,0.0,0.911,4.139,0.0,8.2264,A1,word_pos,farine,N,farine,NOM
capitale,NOUN,A1,beacco,56.3146,54.4247,56.3146,34.1143,73.9232,48.1984,3.1012,38.491,54.4247,51.3185,49.0523,69.288,49.9032,6.0005,38.656,57.3811,A1,word_pos,capitale,N,capitale,NOM
accueil,NOUN,A1,beacco,56.2935,29.0877,56.2935,13.185,33.9611,13.8842,9.8488,0.0,29.0877,52.3206,21.1529,35.6702,23.1002,20.024,0.0,35.3363,A1,word_pos,accueil,N,accueil,NOM
inquiéter,VERB,A1,beacco,56.2681,67.7235,56.2681,112.9445,25.4626,100.1666,31.4551,19.4814,67.7235,73.5285,108.7849,25.7077,67.6392,31.3781,12.833,62.018,A1,word_pos,inquiéter,V,inquiéter,VER
demi-heure,NOUN,A1,beacco,56.1173,34.689,,,,,,,,56.1173,32.3265,21.9108,54.5762,0.0,0.0,34.689,A1,beacco_only,,,demi-heure,NOM
sportif,NOUN,A1,beacco,56.0872,27.4154,56.0872,18.5059,5.4973,3.0277,0.0,71.4317,27.4154,37.0912,13.3964,3.1652,2.2839,0.0,38.4989,14.4765,A1,word_pos,sportif,N,sportif,NOM
enfance,NOUN,A1,beacco,55.9672,75.345,55.9672,53.9121,87.0151,65.2783,84.141,0.0,75.345,47.1584,48.204,84.6925,50.8146,40.0479,0.0,66.2568,A1,word_pos,enfance,N,enfance,NOM
ranger,VERB,A1,beacco,55.8376,30.6325,55.8376,19.4654,11.7394,45.495,1.6042,0.0,30.6325,52.3869,20.7553,10.7852,62.4351,3.4423,0.0,31.2046,A1,word_pos,ranger,V,ranger,VER
sûrement,ADV,A1,beacco,55.3435,61.3647,55.3435,108.4536,19.438,96.9267,0.0,6.4938,61.3647,52.5777,96.2299,21.7357,109.7871,0.0,12.833,61.7327,A1,word_pos,sûrement,ADV,sûrement,ADV
horrible,ADJ,A1,beacco,55.1886,20.0393,55.1886,3.1838,13.6862,31.7302,0.0,0.0,20.0393,75.1607,4.2582,17.787,29.3597,0.0,0.0,25.5442,A1,word_pos,horrible,A,horrible,ADJ
compter,VERB,A1,beacco,55.045,180.0137,55.045,100.6397,270.1297,144.4347,280.289,100.8319,180.0137,42.5463,107.7173,273.9607,185.1022,325.5847,135.3747,191.8612,A1,word_pos,compter,V,compter,VER
produit,NOUN,A1,beacco,54.9664,154.1164,54.9664,51.0668,82.002,198.4412,487.6248,221.003,154.1164,57.4551,54.1353,129.3871,111.7537,584.4708,151.257,147.9042,A1,word_pos,produit,N,produit,NOM
approcher,VERB,A1,beacco,54.7738,139.6009,54.7738,141.3956,234.6261,95.6202,11.2294,9.6228,139.6009,65.5989,161.5075,242.5415,128.1766,31.5653,19.328,160.1031,A1,word_pos,approcher,V,approcher,VER
indépendant,ADJ,A1,beacco,54.7664,35.2859,54.7664,19.5492,30.5342,0.0,36.875,117.0576,35.2859,62.2211,18.658,20.8695,0.0,40.1357,192.6297,34.9994,A1,word_pos,indépendant,A,indépendant,ADJ
cathédrale,NOUN,A1,beacco,54.7425,11.0001,54.7425,5.8938,1.6107,0.0,1.6042,0.0,11.0001,40.0918,4.7285,6.8639,0.0,6.8846,0.0,11.3908,A1,word_pos,cathédrale,N,cathédrale,NOM
ni,CONJ,A1,beacco,54.681,281.649,54.681,242.3338,389.3427,389.1739,327.9479,28.8683,281.649,73.542,307.489,583.3321,395.4229,502.7072,77.312,382.0292,A1,word_pos,ni,CONJC,ni,KON
découverte,NOUN,A1,beacco,54.6263,95.7344,54.6263,41.6542,99.0938,82.5985,131.6188,202.0778,95.7344,62.0244,25.7435,93.2841,49.0535,116.5686,154.624,76.4599,A1,word_pos,découverte,N,découverte,NOM
bonsoir,NOUN,A1,beacco,54.5477,8.1682,54.5477,3.1687,0.1155,0.6707,0.0,0.0,8.1682,96.7968,14.9117,0.2331,8.1533,0.0,0.0,19.1779,A1,word_pos,bonsoir,N,bonsoir,NOM
aéroport,NOUN,A1,beacco,54.5294,31.2873,54.5294,13.5781,34.9954,4.5416,31.0115,0.0,31.2873,54.0145,13.2081,30.4239,2.2839,30.0023,0.0,29.6707,A1,word_pos,aéroport,N,aéroport,NOM
quelquefois,ADV,A1,beacco,54.466,40.7281,54.466,58.2121,32.7058,20.442,2.0505,22.1371,40.7281,40.3338,39.5808,34.4784,31.8396,4.139,43.8345,39.3631,A1,word_pos,quelquefois,ADV,quelquefois,ADV
laver,VERB,A1,beacco,54.4452,63.6611,54.4452,162.3006,19.0617,62.4847,0.0,0.0,63.6611,50.5568,119.6601,33.3387,57.7077,0.0,0.0,58.8269,A1,word_pos,laver,V,laver,VER
écoute,NOUN,A1,beacco,54.1715,51.5892,54.1715,89.9116,20.5062,46.8986,4.101,19.2455,51.5892,93.7906,127.8003,65.3866,43.8942,29.205,19.328,77.3178,A1,word_pos,écoute,N,écoute,NOM
inventer,VERB,A1,beacco,54.1394,76.2919,54.1394,29.1603,41.6344,63.2546,251.3223,19.2455,76.2919,72.6499,23.6198,38.6601,54.2722,182.9332,19.328,67.2737,A1,word_pos,inventer,V,inventer,VER
quinze,DET,A1,crf_first_attested,54.1333,79.8985,54.1333,65.1413,88.1742,50.9525,41.4618,179.5003,79.8985,,,,,,,,,crf_only,quinze,DET,,
retard,NOUN,A1,beacco,53.9275,52.4586,53.9275,23.4536,92.0816,0.0,39.3132,12.9876,52.4586,44.1797,41.2879,91.1022,1.7933,55.9876,25.6659,58.6184,A1,word_pos,retard,N,retard,NOM
falaise,NOUN,A1,beacco,53.8903,8.0389,53.8903,2.4006,1.8258,0.0,0.0,0.0,8.0389,33.4927,4.7328,3.6425,0.0,0.0,0.0,8.0267,A1,word_pos,falaise,N,falaise,NOM
représenter,VERB,A1,beacco,53.8228,139.7596,53.8228,75.371,195.8735,59.0128,315.2567,126.0969,139.7596,64.6399,93.0997,193.933,63.6734,273.9477,174.5002,140.5585,A1,word_pos,représenter,V,représenter,VER
oh là là,ADV,A1,crf_first_attested,53.8179,7.3803,53.8179,0.7405,0.1812,0.0,0.0,0.0,7.3803,,,,,,,,,crf_only,oh là là,ADV,,
vérité,NOUN,A1,beacco,53.685,97.6487,53.685,70.3572,80.485,200.617,78.7938,54.0717,97.6487,44.2075,94.7555,88.9179,190.8858,85.2966,50.4231,106.9292,A1,word_pos,vérité,N,vérité,NOM
studentbostäder,NOUN,A1,crf_first_attested,53.6797,24.4462,53.6797,22.5577,3.0607,0.0,21.7081,38.491,24.4462,,,,,,,,,crf_only,studentbostäder,N,,
mots,NOUN,A1,crf_first_attested,53.6667,157.5877,53.6667,180.5464,221.5763,158.6943,32.1283,55.0502,157.5877,,,,,,,,,crf_only,mots,N,,
en même temps,ADV,A1,crf_first_attested,53.6233,46.4222,53.6233,66.6249,34.7733,37.386,6.4168,0.0,46.4222,,,,,,,,,crf_only,en même temps,ADV,,
intérieur,NOUN,A1,beacco,53.265,57.1695,53.265,23.3047,30.0771,97.6319,92.5385,25.5316,57.1695,60.9117,58.1505,118.2963,169.4805,185.6332,43.8345,115.24,A1,word_pos,intérieur,N,intérieur,NOM
printemps,NOUN,A1,beacco,53.2398,38.1377,53.2398,19.9198,58.557,19.2683,15.5058,0.0,38.1377,67.9802,32.7763,68.5148,19.2437,12.0009,0.0,49.6322,A1,word_pos,printemps,N,printemps,NOM
rouler,VERB,A1,beacco,53.2221,43.1966,53.2221,13.7038,28.2156,39.4718,98.8577,0.0,43.1966,55.9982,13.9742,40.1251,71.0416,91.344,0.0,50.7105,A1,word_pos,rouler,V,rouler,VER
à cause de,PREP,A1,crf_first_attested,52.8941,69.0559,52.8941,73.5149,61.8133,75.9364,64.4917,48.1138,69.0559,,,,,,,,,crf_only,à cause de,PREP,,
genou,NOUN,A1,beacco,52.8142,42.4259,52.8142,33.1454,50.5373,13.1957,6.2023,0.0,42.4259,44.5533,34.9582,46.0437,9.025,6.0005,0.0,37.9722,A1,word_pos,genou,N,genou,NOM
huile,NOUN,A1,beacco,52.4805,19.4891,52.4805,17.2709,1.7004,0.0,52.0771,0.0,19.4891,63.2645,14.7147,1.757,0.0,81.2641,0.0,23.6697,A1,word_pos,huile,N,huile,NOM
manquer,VERB,A1,beacco,52.4678,153.7219,52.4678,110.1258,147.345,273.3825,175.3719,76.982,153.7219,52.9955,132.1791,125.4295,212.8891,91.344,77.312,135.7779,A1,word_pos,manquer,V,manquer,VER
lecture,NOUN,A1,beacco,52.3868,89.3041,52.3868,18.055,52.7762,234.7787,111.8313,0.0,89.3041,55.9587,16.3029,37.6003,132.6992,117.24,0.0,71.1507,A1,word_pos,lecture,N,lecture,NOM
mince,ADJ,A1,beacco,52.3709,32.0273,52.3709,20.9479,35.8668,25.0626,4.8126,0.0,32.0273,85.7064,23.7908,45.4274,19.0399,3.4423,0.0,39.4307,A1,word_pos,mince,A,mince,ADJ
jeter,VERB,A1,beacco,51.8322,173.7519,51.8322,280.6779,225.1408,140.8764,19.6975,19.4814,173.7519,41.1052,300.0419,259.6543,223.2618,26.3397,12.833,198.0733,A1,word_pos,jeter,V,jeter,VER
avoir besoin,VERB,A1,crf_first_attested,51.606,16.5934,51.606,4.5144,13.9614,12.575,0.0,0.0,16.5934,,,,,,,,,crf_only,avoir besoin,V,,
feu,NOUN,A1,beacco,51.3406,154.372,51.3406,174.8093,236.7063,70.9562,157.556,6.4938,154.372,91.406,203.7324,260.8843,101.0441,94.1343,12.833,172.8335,A1,word_pos,feu,N,feu,NOM
invitation,NOUN,A1,beacco,51.303,17.5077,51.303,22.663,2.9106,6.4693,1.6042,6.4938,17.5077,85.5333,13.831,0.6378,8.4014,3.4423,12.833,18.8713,A1,word_pos,invitation,N,invitation,NOM
étoile,NOUN,A1,beacco,51.2448,38.5573,51.2448,56.0012,57.3657,1.5139,0.0,0.0,38.5573,39.301,69.5952,36.7254,0.0,0.0,0.0,32.7883,A1,word_pos,étoile,N,étoile,NOM
pâté,NOUN,A1,beacco,51.2121,7.7566,51.2121,2.8783,0.0,0.0,3.2084,0.0,7.7566,70.9716,4.7285,0.0,0.0,3.4423,0.0,9.3343,A1,word_pos,pâté,N,pâté,NOM
salade,NOUN,A1,beacco,51.1683,12.6099,51.1683,3.8178,0.1662,0.7062,3.2084,6.4938,12.6099,88.2961,5.1762,0.1029,1.2705,6.8846,12.833,19.9157,A1,word_pos,salade,N,salade,NOM
noter,VERB,A1,beacco,51.0944,78.5058,51.0944,15.2279,42.2037,172.9065,79.7893,367.5677,78.5058,58.0888,4.5382,43.3997,212.5063,66.4491,325.4685,77.2499,A1,word_pos,noter,V,noter,VER
tennis,NOUN,A1,beacco,51.0777,16.5791,51.0777,32.7751,0.5833,0.0,9.3035,0.0,16.5791,54.7841,31.3685,0.5531,0.0,6.0005,0.0,15.0461,A1,word_pos,tennis,N,tennis,NOM
frais,ADJ,A1,beacco,51.0197,45.0812,51.0197,40.9028,13.8072,69.3856,65.3878,4.1173,45.0812,71.3738,49.4981,50.3703,55.5752,120.0649,4.0185,69.2454,A1,word_pos,frais,A,frais,ADJ
posséder,VERB,A1,beacco,50.9971,106.5517,50.9971,48.2939,95.8045,74.1797,312.8287,56.9419,106.5517,50.7894,66.227,108.4863,72.5122,284.2444,87.6689,112.8938,A1,word_pos,posséder,V,posséder,VER
blague,NOUN,A1,beacco,50.9283,18.8083,50.9283,45.7669,0.0,0.0,0.0,0.0,18.8083,45.3707,21.6835,0.0,0.0,0.0,0.0,11.3368,A1,word_pos,blague,N,blague,NOM
servir,VERB,A1,beacco,50.8226,218.2901,50.8226,180.4668,201.5529,428.1338,248.6139,266.1605,218.2901,73.1743,176.5145,205.2635,304.8776,284.8521,322.9554,214.5017,A1,word_pos,servir,V,servir,VER
presser,VERB,A1,beacco,50.781,48.682,50.781,26.342,54.5416,44.042,33.1658,0.0,48.682,27.1999,14.9701,28.116,74.2239,39.722,0.0,39.0596,A1,word_pos,presser,V,presser,VER
composer,VERB,A1,beacco,50.6701,62.5585,50.6701,20.7605,114.1796,4.8562,108.7948,28.5334,62.5585,64.0924,34.0323,111.7715,8.3751,120.2103,93.687,72.6211,A1,word_pos,composer,V,composer,VER
tirer,VERB,A1,beacco,50.6348,190.9032,50.6348,154.4019,239.7264,227.8717,218.3225,101.5791,190.9032,52.9761,123.9542,231.3049,321.4223,201.2289,86.9662,194.0038,A1,word_pos,tirer,V,tirer,VER
endormir,VERB,A1,beacco,50.6063,53.0774,50.6063,52.8008,24.6139,43.8788,67.7967,0.0,53.0774,69.4848,92.6132,27.4177,43.1601,50.0526,0.0,62.8684,A1,word_pos,endormir,V,endormir,VER
terrasse,NOUN,A1,beacco,50.3908,30.3424,50.3908,0.1103,40.3316,69.5528,0.0,0.0,30.3424,72.0289,3.782,45.3612,54.6246,0.0,0.0,34.8909,A1,word_pos,terrasse,N,terrasse,NOM
quai,NOUN,A1,beacco,50.1721,30.3685,50.1721,11.4539,25.3317,82.9852,0.0,0.0,30.3685,47.5896,24.4343,33.0014,130.1956,0.0,0.0,47.8788,A1,word_pos,quai,N,quai,NOM
marche,NOUN,A1,beacco,50.1472,63.9073,50.1472,19.9492,99.1857,16.6821,99.649,72.7833,63.9073,92.0418,72.0746,118.5623,25.7494,121.9436,56.7717,96.0384,A1,word_pos,marche,N,marche,NOM
pluie,NOUN,A1,beacco,50.0451,53.8228,50.0451,80.5398,57.5204,32.4853,15.5058,0.0,53.8228,59.5565,49.0363,72.5915,43.6735,6.0005,0.0,54.1426,A1,word_pos,pluie,N,pluie,NOM
personnage,NOUN,A1,beacco,49.9974,138.2011,49.9974,159.0806,149.8737,173.9021,44.3541,2.0587,138.2011,54.09,181.9458,134.2658,96.1628,61.0802,4.0185,127.3501,A1,word_pos,personnage,N,personnage,NOM
courage,NOUN,A1,beacco,49.9436,65.5964,49.9436,18.9027,93.5346,68.5888,83.9939,0.0,65.5964,76.8399,25.8231,77.3923,62.1293,63.3793,0.0,65.2725,A1,word_pos,courage,N,courage,NOM
feuille,NOUN,A1,beacco,49.9052,48.4753,49.9052,21.6001,40.068,81.8628,41.9969,0.0,48.4753,50.2679,14.1328,44.7249,121.2416,56.8202,0.0,57.6048,A1,word_pos,feuille,N,feuille,NOM
certainement,ADV,A1,beacco,49.8349,50.2397,49.8349,44.7514,25.6607,55.0273,101.1045,0.0,50.2397,56.1554,21.7195,35.0557,78.9115,102.8605,0.0,52.5258,A1,word_pos,certainement,ADV,certainement,ADV
destination,NOUN,A1,beacco,49.7158,15.368,49.7158,9.031,5.1301,8.495,9.3035,0.0,15.368,49.5549,25.1064,7.7013,19.0072,6.0005,0.0,21.8783,A1,word_pos,destination,N,destination,NOM
message,NOUN,A1,beacco,49.638,61.381,49.638,9.9057,83.9537,26.9193,95.8239,57.7365,61.381,48.4736,11.8112,73.9505,19.035,49.1091,38.656,52.2988,A1,word_pos,message,N,message,NOM
boutique,NOUN,A1,beacco,49.511,30.2071,49.511,13.0876,31.9759,23.905,10.2524,0.0,30.2071,25.8277,10.013,26.5887,29.8538,12.4171,0.0,25.8979,A1,word_pos,boutique,N,boutique,NOM
briller,VERB,A1,beacco,49.501,31.1552,49.501,28.804,32.847,11.2745,6.2023,0.0,31.1552,68.4942,36.9178,49.3923,18.1767,6.0005,0.0,42.2046,A1,word_pos,briller,V,briller,VER
cafétéria,NOUN,A1,crf_first_attested,49.4229,5.7386,49.4229,0.1887,0.0,0.0,0.0,0.0,5.7386,,,,,,,,,crf_only,cafétéria,N,,
goûter,VERB,A1,beacco,49.3767,18.19,49.3767,0.3209,7.0742,36.6645,6.1515,0.0,18.19,39.2236,0.6228,4.9077,14.4824,19.861,0.0,14.9848,A1,word_pos,goûter,V,goûter,VER
programme,NOUN,A1,beacco,49.3118,149.5307,49.3118,115.4051,65.4273,200.694,309.6035,304.626,149.5307,68.1009,68.4962,80.8079,113.1548,266.5415,444.344,124.2864,A1,word_pos,programme,N,programme,NOM
direction,NOUN,A1,beacco,49.1746,41.9805,49.1746,10.3989,49.1842,30.8787,12.4046,113.4071,41.9805,86.8042,29.6846,61.7474,56.6059,12.0009,133.8419,61.9608,A1,word_pos,direction,N,direction,NOM
qu',ADV,A1,beacco,49.1359,69.2469,,,,,,,,49.1359,35.0045,73.5794,105.0244,66.9321,113.6757,69.2469,A1,beacco_only,,,qu',ADV
goûts,NOUN,A1,crf_first_attested,48.9893,31.931,48.9893,3.807,36.4922,12.1109,24.8092,6.4938,31.931,,,,,,,,,crf_only,goûts,N,,
écrivain,NOUN,A1,beacco,48.9826,124.9361,48.9826,61.4602,128.0467,76.3399,180.2614,442.6466,124.9361,52.003,75.973,130.743,77.6178,201.2289,328.5759,129.2549,A1,word_pos,écrivain,N,écrivain,NOM
africain,ADJ,A1,beacco,48.9535,49.5466,48.9535,8.8947,23.0406,11.2845,139.2569,307.9281,49.5466,32.462,12.4866,26.4618,9.0915,104.967,193.2799,44.6868,A1,word_pos,africain,A,africain,ADJ
décembre,NOUN,A1,beacco,48.9,82.4169,48.9,21.9267,134.0163,34.0273,197.8242,85.6001,82.4169,61.3091,19.613,117.5721,23.0366,131.9064,113.5434,69.6824,A1,word_pos,décembre,N,décembre,NOM
soudain,ADV,A1,beacco,48.7362,76.6452,48.7362,63.375,141.4797,10.8093,9.3035,0.0,76.6452,69.2939,71.5891,236.804,15.2575,6.0005,0.0,111.7598,A1,word_pos,soudain,ADV,soudain,ADV
dynamique,ADJ,A1,beacco,48.7079,30.7098,48.7079,28.6107,12.8835,11.0662,0.0,76.982,30.7098,38.1069,30.6388,12.3884,11.6267,0.0,38.656,26.1572,A1,word_pos,dynamique,A,dynamique,ADJ
son,NOUN,A1,beacco,48.6739,26.3023,48.6739,4.243,32.6377,33.9312,0.0,6.4938,26.3023,49.9188,1.8181,49.9334,69.4791,3.4423,12.833,35.8746,A1,word_pos,son,N,son,NOM
boule,NOUN,A1,beacco,48.6586,46.3607,48.6586,12.5851,5.8842,1.6517,105.8775,0.0,46.3607,32.6359,9.5455,5.7475,1.3018,72.2883,0.0,32.6705,A1,word_pos,boule,N,boule,NOM
loin de,PREP,A1,crf_first_attested,48.6503,77.0056,48.6503,19.6457,128.4453,39.6068,64.1923,165.0698,77.0056,,,,,,,,,crf_only,loin de,PREP,,
au moins,ADV,A1,crf_first_attested,48.4636,118.4129,48.4636,70.2143,138.988,150.1064,120.2377,128.6474,118.4129,,,,,,,,,crf_only,au moins,ADV,,
serpent,NOUN,A1,beacco,48.4624,15.3526,48.4624,13.6393,6.0297,0.8949,9.3035,0.0,15.3526,30.1506,5.8168,2.8865,1.8983,6.0005,0.0,8.1958,A1,word_pos,serpent,N,serpent,NOM
mec,NOUN,A1,beacco,48.3032,7.556,48.3032,3.1469,0.4152,0.7062,0.0,0.0,7.556,77.8945,4.5382,0.7812,1.2705,0.0,0.0,18.4324,A1,word_pos,mec,N,mec,NOM
lait,NOUN,A1,beacco,48.2829,21.3369,48.2829,9.8856,15.324,13.9298,9.8067,0.0,21.3369,61.4801,14.832,23.04,22.0937,19.861,0.0,29.6187,A1,word_pos,lait,N,lait,NOM
aucun,DET,A1,crf_first_attested,47.8014,280.0484,47.8014,91.6916,310.4469,521.7381,639.3436,160.9204,280.0484,,,,,,,,,crf_only,aucun,DET,,
coûter,VERB,A1,beacco,47.7968,71.2117,47.7968,71.2792,84.7356,51.4144,104.6576,9.6228,71.2117,50.1526,55.1852,75.074,44.3228,113.7632,19.328,66.9681,A1,word_pos,coûter,V,coûter,VER
forme,NOUN,A1,beacco,47.6858,178.2709,47.6858,81.0404,132.9419,196.1064,306.5786,910.2005,178.2709,68.4087,75.4214,152.9215,186.4292,352.4786,860.7128,191.8989,A1,word_pos,forme,N,forme,NOM
en face de,PREP,A1,crf_first_attested,47.656,22.7756,47.656,9.7834,12.8991,61.0507,0.0,0.0,22.7756,,,,,,,,,crf_only,en face de,PREP,,
tableau,NOUN,A1,beacco,47.6057,51.9388,47.6057,35.9642,26.7981,147.5354,9.3035,12.9876,51.9388,39.8853,27.707,29.6736,156.5678,12.0009,12.833,54.2873,A1,word_pos,tableau,N,tableau,NOM
dix,ADJ,A1,crf_first_attested,47.3686,27.5546,47.3686,25.977,12.519,9.3027,45.2518,19.2455,27.5546,,,,,,,,,crf_only,dix,A,,
étranger,NOUN,A1,beacco,47.1624,94.8655,47.1624,33.9952,96.2006,137.4419,123.1355,72.7833,94.8655,49.6075,9.8684,55.5242,73.4927,24.8342,0.0,52.9841,A1,word_pos,étranger,N,étranger,NOM
mode,NOUN,A1,beacco,47.0633,158.412,47.0633,156.7941,154.121,99.8942,277.8544,338.666,158.412,32.8693,212.4011,150.6687,97.7241,254.4415,342.909,163.4951,A1,word_pos,mode,N,mode,NOM
vieil,ADJ,A1,crf_first_attested,46.8893,36.4151,46.8893,25.5987,32.213,61.9033,0.0,0.0,36.4151,,,,,,,,,crf_only,vieil,A,,
invité,NOUN,A1,beacco,46.8508,42.5963,46.8508,54.5076,24.1545,20.352,34.728,0.0,42.5963,46.0843,47.013,28.1579,24.8122,6.0005,0.0,38.0043,A1,word_pos,invité,N,invité,NOM
sucre,NOUN,A1,beacco,46.844,24.4204,46.844,22.1083,14.0625,0.0,34.728,28.5334,24.4204,64.3261,19.3058,14.0174,0.0,52.5392,56.7717,27.7877,A1,word_pos,sucre,N,sucre,NOM
tiens,INT,A1,beacco,46.772,29.7537,,,,,,,,46.772,66.6567,11.8259,1.2705,20.024,0.0,29.7537,A1,beacco_only,,,tiens,INT
rôle,NOUN,A1,beacco,46.7485,146.6152,46.7485,50.4273,163.2922,190.572,151.2538,399.4673,146.6152,45.4446,73.5549,108.4286,108.5196,160.6204,328.0847,117.2196,A1,word_pos,rôle,N,rôle,NOM
service,NOUN,A1,beacco,46.7206,113.9762,46.7206,45.2012,169.7488,44.3943,216.6969,96.0555,113.9762,74.4064,77.433,205.909,113.5493,485.2004,190.5105,173.4485,A1,word_pos,service,N,service,NOM
quatre,PRON,A1,crf_first_attested,46.3702,35.9915,46.3702,14.9469,53.7153,40.6622,9.8067,0.0,35.9915,,,,,,,,,crf_only,quatre,PRO,,
mademoiselle,NOUN,A1,beacco,46.1385,26.3331,46.1385,38.1561,7.5694,29.2132,0.0,0.0,26.3331,83.1846,80.8254,21.1521,211.5477,0.0,0.0,82.1007,A1,word_pos,mademoiselle,N,mademoiselle,NOM
immédiatement,ADV,A1,beacco,46.0826,64.5038,46.0826,113.7228,39.5308,39.9675,65.157,0.0,64.5038,52.9484,130.8605,57.0054,42.9501,101.622,0.0,78.7042,A1,word_pos,immédiatement,ADV,immédiatement,ADV
monument,NOUN,A1,beacco,45.8649,59.0671,45.8649,37.1468,87.027,51.7111,8.021,0.0,59.0671,48.1649,37.3377,67.0726,65.8535,6.8846,0.0,55.6518,A1,word_pos,monument,N,monument,NOM
passion,NOUN,A1,beacco,45.706,70.7169,45.706,100.8096,75.88,18.5864,43.2657,4.1173,70.7169,37.5206,83.4587,67.1063,28.9647,19.861,4.0185,58.784,A1,word_pos,passion,N,passion,NOM
de nouveau,ADV,A1,crf_first_attested,45.6549,58.7711,45.6549,89.6506,38.0879,94.4676,6.2023,0.0,58.7711,,,,,,,,,crf_only,de nouveau,ADV,,
gras,ADJ,A1,beacco,45.5555,22.6979,45.5555,18.5895,7.5815,0.0,0.0,169.1042,22.6979,60.3932,19.0897,10.037,0.0,0.0,111.7223,22.9227,A1,word_pos,gras,A,gras,ADJ
considérer,VERB,A1,beacco,45.4707,149.9154,45.4707,16.3407,197.955,213.835,381.2655,86.6048,149.9154,40.1228,20.1601,195.8728,138.5584,303.5915,57.984,128.5897,A1,word_pos,considérer,V,considérer,VER
g,NOUN,A1,crf_first_attested,45.448,16.405,45.448,0.2527,38.4337,0.0,1.6042,0.0,16.405,,,,,,,,,crf_only,g,N,,
herbe,NOUN,A1,beacco,45.2931,36.7531,45.2931,57.0333,31.8227,1.6517,4.101,9.6228,36.7531,55.7398,103.6549,42.4293,9.025,40.1357,19.328,54.7132,A1,word_pos,herbe,N,herbe,NOM
fromage,NOUN,A1,beacco,45.0566,22.8555,45.0566,10.9344,23.0715,6.5159,3.2084,0.0,22.8555,47.3729,12.0042,34.4649,8.3922,6.8846,0.0,28.8845,A1,word_pos,fromage,N,fromage,NOM
oeuvre,NOUN,A1,beacco,45.0472,129.6162,45.0472,62.4516,80.9287,142.2934,449.0539,69.3619,129.6162,39.2879,65.5395,71.746,139.7558,561.6206,56.7717,134.3568,A1,word_pos,oeuvre,N,oeuvre,NOM
joyeux,ADJ,A1,beacco,44.9532,20.5254,44.9532,11.408,18.4855,6.0554,4.101,0.0,20.5254,44.8231,9.1022,14.9545,2.2839,4.139,0.0,16.6027,A1,word_pos,joyeux,A,joyeux,ADJ
âne,NOUN,A1,beacco,44.9351,10.5029,44.9351,2.6535,2.9775,3.0277,0.0,0.0,10.5029,35.1658,12.8334,0.487,2.2839,0.0,0.0,16.9484,A1,word_pos,âne,N,âne,NOM
conseil,NOUN,A1,beacco,44.8274,84.4642,44.8274,46.0497,77.8498,96.2579,88.1218,151.6222,84.4642,131.7079,68.0966,94.4587,81.1125,138.0671,51.3319,107.1709,A1,word_pos,conseil,N,conseil,NOM
drôle,ADJ,A1,beacco,44.7688,41.7015,44.7688,45.9816,50.9663,0.7062,12.4046,0.0,41.7015,80.956,41.69,35.5471,8.7861,6.0005,0.0,40.4404,A1,word_pos,drôle,A,drôle,ADJ
plutôt,ADV,A1,beacco,44.6402,171.0602,44.6402,122.8376,234.3429,255.3612,106.9511,230.9182,171.0602,55.5187,136.8937,246.3755,303.6611,189.131,396.893,201.4277,A1,word_pos,plutôt,ADV,plutôt,ADV
plus tard,ADV,A1,crf_first_attested,44.5637,45.768,44.5637,47.8325,27.9179,52.7866,21.7081,105.3719,45.768,,,,,,,,,crf_only,plus tard,ADV,,
diriger,VERB,A1,beacco,44.5231,94.787,44.5231,79.3563,96.7605,119.8751,83.2175,28.5334,94.787,40.5331,72.3821,108.8887,69.3984,74.0582,56.7717,87.0255,A1,word_pos,diriger,V,diriger,VER
pyramide,NOUN,A1,beacco,44.3791,15.7778,44.3791,0.0,27.962,12.133,0.0,0.0,15.7778,26.0616,0.0,8.7303,25.431,0.0,0.0,8.9102,A1,word_pos,pyramide,N,pyramide,NOM
protéger,VERB,A1,beacco,44.2951,89.8283,44.2951,22.0546,181.9878,12.1109,74.2975,187.4754,89.8283,60.1405,16.4897,158.8517,6.8518,96.005,173.9324,81.8447,A1,word_pos,protéger,V,protéger,VER
situation,NOUN,A1,beacco,44.2834,144.2498,44.2834,89.5556,134.0199,128.9229,194.6362,438.7766,144.2498,58.7744,119.5999,169.2552,96.4147,204.945,528.0124,159.3564,A1,word_pos,situation,N,situation,NOM
belge,ADJ,A1,beacco,44.1465,22.816,44.1465,15.2298,10.8264,1.6517,8.021,9.6228,22.816,43.6394,14.3788,14.8498,1.3018,6.8846,19.328,23.5997,A1,word_pos,belge,A,belge,ADJ
indiquer,VERB,A1,beacco,44.0797,73.6181,44.0797,60.8186,51.4909,81.8993,105.7999,96.2275,73.6181,32.6106,44.1465,21.2287,57.7702,121.9436,77.312,54.2877,A1,word_pos,indiquer,V,indiquer,VER
interdire,VERB,A1,beacco,43.89,76.7062,43.89,70.0261,100.0083,18.1663,93.743,9.6228,76.7062,61.7476,71.9681,127.3551,6.8518,129.165,19.328,92.0508,A1,word_pos,interdire,V,interdire,VER
désirer,VERB,A1,beacco,43.8528,49.2056,43.8528,49.4512,71.0903,12.2433,15.6669,6.4938,49.2056,52.1838,39.5879,84.5613,10.5383,20.024,12.833,53.8011,A1,word_pos,désirer,V,désirer,VER
tu,CONJ,A1,crf_first_attested,43.8084,21.1813,43.8084,16.4528,18.4128,12.5501,0.0,0.0,21.1813,,,,,,,,,crf_only,tu,CONJS,,
port,NOUN,A1,beacco,43.7978,21.5231,43.7978,17.556,17.423,2.3018,23.464,0.0,21.5231,53.9906,19.8857,26.95,0.0,19.861,0.0,25.1761,A1,word_pos,port,N,port,NOM
déranger,VERB,A1,beacco,43.7715,26.5577,43.7715,10.3526,38.3836,2.3018,4.8126,0.0,26.5577,50.3648,14.0457,52.5907,0.911,6.8846,0.0,31.5703,A1,word_pos,déranger,V,déranger,VER
sourire,NOUN,A1,beacco,43.6558,69.4135,43.6558,132.8985,50.8886,43.4717,47.0007,9.6228,69.4135,48.2299,107.6073,40.7698,48.2442,40.0479,19.328,62.0705,A1,word_pos,sourire,N,sourire,NOM
bien,ADJ,A1,beacco,43.594,56.0723,,,,,,,,43.594,91.1981,40.7794,59.0262,20.024,0.0,56.0723,A1,beacco_only,,,bien,ADJ
bâtiment,NOUN,A1,beacco,43.5848,49.5112,43.5848,9.2147,53.2862,24.5834,71.2461,85.6001,49.5112,64.9423,4.6393,60.8444,17.8041,67.0087,86.9662,47.3149,A1,word_pos,bâtiment,N,bâtiment,NOM
grotte,NOUN,A1,beacco,43.5691,36.8514,43.5691,73.9657,1.6168,0.0,62.023,0.0,36.8514,45.6409,69.5,3.1409,0.0,18.0014,0.0,28.6857,A1,word_pos,grotte,N,grotte,NOM
piste,NOUN,A1,beacco,43.3727,27.3304,43.3727,7.6791,14.7967,38.1164,37.2138,28.8683,27.3304,31.7764,12.597,23.1247,46.6497,30.0023,57.984,30.8433,A1,word_pos,piste,N,piste,NOM
sonner,VERB,A1,beacco,43.2292,48.9627,43.2292,46.6159,39.8629,62.5168,31.4551,0.0,48.9627,43.4233,50.74,55.2714,70.4925,31.3781,0.0,58.9469,A1,word_pos,sonner,V,sonner,VER
doucement,ADV,A1,beacco,42.9852,36.893,42.9852,63.6957,33.5813,10.2938,1.6042,0.0,36.893,36.3291,75.8377,22.3399,18.1921,3.4423,0.0,38.234,A1,word_pos,doucement,ADV,doucement,ADV
second,ADJ,A1,crf_first_attested,42.9315,116.2116,42.9315,39.1904,198.8834,104.4659,68.5788,231.8533,116.2116,,,,,,,,,crf_only,second,A,,
office,NOUN,A1,beacco,42.834,22.1837,42.834,0.2527,24.6074,0.0,27.7392,19.2455,22.1837,25.2575,0.5137,20.6271,0.0,27.9938,19.328,15.8164,A1,word_pos,office,N,office,NOM
tommy,NOUN,A1,beacco,42.7583,0.7853,,,,,,,,42.7583,0.0,0.0,0.0,0.0,0.0,0.7853,A1,beacco_only,,,tommy,NOM
grâce à,PREP,A1,crf_first_attested,42.6861,156.6766,42.6861,120.3512,202.5816,103.9845,294.9995,115.0793,156.6766,,,,,,,,,crf_only,grâce à,PREP,,
plante,NOUN,A1,beacco,42.6581,31.9003,42.6581,13.3736,42.8567,22.1093,6.2023,2.0587,31.9003,28.1251,22.6341,47.7686,14.4824,12.0009,4.0185,34.9346,A1,word_pos,plante,N,plante,NOM
chaussure,NOUN,A1,beacco,42.548,56.4365,42.548,141.8884,26.215,24.6265,4.8126,0.0,56.4365,45.1748,158.7213,35.5756,35.7104,3.4423,0.0,66.5965,A1,word_pos,chaussure,N,chaussure,NOM
ainsi,ADV,A1,beacco,42.5333,400.787,42.5333,249.1782,543.0044,436.8816,524.9732,1173.3395,400.787,32.4082,223.7501,497.8233,483.1627,577.6131,823.4052,378.9678,A1,word_pos,ainsi,ADV,ainsi,ADV
murs,NOUN,A1,crf_first_attested,42.4494,32.0767,42.4494,9.3808,34.998,47.4462,6.2023,0.0,32.0767,,,,,,,,,crf_only,murs,N,,
toucher,VERB,A1,beacco,42.4346,116.1639,42.4346,129.4233,133.4307,101.3177,125.8536,57.7365,116.1639,55.0792,108.2485,150.5079,95.9233,127.8789,77.312,120.3598,A1,word_pos,toucher,V,toucher,VER
haut,ADV,A1,beacco,42.3371,29.4962,,,,,,,,42.3371,27.0351,10.0817,55.5085,19.861,0.0,29.4962,A1,beacco_only,,,haut,ADV
comme,CONJ,A1,beacco,42.3068,51.859,42.3068,63.2489,15.8335,58.1267,6.1515,230.1587,51.859,1287.8261,1619.6458,1687.1005,1550.6473,1760.5754,1785.6919,1620.3977,A1,word_pos,comme,CONJC,comme,KON
compagnie,NOUN,A1,beacco,42.1909,96.1801,42.1909,9.3259,152.1925,112.6718,67.3058,25.9752,96.1801,27.9213,14.16,175.8073,88.4907,46.7967,25.6659,93.6489,A1,word_pos,compagnie,N,compagnie,NOM
etc,ADV,A1,crf_first_attested,42.1846,132.7681,42.1846,119.6801,136.3877,30.3856,245.129,434.3754,132.7681,,,,,,,,,crf_only,etc,ADV,,
date,NOUN,A1,beacco,41.9488,38.7523,41.9488,34.7829,28.6876,35.8928,25.7756,25.9752,38.7523,57.0052,43.9157,42.0296,41.6541,31.3528,25.6659,48.7567,A1,word_pos,date,N,date,NOM
concert,NOUN,A1,beacco,41.8797,34.9626,41.8797,26.0327,37.9013,38.4331,0.0,0.0,34.9626,39.4216,38.9415,23.6445,48.3857,0.0,0.0,34.1586,A1,word_pos,concert,N,concert,NOM
portable,ADJ,A1,beacco,41.8768,33.2217,41.8768,14.8577,10.1369,16.8351,80.7841,25.9752,33.2217,71.5956,55.0771,77.144,62.2912,144.4477,12.833,93.5497,A1,word_pos,portable,A,portable,ADJ
tu vas bien,ADV,A1,crf_first_attested,41.8049,4.4609,41.8049,0.2599,0.0,0.0,0.0,0.0,4.4609,,,,,,,,,crf_only,tu vas bien,ADV,,
horreur,NOUN,A1,beacco,41.7821,23.1399,41.7821,9.4917,14.7087,43.6374,2.0505,0.0,23.1399,44.4636,4.6488,12.0743,47.5459,4.139,0.0,22.5779,A1,word_pos,horreur,N,horreur,NOM
exactement,ADV,A1,beacco,41.7285,48.7598,41.7285,51.6416,30.6104,71.2861,2.0505,64.3237,48.7598,40.0529,58.9141,29.2361,71.1677,4.139,56.7717,49.1771,A1,word_pos,exactement,ADV,exactement,ADV
informer,VERB,A1,beacco,41.5691,42.4793,41.5691,47.3357,23.7284,38.1037,54.0828,0.0,42.4793,40.1452,39.2994,13.341,36.5199,49.5147,0.0,36.2427,A1,word_pos,informer,V,informer,VER
raison,NOUN,A1,beacco,41.5396,218.0489,41.5396,153.3063,242.4217,388.4145,286.7545,142.6669,218.0489,199.9053,238.0624,305.117,384.8026,472.2618,277.2274,316.1925,A1,word_pos,raison,N,raison,NOM
en plus,ADV,A1,crf_first_attested,41.4703,50.189,41.4703,59.6848,51.3975,21.7016,24.8092,9.6228,50.189,,,,,,,,,crf_only,en plus,ADV,,
bienvenue,NOUN,A1,crf_first_attested,41.3402,19.7503,41.3402,29.8019,1.8914,0.0,15.5058,0.0,19.7503,,,,,,,,,crf_only,bienvenue,N,,
nationalité,NOUN,A1,beacco,41.1852,32.1893,41.1852,6.1042,16.5813,3.1713,96.6727,0.0,32.1893,32.7174,3.4287,18.0762,0.8102,94.5925,0.0,29.1844,A1,word_pos,nationalité,N,nationalité,NOM
remplacer,VERB,A1,beacco,41.0039,69.3754,41.0039,41.0359,80.4656,45.5825,95.8239,72.0284,69.3754,26.3972,40.5865,94.1782,48.0118,136.2363,95.2552,73.3701,A1,word_pos,remplacer,V,remplacer,VER
étranger,ADJ,A1,beacco,40.8633,126.3909,40.8633,66.2621,154.1695,90.5861,172.0974,230.9182,126.3909,170.2302,175.3363,217.6436,165.8143,260.8076,228.8816,205.2234,A1,word_pos,étranger,A,étranger,ADJ
sommet,NOUN,A1,beacco,40.8587,33.9402,40.8587,5.5811,60.4427,3.0277,21.8856,32.4689,33.9402,41.3641,8.8133,67.7594,4.5679,10.3269,25.6659,40.1245,A1,word_pos,sommet,N,sommet,NOM
solde,NOUN,A1,beacco,40.7052,20.1772,40.7052,11.8025,15.4756,1.5139,12.7628,0.0,20.1772,31.0884,7.633,20.8431,2.2839,26.3397,0.0,21.7926,A1,word_pos,solde,N,solde,NOM
détail,NOUN,A1,beacco,40.6964,36.1335,40.6964,15.8052,40.8243,43.6488,25.3674,0.0,36.1335,40.8527,15.1222,36.3485,45.3764,20.024,0.0,35.1863,A1,word_pos,détail,N,détail,NOM
cimetière,NOUN,A1,beacco,40.5482,12.6731,40.5482,0.8468,17.9709,0.0,0.0,0.0,12.6731,29.6311,1.6627,20.7031,0.0,0.0,0.0,14.4518,A1,word_pos,cimetière,N,cimetière,NOM
coeur,NOUN,A1,beacco,40.5186,167.419,40.5186,170.3316,229.108,97.8223,190.5211,272.0616,167.419,64.6264,213.792,258.5398,108.4621,195.5041,412.8365,199.8792,A1,word_pos,coeur,N,coeur,NOM
analyser,VERB,A1,beacco,40.5046,37.8559,40.5046,0.0,25.1787,31.0568,103.1648,145.5666,37.8559,26.8352,0.0,23.5034,14.4942,148.0715,145.006,35.1362,A1,word_pos,analyser,V,analyser,VER
kilo,NOUN,A1,beacco,40.3577,19.8047,40.3577,29.8954,10.2113,0.0,1.6042,0.0,19.8047,54.7203,30.6761,6.7316,0.0,6.8846,0.0,20.6691,A1,word_pos,kilo,N,kilo,NOM
pull,NOUN,A1,beacco,40.2702,9.6739,40.2702,8.2269,3.266,0.0,1.6042,0.0,9.6739,69.1769,6.7296,6.1288,0.0,3.4423,0.0,14.6685,A1,word_pos,pull,N,pull,NOM
chanteur,NOUN,A1,beacco,40.0554,38.4852,40.0554,37.2711,36.4317,20.283,1.6042,25.5316,38.4852,46.7538,42.955,21.3256,18.2638,3.4423,50.4231,36.121,A1,word_pos,chanteur,N,chanteur,NOM
fleuve,NOUN,A1,beacco,40.0489,15.8025,40.0489,10.4545,13.8175,0.2167,0.0,0.0,15.8025,31.3762,8.7986,20.6906,0.3387,0.0,0.0,15.6031,A1,word_pos,fleuve,N,fleuve,NOM
arrivée,NOUN,A1,crf_first_attested,40.0386,34.6545,40.0386,24.1333,34.3584,14.5059,27.9104,19.2455,34.6545,,,,,,,,,crf_only,arrivée,N,,
erreur,NOUN,A1,beacco,39.9977,38.6145,39.9977,17.9712,49.0099,25.4788,28.892,6.176,38.6145,71.9224,22.4778,71.2086,25.596,40.6321,8.037,53.3539,A1,word_pos,erreur,N,erreur,NOM
billet,NOUN,A1,beacco,39.8508,49.3451,39.8508,14.3062,59.3115,110.4326,0.0,0.0,49.3451,43.1629,19.445,61.7699,148.9754,0.0,0.0,59.9607,A1,word_pos,billet,N,billet,NOM
étayer,VERB,A1,crf_first_attested,39.6777,272.7417,39.6777,197.3366,220.3686,679.8665,380.0819,183.4536,272.7417,,,,,,,,,crf_only,étayer,V,,
connaissance,NOUN,A1,beacco,39.6689,48.63,39.6689,47.1703,32.3156,53.2209,49.4289,4.1173,48.63,38.8409,39.1572,84.2165,54.6354,177.7825,93.687,79.9562,A1,word_pos,connaissance,N,connaissance,NOM
mal,NOUN,A1,beacco,39.5399,108.2083,39.5399,103.1355,108.722,104.3174,217.6968,0.0,108.2083,58.8427,92.8596,88.8136,150.9395,200.1854,0.0,110.8502,A1,word_pos,mal,N,mal,NOM
jambe,NOUN,A1,beacco,39.4695,57.4133,39.4695,87.7153,57.3599,29.2803,15.5058,9.6228,57.4133,40.7899,91.7153,68.4474,31.1303,12.0009,19.328,63.5955,A1,word_pos,jambe,N,jambe,NOM
choix,NOUN,A1,beacco,39.3216,129.0618,39.3216,122.8107,84.601,94.8515,215.573,330.2903,129.0618,48.3005,143.2883,99.8675,87.7706,206.6343,347.3929,135.4775,A1,word_pos,choix,N,choix,NOM
visage,NOUN,A1,beacco,39.2869,236.9674,39.2869,377.9718,243.7286,250.704,197.0286,0.0,236.9674,45.9074,343.5668,267.591,304.3518,147.2929,0.0,244.8548,A1,word_pos,visage,N,visage,NOM
riz,NOUN,A1,beacco,39.0799,13.4107,,,,,,,,39.0799,8.0862,5.2972,0.0,4.139,4.0185,13.4107,A1,beacco_only,,,riz,NOM
paquet,NOUN,A1,beacco,38.7436,39.4255,38.7436,35.4789,32.8288,15.451,19.6975,0.0,39.4255,43.3997,32.7361,28.9344,33.522,26.3397,0.0,41.8423,A1,word_pos,paquet,N,paquet,NOM
courageux,ADJ,A1,beacco,38.4795,37.4887,38.4795,74.1058,9.3312,12.6834,18.7334,9.6228,37.4887,28.0934,86.5088,8.7561,17.1323,27.403,19.328,37.6247,A1,word_pos,courageux,A,courageux,ADJ
mille,DET,A1,crf_first_attested,38.3056,30.6493,38.3056,20.2335,28.0986,15.3061,6.4168,9.6228,30.6493,,,,,,,,,crf_only,mille,DET,,
oeuf,NOUN,A1,beacco,38.2624,23.5756,38.2624,17.0089,10.7086,4.8711,16.2172,0.0,23.5756,40.4184,16.4576,20.9839,8.9868,33.4475,0.0,31.7644,A1,word_pos,oeuf,N,oeuf,NOM
propriétaire,NOUN,A1,beacco,38.2387,64.7786,38.2387,53.8609,50.5848,27.7957,160.3953,9.6228,64.7786,38.2079,6.0989,43.0624,23.973,137.2038,0.0,49.8687,A1,word_pos,propriétaire,N,propriétaire,NOM
moi,NOUN,A1,beacco,38.2347,46.2678,,,,,,,,38.2347,48.1319,49.1325,29.3698,3.4423,4.0185,46.2678,A1,beacco_only,,,moi,NOM
départ,NOUN,A1,beacco,38.2242,87.8194,38.2242,123.9429,93.8505,27.0459,134.1327,22.1371,87.8194,73.6316,161.1341,86.6743,33.6698,130.9119,43.8345,103.27,A1,word_pos,départ,N,départ,NOM
balade,NOUN,A1,beacco,38.1171,15.6406,38.1171,5.1336,15.558,0.0,12.4046,0.0,15.6406,32.8745,8.8327,9.561,0.0,12.0009,0.0,12.9916,A1,word_pos,balade,N,balade,NOM
aile,NOUN,A1,beacco,37.8373,12.9732,37.8373,0.2527,4.8437,11.3051,15.6669,19.2455,12.9732,35.2265,0.5137,5.8701,13.8424,20.024,19.328,15.1786,A1,word_pos,aile,N,aile,NOM
plateau,NOUN,A1,beacco,37.6736,17.0066,37.6736,8.9925,10.7409,1.4125,21.7081,0.0,17.0066,26.2943,6.5775,15.463,2.5411,6.0005,0.0,14.668,A1,word_pos,plateau,N,plateau,NOM
toilettes,NOUN,A1,crf_first_attested,37.6489,9.1689,37.6489,3.2069,1.3603,4.5416,0.0,0.0,9.1689,,,,,,,,,crf_only,toilettes,N,,
sympathique,ADJ,A1,beacco,37.5876,19.2437,37.5876,14.7239,27.3851,0.7062,0.0,0.0,19.2437,53.4983,21.7968,29.8694,1.2705,0.0,0.0,24.7252,A1,word_pos,sympathique,A,sympathique,ADJ
bonheur,NOUN,A1,beacco,37.4235,87.7701,37.4235,110.1997,134.7543,8.4152,69.5147,0.0,87.7701,45.9262,138.856,154.5843,23.175,72.2239,0.0,104.4079,A1,word_pos,bonheur,N,bonheur,NOM
et même,CONJ,A1,crf_first_attested,37.3005,45.9932,37.3005,46.4092,46.0556,42.0936,13.3747,85.6001,45.9932,,,,,,,,,crf_only,et même,CONJC,,
européen,ADJ,A1,beacco,37.2727,195.8488,37.2727,92.8782,208.2043,86.1458,433.6057,721.9381,195.8488,46.6382,58.5316,186.7148,67.4399,365.8309,523.3055,171.3904,A1,word_pos,européen,A,européen,ADJ
scientifique,ADJ,A1,beacco,37.0915,145.6173,37.0915,27.1869,159.0761,42.2254,418.3373,394.9974,145.6173,28.6885,35.1564,156.2692,35.7079,287.6901,406.1156,119.4152,A1,word_pos,scientifique,A,scientifique,ADJ
commercial,ADJ,A1,beacco,36.9388,52.7879,36.9388,28.4384,29.9075,48.4609,139.4531,9.6228,52.7879,33.2537,23.7773,20.1531,41.1045,77.1946,19.328,38.7271,A1,word_pos,commercial,A,commercial,ADJ
nord,NOUN,A1,beacco,36.8676,31.6078,36.8676,16.4844,45.0761,13.9645,2.0505,2.0587,31.6078,100.7919,83.7729,91.333,31.2705,55.9876,50.4231,86.0785,A1,word_pos,nord,N,nord,NOM
automne,NOUN,A1,beacco,36.7232,28.2156,36.7232,12.5243,23.5738,7.6441,33.3358,25.9752,28.2156,30.2815,11.5717,22.0935,6.1497,66.9321,12.833,30.0296,A1,word_pos,automne,N,automne,NOM
antiquité,NOUN,A1,beacco,36.6463,14.6093,36.6463,1.9253,12.0581,0.5285,3.1012,28.8683,14.6093,33.0239,1.8684,3.5715,0.8102,0.0,19.328,10.7811,A1,word_pos,antiquité,N,antiquité,NOM
frapper,VERB,A1,beacco,36.6421,126.6259,36.6421,104.1975,104.5563,261.0476,169.2426,9.6228,126.6259,41.3294,112.018,119.0456,319.2009,120.3766,19.328,143.4058,A1,word_pos,frapper,V,frapper,VER
réunion,NOUN,A1,beacco,36.5308,48.3784,36.5308,25.0603,73.2225,10.2418,34.6336,32.4689,48.3784,26.5387,16.1434,78.9011,18.183,19.861,25.6659,42.3536,A1,word_pos,réunion,N,réunion,NOM
oiseau,NOUN,A1,beacco,36.5276,85.4816,36.5276,111.2834,96.2516,18.2342,84.8663,57.7365,85.4816,40.1228,133.7929,98.0911,19.0399,96.3062,38.656,92.7156,A1,word_pos,oiseau,N,oiseau,NOM
colère,NOUN,A1,beacco,36.4906,98.5767,36.4906,148.3208,156.9552,11.7679,25.5257,0.0,98.5767,45.8904,155.8529,197.7328,17.3889,26.3397,0.0,117.2259,A1,word_pos,colère,N,colère,NOM
supermarché,NOUN,A1,beacco,36.4849,29.2257,36.4849,16.9436,22.1341,10.597,41.7735,12.9876,29.2257,33.6375,22.0172,11.3884,2.2839,51.4303,12.833,21.8903,A1,word_pos,supermarché,N,supermarché,NOM
c' est vrai,ADV,A1,crf_first_attested,36.4584,27.0683,36.4584,17.7688,13.5895,42.0435,15.5058,0.0,27.0683,,,,,,,,,crf_only,c' est vrai,ADV,,
préféré,ADJ,A1,beacco,36.4525,10.2618,36.4525,5.2297,0.2366,0.0,30.8006,9.6228,10.2618,26.7037,10.8096,0.0,0.0,12.4171,12.833,10.3872,A1,word_pos,préféré,A,préféré,ADJ
lampe,NOUN,A1,beacco,36.4088,34.6388,36.4088,62.862,6.7302,13.2399,36.5308,0.0,34.6388,33.9613,66.0628,10.9511,26.8655,20.024,0.0,38.2651,A1,word_pos,lampe,N,lampe,NOM
ombre,NOUN,A1,beacco,36.2981,46.4223,36.2981,40.0562,35.549,54.2664,60.5674,0.0,46.4223,26.6024,41.8125,49.2972,66.4862,49.5147,0.0,50.9271,A1,word_pos,ombre,N,ombre,NOM
environnement,NOUN,A1,beacco,36.1193,83.5767,36.1193,25.0186,121.9418,51.2513,159.3857,45.4565,83.5767,36.7397,27.0465,99.4131,49.8228,174.3629,51.3319,76.448,A1,word_pos,environnement,N,environnement,NOM
car,CONJ,A1,beacco,35.9313,593.8313,35.9313,477.352,851.7615,743.714,648.5546,878.4535,593.8313,42.3001,443.2049,746.3261,798.9295,705.7908,649.4859,558.7688,A1,word_pos,car,CONJC,car,KON
tante,NOUN,A1,beacco,35.859,34.3685,35.859,36.5315,14.99,26.74,6.4168,0.0,34.3685,64.0924,55.0843,13.282,38.1464,13.7692,0.0,46.4719,A1,word_pos,tante,N,tante,NOM
chevalier,NOUN,A1,beacco,35.8506,71.287,35.8506,203.1842,1.8024,0.0,0.0,0.0,71.287,39.2242,183.5057,7.6113,0.0,0.0,0.0,68.4172,A1,word_pos,chevalier,N,chevalier,NOM
corde,NOUN,A1,beacco,35.6127,14.9401,35.6127,2.8113,6.4022,15.6374,1.6042,0.0,14.9401,41.1388,3.9526,17.6899,37.927,3.4423,0.0,23.7052,A1,word_pos,corde,N,corde,NOM
futur,ADJ,A1,beacco,35.4503,48.9009,35.4503,66.3799,42.9013,58.0015,20.5337,0.0,48.9009,36.9236,63.1331,55.6699,57.2989,20.6179,0.0,48.8287,A1,word_pos,futur,A,futur,ADJ
drôle,NOUN,A1,beacco,35.3847,20.6846,35.3847,44.5942,6.5077,0.8259,1.6042,0.0,20.6846,33.485,16.1468,5.634,0.0,0.0,0.0,13.0916,A1,word_pos,drôle,N,drôle,NOM
jaune,ADJ,A1,beacco,35.3464,41.2009,35.3464,56.1597,21.0627,48.3075,15.6669,0.0,41.2009,42.0983,58.519,42.1086,48.9044,20.024,0.0,50.8257,A1,word_pos,jaune,A,jaune,ADJ
avenue,NOUN,A1,beacco,35.314,11.5273,35.314,2.371,9.0623,4.8562,15.5058,0.0,11.5273,35.9799,4.7243,20.0704,8.3751,6.0005,0.0,16.227,A1,word_pos,avenue,N,avenue,NOM
remarquer,VERB,A1,beacco,35.2667,114.6917,35.2667,57.4133,151.442,280.7612,40.901,19.2455,114.6917,26.9723,45.3697,118.5567,147.8044,31.3781,38.656,84.2539,A1,word_pos,remarquer,V,remarquer,VER
facilement,ADV,A1,beacco,34.9595,66.0427,34.9595,49.5624,72.2557,76.0123,35.7982,85.6001,66.0427,26.7771,64.1988,47.5922,78.4705,49.5147,113.6757,61.3545,A1,word_pos,facilement,ADV,facilement,ADV
en bas,ADV,A1,crf_first_attested,34.9272,24.0436,34.9272,28.4709,13.0363,32.7808,1.6042,0.0,24.0436,,,,,,,,,crf_only,en bas,ADV,,
chinois,ADJ,A1,beacco,34.9198,7.9006,34.9198,7.5494,0.6802,0.0,0.0,0.0,7.9006,45.3548,3.3389,1.1713,0.0,0.0,0.0,8.8112,A1,word_pos,chinois,A,chinois,ADJ
terrible,ADJ,A1,beacco,34.9158,104.686,34.9158,127.6914,145.0916,102.2051,29.7295,0.0,104.686,45.0803,127.2621,177.68,131.1807,41.1274,0.0,125.4045,A1,word_pos,terrible,A,terrible,ADJ
prénom,NOUN,A1,beacco,34.9087,24.9795,34.9087,29.6111,23.0557,0.0,4.101,9.6228,24.9795,26.8925,32.251,26.1987,0.0,4.139,19.328,26.2018,A1,word_pos,prénom,N,prénom,NOM
bière,NOUN,A1,beacco,34.826,25.1817,34.826,10.4389,19.6037,31.716,0.0,0.0,25.1817,57.9576,4.5697,21.7195,44.7619,0.0,0.0,28.0588,A1,word_pos,bière,N,bière,NOM
réalité,NOUN,A1,beacco,34.8117,99.5943,34.8117,36.4949,100.3468,39.4017,206.7929,219.7585,99.5943,58.6379,52.349,75.5117,57.1174,161.2811,363.357,97.8798,A1,word_pos,réalité,N,réalité,NOM
tout à l' heure,ADV,A1,crf_first_attested,34.8085,23.8271,34.8085,27.2706,1.3768,28.2724,4.8126,0.0,23.8271,,,,,,,,,crf_only,tout à l' heure,ADV,,
animateur,NOUN,A1,beacco,34.4324,16.4033,34.4324,9.1536,21.3224,0.5755,0.0,0.0,16.4033,65.9919,3.7811,18.7111,0.911,0.0,0.0,15.3711,A1,word_pos,animateur,N,animateur,NOM
quel,PRON,A1,beacco,34.3709,33.6681,34.3709,20.6518,2.9104,31.012,59.3077,128.6474,33.6681,1180.4722,545.1254,485.4966,567.5159,533.4363,534.1792,614.3936,A1,word_pos,quel,PRO,quel,PRO
éteindre,VERB,A1,beacco,34.2541,30.8931,34.2541,49.9101,27.4377,4.5416,0.0,28.5334,30.8931,26.6644,38.9234,31.6317,18.9627,0.0,56.7717,31.7061,A1,word_pos,éteindre,V,éteindre,VER
paradis,NOUN,A1,beacco,34.1204,8.7475,34.1204,1.916,10.8555,0.0,0.0,0.0,8.7475,53.425,3.9045,14.638,0.0,3.4423,0.0,15.2761,A1,word_pos,paradis,N,paradis,NOM
commander,VERB,A1,beacco,34.0046,25.8958,34.0046,12.115,16.4928,25.7196,6.2023,25.9752,25.8958,35.5451,14.7695,25.3518,50.5233,20.024,12.833,35.6177,A1,word_pos,commander,V,commander,VER
loin de ici,PREP,A1,crf_first_attested,33.9923,3.049,33.9923,0.0,0.0,0.0,0.0,0.0,3.049,,,,,,,,,crf_only,loin de ici,PREP,,
obligatoire,ADJ,A1,beacco,33.9731,30.8864,33.9731,32.2709,5.7457,40.8583,8.021,32.4689,30.8864,26.5014,33.2313,11.2773,27.0642,6.8846,25.6659,28.4704,A1,word_pos,obligatoire,A,obligatoire,ADJ
taille,NOUN,A1,beacco,33.9192,42.8275,33.9192,27.8617,38.4691,16.9205,73.9548,43.6102,42.8275,46.6045,19.1479,35.0123,17.6317,67.0087,56.7717,40.1584,A1,word_pos,taille,N,taille,NOM
malade,ADJ,A1,beacco,33.9007,53.6024,33.9007,82.5475,50.5184,17.5439,32.8328,0.0,53.6024,24.9489,80.8748,78.1859,66.7699,40.6321,0.0,71.6992,A1,word_pos,malade,A,malade,ADJ
apparaître,VERB,A1,beacco,33.8458,139.5156,33.8458,54.3089,140.9182,92.4853,489.5983,172.5032,139.5156,44.5714,67.0335,185.4043,93.7945,405.9305,228.8816,152.1832,A1,word_pos,apparaître,V,apparaître,VER
si,ADV,A1,beacco,33.8439,202.388,33.8439,175.9335,237.2803,241.4347,340.11,152.8054,202.388,285.2331,406.2004,487.9637,509.0842,399.1242,325.4685,430.6895,A1,word_pos,si,ADV,si,ADV
faux,ADJ,A1,beacco,33.8352,52.198,33.8352,48.8846,22.4675,36.6136,63.6403,24.704,52.198,34.1894,43.2557,39.8734,45.6742,68.3463,4.0185,50.56,A1,word_pos,faux,A,FAUX,ADJ
prévoir,VERB,A1,beacco,33.7587,77.9156,33.7587,49.5143,85.8268,41.9058,116.841,129.6967,77.9156,28.6084,33.9132,88.3473,48.5053,148.9202,57.984,74.2925,A1,word_pos,prévoir,V,prévoir,VER
confiance,NOUN,A1,beacco,33.7182,55.2747,33.7182,84.4738,62.0239,56.3659,3.1012,0.0,55.2747,36.8196,62.1422,87.5644,27.7034,6.0005,0.0,55.7714,A1,word_pos,confiance,N,confiance,NOM
couple,NOUN,A1,beacco,33.6255,84.6543,33.6255,26.3675,98.1397,40.1713,112.5463,284.194,84.6543,44.9107,28.9115,112.2062,44.6269,150.8129,358.6441,102.8709,A1,word_pos,couple,N,couple,NOM
transformer,VERB,A1,beacco,33.6241,82.012,33.6241,7.4191,91.5049,74.575,181.1463,185.1521,82.012,42.6606,6.5404,90.4402,35.6089,164.1806,143.7667,70.4411,A1,word_pos,transformer,V,transformer,VER
rechercher,VERB,A1,beacco,33.5892,47.2099,33.5892,47.9146,40.754,20.8262,57.7047,44.2742,47.2099,51.034,43.3265,37.4601,23.3411,51.4303,78.971,48.3136,A1,word_pos,rechercher,V,rechercher,VER
supérieur,ADJ,A1,beacco,33.5303,45.884,33.5303,3.9633,37.5822,35.4635,174.6704,72.1635,45.884,35.8921,8.0937,46.157,44.9614,203.3376,143.7667,59.8033,A1,word_pos,supérieur,A,supérieur,ADJ
francophone,ADJ,A1,beacco,33.4444,43.5248,33.4444,16.5981,26.2652,21.0331,8.2019,307.9281,43.5248,33.6987,28.4541,21.7597,9.0915,4.139,154.624,33.7826,A1,word_pos,francophone,A,francophone,ADJ
qualité,NOUN,A1,beacco,33.3772,92.1352,33.3772,63.8525,59.147,116.5697,162.7778,165.0698,92.1352,62.8341,84.381,131.9977,140.2963,195.1574,173.9324,126.5542,A1,word_pos,qualité,N,qualité,NOM
droit,NOUN,A1,beacco,33.3269,241.2399,33.3269,131.6815,278.9645,249.6821,599.88,145.5666,241.2399,130.0865,150.5304,327.4155,212.3426,752.1725,202.2974,288.9563,A1,word_pos,droit,N,droit,NOM
exemple,NOUN,A1,beacco,33.2916,80.57,33.2916,17.376,105.4121,85.9785,136.5912,122.7471,80.57,247.7092,281.1516,403.495,311.6173,864.8769,851.2481,417.8872,A1,word_pos,exemple,N,exemple,NOM
mail,NOUN,A1,beacco,33.2266,3.5317,33.2266,0.0,0.0,0.0,2.0505,0.0,3.5317,52.6029,0.0,0.0,0.0,4.139,0.0,5.2579,A1,word_pos,mail,N,mail,NOM
agence,NOUN,A1,beacco,33.2092,34.0197,33.2092,4.0787,39.6216,28.7736,38.4493,76.982,34.0197,43.2495,8.0849,38.3676,19.035,20.6179,77.312,33.1248,A1,word_pos,agence,N,agence,NOM
cantine,NOUN,A1,beacco,33.1683,5.3315,33.1683,0.0618,1.0202,0.0,0.0,0.0,5.3315,36.0957,0.1276,0.5857,0.0,0.0,0.0,5.5238,A1,word_pos,cantine,N,cantine,NOM
ouais,INT,A1,beacco,33.1523,6.595,,,,,,,,33.1523,6.8285,0.438,0.0,0.0,0.0,6.595,A1,beacco_only,,,ouais,INT
au loin,ADV,A1,crf_first_attested,33.0121,15.0241,33.0121,4.3199,23.1134,1.5139,0.0,0.0,15.0241,,,,,,,,,crf_only,au loin,ADV,,
une,PRON,A1,crf_first_attested,33.004,203.5775,33.004,237.0223,207.7464,265.3493,163.1736,348.8817,203.5775,,,,,,,,,crf_only,une,PRO,,
opération,NOUN,A1,beacco,32.8658,42.6756,32.8658,4.1863,58.2163,4.5416,121.8193,68.1256,42.6756,44.5779,3.2548,60.3984,4.5679,120.2103,38.4989,44.7794,A1,word_pos,opération,N,opération,NOM
usine,NOUN,A1,beacco,32.7973,39.8939,32.7973,47.8647,35.2744,22.4344,18.6069,0.0,39.8939,33.3006,27.5493,22.5628,35.0798,30.0023,0.0,32.5487,A1,word_pos,usine,N,usine,NOM
ah bon,ADV,A1,crf_first_attested,32.7312,2.7396,32.7312,0.0,0.0,0.0,0.0,0.0,2.7396,,,,,,,,,crf_only,ah bon,ADV,,
messe,NOUN,A1,beacco,32.6471,16.3255,32.6471,0.6418,33.5764,0.0,4.8126,19.2455,16.3255,27.4692,1.2456,22.7037,0.0,10.3269,19.328,16.9642,A1,word_pos,messe,N,messe,NOM
jean,NOUN,A1,beacco,32.5839,18.0157,32.5839,12.887,7.6453,0.0,4.8126,57.7365,18.0157,25.1182,9.9767,11.2105,0.0,10.3269,0.0,15.8666,A1,word_pos,jean,N,jean,NOM
boulevard,NOUN,A1,beacco,32.5269,29.1373,32.5269,58.545,7.6237,12.3135,1.6042,19.2455,29.1373,36.2009,41.9608,2.4816,17.6317,20.024,19.328,26.9818,A1,word_pos,boulevard,N,boulevard,NOM
à l' étranger,ADV,A1,crf_first_attested,32.494,31.8979,32.494,40.1841,20.4245,10.2418,28.0276,0.0,31.8979,,,,,,,,,crf_only,à l' étranger,ADV,,
humain,ADJ,A1,beacco,32.3835,112.7972,32.3835,49.4442,87.804,117.826,349.8649,130.2559,112.7972,31.7509,42.541,90.7297,117.2533,378.262,202.2974,117.5322,A1,word_pos,humain,A,humain,ADJ
moyen,ADJ,A1,beacco,32.3235,58.6975,32.3235,23.4059,37.5526,41.0775,167.0748,142.6669,58.6975,33.0192,57.9282,60.2584,37.6072,139.7172,202.2974,70.9307,A1,word_pos,moyen,A,moyen,ADJ
en direction de,PREP,A1,crf_first_attested,32.2124,9.2854,32.2124,3.0753,7.4529,1.5139,0.0,0.0,9.2854,,,,,,,,,crf_only,en direction de,PREP,,
âgé,ADJ,A1,beacco,32.1807,79.1426,32.1807,88.1777,61.2361,55.4455,81.5787,251.1459,79.1426,26.8177,70.6978,49.8407,44.5104,80.2315,259.353,64.5285,A1,word_pos,âgé,A,âgé,ADJ
superbe,ADJ,A1,beacco,32.0287,14.2239,32.0287,4.8012,16.8951,7.0375,0.0,0.0,14.2239,40.8504,4.7328,5.7828,2.5411,0.0,0.0,10.6635,A1,word_pos,superbe,A,superbe,ADJ
soupe,NOUN,A1,beacco,31.9328,11.3803,31.9328,5.9638,7.6557,4.8711,1.6042,0.0,11.3803,39.1623,7.7744,8.9218,8.9868,3.4423,0.0,16.6653,A1,word_pos,soupe,N,soupe,NOM
camping,NOUN,A1,beacco,31.9275,8.0758,31.9275,2.31,4.0661,0.0,1.6042,0.0,8.0758,47.9815,4.633,0.2059,0.0,0.0,0.0,8.5523,A1,word_pos,camping,N,camping,NOM
ne pas,ADV,A1,crf_first_attested,31.8355,241.8212,31.8355,265.2398,291.5751,277.9026,292.3863,85.6001,241.8212,,,,,,,,,crf_only,ne pas,ADV,,
eh oui,ADV,A1,crf_first_attested,31.7858,6.1171,31.7858,0.7581,0.0,6.685,0.0,0.0,6.1171,,,,,,,,,crf_only,eh oui,ADV,,
italiens,NOUN,A1,crf_first_attested,31.7727,11.8085,31.7727,7.1116,7.9356,0.0,0.0,0.0,11.8085,,,,,,,,,crf_only,italiens,N,,
tartine,NOUN,A1,beacco,31.7293,2.6303,31.7293,0.0,0.0,0.0,0.0,0.0,2.6303,27.0954,0.0,0.0,0.0,0.0,0.0,2.1916,A1,word_pos,tartine,N,tartine,NOM
odeur,NOUN,A1,beacco,31.7238,38.6235,31.7238,13.7239,17.8014,7.4827,86.8323,12.352,38.6235,24.7094,21.7819,19.3942,11.5235,90.0069,12.0555,43.725,A1,word_pos,odeur,N,odeur,NOM
mondial,ADJ,A1,beacco,31.6367,116.6314,31.6367,32.9513,99.0089,128.5468,255.8365,197.6872,116.6314,46.9045,43.7978,119.2589,114.9604,303.3541,171.4545,124.8413,A1,word_pos,mondial,A,mondial,ADJ
romantique,ADJ,A1,beacco,31.0375,19.5941,31.0375,12.0342,13.8289,0.0,34.1127,0.0,19.5941,45.6561,20.2169,7.0791,0.0,24.0018,0.0,19.1005,A1,word_pos,romantique,A,romantique,ADJ
onze,DET,A1,crf_first_attested,31.0369,26.3084,31.0369,30.8719,13.1555,27.4697,3.2084,0.0,26.3084,,,,,,,,,crf_only,onze,DET,,
thé,NOUN,A1,beacco,30.8799,10.5778,30.8799,13.0542,2.6142,1.3414,0.0,0.0,10.5778,34.3106,17.624,7.5611,3.5867,4.139,0.0,16.1272,A1,word_pos,thé,N,thé,NOM
v,NOUN,A1,crf_first_attested,30.8577,12.3456,30.8577,0.1306,3.8723,15.7176,10.2524,0.0,12.3456,,,,,,,,,crf_only,v,N,,
publier,VERB,A1,beacco,30.8175,109.9303,30.8175,62.0148,47.4679,145.1491,343.1981,206.3552,109.9303,33.375,64.0221,54.7846,99.9962,284.8574,203.3334,99.9178,A1,word_pos,publier,V,publier,VER
informaticien,NOUN,A1,beacco,30.6649,9.9978,30.6649,0.0,0.0,13.8842,31.0115,0.0,9.9978,40.2159,0.0,0.0,14.4824,12.0009,0.0,8.9564,A1,word_pos,informaticien,N,informaticien,NOM
disque,NOUN,A1,beacco,30.6506,29.5694,30.6506,24.2057,0.6802,55.604,57.2152,0.0,29.5694,26.3921,22.5769,1.1713,47.6849,41.1274,0.0,27.1689,A1,word_pos,disque,N,disque,NOM
idéal,ADJ,A1,beacco,30.5766,22.9403,30.5766,21.2764,19.7173,0.5755,25.5361,26.5664,22.9403,38.5141,12.9108,36.7858,12.6911,40.1357,52.5084,32.6182,A1,word_pos,idéal,A,idéal,ADJ
blouson,NOUN,A1,beacco,30.5587,4.5698,30.5587,0.7405,0.0554,0.0,0.0,0.0,4.5698,30.027,0.606,0.1029,0.0,0.0,0.0,4.9934,A1,word_pos,blouson,N,blouson,NOM
rivièreset,NOUN,A1,crf_first_attested,30.5093,10.3128,30.5093,3.2366,4.7444,0.0,4.101,4.1173,10.3128,,,,,,,,,crf_only,rivièreset,N,,
crêpe,NOUN,A1,beacco,30.4751,6.2222,30.4751,0.0,0.4538,0.0,4.8126,0.0,6.2222,54.7766,0.0,0.2504,0.0,3.4423,0.0,7.031,A1,word_pos,crêpe,N,crêpe,NOM
large,ADJ,A1,beacco,30.3198,67.8918,30.3198,9.5817,134.694,35.5013,89.7746,66.4113,67.8918,30.1594,27.491,152.3824,43.8294,113.7632,78.971,83.489,A1,word_pos,large,A,large,ADJ
goût,NOUN,A1,beacco,30.1834,83.1006,30.1834,35.4475,142.7736,104.9853,33.8984,10.2933,83.1006,79.2308,56.3165,150.0475,97.7299,50.0526,44.6051,103.4466,A1,word_pos,goût,N,goût,NOM
société,NOUN,A1,beacco,30.1338,296.1989,30.1338,68.8906,316.9305,233.9901,897.5064,689.1693,296.1989,26.5902,71.2114,307.5057,227.6706,734.9312,581.4678,258.0155,A1,word_pos,société,N,société,NOM
marquer,VERB,A1,beacco,30.0921,59.607,30.0921,31.9329,72.9361,26.3922,99.7099,86.6048,59.607,32.6922,70.0842,99.3112,27.1411,78.6751,96.64,76.7248,A1,word_pos,marquer,V,marquer,VER
loisirs,NOUN,A1,crf_first_attested,30.0655,45.8857,30.0655,38.9358,70.7984,22.9788,26.9096,12.9876,45.8857,,,,,,,,,crf_only,loisirs,N,,
examen,NOUN,A1,beacco,30.0375,27.6567,30.0375,27.5459,14.3362,4.5416,6.1515,51.9503,27.6567,43.5128,17.3251,14.4054,2.2839,8.2781,64.1649,26.3444,A1,word_pos,examen,N,examen,NOM
énorme,ADJ,A1,beacco,29.9965,68.3468,29.9965,29.3123,119.5546,51.4104,40.3921,6.176,68.3468,38.2216,33.3233,144.7359,58.0349,49.1091,4.0185,80.1719,A1,word_pos,énorme,A,énorme,ADJ
morceau,NOUN,A1,beacco,29.793,72.9586,29.793,119.4438,48.2489,107.7258,25.3674,0.0,72.9586,37.8861,107.5291,64.1505,118.8339,50.0526,0.0,85.2107,A1,word_pos,morceau,N,morceau,NOM
réveillon,NOUN,A1,beacco,29.6617,4.1393,29.6617,3.2926,0.0,0.0,0.0,0.0,4.1393,30.8198,4.7328,0.0,0.0,0.0,0.0,5.04,A1,word_pos,réveillon,N,réveillon,NOM
gris,ADJ,A1,beacco,29.6187,57.718,29.6187,41.6653,73.8713,81.0393,37.9244,0.0,57.718,47.7076,36.4349,71.1205,111.3796,41.1274,0.0,64.6161,A1,word_pos,gris,A,gris,ADJ
attacher,VERB,A1,beacco,29.6029,50.0741,29.6029,51.9113,49.1835,65.3732,16.4039,0.0,50.0741,44.0829,64.1691,77.4391,74.7859,8.2781,0.0,64.0042,A1,word_pos,attacher,V,attacher,VER
accent,NOUN,A1,beacco,29.5416,23.6583,29.5416,9.3949,5.0912,29.8387,32.8328,45.4565,23.6583,28.6793,8.746,7.1182,19.2521,20.6179,51.3319,20.7267,A1,word_pos,accent,N,accent,NOM
créer,VERB,A1,beacco,29.3909,270.7606,29.3909,92.2035,284.4449,256.0261,708.7605,1022.4234,270.7606,53.8051,125.231,293.6215,221.8304,678.7857,1155.3087,282.1762,A1,word_pos,créer,V,créer,VER
tradition,NOUN,A1,beacco,29.3888,51.8254,29.3888,11.8913,87.0303,23.1548,105.4268,6.4938,51.8254,52.57,14.7021,75.7298,22.0626,82.2143,12.833,54.0318,A1,word_pos,tradition,N,tradition,NOM
sens,NOUN,A1,crf_first_attested,29.3288,150.7015,29.3288,77.2529,179.9058,157.4708,332.55,135.8422,150.7015,,,,,,,,,crf_only,sens,N,,
champagne,NOUN,A1,beacco,29.3029,5.3079,29.3029,0.1887,0.1662,0.0,0.0,0.0,5.3079,53.1453,4.1195,0.1029,0.0,0.0,0.0,9.3471,A1,word_pos,champagne,N,champagne,NOM
vol,NOUN,A1,beacco,29.172,48.4694,29.172,32.9661,1.3603,186.8252,50.7348,0.0,48.4694,42.8169,36.7384,1.1713,94.4715,40.0479,0.0,39.4488,A1,word_pos,vol,N,vol,NOM
génération,NOUN,A1,beacco,29.1274,87.0621,29.1274,17.3925,104.4895,48.9342,226.5457,214.8179,87.0621,36.4125,14.6603,101.9673,45.0891,239.2874,260.8986,88.48,A1,word_pos,génération,N,génération,NOM
document,NOUN,A1,beacco,29.0607,36.2426,29.0607,7.8266,16.2673,70.2772,78.778,19.2455,36.2426,33.0018,9.4656,21.9818,66.3596,94.117,19.328,36.1729,A1,word_pos,document,N,document,NOM
com,NOUN,A1,crf_first_attested,29.0473,32.2351,29.0473,5.6337,30.8721,41.6526,27.7392,9.6228,32.2351,,,,,,,,,crf_only,com,N,,
banlieue,NOUN,A1,beacco,29.026,42.2803,29.026,25.9577,23.873,11.2845,145.0061,9.6228,42.2803,36.6224,16.5587,28.75,14.4824,90.4055,19.328,38.5157,A1,word_pos,banlieue,N,banlieue,NOM
identité,NOUN,A1,beacco,28.7889,78.0045,28.7889,22.1484,52.874,97.859,184.7984,144.3413,78.0045,38.4949,30.6445,61.1718,77.8344,179.7053,57.984,75.2358,A1,word_pos,identité,N,identité,NOM
recommencer,VERB,A1,beacco,28.7398,38.971,28.7398,40.8557,23.1231,56.1677,29.7295,0.0,38.971,38.4587,44.6717,28.3586,71.629,20.024,0.0,46.35,A1,word_pos,recommencer,V,recommencer,VER
incroyable,ADJ,A1,beacco,28.6191,28.6678,28.6191,24.0657,23.825,16.7824,4.8126,29.8958,28.6678,26.7982,23.3383,24.2127,10.5865,3.4423,44.6051,26.9723,A1,word_pos,incroyable,A,incroyable,ADJ
serveur,NOUN,A1,beacco,28.5614,8.5714,28.5614,2.2236,4.3165,5.1209,0.0,0.0,8.5714,59.5716,8.9874,8.1958,18.0886,3.4423,0.0,19.5651,A1,word_pos,serveur,N,serveur,NOM
baigner,VERB,A1,beacco,28.2882,11.3919,28.2882,0.3702,7.2197,8.3991,15.6669,0.0,11.3919,38.9397,0.606,13.4122,9.8252,20.024,0.0,16.0856,A1,word_pos,baigner,V,baigner,VER
timide,ADJ,A1,beacco,28.2688,15.3675,28.2688,9.5684,12.2058,0.0,0.0,12.9876,15.3675,55.6696,15.6313,22.5701,0.0,0.0,12.833,21.1758,A1,word_pos,timide,A,timide,ADJ
puis,ADV,A1,beacco,28.2496,98.321,28.2496,178.5778,123.1251,56.5274,36.6339,0.0,98.321,1194.899,1343.8811,1157.64,898.9426,562.0567,206.4962,1061.5308,A1,word_pos,puis,ADV,puis,ADV
spécialité,NOUN,A1,beacco,28.2482,12.4608,28.2482,8.9594,5.8763,7.5819,0.0,0.0,12.4608,27.2372,8.4051,3.4688,12.9222,0.0,0.0,11.564,A1,word_pos,spécialité,N,spécialité,NOM
mule,NOUN,A1,beacco,28.1726,1.8223,28.1726,0.0,0.0,0.0,0.0,0.0,1.8223,50.4943,0.0,0.0,0.0,0.0,0.0,3.2893,A1,word_pos,mule,N,mule,NOM
magazine,NOUN,A1,beacco,28.1229,43.3766,28.1229,35.8329,37.0327,0.7062,46.1803,96.2275,43.3766,33.255,70.0498,63.1088,2.5411,60.0719,115.968,61.3867,A1,word_pos,magazine,N,magazine,NOM
jeunesse,NOUN,A1,beacco,28.1177,52.6144,28.1177,27.9984,76.2663,8.6319,20.7298,84.8024,52.6144,27.9779,32.1662,59.2475,1.822,20.024,44.6051,37.262,A1,word_pos,jeunesse,N,jeunesse,NOM
chèque,NOUN,A1,beacco,28.0549,16.7187,28.0549,3.2245,7.6797,33.9412,3.2084,0.0,16.7187,27.6495,3.8021,6.808,55.6887,6.8846,0.0,21.0741,A1,word_pos,chèque,N,chèque,NOM
assister,VERB,A1,beacco,28.0368,54.3255,28.0368,38.8323,81.0967,44.7822,31.2327,25.9752,54.3255,55.1116,47.7808,71.9859,67.7113,65.9532,25.6659,66.0236,A1,word_pos,assister,V,assister,VER
atelier,NOUN,A1,beacco,28.0257,36.9518,28.0257,13.1223,42.4058,4.7356,50.0431,0.0,36.9518,37.4396,9.9799,41.049,8.1386,45.0989,0.0,34.6245,A1,word_pos,atelier,N,atelier,NOM
dessin,NOUN,A1,beacco,28.0124,51.0604,28.0124,32.5608,55.0699,22.1047,97.2535,0.0,51.0604,32.0286,49.8948,48.1674,31.2705,62.7057,0.0,50.4708,A1,word_pos,dessin,N,dessin,NOM
palais,NOUN,A1,beacco,27.9738,30.3895,27.9738,11.4476,53.9754,7.7447,24.3636,0.0,30.3895,26.0038,11.2991,35.9271,8.4014,20.6179,0.0,23.5018,A1,word_pos,palais,N,palais,NOM
commun,ADJ,A1,beacco,27.9428,94.1204,27.9428,34.4521,104.727,95.0385,159.7457,76.982,94.1204,48.7592,23.0236,96.8895,56.5348,113.7632,57.984,74.7236,A1,word_pos,commun,A,commun,ADJ
page,NOUN,A1,beacco,27.8536,69.0076,27.8536,22.8186,34.7768,156.8501,128.878,105.3719,69.0076,33.972,36.7419,30.6486,142.1351,103.8406,93.687,68.8929,A1,word_pos,page,N,page,NOM
pas encore,ADV,A1,crf_first_attested,27.7839,60.471,27.7839,68.3153,46.865,53.2798,41.6087,86.9525,60.471,,,,,,,,,crf_only,pas encore,ADV,,
félicitation,NOUN,A1,beacco,27.5381,7.8978,,,,,,,,27.5381,0.0,3.2133,2.5411,6.0005,0.0,7.8978,A1,beacco_only,,,félicitation,NOM
généreux,ADJ,A1,beacco,27.5002,13.9032,27.5002,25.5918,5.1014,1.5139,0.0,0.0,13.9032,27.306,30.4377,11.7823,2.2839,0.0,0.0,16.4868,A1,word_pos,généreux,A,généreux,ADJ
bras,NOUN,A1,beacco,27.4837,161.6606,27.4837,221.3244,217.4583,110.5934,98.9111,38.491,161.6606,38.7812,256.41,285.3646,115.0555,64.7832,19.328,184.3756,A1,word_pos,bras,N,bras,NOM
t,NOUN,A1,crf_first_attested,27.394,34.9256,27.394,23.6763,61.5463,6.8216,4.101,0.0,34.9256,,,,,,,,,crf_only,t,N,,
demain,NOUN,A1,beacco,27.0961,10.4482,,,,,,,,27.0961,9.4324,1.1713,2.2839,6.0005,0.0,10.4482,A1,beacco_only,,,demain,NOM
part,NOUN,A1,beacco,27.0332,91.6435,27.0332,90.4587,96.9172,39.8596,151.2395,115.473,91.6435,131.2742,110.0508,250.6271,261.4628,459.8393,378.4334,235.359,A1,word_pos,part,N,part,NOM
pourtant,ADV,A1,beacco,27.0076,272.4201,27.0076,215.6673,353.759,400.7014,382.3724,158.8797,272.4201,26.6292,172.1976,343.5023,342.3829,336.9007,192.6297,248.8126,A1,word_pos,pourtant,ADV,pourtant,ADV
viens,NOUN,A1,crf_first_attested,26.9358,12.1892,26.9358,20.7014,2.5602,0.8949,0.0,0.0,12.1892,,,,,,,,,crf_only,viens,N,,
taxi,NOUN,A1,beacco,26.808,12.0624,26.808,0.0,9.0704,19.7134,0.0,0.0,12.0624,32.4718,0.0,10.2267,46.5313,0.0,0.0,19.9251,A1,word_pos,taxi,N,taxi,NOM
former,VERB,A1,beacco,26.779,76.716,26.779,61.245,40.0667,87.0766,158.6374,200.9392,76.716,38.2267,78.5292,71.8953,63.6734,147.2929,174.0903,89.432,A1,word_pos,former,V,former,VER
sérieux,ADJ,A1,beacco,26.7731,79.8357,26.7731,117.0648,60.9409,89.168,66.6715,22.517,79.8357,27.6996,111.2378,44.1764,90.107,65.168,44.6051,74.6162,A1,word_pos,sérieux,A,sérieux,ADJ
au-dessus,ADV,A1,beacco,26.7552,50.1174,,,,,,,,26.7552,44.13,37.6188,88.9403,26.3397,0.0,50.1174,A1,beacco_only,,,au-dessus,ADV
spécial,ADJ,A1,beacco,26.7519,29.3533,,,,,,,,26.7519,43.7136,18.2594,8.1049,40.1357,19.328,29.3533,A1,beacco_only,,,spécial,ADJ
durer,VERB,A1,beacco,26.7195,37.5536,26.7195,15.0824,37.1301,36.6268,37.2138,68.1256,37.5536,26.473,74.2488,95.4244,52.5332,76.6769,170.3152,77.1567,A1,word_pos,durer,V,durer,VER
échanger,VERB,A1,beacco,26.6597,34.8643,26.6597,19.3349,34.4567,3.0277,104.4961,0.0,34.8643,33.2522,30.2952,30.9417,2.2839,72.1618,0.0,31.9592,A1,word_pos,échanger,V,échanger,VER
allumer,VERB,A1,beacco,26.5983,33.1119,26.5983,47.0789,5.1655,27.0634,82.7275,0.0,33.1119,38.3995,45.0828,14.724,55.2323,66.9321,0.0,41.2675,A1,word_pos,allumer,V,allumer,VER
cri,NOUN,A1,beacco,26.5588,105.7714,26.5588,45.2116,164.4623,256.5087,2.0505,0.0,105.7714,26.0584,51.8273,197.8458,236.4805,4.139,0.0,123.7644,A1,word_pos,cri,N,cri,NOM
parfum,NOUN,A1,beacco,26.489,59.1347,26.489,11.8658,36.2441,23.1358,93.0346,288.1234,59.1347,26.872,6.8826,43.7509,35.7742,150.0116,44.2033,71.4892,A1,word_pos,parfum,N,parfum,NOM
ascenseur,NOUN,A1,beacco,26.4847,11.9338,26.4847,3.7343,10.7081,8.4175,0.0,0.0,11.9338,27.7624,6.8277,11.2807,9.0915,0.0,0.0,13.4847,A1,word_pos,ascenseur,N,ascenseur,NOM
international,ADJ,A1,beacco,26.4679,152.1671,26.4679,71.2041,200.1823,133.4701,257.2105,149.261,152.1671,25.8059,76.7581,179.6768,104.89,285.6979,209.3923,145.3894,A1,word_pos,international,A,international,ADJ
bienvenir,VERB,A1,beacco,26.4644,10.1097,,,,,,,,26.4644,16.3134,0.3906,0.0,3.4423,0.0,10.1097,A1,beacco_only,,,bienvenir,VER
température,NOUN,A1,beacco,26.4488,37.2911,26.4488,57.7361,22.4512,0.0,116.2423,0.0,37.2911,27.5381,48.7631,27.5616,0.0,160.463,0.0,40.0911,A1,word_pos,température,N,température,NOM
souffler,VERB,A1,beacco,26.3839,9.7337,26.3839,3.0455,3.1217,0.0,18.6069,0.0,9.7337,38.2252,6.3271,3.4415,0.0,6.0005,0.0,10.2171,A1,word_pos,souffler,V,souffler,VER
tomate,NOUN,A1,beacco,26.3585,11.3544,26.3585,14.3493,0.2719,0.0,12.7628,0.0,11.3544,35.8262,16.6445,0.185,0.0,20.024,0.0,12.1548,A1,word_pos,tomate,N,tomate,NOM
tiens,NOUN,A1,crf_first_attested,26.2007,44.9901,26.2007,90.8874,26.5586,23.957,52.2481,0.0,44.9901,,,,,,,,,crf_only,tiens,N,,
épouser,VERB,A1,beacco,25.8828,55.4939,25.8828,104.9151,33.0865,45.5916,44.058,9.6228,55.4939,27.2637,86.9818,44.7586,33.2905,40.6321,19.328,54.4324,A1,word_pos,épouser,V,épouser,VER
faim,NOUN,A1,beacco,25.8446,36.4447,25.8446,57.0321,21.6105,13.6499,16.2172,0.0,36.4447,36.2749,71.6667,21.7199,18.7225,19.861,0.0,41.5767,A1,word_pos,faim,N,faim,NOM
responsable,NOUN,A1,crf_first_attested,25.7933,46.2315,25.7933,18.3236,45.2315,11.2845,107.8451,72.7833,46.2315,,,,,,,,,crf_only,responsable,N,,
conduire,VERB,A1,beacco,25.7164,125.6922,25.7164,109.8029,147.0653,134.6996,156.965,86.6048,125.6922,45.023,133.0272,171.2002,130.8867,175.0335,96.64,141.6367,A1,word_pos,conduire,V,conduire,VER
sale,ADJ,A1,beacco,25.715,34.2511,25.715,51.1928,17.0707,40.486,0.0,6.4938,34.2511,40.7337,40.8775,24.0441,63.3388,0.0,12.833,42.0686,A1,word_pos,sale,A,sale,ADJ
technologie,NOUN,A1,beacco,25.6984,53.1045,25.6984,14.6821,39.2173,12.7889,197.7178,69.3619,53.1045,25.5641,18.6186,40.4796,14.4824,201.0324,56.7717,53.4578,A1,word_pos,technologie,N,technologie,NOM
long,NOUN,A1,beacco,25.6821,22.6352,25.6821,5.001,24.4509,29.9259,9.3035,0.0,22.6352,32.5929,39.3176,148.053,137.6146,112.8614,0.0,96.1579,A1,word_pos,long,N,long,NOM
claire,NOUN,A1,crf_first_attested,25.6169,7.3938,25.6169,0.5516,3.6558,2.1187,0.0,0.0,7.3938,,,,,,,,,crf_only,claire,N,,
droit,ADJ,A1,beacco,25.6058,26.4375,25.6058,44.6905,7.7661,29.0132,0.0,0.0,26.4375,148.8793,90.7138,46.0304,81.8836,106.0365,56.7717,94.3167,A1,word_pos,droit,A,droit,ADJ
tromper,VERB,A1,beacco,25.4402,82.7829,25.4402,68.6584,47.9301,236.6635,80.9886,6.176,82.7829,38.0008,77.7711,55.5478,275.7285,76.6769,4.0185,99.0571,A1,word_pos,tromper,V,tromper,VER
litre,NOUN,A1,beacco,25.4136,7.1491,25.4136,4.404,0.0818,0.0,3.1012,12.9876,7.1491,32.6429,4.4863,0.1243,0.0,6.0005,25.6659,9.6758,A1,word_pos,litre,N,litre,NOM
pape,NOUN,A1,beacco,25.331,2.6032,25.331,0.0,1.8673,0.0,0.0,0.0,2.6032,33.2582,0.0,12.3838,0.0,0.0,0.0,5.0693,A1,word_pos,pape,N,pape,NOM
ordre,NOUN,A1,beacco,25.2225,145.2455,25.2225,141.6188,176.2506,161.2026,98.3998,132.0189,145.2455,36.2448,147.0809,217.9384,186.4951,162.3783,228.8816,171.9665,A1,word_pos,ordre,N,ordre,NOM
manière,NOUN,A1,beacco,25.0232,106.0442,25.0232,68.3966,129.5046,74.235,173.1079,252.1576,106.0442,33.8843,84.1453,187.2039,61.504,324.3376,240.7752,136.6367,A1,word_pos,manière,N,manière,NOM
véritable,ADJ,A1,beacco,25.0011,125.7767,25.0011,28.7564,173.76,170.4052,178.2283,283.4715,125.7767,25.3885,21.6419,181.7836,107.5892,158.3579,360.8378,113.1777,A1,word_pos,véritable,A,véritable,ADJ
adorable,ADJ,A1,beacco,24.9879,8.2044,24.9879,3.8617,4.1829,0.0,0.0,0.0,8.2044,26.1666,4.4239,5.5691,0.0,0.0,0.0,8.0703,A1,word_pos,adorable,A,adorable,ADJ
tel,ADJ,A1,crf_first_attested,24.9612,194.855,24.9612,48.6945,269.48,239.4023,379.2998,171.041,194.855,,,,,,,,,crf_only,tel,A,,
prisonnier,ADJ,A1,crf_first_attested,24.9485,36.7223,24.9485,59.4755,28.0127,6.8065,25.3674,0.0,36.7223,,,,,,,,,crf_only,prisonnier,A,,
messieurs,NOUN,A1,beacco,24.8383,49.3144,,,,,,,,24.8383,13.1142,81.5405,58.2647,19.861,0.0,49.3144,A1,beacco_only,,,messieurs,NOM
pourquoi pas,ADV,A1,crf_first_attested,24.8261,12.496,24.8261,12.3372,5.2735,9.4042,1.6042,0.0,12.496,,,,,,,,,crf_only,pourquoi pas,ADV,,
humeur,NOUN,A1,beacco,24.7985,28.0819,24.7985,17.4386,28.8351,49.0131,3.1012,0.0,28.0819,31.0865,12.4358,31.9657,42.8349,6.0005,0.0,28.9823,A1,word_pos,humeur,N,humeur,NOM
officiel,ADJ,A1,beacco,24.7799,49.8369,24.7799,23.2014,39.7141,15.941,44.48,331.5113,49.8369,45.8116,12.9932,32.4953,14.4942,65.168,162.4685,40.1976,A1,word_pos,officiel,A,officiel,ADJ
salut,NOUN,A1,beacco,24.7755,8.4566,24.7755,0.2114,4.8456,0.0,20.5337,0.0,8.4566,392.0782,61.1561,10.2709,0.0,20.6179,0.0,66.2595,A1,word_pos,salut,N,salut,NOM
proposition,NOUN,A1,beacco,24.7385,41.9465,24.7385,7.2053,59.1605,9.5656,8.2019,60.6128,41.9465,35.7114,8.2113,51.3994,8.4014,4.139,70.4779,44.1916,A1,word_pos,proposition,N,proposition,NOM
complet,ADJ,A1,beacco,24.6814,22.3654,24.6814,16.4018,21.1756,1.0571,24.7899,28.8683,22.3654,33.3141,19.7923,26.1756,1.6204,41.2358,19.328,28.5505,A1,word_pos,complet,A,complet,ADJ
nombre,NOUN,A1,beacco,24.6496,151.5736,24.6496,46.3044,186.5036,118.9339,349.5654,344.9023,151.5736,28.149,49.3383,194.3195,88.3208,421.2834,338.2794,152.0382,A1,word_pos,nombre,N,nombre,NOM
dents,NOUN,A1,crf_first_attested,24.5855,34.5133,24.5855,39.1425,37.4688,17.1477,12.4046,0.0,34.5133,,,,,,,,,crf_only,dents,N,,
reconnaître,VERB,A1,beacco,24.5418,277.8825,24.5418,358.9714,277.8364,406.1858,265.8814,198.0997,277.8825,42.4963,314.0344,296.722,343.0957,278.2629,257.2108,271.2204,A1,word_pos,reconnaître,V,reconnaître,VER
domaine,NOUN,A1,beacco,24.4703,84.135,24.4703,17.0901,98.5348,65.8064,244.5205,124.2622,84.135,32.0407,16.184,114.71,108.335,256.182,226.9114,101.7699,A1,word_pos,domaine,N,domaine,NOM
tout le temps,ADV,A1,crf_first_attested,24.2981,10.8589,24.2981,16.7723,0.0,12.5501,3.1012,0.0,10.8589,,,,,,,,,crf_only,tout le temps,ADV,,
nul,ADJ,A1,beacco,24.1295,17.7022,24.1295,14.7552,10.101,4.8562,12.4046,28.8683,17.7022,31.4216,47.8704,22.096,21.1614,18.0014,38.656,35.4059,A1,word_pos,nul,A,nul,ADJ
collègue,NOUN,A1,beacco,24.0747,59.5551,24.0747,17.681,47.6335,148.5032,89.834,0.0,59.5551,25.2066,26.6203,42.139,126.3735,75.5206,0.0,58.0493,A1,word_pos,collègue,N,collègue,NOM
prêter,VERB,A1,beacco,24.0522,47.5949,24.0522,21.1925,47.498,70.1589,91.4143,19.2455,47.5949,26.0708,0.1937,22.169,49.5547,66.9321,0.0,27.7064,A1,word_pos,prêter,V,prêter,VER
inscription,NOUN,A1,beacco,24.0279,10.3684,24.0279,0.0,3.4218,13.6777,0.0,56.5655,10.3684,27.3877,0.0,6.7316,18.183,0.0,59.013,14.6997,A1,word_pos,inscription,N,inscription,NOM
lentement,ADV,A1,beacco,23.8079,52.897,23.8079,99.6265,20.3196,45.6987,57.5782,6.4938,52.897,33.6151,104.9838,31.5052,86.9992,65.9532,12.833,71.0801,A1,word_pos,lentement,ADV,lentement,ADV
en fin de,PREP,A1,crf_first_attested,23.753,13.4626,23.753,2.9356,0.0,32.7858,27.9104,0.0,13.4626,,,,,,,,,crf_only,en fin de,PREP,,
douze,DET,A1,crf_first_attested,23.6329,20.1023,23.6329,17.6451,22.3133,2.6847,12.4046,0.0,20.1023,,,,,,,,,crf_only,douze,DET,,
culture,NOUN,A1,beacco,23.6046,93.6516,23.6046,16.3231,131.5075,69.4835,132.6638,261.3854,93.6516,27.077,33.2377,155.9912,47.7121,161.7902,271.7445,108.8846,A1,word_pos,culture,N,culture,NOM
régler,VERB,A1,beacco,23.5989,23.1713,23.5989,8.1905,31.9979,24.0038,1.6042,4.1173,23.1713,26.6791,10.1723,39.3479,6.0629,3.4423,4.0185,24.5659,A1,word_pos,régler,V,régler,VER
ouvrier,NOUN,A1,beacco,23.5492,91.1491,23.5492,85.5887,156.4055,52.8892,20.7298,62.2019,91.1491,27.4393,52.2652,142.3869,85.7585,31.3528,112.15,87.383,A1,word_pos,ouvrier,N,ouvrier,NOM
rock,NOUN,A1,beacco,23.526,19.1702,23.526,12.4591,8.3812,7.0623,9.3035,0.0,19.1702,32.9937,12.2004,12.5835,6.3527,6.0005,0.0,19.3648,A1,word_pos,rock,N,rock,NOM
cheminée,NOUN,A1,beacco,23.4563,36.4439,23.4563,32.2528,18.3149,95.4159,0.0,0.0,36.4439,33.1949,24.6261,29.9015,75.1364,0.0,0.0,37.9667,A1,word_pos,cheminée,N,cheminée,NOM
voile,NOUN,A1,beacco,23.2954,32.1556,23.2954,20.8651,26.6011,3.4528,15.1776,48.1138,32.1556,27.5022,20.5309,23.9213,4.5551,20.024,38.656,28.0643,A1,word_pos,voile,N,voile,NOM
boire,NOUN,A1,crf_first_attested,23.2796,23.4414,23.2796,24.0571,16.6989,18.7607,0.0,19.4814,23.4414,,,,,,,,,crf_only,boire,N,,
rapide,ADJ,A1,beacco,23.1771,64.5445,23.1771,35.2973,82.6693,62.6546,75.7566,125.9908,64.5445,41.2515,26.9372,102.4502,87.4603,80.2715,174.5002,75.2799,A1,word_pos,rapide,A,rapide,ADJ
explication,NOUN,A1,beacco,23.1233,49.1683,23.1233,18.0314,28.1286,110.8651,50.6183,114.1335,49.1683,33.3605,27.2761,27.8164,137.4496,40.1357,113.5434,56.9163,A1,word_pos,explication,N,explication,NOM
novembre,NOUN,A1,beacco,23.0271,65.3292,23.0271,25.6248,64.8608,45.2072,175.1699,38.9627,65.3292,29.0067,14.9849,52.2715,32.0041,124.5768,38.4989,51.5671,A1,word_pos,novembre,N,novembre,NOM
non merci,ADV,A1,crf_first_attested,22.8516,6.1849,22.8516,0.3209,4.5453,0.8949,0.0,0.0,6.1849,,,,,,,,,crf_only,non merci,ADV,,
mur,NOUN,A1,beacco,22.8379,83.0561,22.8379,83.828,64.57,183.9785,29.4201,0.0,83.0561,82.4227,121.9108,123.3321,243.0972,49.5147,0.0,134.6013,A1,word_pos,mur,N,mur,NOM
propre,ADJ,A1,beacco,22.7639,179.1192,22.7639,99.8506,156.3522,265.0792,380.4625,370.9339,179.1192,26.4275,83.4952,138.7461,201.5042,366.6603,435.0179,163.6088,A1,word_pos,propre,A,propre,ADJ
oncle,NOUN,A1,beacco,22.6992,46.7492,22.6992,94.2436,38.6918,0.6707,20.7298,0.0,46.7492,26.2685,107.4988,37.9536,1.7933,20.024,0.0,47.7825,A1,word_pos,oncle,N,oncle,NOM
sort,NOUN,A1,beacco,22.6851,23.8579,22.6851,12.7698,45.9719,1.1509,2.0505,0.0,23.8579,31.0791,4.7094,54.5993,1.7933,4.139,12.833,25.472,A1,word_pos,sort,N,sort,NOM
varier,VERB,A1,beacco,22.6132,25.4736,22.6132,7.4785,17.3314,9.0831,38.905,28.5334,25.4736,32.3497,8.4051,14.7663,9.1358,40.7953,56.7717,27.9605,A1,word_pos,varier,V,varier,VER
amusant,ADJ,A1,beacco,22.5749,18.0514,22.5749,20.862,10.9454,0.6707,4.8126,6.176,18.0514,27.5369,21.1272,10.2131,1.7933,3.4423,4.0185,18.1401,A1,word_pos,amusant,A,amusant,ADJ
félicitations,NOUN,A1,crf_first_attested,22.5313,7.3774,22.5313,0.0,1.7543,4.2374,6.2023,0.0,7.3774,,,,,,,,,crf_only,félicitations,N,,
paix,NOUN,A1,beacco,22.5127,49.2573,22.5127,53.8262,78.0054,27.9933,12.4046,0.0,49.2573,53.4543,41.1921,91.981,48.3026,6.0005,0.0,58.188,A1,word_pos,paix,N,paix,NOM
pierre,NOUN,A1,beacco,22.4883,72.3513,22.4883,53.2448,116.9022,40.0391,81.0922,0.0,72.3513,62.5315,65.1765,141.1887,51.5207,65.168,0.0,93.801,A1,word_pos,pierre,N,pierre,NOM
face,NOUN,A1,beacco,22.4191,19.5002,22.4191,32.8436,2.9107,30.6444,3.1012,6.4938,19.5002,154.6285,114.0172,168.6988,361.1255,193.9314,213.1318,201.4477,A1,word_pos,face,N,face,NOM
façon,NOUN,A1,beacco,22.3474,188.9349,22.3474,52.5418,196.4878,361.6343,426.1568,330.9524,188.9349,59.3119,122.6966,241.0294,402.4877,433.1003,445.2941,242.742,A1,word_pos,façon,N,façon,NOM
apercevoir,VERB,A1,beacco,22.3256,135.781,22.3256,179.1309,163.8198,178.7896,73.6361,0.0,135.781,27.1876,156.7699,216.073,174.9615,66.9321,0.0,147.7719,A1,word_pos,apercevoir,V,apercevoir,VER
communication,NOUN,A1,beacco,22.2514,77.5216,22.2514,24.1329,65.0366,74.6115,184.3357,126.4605,77.5216,32.5481,30.5389,62.9826,62.2912,225.3988,113.5434,79.7764,A1,word_pos,communication,N,communication,NOM
tgv,NOUN,A1,crf_first_attested,22.2099,10.1646,22.2099,2.2201,1.2686,12.1109,0.0,0.0,10.1646,,,,,,,,,crf_only,tgv,N,,
silence,NOUN,A1,beacco,22.1954,71.2482,22.1954,76.8322,91.8781,51.2896,54.4402,28.5334,71.2482,35.3119,124.6084,110.0924,44.2379,65.168,56.7717,89.9521,A1,word_pos,silence,N,silence,NOM
voisin,ADJ,A1,beacco,22.1794,37.93,22.1794,31.6919,33.3663,48.4532,24.7899,28.5334,37.93,27.3826,15.7498,36.2593,51.9299,40.6321,12.833,40.3215,A1,word_pos,voisin,A,voisin,ADJ
compliquer,VERB,A1,beacco,22.1476,12.1887,22.1476,6.1049,0.2405,21.2457,20.7298,0.0,12.1887,38.1098,9.0405,5.2747,72.204,31.3781,0.0,27.7535,A1,word_pos,compliquer,V,compliquer,VER
justement,ADV,A1,beacco,22.0745,60.4242,22.0745,37.8451,63.1964,95.1606,36.3023,76.0167,60.4242,33.4055,25.9761,56.8369,81.7804,27.9938,89.2102,54.7146,A1,word_pos,justement,ADV,justement,ADV
délicieux,ADJ,A1,beacco,22.0406,12.4642,22.0406,9.5571,2.8777,0.0,34.6336,0.0,12.4642,31.5455,8.1812,3.1463,0.0,27.403,0.0,13.8907,A1,word_pos,délicieux,A,délicieux,ADJ
pourquoi,CONJ,A1,crf_first_attested,22.0199,43.6952,22.0199,50.6543,46.147,51.6871,12.4046,0.0,43.6952,,,,,,,,,crf_only,pourquoi,CONJS,,
sympas,ADJ,A1,crf_first_attested,22.0098,5.4101,22.0098,1.7075,0.5833,0.0,0.0,0.0,5.4101,,,,,,,,,crf_only,sympas,A,,
oh,ADV,A1,beacco,21.9566,13.8402,21.9566,31.7614,5.3577,0.0,0.0,0.0,13.8402,613.2653,255.0927,110.7884,29.8287,3.4423,0.0,177.3141,A1,unique_word,oh,ADV,oh,INT
bas,ADJ,A1,beacco,21.7966,121.2842,21.7966,74.6124,191.6325,202.0874,98.4256,6.4938,121.2842,34.0254,62.0291,159.0839,169.2066,101.622,12.833,109.4563,A1,word_pos,bas,A,bas,ADJ
assurance,NOUN,A1,beacco,21.7782,31.9157,21.7782,17.1311,25.6057,6.0554,93.2117,19.2455,31.9157,30.1312,15.6782,30.8727,4.5679,74.3244,0.0,31.9717,A1,word_pos,assurance,N,assurance,NOM
roue,NOUN,A1,beacco,21.6711,23.7843,21.6711,26.9056,23.453,1.1509,0.0,0.0,23.7843,28.0649,35.7788,18.6054,1.822,0.0,0.0,26.8147,A1,word_pos,roue,N,roue,NOM
soit,CONJ,A1,beacco,21.6203,109.3466,21.6203,13.8578,151.7971,69.3678,294.5132,229.9789,109.3466,24.8831,34.1407,240.1007,129.2657,475.2693,393.8569,174.6218,A1,word_pos,soit,CONJC,soit,KON
métier,NOUN,A1,beacco,21.5733,99.4371,21.5733,47.3673,108.7379,172.4703,136.642,28.471,99.4371,30.619,55.3222,98.0187,214.6319,147.5328,19.328,105.8888,A1,word_pos,métier,N,métier,NOM
buffet,NOUN,A1,beacco,21.5696,5.4625,21.5696,0.6418,4.2451,0.0,0.0,0.0,5.4625,28.2028,0.6228,8.3143,0.0,0.0,0.0,8.153,A1,word_pos,buffet,N,buffet,NOM
arrondissement,NOUN,A1,beacco,21.5138,23.2793,21.5138,23.9558,17.1066,4.7828,15.7275,25.9752,23.2793,29.047,16.3372,20.6525,8.4014,20.6179,25.6659,24.9367,A1,word_pos,arrondissement,N,arrondissement,NOM
certains,PRON,A1,crf_first_attested,21.493,130.0269,21.493,76.2849,150.4372,98.787,245.2085,288.1664,130.0269,,,,,,,,,crf_only,certains,PRO,,
agriculture,NOUN,A1,beacco,21.4581,20.1732,21.4581,20.8969,6.3341,0.0,57.8187,19.4814,20.1732,29.7476,15.8993,5.3614,0.0,73.3785,12.833,19.4081,A1,word_pos,agriculture,N,agriculture,NOM
faire,NOUN,A1,crf_first_attested,21.267,7.4186,21.267,3.7425,5.7235,0.0,0.0,0.0,7.4186,,,,,,,,,crf_only,faire,N,,
avoir lieu,VERB,A1,crf_first_attested,21.2021,52.6302,21.2021,62.4573,68.4444,56.0872,9.8067,56.9312,52.6302,,,,,,,,,crf_only,avoir lieu,V,,
observer,VERB,A1,beacco,21.0677,70.6214,21.0677,32.7159,111.6701,70.727,53.5053,48.1138,70.6214,31.6235,43.0655,144.4402,60.6054,68.3291,77.312,88.2666,A1,word_pos,observer,V,observer,VER
prison,NOUN,A1,beacco,20.8642,104.7437,20.8642,197.188,17.289,147.7174,172.6508,0.0,104.7437,28.1968,213.5362,27.4796,181.6548,104.967,0.0,114.5203,A1,word_pos,prison,N,prison,NOM
janv,ADV,A1,crf_first_attested,20.7611,1.8286,20.7611,0.0909,0.0,0.0,0.0,0.0,1.8286,,,,,,,,,crf_only,janv,ADV,,
écran,NOUN,A1,beacco,20.7389,104.9557,20.7389,56.5748,52.5417,54.8599,444.1736,163.5868,104.9557,25.0398,66.5829,42.8907,37.1193,304.1858,135.296,81.9408,A1,word_pos,écran,N,écran,NOM
certain,ADJ,A1,beacco,20.6827,139.0184,20.6827,45.0431,177.5955,208.4085,261.1762,260.607,139.0184,36.2627,7.0581,88.274,96.4457,212.2002,232.4136,83.8142,A1,word_pos,certain,A,certain,ADJ
tu as raison,ADV,A1,crf_first_attested,20.6727,14.3859,20.6727,33.32,1.7543,0.8949,0.0,0.0,14.3859,,,,,,,,,crf_only,tu as raison,ADV,,
en fait,ADV,A1,crf_first_attested,20.5502,63.3326,20.5502,47.5741,23.8973,95.2686,99.664,297.8837,63.3326,,,,,,,,,crf_only,en fait,ADV,,
centre - ville,NOUN,A1,crf_first_attested,20.4737,6.4852,20.4737,8.1488,0.2405,1.5139,0.0,0.0,6.4852,,,,,,,,,crf_only,centre - ville,N,,
matin,ADV,A1,crf_first_attested,20.4587,4.4815,20.4587,0.0,0.6122,2.6847,0.0,0.0,4.4815,,,,,,,,,crf_only,matin,ADV,,
local,ADJ,A1,beacco,20.4187,114.3415,20.4187,25.5173,121.0972,16.8351,577.7182,71.4317,114.3415,32.824,31.9444,87.7697,18.183,484.3606,89.8308,102.9468,A1,word_pos,local,A,local,ADJ
vallée,NOUN,A1,beacco,20.3467,21.6529,20.3467,5.046,54.8489,0.0,0.0,0.0,21.6529,26.986,7.2634,55.6571,0.0,0.0,0.0,24.4128,A1,word_pos,vallée,N,vallée,NOM
tant,ADV,A1,beacco,20.2906,112.22,20.2906,81.444,126.2188,117.0484,131.8093,208.0486,112.22,28.5554,129.0354,149.7189,153.0194,155.1562,288.4064,144.4958,A1,word_pos,tant,ADV,tant,ADV
club,NOUN,A1,beacco,20.1657,33.8059,20.1657,7.7006,41.7587,21.4046,27.9104,12.9876,33.8059,33.0382,8.5654,20.6221,8.3751,54.0042,12.833,31.6958,A1,word_pos,club,N,club,NOM
cas,NOUN,A1,beacco,20.1534,157.8455,20.1534,42.5414,163.2547,126.0048,371.2249,848.8199,157.8455,80.8487,125.8247,247.4791,153.33,726.539,1106.6429,270.4592,A1,word_pos,cas,N,cas,NOM
rendez-vous,NOUN,A1,beacco,20.0578,52.5199,20.0578,24.954,102.4324,43.747,8.2019,19.2455,52.5199,84.5498,81.5149,140.5637,43.1556,27.403,38.656,93.2464,A1,word_pos,rendez-vous,N,rendez-vous,NOM
toit,NOUN,A1,beacco,20.0574,42.6429,20.0574,37.1728,38.0485,37.7322,21.7081,58.4441,42.6429,31.5131,24.0079,49.0484,28.6545,18.0014,51.3319,43.0822,A1,word_pos,toit,N,toit,NOM
quand,ADV,A1,beacco,20.0223,25.2511,20.0223,7.8168,23.5204,47.4993,9.3035,9.6228,25.2511,103.5246,92.2845,75.6673,168.3893,50.0526,56.7717,100.2439,A1,word_pos,quand,ADV,quand,ADV
achour,NOUN,A1,crf_first_attested,19.9195,1.6952,19.9195,0.0,0.0,0.0,0.0,0.0,1.6952,,,,,,,,,crf_only,achour,N,,
boisson,NOUN,A1,beacco,19.8823,13.2773,19.8823,2.202,10.7406,5.8607,4.8126,0.0,13.2773,32.4804,4.4863,12.0707,8.3751,3.4423,0.0,15.2814,A1,word_pos,boisson,N,boisson,NOM
couvrir,VERB,A1,beacco,19.7911,40.9848,19.7911,25.4523,42.2261,24.2112,47.0879,116.5635,40.9848,45.0217,48.4195,94.0624,70.6504,96.4588,113.5434,80.4185,A1,word_pos,couvrir,V,couvrir,VER
à peu près,ADV,A1,crf_first_attested,19.7358,15.3309,19.7358,36.2468,0.0,6.257,3.1012,19.4814,15.3309,,,,,,,,,crf_only,à peu près,ADV,,
pire,ADJ,A1,beacco,19.7208,12.4301,19.7208,0.8408,9.5774,16.3014,13.8696,0.0,12.4301,26.837,0.6008,15.7429,19.035,34.1646,19.328,19.9128,A1,word_pos,pire,A,pire,ADJ
différence,NOUN,A1,beacco,19.6923,64.2324,19.6923,38.4566,58.8811,58.1708,114.0028,198.0997,64.2324,40.0194,46.2512,51.856,63.6603,120.4072,325.4685,73.1316,A1,word_pos,différence,N,différence,NOM
apéritif,NOUN,A1,beacco,19.6511,6.4755,19.6511,0.2117,0.2405,4.6037,0.0,0.0,6.4755,27.4956,0.4157,0.4665,2.733,0.0,0.0,7.7644,A1,word_pos,apéritif,N,apéritif,NOM
peine,NOUN,A1,beacco,19.6509,72.5398,19.6509,54.8317,52.3782,12.2832,236.3646,28.8683,72.5398,31.7688,141.9873,201.4993,80.8733,417.8004,112.15,167.0458,A1,word_pos,peine,N,peine,NOM
éé,NOUN,A1,crf_first_attested,19.5288,4.0019,19.5288,0.0,2.0759,0.0,0.0,0.0,4.0019,,,,,,,,,crf_only,éé,N,,
association,NOUN,A1,beacco,19.516,193.1167,19.516,45.463,369.3774,41.2391,296.1939,439.1255,193.1167,39.4845,61.7578,293.047,48.362,320.2659,426.2637,173.8433,A1,word_pos,association,N,association,NOM
roller,NOUN,A1,crf_first_attested,19.4583,3.4727,19.4583,0.2527,1.0854,0.0,0.0,0.0,3.4727,,,,,,,,,crf_only,roller,N,,
national,ADJ,A1,beacco,19.4308,226.4227,19.4308,76.6041,272.1005,212.3147,419.7207,718.1068,226.4227,33.4693,74.6414,239.9426,162.7824,320.8237,383.1881,183.0689,A1,word_pos,national,A,national,ADJ
féliciter,VERB,A1,beacco,19.3468,13.4251,19.3468,14.8712,0.4081,1.5139,9.3035,57.7365,13.4251,29.5962,16.1072,0.4317,2.2839,12.0009,19.328,13.6555,A1,word_pos,féliciter,V,féliciter,VER
cinquante,DET,A1,crf_first_attested,19.2718,24.244,19.2718,15.1669,27.5818,33.8572,0.0,0.0,24.244,,,,,,,,,crf_only,cinquante,DET,,
profiter,VERB,A1,beacco,19.2153,68.3079,19.2153,63.6359,64.6443,44.1086,113.8802,116.5635,68.3079,38.4939,84.4664,97.311,46.35,86.0088,145.006,84.5763,A1,word_pos,profiter,V,profiter,VER
de toute façon,ADV,A1,crf_first_attested,19.1591,20.0919,19.1591,19.2421,6.0816,30.0133,30.0911,0.0,20.0919,,,,,,,,,crf_only,de toute façon,ADV,,
fou,NOUN,A1,beacco,19.1077,34.1114,19.1077,27.5799,21.0899,85.5072,0.0,6.4938,34.1114,41.842,16.0827,56.8011,163.8222,3.4423,0.0,58.6004,A1,word_pos,fou,N,fou,NOM
devant,ADV,A1,beacco,19.0336,2.9128,19.0336,0.0944,0.2295,0.0,0.0,0.0,2.9128,50.6454,3.591,13.197,0.0,27.9938,0.0,17.8858,A1,word_pos,devant,ADV,devant,ADV
demi,NOUN,A1,beacco,18.9656,30.4672,18.9656,57.3041,3.8815,60.5929,0.0,6.4938,30.4672,29.0103,35.5272,0.0,37.2751,0.0,25.6659,20.1312,A1,word_pos,demi,N,demi,NOM
de temps en temps,ADV,A1,crf_first_attested,18.9328,30.3995,18.9328,27.9756,15.8979,35.7572,31.3338,0.0,30.3995,,,,,,,,,crf_only,de temps en temps,ADV,,
texte,NOUN,A1,beacco,18.8307,92.9224,18.8307,54.6327,91.3561,66.128,271.8999,85.6001,92.9224,26.4995,56.2277,65.2312,49.3881,302.4439,77.4712,99.2553,A1,word_pos,texte,N,texte,NOM
rapidement,ADV,A1,beacco,18.8307,60.8826,18.8307,71.5112,57.1033,72.3524,57.2632,9.6228,60.8826,28.3823,75.1257,73.0335,72.9234,61.8536,19.328,71.2857,A1,word_pos,rapidement,ADV,rapidement,ADV
sprache,ADJ,A1,crf_first_attested,18.704,21.135,18.704,26.0556,16.4052,4.7432,19.8484,19.2455,21.135,,,,,,,,,crf_only,sprache,A,,
événements,NOUN,A1,crf_first_attested,18.5048,33.8114,18.5048,0.3702,55.4562,16.3723,99.664,0.0,33.8114,,,,,,,,,crf_only,événements,N,,
riche,ADJ,A1,beacco,18.4652,137.3424,18.4652,227.1305,108.1239,191.6161,76.0728,147.42,137.3424,29.0935,233.0739,164.4588,243.8865,77.1586,185.5908,165.8694,A1,word_pos,riche,A,riche,ADJ
eh,ADV,A1,crf_first_attested,18.4643,11.3912,18.4643,32.6112,0.2366,1.1509,0.0,0.0,11.3912,,,,,,,,,crf_only,eh,ADV,,
émotion,NOUN,A1,beacco,18.4089,46.0136,18.4089,40.6325,40.9327,44.0939,55.1904,25.5316,46.0136,33.4333,53.3579,62.512,37.5577,80.9241,43.8345,59.8547,A1,word_pos,émotion,N,émotion,NOM
caisse,NOUN,A1,beacco,18.3676,24.9425,18.3676,8.4853,33.9109,9.4106,11.2294,0.0,24.9425,26.67,9.2441,24.2907,12.8024,10.3269,0.0,25.5321,A1,word_pos,caisse,N,caisse,NOM
de après,PREP,A1,crf_first_attested,18.2448,105.368,18.2448,94.0806,158.0307,68.4768,81.802,96.2275,105.368,,,,,,,,,crf_only,de après,PREP,,
scolaire,ADJ,A1,beacco,18.1792,84.6857,18.1792,27.8389,71.8476,96.1978,142.914,144.5532,84.6857,28.9202,29.727,84.4616,87.9604,150.7179,113.6757,93.2389,A1,word_pos,scolaire,A,scolaire,ADJ
bien entendu,ADV,A1,crf_first_attested,18.151,14.6264,18.151,0.3702,15.3124,17.3023,6.2023,9.6228,14.6264,,,,,,,,,crf_only,bien entendu,ADV,,
glaces,NOUN,A1,crf_first_attested,18.05,6.9833,18.05,0.2117,12.5544,0.0,0.0,0.0,6.9833,,,,,,,,,crf_only,glaces,N,,
organisation,NOUN,A1,beacco,17.7596,68.1517,17.7596,16.3317,87.6474,29.0076,211.1423,20.5867,68.1517,32.9533,37.8585,86.721,38.2104,199.1706,4.0185,76.0097,A1,word_pos,organisation,N,organisation,NOM
deux,PRON,A1,crf_first_attested,17.7586,28.5045,17.7586,11.6732,45.2977,13.8093,57.8187,0.0,28.5045,,,,,,,,,crf_only,deux,PRO,,
sciences,NOUN,A1,crf_first_attested,17.6915,42.5085,17.6915,14.6839,33.0471,40.9581,105.0373,22.517,42.5085,,,,,,,,,crf_only,sciences,N,,
population,NOUN,A1,beacco,17.6407,126.1453,17.6407,36.0904,131.5852,41.2587,430.9359,348.0711,126.1453,27.8745,37.287,136.2468,42.1599,398.3411,328.3789,123.1718,A1,word_pos,population,N,population,NOM
directement,ADV,A1,beacco,17.5298,43.3896,17.5298,4.5935,48.216,58.4409,124.0083,39.7676,43.3896,29.0905,4.4863,38.9981,64.698,113.7632,78.971,43.0117,A1,word_pos,directement,ADV,directement,ADV
trente,ADJ,A1,crf_first_attested,17.488,2.4387,17.488,0.0,0.0,1.3414,0.0,0.0,2.4387,,,,,,,,,crf_only,trente,A,,
tente,NOUN,A1,beacco,17.4334,7.8778,17.4334,3.6379,3.513,0.0,0.0,0.0,7.8778,35.5097,4.348,2.4178,0.0,0.0,0.0,9.0206,A1,word_pos,tente,N,tente,NOM
espace,NOUN,A1,beacco,17.3376,119.8374,17.3376,65.1599,169.5416,73.722,262.2075,195.0228,119.8374,27.6131,75.8299,135.3946,102.1118,262.2571,239.8153,122.2239,A1,word_pos,espace,N,espace,NOM
divorcer,VERB,A1,beacco,17.1333,2.1162,17.1333,0.0,0.0,0.0,4.101,0.0,2.1162,24.9909,0.5137,3.4688,0.0,4.139,0.0,6.9483,A1,word_pos,divorcer,V,divorcer,VER
électricité,NOUN,A1,beacco,17.113,28.432,17.113,5.2942,42.1631,0.0,15.5058,84.4193,28.432,24.9901,4.6393,28.3021,0.0,24.0018,76.9978,25.0559,A1,word_pos,électricité,N,électricité,NOM
retirer,VERB,A1,beacco,17.1015,50.9439,17.1015,67.0396,36.262,100.1953,3.2084,0.0,50.9439,27.5143,75.1766,51.0529,88.4022,6.8846,0.0,58.8486,A1,word_pos,retirer,V,retirer,VER
à tout,ADV,A1,crf_first_attested,17.0641,14.0777,17.0641,5.8958,3.5245,9.821,3.1012,45.4565,14.0777,,,,,,,,,crf_only,à tout,ADV,,
armes,NOUN,A1,crf_first_attested,17.0183,14.4994,17.0183,0.2152,33.0719,0.0,6.2023,0.0,14.4994,,,,,,,,,crf_only,armes,N,,
original,ADJ,A1,beacco,16.8944,40.7853,16.8944,50.6183,16.0019,17.7416,116.9935,0.0,40.7853,27.3238,47.9589,20.0856,8.7861,80.9241,4.0185,35.7504,A1,word_pos,original,A,original,ADJ
note,NOUN,A1,beacco,16.8042,17.184,16.8042,0.0,4.8619,29.8869,12.4046,141.8722,17.184,39.3104,12.3293,13.0845,94.0219,54.0042,201.6923,58.3277,A1,word_pos,note,N,note,NOM
kg,NOUN,A1,crf_first_attested,16.7102,9.884,16.7102,1.8527,7.4658,0.0,21.7081,0.0,9.884,,,,,,,,,crf_only,kg,N,,
déjeûner,NOUN,A1,crf_first_attested,16.6864,1.2414,16.6864,0.0,0.0,0.0,0.0,0.0,1.2414,,,,,,,,,crf_only,déjeûner,N,,
chômage,NOUN,A1,beacco,16.6812,55.4701,16.6812,51.3331,39.5756,42.6227,85.9626,138.7238,55.4701,33.2161,40.4286,46.3031,46.8969,80.2715,113.6757,54.354,A1,word_pos,chômage,N,chômage,NOM
continent,NOUN,A1,beacco,16.5866,30.8984,16.5866,3.5351,40.6995,8.4175,20.4505,168.513,30.8984,32.837,4.5837,13.8876,1.2705,12.0009,56.7717,16.1576,A1,word_pos,continent,N,continent,NOM
oh oui,ADV,A1,crf_first_attested,16.5301,4.6368,16.5301,0.5897,3.4612,0.0,0.0,0.0,4.6368,,,,,,,,,crf_only,oh oui,ADV,,
mar,NOUN,A1,crf_first_attested,16.3518,80.7193,16.3518,45.2773,60.5117,74.5204,67.8295,517.8071,80.7193,,,,,,,,,crf_only,mar,N,,
regretter,VERB,A1,beacco,16.3251,45.1327,16.3251,44.3057,32.7238,26.5325,120.2996,9.6228,45.1327,27.5121,36.4443,42.6611,42.9005,102.8605,19.328,50.4984,A1,word_pos,regretter,V,regretter,VER
soixante,DET,A1,crf_first_attested,16.3026,6.2533,16.3026,4.5051,3.5839,0.6707,0.0,0.0,6.2533,,,,,,,,,crf_only,soixante,DET,,
chevaux,NOUN,A1,crf_first_attested,16.2033,50.5685,16.2033,74.0538,64.1687,13.4097,8.021,0.0,50.5685,,,,,,,,,crf_only,chevaux,N,,
prie,NOUN,A1,crf_first_attested,16.1179,4.159,16.1179,1.0337,0.2723,0.5755,0.0,0.0,4.159,,,,,,,,,crf_only,prie,N,,
décoration,NOUN,A1,beacco,16.0965,11.2654,16.0965,5.5987,8.836,0.0,0.0,19.4814,11.2654,33.7648,9.6683,9.4384,0.0,0.0,12.833,13.2652,A1,word_pos,décoration,N,décoration,NOM
pas du tout,ADV,A1,crf_first_attested,16.087,41.3032,16.087,42.1434,37.7192,73.6221,31.3338,0.0,41.3032,,,,,,,,,crf_only,pas du tout,ADV,,
règles,NOUN,A1,crf_first_attested,15.745,60.6584,15.745,11.9645,66.3795,49.4008,136.366,174.4409,60.6584,,,,,,,,,crf_only,règles,N,,
poitiers,NOUN,A1,crf_first_attested,15.3587,1.3129,15.3587,0.0,0.0,0.0,0.0,0.0,1.3129,,,,,,,,,crf_only,poitiers,N,,
planche,NOUN,A1,beacco,15.2145,11.7085,15.2145,0.8456,17.2608,4.9476,0.0,0.0,11.7085,26.4684,1.2017,25.7829,9.5296,0.0,0.0,17.3431,A1,word_pos,planche,N,planche,NOM
aussitôt,ADV,A1,beacco,15.1617,94.1839,15.1617,188.51,132.7213,26.4895,8.2019,0.0,94.1839,30.1507,169.0712,141.9631,16.7501,8.2781,0.0,94.6729,A1,word_pos,aussitôt,ADV,aussitôt,ADV
s,NOUN,A1,crf_first_attested,15.0702,17.8998,15.0702,4.4472,11.3187,2.3018,39.2268,6.4938,17.8998,,,,,,,,,crf_only,s,N,,
responsable,ADJ,A1,beacco,15.0584,47.3084,15.0584,18.6293,26.0661,40.6538,187.4576,51.9503,47.3084,50.6373,38.9722,92.1063,58.8221,347.0684,135.3747,106.9372,A1,word_pos,responsable,A,responsable,ADJ
de plus,ADV,A1,crf_first_attested,14.8039,63.5732,14.8039,81.4784,26.5539,83.8709,107.9393,64.3237,63.5732,,,,,,,,,crf_only,de plus,ADV,,
grâce au,PREP,A1,crf_first_attested,14.5288,32.8976,14.5288,13.9408,31.7439,0.5285,125.8536,19.2455,32.8976,,,,,,,,,crf_only,grâce au,PREP,,
exercices,NOUN,A1,crf_first_attested,14.4692,3.7027,14.4692,0.0,0.1812,2.1187,0.0,0.0,3.7027,,,,,,,,,crf_only,exercices,N,,
après - midi,ADV,A1,crf_first_attested,14.4642,5.5615,14.4642,0.4275,0.0906,9.3724,0.0,0.0,5.5615,,,,,,,,,crf_only,après - midi,ADV,,
auprès de,PREP,A1,crf_first_attested,14.4606,44.9771,14.4606,23.3879,49.3883,29.6016,96.1111,57.0668,44.9771,,,,,,,,,crf_only,auprès de,PREP,,
ah non,ADV,A1,crf_first_attested,14.3688,2.8561,14.3688,2.2322,0.2405,0.0,0.0,0.0,2.8561,,,,,,,,,crf_only,ah non,ADV,,
coopération,NOUN,A1,beacco,14.2378,28.3629,14.2378,2.2102,3.4996,1.5139,263.6622,0.0,28.3629,27.9309,4.4228,2.2125,2.2839,210.3088,0.0,29.4905,A1,word_pos,coopération,N,coopération,NOM
piétonne,ADJ,A1,crf_first_attested,14.1617,4.189,14.1617,0.0,5.0504,0.0,0.0,0.0,4.189,,,,,,,,,crf_only,piétonne,A,,
sans doute,ADV,A1,crf_first_attested,13.8933,112.7522,13.8933,84.7562,90.4772,202.2028,225.9288,90.7495,112.7522,,,,,,,,,crf_only,sans doute,ADV,,
département,NOUN,A1,beacco,13.8396,41.3043,13.8396,1.523,36.657,9.8873,178.3333,28.5334,41.3043,31.4222,3.1313,28.9954,3.8116,144.2387,86.9662,35.6548,A1,word_pos,département,N,département,NOM
beau - frère,NOUN,A1,crf_first_attested,13.8137,5.1477,13.8137,0.4071,1.6324,0.0,0.0,0.0,5.1477,,,,,,,,,crf_only,beau - frère,N,,
e,NOUN,A1,crf_first_attested,13.8063,49.3269,13.8063,82.8759,36.2516,0.0,103.2291,72.7833,49.3269,,,,,,,,,crf_only,e,N,,
ben oui,ADV,A1,crf_first_attested,13.6485,1.1552,13.6485,0.0,0.0,0.0,0.0,0.0,1.1552,,,,,,,,,crf_only,ben oui,ADV,,
grand - chose,NOUN,A1,crf_first_attested,13.6447,7.9997,13.6447,0.2612,4.0252,0.0,40.3921,0.0,7.9997,,,,,,,,,crf_only,grand - chose,N,,
passé,NOUN,A1,beacco,13.6194,34.1399,13.6194,29.4027,22.9047,24.7972,82.2255,25.9752,34.1399,26.4293,134.8425,53.5613,72.6316,125.6164,95.2552,83.9987,A1,word_pos,passé,N,passé,NOM
sud,NOUN,A1,beacco,13.437,13.5117,13.437,5.0169,11.6677,1.1509,15.5058,9.6228,13.5117,159.3023,45.7594,71.1944,86.3027,90.4055,57.984,95.7888,A1,word_pos,sud,N,sud,NOM
nez,NOUN,A1,beacco,13.4163,52.8186,13.4163,53.7629,55.5767,31.9208,50.2648,22.6453,52.8186,26.5926,92.1555,54.4252,57.2855,49.5147,16.0739,66.8926,A1,word_pos,nez,N,nez,NOM
tu es,ADV,A1,crf_first_attested,13.3793,25.5693,13.3793,54.6903,29.0168,0.6707,0.0,0.0,25.5693,,,,,,,,,crf_only,tu es,ADV,,
par terre,ADV,A1,crf_first_attested,13.3625,8.7331,13.3625,3.4375,9.2163,10.2319,0.0,0.0,8.7331,,,,,,,,,crf_only,par terre,ADV,,
tiroir,NOUN,A1,beacco,13.3115,6.4803,13.3115,0.0,6.7853,11.4889,0.0,0.0,6.4803,26.6019,0.0,11.3722,18.6047,0.0,0.0,11.899,A1,word_pos,tiroir,N,tiroir,NOM
plus de,PREP,A1,crf_first_attested,13.191,23.5064,13.191,9.0404,24.895,5.0553,23.464,56.9312,23.5064,,,,,,,,,crf_only,plus de,PREP,,
particulier,ADJ,A1,beacco,13.1396,82.309,13.1396,61.6477,77.7695,32.1595,226.2083,87.2204,82.309,25.9554,58.7078,108.1274,32.6119,337.5678,213.1318,107.4605,A1,word_pos,particulier,A,particulier,ADJ
fr,NOUN,A1,crf_first_attested,13.0452,27.5561,13.0452,3.8105,52.445,3.0277,30.8494,0.0,27.5561,,,,,,,,,crf_only,fr,N,,
appelé,ADJ,A1,crf_first_attested,12.737,8.4226,12.737,0.5168,1.8786,5.3137,35.7275,19.4814,8.4226,,,,,,,,,crf_only,appelé,A,,
cuisines,NOUN,A1,crf_first_attested,12.4494,1.8571,12.4494,0.0,0.5833,0.0,0.0,0.0,1.8571,,,,,,,,,crf_only,cuisines,N,,
fantastique,ADJ,A1,beacco,12.4342,10.9888,12.4342,5.5358,7.242,1.6517,3.2084,6.176,10.9888,26.7511,9.0911,10.0643,12.7613,3.4423,4.0185,17.1212,A1,word_pos,fantastique,A,fantastique,ADJ
lèvres,NOUN,A1,crf_first_attested,12.3777,36.4187,12.3777,15.3505,38.58,46.2245,62.1893,4.1173,36.4187,,,,,,,,,crf_only,lèvres,N,,
dépêcher,VERB,A1,beacco,11.9405,20.3123,11.9405,41.1385,17.3028,2.6847,0.0,0.0,20.3123,26.7947,29.0566,21.6284,1.8983,0.0,0.0,21.5959,A1,word_pos,dépêcher,V,dépêcher,VER
claus,NOUN,A1,crf_first_attested,11.9174,0.2296,11.9174,0.0,0.0,0.0,0.0,0.0,0.2296,,,,,,,,,crf_only,claus,N,,
pardon,ADV,A1,crf_first_attested,11.9164,14.2734,11.9164,15.0725,7.5445,15.5062,0.0,0.0,14.2734,,,,,,,,,crf_only,pardon,ADV,,
pour l' instant,ADV,A1,crf_first_attested,11.8523,32.5249,11.8523,30.0964,19.7509,49.7978,21.7081,19.2455,32.5249,,,,,,,,,crf_only,pour l' instant,ADV,,
trente,DET,A1,crf_first_attested,11.7844,37.5562,11.7844,49.8953,37.8806,35.8138,20.7298,19.2455,37.5562,,,,,,,,,crf_only,trente,DET,,
mystère,ADJ,A1,crf_first_attested,11.7404,10.4414,11.7404,0.0,3.7797,23.0948,33.8984,0.0,10.4414,,,,,,,,,crf_only,mystère,A,,
moyens,NOUN,A1,crf_first_attested,11.64,90.0275,11.64,21.6844,97.3149,88.5298,171.0023,195.8409,90.0275,,,,,,,,,crf_only,moyens,N,,
alexandre,NOUN,A1,crf_first_attested,11.635,0.9856,11.635,0.0,0.0,0.0,0.0,0.0,0.9856,,,,,,,,,crf_only,alexandre,N,,
seize,DET,A1,crf_first_attested,11.5703,13.5374,11.5703,0.5897,34.3923,1.7264,0.0,0.0,13.5374,,,,,,,,,crf_only,seize,DET,,
dessiner,VERB,A1,beacco,11.5211,43.2826,11.5211,48.4016,23.0661,41.1691,126.5411,19.2455,43.2826,59.3786,56.6616,32.4977,79.8701,94.8864,38.656,59.2869,A1,word_pos,dessiner,V,dessiner,VER
dessiné,ADJ,A1,crf_first_attested,11.515,10.0467,11.515,8.4928,0.3401,30.976,0.0,0.0,10.0467,,,,,,,,,crf_only,dessiné,A,,
pâtes,NOUN,A1,crf_first_attested,11.4399,1.8126,11.4399,0.0,0.6802,0.0,0.0,0.0,1.8126,,,,,,,,,crf_only,pâtes,N,,
officiel,NOUN,A1,crf_first_attested,11.3759,0.7816,11.3759,0.0,0.0,0.0,0.0,0.0,0.7816,,,,,,,,,crf_only,officiel,N,,
rap,NOUN,A1,crf_first_attested,11.2256,4.6128,11.2256,0.6418,1.541,0.0,9.3035,0.0,4.6128,,,,,,,,,crf_only,rap,N,,
en réalité,ADV,A1,crf_first_attested,11.1819,15.3604,11.1819,9.808,7.209,14.2933,13.8696,19.2455,15.3604,,,,,,,,,crf_only,en réalité,ADV,,
ben,ADV,A1,beacco,11.1153,6.8851,11.1153,4.8986,9.1237,0.0,0.0,0.0,6.8851,113.0488,51.1019,19.7693,0.0,0.0,0.0,33.9074,A1,word_pos,ben,ADV,ben,ADV
cherche,NOUN,A1,crf_first_attested,11.1021,6.2957,11.1021,8.5468,4.8267,0.0,0.0,0.0,6.2957,,,,,,,,,crf_only,cherche,N,,
quelque,ADJ,A1,crf_first_attested,11.0866,19.438,11.0866,23.1833,19.2255,11.1874,6.2023,9.6228,19.438,,,,,,,,,crf_only,quelque,A,,
hum,ADV,A1,crf_first_attested,11.0552,0.857,11.0552,0.0,0.0,0.0,0.0,0.0,0.857,,,,,,,,,crf_only,hum,ADV,,
sœur,NOUN,A1,crf_first_attested,11.0389,9.6333,11.0389,33.7552,0.1155,0.0,0.0,0.0,9.6333,,,,,,,,,crf_only,sœur,N,,
mince,NOUN,A1,crf_first_attested,11.0166,0.9485,11.0166,0.0,0.0,0.0,0.0,0.0,0.9485,,,,,,,,,crf_only,mince,N,,
content,NOUN,A1,crf_first_attested,10.9942,1.4076,10.9942,0.2527,0.0,0.0,0.0,0.0,1.4076,,,,,,,,,crf_only,content,N,,
d,NOUN,A1,crf_first_attested,10.9515,5.6826,10.9515,2.2322,2.8119,0.2167,0.0,0.0,5.6826,,,,,,,,,crf_only,d,N,,
lui - même,PRON,A1,crf_first_attested,10.9334,80.0448,10.9334,75.5927,79.7692,73.2761,188.9813,9.6228,80.0448,,,,,,,,,crf_only,lui - même,PRO,,
en particulier,ADV,A1,crf_first_attested,10.9192,48.0871,10.9192,1.6044,46.6499,4.7432,153.5267,320.0032,48.0871,,,,,,,,,crf_only,en particulier,ADV,,
tu,NOUN,A1,crf_first_attested,10.8317,11.4869,10.8317,6.869,9.1135,0.0,3.2084,0.0,11.4869,,,,,,,,,crf_only,tu,N,,
suite à,PREP,A1,crf_first_attested,10.8243,4.513,10.8243,0.4879,0.2366,1.0571,9.3035,0.0,4.513,,,,,,,,,crf_only,suite à,PREP,,
dimanche après - midi,NOUN,A1,crf_first_attested,10.7652,1.2594,10.7652,0.0,0.0,1.5139,0.0,0.0,1.2594,,,,,,,,,crf_only,dimanche après - midi,N,,
fabriquer,VERB,A1,beacco,10.6101,41.1279,10.6101,26.1243,55.8697,6.0554,89.1209,28.8683,41.1279,26.8642,28.7672,60.042,4.5679,125.6164,19.328,47.1656,A1,word_pos,fabriquer,V,fabriquer,VER
concorde,NOUN,A1,crf_first_attested,10.5673,2.9216,10.5673,0.3209,0.0,6.7096,0.0,0.0,2.9216,,,,,,,,,crf_only,concorde,N,,
matériaux,NOUN,A1,crf_first_attested,10.504,12.1373,10.504,0.0,20.6532,0.5285,29.7295,0.0,12.1373,,,,,,,,,crf_only,matériaux,N,,
tu as du,PREP,A1,crf_first_attested,10.4523,3.041,10.4523,5.5034,0.0,0.0,0.0,0.0,3.041,,,,,,,,,crf_only,tu as du,PREP,,
prier,VERB,A1,beacco,10.3866,46.4831,10.3866,125.7998,37.8126,28.8214,0.0,0.0,46.4831,50.29,130.1663,82.3604,63.9452,0.0,0.0,74.387,A1,word_pos,prier,V,prier,VER
à peu,ADV,A1,crf_first_attested,10.2943,19.299,10.2943,38.036,19.0021,0.5755,6.2023,0.0,19.299,,,,,,,,,crf_only,à peu,ADV,,
voilà,NOUN,A1,crf_first_attested,10.187,13.3667,10.187,10.0855,20.5518,1.3414,0.0,0.0,13.3667,,,,,,,,,crf_only,voilà,N,,
à la place de,PREP,A1,crf_first_attested,10.0663,2.911,10.0663,0.0,0.6802,0.2167,1.6042,0.0,2.911,,,,,,,,,crf_only,à la place de,PREP,,
près d' ici,ADV,A1,crf_first_attested,10.0036,4.3516,10.0036,0.0,2.8651,1.5856,0.0,0.0,4.3516,,,,,,,,,crf_only,près d' ici,ADV,,
bordelais,NOUN,A1,crf_first_attested,10.0036,0.7858,10.0036,0.0,0.0,0.0,0.0,0.0,0.7858,,,,,,,,,crf_only,bordelais,N,,
à droite,ADV,A1,crf_first_attested,10.0036,0.7858,10.0036,0.0,0.0,0.0,0.0,0.0,0.7858,,,,,,,,,crf_only,à droite,ADV,,
plein,NOUN,A1,crf_first_attested,10.0034,2.7822,10.0034,0.0,0.0,0.8949,12.4046,0.0,2.7822,,,,,,,,,crf_only,plein,N,,
pas,NOUN,A1,beacco,9.9929,134.7491,9.9929,110.5417,168.069,296.868,101.6159,28.5334,134.7491,58.9065,226.211,254.6972,368.281,108.1167,56.7717,215.252,A1,word_pos,pas,N,pas,NOM
glace,NOUN,A1,beacco,9.9575,21.9111,9.9575,13.7308,28.1441,3.3535,22.8111,0.0,21.9111,56.5016,28.8471,58.9755,8.9666,26.3397,0.0,46.7112,A1,word_pos,glace,N,glace,NOM
tu sors,ADV,A1,crf_first_attested,9.764,0.7809,9.764,0.0,0.0,0.0,0.0,0.0,0.7809,,,,,,,,,crf_only,tu sors,ADV,,
boeuf,NOUN,A1,beacco,9.697,5.8484,9.697,0.4413,8.1804,0.0,1.6042,0.0,5.8484,26.601,0.4258,9.8715,0.0,3.4423,0.0,9.7961,A1,word_pos,boeuf,N,boeuf,NOM
vingt,ADJ,A1,crf_first_attested,9.6822,11.5246,9.6822,4.9092,12.1675,16.3985,2.0505,0.0,11.5246,,,,,,,,,crf_only,vingt,A,,
gâteau,ADJ,A1,crf_first_attested,9.6773,1.4265,9.6773,0.1103,0.0,0.0,0.0,0.0,1.4265,,,,,,,,,crf_only,gâteau,A,,
notes,NOUN,A1,crf_first_attested,9.6248,28.7561,9.6248,16.4443,2.7774,42.9714,12.4046,98.8487,28.7561,,,,,,,,,crf_only,notes,N,,
espagnols,NOUN,A1,crf_first_attested,9.5661,2.4978,9.5661,0.6619,0.0,0.0,0.0,0.0,2.4978,,,,,,,,,crf_only,espagnols,N,,
super,NOUN,A1,crf_first_attested,9.5245,2.4878,9.5245,0.1887,0.0,0.0,4.101,0.0,2.4878,,,,,,,,,crf_only,super,N,,
belle - mère,NOUN,A1,crf_first_attested,9.4609,1.607,9.4609,0.0,0.2405,0.0,1.6042,0.0,1.607,,,,,,,,,crf_only,belle - mère,N,,
jusque en,PREP,A1,crf_first_attested,9.4186,10.0993,9.4186,2.5176,6.4891,0.0,32.1283,28.8683,10.0993,,,,,,,,,crf_only,jusque en,PREP,,
direct,ADJ,A1,beacco,9.3971,18.4588,9.3971,0.2117,16.7401,45.0807,15.5058,9.6228,18.4588,39.7997,0.4157,22.9977,37.5784,18.0014,19.328,26.6947,A1,word_pos,direct,A,direct,ADJ
forces,NOUN,A1,crf_first_attested,9.3619,21.0267,9.3619,17.5059,28.1858,8.3855,15.7275,0.0,21.0267,,,,,,,,,crf_only,forces,N,,
vers,NOUN,A1,crf_first_attested,9.3619,8.1018,9.3619,0.0,5.0895,3.5796,4.8126,6.176,8.1018,,,,,,,,,crf_only,vers,N,,
victor,NOUN,A1,crf_first_attested,9.2691,0.1786,9.2691,0.0,0.0,0.0,0.0,0.0,0.1786,,,,,,,,,crf_only,victor,N,,
à l' âge de,PREP,A1,crf_first_attested,9.2217,16.8171,9.2217,50.093,1.5321,0.0,15.5058,0.0,16.8171,,,,,,,,,crf_only,à l' âge de,PREP,,
moyen,NOUN,A1,beacco,9.2172,77.095,9.2172,29.8305,72.252,95.7287,154.119,160.2527,77.095,34.3865,62.264,183.8895,97.917,338.2177,283.3744,151.3748,A1,word_pos,moyen,N,moyen,NOM
par ici,ADV,A1,crf_first_attested,9.201,2.1782,9.201,0.0,0.2041,4.9476,0.0,0.0,2.1782,,,,,,,,,crf_only,par ici,ADV,,
en été,ADV,A1,crf_first_attested,9.1361,0.6961,9.1361,0.0,0.0,0.0,0.0,0.0,0.6961,,,,,,,,,crf_only,en été,ADV,,
à la fois,ADV,A1,crf_first_attested,9.1124,95.8997,9.1124,62.4738,90.4669,153.8806,145.1018,197.6872,95.8997,,,,,,,,,crf_only,à la fois,ADV,,
science,NOUN,A1,beacco,9.0458,45.0772,9.0458,10.7156,36.4737,36.2272,73.2678,228.3937,45.0772,40.4569,30.2041,111.4984,84.7375,111.3228,310.4364,97.8032,A1,word_pos,science,N,science,NOM
qualités,NOUN,A1,crf_first_attested,9.0111,7.6775,9.0111,7.1731,10.2337,0.0,2.0505,0.0,7.6775,,,,,,,,,crf_only,qualités,N,,
mathématiques,NOUN,A1,crf_first_attested,8.9888,8.657,8.9888,0.2439,2.5883,3.4528,4.101,19.4814,8.657,,,,,,,,,crf_only,mathématiques,N,,
photo,ADJ,A1,crf_first_attested,8.9756,3.2345,8.9756,6.9898,0.0,0.0,0.0,0.0,3.2345,,,,,,,,,crf_only,photo,A,,
sncf,NOUN,A1,crf_first_attested,8.645,0.6914,8.645,0.0,0.0,0.0,0.0,0.0,0.6914,,,,,,,,,crf_only,sncf,N,,
au sud,ADV,A1,crf_first_attested,8.6402,3.7706,8.6402,1.0107,1.1665,0.0,0.0,0.0,3.7706,,,,,,,,,crf_only,au sud,ADV,,
f,NOUN,A1,crf_first_attested,8.5035,26.7202,8.5035,24.5632,16.3282,7.4827,62.9101,0.0,26.7202,,,,,,,,,crf_only,f,N,,
au - dessus de,PREP,A1,crf_first_attested,8.471,34.2307,8.471,47.9823,27.4519,53.3524,4.8126,0.0,34.2307,,,,,,,,,crf_only,au - dessus de,PREP,,
désolé,ADJ,A1,crf_first_attested,8.471,1.82,8.471,0.0,0.0,2.1187,0.0,0.0,1.82,,,,,,,,,crf_only,désolé,A,,
sinon,CONJ,A1,beacco,8.4224,22.7372,8.4224,4.9963,13.6222,4.5416,113.6576,25.9752,22.7372,47.4391,28.2016,47.7904,18.4484,120.3766,25.6659,50.3286,A1,word_pos,sinon,CONJC,sinon,KON
course,NOUN,A1,beacco,8.3904,35.1554,8.3904,33.6463,37.4875,1.6517,88.062,9.6228,35.1554,192.4335,130.3828,130.0531,50.603,112.2698,19.328,124.3274,A1,word_pos,course,N,course,NOM
à la main,ADV,A1,crf_first_attested,8.2957,47.9732,8.2957,52.0793,78.9589,27.1691,8.021,12.9876,47.9732,,,,,,,,,crf_only,à la main,ADV,,
tu penses,ADV,A1,crf_first_attested,8.1713,1.7097,8.1713,0.0,0.0,0.0,4.8126,0.0,1.7097,,,,,,,,,crf_only,tu penses,ADV,,
au milieu de,PREP,A1,crf_first_attested,8.1369,20.6309,8.1369,21.6009,21.8293,8.683,15.6669,0.0,20.6309,,,,,,,,,crf_only,au milieu de,PREP,,
méditerranée,NOUN,A1,crf_first_attested,8.1254,6.8546,8.1254,0.0,17.695,0.0,0.0,9.6228,6.8546,,,,,,,,,crf_only,méditerranée,N,,
gauche,ADJ,A1,beacco,8.1113,12.6521,8.1113,7.2111,7.6637,28.4701,0.0,0.0,12.6521,211.6407,54.2367,43.9733,118.1624,82.4715,19.328,88.7411,A1,word_pos,gauche,A,gauche,ADJ
matière,NOUN,A1,beacco,8.0962,34.4027,8.0962,15.2277,6.3341,30.9257,124.3643,33.8071,34.4027,33.7901,48.1032,52.1804,126.8128,265.7831,279.0141,101.8886,A1,word_pos,matière,N,matière,NOM
relations,NOUN,A1,crf_first_attested,8.0878,38.5453,8.0878,0.5054,65.6621,43.4294,52.3355,87.2204,38.5453,,,,,,,,,crf_only,relations,N,,
passionner,VERB,A1,beacco,8.0319,32.5633,8.0319,19.9252,42.477,18.4578,32.7469,4.1173,32.5633,26.7229,23.987,87.4864,33.7119,26.3397,4.0185,53.1082,A1,word_pos,passionner,V,passionner,VER
sortie,NOUN,A1,beacco,7.9919,53.5969,7.9919,67.335,32.4425,37.845,29.7295,357.3131,53.5969,26.5183,116.1795,30.3216,44.906,40.0479,260.8986,69.4753,A1,word_pos,sortie,N,sortie,NOM
alice,NOUN,A1,crf_first_attested,7.957,0.1533,7.957,0.0,0.0,0.0,0.0,0.0,0.1533,,,,,,,,,crf_only,alice,N,,
tu fais quoi,ADV,A1,crf_first_attested,7.9073,1.1622,7.9073,0.2117,0.0,0.0,0.0,0.0,1.1622,,,,,,,,,crf_only,tu fais quoi,ADV,,
à nouveau,ADV,A1,crf_first_attested,7.8936,21.1862,7.8936,6.3769,28.745,19.5924,41.0675,0.0,21.1862,,,,,,,,,crf_only,à nouveau,ADV,,
clé,NOUN,A1,beacco,7.8459,33.8955,7.8459,27.3827,7.3511,80.4544,4.101,12.9876,33.8955,28.5796,56.6169,30.171,134.0343,4.139,12.833,60.1154,A1,word_pos,clé,N,clé,NOM
éléments,NOUN,A1,crf_first_attested,7.8027,44.3192,7.8027,5.0175,13.0008,63.0357,177.1674,125.573,44.3192,,,,,,,,,crf_only,éléments,N,,
responsabilite,NOUN,A1,crf_first_attested,7.6747,27.8954,7.6747,19.5974,8.6796,30.9142,72.1715,6.4938,27.8954,,,,,,,,,crf_only,responsabilite,N,,
gardez,NOUN,A1,crf_first_attested,7.6685,1.0606,7.6685,0.0,0.2041,0.0,0.0,0.0,1.0606,,,,,,,,,crf_only,gardez,N,,
en attendant,ADV,A1,crf_first_attested,7.6622,6.7088,7.6622,2.5842,0.5833,3.0277,6.2023,12.9876,6.7088,,,,,,,,,crf_only,en attendant,ADV,,
victime,ADJ,A1,crf_first_attested,7.6622,3.1908,7.6622,0.0,0.6802,0.7062,6.1515,0.0,3.1908,,,,,,,,,crf_only,victime,A,,
sourdre,VERB,A1,crf_first_attested,7.6622,2.2151,7.6622,0.0,3.0992,0.0,0.0,0.0,2.2151,,,,,,,,,crf_only,sourdre,V,,
à la fac de,PREP,A1,crf_first_attested,7.6622,1.6132,7.6622,0.2117,0.2076,0.0,0.0,0.0,1.6132,,,,,,,,,crf_only,à la fac de,PREP,,
serper,VERB,A1,crf_first_attested,7.6622,0.6158,7.6622,0.0,0.0,0.0,0.0,0.0,0.6158,,,,,,,,,crf_only,serper,V,,
tu me fais,ADV,A1,crf_first_attested,7.6622,0.6158,7.6622,0.0,0.0,0.0,0.0,0.0,0.6158,,,,,,,,,crf_only,tu me fais,ADV,,
tu trouves ça drôle,NOUN,A1,crf_first_attested,7.6622,0.6158,7.6622,0.0,0.0,0.0,0.0,0.0,0.6158,,,,,,,,,crf_only,tu trouves ça drôle,N,,
dès que,CONJ,A1,crf_first_attested,7.4795,46.9599,7.4795,18.0637,71.4399,46.4604,47.6682,56.3681,46.9599,,,,,,,,,crf_only,dès que,CONJS,,
j,NOUN,A1,crf_first_attested,7.3912,8.4108,7.3912,0.2439,7.8882,2.3018,15.5058,0.0,8.4108,,,,,,,,,crf_only,j,N,,
quatorze,DET,A1,crf_first_attested,7.3356,12.6582,7.3356,6.196,23.6792,0.0,3.1012,19.2455,12.6582,,,,,,,,,crf_only,quatorze,DET,,
pl,NOUN,A1,crf_first_attested,7.2217,0.5477,7.2217,0.0,0.0,0.0,0.0,0.0,0.5477,,,,,,,,,crf_only,pl,N,,
sept,ADJ,A1,crf_first_attested,7.2144,22.2612,7.2144,42.4104,8.9981,16.771,13.3747,0.0,22.2612,,,,,,,,,crf_only,sept,A,,
animé,ADJ,A1,crf_first_attested,7.1872,5.2538,7.1872,0.3702,1.8024,1.1509,18.6069,0.0,5.2538,,,,,,,,,crf_only,animé,A,,
tout,NOUN,A1,beacco,7.1843,5.7323,7.1843,11.9377,0.0818,1.5139,0.0,9.6228,5.7323,108.598,243.4917,71.3765,203.1092,65.168,25.6659,141.8133,A1,word_pos,tout,N,tout,NOM
spécialisé,ADJ,A1,crf_first_attested,7.1843,4.8089,7.1843,0.0,3.0819,9.7124,2.0505,0.0,4.8089,,,,,,,,,crf_only,spécialisé,A,,
jusque au,PREP,A1,crf_first_attested,7.1673,40.3254,7.1673,39.5123,44.5251,76.7544,9.3035,6.4938,40.3254,,,,,,,,,crf_only,jusque au,PREP,,
scientifique,NOUN,A1,crf_first_attested,7.152,8.8699,7.152,2.2322,0.4732,0.5755,51.3343,4.1173,8.8699,,,,,,,,,crf_only,scientifique,N,,
tu,PREPDET,A1,crf_first_attested,7.1482,9.0277,7.1482,21.9492,0.1815,2.6847,0.0,0.0,9.0277,,,,,,,,,crf_only,tu,PREPDET,,
avoir le temps,VERB,A1,crf_first_attested,7.1415,8.9098,7.1415,7.5593,1.8673,34.5603,3.1012,0.0,8.9098,,,,,,,,,crf_only,avoir le temps,V,,
le temps de,PREP,A1,crf_first_attested,7.1217,6.3251,7.1217,0.7835,3.7364,16.2802,0.0,0.0,6.3251,,,,,,,,,crf_only,le temps de,PREP,,
combien,NOUN,A1,crf_first_attested,7.0732,6.4808,7.0732,0.5168,0.1815,16.2318,15.7275,0.0,6.4808,,,,,,,,,crf_only,combien,N,,
alex,NOUN,A1,crf_first_attested,7.0728,0.1363,7.0728,0.0,0.0,0.0,0.0,0.0,0.1363,,,,,,,,,crf_only,alex,N,,
carlos,NOUN,A1,crf_first_attested,7.0728,0.1363,7.0728,0.0,0.0,0.0,0.0,0.0,0.1363,,,,,,,,,crf_only,carlos,N,,
te,DET,A1,crf_first_attested,7.038,3.2831,7.038,0.4071,1.2023,0.0,0.0,0.0,3.2831,,,,,,,,,crf_only,te,DET,,
hier soir,ADV,A1,crf_first_attested,6.9933,7.3252,6.9933,11.9898,1.7191,6.2486,0.0,0.0,7.3252,,,,,,,,,crf_only,hier soir,ADV,,
soixante,ADJ,A1,crf_first_attested,6.8584,3.8056,6.8584,0.0,0.2366,3.1713,9.3035,0.0,3.8056,,,,,,,,,crf_only,soixante,A,,
de la part de,PREP,A1,crf_first_attested,6.8498,4.6209,6.8498,0.0,1.0202,0.0,36.5308,0.0,4.6209,,,,,,,,,crf_only,de la part de,PREP,,
jumeaux,NOUN,A1,crf_first_attested,6.7558,0.1302,6.7558,0.0,0.0,0.0,0.0,0.0,0.1302,,,,,,,,,crf_only,jumeaux,N,,
noémie,NOUN,A1,crf_first_attested,6.6208,0.1276,6.6208,0.0,0.0,0.0,0.0,0.0,0.1276,,,,,,,,,crf_only,noémie,N,,
écus,NOUN,A1,crf_first_attested,6.531,0.5166,6.531,0.0,0.0,0.0,0.0,0.0,0.5166,,,,,,,,,crf_only,écus,N,,
italien,NOUN,A1,beacco,6.463,19.3828,6.463,21.6442,4.1258,3.1713,1.6042,115.473,19.3828,37.1735,4.1022,7.6118,1.2705,0.0,19.328,11.8688,A1,word_pos,italien,N,italien,NOM
suite,NOUN,A1,beacco,6.169,32.848,6.169,44.0632,28.8545,16.4434,15.5058,45.4565,32.848,252.69,331.9929,189.4767,356.9774,82.2547,145.006,252.8103,A1,word_pos,suite,N,suite,NOM
fin,ADJ,A1,beacco,6.1086,16.34,6.1086,3.6057,7.7028,20.3119,73.7384,0.0,16.34,58.5603,18.5684,55.5214,67.5286,135.2963,25.6659,61.7847,A1,word_pos,fin,A,fin,ADJ
neuf,DET,A1,crf_first_attested,6.1028,22.7063,6.1028,16.2209,30.8511,20.0227,0.0,19.2455,22.7063,,,,,,,,,crf_only,neuf,DET,,
par contre,ADV,A1,crf_first_attested,6.0789,17.7752,6.0789,0.7318,47.2102,3.0277,6.2023,9.6228,17.7752,,,,,,,,,crf_only,par contre,ADV,,
uns,PRON,A1,crf_first_attested,6.072,57.6858,6.072,38.0195,101.7354,47.7476,62.4654,6.4938,57.6858,,,,,,,,,crf_only,uns,PRO,,
musicien,ADJ,A1,crf_first_attested,6.0405,6.3296,6.0405,2.2314,4.0514,0.0,6.4168,0.0,6.3296,,,,,,,,,crf_only,musicien,A,,
hors - d' oeuvre,NOUN,A1,crf_first_attested,6.0383,1.6949,6.0383,0.0,0.1815,0.7062,0.0,0.0,1.6949,,,,,,,,,crf_only,hors - d' oeuvre,N,,
information,NOUN,A1,beacco,5.9019,80.4883,5.9019,10.08,88.3747,80.4665,265.6383,203.1582,80.4883,124.3447,83.145,156.0617,227.9936,435.0283,373.1989,193.3764,A1,word_pos,information,N,information,NOM
fonction,NOUN,A1,beacco,5.888,38.4624,5.888,3.4071,23.531,42.4121,87.043,277.1761,38.4624,35.9623,36.1958,61.8275,73.7828,224.8985,446.695,87.4873,A1,word_pos,fonction,N,fonction,NOM
à travers,PREP,A1,crf_first_attested,5.8878,119.3892,5.8878,61.4178,154.935,122.3488,214.3773,168.513,119.3892,,,,,,,,,crf_only,à travers,PREP,,
mn,NOUN,A1,crf_first_attested,5.829,1.461,5.829,0.0,0.0,0.0,6.1515,0.0,1.461,,,,,,,,,crf_only,mn,N,,
janv,NOUN,A1,crf_first_attested,5.829,0.8384,5.829,0.0,0.3618,0.0,0.0,0.0,0.8384,,,,,,,,,crf_only,janv,N,,
dim,NOUN,A1,crf_first_attested,5.829,0.4534,5.829,0.0,0.0,0.0,0.0,0.0,0.4534,,,,,,,,,crf_only,dim,N,,
dir,NOUN,A1,crf_first_attested,5.829,0.4534,5.829,0.0,0.0,0.0,0.0,0.0,0.4534,,,,,,,,,crf_only,dir,N,,
hofmannstral,X,A1,crf_first_attested,5.829,0.4534,5.829,0.0,0.0,0.0,0.0,0.0,0.4534,,,,,,,,,crf_only,hofmannstral,X,,
hugo,X,A1,crf_first_attested,5.829,0.4534,5.829,0.0,0.0,0.0,0.0,0.0,0.4534,,,,,,,,,crf_only,hugo,X,,
livret,X,A1,crf_first_attested,5.829,0.4534,5.829,0.0,0.0,0.0,0.0,0.0,0.4534,,,,,,,,,crf_only,livret,X,,
von,X,A1,crf_first_attested,5.829,0.4534,5.829,0.0,0.0,0.0,0.0,0.0,0.4534,,,,,,,,,crf_only,von,X,,
demande,NOUN,A1,beacco,5.821,73.8268,5.821,47.5144,133.7971,20.2094,113.3804,10.2933,73.8268,282.748,189.5242,252.3591,27.2465,138.6991,66.5385,198.1177,A1,word_pos,demande,N,demande,NOM
treize,DET,A1,crf_first_attested,5.7699,6.5689,5.7699,5.7918,6.4977,1.5139,3.1012,0.0,6.5689,,,,,,,,,crf_only,treize,DET,,
équipements,NOUN,A1,crf_first_attested,5.7419,5.4899,5.7419,0.0,7.8653,1.5139,0.0,19.4814,5.4899,,,,,,,,,crf_only,équipements,N,,
jusqu' à midi,ADV,A1,crf_first_attested,5.7349,0.8474,5.7349,0.0,0.2916,0.0,0.0,0.0,0.8474,,,,,,,,,crf_only,jusqu' à midi,ADV,,
d' ici,ADV,A1,crf_first_attested,5.7198,3.241,5.7198,0.6351,0.2366,2.6847,0.0,0.0,3.241,,,,,,,,,crf_only,d' ici,ADV,,
infirmier,ADJ,A1,crf_first_attested,5.5934,7.752,5.5934,5.8508,9.5699,0.0,25.3674,0.0,7.752,,,,,,,,,crf_only,infirmier,A,,
pâques,NOUN,A1,crf_first_attested,5.5874,1.2062,5.5874,0.0,0.231,0.0,0.0,0.0,1.2062,,,,,,,,,crf_only,pâques,N,,
juste,ADJ,A1,beacco,5.5732,47.6663,5.5732,41.0918,57.6416,42.1498,69.456,0.0,47.6663,212.3477,223.2186,163.4305,226.0695,224.7479,38.656,200.3325,A1,word_pos,juste,A,juste,ADJ
appart,NOUN,A1,crf_first_attested,5.5294,0.4272,5.5294,0.0,0.0,0.0,0.0,0.0,0.4272,,,,,,,,,crf_only,appart,N,,
bateau - mouche,NOUN,A1,crf_first_attested,5.5183,1.3228,5.5183,0.8492,0.0,0.0,0.0,0.0,1.3228,,,,,,,,,crf_only,bateau - mouche,N,,
dom,NOUN,A1,crf_first_attested,5.4124,0.41,5.4124,0.0,0.0,0.0,0.0,0.0,0.41,,,,,,,,,crf_only,dom,N,,
tu m' as,ADV,A1,crf_first_attested,5.3289,3.0244,5.3289,1.0176,0.231,0.0,0.0,0.0,3.0244,,,,,,,,,crf_only,tu m' as,ADV,,
musicien,NOUN,A1,beacco,5.2796,12.2767,5.2796,11.2878,12.4718,5.3694,3.1012,0.0,12.2767,27.7883,32.4252,29.2663,1.8983,20.024,0.0,25.8825,A1,word_pos,musicien,N,musicien,NOM
en cas de,PREP,A1,crf_first_attested,5.2275,25.5617,5.2275,27.9034,11.1392,1.5139,99.2418,32.4689,25.5617,,,,,,,,,crf_only,en cas de,PREP,,
i,ADJ,A1,crf_first_attested,5.1885,15.2213,5.1885,12.5829,0.7214,1.5139,75.6594,6.176,15.2213,,,,,,,,,crf_only,i,A,,
skate,NOUN,A1,crf_first_attested,5.1795,0.4226,5.1795,0.0,0.0,0.0,0.0,0.0,0.4226,,,,,,,,,crf_only,skate,N,,
hotmail,NOUN,A1,crf_first_attested,5.1643,0.8759,5.1643,0.2117,0.0,0.0,0.0,0.0,0.8759,,,,,,,,,crf_only,hotmail,N,,
décorations,NOUN,A1,crf_first_attested,5.0249,0.0968,5.0249,0.0,0.0,0.0,0.0,0.0,0.0968,,,,,,,,,crf_only,décorations,N,,
en cours de,PREP,A1,crf_first_attested,4.97,3.9741,4.97,0.2117,3.3268,0.7062,0.0,9.6228,3.9741,,,,,,,,,crf_only,en cours de,PREP,,
x,NOUN,A1,crf_first_attested,4.9533,9.5169,4.9533,0.2599,0.1155,0.5285,88.7638,2.0587,9.5169,,,,,,,,,crf_only,x,N,,
p,NOUN,A1,crf_first_attested,4.8822,17.9258,4.8822,16.4688,4.4532,20.7718,46.8715,0.0,17.9258,,,,,,,,,crf_only,p,N,,
nain,ADJ,A1,crf_first_attested,4.7801,0.0921,4.7801,0.0,0.0,0.0,0.0,0.0,0.0921,,,,,,,,,crf_only,nain,A,,
pendant que,CONJ,A1,crf_first_attested,4.7531,46.6303,4.7531,53.4341,41.7745,55.18,6.4168,12.9876,46.6303,,,,,,,,,crf_only,pendant que,CONJS,,
yahoo,NOUN,A1,crf_first_attested,4.6291,0.3479,4.6291,0.0,0.0,0.0,0.0,0.0,0.3479,,,,,,,,,crf_only,yahoo,N,,
pers,ADJ,A1,beacco,4.5224,0.0871,4.5224,0.0,0.0,0.0,0.0,0.0,0.0871,39.9208,0.0,0.0,0.0,0.0,0.0,3.639,A1,word_pos,pers,A,pers,ADJ
en direct,ADV,A1,crf_first_attested,4.1407,3.3048,4.1407,0.0,0.0,0.0,6.4168,48.1138,3.3048,,,,,,,,,crf_only,en direct,ADV,,
point - accueil,NOUN,A1,crf_first_attested,4.0685,0.0784,4.0685,0.0,0.0,0.0,0.0,0.0,0.0784,,,,,,,,,crf_only,point - accueil,N,,
surprendre,VERB,A1,beacco,4.0627,58.3031,4.0627,103.5451,99.4053,9.7124,6.2023,48.0277,58.3031,59.1525,138.3205,106.9966,14.1801,31.3781,56.7717,84.5752,A1,word_pos,surprendre,V,surprendre,VER
colonies,NOUN,A1,crf_first_attested,4.0627,4.5995,4.0627,6.0682,2.7658,0.0,0.0,4.1173,4.5995,,,,,,,,,crf_only,colonies,N,,
ou bien,CONJ,A1,crf_first_attested,4.0265,31.3018,4.0265,38.1726,29.416,19.8041,21.7081,22.1371,31.3018,,,,,,,,,crf_only,ou bien,CONJC,,
tout d' abord,ADV,A1,crf_first_attested,4.0217,18.7527,4.0217,2.1025,28.3098,19.9973,43.4893,0.0,18.7527,,,,,,,,,crf_only,tout d' abord,ADV,,
chatter,VERB,A1,crf_first_attested,3.9966,0.077,3.9966,0.0,0.0,0.0,0.0,0.0,0.077,,,,,,,,,crf_only,chatter,V,,
à part,PREP,A1,crf_first_attested,3.9849,5.5925,3.9849,0.0,1.4388,21.2432,0.0,0.0,5.5925,,,,,,,,,crf_only,à part,PREP,,
dames,NOUN,A1,crf_first_attested,3.9834,16.5907,3.9834,41.5746,6.0048,0.0,20.7298,0.0,16.5907,,,,,,,,,crf_only,dames,N,,
e - mail,NOUN,A1,crf_first_attested,3.9721,3.2794,3.9721,0.0,6.7104,0.7062,0.0,0.0,3.2794,,,,,,,,,crf_only,e - mail,N,,
serveur,ADJ,A1,crf_first_attested,3.9721,2.0861,3.9721,0.0944,0.2076,0.5755,1.6042,0.0,2.0861,,,,,,,,,crf_only,serveur,A,,
toilette,NOUN,A1,beacco,3.9546,4.9619,3.9546,17.312,0.2405,0.0,0.0,0.0,4.9619,68.6105,26.121,5.3614,2.2839,0.0,0.0,19.1567,A1,word_pos,toilette,N,toilette,NOM
fait,NOUN,A1,beacco,3.9536,135.2707,3.9536,41.9039,177.2924,169.2672,313.3697,239.4632,135.2707,63.4208,169.3612,278.6525,328.1611,521.7645,563.9446,273.0176,A1,word_pos,fait,N,fait,NOM
il y a du,PREP,A1,crf_first_attested,3.9079,3.3122,3.9079,7.9552,0.0,0.6707,0.0,0.0,3.3122,,,,,,,,,crf_only,il y a du,PREP,,
tu viens,ADV,A1,crf_first_attested,3.9079,0.6993,3.9079,0.0,0.0,0.8949,0.0,0.0,0.6993,,,,,,,,,crf_only,tu viens,ADV,,
étude,NOUN,A1,beacco,3.8872,108.6717,3.8872,17.0263,117.6823,78.9129,252.2802,508.2558,108.6717,117.4416,140.5783,260.8832,272.4095,521.2754,980.1429,286.3584,A1,word_pos,étude,N,étude,NOM
média,NOUN,A1,crf_first_attested,3.8872,75.6868,3.8872,13.338,62.0974,46.898,214.8029,371.0765,75.6868,,,,,,,,,crf_only,média,N,,
anpe,NOUN,A1,crf_first_attested,3.8872,5.9062,3.8872,1.2196,6.4891,5.1209,0.0,0.0,5.9062,,,,,,,,,crf_only,anpe,N,,
champs,NOUN,A1,crf_first_attested,3.8843,21.2907,3.8843,26.1922,27.0723,1.5139,3.1012,68.1256,21.2907,,,,,,,,,crf_only,champs,N,,
assistant,ADJ,A1,crf_first_attested,3.88,2.0326,3.88,0.3702,0.4732,0.0,1.6042,0.0,2.0326,,,,,,,,,crf_only,assistant,A,,
lettres,NOUN,A1,crf_first_attested,3.729,4.2059,3.729,0.4879,1.9454,4.7707,3.2084,0.0,4.2059,,,,,,,,,crf_only,lettres,N,,
paître,VERB,A1,crf_first_attested,3.7284,214.8136,3.7284,135.2997,235.7857,462.2589,335.1816,189.3525,214.8136,,,,,,,,,crf_only,paître,V,,
ami,ADJ,A1,beacco,3.7248,1.7742,3.7248,0.8141,0.0,0.8949,0.0,0.0,1.7742,54.5075,100.5377,14.7134,58.8126,10.3269,0.0,55.0056,A1,word_pos,ami,A,ami,ADJ
d' ailleurs,ADV,A1,crf_first_attested,3.7126,116.9867,3.7126,18.4761,137.2688,266.5864,218.1315,280.9636,116.9867,,,,,,,,,crf_only,d' ailleurs,ADV,,
rien te,PRON,A1,crf_first_attested,3.7117,0.7006,3.7117,0.2599,0.0,0.0,0.0,0.0,0.7006,,,,,,,,,crf_only,rien te,PRO,,
depuis que,CONJ,A1,crf_first_attested,3.6602,27.1289,3.6602,38.017,22.8053,36.9971,6.4168,0.0,27.1289,,,,,,,,,crf_only,depuis que,CONJS,,
en vain,ADV,A1,crf_first_attested,3.6373,6.2029,3.6373,8.7642,0.4621,7.2463,0.0,0.0,6.2029,,,,,,,,,crf_only,en vain,ADV,,
situé,ADJ,A1,crf_first_attested,3.6344,7.795,3.6344,1.2835,14.8148,0.0,9.8488,0.0,7.795,,,,,,,,,crf_only,situé,A,,
avoir peur,VERB,A1,crf_first_attested,3.6283,1.1416,3.6283,0.2599,0.1507,0.0,0.0,0.0,1.1416,,,,,,,,,crf_only,avoir peur,V,,
puis soudain,ADV,A1,crf_first_attested,3.6283,0.6192,3.6283,0.0,0.2366,0.0,0.0,0.0,0.6192,,,,,,,,,crf_only,puis soudain,ADV,,
tu crois que,CONJ,A1,crf_first_attested,3.5885,5.7913,3.5885,14.9921,0.0908,1.1509,0.0,0.0,5.7913,,,,,,,,,crf_only,tu crois que,CONJS,,
chip,NOUN,A1,crf_first_attested,3.5884,0.6412,3.5884,0.0,0.3401,0.0,0.0,0.0,0.6412,,,,,,,,,crf_only,chip,N,,
cinq,ADJ,A1,crf_first_attested,3.5479,60.8401,3.5479,111.9627,40.6199,64.869,39.4473,66.4113,60.8401,,,,,,,,,crf_only,cinq,A,,
wagenknecht,NOUN,A1,crf_first_attested,3.5344,4.4099,3.5344,2.1169,2.1708,0.0,0.0,0.0,4.4099,,,,,,,,,crf_only,wagenknecht,N,,
snowboard,NOUN,A1,crf_first_attested,3.5212,0.0678,3.5212,0.0,0.0,0.0,0.0,0.0,0.0678,,,,,,,,,crf_only,snowboard,N,,
en silence,ADV,A1,crf_first_attested,3.4359,9.9881,3.4359,25.8053,0.1507,0.0,15.5058,0.0,9.9881,,,,,,,,,crf_only,en silence,ADV,,
à côté,ADV,A1,crf_first_attested,3.4156,10.3391,3.4156,19.5794,3.8166,3.1713,0.0,0.0,10.3391,,,,,,,,,crf_only,à côté,ADV,,
fringue,NOUN,A1,crf_first_attested,3.4156,5.6239,3.4156,1.057,0.0,12.9386,4.101,0.0,5.6239,,,,,,,,,crf_only,fringue,N,,
cache,NOUN,A1,crf_first_attested,3.4156,2.4338,3.4156,0.0,4.1873,0.0,0.0,0.0,2.4338,,,,,,,,,crf_only,cache,N,,
dèjà,ADV,A1,crf_first_attested,3.4156,0.0658,3.4156,0.0,0.0,0.0,0.0,0.0,0.0658,,,,,,,,,crf_only,dèjà,ADV,,
ah ah,ADV,A1,crf_first_attested,3.3104,1.9883,3.3104,0.0,0.0,7.4055,0.0,0.0,1.9883,,,,,,,,,crf_only,ah ah,ADV,,
tu m' aides,ADV,A1,crf_first_attested,3.3104,1.5945,3.3104,1.057,0.0,0.0,0.0,0.0,1.5945,,,,,,,,,crf_only,tu m' aides,ADV,,
oh non,ADV,A1,crf_first_attested,3.3104,1.2224,3.3104,0.2831,0.0,0.0,0.0,0.0,1.2224,,,,,,,,,crf_only,oh non,ADV,,
chffres,NOUN,A1,crf_first_attested,3.3104,0.0638,3.3104,0.0,0.0,0.0,0.0,0.0,0.0638,,,,,,,,,crf_only,chffres,N,,
illuminé,ADJ,A1,crf_first_attested,3.1824,0.0613,3.1824,0.0,0.0,0.0,0.0,0.0,0.0613,,,,,,,,,crf_only,illuminé,A,,
ciseaux,NOUN,A1,crf_first_attested,3.1181,0.4211,3.1181,0.0,0.2916,0.0,0.0,0.0,0.4211,,,,,,,,,crf_only,ciseaux,N,,
eh ben,ADV,A1,crf_first_attested,3.015,3.6506,3.015,3.9542,0.1637,0.0,0.0,0.0,3.6506,,,,,,,,,crf_only,eh ben,ADV,,
agnès,NOUN,A1,crf_first_attested,3.015,0.0581,3.015,0.0,0.0,0.0,0.0,0.0,0.0581,,,,,,,,,crf_only,agnès,N,,
karaoké,NOUN,A1,crf_first_attested,2.9974,0.0577,2.9974,0.0,0.0,0.0,0.0,0.0,0.0577,,,,,,,,,crf_only,karaoké,N,,
jusque,PREP,A1,beacco,2.8247,31.5111,2.8247,38.6226,59.1493,8.0668,24.6958,28.5334,31.5111,466.951,491.3824,639.0165,558.2428,595.4098,630.1172,567.7842,A1,word_pos,jusque,PREP,jusque,PRP
là - haut,ADV,A1,crf_first_attested,2.81,15.0565,2.81,21.0989,10.5603,11.3115,0.0,0.0,15.0565,,,,,,,,,crf_only,là - haut,ADV,,
perceval,NOUN,A1,crf_first_attested,2.7884,0.0537,2.7884,0.0,0.0,0.0,0.0,0.0,0.0537,,,,,,,,,crf_only,perceval,N,,
blog,NOUN,A1,crf_first_attested,2.7383,7.6079,2.7383,0.0303,0.8372,13.6247,3.2084,0.0,7.6079,,,,,,,,,crf_only,blog,N,,
léa,NOUN,A1,crf_first_attested,2.7383,0.0604,2.7383,0.0,0.0,0.0,0.0,0.0,0.0604,,,,,,,,,crf_only,léa,N,,
à pied,ADV,A1,crf_first_attested,2.6523,4.1205,2.6523,4.0551,1.5258,0.8949,0.0,0.0,4.1205,,,,,,,,,crf_only,à pied,ADV,,
cafe,NOUN,A1,crf_first_attested,2.6483,0.051,2.6483,0.0,0.0,0.0,0.0,0.0,0.051,,,,,,,,,crf_only,cafe,N,,
hé oui,ADV,A1,crf_first_attested,2.6483,0.051,2.6483,0.0,0.0,0.0,0.0,0.0,0.051,,,,,,,,,crf_only,hé oui,ADV,,
import - export,NOUN,A1,crf_first_attested,2.6483,0.051,2.6483,0.0,0.0,0.0,0.0,0.0,0.051,,,,,,,,,crf_only,import - export,N,,
oh merci,ADV,A1,crf_first_attested,2.6483,0.051,2.6483,0.0,0.0,0.0,0.0,0.0,0.051,,,,,,,,,crf_only,oh merci,ADV,,
faire partir,VERB,A1,crf_first_attested,2.5125,44.4598,2.5125,16.3243,63.5931,18.3871,84.404,117.0576,44.4598,,,,,,,,,crf_only,faire partir,V,,
dans le passé,ADV,A1,crf_first_attested,2.5125,3.8534,2.5125,4.4315,0.2405,0.0,1.6042,6.4938,3.8534,,,,,,,,,crf_only,dans le passé,ADV,,
pâte,NOUN,A1,beacco,2.5125,3.646,2.5125,7.1131,0.0,0.5755,0.0,6.4938,3.646,32.613,8.1465,0.5857,0.911,0.0,12.833,10.7174,A1,word_pos,pâte,N,pâte,NOM
défendu,ADJ,A1,crf_first_attested,2.5125,0.0484,2.5125,0.0,0.0,0.0,0.0,0.0,0.0484,,,,,,,,,crf_only,défendu,A,,
au bout de,PREP,A1,crf_first_attested,2.4872,5.9901,2.4872,2.7754,4.6009,4.9879,4.101,0.0,5.9901,,,,,,,,,crf_only,au bout de,PREP,,
pers,NOUN,A1,crf_first_attested,2.4654,0.1858,2.4654,0.0,0.0,0.0,0.0,0.0,0.1858,,,,,,,,,crf_only,pers,N,,
fév,ADV,A1,crf_first_attested,2.4645,0.0544,2.4645,0.0,0.0,0.0,0.0,0.0,0.0544,,,,,,,,,crf_only,fév,ADV,,
avantages,NOUN,A1,crf_first_attested,2.4581,14.5747,2.4581,3.9872,5.4714,3.0277,55.4783,64.3237,14.5747,,,,,,,,,crf_only,avantages,N,,
volley - ball,NOUN,A1,crf_first_attested,2.4581,0.197,2.4581,0.0,0.0,0.0,0.0,0.0,0.197,,,,,,,,,crf_only,volley - ball,N,,
bornes,NOUN,A1,crf_first_attested,2.4411,4.3601,2.4411,0.0,4.9444,6.0554,0.0,0.0,4.3601,,,,,,,,,crf_only,bornes,N,,
groseille,ADJ,A1,crf_first_attested,2.4411,0.047,2.4411,0.0,0.0,0.0,0.0,0.0,0.047,,,,,,,,,crf_only,groseille,A,,
tu es fonctionnaire,ADV,A1,crf_first_attested,2.4411,0.047,2.4411,0.0,0.0,0.0,0.0,0.0,0.047,,,,,,,,,crf_only,tu es fonctionnaire,ADV,,
à clé,ADV,A1,crf_first_attested,2.4086,5.6005,2.4086,0.5897,0.0,24.7083,0.0,0.0,5.6005,,,,,,,,,crf_only,à clé,ADV,,
tout en bas,ADV,A1,crf_first_attested,2.4086,0.0464,2.4086,0.0,0.0,0.0,0.0,0.0,0.0464,,,,,,,,,crf_only,tout en bas,ADV,,
vivette,NOUN,A1,crf_first_attested,2.4086,0.0464,2.4086,0.0,0.0,0.0,0.0,0.0,0.0464,,,,,,,,,crf_only,vivette,N,,
princesse,ADJ,A1,crf_first_attested,2.3475,10.9634,2.3475,7.371,9.6242,0.0,3.2084,0.0,10.9634,,,,,,,,,crf_only,princesse,A,,
en matière de,PREP,A1,crf_first_attested,2.2771,42.0541,2.2771,8.19,52.5395,20.7718,73.5654,180.9491,42.0541,,,,,,,,,crf_only,en matière de,PREP,,
douze,ADJ,A1,crf_first_attested,2.2771,7.3991,2.2771,0.4879,17.4387,0.0,0.0,0.0,7.3991,,,,,,,,,crf_only,douze,A,,
en scène,ADV,A1,crf_first_attested,2.2771,2.1283,2.2771,1.5505,0.1155,0.0,3.1012,0.0,2.1283,,,,,,,,,crf_only,en scène,ADV,,
biographie,NOUN,A1,crf_first_attested,2.2771,1.6945,2.2771,0.2439,0.6228,0.0,0.0,0.0,1.6945,,,,,,,,,crf_only,biographie,N,,
nord - ouest,NOUN,A1,crf_first_attested,2.2771,0.0439,2.2771,0.0,0.0,0.0,0.0,0.0,0.0439,,,,,,,,,crf_only,nord - ouest,N,,
affaire,NOUN,A1,beacco,2.2108,129.9372,2.2108,69.3608,147.1185,407.4418,96.9902,28.8683,129.9372,146.1787,177.0652,253.0222,670.0592,163.7491,190.5105,285.2433,A1,word_pos,affaire,N,affaire,NOM
au contraire,ADV,A1,crf_first_attested,2.0787,44.17,2.0787,22.3209,44.1924,52.4933,85.7988,66.4113,44.17,,,,,,,,,crf_only,au contraire,ADV,,
américains,NOUN,A1,crf_first_attested,2.0787,17.9948,2.0787,3.4141,27.8144,33.2435,2.0505,0.0,17.9948,,,,,,,,,crf_only,américains,N,,
arrière - grand - père,NOUN,A1,crf_first_attested,2.0787,0.04,2.0787,0.0,0.0,0.0,0.0,0.0,0.04,,,,,,,,,crf_only,arrière - grand - père,N,,
husky,NOUN,A1,crf_first_attested,2.0787,0.04,2.0787,0.0,0.0,0.0,0.0,0.0,0.04,,,,,,,,,crf_only,husky,N,,
tu as fait,ADV,A1,crf_first_attested,2.0787,0.04,2.0787,0.0,0.0,0.0,0.0,0.0,0.04,,,,,,,,,crf_only,tu as fait,ADV,,
pme,NOUN,A1,crf_first_attested,2.0342,1.7273,2.0342,0.2117,0.0,0.0,8.2019,0.0,1.7273,,,,,,,,,crf_only,pme,N,,
belle - soeur,NOUN,A1,crf_first_attested,2.0342,1.4299,2.0342,0.0,1.0203,0.0,0.0,0.0,1.4299,,,,,,,,,crf_only,belle - soeur,N,,
dieu,NOUN,A1,beacco,2.0325,9.3429,2.0325,2.4863,7.0829,0.7062,31.0115,22.517,9.3429,39.3777,183.4696,138.0861,120.7524,30.0023,93.687,131.3694,A1,word_pos,dieu,N,dieu,NOM
herbes,NOUN,A1,crf_first_attested,2.01,11.955,2.01,27.8968,4.0252,0.6707,29.7295,0.0,11.955,,,,,,,,,crf_only,herbes,N,,
w,NOUN,A1,crf_first_attested,2.01,3.8725,2.01,0.1235,5.7042,0.0,1.6042,0.0,3.8725,,,,,,,,,crf_only,w,N,,
basilique,ADJ,A1,crf_first_attested,2.01,1.4353,2.01,0.0,0.3401,2.4776,0.0,0.0,1.4353,,,,,,,,,crf_only,basilique,A,,
wc,NOUN,A1,crf_first_attested,2.01,1.0869,2.01,0.331,0.0,0.0,0.0,0.0,1.0869,,,,,,,,,crf_only,wc,N,,
bambara,NOUN,A1,crf_first_attested,2.01,0.0387,2.01,0.0,0.0,0.0,0.0,0.0,0.0387,,,,,,,,,crf_only,bambara,N,,
chamb,NOUN,A1,crf_first_attested,2.01,0.0387,2.01,0.0,0.0,0.0,0.0,0.0,0.0387,,,,,,,,,crf_only,chamb,N,,
sous le signe de,PREP,A1,crf_first_attested,2.01,0.0387,2.01,0.0,0.0,0.0,0.0,0.0,0.0387,,,,,,,,,crf_only,sous le signe de,PREP,,
tap - taps,NOUN,A1,crf_first_attested,2.01,0.0387,2.01,0.0,0.0,0.0,0.0,0.0,0.0387,,,,,,,,,crf_only,tap - taps,N,,
tepeape,NOUN,A1,crf_first_attested,2.01,0.0387,2.01,0.0,0.0,0.0,0.0,0.0,0.0387,,,,,,,,,crf_only,tepeape,N,,
trim,NOUN,A1,crf_first_attested,2.01,0.0387,2.01,0.0,0.0,0.0,0.0,0.0,0.0387,,,,,,,,,crf_only,trim,N,,
ét,NOUN,A1,crf_first_attested,2.01,0.0387,2.01,0.0,0.0,0.0,0.0,0.0,0.0387,,,,,,,,,crf_only,ét,N,,
nouvel,ADJ,A1,crf_first_attested,1.9983,46.0761,1.9983,29.9675,60.103,50.2699,53.5053,9.6228,46.0761,,,,,,,,,crf_only,nouvel,A,,
débuts,NOUN,A1,crf_first_attested,1.9983,14.6167,1.9983,3.5373,34.1303,0.5285,6.2023,0.0,14.6167,,,,,,,,,crf_only,débuts,N,,
passé,ADJ,A1,crf_first_attested,1.9983,10.5779,1.9983,3.0595,2.9282,8.558,54.4402,0.0,10.5779,,,,,,,,,crf_only,passé,A,,
soleil,ADJ,A1,crf_first_attested,1.9983,0.0385,1.9983,0.0,0.0,0.0,0.0,0.0,0.0385,,,,,,,,,crf_only,soleil,A,,
master,NOUN,A1,crf_first_attested,1.9862,3.5979,1.9862,0.2117,0.4809,0.0,0.0,12.352,3.5979,,,,,,,,,crf_only,master,N,,
à tout à l' heure,ADV,A1,crf_first_attested,1.9862,1.9725,1.9862,5.85,0.0,0.0,0.0,0.0,1.9725,,,,,,,,,crf_only,à tout à l' heure,ADV,,
invalide,NOUN,A1,crf_first_attested,1.9862,1.3037,1.9862,0.2114,0.0,3.0277,0.0,0.0,1.3037,,,,,,,,,crf_only,invalide,N,,
hop,ADV,A1,crf_first_attested,1.9862,0.9958,1.9862,0.0,0.3274,0.0,0.0,0.0,0.9958,,,,,,,,,crf_only,hop,ADV,,
pile,ADJ,A1,crf_first_attested,1.9862,0.634,1.9862,0.0,0.0,3.0277,0.0,0.0,0.634,,,,,,,,,crf_only,pile,A,,
sept,PRON,A1,crf_first_attested,1.9862,0.4456,1.9862,0.0,0.2295,0.0,0.0,0.0,0.4456,,,,,,,,,crf_only,sept,PRO,,
achetent,VERB,A1,crf_first_attested,1.9862,0.0383,1.9862,0.0,0.0,0.0,0.0,0.0,0.0383,,,,,,,,,crf_only,achetent,V,,
curriculum,NOUN,A1,crf_first_attested,1.9862,0.0383,1.9862,0.0,0.0,0.0,0.0,0.0,0.0383,,,,,,,,,crf_only,curriculum,N,,
dans le sud,ADV,A1,crf_first_attested,1.9862,0.0383,1.9862,0.0,0.0,0.0,0.0,0.0,0.0383,,,,,,,,,crf_only,dans le sud,ADV,,
frais,VERB,A1,crf_first_attested,1.9862,0.0383,1.9862,0.0,0.0,0.0,0.0,0.0,0.0383,,,,,,,,,crf_only,frais,V,,
open,ADJ,A1,crf_first_attested,1.9862,0.0383,1.9862,0.0,0.0,0.0,0.0,0.0,0.0383,,,,,,,,,crf_only,open,A,,
vitae,ADJ,A1,crf_first_attested,1.9862,0.0383,1.9862,0.0,0.0,0.0,0.0,0.0,0.0383,,,,,,,,,crf_only,vitae,A,,
ne plus,ADV,A1,crf_first_attested,1.9168,5.6032,1.9168,2.8452,15.8434,0.0,1.6042,0.0,5.6032,,,,,,,,,crf_only,ne plus,ADV,,
qui de,PREP,A1,crf_first_attested,1.895,0.0365,1.895,0.0,0.0,0.0,0.0,0.0,0.0365,,,,,,,,,crf_only,qui de,PREP,,
révé,VERB,A1,crf_first_attested,1.895,0.0365,1.895,0.0,0.0,0.0,0.0,0.0,0.0365,,,,,,,,,crf_only,révé,V,,
adresse e - mail,NOUN,A1,crf_first_attested,1.7682,0.9156,1.7682,0.0,0.1395,0.0,0.0,0.0,0.9156,,,,,,,,,crf_only,adresse e - mail,N,,
autour,NOUN,A1,crf_first_attested,1.7682,0.0341,1.7682,0.0,0.0,0.0,0.0,0.0,0.0341,,,,,,,,,crf_only,autour,N,,
brésilien,NOUN,A1,crf_first_attested,1.7682,0.0341,1.7682,0.0,0.0,0.0,0.0,0.0,0.0341,,,,,,,,,crf_only,brésilien,N,,
dans le cours de,PREP,A1,crf_first_attested,1.7682,0.0341,1.7682,0.0,0.0,0.0,0.0,0.0,0.0341,,,,,,,,,crf_only,dans le cours de,PREP,,
habiter avoir,VERB,A1,crf_first_attested,1.7682,0.0341,1.7682,0.0,0.0,0.0,0.0,0.0,0.0341,,,,,,,,,crf_only,habiter avoir,V,,
minime,NOUN,A1,crf_first_attested,1.7682,0.0341,1.7682,0.0,0.0,0.0,0.0,0.0,0.0341,,,,,,,,,crf_only,minime,N,,
webzine,NOUN,A1,crf_first_attested,1.7682,0.0341,1.7682,0.0,0.0,0.0,0.0,0.0,0.0341,,,,,,,,,crf_only,webzine,N,,
en haut de,PREP,A1,crf_first_attested,1.7606,8.6639,1.7606,1.1794,11.721,9.7124,4.101,0.0,8.6639,,,,,,,,,crf_only,en haut de,PREP,,
chaîne hi - fi,NOUN,A1,crf_first_attested,1.7606,0.0339,1.7606,0.0,0.0,0.0,0.0,0.0,0.0339,,,,,,,,,crf_only,chaîne hi - fi,N,,
quelque chose,PRON,A1,crf_first_attested,1.718,3.2387,1.718,0.0,0.0,1.7898,24.8092,0.0,3.2387,,,,,,,,,crf_only,quelque chose,PRO,,
en parler,ADV,A1,crf_first_attested,1.718,0.0331,1.718,0.0,0.0,0.0,0.0,0.0,0.0331,,,,,,,,,crf_only,en parler,ADV,,
inaugurafion,NOUN,A1,crf_first_attested,1.718,0.0331,1.718,0.0,0.0,0.0,0.0,0.0,0.0331,,,,,,,,,crf_only,inaugurafion,N,,
alors que,CONJ,A1,crf_first_attested,1.7078,222.5343,1.7078,53.5979,338.7108,403.1154,316.8525,425.5327,222.5343,,,,,,,,,crf_only,alors que,CONJS,,
exercice,NOUN,A1,beacco,1.7078,22.8853,1.7078,0.7581,6.3437,0.0,43.1199,460.6789,22.8853,25.8943,1.5412,11.3714,1.2705,29.205,397.402,30.0991,A1,word_pos,exercice,N,exercice,NOM
au foyer,ADV,A1,crf_first_attested,1.7078,2.2928,1.7078,0.0618,0.1155,0.0,0.0,28.8683,2.2928,,,,,,,,,crf_only,au foyer,ADV,,
visiteur,ADJ,A1,crf_first_attested,1.7078,1.9055,1.7078,0.0,0.0,12.1109,0.0,0.0,1.9055,,,,,,,,,crf_only,visiteur,A,,
d' avant,ADV,A1,crf_first_attested,1.7078,0.4332,1.7078,0.3702,0.0,0.0,0.0,0.0,0.4332,,,,,,,,,crf_only,d' avant,ADV,,
allo,NOUN,A1,crf_first_attested,1.7078,0.0329,1.7078,0.0,0.0,0.0,0.0,0.0,0.0329,,,,,,,,,crf_only,allo,N,,
autou,ADJ,A1,crf_first_attested,1.7078,0.0329,1.7078,0.0,0.0,0.0,0.0,0.0,0.0329,,,,,,,,,crf_only,autou,A,,
jusque au sommet de,PREP,A1,crf_first_attested,1.7078,0.0329,1.7078,0.0,0.0,0.0,0.0,0.0,0.0329,,,,,,,,,crf_only,jusque au sommet de,PREP,,
pastilla,NOUN,A1,crf_first_attested,1.7078,0.0329,1.7078,0.0,0.0,0.0,0.0,0.0,0.0329,,,,,,,,,crf_only,pastilla,N,,
scrabble,NOUN,A1,crf_first_attested,1.7078,0.0329,1.7078,0.0,0.0,0.0,0.0,0.0,0.0329,,,,,,,,,crf_only,scrabble,N,,
tu es chez toi,ADV,A1,crf_first_attested,1.7078,0.0329,1.7078,0.0,0.0,0.0,0.0,0.0,0.0329,,,,,,,,,crf_only,tu es chez toi,ADV,,
à droite par là,ADV,A1,crf_first_attested,1.7078,0.0329,1.7078,0.0,0.0,0.0,0.0,0.0,0.0329,,,,,,,,,crf_only,à droite par là,ADV,,
à juste titre,ADV,A1,crf_first_attested,1.7078,0.0329,1.7078,0.0,0.0,0.0,0.0,0.0,0.0329,,,,,,,,,crf_only,à juste titre,ADV,,
quoi,ADV,A1,crf_first_attested,1.6274,4.2868,1.6274,0.0,4.1758,13.5407,0.0,0.0,4.2868,,,,,,,,,crf_only,quoi,ADV,,
voici,NOUN,A1,crf_first_attested,1.6274,2.3811,1.6274,0.6939,0.3765,0.0,3.2084,0.0,2.3811,,,,,,,,,crf_only,voici,N,,
accompagné,ADJ,A1,crf_first_attested,1.6057,0.9455,1.6057,0.9626,0.0,0.0,0.0,0.0,0.9455,,,,,,,,,crf_only,accompagné,A,,
grâce,NOUN,A1,beacco,1.5934,16.1547,1.5934,8.8726,17.5239,0.0,24.8092,48.0277,16.1547,104.1569,177.1266,258.7876,147.5537,500.2603,277.2274,235.3798,A1,word_pos,grâce,N,grâce,NOM
esclave,ADJ,A1,crf_first_attested,1.5934,1.6743,1.5934,0.0,0.0,1.5139,8.021,0.0,1.6743,,,,,,,,,crf_only,esclave,A,,
agité,ADJ,A1,crf_first_attested,1.5934,0.6531,1.5934,0.0,0.0,1.6517,0.0,0.0,0.6531,,,,,,,,,crf_only,agité,A,,
card,X,A1,crf_first_attested,1.5912,0.0307,1.5912,0.0,0.0,0.0,0.0,0.0,0.0307,,,,,,,,,crf_only,card,X,,
city,X,A1,crf_first_attested,1.5912,0.0307,1.5912,0.0,0.0,0.0,0.0,0.0,0.0307,,,,,,,,,crf_only,city,X,,
loisir - passion,NOUN,A1,crf_first_attested,1.5912,0.0307,1.5912,0.0,0.0,0.0,0.0,0.0,0.0307,,,,,,,,,crf_only,loisir - passion,N,,
mi,DET,A1,crf_first_attested,1.5912,0.0307,1.5912,0.0,0.0,0.0,0.0,0.0,0.0307,,,,,,,,,crf_only,mi,DET,,
en tout cas,ADV,A1,crf_first_attested,1.559,20.5738,1.559,11.0517,26.4396,8.0668,46.9594,0.0,20.5738,,,,,,,,,crf_only,en tout cas,ADV,,
avoir du mal,VERB,A1,crf_first_attested,1.559,9.577,1.559,9.3437,3.4382,21.7297,0.0,0.0,9.577,,,,,,,,,crf_only,avoir du mal,V,,
manières,NOUN,A1,crf_first_attested,1.5075,18.5573,1.5075,12.7349,12.5471,1.1509,77.8408,0.0,18.5573,,,,,,,,,crf_only,manières,N,,
voici,PREP,A1,crf_first_attested,1.5075,10.9556,1.5075,14.8194,1.438,31.1857,0.0,0.0,10.9556,,,,,,,,,crf_only,voici,PREP,,
en place,ADV,A1,crf_first_attested,1.5075,3.3527,1.5075,0.2117,1.8786,7.0465,3.1012,0.0,3.3527,,,,,,,,,crf_only,en place,ADV,,
en vert,ADV,A1,crf_first_attested,1.5075,2.183,1.5075,0.0,0.0,2.4776,12.7628,0.0,2.183,,,,,,,,,crf_only,en vert,ADV,,
à domicile,ADV,A1,crf_first_attested,1.5075,0.5618,1.5075,0.0,0.0818,0.0,0.0,0.0,0.5618,,,,,,,,,crf_only,à domicile,ADV,,
ah ouais,ADV,A1,crf_first_attested,1.5075,0.029,1.5075,0.0,0.0,0.0,0.0,0.0,0.029,,,,,,,,,crf_only,ah ouais,ADV,,
fléché,ADJ,A1,crf_first_attested,1.5075,0.029,1.5075,0.0,0.0,0.0,0.0,0.0,0.029,,,,,,,,,crf_only,fléché,A,,
marquisien,NOUN,A1,crf_first_attested,1.5075,0.029,1.5075,0.0,0.0,0.0,0.0,0.0,0.029,,,,,,,,,crf_only,marquisien,N,,
tu dînes et tu te prépares chez moi,ADV,A1,crf_first_attested,1.5075,0.029,1.5075,0.0,0.0,0.0,0.0,0.0,0.029,,,,,,,,,crf_only,tu dînes et tu te prépares chez moi,ADV,,
vive le temps,ADV,A1,crf_first_attested,1.5075,0.029,1.5075,0.0,0.0,0.0,0.0,0.0,0.029,,,,,,,,,crf_only,vive le temps,ADV,,
cm,NOUN,A1,crf_first_attested,1.4987,13.3969,1.4987,0.0,33.7735,0.0,38.2885,0.0,13.3969,,,,,,,,,crf_only,cm,N,,
pendre,VERB,A1,beacco,1.4987,11.5976,1.4987,6.2614,10.0046,25.2673,0.0,9.6228,11.5976,38.3608,50.6383,73.8015,78.2364,19.861,19.328,64.7998,A1,word_pos,pendre,V,pendre,VER
clément,NOUN,A1,crf_first_attested,1.4987,0.9905,1.4987,0.0,0.3401,3.0277,0.0,0.0,0.9905,,,,,,,,,crf_only,clément,N,,
champagne,ADJ,A1,crf_first_attested,1.4987,0.4297,1.4987,0.3209,0.0,0.0,0.0,0.0,0.4297,,,,,,,,,crf_only,champagne,A,,
amiens,NOUN,A1,crf_first_attested,1.4987,0.0289,1.4987,0.0,0.0,0.0,0.0,0.0,0.0289,,,,,,,,,crf_only,amiens,N,,
connétable,NOUN,A1,crf_first_attested,1.4987,0.0289,1.4987,0.0,0.0,0.0,0.0,0.0,0.0289,,,,,,,,,crf_only,connétable,N,,
crémaillière,NOUN,A1,crf_first_attested,1.4987,0.0289,1.4987,0.0,0.0,0.0,0.0,0.0,0.0289,,,,,,,,,crf_only,crémaillière,N,,
homme,PREP,A1,crf_first_attested,1.4987,0.0289,1.4987,0.0,0.0,0.0,0.0,0.0,0.0289,,,,,,,,,crf_only,homme,PREP,,
non - stop,ADV,A1,crf_first_attested,1.4987,0.0289,1.4987,0.0,0.0,0.0,0.0,0.0,0.0289,,,,,,,,,crf_only,non - stop,ADV,,
tu es où,CONJ,A1,crf_first_attested,1.4987,0.0289,1.4987,0.0,0.0,0.0,0.0,0.0,0.0289,,,,,,,,,crf_only,tu es où,CONJS,,
t,ADV,A1,crf_first_attested,1.4672,0.2101,1.4672,0.0,0.0,0.0,3.1012,0.0,0.2101,,,,,,,,,crf_only,t,ADV,,
bébé,ADJ,A1,crf_first_attested,1.3262,0.8487,1.3262,0.2527,0.0,0.0,0.0,9.6228,0.8487,,,,,,,,,crf_only,bébé,A,,
chloé,NOUN,A1,crf_first_attested,1.3262,0.0255,1.3262,0.0,0.0,0.0,0.0,0.0,0.0255,,,,,,,,,crf_only,chloé,N,,
deudeuche,NOUN,A1,crf_first_attested,1.3262,0.0255,1.3262,0.0,0.0,0.0,0.0,0.0,0.0255,,,,,,,,,crf_only,deudeuche,N,,
face au,PREP,A1,crf_first_attested,1.326,10.321,1.326,0.3702,6.0577,6.7049,41.0675,48.0277,10.321,,,,,,,,,crf_only,face au,PREP,,
soins,NOUN,A1,crf_first_attested,1.326,9.6238,1.326,0.2599,2.935,4.5416,35.7275,57.7365,9.6238,,,,,,,,,crf_only,soins,N,,
apl,NOUN,A1,crf_first_attested,1.326,0.0255,1.326,0.0,0.0,0.0,0.0,0.0,0.0255,,,,,,,,,crf_only,apl,N,,
échange,DET,A1,crf_first_attested,1.326,0.0255,1.326,0.0,0.0,0.0,0.0,0.0,0.0255,,,,,,,,,crf_only,échange,DET,,
falloir,VERB,A1,beacco,1.3242,114.4626,1.3242,79.4156,134.3051,179.1805,174.5655,43.6102,114.4626,1309.1687,1176.5934,1237.3044,1185.251,1186.3904,542.2984,1196.2639,A1,word_pos,falloir,V,falloir,VER
autorités,NOUN,A1,crf_first_attested,1.3242,6.5532,1.3242,0.3702,4.9531,1.6517,15.5058,9.6228,6.5532,,,,,,,,,crf_only,autorités,N,,
compris,ADJ,A1,crf_first_attested,1.3242,5.719,1.3242,4.9681,5.2717,0.0,0.0,12.9876,5.719,,,,,,,,,crf_only,compris,A,,
qualifié,ADJ,A1,crf_first_attested,1.3242,5.457,1.3242,0.0,2.4003,3.0277,15.5058,19.2455,5.457,,,,,,,,,crf_only,qualifié,A,,
cru,ADJ,A1,crf_first_attested,1.3242,4.9374,1.3242,0.0,0.3014,8.8358,2.0505,6.176,4.9374,,,,,,,,,crf_only,cru,A,,
divis,ADJ,A1,crf_first_attested,1.3242,1.9536,1.3242,0.0,0.0,0.0,6.1515,19.4814,1.9536,,,,,,,,,crf_only,divis,A,,
tu y es,ADV,A1,crf_first_attested,1.3242,0.9243,1.3242,1.057,0.0,0.0,0.0,0.0,0.9243,,,,,,,,,crf_only,tu y es,ADV,,
antillais,NOUN,A1,crf_first_attested,1.3242,0.0255,1.3242,0.0,0.0,0.0,0.0,0.0,0.0255,,,,,,,,,crf_only,antillais,N,,
biere,NOUN,A1,crf_first_attested,1.3242,0.0255,1.3242,0.0,0.0,0.0,0.0,0.0,0.0255,,,,,,,,,crf_only,biere,N,,
bleus,NOUN,A1,crf_first_attested,1.3242,0.0255,1.3242,0.0,0.0,0.0,0.0,0.0,0.0255,,,,,,,,,crf_only,bleus,N,,
demi - bouteille,NOUN,A1,crf_first_attested,1.3242,0.0255,1.3242,0.0,0.0,0.0,0.0,0.0,0.0255,,,,,,,,,crf_only,demi - bouteille,N,,
demi – finale,NOUN,A1,crf_first_attested,1.3242,0.0255,1.3242,0.0,0.0,0.0,0.0,0.0,0.0255,,,,,,,,,crf_only,demi – finale,N,,
diane,NOUN,A1,crf_first_attested,1.3242,0.0255,1.3242,0.0,0.0,0.0,0.0,0.0,0.0255,,,,,,,,,crf_only,diane,N,,
ester,VERB,A1,crf_first_attested,1.3242,0.0255,1.3242,0.0,0.0,0.0,0.0,0.0,0.0255,,,,,,,,,crf_only,ester,V,,
hé,DET,A1,crf_first_attested,1.3242,0.0255,1.3242,0.0,0.0,0.0,0.0,0.0,0.0255,,,,,,,,,crf_only,hé,DET,,
hé venez,ADV,A1,crf_first_attested,1.3242,0.0255,1.3242,0.0,0.0,0.0,0.0,0.0,0.0255,,,,,,,,,crf_only,hé venez,ADV,,
mmmmmmmm,NOUN,A1,crf_first_attested,1.3242,0.0255,1.3242,0.0,0.0,0.0,0.0,0.0,0.0255,,,,,,,,,crf_only,mmmmmmmm,N,,
onu,NOUN,A1,crf_first_attested,1.3242,0.0255,1.3242,0.0,0.0,0.0,0.0,0.0,0.0255,,,,,,,,,crf_only,onu,N,,
pan pan pan,ADV,A1,crf_first_attested,1.3242,0.0255,1.3242,0.0,0.0,0.0,0.0,0.0,0.0255,,,,,,,,,crf_only,pan pan pan,ADV,,
tf,NOUN,A1,crf_first_attested,1.3242,0.0255,1.3242,0.0,0.0,0.0,0.0,0.0,0.0255,,,,,,,,,crf_only,tf,N,,
toc toc,ADV,A1,crf_first_attested,1.3242,0.0255,1.3242,0.0,0.0,0.0,0.0,0.0,0.0255,,,,,,,,,crf_only,toc toc,ADV,,
tu appelles d' où,ADV,A1,crf_first_attested,1.3242,0.0255,1.3242,0.0,0.0,0.0,0.0,0.0,0.0255,,,,,,,,,crf_only,tu appelles d' où,ADV,,
tu finis tard,ADV,A1,crf_first_attested,1.3242,0.0255,1.3242,0.0,0.0,0.0,0.0,0.0,0.0255,,,,,,,,,crf_only,tu finis tard,ADV,,
tu manges,ADV,A1,crf_first_attested,1.3242,0.0255,1.3242,0.0,0.0,0.0,0.0,0.0,0.0255,,,,,,,,,crf_only,tu manges,ADV,,
quarante,DET,A1,crf_first_attested,1.2703,24.7373,1.2703,23.8083,18.4458,15.451,34.062,19.4814,24.7373,,,,,,,,,crf_only,quarante,DET,,
en noir,ADV,A1,crf_first_attested,1.2633,2.8364,1.2633,1.057,0.4809,0.6707,0.0,0.0,2.8364,,,,,,,,,crf_only,en noir,ADV,,
malaise,NOUN,A1,crf_first_attested,1.2205,8.104,1.2205,9.3201,10.3388,0.5755,2.0505,0.0,8.104,,,,,,,,,crf_only,malaise,N,,
quatre - vingt,DET,A1,crf_first_attested,1.2205,3.761,1.2205,10.8535,0.0,0.0,0.0,0.0,3.761,,,,,,,,,crf_only,quatre - vingt,DET,,
fabien,ADJ,A1,crf_first_attested,1.2205,1.6422,1.2205,0.9626,0.0,3.0277,0.0,0.0,1.6422,,,,,,,,,crf_only,fabien,A,,
bébes,NOUN,A1,crf_first_attested,1.2205,0.0235,1.2205,0.0,0.0,0.0,0.0,0.0,0.0235,,,,,,,,,crf_only,bébes,N,,
tu habites où,ADV,A1,crf_first_attested,1.2205,0.0235,1.2205,0.0,0.0,0.0,0.0,0.0,0.0235,,,,,,,,,crf_only,tu habites où,ADV,,
vec,X,A1,crf_first_attested,1.2205,0.0235,1.2205,0.0,0.0,0.0,0.0,0.0,0.0235,,,,,,,,,crf_only,vec,X,,
venira,X,A1,crf_first_attested,1.2205,0.0235,1.2205,0.0,0.0,0.0,0.0,0.0,0.0235,,,,,,,,,crf_only,venira,X,,
pour que,CONJ,A1,crf_first_attested,1.2043,142.0907,1.2043,92.9293,255.2493,105.6577,227.6526,38.9627,142.0907,,,,,,,,,crf_only,pour que,CONJS,,
peu à peu,ADV,A1,crf_first_attested,1.2043,35.6298,1.2043,40.3786,57.9041,5.8607,32.7469,19.2455,35.6298,,,,,,,,,crf_only,peu à peu,ADV,,
de où,PREP,A1,crf_first_attested,1.2043,31.2539,1.2043,0.0,39.9837,47.7835,111.4749,9.6228,31.2539,,,,,,,,,crf_only,de où,PREP,,
une,NOUN,A1,crf_first_attested,1.2043,13.6313,1.2043,0.2948,31.3965,3.0277,9.8067,19.4814,13.6313,,,,,,,,,crf_only,une,N,,
épices,NOUN,A1,crf_first_attested,1.2043,0.234,1.2043,0.0,0.0,0.0,3.1012,0.0,0.234,,,,,,,,,crf_only,épices,N,,
dia hue,ADV,A1,crf_first_attested,1.2043,0.0232,1.2043,0.0,0.0,0.0,0.0,0.0,0.0232,,,,,,,,,crf_only,dia hue,ADV,,
fromont,NOUN,A1,crf_first_attested,1.2043,0.0232,1.2043,0.0,0.0,0.0,0.0,0.0,0.0232,,,,,,,,,crf_only,fromont,N,,
tout en haut,ADV,A1,crf_first_attested,1.2043,0.0232,1.2043,0.0,0.0,0.0,0.0,0.0,0.0232,,,,,,,,,crf_only,tout en haut,ADV,,
nouvelle,NOUN,A1,beacco,1.195,8.3785,1.195,7.3549,11.5553,1.5139,0.0,0.0,8.3785,32.3018,37.9198,22.9474,13.2935,0.0,0.0,27.6002,A1,word_pos,nouvelle,N,nouvelle,NOM
gentil,NOUN,A1,crf_first_attested,1.1737,1.3548,1.1737,0.7405,0.0,1.3414,0.0,0.0,1.3548,,,,,,,,,crf_only,gentil,N,,
eile,VERB,A1,crf_first_attested,1.1737,0.0226,1.1737,0.0,0.0,0.0,0.0,0.0,0.0226,,,,,,,,,crf_only,eile,V,,
rémi,NOUN,A1,crf_first_attested,1.1737,0.0226,1.1737,0.0,0.0,0.0,0.0,0.0,0.0226,,,,,,,,,crf_only,rémi,N,,
serieuse,ADJ,A1,crf_first_attested,1.1737,0.0226,1.1737,0.0,0.0,0.0,0.0,0.0,0.0226,,,,,,,,,crf_only,serieuse,A,,
zoé,NOUN,A1,beacco,1.1737,0.0226,1.1737,0.0,0.0,0.0,0.0,0.0,0.0226,113.9115,0.0,0.0,0.0,0.0,0.0,9.2914,A1,word_pos,zoé,N,zoé,NOM
papiers,NOUN,A1,crf_first_attested,1.1453,25.7898,1.1453,13.9401,24.4404,86.9313,1.6042,0.0,25.7898,,,,,,,,,crf_only,papiers,N,,
le jour de,PREP,A1,crf_first_attested,1.1453,7.6975,1.1453,19.3758,1.8779,0.0,9.3035,0.0,7.6975,,,,,,,,,crf_only,le jour de,PREP,,
tu,PREP,A1,crf_first_attested,1.1453,2.1482,1.1453,0.0,5.7477,0.0,0.0,0.0,2.1482,,,,,,,,,crf_only,tu,PREP,,
belle - fille,NOUN,A1,crf_first_attested,1.1453,1.6109,1.1453,5.1695,0.0,0.0,0.0,0.0,1.6109,,,,,,,,,crf_only,belle - fille,N,,
après - demain,ADV,A1,crf_first_attested,1.1453,1.2013,1.1453,0.0,2.4606,0.0,0.0,0.0,1.2013,,,,,,,,,crf_only,après - demain,ADV,,
beau - père,NOUN,A1,crf_first_attested,1.1453,0.3111,1.1453,0.0,0.0,0.5755,0.0,0.0,0.3111,,,,,,,,,crf_only,beau - père,N,,
autour de toi et tu te poses,ADV,A1,crf_first_attested,1.1453,0.0221,1.1453,0.0,0.0,0.0,0.0,0.0,0.0221,,,,,,,,,crf_only,autour de toi et tu te poses,ADV,,
blan,ADJ,A1,crf_first_attested,1.1453,0.0221,1.1453,0.0,0.0,0.0,0.0,0.0,0.0221,,,,,,,,,crf_only,blan,A,,
ches,NOUN,A1,crf_first_attested,1.1453,0.0221,1.1453,0.0,0.0,0.0,0.0,0.0,0.0221,,,,,,,,,crf_only,ches,N,,
louise,DET,A1,crf_first_attested,1.1453,0.0221,1.1453,0.0,0.0,0.0,0.0,0.0,0.0221,,,,,,,,,crf_only,louise,DET,,
restaurant et tu vas,NOUN,A1,crf_first_attested,1.1453,0.0221,1.1453,0.0,0.0,0.0,0.0,0.0,0.0221,,,,,,,,,crf_only,restaurant et tu vas,N,,
cinq,PRON,A1,crf_first_attested,1.1385,13.6241,1.1385,11.5387,23.9305,5.6486,0.0,0.0,13.6241,,,,,,,,,crf_only,cinq,PRO,,
habits,NOUN,A1,crf_first_attested,1.1385,9.8301,1.1385,22.9386,12.124,0.0,0.0,0.0,9.8301,,,,,,,,,crf_only,habits,N,,
en ce qui concerne,PREP,A1,crf_first_attested,1.1385,7.8967,1.1385,1.4809,7.4694,0.0,6.2023,32.4689,7.8967,,,,,,,,,crf_only,en ce qui concerne,PREP,,
ouvert,NOUN,A1,crf_first_attested,1.1385,3.4017,1.1385,1.0395,0.1883,2.4776,1.6042,0.0,3.4017,,,,,,,,,crf_only,ouvert,N,,
jusque au bout du,PREP,A1,crf_first_attested,1.1385,1.8125,1.1385,0.0,0.1883,7.4055,0.0,0.0,1.8125,,,,,,,,,crf_only,jusque au bout du,PREP,,
euh,NOUN,A1,crf_first_attested,1.1385,1.3874,1.1385,2.2283,0.2405,0.0,0.0,0.0,1.3874,,,,,,,,,crf_only,euh,N,,
francais,NOUN,A1,crf_first_attested,1.1385,1.2574,1.1385,0.0,1.2455,0.0,0.0,0.0,1.2574,,,,,,,,,crf_only,francais,N,,
coordonnée,NOUN,A1,crf_first_attested,1.1385,1.2037,1.1385,0.0,1.809,0.0,0.0,0.0,1.2037,,,,,,,,,crf_only,coordonnée,N,,
boulanger,ADJ,A1,beacco,1.1385,0.3222,1.1385,0.0,0.3401,0.0,0.0,0.0,0.3222,26.2712,4.8826,0.5857,0.911,0.0,0.0,6.6698,A1,word_pos,boulanger,A,boulanger,ADJ
bd,NOUN,A1,crf_first_attested,1.1385,0.0219,1.1385,0.0,0.0,0.0,0.0,0.0,0.0219,,,,,,,,,crf_only,bd,N,,
boulevards,X,A1,crf_first_attested,1.1385,0.0219,1.1385,0.0,0.0,0.0,0.0,0.0,0.0219,,,,,,,,,crf_only,boulevards,X,,
déguisé,ADJ,A1,crf_first_attested,1.1385,0.0219,1.1385,0.0,0.0,0.0,0.0,0.0,0.0219,,,,,,,,,crf_only,déguisé,A,,
en - cas,ADV,A1,crf_first_attested,1.1385,0.0219,1.1385,0.0,0.0,0.0,0.0,0.0,0.0219,,,,,,,,,crf_only,en - cas,ADV,,
grands,X,A1,crf_first_attested,1.1385,0.0219,1.1385,0.0,0.0,0.0,0.0,0.0,0.0219,,,,,,,,,crf_only,grands,X,,
la la la la,VERB,A1,crf_first_attested,1.1385,0.0219,1.1385,0.0,0.0,0.0,0.0,0.0,0.0219,,,,,,,,,crf_only,la la la la,V,,
mo,X,A1,crf_first_attested,1.1385,0.0219,1.1385,0.0,0.0,0.0,0.0,0.0,0.0219,,,,,,,,,crf_only,mo,X,,
monopoly,NOUN,A1,crf_first_attested,1.1385,0.0219,1.1385,0.0,0.0,0.0,0.0,0.0,0.0219,,,,,,,,,crf_only,monopoly,N,,
sf,NOUN,A1,crf_first_attested,1.1385,0.0219,1.1385,0.0,0.0,0.0,0.0,0.0,0.0219,,,,,,,,,crf_only,sf,N,,
strasbourgeois,ADJ,A1,crf_first_attested,1.1385,0.0219,1.1385,0.0,0.0,0.0,0.0,0.0,0.0219,,,,,,,,,crf_only,strasbourgeois,A,,
tu t' appelles,PREP,A1,crf_first_attested,1.1385,0.0219,1.1385,0.0,0.0,0.0,0.0,0.0,0.0219,,,,,,,,,crf_only,tu t' appelles,PREP,,
tu veux du,PREP,A1,crf_first_attested,1.1385,0.0219,1.1385,0.0,0.0,0.0,0.0,0.0,0.0219,,,,,,,,,crf_only,tu veux du,PREP,,
tu y joues,ADV,A1,crf_first_attested,1.1385,0.0219,1.1385,0.0,0.0,0.0,0.0,0.0,0.0219,,,,,,,,,crf_only,tu y joues,ADV,,
au fond de,PREP,A1,crf_first_attested,1.0953,10.374,1.0953,4.5292,13.0536,0.0,29.7295,0.0,10.374,,,,,,,,,crf_only,au fond de,PREP,,
alors je fais juste,ADV,A1,crf_first_attested,1.0953,0.0362,1.0953,0.0303,0.0,0.0,0.0,0.0,0.0362,,,,,,,,,crf_only,alors je fais juste,ADV,,
plus que,CONJ,A1,crf_first_attested,1.0953,0.0362,1.0953,0.0303,0.0,0.0,0.0,0.0,0.0362,,,,,,,,,crf_only,plus que,CONJS,,
tu lis,ADV,A1,crf_first_attested,1.0953,0.0362,1.0953,0.0303,0.0,0.0,0.0,0.0,0.0362,,,,,,,,,crf_only,tu lis,ADV,,
bio,ADJ,A1,crf_first_attested,1.0608,0.5584,1.0608,0.0,1.8673,0.0,0.0,0.0,0.5584,,,,,,,,,crf_only,bio,A,,
aïd,X,A1,crf_first_attested,1.0608,0.0204,1.0608,0.0,0.0,0.0,0.0,0.0,0.0204,,,,,,,,,crf_only,aïd,X,,
bio,ADV,A1,crf_first_attested,1.0608,0.0204,1.0608,0.0,0.0,0.0,0.0,0.0,0.0204,,,,,,,,,crf_only,bio,ADV,,
el,X,A1,crf_first_attested,1.0608,0.0204,1.0608,0.0,0.0,0.0,0.0,0.0,0.0204,,,,,,,,,crf_only,el,X,,
épluchez,PREP,A1,crf_first_attested,1.0608,0.0204,1.0608,0.0,0.0,0.0,0.0,0.0,0.0204,,,,,,,,,crf_only,épluchez,PREP,,
sinon,ADV,A1,crf_first_attested,1.0394,12.9398,1.0394,14.1629,11.7445,0.8949,34.062,0.0,12.9398,,,,,,,,,crf_only,sinon,ADV,,
quand même,ADV,A1,crf_first_attested,1.0394,12.7962,1.0394,1.6083,12.0884,60.3255,0.0,0.0,12.7962,,,,,,,,,crf_only,quand même,ADV,,
plus que,ADV,A1,crf_first_attested,1.0394,6.7177,1.0394,13.9001,2.4712,0.5755,1.6042,9.6228,6.7177,,,,,,,,,crf_only,plus que,ADV,,
de là,ADV,A1,crf_first_attested,1.0394,6.1069,1.0394,0.0948,0.8749,0.6707,22.8111,19.4814,6.1069,,,,,,,,,crf_only,de là,ADV,,
environs,NOUN,A1,crf_first_attested,1.0394,3.8028,1.0394,0.1887,6.0922,1.1509,0.0,0.0,3.8028,,,,,,,,,crf_only,environs,N,,
toi,NOUN,A1,crf_first_attested,1.0394,3.5924,1.0394,2.1881,3.5603,0.0,3.2084,0.0,3.5924,,,,,,,,,crf_only,toi,N,,
pique - nique,NOUN,A1,crf_first_attested,1.0394,1.4015,1.0394,4.393,0.0,0.0,0.0,0.0,1.4015,,,,,,,,,crf_only,pique - nique,N,,
allemands,NOUN,A1,crf_first_attested,1.0394,0.02,1.0394,0.0,0.0,0.0,0.0,0.0,0.02,,,,,,,,,crf_only,allemands,N,,
baguettes,NOUN,A1,crf_first_attested,1.0394,0.02,1.0394,0.0,0.0,0.0,0.0,0.0,0.02,,,,,,,,,crf_only,baguettes,N,,
bel,NOUN,A1,crf_first_attested,1.0394,0.02,1.0394,0.0,0.0,0.0,0.0,0.0,0.02,,,,,,,,,crf_only,bel,N,,
endroit,ADJ,A1,crf_first_attested,1.0394,0.02,1.0394,0.0,0.0,0.0,0.0,0.0,0.02,,,,,,,,,crf_only,endroit,A,,
toussaint,NOUN,A1,crf_first_attested,1.0394,0.02,1.0394,0.0,0.0,0.0,0.0,0.0,0.02,,,,,,,,,crf_only,toussaint,N,,
tu es sûr,ADV,A1,crf_first_attested,1.0394,0.02,1.0394,0.0,0.0,0.0,0.0,0.0,0.02,,,,,,,,,crf_only,tu es sûr,ADV,,
sœurs,NOUN,A1,crf_first_attested,1.0162,1.8668,1.0162,2.3587,0.0,0.0,0.0,0.0,1.8668,,,,,,,,,crf_only,sœurs,N,,
aztèque,NOUN,A1,crf_first_attested,1.0162,0.0196,1.0162,0.0,0.0,0.0,0.0,0.0,0.0196,,,,,,,,,crf_only,aztèque,N,,
vaudou,ADJ,A1,crf_first_attested,1.0162,0.0196,1.0162,0.0,0.0,0.0,0.0,0.0,0.0196,,,,,,,,,crf_only,vaudou,A,,
untouchables,ADJ,A1,crf_first_attested,1.005,30.662,1.005,8.3251,25.4775,46.3159,84.9776,0.0,30.662,,,,,,,,,crf_only,untouchables,A,,
sur place,ADV,A1,crf_first_attested,1.005,14.9957,1.005,21.8776,10.9241,13.8093,20.5337,0.0,14.9957,,,,,,,,,crf_only,sur place,ADV,,
en haut,ADV,A1,crf_first_attested,1.005,4.3733,1.005,0.2117,7.0428,1.5856,0.0,0.0,4.3733,,,,,,,,,crf_only,en haut,ADV,,
prenez,PREP,A1,crf_first_attested,1.005,3.6615,1.005,1.0107,5.5544,0.0,0.0,0.0,3.6615,,,,,,,,,crf_only,prenez,PREP,,
chef - lieu,NOUN,A1,crf_first_attested,1.005,1.9573,1.005,0.2114,0.4538,0.0,1.6042,0.0,1.9573,,,,,,,,,crf_only,chef - lieu,N,,
au sommet de,PREP,A1,crf_first_attested,1.005,0.0194,1.005,0.0,0.0,0.0,0.0,0.0,0.0194,,,,,,,,,crf_only,au sommet de,PREP,,
chauff,NOUN,A1,crf_first_attested,1.005,0.0194,1.005,0.0,0.0,0.0,0.0,0.0,0.0194,,,,,,,,,crf_only,chauff,N,,
chauffe - eau,NOUN,A1,crf_first_attested,1.005,0.0194,1.005,0.0,0.0,0.0,0.0,0.0,0.0194,,,,,,,,,crf_only,chauffe - eau,N,,
eh bien merci,ADV,A1,crf_first_attested,1.005,0.0194,1.005,0.0,0.0,0.0,0.0,0.0,0.0194,,,,,,,,,crf_only,eh bien merci,ADV,,
gazindividuel,ADJ,A1,crf_first_attested,1.005,0.0194,1.005,0.0,0.0,0.0,0.0,0.0,0.0194,,,,,,,,,crf_only,gazindividuel,A,,
jusqu' au premier feu,ADV,A1,crf_first_attested,1.005,0.0194,1.005,0.0,0.0,0.0,0.0,0.0,0.0194,,,,,,,,,crf_only,jusqu' au premier feu,ADV,,
louis,NOUN,A1,crf_first_attested,1.005,0.0194,1.005,0.0,0.0,0.0,0.0,0.0,0.0194,,,,,,,,,crf_only,louis,N,,
nuls alors,ADV,A1,crf_first_attested,1.005,0.0194,1.005,0.0,0.0,0.0,0.0,0.0,0.0194,,,,,,,,,crf_only,nuls alors,ADV,,
presidio,NOUN,A1,crf_first_attested,1.005,0.0194,1.005,0.0,0.0,0.0,0.0,0.0,0.0194,,,,,,,,,crf_only,presidio,N,,
ré,VERB,A1,crf_first_attested,1.005,0.0194,1.005,0.0,0.0,0.0,0.0,0.0,0.0194,,,,,,,,,crf_only,ré,V,,
technicien - conseil,NOUN,A1,crf_first_attested,1.005,0.0194,1.005,0.0,0.0,0.0,0.0,0.0,0.0194,,,,,,,,,crf_only,technicien - conseil,N,,
virginie,NOUN,A1,crf_first_attested,1.005,0.0194,1.005,0.0,0.0,0.0,0.0,0.0,0.0194,,,,,,,,,crf_only,virginie,N,,
élec,NOUN,A1,crf_first_attested,1.005,0.0194,1.005,0.0,0.0,0.0,0.0,0.0,0.0194,,,,,,,,,crf_only,élec,N,,
éq,ADJ,A1,crf_first_attested,1.005,0.0194,1.005,0.0,0.0,0.0,0.0,0.0,0.0194,,,,,,,,,crf_only,éq,A,,
face à,PREP,A1,crf_first_attested,0.9991,43.9601,0.9991,9.5057,62.7619,67.1392,59.2895,28.5334,43.9601,,,,,,,,,crf_only,face à,PREP,,
en même temps que,CONJ,A1,crf_first_attested,0.9991,9.0455,0.9991,12.9498,0.3618,7.0465,15.6669,28.8683,9.0455,,,,,,,,,crf_only,en même temps que,CONJS,,
en priorité,ADV,A1,crf_first_attested,0.9991,2.8109,0.9991,0.7581,0.7236,0.0,9.3035,0.0,2.8109,,,,,,,,,crf_only,en priorité,ADV,,
petit - enfant,NOUN,A1,crf_first_attested,0.9991,2.2656,0.9991,0.0,1.809,0.0,0.0,12.9876,2.2656,,,,,,,,,crf_only,petit - enfant,N,,
marine,ADJ,A1,crf_first_attested,0.9991,1.3444,0.9991,0.0,0.4809,0.0,4.101,0.0,1.3444,,,,,,,,,crf_only,marine,A,,
à la faveur de,PREP,A1,crf_first_attested,0.9991,1.328,0.9991,0.0,0.0,0.0,0.0,57.7365,1.328,,,,,,,,,crf_only,à la faveur de,PREP,,
salut,PREP,A1,crf_first_attested,0.9991,1.302,0.9991,3.4812,0.0,0.0,0.0,0.0,1.302,,,,,,,,,crf_only,salut,PREP,,
aodre,VERB,A1,crf_first_attested,0.9991,0.0192,0.9991,0.0,0.0,0.0,0.0,0.0,0.0192,,,,,,,,,crf_only,aodre,V,,
canyoning,NOUN,A1,crf_first_attested,0.9991,0.0192,0.9991,0.0,0.0,0.0,0.0,0.0,0.0192,,,,,,,,,crf_only,canyoning,N,,
cinquantenaire,NOUN,A1,crf_first_attested,0.9991,0.0192,0.9991,0.0,0.0,0.0,0.0,0.0,0.0192,,,,,,,,,crf_only,cinquantenaire,N,,
decouverte,NOUN,A1,crf_first_attested,0.9991,0.0192,0.9991,0.0,0.0,0.0,0.0,0.0,0.0192,,,,,,,,,crf_only,decouverte,N,,
dom - tom,NOUN,A1,crf_first_attested,0.9991,0.0192,0.9991,0.0,0.0,0.0,0.0,0.0,0.0192,,,,,,,,,crf_only,dom - tom,N,,
en boîte,ADV,A1,crf_first_attested,0.9991,0.0192,0.9991,0.0,0.0,0.0,0.0,0.0,0.0192,,,,,,,,,crf_only,en boîte,ADV,,
en haut à,PREP,A1,crf_first_attested,0.9991,0.0192,0.9991,0.0,0.0,0.0,0.0,0.0,0.0192,,,,,,,,,crf_only,en haut à,PREP,,
en tête à tête,ADV,A1,crf_first_attested,0.9991,0.0192,0.9991,0.0,0.0,0.0,0.0,0.0,0.0192,,,,,,,,,crf_only,en tête à tête,ADV,,
fermez,PREP,A1,crf_first_attested,0.9991,0.0192,0.9991,0.0,0.0,0.0,0.0,0.0,0.0192,,,,,,,,,crf_only,fermez,PREP,,
itout à fait,ADV,A1,crf_first_attested,0.9991,0.0192,0.9991,0.0,0.0,0.0,0.0,0.0,0.0192,,,,,,,,,crf_only,itout à fait,ADV,,
laurent,NOUN,A1,crf_first_attested,0.9991,0.0192,0.9991,0.0,0.0,0.0,0.0,0.0,0.0192,,,,,,,,,crf_only,laurent,N,,
nautiquen,ADJ,A1,crf_first_attested,0.9991,0.0192,0.9991,0.0,0.0,0.0,0.0,0.0,0.0192,,,,,,,,,crf_only,nautiquen,A,,
quelle belle vue,ADV,A1,crf_first_attested,0.9991,0.0192,0.9991,0.0,0.0,0.0,0.0,0.0,0.0192,,,,,,,,,crf_only,quelle belle vue,ADV,,
sagittaire,NOUN,A1,crf_first_attested,0.9991,0.0192,0.9991,0.0,0.0,0.0,0.0,0.0,0.0192,,,,,,,,,crf_only,sagittaire,N,,
soulignez,PREP,A1,crf_first_attested,0.9991,0.0192,0.9991,0.0,0.0,0.0,0.0,0.0,0.0192,,,,,,,,,crf_only,soulignez,PREP,,
téléachat,NOUN,A1,crf_first_attested,0.9991,0.0192,0.9991,0.0,0.0,0.0,0.0,0.0,0.0192,,,,,,,,,crf_only,téléachat,N,,
comme si,CONJ,A1,crf_first_attested,0.9475,69.7781,0.9475,50.6072,80.0377,178.4204,12.4046,48.1138,69.7781,,,,,,,,,crf_only,comme si,CONJS,,
envie,NOUN,A1,beacco,0.8841,39.7257,0.8841,20.5757,65.3808,46.388,39.395,28.5334,39.7257,178.9404,339.7197,184.5634,185.007,58.0665,56.7717,213.3028,A1,word_pos,envie,N,envie,NOM
dépenses,NOUN,A1,crf_first_attested,0.8841,14.384,0.8841,4.8853,29.2586,0.0,12.3029,9.6228,14.384,,,,,,,,,crf_only,dépenses,N,,
fumeur,ADJ,A1,crf_first_attested,0.8841,12.6638,0.8841,1.9164,18.9789,0.0,11.2294,0.0,12.6638,,,,,,,,,crf_only,fumeur,A,,
apollinaire,ADJ,A1,crf_first_attested,0.8841,1.9013,0.8841,0.2117,0.3618,2.4776,0.0,0.0,1.9013,,,,,,,,,crf_only,apollinaire,A,,
aller - retour,NOUN,A1,crf_first_attested,0.8841,1.1698,0.8841,0.0,0.0,7.5693,0.0,0.0,1.1698,,,,,,,,,crf_only,aller - retour,N,,
colette,NOUN,A1,crf_first_attested,0.8841,0.3924,0.8841,0.2527,0.0,0.0,0.0,0.0,0.3924,,,,,,,,,crf_only,colette,N,,
guillaume,NOUN,A1,crf_first_attested,0.8841,0.2764,0.8841,0.0,0.3618,0.0,0.0,0.0,0.2764,,,,,,,,,crf_only,guillaume,N,,
aréner,VERB,A1,crf_first_attested,0.8841,0.017,0.8841,0.0,0.0,0.0,0.0,0.0,0.017,,,,,,,,,crf_only,aréner,V,,
et tu as,ADV,A1,crf_first_attested,0.8841,0.017,0.8841,0.0,0.0,0.0,0.0,0.0,0.017,,,,,,,,,crf_only,et tu as,ADV,,
lfaure,NOUN,A1,crf_first_attested,0.8841,0.017,0.8841,0.0,0.0,0.0,0.0,0.0,0.017,,,,,,,,,crf_only,lfaure,N,,
t – shirt,NOUN,A1,crf_first_attested,0.8841,0.017,0.8841,0.0,0.0,0.0,0.0,0.0,0.017,,,,,,,,,crf_only,t – shirt,N,,
tu aimes,ADV,A1,crf_first_attested,0.8841,0.017,0.8841,0.0,0.0,0.0,0.0,0.0,0.017,,,,,,,,,crf_only,tu aimes,ADV,,
tu vas où,ADV,A1,crf_first_attested,0.8841,0.017,0.8841,0.0,0.0,0.0,0.0,0.0,0.017,,,,,,,,,crf_only,tu vas où,ADV,,
week — end,NOUN,A1,crf_first_attested,0.8841,0.017,0.8841,0.0,0.0,0.0,0.0,0.0,0.017,,,,,,,,,crf_only,week — end,N,,
tu m' aimes,ADV,A1,crf_first_attested,0.8803,1.7486,0.8803,3.447,0.0,1.1509,0.0,0.0,1.7486,,,,,,,,,crf_only,tu m' aimes,ADV,,
blonde,NOUN,A1,crf_first_attested,0.8803,0.6562,0.8803,0.4234,0.0,0.0,0.0,0.0,0.6562,,,,,,,,,crf_only,blonde,N,,
sport,ADJ,A1,crf_first_attested,0.8803,0.5749,0.8803,0.0,0.0,0.0,0.0,12.9876,0.5749,,,,,,,,,crf_only,sport,A,,
en blanc,ADV,A1,crf_first_attested,0.8803,0.5696,0.8803,0.6418,0.0,0.0,0.0,0.0,0.5696,,,,,,,,,crf_only,en blanc,ADV,,
marrant,NOUN,A1,crf_first_attested,0.8803,0.017,0.8803,0.0,0.0,0.0,0.0,0.0,0.017,,,,,,,,,crf_only,marrant,N,,
en résumé,ADV,A1,crf_first_attested,0.8215,2.4227,0.8215,0.0,0.4152,2.3018,0.0,6.4938,2.4227,,,,,,,,,crf_only,en résumé,ADV,,
textos,NOUN,A1,crf_first_attested,0.8215,1.9465,0.8215,0.0,1.4582,3.0277,0.0,0.0,1.9465,,,,,,,,,crf_only,textos,N,,
avant -,PREP,A1,crf_first_attested,0.8215,0.9258,0.8215,0.6418,0.0,0.0,2.0505,0.0,0.9258,,,,,,,,,crf_only,avant -,PREP,,
roulé,ADJ,A1,crf_first_attested,0.8215,0.7704,0.8215,0.0,0.0,0.4335,0.0,0.0,0.7704,,,,,,,,,crf_only,roulé,A,,
sien,NOUN,A1,crf_first_attested,0.8215,0.6371,0.8215,0.0,0.0,0.7062,1.6042,0.0,0.6371,,,,,,,,,crf_only,sien,N,,
marcher main,VERB,A1,crf_first_attested,0.8215,0.0181,0.8215,0.0,0.0,0.0,0.0,0.0,0.0181,,,,,,,,,crf_only,marcher main,V,,
par là,ADV,A1,crf_first_attested,0.8137,26.6219,0.8137,8.1081,0.0,156.4411,53.1154,2.0587,26.6219,,,,,,,,,crf_only,par là,ADV,,
télévisé,ADJ,A1,crf_first_attested,0.8137,21.7335,0.8137,0.9626,18.4771,38.2385,32.7469,48.1138,21.7335,,,,,,,,,crf_only,télévisé,A,,
tout au long de,PREP,A1,crf_first_attested,0.8137,10.2105,0.8137,0.0,22.7251,0.7062,27.7392,0.0,10.2105,,,,,,,,,crf_only,tout au long de,PREP,,
bien voilà,ADV,A1,crf_first_attested,0.8137,2.4725,0.8137,9.7901,0.0,0.0,0.0,0.0,2.4725,,,,,,,,,crf_only,bien voilà,ADV,,
suivre partir,VERB,A1,crf_first_attested,0.8137,1.6381,0.8137,4.4719,0.0,0.0,0.0,0.0,1.6381,,,,,,,,,crf_only,suivre partir,V,,
chocolat,ADJ,A1,crf_first_attested,0.8137,0.8964,0.8137,0.0,0.3401,0.0,4.101,0.0,0.8964,,,,,,,,,crf_only,chocolat,A,,
caméscope,NOUN,A1,crf_first_attested,0.8137,0.0157,0.8137,0.0,0.0,0.0,0.0,0.0,0.0157,,,,,,,,,crf_only,caméscope,N,,
salut,ADV,A1,crf_first_attested,0.8137,0.0157,0.8137,0.0,0.0,0.0,0.0,0.0,0.0157,,,,,,,,,crf_only,salut,ADV,,
en haut du,PREP,A1,crf_first_attested,0.8029,3.4224,0.8029,0.0,3.513,8.3855,1.6042,0.0,3.4224,,,,,,,,,crf_only,en haut du,PREP,,
brave,NOUN,A1,crf_first_attested,0.8029,2.0502,0.8029,0.0,1.4582,0.0,3.2084,0.0,2.0502,,,,,,,,,crf_only,brave,N,,
condamné,NOUN,A1,crf_first_attested,0.7967,8.9598,0.7967,10.106,0.0,4.6948,24.8092,0.0,8.9598,,,,,,,,,crf_only,condamné,N,,
iv,ADJ,A1,crf_first_attested,0.7967,6.9361,0.7967,1.6044,7.1056,6.5159,3.1012,0.0,6.9361,,,,,,,,,crf_only,iv,A,,
dans tout,ADV,A1,crf_first_attested,0.7967,5.633,0.7967,0.2948,9.4445,5.3694,0.0,0.0,5.633,,,,,,,,,crf_only,dans tout,ADV,,
au mieux,ADV,A1,crf_first_attested,0.7967,1.6867,0.7967,0.0,1.8786,0.0,0.0,19.4814,1.6867,,,,,,,,,crf_only,au mieux,ADV,,
iii,ADJ,A1,crf_first_attested,0.7967,1.0346,0.7967,0.0,1.9564,0.0,2.0505,0.0,1.0346,,,,,,,,,crf_only,iii,A,,
à l' est de,PREP,A1,crf_first_attested,0.7967,0.726,0.7967,0.0,1.0202,0.0,0.0,0.0,0.726,,,,,,,,,crf_only,à l' est de,PREP,,
pour l' amour de,PREP,A1,crf_first_attested,0.7967,0.7081,0.7967,0.3228,0.0,0.0,0.0,0.0,0.7081,,,,,,,,,crf_only,pour l' amour de,PREP,,
infidèle,NOUN,A1,crf_first_attested,0.7967,0.3988,0.7967,0.2114,0.0,0.0,0.0,0.0,0.3988,,,,,,,,,crf_only,infidèle,N,,
au pire,ADV,A1,crf_first_attested,0.7967,0.0153,0.7967,0.0,0.0,0.0,0.0,0.0,0.0153,,,,,,,,,crf_only,au pire,ADV,,
bourguignon,NOUN,A1,crf_first_attested,0.7967,0.0153,0.7967,0.0,0.0,0.0,0.0,0.0,0.0153,,,,,,,,,crf_only,bourguignon,N,,
hi - han,ADV,A1,crf_first_attested,0.7967,0.0153,0.7967,0.0,0.0,0.0,0.0,0.0,0.0153,,,,,,,,,crf_only,hi - han,ADV,,
ix tu seras,ADV,A1,crf_first_attested,0.7967,0.0153,0.7967,0.0,0.0,0.0,0.0,0.0,0.0153,,,,,,,,,crf_only,ix tu seras,ADV,,
lorrain,NOUN,A1,crf_first_attested,0.7967,0.0153,0.7967,0.0,0.0,0.0,0.0,0.0,0.0153,,,,,,,,,crf_only,lorrain,N,,
méléagant,VERB,A1,crf_first_attested,0.7967,0.0153,0.7967,0.0,0.0,0.0,0.0,0.0,0.0153,,,,,,,,,crf_only,méléagant,V,,
tu observeras,ADV,A1,crf_first_attested,0.7967,0.0153,0.7967,0.0,0.0,0.0,0.0,0.0,0.0153,,,,,,,,,crf_only,tu observeras,ADV,,
voulu,ADJ,A1,crf_first_attested,0.7967,0.0153,0.7967,0.0,0.0,0.0,0.0,0.0,0.0153,,,,,,,,,crf_only,voulu,A,,
coupé,ADJ,A1,crf_first_attested,0.7956,0.9659,0.7956,0.0,0.3765,0.6707,0.0,0.0,0.9659,,,,,,,,,crf_only,coupé,A,,
prendre rendez-vous,VERB,A1,crf_first_attested,0.7956,0.3028,0.7956,0.0,0.0,0.7062,0.0,0.0,0.3028,,,,,,,,,crf_only,prendre rendez-vous,V,,
apartager,NOUN,A1,crf_first_attested,0.7956,0.0153,0.7956,0.0,0.0,0.0,0.0,0.0,0.0153,,,,,,,,,crf_only,apartager,N,,
arts,NOUN,A1,crf_first_attested,0.7622,12.8938,0.7622,1.2835,31.6762,5.0553,3.1012,0.0,12.8938,,,,,,,,,crf_only,arts,N,,
coloré,ADJ,A1,crf_first_attested,0.7622,8.9095,0.7622,14.1689,6.1387,2.4776,3.1012,0.0,8.9095,,,,,,,,,crf_only,coloré,A,,
en sortant,ADV,A1,crf_first_attested,0.7622,1.9165,0.7622,2.0673,0.2041,0.6707,0.0,0.0,1.9165,,,,,,,,,crf_only,en sortant,ADV,,
au - dessus,ADV,A1,crf_first_attested,0.7622,0.262,0.7622,0.0,0.0,0.8949,0.0,0.0,0.262,,,,,,,,,crf_only,au - dessus,ADV,,
amérindien,NOUN,A1,crf_first_attested,0.7622,0.0147,0.7622,0.0,0.0,0.0,0.0,0.0,0.0147,,,,,,,,,crf_only,amérindien,N,,
calanco,X,A1,crf_first_attested,0.7622,0.0147,0.7622,0.0,0.0,0.0,0.0,0.0,0.0147,,,,,,,,,crf_only,calanco,X,,
canaille,ADJ,A1,crf_first_attested,0.7622,0.0147,0.7622,0.0,0.0,0.0,0.0,0.0,0.0147,,,,,,,,,crf_only,canaille,A,,
en quatrième,ADV,A1,crf_first_attested,0.7622,0.0147,0.7622,0.0,0.0,0.0,0.0,0.0,0.0147,,,,,,,,,crf_only,en quatrième,ADV,,
hhhum,NOUN,A1,crf_first_attested,0.7622,0.0147,0.7622,0.0,0.0,0.0,0.0,0.0,0.0147,,,,,,,,,crf_only,hhhum,N,,
océanien,NOUN,A1,crf_first_attested,0.7622,0.0147,0.7622,0.0,0.0,0.0,0.0,0.0,0.0147,,,,,,,,,crf_only,océanien,N,,
oui tu as raison,ADV,A1,crf_first_attested,0.7622,0.0147,0.7622,0.0,0.0,0.0,0.0,0.0,0.0147,,,,,,,,,crf_only,oui tu as raison,ADV,,
pendant plus de,PREP,A1,crf_first_attested,0.7622,0.0147,0.7622,0.0,0.0,0.0,0.0,0.0,0.0147,,,,,,,,,crf_only,pendant plus de,PREP,,
taux,NOUN,A1,crf_first_attested,0.6621,32.5501,0.6621,14.5621,28.3255,22.8794,120.3644,174.0949,32.5501,,,,,,,,,crf_only,taux,N,,
en commun,ADV,A1,crf_first_attested,0.6621,20.3758,0.6621,23.2752,26.6535,0.5285,41.5144,0.0,20.3758,,,,,,,,,crf_only,en commun,ADV,,
à cause du,PREP,A1,crf_first_attested,0.6621,13.7572,0.6621,1.8667,23.8044,14.3571,15.7275,9.6228,13.7572,,,,,,,,,crf_only,à cause du,PREP,,
république,NOUN,A1,beacco,0.6621,13.0929,0.6621,0.5168,37.4781,4.6862,9.8067,0.0,13.0929,36.2585,8.0732,90.5403,28.6545,60.4644,43.8345,54.0183,A1,word_pos,république,N,république,NOM
dedans,PREP,A1,crf_first_attested,0.6621,7.4771,0.6621,1.6878,8.7659,0.0,36.5308,0.0,7.4771,,,,,,,,,crf_only,dedans,PREP,,
en face,ADV,A1,crf_first_attested,0.6621,7.0392,0.6621,8.7766,7.7028,2.0121,0.0,0.0,7.0392,,,,,,,,,crf_only,en face,ADV,,
en tout,ADV,A1,crf_first_attested,0.6621,2.9919,0.6621,0.0,6.2426,0.6707,3.1012,0.0,2.9919,,,,,,,,,crf_only,en tout,ADV,,
près,ADV,A1,beacco,0.6621,2.4515,0.6621,0.0,4.7577,1.0571,0.0,0.0,2.4515,487.9084,595.7562,588.4997,417.7267,337.2793,391.3363,522.1869,A1,word_pos,près,ADV,près,ADV
québécois,NOUN,A1,crf_first_attested,0.6621,2.3962,0.6621,0.7405,0.0,6.0554,1.6042,0.0,2.3962,,,,,,,,,crf_only,québécois,N,,
sénégalais,NOUN,A1,crf_first_attested,0.6621,1.6829,0.6621,0.3209,0.0,0.0,0.0,57.7365,1.6829,,,,,,,,,crf_only,sénégalais,N,,
à pied,PREP,A1,crf_first_attested,0.6621,1.3414,0.6621,0.0,4.1975,0.0,0.0,0.0,1.3414,,,,,,,,,crf_only,à pied,PREP,,
orange,ADJ,A1,beacco,0.6621,0.9204,0.6621,0.6418,0.2916,0.0,0.0,0.0,0.9204,26.6785,3.782,3.1779,0.0,0.0,0.0,6.3545,A1,word_pos,orange,A,orange,ADJ
soixante - dix,DET,A1,crf_first_attested,0.6621,0.6843,0.6621,0.2527,0.0,0.0,3.1012,0.0,0.6843,,,,,,,,,crf_only,soixante - dix,DET,,
en liquide,ADV,A1,crf_first_attested,0.6621,0.3189,0.6621,0.2114,0.0,0.0,0.0,0.0,0.3189,,,,,,,,,crf_only,en liquide,ADV,,
quatre - vingt,ADJ,A1,crf_first_attested,0.6621,0.2915,0.6621,0.0,0.0,0.0,2.0505,0.0,0.2915,,,,,,,,,crf_only,quatre - vingt,A,,
organisé,ADJ,A1,crf_first_attested,0.6621,0.2703,0.6621,0.0,0.0,0.0,3.1012,0.0,0.2703,,,,,,,,,crf_only,organisé,A,,
outre - mer,ADV,A1,crf_first_attested,0.6621,0.2692,0.6621,0.0944,0.0,0.0,0.0,0.0,0.2692,,,,,,,,,crf_only,outre - mer,ADV,,
appeller,VERB,A1,crf_first_attested,0.6621,0.0128,0.6621,0.0,0.0,0.0,0.0,0.0,0.0128,,,,,,,,,crf_only,appeller,V,,
appetit,NOUN,A1,crf_first_attested,0.6621,0.0128,0.6621,0.0,0.0,0.0,0.0,0.0,0.0128,,,,,,,,,crf_only,appetit,N,,
arrogant,NOUN,A1,crf_first_attested,0.6621,0.0128,0.6621,0.0,0.0,0.0,0.0,0.0,0.0128,,,,,,,,,crf_only,arrogant,N,,
bordeaux,NOUN,A1,crf_first_attested,0.6621,0.0128,0.6621,0.0,0.0,0.0,0.0,0.0,0.0128,,,,,,,,,crf_only,bordeaux,N,,
dedans ou dehors,ADV,A1,crf_first_attested,0.6621,0.0128,0.6621,0.0,0.0,0.0,0.0,0.0,0.0128,,,,,,,,,crf_only,dedans ou dehors,ADV,,
dlatour,NOUN,A1,crf_first_attested,0.6621,0.0128,0.6621,0.0,0.0,0.0,0.0,0.0,0.0128,,,,,,,,,crf_only,dlatour,N,,
hansen,NOUN,A1,crf_first_attested,0.6621,0.0128,0.6621,0.0,0.0,0.0,0.0,0.0,0.0128,,,,,,,,,crf_only,hansen,N,,
kréyol,NOUN,A1,crf_first_attested,0.6621,0.0128,0.6621,0.0,0.0,0.0,0.0,0.0,0.0128,,,,,,,,,crf_only,kréyol,N,,
moreau,NOUN,A1,crf_first_attested,0.6621,0.0128,0.6621,0.0,0.0,0.0,0.0,0.0,0.0128,,,,,,,,,crf_only,moreau,N,,
mr,NOUN,A1,crf_first_attested,0.6621,0.0128,0.6621,0.0,0.0,0.0,0.0,0.0,0.0128,,,,,,,,,crf_only,mr,N,,
oh oui merci,ADV,A1,crf_first_attested,0.6621,0.0128,0.6621,0.0,0.0,0.0,0.0,0.0,0.0128,,,,,,,,,crf_only,oh oui merci,ADV,,
oh zut,ADV,A1,crf_first_attested,0.6621,0.0128,0.6621,0.0,0.0,0.0,0.0,0.0,0.0128,,,,,,,,,crf_only,oh zut,ADV,,
pa,VERB,A1,crf_first_attested,0.6621,0.0128,0.6621,0.0,0.0,0.0,0.0,0.0,0.0128,,,,,,,,,crf_only,pa,V,,
pendant tout,ADV,A1,crf_first_attested,0.6621,0.0128,0.6621,0.0,0.0,0.0,0.0,0.0,0.0128,,,,,,,,,crf_only,pendant tout,ADV,,
quatre - vingt - dix,ADJ,A1,crf_first_attested,0.6621,0.0128,0.6621,0.0,0.0,0.0,0.0,0.0,0.0128,,,,,,,,,crf_only,quatre - vingt - dix,A,,
soignant,ADJ,A1,crf_first_attested,0.6621,0.0128,0.6621,0.0,0.0,0.0,0.0,0.0,0.0128,,,,,,,,,crf_only,soignant,A,,
tipunch,NOUN,A1,crf_first_attested,0.6621,0.0128,0.6621,0.0,0.0,0.0,0.0,0.0,0.0128,,,,,,,,,crf_only,tipunch,N,,
tu connais,ADV,A1,crf_first_attested,0.6621,0.0128,0.6621,0.0,0.0,0.0,0.0,0.0,0.0128,,,,,,,,,crf_only,tu connais,ADV,,
tu la connais,ADV,A1,crf_first_attested,0.6621,0.0128,0.6621,0.0,0.0,0.0,0.0,0.0,0.0128,,,,,,,,,crf_only,tu la connais,ADV,,
tu viens d' où,ADV,A1,crf_first_attested,0.6621,0.0128,0.6621,0.0,0.0,0.0,0.0,0.0,0.0128,,,,,,,,,crf_only,tu viens d' où,ADV,,
zouk,NOUN,A1,crf_first_attested,0.6621,0.0128,0.6621,0.0,0.0,0.0,0.0,0.0,0.0128,,,,,,,,,crf_only,zouk,N,,
à peine,ADV,A1,crf_first_attested,0.6317,47.9955,0.6317,39.4559,47.2031,30.6243,113.7956,84.4474,47.9955,,,,,,,,,crf_only,à peine,ADV,,
à présent,ADV,A1,crf_first_attested,0.6317,10.8113,0.6317,0.0,38.7487,0.0,3.2084,0.0,10.8113,,,,,,,,,crf_only,à présent,ADV,,
à propos de,PREP,A1,crf_first_attested,0.6317,5.476,0.6317,0.6418,0.6122,7.2463,4.8126,9.6228,5.476,,,,,,,,,crf_only,à propos de,PREP,,
gouvernant,ADJ,A1,crf_first_attested,0.6317,0.0122,0.6317,0.0,0.0,0.0,0.0,0.0,0.0122,,,,,,,,,crf_only,gouvernant,A,,
surtout je,ADV,A1,crf_first_attested,0.6317,0.0122,0.6317,0.0,0.0,0.0,0.0,0.0,0.0122,,,,,,,,,crf_only,surtout je,ADV,,
toujours debout,ADV,A1,crf_first_attested,0.6317,0.0122,0.6317,0.0,0.0,0.0,0.0,0.0,0.0122,,,,,,,,,crf_only,toujours debout,ADV,,
tu as juste dit,ADV,A1,crf_first_attested,0.6317,0.0122,0.6317,0.0,0.0,0.0,0.0,0.0,0.0122,,,,,,,,,crf_only,tu as juste dit,ADV,,
tu te rappelles,ADV,A1,crf_first_attested,0.6317,0.0122,0.6317,0.0,0.0,0.0,0.0,0.0,0.0122,,,,,,,,,crf_only,tu te rappelles,ADV,,
comme de,PREP,A1,crf_first_attested,0.5869,11.8611,0.5869,15.7479,9.1123,0.7062,33.2874,0.0,11.8611,,,,,,,,,crf_only,comme de,PREP,,
pour de vrai,ADV,A1,crf_first_attested,0.5869,0.0113,0.5869,0.0,0.0,0.0,0.0,0.0,0.0113,,,,,,,,,crf_only,pour de vrai,ADV,,
difficultés,NOUN,A1,crf_first_attested,0.5727,40.1794,0.5727,2.2948,47.8192,57.9457,72.9575,165.0698,40.1794,,,,,,,,,crf_only,difficultés,N,,
bien que,CONJ,A1,crf_first_attested,0.5727,29.3486,0.5727,9.9806,50.474,28.685,51.5512,0.0,29.3486,,,,,,,,,crf_only,bien que,CONJS,,
d' autre part,ADV,A1,crf_first_attested,0.5727,21.7901,0.5727,5.5883,9.5428,40.3059,44.7531,67.551,21.7901,,,,,,,,,crf_only,d' autre part,ADV,,
personnalités,NOUN,A1,crf_first_attested,0.5727,16.1816,0.5727,19.1919,19.7979,0.0,26.2593,12.9876,16.1816,,,,,,,,,crf_only,personnalités,N,,
d' une part,ADV,A1,crf_first_attested,0.5727,8.3729,0.5727,0.3702,0.2076,9.1856,12.3029,67.551,8.3729,,,,,,,,,crf_only,d' une part,ADV,,
de suite à,PREP,A1,crf_first_attested,0.5727,3.7139,0.5727,0.6939,8.6977,0.0,0.0,0.0,3.7139,,,,,,,,,crf_only,de suite à,PREP,,
en cours,ADV,A1,crf_first_attested,0.5727,1.5449,0.5727,0.0,0.0,0.0,6.2023,28.5334,1.5449,,,,,,,,,crf_only,en cours,ADV,,
tu penses que,CONJ,A1,crf_first_attested,0.5727,0.859,0.5727,0.3918,0.1507,0.0,0.0,0.0,0.859,,,,,,,,,crf_only,tu penses que,CONJS,,
faire plaisir,VERB,A1,crf_first_attested,0.5727,0.698,0.5727,2.0114,0.0,0.0,0.0,0.0,0.698,,,,,,,,,crf_only,faire plaisir,V,,
écosse,NOUN,A1,crf_first_attested,0.5727,0.6918,0.5727,0.2035,0.0,0.0,1.6042,0.0,0.6918,,,,,,,,,crf_only,écosse,N,,
sûr,ADV,A1,crf_first_attested,0.5727,0.626,0.5727,0.0,0.0,2.4776,0.0,0.0,0.626,,,,,,,,,crf_only,sûr,ADV,,
classe,ADJ,A1,crf_first_attested,0.5727,0.2857,0.5727,0.0,0.3401,0.0,0.0,0.0,0.2857,,,,,,,,,crf_only,classe,A,,
au menu,ADV,A1,crf_first_attested,0.5727,0.2821,0.5727,0.0,0.0,0.0,1.6042,0.0,0.2821,,,,,,,,,crf_only,au menu,ADV,,
bien à tout le monde,NOUN,A1,crf_first_attested,0.5727,0.011,0.5727,0.0,0.0,0.0,0.0,0.0,0.011,,,,,,,,,crf_only,bien à tout le monde,N,,
excel - lent,ADJ,A1,crf_first_attested,0.5727,0.011,0.5727,0.0,0.0,0.0,0.0,0.0,0.011,,,,,,,,,crf_only,excel - lent,A,,
mami,NOUN,A1,crf_first_attested,0.5727,0.011,0.5727,0.0,0.0,0.0,0.0,0.0,0.011,,,,,,,,,crf_only,mami,N,,
prends place,ADV,A1,crf_first_attested,0.5727,0.011,0.5727,0.0,0.0,0.0,0.0,0.0,0.011,,,,,,,,,crf_only,prends place,ADV,,
réconcitiation,NOUN,A1,crf_first_attested,0.5727,0.011,0.5727,0.0,0.0,0.0,0.0,0.0,0.011,,,,,,,,,crf_only,réconcitiation,N,,
surprise pour tout le monde,NOUN,A1,crf_first_attested,0.5727,0.011,0.5727,0.0,0.0,0.0,0.0,0.0,0.011,,,,,,,,,crf_only,surprise pour tout le monde,N,,
tu exagères,ADV,A1,crf_first_attested,0.5727,0.011,0.5727,0.0,0.0,0.0,0.0,0.0,0.011,,,,,,,,,crf_only,tu exagères,ADV,,
à table,ADV,A1,crf_first_attested,0.5727,0.011,0.5727,0.0,0.0,0.0,0.0,0.0,0.011,,,,,,,,,crf_only,à table,ADV,,
par ailleurs,ADV,A1,crf_first_attested,0.5693,26.6213,0.5693,9.1548,25.287,74.6749,38.2901,0.0,26.6213,,,,,,,,,crf_only,par ailleurs,ADV,,
de abord,PREP,A1,crf_first_attested,0.5693,10.0929,0.5693,5.0925,7.1126,9.1168,31.3338,0.0,10.0929,,,,,,,,,crf_only,de abord,PREP,,
romain,NOUN,A1,crf_first_attested,0.5693,3.4186,0.5693,10.3946,2.6263,0.0,0.0,2.0587,3.4186,,,,,,,,,crf_only,romain,N,,
miracle,ADJ,A1,crf_first_attested,0.5693,1.2638,0.5693,0.0,0.0,0.0,20.5337,0.0,1.2638,,,,,,,,,crf_only,miracle,A,,
sable,ADJ,A1,crf_first_attested,0.5693,0.9526,0.5693,0.0,0.5833,0.0,1.6042,0.0,0.9526,,,,,,,,,crf_only,sable,A,,
bien vrai,ADV,A1,crf_first_attested,0.5693,0.7132,0.5693,0.5168,0.0,0.8949,0.0,0.0,0.7132,,,,,,,,,crf_only,bien vrai,ADV,,
bravo,ADV,A1,crf_first_attested,0.5693,0.6006,0.5693,0.0,0.0,2.1187,0.0,0.0,0.6006,,,,,,,,,crf_only,bravo,ADV,,
amuse,NOUN,A1,crf_first_attested,0.5693,0.011,0.5693,0.0,0.0,0.0,0.0,0.0,0.011,,,,,,,,,crf_only,amuse,N,,
cantonais,ADJ,A1,crf_first_attested,0.5693,0.011,0.5693,0.0,0.0,0.0,0.0,0.0,0.011,,,,,,,,,crf_only,cantonais,A,,
cybercafé,NOUN,A1,crf_first_attested,0.5693,0.011,0.5693,0.0,0.0,0.0,0.0,0.0,0.011,,,,,,,,,crf_only,cybercafé,N,,
en temps du,PREP,A1,crf_first_attested,0.5693,0.011,0.5693,0.0,0.0,0.0,0.0,0.0,0.011,,,,,,,,,crf_only,en temps du,PREP,,
exams,NOUN,A1,crf_first_attested,0.5693,0.011,0.5693,0.0,0.0,0.0,0.0,0.0,0.011,,,,,,,,,crf_only,exams,N,,
fish,NOUN,A1,crf_first_attested,0.5693,0.011,0.5693,0.0,0.0,0.0,0.0,0.0,0.011,,,,,,,,,crf_only,fish,N,,
gue tu veux,ADV,A1,crf_first_attested,0.5693,0.011,0.5693,0.0,0.0,0.0,0.0,0.0,0.011,,,,,,,,,crf_only,gue tu veux,ADV,,
heure tu veux manger,NOUN,A1,crf_first_attested,0.5693,0.011,0.5693,0.0,0.0,0.0,0.0,0.0,0.011,,,,,,,,,crf_only,heure tu veux manger,N,,
juste là,ADV,A1,crf_first_attested,0.5693,0.011,0.5693,0.0,0.0,0.0,0.0,0.0,0.011,,,,,,,,,crf_only,juste là,ADV,,
nem,NOUN,A1,crf_first_attested,0.5693,0.011,0.5693,0.0,0.0,0.0,0.0,0.0,0.011,,,,,,,,,crf_only,nem,N,,
sam,NOUN,A1,crf_first_attested,0.5693,0.011,0.5693,0.0,0.0,0.0,0.0,0.0,0.011,,,,,,,,,crf_only,sam,N,,
tribulations,NOUN,A1,crf_first_attested,0.5693,0.011,0.5693,0.0,0.0,0.0,0.0,0.0,0.011,,,,,,,,,crf_only,tribulations,N,,
tu la connais bien,ADV,A1,crf_first_attested,0.5693,0.011,0.5693,0.0,0.0,0.0,0.0,0.0,0.011,,,,,,,,,crf_only,tu la connais bien,ADV,,
tu me téléphones,ADV,A1,crf_first_attested,0.5693,0.011,0.5693,0.0,0.0,0.0,0.0,0.0,0.011,,,,,,,,,crf_only,tu me téléphones,ADV,,
tu vas tout droit,ADV,A1,crf_first_attested,0.5693,0.011,0.5693,0.0,0.0,0.0,0.0,0.0,0.011,,,,,,,,,crf_only,tu vas tout droit,ADV,,
en avant,ADV,A1,crf_first_attested,0.5477,9.7954,0.5477,4.5051,1.1473,13.0319,25.0482,0.0,9.7954,,,,,,,,,crf_only,en avant,ADV,,
en premier,ADV,A1,crf_first_attested,0.5477,1.5317,0.5477,0.0,4.6206,0.0,0.0,0.0,1.5317,,,,,,,,,crf_only,en premier,ADV,,
tecktonik,NOUN,A1,crf_first_attested,0.5477,0.0121,0.5477,0.0,0.0,0.0,0.0,0.0,0.0121,,,,,,,,,crf_only,tecktonik,N,,
lors de,PREP,A1,crf_first_attested,0.5304,68.9611,0.5304,15.576,62.8753,87.04,119.7632,496.8022,68.9611,,,,,,,,,crf_only,lors de,PREP,,
quatrième,ADJ,A1,crf_first_attested,0.5304,23.1568,0.5304,19.5518,13.8456,7.3997,10.2669,130.8307,23.1568,,,,,,,,,crf_only,quatrième,A,,
par rapport au,PREP,A1,crf_first_attested,0.5304,5.3459,0.5304,0.2599,0.0,20.7718,24.7899,0.0,5.3459,,,,,,,,,crf_only,par rapport au,PREP,,
à la tête,ADV,A1,crf_first_attested,0.5304,3.0068,0.5304,4.8458,0.0,1.4125,6.2023,0.0,3.0068,,,,,,,,,crf_only,à la tête,ADV,,
donner rendez-vous,VERB,A1,crf_first_attested,0.5304,1.2996,0.5304,0.6939,1.8898,0.0,0.0,0.0,1.2996,,,,,,,,,crf_only,donner rendez-vous,V,,
canoë,NOUN,A1,crf_first_attested,0.5304,0.3143,0.5304,0.2527,0.0,0.0,0.0,0.0,0.3143,,,,,,,,,crf_only,canoë,N,,
adha,X,A1,crf_first_attested,0.5304,0.0102,0.5304,0.0,0.0,0.0,0.0,0.0,0.0102,,,,,,,,,crf_only,adha,X,,
astro,ADJ,A1,crf_first_attested,0.5304,0.0102,0.5304,0.0,0.0,0.0,0.0,0.0,0.0102,,,,,,,,,crf_only,astro,A,,
cerf - volant,NOUN,A1,crf_first_attested,0.5304,0.0102,0.5304,0.0,0.0,0.0,0.0,0.0,0.0102,,,,,,,,,crf_only,cerf - volant,N,,
colombien,ADJ,A1,crf_first_attested,0.5304,0.0102,0.5304,0.0,0.0,0.0,0.0,0.0,0.0102,,,,,,,,,crf_only,colombien,A,,
cuillérée,NOUN,A1,crf_first_attested,0.5304,0.0102,0.5304,0.0,0.0,0.0,0.0,0.0,0.0102,,,,,,,,,crf_only,cuillérée,N,,
douches,NOUN,A1,crf_first_attested,0.5304,0.0102,0.5304,0.0,0.0,0.0,0.0,0.0,0.0102,,,,,,,,,crf_only,douches,N,,
kebir,X,A1,crf_first_attested,0.5304,0.0102,0.5304,0.0,0.0,0.0,0.0,0.0,0.0102,,,,,,,,,crf_only,kebir,X,,
kite,NOUN,A1,crf_first_attested,0.5304,0.0102,0.5304,0.0,0.0,0.0,0.0,0.0,0.0102,,,,,,,,,crf_only,kite,N,,
kite - surf,NOUN,A1,crf_first_attested,0.5304,0.0102,0.5304,0.0,0.0,0.0,0.0,0.0,0.0102,,,,,,,,,crf_only,kite - surf,N,,
non bio,ADV,A1,crf_first_attested,0.5304,0.0102,0.5304,0.0,0.0,0.0,0.0,0.0,0.0102,,,,,,,,,crf_only,non bio,ADV,,
en arrière,ADV,A1,crf_first_attested,0.5197,13.1432,0.5197,1.5592,10.5433,24.8497,28.892,0.0,13.1432,,,,,,,,,crf_only,en arrière,ADV,,
par hasard,ADV,A1,crf_first_attested,0.5197,6.7361,0.5197,13.075,0.0,17.6332,0.0,0.0,6.7361,,,,,,,,,crf_only,par hasard,ADV,,
en tête,ADV,A1,crf_first_attested,0.5197,6.0314,0.5197,4.4435,6.6977,3.8221,3.1012,0.0,6.0314,,,,,,,,,crf_only,en tête,ADV,,
garçon,ADJ,A1,crf_first_attested,0.5197,2.7674,0.5197,4.722,0.231,0.6707,0.0,0.0,2.7674,,,,,,,,,crf_only,garçon,A,,
tu as de,PREP,A1,crf_first_attested,0.5197,2.18,0.5197,6.4524,0.0554,0.0,0.0,0.0,2.18,,,,,,,,,crf_only,tu as de,PREP,,
il y a de,PREP,A1,crf_first_attested,0.5197,1.9824,0.5197,0.0,0.0,12.1109,3.1012,0.0,1.9824,,,,,,,,,crf_only,il y a de,PREP,,
faire attention,VERB,A1,crf_first_attested,0.5197,1.1423,0.5197,0.5168,1.464,0.0,0.0,0.0,1.1423,,,,,,,,,crf_only,faire attention,V,,
tu es là,ADV,A1,crf_first_attested,0.5197,0.9884,0.5197,0.0,0.0,7.4246,0.0,0.0,0.9884,,,,,,,,,crf_only,tu es là,ADV,,
juste à côté,ADV,A1,crf_first_attested,0.5197,0.3973,0.5197,0.285,0.0,0.0,0.0,0.0,0.3973,,,,,,,,,crf_only,juste à côté,ADV,,
contiuent,VERB,A1,crf_first_attested,0.5197,0.01,0.5197,0.0,0.0,0.0,0.0,0.0,0.01,,,,,,,,,crf_only,contiuent,V,,
excité,ADJ,A1,crf_first_attested,0.5197,0.01,0.5197,0.0,0.0,0.0,0.0,0.0,0.01,,,,,,,,,crf_only,excité,A,,
mantois,ADJ,A1,crf_first_attested,0.5197,0.01,0.5197,0.0,0.0,0.0,0.0,0.0,0.01,,,,,,,,,crf_only,mantois,A,,
à l' intérieur de,PREP,A1,crf_first_attested,0.5081,11.5614,0.5081,0.0,11.8064,56.4678,0.0,0.0,11.5614,,,,,,,,,crf_only,à l' intérieur de,PREP,,
sous forme de,PREP,A1,crf_first_attested,0.5081,9.6444,0.5081,0.0,14.2235,0.0,53.1294,0.0,9.6444,,,,,,,,,crf_only,sous forme de,PREP,,
en permanence,ADV,A1,crf_first_attested,0.5081,3.7194,0.5081,0.0,2.5949,1.5139,9.3035,28.8683,3.7194,,,,,,,,,crf_only,en permanence,ADV,,
large,NOUN,A1,crf_first_attested,0.5081,2.5673,0.5081,1.0395,2.0028,0.0,6.2023,0.0,2.5673,,,,,,,,,crf_only,large,N,,
de près,ADV,A1,crf_first_attested,0.5081,1.8701,0.5081,0.0,3.3182,0.6707,0.0,0.0,1.8701,,,,,,,,,crf_only,de près,ADV,,
sorcier,ADJ,A1,crf_first_attested,0.5081,0.701,0.5081,0.0,0.0,2.4776,0.0,0.0,0.701,,,,,,,,,crf_only,sorcier,A,,
jusqu' au jour,ADV,A1,crf_first_attested,0.5081,0.4096,0.5081,0.0,0.6802,0.0,0.0,0.0,0.4096,,,,,,,,,crf_only,jusqu' au jour,ADV,,
allô,NOUN,A1,crf_first_attested,0.5081,0.0098,0.5081,0.0,0.0,0.0,0.0,0.0,0.0098,,,,,,,,,crf_only,allô,N,,
étoffes,NOUN,A1,crf_first_attested,0.5081,0.0098,0.5081,0.0,0.0,0.0,0.0,0.0,0.0098,,,,,,,,,crf_only,étoffes,N,,
général,ADJ,A1,beacco,0.5025,145.4046,0.5025,128.0954,112.987,165.0471,348.0873,231.4017,145.4046,117.9194,156.5626,168.9334,222.0244,475.6237,254.8634,217.3472,A1,word_pos,général,A,général,ADJ
afin de,PREP,A1,crf_first_attested,0.5025,61.1049,0.5025,22.4396,75.6338,28.5026,182.3398,140.7417,61.1049,,,,,,,,,crf_only,afin de,PREP,,
états,NOUN,A1,crf_first_attested,0.5025,30.1159,0.5025,0.2439,11.4583,7.5693,222.9059,135.0613,30.1159,,,,,,,,,crf_only,états,N,,
mesures,NOUN,A1,crf_first_attested,0.5025,16.7651,0.5025,0.7581,4.0844,3.5691,143.1535,0.0,16.7651,,,,,,,,,crf_only,mesures,N,,
cœur,NOUN,A1,crf_first_attested,0.5025,16.4987,0.5025,15.463,37.8864,0.0,6.2023,0.0,16.4987,,,,,,,,,crf_only,cœur,N,,
espagnol,NOUN,A1,beacco,0.5025,13.2851,0.5025,6.1584,2.4911,11.2971,0.0,86.6048,13.2851,31.6022,16.488,0.5857,0.0,0.0,38.656,10.9173,A1,word_pos,espagnol,N,espagnol,NOM
en termes de,PREP,A1,crf_first_attested,0.5025,12.8704,0.5025,0.0,2.1708,0.0,95.9572,96.7061,12.8704,,,,,,,,,crf_only,en termes de,PREP,,
tout de même,ADV,A1,crf_first_attested,0.5025,10.5156,0.5025,3.8963,8.4912,12.5501,26.2593,0.0,10.5156,,,,,,,,,crf_only,tout de même,ADV,,
huit,ADJ,A1,crf_first_attested,0.5025,8.0353,0.5025,4.4402,10.0322,1.0571,13.3747,0.0,8.0353,,,,,,,,,crf_only,huit,A,,
de loin,ADV,A1,crf_first_attested,0.5025,6.3794,0.5025,11.7709,5.0967,0.8949,0.0,0.0,6.3794,,,,,,,,,crf_only,de loin,ADV,,
usages,NOUN,A1,crf_first_attested,0.5025,5.7884,0.5025,0.0,0.0,18.1663,6.2023,29.8958,5.7884,,,,,,,,,crf_only,usages,N,,
périodes,NOUN,A1,crf_first_attested,0.5025,5.7595,0.5025,2.8783,2.4677,15.2982,2.0505,0.0,5.7595,,,,,,,,,crf_only,périodes,N,,
a,NOUN,A1,crf_first_attested,0.5025,4.2412,0.5025,5.0789,4.832,0.5755,0.0,0.0,4.2412,,,,,,,,,crf_only,a,N,,
à l' instant,ADV,A1,crf_first_attested,0.5025,4.2059,0.5025,1.769,1.4284,0.0,0.0,4.1173,4.2059,,,,,,,,,crf_only,à l' instant,ADV,,
télé,ADJ,A1,crf_first_attested,0.5025,2.3764,0.5025,2.5718,0.7214,0.0,2.0505,0.0,2.3764,,,,,,,,,crf_only,télé,A,,
internationale,NOUN,A1,crf_first_attested,0.5025,1.9301,0.5025,0.0,5.4593,0.0,0.0,0.0,1.9301,,,,,,,,,crf_only,internationale,N,,
opposé,ADJ,A1,crf_first_attested,0.5025,1.8607,0.5025,0.0,0.8162,0.0,2.0505,6.4938,1.8607,,,,,,,,,crf_only,opposé,A,,
passionné,ADJ,A1,crf_first_attested,0.5025,1.7123,0.5025,0.0,2.0392,1.1509,0.0,0.0,1.7123,,,,,,,,,crf_only,passionné,A,,
un deux,PRON,A1,crf_first_attested,0.5025,1.6749,0.5025,0.6939,0.8162,0.0,0.0,0.0,1.6749,,,,,,,,,crf_only,un deux,PRO,,
mi - voix,NOUN,A1,crf_first_attested,0.5025,1.2225,0.5025,0.0,3.3657,0.0,0.0,0.0,1.2225,,,,,,,,,crf_only,mi - voix,N,,
en ce temps,ADV,A1,crf_first_attested,0.5025,0.758,0.5025,0.0,0.8162,0.0,0.0,0.0,0.758,,,,,,,,,crf_only,en ce temps,ADV,,
frayer,VERB,A1,crf_first_attested,0.5025,0.758,0.5025,0.0,0.8162,0.0,0.0,0.0,0.758,,,,,,,,,crf_only,frayer,V,,
palpitant,ADJ,A1,crf_first_attested,0.5025,0.758,0.5025,0.0,0.8162,0.0,0.0,0.0,0.758,,,,,,,,,crf_only,palpitant,A,,
vérifiez que,CONJ,A1,crf_first_attested,0.5025,0.6878,0.5025,0.0,1.0202,0.0,0.0,0.0,0.6878,,,,,,,,,crf_only,vérifiez que,CONJS,,
lave - linge,NOUN,A1,crf_first_attested,0.5025,0.6367,0.5025,1.1107,0.0,0.0,0.0,0.0,0.6367,,,,,,,,,crf_only,lave - linge,N,,
en vue,ADV,A1,crf_first_attested,0.5025,0.3149,0.5025,0.0,0.0906,0.0,0.0,0.0,0.3149,,,,,,,,,crf_only,en vue,ADV,,
tv,NOUN,A1,crf_first_attested,0.5025,0.2418,0.5025,0.0,0.0,0.0,3.1012,0.0,0.2418,,,,,,,,,crf_only,tv,N,,
attraits,NOUN,A1,crf_first_attested,0.5025,0.0097,0.5025,0.0,0.0,0.0,0.0,0.0,0.0097,,,,,,,,,crf_only,attraits,N,,
au menu de,PREP,A1,crf_first_attested,0.5025,0.0097,0.5025,0.0,0.0,0.0,0.0,0.0,0.0097,,,,,,,,,crf_only,au menu de,PREP,,
bien chef,ADV,A1,crf_first_attested,0.5025,0.0097,0.5025,0.0,0.0,0.0,0.0,0.0,0.0097,,,,,,,,,crf_only,bien chef,ADV,,
boeuf,ADJ,A1,crf_first_attested,0.5025,0.0097,0.5025,0.0,0.0,0.0,0.0,0.0,0.0097,,,,,,,,,crf_only,boeuf,A,,
conduire,NOUN,A1,crf_first_attested,0.5025,0.0097,0.5025,0.0,0.0,0.0,0.0,0.0,0.0097,,,,,,,,,crf_only,conduire,N,,
dame,ADV,A1,crf_first_attested,0.5025,0.0097,0.5025,0.0,0.0,0.0,0.0,0.0,0.0097,,,,,,,,,crf_only,dame,ADV,,
dame de,PREP,A1,crf_first_attested,0.5025,0.0097,0.5025,0.0,0.0,0.0,0.0,0.0,0.0097,,,,,,,,,crf_only,dame de,PREP,,
emportez,PREP,A1,crf_first_attested,0.5025,0.0097,0.5025,0.0,0.0,0.0,0.0,0.0,0.0097,,,,,,,,,crf_only,emportez,PREP,,
farci,ADJ,A1,crf_first_attested,0.5025,0.0097,0.5025,0.0,0.0,0.0,0.0,0.0,0.0097,,,,,,,,,crf_only,farci,A,,
h.,ADV,A1,crf_first_attested,0.5025,0.0097,0.5025,0.0,0.0,0.0,0.0,0.0,0.0097,,,,,,,,,crf_only,h.,ADV,,
lave - vaisselle,NOUN,A1,crf_first_attested,0.5025,0.0097,0.5025,0.0,0.0,0.0,0.0,0.0,0.0097,,,,,,,,,crf_only,lave - vaisselle,N,,
lnrockuptibles,NOUN,A1,crf_first_attested,0.5025,0.0097,0.5025,0.0,0.0,0.0,0.0,0.0,0.0097,,,,,,,,,crf_only,lnrockuptibles,N,,
pâter,VERB,A1,crf_first_attested,0.5025,0.0097,0.5025,0.0,0.0,0.0,0.0,0.0,0.0097,,,,,,,,,crf_only,pâter,V,,
rôti,ADJ,A1,crf_first_attested,0.5025,0.0097,0.5025,0.0,0.0,0.0,0.0,0.0,0.0097,,,,,,,,,crf_only,rôti,A,,
souscrivez,PREP,A1,crf_first_attested,0.5025,0.0097,0.5025,0.0,0.0,0.0,0.0,0.0,0.0097,,,,,,,,,crf_only,souscrivez,PREP,,
speculoos,NOUN,A1,crf_first_attested,0.5025,0.0097,0.5025,0.0,0.0,0.0,0.0,0.0,0.0097,,,,,,,,,crf_only,speculoos,N,,
truffé,ADJ,A1,crf_first_attested,0.5025,0.0097,0.5025,0.0,0.0,0.0,0.0,0.0,0.0097,,,,,,,,,crf_only,truffé,A,,
c' est - à - dire,CONJ,A1,crf_first_attested,0.4996,75.5132,0.4996,63.339,51.7822,53.5987,191.8096,192.1109,75.5132,,,,,,,,,crf_only,c' est - à - dire,CONJC,,
héros,NOUN,A1,crf_first_attested,0.4996,62.0029,0.4996,56.4477,85.9907,66.3454,6.4168,82.6269,62.0029,,,,,,,,,crf_only,héros,N,,
plus ou moins,ADV,A1,crf_first_attested,0.4996,24.4032,0.4996,1.1107,41.5391,24.7083,51.0722,19.2455,24.4032,,,,,,,,,crf_only,plus ou moins,ADV,,
immigré,NOUN,A1,crf_first_attested,0.4996,7.0324,0.4996,1.523,3.9128,7.0375,26.7495,0.0,7.0324,,,,,,,,,crf_only,immigré,N,,
techno,NOUN,A1,crf_first_attested,0.4996,4.6408,0.4996,0.0,1.5844,17.6716,0.0,0.0,4.6408,,,,,,,,,crf_only,techno,N,,
demi - siècle,NOUN,A1,crf_first_attested,0.4996,3.2141,0.4996,0.0,0.2076,0.0,4.101,78.0384,3.2141,,,,,,,,,crf_only,demi - siècle,N,,
chère,NOUN,A1,beacco,0.4996,2.5977,0.4996,1.0107,1.6119,0.0,1.6042,0.0,2.5977,57.1305,8.9024,14.9881,19.732,6.0005,0.0,24.921,A1,word_pos,chère,N,chère,NOM
sur terre,ADV,A1,crf_first_attested,0.4996,1.7312,0.4996,0.0,0.0,1.6517,0.0,38.491,1.7312,,,,,,,,,crf_only,sur terre,ADV,,
après jour,ADV,A1,crf_first_attested,0.4996,1.136,0.4996,0.0,0.0,0.0,15.5058,0.0,1.136,,,,,,,,,crf_only,après jour,ADV,,
le,PREP,A1,crf_first_attested,0.4996,0.3122,0.4996,0.0,0.0818,0.0,0.0,0.0,0.3122,,,,,,,,,crf_only,le,PREP,,
au coeur,ADV,A1,crf_first_attested,0.4996,0.3095,0.4996,0.0,0.0,0.0,0.0,6.4938,0.3095,,,,,,,,,crf_only,au coeur,ADV,,
moule - frite,NOUN,A1,crf_first_attested,0.4996,0.2687,0.4996,0.0,0.0,0.0,1.6042,0.0,0.2687,,,,,,,,,crf_only,moule - frite,N,,
aiùe,VERB,A1,crf_first_attested,0.4996,0.0096,0.4996,0.0,0.0,0.0,0.0,0.0,0.0096,,,,,,,,,crf_only,aiùe,V,,
au sort,ADV,A1,crf_first_attested,0.4996,0.0096,0.4996,0.0,0.0,0.0,0.0,0.0,0.0096,,,,,,,,,crf_only,au sort,ADV,,
di,PREP,A1,crf_first_attested,0.4996,0.0096,0.4996,0.0,0.0,0.0,0.0,0.0,0.0096,,,,,,,,,crf_only,di,PREP,,
en centre,ADV,A1,crf_first_attested,0.4996,0.0096,0.4996,0.0,0.0,0.0,0.0,0.0,0.0096,,,,,,,,,crf_only,en centre,ADV,,
mal - logés,NOUN,A1,crf_first_attested,0.4996,0.0096,0.4996,0.0,0.0,0.0,0.0,0.0,0.0096,,,,,,,,,crf_only,mal - logés,N,,
pionnier,ADJ,A1,crf_first_attested,0.4996,0.0096,0.4996,0.0,0.0,0.0,0.0,0.0,0.0096,,,,,,,,,crf_only,pionnier,A,,
sans - papiers,ADV,A1,crf_first_attested,0.4996,0.0096,0.4996,0.0,0.0,0.0,0.0,0.0,0.0096,,,,,,,,,crf_only,sans - papiers,ADV,,
spirale,NOUN,A1,crf_first_attested,0.4996,0.0096,0.4996,0.0,0.0,0.0,0.0,0.0,0.0096,,,,,,,,,crf_only,spirale,N,,
svp,ADV,A1,crf_first_attested,0.4996,0.0096,0.4996,0.0,0.0,0.0,0.0,0.0,0.0096,,,,,,,,,crf_only,svp,ADV,,
timothée,NOUN,A1,crf_first_attested,0.4996,0.0096,0.4996,0.0,0.0,0.0,0.0,0.0,0.0096,,,,,,,,,crf_only,timothée,N,,
élégant,NOUN,A1,crf_first_attested,0.4996,0.0096,0.4996,0.0,0.0,0.0,0.0,0.0,0.0096,,,,,,,,,crf_only,élégant,N,,
au total,ADV,A1,crf_first_attested,0.4421,8.0672,0.4421,0.0,12.9252,7.3522,12.4046,0.0,8.0672,,,,,,,,,crf_only,au total,ADV,,
quinze,ADJ,A1,crf_first_attested,0.4421,5.9498,0.4421,2.7895,8.8308,0.6707,0.0,9.6228,5.9498,,,,,,,,,crf_only,quinze,A,,
mal du tout,ADV,A1,crf_first_attested,0.4421,2.3943,0.4421,2.0673,0.2405,1.6517,0.0,0.0,2.3943,,,,,,,,,crf_only,mal du tout,ADV,,
tu verras,ADV,A1,crf_first_attested,0.4421,2.1363,0.4421,4.4608,0.3765,0.0,0.0,0.0,2.1363,,,,,,,,,crf_only,tu verras,ADV,,
tu comprends,ADV,A1,crf_first_attested,0.4421,1.488,0.4421,3.4721,0.0,0.0,0.0,9.6228,1.488,,,,,,,,,crf_only,tu comprends,ADV,,
à la fac,ADV,A1,crf_first_attested,0.4421,0.5865,0.4421,0.7318,0.0,0.0,0.0,0.0,0.5865,,,,,,,,,crf_only,à la fac,ADV,,
inquiet,NOUN,A1,crf_first_attested,0.4421,0.4786,0.4421,0.0,0.4732,0.0,0.0,0.0,0.4786,,,,,,,,,crf_only,inquiet,N,,
abidjan,NOUN,A1,crf_first_attested,0.4421,0.0085,0.4421,0.0,0.0,0.0,0.0,0.0,0.0085,,,,,,,,,crf_only,abidjan,N,,
azou,NOUN,A1,crf_first_attested,0.4421,0.0085,0.4421,0.0,0.0,0.0,0.0,0.0,0.0085,,,,,,,,,crf_only,azou,N,,
bagnat,NOUN,A1,crf_first_attested,0.4421,0.0085,0.4421,0.0,0.0,0.0,0.0,0.0,0.0085,,,,,,,,,crf_only,bagnat,N,,
boulanger,VERB,A1,crf_first_attested,0.4421,0.0085,0.4421,0.0,0.0,0.0,0.0,0.0,0.0085,,,,,,,,,crf_only,boulanger,V,,
caro,NOUN,A1,crf_first_attested,0.4421,0.0085,0.4421,0.0,0.0,0.0,0.0,0.0,0.0085,,,,,,,,,crf_only,caro,N,,
lago,X,A1,crf_first_attested,0.4421,0.0085,0.4421,0.0,0.0,0.0,0.0,0.0,0.0085,,,,,,,,,crf_only,lago,X,,
manu,VERB,A1,crf_first_attested,0.4421,0.0085,0.4421,0.0,0.0,0.0,0.0,0.0,0.0085,,,,,,,,,crf_only,manu,V,,
par nuit,ADV,A1,crf_first_attested,0.4421,0.0085,0.4421,0.0,0.0,0.0,0.0,0.0,0.0085,,,,,,,,,crf_only,par nuit,ADV,,
tiramisu,NOUN,A1,crf_first_attested,0.4421,0.0085,0.4421,0.0,0.0,0.0,0.0,0.0,0.0085,,,,,,,,,crf_only,tiramisu,N,,
toute,NOUN,A1,crf_first_attested,0.4421,0.0085,0.4421,0.0,0.0,0.0,0.0,0.0,0.0085,,,,,,,,,crf_only,toute,N,,
à tout à l’ heure,ADV,A1,crf_first_attested,0.4081,0.0079,0.4081,0.0,0.0,0.0,0.0,0.0,0.0079,,,,,,,,,crf_only,à tout à l’ heure,ADV,,
possibilités,NOUN,A1,crf_first_attested,0.4068,15.4234,0.4068,0.0,13.8573,10.8613,36.875,112.7361,15.4234,,,,,,,,,crf_only,possibilités,N,,
en retard,ADV,A1,crf_first_attested,0.4068,2.4552,0.4068,0.5197,1.3603,0.6707,0.0,0.0,2.4552,,,,,,,,,crf_only,en retard,ADV,,
comédien,ADJ,A1,crf_first_attested,0.4068,2.2129,0.4068,0.9626,1.4676,0.0,1.6042,0.0,2.2129,,,,,,,,,crf_only,comédien,A,,
à l' époque de,PREP,A1,crf_first_attested,0.4068,2.1556,0.4068,0.3209,0.8749,1.6517,0.0,0.0,2.1556,,,,,,,,,crf_only,à l' époque de,PREP,,
merci,ADV,A1,crf_first_attested,0.4068,0.9676,0.4068,1.9514,0.0,0.0,0.0,0.0,0.9676,,,,,,,,,crf_only,merci,ADV,,
arche,NOUN,A1,crf_first_attested,0.4068,0.6739,0.4068,0.0,0.8749,0.0,0.0,0.0,0.6739,,,,,,,,,crf_only,arche,N,,
café,ADJ,A1,crf_first_attested,0.4068,0.6506,0.4068,0.0,0.0,2.4776,0.0,0.0,0.6506,,,,,,,,,crf_only,café,A,,
marseillais,NOUN,A1,crf_first_attested,0.4068,0.4643,0.4068,0.4234,0.0,0.0,0.0,0.0,0.4643,,,,,,,,,crf_only,marseillais,N,,
tu te lèves,ADV,A1,crf_first_attested,0.4068,0.2807,0.4068,0.0,0.0,0.8949,0.0,0.0,0.2807,,,,,,,,,crf_only,tu te lèves,ADV,,
décaféiné,ADJ,A1,crf_first_attested,0.4068,0.0078,0.4068,0.0,0.0,0.0,0.0,0.0,0.0078,,,,,,,,,crf_only,décaféiné,A,,
faire jour,VERB,A1,crf_first_attested,0.4068,0.0078,0.4068,0.0,0.0,0.0,0.0,0.0,0.0078,,,,,,,,,crf_only,faire jour,V,,
futuroscope,NOUN,A1,crf_first_attested,0.4068,0.0078,0.4068,0.0,0.0,0.0,0.0,0.0,0.0078,,,,,,,,,crf_only,futuroscope,N,,
samu,NOUN,A1,crf_first_attested,0.4068,0.0078,0.4068,0.0,0.0,0.0,0.0,0.0,0.0078,,,,,,,,,crf_only,samu,N,,
secourir,VERB,A1,crf_first_attested,0.4068,0.0078,0.4068,0.0,0.0,0.0,0.0,0.0,0.0078,,,,,,,,,crf_only,secourir,V,,
sos,NOUN,A1,crf_first_attested,0.4068,0.0078,0.4068,0.0,0.0,0.0,0.0,0.0,0.0078,,,,,,,,,crf_only,sos,N,,
taguer,VERB,A1,crf_first_attested,0.4068,0.0078,0.4068,0.0,0.0,0.0,0.0,0.0,0.0078,,,,,,,,,crf_only,taguer,V,,
tu passes,ADV,A1,crf_first_attested,0.4068,0.0078,0.4068,0.0,0.0,0.0,0.0,0.0,0.0078,,,,,,,,,crf_only,tu passes,ADV,,
tu te laves et tu t' habilles,ADV,A1,crf_first_attested,0.4068,0.0078,0.4068,0.0,0.0,0.0,0.0,0.0,0.0078,,,,,,,,,crf_only,tu te laves et tu t' habilles,ADV,,
téléconférence,NOUN,A1,crf_first_attested,0.4068,0.0078,0.4068,0.0,0.0,0.0,0.0,0.0,0.0078,,,,,,,,,crf_only,téléconférence,N,,
fonctions,NOUN,A1,crf_first_attested,0.4014,13.5238,0.4014,0.1887,7.7734,23.2972,11.2294,69.3619,13.5238,,,,,,,,,crf_only,fonctions,N,,
combien,CONJ,A1,crf_first_attested,0.4014,2.9677,0.4014,0.0,0.3401,1.5139,27.7392,0.0,2.9677,,,,,,,,,crf_only,combien,CONJS,,
tu t' es,ADV,A1,crf_first_attested,0.4014,2.3192,0.4014,0.0,8.2631,0.0,0.0,0.0,2.3192,,,,,,,,,crf_only,tu t' es,ADV,,
au bas,ADV,A1,crf_first_attested,0.4014,0.9152,0.4014,0.5897,0.0,0.0,0.0,9.6228,0.9152,,,,,,,,,crf_only,au bas,ADV,,
pompes,NOUN,A1,crf_first_attested,0.4014,0.8787,0.4014,0.0,0.2916,1.0571,0.0,0.0,0.8787,,,,,,,,,crf_only,pompes,N,,
grains,NOUN,A1,crf_first_attested,0.4014,0.6368,0.4014,0.0,0.2295,0.0,2.0505,0.0,0.6368,,,,,,,,,crf_only,grains,N,,
de plus que,ADV,A1,crf_first_attested,0.4014,0.2995,0.4014,0.0948,0.0,0.0,0.0,0.0,0.2995,,,,,,,,,crf_only,de plus que,ADV,,
en latin,ADV,A1,crf_first_attested,0.4014,0.261,0.4014,0.0,0.2916,0.0,0.0,0.0,0.261,,,,,,,,,crf_only,en latin,ADV,,
martyr,NOUN,A1,crf_first_attested,0.4014,0.0077,0.4014,0.0,0.0,0.0,0.0,0.0,0.0077,,,,,,,,,crf_only,martyr,N,,
moulin - tour,NOUN,A1,crf_first_attested,0.4014,0.0077,0.4014,0.0,0.0,0.0,0.0,0.0,0.0077,,,,,,,,,crf_only,moulin - tour,N,,
siester,VERB,A1,crf_first_attested,0.4014,0.0077,0.4014,0.0,0.0,0.0,0.0,0.0,0.0077,,,,,,,,,crf_only,siester,V,,
paroles,NOUN,A1,crf_first_attested,0.3983,35.9683,0.3983,79.8281,40.2102,17.9707,1.6042,0.0,35.9683,,,,,,,,,crf_only,paroles,N,,
auprès du,PREP,A1,crf_first_attested,0.3983,16.6377,0.3983,0.0,51.1429,6.9515,8.2019,0.0,16.6377,,,,,,,,,crf_only,auprès du,PREP,,
aimé,ADJ,A1,crf_first_attested,0.3983,3.7824,0.3983,0.2527,8.7654,0.0,0.0,9.6228,3.7824,,,,,,,,,crf_only,aimé,A,,
en vie,ADV,A1,crf_first_attested,0.3983,3.5641,0.3983,15.1851,0.0,1.5139,0.0,0.0,3.5641,,,,,,,,,crf_only,en vie,ADV,,
pleur,NOUN,A1,crf_first_attested,0.3983,2.2387,0.3983,0.2117,4.0379,0.0,0.0,0.0,2.2387,,,,,,,,,crf_only,pleur,N,,
chausse,NOUN,A1,crf_first_attested,0.3983,0.4669,0.3983,0.0,0.0,1.1509,0.0,0.0,0.4669,,,,,,,,,crf_only,chausse,N,,
préparez,PREP,A1,crf_first_attested,0.3983,0.3115,0.3983,0.2035,0.0,0.0,0.0,0.0,0.3115,,,,,,,,,crf_only,préparez,PREP,,
à terre,ADV,A1,crf_first_attested,0.3983,0.2498,0.3983,0.0,0.3401,0.0,0.0,0.0,0.2498,,,,,,,,,crf_only,à terre,ADV,,
donc tout,ADV,A1,crf_first_attested,0.3983,0.0077,0.3983,0.0,0.0,0.0,0.0,0.0,0.0077,,,,,,,,,crf_only,donc tout,ADV,,
en selle,ADV,A1,crf_first_attested,0.3983,0.0077,0.3983,0.0,0.0,0.0,0.0,0.0,0.0077,,,,,,,,,crf_only,en selle,ADV,,
pont - levis,NOUN,A1,crf_first_attested,0.3983,0.0077,0.3983,0.0,0.0,0.0,0.0,0.0,0.0077,,,,,,,,,crf_only,pont - levis,N,,
remonte,NOUN,A1,crf_first_attested,0.3983,0.0077,0.3983,0.0,0.0,0.0,0.0,0.0,0.0077,,,,,,,,,crf_only,remonte,N,,
tu devras seulement,ADV,A1,crf_first_attested,0.3983,0.0077,0.3983,0.0,0.0,0.0,0.0,0.0,0.0077,,,,,,,,,crf_only,tu devras seulement,ADV,,
tél,NOUN,A1,crf_first_attested,0.3265,1.297,0.3265,0.1235,1.0854,0.0,0.0,0.0,1.297,,,,,,,,,crf_only,tél,N,,
charleville,NOUN,A1,crf_first_attested,0.3265,0.0063,0.3265,0.0,0.0,0.0,0.0,0.0,0.0063,,,,,,,,,crf_only,charleville,N,,
à l’ occasion de,PREP,A1,crf_first_attested,0.3265,0.0063,0.3265,0.0,0.0,0.0,0.0,0.0,0.0063,,,,,,,,,crf_only,à l’ occasion de,PREP,,
à l’ étranger,ADV,A1,crf_first_attested,0.3265,0.0063,0.3265,0.0,0.0,0.0,0.0,0.0,0.0063,,,,,,,,,crf_only,à l’ étranger,ADV,,
effet,NOUN,A1,beacco,0.3158,57.5388,0.3158,0.6418,79.7516,40.4288,122.6344,444.1825,57.5388,97.1005,173.4548,319.5458,402.2601,791.5456,1463.1869,366.0571,A1,word_pos,effet,N,effet,NOM
sans cesse,ADV,A1,crf_first_attested,0.3158,24.5955,0.3158,0.6418,51.9671,14.5018,27.9104,43.6102,24.5955,,,,,,,,,crf_only,sans cesse,ADV,,
aucun,PRON,A1,beacco,0.3158,15.7552,0.3158,0.6418,19.5416,47.9128,2.0505,28.8683,15.7552,45.1973,129.8851,374.0266,557.517,629.803,259.353,320.5034,A1,word_pos,aucun,PRO,aucun,PRO
quelque part,ADV,A1,crf_first_attested,0.3158,4.5048,0.3158,0.3702,3.5592,5.4089,15.6669,0.0,4.5048,,,,,,,,,crf_only,quelque part,ADV,,
oeuvres,NOUN,A1,crf_first_attested,0.3158,2.0748,0.3158,0.2035,0.2916,0.0,8.2019,0.0,2.0748,,,,,,,,,crf_only,oeuvres,N,,
treize,ADJ,A1,crf_first_attested,0.3158,0.4355,0.3158,0.0,0.0,0.0,4.101,0.0,0.4355,,,,,,,,,crf_only,treize,A,,
tu peux tout me dire,ADV,A1,crf_first_attested,0.3158,0.3071,0.3158,0.0948,0.0,0.0,0.0,0.0,0.3071,,,,,,,,,crf_only,tu peux tout me dire,ADV,,
arriver le jour,VERB,A1,crf_first_attested,0.3158,0.0061,0.3158,0.0,0.0,0.0,0.0,0.0,0.0061,,,,,,,,,crf_only,arriver le jour,V,,
chauffeur,ADJ,A1,crf_first_attested,0.3158,0.0061,0.3158,0.0,0.0,0.0,0.0,0.0,0.0061,,,,,,,,,crf_only,chauffeur,A,,
méme,NOUN,A1,crf_first_attested,0.3158,0.0061,0.3158,0.0,0.0,0.0,0.0,0.0,0.0061,,,,,,,,,crf_only,méme,N,,
recré,NOUN,A1,crf_first_attested,0.3158,0.0061,0.3158,0.0,0.0,0.0,0.0,0.0,0.0061,,,,,,,,,crf_only,recré,N,,
tu as dit,ADV,A1,crf_first_attested,0.3158,0.0061,0.3158,0.0,0.0,0.0,0.0,0.0,0.0061,,,,,,,,,crf_only,tu as dit,ADV,,
à pas,ADV,A1,crf_first_attested,0.3158,0.0061,0.3158,0.0,0.0,0.0,0.0,0.0,0.0061,,,,,,,,,crf_only,à pas,ADV,,
de moins,ADV,A1,crf_first_attested,0.2934,4.8027,0.2934,9.9344,0.0,0.8949,0.0,38.491,4.8027,,,,,,,,,crf_only,de moins,ADV,,
du tout,ADV,A1,crf_first_attested,0.2934,4.567,0.2934,3.5373,0.0554,17.5188,0.0,0.0,4.567,,,,,,,,,crf_only,du tout,ADV,,
au premier jour,ADV,A1,crf_first_attested,0.2934,0.0057,0.2934,0.0,0.0,0.0,0.0,0.0,0.0057,,,,,,,,,crf_only,au premier jour,ADV,,
avaianche,NOUN,A1,crf_first_attested,0.2934,0.0057,0.2934,0.0,0.0,0.0,0.0,0.0,0.0057,,,,,,,,,crf_only,avaianche,N,,
ca,NOUN,A1,crf_first_attested,0.2934,0.0057,0.2934,0.0,0.0,0.0,0.0,0.0,0.0057,,,,,,,,,crf_only,ca,N,,
chat,ADJ,A1,crf_first_attested,0.2934,0.0057,0.2934,0.0,0.0,0.0,0.0,0.0,0.0057,,,,,,,,,crf_only,chat,A,,
tu pleures,ADV,A1,crf_first_attested,0.2934,0.0057,0.2934,0.0,0.0,0.0,0.0,0.0,0.0057,,,,,,,,,crf_only,tu pleures,ADV,,
tu t' entends quand tu lui parles,ADV,A1,crf_first_attested,0.2934,0.0057,0.2934,0.0,0.0,0.0,0.0,0.0,0.0057,,,,,,,,,crf_only,tu t' entends quand tu lui parles,ADV,,
tu vas par là,ADV,A1,crf_first_attested,0.2934,0.0057,0.2934,0.0,0.0,0.0,0.0,0.0,0.0057,,,,,,,,,crf_only,tu vas par là,ADV,,
par - dessus,PREP,A1,crf_first_attested,0.2738,8.4825,0.2738,4.2923,10.86,1.5139,15.5058,0.0,8.4825,,,,,,,,,crf_only,par - dessus,PREP,,
blogs,NOUN,A1,crf_first_attested,0.2738,8.4027,0.2738,0.0,1.6824,42.388,0.0,0.0,8.4027,,,,,,,,,crf_only,blogs,N,,
géant,ADJ,A1,crf_first_attested,0.2738,6.6905,0.2738,3.2125,3.7685,1.1509,9.6252,0.0,6.6905,,,,,,,,,crf_only,géant,A,,
oui,PRON,A1,crf_first_attested,0.2738,3.4177,0.2738,7.0746,0.0,3.3034,0.0,0.0,3.4177,,,,,,,,,crf_only,oui,PRO,,
hollandais,NOUN,A1,crf_first_attested,0.2738,3.3608,0.2738,7.1116,0.0,2.1142,0.0,0.0,3.3608,,,,,,,,,crf_only,hollandais,N,,
ll,PRON,A1,crf_first_attested,0.2738,2.1246,0.2738,0.0948,0.3014,1.5856,0.0,0.0,2.1246,,,,,,,,,crf_only,ll,PRO,,
miens,NOUN,A1,crf_first_attested,0.2738,1.7199,0.2738,0.7581,0.6122,0.0,0.0,0.0,1.7199,,,,,,,,,crf_only,miens,N,,
angoissé,ADJ,A1,crf_first_attested,0.2738,1.3718,0.2738,0.0,0.0,0.0,25.3674,0.0,1.3718,,,,,,,,,crf_only,angoissé,A,,
sûr que,CONJ,A1,crf_first_attested,0.2738,1.1459,0.2738,0.2599,0.2076,0.6707,0.0,0.0,1.1459,,,,,,,,,crf_only,sûr que,CONJS,,
charmer,VERB,A1,crf_first_attested,0.2738,0.6423,0.2738,0.0,1.5692,0.0,0.0,0.0,0.6423,,,,,,,,,crf_only,charmer,V,,
en ce moment,ADV,A1,crf_first_attested,0.2738,0.4562,0.2738,1.0337,0.0,0.0,0.0,0.0,0.4562,,,,,,,,,crf_only,en ce moment,ADV,,
tu m' invites,ADV,A1,crf_first_attested,0.2738,0.2539,0.2738,0.0,0.2295,0.0,0.0,0.0,0.2539,,,,,,,,,crf_only,tu m' invites,ADV,,
en contact avec,PREP,A1,crf_first_attested,0.2738,0.1967,0.2738,0.0,0.0,0.0,3.1012,0.0,0.1967,,,,,,,,,crf_only,en contact avec,PREP,,
bb,NOUN,A1,crf_first_attested,0.2738,0.006,0.2738,0.0,0.0,0.0,0.0,0.0,0.006,,,,,,,,,crf_only,bb,N,,
blogueuse,NOUN,A1,crf_first_attested,0.2738,0.006,0.2738,0.0,0.0,0.0,0.0,0.0,0.006,,,,,,,,,crf_only,blogueuse,N,,
chut,ADV,A1,crf_first_attested,0.2738,0.006,0.2738,0.0,0.0,0.0,0.0,0.0,0.006,,,,,,,,,crf_only,chut,ADV,,
en classe,ADV,A1,crf_first_attested,0.2738,0.006,0.2738,0.0,0.0,0.0,0.0,0.0,0.006,,,,,,,,,crf_only,en classe,ADV,,
maintenant,CONJ,A1,crf_first_attested,0.2738,0.006,0.2738,0.0,0.0,0.0,0.0,0.0,0.006,,,,,,,,,crf_only,maintenant,CONJS,,
nul,NOUN,A1,crf_first_attested,0.2738,0.006,0.2738,0.0,0.0,0.0,0.0,0.0,0.006,,,,,,,,,crf_only,nul,N,,
pyjama,X,A1,crf_first_attested,0.2738,0.006,0.2738,0.0,0.0,0.0,0.0,0.0,0.006,,,,,,,,,crf_only,pyjama,X,,
soirée,X,A1,crf_first_attested,0.2738,0.006,0.2738,0.0,0.0,0.0,0.0,0.0,0.006,,,,,,,,,crf_only,soirée,X,,
même si,CONJ,A1,crf_first_attested,0.2652,71.9805,0.2652,31.4411,95.3452,74.687,96.0876,245.4054,71.9805,,,,,,,,,crf_only,même si,CONJS,,
en revanche,ADV,A1,crf_first_attested,0.2652,44.5294,0.2652,6.3646,49.1544,31.9673,167.4638,38.491,44.5294,,,,,,,,,crf_only,en revanche,ADV,,
droits,NOUN,A1,crf_first_attested,0.2652,20.5937,0.2652,2.2205,16.631,7.7447,109.8121,19.2455,20.5937,,,,,,,,,crf_only,droits,N,,
l,NOUN,A1,crf_first_attested,0.2652,4.8769,0.2652,0.0,3.9128,1.1509,19.6134,9.6228,4.8769,,,,,,,,,crf_only,l,N,,
défavorisé,ADJ,A1,crf_first_attested,0.2652,4.6534,0.2652,0.0,10.9145,0.7062,1.6042,9.6228,4.6534,,,,,,,,,crf_only,défavorisé,A,,
au coeur de,PREP,A1,crf_first_attested,0.2652,4.1432,0.2652,7.5456,6.5173,0.0,0.0,0.0,4.1432,,,,,,,,,crf_only,au coeur de,PREP,,
peint,ADJ,A1,crf_first_attested,0.2652,3.1103,0.2652,0.6342,0.2366,0.7062,12.4046,0.0,3.1103,,,,,,,,,crf_only,peint,A,,
cendres,NOUN,A1,crf_first_attested,0.2652,1.537,0.2652,0.0,0.0,0.5755,20.7298,0.0,1.537,,,,,,,,,crf_only,cendres,N,,
gai,VERB,A1,crf_first_attested,0.2652,0.4515,0.2652,0.0,0.4589,0.0,0.0,0.0,0.4515,,,,,,,,,crf_only,gai,V,,
tendre,NOUN,A1,crf_first_attested,0.2652,0.2337,0.2652,0.0,0.2405,0.0,0.0,0.0,0.2337,,,,,,,,,crf_only,tendre,N,,
dauphinois,ADJ,A1,crf_first_attested,0.2652,0.0051,0.2652,0.0,0.0,0.0,0.0,0.0,0.0051,,,,,,,,,crf_only,dauphinois,A,,
faire beau,VERB,A1,crf_first_attested,0.2652,0.0051,0.2652,0.0,0.0,0.0,0.0,0.0,0.0051,,,,,,,,,crf_only,faire beau,V,,
ok,NOUN,A1,crf_first_attested,0.2652,0.0051,0.2652,0.0,0.0,0.0,0.0,0.0,0.0051,,,,,,,,,crf_only,ok,N,,
par du,PREP,A1,crf_first_attested,0.2652,0.0051,0.2652,0.0,0.0,0.0,0.0,0.0,0.0051,,,,,,,,,crf_only,par du,PREP,,
autour du,PREP,A1,crf_first_attested,0.2541,26.1434,0.2541,23.0152,29.6722,47.8236,29.5463,0.0,26.1434,,,,,,,,,crf_only,autour du,PREP,,
dix,PRON,A1,crf_first_attested,0.2541,16.9355,0.2541,3.9518,15.8341,10.1962,36.5955,19.2455,16.9355,,,,,,,,,crf_only,dix,PRO,,
lors du,PREP,A1,crf_first_attested,0.2541,12.7774,0.2541,9.7403,3.7826,1.4125,62.3891,0.0,12.7774,,,,,,,,,crf_only,lors du,PREP,,
en fonction de,PREP,A1,crf_first_attested,0.2541,9.1666,0.2541,0.8456,0.0818,20.8436,55.8167,0.0,9.1666,,,,,,,,,crf_only,en fonction de,PREP,,
en rond,ADV,A1,crf_first_attested,0.2541,3.9315,0.2541,3.2404,0.6884,0.0,8.2019,0.0,3.9315,,,,,,,,,crf_only,en rond,ADV,,
au fait,ADV,A1,crf_first_attested,0.2541,1.1082,0.2541,0.0,0.0,1.6517,6.2023,0.0,1.1082,,,,,,,,,crf_only,au fait,ADV,,
assistant - opérateur,NOUN,A1,crf_first_attested,0.2541,0.0049,0.2541,0.0,0.0,0.0,0.0,0.0,0.0049,,,,,,,,,crf_only,assistant - opérateur,N,,
chef - op,NOUN,A1,crf_first_attested,0.2541,0.0049,0.2541,0.0,0.0,0.0,0.0,0.0,0.0049,,,,,,,,,crf_only,chef - op,N,,
chef - opérateur,NOUN,A1,crf_first_attested,0.2541,0.0049,0.2541,0.0,0.0,0.0,0.0,0.0,0.0049,,,,,,,,,crf_only,chef - opérateur,N,,
doré,NOUN,A1,crf_first_attested,0.2541,0.0049,0.2541,0.0,0.0,0.0,0.0,0.0,0.0049,,,,,,,,,crf_only,doré,N,,
intermittent,NOUN,A1,crf_first_attested,0.2541,0.0049,0.2541,0.0,0.0,0.0,0.0,0.0,0.0049,,,,,,,,,crf_only,intermittent,N,,
mi - longs,NOUN,A1,crf_first_attested,0.2541,0.0049,0.2541,0.0,0.0,0.0,0.0,0.0,0.0049,,,,,,,,,crf_only,mi - longs,N,,
trange,ADJ,A1,crf_first_attested,0.2541,0.0049,0.2541,0.0,0.0,0.0,0.0,0.0,0.0049,,,,,,,,,crf_only,trange,A,,
tu sors du côté de,PREP,A1,crf_first_attested,0.2449,0.0047,0.2449,0.0,0.0,0.0,0.0,0.0,0.0047,,,,,,,,,crf_only,tu sors du côté de,PREP,,
plusieurs fois,ADV,A1,crf_first_attested,0.1633,16.2178,0.1633,4.5506,29.0462,20.5773,12.4046,0.0,16.2178,,,,,,,,,crf_only,plusieurs fois,ADV,,
ans,NOUN,A1,crf_first_attested,0.1633,1.5366,0.1633,0.3209,0.2041,0.0,3.1012,38.491,1.5366,,,,,,,,,crf_only,ans,N,,
éd,NOUN,A1,crf_first_attested,0.1633,1.0365,0.1633,2.3584,0.0,0.0,0.0,0.0,1.0365,,,,,,,,,crf_only,éd,N,,
à l’ école,ADV,A1,crf_first_attested,0.1633,0.0031,0.1633,0.0,0.0,0.0,0.0,0.0,0.0031,,,,,,,,,crf_only,à l’ école,ADV,,
en raison de,PREP,A1,crf_first_attested,0.0816,7.9322,0.0816,0.3702,6.6765,1.5139,46.1996,38.491,7.9322,,,,,,,,,crf_only,en raison de,PREP,,
établissements,NOUN,A1,crf_first_attested,0.0816,6.8285,0.0816,0.2527,13.7986,4.5416,8.2019,0.0,6.8285,,,,,,,,,crf_only,établissements,N,,
britannique,NOUN,A1,crf_first_attested,0.0816,3.7927,0.0816,6.9974,0.0,0.0,3.1012,19.4814,3.7927,,,,,,,,,crf_only,britannique,N,,
vers de,PREP,A1,crf_first_attested,0.0816,0.9504,0.0816,0.4234,0.4081,0.0,0.0,0.0,0.9504,,,,,,,,,crf_only,vers de,PREP,,
festival,ADJ,A1,crf_first_attested,0.0816,0.8408,0.0816,0.7405,0.4809,0.0,0.0,0.0,0.8408,,,,,,,,,crf_only,festival,A,,
mi - chemin,NOUN,A1,crf_first_attested,0.0816,0.6715,0.0816,0.0,0.0,3.0277,6.2023,0.0,0.6715,,,,,,,,,crf_only,mi - chemin,N,,
autrichiens,NOUN,A1,crf_first_attested,0.0816,0.0016,0.0816,0.0,0.0,0.0,0.0,0.0,0.0016,,,,,,,,,crf_only,autrichiens,N,,
h 00,NOUN,A1,crf_first_attested,0.0816,0.0016,0.0816,0.0,0.0,0.0,0.0,0.0,0.0016,,,,,,,,,crf_only,h 00,N,,
par l’ intermédiaire de,PREP,A1,crf_first_attested,0.0816,0.0016,0.0816,0.0,0.0,0.0,0.0,0.0,0.0016,,,,,,,,,crf_only,par l’ intermédiaire de,PREP,,
poitevin,NOUN,A1,crf_first_attested,0.0816,0.0016,0.0816,0.0,0.0,0.0,0.0,0.0,0.0016,,,,,,,,,crf_only,poitevin,N,,
à l’ avance,ADV,A1,crf_first_attested,0.0816,0.0016,0.0816,0.0,0.0,0.0,0.0,0.0,0.0016,,,,,,,,,crf_only,à l’ avance,ADV,,
cause,NOUN,A1,beacco,0.0,58.0133,0.0,21.0848,68.7213,31.099,221.0229,78.0384,58.0133,49.589,156.0018,198.0262,160.9233,401.4294,227.3515,192.5358,A1,word_pos,cause,N,cause,NOM
fleur,NOUN,A1,beacco,0.0,21.9041,0.0,7.3549,66.3549,1.5139,6.2023,2.0587,21.9041,125.8184,148.3047,226.6823,40.925,36.0028,12.0555,145.111,A1,word_pos,fleur,N,fleur,NOM
devoir,NOUN,A1,beacco,0.0,13.5275,0.0,34.1262,3.5805,18.3112,20.5337,0.0,13.5275,112.8207,56.603,10.2131,11.6267,54.0583,0.0,43.3501,A1,word_pos,devoir,N,devoir,NOM
arme,NOUN,A1,beacco,0.0,13.195,0.0,1.4809,24.8953,31.0482,0.0,0.0,13.195,26.2774,7.2607,58.2437,50.7025,12.0009,0.0,37.1781,A1,word_pos,arme,N,arme,NOM
loisir,NOUN,A1,beacco,0.0,5.18,0.0,0.1103,7.1116,0.5755,0.0,71.4317,5.18,37.1652,35.4019,104.7772,11.0661,40.1357,51.3319,56.8732,A1,word_pos,loisir,N,loisir,NOM
continu,ADJ,A1,beacco,0.0,4.8612,0.0,7.0491,4.8266,0.0,3.2084,9.6228,4.8612,27.5031,39.9904,20.0348,9.8252,10.3269,19.328,29.7807,A1,word_pos,continu,A,continu,ADJ
moyenne,NOUN,A1,beacco,0.0,4.2052,0.0,0.2599,0.6802,0.5755,4.101,78.0384,4.2052,38.9468,32.2032,14.0098,42.9613,80.2715,145.006,41.7579,A1,word_pos,moyenne,N,moyenne,NOM
est,NOUN,A1,beacco,0.0,1.5311,0.0,6.67,0.0818,0.0,0.0,0.0,1.5311,211.4429,111.9541,26.6206,49.2102,20.6179,12.833,79.2732,A1,word_pos,est,N,est,NOM
dent,NOUN,A1,beacco,0.0,1.5019,0.0,2.0176,0.0,0.0,12.4046,0.0,1.5019,26.6383,57.566,45.2582,13.8484,36.0028,0.0,46.5164,A1,word_pos,dent,N,dent,NOM
premier,NOUN,A1,beacco,0.0,1.1345,0.0,0.0,0.0,6.2781,4.101,0.0,1.1345,59.2353,64.5244,159.303,115.9069,149.137,171.4545,120.6745,A1,word_pos,premier,N,premier,NOM
rien,NOUN,A1,beacco,0.0,0.7413,0.0,5.0925,0.0,0.0,0.0,0.0,0.7413,155.1233,197.2544,286.0019,431.6528,188.6899,43.8345,254.6949,A1,word_pos,rien,N,rien,NOM
bis,NOUN,A1,beacco,0.0,0.1074,0.0,0.0,1.1665,0.0,0.0,0.0,0.1074,40.6277,0.0,7.7393,1.2705,0.0,0.0,8.5519,A1,unique_word,bis,N,bis,ADJ
autour,ADV,A1,beacco,0.0,0.0783,0.0,1.5505,0.0,0.0,0.0,0.0,0.0783,194.4197,274.4771,270.0939,263.5446,211.486,43.8345,247.707,A1,word_pos,autour,ADV,autour,ADV
auprès,ADV,A1,beacco,0.0,0.0374,0.0,0.7405,0.0,0.0,0.0,0.0,0.0374,24.8406,21.7494,111.4694,54.729,102.8605,86.9662,66.3769,A1,word_pos,auprès,ADV,auprès,ADV
bas,ADV,A1,beacco,0.0,0.0333,0.0,0.0,0.0,0.0,1.6042,0.0,0.0333,47.8473,46.9646,39.0002,25.8549,6.8846,0.0,41.5414,A1,word_pos,bas,ADV,bas,ADV
plusieurs,PRON,A1,beacco,0.0,0.0333,0.0,0.0,0.3618,0.0,0.0,0.0,0.0333,183.9373,309.333,392.7314,416.2419,669.0235,240.7752,376.5022,A1,word_pos,plusieurs,PRO,plusieurs,PRO
sinon,CONJ,A1,beacco,0.0,0.0221,0.0,0.0,0.2405,0.0,0.0,0.0,0.0221,47.4391,28.2016,47.7904,18.4484,120.3766,25.6659,50.3286,A1,word_pos,sinon,CONJS,sinon,KON
télévision,NOUN,A1,beacco,0.0,0.0066,0.0,0.1306,0.0,0.0,0.0,0.0,0.0066,76.2489,105.2223,86.6907,80.0839,389.5181,644.8762,164.0967,A1,word_pos,télévision,N,télévision,NOM
