word,pos,assigned_cefr,level_source,assigned_level_frequency,total_frequency,crf_A1,crf_A2,crf_B1,crf_B2,crf_C1,crf_C2,crf_total,beacco_A1,beacco_A2,beacco_B1,beacco_B2,beacco_C1,beacco_C2,beacco_total,beacco_level,match_method,crf_word,crf_pos,beacco_word,beacco_pos
manifeste,ADJ,C2,beacco,117.0576,2.5619,0.0,0.0,1.0854,0.0,0.0,117.0576,2.5619,0.0,0.0,0.0,0.0,0.0,19.328,0.1431,C2,word_pos,manifeste,A,manifeste,ADJ
tétrapode,NOUN,C2,beacco,115.473,0.2809,0.0,0.0,0.0,0.0,0.0,115.473,0.2809,0.0,0.0,0.0,0.0,0.0,57.984,0.4293,C2,word_pos,tétrapode,N,tétrapode,NOM
nageoire,NOUN,C2,beacco,105.8503,0.2575,0.0,0.0,0.0,0.0,0.0,105.8503,0.2575,0.0,0.0,0.0,0.0,0.0,57.984,0.4293,C2,word_pos,nageoire,N,nageoire,NOM
percée,NOUN,C2,beacco,101.5791,1.1691,0.0,0.0,0.0,0.0,0.0,101.5791,1.1691,0.0,0.0,0.0,0.0,0.0,19.328,0.1431,C2,word_pos,percée,N,percée,NOM
éclatement,NOUN,C2,beacco,96.2275,1.9214,0.0,0.0,0.0,0.0,6.4168,96.2275,1.9214,0.0,0.0,0.0,0.0,0.0,19.328,0.1431,C2,word_pos,éclatement,N,éclatement,NOM
arabo - musulman,ADJ,C2,crf_first_attested,96.2275,0.2341,0.0,0.0,0.0,0.0,0.0,96.2275,0.2341,,,,,,,,,crf_only,arabo - musulman,A,,
sexiste,ADJ,C2,beacco,90.913,0.2212,0.0,0.0,0.0,0.0,0.0,90.913,0.2212,0.0,0.0,0.0,0.0,0.0,38.4989,0.2926,C2,word_pos,sexiste,A,sexiste,ADJ
mw,NOUN,C2,crf_first_attested,77.9255,0.1896,0.0,0.0,0.0,0.0,0.0,77.9255,0.1896,,,,,,,,,crf_only,mw,N,,
éolien,NOUN,C2,crf_first_attested,77.9255,0.1896,0.0,0.0,0.0,0.0,0.0,77.9255,0.1896,,,,,,,,,crf_only,éolien,N,,
préau,NOUN,C2,beacco,76.982,1.7703,0.0,0.0,0.0,0.0,6.4168,76.982,1.7703,0.0,0.0,0.0,0.0,0.0,38.656,0.2862,C2,word_pos,préau,N,préau,NOM
branchie,NOUN,C2,beacco,76.982,0.1873,0.0,0.0,0.0,0.0,0.0,76.982,0.1873,0.0,0.0,0.0,0.0,0.0,38.656,0.2862,C2,word_pos,branchie,N,branchie,NOM
médiatique,NOUN,C2,crf_first_attested,76.982,0.1873,0.0,0.0,0.0,0.0,0.0,76.982,0.1873,,,,,,,,,crf_only,médiatique,N,,
opercule,NOUN,C2,beacco,76.982,0.1873,0.0,0.0,0.0,0.0,0.0,76.982,0.1873,0.0,0.0,0.0,0.0,0.0,38.656,0.2862,C2,word_pos,opercule,N,opercule,NOM
antenne - relais,NOUN,C2,crf_first_attested,68.1256,0.7527,0.0,0.0,0.0,0.0,0.0,68.1256,0.7527,,,,,,,,,crf_only,antenne - relais,N,,
étale,ADJ,C2,crf_first_attested,68.1256,0.7527,0.0,0.0,0.0,0.0,0.0,68.1256,0.7527,,,,,,,,,crf_only,étale,A,,
colonisé,ADJ,C2,crf_first_attested,67.3593,0.1639,0.0,0.0,0.0,0.0,0.0,67.3593,0.1639,,,,,,,,,crf_only,colonisé,A,,
concurremment,ADV,C2,beacco,67.3593,0.1639,0.0,0.0,0.0,0.0,0.0,67.3593,0.1639,0.0,0.0,0.0,0.0,0.0,19.328,0.1431,C2,word_pos,concurremment,ADV,concurremment,ADV
département d' outre - mer,NOUN,C2,crf_first_attested,67.3593,0.1639,0.0,0.0,0.0,0.0,0.0,67.3593,0.1639,,,,,,,,,crf_only,département d' outre - mer,N,,
oxydatif,ADJ,C2,crf_first_attested,67.3593,0.1639,0.0,0.0,0.0,0.0,0.0,67.3593,0.1639,,,,,,,,,crf_only,oxydatif,A,,
selon que,CONJ,C2,crf_first_attested,67.3593,0.1639,0.0,0.0,0.0,0.0,0.0,67.3593,0.1639,,,,,,,,,crf_only,selon que,CONJS,,
pulmonaire,ADJ,C2,beacco,64.9379,0.158,0.0,0.0,0.0,0.0,0.0,64.9379,0.158,0.0,0.0,0.0,0.0,0.0,25.6659,0.1951,C2,word_pos,pulmonaire,A,pulmonaire,ADJ
cardiovasculaire,ADJ,C2,crf_first_attested,64.3237,0.5687,0.0,0.0,0.0,0.0,0.0,64.3237,0.5687,,,,,,,,,crf_only,cardiovasculaire,A,,
décisionnel,ADJ,C2,beacco,58.4441,0.1422,0.0,0.0,0.0,0.0,0.0,58.4441,0.1422,0.0,0.0,0.0,0.0,0.0,38.4989,0.2926,C2,word_pos,décisionnel,A,décisionnel,ADJ
peul,ADJ,C2,beacco,57.7365,1.4964,0.0,0.6342,0.0,0.0,0.0,57.7365,1.4964,0.0,0.0,0.0,0.0,0.0,19.328,0.1431,C2,word_pos,peul,A,peul,ADJ
colonisé,NOUN,C2,crf_first_attested,57.7365,0.1404,0.0,0.0,0.0,0.0,0.0,57.7365,0.1404,,,,,,,,,crf_only,colonisé,N,,
corticoïde,NOUN,C2,crf_first_attested,57.7365,0.1404,0.0,0.0,0.0,0.0,0.0,57.7365,0.1404,,,,,,,,,crf_only,corticoïde,N,,
diglossie,NOUN,C2,beacco,57.7365,0.1404,0.0,0.0,0.0,0.0,0.0,57.7365,0.1404,0.0,0.0,0.0,0.0,0.0,19.328,0.1431,C2,word_pos,diglossie,N,diglossie,NOM
dégeler,VERB,C2,beacco,57.7365,0.1404,0.0,0.0,0.0,0.0,0.0,57.7365,0.1404,0.0,0.0,0.0,0.0,0.0,19.328,0.1431,C2,word_pos,dégeler,V,dégeler,VER
dévonien,NOUN,C2,beacco,57.7365,0.1404,0.0,0.0,0.0,0.0,0.0,57.7365,0.1404,0.0,0.0,0.0,0.0,0.0,38.656,0.2862,C2,word_pos,dévonien,N,dévonien,NOM
exception faite de,PREP,C2,crf_first_attested,57.7365,0.1404,0.0,0.0,0.0,0.0,0.0,57.7365,0.1404,,,,,,,,,crf_only,exception faite de,PREP,,
lexicographe,NOUN,C2,crf_first_attested,57.7365,0.1404,0.0,0.0,0.0,0.0,0.0,57.7365,0.1404,,,,,,,,,crf_only,lexicographe,N,,
régénérer,VERB,C2,beacco,57.7365,0.1404,0.0,0.0,0.0,0.0,0.0,57.7365,0.1404,0.0,0.0,0.0,0.0,0.0,19.328,0.1431,C2,word_pos,régénérer,V,régénérer,VER
élargissement,NOUN,C2,beacco,57.7365,0.1404,0.0,0.0,0.0,0.0,0.0,57.7365,0.1404,0.0,0.0,0.0,0.0,0.0,19.328,0.1431,C2,word_pos,élargissement,N,élargissement,NOM
galvaniser,VERB,C2,beacco,51.9503,0.1264,0.0,0.0,0.0,0.0,0.0,51.9503,0.1264,0.0,0.0,0.0,0.0,0.0,25.6659,0.1951,C2,word_pos,galvaniser,V,galvaniser,VER
chypré,ADJ,C2,crf_first_attested,49.3801,0.8471,0.0,0.0,0.0,0.0,0.0,49.3801,0.8471,,,,,,,,,crf_only,chypré,A,,
développé,ADJ,C2,beacco,48.1138,6.7705,0.0,0.2527,0.7236,10.1252,18.7334,48.1138,6.7705,0.0,0.4664,0.0,0.0,0.0,0.0,0.0338,C2,unique_word,développé,A,développé,NOM
libéré,ADJ,C2,beacco,48.1138,3.2647,0.0,0.0,0.0,0.0,39.2268,48.1138,3.2647,0.0,0.0,0.4317,0.0,0.0,0.0,0.0401,C2,word_pos,libéré,A,libéré,ADJ
allocution,NOUN,C2,beacco,48.1138,1.4881,0.0,0.0,0.0,0.0,6.4168,48.1138,1.4881,0.0,0.0,0.0,0.0,0.0,19.328,0.1431,C2,word_pos,allocution,N,allocution,NOM
concomitamment,ADV,C2,beacco,48.1138,1.4881,0.0,0.0,0.0,0.0,6.4168,48.1138,1.4881,0.0,0.0,0.0,0.0,0.0,19.328,0.1431,C2,word_pos,concomitamment,ADV,concomitamment,ADV
démotique,ADJ,C2,beacco,48.1138,1.4881,0.0,0.0,0.0,0.0,6.4168,48.1138,1.4881,0.0,0.0,0.0,0.0,0.0,19.328,0.1431,C2,word_pos,démotique,A,démotique,ADJ
otage,NOUN,C2,beacco,48.1138,1.4881,0.0,0.0,0.0,0.0,6.4168,48.1138,1.4881,0.0,0.0,0.0,0.0,0.0,19.328,0.1431,C2,word_pos,otage,N,otage,NOM
prédominance,NOUN,C2,beacco,48.1138,1.4881,0.0,0.0,0.0,0.0,6.4168,48.1138,1.4881,0.0,0.0,0.0,0.0,0.0,19.328,0.1431,C2,word_pos,prédominance,N,prédominance,NOM
rhétorique,NOUN,C2,beacco,48.1138,1.4881,0.0,0.0,0.0,0.0,6.4168,48.1138,1.4881,0.0,0.0,0.0,0.0,0.0,19.328,0.1431,C2,word_pos,rhétorique,N,rhétorique,NOM
spin,NOUN,C2,beacco,48.1138,1.4881,0.0,0.0,0.0,0.0,6.4168,48.1138,1.4881,0.0,0.0,0.0,0.0,0.0,19.328,0.1431,C2,word_pos,spin,N,spin,NOM
prétendu,ADJ,C2,beacco,48.1138,1.0944,0.0,0.0,0.4152,0.0,0.0,48.1138,1.0944,0.0,0.0,0.0,0.0,0.0,38.656,0.2862,C2,word_pos,prétendu,A,prétendu,ADJ
salariat,NOUN,C2,beacco,48.1138,0.117,0.0,0.0,0.0,0.0,0.0,48.1138,0.117,0.0,0.0,0.0,0.0,0.0,38.656,0.2862,C2,word_pos,salariat,N,salariat,NOM
arriba,X,C2,crf_first_attested,45.4565,0.1106,0.0,0.0,0.0,0.0,0.0,45.4565,0.1106,,,,,,,,,crf_only,arriba,X,,
contre - indication,NOUN,C2,crf_first_attested,45.4565,0.1106,0.0,0.0,0.0,0.0,0.0,45.4565,0.1106,,,,,,,,,crf_only,contre - indication,N,,
haltère,NOUN,C2,beacco,45.4565,0.1106,0.0,0.0,0.0,0.0,0.0,45.4565,0.1106,0.0,0.0,0.0,0.0,0.0,12.833,0.0975,C2,word_pos,haltère,N,haltère,NOM
haltérophilie,NOUN,C2,beacco,45.4565,0.1106,0.0,0.0,0.0,0.0,0.0,45.4565,0.1106,0.0,0.0,0.0,0.0,0.0,12.833,0.0975,C2,word_pos,haltérophilie,N,haltérophilie,NOM
hyperspécialisation,NOUN,C2,crf_first_attested,45.4565,0.1106,0.0,0.0,0.0,0.0,0.0,45.4565,0.1106,,,,,,,,,crf_only,hyperspécialisation,N,,
persévérer,VERB,C2,beacco,45.4565,0.1106,0.0,0.0,0.0,0.0,0.0,45.4565,0.1106,0.0,0.0,0.0,0.0,0.0,12.833,0.0975,C2,word_pos,persévérer,V,persévérer,VER
pulsation,NOUN,C2,beacco,45.4565,0.1106,0.0,0.0,0.0,0.0,0.0,45.4565,0.1106,0.0,0.0,0.0,0.0,0.0,12.833,0.0975,C2,word_pos,pulsation,N,pulsation,NOM
pulsion,NOUN,C2,beacco,45.4565,0.1106,0.0,0.0,0.0,0.0,0.0,45.4565,0.1106,0.0,0.0,0.0,0.0,0.0,12.833,0.0975,C2,word_pos,pulsion,N,pulsion,NOM
raffermissement,NOUN,C2,beacco,45.4565,0.1106,0.0,0.0,0.0,0.0,0.0,45.4565,0.1106,0.0,0.0,0.0,0.0,0.0,12.833,0.0975,C2,word_pos,raffermissement,N,raffermissement,NOM
bénin,ADJ,C2,crf_first_attested,43.6102,0.4967,0.0,0.0,0.0,0.0,0.0,43.6102,0.4967,,,,,,,,,crf_only,bénin,A,,
d' où,CONJ,C2,crf_first_attested,43.6102,0.4967,0.0,0.0,0.0,0.0,0.0,43.6102,0.4967,,,,,,,,,crf_only,d' où,CONJS,,
obérer,VERB,C2,beacco,43.6102,0.4967,0.0,0.0,0.0,0.0,0.0,43.6102,0.4967,0.0,0.0,0.0,0.0,0.0,12.833,0.0975,C2,word_pos,obérer,V,obérer,VER
annuellement,ADV,C2,beacco,39.0461,0.3758,0.0,0.0,0.0,0.0,0.0,39.0461,0.3758,0.0,0.0,0.0,0.0,0.0,4.0185,0.0657,C2,word_pos,annuellement,ADV,annuellement,ADV
enorgueillir,VERB,C2,beacco,39.0461,0.3758,0.0,0.0,0.0,0.0,0.0,39.0461,0.3758,0.0,0.0,0.0,0.0,0.0,4.0185,0.0657,C2,word_pos,enorgueillir,V,enorgueillir,VER
inchangé,ADJ,C2,beacco,39.0461,0.3758,0.0,0.0,0.0,0.0,0.0,39.0461,0.3758,0.0,0.0,0.0,0.0,0.0,4.0185,0.0657,C2,word_pos,inchangé,A,inchangé,ADJ
révèlera,VERB,C2,crf_first_attested,39.0461,0.3758,0.0,0.0,0.0,0.0,0.0,39.0461,0.3758,,,,,,,,,crf_only,révèlera,V,,
divergence,NOUN,C2,beacco,38.9627,0.0948,0.0,0.0,0.0,0.0,0.0,38.9627,0.0948,0.0,0.0,0.0,0.0,0.0,51.3319,0.3902,C2,word_pos,divergence,N,divergence,NOM
corticoïdes,NOUN,C2,beacco,38.656,0.2862,,,,,,,,0.0,0.0,0.0,0.0,0.0,38.656,0.2862,C2,beacco_only,,,corticoïdes,NOM
anglosaxophone,NOUN,C2,crf_first_attested,38.491,0.0936,0.0,0.0,0.0,0.0,0.0,38.491,0.0936,,,,,,,,,crf_only,anglosaxophone,N,,
assidu,ADJ,C2,beacco,38.491,0.0936,0.0,0.0,0.0,0.0,0.0,38.491,0.0936,0.0,0.0,0.0,0.0,0.0,38.656,0.2862,C2,word_pos,assidu,A,assidu,ADJ
avant - bras,ADV,C2,crf_first_attested,38.491,0.0936,0.0,0.0,0.0,0.0,0.0,38.491,0.0936,,,,,,,,,crf_only,avant - bras,ADV,,
bayou,NOUN,C2,beacco,38.491,0.0936,0.0,0.0,0.0,0.0,0.0,38.491,0.0936,0.0,0.0,0.0,0.0,0.0,19.328,0.1431,C2,word_pos,bayou,N,bayou,NOM
colonialisme,NOUN,C2,beacco,38.491,0.0936,0.0,0.0,0.0,0.0,0.0,38.491,0.0936,0.0,0.0,0.0,0.0,0.0,19.328,0.1431,C2,word_pos,colonialisme,N,colonialisme,NOM
colonialiste,ADJ,C2,beacco,38.491,0.0936,0.0,0.0,0.0,0.0,0.0,38.491,0.0936,0.0,0.0,0.0,0.0,0.0,19.328,0.1431,C2,word_pos,colonialiste,A,colonialiste,ADJ
conjugalité,NOUN,C2,beacco,38.491,0.0936,0.0,0.0,0.0,0.0,0.0,38.491,0.0936,0.0,0.0,0.0,0.0,0.0,38.656,0.2862,C2,word_pos,conjugalité,N,conjugalité,NOM
cubitus,NOUN,C2,beacco,38.491,0.0936,0.0,0.0,0.0,0.0,0.0,38.491,0.0936,0.0,0.0,0.0,0.0,0.0,19.328,0.1431,C2,word_pos,cubitus,N,cubitus,NOM
dermique,ADJ,C2,beacco,38.491,0.0936,0.0,0.0,0.0,0.0,0.0,38.491,0.0936,0.0,0.0,0.0,0.0,0.0,19.328,0.1431,C2,word_pos,dermique,A,dermique,ADJ
découvreur,NOUN,C2,beacco,38.491,0.0936,0.0,0.0,0.0,0.0,0.0,38.491,0.0936,0.0,0.0,0.0,0.0,0.0,19.328,0.1431,C2,word_pos,découvreur,N,découvreur,NOM
fédérateur,ADJ,C2,beacco,38.491,0.0936,0.0,0.0,0.0,0.0,0.0,38.491,0.0936,0.0,0.0,0.0,0.0,0.0,19.328,0.1431,C2,word_pos,fédérateur,A,fédérateur,ADJ
glucose,NOUN,C2,beacco,38.491,0.0936,0.0,0.0,0.0,0.0,0.0,38.491,0.0936,0.0,0.0,0.0,0.0,0.0,38.656,0.2862,C2,word_pos,glucose,N,glucose,NOM
guarani,NOUN,C2,beacco,38.491,0.0936,0.0,0.0,0.0,0.0,0.0,38.491,0.0936,0.0,0.0,0.0,0.0,0.0,19.328,0.1431,C2,word_pos,guarani,N,guarani,NOM
humérus,NOUN,C2,beacco,38.491,0.0936,0.0,0.0,0.0,0.0,0.0,38.491,0.0936,0.0,0.0,0.0,0.0,0.0,19.328,0.1431,C2,word_pos,humérus,N,humérus,NOM
neuroscientifiques,ADJ,C2,crf_first_attested,38.491,0.0936,0.0,0.0,0.0,0.0,0.0,38.491,0.0936,,,,,,,,,crf_only,neuroscientifiques,A,,
neurostéroïde,NOUN,C2,crf_first_attested,38.491,0.0936,0.0,0.0,0.0,0.0,0.0,38.491,0.0936,,,,,,,,,crf_only,neurostéroïde,N,,
paléontologue,NOUN,C2,beacco,38.491,0.0936,0.0,0.0,0.0,0.0,0.0,38.491,0.0936,0.0,0.0,0.0,0.0,0.0,19.328,0.1431,C2,word_pos,paléontologue,N,paléontologue,NOM
préexister,VERB,C2,beacco,38.491,0.0936,0.0,0.0,0.0,0.0,0.0,38.491,0.0936,0.0,0.0,0.0,0.0,0.0,19.328,0.1431,C2,word_pos,préexister,V,préexister,VER
radius,NOUN,C2,beacco,38.491,0.0936,0.0,0.0,0.0,0.0,0.0,38.491,0.0936,0.0,0.0,0.0,0.0,0.0,19.328,0.1431,C2,word_pos,radius,N,radius,NOM
reclure,VERB,C2,beacco,38.491,0.0936,0.0,0.0,0.0,0.0,0.0,38.491,0.0936,0.0,0.0,0.0,0.0,0.0,19.328,0.1431,C2,word_pos,reclure,V,reclure,VER
rhétorique,ADJ,C2,beacco,38.491,0.0936,0.0,0.0,0.0,0.0,0.0,38.491,0.0936,0.0,0.0,0.0,0.0,0.0,38.656,0.2862,C2,word_pos,rhétorique,A,rhétorique,ADJ
télé - réalité,NOUN,C2,crf_first_attested,38.491,0.0936,0.0,0.0,0.0,0.0,0.0,38.491,0.0936,,,,,,,,,crf_only,télé - réalité,N,,
vaseux,ADJ,C2,beacco,38.491,0.0936,0.0,0.0,0.0,0.0,0.0,38.491,0.0936,0.0,0.0,0.0,0.0,0.0,19.328,0.1431,C2,word_pos,vaseux,A,vaseux,ADJ
vertébré,ADJ,C2,beacco,38.491,0.0936,0.0,0.0,0.0,0.0,0.0,38.491,0.0936,0.0,0.0,0.0,0.0,0.0,19.328,0.1431,C2,word_pos,vertébré,A,vertébré,ADJ
équateur,NOUN,C2,beacco,38.491,0.0936,0.0,0.0,0.0,0.0,0.0,38.491,0.0936,0.0,0.0,0.0,0.0,0.0,19.328,0.1431,C2,word_pos,équateur,N,équateur,NOM
gardon,NOUN,C2,beacco,32.4689,1.6675,0.0,1.5505,0.0,0.0,2.0505,32.4689,1.6675,0.0,0.0,0.0,0.0,0.0,12.833,0.0975,C2,word_pos,gardon,N,gardon,NOM
contentieux,NOUN,C2,beacco,32.4689,0.079,0.0,0.0,0.0,0.0,0.0,32.4689,0.079,0.0,0.0,0.0,0.0,0.0,25.6659,0.1951,C2,word_pos,contentieux,N,contentieux,NOM
exhaustif,ADJ,C2,beacco,32.4689,0.079,0.0,0.0,0.0,0.0,0.0,32.4689,0.079,0.0,0.0,0.0,0.0,0.0,12.833,0.0975,C2,word_pos,exhaustif,A,exhaustif,ADJ
infarctus,NOUN,C2,beacco,32.4689,0.079,0.0,0.0,0.0,0.0,0.0,32.4689,0.079,0.0,0.0,0.0,0.0,0.0,12.833,0.0975,C2,word_pos,infarctus,N,infarctus,NOM
nippon,ADJ,C2,beacco,32.4689,0.079,0.0,0.0,0.0,0.0,0.0,32.4689,0.079,0.0,0.0,0.0,0.0,0.0,12.833,0.0975,C2,word_pos,nippon,A,nippon,ADJ
ostéoporose,NOUN,C2,beacco,32.4689,0.079,0.0,0.0,0.0,0.0,0.0,32.4689,0.079,0.0,0.0,0.0,0.0,0.0,12.833,0.0975,C2,word_pos,ostéoporose,N,ostéoporose,NOM
psychosocial,ADJ,C2,beacco,32.4689,0.079,0.0,0.0,0.0,0.0,0.0,32.4689,0.079,0.0,0.0,0.0,0.0,0.0,12.833,0.0975,C2,word_pos,psychosocial,A,psychosocial,ADJ
métamorphose,NOUN,C2,beacco,28.8683,1.9091,0.0,0.0,0.3618,0.0,12.4046,28.8683,1.9091,0.0,0.0,0.0,0.0,0.0,19.328,0.1431,C2,word_pos,métamorphose,N,métamorphose,NOM
langagier,ADJ,C2,beacco,28.8683,1.0029,0.0,0.0,0.6228,0.0,0.0,28.8683,1.0029,0.0,0.0,0.0,0.0,0.0,19.328,0.1431,C2,word_pos,langagier,A,langagier,ADJ
stimulant,NOUN,C2,beacco,28.8683,0.6025,0.0,0.3702,0.0,0.0,0.0,28.8683,0.6025,0.0,0.0,0.0,0.0,0.0,19.328,0.1431,C2,word_pos,stimulant,N,stimulant,NOM
affluer,VERB,C2,beacco,28.8683,0.0702,0.0,0.0,0.0,0.0,0.0,28.8683,0.0702,0.0,0.0,0.0,0.0,0.0,19.328,0.1431,C2,word_pos,affluer,V,affluer,VER
amphibien,NOUN,C2,crf_first_attested,28.8683,0.0702,0.0,0.0,0.0,0.0,0.0,28.8683,0.0702,,,,,,,,,crf_only,amphibien,N,,
assujettir,VERB,C2,beacco,28.8683,0.0702,0.0,0.0,0.0,0.0,0.0,28.8683,0.0702,0.0,0.0,0.0,0.0,0.0,19.328,0.1431,C2,word_pos,assujettir,V,assujettir,VER
au fil du temps,ADV,C2,crf_first_attested,28.8683,0.0702,0.0,0.0,0.0,0.0,0.0,28.8683,0.0702,,,,,,,,,crf_only,au fil du temps,ADV,,
beau - parent,NOUN,C2,crf_first_attested,28.8683,0.0702,0.0,0.0,0.0,0.0,0.0,28.8683,0.0702,,,,,,,,,crf_only,beau - parent,N,,
carbonifère,NOUN,C2,beacco,28.8683,0.0702,0.0,0.0,0.0,0.0,0.0,28.8683,0.0702,0.0,0.0,0.0,0.0,0.0,19.328,0.1431,C2,word_pos,carbonifère,N,carbonifère,NOM
chambouler,VERB,C2,beacco,28.8683,0.0702,0.0,0.0,0.0,0.0,0.0,28.8683,0.0702,0.0,0.0,0.0,0.0,0.0,19.328,0.1431,C2,word_pos,chambouler,V,chambouler,VER
continuum,NOUN,C2,beacco,28.8683,0.0702,0.0,0.0,0.0,0.0,0.0,28.8683,0.0702,0.0,0.0,0.0,0.0,0.0,19.328,0.1431,C2,word_pos,continuum,N,continuum,NOM
contre - pouvoir,NOUN,C2,crf_first_attested,28.8683,0.0702,0.0,0.0,0.0,0.0,0.0,28.8683,0.0702,,,,,,,,,crf_only,contre - pouvoir,N,,
diplômé,ADJ,C2,beacco,28.8683,0.0702,0.0,0.0,0.0,0.0,0.0,28.8683,0.0702,0.0,0.0,0.0,0.0,0.0,57.984,0.4293,C2,word_pos,diplômé,A,diplômé,ADJ
distractif,ADJ,C2,beacco,28.8683,0.0702,0.0,0.0,0.0,0.0,0.0,28.8683,0.0702,0.0,0.0,0.0,0.0,0.0,19.328,0.1431,C2,word_pos,distractif,A,distractif,ADJ
en échec,ADV,C2,crf_first_attested,28.8683,0.0702,0.0,0.0,0.0,0.0,0.0,28.8683,0.0702,,,,,,,,,crf_only,en échec,ADV,,
fat,NOUN,C2,beacco,28.8683,0.0702,0.0,0.0,0.0,0.0,0.0,28.8683,0.0702,0.0,0.0,0.0,0.0,0.0,19.328,0.1431,C2,word_pos,fat,N,fat,NOM
fragmentation,NOUN,C2,beacco,28.8683,0.0702,0.0,0.0,0.0,0.0,0.0,28.8683,0.0702,0.0,0.0,0.0,0.0,0.0,19.328,0.1431,C2,word_pos,fragmentation,N,fragmentation,NOM
hygiéniste,NOUN,C2,beacco,28.8683,0.0702,0.0,0.0,0.0,0.0,0.0,28.8683,0.0702,0.0,0.0,0.0,0.0,0.0,19.328,0.1431,C2,word_pos,hygiéniste,N,hygiéniste,NOM
immédiateté,NOUN,C2,beacco,28.8683,0.0702,0.0,0.0,0.0,0.0,0.0,28.8683,0.0702,0.0,0.0,0.0,0.0,0.0,19.328,0.1431,C2,word_pos,immédiateté,N,immédiateté,NOM
impréciser,VERB,C2,beacco,28.8683,0.0702,0.0,0.0,0.0,0.0,0.0,28.8683,0.0702,0.0,0.0,0.0,0.0,0.0,19.328,0.1431,C2,word_pos,impréciser,V,impréciser,VER
inexorable,ADJ,C2,beacco,28.8683,0.0702,0.0,0.0,0.0,0.0,0.0,28.8683,0.0702,0.0,0.0,0.0,0.0,0.0,19.328,0.1431,C2,word_pos,inexorable,A,inexorable,ADJ
institutionnaliser,VERB,C2,beacco,28.8683,0.0702,0.0,0.0,0.0,0.0,0.0,28.8683,0.0702,0.0,0.0,0.0,0.0,0.0,19.328,0.1431,C2,word_pos,institutionnaliser,V,institutionnaliser,VER
investigateur,ADJ,C2,beacco,28.8683,0.0702,0.0,0.0,0.0,0.0,0.0,28.8683,0.0702,0.0,0.0,0.0,0.0,0.0,19.328,0.1431,C2,unique_word,investigateur,A,investigateur,NOM
lipide,NOUN,C2,beacco,28.8683,0.0702,0.0,0.0,0.0,0.0,0.0,28.8683,0.0702,0.0,0.0,0.0,0.0,0.0,19.328,0.1431,C2,word_pos,lipide,N,lipide,NOM
lâcheté,NOUN,C2,beacco,28.8683,0.0702,0.0,0.0,0.0,0.0,0.0,28.8683,0.0702,0.0,0.0,0.0,0.0,0.0,19.328,0.1431,C2,word_pos,lâcheté,N,lâcheté,NOM
machinerie,NOUN,C2,beacco,28.8683,0.0702,0.0,0.0,0.0,0.0,0.0,28.8683,0.0702,0.0,0.0,0.0,0.0,0.0,38.656,0.2862,C2,word_pos,machinerie,N,machinerie,NOM
museau,NOUN,C2,beacco,28.8683,0.0702,0.0,0.0,0.0,0.0,0.0,28.8683,0.0702,0.0,0.0,0.0,0.0,0.0,19.328,0.1431,C2,word_pos,museau,N,museau,NOM
médiologie,NOUN,C2,crf_first_attested,28.8683,0.0702,0.0,0.0,0.0,0.0,0.0,28.8683,0.0702,,,,,,,,,crf_only,médiologie,N,,
ombilical,ADJ,C2,beacco,28.8683,0.0702,0.0,0.0,0.0,0.0,0.0,28.8683,0.0702,0.0,0.0,0.0,0.0,0.0,38.656,0.2862,C2,word_pos,ombilical,A,ombilical,ADJ
ordonnancement,NOUN,C2,beacco,28.8683,0.0702,0.0,0.0,0.0,0.0,0.0,28.8683,0.0702,0.0,0.0,0.0,0.0,0.0,19.328,0.1431,C2,word_pos,ordonnancement,N,ordonnancement,NOM
outrepasser,VERB,C2,beacco,28.8683,0.0702,0.0,0.0,0.0,0.0,0.0,28.8683,0.0702,0.0,0.0,0.0,0.0,0.0,19.328,0.1431,C2,word_pos,outrepasser,V,outrepasser,VER
oxygéner,VERB,C2,beacco,28.8683,0.0702,0.0,0.0,0.0,0.0,0.0,28.8683,0.0702,0.0,0.0,0.0,0.0,0.0,19.328,0.1431,C2,word_pos,oxygéner,V,oxygéner,VER
palliatif,NOUN,C2,beacco,28.8683,0.0702,0.0,0.0,0.0,0.0,0.0,28.8683,0.0702,0.0,0.0,0.0,0.0,0.0,19.328,0.1431,C2,word_pos,palliatif,N,palliatif,NOM
patronyme,NOUN,C2,beacco,28.8683,0.0702,0.0,0.0,0.0,0.0,0.0,28.8683,0.0702,0.0,0.0,0.0,0.0,0.0,19.328,0.1431,C2,word_pos,patronyme,N,patronyme,NOM
recension,NOUN,C2,beacco,28.8683,0.0702,0.0,0.0,0.0,0.0,0.0,28.8683,0.0702,0.0,0.0,0.0,0.0,0.0,19.328,0.1431,C2,word_pos,recension,N,recension,NOM
régimer,VERB,C2,crf_first_attested,28.8683,0.0702,0.0,0.0,0.0,0.0,0.0,28.8683,0.0702,,,,,,,,,crf_only,régimer,V,,
rôle - clé,NOUN,C2,crf_first_attested,28.8683,0.0702,0.0,0.0,0.0,0.0,0.0,28.8683,0.0702,,,,,,,,,crf_only,rôle - clé,N,,
simplifié,ADJ,C2,crf_first_attested,28.8683,0.0702,0.0,0.0,0.0,0.0,0.0,28.8683,0.0702,,,,,,,,,crf_only,simplifié,A,,
surproduction,NOUN,C2,beacco,28.8683,0.0702,0.0,0.0,0.0,0.0,0.0,28.8683,0.0702,0.0,0.0,0.0,0.0,0.0,19.328,0.1431,C2,word_pos,surproduction,N,surproduction,NOM
syntagme,NOUN,C2,beacco,28.8683,0.0702,0.0,0.0,0.0,0.0,0.0,28.8683,0.0702,0.0,0.0,0.0,0.0,0.0,19.328,0.1431,C2,word_pos,syntagme,N,syntagme,NOM
travée,NOUN,C2,beacco,28.8683,0.0702,0.0,0.0,0.0,0.0,0.0,28.8683,0.0702,0.0,0.0,0.0,0.0,0.0,19.328,0.1431,C2,word_pos,travée,N,travée,NOM
vascularisation,NOUN,C2,beacco,28.8683,0.0702,0.0,0.0,0.0,0.0,0.0,28.8683,0.0702,0.0,0.0,0.0,0.0,0.0,19.328,0.1431,C2,word_pos,vascularisation,N,vascularisation,NOM
élus,NOUN,C2,crf_first_attested,28.8683,0.0702,0.0,0.0,0.0,0.0,0.0,28.8683,0.0702,,,,,,,,,crf_only,élus,N,,
émigrant,ADJ,C2,crf_first_attested,28.8683,0.0702,0.0,0.0,0.0,0.0,0.0,28.8683,0.0702,,,,,,,,,crf_only,émigrant,A,,
émigrant,NOUN,C2,beacco,28.8683,0.0702,0.0,0.0,0.0,0.0,0.0,28.8683,0.0702,0.0,0.0,0.0,0.0,0.0,38.656,0.2862,C2,word_pos,émigrant,N,émigrant,NOM
amortissement,NOUN,C2,beacco,25.9752,0.0632,0.0,0.0,0.0,0.0,0.0,25.9752,0.0632,0.0,0.0,0.0,0.0,0.0,12.833,0.0975,C2,word_pos,amortissement,N,amortissement,NOM
antinucléaire,ADJ,C2,beacco,25.9752,0.0632,0.0,0.0,0.0,0.0,0.0,25.9752,0.0632,0.0,0.0,0.0,0.0,0.0,12.833,0.0975,C2,word_pos,antinucléaire,A,antinucléaire,ADJ
crispation,NOUN,C2,beacco,25.9752,0.0632,0.0,0.0,0.0,0.0,0.0,25.9752,0.0632,0.0,0.0,0.0,0.0,0.0,25.6659,0.1951,C2,word_pos,crispation,N,crispation,NOM
insinuation,NOUN,C2,beacco,25.9752,0.0632,0.0,0.0,0.0,0.0,0.0,25.9752,0.0632,0.0,0.0,0.0,0.0,0.0,12.833,0.0975,C2,word_pos,insinuation,N,insinuation,NOM
machiste,ADJ,C2,beacco,25.9752,0.0632,0.0,0.0,0.0,0.0,0.0,25.9752,0.0632,0.0,0.0,0.0,0.0,0.0,25.6659,0.1951,C2,word_pos,machiste,A,machiste,ADJ
millénaire,ADJ,C2,beacco,25.9752,0.0632,0.0,0.0,0.0,0.0,0.0,25.9752,0.0632,0.0,0.0,0.0,0.0,0.0,12.833,0.0975,C2,word_pos,millénaire,A,millénaire,ADJ
non contre - indication,NOUN,C2,crf_first_attested,25.9752,0.0632,0.0,0.0,0.0,0.0,0.0,25.9752,0.0632,,,,,,,,,crf_only,non contre - indication,N,,
pluriannuel,ADJ,C2,beacco,25.9752,0.0632,0.0,0.0,0.0,0.0,0.0,25.9752,0.0632,0.0,0.0,0.0,0.0,0.0,12.833,0.0975,C2,word_pos,pluriannuel,A,pluriannuel,ADJ
quolibet,NOUN,C2,beacco,25.9752,0.0632,0.0,0.0,0.0,0.0,0.0,25.9752,0.0632,0.0,0.0,0.0,0.0,0.0,12.833,0.0975,C2,word_pos,quolibet,N,quolibet,NOM
réglage,NOUN,C2,beacco,25.9752,0.0632,0.0,0.0,0.0,0.0,0.0,25.9752,0.0632,0.0,0.0,0.0,0.0,0.0,25.6659,0.1951,C2,word_pos,réglage,N,réglage,NOM
sexagénaire,NOUN,C2,beacco,25.9752,0.0632,0.0,0.0,0.0,0.0,0.0,25.9752,0.0632,0.0,0.0,0.0,0.0,0.0,25.6659,0.1951,C2,word_pos,sexagénaire,N,sexagénaire,NOM
kaori,NOUN,C2,beacco,25.6659,0.1951,,,,,,,,0.0,0.0,0.0,0.0,0.0,25.6659,0.1951,C2,beacco_only,,,kaori,NOM
centrifuge,ADJ,C2,beacco,19.4814,0.4135,0.0,0.0,0.0,1.5139,0.0,19.4814,0.4135,0.0,0.0,0.0,0.0,0.0,12.833,0.0975,C2,word_pos,centrifuge,A,centrifuge,ADJ
activisme,NOUN,C2,beacco,19.4814,0.0474,0.0,0.0,0.0,0.0,0.0,19.4814,0.0474,0.0,0.0,0.0,0.0,0.0,12.833,0.0975,C2,word_pos,activisme,N,activisme,NOM
aplanir,VERB,C2,beacco,19.4814,0.0474,0.0,0.0,0.0,0.0,0.0,19.4814,0.0474,0.0,0.0,0.0,0.0,0.0,12.833,0.0975,C2,word_pos,aplanir,V,aplanir,VER
au travers,PREP,C2,crf_first_attested,19.4814,0.0474,0.0,0.0,0.0,0.0,0.0,19.4814,0.0474,,,,,,,,,crf_only,au travers,PREP,,
biomasse,NOUN,C2,beacco,19.4814,0.0474,0.0,0.0,0.0,0.0,0.0,19.4814,0.0474,0.0,0.0,0.0,0.0,0.0,12.833,0.0975,C2,word_pos,biomasse,N,biomasse,NOM
cabrer,VERB,C2,beacco,19.4814,0.0474,0.0,0.0,0.0,0.0,0.0,19.4814,0.0474,0.0,0.0,0.0,0.0,0.0,12.833,0.0975,C2,word_pos,cabrer,V,cabrer,VER
carboner,VERB,C2,crf_first_attested,19.4814,0.0474,0.0,0.0,0.0,0.0,0.0,19.4814,0.0474,,,,,,,,,crf_only,carboner,V,,
chancelier,NOUN,C2,crf_first_attested,19.4814,0.0474,0.0,0.0,0.0,0.0,0.0,19.4814,0.0474,,,,,,,,,crf_only,chancelier,N,,
colonisation,NOUN,C2,beacco,19.4814,0.0474,0.0,0.0,0.0,0.0,0.0,19.4814,0.0474,0.0,0.0,0.0,0.0,0.0,12.833,0.0975,C2,word_pos,colonisation,N,colonisation,NOM
dans la foulée de,PREP,C2,crf_first_attested,19.4814,0.0474,0.0,0.0,0.0,0.0,0.0,19.4814,0.0474,,,,,,,,,crf_only,dans la foulée de,PREP,,
directoire,NOUN,C2,crf_first_attested,19.4814,0.0474,0.0,0.0,0.0,0.0,0.0,19.4814,0.0474,,,,,,,,,crf_only,directoire,N,,
débouler,VERB,C2,beacco,19.4814,0.0474,0.0,0.0,0.0,0.0,0.0,19.4814,0.0474,0.0,0.0,0.0,0.0,0.0,12.833,0.0975,C2,word_pos,débouler,V,débouler,VER
décennal,ADJ,C2,beacco,19.4814,0.0474,0.0,0.0,0.0,0.0,0.0,19.4814,0.0474,0.0,0.0,0.0,0.0,0.0,38.4989,0.2926,C2,word_pos,décennal,A,décennal,ADJ
entériner,VERB,C2,beacco,19.4814,0.0474,0.0,0.0,0.0,0.0,0.0,19.4814,0.0474,0.0,0.0,0.0,0.0,0.0,12.833,0.0975,C2,word_pos,entériner,V,entériner,VER
faire figurer,VERB,C2,crf_first_attested,19.4814,0.0474,0.0,0.0,0.0,0.0,0.0,19.4814,0.0474,,,,,,,,,crf_only,faire figurer,V,,
franco -,NOUN,C2,crf_first_attested,19.4814,0.0474,0.0,0.0,0.0,0.0,0.0,19.4814,0.0474,,,,,,,,,crf_only,franco -,N,,
gratifier,VERB,C2,beacco,19.4814,0.0474,0.0,0.0,0.0,0.0,0.0,19.4814,0.0474,0.0,0.0,0.0,0.0,0.0,12.833,0.0975,C2,word_pos,gratifier,V,gratifier,VER
immiscer,VERB,C2,beacco,19.4814,0.0474,0.0,0.0,0.0,0.0,0.0,19.4814,0.0474,0.0,0.0,0.0,0.0,0.0,12.833,0.0975,C2,word_pos,immiscer,V,immiscer,VER
intéressé,NOUN,C2,crf_first_attested,19.4814,0.0474,0.0,0.0,0.0,0.0,0.0,19.4814,0.0474,,,,,,,,,crf_only,intéressé,N,,
kwh,NOUN,C2,crf_first_attested,19.4814,0.0474,0.0,0.0,0.0,0.0,0.0,19.4814,0.0474,,,,,,,,,crf_only,kwh,N,,
millésimer,VERB,C2,beacco,19.4814,0.0474,0.0,0.0,0.0,0.0,0.0,19.4814,0.0474,0.0,0.0,0.0,0.0,0.0,12.833,0.0975,C2,word_pos,millésimer,V,millésimer,VER
monarchiste,ADJ,C2,beacco,19.4814,0.0474,0.0,0.0,0.0,0.0,0.0,19.4814,0.0474,0.0,0.0,0.0,0.0,0.0,12.833,0.0975,C2,word_pos,monarchiste,A,monarchiste,ADJ
nonante,DET,C2,beacco,19.4814,0.0474,0.0,0.0,0.0,0.0,0.0,19.4814,0.0474,0.0,0.0,0.0,0.0,0.0,12.833,0.0975,C2,unique_word,nonante,DET,nonante,ADJ
numération,NOUN,C2,beacco,19.4814,0.0474,0.0,0.0,0.0,0.0,0.0,19.4814,0.0474,0.0,0.0,0.0,0.0,0.0,12.833,0.0975,C2,word_pos,numération,N,numération,NOM
rehaussement,NOUN,C2,beacco,19.4814,0.0474,0.0,0.0,0.0,0.0,0.0,19.4814,0.0474,0.0,0.0,0.0,0.0,0.0,38.4989,0.2926,C2,word_pos,rehaussement,N,rehaussement,NOM
reuters,NOUN,C2,crf_first_attested,19.4814,0.0474,0.0,0.0,0.0,0.0,0.0,19.4814,0.0474,,,,,,,,,crf_only,reuters,N,,
septante,ADJ,C2,crf_first_attested,19.4814,0.0474,0.0,0.0,0.0,0.0,0.0,19.4814,0.0474,,,,,,,,,crf_only,septante,A,,
à effet de,PREP,C2,crf_first_attested,19.4814,0.0474,0.0,0.0,0.0,0.0,0.0,19.4814,0.0474,,,,,,,,,crf_only,à effet de,PREP,,
émérite,ADJ,C2,beacco,19.4814,0.0474,0.0,0.0,0.0,0.0,0.0,19.4814,0.0474,0.0,0.0,0.0,0.0,0.0,12.833,0.0975,C2,word_pos,émérite,A,émérite,ADJ
amphibiens,NOUN,C2,beacco,19.328,0.1431,,,,,,,,0.0,0.0,0.0,0.0,0.0,19.328,0.1431,C2,beacco_only,,,amphibiens,NOM
atomiser,VERB,C2,beacco,19.328,0.1431,,,,,,,,0.0,0.0,0.0,0.0,0.0,19.328,0.1431,C2,beacco_only,,,atomiser,VER
baby-boom,NOUN,C2,beacco,19.328,0.1431,,,,,,,,0.0,0.0,0.0,0.0,0.0,19.328,0.1431,C2,beacco_only,,,baby-boom,NOM
conçu,ADJ,C2,beacco,19.328,0.1431,,,,,,,,0.0,0.0,0.0,0.0,0.0,19.328,0.1431,C2,beacco_only,,,conçu,ADJ
demi-soeur,NOUN,C2,beacco,19.328,0.1431,,,,,,,,0.0,0.0,0.0,0.0,0.0,19.328,0.1431,C2,beacco_only,,,demi-soeur,NOM
dédoubler,VERB,C2,beacco,19.328,0.1431,,,,,,,,0.0,0.0,0.0,0.0,0.0,19.328,0.1431,C2,beacco_only,,,dédoubler,VER
glande,NOUN,C2,beacco,19.328,0.1431,,,,,,,,0.0,0.0,0.0,0.0,0.0,19.328,0.1431,C2,beacco_only,,,glande,NOM
goutte-à-goutte,NOUN,C2,beacco,19.328,0.1431,,,,,,,,0.0,0.0,0.0,0.0,0.0,19.328,0.1431,C2,beacco_only,,,goutte-à-goutte,NOM
indéterminer,VERB,C2,beacco,19.328,0.1431,,,,,,,,0.0,0.0,0.0,0.0,0.0,19.328,0.1431,C2,beacco_only,,,indéterminer,VER
intervenant,ADJ,C2,beacco,19.328,0.1431,,,,,,,,0.0,0.0,0.0,0.0,0.0,19.328,0.1431,C2,beacco_only,,,intervenant,ADJ
laisser-aller,NOUN,C2,beacco,19.328,0.1431,,,,,,,,0.0,0.0,0.0,0.0,0.0,19.328,0.1431,C2,beacco_only,,,laisser-aller,NOM
marionnette,NOUN,C2,beacco,19.328,0.1431,,,,,,,,0.0,0.0,0.0,0.0,0.0,19.328,0.1431,C2,beacco_only,,,marionnette,NOM
médiateur,ADJ,C2,beacco,19.328,0.1431,,,,,,,,0.0,0.0,0.0,0.0,0.0,19.328,0.1431,C2,beacco_only,,,médiateur,ADJ
net,ADV,C2,beacco,19.328,0.1431,,,,,,,,0.0,0.0,0.0,0.0,0.0,19.328,0.1431,C2,beacco_only,,,net,ADV
nord-africain,ADJ,C2,beacco,19.328,0.1431,,,,,,,,0.0,0.0,0.0,0.0,0.0,19.328,0.1431,C2,beacco_only,,,nord-africain,ADJ
nouveau-né,ADJ,C2,beacco,19.328,0.1431,,,,,,,,0.0,0.0,0.0,0.0,0.0,19.328,0.1431,C2,beacco_only,,,nouveau-né,ADJ
oméga,NOUN,C2,beacco,19.328,0.1431,,,,,,,,0.0,0.0,0.0,0.0,0.0,19.328,0.1431,C2,beacco_only,,,oméga,NOM
par-delà,PREP,C2,beacco,19.328,0.1431,,,,,,,,0.0,0.0,0.0,0.0,0.0,19.328,0.1431,C2,beacco_only,,,par-delà,PRP
psychosomaticien,NOUN,C2,beacco,19.328,0.1431,,,,,,,,0.0,0.0,0.0,0.0,0.0,19.328,0.1431,C2,beacco_only,,,psychosomaticien,NOM
rassembler,NOUN,C2,beacco,19.328,0.1431,,,,,,,,0.0,0.0,0.0,0.0,0.0,19.328,0.1431,C2,beacco_only,,,rassembler,NOM
restaurateur,ADJ,C2,beacco,19.328,0.1431,,,,,,,,0.0,0.0,0.0,0.0,0.0,19.328,0.1431,C2,beacco_only,,,restaurateur,ADJ
sous-diacre,NOUN,C2,beacco,19.328,0.1431,,,,,,,,0.0,0.0,0.0,0.0,0.0,19.328,0.1431,C2,beacco_only,,,sous-diacre,NOM
suppléant,NOUN,C2,beacco,19.328,0.1431,,,,,,,,0.0,0.0,0.0,0.0,0.0,19.328,0.1431,C2,beacco_only,,,suppléant,NOM
tentateur,ADJ,C2,beacco,19.328,0.1431,,,,,,,,0.0,0.0,0.0,0.0,0.0,19.328,0.1431,C2,beacco_only,,,tentateur,ADJ
trophée,NOUN,C2,beacco,19.328,0.1431,,,,,,,,0.0,0.0,0.0,0.0,0.0,19.328,0.1431,C2,beacco_only,,,trophée,NOM
tétrapode,ADJ,C2,beacco,19.328,0.1431,,,,,,,,0.0,0.0,0.0,0.0,0.0,19.328,0.1431,C2,beacco_only,,,tétrapode,ADJ
vidé,ADJ,C2,beacco,19.328,0.1431,,,,,,,,0.0,0.0,0.0,0.0,0.0,19.328,0.1431,C2,beacco_only,,,vidé,ADJ
wolof,ADJ,C2,beacco,19.328,0.1431,,,,,,,,0.0,0.0,0.0,0.0,0.0,19.328,0.1431,C2,beacco_only,,,wolof,ADJ
acétylcholine,NOUN,C2,beacco,19.2455,0.0468,0.0,0.0,0.0,0.0,0.0,19.2455,0.0468,0.0,0.0,0.0,0.0,0.0,19.328,0.1431,C2,word_pos,acétylcholine,N,acétylcholine,NOM
assidûment,ADV,C2,beacco,19.2455,0.0468,0.0,0.0,0.0,0.0,0.0,19.2455,0.0468,0.0,0.0,0.0,0.0,0.0,19.328,0.1431,C2,word_pos,assidûment,ADV,assidûment,ADV
assurance - maladie,NOUN,C2,crf_first_attested,19.2455,0.0468,0.0,0.0,0.0,0.0,0.0,19.2455,0.0468,,,,,,,,,crf_only,assurance - maladie,N,,
atomisé,ADJ,C2,crf_first_attested,19.2455,0.0468,0.0,0.0,0.0,0.0,0.0,19.2455,0.0468,,,,,,,,,crf_only,atomisé,A,,
atonie,NOUN,C2,beacco,19.2455,0.0468,0.0,0.0,0.0,0.0,0.0,19.2455,0.0468,0.0,0.0,0.0,0.0,0.0,19.328,0.1431,C2,word_pos,atonie,N,atonie,NOM
autocritique,NOUN,C2,crf_first_attested,19.2455,0.0468,0.0,0.0,0.0,0.0,0.0,19.2455,0.0468,,,,,,,,,crf_only,autocritique,N,,
ceinture,DET,C2,crf_first_attested,19.2455,0.0468,0.0,0.0,0.0,0.0,0.0,19.2455,0.0468,,,,,,,,,crf_only,ceinture,DET,,
cléricalisme,NOUN,C2,beacco,19.2455,0.0468,0.0,0.0,0.0,0.0,0.0,19.2455,0.0468,0.0,0.0,0.0,0.0,0.0,19.328,0.1431,C2,word_pos,cléricalisme,N,cléricalisme,NOM
codage,NOUN,C2,beacco,19.2455,0.0468,0.0,0.0,0.0,0.0,0.0,19.2455,0.0468,0.0,0.0,0.0,0.0,0.0,19.328,0.1431,C2,word_pos,codage,N,codage,NOM
conjoncturel,ADJ,C2,beacco,19.2455,0.0468,0.0,0.0,0.0,0.0,0.0,19.2455,0.0468,0.0,0.0,0.0,0.0,0.0,19.328,0.1431,C2,word_pos,conjoncturel,A,conjoncturel,ADJ
corvéable,ADJ,C2,beacco,19.2455,0.0468,0.0,0.0,0.0,0.0,0.0,19.2455,0.0468,0.0,0.0,0.0,0.0,0.0,19.328,0.1431,C2,word_pos,corvéable,A,corvéable,ADJ
de plus près,ADV,C2,crf_first_attested,19.2455,0.0468,0.0,0.0,0.0,0.0,0.0,19.2455,0.0468,,,,,,,,,crf_only,de plus près,ADV,,
diacre,NOUN,C2,beacco,19.2455,0.0468,0.0,0.0,0.0,0.0,0.0,19.2455,0.0468,0.0,0.0,0.0,0.0,0.0,19.328,0.1431,C2,word_pos,diacre,N,diacre,NOM
déceler,VERB,C2,beacco,19.2455,0.0468,0.0,0.0,0.0,0.0,0.0,19.2455,0.0468,0.0,0.0,0.0,0.0,0.0,19.328,0.1431,C2,word_pos,déceler,V,déceler,VER
décompte,NOUN,C2,beacco,19.2455,0.0468,0.0,0.0,0.0,0.0,0.0,19.2455,0.0468,0.0,0.0,0.0,0.0,0.0,19.328,0.1431,C2,word_pos,décompte,N,décompte,NOM
en continu,ADV,C2,crf_first_attested,19.2455,0.0468,0.0,0.0,0.0,0.0,0.0,19.2455,0.0468,,,,,,,,,crf_only,en continu,ADV,,
entremise,NOUN,C2,beacco,19.2455,0.0468,0.0,0.0,0.0,0.0,0.0,19.2455,0.0468,0.0,0.0,0.0,0.0,0.0,19.328,0.1431,C2,word_pos,entremise,N,entremise,NOM
exclusif,ADJ,C2,beacco,19.2455,0.0468,0.0,0.0,0.0,0.0,0.0,19.2455,0.0468,0.0,0.0,0.0,0.0,0.0,19.328,0.1431,C2,word_pos,exclusif,A,exclusif,ADJ
exponentiel,ADJ,C2,beacco,19.2455,0.0468,0.0,0.0,0.0,0.0,0.0,19.2455,0.0468,0.0,0.0,0.0,0.0,0.0,19.328,0.1431,C2,word_pos,exponentiel,A,exponentiel,ADJ
foetal,ADJ,C2,beacco,19.2455,0.0468,0.0,0.0,0.0,0.0,0.0,19.2455,0.0468,0.0,0.0,0.0,0.0,0.0,38.656,0.2862,C2,word_pos,foetal,A,foetal,ADJ
fragilisation,NOUN,C2,beacco,19.2455,0.0468,0.0,0.0,0.0,0.0,0.0,19.2455,0.0468,0.0,0.0,0.0,0.0,0.0,19.328,0.1431,C2,word_pos,fragilisation,N,fragilisation,NOM
fratrie,NOUN,C2,beacco,19.2455,0.0468,0.0,0.0,0.0,0.0,0.0,19.2455,0.0468,0.0,0.0,0.0,0.0,0.0,19.328,0.1431,C2,word_pos,fratrie,N,fratrie,NOM
glandes,NOUN,C2,crf_first_attested,19.2455,0.0468,0.0,0.0,0.0,0.0,0.0,19.2455,0.0468,,,,,,,,,crf_only,glandes,N,,
goutte - à - goutte,NOUN,C2,crf_first_attested,19.2455,0.0468,0.0,0.0,0.0,0.0,0.0,19.2455,0.0468,,,,,,,,,crf_only,goutte - à - goutte,N,,
guignol,NOUN,C2,beacco,19.2455,0.0468,0.0,0.0,0.0,0.0,0.0,19.2455,0.0468,0.0,0.0,0.0,0.0,0.0,19.328,0.1431,C2,word_pos,guignol,N,guignol,NOM
hiatus,NOUN,C2,beacco,19.2455,0.0468,0.0,0.0,0.0,0.0,0.0,19.2455,0.0468,0.0,0.0,0.0,0.0,0.0,19.328,0.1431,C2,word_pos,hiatus,N,hiatus,NOM
identique,NOUN,C2,crf_first_attested,19.2455,0.0468,0.0,0.0,0.0,0.0,0.0,19.2455,0.0468,,,,,,,,,crf_only,identique,N,,
indéniablement,ADV,C2,beacco,19.2455,0.0468,0.0,0.0,0.0,0.0,0.0,19.2455,0.0468,0.0,0.0,0.0,0.0,0.0,19.328,0.1431,C2,word_pos,indéniablement,ADV,indéniablement,ADV
ingénu,ADJ,C2,beacco,19.2455,0.0468,0.0,0.0,0.0,0.0,0.0,19.2455,0.0468,0.0,0.0,0.0,0.0,0.0,19.328,0.1431,C2,word_pos,ingénu,A,ingénu,ADJ
instrumental,ADJ,C2,beacco,19.2455,0.0468,0.0,0.0,0.0,0.0,0.0,19.2455,0.0468,0.0,0.0,0.0,0.0,0.0,19.328,0.1431,C2,word_pos,instrumental,A,instrumental,ADJ
irresponsabilité,NOUN,C2,beacco,19.2455,0.0468,0.0,0.0,0.0,0.0,0.0,19.2455,0.0468,0.0,0.0,0.0,0.0,0.0,19.328,0.1431,C2,word_pos,irresponsabilité,N,irresponsabilité,NOM
karaté,NOUN,C2,beacco,19.2455,0.0468,0.0,0.0,0.0,0.0,0.0,19.2455,0.0468,0.0,0.0,0.0,0.0,0.0,19.328,0.1431,C2,word_pos,karaté,N,karaté,NOM
kussu,X,C2,crf_first_attested,19.2455,0.0468,0.0,0.0,0.0,0.0,0.0,19.2455,0.0468,,,,,,,,,crf_only,kussu,X,,
masochisme,NOUN,C2,beacco,19.2455,0.0468,0.0,0.0,0.0,0.0,0.0,19.2455,0.0468,0.0,0.0,0.0,0.0,0.0,19.328,0.1431,C2,word_pos,masochisme,N,masochisme,NOM
myriam,NOUN,C2,crf_first_attested,19.2455,0.0468,0.0,0.0,0.0,0.0,0.0,19.2455,0.0468,,,,,,,,,crf_only,myriam,N,,
neuroprotecteur,ADJ,C2,crf_first_attested,19.2455,0.0468,0.0,0.0,0.0,0.0,0.0,19.2455,0.0468,,,,,,,,,crf_only,neuroprotecteur,A,,
neurostéroïdes,NOUN,C2,crf_first_attested,19.2455,0.0468,0.0,0.0,0.0,0.0,0.0,19.2455,0.0468,,,,,,,,,crf_only,neurostéroïdes,N,,
neurotransmetteur,NOUN,C2,beacco,19.2455,0.0468,0.0,0.0,0.0,0.0,0.0,19.2455,0.0468,0.0,0.0,0.0,0.0,0.0,19.328,0.1431,C2,word_pos,neurotransmetteur,N,neurotransmetteur,NOM
nuptialité,NOUN,C2,beacco,19.2455,0.0468,0.0,0.0,0.0,0.0,0.0,19.2455,0.0468,0.0,0.0,0.0,0.0,0.0,19.328,0.1431,C2,word_pos,nuptialité,N,nuptialité,NOM
oecuménisme,NOUN,C2,beacco,19.2455,0.0468,0.0,0.0,0.0,0.0,0.0,19.2455,0.0468,0.0,0.0,0.0,0.0,0.0,19.328,0.1431,C2,word_pos,oecuménisme,N,oecuménisme,NOM
ostracisme,NOUN,C2,beacco,19.2455,0.0468,0.0,0.0,0.0,0.0,0.0,19.2455,0.0468,0.0,0.0,0.0,0.0,0.0,19.328,0.1431,C2,word_pos,ostracisme,N,ostracisme,NOM
oxydant,ADJ,C2,beacco,19.2455,0.0468,0.0,0.0,0.0,0.0,0.0,19.2455,0.0468,0.0,0.0,0.0,0.0,0.0,19.328,0.1431,C2,word_pos,oxydant,A,oxydant,ADJ
paillé,NOUN,C2,crf_first_attested,19.2455,0.0468,0.0,0.0,0.0,0.0,0.0,19.2455,0.0468,,,,,,,,,crf_only,paillé,N,,
par - delà,PREP,C2,crf_first_attested,19.2455,0.0468,0.0,0.0,0.0,0.0,0.0,19.2455,0.0468,,,,,,,,,crf_only,par - delà,PREP,,
postérieur,ADJ,C2,beacco,19.2455,0.0468,0.0,0.0,0.0,0.0,0.0,19.2455,0.0468,0.0,0.0,0.0,0.0,0.0,19.328,0.1431,C2,word_pos,postérieur,A,postérieur,ADJ
potentiation,NOUN,C2,crf_first_attested,19.2455,0.0468,0.0,0.0,0.0,0.0,0.0,19.2455,0.0468,,,,,,,,,crf_only,potentiation,N,,
prolétariat,NOUN,C2,beacco,19.2455,0.0468,0.0,0.0,0.0,0.0,0.0,19.2455,0.0468,0.0,0.0,0.0,0.0,0.0,19.328,0.1431,C2,word_pos,prolétariat,N,prolétariat,NOM
quid,NOUN,C2,crf_first_attested,19.2455,0.0468,0.0,0.0,0.0,0.0,0.0,19.2455,0.0468,,,,,,,,,crf_only,quid,N,,
renversement,NOUN,C2,beacco,19.2455,0.0468,0.0,0.0,0.0,0.0,0.0,19.2455,0.0468,0.0,0.0,0.0,0.0,0.0,19.328,0.1431,C2,word_pos,renversement,N,renversement,NOM
repérable,ADJ,C2,beacco,19.2455,0.0468,0.0,0.0,0.0,0.0,0.0,19.2455,0.0468,0.0,0.0,0.0,0.0,0.0,19.328,0.1431,C2,word_pos,repérable,A,repérable,ADJ
res,VERB,C2,crf_first_attested,19.2455,0.0468,0.0,0.0,0.0,0.0,0.0,19.2455,0.0468,,,,,,,,,crf_only,res,V,,
statutaire,ADJ,C2,beacco,19.2455,0.0468,0.0,0.0,0.0,0.0,0.0,19.2455,0.0468,0.0,0.0,0.0,0.0,0.0,19.328,0.1431,C2,word_pos,statutaire,A,statutaire,ADJ
suppléer,VERB,C2,crf_first_attested,19.2455,0.0468,0.0,0.0,0.0,0.0,0.0,19.2455,0.0468,,,,,,,,,crf_only,suppléer,V,,
surrénal,ADJ,C2,beacco,19.2455,0.0468,0.0,0.0,0.0,0.0,0.0,19.2455,0.0468,0.0,0.0,0.0,0.0,0.0,19.328,0.1431,C2,word_pos,surrénal,A,surrénal,ADJ
synaptique,ADJ,C2,beacco,19.2455,0.0468,0.0,0.0,0.0,0.0,0.0,19.2455,0.0468,0.0,0.0,0.0,0.0,0.0,19.328,0.1431,C2,word_pos,synaptique,A,synaptique,ADJ
taillable,ADJ,C2,beacco,19.2455,0.0468,0.0,0.0,0.0,0.0,0.0,19.2455,0.0468,0.0,0.0,0.0,0.0,0.0,19.328,0.1431,C2,word_pos,taillable,A,taillable,ADJ
talks,NOUN,C2,crf_first_attested,19.2455,0.0468,0.0,0.0,0.0,0.0,0.0,19.2455,0.0468,,,,,,,,,crf_only,talks,N,,
vacation,NOUN,C2,crf_first_attested,19.2455,0.0468,0.0,0.0,0.0,0.0,0.0,19.2455,0.0468,,,,,,,,,crf_only,vacation,N,,
vespéral,ADJ,C2,beacco,19.2455,0.0468,0.0,0.0,0.0,0.0,0.0,19.2455,0.0468,0.0,0.0,0.0,0.0,0.0,19.328,0.1431,C2,word_pos,vespéral,A,vespéral,ADJ
à haut niveau,ADV,C2,crf_first_attested,19.2455,0.0468,0.0,0.0,0.0,0.0,0.0,19.2455,0.0468,,,,,,,,,crf_only,à haut niveau,ADV,,
à merci,ADV,C2,crf_first_attested,19.2455,0.0468,0.0,0.0,0.0,0.0,0.0,19.2455,0.0468,,,,,,,,,crf_only,à merci,ADV,,
fictionnel,ADJ,C2,beacco,18.528,0.2993,0.0,0.0,0.0,0.0,0.0,18.528,0.2993,0.0,0.0,0.0,0.0,0.0,12.0555,0.1972,C2,word_pos,fictionnel,A,fictionnel,ADJ
heuristique,ADJ,C2,beacco,18.528,0.2993,0.0,0.0,0.0,0.0,0.0,18.528,0.2993,0.0,0.0,0.0,0.0,0.0,20.0924,0.3287,C2,word_pos,heuristique,A,heuristique,ADJ
mellifera,X,C2,crf_first_attested,18.528,0.2993,0.0,0.0,0.0,0.0,0.0,18.528,0.2993,,,,,,,,,crf_only,mellifera,X,,
séquençage,NOUN,C2,beacco,18.528,0.2993,0.0,0.0,0.0,0.0,0.0,18.528,0.2993,0.0,0.0,0.0,0.0,0.0,12.0555,0.1972,C2,word_pos,séquençage,N,séquençage,NOM
décryptage,NOUN,C2,crf_first_attested,16.4693,0.266,0.0,0.0,0.0,0.0,0.0,16.4693,0.266,,,,,,,,,crf_only,décryptage,N,,
apis,X,C2,crf_first_attested,14.4107,0.2328,0.0,0.0,0.0,0.0,0.0,14.4107,0.2328,,,,,,,,,crf_only,apis,X,,
drosophile,NOUN,C2,beacco,14.4107,0.2328,0.0,0.0,0.0,0.0,0.0,14.4107,0.2328,0.0,0.0,0.0,0.0,0.0,8.037,0.1315,C2,word_pos,drosophile,N,drosophile,NOM
palimpseste,NOUN,C2,beacco,14.4107,0.2328,0.0,0.0,0.0,0.0,0.0,14.4107,0.2328,0.0,0.0,0.0,0.0,0.0,4.0185,0.0657,C2,word_pos,palimpseste,N,palimpseste,NOM
argumentaire,NOUN,C2,beacco,12.9876,0.0316,0.0,0.0,0.0,0.0,0.0,12.9876,0.0316,0.0,0.0,0.0,0.0,0.0,12.833,0.0975,C2,word_pos,argumentaire,N,argumentaire,NOM
au alentours de,PREP,C2,crf_first_attested,12.9876,0.0316,0.0,0.0,0.0,0.0,0.0,12.9876,0.0316,,,,,,,,,crf_only,au alentours de,PREP,,
audiencia,X,C2,crf_first_attested,12.9876,0.0316,0.0,0.0,0.0,0.0,0.0,12.9876,0.0316,,,,,,,,,crf_only,audiencia,X,,
berceau,NOUN,C2,beacco,12.9876,0.0316,0.0,0.0,0.0,0.0,0.0,12.9876,0.0316,0.0,0.0,0.0,0.0,0.0,12.833,0.0975,C2,word_pos,berceau,N,berceau,NOM
buton,NOUN,C2,crf_first_attested,12.9876,0.0316,0.0,0.0,0.0,0.0,0.0,12.9876,0.0316,,,,,,,,,crf_only,buton,N,,
combiné,ADJ,C2,crf_first_attested,12.9876,0.0316,0.0,0.0,0.0,0.0,0.0,12.9876,0.0316,,,,,,,,,crf_only,combiné,A,,
concocter,VERB,C2,beacco,12.9876,0.0316,0.0,0.0,0.0,0.0,0.0,12.9876,0.0316,0.0,0.0,0.0,0.0,0.0,25.6659,0.1951,C2,word_pos,concocter,V,concocter,VER
conforter,VERB,C2,beacco,12.9876,0.0316,0.0,0.0,0.0,0.0,0.0,12.9876,0.0316,0.0,0.0,0.0,0.0,0.0,12.833,0.0975,C2,word_pos,conforter,V,conforter,VER
construire,NOUN,C2,crf_first_attested,12.9876,0.0316,0.0,0.0,0.0,0.0,0.0,12.9876,0.0316,,,,,,,,,crf_only,construire,N,,
dangerosité,NOUN,C2,crf_first_attested,12.9876,0.0316,0.0,0.0,0.0,0.0,0.0,12.9876,0.0316,,,,,,,,,crf_only,dangerosité,N,,
disparité,NOUN,C2,beacco,12.9876,0.0316,0.0,0.0,0.0,0.0,0.0,12.9876,0.0316,0.0,0.0,0.0,0.0,0.0,12.833,0.0975,C2,word_pos,disparité,N,disparité,NOM
détracteur,NOUN,C2,beacco,12.9876,0.0316,0.0,0.0,0.0,0.0,0.0,12.9876,0.0316,0.0,0.0,0.0,0.0,0.0,12.833,0.0975,C2,word_pos,détracteur,N,détracteur,NOM
en pleine nuit et pas,ADV,C2,crf_first_attested,12.9876,0.0316,0.0,0.0,0.0,0.0,0.0,12.9876,0.0316,,,,,,,,,crf_only,en pleine nuit et pas,ADV,,
extrapoler,VERB,C2,beacco,12.9876,0.0316,0.0,0.0,0.0,0.0,0.0,12.9876,0.0316,0.0,0.0,0.0,0.0,0.0,12.833,0.0975,C2,word_pos,extrapoler,V,extrapoler,VER
exulter,VERB,C2,beacco,12.9876,0.0316,0.0,0.0,0.0,0.0,0.0,12.9876,0.0316,0.0,0.0,0.0,0.0,0.0,12.833,0.0975,C2,word_pos,exulter,V,exulter,VER
friand,ADJ,C2,beacco,12.9876,0.0316,0.0,0.0,0.0,0.0,0.0,12.9876,0.0316,0.0,0.0,0.0,0.0,0.0,12.833,0.0975,C2,word_pos,friand,A,friand,ADJ
i - mode,NOUN,C2,crf_first_attested,12.9876,0.0316,0.0,0.0,0.0,0.0,0.0,12.9876,0.0316,,,,,,,,,crf_only,i - mode,N,,
immobilisation,NOUN,C2,beacco,12.9876,0.0316,0.0,0.0,0.0,0.0,0.0,12.9876,0.0316,0.0,0.0,0.0,0.0,0.0,12.833,0.0975,C2,word_pos,immobilisation,N,immobilisation,NOM
imparable,ADJ,C2,beacco,12.9876,0.0316,0.0,0.0,0.0,0.0,0.0,12.9876,0.0316,0.0,0.0,0.0,0.0,0.0,12.833,0.0975,C2,word_pos,imparable,A,imparable,ADJ
incitation,NOUN,C2,beacco,12.9876,0.0316,0.0,0.0,0.0,0.0,0.0,12.9876,0.0316,0.0,0.0,0.0,0.0,0.0,12.833,0.0975,C2,word_pos,incitation,N,incitation,NOM
irriguer,VERB,C2,beacco,12.9876,0.0316,0.0,0.0,0.0,0.0,0.0,12.9876,0.0316,0.0,0.0,0.0,0.0,0.0,12.833,0.0975,C2,word_pos,irriguer,V,irriguer,VER
kilowattheure,NOUN,C2,beacco,12.9876,0.0316,0.0,0.0,0.0,0.0,0.0,12.9876,0.0316,0.0,0.0,0.0,0.0,0.0,12.833,0.0975,C2,word_pos,kilowattheure,N,kilowattheure,NOM
leucémie,NOUN,C2,beacco,12.9876,0.0316,0.0,0.0,0.0,0.0,0.0,12.9876,0.0316,0.0,0.0,0.0,0.0,0.0,12.833,0.0975,C2,word_pos,leucémie,N,leucémie,NOM
magistrature,NOUN,C2,beacco,12.9876,0.0316,0.0,0.0,0.0,0.0,0.0,12.9876,0.0316,0.0,0.0,0.0,0.0,0.0,12.833,0.0975,C2,word_pos,magistrature,N,magistrature,NOM
micro - web,NOUN,C2,crf_first_attested,12.9876,0.0316,0.0,0.0,0.0,0.0,0.0,12.9876,0.0316,,,,,,,,,crf_only,micro - web,N,,
nacional,X,C2,crf_first_attested,12.9876,0.0316,0.0,0.0,0.0,0.0,0.0,12.9876,0.0316,,,,,,,,,crf_only,nacional,X,,
non contre,ADV,C2,crf_first_attested,12.9876,0.0316,0.0,0.0,0.0,0.0,0.0,12.9876,0.0316,,,,,,,,,crf_only,non contre,ADV,,
négoce,NOUN,C2,beacco,12.9876,0.0316,0.0,0.0,0.0,0.0,0.0,12.9876,0.0316,0.0,0.0,0.0,0.0,0.0,12.833,0.0975,C2,word_pos,négoce,N,négoce,NOM
percutant,ADJ,C2,beacco,12.9876,0.0316,0.0,0.0,0.0,0.0,0.0,12.9876,0.0316,0.0,0.0,0.0,0.0,0.0,12.833,0.0975,C2,word_pos,percutant,A,percutant,ADJ
planté,ADJ,C2,crf_first_attested,12.9876,0.0316,0.0,0.0,0.0,0.0,0.0,12.9876,0.0316,,,,,,,,,crf_only,planté,A,,
potentiellement,ADV,C2,beacco,12.9876,0.0316,0.0,0.0,0.0,0.0,0.0,12.9876,0.0316,0.0,0.0,0.0,0.0,0.0,12.833,0.0975,C2,word_pos,potentiellement,ADV,potentiellement,ADV
pp,NOUN,C2,crf_first_attested,12.9876,0.0316,0.0,0.0,0.0,0.0,0.0,12.9876,0.0316,,,,,,,,,crf_only,pp,N,,
prisé,ADJ,C2,crf_first_attested,12.9876,0.0316,0.0,0.0,0.0,0.0,0.0,12.9876,0.0316,,,,,,,,,crf_only,prisé,A,,
psychosomatique,ADJ,C2,beacco,12.9876,0.0316,0.0,0.0,0.0,0.0,0.0,12.9876,0.0316,0.0,0.0,0.0,0.0,0.0,12.833,0.0975,C2,word_pos,psychosomatique,A,psychosomatique,ADJ
raviver,VERB,C2,beacco,12.9876,0.0316,0.0,0.0,0.0,0.0,0.0,12.9876,0.0316,0.0,0.0,0.0,0.0,0.0,25.6659,0.1951,C2,word_pos,raviver,V,raviver,VER
rhodanien,ADJ,C2,beacco,12.9876,0.0316,0.0,0.0,0.0,0.0,0.0,12.9876,0.0316,0.0,0.0,0.0,0.0,0.0,25.6659,0.1951,C2,word_pos,rhodanien,A,rhodanien,ADJ
solaire,NOUN,C2,crf_first_attested,12.9876,0.0316,0.0,0.0,0.0,0.0,0.0,12.9876,0.0316,,,,,,,,,crf_only,solaire,N,,
soudoyer,VERB,C2,beacco,12.9876,0.0316,0.0,0.0,0.0,0.0,0.0,12.9876,0.0316,0.0,0.0,0.0,0.0,0.0,12.833,0.0975,C2,word_pos,soudoyer,V,soudoyer,VER
souris,ADJ,C2,crf_first_attested,12.9876,0.0316,0.0,0.0,0.0,0.0,0.0,12.9876,0.0316,,,,,,,,,crf_only,souris,A,,
squelettique,ADJ,C2,beacco,12.9876,0.0316,0.0,0.0,0.0,0.0,0.0,12.9876,0.0316,0.0,0.0,0.0,0.0,0.0,12.833,0.0975,C2,word_pos,squelettique,A,squelettique,ADJ
start - up,NOUN,C2,crf_first_attested,12.9876,0.0316,0.0,0.0,0.0,0.0,0.0,12.9876,0.0316,,,,,,,,,crf_only,start - up,N,,
story,NOUN,C2,crf_first_attested,12.9876,0.0316,0.0,0.0,0.0,0.0,0.0,12.9876,0.0316,,,,,,,,,crf_only,story,N,,
success,ADJ,C2,crf_first_attested,12.9876,0.0316,0.0,0.0,0.0,0.0,0.0,12.9876,0.0316,,,,,,,,,crf_only,success,A,,
sédentaire,NOUN,C2,beacco,12.9876,0.0316,0.0,0.0,0.0,0.0,0.0,12.9876,0.0316,0.0,0.0,0.0,0.0,0.0,25.6659,0.1951,C2,word_pos,sédentaire,N,sédentaire,NOM
talonner,VERB,C2,beacco,12.9876,0.0316,0.0,0.0,0.0,0.0,0.0,12.9876,0.0316,0.0,0.0,0.0,0.0,0.0,12.833,0.0975,C2,word_pos,talonner,V,talonner,VER
techo,NOUN,C2,crf_first_attested,12.9876,0.0316,0.0,0.0,0.0,0.0,0.0,12.9876,0.0316,,,,,,,,,crf_only,techo,N,,
transgresser,VERB,C2,beacco,12.9876,0.0316,0.0,0.0,0.0,0.0,0.0,12.9876,0.0316,0.0,0.0,0.0,0.0,0.0,12.833,0.0975,C2,word_pos,transgresser,V,transgresser,VER
transpiration,NOUN,C2,beacco,12.9876,0.0316,0.0,0.0,0.0,0.0,0.0,12.9876,0.0316,0.0,0.0,0.0,0.0,0.0,12.833,0.0975,C2,word_pos,transpiration,N,transpiration,NOM
traumatisant,ADJ,C2,beacco,12.9876,0.0316,0.0,0.0,0.0,0.0,0.0,12.9876,0.0316,0.0,0.0,0.0,0.0,0.0,12.833,0.0975,C2,word_pos,traumatisant,A,traumatisant,ADJ
turbine,NOUN,C2,beacco,12.9876,0.0316,0.0,0.0,0.0,0.0,0.0,12.9876,0.0316,0.0,0.0,0.0,0.0,0.0,12.833,0.0975,C2,word_pos,turbine,N,turbine,NOM
échocardiographie,NOUN,C2,crf_first_attested,12.9876,0.0316,0.0,0.0,0.0,0.0,0.0,12.9876,0.0316,,,,,,,,,crf_only,échocardiographie,N,,
édifiant,ADJ,C2,beacco,12.9876,0.0316,0.0,0.0,0.0,0.0,0.0,12.9876,0.0316,0.0,0.0,0.0,0.0,0.0,25.6659,0.1951,C2,word_pos,édifiant,A,édifiant,ADJ
éjection,NOUN,C2,beacco,12.9876,0.0316,0.0,0.0,0.0,0.0,0.0,12.9876,0.0316,0.0,0.0,0.0,0.0,0.0,12.833,0.0975,C2,word_pos,éjection,N,éjection,NOM
électrocardiogramme,NOUN,C2,beacco,12.9876,0.0316,0.0,0.0,0.0,0.0,0.0,12.9876,0.0316,0.0,0.0,0.0,0.0,0.0,12.833,0.0975,C2,word_pos,électrocardiogramme,N,électrocardiogramme,NOM
éviction,NOUN,C2,beacco,12.9876,0.0316,0.0,0.0,0.0,0.0,0.0,12.9876,0.0316,0.0,0.0,0.0,0.0,0.0,12.833,0.0975,C2,word_pos,éviction,N,éviction,NOM
évincer,VERB,C2,beacco,12.9876,0.0316,0.0,0.0,0.0,0.0,0.0,12.9876,0.0316,0.0,0.0,0.0,0.0,0.0,12.833,0.0975,C2,word_pos,évincer,V,évincer,VER
acide,ADJ,C2,beacco,12.833,0.0975,,,,,,,,0.0,0.0,0.0,0.0,0.0,12.833,0.0975,C2,beacco_only,,,acide,ADJ
bénigne,ADJ,C2,beacco,12.833,0.0975,,,,,,,,0.0,0.0,0.0,0.0,0.0,12.833,0.0975,C2,beacco_only,,,bénigne,ADJ
carboné,ADJ,C2,beacco,12.833,0.0975,,,,,,,,0.0,0.0,0.0,0.0,0.0,12.833,0.0975,C2,beacco_only,,,carboné,ADJ
chancelière,NOUN,C2,beacco,12.833,0.0975,,,,,,,,0.0,0.0,0.0,0.0,0.0,12.833,0.0975,C2,beacco_only,,,chancelière,NOM
duel,ADJ,C2,beacco,12.833,0.0975,,,,,,,,0.0,0.0,0.0,0.0,0.0,12.833,0.0975,C2,beacco_only,,,duel,ADJ
franco-provençal,NOUN,C2,beacco,12.833,0.0975,,,,,,,,0.0,0.0,0.0,0.0,0.0,12.833,0.0975,C2,beacco_only,,,franco-provençal,NOM
oligo-élément,NOUN,C2,beacco,12.833,0.0975,,,,,,,,0.0,0.0,0.0,0.0,0.0,12.833,0.0975,C2,beacco_only,,,oligo-élément,NOM
passe-passe,NOUN,C2,beacco,12.833,0.0975,,,,,,,,0.0,0.0,0.0,0.0,0.0,12.833,0.0975,C2,beacco_only,,,passe-passe,NOM
percé,ADJ,C2,beacco,12.833,0.0975,,,,,,,,0.0,0.0,0.0,0.0,0.0,12.833,0.0975,C2,beacco_only,,,percé,ADJ
recommandé,ADJ,C2,beacco,12.833,0.0975,,,,,,,,0.0,0.0,0.0,0.0,0.0,12.833,0.0975,C2,beacco_only,,,recommandé,ADJ
régulier,NOUN,C2,beacco,12.833,0.0975,,,,,,,,0.0,0.0,0.0,0.0,0.0,12.833,0.0975,C2,beacco_only,,,régulier,NOM
signalé,ADJ,C2,beacco,12.833,0.0975,,,,,,,,0.0,0.0,0.0,0.0,0.0,12.833,0.0975,C2,beacco_only,,,signalé,ADJ
énergétique,NOUN,C2,beacco,12.833,0.0975,,,,,,,,0.0,0.0,0.0,0.0,0.0,12.833,0.0975,C2,beacco_only,,,énergétique,NOM
au vrai,ADV,C2,crf_first_attested,12.352,0.1995,0.0,0.0,0.0,0.0,0.0,12.352,0.1995,,,,,,,,,crf_only,au vrai,ADV,,
en bouche,ADV,C2,crf_first_attested,12.352,0.1995,0.0,0.0,0.0,0.0,0.0,12.352,0.1995,,,,,,,,,crf_only,en bouche,ADV,,
minéralité,NOUN,C2,beacco,12.352,0.1995,0.0,0.0,0.0,0.0,0.0,12.352,0.1995,0.0,0.0,0.0,0.0,0.0,8.037,0.1315,C2,word_pos,minéralité,N,minéralité,NOM
détoxication,NOUN,C2,beacco,10.2933,0.1663,0.0,0.0,0.0,0.0,0.0,10.2933,0.1663,0.0,0.0,0.0,0.0,0.0,4.0185,0.0657,C2,word_pos,détoxication,N,détoxication,NOM
enzyme,NOUN,C2,crf_first_attested,10.2933,0.1663,0.0,0.0,0.0,0.0,0.0,10.2933,0.1663,,,,,,,,,crf_only,enzyme,N,,
leurre,NOUN,C2,beacco,10.2933,0.1663,0.0,0.0,0.0,0.0,0.0,10.2933,0.1663,0.0,0.0,0.0,0.0,0.0,12.0555,0.1972,C2,word_pos,leurre,N,leurre,NOM
mellifera,VERB,C2,crf_first_attested,10.2933,0.1663,0.0,0.0,0.0,0.0,0.0,10.2933,0.1663,,,,,,,,,crf_only,mellifera,V,,
transcription,NOUN,C2,beacco,10.2933,0.1663,0.0,0.0,0.0,0.0,0.0,10.2933,0.1663,0.0,0.0,0.0,0.0,0.0,4.0185,0.0657,C2,word_pos,transcription,N,transcription,NOM
saxon,NOUN,C2,beacco,9.6228,1.1415,0.0,5.4806,0.0,0.0,0.0,9.6228,1.1415,0.0,0.0,0.0,0.0,0.0,19.328,0.1431,C2,word_pos,saxon,N,saxon,NOM
soluble,ADJ,C2,beacco,9.6228,0.526,0.0,0.0,0.0,0.0,4.101,9.6228,0.526,0.0,0.0,0.0,0.0,0.0,19.328,0.1431,C2,word_pos,soluble,A,soluble,ADJ
abouti,ADJ,C2,crf_first_attested,9.6228,0.0234,0.0,0.0,0.0,0.0,0.0,9.6228,0.0234,,,,,,,,,crf_only,abouti,A,,
abstraction,NOUN,C2,beacco,9.6228,0.0234,0.0,0.0,0.0,0.0,0.0,9.6228,0.0234,0.0,0.0,0.0,0.0,0.0,19.328,0.1431,C2,word_pos,abstraction,N,abstraction,NOM
acacia,NOUN,C2,beacco,9.6228,0.0234,0.0,0.0,0.0,0.0,0.0,9.6228,0.0234,0.0,0.0,0.0,0.0,0.0,19.328,0.1431,C2,word_pos,acacia,N,acacia,NOM
année – lumière,NOUN,C2,crf_first_attested,9.6228,0.0234,0.0,0.0,0.0,0.0,0.0,9.6228,0.0234,,,,,,,,,crf_only,année – lumière,N,,
antifascisme,NOUN,C2,beacco,9.6228,0.0234,0.0,0.0,0.0,0.0,0.0,9.6228,0.0234,0.0,0.0,0.0,0.0,0.0,19.328,0.1431,C2,word_pos,antifascisme,N,antifascisme,NOM
atavisme,NOUN,C2,beacco,9.6228,0.0234,0.0,0.0,0.0,0.0,0.0,9.6228,0.0234,0.0,0.0,0.0,0.0,0.0,19.328,0.1431,C2,word_pos,atavisme,N,atavisme,NOM
au vice,ADV,C2,crf_first_attested,9.6228,0.0234,0.0,0.0,0.0,0.0,0.0,9.6228,0.0234,,,,,,,,,crf_only,au vice,ADV,,
autocentré,ADJ,C2,beacco,9.6228,0.0234,0.0,0.0,0.0,0.0,0.0,9.6228,0.0234,0.0,0.0,0.0,0.0,0.0,19.328,0.1431,C2,word_pos,autocentré,A,autocentré,ADJ
autonome,NOUN,C2,crf_first_attested,9.6228,0.0234,0.0,0.0,0.0,0.0,0.0,9.6228,0.0234,,,,,,,,,crf_only,autonome,N,,
autoréférentiel,ADJ,C2,beacco,9.6228,0.0234,0.0,0.0,0.0,0.0,0.0,9.6228,0.0234,0.0,0.0,0.0,0.0,0.0,19.328,0.1431,C2,word_pos,autoréférentiel,A,autoréférentiel,ADJ
autour de moi,PREP,C2,crf_first_attested,9.6228,0.0234,0.0,0.0,0.0,0.0,0.0,9.6228,0.0234,,,,,,,,,crf_only,autour de moi,PREP,,
beurgeoisie,NOUN,C2,crf_first_attested,9.6228,0.0234,0.0,0.0,0.0,0.0,0.0,9.6228,0.0234,,,,,,,,,crf_only,beurgeoisie,N,,
butiner,VERB,C2,beacco,9.6228,0.0234,0.0,0.0,0.0,0.0,0.0,9.6228,0.0234,0.0,0.0,0.0,0.0,0.0,19.328,0.1431,C2,word_pos,butiner,V,butiner,VER
béké,NOUN,C2,crf_first_attested,9.6228,0.0234,0.0,0.0,0.0,0.0,0.0,9.6228,0.0234,,,,,,,,,crf_only,béké,N,,
caché,ADJ,C2,crf_first_attested,9.6228,0.0234,0.0,0.0,0.0,0.0,0.0,9.6228,0.0234,,,,,,,,,crf_only,caché,A,,
cafetan,NOUN,C2,beacco,9.6228,0.0234,0.0,0.0,0.0,0.0,0.0,9.6228,0.0234,0.0,0.0,0.0,0.0,0.0,19.328,0.1431,C2,word_pos,cafetan,N,cafetan,NOM
caraïbe,ADJ,C2,beacco,9.6228,0.0234,0.0,0.0,0.0,0.0,0.0,9.6228,0.0234,0.0,0.0,0.0,0.0,0.0,19.328,0.1431,C2,word_pos,caraïbe,A,caraïbe,ADJ
carcan,NOUN,C2,beacco,9.6228,0.0234,0.0,0.0,0.0,0.0,0.0,9.6228,0.0234,0.0,0.0,0.0,0.0,0.0,19.328,0.1431,C2,word_pos,carcan,N,carcan,NOM
chantre,NOUN,C2,beacco,9.6228,0.0234,0.0,0.0,0.0,0.0,0.0,9.6228,0.0234,0.0,0.0,0.0,0.0,0.0,19.328,0.1431,C2,word_pos,chantre,N,chantre,NOM
clairvoyance,NOUN,C2,beacco,9.6228,0.0234,0.0,0.0,0.0,0.0,0.0,9.6228,0.0234,0.0,0.0,0.0,0.0,0.0,19.328,0.1431,C2,word_pos,clairvoyance,N,clairvoyance,NOM
cliver,VERB,C2,beacco,9.6228,0.0234,0.0,0.0,0.0,0.0,0.0,9.6228,0.0234,0.0,0.0,0.0,0.0,0.0,19.328,0.1431,C2,word_pos,cliver,V,cliver,VER
contractualiser,VERB,C2,crf_first_attested,9.6228,0.0234,0.0,0.0,0.0,0.0,0.0,9.6228,0.0234,,,,,,,,,crf_only,contractualiser,V,,
contractuel,NOUN,C2,beacco,9.6228,0.0234,0.0,0.0,0.0,0.0,0.0,9.6228,0.0234,0.0,0.0,0.0,0.0,0.0,19.328,0.1431,C2,word_pos,contractuel,N,contractuel,NOM
contrasté,ADJ,C2,crf_first_attested,9.6228,0.0234,0.0,0.0,0.0,0.0,0.0,9.6228,0.0234,,,,,,,,,crf_only,contrasté,A,,
contrebalancer,VERB,C2,beacco,9.6228,0.0234,0.0,0.0,0.0,0.0,0.0,9.6228,0.0234,0.0,0.0,0.0,0.0,0.0,19.328,0.1431,C2,word_pos,contrebalancer,V,contrebalancer,VER
contrepoint,NOUN,C2,beacco,9.6228,0.0234,0.0,0.0,0.0,0.0,0.0,9.6228,0.0234,0.0,0.0,0.0,0.0,0.0,19.328,0.1431,C2,word_pos,contrepoint,N,contrepoint,NOM
corriere,NOUN,C2,crf_first_attested,9.6228,0.0234,0.0,0.0,0.0,0.0,0.0,9.6228,0.0234,,,,,,,,,crf_only,corriere,N,,
corrélation,NOUN,C2,beacco,9.6228,0.0234,0.0,0.0,0.0,0.0,0.0,9.6228,0.0234,0.0,0.0,0.0,0.0,0.0,19.328,0.1431,C2,word_pos,corrélation,N,corrélation,NOM
cotation,NOUN,C2,beacco,9.6228,0.0234,0.0,0.0,0.0,0.0,0.0,9.6228,0.0234,0.0,0.0,0.0,0.0,0.0,19.328,0.1431,C2,word_pos,cotation,N,cotation,NOM
cotiser,VERB,C2,beacco,9.6228,0.0234,0.0,0.0,0.0,0.0,0.0,9.6228,0.0234,0.0,0.0,0.0,0.0,0.0,19.328,0.1431,C2,word_pos,cotiser,V,cotiser,VER
cristallisé,ADJ,C2,crf_first_attested,9.6228,0.0234,0.0,0.0,0.0,0.0,0.0,9.6228,0.0234,,,,,,,,,crf_only,cristallisé,A,,
della,X,C2,crf_first_attested,9.6228,0.0234,0.0,0.0,0.0,0.0,0.0,9.6228,0.0234,,,,,,,,,crf_only,della,X,,
dessous,PREP,C2,crf_first_attested,9.6228,0.0234,0.0,0.0,0.0,0.0,0.0,9.6228,0.0234,,,,,,,,,crf_only,dessous,PREP,,
distorsion,NOUN,C2,beacco,9.6228,0.0234,0.0,0.0,0.0,0.0,0.0,9.6228,0.0234,0.0,0.0,0.0,0.0,0.0,19.328,0.1431,C2,word_pos,distorsion,N,distorsion,NOM
docile,ADJ,C2,beacco,9.6228,0.0234,0.0,0.0,0.0,0.0,0.0,9.6228,0.0234,0.0,0.0,0.0,0.0,0.0,19.328,0.1431,C2,word_pos,docile,A,docile,ADJ
donc d' emblée,ADV,C2,crf_first_attested,9.6228,0.0234,0.0,0.0,0.0,0.0,0.0,9.6228,0.0234,,,,,,,,,crf_only,donc d' emblée,ADV,,
décréolisé,ADJ,C2,crf_first_attested,9.6228,0.0234,0.0,0.0,0.0,0.0,0.0,9.6228,0.0234,,,,,,,,,crf_only,décréolisé,A,,
dédoublé,NOUN,C2,crf_first_attested,9.6228,0.0234,0.0,0.0,0.0,0.0,0.0,9.6228,0.0234,,,,,,,,,crf_only,dédoublé,N,,
dégras,NOUN,C2,beacco,9.6228,0.0234,0.0,0.0,0.0,0.0,0.0,9.6228,0.0234,0.0,0.0,0.0,0.0,0.0,19.328,0.1431,C2,word_pos,dégras,N,dégras,NOM
délégitimation,NOUN,C2,crf_first_attested,9.6228,0.0234,0.0,0.0,0.0,0.0,0.0,9.6228,0.0234,,,,,,,,,crf_only,délégitimation,N,,
délétère,ADJ,C2,beacco,9.6228,0.0234,0.0,0.0,0.0,0.0,0.0,9.6228,0.0234,0.0,0.0,0.0,0.0,0.0,19.328,0.1431,C2,word_pos,délétère,A,délétère,ADJ
déontologique,ADJ,C2,beacco,9.6228,0.0234,0.0,0.0,0.0,0.0,0.0,9.6228,0.0234,0.0,0.0,0.0,0.0,0.0,19.328,0.1431,C2,word_pos,déontologique,A,déontologique,ADJ
déscolariser,VERB,C2,crf_first_attested,9.6228,0.0234,0.0,0.0,0.0,0.0,0.0,9.6228,0.0234,,,,,,,,,crf_only,déscolariser,V,,
embryonnaire,ADJ,C2,beacco,9.6228,0.0234,0.0,0.0,0.0,0.0,0.0,9.6228,0.0234,0.0,0.0,0.0,0.0,0.0,19.328,0.1431,C2,word_pos,embryonnaire,A,embryonnaire,ADJ
en reste,ADV,C2,crf_first_attested,9.6228,0.0234,0.0,0.0,0.0,0.0,0.0,9.6228,0.0234,,,,,,,,,crf_only,en reste,ADV,,
entertainment,NOUN,C2,crf_first_attested,9.6228,0.0234,0.0,0.0,0.0,0.0,0.0,9.6228,0.0234,,,,,,,,,crf_only,entertainment,N,,
estomper,VERB,C2,beacco,9.6228,0.0234,0.0,0.0,0.0,0.0,0.0,9.6228,0.0234,0.0,0.0,0.0,0.0,0.0,19.328,0.1431,C2,word_pos,estomper,V,estomper,VER
expérimentalement,ADV,C2,beacco,9.6228,0.0234,0.0,0.0,0.0,0.0,0.0,9.6228,0.0234,0.0,0.0,0.0,0.0,0.0,19.328,0.1431,C2,word_pos,expérimentalement,ADV,expérimentalement,ADV
faiseur,NOUN,C2,beacco,9.6228,0.0234,0.0,0.0,0.0,0.0,0.0,9.6228,0.0234,0.0,0.0,0.0,0.0,0.0,19.328,0.1431,C2,word_pos,faiseur,N,faiseur,NOM
frissonnant,ADJ,C2,beacco,9.6228,0.0234,0.0,0.0,0.0,0.0,0.0,9.6228,0.0234,0.0,0.0,0.0,0.0,0.0,19.328,0.1431,C2,word_pos,frissonnant,A,frissonnant,ADJ
fusionner,VERB,C2,beacco,9.6228,0.0234,0.0,0.0,0.0,0.0,0.0,9.6228,0.0234,0.0,0.0,0.0,0.0,0.0,19.328,0.1431,C2,word_pos,fusionner,V,fusionner,VER
génocide,NOUN,C2,beacco,9.6228,0.0234,0.0,0.0,0.0,0.0,0.0,9.6228,0.0234,0.0,0.0,0.0,0.0,0.0,19.328,0.1431,C2,word_pos,génocide,N,génocide,NOM
harde,NOUN,C2,crf_first_attested,9.6228,0.0234,0.0,0.0,0.0,0.0,0.0,9.6228,0.0234,,,,,,,,,crf_only,harde,N,,
hiérarchisation,NOUN,C2,beacco,9.6228,0.0234,0.0,0.0,0.0,0.0,0.0,9.6228,0.0234,0.0,0.0,0.0,0.0,0.0,19.328,0.1431,C2,word_pos,hiérarchisation,N,hiérarchisation,NOM
immersion,NOUN,C2,beacco,9.6228,0.0234,0.0,0.0,0.0,0.0,0.0,9.6228,0.0234,0.0,0.0,0.0,0.0,0.0,19.328,0.1431,C2,word_pos,immersion,N,immersion,NOM
implicitement,ADV,C2,beacco,9.6228,0.0234,0.0,0.0,0.0,0.0,0.0,9.6228,0.0234,0.0,0.0,0.0,0.0,0.0,19.328,0.1431,C2,word_pos,implicitement,ADV,implicitement,ADV
import,NOUN,C2,beacco,9.6228,0.0234,0.0,0.0,0.0,0.0,0.0,9.6228,0.0234,0.0,0.0,0.0,0.0,0.0,19.328,0.1431,C2,word_pos,import,N,import,NOM
in vitro,ADV,C2,crf_first_attested,9.6228,0.0234,0.0,0.0,0.0,0.0,0.0,9.6228,0.0234,,,,,,,,,crf_only,in vitro,ADV,,
incitant,NOUN,C2,beacco,9.6228,0.0234,0.0,0.0,0.0,0.0,0.0,9.6228,0.0234,0.0,0.0,0.0,0.0,0.0,19.328,0.1431,C2,word_pos,incitant,N,incitant,NOM
inerme,ADJ,C2,crf_first_attested,9.6228,0.0234,0.0,0.0,0.0,0.0,0.0,9.6228,0.0234,,,,,,,,,crf_only,inerme,A,,
instructif,ADJ,C2,beacco,9.6228,0.0234,0.0,0.0,0.0,0.0,0.0,9.6228,0.0234,0.0,0.0,0.0,0.0,0.0,19.328,0.1431,C2,word_pos,instructif,A,instructif,ADJ
internationaliste,ADJ,C2,beacco,9.6228,0.0234,0.0,0.0,0.0,0.0,0.0,9.6228,0.0234,0.0,0.0,0.0,0.0,0.0,19.328,0.1431,C2,word_pos,internationaliste,A,internationaliste,ADJ
intuitivement,ADV,C2,beacco,9.6228,0.0234,0.0,0.0,0.0,0.0,0.0,9.6228,0.0234,0.0,0.0,0.0,0.0,0.0,19.328,0.1431,C2,word_pos,intuitivement,ADV,intuitivement,ADV
itinéraire,ADJ,C2,crf_first_attested,9.6228,0.0234,0.0,0.0,0.0,0.0,0.0,9.6228,0.0234,,,,,,,,,crf_only,itinéraire,A,,
jusque au cas limite où,PREP,C2,crf_first_attested,9.6228,0.0234,0.0,0.0,0.0,0.0,0.0,9.6228,0.0234,,,,,,,,,crf_only,jusque au cas limite où,PREP,,
jusque au fonctionnement du,PREP,C2,crf_first_attested,9.6228,0.0234,0.0,0.0,0.0,0.0,0.0,9.6228,0.0234,,,,,,,,,crf_only,jusque au fonctionnement du,PREP,,
koulis,NOUN,C2,crf_first_attested,9.6228,0.0234,0.0,0.0,0.0,0.0,0.0,9.6228,0.0234,,,,,,,,,crf_only,koulis,N,,
laboureur,NOUN,C2,beacco,9.6228,0.0234,0.0,0.0,0.0,0.0,0.0,9.6228,0.0234,0.0,0.0,0.0,0.0,0.0,19.328,0.1431,C2,word_pos,laboureur,N,laboureur,NOM
lignée,NOUN,C2,beacco,9.6228,0.0234,0.0,0.0,0.0,0.0,0.0,9.6228,0.0234,0.0,0.0,0.0,0.0,0.0,19.328,0.1431,C2,word_pos,lignée,N,lignée,NOM
lyncheur,NOUN,C2,beacco,9.6228,0.0234,0.0,0.0,0.0,0.0,0.0,9.6228,0.0234,0.0,0.0,0.0,0.0,0.0,19.328,0.1431,C2,word_pos,lyncheur,N,lyncheur,NOM
maghréboféminin,ADJ,C2,crf_first_attested,9.6228,0.0234,0.0,0.0,0.0,0.0,0.0,9.6228,0.0234,,,,,,,,,crf_only,maghréboféminin,A,,
maintenance,NOUN,C2,beacco,9.6228,0.0234,0.0,0.0,0.0,0.0,0.0,9.6228,0.0234,0.0,0.0,0.0,0.0,0.0,19.328,0.1431,C2,word_pos,maintenance,N,maintenance,NOM
managérial,ADJ,C2,crf_first_attested,9.6228,0.0234,0.0,0.0,0.0,0.0,0.0,9.6228,0.0234,,,,,,,,,crf_only,managérial,A,,
marionnettes,NOUN,C2,crf_first_attested,9.6228,0.0234,0.0,0.0,0.0,0.0,0.0,9.6228,0.0234,,,,,,,,,crf_only,marionnettes,N,,
marquage,NOUN,C2,beacco,9.6228,0.0234,0.0,0.0,0.0,0.0,0.0,9.6228,0.0234,0.0,0.0,0.0,0.0,0.0,19.328,0.1431,C2,word_pos,marquage,N,marquage,NOM
mettre la main dessus,VERB,C2,crf_first_attested,9.6228,0.0234,0.0,0.0,0.0,0.0,0.0,9.6228,0.0234,,,,,,,,,crf_only,mettre la main dessus,V,,
monopolistique,ADJ,C2,beacco,9.6228,0.0234,0.0,0.0,0.0,0.0,0.0,9.6228,0.0234,0.0,0.0,0.0,0.0,0.0,19.328,0.1431,C2,word_pos,monopolistique,A,monopolistique,ADJ
muqueux,ADJ,C2,crf_first_attested,9.6228,0.0234,0.0,0.0,0.0,0.0,0.0,9.6228,0.0234,,,,,,,,,crf_only,muqueux,A,,
nadiamessai,NOUN,C2,crf_first_attested,9.6228,0.0234,0.0,0.0,0.0,0.0,0.0,9.6228,0.0234,,,,,,,,,crf_only,nadiamessai,N,,
narratif,ADJ,C2,beacco,9.6228,0.0234,0.0,0.0,0.0,0.0,0.0,9.6228,0.0234,0.0,0.0,0.0,0.0,0.0,19.328,0.1431,C2,word_pos,narratif,A,narratif,ADJ
nasal,ADJ,C2,beacco,9.6228,0.0234,0.0,0.0,0.0,0.0,0.0,9.6228,0.0234,0.0,0.0,0.0,0.0,0.0,19.328,0.1431,C2,word_pos,nasal,A,nasal,ADJ
neurostéroides,NOUN,C2,crf_first_attested,9.6228,0.0234,0.0,0.0,0.0,0.0,0.0,9.6228,0.0234,,,,,,,,,crf_only,neurostéroides,N,,
nouveau - né,NOUN,C2,crf_first_attested,9.6228,0.0234,0.0,0.0,0.0,0.0,0.0,9.6228,0.0234,,,,,,,,,crf_only,nouveau - né,N,,
orteil,NOUN,C2,beacco,9.6228,0.0234,0.0,0.0,0.0,0.0,0.0,9.6228,0.0234,0.0,0.0,0.0,0.0,0.0,19.328,0.1431,C2,word_pos,orteil,N,orteil,NOM
oxydation,NOUN,C2,beacco,9.6228,0.0234,0.0,0.0,0.0,0.0,0.0,9.6228,0.0234,0.0,0.0,0.0,0.0,0.0,19.328,0.1431,C2,word_pos,oxydation,N,oxydation,NOM
paroler,NOUN,C2,crf_first_attested,9.6228,0.0234,0.0,0.0,0.0,0.0,0.0,9.6228,0.0234,,,,,,,,,crf_only,paroler,N,,
peopolisation,NOUN,C2,crf_first_attested,9.6228,0.0234,0.0,0.0,0.0,0.0,0.0,9.6228,0.0234,,,,,,,,,crf_only,peopolisation,N,,
perversité,NOUN,C2,beacco,9.6228,0.0234,0.0,0.0,0.0,0.0,0.0,9.6228,0.0234,0.0,0.0,0.0,0.0,0.0,19.328,0.1431,C2,word_pos,perversité,N,perversité,NOM
pesanteur,NOUN,C2,beacco,9.6228,0.0234,0.0,0.0,0.0,0.0,0.0,9.6228,0.0234,0.0,0.0,0.0,0.0,0.0,19.328,0.1431,C2,word_pos,pesanteur,N,pesanteur,NOM
planifier,VERB,C2,beacco,9.6228,0.0234,0.0,0.0,0.0,0.0,0.0,9.6228,0.0234,0.0,0.0,0.0,0.0,0.0,19.328,0.1431,C2,word_pos,planifier,V,planifier,VER
pluricentrique,ADJ,C2,crf_first_attested,9.6228,0.0234,0.0,0.0,0.0,0.0,0.0,9.6228,0.0234,,,,,,,,,crf_only,pluricentrique,A,,
pluriel,NOUN,C2,beacco,9.6228,0.0234,0.0,0.0,0.0,0.0,0.0,9.6228,0.0234,0.0,0.0,0.0,0.0,0.0,19.328,0.1431,C2,word_pos,pluriel,N,pluriel,NOM
postuler,VERB,C2,beacco,9.6228,0.0234,0.0,0.0,0.0,0.0,0.0,9.6228,0.0234,0.0,0.0,0.0,0.0,0.0,19.328,0.1431,C2,word_pos,postuler,V,postuler,VER
procédural,ADJ,C2,beacco,9.6228,0.0234,0.0,0.0,0.0,0.0,0.0,9.6228,0.0234,0.0,0.0,0.0,0.0,0.0,19.328,0.1431,C2,word_pos,procédural,A,procédural,ADJ
protéiforme,ADJ,C2,beacco,9.6228,0.0234,0.0,0.0,0.0,0.0,0.0,9.6228,0.0234,0.0,0.0,0.0,0.0,0.0,19.328,0.1431,C2,word_pos,protéiforme,A,protéiforme,ADJ
pseudo - carrière,NOUN,C2,crf_first_attested,9.6228,0.0234,0.0,0.0,0.0,0.0,0.0,9.6228,0.0234,,,,,,,,,crf_only,pseudo - carrière,N,,
psychanalyse,NOUN,C2,beacco,9.6228,0.0234,0.0,0.0,0.0,0.0,0.0,9.6228,0.0234,0.0,0.0,0.0,0.0,0.0,19.328,0.1431,C2,word_pos,psychanalyse,N,psychanalyse,NOM
psychisme,NOUN,C2,beacco,9.6228,0.0234,0.0,0.0,0.0,0.0,0.0,9.6228,0.0234,0.0,0.0,0.0,0.0,0.0,19.328,0.1431,C2,word_pos,psychisme,N,psychisme,NOM
psychosomaticienne,NOUN,C2,crf_first_attested,9.6228,0.0234,0.0,0.0,0.0,0.0,0.0,9.6228,0.0234,,,,,,,,,crf_only,psychosomaticienne,N,,
ragréage,NOUN,C2,beacco,9.6228,0.0234,0.0,0.0,0.0,0.0,0.0,9.6228,0.0234,0.0,0.0,0.0,0.0,0.0,19.328,0.1431,C2,word_pos,ragréage,N,ragréage,NOM
recru,ADJ,C2,beacco,9.6228,0.0234,0.0,0.0,0.0,0.0,0.0,9.6228,0.0234,0.0,0.0,0.0,0.0,0.0,19.328,0.1431,C2,word_pos,recru,A,recru,ADJ
relationnel,ADJ,C2,beacco,9.6228,0.0234,0.0,0.0,0.0,0.0,0.0,9.6228,0.0234,0.0,0.0,0.0,0.0,0.0,19.328,0.1431,C2,word_pos,relationnel,A,relationnel,ADJ
revitaliser,VERB,C2,beacco,9.6228,0.0234,0.0,0.0,0.0,0.0,0.0,9.6228,0.0234,0.0,0.0,0.0,0.0,0.0,19.328,0.1431,C2,word_pos,revitaliser,V,revitaliser,VER
rocaille,NOUN,C2,beacco,9.6228,0.0234,0.0,0.0,0.0,0.0,0.0,9.6228,0.0234,0.0,0.0,0.0,0.0,0.0,19.328,0.1431,C2,word_pos,rocaille,N,rocaille,NOM
réductible,ADJ,C2,beacco,9.6228,0.0234,0.0,0.0,0.0,0.0,0.0,9.6228,0.0234,0.0,0.0,0.0,0.0,0.0,19.328,0.1431,C2,word_pos,réductible,A,réductible,ADJ
réfractaire,NOUN,C2,beacco,9.6228,0.0234,0.0,0.0,0.0,0.0,0.0,9.6228,0.0234,0.0,0.0,0.0,0.0,0.0,19.328,0.1431,C2,unique_word,réfractaire,N,réfractaire,ADJ
régénérescence,NOUN,C2,beacco,9.6228,0.0234,0.0,0.0,0.0,0.0,0.0,9.6228,0.0234,0.0,0.0,0.0,0.0,0.0,19.328,0.1431,C2,word_pos,régénérescence,N,régénérescence,NOM
rénovation,NOUN,C2,beacco,9.6228,0.0234,0.0,0.0,0.0,0.0,0.0,9.6228,0.0234,0.0,0.0,0.0,0.0,0.0,19.328,0.1431,C2,word_pos,rénovation,N,rénovation,NOM
réprobation,NOUN,C2,beacco,9.6228,0.0234,0.0,0.0,0.0,0.0,0.0,9.6228,0.0234,0.0,0.0,0.0,0.0,0.0,19.328,0.1431,C2,word_pos,réprobation,N,réprobation,NOM
réquisitoire,NOUN,C2,beacco,9.6228,0.0234,0.0,0.0,0.0,0.0,0.0,9.6228,0.0234,0.0,0.0,0.0,0.0,0.0,19.328,0.1431,C2,word_pos,réquisitoire,N,réquisitoire,NOM
schizo,ADJ,C2,beacco,9.6228,0.0234,0.0,0.0,0.0,0.0,0.0,9.6228,0.0234,0.0,0.0,0.0,0.0,0.0,19.328,0.1431,C2,unique_word,schizo,A,schizo,NOM
schizophrène,ADJ,C2,beacco,9.6228,0.0234,0.0,0.0,0.0,0.0,0.0,9.6228,0.0234,0.0,0.0,0.0,0.0,0.0,19.328,0.1431,C2,unique_word,schizophrène,A,schizophrène,NOM
socio - linguistique,ADJ,C2,crf_first_attested,9.6228,0.0234,0.0,0.0,0.0,0.0,0.0,9.6228,0.0234,,,,,,,,,crf_only,socio - linguistique,A,,
sporadiquement,ADV,C2,beacco,9.6228,0.0234,0.0,0.0,0.0,0.0,0.0,9.6228,0.0234,0.0,0.0,0.0,0.0,0.0,19.328,0.1431,C2,word_pos,sporadiquement,ADV,sporadiquement,ADV
stagnation,NOUN,C2,beacco,9.6228,0.0234,0.0,0.0,0.0,0.0,0.0,9.6228,0.0234,0.0,0.0,0.0,0.0,0.0,19.328,0.1431,C2,word_pos,stagnation,N,stagnation,NOM
sucrier,ADJ,C2,beacco,9.6228,0.0234,0.0,0.0,0.0,0.0,0.0,9.6228,0.0234,0.0,0.0,0.0,0.0,0.0,19.328,0.1431,C2,word_pos,sucrier,A,sucrier,ADJ
suite à de,PREP,C2,crf_first_attested,9.6228,0.0234,0.0,0.0,0.0,0.0,0.0,9.6228,0.0234,,,,,,,,,crf_only,suite à de,PREP,,
swahili,NOUN,C2,beacco,9.6228,0.0234,0.0,0.0,0.0,0.0,0.0,9.6228,0.0234,0.0,0.0,0.0,0.0,0.0,19.328,0.1431,C2,word_pos,swahili,N,swahili,NOM
syntaxe,NOUN,C2,beacco,9.6228,0.0234,0.0,0.0,0.0,0.0,0.0,9.6228,0.0234,0.0,0.0,0.0,0.0,0.0,19.328,0.1431,C2,word_pos,syntaxe,N,syntaxe,NOM
sédentaire,ADJ,C2,beacco,9.6228,0.0234,0.0,0.0,0.0,0.0,0.0,9.6228,0.0234,0.0,0.0,0.0,0.0,0.0,19.328,0.1431,C2,word_pos,sédentaire,A,sédentaire,ADJ
titularisation,NOUN,C2,beacco,9.6228,0.0234,0.0,0.0,0.0,0.0,0.0,9.6228,0.0234,0.0,0.0,0.0,0.0,0.0,19.328,0.1431,C2,word_pos,titularisation,N,titularisation,NOM
tontine,NOUN,C2,beacco,9.6228,0.0234,0.0,0.0,0.0,0.0,0.0,9.6228,0.0234,0.0,0.0,0.0,0.0,0.0,19.328,0.1431,C2,word_pos,tontine,N,tontine,NOM
trimestriel,ADJ,C2,beacco,9.6228,0.0234,0.0,0.0,0.0,0.0,0.0,9.6228,0.0234,0.0,0.0,0.0,0.0,0.0,19.328,0.1431,C2,word_pos,trimestriel,A,trimestriel,ADJ
tyrannique,ADJ,C2,beacco,9.6228,0.0234,0.0,0.0,0.0,0.0,0.0,9.6228,0.0234,0.0,0.0,0.0,0.0,0.0,19.328,0.1431,C2,word_pos,tyrannique,A,tyrannique,ADJ
télégénique,ADJ,C2,beacco,9.6228,0.0234,0.0,0.0,0.0,0.0,0.0,9.6228,0.0234,0.0,0.0,0.0,0.0,0.0,19.328,0.1431,C2,word_pos,télégénique,A,télégénique,ADJ
ubuesque,ADJ,C2,beacco,9.6228,0.0234,0.0,0.0,0.0,0.0,0.0,9.6228,0.0234,0.0,0.0,0.0,0.0,0.0,19.328,0.1431,C2,word_pos,ubuesque,A,ubuesque,ADJ
vernaculaire,ADJ,C2,beacco,9.6228,0.0234,0.0,0.0,0.0,0.0,0.0,9.6228,0.0234,0.0,0.0,0.0,0.0,0.0,19.328,0.1431,C2,word_pos,vernaculaire,A,vernaculaire,ADJ
versatilité,NOUN,C2,beacco,9.6228,0.0234,0.0,0.0,0.0,0.0,0.0,9.6228,0.0234,0.0,0.0,0.0,0.0,0.0,19.328,0.1431,C2,word_pos,versatilité,N,versatilité,NOM
violoncelle,NOUN,C2,beacco,9.6228,0.0234,0.0,0.0,0.0,0.0,0.0,9.6228,0.0234,0.0,0.0,0.0,0.0,0.0,19.328,0.1431,C2,word_pos,violoncelle,N,violoncelle,NOM
visualiser,VERB,C2,beacco,9.6228,0.0234,0.0,0.0,0.0,0.0,0.0,9.6228,0.0234,0.0,0.0,0.0,0.0,0.0,19.328,0.1431,C2,word_pos,visualiser,V,visualiser,VER
w,ADJ,C2,crf_first_attested,9.6228,0.0234,0.0,0.0,0.0,0.0,0.0,9.6228,0.0234,,,,,,,,,crf_only,w,A,,
zeit,X,C2,crf_first_attested,9.6228,0.0234,0.0,0.0,0.0,0.0,0.0,9.6228,0.0234,,,,,,,,,crf_only,zeit,X,,
à la différence de,PREP,C2,crf_first_attested,9.6228,0.0234,0.0,0.0,0.0,0.0,0.0,9.6228,0.0234,,,,,,,,,crf_only,à la différence de,PREP,,
énonciation,NOUN,C2,beacco,9.6228,0.0234,0.0,0.0,0.0,0.0,0.0,9.6228,0.0234,0.0,0.0,0.0,0.0,0.0,19.328,0.1431,C2,word_pos,énonciation,N,énonciation,NOM
épanchement,NOUN,C2,beacco,9.6228,0.0234,0.0,0.0,0.0,0.0,0.0,9.6228,0.0234,0.0,0.0,0.0,0.0,0.0,19.328,0.1431,C2,word_pos,épanchement,N,épanchement,NOM
éthiquement,ADV,C2,crf_first_attested,9.6228,0.0234,0.0,0.0,0.0,0.0,0.0,9.6228,0.0234,,,,,,,,,crf_only,éthiquement,ADV,,
agrume,NOUN,C2,beacco,8.2347,0.133,0.0,0.0,0.0,0.0,0.0,8.2347,0.133,0.0,0.0,0.0,0.0,0.0,8.037,0.1315,C2,word_pos,agrume,N,agrume,NOM
fruité,ADJ,C2,beacco,8.037,0.1315,,,,,,,,0.0,0.0,0.0,0.0,0.0,8.037,0.1315,C2,beacco_only,,,fruité,ADJ
musclé,ADJ,C2,beacco,6.4938,2.3121,0.0,0.3918,0.4152,1.5856,0.0,6.4938,2.3121,0.0,0.0,0.0,0.8102,0.0,0.0,0.0218,C2,word_pos,musclé,A,musclé,ADJ
pédagogue,NOUN,C2,beacco,6.4938,0.6856,0.0,0.0,1.0854,0.0,0.0,6.4938,0.6856,0.0,0.0,0.0,0.0,0.0,12.833,0.0975,C2,word_pos,pédagogue,N,pédagogue,NOM
aboutissement,NOUN,C2,beacco,6.4938,0.0158,0.0,0.0,0.0,0.0,0.0,6.4938,0.0158,0.0,0.0,0.0,0.0,0.0,12.833,0.0975,C2,word_pos,aboutissement,N,aboutissement,NOM
affect,NOUN,C2,beacco,6.4938,0.0158,0.0,0.0,0.0,0.0,0.0,6.4938,0.0158,0.0,0.0,0.0,0.0,0.0,12.833,0.0975,C2,word_pos,affect,N,affect,NOM
au pouvoir,ADV,C2,crf_first_attested,6.4938,0.0158,0.0,0.0,0.0,0.0,0.0,6.4938,0.0158,,,,,,,,,crf_only,au pouvoir,ADV,,
avarie,NOUN,C2,beacco,6.4938,0.0158,0.0,0.0,0.0,0.0,0.0,6.4938,0.0158,0.0,0.0,0.0,0.0,0.0,12.833,0.0975,C2,word_pos,avarie,N,avarie,NOM
avoir partir,VERB,C2,crf_first_attested,6.4938,0.0158,0.0,0.0,0.0,0.0,0.0,6.4938,0.0158,,,,,,,,,crf_only,avoir partir,V,,
brasser,VERB,C2,beacco,6.4938,0.0158,0.0,0.0,0.0,0.0,0.0,6.4938,0.0158,0.0,0.0,0.0,0.0,0.0,12.833,0.0975,C2,word_pos,brasser,V,brasser,VER
cavité,NOUN,C2,beacco,6.4938,0.0158,0.0,0.0,0.0,0.0,0.0,6.4938,0.0158,0.0,0.0,0.0,0.0,0.0,12.833,0.0975,C2,word_pos,cavité,N,cavité,NOM
choyer,VERB,C2,beacco,6.4938,0.0158,0.0,0.0,0.0,0.0,0.0,6.4938,0.0158,0.0,0.0,0.0,0.0,0.0,12.833,0.0975,C2,word_pos,choyer,V,choyer,VER
combustion,NOUN,C2,beacco,6.4938,0.0158,0.0,0.0,0.0,0.0,0.0,6.4938,0.0158,0.0,0.0,0.0,0.0,0.0,12.833,0.0975,C2,word_pos,combustion,N,combustion,NOM
configuration,NOUN,C2,beacco,6.4938,0.0158,0.0,0.0,0.0,0.0,0.0,6.4938,0.0158,0.0,0.0,0.0,0.0,0.0,12.833,0.0975,C2,word_pos,configuration,N,configuration,NOM
coronaire,ADJ,C2,beacco,6.4938,0.0158,0.0,0.0,0.0,0.0,0.0,6.4938,0.0158,0.0,0.0,0.0,0.0,0.0,12.833,0.0975,C2,word_pos,coronaire,A,coronaire,ADJ
câlin,NOUN,C2,beacco,6.4938,0.0158,0.0,0.0,0.0,0.0,0.0,6.4938,0.0158,0.0,0.0,0.0,0.0,0.0,12.833,0.0975,C2,word_pos,câlin,N,câlin,NOM
datang,X,C2,crf_first_attested,6.4938,0.0158,0.0,0.0,0.0,0.0,0.0,6.4938,0.0158,,,,,,,,,crf_only,datang,X,,
diurèse,NOUN,C2,beacco,6.4938,0.0158,0.0,0.0,0.0,0.0,0.0,6.4938,0.0158,0.0,0.0,0.0,0.0,0.0,12.833,0.0975,C2,word_pos,diurèse,N,diurèse,NOM
donc espoir,ADV,C2,crf_first_attested,6.4938,0.0158,0.0,0.0,0.0,0.0,0.0,6.4938,0.0158,,,,,,,,,crf_only,donc espoir,ADV,,
dès que l',CONJ,C2,crf_first_attested,6.4938,0.0158,0.0,0.0,0.0,0.0,0.0,6.4938,0.0158,,,,,,,,,crf_only,dès que l',CONJS,,
défaitisme,NOUN,C2,beacco,6.4938,0.0158,0.0,0.0,0.0,0.0,0.0,6.4938,0.0158,0.0,0.0,0.0,0.0,0.0,12.833,0.0975,C2,word_pos,défaitisme,N,défaitisme,NOM
délibération,NOUN,C2,beacco,6.4938,0.0158,0.0,0.0,0.0,0.0,0.0,6.4938,0.0158,0.0,0.0,0.0,0.0,0.0,12.833,0.0975,C2,word_pos,délibération,N,délibération,NOM
désaffectation,NOUN,C2,beacco,6.4938,0.0158,0.0,0.0,0.0,0.0,0.0,6.4938,0.0158,0.0,0.0,0.0,0.0,0.0,12.833,0.0975,C2,word_pos,désaffectation,N,désaffectation,NOM
déshabillé,NOUN,C2,crf_first_attested,6.4938,0.0158,0.0,0.0,0.0,0.0,0.0,6.4938,0.0158,,,,,,,,,crf_only,déshabillé,N,,
embonpoint,NOUN,C2,beacco,6.4938,0.0158,0.0,0.0,0.0,0.0,0.0,6.4938,0.0158,0.0,0.0,0.0,0.0,0.0,12.833,0.0975,C2,word_pos,embonpoint,N,embonpoint,NOM
encouragement,NOUN,C2,beacco,6.4938,0.0158,0.0,0.0,0.0,0.0,0.0,6.4938,0.0158,0.0,0.0,0.0,0.0,0.0,12.833,0.0975,C2,word_pos,encouragement,N,encouragement,NOM
endettement,NOUN,C2,beacco,6.4938,0.0158,0.0,0.0,0.0,0.0,0.0,6.4938,0.0158,0.0,0.0,0.0,0.0,0.0,12.833,0.0975,C2,word_pos,endettement,N,endettement,NOM
enhardir,VERB,C2,beacco,6.4938,0.0158,0.0,0.0,0.0,0.0,0.0,6.4938,0.0158,0.0,0.0,0.0,0.0,0.0,12.833,0.0975,C2,word_pos,enhardir,V,enhardir,VER
executive,X,C2,crf_first_attested,6.4938,0.0158,0.0,0.0,0.0,0.0,0.0,6.4938,0.0158,,,,,,,,,crf_only,executive,X,,
franquisme,NOUN,C2,beacco,6.4938,0.0158,0.0,0.0,0.0,0.0,0.0,6.4938,0.0158,0.0,0.0,0.0,0.0,0.0,12.833,0.0975,C2,word_pos,franquisme,N,franquisme,NOM
greffe,NOUN,C2,beacco,6.4938,0.0158,0.0,0.0,0.0,0.0,0.0,6.4938,0.0158,0.0,0.0,0.0,0.0,0.0,12.833,0.0975,C2,word_pos,greffe,N,greffe,NOM
huo,X,C2,crf_first_attested,6.4938,0.0158,0.0,0.0,0.0,0.0,0.0,6.4938,0.0158,,,,,,,,,crf_only,huo,X,,
hydrate,NOUN,C2,beacco,6.4938,0.0158,0.0,0.0,0.0,0.0,0.0,6.4938,0.0158,0.0,0.0,0.0,0.0,0.0,12.833,0.0975,C2,word_pos,hydrate,N,hydrate,NOM
incompréhension,NOUN,C2,beacco,6.4938,0.0158,0.0,0.0,0.0,0.0,0.0,6.4938,0.0158,0.0,0.0,0.0,0.0,0.0,12.833,0.0975,C2,word_pos,incompréhension,N,incompréhension,NOM
indissociable,ADJ,C2,beacco,6.4938,0.0158,0.0,0.0,0.0,0.0,0.0,6.4938,0.0158,0.0,0.0,0.0,0.0,0.0,12.833,0.0975,C2,word_pos,indissociable,A,indissociable,ADJ
inflationniste,ADJ,C2,beacco,6.4938,0.0158,0.0,0.0,0.0,0.0,0.0,6.4938,0.0158,0.0,0.0,0.0,0.0,0.0,12.833,0.0975,C2,word_pos,inflationniste,A,inflationniste,ADJ
journaliste - écrivain,NOUN,C2,crf_first_attested,6.4938,0.0158,0.0,0.0,0.0,0.0,0.0,6.4938,0.0158,,,,,,,,,crf_only,journaliste - écrivain,N,,
kw,NOUN,C2,crf_first_attested,6.4938,0.0158,0.0,0.0,0.0,0.0,0.0,6.4938,0.0158,,,,,,,,,crf_only,kw,N,,
liposuccion,NOUN,C2,crf_first_attested,6.4938,0.0158,0.0,0.0,0.0,0.0,0.0,6.4938,0.0158,,,,,,,,,crf_only,liposuccion,N,,
législature,NOUN,C2,beacco,6.4938,0.0158,0.0,0.0,0.0,0.0,0.0,6.4938,0.0158,0.0,0.0,0.0,0.0,0.0,12.833,0.0975,C2,word_pos,législature,N,législature,NOM
madrilène,ADJ,C2,beacco,6.4938,0.0158,0.0,0.0,0.0,0.0,0.0,6.4938,0.0158,0.0,0.0,0.0,0.0,0.0,12.833,0.0975,C2,word_pos,madrilène,A,madrilène,ADJ
maquereau,NOUN,C2,beacco,6.4938,0.0158,0.0,0.0,0.0,0.0,0.0,6.4938,0.0158,0.0,0.0,0.0,0.0,0.0,12.833,0.0975,C2,word_pos,maquereau,N,maquereau,NOM
mi - juin,NOUN,C2,crf_first_attested,6.4938,0.0158,0.0,0.0,0.0,0.0,0.0,6.4938,0.0158,,,,,,,,,crf_only,mi - juin,N,,
modérateur,NOUN,C2,beacco,6.4938,0.0158,0.0,0.0,0.0,0.0,0.0,6.4938,0.0158,0.0,0.0,0.0,0.0,0.0,12.833,0.0975,C2,word_pos,modérateur,N,modérateur,NOM
nourricier,ADJ,C2,beacco,6.4938,0.0158,0.0,0.0,0.0,0.0,0.0,6.4938,0.0158,0.0,0.0,0.0,0.0,0.0,12.833,0.0975,C2,word_pos,nourricier,A,nourricier,ADJ
obstruction,NOUN,C2,beacco,6.4938,0.0158,0.0,0.0,0.0,0.0,0.0,6.4938,0.0158,0.0,0.0,0.0,0.0,0.0,12.833,0.0975,C2,word_pos,obstruction,N,obstruction,NOM
oligo - éléments,NOUN,C2,crf_first_attested,6.4938,0.0158,0.0,0.0,0.0,0.0,0.0,6.4938,0.0158,,,,,,,,,crf_only,oligo - éléments,N,,
paramédical,ADJ,C2,beacco,6.4938,0.0158,0.0,0.0,0.0,0.0,0.0,6.4938,0.0158,0.0,0.0,0.0,0.0,0.0,12.833,0.0975,C2,word_pos,paramédical,A,paramédical,ADJ
pharmacologie,NOUN,C2,beacco,6.4938,0.0158,0.0,0.0,0.0,0.0,0.0,6.4938,0.0158,0.0,0.0,0.0,0.0,0.0,12.833,0.0975,C2,word_pos,pharmacologie,N,pharmacologie,NOM
phonologique,ADJ,C2,beacco,6.4938,0.0158,0.0,0.0,0.0,0.0,0.0,6.4938,0.0158,0.0,0.0,0.0,0.0,0.0,12.833,0.0975,C2,word_pos,phonologique,A,phonologique,ADJ
plafonner,VERB,C2,beacco,6.4938,0.0158,0.0,0.0,0.0,0.0,0.0,6.4938,0.0158,0.0,0.0,0.0,0.0,0.0,12.833,0.0975,C2,word_pos,plafonner,V,plafonner,VER
puissamment,ADV,C2,beacco,6.4938,0.0158,0.0,0.0,0.0,0.0,0.0,6.4938,0.0158,0.0,0.0,0.0,0.0,0.0,12.833,0.0975,C2,word_pos,puissamment,ADV,puissamment,ADV
pétulant,ADJ,C2,beacco,6.4938,0.0158,0.0,0.0,0.0,0.0,0.0,6.4938,0.0158,0.0,0.0,0.0,0.0,0.0,12.833,0.0975,C2,word_pos,pétulant,A,pétulant,ADJ
quelle que,CONJ,C2,crf_first_attested,6.4938,0.0158,0.0,0.0,0.0,0.0,0.0,6.4938,0.0158,,,,,,,,,crf_only,quelle que,CONJS,,
rhumatologie,NOUN,C2,beacco,6.4938,0.0158,0.0,0.0,0.0,0.0,0.0,6.4938,0.0158,0.0,0.0,0.0,0.0,0.0,12.833,0.0975,C2,word_pos,rhumatologie,N,rhumatologie,NOM
scanner,VERB,C2,beacco,6.4938,0.0158,0.0,0.0,0.0,0.0,0.0,6.4938,0.0158,0.0,0.0,0.0,0.0,0.0,12.833,0.0975,C2,word_pos,scanner,V,scanner,VER
scintigraphie,NOUN,C2,beacco,6.4938,0.0158,0.0,0.0,0.0,0.0,0.0,6.4938,0.0158,0.0,0.0,0.0,0.0,0.0,12.833,0.0975,C2,word_pos,scintigraphie,N,scintigraphie,NOM
sidérurgique,ADJ,C2,beacco,6.4938,0.0158,0.0,0.0,0.0,0.0,0.0,6.4938,0.0158,0.0,0.0,0.0,0.0,0.0,12.833,0.0975,C2,word_pos,sidérurgique,A,sidérurgique,ADJ
singulariser,VERB,C2,beacco,6.4938,0.0158,0.0,0.0,0.0,0.0,0.0,6.4938,0.0158,0.0,0.0,0.0,0.0,0.0,12.833,0.0975,C2,word_pos,singulariser,V,singulariser,VER
sur pied,PREP,C2,crf_first_attested,6.4938,0.0158,0.0,0.0,0.0,0.0,0.0,6.4938,0.0158,,,,,,,,,crf_only,sur pied,PREP,,
thon,NOUN,C2,beacco,6.4938,0.0158,0.0,0.0,0.0,0.0,0.0,6.4938,0.0158,0.0,0.0,0.0,0.0,0.0,12.833,0.0975,C2,word_pos,thon,N,thon,NOM
thrombose,NOUN,C2,beacco,6.4938,0.0158,0.0,0.0,0.0,0.0,0.0,6.4938,0.0158,0.0,0.0,0.0,0.0,0.0,12.833,0.0975,C2,word_pos,thrombose,N,thrombose,NOM
touiller,VERB,C2,beacco,6.4938,0.0158,0.0,0.0,0.0,0.0,0.0,6.4938,0.0158,0.0,0.0,0.0,0.0,0.0,12.833,0.0975,C2,word_pos,touiller,V,touiller,VER
térawatts,NOUN,C2,crf_first_attested,6.4938,0.0158,0.0,0.0,0.0,0.0,0.0,6.4938,0.0158,,,,,,,,,crf_only,térawatts,N,,
urine,NOUN,C2,beacco,6.4938,0.0158,0.0,0.0,0.0,0.0,0.0,6.4938,0.0158,0.0,0.0,0.0,0.0,0.0,12.833,0.0975,C2,word_pos,urine,N,urine,NOM
voiler,VERB,C2,beacco,6.4938,0.0158,0.0,0.0,0.0,0.0,0.0,6.4938,0.0158,0.0,0.0,0.0,0.0,0.0,12.833,0.0975,C2,word_pos,voiler,V,voiler,VER
éclaircissement,NOUN,C2,beacco,6.4938,0.0158,0.0,0.0,0.0,0.0,0.0,6.4938,0.0158,0.0,0.0,0.0,0.0,0.0,12.833,0.0975,C2,word_pos,éclaircissement,N,éclaircissement,NOM
éjecter,VERB,C2,beacco,6.4938,0.0158,0.0,0.0,0.0,0.0,0.0,6.4938,0.0158,0.0,0.0,0.0,0.0,0.0,12.833,0.0975,C2,word_pos,éjecter,V,éjecter,VER
électoraliste,ADJ,C2,beacco,6.4938,0.0158,0.0,0.0,0.0,0.0,0.0,6.4938,0.0158,0.0,0.0,0.0,0.0,0.0,12.833,0.0975,C2,unique_word,électoraliste,A,électoraliste,NOM
élitisme,NOUN,C2,beacco,6.4938,0.0158,0.0,0.0,0.0,0.0,0.0,6.4938,0.0158,0.0,0.0,0.0,0.0,0.0,12.833,0.0975,C2,word_pos,élitisme,N,élitisme,NOM
érudit,NOUN,C2,beacco,6.4938,0.0158,0.0,0.0,0.0,0.0,0.0,6.4938,0.0158,0.0,0.0,0.0,0.0,0.0,12.833,0.0975,C2,word_pos,érudit,N,érudit,NOM
assertif,ADJ,C2,beacco,6.176,0.0998,0.0,0.0,0.0,0.0,0.0,6.176,0.0998,0.0,0.0,0.0,0.0,0.0,4.0185,0.0657,C2,word_pos,assertif,A,assertif,ADJ
confit,ADJ,C2,beacco,6.176,0.0998,0.0,0.0,0.0,0.0,0.0,6.176,0.0998,0.0,0.0,0.0,0.0,0.0,4.0185,0.0657,C2,word_pos,confit,A,confit,ADJ
didacticien,NOUN,C2,beacco,6.176,0.0998,0.0,0.0,0.0,0.0,0.0,6.176,0.0998,0.0,0.0,0.0,0.0,0.0,4.0185,0.0657,C2,word_pos,didacticien,N,didacticien,NOM
doctoral,ADJ,C2,beacco,6.176,0.0998,0.0,0.0,0.0,0.0,0.0,6.176,0.0998,0.0,0.0,0.0,0.0,0.0,4.0185,0.0657,C2,word_pos,doctoral,A,doctoral,ADJ
fausseté,NOUN,C2,beacco,6.176,0.0998,0.0,0.0,0.0,0.0,0.0,6.176,0.0998,0.0,0.0,0.0,0.0,0.0,4.0185,0.0657,C2,word_pos,fausseté,N,fausseté,NOM
imaginatif,ADJ,C2,beacco,6.176,0.0998,0.0,0.0,0.0,0.0,0.0,6.176,0.0998,0.0,0.0,0.0,0.0,0.0,4.0185,0.0657,C2,word_pos,imaginatif,A,imaginatif,ADJ
indécis,ADJ,C2,beacco,6.176,0.0998,0.0,0.0,0.0,0.0,0.0,6.176,0.0998,0.0,0.0,0.0,0.0,0.0,4.0185,0.0657,C2,word_pos,indécis,A,indécis,ADJ
inexact,ADJ,C2,beacco,6.176,0.0998,0.0,0.0,0.0,0.0,0.0,6.176,0.0998,0.0,0.0,0.0,0.0,0.0,4.0185,0.0657,C2,word_pos,inexact,A,inexact,ADJ
paille,ADJ,C2,crf_first_attested,6.176,0.0998,0.0,0.0,0.0,0.0,0.0,6.176,0.0998,,,,,,,,,crf_only,paille,A,,
persistant,ADJ,C2,beacco,6.176,0.0998,0.0,0.0,0.0,0.0,0.0,6.176,0.0998,0.0,0.0,0.0,0.0,0.0,4.0185,0.0657,C2,word_pos,persistant,A,persistant,ADJ
pollinisateur,ADJ,C2,beacco,6.176,0.0998,0.0,0.0,0.0,0.0,0.0,6.176,0.0998,0.0,0.0,0.0,0.0,0.0,16.0739,0.263,C2,word_pos,pollinisateur,A,pollinisateur,ADJ
projectif,ADJ,C2,beacco,6.176,0.0998,0.0,0.0,0.0,0.0,0.0,6.176,0.0998,0.0,0.0,0.0,0.0,0.0,4.0185,0.0657,C2,word_pos,projectif,A,projectif,ADJ
prémisse,NOUN,C2,beacco,6.176,0.0998,0.0,0.0,0.0,0.0,0.0,6.176,0.0998,0.0,0.0,0.0,0.0,0.0,4.0185,0.0657,C2,word_pos,prémisse,N,prémisse,NOM
rondeur,NOUN,C2,beacco,6.176,0.0998,0.0,0.0,0.0,0.0,0.0,6.176,0.0998,0.0,0.0,0.0,0.0,0.0,4.0185,0.0657,C2,word_pos,rondeur,N,rondeur,NOM
référentiel tout,ADJ,C2,crf_first_attested,6.176,0.0998,0.0,0.0,0.0,0.0,0.0,6.176,0.0998,,,,,,,,,crf_only,référentiel tout,A,,
sémantique,ADJ,C2,beacco,6.176,0.0998,0.0,0.0,0.0,0.0,0.0,6.176,0.0998,0.0,0.0,0.0,0.0,0.0,4.0185,0.0657,C2,word_pos,sémantique,A,sémantique,ADJ
verboculturels,ADJ,C2,crf_first_attested,6.176,0.0998,0.0,0.0,0.0,0.0,0.0,6.176,0.0998,,,,,,,,,crf_only,verboculturels,A,,
sillage,NOUN,C2,beacco,4.1173,0.4592,0.0,0.0,0.0,0.0,3.1012,4.1173,0.4592,0.0,0.0,0.0,0.0,0.0,4.0185,0.0657,C2,word_pos,sillage,N,sillage,NOM
aimée,NOUN,C2,crf_first_attested,4.1173,0.0665,0.0,0.0,0.0,0.0,0.0,4.1173,0.0665,,,,,,,,,crf_only,aimée,N,,
aldéhydé,ADJ,C2,beacco,4.1173,0.0665,0.0,0.0,0.0,0.0,0.0,4.1173,0.0665,0.0,0.0,0.0,0.0,0.0,4.0185,0.0657,C2,word_pos,aldéhydé,A,aldéhydé,ADJ
anophèle,NOUN,C2,beacco,4.1173,0.0665,0.0,0.0,0.0,0.0,0.0,4.1173,0.0665,0.0,0.0,0.0,0.0,0.0,4.0185,0.0657,C2,word_pos,anophèle,N,anophèle,NOM
avare,ADJ,C2,beacco,4.1173,0.0665,0.0,0.0,0.0,0.0,0.0,4.1173,0.0665,0.0,0.0,0.0,0.0,0.0,4.0185,0.0657,C2,word_pos,avare,A,avare,ADJ
cassis,NOUN,C2,beacco,4.1173,0.0665,0.0,0.0,0.0,0.0,0.0,4.1173,0.0665,0.0,0.0,0.0,0.0,0.0,4.0185,0.0657,C2,word_pos,cassis,N,cassis,NOM
chèvrefeuille,NOUN,C2,beacco,4.1173,0.0665,0.0,0.0,0.0,0.0,0.0,4.1173,0.0665,0.0,0.0,0.0,0.0,0.0,4.0185,0.0657,C2,word_pos,chèvrefeuille,N,chèvrefeuille,NOM
circuiter,VERB,C2,crf_first_attested,4.1173,0.0665,0.0,0.0,0.0,0.0,0.0,4.1173,0.0665,,,,,,,,,crf_only,circuiter,V,,
collet,NOUN,C2,beacco,4.1173,0.0665,0.0,0.0,0.0,0.0,0.0,4.1173,0.0665,0.0,0.0,0.0,0.0,0.0,4.0185,0.0657,C2,word_pos,collet,N,collet,NOM
composé,ADJ,C2,crf_first_attested,4.1173,0.0665,0.0,0.0,0.0,0.0,0.0,4.1173,0.0665,,,,,,,,,crf_only,composé,A,,
consortium,NOUN,C2,beacco,4.1173,0.0665,0.0,0.0,0.0,0.0,0.0,4.1173,0.0665,0.0,0.0,0.0,0.0,0.0,4.0185,0.0657,C2,word_pos,consortium,N,consortium,NOM
consortium,X,C2,crf_first_attested,4.1173,0.0665,0.0,0.0,0.0,0.0,0.0,4.1173,0.0665,,,,,,,,,crf_only,consortium,X,,
daim,NOUN,C2,beacco,4.1173,0.0665,0.0,0.0,0.0,0.0,0.0,4.1173,0.0665,0.0,0.0,0.0,0.0,0.0,4.0185,0.0657,C2,word_pos,daim,N,daim,NOM
encens,NOUN,C2,beacco,4.1173,0.0665,0.0,0.0,0.0,0.0,0.0,4.1173,0.0665,0.0,0.0,0.0,0.0,0.0,4.0185,0.0657,C2,word_pos,encens,N,encens,NOM
espèce,X,C2,crf_first_attested,4.1173,0.0665,0.0,0.0,0.0,0.0,0.0,4.1173,0.0665,,,,,,,,,crf_only,espèce,X,,
fausser,VERB,C2,beacco,4.1173,0.0665,0.0,0.0,0.0,0.0,0.0,4.1173,0.0665,0.0,0.0,0.0,0.0,0.0,4.0185,0.0657,C2,word_pos,fausser,V,fausser,VER
frangipanier,NOUN,C2,beacco,4.1173,0.0665,0.0,0.0,0.0,0.0,0.0,4.1173,0.0665,0.0,0.0,0.0,0.0,0.0,4.0185,0.0657,C2,word_pos,frangipanier,N,frangipanier,NOM
fugace,ADJ,C2,beacco,4.1173,0.0665,0.0,0.0,0.0,0.0,0.0,4.1173,0.0665,0.0,0.0,0.0,0.0,0.0,4.0185,0.0657,C2,word_pos,fugace,A,fugace,ADJ
gardénia,NOUN,C2,beacco,4.1173,0.0665,0.0,0.0,0.0,0.0,0.0,4.1173,0.0665,0.0,0.0,0.0,0.0,0.0,4.0185,0.0657,C2,word_pos,gardénia,N,gardénia,NOM
genome,X,C2,crf_first_attested,4.1173,0.0665,0.0,0.0,0.0,0.0,0.0,4.1173,0.0665,,,,,,,,,crf_only,genome,X,,
hespéridé,NOUN,C2,crf_first_attested,4.1173,0.0665,0.0,0.0,0.0,0.0,0.0,4.1173,0.0665,,,,,,,,,crf_only,hespéridé,N,,
historiographique,ADJ,C2,beacco,4.1173,0.0665,0.0,0.0,0.0,0.0,0.0,4.1173,0.0665,0.0,0.0,0.0,0.0,0.0,4.0185,0.0657,C2,word_pos,historiographique,A,historiographique,ADJ
honeybee,X,C2,crf_first_attested,4.1173,0.0665,0.0,0.0,0.0,0.0,0.0,4.1173,0.0665,,,,,,,,,crf_only,honeybee,X,,
i,NOUN,C2,crf_first_attested,4.1173,0.0665,0.0,0.0,0.0,0.0,0.0,4.1173,0.0665,,,,,,,,,crf_only,i,N,,
imitateur,NOUN,C2,beacco,4.1173,0.0665,0.0,0.0,0.0,0.0,0.0,4.1173,0.0665,0.0,0.0,0.0,0.0,0.0,4.0185,0.0657,C2,word_pos,imitateur,N,imitateur,NOM
imitation,NOUN,C2,beacco,4.1173,0.0665,0.0,0.0,0.0,0.0,0.0,4.1173,0.0665,0.0,0.0,0.0,0.0,0.0,4.0185,0.0657,C2,word_pos,imitation,N,imitation,NOM
immortelle,NOUN,C2,crf_first_attested,4.1173,0.0665,0.0,0.0,0.0,0.0,0.0,4.1173,0.0665,,,,,,,,,crf_only,immortelle,N,,
jacinthe,NOUN,C2,beacco,4.1173,0.0665,0.0,0.0,0.0,0.0,0.0,4.1173,0.0665,0.0,0.0,0.0,0.0,0.0,4.0185,0.0657,C2,word_pos,jacinthe,N,jacinthe,NOM
litho,NOUN,C2,beacco,4.1173,0.0665,0.0,0.0,0.0,0.0,0.0,4.1173,0.0665,0.0,0.0,0.0,0.0,0.0,4.0185,0.0657,C2,word_pos,litho,N,litho,NOM
mimèsis,NOUN,C2,crf_first_attested,4.1173,0.0665,0.0,0.0,0.0,0.0,0.0,4.1173,0.0665,,,,,,,,,crf_only,mimèsis,N,,
musc,NOUN,C2,beacco,4.1173,0.0665,0.0,0.0,0.0,0.0,0.0,4.1173,0.0665,0.0,0.0,0.0,0.0,0.0,4.0185,0.0657,C2,word_pos,musc,N,musc,NOM
musquer,VERB,C2,crf_first_attested,4.1173,0.0665,0.0,0.0,0.0,0.0,0.0,4.1173,0.0665,,,,,,,,,crf_only,musquer,V,,
myrrhe,NOUN,C2,beacco,4.1173,0.0665,0.0,0.0,0.0,0.0,0.0,4.1173,0.0665,0.0,0.0,0.0,0.0,0.0,4.0185,0.0657,C2,word_pos,myrrhe,N,myrrhe,NOM
naturalité,NOUN,C2,beacco,4.1173,0.0665,0.0,0.0,0.0,0.0,0.0,4.1173,0.0665,0.0,0.0,0.0,0.0,0.0,4.0185,0.0657,C2,word_pos,naturalité,N,naturalité,NOM
olfactif,ADJ,C2,beacco,4.1173,0.0665,0.0,0.0,0.0,0.0,0.0,4.1173,0.0665,0.0,0.0,0.0,0.0,0.0,4.0185,0.0657,C2,word_pos,olfactif,A,olfactif,ADJ
ontologie,NOUN,C2,beacco,4.1173,0.0665,0.0,0.0,0.0,0.0,0.0,4.1173,0.0665,0.0,0.0,0.0,0.0,0.0,4.0185,0.0657,C2,word_pos,ontologie,N,ontologie,NOM
oranger,NOUN,C2,beacco,4.1173,0.0665,0.0,0.0,0.0,0.0,0.0,4.1173,0.0665,0.0,0.0,0.0,0.0,0.0,4.0185,0.0657,C2,unique_word,oranger,N,oranger,VER
overdose,NOUN,C2,beacco,4.1173,0.0665,0.0,0.0,0.0,0.0,0.0,4.1173,0.0665,0.0,0.0,0.0,0.0,0.0,4.0185,0.0657,C2,word_pos,overdose,N,overdose,NOM
oxymore,NOUN,C2,crf_first_attested,4.1173,0.0665,0.0,0.0,0.0,0.0,0.0,4.1173,0.0665,,,,,,,,,crf_only,oxymore,N,,
plurivoque,ADJ,C2,beacco,4.1173,0.0665,0.0,0.0,0.0,0.0,0.0,4.1173,0.0665,0.0,0.0,0.0,0.0,0.0,4.0185,0.0657,C2,word_pos,plurivoque,A,plurivoque,ADJ
poudré,NOUN,C2,crf_first_attested,4.1173,0.0665,0.0,0.0,0.0,0.0,0.0,4.1173,0.0665,,,,,,,,,crf_only,poudré,N,,
poétique,NOUN,C2,beacco,4.1173,0.0665,0.0,0.0,0.0,0.0,0.0,4.1173,0.0665,0.0,0.0,0.0,0.0,0.0,4.0185,0.0657,C2,word_pos,poétique,N,poétique,NOM
prégnance,NOUN,C2,beacco,4.1173,0.0665,0.0,0.0,0.0,0.0,0.0,4.1173,0.0665,0.0,0.0,0.0,0.0,0.0,4.0185,0.0657,C2,word_pos,prégnance,N,prégnance,NOM
pérenniser,VERB,C2,beacco,4.1173,0.0665,0.0,0.0,0.0,0.0,0.0,4.1173,0.0665,0.0,0.0,0.0,0.0,0.0,4.0185,0.0657,C2,word_pos,pérenniser,V,pérenniser,VER
ruche,NOUN,C2,beacco,4.1173,0.0665,0.0,0.0,0.0,0.0,0.0,4.1173,0.0665,0.0,0.0,0.0,0.0,0.0,4.0185,0.0657,C2,word_pos,ruche,N,ruche,NOM
régale,ADJ,C2,crf_first_attested,4.1173,0.0665,0.0,0.0,0.0,0.0,0.0,4.1173,0.0665,,,,,,,,,crf_only,régale,A,,
santal,NOUN,C2,beacco,4.1173,0.0665,0.0,0.0,0.0,0.0,0.0,4.1173,0.0665,0.0,0.0,0.0,0.0,0.0,4.0185,0.0657,C2,word_pos,santal,N,santal,NOM
tahitien,ADJ,C2,beacco,4.1173,0.0665,0.0,0.0,0.0,0.0,0.0,4.1173,0.0665,0.0,0.0,0.0,0.0,0.0,4.0185,0.0657,C2,word_pos,tahitien,A,tahitien,ADJ
trompeur,ADJ,C2,beacco,4.1173,0.0665,0.0,0.0,0.0,0.0,0.0,4.1173,0.0665,0.0,0.0,0.0,0.0,0.0,4.0185,0.0657,C2,word_pos,trompeur,A,trompeur,ADJ
violette,NOUN,C2,crf_first_attested,4.1173,0.0665,0.0,0.0,0.0,0.0,0.0,4.1173,0.0665,,,,,,,,,crf_only,violette,N,,
élaboré,ADJ,C2,crf_first_attested,4.1173,0.0665,0.0,0.0,0.0,0.0,0.0,4.1173,0.0665,,,,,,,,,crf_only,élaboré,A,,
évocateur,ADJ,C2,beacco,4.1173,0.0665,0.0,0.0,0.0,0.0,0.0,4.1173,0.0665,0.0,0.0,0.0,0.0,0.0,4.0185,0.0657,C2,word_pos,évocateur,A,évocateur,ADJ
circonstancier,VERB,C2,beacco,4.0185,0.0657,,,,,,,,0.0,0.0,0.0,0.0,0.0,4.0185,0.0657,C2,beacco_only,,,circonstancier,VER
court-circuiter,VERB,C2,beacco,4.0185,0.0657,,,,,,,,0.0,0.0,0.0,0.0,0.0,4.0185,0.0657,C2,beacco_only,,,court-circuiter,VER
mandarine,NOUN,C2,beacco,4.0185,0.0657,,,,,,,,0.0,0.0,0.0,0.0,0.0,4.0185,0.0657,C2,beacco_only,,,mandarine,NOM
multiple,NOUN,C2,beacco,4.0185,0.0657,,,,,,,,0.0,0.0,0.0,0.0,0.0,4.0185,0.0657,C2,beacco_only,,,multiple,NOM
musqué,ADJ,C2,beacco,4.0185,0.0657,,,,,,,,0.0,0.0,0.0,0.0,0.0,4.0185,0.0657,C2,beacco_only,,,musqué,ADJ
sous-espèce,NOUN,C2,beacco,4.0185,0.0657,,,,,,,,0.0,0.0,0.0,0.0,0.0,4.0185,0.0657,C2,beacco_only,,,sous-espèce,NOM
lettrer,VERB,C2,beacco,2.0587,0.312,0.0,0.0,0.0,0.6707,0.0,2.0587,0.312,0.0,0.0,0.0,0.0,0.0,4.0185,0.0657,C2,word_pos,lettrer,V,lettrer,VER
circonstancié,ADJ,C2,crf_first_attested,2.0587,0.0333,0.0,0.0,0.0,0.0,0.0,2.0587,0.0333,,,,,,,,,crf_only,circonstancié,A,,
cogito,NOUN,C2,beacco,2.0587,0.0333,0.0,0.0,0.0,0.0,0.0,2.0587,0.0333,0.0,0.0,0.0,0.0,0.0,4.0185,0.0657,C2,word_pos,cogito,N,cogito,NOM
composant,ADJ,C2,beacco,2.0587,0.0333,0.0,0.0,0.0,0.0,0.0,2.0587,0.0333,0.0,0.0,0.0,0.0,0.0,4.0185,0.0657,C2,word_pos,composant,A,composant,ADJ
contrefactuelles,ADJ,C2,crf_first_attested,2.0587,0.0333,0.0,0.0,0.0,0.0,0.0,2.0587,0.0333,,,,,,,,,crf_only,contrefactuelles,A,,
doît,VERB,C2,crf_first_attested,2.0587,0.0333,0.0,0.0,0.0,0.0,0.0,2.0587,0.0333,,,,,,,,,crf_only,doît,V,,
défiger,VERB,C2,beacco,2.0587,0.0333,0.0,0.0,0.0,0.0,0.0,2.0587,0.0333,0.0,0.0,0.0,0.0,0.0,4.0185,0.0657,C2,word_pos,défiger,V,défiger,VER
en erreur,ADV,C2,crf_first_attested,2.0587,0.0333,0.0,0.0,0.0,0.0,0.0,2.0587,0.0333,,,,,,,,,crf_only,en erreur,ADV,,
enfantin,ADJ,C2,beacco,2.0587,0.0333,0.0,0.0,0.0,0.0,0.0,2.0587,0.0333,0.0,0.0,0.0,0.0,0.0,4.0185,0.0657,C2,word_pos,enfantin,A,enfantin,ADJ
entité,NOUN,C2,beacco,2.0587,0.0333,0.0,0.0,0.0,0.0,0.0,2.0587,0.0333,0.0,0.0,0.0,0.0,0.0,4.0185,0.0657,C2,word_pos,entité,N,entité,NOM
facility,X,C2,crf_first_attested,2.0587,0.0333,0.0,0.0,0.0,0.0,0.0,2.0587,0.0333,,,,,,,,,crf_only,facility,X,,
feintise,NOUN,C2,beacco,2.0587,0.0333,0.0,0.0,0.0,0.0,0.0,2.0587,0.0333,0.0,0.0,0.0,0.0,0.0,4.0185,0.0657,C2,word_pos,feintise,N,feintise,NOM
homophonie,NOUN,C2,beacco,2.0587,0.0333,0.0,0.0,0.0,0.0,0.0,2.0587,0.0333,0.0,0.0,0.0,0.0,0.0,4.0185,0.0657,C2,word_pos,homophonie,N,homophonie,NOM
implicite,ADJ,C2,beacco,2.0587,0.0333,0.0,0.0,0.0,0.0,0.0,2.0587,0.0333,0.0,0.0,0.0,0.0,0.0,4.0185,0.0657,C2,word_pos,implicite,A,implicite,ADJ
instigateur,NOUN,C2,beacco,2.0587,0.0333,0.0,0.0,0.0,0.0,0.0,2.0587,0.0333,0.0,0.0,0.0,0.0,0.0,4.0185,0.0657,C2,word_pos,instigateur,N,instigateur,NOM
observable,ADJ,C2,beacco,2.0587,0.0333,0.0,0.0,0.0,0.0,0.0,2.0587,0.0333,0.0,0.0,0.0,0.0,0.0,4.0185,0.0657,C2,word_pos,observable,A,observable,ADJ
pollen,NOUN,C2,beacco,2.0587,0.0333,0.0,0.0,0.0,0.0,0.0,2.0587,0.0333,0.0,0.0,0.0,0.0,0.0,4.0185,0.0657,C2,word_pos,pollen,N,pollen,NOM
pollinisateur,NOUN,C2,crf_first_attested,2.0587,0.0333,0.0,0.0,0.0,0.0,0.0,2.0587,0.0333,,,,,,,,,crf_only,pollinisateur,N,,
présupposé,NOUN,C2,beacco,2.0587,0.0333,0.0,0.0,0.0,0.0,0.0,2.0587,0.0333,0.0,0.0,0.0,0.0,0.0,4.0185,0.0657,C2,word_pos,présupposé,N,présupposé,NOM
royal,X,C2,crf_first_attested,2.0587,0.0333,0.0,0.0,0.0,0.0,0.0,2.0587,0.0333,,,,,,,,,crf_only,royal,X,,
subordonner,VERB,C2,beacco,2.0587,0.0333,0.0,0.0,0.0,0.0,0.0,2.0587,0.0333,0.0,0.0,0.0,0.0,0.0,4.0185,0.0657,C2,word_pos,subordonner,V,subordonner,VER
vitae,X,C2,crf_first_attested,2.0587,0.0333,0.0,0.0,0.0,0.0,0.0,2.0587,0.0333,,,,,,,,,crf_only,vitae,X,,
à savoir,CONJ,C2,crf_first_attested,2.0587,0.0333,0.0,0.0,0.0,0.0,0.0,2.0587,0.0333,,,,,,,,,crf_only,à savoir,CONJC,,
équivalence,NOUN,C2,beacco,2.0587,0.0333,0.0,0.0,0.0,0.0,0.0,2.0587,0.0333,0.0,0.0,0.0,0.0,0.0,4.0185,0.0657,C2,word_pos,équivalence,N,équivalence,NOM
couvert,ADJ,C2,beacco,0.0,14.4221,10.4055,5.8788,13.455,10.7151,17.3764,0.0,14.4221,0.9051,0.0,0.0,0.0,0.0,0.0,0.0456,C2,word_pos,couvert,A,couvert,ADJ
belle,NOUN,C2,beacco,0.0,14.0345,0.5025,23.2612,13.9955,4.7828,3.1012,0.0,14.0345,0.0,0.6111,0.0,0.0,0.0,0.0,0.0295,C2,word_pos,belle,N,belle,NOM
niquer,VERB,C2,beacco,0.0,10.9544,7.2755,31.0689,0.3618,0.7062,0.0,0.0,10.9544,0.0,0.0,0.0,1.2705,0.0,0.0,0.0342,C2,word_pos,niquer,V,niquer,VER
vivre,NOUN,C2,beacco,0.0,5.81,0.0,6.9461,6.1885,1.5139,9.3035,0.0,5.81,0.5504,0.0,0.0,0.0,0.0,0.0,0.0101,C2,word_pos,vivre,N,vivre,NOM
provincial,ADJ,C2,beacco,0.0,4.1277,1.005,3.807,1.6324,0.0,0.0,0.0,4.1277,0.0,0.1937,0.0,0.0,0.0,0.0,0.0242,C2,word_pos,provincial,A,provincial,ADJ
jumeau,ADJ,C2,beacco,0.0,4.0136,3.5461,0.0,1.2023,0.0,25.7756,0.0,4.0136,1.1123,0.0,0.0,0.0,0.0,0.0,0.0204,C2,word_pos,jumeau,A,jumeau,ADJ
polar,NOUN,C2,beacco,0.0,3.9998,0.0,1.4809,0.0,30.5886,0.0,0.0,3.9998,0.0,0.0,0.0,1.3018,0.0,0.0,0.035,C2,word_pos,polar,N,polar,NOM
dehors,PREP,C2,beacco,0.0,3.5704,1.0394,0.0,0.6884,16.9286,0.0,0.0,3.5704,0.0,0.0,0.0,1.3018,0.0,0.0,0.035,C2,word_pos,dehors,PREP,dehors,PRP
conter,VERB,C2,beacco,0.0,3.4364,0.1633,8.56,2.4087,0.0,0.0,0.0,3.4364,0.0,0.0,0.4665,0.0,0.0,0.0,0.0433,C2,word_pos,conter,V,conter,VER
satisfait,ADJ,C2,beacco,0.0,3.365,0.0,0.7581,10.052,0.0,0.0,0.0,3.365,0.0,0.5137,0.0,0.0,0.0,0.0,0.0248,C2,word_pos,satisfait,A,satisfait,ADJ
devenir,NOUN,C2,beacco,0.0,2.9765,0.0,0.4234,4.6384,0.5285,1.6042,0.0,2.9765,0.0,0.4157,0.0,0.0,0.0,0.0,0.02,C2,word_pos,devenir,N,devenir,NOM
publicitaire,NOUN,C2,beacco,0.0,2.886,0.0,2.2462,0.3618,0.7062,8.2019,0.0,2.886,0.0,0.0,0.0,1.2705,0.0,0.0,0.0342,C2,word_pos,publicitaire,N,publicitaire,NOM
sabin,ADJ,C2,beacco,0.0,2.7913,0.4421,9.9474,0.2405,0.0,0.0,0.0,2.7913,0.0,0.6228,0.0,0.0,0.0,0.0,0.0472,C2,word_pos,sabin,A,sabin,ADJ
laurer,VERB,C2,beacco,0.0,2.4925,0.0,0.0,0.2366,3.0277,24.6958,0.0,2.4925,0.9464,0.0,0.0,0.0,0.0,0.0,0.0276,C2,word_pos,laurer,V,laurer,VER
quia,NOUN,C2,beacco,0.0,2.4472,0.0,0.4228,3.3704,1.1509,0.0,0.0,2.4472,0.0,0.0,0.0,0.0,0.0,38.656,0.2862,C2,unique_word,quia,N,quia,ADV
fréquenté,ADJ,C2,beacco,0.0,2.3391,0.5693,0.0,8.4532,0.0,0.0,0.0,2.3391,0.0,0.0,0.2504,0.0,0.0,0.0,0.0233,C2,word_pos,fréquenté,A,fréquenté,ADJ
breton,NOUN,C2,beacco,0.0,2.3034,0.0,3.4344,0.753,0.6707,0.0,0.0,2.3034,0.0,0.0,0.3933,0.0,0.0,0.0,0.0365,C2,word_pos,breton,N,breton,NOM
favori,NOUN,C2,beacco,0.0,2.0901,0.0,0.6418,3.3575,0.0,2.0505,0.0,2.0901,0.0,0.0,0.4665,0.0,0.0,0.0,0.0433,C2,word_pos,favori,N,favori,NOM
gascon,NOUN,C2,beacco,0.0,1.9857,1.005,0.0,2.6527,0.0,0.0,0.0,1.9857,0.0,0.0,0.4317,0.0,0.0,0.0,0.0401,C2,word_pos,gascon,N,gascon,NOM
conserve,NOUN,C2,beacco,0.0,1.9166,0.0,0.0,6.0619,0.0,6.2023,0.0,1.9166,0.0,0.0,0.2504,0.0,0.0,0.0,0.0233,C2,word_pos,conserve,N,conserve,NOM
frit,ADJ,C2,beacco,0.0,1.866,6.0405,1.7075,0.0,0.0,0.0,0.0,1.866,1.1764,0.0,0.0,0.0,0.0,0.0,0.0216,C2,word_pos,frit,A,frit,ADJ
geler,VERB,C2,beacco,0.0,1.5166,0.4996,0.0,1.6771,0.0,3.2084,0.0,1.5166,0.9464,0.0,0.0,0.0,0.0,0.0,0.0276,C2,word_pos,geler,V,geler,VER
plaisant,ADJ,C2,beacco,0.0,1.4412,4.0434,0.0944,0.1815,0.0,0.0,0.0,1.4412,0.0,0.0,0.2504,0.0,0.0,0.0,0.0233,C2,word_pos,plaisant,A,plaisant,ADJ
délire,NOUN,C2,beacco,0.0,1.3675,0.0,0.0,7.5955,0.0,0.0,0.0,1.3675,0.0,0.0,0.185,0.0,0.0,0.0,0.0472,C2,word_pos,délire,N,délire,NOM
goutter,VERB,C2,beacco,0.0,1.2129,0.0,0.0,0.6884,0.0,12.4046,0.0,1.2129,0.0,0.0,0.487,0.0,0.0,0.0,0.0452,C2,word_pos,goutter,V,goutter,VER
brillant,NOUN,C2,beacco,0.0,1.1478,0.0,0.2117,0.0,8.713,0.0,0.0,1.1478,0.0,0.0,0.0,1.3018,0.0,0.0,0.035,C2,word_pos,brillant,N,brillant,NOM
converger,VERB,C2,beacco,0.0,1.0878,0.0,0.0,6.301,0.0,0.0,0.0,1.0878,0.0,0.0,0.4665,0.0,0.0,0.0,0.0433,C2,word_pos,converger,V,converger,VER
puni,ADJ,C2,beacco,0.0,1.0746,0.0,0.5897,1.0203,0.0,0.0,0.0,1.0746,0.0,0.0,0.4317,0.0,0.0,0.0,0.0401,C2,unique_word,puni,A,puni,NOM
sermon,NOUN,C2,beacco,0.0,1.0585,0.0,7.1638,0.0,0.0,0.0,0.0,1.0585,0.0,0.4131,0.0,0.0,0.0,0.0,0.0199,C2,word_pos,sermon,N,sermon,NOM
tramer,VERB,C2,beacco,0.0,0.9513,0.5025,0.0,1.2243,0.0,0.0,0.0,0.9513,0.0,0.0,0.4317,0.0,0.0,0.0,0.0401,C2,word_pos,tramer,V,tramer,VER
retourne,NOUN,C2,beacco,0.0,0.928,0.2934,0.0,0.3014,0.6707,0.0,0.0,0.928,0.0,0.0,0.0,1.7933,0.0,0.0,0.0482,C2,word_pos,retourne,N,retourne,NOM
canadien,NOUN,C2,beacco,0.0,0.8836,0.0,0.2439,1.2455,0.0,0.0,0.0,0.8836,0.0,0.0,0.3906,0.0,0.0,0.0,0.0363,C2,word_pos,canadien,N,canadien,NOM
sortilège,NOUN,C2,beacco,0.0,0.8628,10.6383,0.0,0.0,0.0,0.0,0.0,0.8628,1.1008,0.0,0.0,0.0,0.0,0.0,0.0202,C2,word_pos,sortilège,N,sortilège,NOM
prétexter,VERB,C2,beacco,0.0,0.8487,0.0,0.0,0.2916,7.4055,0.0,0.0,0.8487,0.0,0.0,0.0,1.3018,0.0,0.0,0.035,C2,word_pos,prétexter,V,prétexter,VER
dormant,ADJ,C2,beacco,0.0,0.839,0.0,0.5897,0.0,1.7264,0.0,0.0,0.839,0.0,0.6111,0.0,0.0,0.0,0.0,0.0295,C2,word_pos,dormant,A,dormant,ADJ
gonflé,ADJ,C2,beacco,0.0,0.8349,0.0,0.4275,0.0,2.4776,0.0,0.0,0.8349,0.0,0.2891,0.0,0.0,0.0,0.0,0.0139,C2,word_pos,gonflé,A,gonflé,ADJ
abreuver,VERB,C2,beacco,0.0,0.8232,0.0,0.2117,1.1665,0.0,0.0,0.0,0.8232,0.0,0.4157,0.0,0.0,0.0,0.0,0.02,C2,word_pos,abreuver,V,abreuver,VER
plaignant,NOUN,C2,beacco,0.0,0.8159,0.0,0.0,4.4478,0.0,0.0,0.0,0.8159,0.0,0.0,0.487,0.0,0.0,0.0,0.0452,C2,word_pos,plaignant,N,plaignant,NOM
mécanicien,NOUN,C2,beacco,0.0,0.8113,0.0,6.2016,0.0,0.0,0.0,0.0,0.8113,0.0,0.4157,0.0,0.0,0.0,0.0,0.02,C2,word_pos,mécanicien,N,mécanicien,NOM
gagnant,ADJ,C2,beacco,0.0,0.8104,1.3242,0.0,0.0,2.1187,0.0,0.0,0.8104,0.0,0.0,0.0,1.2705,0.0,0.0,0.0342,C2,word_pos,gagnant,A,gagnant,ADJ
poivre,NOUN,C2,beacco,0.0,0.8088,3.4476,0.5054,0.0,0.0,0.0,0.0,0.8088,1.9426,0.0,0.0,0.0,0.0,0.0,0.0357,C2,word_pos,poivre,N,poivre,NOM
malle,NOUN,C2,beacco,0.0,0.8059,0.0,0.0,1.3603,0.7062,0.0,0.0,0.8059,0.0,0.0,0.0,1.2705,0.0,0.0,0.0342,C2,word_pos,malle,N,malle,NOM
contondant,ADJ,C2,beacco,0.0,0.8036,0.0,0.7835,0.0,1.0571,0.0,0.0,0.8036,0.0,0.0,0.0,1.6204,0.0,0.0,0.0436,C2,word_pos,contondant,A,contondant,ADJ
boiter,VERB,C2,beacco,0.0,0.7952,0.0,0.0,4.2755,0.0,0.0,0.0,0.7952,0.0,0.0,0.3933,0.0,0.0,0.0,0.0365,C2,word_pos,boiter,V,boiter,VER
shooter,VERB,C2,beacco,0.0,0.7837,0.0,5.6308,0.0,0.0,0.0,0.0,0.7837,0.0,0.3729,0.0,0.0,0.0,0.0,0.018,C2,word_pos,shooter,V,shooter,VER
affirmatif,ADJ,C2,beacco,0.0,0.758,0.5025,0.0,0.8162,0.0,0.0,0.0,0.758,0.0,0.0,0.4317,0.0,0.0,0.0,0.0401,C2,word_pos,affirmatif,A,affirmatif,ADJ
albâtre,NOUN,C2,beacco,0.0,0.758,0.5025,0.0,0.8162,0.0,0.0,0.0,0.758,0.0,0.0,0.4317,0.0,0.0,0.0,0.0401,C2,word_pos,albâtre,N,albâtre,NOM
baudrier,NOUN,C2,beacco,0.0,0.758,0.5025,0.0,0.8162,0.0,0.0,0.0,0.758,0.0,0.0,0.4317,0.0,0.0,0.0,0.0401,C2,word_pos,baudrier,N,baudrier,NOM
causeur,NOUN,C2,beacco,0.0,0.758,0.5025,0.0,0.8162,0.0,0.0,0.0,0.758,0.0,0.0,0.4317,0.0,0.0,0.0,0.0401,C2,word_pos,causeur,N,causeur,NOM
embrasure,NOUN,C2,beacco,0.0,0.758,0.5025,0.0,0.8162,0.0,0.0,0.0,0.758,0.0,0.0,0.4317,0.0,0.0,0.0,0.0401,C2,word_pos,embrasure,N,embrasure,NOM
guerroyer,VERB,C2,beacco,0.0,0.758,0.5025,0.0,0.8162,0.0,0.0,0.0,0.758,0.0,0.0,0.4317,0.0,0.0,0.0,0.0401,C2,word_pos,guerroyer,V,guerroyer,VER
intrus,NOUN,C2,beacco,0.0,0.758,0.5025,0.0,0.8162,0.0,0.0,0.0,0.758,0.0,0.0,0.4317,0.0,0.0,0.0,0.0401,C2,word_pos,intrus,N,intrus,NOM
laquais,NOUN,C2,beacco,0.0,0.758,0.5025,0.0,0.8162,0.0,0.0,0.0,0.758,0.0,0.0,0.4317,0.0,0.0,0.0,0.0401,C2,word_pos,laquais,N,laquais,NOM
lorgner,VERB,C2,beacco,0.0,0.758,0.5025,0.0,0.8162,0.0,0.0,0.0,0.758,0.0,0.0,0.4317,0.0,0.0,0.0,0.0401,C2,word_pos,lorgner,V,lorgner,VER
pensif,ADJ,C2,beacco,0.0,0.758,0.5025,0.0,0.8162,0.0,0.0,0.0,0.758,0.0,0.0,0.4317,0.0,0.0,0.0,0.0401,C2,word_pos,pensif,A,pensif,ADJ
pondérer,VERB,C2,beacco,0.0,0.758,0.5025,0.0,0.8162,0.0,0.0,0.0,0.758,0.0,0.0,0.4317,0.0,0.0,0.0,0.0401,C2,word_pos,pondérer,V,pondérer,VER
réprimander,VERB,C2,beacco,0.0,0.758,0.5025,0.0,0.8162,0.0,0.0,0.0,0.758,0.0,0.0,0.4317,0.0,0.0,0.0,0.0401,C2,word_pos,réprimander,V,réprimander,VER
mayonnaise,ADJ,C2,beacco,0.0,0.7568,1.3242,0.6342,0.0,0.0,0.0,0.0,0.7568,1.2635,0.0,0.0,0.0,0.0,0.0,0.0232,C2,word_pos,mayonnaise,A,mayonnaise,ADJ
brun,NOUN,C2,beacco,0.0,0.7216,0.5025,2.229,0.0,0.0,0.0,0.0,0.7216,0.0,0.606,0.0,0.0,0.0,0.0,0.0408,C2,word_pos,brun,N,brun,NOM
sas,NOUN,C2,beacco,0.0,0.7129,0.0,4.857,0.0,0.0,0.0,0.0,0.7129,0.0,0.9324,0.0,0.0,0.0,0.0,0.045,C2,word_pos,sas,N,sas,NOM
filant,ADJ,C2,beacco,0.0,0.6803,0.0,0.0,3.2309,0.0,0.0,0.0,0.6803,0.0,0.0,0.3906,0.0,0.0,0.0,0.0363,C2,word_pos,filant,A,filant,ADJ
man,NOUN,C2,beacco,0.0,0.6768,0.0,0.0,3.513,0.0,0.0,0.0,0.6768,0.0,0.0,0.2059,0.0,0.0,0.0,0.0191,C2,word_pos,man,N,man,NOM
ronfler,VERB,C2,beacco,0.0,0.6768,0.0,0.0,3.513,0.0,0.0,0.0,0.6768,0.0,0.0,0.1029,0.0,0.0,0.0,0.0096,C2,word_pos,ronfler,V,ronfler,VER
trébucher,VERB,C2,beacco,0.0,0.6768,0.0,0.0,3.513,0.0,0.0,0.0,0.6768,0.0,0.0,0.1029,0.0,0.0,0.0,0.0096,C2,word_pos,trébucher,V,trébucher,VER
droguer,VERB,C2,beacco,0.0,0.6714,0.0,0.1425,0.0,0.0,6.1515,0.0,0.6714,0.0,0.2891,0.0,0.0,0.0,0.0,0.0139,C2,word_pos,droguer,V,droguer,VER
fable,NOUN,C2,beacco,0.0,0.6711,0.0,0.0,0.2076,0.0,4.8126,0.0,0.6711,0.0,0.0,0.3906,0.0,0.0,0.0,0.0363,C2,word_pos,fable,N,fable,NOM
démesurer,VERB,C2,beacco,0.0,0.6699,0.0,0.0,0.8749,0.5285,0.0,0.0,0.6699,0.0,0.0,0.0,0.8102,0.0,0.0,0.0218,C2,word_pos,démesurer,V,démesurer,VER
composé,NOUN,C2,beacco,0.0,0.6612,0.0,0.0,3.6617,0.0,0.0,0.0,0.6612,0.0,0.0,0.3906,0.0,0.0,0.0,0.0363,C2,word_pos,composé,N,composé,NOM
débordant,ADJ,C2,beacco,0.0,0.655,0.0,0.7405,0.0,0.0,3.2084,0.0,0.655,0.0,0.606,0.0,0.0,0.0,0.0,0.0408,C2,word_pos,débordant,A,débordant,ADJ
blues,NOUN,C2,beacco,0.0,0.6072,0.0,0.5054,0.1637,0.0,0.0,0.0,0.6072,0.0,0.0,0.1243,0.0,0.0,0.0,0.0408,C2,word_pos,blues,N,blues,NOM
africain,NOUN,C2,beacco,0.0,0.5893,0.6621,0.0944,0.3618,0.0,0.0,0.0,0.5893,0.0,0.0,0.3906,0.0,0.0,0.0,0.0363,C2,word_pos,africain,N,africain,NOM
inconditionnel,ADJ,C2,beacco,0.0,0.567,0.0,0.0,3.3575,0.0,0.0,0.0,0.567,0.0,0.0,0.4665,0.0,0.0,0.0,0.0433,C2,word_pos,inconditionnel,A,inconditionnel,ADJ
meuble,ADJ,C2,beacco,0.0,0.567,0.0,0.0,3.3575,0.0,0.0,0.0,0.567,0.0,0.0,0.4665,0.0,0.0,0.0,0.0433,C2,word_pos,meuble,A,meuble,ADJ
substitut,NOUN,C2,beacco,0.0,0.567,0.0,0.0,3.3575,0.0,0.0,0.0,0.567,0.0,0.0,0.4665,0.0,0.0,0.0,0.0433,C2,word_pos,substitut,N,substitut,NOM
surréaliste,ADJ,C2,beacco,0.0,0.5575,0.0,0.0,0.2405,0.0,6.2023,0.0,0.5575,0.0,0.0,0.4665,0.0,0.0,0.0,0.0433,C2,word_pos,surréaliste,A,surréaliste,ADJ
poilu,ADJ,C2,beacco,0.0,0.5543,0.0,0.0,3.0638,0.0,0.0,0.0,0.5543,0.0,0.0,0.3059,0.0,0.0,0.0,0.0284,C2,word_pos,poilu,A,poilu,ADJ
incognito,NOUN,C2,beacco,0.0,0.5351,0.0,0.0,0.0,0.7062,6.2023,0.0,0.5351,0.0,0.0,0.0,1.2705,0.0,0.0,0.0342,C2,word_pos,incognito,N,incognito,NOM
single,NOUN,C2,beacco,0.0,0.5102,0.0,0.2439,0.7236,0.0,0.0,0.0,0.5102,0.0,0.4664,0.0,0.0,0.0,0.0,0.0338,C2,word_pos,single,N,single,NOM
ustensile,NOUN,C2,beacco,0.0,0.5033,0.0,0.3702,0.5833,0.0,0.0,0.0,0.5033,0.0,0.606,0.0,0.0,0.0,0.0,0.0408,C2,word_pos,ustensile,N,ustensile,NOM
croate,ADJ,C2,beacco,0.0,0.5024,0.5693,0.0,0.0,3.0277,0.0,0.0,0.5024,1.1764,0.0,0.0,0.0,0.0,0.0,0.0216,C2,word_pos,croate,A,croate,ADJ
bosquet,NOUN,C2,beacco,0.0,0.4858,0.0,0.0,0.0,7.4055,0.0,0.0,0.4858,0.0,0.0,0.0,1.3018,0.0,0.0,0.035,C2,word_pos,bosquet,N,bosquet,NOM
bourru,ADJ,C2,beacco,0.0,0.4858,0.0,0.0,0.0,7.4055,0.0,0.0,0.4858,0.0,0.0,0.0,1.3018,0.0,0.0,0.035,C2,word_pos,bourru,A,bourru,ADJ
hargneux,ADJ,C2,beacco,0.0,0.4858,0.0,0.0,0.0,7.4055,0.0,0.0,0.4858,0.0,0.0,0.0,1.3018,0.0,0.0,0.035,C2,word_pos,hargneux,A,hargneux,ADJ
immobiliser,VERB,C2,beacco,0.0,0.4858,0.0,0.0,0.0,7.4055,0.0,0.0,0.4858,0.0,0.0,0.0,1.3018,0.0,0.0,0.035,C2,word_pos,immobiliser,V,immobiliser,VER
alcoolique,ADJ,C2,beacco,0.0,0.485,0.4068,0.6418,0.0,0.0,0.0,0.0,0.485,0.0,0.6228,0.0,0.0,0.0,0.0,0.0472,C2,word_pos,alcoolique,A,alcoolique,ADJ
router,VERB,C2,beacco,0.0,0.4847,0.0,0.0,2.5926,0.0,0.0,0.0,0.4847,0.0,0.0,0.1219,0.0,0.0,0.0,0.0338,C2,word_pos,router,V,router,VER
spontanéité,NOUN,C2,beacco,0.0,0.4837,0.0,3.439,0.0,0.0,0.0,0.0,0.4837,0.0,0.2891,0.0,0.0,0.0,0.0,0.0139,C2,word_pos,spontanéité,N,spontanéité,NOM
rusé,ADJ,C2,beacco,0.0,0.4816,0.0,0.0,0.4589,0.6502,0.0,0.0,0.4816,0.0,0.0,0.487,0.0,0.0,0.0,0.0452,C2,word_pos,rusé,A,rusé,ADJ
générateur,NOUN,C2,beacco,0.0,0.4795,0.4014,0.0,0.5833,0.0,0.0,0.0,0.4795,0.7319,0.0,0.0,0.0,0.0,0.0,0.0134,C2,word_pos,générateur,N,générateur,NOM
delta,NOUN,C2,beacco,0.0,0.4635,0.0,0.1103,0.1812,0.0,0.0,0.0,0.4635,0.0,0.0,0.185,0.0,0.0,0.0,0.0472,C2,word_pos,delta,N,delta,NOM
tremble,NOUN,C2,beacco,0.0,0.4583,0.0,0.5897,0.1507,0.0,0.0,0.0,0.4583,0.0,0.1865,0.0,0.0,0.0,0.0,0.009,C2,word_pos,tremble,N,tremble,NOM
boss,NOUN,C2,beacco,0.0,0.4523,0.0,3.253,0.0,0.0,0.0,0.0,0.4523,0.0,0.1937,0.0,0.0,0.0,0.0,0.0242,C2,word_pos,boss,N,boss,NOM
ramasse,NOUN,C2,beacco,0.0,0.4165,0.0,0.0,0.6884,0.0,3.1012,0.0,0.4165,0.0,0.3851,0.0,0.0,0.0,0.0,0.0186,C2,word_pos,ramasse,N,ramasse,NOM
orageux,ADJ,C2,beacco,0.0,0.4114,0.0,0.5197,0.2041,0.0,0.0,0.0,0.4114,0.0,0.0,0.4317,0.0,0.0,0.0,0.0401,C2,word_pos,orageux,A,orageux,ADJ
florence,NOUN,C2,beacco,0.0,0.4107,0.0,2.7187,0.0,0.0,0.0,0.0,0.4107,0.0,0.2129,0.0,0.0,0.0,0.0,0.0276,C2,word_pos,florence,N,florence,NOM
paralysé,ADJ,C2,beacco,0.0,0.4081,0.0,0.0,2.3245,0.0,0.0,0.0,0.4081,0.0,0.0,0.3906,0.0,0.0,0.0,0.0363,C2,word_pos,paralysé,A,paralysé,ADJ
croquis,NOUN,C2,beacco,0.0,0.4018,0.0,0.3918,0.0,0.5285,0.0,0.0,0.4018,0.0,0.0,0.0,0.8102,0.0,0.0,0.0218,C2,word_pos,croquis,N,croquis,NOM
habilité,NOUN,C2,beacco,0.0,0.4018,0.0,0.3918,0.0,0.5285,0.0,0.0,0.4018,0.0,0.0,0.0,0.8102,0.0,0.0,0.0218,C2,word_pos,habilité,N,habilité,NOM
incohérent,ADJ,C2,beacco,0.0,0.4018,0.0,0.3918,0.0,0.5285,0.0,0.0,0.4018,0.0,0.0,0.0,0.8102,0.0,0.0,0.0218,C2,word_pos,incohérent,A,incohérent,ADJ
touffe,NOUN,C2,beacco,0.0,0.4018,0.0,0.3918,0.0,0.5285,0.0,0.0,0.4018,0.0,0.0,0.0,0.8102,0.0,0.0,0.0218,C2,word_pos,touffe,N,touffe,NOM
éthologie,NOUN,C2,beacco,0.0,0.4018,0.0,0.3918,0.0,0.5285,0.0,0.0,0.4018,0.0,0.0,0.0,0.8102,0.0,0.0,0.0218,C2,word_pos,éthologie,N,éthologie,NOM
affubler,VERB,C2,beacco,0.0,0.4007,0.0,0.0,0.0,7.3154,0.0,0.0,0.4007,0.0,0.0,0.0,1.3018,0.0,0.0,0.035,C2,word_pos,affubler,V,affubler,VER
pétillant,ADJ,C2,beacco,0.0,0.3537,0.0,0.7405,0.0,0.0,3.1012,0.0,0.3537,0.0,0.606,0.0,0.0,0.0,0.0,0.0408,C2,word_pos,pétillant,A,pétillant,ADJ
phosphore,NOUN,C2,beacco,0.0,0.3393,0.0,0.0,1.8842,0.0,0.0,0.0,0.3393,0.0,0.0,0.4665,0.0,0.0,0.0,0.0433,C2,word_pos,phosphore,N,phosphore,NOM
courageux,NOUN,C2,beacco,0.0,0.3382,0.5304,0.2114,0.0,0.0,0.0,0.0,0.3382,0.4856,0.0,0.0,0.0,0.0,0.0,0.0089,C2,word_pos,courageux,N,courageux,NOM
descriptif,NOUN,C2,beacco,0.0,0.3279,0.0,0.3209,0.2405,0.0,0.0,0.0,0.3279,0.0,0.6228,0.0,0.0,0.0,0.0,0.0472,C2,word_pos,descriptif,N,descriptif,NOM
inventaire,NOUN,C2,beacco,0.0,0.3279,0.0,0.3209,0.2405,0.0,0.0,0.0,0.3279,0.0,0.0,0.4665,0.0,0.0,0.0,0.0433,C2,word_pos,inventaire,N,inventaire,NOM
hausser,VERB,C2,beacco,0.0,0.3257,0.0,0.0,1.7769,0.0,0.0,0.0,0.3257,0.0,0.0,0.2504,0.0,0.0,0.0,0.0233,C2,word_pos,hausser,V,hausser,VER
la,NOUN,C2,beacco,0.0,0.319,1.7682,0.0,0.3401,0.0,0.0,0.0,0.319,1.1764,0.0,0.0,0.0,0.0,0.0,0.0216,C2,word_pos,la,N,la,NOM
vietnamien,ADJ,C2,beacco,0.0,0.3189,0.6621,0.2117,0.0,0.0,0.0,0.0,0.3189,0.0,0.4157,0.0,0.0,0.0,0.0,0.02,C2,word_pos,vietnamien,A,vietnamien,ADJ
ausculter,VERB,C2,beacco,0.0,0.3162,0.0,0.0,0.3618,0.7062,0.0,0.0,0.3162,0.0,0.0,0.0,1.2705,0.0,0.0,0.0342,C2,word_pos,ausculter,V,ausculter,VER
désobéissance,NOUN,C2,beacco,0.0,0.3143,0.0,0.0,0.0,4.7828,0.0,0.0,0.3143,0.0,0.0,0.0,1.2705,0.0,0.0,0.0342,C2,word_pos,désobéissance,N,désobéissance,NOM
sagement,ADV,C2,beacco,0.0,0.3143,0.0,0.0,0.0,4.7828,0.0,0.0,0.3143,0.0,0.0,0.0,1.2705,0.0,0.0,0.0342,C2,word_pos,sagement,ADV,sagement,ADV
subversif,ADJ,C2,beacco,0.0,0.3143,0.0,0.0,0.0,4.7828,0.0,0.0,0.3143,0.0,0.0,0.0,1.2705,0.0,0.0,0.0342,C2,word_pos,subversif,A,subversif,ADJ
chaperon,NOUN,C2,beacco,0.0,0.2977,0.0,5.8968,0.0,0.0,0.0,0.0,0.2977,0.0,0.6111,0.0,0.0,0.0,0.0,0.0295,C2,word_pos,chaperon,N,chaperon,NOM
amicalement,ADV,C2,beacco,0.0,0.2908,1.005,0.0,0.0,0.5755,0.0,0.0,0.2908,0.9051,0.0,0.0,0.0,0.0,0.0,0.0456,C2,word_pos,amicalement,ADV,amicalement,ADV
donné,ADJ,C2,beacco,0.0,0.2785,0.0,0.0,0.1155,0.0,1.6042,0.0,0.2785,0.0,0.0,0.3906,0.0,0.0,0.0,0.0363,C2,word_pos,donné,A,donné,ADJ
renommer,VERB,C2,beacco,0.0,0.261,0.4014,0.0,0.2916,0.0,0.0,0.0,0.261,0.7319,0.0,0.0,0.0,0.0,0.0,0.0134,C2,word_pos,renommer,V,renommer,VER
fixe,NOUN,C2,beacco,0.0,0.2538,0.0,0.0,0.2791,0.5755,0.0,0.0,0.2538,0.0,0.0,0.1219,0.0,0.0,0.0,0.0338,C2,word_pos,fixe,N,fixe,NOM
opale,NOUN,C2,beacco,0.0,0.2513,0.0,0.0,0.0908,0.5755,0.0,0.0,0.2513,0.0,0.0,0.5008,0.0,0.0,0.0,0.0465,C2,word_pos,opale,N,opale,NOM
politicien,ADJ,C2,beacco,0.0,0.2432,0.0,0.0,0.2041,0.2167,0.0,0.0,0.2432,0.0,0.0,0.0,0.3387,0.0,0.0,0.0091,C2,word_pos,politicien,A,politicien,ADJ
nervosité,NOUN,C2,beacco,0.0,0.2321,0.0,1.6171,0.0,0.0,0.0,0.0,0.2321,0.0,0.4664,0.0,0.0,0.0,0.0,0.0338,C2,word_pos,nervosité,N,nervosité,NOM
perfectionnisme,NOUN,C2,beacco,0.0,0.2321,0.0,1.6171,0.0,0.0,0.0,0.0,0.2321,0.0,0.4664,0.0,0.0,0.0,0.0,0.0338,C2,word_pos,perfectionnisme,N,perfectionnisme,NOM
rit,NOUN,C2,beacco,0.0,0.212,0.2934,0.0,0.0,0.5755,0.0,0.0,0.212,0.5504,0.0,0.0,0.0,0.0,0.0,0.0101,C2,word_pos,rit,N,rit,NOM
consommé,ADJ,C2,beacco,0.0,0.1771,0.0,0.0,1.9237,0.0,0.0,0.0,0.1771,0.9051,0.0,0.0,0.0,0.0,0.0,0.0456,C2,unique_word,consommé,A,consommé,NOM
jardinet,NOUN,C2,beacco,0.0,0.1771,0.0,0.0,1.9237,0.0,0.0,0.0,0.1771,0.0,0.0,0.4665,0.0,0.0,0.0,0.0433,C2,word_pos,jardinet,N,jardinet,NOM
incorporer,VERB,C2,beacco,0.0,0.172,0.0,0.0,1.8683,0.0,0.0,0.0,0.172,0.0,0.0,0.3906,0.0,0.0,0.0,0.0363,C2,word_pos,incorporer,V,incorporer,VER
rompu,ADJ,C2,beacco,0.0,0.1638,0.0,0.0,0.0,0.0,9.3035,0.0,0.1638,0.0,0.0,0.0,1.2705,0.0,0.0,0.0342,C2,unique_word,rompu,A,rompu,NOM
transformée,NOUN,C2,beacco,0.0,0.1444,0.0,0.0,0.0,0.0,8.2019,0.0,0.1444,0.0,0.0,0.0,1.2705,0.0,0.0,0.0342,C2,word_pos,transformée,N,transformée,NOM
garance,NOUN,C2,beacco,0.0,0.1296,0.0,2.5671,0.0,0.0,0.0,0.0,0.1296,0.0,0.6228,0.0,0.0,0.0,0.0,0.0472,C2,word_pos,garance,N,garance,NOM
immatérialité,NOUN,C2,beacco,0.0,0.1296,0.0,2.5671,0.0,0.0,0.0,0.0,0.1296,0.0,0.6228,0.0,0.0,0.0,0.0,0.0472,C2,word_pos,immatérialité,N,immatérialité,NOM
judoka,NOUN,C2,beacco,0.0,0.1296,0.0,2.5671,0.0,0.0,0.0,0.0,0.1296,0.0,0.6228,0.0,0.0,0.0,0.0,0.0472,C2,word_pos,judoka,N,judoka,NOM
teinture,NOUN,C2,beacco,0.0,0.1296,0.0,2.5671,0.0,0.0,0.0,0.0,0.1296,0.0,0.6228,0.0,0.0,0.0,0.0,0.0472,C2,word_pos,teinture,N,teinture,NOM
virginité,NOUN,C2,beacco,0.0,0.1296,0.0,2.5671,0.0,0.0,0.0,0.0,0.1296,0.0,0.6228,0.0,0.0,0.0,0.0,0.0472,C2,word_pos,virginité,N,virginité,NOM
module,NOUN,C2,beacco,0.0,0.1276,0.0,2.5268,0.0,0.0,0.0,0.0,0.1276,0.0,1.0275,0.0,0.0,0.0,0.0,0.0495,C2,word_pos,module,N,module,NOM
awalé,NOUN,C2,beacco,0.0,0.1147,0.0,0.0,1.2455,0.0,0.0,0.0,0.1147,0.0,0.0,0.3906,0.0,0.0,0.0,0.0363,C2,word_pos,awalé,N,awalé,NOM
barbare,NOUN,C2,beacco,0.0,0.1147,0.0,0.0,1.2455,0.0,0.0,0.0,0.1147,0.0,0.0,0.3906,0.0,0.0,0.0,0.0363,C2,word_pos,barbare,N,barbare,NOM
cadeauter,VERB,C2,beacco,0.0,0.1147,0.0,0.0,1.2455,0.0,0.0,0.0,0.1147,0.0,0.0,0.3906,0.0,0.0,0.0,0.0363,C2,word_pos,cadeauter,V,cadeauter,VER
déneigement,NOUN,C2,beacco,0.0,0.1147,0.0,0.0,1.2455,0.0,0.0,0.0,0.1147,0.0,0.0,0.3906,0.0,0.0,0.0,0.0363,C2,word_pos,déneigement,N,déneigement,NOM
déneiger,VERB,C2,beacco,0.0,0.1147,0.0,0.0,1.2455,0.0,0.0,0.0,0.1147,0.0,0.0,0.3906,0.0,0.0,0.0,0.0363,C2,word_pos,déneiger,V,déneiger,VER
dévêtir,VERB,C2,beacco,0.0,0.1147,0.0,0.0,1.2455,0.0,0.0,0.0,0.1147,0.0,0.0,0.3906,0.0,0.0,0.0,0.0363,C2,word_pos,dévêtir,V,dévêtir,VER
lacrymal,ADJ,C2,beacco,0.0,0.1147,0.0,0.0,1.2455,0.0,0.0,0.0,0.1147,0.0,0.0,0.3906,0.0,0.0,0.0,0.0363,C2,word_pos,lacrymal,A,lacrymal,ADJ
mouette,NOUN,C2,beacco,0.0,0.1147,0.0,0.0,1.2455,0.0,0.0,0.0,0.1147,0.0,0.0,0.3906,0.0,0.0,0.0,0.0363,C2,word_pos,mouette,N,mouette,NOM
néologisme,NOUN,C2,beacco,0.0,0.1147,0.0,0.0,1.2455,0.0,0.0,0.0,0.1147,0.0,0.0,0.3906,0.0,0.0,0.0,0.0363,C2,word_pos,néologisme,N,néologisme,NOM
rhabiller,VERB,C2,beacco,0.0,0.1147,0.0,0.0,1.2455,0.0,0.0,0.0,0.1147,0.0,0.0,0.3906,0.0,0.0,0.0,0.0363,C2,word_pos,rhabiller,V,rhabiller,VER
escrime,NOUN,C2,beacco,0.0,0.1134,0.0,2.2462,0.0,0.0,0.0,0.0,0.1134,0.0,0.6228,0.0,0.0,0.0,0.0,0.0472,C2,word_pos,escrime,N,escrime,NOM
rediffuser,VERB,C2,beacco,0.0,0.1129,0.0,0.0,0.0,4.9436,0.0,0.0,0.1129,0.0,0.0,0.0,1.2705,0.0,0.0,0.0342,C2,word_pos,rediffuser,V,rediffuser,VER
élitiste,ADJ,C2,beacco,0.0,0.1129,0.0,0.0,0.0,4.9436,0.0,0.0,0.1129,0.0,0.0,0.0,1.2705,0.0,0.0,0.0342,C2,word_pos,élitiste,A,élitiste,ADJ
astuce,NOUN,C2,beacco,0.0,0.1121,0.0,2.2214,0.0,0.0,0.0,0.0,0.1121,0.0,0.606,0.0,0.0,0.0,0.0,0.0408,C2,word_pos,astuce,N,astuce,NOM
décorateur,NOUN,C2,beacco,0.0,0.1048,0.0,0.0,0.0,1.7264,0.0,0.0,0.1048,0.0,0.4664,0.0,0.0,0.0,0.0,0.0338,C2,word_pos,décorateur,N,décorateur,NOM
pariage,NOUN,C2,beacco,0.0,0.0985,0.0,1.9514,0.0,0.0,0.0,0.0,0.0985,0.0,0.4664,0.0,0.0,0.0,0.0,0.0338,C2,word_pos,pariage,N,pariage,NOM
efficacement,ADV,C2,beacco,0.0,0.0968,0.0,0.0,0.0,4.2374,0.0,0.0,0.0968,0.0,0.0,0.0,1.2705,0.0,0.0,0.0342,C2,word_pos,efficacement,ADV,efficacement,ADV
productivisme,NOUN,C2,beacco,0.0,0.0968,0.0,0.0,0.0,4.2374,0.0,0.0,0.0968,0.0,0.0,0.0,1.2705,0.0,0.0,0.0342,C2,word_pos,productivisme,N,productivisme,NOM
cabas,NOUN,C2,beacco,0.0,0.0955,0.0,0.0,1.0379,0.0,0.0,0.0,0.0955,0.0,0.0,0.3906,0.0,0.0,0.0,0.0363,C2,word_pos,cabas,N,cabas,NOM
componction,NOUN,C2,beacco,0.0,0.0955,0.0,0.0,1.0379,0.0,0.0,0.0,0.0955,0.0,0.0,0.3906,0.0,0.0,0.0,0.0363,C2,word_pos,componction,N,componction,NOM
gorgée,NOUN,C2,beacco,0.0,0.0955,0.0,0.0,1.0379,0.0,0.0,0.0,0.0955,0.0,0.0,0.3906,0.0,0.0,0.0,0.0363,C2,word_pos,gorgée,N,gorgée,NOM
ostensoir,NOUN,C2,beacco,0.0,0.0955,0.0,0.0,1.0379,0.0,0.0,0.0,0.0955,0.0,0.0,0.3906,0.0,0.0,0.0,0.0363,C2,word_pos,ostensoir,N,ostensoir,NOM
pince,NOUN,C2,beacco,0.0,0.0955,0.0,0.0,1.0379,0.0,0.0,0.0,0.0955,0.0,0.0,0.3906,0.0,0.0,0.0,0.0363,C2,word_pos,pince,N,pince,NOM
pâtissier,ADJ,C2,beacco,0.0,0.0955,0.0,0.0,1.0379,0.0,0.0,0.0,0.0955,0.0,0.0,0.3906,0.0,0.0,0.0,0.0363,C2,word_pos,pâtissier,A,pâtissier,ADJ
sourcier,NOUN,C2,beacco,0.0,0.0955,0.0,0.0,1.0379,0.0,0.0,0.0,0.0955,0.0,0.0,0.3906,0.0,0.0,0.0,0.0363,C2,word_pos,sourcier,N,sourcier,NOM
aduler,VERB,C2,beacco,0.0,0.0939,0.0,0.0,1.0203,0.0,0.0,0.0,0.0939,0.0,0.0,0.4317,0.0,0.0,0.0,0.0401,C2,word_pos,aduler,V,aduler,VER
cabot,NOUN,C2,beacco,0.0,0.0939,0.0,0.0,1.0203,0.0,0.0,0.0,0.0939,0.0,0.0,0.4317,0.0,0.0,0.0,0.0401,C2,word_pos,cabot,N,cabot,NOM
carmélite,NOUN,C2,beacco,0.0,0.0939,0.0,0.0,1.0203,0.0,0.0,0.0,0.0939,0.0,0.0,0.4317,0.0,0.0,0.0,0.0401,C2,word_pos,carmélite,N,carmélite,NOM
chouchou,NOUN,C2,beacco,0.0,0.0939,0.0,0.0,1.0203,0.0,0.0,0.0,0.0939,0.0,0.0,0.4317,0.0,0.0,0.0,0.0401,C2,word_pos,chouchou,N,chouchou,NOM
fougue,NOUN,C2,beacco,0.0,0.0939,0.0,0.0,1.0203,0.0,0.0,0.0,0.0939,0.0,0.0,0.4317,0.0,0.0,0.0,0.0401,C2,word_pos,fougue,N,fougue,NOM
historique,NOUN,C2,beacco,0.0,0.0939,0.0,0.0,1.0202,0.0,0.0,0.0,0.0939,0.0,0.0,0.4665,0.0,0.0,0.0,0.0433,C2,word_pos,historique,N,historique,NOM
hollywoodien,ADJ,C2,beacco,0.0,0.0939,0.0,0.0,1.0203,0.0,0.0,0.0,0.0939,0.0,0.0,0.4317,0.0,0.0,0.0,0.0401,C2,word_pos,hollywoodien,A,hollywoodien,ADJ
perfidie,NOUN,C2,beacco,0.0,0.0939,0.0,0.0,1.0203,0.0,0.0,0.0,0.0939,0.0,0.0,0.4317,0.0,0.0,0.0,0.0401,C2,word_pos,perfidie,N,perfidie,NOM
redresseur,NOUN,C2,beacco,0.0,0.0939,0.0,0.0,1.0203,0.0,0.0,0.0,0.0939,0.0,0.0,0.4317,0.0,0.0,0.0,0.0401,C2,unique_word,redresseur,N,redresseur,ADJ
édulcorer,VERB,C2,beacco,0.0,0.0939,0.0,0.0,1.0203,0.0,0.0,0.0,0.0939,0.0,0.0,0.4317,0.0,0.0,0.0,0.0401,C2,word_pos,édulcorer,V,édulcorer,VER
zoom,NOUN,C2,beacco,0.0,0.0934,0.0,1.8512,0.0,0.0,0.0,0.0,0.0934,0.0,0.606,0.0,0.0,0.0,0.0,0.0408,C2,word_pos,zoom,N,zoom,NOM
pimpant,ADJ,C2,beacco,0.0,0.0885,0.0,0.0,0.9618,0.0,0.0,0.0,0.0885,0.0,0.0,0.4665,0.0,0.0,0.0,0.0433,C2,word_pos,pimpant,A,pimpant,ADJ
alpage,NOUN,C2,beacco,0.0,0.0835,0.0,0.0,0.9076,0.0,0.0,0.0,0.0835,0.0,0.0,0.5008,0.0,0.0,0.0,0.0465,C2,word_pos,alpage,N,alpage,NOM
ecclésiastique,ADJ,C2,beacco,0.0,0.0832,0.0,0.0,0.9041,0.0,0.0,0.0,0.0832,0.0,0.0,0.3059,0.0,0.0,0.0,0.0284,C2,word_pos,ecclésiastique,A,ecclésiastique,ADJ
symphonique,ADJ,C2,beacco,0.0,0.0832,0.0,0.0,0.9041,0.0,0.0,0.0,0.0832,0.0,0.0,0.3059,0.0,0.0,0.0,0.0284,C2,word_pos,symphonique,A,symphonique,ADJ
théologie,NOUN,C2,beacco,0.0,0.0832,0.0,0.0,0.9041,0.0,0.0,0.0,0.0832,0.0,0.0,0.3059,0.0,0.0,0.0,0.0284,C2,word_pos,théologie,N,théologie,NOM
massacre,NOUN,C2,beacco,0.0,0.081,0.0,1.6044,0.0,0.0,0.0,0.0,0.081,0.0,0.6228,0.0,0.0,0.0,0.0,0.0472,C2,word_pos,massacre,N,massacre,NOM
rival,ADJ,C2,beacco,0.0,0.081,0.0,1.6044,0.0,0.0,0.0,0.0,0.081,0.0,0.6228,0.0,0.0,0.0,0.0,0.0472,C2,word_pos,rival,A,rival,ADJ
vulgaire,ADJ,C2,beacco,0.0,0.081,0.0,1.6044,0.0,0.0,0.0,0.0,0.081,0.0,0.6228,0.0,0.0,0.0,0.0,0.0472,C2,word_pos,vulgaire,A,vulgaire,ADJ
économe,ADJ,C2,beacco,0.0,0.081,0.0,1.6044,0.0,0.0,0.0,0.0,0.081,0.0,0.6228,0.0,0.0,0.0,0.0,0.0472,C2,word_pos,économe,A,économe,ADJ
caisson,NOUN,C2,beacco,0.0,0.0791,0.0,1.567,0.0,0.0,0.0,0.0,0.0791,0.0,0.7459,0.0,0.0,0.0,0.0,0.036,C2,word_pos,caisson,N,caisson,NOM
nuptial,ADJ,C2,beacco,0.0,0.0764,0.0,0.0,0.8304,0.0,0.0,0.0,0.0764,0.0,0.0,0.3906,0.0,0.0,0.0,0.0363,C2,word_pos,nuptial,A,nuptial,ADJ
occasionnellement,ADV,C2,beacco,0.0,0.0764,0.0,0.0,0.8304,0.0,0.0,0.0,0.0764,0.0,0.0,0.3906,0.0,0.0,0.0,0.0363,C2,word_pos,occasionnellement,ADV,occasionnellement,ADV
antagoniste,ADJ,C2,beacco,0.0,0.0754,0.0,0.0,0.0,3.3034,0.0,0.0,0.0754,0.0,0.0,0.0,1.3018,0.0,0.0,0.035,C2,word_pos,antagoniste,A,antagoniste,ADJ
charisme,NOUN,C2,beacco,0.0,0.0751,0.0,0.0,0.8162,0.0,0.0,0.0,0.0751,0.0,0.0,0.4317,0.0,0.0,0.0,0.0401,C2,word_pos,charisme,N,charisme,NOM
régence,NOUN,C2,beacco,0.0,0.0751,0.0,0.0,0.8162,0.0,0.0,0.0,0.0751,0.0,0.0,0.4317,0.0,0.0,0.0,0.0401,C2,word_pos,régence,N,régence,NOM
séculaire,ADJ,C2,beacco,0.0,0.0751,0.0,0.0,0.8162,0.0,0.0,0.0,0.0751,0.0,0.0,0.4317,0.0,0.0,0.0,0.0401,C2,word_pos,séculaire,A,séculaire,ADJ
allusif,ADJ,C2,beacco,0.0,0.0748,0.0,1.4809,0.0,0.0,0.0,0.0,0.0748,0.0,0.606,0.0,0.0,0.0,0.0,0.0408,C2,word_pos,allusif,A,allusif,ADJ
excrément,NOUN,C2,beacco,0.0,0.0748,0.0,1.4809,0.0,0.0,0.0,0.0,0.0748,0.0,0.606,0.0,0.0,0.0,0.0,0.0408,C2,word_pos,excrément,N,excrément,NOM
fêler,VERB,C2,beacco,0.0,0.0748,0.0,1.4809,0.0,0.0,0.0,0.0,0.0748,0.0,0.606,0.0,0.0,0.0,0.0,0.0408,C2,word_pos,fêler,V,fêler,VER
psychopathe,NOUN,C2,beacco,0.0,0.0748,0.0,1.4809,0.0,0.0,0.0,0.0,0.0748,0.0,0.606,0.0,0.0,0.0,0.0,0.0408,C2,word_pos,psychopathe,N,psychopathe,NOM
richissime,ADJ,C2,beacco,0.0,0.0748,0.0,1.4809,0.0,0.0,0.0,0.0,0.0748,0.0,0.606,0.0,0.0,0.0,0.0,0.0408,C2,word_pos,richissime,A,richissime,ADJ
battant,NOUN,C2,beacco,0.0,0.0724,0.0,0.0,0.0,3.1713,0.0,0.0,0.0724,0.0,0.0,0.0,0.8102,0.0,0.0,0.0218,C2,word_pos,battant,N,battant,NOM
coulisser,VERB,C2,beacco,0.0,0.0724,0.0,0.0,0.0,3.1713,0.0,0.0,0.0724,0.0,0.0,0.0,0.8102,0.0,0.0,0.0218,C2,word_pos,coulisser,V,coulisser,VER
rouiller,VERB,C2,beacco,0.0,0.0724,0.0,0.0,0.0,3.1713,0.0,0.0,0.0724,0.0,0.0,0.0,0.8102,0.0,0.0,0.0218,C2,word_pos,rouiller,V,rouiller,VER
vilebrequin,NOUN,C2,beacco,0.0,0.0724,0.0,0.0,0.0,3.1713,0.0,0.0,0.0724,0.0,0.0,0.0,0.8102,0.0,0.0,0.0218,C2,word_pos,vilebrequin,N,vilebrequin,NOM
protégé,NOUN,C2,beacco,0.0,0.0698,0.0,0.0,0.4732,0.0,0.0,0.0,0.0698,0.0,0.6228,0.0,0.0,0.0,0.0,0.0472,C2,unique_word,protégé,N,protégé,ADJ
piquet,NOUN,C2,beacco,0.0,0.0696,3.6128,0.0,0.0,0.0,0.0,0.0,0.0696,2.1958,0.0,0.0,0.0,0.0,0.0,0.0403,C2,word_pos,piquet,N,piquet,NOM
étable,NOUN,C2,beacco,0.0,0.0696,3.6128,0.0,0.0,0.0,0.0,0.0,0.0696,2.1958,0.0,0.0,0.0,0.0,0.0,0.0403,C2,word_pos,étable,N,étable,NOM
communisme,NOUN,C2,beacco,0.0,0.0693,0.0,0.0,0.753,0.0,0.0,0.0,0.0693,0.0,0.0,0.3933,0.0,0.0,0.0,0.0365,C2,word_pos,communisme,N,communisme,NOM
syndicalisme,NOUN,C2,beacco,0.0,0.0693,0.0,0.0,0.753,0.0,0.0,0.0,0.0693,0.0,0.0,0.3933,0.0,0.0,0.0,0.0365,C2,word_pos,syndicalisme,N,syndicalisme,NOM
luge,NOUN,C2,beacco,0.0,0.0678,3.5212,0.0,0.0,0.0,0.0,0.0,0.0678,2.2187,0.0,0.0,0.0,0.0,0.0,0.0407,C2,word_pos,luge,N,luge,NOM
afflux,NOUN,C2,beacco,0.0,0.0664,0.0,0.0,0.7214,0.0,0.0,0.0,0.0664,0.0,0.0,0.4665,0.0,0.0,0.0,0.0433,C2,word_pos,afflux,N,afflux,NOM
astronef,NOUN,C2,beacco,0.0,0.0664,0.0,0.0,0.7214,0.0,0.0,0.0,0.0664,0.0,0.0,0.4665,0.0,0.0,0.0,0.0433,C2,word_pos,astronef,N,astronef,NOM
badaud,NOUN,C2,beacco,0.0,0.0664,0.0,0.0,0.7214,0.0,0.0,0.0,0.0664,0.0,0.0,0.4665,0.0,0.0,0.0,0.0433,C2,word_pos,badaud,N,badaud,NOM
barder,VERB,C2,beacco,0.0,0.0664,0.0,0.0,0.7214,0.0,0.0,0.0,0.0664,0.0,0.0,0.4665,0.0,0.0,0.0,0.0433,C2,word_pos,barder,V,barder,VER
blindé,NOUN,C2,beacco,0.0,0.0664,0.0,0.0,0.7214,0.0,0.0,0.0,0.0664,0.0,0.0,0.4665,0.0,0.0,0.0,0.0433,C2,unique_word,blindé,N,blindé,ADJ
clinquant,ADJ,C2,beacco,0.0,0.0664,0.0,0.0,0.7214,0.0,0.0,0.0,0.0664,0.0,0.0,0.4665,0.0,0.0,0.0,0.0433,C2,word_pos,clinquant,A,clinquant,ADJ
condensé,NOUN,C2,beacco,0.0,0.0664,0.0,0.0,0.7214,0.0,0.0,0.0,0.0664,0.0,0.0,0.4665,0.0,0.0,0.0,0.0433,C2,word_pos,condensé,N,condensé,NOM
dock,NOUN,C2,beacco,0.0,0.0664,0.0,0.0,0.7214,0.0,0.0,0.0,0.0664,0.0,0.0,0.4665,0.0,0.0,0.0,0.0433,C2,word_pos,dock,N,dock,NOM
emplette,NOUN,C2,beacco,0.0,0.0664,0.0,0.0,0.7214,0.0,0.0,0.0,0.0664,0.0,0.0,0.4665,0.0,0.0,0.0,0.0433,C2,word_pos,emplette,N,emplette,NOM
fascisme,NOUN,C2,beacco,0.0,0.0664,0.0,0.0,0.7214,0.0,0.0,0.0,0.0664,0.0,0.0,0.4665,0.0,0.0,0.0,0.0433,C2,word_pos,fascisme,N,fascisme,NOM
flamenco,NOUN,C2,beacco,0.0,0.0664,0.0,0.0,0.7214,0.0,0.0,0.0,0.0664,0.0,0.0,0.4665,0.0,0.0,0.0,0.0433,C2,word_pos,flamenco,N,flamenco,NOM
gibelotte,NOUN,C2,beacco,0.0,0.0664,0.0,0.0,0.7214,0.0,0.0,0.0,0.0664,0.0,0.0,0.4665,0.0,0.0,0.0,0.0433,C2,word_pos,gibelotte,N,gibelotte,NOM
gratiné,ADJ,C2,beacco,0.0,0.0664,0.0,0.0,0.7214,0.0,0.0,0.0,0.0664,0.0,0.0,0.4665,0.0,0.0,0.0,0.0433,C2,word_pos,gratiné,A,gratiné,ADJ
inexprimablement,ADV,C2,beacco,0.0,0.0664,0.0,0.0,0.7214,0.0,0.0,0.0,0.0664,0.0,0.0,0.4665,0.0,0.0,0.0,0.0433,C2,word_pos,inexprimablement,ADV,inexprimablement,ADV
inégalable,ADJ,C2,beacco,0.0,0.0664,0.0,0.0,0.7214,0.0,0.0,0.0,0.0664,0.0,0.0,0.4665,0.0,0.0,0.0,0.0433,C2,word_pos,inégalable,A,inégalable,ADJ
marginal,NOUN,C2,beacco,0.0,0.0664,0.0,0.0,0.7214,0.0,0.0,0.0,0.0664,0.0,0.0,0.4665,0.0,0.0,0.0,0.0433,C2,word_pos,marginal,N,marginal,NOM
montant,ADJ,C2,beacco,0.0,0.0664,0.0,0.0,0.7214,0.0,0.0,0.0,0.0664,0.0,0.0,0.4665,0.0,0.0,0.0,0.0433,C2,word_pos,montant,A,montant,ADJ
nazisme,NOUN,C2,beacco,0.0,0.0664,0.0,0.0,0.7214,0.0,0.0,0.0,0.0664,0.0,0.0,0.4665,0.0,0.0,0.0,0.0433,C2,word_pos,nazisme,N,nazisme,NOM
tarot,NOUN,C2,beacco,0.0,0.0658,3.4156,0.0,0.0,0.0,0.0,0.0,0.0658,2.3528,0.0,0.0,0.0,0.0,0.0,0.0432,C2,word_pos,tarot,N,tarot,NOM
plombier,NOUN,C2,beacco,0.0,0.0656,0.0,1.2993,0.0,0.0,0.0,0.0,0.0656,0.0,0.5213,0.0,0.0,0.0,0.0,0.0251,C2,word_pos,plombier,N,plombier,NOM
savonnette,NOUN,C2,beacco,0.0,0.0656,0.0,1.2993,0.0,0.0,0.0,0.0,0.0656,0.0,0.5213,0.0,0.0,0.0,0.0,0.0251,C2,word_pos,savonnette,N,savonnette,NOM
annulation,NOUN,C2,beacco,0.0,0.0648,0.0,1.2835,0.0,0.0,0.0,0.0,0.0648,0.0,0.6228,0.0,0.0,0.0,0.0,0.0472,C2,word_pos,annulation,N,annulation,NOM
anticonformiste,ADJ,C2,beacco,0.0,0.0648,0.0,1.2835,0.0,0.0,0.0,0.0,0.0648,0.0,0.6228,0.0,0.0,0.0,0.0,0.0472,C2,word_pos,anticonformiste,A,anticonformiste,ADJ
insuffisance,NOUN,C2,beacco,0.0,0.0645,0.0,0.0,0.0,2.8249,0.0,0.0,0.0645,0.0,0.0,0.0,1.2705,0.0,0.0,0.0342,C2,word_pos,insuffisance,N,insuffisance,NOM
prioritairement,ADV,C2,beacco,0.0,0.0645,0.0,0.0,0.0,2.8249,0.0,0.0,0.0645,0.0,0.0,0.0,1.2705,0.0,0.0,0.0342,C2,word_pos,prioritairement,ADV,prioritairement,ADV
écorner,VERB,C2,beacco,0.0,0.0645,0.0,0.0,0.0,2.8249,0.0,0.0,0.0645,0.0,0.0,0.0,1.2705,0.0,0.0,0.0342,C2,word_pos,écorner,V,écorner,VER
allécher,VERB,C2,beacco,0.0,0.0641,0.0,1.2702,0.0,0.0,0.0,0.0,0.0641,0.0,0.4157,0.0,0.0,0.0,0.0,0.02,C2,word_pos,allécher,V,allécher,VER
préfabrication,NOUN,C2,beacco,0.0,0.0641,0.0,1.2702,0.0,0.0,0.0,0.0,0.0641,0.0,0.4157,0.0,0.0,0.0,0.0,0.02,C2,word_pos,préfabrication,N,préfabrication,NOM
préfabriqué,NOUN,C2,beacco,0.0,0.0641,0.0,1.2702,0.0,0.0,0.0,0.0,0.0641,0.0,0.4157,0.0,0.0,0.0,0.0,0.02,C2,unique_word,préfabriqué,N,préfabriqué,ADJ
automatiser,VERB,C2,beacco,0.0,0.0638,3.3104,0.0,0.0,0.0,0.0,0.0,0.0638,1.2635,0.0,0.0,0.0,0.0,0.0,0.0232,C2,word_pos,automatiser,V,automatiser,VER
notation,NOUN,C2,beacco,0.0,0.0638,0.0,1.2634,0.0,0.0,0.0,0.0,0.0638,0.0,0.5137,0.0,0.0,0.0,0.0,0.0248,C2,word_pos,notation,N,notation,NOM
redoublement,NOUN,C2,beacco,0.0,0.0638,0.0,1.2634,0.0,0.0,0.0,0.0,0.0638,0.0,0.5137,0.0,0.0,0.0,0.0,0.0248,C2,word_pos,redoublement,N,redoublement,NOM
saquer,VERB,C2,beacco,0.0,0.0638,0.0,1.2634,0.0,0.0,0.0,0.0,0.0638,0.0,0.5137,0.0,0.0,0.0,0.0,0.0248,C2,word_pos,saquer,V,saquer,VER
araignée,NOUN,C2,beacco,0.0,0.0634,0.0,0.0,0.6884,0.0,0.0,0.0,0.0634,0.0,0.0,0.487,0.0,0.0,0.0,0.0452,C2,word_pos,araignée,N,araignée,NOM
battoir,NOUN,C2,beacco,0.0,0.0634,0.0,0.0,0.6884,0.0,0.0,0.0,0.0634,0.0,0.0,0.487,0.0,0.0,0.0,0.0452,C2,word_pos,battoir,N,battoir,NOM
bourbeux,ADJ,C2,beacco,0.0,0.0634,0.0,0.0,0.6884,0.0,0.0,0.0,0.0634,0.0,0.0,0.487,0.0,0.0,0.0,0.0452,C2,word_pos,bourbeux,A,bourbeux,ADJ
charrue,NOUN,C2,beacco,0.0,0.0634,0.0,0.0,0.6884,0.0,0.0,0.0,0.0634,0.0,0.0,0.487,0.0,0.0,0.0,0.0452,C2,word_pos,charrue,N,charrue,NOM
repêcher,VERB,C2,beacco,0.0,0.0634,0.0,0.0,0.6884,0.0,0.0,0.0,0.0634,0.0,0.0,0.487,0.0,0.0,0.0,0.0452,C2,word_pos,repêcher,V,repêcher,VER
retombe,NOUN,C2,beacco,0.0,0.0634,0.0,0.0,0.6884,0.0,0.0,0.0,0.0634,0.0,0.0,0.487,0.0,0.0,0.0,0.0452,C2,word_pos,retombe,N,retombe,NOM
tombé,ADJ,C2,beacco,0.0,0.0634,0.0,0.0,0.6884,0.0,0.0,0.0,0.0634,0.0,0.0,0.487,0.0,0.0,0.0,0.0452,C2,word_pos,tombé,A,tombé,ADJ
vietnamien,NOUN,C2,beacco,0.0,0.0626,0.0,0.0,0.6802,0.0,0.0,0.0,0.0626,1.2635,0.0,0.0,0.0,0.0,0.0,0.0232,C2,word_pos,vietnamien,N,vietnamien,NOM
chromosome,NOUN,C2,beacco,0.0,0.0584,0.0,0.0,0.6343,0.0,0.0,0.0,0.0584,0.0,0.0,0.185,0.0,0.0,0.0,0.0472,C2,word_pos,chromosome,N,chromosome,NOM
déficient,ADJ,C2,beacco,0.0,0.0584,0.0,0.0,0.6343,0.0,0.0,0.0,0.0584,0.0,0.0,0.185,0.0,0.0,0.0,0.0472,C2,word_pos,déficient,A,déficient,ADJ
clairière,NOUN,C2,beacco,0.0,0.0575,0.0,1.1399,0.0,0.0,0.0,0.0,0.0575,0.0,0.5781,0.0,0.0,0.0,0.0,0.0279,C2,word_pos,clairière,N,clairière,NOM
acheminement,NOUN,C2,beacco,0.0,0.0573,0.0,0.0,0.6228,0.0,0.0,0.0,0.0573,0.0,0.0,0.3906,0.0,0.0,0.0,0.0363,C2,word_pos,acheminement,N,acheminement,NOM
appréhension,NOUN,C2,beacco,0.0,0.0573,0.0,0.0,0.6228,0.0,0.0,0.0,0.0573,0.0,0.0,0.3906,0.0,0.0,0.0,0.0363,C2,word_pos,appréhension,N,appréhension,NOM
avorter,VERB,C2,beacco,0.0,0.0573,0.0,0.0,0.6228,0.0,0.0,0.0,0.0573,0.0,0.0,0.3906,0.0,0.0,0.0,0.0363,C2,word_pos,avorter,V,avorter,VER
dramatisation,NOUN,C2,beacco,0.0,0.0573,0.0,0.0,0.6228,0.0,0.0,0.0,0.0573,0.0,0.0,0.3906,0.0,0.0,0.0,0.0363,C2,word_pos,dramatisation,N,dramatisation,NOM
fluidité,NOUN,C2,beacco,0.0,0.0573,0.0,0.0,0.6228,0.0,0.0,0.0,0.0573,0.0,0.0,0.3906,0.0,0.0,0.0,0.0363,C2,word_pos,fluidité,N,fluidité,NOM
gestualité,NOUN,C2,beacco,0.0,0.0573,0.0,0.0,0.6228,0.0,0.0,0.0,0.0573,0.0,0.0,0.3906,0.0,0.0,0.0,0.0363,C2,word_pos,gestualité,N,gestualité,NOM
go,NOUN,C2,beacco,0.0,0.0573,0.0,0.0,0.6228,0.0,0.0,0.0,0.0573,0.0,0.0,0.3906,0.0,0.0,0.0,0.0363,C2,word_pos,go,N,go,NOM
lexique,NOUN,C2,beacco,0.0,0.0573,0.0,0.0,0.6228,0.0,0.0,0.0,0.0573,0.0,0.0,0.3906,0.0,0.0,0.0,0.0363,C2,word_pos,lexique,N,lexique,NOM
âpreté,NOUN,C2,beacco,0.0,0.0573,0.0,0.0,0.6228,0.0,0.0,0.0,0.0573,0.0,0.0,0.3906,0.0,0.0,0.0,0.0363,C2,word_pos,âpreté,N,âpreté,NOM
arroseur,NOUN,C2,beacco,0.0,0.0566,0.0,0.0,0.0,2.4776,0.0,0.0,0.0566,0.0,0.0,0.0,1.3018,0.0,0.0,0.035,C2,word_pos,arroseur,N,arroseur,NOM
assener,VERB,C2,beacco,0.0,0.0566,0.0,0.0,0.0,2.4776,0.0,0.0,0.0566,0.0,0.0,0.0,1.3018,0.0,0.0,0.035,C2,word_pos,assener,V,assener,VER
attirail,NOUN,C2,beacco,0.0,0.0566,0.0,0.0,0.0,2.4776,0.0,0.0,0.0566,0.0,0.0,0.0,1.3018,0.0,0.0,0.035,C2,word_pos,attirail,N,attirail,NOM
chantant,ADJ,C2,beacco,0.0,0.0566,0.0,0.0,0.0,2.4776,0.0,0.0,0.0566,0.0,0.0,0.0,1.3018,0.0,0.0,0.035,C2,word_pos,chantant,A,chantant,ADJ
chevelu,ADJ,C2,beacco,0.0,0.0566,0.0,0.0,0.0,2.4776,0.0,0.0,0.0566,0.0,0.0,0.0,1.3018,0.0,0.0,0.035,C2,word_pos,chevelu,A,chevelu,ADJ
cinématographe,NOUN,C2,beacco,0.0,0.0566,0.0,0.0,0.0,2.4776,0.0,0.0,0.0566,0.0,0.0,0.0,1.3018,0.0,0.0,0.035,C2,word_pos,cinématographe,N,cinématographe,NOM
complet,NOUN,C2,beacco,0.0,0.0566,0.0,0.0,0.0,2.4776,0.0,0.0,0.0566,0.0,0.0,0.0,1.3018,0.0,0.0,0.035,C2,word_pos,complet,N,complet,NOM
cubisme,NOUN,C2,beacco,0.0,0.0566,0.0,0.0,0.0,2.4776,0.0,0.0,0.0566,0.0,0.0,0.0,1.3018,0.0,0.0,0.035,C2,word_pos,cubisme,N,cubisme,NOM
dijonnais,ADJ,C2,beacco,0.0,0.0566,0.0,0.0,0.0,2.4776,0.0,0.0,0.0566,0.0,0.0,0.0,1.3018,0.0,0.0,0.035,C2,word_pos,dijonnais,A,dijonnais,ADJ
débarras,NOUN,C2,beacco,0.0,0.0566,0.0,0.0,0.0,2.4776,0.0,0.0,0.0566,0.0,0.0,0.0,1.3018,0.0,0.0,0.035,C2,word_pos,débarras,N,débarras,NOM
désaffecter,VERB,C2,beacco,0.0,0.0566,0.0,0.0,0.0,2.4776,0.0,0.0,0.0566,0.0,0.0,0.0,1.3018,0.0,0.0,0.035,C2,word_pos,désaffecter,V,désaffecter,VER
endiabler,VERB,C2,beacco,0.0,0.0566,0.0,0.0,0.0,2.4776,0.0,0.0,0.0566,0.0,0.0,0.0,1.3018,0.0,0.0,0.035,C2,word_pos,endiabler,V,endiabler,VER
ensanglanter,VERB,C2,beacco,0.0,0.0566,0.0,0.0,0.0,2.4776,0.0,0.0,0.0566,0.0,0.0,0.0,1.3018,0.0,0.0,0.035,C2,word_pos,ensanglanter,V,ensanglanter,VER
expressionnisme,NOUN,C2,beacco,0.0,0.0566,0.0,0.0,0.0,2.4776,0.0,0.0,0.0566,0.0,0.0,0.0,1.3018,0.0,0.0,0.035,C2,word_pos,expressionnisme,N,expressionnisme,NOM
fauvisme,NOUN,C2,beacco,0.0,0.0566,0.0,0.0,0.0,2.4776,0.0,0.0,0.0566,0.0,0.0,0.0,1.3018,0.0,0.0,0.035,C2,word_pos,fauvisme,N,fauvisme,NOM
gag,NOUN,C2,beacco,0.0,0.0566,0.0,0.0,0.0,2.4776,0.0,0.0,0.0566,0.0,0.0,0.0,1.3018,0.0,0.0,0.035,C2,word_pos,gag,N,gag,NOM
incompris,ADJ,C2,beacco,0.0,0.0566,0.0,0.0,0.0,2.4776,0.0,0.0,0.0566,0.0,0.0,0.0,1.3018,0.0,0.0,0.035,C2,word_pos,incompris,A,incompris,ADJ
liberty,ADJ,C2,beacco,0.0,0.0566,0.0,0.0,0.0,2.4776,0.0,0.0,0.0566,0.0,0.0,0.0,1.3018,0.0,0.0,0.035,C2,word_pos,liberty,A,liberty,ADJ
pointillisme,NOUN,C2,beacco,0.0,0.0566,0.0,0.0,0.0,2.4776,0.0,0.0,0.0566,0.0,0.0,0.0,1.3018,0.0,0.0,0.035,C2,word_pos,pointillisme,N,pointillisme,NOM
quadrille,NOUN,C2,beacco,0.0,0.0566,0.0,0.0,0.0,2.4776,0.0,0.0,0.0566,0.0,0.0,0.0,1.3018,0.0,0.0,0.035,C2,word_pos,quadrille,N,quadrille,NOM
souscription,NOUN,C2,beacco,0.0,0.0566,0.0,0.0,0.0,2.4776,0.0,0.0,0.0566,0.0,0.0,0.0,1.3018,0.0,0.0,0.035,C2,word_pos,souscription,N,souscription,NOM
spectral,ADJ,C2,beacco,0.0,0.0566,0.0,0.0,0.0,2.4776,0.0,0.0,0.0566,0.0,0.0,0.0,1.3018,0.0,0.0,0.035,C2,word_pos,spectral,A,spectral,ADJ
symbiose,NOUN,C2,beacco,0.0,0.0566,0.0,0.0,0.0,2.4776,0.0,0.0,0.0566,0.0,0.0,0.0,1.3018,0.0,0.0,0.035,C2,word_pos,symbiose,N,symbiose,NOM
ébullition,NOUN,C2,beacco,0.0,0.0566,0.0,0.0,0.0,2.4776,0.0,0.0,0.0566,0.0,0.0,0.0,1.3018,0.0,0.0,0.035,C2,word_pos,ébullition,N,ébullition,NOM
canon,NOUN,C2,beacco,0.0,0.0564,0.0,0.0,0.6122,0.0,0.0,0.0,0.0564,0.0,0.0,0.4317,0.0,0.0,0.0,0.0401,C2,word_pos,canon,N,canon,NOM
capeline,NOUN,C2,beacco,0.0,0.0564,0.0,0.0,0.6122,0.0,0.0,0.0,0.0564,0.0,0.0,0.4317,0.0,0.0,0.0,0.0401,C2,word_pos,capeline,N,capeline,NOM
duelliste,NOUN,C2,beacco,0.0,0.0564,0.0,0.0,0.6122,0.0,0.0,0.0,0.0564,0.0,0.0,0.4317,0.0,0.0,0.0,0.0401,C2,word_pos,duelliste,N,duelliste,NOM
farce,ADJ,C2,beacco,0.0,0.0564,0.0,0.0,0.6122,0.0,0.0,0.0,0.0564,0.0,0.0,0.4317,0.0,0.0,0.0,0.0401,C2,word_pos,farce,A,farce,ADJ
libertin,NOUN,C2,beacco,0.0,0.0564,0.0,0.0,0.6122,0.0,0.0,0.0,0.0564,0.0,0.0,0.4317,0.0,0.0,0.0,0.0401,C2,word_pos,libertin,N,libertin,NOM
revenant,NOUN,C2,beacco,0.0,0.0564,0.0,0.0,0.6122,0.0,0.0,0.0,0.0564,0.0,0.0,0.4317,0.0,0.0,0.0,0.0401,C2,word_pos,revenant,N,revenant,NOM
supportable,ADJ,C2,beacco,0.0,0.0564,0.0,0.0,0.6122,0.0,0.0,0.0,0.0564,0.0,0.0,0.4317,0.0,0.0,0.0,0.0401,C2,word_pos,supportable,A,supportable,ADJ
apaiser,VERB,C2,beacco,0.0,0.0561,0.0,1.1107,0.0,0.0,0.0,0.0,0.0561,0.0,0.606,0.0,0.0,0.0,0.0,0.0408,C2,word_pos,apaiser,V,apaiser,VER
caramel,NOUN,C2,beacco,0.0,0.0561,0.0,1.1107,0.0,0.0,0.0,0.0,0.0561,0.0,0.606,0.0,0.0,0.0,0.0,0.0408,C2,word_pos,caramel,N,caramel,NOM
compression,NOUN,C2,beacco,0.0,0.0561,0.0,1.1107,0.0,0.0,0.0,0.0,0.0561,0.0,0.606,0.0,0.0,0.0,0.0,0.0408,C2,word_pos,compression,N,compression,NOM
costaud,NOUN,C2,beacco,0.0,0.0561,0.0,1.1107,0.0,0.0,0.0,0.0,0.0561,0.0,0.606,0.0,0.0,0.0,0.0,0.0408,C2,word_pos,costaud,N,costaud,NOM
escroquerie,NOUN,C2,beacco,0.0,0.0561,0.0,1.1107,0.0,0.0,0.0,0.0,0.0561,0.0,0.606,0.0,0.0,0.0,0.0,0.0408,C2,word_pos,escroquerie,N,escroquerie,NOM
fortifiant,ADJ,C2,beacco,0.0,0.0561,0.0,1.1107,0.0,0.0,0.0,0.0,0.0561,0.0,0.606,0.0,0.0,0.0,0.0,0.0408,C2,word_pos,fortifiant,A,fortifiant,ADJ
garniture,NOUN,C2,beacco,0.0,0.0561,0.0,1.1107,0.0,0.0,0.0,0.0,0.0561,0.0,0.606,0.0,0.0,0.0,0.0,0.0408,C2,word_pos,garniture,N,garniture,NOM
hospitalier,ADJ,C2,beacco,0.0,0.0561,0.0,1.1107,0.0,0.0,0.0,0.0,0.0561,0.0,0.606,0.0,0.0,0.0,0.0,0.0408,C2,word_pos,hospitalier,A,hospitalier,ADJ
inventeur,ADJ,C2,beacco,0.0,0.0561,0.0,1.1107,0.0,0.0,0.0,0.0,0.0561,0.0,0.606,0.0,0.0,0.0,0.0,0.0408,C2,word_pos,inventeur,A,inventeur,ADJ
lamelle,NOUN,C2,beacco,0.0,0.0561,0.0,1.1107,0.0,0.0,0.0,0.0,0.0561,0.0,0.606,0.0,0.0,0.0,0.0,0.0408,C2,word_pos,lamelle,N,lamelle,NOM
mixture,NOUN,C2,beacco,0.0,0.0561,0.0,1.1107,0.0,0.0,0.0,0.0,0.0561,0.0,0.606,0.0,0.0,0.0,0.0,0.0408,C2,word_pos,mixture,N,mixture,NOM
motard,NOUN,C2,beacco,0.0,0.0561,0.0,1.1107,0.0,0.0,0.0,0.0,0.0561,0.0,0.606,0.0,0.0,0.0,0.0,0.0408,C2,word_pos,motard,N,motard,NOM
ostentation,NOUN,C2,beacco,0.0,0.0561,0.0,1.1107,0.0,0.0,0.0,0.0,0.0561,0.0,0.606,0.0,0.0,0.0,0.0,0.0408,C2,word_pos,ostentation,N,ostentation,NOM
pelé,ADJ,C2,beacco,0.0,0.0561,0.0,1.1107,0.0,0.0,0.0,0.0,0.0561,0.0,0.606,0.0,0.0,0.0,0.0,0.0408,C2,word_pos,pelé,A,pelé,ADJ
stipulant,ADJ,C2,beacco,0.0,0.0561,0.0,1.1107,0.0,0.0,0.0,0.0,0.0561,0.0,0.606,0.0,0.0,0.0,0.0,0.0408,C2,word_pos,stipulant,A,stipulant,ADJ
trac,NOUN,C2,beacco,0.0,0.0561,0.0,1.1107,0.0,0.0,0.0,0.0,0.0561,0.0,0.606,0.0,0.0,0.0,0.0,0.0408,C2,word_pos,trac,N,trac,NOM
tréteau,NOUN,C2,beacco,0.0,0.0561,0.0,1.1107,0.0,0.0,0.0,0.0,0.0561,0.0,0.606,0.0,0.0,0.0,0.0,0.0408,C2,word_pos,tréteau,N,tréteau,NOM
tétaniser,VERB,C2,beacco,0.0,0.0561,0.0,1.1107,0.0,0.0,0.0,0.0,0.0561,0.0,0.606,0.0,0.0,0.0,0.0,0.0408,C2,word_pos,tétaniser,V,tétaniser,VER
visionnaire,NOUN,C2,beacco,0.0,0.0561,0.0,1.1107,0.0,0.0,0.0,0.0,0.0561,0.0,0.606,0.0,0.0,0.0,0.0,0.0408,C2,word_pos,visionnaire,N,visionnaire,NOM
vrac,NOUN,C2,beacco,0.0,0.0561,0.0,1.1107,0.0,0.0,0.0,0.0,0.0561,0.0,0.606,0.0,0.0,0.0,0.0,0.0408,C2,unique_word,vrac,N,vrac,ADV
décoiffer,VERB,C2,beacco,0.0,0.0525,0.0,1.0395,0.0,0.0,0.0,0.0,0.0525,0.0,0.5213,0.0,0.0,0.0,0.0,0.0251,C2,word_pos,décoiffer,V,décoiffer,VER
rangement,NOUN,C2,beacco,0.0,0.0525,0.0,1.0395,0.0,0.0,0.0,0.0,0.0525,0.0,0.5213,0.0,0.0,0.0,0.0,0.0251,C2,word_pos,rangement,N,rangement,NOM
écouteur,NOUN,C2,beacco,0.0,0.0525,0.0,1.0395,0.0,0.0,0.0,0.0,0.0525,0.0,0.5213,0.0,0.0,0.0,0.0,0.0251,C2,word_pos,écouteur,N,écouteur,NOM
continuation,NOUN,C2,beacco,0.0,0.052,0.0,0.0,0.5648,0.0,0.0,0.0,0.052,0.0,0.0,0.3933,0.0,0.0,0.0,0.0365,C2,word_pos,continuation,N,continuation,NOM
fermeté,NOUN,C2,beacco,0.0,0.052,0.0,0.0,0.5648,0.0,0.0,0.0,0.052,0.0,0.0,0.3933,0.0,0.0,0.0,0.0365,C2,word_pos,fermeté,N,fermeté,NOM
grossièrement,ADV,C2,beacco,0.0,0.052,0.0,0.0,0.5648,0.0,0.0,0.0,0.052,0.0,0.0,0.3933,0.0,0.0,0.0,0.0365,C2,word_pos,grossièrement,ADV,grossièrement,ADV
marxisme,NOUN,C2,beacco,0.0,0.052,0.0,0.0,0.5648,0.0,0.0,0.0,0.052,0.0,0.0,0.3933,0.0,0.0,0.0,0.0365,C2,word_pos,marxisme,N,marxisme,NOM
meneur,NOUN,C2,beacco,0.0,0.052,0.0,0.0,0.5648,0.0,0.0,0.0,0.052,0.0,0.0,0.3933,0.0,0.0,0.0,0.0365,C2,word_pos,meneur,N,meneur,NOM
entrelacer,VERB,C2,beacco,0.0,0.0514,0.0,1.0176,0.0,0.0,0.0,0.0,0.0514,0.0,0.3851,0.0,0.0,0.0,0.0,0.0186,C2,word_pos,entrelacer,V,entrelacer,VER
potion,NOUN,C2,beacco,0.0,0.0514,0.0,1.0176,0.0,0.0,0.0,0.0,0.0514,0.0,0.3851,0.0,0.0,0.0,0.0,0.0186,C2,word_pos,potion,N,potion,NOM
dodo,NOUN,C2,beacco,0.0,0.051,2.6483,0.0,0.0,0.0,0.0,0.0,0.051,1.2635,0.0,0.0,0.0,0.0,0.0,0.0232,C2,word_pos,dodo,N,dodo,NOM
kiosquier,NOUN,C2,beacco,0.0,0.051,0.0,1.0107,0.0,0.0,0.0,0.0,0.051,0.0,1.0275,0.0,0.0,0.0,0.0,0.0495,C2,word_pos,kiosquier,N,kiosquier,NOM
intello,NOUN,C2,beacco,0.0,0.0493,0.0,0.9757,0.0,0.0,0.0,0.0,0.0493,0.0,0.4664,0.0,0.0,0.0,0.0,0.0338,C2,word_pos,intello,N,intello,NOM
jovial,ADJ,C2,beacco,0.0,0.0493,0.0,0.9757,0.0,0.0,0.0,0.0,0.0493,0.0,0.4664,0.0,0.0,0.0,0.0,0.0338,C2,word_pos,jovial,A,jovial,ADJ
immoral,ADJ,C2,beacco,0.0,0.0486,0.0,0.9626,0.0,0.0,0.0,0.0,0.0486,0.0,0.6228,0.0,0.0,0.0,0.0,0.0472,C2,word_pos,immoral,A,immoral,ADJ
patinoire,NOUN,C2,beacco,0.0,0.0486,0.0,0.9626,0.0,0.0,0.0,0.0,0.0486,0.0,0.6228,0.0,0.0,0.0,0.0,0.0472,C2,word_pos,patinoire,N,patinoire,NOM
renfort,NOUN,C2,beacco,0.0,0.0486,0.0,0.9626,0.0,0.0,0.0,0.0,0.0486,0.0,0.6228,0.0,0.0,0.0,0.0,0.0472,C2,word_pos,renfort,N,renfort,NOM
scandaliser,VERB,C2,beacco,0.0,0.0486,0.0,0.9626,0.0,0.0,0.0,0.0,0.0486,0.0,0.6228,0.0,0.0,0.0,0.0,0.0472,C2,word_pos,scandaliser,V,scandaliser,VER
aigreur,NOUN,C2,beacco,0.0,0.0484,0.0,0.0,0.0,2.1187,0.0,0.0,0.0484,0.0,0.0,0.0,1.2705,0.0,0.0,0.0342,C2,word_pos,aigreur,N,aigreur,NOM
argumentation,NOUN,C2,beacco,0.0,0.0484,0.0,0.0,0.0,2.1187,0.0,0.0,0.0484,0.0,0.0,0.0,1.2705,0.0,0.0,0.0342,C2,word_pos,argumentation,N,argumentation,NOM
barbarie,NOUN,C2,beacco,0.0,0.0484,0.0,0.0,0.0,2.1187,0.0,0.0,0.0484,0.0,0.0,0.0,1.2705,0.0,0.0,0.0342,C2,word_pos,barbarie,N,barbarie,NOM
censurer,VERB,C2,beacco,0.0,0.0484,0.0,0.0,0.0,2.1187,0.0,0.0,0.0484,0.0,0.0,0.0,1.2705,0.0,0.0,0.0342,C2,word_pos,censurer,V,censurer,VER
confiserie,NOUN,C2,beacco,0.0,0.0484,2.5125,0.0,0.0,0.0,0.0,0.0,0.0484,0.9051,0.0,0.0,0.0,0.0,0.0,0.0456,C2,word_pos,confiserie,N,confiserie,NOM
cruauté,NOUN,C2,beacco,0.0,0.0484,0.0,0.0,0.0,2.1187,0.0,0.0,0.0484,0.0,0.0,0.0,1.2705,0.0,0.0,0.0342,C2,word_pos,cruauté,N,cruauté,NOM
malhonnêteté,NOUN,C2,beacco,0.0,0.0484,0.0,0.0,0.0,2.1187,0.0,0.0,0.0484,0.0,0.0,0.0,1.2705,0.0,0.0,0.0342,C2,word_pos,malhonnêteté,N,malhonnêteté,NOM
propager,VERB,C2,beacco,0.0,0.0484,2.5125,0.0,0.0,0.0,0.0,0.0,0.0484,0.9051,0.0,0.0,0.0,0.0,0.0,0.0456,C2,word_pos,propager,V,propager,VER
quiétude,NOUN,C2,beacco,0.0,0.0484,0.0,0.0,0.0,2.1187,0.0,0.0,0.0484,0.0,0.0,0.0,1.2705,0.0,0.0,0.0342,C2,word_pos,quiétude,N,quiétude,NOM
sempiternellement,ADV,C2,beacco,0.0,0.0484,0.0,0.0,0.0,2.1187,0.0,0.0,0.0484,0.0,0.0,0.0,1.2705,0.0,0.0,0.0342,C2,word_pos,sempiternellement,ADV,sempiternellement,ADV
économiseur,NOUN,C2,beacco,0.0,0.0484,0.0,0.0,0.0,2.1187,0.0,0.0,0.0484,0.0,0.0,0.0,1.2705,0.0,0.0,0.0342,C2,word_pos,économiseur,N,économiseur,NOM
entrait,NOUN,C2,beacco,0.0,0.0482,,,,,,,,0.0,0.0,0.0,1.7933,0.0,0.0,0.0482,C2,beacco_only,,,entrait,NOM
grand-peine,ADV,C2,beacco,0.0,0.0482,,,,,,,,0.0,0.0,0.0,1.7933,0.0,0.0,0.0482,C2,beacco_only,,,grand-peine,ADV
lavé,ADJ,C2,beacco,0.0,0.0482,,,,,,,,0.0,0.0,0.0,1.7933,0.0,0.0,0.0482,C2,beacco_only,,,lavé,ADJ
liser,VERB,C2,beacco,0.0,0.0482,,,,,,,,0.0,0.0,0.0,1.7933,0.0,0.0,0.0482,C2,beacco_only,,,liser,VER
mi-jambe,ADV,C2,beacco,0.0,0.0482,,,,,,,,0.0,0.0,0.0,1.7933,0.0,0.0,0.0482,C2,beacco_only,,,mi-jambe,ADV
peigné,ADJ,C2,beacco,0.0,0.0482,,,,,,,,0.0,0.0,0.0,1.7933,0.0,0.0,0.0482,C2,beacco_only,,,peigné,ADJ
replié,ADJ,C2,beacco,0.0,0.0482,,,,,,,,0.0,0.0,0.0,1.7933,0.0,0.0,0.0482,C2,beacco_only,,,replié,ADJ
serra,NOUN,C2,beacco,0.0,0.0482,,,,,,,,0.0,0.0,0.0,1.7933,0.0,0.0,0.0482,C2,beacco_only,,,serra,NOM
silencieux,NOUN,C2,beacco,0.0,0.0482,,,,,,,,0.0,0.0,0.0,1.7933,0.0,0.0,0.0482,C2,beacco_only,,,silencieux,NOM
ambitieux,NOUN,C2,beacco,0.0,0.0472,,,,,,,,0.0,0.6228,0.0,0.0,0.0,0.0,0.0472,C2,beacco_only,,,ambitieux,NOM
apprenant,NOUN,C2,beacco,0.0,0.0472,,,,,,,,0.0,0.0,0.185,0.0,0.0,0.0,0.0472,C2,beacco_only,,,apprenant,NOM
aven,NOUN,C2,beacco,0.0,0.0472,,,,,,,,0.0,0.0,0.185,0.0,0.0,0.0,0.0472,C2,beacco_only,,,aven,NOM
buron,NOUN,C2,beacco,0.0,0.0472,,,,,,,,0.0,0.6228,0.0,0.0,0.0,0.0,0.0472,C2,beacco_only,,,buron,NOM
demi-échec,NOUN,C2,beacco,0.0,0.0472,,,,,,,,0.0,0.6228,0.0,0.0,0.0,0.0,0.0472,C2,beacco_only,,,demi-échec,NOM
désordonner,VERB,C2,beacco,0.0,0.0472,,,,,,,,0.0,0.6228,0.0,0.0,0.0,0.0,0.0472,C2,beacco_only,,,désordonner,VER
exaspérant,ADJ,C2,beacco,0.0,0.0472,,,,,,,,0.0,0.6228,0.0,0.0,0.0,0.0,0.0472,C2,beacco_only,,,exaspérant,ADJ
haut-parleur,NOUN,C2,beacco,0.0,0.0472,,,,,,,,0.0,0.0,0.185,0.0,0.0,0.0,0.0472,C2,beacco_only,,,haut-parleur,NOM
indispensable,NOUN,C2,beacco,0.0,0.0472,,,,,,,,0.0,0.0,0.185,0.0,0.0,0.0,0.0472,C2,beacco_only,,,indispensable,NOM
jumelle,NOUN,C2,beacco,0.0,0.0472,,,,,,,,0.0,0.0,0.185,0.0,0.0,0.0,0.0472,C2,beacco_only,,,jumelle,NOM
maquettiste,NOUN,C2,beacco,0.0,0.0472,,,,,,,,0.0,0.0,0.185,0.0,0.0,0.0,0.0472,C2,beacco_only,,,maquettiste,NOM
masure,NOUN,C2,beacco,0.0,0.0472,,,,,,,,0.0,0.6228,0.0,0.0,0.0,0.0,0.0472,C2,beacco_only,,,masure,NOM
noisette,NOUN,C2,beacco,0.0,0.0472,,,,,,,,0.0,0.6228,0.0,0.0,0.0,0.0,0.0472,C2,beacco_only,,,noisette,NOM
non-salarié,NOUN,C2,beacco,0.0,0.0472,,,,,,,,0.0,0.6228,0.0,0.0,0.0,0.0,0.0472,C2,beacco_only,,,non-salarié,NOM
nord-est,NOUN,C2,beacco,0.0,0.0472,,,,,,,,0.0,0.6228,0.0,0.0,0.0,0.0,0.0472,C2,beacco_only,,,nord-est,NOM
prolonge,NOUN,C2,beacco,0.0,0.0472,,,,,,,,0.0,0.6228,0.0,0.0,0.0,0.0,0.0472,C2,beacco_only,,,prolonge,NOM
réprouver,VERB,C2,beacco,0.0,0.0472,,,,,,,,0.0,0.6228,0.0,0.0,0.0,0.0,0.0472,C2,beacco_only,,,réprouver,VER
verse,ADJ,C2,beacco,0.0,0.0472,,,,,,,,0.0,0.0,0.185,0.0,0.0,0.0,0.0472,C2,beacco_only,,,verse,ADJ
wisigoth,NOUN,C2,beacco,0.0,0.0472,,,,,,,,0.0,0.6228,0.0,0.0,0.0,0.0,0.0472,C2,beacco_only,,,wisigoth,NOM
éducateur,ADJ,C2,beacco,0.0,0.0472,,,,,,,,0.0,0.0,0.185,0.0,0.0,0.0,0.0472,C2,beacco_only,,,éducateur,ADJ
aigue-marine,NOUN,C2,beacco,0.0,0.0465,,,,,,,,0.0,0.0,0.5008,0.0,0.0,0.0,0.0465,C2,beacco_only,,,aigue-marine,NOM
nacre,NOUN,C2,beacco,0.0,0.0465,,,,,,,,0.0,0.0,0.5008,0.0,0.0,0.0,0.0465,C2,beacco_only,,,nacre,NOM
demi-bouteille,NOUN,C2,beacco,0.0,0.0464,,,,,,,,2.5271,0.0,0.0,0.0,0.0,0.0,0.0464,C2,beacco_only,,,demi-bouteille,NOM
import-export,NOUN,C2,beacco,0.0,0.0464,,,,,,,,2.5271,0.0,0.0,0.0,0.0,0.0,0.0464,C2,beacco_only,,,import-export,NOM
méchamment,ADV,C2,beacco,0.0,0.0464,2.4086,0.0,0.0,0.0,0.0,0.0,0.0464,1.4639,0.0,0.0,0.0,0.0,0.0,0.0269,C2,word_pos,méchamment,ADV,méchamment,ADV
damoiselle,NOUN,C2,beacco,0.0,0.046,,,,,,,,2.5037,0.0,0.0,0.0,0.0,0.0,0.046,C2,beacco_only,,,damoiselle,NOM
troubadour,NOUN,C2,beacco,0.0,0.046,2.39,0.0,0.0,0.0,0.0,0.0,0.046,2.5037,0.0,0.0,0.0,0.0,0.0,0.046,C2,word_pos,troubadour,N,troubadour,NOM
baba,NOUN,C2,beacco,0.0,0.0456,,,,,,,,0.9051,0.0,0.0,0.0,0.0,0.0,0.0456,C2,beacco_only,,,baba,NOM
bouler,VERB,C2,beacco,0.0,0.0456,,,,,,,,0.9051,0.0,0.0,0.0,0.0,0.0,0.0456,C2,beacco_only,,,bouler,VER
bozo,NOUN,C2,beacco,0.0,0.0456,,,,,,,,0.0,0.6008,0.0,0.0,0.0,0.0,0.0456,C2,beacco_only,,,bozo,NOM
chambrer,VERB,C2,beacco,0.0,0.0456,,,,,,,,0.9051,0.0,0.0,0.0,0.0,0.0,0.0456,C2,beacco_only,,,chambrer,VER
chèche,NOUN,C2,beacco,0.0,0.0456,,,,,,,,0.0,0.6008,0.0,0.0,0.0,0.0,0.0456,C2,beacco_only,,,chèche,NOM
coco,ADJ,C2,beacco,0.0,0.0456,,,,,,,,0.0,0.6008,0.0,0.0,0.0,0.0,0.0456,C2,beacco_only,,,coco,ADJ
court-métrage,NOUN,C2,beacco,0.0,0.0456,,,,,,,,0.0,0.6008,0.0,0.0,0.0,0.0,0.0456,C2,beacco_only,,,court-métrage,NOM
flécher,VERB,C2,beacco,0.0,0.0456,,,,,,,,0.9051,0.0,0.0,0.0,0.0,0.0,0.0456,C2,beacco_only,,,flécher,VER
lapidaire,ADJ,C2,beacco,0.0,0.0456,,,,,,,,0.0,0.6008,0.0,0.0,0.0,0.0,0.0456,C2,beacco_only,,,lapidaire,ADJ
lave-vaisselle,NOUN,C2,beacco,0.0,0.0456,,,,,,,,0.9051,0.0,0.0,0.0,0.0,0.0,0.0456,C2,beacco_only,,,lave-vaisselle,NOM
loue,NOUN,C2,beacco,0.0,0.0456,,,,,,,,0.9051,0.0,0.0,0.0,0.0,0.0,0.0456,C2,beacco_only,,,loue,NOM
petit-beurre,NOUN,C2,beacco,0.0,0.0456,,,,,,,,0.0,0.6008,0.0,0.0,0.0,0.0,0.0456,C2,beacco_only,,,petit-beurre,NOM
traite,NOUN,C2,beacco,0.0,0.0456,,,,,,,,0.0,0.6008,0.0,0.0,0.0,0.0,0.0456,C2,beacco_only,,,traite,NOM
trois-pièces,NOUN,C2,beacco,0.0,0.0456,,,,,,,,0.9051,0.0,0.0,0.0,0.0,0.0,0.0456,C2,beacco_only,,,trois-pièces,NOM
étager,VERB,C2,beacco,0.0,0.0456,,,,,,,,0.9051,0.0,0.0,0.0,0.0,0.0,0.0456,C2,beacco_only,,,étager,VER
dressé,ADJ,C2,beacco,0.0,0.0452,,,,,,,,0.0,0.0,0.487,0.0,0.0,0.0,0.0452,C2,beacco_only,,,dressé,ADJ
ficeler,VERB,C2,beacco,0.0,0.0452,,,,,,,,0.0,0.0,0.487,0.0,0.0,0.0,0.0452,C2,beacco_only,,,ficeler,VER
guérisseur,ADJ,C2,beacco,0.0,0.0452,,,,,,,,0.0,0.0,0.487,0.0,0.0,0.0,0.0452,C2,beacco_only,,,guérisseur,ADJ
tact,NOUN,C2,beacco,0.0,0.0452,0.0,0.0,0.4911,0.0,0.0,0.0,0.0452,0.0,0.0,0.1243,0.0,0.0,0.0,0.0408,C2,word_pos,tact,N,tact,NOM
tirant,NOUN,C2,beacco,0.0,0.0452,,,,,,,,0.0,0.0,0.487,0.0,0.0,0.0,0.0452,C2,beacco_only,,,tirant,NOM
automnal,ADJ,C2,beacco,0.0,0.0443,0.0,0.0,0.4809,0.0,0.0,0.0,0.0443,0.0,0.0,0.4665,0.0,0.0,0.0,0.0433,C2,word_pos,automnal,A,automnal,ADJ
berlue,NOUN,C2,beacco,0.0,0.0443,0.0,0.0,0.4809,0.0,0.0,0.0,0.0443,0.0,0.0,0.4665,0.0,0.0,0.0,0.0433,C2,word_pos,berlue,N,berlue,NOM
bistouri,NOUN,C2,beacco,0.0,0.0443,0.0,0.0,0.4809,0.0,0.0,0.0,0.0443,0.0,0.0,0.4665,0.0,0.0,0.0,0.0433,C2,word_pos,bistouri,N,bistouri,NOM
byzantin,ADJ,C2,beacco,0.0,0.0443,0.0,0.0,0.4809,0.0,0.0,0.0,0.0443,0.0,0.0,0.4665,0.0,0.0,0.0,0.0433,C2,word_pos,byzantin,A,byzantin,ADJ
cargaison,NOUN,C2,beacco,0.0,0.0443,0.0,0.0,0.4809,0.0,0.0,0.0,0.0443,0.0,0.0,0.4665,0.0,0.0,0.0,0.0433,C2,word_pos,cargaison,N,cargaison,NOM
ceinturer,VERB,C2,beacco,0.0,0.0443,0.0,0.0,0.4809,0.0,0.0,0.0,0.0443,0.0,0.0,0.4665,0.0,0.0,0.0,0.0433,C2,word_pos,ceinturer,V,ceinturer,VER
chemisier,NOUN,C2,beacco,0.0,0.0443,0.0,0.0,0.4809,0.0,0.0,0.0,0.0443,0.0,0.0,0.4665,0.0,0.0,0.0,0.0433,C2,word_pos,chemisier,N,chemisier,NOM
coiffe,NOUN,C2,beacco,0.0,0.0443,0.0,0.0,0.4809,0.0,0.0,0.0,0.0443,0.0,0.0,0.4665,0.0,0.0,0.0,0.0433,C2,word_pos,coiffe,N,coiffe,NOM
couchette,NOUN,C2,beacco,0.0,0.0443,0.0,0.0,0.4809,0.0,0.0,0.0,0.0443,0.0,0.0,0.4665,0.0,0.0,0.0,0.0433,C2,word_pos,couchette,N,couchette,NOM
dentition,NOUN,C2,beacco,0.0,0.0443,0.0,0.0,0.4809,0.0,0.0,0.0,0.0443,0.0,0.0,0.4665,0.0,0.0,0.0,0.0433,C2,word_pos,dentition,N,dentition,NOM
discréditer,VERB,C2,beacco,0.0,0.0443,0.0,0.0,0.4809,0.0,0.0,0.0,0.0443,0.0,0.0,0.4665,0.0,0.0,0.0,0.0433,C2,word_pos,discréditer,V,discréditer,VER
déprimant,ADJ,C2,beacco,0.0,0.0443,0.0,0.0,0.4809,0.0,0.0,0.0,0.0443,0.0,0.0,0.4665,0.0,0.0,0.0,0.0433,C2,word_pos,déprimant,A,déprimant,ADJ
extérieurement,ADV,C2,beacco,0.0,0.0443,0.0,0.0,0.4809,0.0,0.0,0.0,0.0443,0.0,0.0,0.4665,0.0,0.0,0.0,0.0433,C2,word_pos,extérieurement,ADV,extérieurement,ADV
flâneur,NOUN,C2,beacco,0.0,0.0443,0.0,0.0,0.4809,0.0,0.0,0.0,0.0443,0.0,0.0,0.4665,0.0,0.0,0.0,0.0433,C2,unique_word,flâneur,N,flâneur,ADJ
folio,NOUN,C2,beacco,0.0,0.0443,0.0,0.0,0.4809,0.0,0.0,0.0,0.0443,0.0,0.0,0.4665,0.0,0.0,0.0,0.0433,C2,word_pos,folio,N,folio,NOM
impensable,ADJ,C2,beacco,0.0,0.0443,0.0,0.0,0.4809,0.0,0.0,0.0,0.0443,0.0,0.0,0.4665,0.0,0.0,0.0,0.0433,C2,word_pos,impensable,A,impensable,ADJ
imperfection,NOUN,C2,beacco,0.0,0.0443,0.0,0.0,0.4809,0.0,0.0,0.0,0.0443,0.0,0.0,0.4665,0.0,0.0,0.0,0.0433,C2,word_pos,imperfection,N,imperfection,NOM
malnutrition,NOUN,C2,beacco,0.0,0.0443,0.0,0.0,0.4809,0.0,0.0,0.0,0.0443,0.0,0.0,0.4665,0.0,0.0,0.0,0.0433,C2,word_pos,malnutrition,N,malnutrition,NOM
marchandage,NOUN,C2,beacco,0.0,0.0443,0.0,0.0,0.4809,0.0,0.0,0.0,0.0443,0.0,0.0,0.4665,0.0,0.0,0.0,0.0433,C2,word_pos,marchandage,N,marchandage,NOM
officieux,ADJ,C2,beacco,0.0,0.0443,0.0,0.0,0.4809,0.0,0.0,0.0,0.0443,0.0,0.0,0.4665,0.0,0.0,0.0,0.0433,C2,word_pos,officieux,A,officieux,ADJ
oisif,NOUN,C2,beacco,0.0,0.0443,0.0,0.0,0.4809,0.0,0.0,0.0,0.0443,0.0,0.0,0.4665,0.0,0.0,0.0,0.0433,C2,word_pos,oisif,N,oisif,NOM
peaufiner,VERB,C2,beacco,0.0,0.0443,0.0,0.0,0.4809,0.0,0.0,0.0,0.0443,0.0,0.0,0.4665,0.0,0.0,0.0,0.0433,C2,word_pos,peaufiner,V,peaufiner,VER
plomber,VERB,C2,beacco,0.0,0.0443,0.0,0.0,0.4809,0.0,0.0,0.0,0.0443,0.0,0.0,0.4665,0.0,0.0,0.0,0.0433,C2,word_pos,plomber,V,plomber,VER
pâturage,NOUN,C2,beacco,0.0,0.0443,0.0,0.0,0.4809,0.0,0.0,0.0,0.0443,0.0,0.0,0.4665,0.0,0.0,0.0,0.0433,C2,word_pos,pâturage,N,pâturage,NOM
racontar,NOUN,C2,beacco,0.0,0.0443,0.0,0.0,0.4809,0.0,0.0,0.0,0.0443,0.0,0.0,0.4665,0.0,0.0,0.0,0.0433,C2,word_pos,racontar,N,racontar,NOM
ravioli,NOUN,C2,beacco,0.0,0.0443,0.0,0.0,0.4809,0.0,0.0,0.0,0.0443,0.0,0.0,0.4665,0.0,0.0,0.0,0.0433,C2,word_pos,ravioli,N,ravioli,NOM
rectorat,NOUN,C2,beacco,0.0,0.0443,0.0,0.0,0.4809,0.0,0.0,0.0,0.0443,0.0,0.0,0.4665,0.0,0.0,0.0,0.0433,C2,word_pos,rectorat,N,rectorat,NOM
roder,VERB,C2,beacco,0.0,0.0443,0.0,0.0,0.4809,0.0,0.0,0.0,0.0443,0.0,0.0,0.4665,0.0,0.0,0.0,0.0433,C2,word_pos,roder,V,roder,VER
réapprovisionner,VERB,C2,beacco,0.0,0.0443,0.0,0.0,0.4809,0.0,0.0,0.0,0.0443,0.0,0.0,0.4665,0.0,0.0,0.0,0.0433,C2,word_pos,réapprovisionner,V,réapprovisionner,VER
réassortir,VERB,C2,beacco,0.0,0.0443,0.0,0.0,0.4809,0.0,0.0,0.0,0.0443,0.0,0.0,0.4665,0.0,0.0,0.0,0.0433,C2,word_pos,réassortir,V,réassortir,VER
saisissement,NOUN,C2,beacco,0.0,0.0443,0.0,0.0,0.4809,0.0,0.0,0.0,0.0443,0.0,0.0,0.4665,0.0,0.0,0.0,0.0433,C2,word_pos,saisissement,N,saisissement,NOM
superviser,VERB,C2,beacco,0.0,0.0443,0.0,0.0,0.4809,0.0,0.0,0.0,0.0443,0.0,0.0,0.4665,0.0,0.0,0.0,0.0433,C2,word_pos,superviser,V,superviser,VER
taillader,VERB,C2,beacco,0.0,0.0443,0.0,0.0,0.4809,0.0,0.0,0.0,0.0443,0.0,0.0,0.4665,0.0,0.0,0.0,0.0433,C2,word_pos,taillader,V,taillader,VER
taïga,NOUN,C2,beacco,0.0,0.0443,0.0,0.0,0.4809,0.0,0.0,0.0,0.0443,0.0,0.0,0.4665,0.0,0.0,0.0,0.0433,C2,word_pos,taïga,N,taïga,NOM
verrue,NOUN,C2,beacco,0.0,0.0443,0.0,0.0,0.4809,0.0,0.0,0.0,0.0443,0.0,0.0,0.4665,0.0,0.0,0.0,0.0433,C2,word_pos,verrue,N,verrue,NOM
fiel,NOUN,C2,beacco,0.0,0.0439,2.2771,0.0,0.0,0.0,0.0,0.0,0.0439,1.1764,0.0,0.0,0.0,0.0,0.0,0.0216,C2,word_pos,fiel,N,fiel,NOM
pied-de-biche,NOUN,C2,beacco,0.0,0.0436,,,,,,,,0.0,0.0,0.0,1.6204,0.0,0.0,0.0436,C2,beacco_only,,,pied-de-biche,NOM
acheteur,ADJ,C2,beacco,0.0,0.0433,,,,,,,,0.0,0.0,0.4665,0.0,0.0,0.0,0.0433,C2,beacco_only,,,acheteur,ADJ
appartenant,ADJ,C2,beacco,0.0,0.0433,,,,,,,,0.0,0.0,0.4665,0.0,0.0,0.0,0.0433,C2,beacco_only,,,appartenant,ADJ
civil,NOUN,C2,beacco,0.0,0.0433,,,,,,,,0.0,0.0,0.4665,0.0,0.0,0.0,0.0433,C2,beacco_only,,,civil,NOM
faner,VERB,C2,beacco,0.0,0.0433,,,,,,,,0.0,0.0,0.4665,0.0,0.0,0.0,0.0433,C2,beacco_only,,,faner,VER
grand-messe,NOUN,C2,beacco,0.0,0.0433,,,,,,,,0.0,0.0,0.4665,0.0,0.0,0.0,0.0433,C2,beacco_only,,,grand-messe,NOM
haut-parleur,ADJ,C2,beacco,0.0,0.0433,,,,,,,,0.0,0.0,0.4665,0.0,0.0,0.0,0.0433,C2,beacco_only,,,haut-parleur,ADJ
motoriser,VERB,C2,beacco,0.0,0.0433,,,,,,,,0.0,0.0,0.4665,0.0,0.0,0.0,0.0433,C2,beacco_only,,,motoriser,VER
méandre,NOUN,C2,beacco,0.0,0.0433,,,,,,,,0.0,0.0,0.4665,0.0,0.0,0.0,0.0433,C2,beacco_only,,,méandre,NOM
non-conformiste,ADJ,C2,beacco,0.0,0.0433,,,,,,,,0.0,0.0,0.4665,0.0,0.0,0.0,0.0433,C2,beacco_only,,,non-conformiste,ADJ
pachyderme,ADJ,C2,beacco,0.0,0.0433,,,,,,,,0.0,0.0,0.4665,0.0,0.0,0.0,0.0433,C2,beacco_only,,,pachyderme,ADJ
perler,VERB,C2,beacco,0.0,0.0433,,,,,,,,0.0,0.0,0.4665,0.0,0.0,0.0,0.0433,C2,beacco_only,,,perler,VER
pied-à-terre,NOUN,C2,beacco,0.0,0.0433,,,,,,,,0.0,0.0,0.4665,0.0,0.0,0.0,0.0433,C2,beacco_only,,,pied-à-terre,NOM
porte-documents,NOUN,C2,beacco,0.0,0.0433,,,,,,,,0.0,0.0,0.4665,0.0,0.0,0.0,0.0433,C2,beacco_only,,,porte-documents,NOM
précieuse,NOUN,C2,beacco,0.0,0.0433,,,,,,,,0.0,0.0,0.4665,0.0,0.0,0.0,0.0433,C2,beacco_only,,,précieuse,NOM
rosé,ADJ,C2,beacco,0.0,0.0433,,,,,,,,0.0,0.0,0.4665,0.0,0.0,0.0,0.0433,C2,beacco_only,,,rosé,ADJ
sous-entendre,VERB,C2,beacco,0.0,0.0433,,,,,,,,0.0,0.0,0.4665,0.0,0.0,0.0,0.0433,C2,beacco_only,,,sous-entendre,VER
beige,ADJ,C2,beacco,0.0,0.0432,,,,,,,,2.3528,0.0,0.0,0.0,0.0,0.0,0.0432,C2,beacco_only,,,beige,ADJ
en-cas,NOUN,C2,beacco,0.0,0.0432,,,,,,,,2.3528,0.0,0.0,0.0,0.0,0.0,0.0432,C2,beacco_only,,,en-cas,NOM
nord-ouest,NOUN,C2,beacco,0.0,0.0432,,,,,,,,2.3528,0.0,0.0,0.0,0.0,0.0,0.0432,C2,beacco_only,,,nord-ouest,NOM
trois-mâts,NOUN,C2,beacco,0.0,0.0432,,,,,,,,2.3528,0.0,0.0,0.0,0.0,0.0,0.0432,C2,beacco_only,,,trois-mâts,NOM
androïde,NOUN,C2,beacco,0.0,0.0427,0.0,0.8456,0.0,0.0,0.0,0.0,0.0427,0.0,0.6008,0.0,0.0,0.0,0.0,0.0456,C2,word_pos,androïde,N,androïde,NOM
peureux,ADJ,C2,beacco,0.0,0.0427,0.0,0.8456,0.0,0.0,0.0,0.0,0.0427,0.0,0.6008,0.0,0.0,0.0,0.0,0.0456,C2,word_pos,peureux,A,peureux,ADJ
quart,ADJ,C2,beacco,0.0,0.0426,2.2103,0.0,0.0,0.0,0.0,0.0,0.0426,0.4856,0.0,0.0,0.0,0.0,0.0,0.0089,C2,word_pos,quart,A,quart,ADJ
neutralité,NOUN,C2,beacco,0.0,0.0422,0.0,0.0,0.4589,0.0,0.0,0.0,0.0422,0.0,0.0,0.487,0.0,0.0,0.0,0.0452,C2,word_pos,neutralité,N,neutralité,NOM
aviron,NOUN,C2,beacco,0.0,0.0418,0.0,0.0,0.4538,0.0,0.0,0.0,0.0418,0.0,0.0,0.2504,0.0,0.0,0.0,0.0233,C2,word_pos,aviron,N,aviron,NOM
blason,NOUN,C2,beacco,0.0,0.0418,0.0,0.0,0.4538,0.0,0.0,0.0,0.0418,0.0,0.0,0.2504,0.0,0.0,0.0,0.0233,C2,word_pos,blason,N,blason,NOM
pyrotechnique,ADJ,C2,beacco,0.0,0.0418,0.0,0.0,0.4538,0.0,0.0,0.0,0.0418,0.0,0.0,0.2504,0.0,0.0,0.0,0.0233,C2,word_pos,pyrotechnique,A,pyrotechnique,ADJ
raclette,NOUN,C2,beacco,0.0,0.0418,0.0,0.0,0.4538,0.0,0.0,0.0,0.0418,0.0,0.0,0.2504,0.0,0.0,0.0,0.0233,C2,word_pos,raclette,N,raclette,NOM
soufflé,NOUN,C2,beacco,0.0,0.0418,0.0,0.0,0.4538,0.0,0.0,0.0,0.0418,0.0,0.0,0.2504,0.0,0.0,0.0,0.0233,C2,word_pos,soufflé,N,soufflé,NOM
faste,NOUN,C2,beacco,0.0,0.0416,0.0,0.0,0.4521,0.0,0.0,0.0,0.0416,0.0,0.0,0.3059,0.0,0.0,0.0,0.0284,C2,word_pos,faste,N,faste,NOM
rococo,ADJ,C2,beacco,0.0,0.0416,0.0,0.0,0.4521,0.0,0.0,0.0,0.0416,0.0,0.0,0.3059,0.0,0.0,0.0,0.0284,C2,word_pos,rococo,A,rococo,ADJ
terrassement,NOUN,C2,beacco,0.0,0.0416,0.0,0.0,0.4521,0.0,0.0,0.0,0.0416,0.0,0.0,0.3059,0.0,0.0,0.0,0.0284,C2,word_pos,terrassement,N,terrassement,NOM
preux,ADJ,C2,beacco,0.0,0.0411,0.0,0.8141,0.0,0.0,0.0,0.0,0.0411,0.0,0.7702,0.0,0.0,0.0,0.0,0.0371,C2,word_pos,preux,A,preux,ADJ
tribut,NOUN,C2,beacco,0.0,0.0411,0.0,0.8141,0.0,0.0,0.0,0.0,0.0411,0.0,0.7702,0.0,0.0,0.0,0.0,0.0371,C2,word_pos,tribut,N,tribut,NOM
sous-préfecture,NOUN,C2,beacco,0.0,0.0409,,,,,,,,2.2246,0.0,0.0,0.0,0.0,0.0,0.0409,C2,beacco_only,,,sous-préfecture,NOM
abrutir,VERB,C2,beacco,0.0,0.0408,,,,,,,,0.0,0.0,0.1243,0.0,0.0,0.0,0.0408,C2,beacco_only,,,abrutir,VER
affilier,VERB,C2,beacco,0.0,0.0408,,,,,,,,0.0,0.0,0.1243,0.0,0.0,0.0,0.0408,C2,beacco_only,,,affilier,VER
après-vente,ADJ,C2,beacco,0.0,0.0408,,,,,,,,0.0,0.606,0.0,0.0,0.0,0.0,0.0408,C2,beacco_only,,,après-vente,ADJ
bayard,NOUN,C2,beacco,0.0,0.0408,,,,,,,,0.0,0.606,0.0,0.0,0.0,0.0,0.0408,C2,beacco_only,,,bayard,NOM
belle-famille,NOUN,C2,beacco,0.0,0.0408,,,,,,,,0.0,0.606,0.0,0.0,0.0,0.0,0.0408,C2,beacco_only,,,belle-famille,NOM
casse-gueule,ADJ,C2,beacco,0.0,0.0408,,,,,,,,0.0,0.606,0.0,0.0,0.0,0.0,0.0408,C2,beacco_only,,,casse-gueule,ADJ
cassé,NOUN,C2,beacco,0.0,0.0408,,,,,,,,0.0,0.606,0.0,0.0,0.0,0.0,0.0408,C2,beacco_only,,,cassé,NOM
fourniture,NOUN,C2,beacco,0.0,0.0408,,,,,,,,0.0,0.0,0.1243,0.0,0.0,0.0,0.0408,C2,beacco_only,,,fourniture,NOM
initial,NOUN,C2,beacco,0.0,0.0408,,,,,,,,0.0,0.606,0.0,0.0,0.0,0.0,0.0408,C2,beacco_only,,,initial,NOM
joyeux,NOUN,C2,beacco,0.0,0.0408,,,,,,,,0.0,0.606,0.0,0.0,0.0,0.0,0.0408,C2,beacco_only,,,joyeux,NOM
marmiton,NOUN,C2,beacco,0.0,0.0408,,,,,,,,0.0,0.606,0.0,0.0,0.0,0.0,0.0408,C2,beacco_only,,,marmiton,NOM
matir,VERB,C2,beacco,0.0,0.0408,,,,,,,,0.0,0.606,0.0,0.0,0.0,0.0,0.0408,C2,beacco_only,,,matir,VER
sous-off,NOUN,C2,beacco,0.0,0.0408,,,,,,,,0.0,0.606,0.0,0.0,0.0,0.0,0.0408,C2,beacco_only,,,sous-off,NOM
sur-le-champ,ADV,C2,beacco,0.0,0.0408,,,,,,,,0.0,0.606,0.0,0.0,0.0,0.0,0.0408,C2,beacco_only,,,sur-le-champ,ADV
tabasse,NOUN,C2,beacco,0.0,0.0408,,,,,,,,0.0,0.606,0.0,0.0,0.0,0.0,0.0408,C2,beacco_only,,,tabasse,NOM
saint-père,NOUN,C2,beacco,0.0,0.0403,,,,,,,,2.1958,0.0,0.0,0.0,0.0,0.0,0.0403,C2,beacco_only,,,saint-père,NOM
baladeur,ADJ,C2,beacco,0.0,0.0401,,,,,,,,0.0,0.8313,0.0,0.0,0.0,0.0,0.0401,C2,beacco_only,,,baladeur,ADJ
contre-espionnage,NOUN,C2,beacco,0.0,0.0401,,,,,,,,0.0,0.0,0.4317,0.0,0.0,0.0,0.0401,C2,beacco_only,,,contre-espionnage,NOM
corrompre,VERB,C2,beacco,0.0,0.0401,,,,,,,,0.0,0.0,0.4317,0.0,0.0,0.0,0.0401,C2,beacco_only,,,corrompre,VER
demi-mort,ADJ,C2,beacco,0.0,0.0401,,,,,,,,0.0,0.0,0.4317,0.0,0.0,0.0,0.0401,C2,beacco_only,,,demi-mort,ADJ
désemparer,VERB,C2,beacco,0.0,0.0401,,,,,,,,0.0,0.0,0.4317,0.0,0.0,0.0,0.0401,C2,beacco_only,,,désemparer,VER
frémissant,ADJ,C2,beacco,0.0,0.0401,,,,,,,,0.0,0.0,0.4317,0.0,0.0,0.0,0.0401,C2,beacco_only,,,frémissant,ADJ
main-forte,NOUN,C2,beacco,0.0,0.0401,,,,,,,,0.0,0.0,0.4317,0.0,0.0,0.0,0.0401,C2,beacco_only,,,main-forte,NOM
mauresque,ADJ,C2,beacco,0.0,0.0401,,,,,,,,0.0,0.0,0.4317,0.0,0.0,0.0,0.0401,C2,beacco_only,,,mauresque,ADJ
monstre,ADJ,C2,beacco,0.0,0.0401,,,,,,,,0.0,0.0,0.4317,0.0,0.0,0.0,0.0401,C2,beacco_only,,,monstre,ADJ
pardieu,INT,C2,beacco,0.0,0.0401,,,,,,,,0.0,0.0,0.4317,0.0,0.0,0.0,0.0401,C2,beacco_only,,,pardieu,INT
pic,ADV,C2,beacco,0.0,0.0401,,,,,,,,0.0,0.0,0.4317,0.0,0.0,0.0,0.0401,C2,beacco_only,,,pic,ADV
politicien,NOUN,C2,beacco,0.0,0.0401,,,,,,,,0.0,0.0,0.4317,0.0,0.0,0.0,0.0401,C2,beacco_only,,,politicien,NOM
posément,ADV,C2,beacco,0.0,0.0401,,,,,,,,0.0,0.0,0.4317,0.0,0.0,0.0,0.0401,C2,beacco_only,,,posément,ADV
puritain,NOUN,C2,beacco,0.0,0.0401,,,,,,,,0.0,0.0,0.4317,0.0,0.0,0.0,0.0401,C2,beacco_only,,,puritain,NOM
sous-entendu,NOUN,C2,beacco,0.0,0.0401,,,,,,,,0.0,0.0,0.4317,0.0,0.0,0.0,0.0401,C2,beacco_only,,,sous-entendu,NOM
traînant,ADJ,C2,beacco,0.0,0.0401,,,,,,,,0.0,0.0,0.4317,0.0,0.0,0.0,0.0401,C2,beacco_only,,,traînant,ADJ
tuant,ADJ,C2,beacco,0.0,0.0401,,,,,,,,0.0,0.0,0.4317,0.0,0.0,0.0,0.0401,C2,beacco_only,,,tuant,ADJ
vertubleu,INT,C2,beacco,0.0,0.0401,,,,,,,,0.0,0.0,0.4317,0.0,0.0,0.0,0.0401,C2,beacco_only,,,vertubleu,INT
vipère,NOUN,C2,beacco,0.0,0.0401,,,,,,,,0.0,0.0,0.4317,0.0,0.0,0.0,0.0401,C2,beacco_only,,,vipère,NOM
écervelé,ADJ,C2,beacco,0.0,0.0401,,,,,,,,0.0,0.0,0.4317,0.0,0.0,0.0,0.0401,C2,beacco_only,,,écervelé,ADJ
éclaireur,NOUN,C2,beacco,0.0,0.0401,,,,,,,,0.0,0.0,0.4317,0.0,0.0,0.0,0.0401,C2,beacco_only,,,éclaireur,NOM
épars,ADJ,C2,beacco,0.0,0.0401,,,,,,,,0.0,0.0,0.4317,0.0,0.0,0.0,0.0401,C2,beacco_only,,,épars,ADJ
étranger,VERB,C2,beacco,0.0,0.0401,,,,,,,,0.0,0.0,0.4317,0.0,0.0,0.0,0.0401,C2,beacco_only,,,étranger,VER
coulée,NOUN,C2,beacco,0.0,0.0394,0.0,0.7796,0.0,0.0,0.0,0.0,0.0394,0.0,0.5213,0.0,0.0,0.0,0.0,0.0251,C2,word_pos,coulée,N,coulée,NOM
hip,ADJ,C2,beacco,0.0,0.0387,2.01,0.0,0.0,0.0,0.0,0.0,0.0387,0.9051,0.0,0.0,0.0,0.0,0.0,0.0456,C2,word_pos,hip,A,hip,ADJ
médicinal,ADJ,C2,beacco,0.0,0.0387,2.01,0.0,0.0,0.0,0.0,0.0,0.0387,0.9051,0.0,0.0,0.0,0.0,0.0,0.0456,C2,word_pos,médicinal,A,médicinal,ADJ
mensuel,NOUN,C2,beacco,0.0,0.0383,0.0,0.7581,0.0,0.0,0.0,0.0,0.0383,0.0,0.5137,0.0,0.0,0.0,0.0,0.0248,C2,word_pos,mensuel,N,mensuel,NOM
obéissance,NOUN,C2,beacco,0.0,0.0383,0.0,0.7581,0.0,0.0,0.0,0.0,0.0383,0.0,0.5137,0.0,0.0,0.0,0.0,0.0248,C2,word_pos,obéissance,N,obéissance,NOM
pluvieux,ADJ,C2,beacco,0.0,0.0383,1.9862,0.0,0.0,0.0,0.0,0.0,0.0383,1.2635,0.0,0.0,0.0,0.0,0.0,0.0232,C2,word_pos,pluvieux,A,pluvieux,ADJ
supplément,NOUN,C2,beacco,0.0,0.0383,0.0,0.7581,0.0,0.0,0.0,0.0,0.0383,0.0,0.5137,0.0,0.0,0.0,0.0,0.0248,C2,word_pos,supplément,N,supplément,NOM
approximation,NOUN,C2,beacco,0.0,0.0382,0.0,0.0,0.4152,0.0,0.0,0.0,0.0382,0.0,0.0,0.3906,0.0,0.0,0.0,0.0363,C2,word_pos,approximation,N,approximation,NOM
asocial,ADJ,C2,beacco,0.0,0.0382,0.0,0.0,0.4152,0.0,0.0,0.0,0.0382,0.0,0.0,0.3906,0.0,0.0,0.0,0.0363,C2,unique_word,asocial,A,asocial,NOM
balayeur,NOUN,C2,beacco,0.0,0.0382,0.0,0.0,0.4152,0.0,0.0,0.0,0.0382,0.0,0.0,0.3906,0.0,0.0,0.0,0.0363,C2,word_pos,balayeur,N,balayeur,NOM
baraka,NOUN,C2,beacco,0.0,0.0382,0.0,0.0,0.4152,0.0,0.0,0.0,0.0382,0.0,0.0,0.3906,0.0,0.0,0.0,0.0363,C2,word_pos,baraka,N,baraka,NOM
bimoteur,ADJ,C2,beacco,0.0,0.0382,0.0,0.0,0.4152,0.0,0.0,0.0,0.0382,0.0,0.0,0.3906,0.0,0.0,0.0,0.0363,C2,word_pos,bimoteur,A,bimoteur,ADJ
calamiteux,ADJ,C2,beacco,0.0,0.0382,0.0,0.0,0.4152,0.0,0.0,0.0,0.0382,0.0,0.0,0.3906,0.0,0.0,0.0,0.0363,C2,word_pos,calamiteux,A,calamiteux,ADJ
charmeur,ADJ,C2,beacco,0.0,0.0382,0.0,0.0,0.4152,0.0,0.0,0.0,0.0382,0.0,0.0,0.3906,0.0,0.0,0.0,0.0363,C2,word_pos,charmeur,A,charmeur,ADJ
commando,NOUN,C2,beacco,0.0,0.0382,0.0,0.0,0.4152,0.0,0.0,0.0,0.0382,0.0,0.0,0.3906,0.0,0.0,0.0,0.0363,C2,word_pos,commando,N,commando,NOM
corallien,ADJ,C2,beacco,0.0,0.0382,0.0,0.0,0.4152,0.0,0.0,0.0,0.0382,0.0,0.0,0.3906,0.0,0.0,0.0,0.0363,C2,word_pos,corallien,A,corallien,ADJ
exagération,NOUN,C2,beacco,0.0,0.0382,0.0,0.0,0.4152,0.0,0.0,0.0,0.0382,0.0,0.0,0.3906,0.0,0.0,0.0,0.0363,C2,word_pos,exagération,N,exagération,NOM
franchise,NOUN,C2,beacco,0.0,0.0382,0.0,0.0,0.4152,0.0,0.0,0.0,0.0382,0.0,0.0,0.3906,0.0,0.0,0.0,0.0363,C2,word_pos,franchise,N,franchise,NOM
futile,ADJ,C2,beacco,0.0,0.0382,0.0,0.0,0.4152,0.0,0.0,0.0,0.0382,0.0,0.0,0.3906,0.0,0.0,0.0,0.0363,C2,word_pos,futile,A,futile,ADJ
glaciaire,ADJ,C2,beacco,0.0,0.0382,0.0,0.0,0.4152,0.0,0.0,0.0,0.0382,0.0,0.0,0.3906,0.0,0.0,0.0,0.0363,C2,word_pos,glaciaire,A,glaciaire,ADJ
impair,NOUN,C2,beacco,0.0,0.0382,0.0,0.0,0.4152,0.0,0.0,0.0,0.0382,0.0,0.0,0.3906,0.0,0.0,0.0,0.0363,C2,word_pos,impair,N,impair,NOM
indépendant,NOUN,C2,beacco,0.0,0.0382,0.0,0.0,0.4152,0.0,0.0,0.0,0.0382,0.0,0.0,0.3906,0.0,0.0,0.0,0.0363,C2,word_pos,indépendant,N,indépendant,NOM
joual,NOUN,C2,beacco,0.0,0.0382,0.0,0.0,0.4152,0.0,0.0,0.0,0.0382,0.0,0.0,0.3906,0.0,0.0,0.0,0.0363,C2,word_pos,joual,N,joual,NOM
kidnapper,VERB,C2,beacco,0.0,0.0382,0.0,0.0,0.4152,0.0,0.0,0.0,0.0382,0.0,0.0,0.3906,0.0,0.0,0.0,0.0363,C2,word_pos,kidnapper,V,kidnapper,VER
louche,ADJ,C2,beacco,0.0,0.0382,0.0,0.0,0.4152,0.0,0.0,0.0,0.0382,0.0,0.0,0.3906,0.0,0.0,0.0,0.0363,C2,word_pos,louche,A,louche,ADJ
mime,NOUN,C2,beacco,0.0,0.0382,0.0,0.0,0.4152,0.0,0.0,0.0,0.0382,0.0,0.0,0.3906,0.0,0.0,0.0,0.0363,C2,word_pos,mime,N,mime,NOM
parrainage,NOUN,C2,beacco,0.0,0.0382,0.0,0.0,0.4152,0.0,0.0,0.0,0.0382,0.0,0.0,0.3906,0.0,0.0,0.0,0.0363,C2,word_pos,parrainage,N,parrainage,NOM
probant,VERB,C2,beacco,0.0,0.0382,0.0,0.0,0.4152,0.0,0.0,0.0,0.0382,0.0,0.0,0.3906,0.0,0.0,0.0,0.0363,C2,unique_word,probant,V,probant,ADJ
protubérant,ADJ,C2,beacco,0.0,0.0382,0.0,0.0,0.4152,0.0,0.0,0.0,0.0382,0.0,0.0,0.3906,0.0,0.0,0.0,0.0363,C2,word_pos,protubérant,A,protubérant,ADJ
ravisseur,NOUN,C2,beacco,0.0,0.0382,0.0,0.0,0.4152,0.0,0.0,0.0,0.0382,0.0,0.0,0.3906,0.0,0.0,0.0,0.0363,C2,word_pos,ravisseur,N,ravisseur,NOM
reconductible,ADJ,C2,beacco,0.0,0.0382,0.0,0.0,0.4152,0.0,0.0,0.0,0.0382,0.0,0.0,0.3906,0.0,0.0,0.0,0.0363,C2,word_pos,reconductible,A,reconductible,ADJ
réélire,VERB,C2,beacco,0.0,0.0382,0.0,0.0,0.4152,0.0,0.0,0.0,0.0382,0.0,0.0,0.3906,0.0,0.0,0.0,0.0363,C2,word_pos,réélire,V,réélire,VER
stimulateur,NOUN,C2,beacco,0.0,0.0382,0.0,0.0,0.4152,0.0,0.0,0.0,0.0382,0.0,0.0,0.3906,0.0,0.0,0.0,0.0363,C2,word_pos,stimulateur,N,stimulateur,NOM
épousailles,NOUN,C2,beacco,0.0,0.0382,0.0,0.0,0.4152,0.0,0.0,0.0,0.0382,0.0,0.0,0.3906,0.0,0.0,0.0,0.0363,C2,word_pos,épousailles,N,épousailles,NOM
vaillant,ADJ,C2,beacco,0.0,0.038,0.0,0.7532,0.0,0.0,0.0,0.0,0.038,0.0,0.5581,0.0,0.0,0.0,0.0,0.0269,C2,word_pos,vaillant,A,vaillant,ADJ
accablant,ADJ,C2,beacco,0.0,0.0377,0.0,0.0,0.0,1.6517,0.0,0.0,0.0377,0.0,0.0,0.0,1.3018,0.0,0.0,0.035,C2,word_pos,accablant,A,accablant,ADJ
accusé,NOUN,C2,beacco,0.0,0.0377,0.0,0.0,0.0,1.6517,0.0,0.0,0.0377,0.0,0.0,0.0,1.3018,0.0,0.0,0.035,C2,word_pos,accusé,N,accusé,NOM
assurément,ADV,C2,beacco,0.0,0.0377,0.0,0.0,0.0,1.6517,0.0,0.0,0.0377,0.0,0.0,0.0,1.3018,0.0,0.0,0.035,C2,word_pos,assurément,ADV,assurément,ADV
bottine,NOUN,C2,beacco,0.0,0.0377,0.0,0.0,0.0,1.6517,0.0,0.0,0.0377,0.0,0.0,0.0,1.3018,0.0,0.0,0.035,C2,word_pos,bottine,N,bottine,NOM
broussailleux,ADJ,C2,beacco,0.0,0.0377,0.0,0.0,0.0,1.6517,0.0,0.0,0.0377,0.0,0.0,0.0,1.3018,0.0,0.0,0.035,C2,word_pos,broussailleux,A,broussailleux,ADJ
cabotin,ADJ,C2,beacco,0.0,0.0377,0.0,0.0,0.0,1.6517,0.0,0.0,0.0377,0.0,0.0,0.0,1.3018,0.0,0.0,0.035,C2,word_pos,cabotin,A,cabotin,ADJ
cachottier,ADJ,C2,beacco,0.0,0.0377,0.0,0.0,0.0,1.6517,0.0,0.0,0.0377,0.0,0.0,0.0,1.3018,0.0,0.0,0.035,C2,unique_word,cachottier,A,cachottier,NOM
cagoule,NOUN,C2,beacco,0.0,0.0377,0.0,0.0,0.0,1.6517,0.0,0.0,0.0377,0.0,0.0,0.0,1.3018,0.0,0.0,0.035,C2,word_pos,cagoule,N,cagoule,NOM
cambrioleur,NOUN,C2,beacco,0.0,0.0377,0.0,0.0,0.0,1.6517,0.0,0.0,0.0377,0.0,0.0,0.0,1.3018,0.0,0.0,0.035,C2,word_pos,cambrioleur,N,cambrioleur,NOM
circonspection,NOUN,C2,beacco,0.0,0.0377,0.0,0.0,0.0,1.6517,0.0,0.0,0.0377,0.0,0.0,0.0,1.3018,0.0,0.0,0.035,C2,word_pos,circonspection,N,circonspection,NOM
cloaque,NOUN,C2,beacco,0.0,0.0377,0.0,0.0,0.4092,0.0,0.0,0.0,0.0377,0.0,0.0,0.1243,0.0,0.0,0.0,0.0408,C2,word_pos,cloaque,N,cloaque,NOM
combine,NOUN,C2,beacco,0.0,0.0377,0.0,0.0,0.0,1.6517,0.0,0.0,0.0377,0.0,0.0,0.0,1.3018,0.0,0.0,0.035,C2,word_pos,combine,N,combine,NOM
comparaître,VERB,C2,beacco,0.0,0.0377,0.0,0.0,0.0,1.6517,0.0,0.0,0.0377,0.0,0.0,0.0,1.3018,0.0,0.0,0.035,C2,word_pos,comparaître,V,comparaître,VER
conjecture,NOUN,C2,beacco,0.0,0.0377,0.0,0.0,0.0,1.6517,0.0,0.0,0.0377,0.0,0.0,0.0,1.3018,0.0,0.0,0.035,C2,word_pos,conjecture,N,conjecture,NOM
crochet,NOUN,C2,beacco,0.0,0.0377,0.0,0.0,0.0,1.6517,0.0,0.0,0.0377,0.0,0.0,0.0,1.3018,0.0,0.0,0.035,C2,word_pos,crochet,N,crochet,NOM
crotter,VERB,C2,beacco,0.0,0.0377,0.0,0.0,0.4092,0.0,0.0,0.0,0.0377,0.0,0.0,0.1243,0.0,0.0,0.0,0.0408,C2,word_pos,crotter,V,crotter,VER
cynique,ADJ,C2,beacco,0.0,0.0377,0.0,0.0,0.0,1.6517,0.0,0.0,0.0377,0.0,0.0,0.0,1.3018,0.0,0.0,0.035,C2,word_pos,cynique,A,cynique,ADJ
débarbouiller,VERB,C2,beacco,0.0,0.0377,0.0,0.0,0.4092,0.0,0.0,0.0,0.0377,0.0,0.0,0.1243,0.0,0.0,0.0,0.0408,C2,word_pos,débarbouiller,V,débarbouiller,VER
déblaiement,NOUN,C2,beacco,0.0,0.0377,0.0,0.0,0.4092,0.0,0.0,0.0,0.0377,0.0,0.0,0.1243,0.0,0.0,0.0,0.0408,C2,word_pos,déblaiement,N,déblaiement,NOM
débonnaire,ADJ,C2,beacco,0.0,0.0377,0.0,0.0,0.0,1.6517,0.0,0.0,0.0377,0.0,0.0,0.0,1.3018,0.0,0.0,0.035,C2,word_pos,débonnaire,A,débonnaire,ADJ
effronterie,NOUN,C2,beacco,0.0,0.0377,0.0,0.0,0.0,1.6517,0.0,0.0,0.0377,0.0,0.0,0.0,1.3018,0.0,0.0,0.035,C2,word_pos,effronterie,N,effronterie,NOM
entremêler,VERB,C2,beacco,0.0,0.0377,0.0,0.0,0.0,1.6517,0.0,0.0,0.0377,0.0,0.0,0.0,1.3018,0.0,0.0,0.035,C2,word_pos,entremêler,V,entremêler,VER
espionnage,NOUN,C2,beacco,0.0,0.0377,0.0,0.0,0.0,1.6517,0.0,0.0,0.0377,0.0,0.0,0.0,1.3018,0.0,0.0,0.035,C2,word_pos,espionnage,N,espionnage,NOM
factotum,NOUN,C2,beacco,0.0,0.0377,0.0,0.0,0.0,1.6517,0.0,0.0,0.0377,0.0,0.0,0.0,1.3018,0.0,0.0,0.035,C2,word_pos,factotum,N,factotum,NOM
grillage,NOUN,C2,beacco,0.0,0.0377,0.0,0.0,0.0,1.6517,0.0,0.0,0.0377,0.0,0.0,0.0,1.3018,0.0,0.0,0.035,C2,word_pos,grillage,N,grillage,NOM
grimage,NOUN,C2,beacco,0.0,0.0377,0.0,0.0,0.0,1.6517,0.0,0.0,0.0377,0.0,0.0,0.0,1.3018,0.0,0.0,0.035,C2,word_pos,grimage,N,grimage,NOM
harassant,ADJ,C2,beacco,0.0,0.0377,0.0,0.0,0.4092,0.0,0.0,0.0,0.0377,0.0,0.0,0.1243,0.0,0.0,0.0,0.0408,C2,word_pos,harassant,A,harassant,ADJ
incarnation,NOUN,C2,beacco,0.0,0.0377,0.0,0.0,0.0,1.6517,0.0,0.0,0.0377,0.0,0.0,0.0,1.3018,0.0,0.0,0.035,C2,word_pos,incarnation,N,incarnation,NOM
infranchissable,ADJ,C2,beacco,0.0,0.0377,0.0,0.0,0.4092,0.0,0.0,0.0,0.0377,0.0,0.0,0.1243,0.0,0.0,0.0,0.0408,C2,word_pos,infranchissable,A,infranchissable,ADJ
infâme,ADJ,C2,beacco,0.0,0.0377,0.0,0.0,0.0,1.6517,0.0,0.0,0.0377,0.0,0.0,0.0,1.3018,0.0,0.0,0.035,C2,word_pos,infâme,A,infâme,ADJ
martingale,NOUN,C2,beacco,0.0,0.0377,0.0,0.0,0.0,1.6517,0.0,0.0,0.0377,0.0,0.0,0.0,1.3018,0.0,0.0,0.035,C2,word_pos,martingale,N,martingale,NOM
méconnaissable,ADJ,C2,beacco,0.0,0.0377,0.0,0.0,0.0,1.6517,0.0,0.0,0.0377,0.0,0.0,0.0,1.3018,0.0,0.0,0.035,C2,word_pos,méconnaissable,A,méconnaissable,ADJ
narcotique,NOUN,C2,beacco,0.0,0.0377,0.0,0.0,0.0,1.6517,0.0,0.0,0.0377,0.0,0.0,0.0,1.3018,0.0,0.0,0.035,C2,word_pos,narcotique,N,narcotique,NOM
neutraliser,VERB,C2,beacco,0.0,0.0377,0.0,0.0,0.0,1.6517,0.0,0.0,0.0377,0.0,0.0,0.0,1.3018,0.0,0.0,0.035,C2,word_pos,neutraliser,V,neutraliser,VER
pelleter,VERB,C2,beacco,0.0,0.0377,0.0,0.0,0.4092,0.0,0.0,0.0,0.0377,0.0,0.0,0.1243,0.0,0.0,0.0,0.0408,C2,word_pos,pelleter,V,pelleter,VER
physionomie,NOUN,C2,beacco,0.0,0.0377,0.0,0.0,0.0,1.6517,0.0,0.0,0.0377,0.0,0.0,0.0,1.3018,0.0,0.0,0.035,C2,word_pos,physionomie,N,physionomie,NOM
presbyte,ADJ,C2,beacco,0.0,0.0377,0.0,0.0,0.0,1.6517,0.0,0.0,0.0377,0.0,0.0,0.0,1.3018,0.0,0.0,0.035,C2,word_pos,presbyte,A,presbyte,ADJ
prestidigitateur,NOUN,C2,beacco,0.0,0.0377,0.0,0.0,0.0,1.6517,0.0,0.0,0.0377,0.0,0.0,0.0,1.3018,0.0,0.0,0.035,C2,word_pos,prestidigitateur,N,prestidigitateur,NOM
précipitation,NOUN,C2,beacco,0.0,0.0377,0.0,0.0,0.0,1.6517,0.0,0.0,0.0377,0.0,0.0,0.0,1.3018,0.0,0.0,0.035,C2,word_pos,précipitation,N,précipitation,NOM
prénommer,VERB,C2,beacco,0.0,0.0377,0.0,0.0,0.0,1.6517,0.0,0.0,0.0377,0.0,0.0,0.0,1.3018,0.0,0.0,0.035,C2,word_pos,prénommer,V,prénommer,VER
pègre,NOUN,C2,beacco,0.0,0.0377,0.0,0.0,0.0,1.6517,0.0,0.0,0.0377,0.0,0.0,0.0,1.3018,0.0,0.0,0.035,C2,word_pos,pègre,N,pègre,NOM
relogement,NOUN,C2,beacco,0.0,0.0377,0.0,0.0,0.4092,0.0,0.0,0.0,0.0377,0.0,0.0,0.1243,0.0,0.0,0.0,0.0408,C2,word_pos,relogement,N,relogement,NOM
relève,NOUN,C2,beacco,0.0,0.0377,0.0,0.0,0.4092,0.0,0.0,0.0,0.0377,0.0,0.0,0.1243,0.0,0.0,0.0,0.0408,C2,word_pos,relève,N,relève,NOM
rocambole,NOUN,C2,beacco,0.0,0.0377,0.0,0.0,0.0,1.6517,0.0,0.0,0.0377,0.0,0.0,0.0,1.3018,0.0,0.0,0.035,C2,word_pos,rocambole,N,rocambole,NOM
rocambolesque,ADJ,C2,beacco,0.0,0.0377,0.0,0.0,0.0,1.6517,0.0,0.0,0.0377,0.0,0.0,0.0,1.3018,0.0,0.0,0.035,C2,word_pos,rocambolesque,A,rocambolesque,ADJ
réticule,NOUN,C2,beacco,0.0,0.0377,0.0,0.0,0.0,1.6517,0.0,0.0,0.0377,0.0,0.0,0.0,1.3018,0.0,0.0,0.035,C2,word_pos,réticule,N,réticule,NOM
sagacité,NOUN,C2,beacco,0.0,0.0377,0.0,0.0,0.0,1.6517,0.0,0.0,0.0377,0.0,0.0,0.0,1.3018,0.0,0.0,0.035,C2,word_pos,sagacité,N,sagacité,NOM
souder,VERB,C2,beacco,0.0,0.0377,0.0,0.0,0.4092,0.0,0.0,0.0,0.0377,0.0,0.0,0.1243,0.0,0.0,0.0,0.0408,C2,word_pos,souder,V,souder,VER
strangulation,NOUN,C2,beacco,0.0,0.0377,0.0,0.0,0.0,1.6517,0.0,0.0,0.0377,0.0,0.0,0.0,1.3018,0.0,0.0,0.035,C2,word_pos,strangulation,N,strangulation,NOM
surplomber,VERB,C2,beacco,0.0,0.0377,0.0,0.0,0.0,1.6517,0.0,0.0,0.0377,0.0,0.0,0.0,1.3018,0.0,0.0,0.035,C2,word_pos,surplomber,V,surplomber,VER
séducteur,NOUN,C2,beacco,0.0,0.0377,0.0,0.0,0.0,1.6517,0.0,0.0,0.0377,0.0,0.0,0.0,1.3018,0.0,0.0,0.035,C2,word_pos,séducteur,N,séducteur,NOM
torse,NOUN,C2,beacco,0.0,0.0377,0.0,0.0,0.0,1.6517,0.0,0.0,0.0377,0.0,0.0,0.0,1.3018,0.0,0.0,0.035,C2,word_pos,torse,N,torse,NOM
turf,NOUN,C2,beacco,0.0,0.0377,0.0,0.0,0.0,1.6517,0.0,0.0,0.0377,0.0,0.0,0.0,1.3018,0.0,0.0,0.035,C2,word_pos,turf,N,turf,NOM
braise,NOUN,C2,beacco,0.0,0.0376,0.0,0.0,0.4081,0.0,0.0,0.0,0.0376,0.0,0.0,0.4317,0.0,0.0,0.0,0.0401,C2,word_pos,braise,N,braise,NOM
chevauchée,NOUN,C2,beacco,0.0,0.0376,0.0,0.0,0.4081,0.0,0.0,0.0,0.0376,0.0,0.0,0.4317,0.0,0.0,0.0,0.0401,C2,word_pos,chevauchée,N,chevauchée,NOM
cochère,ADJ,C2,beacco,0.0,0.0376,0.0,0.0,0.4081,0.0,0.0,0.0,0.0376,0.0,0.0,0.4317,0.0,0.0,0.0,0.0401,C2,word_pos,cochère,A,cochère,ADJ
escouade,NOUN,C2,beacco,0.0,0.0376,0.0,0.0,0.4081,0.0,0.0,0.0,0.0376,0.0,0.0,0.4317,0.0,0.0,0.0,0.0401,C2,word_pos,escouade,N,escouade,NOM
incroyant,NOUN,C2,beacco,0.0,0.0376,0.0,0.0,0.4081,0.0,0.0,0.0,0.0376,0.0,0.0,0.4317,0.0,0.0,0.0,0.0401,C2,word_pos,incroyant,N,incroyant,NOM
libérateur,NOUN,C2,beacco,0.0,0.0376,0.0,0.0,0.4081,0.0,0.0,0.0,0.0376,0.0,0.0,0.4317,0.0,0.0,0.0,0.0401,C2,word_pos,libérateur,N,libérateur,NOM
pendant,ADJ,C2,beacco,0.0,0.0376,0.0,0.0,0.4081,0.0,0.0,0.0,0.0376,0.0,0.0,0.4317,0.0,0.0,0.0,0.0401,C2,word_pos,pendant,A,pendant,ADJ
psaume,NOUN,C2,beacco,0.0,0.0376,0.0,0.0,0.4081,0.0,0.0,0.0,0.0376,0.0,0.0,0.4317,0.0,0.0,0.0,0.0401,C2,word_pos,psaume,N,psaume,NOM
victorieux,ADJ,C2,beacco,0.0,0.0376,0.0,0.0,0.4081,0.0,0.0,0.0,0.0376,0.0,0.0,0.4317,0.0,0.0,0.0,0.0401,C2,word_pos,victorieux,A,victorieux,ADJ
voilier,NOUN,C2,beacco,0.0,0.0376,0.0,0.0,0.4081,0.0,0.0,0.0,0.0376,0.0,0.0,0.4317,0.0,0.0,0.0,0.0401,C2,word_pos,voilier,N,voilier,NOM
épier,VERB,C2,beacco,0.0,0.0376,0.0,0.0,0.4081,0.0,0.0,0.0,0.0376,0.0,0.0,0.4317,0.0,0.0,0.0,0.0401,C2,word_pos,épier,V,épier,VER
ancestral,ADJ,C2,beacco,0.0,0.0374,0.0,0.7405,0.0,0.0,0.0,0.0,0.0374,0.0,0.606,0.0,0.0,0.0,0.0,0.0408,C2,word_pos,ancestral,A,ancestral,ADJ
antédiluvien,ADJ,C2,beacco,0.0,0.0374,0.0,0.7405,0.0,0.0,0.0,0.0,0.0374,0.0,0.606,0.0,0.0,0.0,0.0,0.0408,C2,word_pos,antédiluvien,A,antédiluvien,ADJ
auditorium,NOUN,C2,beacco,0.0,0.0374,0.0,0.7405,0.0,0.0,0.0,0.0,0.0374,0.0,0.606,0.0,0.0,0.0,0.0,0.0408,C2,word_pos,auditorium,N,auditorium,NOM
azur,NOUN,C2,beacco,0.0,0.0374,0.0,0.7405,0.0,0.0,0.0,0.0,0.0374,0.0,0.606,0.0,0.0,0.0,0.0,0.0408,C2,word_pos,azur,N,azur,NOM
bandoulière,NOUN,C2,beacco,0.0,0.0374,0.0,0.7405,0.0,0.0,0.0,0.0,0.0374,0.0,0.606,0.0,0.0,0.0,0.0,0.0408,C2,word_pos,bandoulière,N,bandoulière,NOM
batteur,NOUN,C2,beacco,0.0,0.0374,0.0,0.7405,0.0,0.0,0.0,0.0,0.0374,0.0,0.606,0.0,0.0,0.0,0.0,0.0408,C2,word_pos,batteur,N,batteur,NOM
cahotant,ADJ,C2,beacco,0.0,0.0374,0.0,0.7405,0.0,0.0,0.0,0.0,0.0374,0.0,0.606,0.0,0.0,0.0,0.0,0.0408,C2,word_pos,cahotant,A,cahotant,ADJ
confirmation,NOUN,C2,beacco,0.0,0.0374,0.0,0.7405,0.0,0.0,0.0,0.0,0.0374,0.0,0.606,0.0,0.0,0.0,0.0,0.0408,C2,word_pos,confirmation,N,confirmation,NOM
dentier,NOUN,C2,beacco,0.0,0.0374,0.0,0.7405,0.0,0.0,0.0,0.0,0.0374,0.0,0.606,0.0,0.0,0.0,0.0,0.0408,C2,word_pos,dentier,N,dentier,NOM
déprimant,NOUN,C2,beacco,0.0,0.0374,0.0,0.7405,0.0,0.0,0.0,0.0,0.0374,0.0,0.606,0.0,0.0,0.0,0.0,0.0408,C2,word_pos,déprimant,N,déprimant,NOM
désopilant,ADJ,C2,beacco,0.0,0.0374,0.0,0.7405,0.0,0.0,0.0,0.0,0.0374,0.0,0.606,0.0,0.0,0.0,0.0,0.0408,C2,word_pos,désopilant,A,désopilant,ADJ
endosser,VERB,C2,beacco,0.0,0.0374,0.0,0.7405,0.0,0.0,0.0,0.0,0.0374,0.0,0.606,0.0,0.0,0.0,0.0,0.0408,C2,word_pos,endosser,V,endosser,VER
entrain,NOUN,C2,beacco,0.0,0.0374,0.0,0.7405,0.0,0.0,0.0,0.0,0.0374,0.0,0.606,0.0,0.0,0.0,0.0,0.0408,C2,word_pos,entrain,N,entrain,NOM
féerie,NOUN,C2,beacco,0.0,0.0374,0.0,0.7405,0.0,0.0,0.0,0.0,0.0374,0.0,0.606,0.0,0.0,0.0,0.0,0.0408,C2,word_pos,féerie,N,féerie,NOM
insoupçonné,ADJ,C2,beacco,0.0,0.0374,0.0,0.7405,0.0,0.0,0.0,0.0,0.0374,0.0,0.606,0.0,0.0,0.0,0.0,0.0408,C2,word_pos,insoupçonné,A,insoupçonné,ADJ
paillasson,NOUN,C2,beacco,0.0,0.0374,0.0,0.7405,0.0,0.0,0.0,0.0,0.0374,0.0,0.606,0.0,0.0,0.0,0.0,0.0408,C2,word_pos,paillasson,N,paillasson,NOM
pathos,NOUN,C2,beacco,0.0,0.0374,0.0,0.7405,0.0,0.0,0.0,0.0,0.0374,0.0,0.606,0.0,0.0,0.0,0.0,0.0408,C2,word_pos,pathos,N,pathos,NOM
patrouiller,VERB,C2,beacco,0.0,0.0374,0.0,0.7405,0.0,0.0,0.0,0.0,0.0374,0.0,0.606,0.0,0.0,0.0,0.0,0.0408,C2,word_pos,patrouiller,V,patrouiller,VER
pneumatique,ADJ,C2,beacco,0.0,0.0374,0.0,0.7405,0.0,0.0,0.0,0.0,0.0374,0.0,0.606,0.0,0.0,0.0,0.0,0.0408,C2,word_pos,pneumatique,A,pneumatique,ADJ
poignant,ADJ,C2,beacco,0.0,0.0374,0.0,0.7405,0.0,0.0,0.0,0.0,0.0374,0.0,0.606,0.0,0.0,0.0,0.0,0.0408,C2,word_pos,poignant,A,poignant,ADJ
quartet,NOUN,C2,beacco,0.0,0.0374,0.0,0.7405,0.0,0.0,0.0,0.0,0.0374,0.0,0.606,0.0,0.0,0.0,0.0,0.0408,C2,word_pos,quartet,N,quartet,NOM
romancer,VERB,C2,beacco,0.0,0.0374,0.0,0.7405,0.0,0.0,0.0,0.0,0.0374,0.0,0.606,0.0,0.0,0.0,0.0,0.0408,C2,word_pos,romancer,V,romancer,VER
récidiviste,ADJ,C2,beacco,0.0,0.0374,0.0,0.7405,0.0,0.0,0.0,0.0,0.0374,0.0,0.606,0.0,0.0,0.0,0.0,0.0408,C2,unique_word,récidiviste,A,récidiviste,NOM
rétro,ADJ,C2,beacco,0.0,0.0374,0.0,0.7405,0.0,0.0,0.0,0.0,0.0374,0.0,0.606,0.0,0.0,0.0,0.0,0.0408,C2,word_pos,rétro,A,rétro,ADJ
simuler,VERB,C2,beacco,0.0,0.0374,0.0,0.7405,0.0,0.0,0.0,0.0,0.0374,0.0,0.606,0.0,0.0,0.0,0.0,0.0408,C2,word_pos,simuler,V,simuler,VER
sororal,ADJ,C2,beacco,0.0,0.0374,0.0,0.7405,0.0,0.0,0.0,0.0,0.0374,0.0,0.606,0.0,0.0,0.0,0.0,0.0408,C2,word_pos,sororal,A,sororal,ADJ
trimballer,VERB,C2,beacco,0.0,0.0374,0.0,0.7405,0.0,0.0,0.0,0.0,0.0374,0.0,0.606,0.0,0.0,0.0,0.0,0.0408,C2,word_pos,trimballer,V,trimballer,VER
égocentrique,ADJ,C2,beacco,0.0,0.0374,0.0,0.7405,0.0,0.0,0.0,0.0,0.0374,0.0,0.606,0.0,0.0,0.0,0.0,0.0408,C2,word_pos,égocentrique,A,égocentrique,ADJ
épater,VERB,C2,beacco,0.0,0.0374,0.0,0.7405,0.0,0.0,0.0,0.0,0.0374,0.0,0.606,0.0,0.0,0.0,0.0,0.0408,C2,word_pos,épater,V,épater,VER
empoisonné,ADJ,C2,beacco,0.0,0.0371,,,,,,,,0.0,0.7702,0.0,0.0,0.0,0.0,0.0371,C2,beacco_only,,,empoisonné,ADJ
gastronome,NOUN,C2,beacco,0.0,0.0369,0.0,0.7318,0.0,0.0,0.0,0.0,0.0369,0.0,0.4664,0.0,0.0,0.0,0.0,0.0338,C2,word_pos,gastronome,N,gastronome,NOM
suspens,NOUN,C2,beacco,0.0,0.0369,0.0,0.7318,0.0,0.0,0.0,0.0,0.0369,0.0,0.4664,0.0,0.0,0.0,0.0,0.0338,C2,word_pos,suspens,N,suspens,NOM
face-à-face,NOUN,C2,beacco,0.0,0.0365,,,,,,,,0.0,0.0,0.3933,0.0,0.0,0.0,0.0365,C2,beacco_only,,,face-à-face,NOM
petit-bourgeois,NOUN,C2,beacco,0.0,0.0365,,,,,,,,0.0,0.0,0.3933,0.0,0.0,0.0,0.0365,C2,beacco_only,,,petit-bourgeois,NOM
surveillant,ADJ,C2,beacco,0.0,0.0365,,,,,,,,0.0,0.0,0.3933,0.0,0.0,0.0,0.0365,C2,beacco_only,,,surveillant,ADJ
alcooliser,VERB,C2,beacco,0.0,0.0363,,,,,,,,0.0,0.0,0.3906,0.0,0.0,0.0,0.0363,C2,beacco_only,,,alcooliser,VER
blanche,NOUN,C2,beacco,0.0,0.0363,,,,,,,,0.0,0.0,0.3906,0.0,0.0,0.0,0.0363,C2,beacco_only,,,blanche,NOM
concierge,ADJ,C2,beacco,0.0,0.0363,,,,,,,,0.0,0.0,0.3906,0.0,0.0,0.0,0.0363,C2,beacco_only,,,concierge,ADJ
condoléance,NOUN,C2,beacco,0.0,0.0363,,,,,,,,0.0,0.0,0.3906,0.0,0.0,0.0,0.0363,C2,beacco_only,,,condoléance,NOM
contre-allée,NOUN,C2,beacco,0.0,0.0363,,,,,,,,0.0,0.0,0.3906,0.0,0.0,0.0,0.0363,C2,beacco_only,,,contre-allée,NOM
crève-coeur,NOUN,C2,beacco,0.0,0.0363,,,,,,,,0.0,0.0,0.3906,0.0,0.0,0.0,0.0363,C2,beacco_only,,,crève-coeur,NOM
distrait,ADJ,C2,beacco,0.0,0.0363,,,,,,,,0.0,0.0,0.3906,0.0,0.0,0.0,0.0363,C2,beacco_only,,,distrait,ADJ
démodé,ADJ,C2,beacco,0.0,0.0363,,,,,,,,0.0,0.0,0.3906,0.0,0.0,0.0,0.0363,C2,beacco_only,,,démodé,ADJ
indo-européen,NOUN,C2,beacco,0.0,0.0363,,,,,,,,0.0,0.0,0.3906,0.0,0.0,0.0,0.0363,C2,beacco_only,,,indo-européen,NOM
jumeler,VERB,C2,beacco,0.0,0.0363,,,,,,,,0.0,0.0,0.3906,0.0,0.0,0.0,0.0363,C2,beacco_only,,,jumeler,VER
modestie,NOUN,C2,beacco,0.0,0.0363,,,,,,,,0.0,0.0,0.3906,0.0,0.0,0.0,0.0363,C2,beacco_only,,,modestie,NOM
orgue,NOUN,C2,beacco,0.0,0.0363,,,,,,,,0.0,0.0,0.3906,0.0,0.0,0.0,0.0363,C2,beacco_only,,,orgue,NOM
paris-brest,NOUN,C2,beacco,0.0,0.0363,,,,,,,,0.0,0.0,0.3906,0.0,0.0,0.0,0.0363,C2,beacco_only,,,paris-brest,NOM
parme,NOUN,C2,beacco,0.0,0.0363,,,,,,,,0.0,0.0,0.3906,0.0,0.0,0.0,0.0363,C2,beacco_only,,,parme,NOM
passe-droit,NOUN,C2,beacco,0.0,0.0363,,,,,,,,0.0,0.0,0.3906,0.0,0.0,0.0,0.0363,C2,beacco_only,,,passe-droit,NOM
petit-neveu,NOUN,C2,beacco,0.0,0.0363,,,,,,,,0.0,0.0,0.3906,0.0,0.0,0.0,0.0363,C2,beacco_only,,,petit-neveu,NOM
plonge,NOUN,C2,beacco,0.0,0.0363,,,,,,,,0.0,0.0,0.3906,0.0,0.0,0.0,0.0363,C2,beacco_only,,,plonge,NOM
pourvu,NOUN,C2,beacco,0.0,0.0363,,,,,,,,0.0,0.0,0.3906,0.0,0.0,0.0,0.0363,C2,beacco_only,,,pourvu,NOM
rudiment,NOUN,C2,beacco,0.0,0.0363,,,,,,,,0.0,0.0,0.3906,0.0,0.0,0.0,0.0363,C2,beacco_only,,,rudiment,NOM
semaille,NOUN,C2,beacco,0.0,0.0363,,,,,,,,0.0,0.0,0.3906,0.0,0.0,0.0,0.0363,C2,beacco_only,,,semaille,NOM
agripper,VERB,C2,beacco,0.0,0.0362,0.0,0.0,0.0,1.5856,0.0,0.0,0.0362,0.0,0.0,0.0,0.8102,0.0,0.0,0.0218,C2,word_pos,agripper,V,agripper,VER
blanchisseur,NOUN,C2,beacco,0.0,0.0362,0.0,0.0,0.0,1.5856,0.0,0.0,0.0362,0.0,0.0,0.0,0.8102,0.0,0.0,0.0218,C2,word_pos,blanchisseur,N,blanchisseur,NOM
converser,VERB,C2,beacco,0.0,0.0362,0.0,0.0,0.0,1.5856,0.0,0.0,0.0362,0.0,0.0,0.0,1.6204,0.0,0.0,0.0436,C2,word_pos,converser,V,converser,VER
dédommager,VERB,C2,beacco,0.0,0.0362,0.0,0.0,0.0,1.5856,0.0,0.0,0.0362,0.0,0.0,0.0,0.8102,0.0,0.0,0.0218,C2,word_pos,dédommager,V,dédommager,VER
consistant,ADJ,C2,beacco,0.0,0.0361,0.0,0.0,0.0,0.0,2.0505,0.0,0.0361,0.0,0.0,0.0,0.0,0.0,19.328,0.1431,C2,word_pos,consistant,A,consistant,ADJ
gourde,NOUN,C2,beacco,0.0,0.036,0.0,0.7125,0.0,0.0,0.0,0.0,0.036,0.0,0.5781,0.0,0.0,0.0,0.0,0.0279,C2,word_pos,gourde,N,gourde,NOM
hésitation,NOUN,C2,beacco,0.0,0.036,0.0,0.7125,0.0,0.0,0.0,0.0,0.036,0.0,0.2891,0.0,0.0,0.0,0.0,0.0139,C2,word_pos,hésitation,N,hésitation,NOM
aguet,NOUN,C2,beacco,0.0,0.035,,,,,,,,0.0,0.0,0.0,1.3018,0.0,0.0,0.035,C2,beacco_only,,,aguet,NOM
ajourner,VERB,C2,beacco,0.0,0.035,,,,,,,,0.0,0.0,0.0,1.3018,0.0,0.0,0.035,C2,beacco_only,,,ajourner,VER
antagoniste,NOUN,C2,beacco,0.0,0.035,,,,,,,,0.0,0.0,0.0,1.3018,0.0,0.0,0.035,C2,beacco_only,,,antagoniste,NOM
automate,ADJ,C2,beacco,0.0,0.035,,,,,,,,0.0,0.0,0.0,1.3018,0.0,0.0,0.035,C2,beacco_only,,,automate,ADJ
cartouche,NOUN,C2,beacco,0.0,0.035,,,,,,,,0.0,0.0,0.0,1.3018,0.0,0.0,0.035,C2,beacco_only,,,cartouche,NOM
fraîche,NOUN,C2,beacco,0.0,0.035,,,,,,,,0.0,0.0,0.0,1.3018,0.0,0.0,0.035,C2,beacco_only,,,fraîche,NOM
pager,VERB,C2,beacco,0.0,0.035,,,,,,,,0.0,0.0,0.0,1.3018,0.0,0.0,0.035,C2,beacco_only,,,pager,VER
relevé,ADJ,C2,beacco,0.0,0.035,,,,,,,,0.0,0.0,0.0,1.3018,0.0,0.0,0.035,C2,beacco_only,,,relevé,ADJ
ressaisir,VERB,C2,beacco,0.0,0.035,,,,,,,,0.0,0.0,0.0,1.3018,0.0,0.0,0.035,C2,beacco_only,,,ressaisir,VER
silencer,VERB,C2,beacco,0.0,0.035,,,,,,,,0.0,0.0,0.0,1.3018,0.0,0.0,0.035,C2,beacco_only,,,silencer,VER
toute-puissance,NOUN,C2,beacco,0.0,0.035,,,,,,,,0.0,0.0,0.0,1.3018,0.0,0.0,0.035,C2,beacco_only,,,toute-puissance,NOM
taillé,ADJ,C2,beacco,0.0,0.0349,0.0,0.0,0.2366,0.0,0.0,0.0,0.0349,0.0,0.0,0.2504,0.0,0.0,0.0,0.0233,C2,word_pos,taillé,A,taillé,ADJ
anormalement,ADV,C2,beacco,0.0,0.0347,0.0,0.0,0.3765,0.0,0.0,0.0,0.0347,0.0,0.0,0.3933,0.0,0.0,0.0,0.0365,C2,word_pos,anormalement,ADV,anormalement,ADV
barrer,VERB,C2,beacco,0.0,0.0347,0.0,0.0,0.3765,0.0,0.0,0.0,0.0347,0.0,0.0,0.3933,0.0,0.0,0.0,0.0365,C2,word_pos,barrer,V,barrer,VER
biographe,NOUN,C2,beacco,0.0,0.0347,0.0,0.0,0.3765,0.0,0.0,0.0,0.0347,0.0,0.0,0.3933,0.0,0.0,0.0,0.0365,C2,word_pos,biographe,N,biographe,NOM
déformer,VERB,C2,beacco,0.0,0.0347,0.0,0.0,0.3765,0.0,0.0,0.0,0.0347,0.0,0.0,0.3933,0.0,0.0,0.0,0.0365,C2,word_pos,déformer,V,déformer,VER
grognement,NOUN,C2,beacco,0.0,0.0347,0.0,0.0,0.3765,0.0,0.0,0.0,0.0347,0.0,0.0,0.3933,0.0,0.0,0.0,0.0365,C2,word_pos,grognement,N,grognement,NOM
mêlée,NOUN,C2,beacco,0.0,0.0347,0.0,0.0,0.3765,0.0,0.0,0.0,0.0347,0.0,0.0,0.3933,0.0,0.0,0.0,0.0365,C2,word_pos,mêlée,N,mêlée,NOM
ose,NOUN,C2,beacco,0.0,0.0347,0.0,0.0,0.3765,0.0,0.0,0.0,0.0347,0.0,0.0,0.3933,0.0,0.0,0.0,0.0365,C2,word_pos,ose,N,ose,NOM
salaud,ADJ,C2,beacco,0.0,0.0347,0.0,0.0,0.3765,0.0,0.0,0.0,0.0347,0.0,0.0,0.3933,0.0,0.0,0.0,0.0365,C2,word_pos,salaud,A,salaud,ADJ
secousse,NOUN,C2,beacco,0.0,0.0347,0.0,0.0,0.3765,0.0,0.0,0.0,0.0347,0.0,0.0,0.3933,0.0,0.0,0.0,0.0365,C2,word_pos,secousse,N,secousse,NOM
étouffant,ADJ,C2,beacco,0.0,0.0347,0.0,0.0,0.3765,0.0,0.0,0.0,0.0347,0.0,0.0,0.3933,0.0,0.0,0.0,0.0365,C2,word_pos,étouffant,A,étouffant,ADJ
dur,ADV,C2,beacco,0.0,0.0346,0.0,0.0,0.0,1.5139,0.0,0.0,0.0346,1.2635,0.0,0.0,0.0,0.0,0.0,0.0232,C2,word_pos,dur,ADV,dur,ADV
ex,NOUN,C2,beacco,0.0,0.0346,0.0,0.0,0.0,1.5139,0.0,0.0,0.0346,0.0,0.606,0.0,0.0,0.0,0.0,0.0408,C2,unique_word,ex,N,ex,ADV
aggrave,NOUN,C2,beacco,0.0,0.0342,,,,,,,,0.0,0.0,0.0,1.2705,0.0,0.0,0.0342,C2,beacco_only,,,aggrave,NOM
agréger,VERB,C2,beacco,0.0,0.0342,,,,,,,,0.0,0.0,0.0,1.2705,0.0,0.0,0.0342,C2,beacco_only,,,agréger,VER
articler,VERB,C2,beacco,0.0,0.0342,,,,,,,,0.0,0.0,0.0,1.2705,0.0,0.0,0.0342,C2,beacco_only,,,articler,VER
branchée,NOUN,C2,beacco,0.0,0.0342,,,,,,,,0.0,0.0,0.0,1.2705,0.0,0.0,0.0342,C2,beacco_only,,,branchée,NOM
bulle,ADJ,C2,beacco,0.0,0.0342,,,,,,,,0.0,0.0,0.0,1.2705,0.0,0.0,0.0342,C2,beacco_only,,,bulle,ADJ
béarnais,NOUN,C2,beacco,0.0,0.0342,,,,,,,,0.0,0.0,0.0,1.2705,0.0,0.0,0.0342,C2,beacco_only,,,béarnais,NOM
désillusionner,VERB,C2,beacco,0.0,0.0342,,,,,,,,0.0,0.0,0.0,1.2705,0.0,0.0,0.0342,C2,beacco_only,,,désillusionner,VER
développée,NOUN,C2,beacco,0.0,0.0342,,,,,,,,0.0,0.0,0.0,1.2705,0.0,0.0,0.0342,C2,beacco_only,,,développée,NOM
enceint,ADJ,C2,beacco,0.0,0.0342,,,,,,,,0.0,0.0,0.0,1.2705,0.0,0.0,0.0342,C2,beacco_only,,,enceint,ADJ
free-lance,NOUN,C2,beacco,0.0,0.0342,,,,,,,,0.0,0.0,0.0,1.2705,0.0,0.0,0.0342,C2,beacco_only,,,free-lance,NOM
gambas,NOUN,C2,beacco,0.0,0.0342,,,,,,,,0.0,0.0,0.0,1.2705,0.0,0.0,0.0342,C2,beacco_only,,,gambas,NOM
gare,INT,C2,beacco,0.0,0.0342,,,,,,,,0.0,0.0,0.0,1.2705,0.0,0.0,0.0342,C2,beacco_only,,,gare,INT
généraliste,NOUN,C2,beacco,0.0,0.0342,,,,,,,,0.0,0.0,0.0,1.2705,0.0,0.0,0.0342,C2,beacco_only,,,généraliste,NOM
lie,ADJ,C2,beacco,0.0,0.0342,,,,,,,,0.0,0.0,0.0,1.2705,0.0,0.0,0.0342,C2,beacco_only,,,lie,ADJ
lèse-majesté,NOUN,C2,beacco,0.0,0.0342,,,,,,,,0.0,0.0,0.0,1.2705,0.0,0.0,0.0342,C2,beacco_only,,,lèse-majesté,NOM
maxi,ADV,C2,beacco,0.0,0.0342,,,,,,,,0.0,0.0,0.0,1.2705,0.0,0.0,0.0342,C2,beacco_only,,,maxi,ADV
menu,ADV,C2,beacco,0.0,0.0342,,,,,,,,0.0,0.0,0.0,1.2705,0.0,0.0,0.0342,C2,beacco_only,,,menu,ADV
plus-value,NOUN,C2,beacco,0.0,0.0342,,,,,,,,0.0,0.0,0.0,1.2705,0.0,0.0,0.0342,C2,beacco_only,,,plus-value,NOM
porte-à-faux,NOUN,C2,beacco,0.0,0.0342,,,,,,,,0.0,0.0,0.0,1.2705,0.0,0.0,0.0342,C2,beacco_only,,,porte-à-faux,NOM
pull-over,NOUN,C2,beacco,0.0,0.0342,,,,,,,,0.0,0.0,0.0,1.2705,0.0,0.0,0.0342,C2,beacco_only,,,pull-over,NOM
raide,NOUN,C2,beacco,0.0,0.0342,,,,,,,,0.0,0.0,0.0,1.2705,0.0,0.0,0.0342,C2,beacco_only,,,raide,NOM
ravigote,NOUN,C2,beacco,0.0,0.0342,,,,,,,,0.0,0.0,0.0,1.2705,0.0,0.0,0.0342,C2,beacco_only,,,ravigote,NOM
ressenti,ADJ,C2,beacco,0.0,0.0342,,,,,,,,0.0,0.0,0.0,1.2705,0.0,0.0,0.0342,C2,beacco_only,,,ressenti,ADJ
retrait,ADJ,C2,beacco,0.0,0.0342,,,,,,,,0.0,0.0,0.0,1.2705,0.0,0.0,0.0342,C2,beacco_only,,,retrait,ADJ
réjouissance,NOUN,C2,beacco,0.0,0.0342,,,,,,,,0.0,0.0,0.0,1.2705,0.0,0.0,0.0342,C2,beacco_only,,,réjouissance,NOM
sacro-saint,ADJ,C2,beacco,0.0,0.0342,,,,,,,,0.0,0.0,0.0,1.2705,0.0,0.0,0.0342,C2,beacco_only,,,sacro-saint,ADJ
sigler,VERB,C2,beacco,0.0,0.0342,,,,,,,,0.0,0.0,0.0,1.2705,0.0,0.0,0.0342,C2,beacco_only,,,sigler,VER
sous-exploiter,VERB,C2,beacco,0.0,0.0342,,,,,,,,0.0,0.0,0.0,1.2705,0.0,0.0,0.0342,C2,beacco_only,,,sous-exploiter,VER
suranné,ADJ,C2,beacco,0.0,0.0342,,,,,,,,0.0,0.0,0.0,1.2705,0.0,0.0,0.0342,C2,beacco_only,,,suranné,ADJ
sursis,NOUN,C2,beacco,0.0,0.0342,,,,,,,,0.0,0.0,0.0,1.2705,0.0,0.0,0.0342,C2,beacco_only,,,sursis,NOM
buissière,NOUN,C2,beacco,0.0,0.0338,,,,,,,,0.0,0.0,0.1219,0.0,0.0,0.0,0.0338,C2,beacco_only,,,buissière,NOM
disc-jockey,NOUN,C2,beacco,0.0,0.0338,,,,,,,,0.0,0.0,0.1219,0.0,0.0,0.0,0.0338,C2,beacco_only,,,disc-jockey,NOM
nord-américain,NOUN,C2,beacco,0.0,0.0338,,,,,,,,0.0,0.4664,0.0,0.0,0.0,0.0,0.0338,C2,beacco_only,,,nord-américain,NOM
porte-clé,NOUN,C2,beacco,0.0,0.0338,,,,,,,,0.0,0.4664,0.0,0.0,0.0,0.0,0.0338,C2,beacco_only,,,porte-clé,NOM
rai,NOUN,C2,beacco,0.0,0.0338,,,,,,,,0.0,0.4664,0.0,0.0,0.0,0.0,0.0338,C2,beacco_only,,,rai,NOM
randonner,VERB,C2,beacco,0.0,0.0338,,,,,,,,0.0,0.4664,0.0,0.0,0.0,0.0,0.0338,C2,beacco_only,,,randonner,VER
tentant,ADJ,C2,beacco,0.0,0.0338,,,,,,,,0.0,0.0,0.1219,0.0,0.0,0.0,0.0338,C2,beacco_only,,,tentant,ADJ
traitant,NOUN,C2,beacco,0.0,0.0338,,,,,,,,0.0,0.0,0.1219,0.0,0.0,0.0,0.0338,C2,beacco_only,,,traitant,NOM
accolade,NOUN,C2,beacco,0.0,0.0334,0.0,0.6619,0.0,0.0,0.0,0.0,0.0334,0.0,0.2129,0.0,0.0,0.0,0.0,0.0276,C2,word_pos,accolade,N,accolade,NOM
diagnostiquer,VERB,C2,beacco,0.0,0.0334,0.0,0.0,0.3625,0.0,0.0,0.0,0.0334,0.0,0.0,0.185,0.0,0.0,0.0,0.0472,C2,word_pos,diagnostiquer,V,diagnostiquer,VER
figurant,NOUN,C2,beacco,0.0,0.0334,0.0,0.0,0.3625,0.0,0.0,0.0,0.0334,0.0,0.0,0.185,0.0,0.0,0.0,0.0472,C2,word_pos,figurant,N,figurant,NOM
fleuriste,NOUN,C2,beacco,0.0,0.0334,0.0,0.0,0.363,0.0,0.0,0.0,0.0334,0.0,0.0,0.5008,0.0,0.0,0.0,0.0465,C2,word_pos,fleuriste,N,fleuriste,NOM
fugitif,ADJ,C2,beacco,0.0,0.0334,0.0,0.0,0.3625,0.0,0.0,0.0,0.0334,0.0,0.0,0.185,0.0,0.0,0.0,0.0472,C2,word_pos,fugitif,A,fugitif,ADJ
humaniste,NOUN,C2,beacco,0.0,0.0334,0.0,0.0,0.3625,0.0,0.0,0.0,0.0334,0.0,0.0,0.185,0.0,0.0,0.0,0.0472,C2,word_pos,humaniste,N,humaniste,NOM
morphologique,ADJ,C2,beacco,0.0,0.0334,0.0,0.0,0.3625,0.0,0.0,0.0,0.0334,0.0,0.0,0.185,0.0,0.0,0.0,0.0472,C2,word_pos,morphologique,A,morphologique,ADJ
scientiste,NOUN,C2,beacco,0.0,0.0334,0.0,0.0,0.3625,0.0,0.0,0.0,0.0334,0.0,0.0,0.185,0.0,0.0,0.0,0.0472,C2,word_pos,scientiste,N,scientiste,NOM
étreinte,NOUN,C2,beacco,0.0,0.0334,0.0,0.0,0.3625,0.0,0.0,0.0,0.0334,0.0,0.0,0.185,0.0,0.0,0.0,0.0472,C2,word_pos,étreinte,N,étreinte,NOM
repeindre,VERB,C2,beacco,0.0,0.0331,1.718,0.0,0.0,0.0,0.0,0.0,0.0331,1.1556,0.0,0.0,0.0,0.0,0.0,0.0212,C2,word_pos,repeindre,V,repeindre,VER
crosse,NOUN,C2,beacco,0.0,0.0329,1.7078,0.0,0.0,0.0,0.0,0.0,0.0329,1.1764,0.0,0.0,0.0,0.0,0.0,0.0216,C2,word_pos,crosse,N,crosse,NOM
empoigner,VERB,C2,beacco,0.0,0.0329,1.7078,0.0,0.0,0.0,0.0,0.0,0.0329,1.1764,0.0,0.0,0.0,0.0,0.0,0.0216,C2,word_pos,empoigner,V,empoigner,VER
palet,NOUN,C2,beacco,0.0,0.0329,1.7078,0.0,0.0,0.0,0.0,0.0,0.0329,1.1764,0.0,0.0,0.0,0.0,0.0,0.0216,C2,word_pos,palet,N,palet,NOM
ambivalence,NOUN,C2,beacco,0.0,0.0324,0.0,0.6418,0.0,0.0,0.0,0.0,0.0324,0.0,0.6228,0.0,0.0,0.0,0.0,0.0472,C2,word_pos,ambivalence,N,ambivalence,NOM
assimilation,NOUN,C2,beacco,0.0,0.0324,0.0,0.6418,0.0,0.0,0.0,0.0,0.0324,0.0,0.6228,0.0,0.0,0.0,0.0,0.0472,C2,word_pos,assimilation,N,assimilation,NOM
avertissement,NOUN,C2,beacco,0.0,0.0324,0.0,0.6418,0.0,0.0,0.0,0.0,0.0324,0.0,0.6228,0.0,0.0,0.0,0.0,0.0472,C2,word_pos,avertissement,N,avertissement,NOM
briseur,NOUN,C2,beacco,0.0,0.0324,0.0,0.6418,0.0,0.0,0.0,0.0,0.0324,0.0,0.6228,0.0,0.0,0.0,0.0,0.0472,C2,word_pos,briseur,N,briseur,NOM
carabin,NOUN,C2,beacco,0.0,0.0324,0.0,0.6418,0.0,0.0,0.0,0.0,0.0324,0.0,0.6228,0.0,0.0,0.0,0.0,0.0472,C2,word_pos,carabin,N,carabin,NOM
caricatural,ADJ,C2,beacco,0.0,0.0324,0.0,0.6418,0.0,0.0,0.0,0.0,0.0324,0.0,0.6228,0.0,0.0,0.0,0.0,0.0472,C2,word_pos,caricatural,A,caricatural,ADJ
caricature,NOUN,C2,beacco,0.0,0.0324,0.0,0.6418,0.0,0.0,0.0,0.0,0.0324,0.0,0.6228,0.0,0.0,0.0,0.0,0.0472,C2,word_pos,caricature,N,caricature,NOM
cocu,ADJ,C2,beacco,0.0,0.0324,0.0,0.6418,0.0,0.0,0.0,0.0,0.0324,0.0,0.6228,0.0,0.0,0.0,0.0,0.0472,C2,word_pos,cocu,A,cocu,ADJ
colérique,ADJ,C2,beacco,0.0,0.0324,0.0,0.6418,0.0,0.0,0.0,0.0,0.0324,0.0,0.6228,0.0,0.0,0.0,0.0,0.0472,C2,word_pos,colérique,A,colérique,ADJ
comparatif,NOUN,C2,beacco,0.0,0.0324,0.0,0.6418,0.0,0.0,0.0,0.0,0.0324,0.0,0.6228,0.0,0.0,0.0,0.0,0.0472,C2,word_pos,comparatif,N,comparatif,NOM
défensif,ADJ,C2,beacco,0.0,0.0324,0.0,0.6418,0.0,0.0,0.0,0.0,0.0324,0.0,0.6228,0.0,0.0,0.0,0.0,0.0472,C2,word_pos,défensif,A,défensif,ADJ
déloyauté,NOUN,C2,beacco,0.0,0.0324,0.0,0.6418,0.0,0.0,0.0,0.0,0.0324,0.0,0.6228,0.0,0.0,0.0,0.0,0.0472,C2,word_pos,déloyauté,N,déloyauté,NOM
embêtement,NOUN,C2,beacco,0.0,0.0324,0.0,0.6418,0.0,0.0,0.0,0.0,0.0324,0.0,0.6228,0.0,0.0,0.0,0.0,0.0472,C2,word_pos,embêtement,N,embêtement,NOM
entresol,NOUN,C2,beacco,0.0,0.0324,0.0,0.6418,0.0,0.0,0.0,0.0,0.0324,0.0,0.6228,0.0,0.0,0.0,0.0,0.0472,C2,word_pos,entresol,N,entresol,NOM
humoriste,ADJ,C2,beacco,0.0,0.0324,0.0,0.6418,0.0,0.0,0.0,0.0,0.0324,0.0,0.0,0.0,0.0,0.0,4.0185,0.0657,C2,word_pos,humoriste,A,humoriste,ADJ
immatriculation,NOUN,C2,beacco,0.0,0.0324,0.0,0.6418,0.0,0.0,0.0,0.0,0.0324,0.0,0.6228,0.0,0.0,0.0,0.0,0.0472,C2,word_pos,immatriculation,N,immatriculation,NOM
provisionnel,ADJ,C2,beacco,0.0,0.0324,0.0,0.6418,0.0,0.0,0.0,0.0,0.0324,0.0,0.6228,0.0,0.0,0.0,0.0,0.0472,C2,word_pos,provisionnel,A,provisionnel,ADJ
ranch,NOUN,C2,beacco,0.0,0.0324,0.0,0.6418,0.0,0.0,0.0,0.0,0.0324,0.0,0.6228,0.0,0.0,0.0,0.0,0.0472,C2,word_pos,ranch,N,ranch,NOM
régal,NOUN,C2,beacco,0.0,0.0324,0.0,0.6418,0.0,0.0,0.0,0.0,0.0324,0.0,0.6228,0.0,0.0,0.0,0.0,0.0472,C2,word_pos,régal,N,régal,NOM
superlatif,NOUN,C2,beacco,0.0,0.0324,0.0,0.6418,0.0,0.0,0.0,0.0,0.0324,0.0,0.6228,0.0,0.0,0.0,0.0,0.0472,C2,word_pos,superlatif,N,superlatif,NOM
syndicaliste,NOUN,C2,beacco,0.0,0.0324,0.0,0.6418,0.0,0.0,0.0,0.0,0.0324,0.0,0.6228,0.0,0.0,0.0,0.0,0.0472,C2,word_pos,syndicaliste,N,syndicaliste,NOM
épi,NOUN,C2,beacco,0.0,0.0324,0.0,0.6418,0.0,0.0,0.0,0.0,0.0324,0.0,0.6228,0.0,0.0,0.0,0.0,0.0472,C2,word_pos,épi,N,épi,NOM
acerbe,ADJ,C2,beacco,0.0,0.0323,0.0,0.0,0.0,1.4125,0.0,0.0,0.0323,0.0,0.0,0.0,1.2705,0.0,0.0,0.0342,C2,word_pos,acerbe,A,acerbe,ADJ
célébrissime,ADJ,C2,beacco,0.0,0.0323,0.0,0.0,0.0,1.4125,0.0,0.0,0.0323,0.0,0.0,0.0,1.2705,0.0,0.0,0.0342,C2,word_pos,célébrissime,A,célébrissime,ADJ
dépêche,NOUN,C2,beacco,0.0,0.0323,0.0,0.0,0.0,1.4125,0.0,0.0,0.0323,0.0,0.0,0.0,1.2705,0.0,0.0,0.0342,C2,word_pos,dépêche,N,dépêche,NOM
farouche,ADJ,C2,beacco,0.0,0.0323,0.0,0.0,0.0,1.4125,0.0,0.0,0.0323,0.0,0.0,0.0,1.2705,0.0,0.0,0.0342,C2,word_pos,farouche,A,farouche,ADJ
hérisser,VERB,C2,beacco,0.0,0.0323,0.0,0.0,0.0,1.4125,0.0,0.0,0.0323,0.0,0.0,0.0,1.2705,0.0,0.0,0.0342,C2,word_pos,hérisser,V,hérisser,VER
inflexion,NOUN,C2,beacco,0.0,0.0323,0.0,0.0,0.0,1.4125,0.0,0.0,0.0323,0.0,0.0,0.0,1.2705,0.0,0.0,0.0342,C2,word_pos,inflexion,N,inflexion,NOM
intégrisme,NOUN,C2,beacco,0.0,0.0323,0.0,0.0,0.0,1.4125,0.0,0.0,0.0323,0.0,0.0,0.0,1.2705,0.0,0.0,0.0342,C2,word_pos,intégrisme,N,intégrisme,NOM
monosyllabique,ADJ,C2,beacco,0.0,0.0323,0.0,0.0,0.0,1.4125,0.0,0.0,0.0323,0.0,0.0,0.0,1.2705,0.0,0.0,0.0342,C2,word_pos,monosyllabique,A,monosyllabique,ADJ
neurophysiologique,ADJ,C2,beacco,0.0,0.0323,0.0,0.0,0.0,1.4125,0.0,0.0,0.0323,0.0,0.0,0.0,1.2705,0.0,0.0,0.0342,C2,word_pos,neurophysiologique,A,neurophysiologique,ADJ
rocailleux,ADJ,C2,beacco,0.0,0.0323,0.0,0.0,0.0,1.4125,0.0,0.0,0.0323,0.0,0.0,0.0,1.2705,0.0,0.0,0.0342,C2,word_pos,rocailleux,A,rocailleux,ADJ
réceptif,ADJ,C2,beacco,0.0,0.0323,0.0,0.0,0.0,1.4125,0.0,0.0,0.0323,0.0,0.0,0.0,1.2705,0.0,0.0,0.0342,C2,word_pos,réceptif,A,réceptif,ADJ
réorchestrer,VERB,C2,beacco,0.0,0.0323,0.0,0.0,0.0,1.4125,0.0,0.0,0.0323,0.0,0.0,0.0,1.2705,0.0,0.0,0.0342,C2,word_pos,réorchestrer,V,réorchestrer,VER
rétention,NOUN,C2,beacco,0.0,0.0323,0.0,0.0,0.0,1.4125,0.0,0.0,0.0323,0.0,0.0,0.0,1.2705,0.0,0.0,0.0342,C2,word_pos,rétention,N,rétention,NOM
scléroser,VERB,C2,beacco,0.0,0.0323,0.0,0.0,0.0,1.4125,0.0,0.0,0.0323,0.0,0.0,0.0,1.2705,0.0,0.0,0.0342,C2,word_pos,scléroser,V,scléroser,VER
gangster,NOUN,C2,beacco,0.0,0.0321,0.0,0.0,0.3488,0.0,0.0,0.0,0.0321,0.0,0.0,0.1219,0.0,0.0,0.0,0.0338,C2,word_pos,gangster,N,gangster,NOM
mégot,NOUN,C2,beacco,0.0,0.0321,0.0,0.0,0.3488,0.0,0.0,0.0,0.0321,0.0,0.0,0.1219,0.0,0.0,0.0,0.0338,C2,word_pos,mégot,N,mégot,NOM
suspension,NOUN,C2,beacco,0.0,0.0321,0.0,0.0,0.3488,0.0,0.0,0.0,0.0321,0.0,0.0,0.1219,0.0,0.0,0.0,0.0338,C2,word_pos,suspension,N,suspension,NOM
macaron,NOUN,C2,beacco,0.0,0.032,0.0,0.6342,0.0,0.0,0.0,0.0,0.032,0.0,0.6008,0.0,0.0,0.0,0.0,0.0456,C2,word_pos,macaron,N,macaron,NOM
nasse,NOUN,C2,beacco,0.0,0.032,0.0,0.6342,0.0,0.0,0.0,0.0,0.032,0.0,0.6008,0.0,0.0,0.0,0.0,0.0456,C2,word_pos,nasse,N,nasse,NOM
tapisser,VERB,C2,beacco,0.0,0.032,0.0,0.6342,0.0,0.0,0.0,0.0,0.032,0.0,0.6008,0.0,0.0,0.0,0.0,0.0456,C2,word_pos,tapisser,V,tapisser,VER
éponger,VERB,C2,beacco,0.0,0.032,0.0,0.6342,0.0,0.0,0.0,0.0,0.032,0.0,0.6008,0.0,0.0,0.0,0.0,0.0456,C2,word_pos,éponger,V,éponger,VER
agréablement,ADV,C2,beacco,0.0,0.0307,1.5934,0.0,0.0,0.0,0.0,0.0,0.0307,0.8346,0.0,0.0,0.0,0.0,0.0,0.0153,C2,word_pos,agréablement,ADV,agréablement,ADV
chevalerie,NOUN,C2,beacco,0.0,0.0307,1.5934,0.0,0.0,0.0,0.0,0.0,0.0307,1.6691,0.0,0.0,0.0,0.0,0.0,0.0307,C2,word_pos,chevalerie,N,chevalerie,NOM
lamenter,VERB,C2,beacco,0.0,0.0307,1.5934,0.0,0.0,0.0,0.0,0.0,0.0307,0.8346,0.0,0.0,0.0,0.0,0.0,0.0153,C2,word_pos,lamenter,V,lamenter,VER
raid,NOUN,C2,beacco,0.0,0.0307,1.5912,0.0,0.0,0.0,0.0,0.0,0.0307,1.4569,0.0,0.0,0.0,0.0,0.0,0.0268,C2,word_pos,raid,N,raid,NOM
hi-fi,ADJ,C2,beacco,0.0,0.0306,,,,,,,,1.664,0.0,0.0,0.0,0.0,0.0,0.0306,C2,beacco_only,,,hi-fi,ADJ
recoudre,VERB,C2,beacco,0.0,0.0306,0.0,0.0,0.0,1.3414,0.0,0.0,0.0306,0.0,0.0,0.0,1.7933,0.0,0.0,0.0482,C2,word_pos,recoudre,V,recoudre,VER
irritable,ADJ,C2,beacco,0.0,0.0301,0.0,0.0,0.3274,0.0,0.0,0.0,0.0301,0.0,0.0,0.1243,0.0,0.0,0.0,0.0408,C2,word_pos,irritable,A,irritable,ADJ
désobéissant,ADJ,C2,beacco,0.0,0.0298,0.0,0.5897,0.0,0.0,0.0,0.0,0.0298,0.0,0.6111,0.0,0.0,0.0,0.0,0.0295,C2,word_pos,désobéissant,A,désobéissant,ADJ
attrape,NOUN,C2,beacco,0.0,0.0295,,,,,,,,0.0,0.6111,0.0,0.0,0.0,0.0,0.0295,C2,beacco_only,,,attrape,NOM
tremblant,NOUN,C2,beacco,0.0,0.0295,,,,,,,,0.0,0.6111,0.0,0.0,0.0,0.0,0.0295,C2,beacco_only,,,tremblant,NOM
précolombien,ADJ,C2,beacco,0.0,0.0294,1.5244,0.0,0.0,0.0,0.0,0.0,0.0294,1.1008,0.0,0.0,0.0,0.0,0.0,0.0202,C2,word_pos,précolombien,A,précolombien,ADJ
labyrinthe,NOUN,C2,beacco,0.0,0.029,1.5075,0.0,0.0,0.0,0.0,0.0,0.029,0.9051,0.0,0.0,0.0,0.0,0.0,0.0456,C2,word_pos,labyrinthe,N,labyrinthe,NOM
pompiste,NOUN,C2,beacco,0.0,0.029,1.5075,0.0,0.0,0.0,0.0,0.0,0.029,0.9051,0.0,0.0,0.0,0.0,0.0,0.0456,C2,word_pos,pompiste,N,pompiste,NOM
autodidacte,ADJ,C2,beacco,0.0,0.0289,1.4987,0.0,0.0,0.0,0.0,0.0,0.0289,0.9464,0.0,0.0,0.0,0.0,0.0,0.0276,C2,word_pos,autodidacte,A,autodidacte,ADJ
passé,PREP,C2,beacco,0.0,0.0284,,,,,,,,0.0,0.0,0.3059,0.0,0.0,0.0,0.0284,C2,beacco_only,,,passé,PRP
trompe-l'oeil,NOUN,C2,beacco,0.0,0.0284,,,,,,,,0.0,0.0,0.3059,0.0,0.0,0.0,0.0284,C2,beacco_only,,,trompe-l'oeil,NOM
captivant,ADJ,C2,beacco,0.0,0.0277,0.0,0.0,0.3014,0.0,0.0,0.0,0.0277,0.0,0.0,0.3059,0.0,0.0,0.0,0.0284,C2,word_pos,captivant,A,captivant,ADJ
envoûtant,ADJ,C2,beacco,0.0,0.0277,0.0,0.0,0.3014,0.0,0.0,0.0,0.0277,0.0,0.0,0.3059,0.0,0.0,0.0,0.0284,C2,word_pos,envoûtant,A,envoûtant,ADJ
superstitieux,ADJ,C2,beacco,0.0,0.0277,0.0,0.0,0.3014,0.0,0.0,0.0,0.0277,0.0,0.0,0.3059,0.0,0.0,0.0,0.0284,C2,word_pos,superstitieux,A,superstitieux,ADJ
attentionné,ADJ,C2,beacco,0.0,0.0276,,,,,,,,0.9464,0.0,0.0,0.0,0.0,0.0,0.0276,C2,beacco_only,,,attentionné,ADJ
bonne,ADV,C2,beacco,0.0,0.0276,,,,,,,,0.9464,0.0,0.0,0.0,0.0,0.0,0.0276,C2,beacco_only,,,bonne,ADV
caver,VERB,C2,beacco,0.0,0.0276,,,,,,,,0.0,0.2129,0.0,0.0,0.0,0.0,0.0276,C2,beacco_only,,,caver,VER
clique,NOUN,C2,beacco,0.0,0.0276,,,,,,,,0.0,0.2129,0.0,0.0,0.0,0.0,0.0276,C2,beacco_only,,,clique,NOM
contracté,ADJ,C2,beacco,0.0,0.0276,,,,,,,,0.9464,0.0,0.0,0.0,0.0,0.0,0.0276,C2,beacco_only,,,contracté,ADJ
gazeuse,NOUN,C2,beacco,0.0,0.0276,,,,,,,,0.0,0.2129,0.0,0.0,0.0,0.0,0.0276,C2,beacco_only,,,gazeuse,NOM
lave-mains,NOUN,C2,beacco,0.0,0.0276,,,,,,,,0.0,0.2129,0.0,0.0,0.0,0.0,0.0276,C2,beacco_only,,,lave-mains,NOM
mal-logé,NOUN,C2,beacco,0.0,0.0276,,,,,,,,0.9464,0.0,0.0,0.0,0.0,0.0,0.0276,C2,beacco_only,,,mal-logé,NOM
montmartrois,NOUN,C2,beacco,0.0,0.0276,,,,,,,,0.9464,0.0,0.0,0.0,0.0,0.0,0.0276,C2,beacco_only,,,montmartrois,NOM
non-stop,ADJ,C2,beacco,0.0,0.0276,,,,,,,,0.9464,0.0,0.0,0.0,0.0,0.0,0.0276,C2,beacco_only,,,non-stop,ADJ
voyager,ADJ,C2,beacco,0.0,0.0276,,,,,,,,0.0,0.2129,0.0,0.0,0.0,0.0,0.0276,C2,beacco_only,,,voyager,ADJ
voûter,VERB,C2,beacco,0.0,0.0276,,,,,,,,0.0,0.2129,0.0,0.0,0.0,0.0,0.0276,C2,beacco_only,,,voûter,VER
hou,INT,C2,beacco,0.0,0.0269,,,,,,,,1.4639,0.0,0.0,0.0,0.0,0.0,0.0269,C2,beacco_only,,,hou,INT
clignoter,VERB,C2,beacco,0.0,0.0264,0.0,0.5223,0.0,0.0,0.0,0.0,0.0264,0.0,0.3729,0.0,0.0,0.0,0.0,0.018,C2,word_pos,clignoter,V,clignoter,VER
comète,NOUN,C2,beacco,0.0,0.0264,0.0,0.5223,0.0,0.0,0.0,0.0,0.0264,0.0,0.3729,0.0,0.0,0.0,0.0,0.018,C2,word_pos,comète,N,comète,NOM
tonner,VERB,C2,beacco,0.0,0.0262,0.0,0.5197,0.0,0.0,0.0,0.0,0.0262,0.0,0.5213,0.0,0.0,0.0,0.0,0.0251,C2,word_pos,tonner,V,tonner,VER
biguine,NOUN,C2,beacco,0.0,0.0255,1.3242,0.0,0.0,0.0,0.0,0.0,0.0255,2.5271,0.0,0.0,0.0,0.0,0.0,0.0464,C2,word_pos,biguine,N,biguine,NOM
bé,NOUN,C2,beacco,0.0,0.0255,1.3242,0.0,0.0,0.0,0.0,0.0,0.0255,2.5271,0.0,0.0,0.0,0.0,0.0,0.0464,C2,unique_word,bé,N,bé,INT
couvreur,NOUN,C2,beacco,0.0,0.0255,1.3242,0.0,0.0,0.0,0.0,0.0,0.0255,1.2635,0.0,0.0,0.0,0.0,0.0,0.0232,C2,word_pos,couvreur,N,couvreur,NOM
céleri,NOUN,C2,beacco,0.0,0.0255,1.3242,0.0,0.0,0.0,0.0,0.0,0.0255,1.2635,0.0,0.0,0.0,0.0,0.0,0.0232,C2,word_pos,céleri,N,céleri,NOM
finlandais,ADJ,C2,beacco,0.0,0.0255,1.3242,0.0,0.0,0.0,0.0,0.0,0.0255,1.2635,0.0,0.0,0.0,0.0,0.0,0.0232,C2,word_pos,finlandais,A,finlandais,ADJ
fredonner,VERB,C2,beacco,0.0,0.0255,1.3242,0.0,0.0,0.0,0.0,0.0,0.0255,1.2635,0.0,0.0,0.0,0.0,0.0,0.0232,C2,word_pos,fredonner,V,fredonner,VER
homosexuel,ADJ,C2,beacco,0.0,0.0255,1.3242,0.0,0.0,0.0,0.0,0.0,0.0255,1.2635,0.0,0.0,0.0,0.0,0.0,0.0232,C2,word_pos,homosexuel,A,homosexuel,ADJ
iguane,NOUN,C2,beacco,0.0,0.0255,1.3242,0.0,0.0,0.0,0.0,0.0,0.0255,1.2635,0.0,0.0,0.0,0.0,0.0,0.0232,C2,word_pos,iguane,N,iguane,NOM
kiwi,NOUN,C2,beacco,0.0,0.0255,1.3242,0.0,0.0,0.0,0.0,0.0,0.0255,2.5271,0.0,0.0,0.0,0.0,0.0,0.0464,C2,word_pos,kiwi,N,kiwi,NOM
klaxonner,VERB,C2,beacco,0.0,0.0255,0.0,0.5054,0.0,0.0,0.0,0.0,0.0255,0.0,0.5137,0.0,0.0,0.0,0.0,0.0248,C2,word_pos,klaxonner,V,klaxonner,VER
louveteau,NOUN,C2,beacco,0.0,0.0255,0.0,0.0,0.2771,0.0,0.0,0.0,0.0255,0.0,0.0,0.3088,0.0,0.0,0.0,0.0287,C2,word_pos,louveteau,N,louveteau,NOM
mimosa,NOUN,C2,beacco,0.0,0.0255,0.0,0.5054,0.0,0.0,0.0,0.0,0.0255,0.0,1.0275,0.0,0.0,0.0,0.0,0.0495,C2,word_pos,mimosa,N,mimosa,NOM
muscadet,NOUN,C2,beacco,0.0,0.0255,1.3242,0.0,0.0,0.0,0.0,0.0,0.0255,2.5271,0.0,0.0,0.0,0.0,0.0,0.0464,C2,word_pos,muscadet,N,muscadet,NOM
rachat,NOUN,C2,beacco,0.0,0.0255,1.3242,0.0,0.0,0.0,0.0,0.0,0.0255,1.2635,0.0,0.0,0.0,0.0,0.0,0.0232,C2,word_pos,rachat,N,rachat,NOM
rediscuter,VERB,C2,beacco,0.0,0.0255,1.3242,0.0,0.0,0.0,0.0,0.0,0.0255,1.2635,0.0,0.0,0.0,0.0,0.0,0.0232,C2,word_pos,rediscuter,V,rediscuter,VER
trafiquant,NOUN,C2,beacco,0.0,0.0255,1.3242,0.0,0.0,0.0,0.0,0.0,0.0255,1.2635,0.0,0.0,0.0,0.0,0.0,0.0232,C2,word_pos,trafiquant,N,trafiquant,NOM
triplé,NOUN,C2,beacco,0.0,0.0255,1.3242,0.0,0.0,0.0,0.0,0.0,0.0255,1.2635,0.0,0.0,0.0,0.0,0.0,0.0232,C2,word_pos,triplé,N,triplé,NOM
allume,NOUN,C2,beacco,0.0,0.0251,,,,,,,,0.0,0.5213,0.0,0.0,0.0,0.0,0.0251,C2,beacco_only,,,allume,NOM
caressant,ADJ,C2,beacco,0.0,0.0251,,,,,,,,0.0,0.5213,0.0,0.0,0.0,0.0,0.0251,C2,beacco_only,,,caressant,ADJ
baby-foot,NOUN,C2,beacco,0.0,0.0248,,,,,,,,0.0,0.5137,0.0,0.0,0.0,0.0,0.0248,C2,beacco_only,,,baby-foot,NOM
législatif,NOUN,C2,beacco,0.0,0.0248,,,,,,,,0.0,0.5137,0.0,0.0,0.0,0.0,0.0248,C2,beacco_only,,,législatif,NOM
manhattan,NOUN,C2,beacco,0.0,0.0248,,,,,,,,0.0,0.5137,0.0,0.0,0.0,0.0,0.0248,C2,beacco_only,,,manhattan,NOM
mécanicien,ADJ,C2,beacco,0.0,0.0248,,,,,,,,0.0,0.5137,0.0,0.0,0.0,0.0,0.0248,C2,beacco_only,,,mécanicien,ADJ
toi-même,PRON,C2,beacco,0.0,0.0248,,,,,,,,0.0,0.5137,0.0,0.0,0.0,0.0,0.0248,C2,beacco_only,,,toi-même,PRO
affaler,VERB,C2,beacco,0.0,0.0246,0.0,0.4879,0.0,0.0,0.0,0.0,0.0246,0.0,0.4664,0.0,0.0,0.0,0.0,0.0338,C2,word_pos,affaler,V,affaler,VER
alanguir,VERB,C2,beacco,0.0,0.0246,0.0,0.4879,0.0,0.0,0.0,0.0,0.0246,0.0,0.4664,0.0,0.0,0.0,0.0,0.0338,C2,word_pos,alanguir,V,alanguir,VER
bronzé,ADJ,C2,beacco,0.0,0.0246,0.0,0.4879,0.0,0.0,0.0,0.0,0.0246,0.0,0.2891,0.0,0.0,0.0,0.0,0.0139,C2,word_pos,bronzé,A,bronzé,ADJ
contiguïté,NOUN,C2,beacco,0.0,0.0246,0.0,0.4879,0.0,0.0,0.0,0.0,0.0246,0.0,0.4664,0.0,0.0,0.0,0.0,0.0338,C2,word_pos,contiguïté,N,contiguïté,NOM
crémaillère,NOUN,C2,beacco,0.0,0.0246,0.0,0.4879,0.0,0.0,0.0,0.0,0.0246,0.0,0.4664,0.0,0.0,0.0,0.0,0.0338,C2,word_pos,crémaillère,N,crémaillère,NOM
documenter,VERB,C2,beacco,0.0,0.0246,0.0,0.4879,0.0,0.0,0.0,0.0,0.0246,0.0,0.4664,0.0,0.0,0.0,0.0,0.0338,C2,word_pos,documenter,V,documenter,VER
décoratif,ADJ,C2,beacco,0.0,0.0246,0.0,0.4879,0.0,0.0,0.0,0.0,0.0246,0.0,0.4664,0.0,0.0,0.0,0.0,0.0338,C2,word_pos,décoratif,A,décoratif,ADJ
entente,NOUN,C2,beacco,0.0,0.0246,0.0,0.4879,0.0,0.0,0.0,0.0,0.0246,0.0,0.4664,0.0,0.0,0.0,0.0,0.0338,C2,word_pos,entente,N,entente,NOM
frileux,ADJ,C2,beacco,0.0,0.0246,0.0,0.4879,0.0,0.0,0.0,0.0,0.0246,0.0,0.4664,0.0,0.0,0.0,0.0,0.0338,C2,word_pos,frileux,A,frileux,ADJ
liane,NOUN,C2,beacco,0.0,0.0246,0.0,0.4879,0.0,0.0,0.0,0.0,0.0246,0.0,0.4664,0.0,0.0,0.0,0.0,0.0338,C2,word_pos,liane,N,liane,NOM
pareillement,ADV,C2,beacco,0.0,0.0246,0.0,0.4879,0.0,0.0,0.0,0.0,0.0246,0.0,0.4664,0.0,0.0,0.0,0.0,0.0338,C2,word_pos,pareillement,ADV,pareillement,ADV
patin,NOUN,C2,beacco,0.0,0.0246,0.0,0.4879,0.0,0.0,0.0,0.0,0.0246,0.0,0.4664,0.0,0.0,0.0,0.0,0.0338,C2,word_pos,patin,N,patin,NOM
redistribution,NOUN,C2,beacco,0.0,0.0246,0.0,0.4879,0.0,0.0,0.0,0.0,0.0246,0.0,0.4664,0.0,0.0,0.0,0.0,0.0338,C2,word_pos,redistribution,N,redistribution,NOM
yard,NOUN,C2,beacco,0.0,0.0246,0.0,0.4879,0.0,0.0,0.0,0.0,0.0246,0.0,0.4664,0.0,0.0,0.0,0.0,0.0338,C2,word_pos,yard,N,yard,NOM
aztèque,ADJ,C2,beacco,0.0,0.0245,1.2703,0.0,0.0,0.0,0.0,0.0,0.0245,1.6512,0.0,0.0,0.0,0.0,0.0,0.0303,C2,word_pos,aztèque,A,aztèque,ADJ
alcoolique,NOUN,C2,beacco,0.0,0.0242,,,,,,,,0.8075,0.0,0.0,0.0,0.0,0.0,0.0242,C2,beacco_only,,,alcoolique,NOM
coke,NOUN,C2,beacco,0.0,0.0242,,,,,,,,0.0,0.1937,0.0,0.0,0.0,0.0,0.0242,C2,beacco_only,,,coke,NOM
décaféiner,VERB,C2,beacco,0.0,0.0242,,,,,,,,0.8075,0.0,0.0,0.0,0.0,0.0,0.0242,C2,beacco_only,,,décaféiner,VER
décolleter,VERB,C2,beacco,0.0,0.0242,,,,,,,,0.0,0.1937,0.0,0.0,0.0,0.0,0.0242,C2,beacco_only,,,décolleter,VER
jointe,NOUN,C2,beacco,0.0,0.0242,,,,,,,,0.0,0.1937,0.0,0.0,0.0,0.0,0.0242,C2,beacco_only,,,jointe,NOM
potée,NOUN,C2,beacco,0.0,0.0242,,,,,,,,0.8075,0.0,0.0,0.0,0.0,0.0,0.0242,C2,beacco_only,,,potée,NOM
renaud,NOUN,C2,beacco,0.0,0.0242,,,,,,,,0.8075,0.0,0.0,0.0,0.0,0.0,0.0242,C2,beacco_only,,,renaud,NOM
show-business,NOUN,C2,beacco,0.0,0.0242,,,,,,,,0.0,0.1937,0.0,0.0,0.0,0.0,0.0242,C2,beacco_only,,,show-business,NOM
élégie,NOUN,C2,beacco,0.0,0.0242,,,,,,,,0.8075,0.0,0.0,0.0,0.0,0.0,0.0242,C2,beacco_only,,,élégie,NOM
atrocité,NOUN,C2,beacco,0.0,0.0241,0.0,0.0,0.0,1.0571,0.0,0.0,0.0241,0.0,0.0,0.0,0.8102,0.0,0.0,0.0218,C2,word_pos,atrocité,N,atrocité,NOM
corbeau,NOUN,C2,beacco,0.0,0.0241,0.0,0.0,0.0,1.0571,0.0,0.0,0.0241,0.0,0.0,0.0,0.8102,0.0,0.0,0.0218,C2,word_pos,corbeau,N,corbeau,NOM
cryptographie,NOUN,C2,beacco,0.0,0.0241,0.0,0.0,0.0,1.0571,0.0,0.0,0.0241,0.0,0.0,0.0,0.8102,0.0,0.0,0.0218,C2,word_pos,cryptographie,N,cryptographie,NOM
delirium,NOUN,C2,beacco,0.0,0.0241,0.0,0.0,0.0,1.0571,0.0,0.0,0.0241,0.0,0.0,0.0,0.8102,0.0,0.0,0.0218,C2,word_pos,delirium,N,delirium,NOM
excoriation,NOUN,C2,beacco,0.0,0.0241,0.0,0.0,0.0,1.0571,0.0,0.0,0.0241,0.0,0.0,0.0,0.8102,0.0,0.0,0.0218,C2,word_pos,excoriation,N,excoriation,NOM
hollandais,ADJ,C2,beacco,0.0,0.0241,0.0,0.0,0.0,1.0571,0.0,0.0,0.0241,0.0,0.0,0.0,0.8102,0.0,0.0,0.0218,C2,word_pos,hollandais,A,hollandais,ADJ
hémorragie,NOUN,C2,beacco,0.0,0.0241,0.0,0.0,0.0,1.0571,0.0,0.0,0.0241,0.0,0.0,0.0,0.8102,0.0,0.0,0.0218,C2,word_pos,hémorragie,N,hémorragie,NOM
inaperçu,ADJ,C2,beacco,0.0,0.0241,0.0,0.0,0.0,1.0571,0.0,0.0,0.0241,0.0,0.0,0.0,0.8102,0.0,0.0,0.0218,C2,word_pos,inaperçu,A,inaperçu,ADJ
lyrisme,NOUN,C2,beacco,0.0,0.0241,0.0,0.0,0.0,1.0571,0.0,0.0,0.0241,0.0,0.0,0.0,0.8102,0.0,0.0,0.0218,C2,word_pos,lyrisme,N,lyrisme,NOM
macabre,ADJ,C2,beacco,0.0,0.0241,0.0,0.0,0.0,1.0571,0.0,0.0,0.0241,0.0,0.0,0.0,0.8102,0.0,0.0,0.0218,C2,word_pos,macabre,A,macabre,ADJ
persévérance,NOUN,C2,beacco,0.0,0.0241,0.0,0.0,0.0,1.0571,0.0,0.0,0.0241,0.0,0.0,0.0,0.8102,0.0,0.0,0.0218,C2,word_pos,persévérance,N,persévérance,NOM
précurseur,NOUN,C2,beacco,0.0,0.0241,0.0,0.0,0.0,1.0571,0.0,0.0,0.0241,0.0,0.0,0.0,0.8102,0.0,0.0,0.0218,C2,word_pos,précurseur,N,précurseur,NOM
rating,NOUN,C2,beacco,0.0,0.0241,0.0,0.0,0.0,1.0571,0.0,0.0,0.0241,0.0,0.0,0.0,0.0,0.0,19.328,0.1431,C2,word_pos,rating,N,rating,NOM
saccade,NOUN,C2,beacco,0.0,0.0241,0.0,0.0,0.0,1.0571,0.0,0.0,0.0241,0.0,0.0,0.0,0.8102,0.0,0.0,0.0218,C2,word_pos,saccade,N,saccade,NOM
sommier,NOUN,C2,beacco,0.0,0.0241,0.0,0.0,0.0,1.0571,0.0,0.0,0.0241,0.0,0.0,0.0,0.8102,0.0,0.0,0.0218,C2,word_pos,sommier,N,sommier,NOM
symbolisation,NOUN,C2,beacco,0.0,0.0241,0.0,0.0,0.0,1.0571,0.0,0.0,0.0241,0.0,0.0,0.0,0.8102,0.0,0.0,0.0218,C2,word_pos,symbolisation,N,symbolisation,NOM
végétarien,ADJ,C2,beacco,0.0,0.0235,1.2205,0.0,0.0,0.0,0.0,0.0,0.0235,0.8075,0.0,0.0,0.0,0.0,0.0,0.0242,C2,word_pos,végétarien,A,végétarien,ADJ
bijouterie,NOUN,C2,beacco,0.0,0.0233,,,,,,,,0.0,0.0,0.2504,0.0,0.0,0.0,0.0233,C2,beacco_only,,,bijouterie,NOM
bijoutier,ADJ,C2,beacco,0.0,0.0233,,,,,,,,0.0,0.0,0.2504,0.0,0.0,0.0,0.0233,C2,beacco_only,,,bijoutier,ADJ
calvinisme,NOUN,C2,beacco,0.0,0.0233,,,,,,,,0.0,0.0,0.2504,0.0,0.0,0.0,0.0233,C2,beacco_only,,,calvinisme,NOM
capuche,NOUN,C2,beacco,0.0,0.0233,,,,,,,,0.0,0.0,0.2504,0.0,0.0,0.0,0.0233,C2,beacco_only,,,capuche,NOM
casse-pieds,ADJ,C2,beacco,0.0,0.0233,,,,,,,,0.0,0.0,0.2504,0.0,0.0,0.0,0.0233,C2,beacco_only,,,casse-pieds,ADJ
concave,ADJ,C2,beacco,0.0,0.0233,,,,,,,,0.0,0.0,0.2504,0.0,0.0,0.0,0.0233,C2,beacco_only,,,concave,ADJ
défunt,ADJ,C2,beacco,0.0,0.0233,,,,,,,,0.0,0.0,0.2504,0.0,0.0,0.0,0.0233,C2,beacco_only,,,défunt,ADJ
enjoué,ADJ,C2,beacco,0.0,0.0233,,,,,,,,0.0,0.0,0.2504,0.0,0.0,0.0,0.0233,C2,beacco_only,,,enjoué,ADJ
faire-part,NOUN,C2,beacco,0.0,0.0233,,,,,,,,0.0,0.0,0.2504,0.0,0.0,0.0,0.0233,C2,beacco_only,,,faire-part,NOM
fané,ADJ,C2,beacco,0.0,0.0233,,,,,,,,0.0,0.0,0.2504,0.0,0.0,0.0,0.0233,C2,beacco_only,,,fané,ADJ
gemmologue,NOUN,C2,beacco,0.0,0.0233,,,,,,,,0.0,0.0,0.2504,0.0,0.0,0.0,0.0233,C2,beacco_only,,,gemmologue,NOM
gourmander,VERB,C2,beacco,0.0,0.0233,,,,,,,,0.0,0.0,0.2504,0.0,0.0,0.0,0.0233,C2,beacco_only,,,gourmander,VER
hindou,NOUN,C2,beacco,0.0,0.0233,,,,,,,,0.0,0.0,0.2504,0.0,0.0,0.0,0.0233,C2,beacco_only,,,hindou,NOM
inaltérabilité,NOUN,C2,beacco,0.0,0.0233,,,,,,,,0.0,0.0,0.2504,0.0,0.0,0.0,0.0233,C2,beacco_only,,,inaltérabilité,NOM
indomptable,ADJ,C2,beacco,0.0,0.0233,,,,,,,,0.0,0.0,0.2504,0.0,0.0,0.0,0.0233,C2,beacco_only,,,indomptable,ADJ
inflexible,ADJ,C2,beacco,0.0,0.0233,,,,,,,,0.0,0.0,0.2504,0.0,0.0,0.0,0.0233,C2,beacco_only,,,inflexible,ADJ
invétéré,ADJ,C2,beacco,0.0,0.0233,,,,,,,,0.0,0.0,0.2504,0.0,0.0,0.0,0.0233,C2,beacco_only,,,invétéré,ADJ
jais,NOUN,C2,beacco,0.0,0.0233,,,,,,,,0.0,0.0,0.2504,0.0,0.0,0.0,0.0233,C2,beacco_only,,,jais,NOM
joaillerie,NOUN,C2,beacco,0.0,0.0233,,,,,,,,0.0,0.0,0.2504,0.0,0.0,0.0,0.0233,C2,beacco_only,,,joaillerie,NOM
lapidaire,NOUN,C2,beacco,0.0,0.0233,,,,,,,,0.0,0.0,0.2504,0.0,0.0,0.0,0.0233,C2,beacco_only,,,lapidaire,NOM
myope,ADJ,C2,beacco,0.0,0.0233,,,,,,,,0.0,0.0,0.2504,0.0,0.0,0.0,0.0233,C2,beacco_only,,,myope,ADJ
orfèvrerie,NOUN,C2,beacco,0.0,0.0233,,,,,,,,0.0,0.0,0.2504,0.0,0.0,0.0,0.0233,C2,beacco_only,,,orfèvrerie,NOM
ornemental,ADJ,C2,beacco,0.0,0.0233,,,,,,,,0.0,0.0,0.2504,0.0,0.0,0.0,0.0233,C2,beacco_only,,,ornemental,ADJ
sanscrit,ADJ,C2,beacco,0.0,0.0233,,,,,,,,0.0,0.0,0.2504,0.0,0.0,0.0,0.0233,C2,beacco_only,,,sanscrit,ADJ
saphir,ADJ,C2,beacco,0.0,0.0233,,,,,,,,0.0,0.0,0.2504,0.0,0.0,0.0,0.0233,C2,beacco_only,,,saphir,ADJ
soussigné,ADJ,C2,beacco,0.0,0.0233,,,,,,,,0.0,0.0,0.2504,0.0,0.0,0.0,0.0233,C2,beacco_only,,,soussigné,ADJ
talisman,NOUN,C2,beacco,0.0,0.0233,,,,,,,,0.0,0.0,0.2504,0.0,0.0,0.0,0.0233,C2,beacco_only,,,talisman,NOM
tintement,NOUN,C2,beacco,0.0,0.0233,,,,,,,,0.0,0.0,0.2504,0.0,0.0,0.0,0.0233,C2,beacco_only,,,tintement,NOM
tombeau,NOUN,C2,beacco,0.0,0.0233,,,,,,,,0.0,0.0,0.2504,0.0,0.0,0.0,0.0233,C2,beacco_only,,,tombeau,NOM
toque,NOUN,C2,beacco,0.0,0.0233,,,,,,,,0.0,0.0,0.2504,0.0,0.0,0.0,0.0233,C2,beacco_only,,,toque,NOM
émeraude,ADJ,C2,beacco,0.0,0.0233,,,,,,,,0.0,0.0,0.2504,0.0,0.0,0.0,0.0233,C2,beacco_only,,,émeraude,ADJ
avarice,NOUN,C2,beacco,0.0,0.0232,1.2043,0.0,0.0,0.0,0.0,0.0,0.0232,0.7319,0.0,0.0,0.0,0.0,0.0,0.0134,C2,word_pos,avarice,N,avarice,NOM
aïe,INT,C2,beacco,0.0,0.0232,,,,,,,,1.2635,0.0,0.0,0.0,0.0,0.0,0.0232,C2,beacco_only,,,aïe,INT
belge,NOUN,C2,beacco,0.0,0.0232,,,,,,,,1.2635,0.0,0.0,0.0,0.0,0.0,0.0232,C2,beacco_only,,,belge,NOM
châtaignier,NOUN,C2,beacco,0.0,0.0232,1.2043,0.0,0.0,0.0,0.0,0.0,0.0232,0.7319,0.0,0.0,0.0,0.0,0.0,0.0134,C2,word_pos,châtaignier,N,châtaignier,NOM
clerc,NOUN,C2,beacco,0.0,0.0232,1.2043,0.0,0.0,0.0,0.0,0.0,0.0232,2.1958,0.0,0.0,0.0,0.0,0.0,0.0403,C2,word_pos,clerc,N,clerc,NOM
demi-finale,NOUN,C2,beacco,0.0,0.0232,,,,,,,,1.2635,0.0,0.0,0.0,0.0,0.0,0.0232,C2,beacco_only,,,demi-finale,NOM
este,ADJ,C2,beacco,0.0,0.0232,,,,,,,,1.2635,0.0,0.0,0.0,0.0,0.0,0.0232,C2,beacco_only,,,este,ADJ
hand-ball,NOUN,C2,beacco,0.0,0.0232,,,,,,,,1.2635,0.0,0.0,0.0,0.0,0.0,0.0232,C2,beacco_only,,,hand-ball,NOM
kiki,ADJ,C2,beacco,0.0,0.0232,,,,,,,,1.2635,0.0,0.0,0.0,0.0,0.0,0.0232,C2,beacco_only,,,kiki,ADJ
toc,NOUN,C2,beacco,0.0,0.0232,,,,,,,,1.2635,0.0,0.0,0.0,0.0,0.0,0.0232,C2,beacco_only,,,toc,NOM
tramontane,NOUN,C2,beacco,0.0,0.0232,1.2043,0.0,0.0,0.0,0.0,0.0,0.0232,0.7319,0.0,0.0,0.0,0.0,0.0,0.0134,C2,word_pos,tramontane,N,tramontane,NOM
zut,INT,C2,beacco,0.0,0.0232,,,,,,,,1.2635,0.0,0.0,0.0,0.0,0.0,0.0232,C2,beacco_only,,,zut,INT
évangéliste,NOUN,C2,beacco,0.0,0.0232,1.2043,0.0,0.0,0.0,0.0,0.0,0.0232,0.7319,0.0,0.0,0.0,0.0,0.0,0.0134,C2,word_pos,évangéliste,N,évangéliste,NOM
vassal,ADJ,C2,beacco,0.0,0.023,1.195,0.0,0.0,0.0,0.0,0.0,0.023,1.6691,0.0,0.0,0.0,0.0,0.0,0.0307,C2,unique_word,vassal,A,vassal,NOM
junior,NOUN,C2,beacco,0.0,0.0226,0.0,0.0,0.2455,0.0,0.0,0.0,0.0226,0.0,0.0,0.1243,0.0,0.0,0.0,0.0408,C2,word_pos,junior,N,junior,NOM
montagnard,NOUN,C2,beacco,0.0,0.0226,1.1737,0.0,0.0,0.0,0.0,0.0,0.0226,0.5547,0.0,0.0,0.0,0.0,0.0,0.0102,C2,word_pos,montagnard,N,montagnard,NOM
agrandissement,NOUN,C2,beacco,0.0,0.0223,0.0,0.4413,0.0,0.0,0.0,0.0,0.0223,0.0,0.2129,0.0,0.0,0.0,0.0,0.0276,C2,word_pos,agrandissement,N,agrandissement,NOM
bicolore,ADJ,C2,beacco,0.0,0.0223,0.0,0.4413,0.0,0.0,0.0,0.0,0.0223,0.0,0.2129,0.0,0.0,0.0,0.0,0.0276,C2,word_pos,bicolore,A,bicolore,ADJ
campeur,NOUN,C2,beacco,0.0,0.0223,0.0,0.4413,0.0,0.0,0.0,0.0,0.0223,0.0,0.2129,0.0,0.0,0.0,0.0,0.0276,C2,word_pos,campeur,N,campeur,NOM
kaki,NOUN,C2,beacco,0.0,0.0223,0.0,0.4413,0.0,0.0,0.0,0.0,0.0223,0.0,0.2129,0.0,0.0,0.0,0.0,0.0276,C2,unique_word,kaki,N,kaki,ADJ
pliable,ADJ,C2,beacco,0.0,0.0223,0.0,0.4413,0.0,0.0,0.0,0.0,0.0223,0.0,0.2129,0.0,0.0,0.0,0.0,0.0276,C2,word_pos,pliable,A,pliable,ADJ
abstention,NOUN,C2,beacco,0.0,0.0221,0.0,0.0,0.2405,0.0,0.0,0.0,0.0221,0.0,0.0,0.4665,0.0,0.0,0.0,0.0433,C2,word_pos,abstention,N,abstention,NOM
adjuger,VERB,C2,beacco,0.0,0.0221,0.0,0.0,0.2405,0.0,0.0,0.0,0.0221,0.0,0.0,0.4665,0.0,0.0,0.0,0.0433,C2,word_pos,adjuger,V,adjuger,VER
admirablement,ADV,C2,beacco,0.0,0.0221,0.0,0.0,0.2405,0.0,0.0,0.0,0.0221,0.0,0.0,0.4665,0.0,0.0,0.0,0.0433,C2,word_pos,admirablement,ADV,admirablement,ADV
affluence,NOUN,C2,beacco,0.0,0.0221,0.0,0.0,0.2405,0.0,0.0,0.0,0.0221,0.0,0.0,0.4665,0.0,0.0,0.0,0.0433,C2,word_pos,affluence,N,affluence,NOM
aliéner,VERB,C2,beacco,0.0,0.0221,0.0,0.0,0.2405,0.0,0.0,0.0,0.0221,0.0,0.0,0.4665,0.0,0.0,0.0,0.0433,C2,word_pos,aliéner,V,aliéner,VER
amaigrir,VERB,C2,beacco,0.0,0.0221,0.0,0.0,0.2405,0.0,0.0,0.0,0.0221,0.0,0.0,0.4665,0.0,0.0,0.0,0.0433,C2,word_pos,amaigrir,V,amaigrir,VER
amphi,NOUN,C2,beacco,0.0,0.0221,0.0,0.0,0.2405,0.0,0.0,0.0,0.0221,0.0,0.0,0.4665,0.0,0.0,0.0,0.0433,C2,word_pos,amphi,N,amphi,NOM
amputer,VERB,C2,beacco,0.0,0.0221,0.0,0.0,0.2405,0.0,0.0,0.0,0.0221,0.0,0.0,0.4665,0.0,0.0,0.0,0.0433,C2,word_pos,amputer,V,amputer,VER
antiraciste,ADJ,C2,beacco,0.0,0.0221,0.0,0.0,0.2405,0.0,0.0,0.0,0.0221,0.0,0.0,0.4665,0.0,0.0,0.0,0.0433,C2,word_pos,antiraciste,A,antiraciste,ADJ
aquacole,ADJ,C2,beacco,0.0,0.0221,0.0,0.0,0.2405,0.0,0.0,0.0,0.0221,0.0,0.0,0.4665,0.0,0.0,0.0,0.0433,C2,word_pos,aquacole,A,aquacole,ADJ
athénien,ADJ,C2,beacco,0.0,0.0221,0.0,0.0,0.2405,0.0,0.0,0.0,0.0221,0.0,0.0,0.4665,0.0,0.0,0.0,0.0433,C2,word_pos,athénien,A,athénien,ADJ
bienheureux,ADJ,C2,beacco,0.0,0.0221,0.0,0.0,0.2405,0.0,0.0,0.0,0.0221,0.0,0.0,0.4665,0.0,0.0,0.0,0.0433,C2,word_pos,bienheureux,A,bienheureux,ADJ
braquer,VERB,C2,beacco,0.0,0.0221,0.0,0.0,0.2405,0.0,0.0,0.0,0.0221,0.0,0.0,0.4665,0.0,0.0,0.0,0.0433,C2,word_pos,braquer,V,braquer,VER
bémol,NOUN,C2,beacco,0.0,0.0221,0.0,0.0,0.2405,0.0,0.0,0.0,0.0221,0.0,0.0,0.4665,0.0,0.0,0.0,0.0433,C2,word_pos,bémol,N,bémol,NOM
caddie,NOUN,C2,beacco,0.0,0.0221,0.0,0.0,0.2405,0.0,0.0,0.0,0.0221,0.0,0.0,0.4665,0.0,0.0,0.0,0.0433,C2,word_pos,caddie,N,caddie,NOM
chansonnier,NOUN,C2,beacco,0.0,0.0221,0.0,0.0,0.2405,0.0,0.0,0.0,0.0221,0.0,0.0,0.4665,0.0,0.0,0.0,0.0433,C2,word_pos,chansonnier,N,chansonnier,NOM
compulsif,ADJ,C2,beacco,0.0,0.0221,0.0,0.0,0.2405,0.0,0.0,0.0,0.0221,0.0,0.0,0.4665,0.0,0.0,0.0,0.0433,C2,word_pos,compulsif,A,compulsif,ADJ
corporel,ADJ,C2,beacco,0.0,0.0221,0.0,0.0,0.2405,0.0,0.0,0.0,0.0221,0.0,0.0,0.4665,0.0,0.0,0.0,0.0433,C2,word_pos,corporel,A,corporel,ADJ
craie,NOUN,C2,beacco,0.0,0.0221,1.1453,0.0,0.0,0.0,0.0,0.0,0.0221,1.1556,0.0,0.0,0.0,0.0,0.0,0.0212,C2,word_pos,craie,N,craie,NOM
débourser,VERB,C2,beacco,0.0,0.0221,0.0,0.0,0.2405,0.0,0.0,0.0,0.0221,0.0,0.0,0.4665,0.0,0.0,0.0,0.0433,C2,word_pos,débourser,V,débourser,VER
débrancher,VERB,C2,beacco,0.0,0.0221,0.0,0.0,0.2405,0.0,0.0,0.0,0.0221,0.0,0.0,0.4665,0.0,0.0,0.0,0.0433,C2,word_pos,débrancher,V,débrancher,VER
décontraction,NOUN,C2,beacco,0.0,0.0221,0.0,0.0,0.2405,0.0,0.0,0.0,0.0221,0.0,0.0,0.4665,0.0,0.0,0.0,0.0433,C2,word_pos,décontraction,N,décontraction,NOM
démonétiser,VERB,C2,beacco,0.0,0.0221,0.0,0.0,0.2405,0.0,0.0,0.0,0.0221,0.0,0.0,0.4665,0.0,0.0,0.0,0.0433,C2,word_pos,démonétiser,V,démonétiser,VER
emphase,NOUN,C2,beacco,0.0,0.0221,0.0,0.0,0.2405,0.0,0.0,0.0,0.0221,0.0,0.0,0.4665,0.0,0.0,0.0,0.0433,C2,word_pos,emphase,N,emphase,NOM
enliser,VERB,C2,beacco,0.0,0.0221,0.0,0.0,0.2405,0.0,0.0,0.0,0.0221,0.0,0.0,0.4665,0.0,0.0,0.0,0.0433,C2,word_pos,enliser,V,enliser,VER
entrebâiller,VERB,C2,beacco,0.0,0.0221,0.0,0.0,0.2405,0.0,0.0,0.0,0.0221,0.0,0.0,0.4665,0.0,0.0,0.0,0.0433,C2,word_pos,entrebâiller,V,entrebâiller,VER
essaimer,VERB,C2,beacco,0.0,0.0221,0.0,0.0,0.2405,0.0,0.0,0.0,0.0221,0.0,0.0,0.4665,0.0,0.0,0.0,0.0433,C2,word_pos,essaimer,V,essaimer,VER
essouffler,VERB,C2,beacco,0.0,0.0221,0.0,0.0,0.2405,0.0,0.0,0.0,0.0221,0.0,0.0,0.4665,0.0,0.0,0.0,0.0433,C2,word_pos,essouffler,V,essouffler,VER
fouler,VERB,C2,beacco,0.0,0.0221,0.0,0.0,0.2405,0.0,0.0,0.0,0.0221,0.0,0.0,0.4665,0.0,0.0,0.0,0.0433,C2,word_pos,fouler,V,fouler,VER
imperturbable,ADJ,C2,beacco,0.0,0.0221,0.0,0.0,0.2405,0.0,0.0,0.0,0.0221,0.0,0.0,0.4665,0.0,0.0,0.0,0.0433,C2,word_pos,imperturbable,A,imperturbable,ADJ
inaliénable,ADJ,C2,beacco,0.0,0.0221,0.0,0.0,0.2405,0.0,0.0,0.0,0.0221,0.0,0.0,0.4665,0.0,0.0,0.0,0.0433,C2,word_pos,inaliénable,A,inaliénable,ADJ
incomparablement,ADV,C2,beacco,0.0,0.0221,0.0,0.0,0.2405,0.0,0.0,0.0,0.0221,0.0,0.0,0.4665,0.0,0.0,0.0,0.0433,C2,word_pos,incomparablement,ADV,incomparablement,ADV
injurier,VERB,C2,beacco,0.0,0.0221,0.0,0.0,0.2405,0.0,0.0,0.0,0.0221,0.0,0.0,0.4665,0.0,0.0,0.0,0.0433,C2,word_pos,injurier,V,injurier,VER
inopportun,ADJ,C2,beacco,0.0,0.0221,0.0,0.0,0.2405,0.0,0.0,0.0,0.0221,0.0,0.0,0.4665,0.0,0.0,0.0,0.0433,C2,word_pos,inopportun,A,inopportun,ADJ
miroiter,VERB,C2,beacco,0.0,0.0221,0.0,0.0,0.2405,0.0,0.0,0.0,0.0221,0.0,0.0,0.4665,0.0,0.0,0.0,0.0433,C2,word_pos,miroiter,V,miroiter,VER
morose,ADJ,C2,beacco,0.0,0.0221,0.0,0.0,0.2405,0.0,0.0,0.0,0.0221,0.0,0.0,0.4665,0.0,0.0,0.0,0.0433,C2,word_pos,morose,A,morose,ADJ
méprendre,VERB,C2,beacco,0.0,0.0221,0.0,0.0,0.2405,0.0,0.0,0.0,0.0221,0.0,0.0,0.4665,0.0,0.0,0.0,0.0433,C2,word_pos,méprendre,V,méprendre,VER
négligeable,ADJ,C2,beacco,0.0,0.0221,0.0,0.0,0.2405,0.0,0.0,0.0,0.0221,0.0,0.0,0.4665,0.0,0.0,0.0,0.0433,C2,word_pos,négligeable,A,négligeable,ADJ
ombrelle,NOUN,C2,beacco,0.0,0.0221,0.0,0.0,0.2405,0.0,0.0,0.0,0.0221,0.0,0.0,0.4665,0.0,0.0,0.0,0.0433,C2,word_pos,ombrelle,N,ombrelle,NOM
optimiste,NOUN,C2,beacco,0.0,0.0221,1.1453,0.0,0.0,0.0,0.0,0.0,0.0221,1.1556,0.0,0.0,0.0,0.0,0.0,0.0212,C2,word_pos,optimiste,N,optimiste,NOM
plomberie,NOUN,C2,beacco,0.0,0.0221,0.0,0.0,0.2405,0.0,0.0,0.0,0.0221,0.0,0.0,0.4665,0.0,0.0,0.0,0.0433,C2,word_pos,plomberie,N,plomberie,NOM
problématique,ADJ,C2,beacco,0.0,0.0221,0.0,0.0,0.2405,0.0,0.0,0.0,0.0221,0.0,0.0,0.4665,0.0,0.0,0.0,0.0433,C2,word_pos,problématique,A,problématique,ADJ
profitable,ADJ,C2,beacco,0.0,0.0221,0.0,0.0,0.2405,0.0,0.0,0.0,0.0221,0.0,0.0,0.4665,0.0,0.0,0.0,0.0433,C2,word_pos,profitable,A,profitable,ADJ
présupposer,VERB,C2,beacco,0.0,0.0221,0.0,0.0,0.2405,0.0,0.0,0.0,0.0221,0.0,0.0,0.4665,0.0,0.0,0.0,0.0433,C2,word_pos,présupposer,V,présupposer,VER
rehausser,VERB,C2,beacco,0.0,0.0221,0.0,0.0,0.2405,0.0,0.0,0.0,0.0221,0.0,0.0,0.4665,0.0,0.0,0.0,0.0433,C2,word_pos,rehausser,V,rehausser,VER
renom,NOUN,C2,beacco,0.0,0.0221,0.0,0.0,0.2405,0.0,0.0,0.0,0.0221,0.0,0.0,0.4665,0.0,0.0,0.0,0.0433,C2,word_pos,renom,N,renom,NOM
revigorer,VERB,C2,beacco,0.0,0.0221,0.0,0.0,0.2405,0.0,0.0,0.0,0.0221,0.0,0.0,0.4665,0.0,0.0,0.0,0.0433,C2,word_pos,revigorer,V,revigorer,VER
réadapter,VERB,C2,beacco,0.0,0.0221,0.0,0.0,0.2405,0.0,0.0,0.0,0.0221,0.0,0.0,0.4665,0.0,0.0,0.0,0.0433,C2,word_pos,réadapter,V,réadapter,VER
réaffirmer,VERB,C2,beacco,0.0,0.0221,0.0,0.0,0.2405,0.0,0.0,0.0,0.0221,0.0,0.0,0.4665,0.0,0.0,0.0,0.0433,C2,word_pos,réaffirmer,V,réaffirmer,VER
réconfortant,ADJ,C2,beacco,0.0,0.0221,0.0,0.0,0.2405,0.0,0.0,0.0,0.0221,0.0,0.0,0.4665,0.0,0.0,0.0,0.0433,C2,word_pos,réconfortant,A,réconfortant,ADJ
sautiller,VERB,C2,beacco,0.0,0.0221,0.0,0.0,0.2405,0.0,0.0,0.0,0.0221,0.0,0.0,0.4665,0.0,0.0,0.0,0.0433,C2,word_pos,sautiller,V,sautiller,VER
surréalisme,NOUN,C2,beacco,0.0,0.0221,0.0,0.0,0.2405,0.0,0.0,0.0,0.0221,0.0,0.0,0.4665,0.0,0.0,0.0,0.0433,C2,word_pos,surréalisme,N,surréalisme,NOM
tarir,VERB,C2,beacco,0.0,0.0221,0.0,0.0,0.2405,0.0,0.0,0.0,0.0221,0.0,0.0,0.4665,0.0,0.0,0.0,0.0433,C2,word_pos,tarir,V,tarir,VER
technicité,NOUN,C2,beacco,0.0,0.0221,0.0,0.0,0.2405,0.0,0.0,0.0,0.0221,0.0,0.0,0.4665,0.0,0.0,0.0,0.0433,C2,word_pos,technicité,N,technicité,NOM
thérapeute,NOUN,C2,beacco,0.0,0.0221,0.0,0.0,0.2405,0.0,0.0,0.0,0.0221,0.0,0.0,0.4665,0.0,0.0,0.0,0.0433,C2,word_pos,thérapeute,N,thérapeute,NOM
virevolte,NOUN,C2,beacco,0.0,0.0221,0.0,0.0,0.2405,0.0,0.0,0.0,0.0221,0.0,0.0,0.4665,0.0,0.0,0.0,0.0433,C2,word_pos,virevolte,N,virevolte,NOM
vénéneux,ADJ,C2,beacco,0.0,0.0221,0.0,0.0,0.2405,0.0,0.0,0.0,0.0221,0.0,0.0,0.4665,0.0,0.0,0.0,0.0433,C2,word_pos,vénéneux,A,vénéneux,ADJ
écrevisse,NOUN,C2,beacco,0.0,0.0221,0.0,0.0,0.2405,0.0,0.0,0.0,0.0221,0.0,0.0,0.4665,0.0,0.0,0.0,0.0433,C2,word_pos,écrevisse,N,écrevisse,NOM
casseau,NOUN,C2,beacco,0.0,0.0219,1.1385,0.0,0.0,0.0,0.0,0.0,0.0219,1.1764,0.0,0.0,0.0,0.0,0.0,0.0216,C2,word_pos,casseau,N,casseau,NOM
châtelet,NOUN,C2,beacco,0.0,0.0219,1.1385,0.0,0.0,0.0,0.0,0.0,0.0219,1.1764,0.0,0.0,0.0,0.0,0.0,0.0216,C2,word_pos,châtelet,N,châtelet,NOM
cornet,NOUN,C2,beacco,0.0,0.0219,1.1385,0.0,0.0,0.0,0.0,0.0,0.0219,1.1764,0.0,0.0,0.0,0.0,0.0,0.0216,C2,word_pos,cornet,N,cornet,NOM
douve,NOUN,C2,beacco,0.0,0.0219,1.1385,0.0,0.0,0.0,0.0,0.0,0.0219,1.1764,0.0,0.0,0.0,0.0,0.0,0.0216,C2,word_pos,douve,N,douve,NOM
empester,VERB,C2,beacco,0.0,0.0219,1.1385,0.0,0.0,0.0,0.0,0.0,0.0219,1.1764,0.0,0.0,0.0,0.0,0.0,0.0216,C2,word_pos,empester,V,empester,VER
esquimau,NOUN,C2,beacco,0.0,0.0219,1.1385,0.0,0.0,0.0,0.0,0.0,0.0219,1.1764,0.0,0.0,0.0,0.0,0.0,0.0216,C2,word_pos,esquimau,N,esquimau,NOM
gondole,NOUN,C2,beacco,0.0,0.0219,1.1385,0.0,0.0,0.0,0.0,0.0,0.0219,1.1764,0.0,0.0,0.0,0.0,0.0,0.0216,C2,word_pos,gondole,N,gondole,NOM
richement,ADV,C2,beacco,0.0,0.0219,1.1385,0.0,0.0,0.0,0.0,0.0,0.0219,1.1764,0.0,0.0,0.0,0.0,0.0,0.0216,C2,word_pos,richement,ADV,richement,ADV
seigneurial,ADJ,C2,beacco,0.0,0.0219,1.1385,0.0,0.0,0.0,0.0,0.0,0.0219,1.1764,0.0,0.0,0.0,0.0,0.0,0.0216,C2,word_pos,seigneurial,A,seigneurial,ADJ
vivable,ADJ,C2,beacco,0.0,0.0219,1.1385,0.0,0.0,0.0,0.0,0.0,0.0219,1.1764,0.0,0.0,0.0,0.0,0.0,0.0216,C2,word_pos,vivable,A,vivable,ADJ
arabesque,ADJ,C2,beacco,0.0,0.0218,,,,,,,,0.0,0.0,0.0,0.8102,0.0,0.0,0.0218,C2,beacco_only,,,arabesque,ADJ
blanchisseur,ADJ,C2,beacco,0.0,0.0218,,,,,,,,0.0,0.0,0.0,0.8102,0.0,0.0,0.0218,C2,beacco_only,,,blanchisseur,ADJ
innocent,NOUN,C2,beacco,0.0,0.0218,,,,,,,,0.0,0.0,0.0,0.8102,0.0,0.0,0.0218,C2,beacco_only,,,innocent,NOM
penchant,ADJ,C2,beacco,0.0,0.0218,,,,,,,,0.0,0.0,0.0,0.8102,0.0,0.0,0.0218,C2,beacco_only,,,penchant,ADJ
ratiocination,NOUN,C2,beacco,0.0,0.0218,,,,,,,,0.0,0.0,0.0,0.8102,0.0,0.0,0.0218,C2,beacco_only,,,ratiocination,NOM
sangler,VERB,C2,beacco,0.0,0.0218,,,,,,,,0.0,0.0,0.0,0.8102,0.0,0.0,0.0218,C2,beacco_only,,,sangler,VER
cache-cache,NOUN,C2,beacco,0.0,0.0216,,,,,,,,1.1764,0.0,0.0,0.0,0.0,0.0,0.0216,C2,beacco_only,,,cache-cache,NOM
dix-septième,ADJ,C2,beacco,0.0,0.0216,,,,,,,,1.1764,0.0,0.0,0.0,0.0,0.0,0.0216,C2,beacco_only,,,dix-septième,ADJ
ingrat,NOUN,C2,beacco,0.0,0.0216,0.0,0.4275,0.0,0.0,0.0,0.0,0.0216,0.0,0.2891,0.0,0.0,0.0,0.0,0.0139,C2,word_pos,ingrat,N,ingrat,NOM
répulsion,NOUN,C2,beacco,0.0,0.0216,,,,,,,,1.1764,0.0,0.0,0.0,0.0,0.0,0.0216,C2,beacco_only,,,répulsion,NOM
tapa,NOUN,C2,beacco,0.0,0.0216,,,,,,,,1.1764,0.0,0.0,0.0,0.0,0.0,0.0216,C2,beacco_only,,,tapa,NOM
tribulation,NOUN,C2,beacco,0.0,0.0216,,,,,,,,1.1764,0.0,0.0,0.0,0.0,0.0,0.0216,C2,beacco_only,,,tribulation,NOM
vagabond,ADJ,C2,beacco,0.0,0.0216,,,,,,,,1.1764,0.0,0.0,0.0,0.0,0.0,0.0216,C2,beacco_only,,,vagabond,ADJ
châtain,NOUN,C2,beacco,0.0,0.0214,0.0,0.4234,0.0,0.0,0.0,0.0,0.0214,0.0,0.8313,0.0,0.0,0.0,0.0,0.0401,C2,word_pos,châtain,N,châtain,NOM
conférencier,NOUN,C2,beacco,0.0,0.0214,0.0,0.4234,0.0,0.0,0.0,0.0,0.0214,0.0,0.4157,0.0,0.0,0.0,0.0,0.02,C2,word_pos,conférencier,N,conférencier,NOM
enduit,NOUN,C2,beacco,0.0,0.0214,0.0,0.4234,0.0,0.0,0.0,0.0,0.0214,0.0,0.8313,0.0,0.0,0.0,0.0,0.0401,C2,word_pos,enduit,N,enduit,NOM
inscrit,NOUN,C2,beacco,0.0,0.0214,0.0,0.4234,0.0,0.0,0.0,0.0,0.0214,0.0,0.4157,0.0,0.0,0.0,0.0,0.02,C2,word_pos,inscrit,N,inscrit,NOM
milliardaire,ADJ,C2,beacco,0.0,0.0214,0.0,0.4234,0.0,0.0,0.0,0.0,0.0214,0.0,0.4157,0.0,0.0,0.0,0.0,0.02,C2,word_pos,milliardaire,A,milliardaire,ADJ
offensive,NOUN,C2,beacco,0.0,0.0214,0.0,0.4234,0.0,0.0,0.0,0.0,0.0214,0.0,0.4157,0.0,0.0,0.0,0.0,0.02,C2,word_pos,offensive,N,offensive,NOM
révélateur,NOUN,C2,beacco,0.0,0.0214,0.0,0.4234,0.0,0.0,0.0,0.0,0.0214,0.0,0.4157,0.0,0.0,0.0,0.0,0.02,C2,word_pos,révélateur,N,révélateur,NOM
suicide,NOUN,C2,beacco,0.0,0.0214,0.0,0.4234,0.0,0.0,0.0,0.0,0.0214,0.0,0.4157,0.0,0.0,0.0,0.0,0.02,C2,word_pos,suicide,N,suicide,NOM
émirat,NOUN,C2,beacco,0.0,0.0214,0.0,0.4234,0.0,0.0,0.0,0.0,0.0214,0.0,0.4157,0.0,0.0,0.0,0.0,0.02,C2,word_pos,émirat,N,émirat,NOM
androïde,ADJ,C2,beacco,0.0,0.0213,0.0,0.4228,0.0,0.0,0.0,0.0,0.0213,0.0,0.6008,0.0,0.0,0.0,0.0,0.0456,C2,word_pos,androïde,A,androïde,ADJ
brie,NOUN,C2,beacco,0.0,0.0213,0.0,0.4228,0.0,0.0,0.0,0.0,0.0213,0.0,0.6008,0.0,0.0,0.0,0.0,0.0456,C2,word_pos,brie,N,brie,NOM
camembert,NOUN,C2,beacco,0.0,0.0213,0.0,0.4228,0.0,0.0,0.0,0.0,0.0213,0.0,0.6008,0.0,0.0,0.0,0.0,0.0456,C2,word_pos,camembert,N,camembert,NOM
gruyère,NOUN,C2,beacco,0.0,0.0213,0.0,0.4228,0.0,0.0,0.0,0.0,0.0213,0.0,0.6008,0.0,0.0,0.0,0.0,0.0456,C2,word_pos,gruyère,N,gruyère,NOM
paléontologique,ADJ,C2,beacco,0.0,0.0213,0.0,0.4228,0.0,0.0,0.0,0.0,0.0213,0.0,0.6008,0.0,0.0,0.0,0.0,0.0456,C2,word_pos,paléontologique,A,paléontologique,ADJ
râpé,ADJ,C2,beacco,0.0,0.0213,0.0,0.4228,0.0,0.0,0.0,0.0,0.0213,0.0,0.6008,0.0,0.0,0.0,0.0,0.0456,C2,word_pos,râpé,A,râpé,ADJ
réclame,NOUN,C2,beacco,0.0,0.0213,0.0,0.4228,0.0,0.0,0.0,0.0,0.0213,0.0,0.6008,0.0,0.0,0.0,0.0,0.0456,C2,word_pos,réclame,N,réclame,NOM
succulent,ADJ,C2,beacco,0.0,0.0213,0.0,0.4228,0.0,0.0,0.0,0.0,0.0213,0.0,0.6008,0.0,0.0,0.0,0.0,0.0456,C2,word_pos,succulent,A,succulent,ADJ
vulgarisation,NOUN,C2,beacco,0.0,0.0213,0.0,0.4228,0.0,0.0,0.0,0.0,0.0213,0.0,0.6008,0.0,0.0,0.0,0.0,0.0456,C2,word_pos,vulgarisation,N,vulgarisation,NOM
éruption,NOUN,C2,beacco,0.0,0.0213,0.0,0.4228,0.0,0.0,0.0,0.0,0.0213,0.0,0.6008,0.0,0.0,0.0,0.0,0.0456,C2,word_pos,éruption,N,éruption,NOM
cultivateur,NOUN,C2,beacco,0.0,0.0211,0.0,0.0,0.2295,0.0,0.0,0.0,0.0211,0.0,0.0,0.487,0.0,0.0,0.0,0.0452,C2,word_pos,cultivateur,N,cultivateur,NOM
gêne,NOUN,C2,beacco,0.0,0.0211,0.0,0.0,0.2295,0.0,0.0,0.0,0.0211,0.0,0.0,0.487,0.0,0.0,0.0,0.0452,C2,word_pos,gêne,N,gêne,NOM
mordant,NOUN,C2,beacco,0.0,0.0211,0.0,0.0,0.2295,0.0,0.0,0.0,0.0211,0.0,0.0,0.487,0.0,0.0,0.0,0.0452,C2,word_pos,mordant,N,mordant,NOM
pioche,NOUN,C2,beacco,0.0,0.0211,0.0,0.0,0.2295,0.0,0.0,0.0,0.0211,0.0,0.0,0.487,0.0,0.0,0.0,0.0452,C2,word_pos,pioche,N,pioche,NOM
poulailler,NOUN,C2,beacco,0.0,0.0211,0.0,0.0,0.2295,0.0,0.0,0.0,0.0211,0.0,0.0,0.487,0.0,0.0,0.0,0.0452,C2,word_pos,poulailler,N,poulailler,NOM
amène,ADJ,C2,beacco,0.0,0.0205,0.0,0.4071,0.0,0.0,0.0,0.0,0.0205,0.0,0.3851,0.0,0.0,0.0,0.0,0.0186,C2,word_pos,amène,A,amène,ADJ
étain,NOUN,C2,beacco,0.0,0.0205,0.0,0.4071,0.0,0.0,0.0,0.0,0.0205,0.0,0.7702,0.0,0.0,0.0,0.0,0.0371,C2,word_pos,étain,N,étain,NOM
aspirine,NOUN,C2,beacco,0.0,0.0204,1.0608,0.0,0.0,0.0,0.0,0.0,0.0204,0.9713,0.0,0.0,0.0,0.0,0.0,0.0178,C2,word_pos,aspirine,N,aspirine,NOM
beurk,INT,C2,beacco,0.0,0.0204,,,,,,,,1.1093,0.0,0.0,0.0,0.0,0.0,0.0204,C2,beacco_only,,,beurk,INT
casquer,VERB,C2,beacco,0.0,0.0204,,,,,,,,1.1123,0.0,0.0,0.0,0.0,0.0,0.0204,C2,beacco_only,,,casquer,VER
longue-vue,NOUN,C2,beacco,0.0,0.0204,,,,,,,,1.1123,0.0,0.0,0.0,0.0,0.0,0.0204,C2,beacco_only,,,longue-vue,NOM
anglaiser,VERB,C2,beacco,0.0,0.02,,,,,,,,0.0,0.4157,0.0,0.0,0.0,0.0,0.02,C2,beacco_only,,,anglaiser,VER
cow-boy,NOUN,C2,beacco,0.0,0.02,,,,,,,,0.0,0.4157,0.0,0.0,0.0,0.0,0.02,C2,beacco_only,,,cow-boy,NOM
débarquement,NOUN,C2,beacco,0.0,0.02,1.0394,0.0,0.0,0.0,0.0,0.0,0.02,1.1123,0.0,0.0,0.0,0.0,0.0,0.0204,C2,word_pos,débarquement,N,débarquement,NOM
forfait,NOUN,C2,beacco,0.0,0.02,,,,,,,,0.0,0.4157,0.0,0.0,0.0,0.0,0.02,C2,beacco_only,,,forfait,NOM
globe-trotter,NOUN,C2,beacco,0.0,0.02,,,,,,,,0.0,0.4157,0.0,0.0,0.0,0.0,0.02,C2,beacco_only,,,globe-trotter,NOM
grimace,NOUN,C2,beacco,0.0,0.02,1.0394,0.0,0.0,0.0,0.0,0.0,0.02,1.1123,0.0,0.0,0.0,0.0,0.0,0.0204,C2,word_pos,grimace,N,grimace,NOM
homo,ADJ,C2,beacco,0.0,0.02,,,,,,,,0.0,0.4157,0.0,0.0,0.0,0.0,0.02,C2,beacco_only,,,homo,ADJ
immédiat,NOUN,C2,beacco,0.0,0.02,,,,,,,,0.0,0.4157,0.0,0.0,0.0,0.0,0.02,C2,beacco_only,,,immédiat,NOM
impressionniste,NOUN,C2,beacco,0.0,0.02,1.0394,0.0,0.0,0.0,0.0,0.0,0.02,1.1123,0.0,0.0,0.0,0.0,0.0,0.0204,C2,word_pos,impressionniste,N,impressionniste,NOM
non-voyant,NOUN,C2,beacco,0.0,0.02,,,,,,,,0.0,0.4157,0.0,0.0,0.0,0.0,0.02,C2,beacco_only,,,non-voyant,NOM
pop-corn,NOUN,C2,beacco,0.0,0.02,,,,,,,,0.0,0.4157,0.0,0.0,0.0,0.0,0.02,C2,beacco_only,,,pop-corn,NOM
prune,NOUN,C2,beacco,0.0,0.02,1.0394,0.0,0.0,0.0,0.0,0.0,0.02,1.1123,0.0,0.0,0.0,0.0,0.0,0.0204,C2,word_pos,prune,N,prune,NOM
quatre-heures,NOUN,C2,beacco,0.0,0.02,,,,,,,,0.0,0.4157,0.0,0.0,0.0,0.0,0.02,C2,beacco_only,,,quatre-heures,NOM
shampooing,NOUN,C2,beacco,0.0,0.02,,,,,,,,0.0,0.4157,0.0,0.0,0.0,0.0,0.02,C2,beacco_only,,,shampooing,NOM
bleuté,ADJ,C2,beacco,0.0,0.0198,0.0,0.3918,0.0,0.0,0.0,0.0,0.0198,0.0,0.1865,0.0,0.0,0.0,0.0,0.009,C2,word_pos,bleuté,A,bleuté,ADJ
minutieux,ADJ,C2,beacco,0.0,0.0198,0.0,0.0,0.0,0.867,0.0,0.0,0.0198,0.0,0.0,0.0,0.6774,0.0,0.0,0.0182,C2,word_pos,minutieux,A,minutieux,ADJ
scaphandre,NOUN,C2,beacco,0.0,0.0198,0.0,0.3918,0.0,0.0,0.0,0.0,0.0198,0.0,0.5594,0.0,0.0,0.0,0.0,0.027,C2,word_pos,scaphandre,N,scaphandre,NOM
tricoter,VERB,C2,beacco,0.0,0.0198,0.0,0.0,0.0,0.867,0.0,0.0,0.0198,0.0,0.0,0.0,0.6774,0.0,0.0,0.0182,C2,word_pos,tricoter,V,tricoter,VER
astronomique,ADJ,C2,beacco,0.0,0.0194,1.005,0.0,0.0,0.0,0.0,0.0,0.0194,0.9051,0.0,0.0,0.0,0.0,0.0,0.0456,C2,word_pos,astronomique,A,astronomique,ADJ
biennal,ADJ,C2,beacco,0.0,0.0194,1.005,0.0,0.0,0.0,0.0,0.0,0.0194,0.9051,0.0,0.0,0.0,0.0,0.0,0.0456,C2,word_pos,biennal,A,biennal,ADJ
moquette,NOUN,C2,beacco,0.0,0.0194,1.005,0.0,0.0,0.0,0.0,0.0,0.0194,0.9051,0.0,0.0,0.0,0.0,0.0,0.0456,C2,word_pos,moquette,N,moquette,NOM
quenelle,NOUN,C2,beacco,0.0,0.0194,1.005,0.0,0.0,0.0,0.0,0.0,0.0194,0.9051,0.0,0.0,0.0,0.0,0.0,0.0456,C2,word_pos,quenelle,N,quenelle,NOM
scénique,ADJ,C2,beacco,0.0,0.0194,1.005,0.0,0.0,0.0,0.0,0.0,0.0194,0.9051,0.0,0.0,0.0,0.0,0.0,0.0456,C2,word_pos,scénique,A,scénique,ADJ
vitrage,NOUN,C2,beacco,0.0,0.0194,1.005,0.0,0.0,0.0,0.0,0.0,0.0194,0.9051,0.0,0.0,0.0,0.0,0.0,0.0456,C2,word_pos,vitrage,N,vitrage,NOM
bachelier,NOUN,C2,beacco,0.0,0.0193,0.0,0.0,0.2093,0.0,0.0,0.0,0.0193,0.0,0.0,0.1219,0.0,0.0,0.0,0.0338,C2,word_pos,bachelier,N,bachelier,NOM
dissertation,NOUN,C2,beacco,0.0,0.0193,0.0,0.0,0.2093,0.0,0.0,0.0,0.0193,0.0,0.0,0.1219,0.0,0.0,0.0,0.0338,C2,word_pos,dissertation,N,dissertation,NOM
antiquaire,NOUN,C2,beacco,0.0,0.0192,0.9991,0.0,0.0,0.0,0.0,0.0,0.0192,0.9464,0.0,0.0,0.0,0.0,0.0,0.0276,C2,word_pos,antiquaire,N,antiquaire,NOM
kayak,NOUN,C2,beacco,0.0,0.0192,0.9991,0.0,0.0,0.0,0.0,0.0,0.0192,0.9464,0.0,0.0,0.0,0.0,0.0,0.0276,C2,word_pos,kayak,N,kayak,NOM
pasteurisation,NOUN,C2,beacco,0.0,0.0192,0.9991,0.0,0.0,0.0,0.0,0.0,0.0192,0.9464,0.0,0.0,0.0,0.0,0.0,0.0276,C2,word_pos,pasteurisation,N,pasteurisation,NOM
pipi,NOUN,C2,beacco,0.0,0.0192,0.9991,0.0,0.0,0.0,0.0,0.0,0.0192,0.9464,0.0,0.0,0.0,0.0,0.0,0.0276,C2,word_pos,pipi,N,pipi,NOM
relaxer,VERB,C2,beacco,0.0,0.0192,0.9991,0.0,0.0,0.0,0.0,0.0,0.0192,0.9464,0.0,0.0,0.0,0.0,0.0,0.0276,C2,word_pos,relaxer,V,relaxer,VER
agora,NOUN,C2,beacco,0.0,0.0191,0.0,0.0,0.2076,0.0,0.0,0.0,0.0191,0.0,0.0,0.3906,0.0,0.0,0.0,0.0363,C2,word_pos,agora,N,agora,NOM
alinéa,NOUN,C2,beacco,0.0,0.0191,0.0,0.0,0.2076,0.0,0.0,0.0,0.0191,0.0,0.0,0.3906,0.0,0.0,0.0,0.0363,C2,word_pos,alinéa,N,alinéa,NOM
aménageur,NOUN,C2,beacco,0.0,0.0191,0.0,0.0,0.2076,0.0,0.0,0.0,0.0191,0.0,0.0,0.3906,0.0,0.0,0.0,0.0363,C2,word_pos,aménageur,N,aménageur,NOM
anthologie,NOUN,C2,beacco,0.0,0.0191,0.0,0.0,0.2076,0.0,0.0,0.0,0.0191,0.0,0.0,0.3906,0.0,0.0,0.0,0.0363,C2,word_pos,anthologie,N,anthologie,NOM
aromate,NOUN,C2,beacco,0.0,0.0191,0.0,0.0,0.2076,0.0,0.0,0.0,0.0191,0.0,0.0,0.3906,0.0,0.0,0.0,0.0363,C2,word_pos,aromate,N,aromate,NOM
assagir,VERB,C2,beacco,0.0,0.0191,0.0,0.0,0.2076,0.0,0.0,0.0,0.0191,0.0,0.0,0.3906,0.0,0.0,0.0,0.0363,C2,word_pos,assagir,V,assagir,VER
candeur,NOUN,C2,beacco,0.0,0.0191,0.0,0.0,0.2076,0.0,0.0,0.0,0.0191,0.0,0.0,0.3906,0.0,0.0,0.0,0.0363,C2,word_pos,candeur,N,candeur,NOM
canule,NOUN,C2,beacco,0.0,0.0191,0.0,0.0,0.2076,0.0,0.0,0.0,0.0191,0.0,0.0,0.3906,0.0,0.0,0.0,0.0363,C2,word_pos,canule,N,canule,NOM
cognition,NOUN,C2,beacco,0.0,0.0191,0.0,0.0,0.2076,0.0,0.0,0.0,0.0191,0.0,0.0,0.3906,0.0,0.0,0.0,0.0363,C2,word_pos,cognition,N,cognition,NOM
concerter,VERB,C2,beacco,0.0,0.0191,0.0,0.0,0.2076,0.0,0.0,0.0,0.0191,0.0,0.0,0.3906,0.0,0.0,0.0,0.0363,C2,word_pos,concerter,V,concerter,VER
conjugaison,NOUN,C2,beacco,0.0,0.0191,0.0,0.0,0.2076,0.0,0.0,0.0,0.0191,0.0,0.0,0.3906,0.0,0.0,0.0,0.0363,C2,word_pos,conjugaison,N,conjugaison,NOM
contretemps,NOUN,C2,beacco,0.0,0.0191,0.0,0.0,0.2076,0.0,0.0,0.0,0.0191,0.0,0.0,0.3906,0.0,0.0,0.0,0.0363,C2,word_pos,contretemps,N,contretemps,NOM
corpusculaire,ADJ,C2,beacco,0.0,0.0191,0.0,0.0,0.2076,0.0,0.0,0.0,0.0191,0.0,0.0,0.3906,0.0,0.0,0.0,0.0363,C2,word_pos,corpusculaire,A,corpusculaire,ADJ
cran,NOUN,C2,beacco,0.0,0.0191,0.0,0.0,0.2076,0.0,0.0,0.0,0.0191,0.0,0.0,0.3906,0.0,0.0,0.0,0.0363,C2,word_pos,cran,N,cran,NOM
daller,VERB,C2,beacco,0.0,0.0191,0.0,0.0,0.2076,0.0,0.0,0.0,0.0191,0.0,0.0,0.3906,0.0,0.0,0.0,0.0363,C2,word_pos,daller,V,daller,VER
draguer,VERB,C2,beacco,0.0,0.0191,0.0,0.0,0.2076,0.0,0.0,0.0,0.0191,0.0,0.0,0.3906,0.0,0.0,0.0,0.0363,C2,word_pos,draguer,V,draguer,VER
déclamation,NOUN,C2,beacco,0.0,0.0191,0.0,0.0,0.2076,0.0,0.0,0.0,0.0191,0.0,0.0,0.3906,0.0,0.0,0.0,0.0363,C2,word_pos,déclamation,N,déclamation,NOM
décongeler,VERB,C2,beacco,0.0,0.0191,0.0,0.0,0.2076,0.0,0.0,0.0,0.0191,0.0,0.0,0.3906,0.0,0.0,0.0,0.0363,C2,word_pos,décongeler,V,décongeler,VER
déloger,VERB,C2,beacco,0.0,0.0191,0.0,0.0,0.2076,0.0,0.0,0.0,0.0191,0.0,0.0,0.3906,0.0,0.0,0.0,0.0363,C2,word_pos,déloger,V,déloger,VER
esseulé,ADJ,C2,beacco,0.0,0.0191,0.0,0.0,0.2076,0.0,0.0,0.0,0.0191,0.0,0.0,0.3906,0.0,0.0,0.0,0.0363,C2,word_pos,esseulé,A,esseulé,ADJ
factice,ADJ,C2,beacco,0.0,0.0191,0.0,0.0,0.2076,0.0,0.0,0.0,0.0191,0.0,0.0,0.3906,0.0,0.0,0.0,0.0363,C2,word_pos,factice,A,factice,ADJ
figuier,NOUN,C2,beacco,0.0,0.0191,0.0,0.0,0.2076,0.0,0.0,0.0,0.0191,0.0,0.0,0.3906,0.0,0.0,0.0,0.0363,C2,word_pos,figuier,N,figuier,NOM
fronton,NOUN,C2,beacco,0.0,0.0191,0.0,0.0,0.2076,0.0,0.0,0.0,0.0191,0.0,0.0,0.3906,0.0,0.0,0.0,0.0363,C2,word_pos,fronton,N,fronton,NOM
gamelle,NOUN,C2,beacco,0.0,0.0191,0.0,0.0,0.2076,0.0,0.0,0.0,0.0191,0.0,0.0,0.3906,0.0,0.0,0.0,0.0363,C2,word_pos,gamelle,N,gamelle,NOM
gay,ADJ,C2,beacco,0.0,0.0191,0.0,0.0,0.2076,0.0,0.0,0.0,0.0191,0.0,0.0,0.3906,0.0,0.0,0.0,0.0363,C2,word_pos,gay,A,gay,ADJ
halage,NOUN,C2,beacco,0.0,0.0191,0.0,0.0,0.2076,0.0,0.0,0.0,0.0191,0.0,0.0,0.3906,0.0,0.0,0.0,0.0363,C2,word_pos,halage,N,halage,NOM
homosexuel,NOUN,C2,beacco,0.0,0.0191,0.0,0.0,0.2076,0.0,0.0,0.0,0.0191,0.0,0.0,0.3906,0.0,0.0,0.0,0.0363,C2,word_pos,homosexuel,N,homosexuel,NOM
inoccupé,ADJ,C2,beacco,0.0,0.0191,0.0,0.0,0.2076,0.0,0.0,0.0,0.0191,0.0,0.0,0.3906,0.0,0.0,0.0,0.0363,C2,word_pos,inoccupé,A,inoccupé,ADJ
intouchable,ADJ,C2,beacco,0.0,0.0191,0.0,0.0,0.2076,0.0,0.0,0.0,0.0191,0.0,0.0,0.3906,0.0,0.0,0.0,0.0363,C2,word_pos,intouchable,A,intouchable,ADJ
intégrité,NOUN,C2,beacco,0.0,0.0191,0.0,0.0,0.2076,0.0,0.0,0.0,0.0191,0.0,0.0,0.3906,0.0,0.0,0.0,0.0363,C2,word_pos,intégrité,N,intégrité,NOM
isme,X,C2,beacco,0.0,0.0191,0.0,0.0,0.2076,0.0,0.0,0.0,0.0191,0.0,0.0,0.3906,0.0,0.0,0.0,0.0363,C2,unique_word,isme,X,isme,NOM
kif,NOUN,C2,beacco,0.0,0.0191,0.0,0.0,0.2076,0.0,0.0,0.0,0.0191,0.0,0.0,0.3906,0.0,0.0,0.0,0.0363,C2,word_pos,kif,N,kif,NOM
lobotomiser,VERB,C2,beacco,0.0,0.0191,0.0,0.0,0.2076,0.0,0.0,0.0,0.0191,0.0,0.0,0.3906,0.0,0.0,0.0,0.0363,C2,word_pos,lobotomiser,V,lobotomiser,VER
manioc,NOUN,C2,beacco,0.0,0.0191,0.0,0.0,0.2076,0.0,0.0,0.0,0.0191,0.0,0.0,0.3906,0.0,0.0,0.0,0.0363,C2,word_pos,manioc,N,manioc,NOM
milliardaire,NOUN,C2,beacco,0.0,0.0191,0.0,0.0,0.2076,0.0,0.0,0.0,0.0191,0.0,0.0,0.3906,0.0,0.0,0.0,0.0363,C2,word_pos,milliardaire,N,milliardaire,NOM
misérabilisme,NOUN,C2,beacco,0.0,0.0191,0.0,0.0,0.2076,0.0,0.0,0.0,0.0191,0.0,0.0,0.3906,0.0,0.0,0.0,0.0363,C2,word_pos,misérabilisme,N,misérabilisme,NOM
miteux,ADJ,C2,beacco,0.0,0.0191,0.0,0.0,0.2076,0.0,0.0,0.0,0.0191,0.0,0.0,0.3906,0.0,0.0,0.0,0.0363,C2,word_pos,miteux,A,miteux,ADJ
ménopause,NOUN,C2,beacco,0.0,0.0191,0.0,0.0,0.2076,0.0,0.0,0.0,0.0191,0.0,0.0,0.3906,0.0,0.0,0.0,0.0363,C2,word_pos,ménopause,N,ménopause,NOM
nana,NOUN,C2,beacco,0.0,0.0191,0.0,0.0,0.2076,0.0,0.0,0.0,0.0191,0.0,0.0,0.3906,0.0,0.0,0.0,0.0363,C2,word_pos,nana,N,nana,NOM
norvégien,ADJ,C2,beacco,0.0,0.0191,0.0,0.0,0.2076,0.0,0.0,0.0,0.0191,0.0,0.0,0.3906,0.0,0.0,0.0,0.0363,C2,word_pos,norvégien,A,norvégien,ADJ
opératoire,ADJ,C2,beacco,0.0,0.0191,0.0,0.0,0.2076,0.0,0.0,0.0,0.0191,0.0,0.0,0.3906,0.0,0.0,0.0,0.0363,C2,word_pos,opératoire,A,opératoire,ADJ
pagode,NOUN,C2,beacco,0.0,0.0191,0.0,0.0,0.2076,0.0,0.0,0.0,0.0191,0.0,0.0,0.3906,0.0,0.0,0.0,0.0363,C2,word_pos,pagode,N,pagode,NOM
pancréas,NOUN,C2,beacco,0.0,0.0191,0.0,0.0,0.2076,0.0,0.0,0.0,0.0191,0.0,0.0,0.3906,0.0,0.0,0.0,0.0363,C2,word_pos,pancréas,N,pancréas,NOM
pistache,NOUN,C2,beacco,0.0,0.0191,0.0,0.0,0.2076,0.0,0.0,0.0,0.0191,0.0,0.0,0.3906,0.0,0.0,0.0,0.0363,C2,word_pos,pistache,N,pistache,NOM
puriste,ADJ,C2,beacco,0.0,0.0191,0.0,0.0,0.2076,0.0,0.0,0.0,0.0191,0.0,0.0,0.3906,0.0,0.0,0.0,0.0363,C2,word_pos,puriste,A,puriste,ADJ
quiproquo,NOUN,C2,beacco,0.0,0.0191,0.0,0.0,0.2076,0.0,0.0,0.0,0.0191,0.0,0.0,0.3906,0.0,0.0,0.0,0.0363,C2,word_pos,quiproquo,N,quiproquo,NOM
rejouer,VERB,C2,beacco,0.0,0.0191,0.0,0.0,0.2076,0.0,0.0,0.0,0.0191,0.0,0.0,0.3906,0.0,0.0,0.0,0.0363,C2,word_pos,rejouer,V,rejouer,VER
retraire,VERB,C2,beacco,0.0,0.0191,0.0,0.0,0.2076,0.0,0.0,0.0,0.0191,0.0,0.0,0.3906,0.0,0.0,0.0,0.0363,C2,word_pos,retraire,V,retraire,VER
réglementaire,ADJ,C2,beacco,0.0,0.0191,0.0,0.0,0.2076,0.0,0.0,0.0,0.0191,0.0,0.0,0.3906,0.0,0.0,0.0,0.0363,C2,word_pos,réglementaire,A,réglementaire,ADJ
sauna,NOUN,C2,beacco,0.0,0.0191,0.0,0.0,0.2076,0.0,0.0,0.0,0.0191,0.0,0.0,0.3906,0.0,0.0,0.0,0.0363,C2,word_pos,sauna,N,sauna,NOM
stupidement,ADV,C2,beacco,0.0,0.0191,0.0,0.0,0.2076,0.0,0.0,0.0,0.0191,0.0,0.0,0.3906,0.0,0.0,0.0,0.0363,C2,word_pos,stupidement,ADV,stupidement,ADV
tondre,VERB,C2,beacco,0.0,0.0191,0.0,0.0,0.2076,0.0,0.0,0.0,0.0191,0.0,0.0,0.3906,0.0,0.0,0.0,0.0363,C2,word_pos,tondre,V,tondre,VER
trituration,NOUN,C2,beacco,0.0,0.0191,0.0,0.0,0.2076,0.0,0.0,0.0,0.0191,0.0,0.0,0.3906,0.0,0.0,0.0,0.0363,C2,word_pos,trituration,N,trituration,NOM
té,NOUN,C2,beacco,0.0,0.0191,0.0,0.0,0.2076,0.0,0.0,0.0,0.0191,0.0,0.0,0.3906,0.0,0.0,0.0,0.0363,C2,word_pos,té,N,té,NOM
verger,NOUN,C2,beacco,0.0,0.0191,0.0,0.0,0.2076,0.0,0.0,0.0,0.0191,0.0,0.0,0.3906,0.0,0.0,0.0,0.0363,C2,word_pos,verger,N,verger,NOM
vermoulu,ADJ,C2,beacco,0.0,0.0191,0.0,0.0,0.2076,0.0,0.0,0.0,0.0191,0.0,0.0,0.3906,0.0,0.0,0.0,0.0363,C2,word_pos,vermoulu,A,vermoulu,ADJ
virulent,ADJ,C2,beacco,0.0,0.0191,0.0,0.0,0.2076,0.0,0.0,0.0,0.0191,0.0,0.0,0.3906,0.0,0.0,0.0,0.0363,C2,word_pos,virulent,A,virulent,ADJ
viscéral,ADJ,C2,beacco,0.0,0.0191,0.0,0.0,0.2076,0.0,0.0,0.0,0.0191,0.0,0.0,0.3906,0.0,0.0,0.0,0.0363,C2,word_pos,viscéral,A,viscéral,ADJ
échangeur,NOUN,C2,beacco,0.0,0.0191,0.0,0.0,0.2076,0.0,0.0,0.0,0.0191,0.0,0.0,0.3906,0.0,0.0,0.0,0.0363,C2,word_pos,échangeur,N,échangeur,NOM
équinoxe,NOUN,C2,beacco,0.0,0.0191,0.0,0.0,0.2076,0.0,0.0,0.0,0.0191,0.0,0.0,0.3906,0.0,0.0,0.0,0.0363,C2,word_pos,équinoxe,N,équinoxe,NOM
abonder,VERB,C2,beacco,0.0,0.0189,0.0,0.0,0.0,0.8259,0.0,0.0,0.0189,0.0,0.0,0.0,1.3018,0.0,0.0,0.035,C2,word_pos,abonder,V,abonder,VER
antihéros,NOUN,C2,beacco,0.0,0.0189,0.0,0.0,0.0,0.8259,0.0,0.0,0.0189,0.0,0.0,0.0,1.3018,0.0,0.0,0.035,C2,word_pos,antihéros,N,antihéros,NOM
archétype,NOUN,C2,beacco,0.0,0.0189,0.0,0.0,0.0,0.8259,0.0,0.0,0.0189,0.0,0.0,0.0,1.3018,0.0,0.0,0.035,C2,word_pos,archétype,N,archétype,NOM
braconner,VERB,C2,beacco,0.0,0.0189,0.0,0.0,0.0,0.8259,0.0,0.0,0.0189,0.0,0.0,0.0,1.3018,0.0,0.0,0.035,C2,word_pos,braconner,V,braconner,VER
chanceler,VERB,C2,beacco,0.0,0.0189,0.0,0.0,0.0,0.8259,0.0,0.0,0.0189,0.0,0.0,0.0,1.3018,0.0,0.0,0.035,C2,word_pos,chanceler,V,chanceler,VER
décomposer,VERB,C2,beacco,0.0,0.0189,0.0,0.0,0.0,0.8259,0.0,0.0,0.0189,0.0,0.0,0.0,1.3018,0.0,0.0,0.035,C2,word_pos,décomposer,V,décomposer,VER
forçat,NOUN,C2,beacco,0.0,0.0189,0.0,0.0,0.0,0.8259,0.0,0.0,0.0189,0.0,0.0,0.0,1.3018,0.0,0.0,0.035,C2,word_pos,forçat,N,forçat,NOM
grisonnant,ADJ,C2,beacco,0.0,0.0189,0.0,0.0,0.0,0.8259,0.0,0.0,0.0189,0.0,0.0,0.0,1.3018,0.0,0.0,0.035,C2,word_pos,grisonnant,A,grisonnant,ADJ
incomplet,ADJ,C2,beacco,0.0,0.0189,0.0,0.0,0.0,0.8259,0.0,0.0,0.0189,0.0,0.0,0.0,1.3018,0.0,0.0,0.035,C2,word_pos,incomplet,A,incomplet,ADJ
positivisme,NOUN,C2,beacco,0.0,0.0189,0.0,0.0,0.0,0.8259,0.0,0.0,0.0189,0.0,0.0,0.0,1.3018,0.0,0.0,0.035,C2,word_pos,positivisme,N,positivisme,NOM
prunelle,NOUN,C2,beacco,0.0,0.0189,0.0,0.0,0.0,0.8259,0.0,0.0,0.0189,0.0,0.0,0.0,1.3018,0.0,0.0,0.035,C2,word_pos,prunelle,N,prunelle,NOM
précipitamment,ADV,C2,beacco,0.0,0.0189,0.0,0.0,0.0,0.8259,0.0,0.0,0.0189,0.0,0.0,0.0,1.3018,0.0,0.0,0.035,C2,word_pos,précipitamment,ADV,précipitamment,ADV
rebondissement,NOUN,C2,beacco,0.0,0.0189,0.0,0.0,0.0,0.8259,0.0,0.0,0.0189,0.0,0.0,0.0,1.3018,0.0,0.0,0.035,C2,word_pos,rebondissement,N,rebondissement,NOM
scientisme,NOUN,C2,beacco,0.0,0.0189,0.0,0.0,0.0,0.8259,0.0,0.0,0.0189,0.0,0.0,0.0,1.3018,0.0,0.0,0.035,C2,word_pos,scientisme,N,scientisme,NOM
signalement,NOUN,C2,beacco,0.0,0.0189,0.0,0.0,0.0,0.8259,0.0,0.0,0.0189,0.0,0.0,0.0,1.3018,0.0,0.0,0.035,C2,word_pos,signalement,N,signalement,NOM
sucer,VERB,C2,beacco,0.0,0.0189,0.0,0.0,0.0,0.8259,0.0,0.0,0.0189,0.0,0.0,0.0,1.3018,0.0,0.0,0.035,C2,word_pos,sucer,V,sucer,VER
torsade,NOUN,C2,beacco,0.0,0.0189,0.0,0.0,0.0,0.8259,0.0,0.0,0.0189,0.0,0.0,0.0,1.3018,0.0,0.0,0.035,C2,word_pos,torsade,N,torsade,NOM
ésotérique,ADJ,C2,beacco,0.0,0.0189,0.0,0.0,0.0,0.8259,0.0,0.0,0.0189,0.0,0.0,0.0,1.3018,0.0,0.0,0.035,C2,word_pos,ésotérique,A,ésotérique,ADJ
évadé,ADJ,C2,beacco,0.0,0.0189,0.0,0.0,0.0,0.8259,0.0,0.0,0.0189,0.0,0.0,0.0,1.3018,0.0,0.0,0.035,C2,word_pos,évadé,A,évadé,ADJ
affront,NOUN,C2,beacco,0.0,0.0188,0.0,0.0,0.2041,0.0,0.0,0.0,0.0188,0.0,0.0,0.4317,0.0,0.0,0.0,0.0401,C2,word_pos,affront,N,affront,NOM
aimablement,ADV,C2,beacco,0.0,0.0188,0.0,0.0,0.2041,0.0,0.0,0.0,0.0188,0.0,0.0,0.4317,0.0,0.0,0.0,0.0401,C2,word_pos,aimablement,ADV,aimablement,ADV
ameublement,NOUN,C2,beacco,0.0,0.0188,0.0,0.0,0.2041,0.0,0.0,0.0,0.0188,0.0,0.0,0.4317,0.0,0.0,0.0,0.0401,C2,word_pos,ameublement,N,ameublement,NOM
arabesque,NOUN,C2,beacco,0.0,0.0188,0.0,0.0,0.2041,0.0,0.0,0.0,0.0188,0.0,0.0,0.4317,0.0,0.0,0.0,0.0401,C2,word_pos,arabesque,N,arabesque,NOM
attenter,VERB,C2,beacco,0.0,0.0188,0.0,0.0,0.2041,0.0,0.0,0.0,0.0188,0.0,0.0,0.4317,0.0,0.0,0.0,0.0401,C2,word_pos,attenter,V,attenter,VER
barbiche,NOUN,C2,beacco,0.0,0.0188,0.0,0.0,0.2041,0.0,0.0,0.0,0.0188,0.0,0.0,0.4317,0.0,0.0,0.0,0.0401,C2,word_pos,barbiche,N,barbiche,NOM
bouillonnant,ADJ,C2,beacco,0.0,0.0188,0.0,0.0,0.2041,0.0,0.0,0.0,0.0188,0.0,0.0,0.4317,0.0,0.0,0.0,0.0401,C2,word_pos,bouillonnant,A,bouillonnant,ADJ
cacheter,VERB,C2,beacco,0.0,0.0188,0.0,0.0,0.2041,0.0,0.0,0.0,0.0188,0.0,0.0,0.4317,0.0,0.0,0.0,0.0401,C2,word_pos,cacheter,V,cacheter,VER
camélia,NOUN,C2,beacco,0.0,0.0188,0.0,0.0,0.2041,0.0,0.0,0.0,0.0188,0.0,0.0,0.4317,0.0,0.0,0.0,0.0401,C2,word_pos,camélia,N,camélia,NOM
canot,NOUN,C2,beacco,0.0,0.0188,0.0,0.0,0.2041,0.0,0.0,0.0,0.0188,0.0,0.0,0.4317,0.0,0.0,0.0,0.0401,C2,word_pos,canot,N,canot,NOM
carrure,NOUN,C2,beacco,0.0,0.0188,0.0,0.0,0.2041,0.0,0.0,0.0,0.0188,0.0,0.0,0.4317,0.0,0.0,0.0,0.0401,C2,word_pos,carrure,N,carrure,NOM
casaque,NOUN,C2,beacco,0.0,0.0188,0.0,0.0,0.2041,0.0,0.0,0.0,0.0188,0.0,0.0,0.4317,0.0,0.0,0.0,0.0401,C2,word_pos,casaque,N,casaque,NOM
chignon,NOUN,C2,beacco,0.0,0.0188,0.0,0.0,0.2041,0.0,0.0,0.0,0.0188,0.0,0.0,0.4317,0.0,0.0,0.0,0.0401,C2,word_pos,chignon,N,chignon,NOM
collerette,NOUN,C2,beacco,0.0,0.0188,0.0,0.0,0.2041,0.0,0.0,0.0,0.0188,0.0,0.0,0.4317,0.0,0.0,0.0,0.0401,C2,word_pos,collerette,N,collerette,NOM
comploter,VERB,C2,beacco,0.0,0.0188,0.0,0.0,0.2041,0.0,0.0,0.0,0.0188,0.0,0.0,0.4317,0.0,0.0,0.0,0.0401,C2,word_pos,comploter,V,comploter,VER
confiant,ADJ,C2,beacco,0.0,0.0188,0.0,0.0,0.2041,0.0,0.0,0.0,0.0188,0.0,0.0,0.4317,0.0,0.0,0.0,0.0401,C2,word_pos,confiant,A,confiant,ADJ
confisquer,VERB,C2,beacco,0.0,0.0188,0.0,0.0,0.2041,0.0,0.0,0.0,0.0188,0.0,0.0,0.4317,0.0,0.0,0.0,0.0401,C2,word_pos,confisquer,V,confisquer,VER
conspiration,NOUN,C2,beacco,0.0,0.0188,0.0,0.0,0.2041,0.0,0.0,0.0,0.0188,0.0,0.0,0.4317,0.0,0.0,0.0,0.0401,C2,word_pos,conspiration,N,conspiration,NOM
contrit,ADJ,C2,beacco,0.0,0.0188,0.0,0.0,0.2041,0.0,0.0,0.0,0.0188,0.0,0.0,0.4317,0.0,0.0,0.0,0.0401,C2,word_pos,contrit,A,contrit,ADJ
corset,NOUN,C2,beacco,0.0,0.0188,0.0,0.0,0.2041,0.0,0.0,0.0,0.0188,0.0,0.0,0.4317,0.0,0.0,0.0,0.0401,C2,word_pos,corset,N,corset,NOM
courroucer,VERB,C2,beacco,0.0,0.0188,0.0,0.0,0.2041,0.0,0.0,0.0,0.0188,0.0,0.0,0.4317,0.0,0.0,0.0,0.0401,C2,word_pos,courroucer,V,courroucer,VER
crispin,NOUN,C2,beacco,0.0,0.0188,0.0,0.0,0.2041,0.0,0.0,0.0,0.0188,0.0,0.0,0.4317,0.0,0.0,0.0,0.0401,C2,word_pos,crispin,N,crispin,NOM
crépu,ADJ,C2,beacco,0.0,0.0188,0.0,0.0,0.2041,0.0,0.0,0.0,0.0188,0.0,0.0,0.4317,0.0,0.0,0.0,0.0401,C2,word_pos,crépu,A,crépu,ADJ
curer,VERB,C2,beacco,0.0,0.0188,0.0,0.0,0.2041,0.0,0.0,0.0,0.0188,0.0,0.0,0.4317,0.0,0.0,0.0,0.0401,C2,word_pos,curer,V,curer,VER
décacheter,VERB,C2,beacco,0.0,0.0188,0.0,0.0,0.2041,0.0,0.0,0.0,0.0188,0.0,0.0,0.4317,0.0,0.0,0.0,0.0401,C2,word_pos,décacheter,V,décacheter,VER
démanteler,VERB,C2,beacco,0.0,0.0188,0.0,0.0,0.2041,0.0,0.0,0.0,0.0188,0.0,0.0,0.4317,0.0,0.0,0.0,0.0401,C2,word_pos,démanteler,V,démanteler,VER
feutre,NOUN,C2,beacco,0.0,0.0188,0.0,0.0,0.2041,0.0,0.0,0.0,0.0188,0.0,0.0,0.4317,0.0,0.0,0.0,0.0401,C2,word_pos,feutre,N,feutre,NOM
hennir,VERB,C2,beacco,0.0,0.0188,0.0,0.0,0.2041,0.0,0.0,0.0,0.0188,0.0,0.0,0.4317,0.0,0.0,0.0,0.0401,C2,word_pos,hennir,V,hennir,VER
immortel,NOUN,C2,beacco,0.0,0.0188,0.0,0.0,0.2041,0.0,0.0,0.0,0.0188,0.0,0.0,0.4317,0.0,0.0,0.0,0.0401,C2,word_pos,immortel,N,immortel,NOM
imprudemment,ADV,C2,beacco,0.0,0.0188,0.0,0.0,0.2041,0.0,0.0,0.0,0.0188,0.0,0.0,0.4317,0.0,0.0,0.0,0.0401,C2,word_pos,imprudemment,ADV,imprudemment,ADV
infamant,ADJ,C2,beacco,0.0,0.0188,0.0,0.0,0.2041,0.0,0.0,0.0,0.0188,0.0,0.0,0.4317,0.0,0.0,0.0,0.0401,C2,word_pos,infamant,A,infamant,ADJ
inimitié,NOUN,C2,beacco,0.0,0.0188,0.0,0.0,0.2041,0.0,0.0,0.0,0.0188,0.0,0.0,0.4317,0.0,0.0,0.0,0.0401,C2,word_pos,inimitié,N,inimitié,NOM
inévitablement,ADV,C2,beacco,0.0,0.0188,0.0,0.0,0.2041,0.0,0.0,0.0,0.0188,0.0,0.0,0.4317,0.0,0.0,0.0,0.0401,C2,word_pos,inévitablement,ADV,inévitablement,ADV
kitsch,ADJ,C2,beacco,0.0,0.0188,0.0,0.0,0.2041,0.0,0.0,0.0,0.0188,0.0,0.0,0.4317,0.0,0.0,0.0,0.0401,C2,word_pos,kitsch,A,kitsch,ADJ
lansquenet,NOUN,C2,beacco,0.0,0.0188,0.0,0.0,0.2041,0.0,0.0,0.0,0.0188,0.0,0.0,0.4317,0.0,0.0,0.0,0.0401,C2,word_pos,lansquenet,N,lansquenet,NOM
mainmise,NOUN,C2,beacco,0.0,0.0188,0.0,0.0,0.2041,0.0,0.0,0.0,0.0188,0.0,0.0,0.4317,0.0,0.0,0.0,0.0401,C2,word_pos,mainmise,N,mainmise,NOM
mousquet,NOUN,C2,beacco,0.0,0.0188,0.0,0.0,0.2041,0.0,0.0,0.0,0.0188,0.0,0.0,0.4317,0.0,0.0,0.0,0.0401,C2,word_pos,mousquet,N,mousquet,NOM
napolitain,ADJ,C2,beacco,0.0,0.0188,0.0,0.0,0.2041,0.0,0.0,0.0,0.0188,0.0,0.0,0.4317,0.0,0.0,0.0,0.0401,C2,word_pos,napolitain,A,napolitain,ADJ
naïveté,NOUN,C2,beacco,0.0,0.0188,0.0,0.0,0.2041,0.0,0.0,0.0,0.0188,0.0,0.0,0.4317,0.0,0.0,0.0,0.0401,C2,word_pos,naïveté,N,naïveté,NOM
nonchalamment,ADV,C2,beacco,0.0,0.0188,0.0,0.0,0.2041,0.0,0.0,0.0,0.0188,0.0,0.0,0.4317,0.0,0.0,0.0,0.0401,C2,word_pos,nonchalamment,ADV,nonchalamment,ADV
perdrix,NOUN,C2,beacco,0.0,0.0188,0.0,0.0,0.2041,0.0,0.0,0.0,0.0188,0.0,0.0,0.4317,0.0,0.0,0.0,0.0401,C2,word_pos,perdrix,N,perdrix,NOM
rabaisser,VERB,C2,beacco,0.0,0.0188,0.0,0.0,0.2041,0.0,0.0,0.0,0.0188,0.0,0.0,0.4317,0.0,0.0,0.0,0.0401,C2,word_pos,rabaisser,V,rabaisser,VER
rade,NOUN,C2,beacco,0.0,0.0188,0.0,0.0,0.2041,0.0,0.0,0.0,0.0188,0.0,0.0,0.4317,0.0,0.0,0.0,0.0401,C2,word_pos,rade,N,rade,NOM
rebondissant,ADJ,C2,beacco,0.0,0.0188,0.0,0.0,0.2041,0.0,0.0,0.0,0.0188,0.0,0.0,0.4317,0.0,0.0,0.0,0.0401,C2,word_pos,rebondissant,A,rebondissant,ADJ
sentence,NOUN,C2,beacco,0.0,0.0188,0.0,0.0,0.2041,0.0,0.0,0.0,0.0188,0.0,0.0,0.4317,0.0,0.0,0.0,0.0401,C2,word_pos,sentence,N,sentence,NOM
soubreveste,NOUN,C2,beacco,0.0,0.0188,0.0,0.0,0.2041,0.0,0.0,0.0,0.0188,0.0,0.0,0.4317,0.0,0.0,0.0,0.0401,C2,word_pos,soubreveste,N,soubreveste,NOM
soufflet,NOUN,C2,beacco,0.0,0.0188,0.0,0.0,0.2041,0.0,0.0,0.0,0.0188,0.0,0.0,0.4317,0.0,0.0,0.0,0.0401,C2,word_pos,soufflet,N,soufflet,NOM
superviseur,NOUN,C2,beacco,0.0,0.0188,0.0,0.0,0.2041,0.0,0.0,0.0,0.0188,0.0,0.0,0.4317,0.0,0.0,0.0,0.0401,C2,word_pos,superviseur,N,superviseur,NOM
sépulture,NOUN,C2,beacco,0.0,0.0188,0.0,0.0,0.2041,0.0,0.0,0.0,0.0188,0.0,0.0,0.4317,0.0,0.0,0.0,0.0401,C2,word_pos,sépulture,N,sépulture,NOM
touchant,ADJ,C2,beacco,0.0,0.0188,0.0,0.0,0.2041,0.0,0.0,0.0,0.0188,0.0,0.0,0.4317,0.0,0.0,0.0,0.0401,C2,word_pos,touchant,A,touchant,ADJ
travestir,VERB,C2,beacco,0.0,0.0188,0.0,0.0,0.2041,0.0,0.0,0.0,0.0188,0.0,0.0,0.4317,0.0,0.0,0.0,0.0401,C2,word_pos,travestir,V,travestir,VER
trône,NOUN,C2,beacco,0.0,0.0188,0.0,0.0,0.2041,0.0,0.0,0.0,0.0188,0.0,0.0,0.4317,0.0,0.0,0.0,0.0401,C2,word_pos,trône,N,trône,NOM
échevin,NOUN,C2,beacco,0.0,0.0188,0.0,0.0,0.2041,0.0,0.0,0.0,0.0188,0.0,0.0,0.4317,0.0,0.0,0.0,0.0401,C2,word_pos,échevin,N,échevin,NOM
étalage,NOUN,C2,beacco,0.0,0.0188,0.0,0.0,0.2041,0.0,0.0,0.0,0.0188,0.0,0.0,0.4317,0.0,0.0,0.0,0.0401,C2,word_pos,étalage,N,étalage,NOM
évasif,ADJ,C2,beacco,0.0,0.0188,0.0,0.0,0.2041,0.0,0.0,0.0,0.0188,0.0,0.0,0.4317,0.0,0.0,0.0,0.0401,C2,word_pos,évasif,A,évasif,ADJ
évêché,NOUN,C2,beacco,0.0,0.0188,0.0,0.0,0.2041,0.0,0.0,0.0,0.0188,0.0,0.0,0.4317,0.0,0.0,0.0,0.0401,C2,word_pos,évêché,N,évêché,NOM
aborigène,ADJ,C2,beacco,0.0,0.0187,0.0,0.3702,0.0,0.0,0.0,0.0,0.0187,0.0,0.606,0.0,0.0,0.0,0.0,0.0408,C2,word_pos,aborigène,A,aborigène,ADJ
affranchi,ADJ,C2,beacco,0.0,0.0187,0.0,0.3702,0.0,0.0,0.0,0.0,0.0187,0.0,0.606,0.0,0.0,0.0,0.0,0.0408,C2,word_pos,affranchi,A,affranchi,ADJ
alcootest,NOUN,C2,beacco,0.0,0.0187,0.0,0.3702,0.0,0.0,0.0,0.0,0.0187,0.0,0.606,0.0,0.0,0.0,0.0,0.0408,C2,word_pos,alcootest,N,alcootest,NOM
annexe,ADJ,C2,beacco,0.0,0.0187,0.0,0.3702,0.0,0.0,0.0,0.0,0.0187,0.0,0.606,0.0,0.0,0.0,0.0,0.0408,C2,word_pos,annexe,A,annexe,ADJ
aperçu,NOUN,C2,beacco,0.0,0.0187,0.0,0.3702,0.0,0.0,0.0,0.0,0.0187,0.0,0.606,0.0,0.0,0.0,0.0,0.0408,C2,word_pos,aperçu,N,aperçu,NOM
assainissement,NOUN,C2,beacco,0.0,0.0187,0.0,0.3702,0.0,0.0,0.0,0.0,0.0187,0.0,0.606,0.0,0.0,0.0,0.0,0.0408,C2,word_pos,assainissement,N,assainissement,NOM
bouffant,ADJ,C2,beacco,0.0,0.0187,0.0,0.3702,0.0,0.0,0.0,0.0,0.0187,0.0,0.606,0.0,0.0,0.0,0.0,0.0408,C2,word_pos,bouffant,A,bouffant,ADJ
bouffe,NOUN,C2,beacco,0.0,0.0187,0.0,0.3702,0.0,0.0,0.0,0.0,0.0187,0.0,0.606,0.0,0.0,0.0,0.0,0.0408,C2,word_pos,bouffe,N,bouffe,NOM
boum,NOUN,C2,beacco,0.0,0.0187,0.0,0.3702,0.0,0.0,0.0,0.0,0.0187,0.0,0.606,0.0,0.0,0.0,0.0,0.0408,C2,word_pos,boum,N,boum,NOM
broder,VERB,C2,beacco,0.0,0.0187,0.0,0.3702,0.0,0.0,0.0,0.0,0.0187,0.0,0.606,0.0,0.0,0.0,0.0,0.0408,C2,word_pos,broder,V,broder,VER
calamistrer,VERB,C2,beacco,0.0,0.0187,0.0,0.3702,0.0,0.0,0.0,0.0,0.0187,0.0,0.606,0.0,0.0,0.0,0.0,0.0408,C2,word_pos,calamistrer,V,calamistrer,VER
canaque,ADJ,C2,beacco,0.0,0.0187,0.0,0.3702,0.0,0.0,0.0,0.0,0.0187,0.0,0.606,0.0,0.0,0.0,0.0,0.0408,C2,word_pos,canaque,A,canaque,ADJ
carthaginois,ADJ,C2,beacco,0.0,0.0187,0.0,0.3702,0.0,0.0,0.0,0.0,0.0187,0.0,0.606,0.0,0.0,0.0,0.0,0.0408,C2,word_pos,carthaginois,A,carthaginois,ADJ
cil,NOUN,C2,beacco,0.0,0.0187,0.0,0.3702,0.0,0.0,0.0,0.0,0.0187,0.0,0.606,0.0,0.0,0.0,0.0,0.0408,C2,word_pos,cil,N,cil,NOM
concentrique,ADJ,C2,beacco,0.0,0.0187,0.0,0.3702,0.0,0.0,0.0,0.0,0.0187,0.0,0.606,0.0,0.0,0.0,0.0,0.0408,C2,word_pos,concentrique,A,concentrique,ADJ
coutumier,ADJ,C2,beacco,0.0,0.0187,0.0,0.3702,0.0,0.0,0.0,0.0,0.0187,0.0,0.606,0.0,0.0,0.0,0.0,0.0408,C2,word_pos,coutumier,A,coutumier,ADJ
dilettante,NOUN,C2,beacco,0.0,0.0187,0.0,0.3702,0.0,0.0,0.0,0.0,0.0187,0.0,0.606,0.0,0.0,0.0,0.0,0.0408,C2,word_pos,dilettante,N,dilettante,NOM
fromagerie,NOUN,C2,beacco,0.0,0.0187,0.0,0.3702,0.0,0.0,0.0,0.0,0.0187,0.0,0.606,0.0,0.0,0.0,0.0,0.0408,C2,word_pos,fromagerie,N,fromagerie,NOM
gazinière,NOUN,C2,beacco,0.0,0.0187,0.0,0.3702,0.0,0.0,0.0,0.0,0.0187,0.0,0.606,0.0,0.0,0.0,0.0,0.0408,C2,word_pos,gazinière,N,gazinière,NOM
hochement,NOUN,C2,beacco,0.0,0.0187,0.0,0.3702,0.0,0.0,0.0,0.0,0.0187,0.0,0.606,0.0,0.0,0.0,0.0,0.0408,C2,word_pos,hochement,N,hochement,NOM
impassibilité,NOUN,C2,beacco,0.0,0.0187,0.0,0.3702,0.0,0.0,0.0,0.0,0.0187,0.0,0.606,0.0,0.0,0.0,0.0,0.0408,C2,word_pos,impassibilité,N,impassibilité,NOM
instinctivement,ADV,C2,beacco,0.0,0.0187,0.0,0.3702,0.0,0.0,0.0,0.0,0.0187,0.0,0.606,0.0,0.0,0.0,0.0,0.0408,C2,word_pos,instinctivement,ADV,instinctivement,ADV
monogame,ADJ,C2,beacco,0.0,0.0187,0.0,0.3702,0.0,0.0,0.0,0.0,0.0187,0.0,0.606,0.0,0.0,0.0,0.0,0.0408,C2,word_pos,monogame,A,monogame,ADJ
oreillon,NOUN,C2,beacco,0.0,0.0187,0.0,0.3702,0.0,0.0,0.0,0.0,0.0187,0.0,0.606,0.0,0.0,0.0,0.0,0.0408,C2,word_pos,oreillon,N,oreillon,NOM
palabre,NOUN,C2,beacco,0.0,0.0187,0.0,0.3702,0.0,0.0,0.0,0.0,0.0187,0.0,0.606,0.0,0.0,0.0,0.0,0.0408,C2,word_pos,palabre,N,palabre,NOM
panafricain,ADJ,C2,beacco,0.0,0.0187,0.0,0.3702,0.0,0.0,0.0,0.0,0.0187,0.0,0.606,0.0,0.0,0.0,0.0,0.0408,C2,word_pos,panafricain,A,panafricain,ADJ
panthéon,NOUN,C2,beacco,0.0,0.0187,0.0,0.3702,0.0,0.0,0.0,0.0,0.0187,0.0,0.606,0.0,0.0,0.0,0.0,0.0408,C2,word_pos,panthéon,N,panthéon,NOM
pirate,NOUN,C2,beacco,0.0,0.0187,0.0,0.3702,0.0,0.0,0.0,0.0,0.0187,0.0,0.606,0.0,0.0,0.0,0.0,0.0408,C2,word_pos,pirate,N,pirate,NOM
polygamie,NOUN,C2,beacco,0.0,0.0187,0.0,0.3702,0.0,0.0,0.0,0.0,0.0187,0.0,0.606,0.0,0.0,0.0,0.0,0.0408,C2,word_pos,polygamie,N,polygamie,NOM
poursuivant,NOUN,C2,beacco,0.0,0.0187,0.0,0.3702,0.0,0.0,0.0,0.0,0.0187,0.0,0.606,0.0,0.0,0.0,0.0,0.0408,C2,word_pos,poursuivant,N,poursuivant,NOM
problématique,NOUN,C2,beacco,0.0,0.0187,0.0,0.3702,0.0,0.0,0.0,0.0,0.0187,0.0,0.606,0.0,0.0,0.0,0.0,0.0408,C2,word_pos,problématique,N,problématique,NOM
pâtir,VERB,C2,beacco,0.0,0.0187,0.0,0.3702,0.0,0.0,0.0,0.0,0.0187,0.0,0.606,0.0,0.0,0.0,0.0,0.0408,C2,word_pos,pâtir,V,pâtir,VER
sergent,NOUN,C2,beacco,0.0,0.0187,0.0,0.3702,0.0,0.0,0.0,0.0,0.0187,0.0,0.606,0.0,0.0,0.0,0.0,0.0408,C2,word_pos,sergent,N,sergent,NOM
statuette,NOUN,C2,beacco,0.0,0.0187,0.0,0.3702,0.0,0.0,0.0,0.0,0.0187,0.0,0.606,0.0,0.0,0.0,0.0,0.0408,C2,word_pos,statuette,N,statuette,NOM
tatouer,VERB,C2,beacco,0.0,0.0187,0.0,0.3702,0.0,0.0,0.0,0.0,0.0187,0.0,0.606,0.0,0.0,0.0,0.0,0.0408,C2,word_pos,tatouer,V,tatouer,VER
tenant,ADJ,C2,beacco,0.0,0.0187,0.0,0.3702,0.0,0.0,0.0,0.0,0.0187,0.0,0.606,0.0,0.0,0.0,0.0,0.0408,C2,word_pos,tenant,A,tenant,ADJ
tortue,NOUN,C2,beacco,0.0,0.0187,0.0,0.3702,0.0,0.0,0.0,0.0,0.0187,0.0,0.606,0.0,0.0,0.0,0.0,0.0408,C2,word_pos,tortue,N,tortue,NOM
ukulélé,NOUN,C2,beacco,0.0,0.0187,0.0,0.3702,0.0,0.0,0.0,0.0,0.0187,0.0,0.606,0.0,0.0,0.0,0.0,0.0408,C2,word_pos,ukulélé,N,ukulélé,NOM
vivrier,ADJ,C2,beacco,0.0,0.0187,0.0,0.3702,0.0,0.0,0.0,0.0,0.0187,0.0,0.606,0.0,0.0,0.0,0.0,0.0408,C2,word_pos,vivrier,A,vivrier,ADJ
électrotechnique,NOUN,C2,beacco,0.0,0.0187,0.0,0.3702,0.0,0.0,0.0,0.0,0.0187,0.0,0.606,0.0,0.0,0.0,0.0,0.0408,C2,unique_word,électrotechnique,N,électrotechnique,ADJ
étalon,NOUN,C2,beacco,0.0,0.0187,0.0,0.3702,0.0,0.0,0.0,0.0,0.0187,0.0,0.606,0.0,0.0,0.0,0.0,0.0408,C2,word_pos,étalon,N,étalon,NOM
porte-carte,NOUN,C2,beacco,0.0,0.0182,,,,,,,,0.0,0.0,0.0,0.6774,0.0,0.0,0.0182,C2,beacco_only,,,porte-carte,NOM
bot,ADJ,C2,beacco,0.0,0.0181,0.8215,0.0,0.0,0.0,0.0,0.0,0.0181,0.5987,0.0,0.0,0.0,0.0,0.0,0.011,C2,word_pos,bot,A,bot,ADJ
prochain,NOUN,C2,beacco,0.0,0.018,,,,,,,,0.0,0.3729,0.0,0.0,0.0,0.0,0.018,C2,beacco_only,,,prochain,NOM
propulseur,ADJ,C2,beacco,0.0,0.018,,,,,,,,0.0,0.3729,0.0,0.0,0.0,0.0,0.018,C2,beacco_only,,,propulseur,ADJ
cerf-volant,NOUN,C2,beacco,0.0,0.0178,,,,,,,,0.9713,0.0,0.0,0.0,0.0,0.0,0.0178,C2,beacco_only,,,cerf-volant,NOM
ya,NOUN,C2,beacco,0.0,0.0178,,,,,,,,0.9713,0.0,0.0,0.0,0.0,0.0,0.0178,C2,beacco_only,,,ya,NOM
anarchiste,NOUN,C2,beacco,0.0,0.0173,0.0,0.0,0.1883,0.0,0.0,0.0,0.0173,0.0,0.0,0.3933,0.0,0.0,0.0,0.0365,C2,word_pos,anarchiste,N,anarchiste,NOM
bestialité,NOUN,C2,beacco,0.0,0.0173,0.0,0.0,0.1883,0.0,0.0,0.0,0.0173,0.0,0.0,0.3933,0.0,0.0,0.0,0.0365,C2,word_pos,bestialité,N,bestialité,NOM
boiteux,ADJ,C2,beacco,0.0,0.0173,0.0,0.0,0.1883,0.0,0.0,0.0,0.0173,0.0,0.0,0.3933,0.0,0.0,0.0,0.0365,C2,word_pos,boiteux,A,boiteux,ADJ
crûment,ADV,C2,beacco,0.0,0.0173,0.0,0.0,0.1883,0.0,0.0,0.0,0.0173,0.0,0.0,0.3933,0.0,0.0,0.0,0.0365,C2,word_pos,crûment,ADV,crûment,ADV
darne,NOUN,C2,beacco,0.0,0.0173,0.0,0.0,0.1883,0.0,0.0,0.0,0.0173,0.0,0.0,0.3933,0.0,0.0,0.0,0.0365,C2,word_pos,darne,N,darne,NOM
dégoûtant,ADJ,C2,beacco,0.0,0.0173,0.0,0.0,0.1883,0.0,0.0,0.0,0.0173,0.0,0.0,0.3933,0.0,0.0,0.0,0.0365,C2,word_pos,dégoûtant,A,dégoûtant,ADJ
infirme,NOUN,C2,beacco,0.0,0.0173,0.0,0.0,0.1883,0.0,0.0,0.0,0.0173,0.0,0.0,0.3933,0.0,0.0,0.0,0.0365,C2,unique_word,infirme,N,infirme,ADJ
pauvrement,ADV,C2,beacco,0.0,0.0173,0.0,0.0,0.1883,0.0,0.0,0.0,0.0173,0.0,0.0,0.3933,0.0,0.0,0.0,0.0365,C2,word_pos,pauvrement,ADV,pauvrement,ADV
prostitution,NOUN,C2,beacco,0.0,0.0173,0.0,0.0,0.1883,0.0,0.0,0.0,0.0173,0.0,0.0,0.3933,0.0,0.0,0.0,0.0365,C2,word_pos,prostitution,N,prostitution,NOM
savonner,VERB,C2,beacco,0.0,0.0173,0.0,0.0,0.1883,0.0,0.0,0.0,0.0173,0.0,0.0,0.3933,0.0,0.0,0.0,0.0365,C2,word_pos,savonner,V,savonner,VER
surchauffer,VERB,C2,beacco,0.0,0.0173,0.0,0.0,0.1883,0.0,0.0,0.0,0.0173,0.0,0.0,0.3933,0.0,0.0,0.0,0.0365,C2,word_pos,surchauffer,V,surchauffer,VER
tare,NOUN,C2,beacco,0.0,0.0173,0.0,0.0,0.1883,0.0,0.0,0.0,0.0173,0.0,0.0,0.3933,0.0,0.0,0.0,0.0365,C2,word_pos,tare,N,tare,NOM
aicher,VERB,C2,beacco,0.0,0.0168,,,,,,,,0.9121,0.0,0.0,0.0,0.0,0.0,0.0168,C2,beacco_only,,,aicher,VER
pause-café,NOUN,C2,beacco,0.0,0.0168,,,,,,,,0.9121,0.0,0.0,0.0,0.0,0.0,0.0168,C2,beacco_only,,,pause-café,NOM
t-shirt,NOUN,C2,beacco,0.0,0.0168,,,,,,,,0.9121,0.0,0.0,0.0,0.0,0.0,0.0168,C2,beacco_only,,,t-shirt,NOM
adjuvant,NOUN,C2,beacco,0.0,0.0167,0.0,0.0,0.1812,0.0,0.0,0.0,0.0167,0.0,0.0,0.185,0.0,0.0,0.0,0.0472,C2,word_pos,adjuvant,N,adjuvant,NOM
alsacien,ADJ,C2,beacco,0.0,0.0167,0.0,0.0,0.1812,0.0,0.0,0.0,0.0167,0.0,0.0,0.185,0.0,0.0,0.0,0.0472,C2,word_pos,alsacien,A,alsacien,ADJ
cuivré,ADJ,C2,beacco,0.0,0.0167,0.0,0.0,0.1815,0.0,0.0,0.0,0.0167,0.0,0.0,0.2504,0.0,0.0,0.0,0.0233,C2,word_pos,cuivré,A,cuivré,ADJ
cèpe,NOUN,C2,beacco,0.0,0.0167,0.0,0.0,0.1815,0.0,0.0,0.0,0.0167,0.0,0.0,0.2504,0.0,0.0,0.0,0.0233,C2,word_pos,cèpe,N,cèpe,NOM
dressing,NOUN,C2,beacco,0.0,0.0167,0.0,0.331,0.0,0.0,0.0,0.0,0.0167,0.0,0.2129,0.0,0.0,0.0,0.0,0.0276,C2,word_pos,dressing,N,dressing,NOM
dynamite,NOUN,C2,beacco,0.0,0.0167,0.0,0.0,0.1812,0.0,0.0,0.0,0.0167,0.0,0.0,0.185,0.0,0.0,0.0,0.0472,C2,word_pos,dynamite,N,dynamite,NOM
fermement,ADV,C2,beacco,0.0,0.0167,0.0,0.0,0.1815,0.0,0.0,0.0,0.0167,0.0,0.0,0.2504,0.0,0.0,0.0,0.0233,C2,word_pos,fermement,ADV,fermement,ADV
flamant,NOUN,C2,beacco,0.0,0.0167,0.0,0.0,0.1812,0.0,0.0,0.0,0.0167,0.0,0.0,0.185,0.0,0.0,0.0,0.0472,C2,word_pos,flamant,N,flamant,NOM
gardian,NOUN,C2,beacco,0.0,0.0167,0.0,0.0,0.1812,0.0,0.0,0.0,0.0167,0.0,0.0,0.185,0.0,0.0,0.0,0.0472,C2,word_pos,gardian,N,gardian,NOM
géranium,NOUN,C2,beacco,0.0,0.0167,0.0,0.0,0.1815,0.0,0.0,0.0,0.0167,0.0,0.0,0.2504,0.0,0.0,0.0,0.0233,C2,word_pos,géranium,N,géranium,NOM
héron,NOUN,C2,beacco,0.0,0.0167,0.0,0.0,0.1812,0.0,0.0,0.0,0.0167,0.0,0.0,0.185,0.0,0.0,0.0,0.0472,C2,word_pos,héron,N,héron,NOM
influent,ADJ,C2,beacco,0.0,0.0167,0.0,0.0,0.1815,0.0,0.0,0.0,0.0167,0.0,0.0,0.2504,0.0,0.0,0.0,0.0233,C2,word_pos,influent,A,influent,ADJ
marécage,NOUN,C2,beacco,0.0,0.0167,0.0,0.0,0.1812,0.0,0.0,0.0,0.0167,0.0,0.0,0.185,0.0,0.0,0.0,0.0472,C2,word_pos,marécage,N,marécage,NOM
meute,NOUN,C2,beacco,0.0,0.0167,0.0,0.0,0.1812,0.0,0.0,0.0,0.0167,0.0,0.0,0.185,0.0,0.0,0.0,0.0472,C2,word_pos,meute,N,meute,NOM
mouflon,NOUN,C2,beacco,0.0,0.0167,0.0,0.0,0.1812,0.0,0.0,0.0,0.0167,0.0,0.0,0.185,0.0,0.0,0.0,0.0472,C2,word_pos,mouflon,N,mouflon,NOM
opale,ADJ,C2,beacco,0.0,0.0167,0.0,0.0,0.1815,0.0,0.0,0.0,0.0167,0.0,0.0,0.2504,0.0,0.0,0.0,0.0233,C2,word_pos,opale,A,opale,ADJ
orchidée,NOUN,C2,beacco,0.0,0.0167,0.0,0.0,0.1815,0.0,0.0,0.0,0.0167,0.0,0.0,0.2504,0.0,0.0,0.0,0.0233,C2,word_pos,orchidée,N,orchidée,NOM
raidir,VERB,C2,beacco,0.0,0.0167,0.0,0.0,0.1815,0.0,0.0,0.0,0.0167,0.0,0.0,0.2504,0.0,0.0,0.0,0.0233,C2,word_pos,raidir,V,raidir,VER
rhododendron,NOUN,C2,beacco,0.0,0.0167,0.0,0.0,0.1815,0.0,0.0,0.0,0.0167,0.0,0.0,0.2504,0.0,0.0,0.0,0.0233,C2,word_pos,rhododendron,N,rhododendron,NOM
soucoupe,NOUN,C2,beacco,0.0,0.0167,0.0,0.0,0.1812,0.0,0.0,0.0,0.0167,0.0,0.0,0.185,0.0,0.0,0.0,0.0472,C2,word_pos,soucoupe,N,soucoupe,NOM
tract,NOUN,C2,beacco,0.0,0.0167,0.0,0.0,0.1812,0.0,0.0,0.0,0.0167,0.0,0.0,0.185,0.0,0.0,0.0,0.0472,C2,word_pos,tract,N,tract,NOM
turquoise,ADJ,C2,beacco,0.0,0.0167,0.0,0.0,0.1815,0.0,0.0,0.0,0.0167,0.0,0.0,0.2504,0.0,0.0,0.0,0.0233,C2,word_pos,turquoise,A,turquoise,ADJ
bouillant,ADJ,C2,beacco,0.0,0.0163,0.0,0.3228,0.0,0.0,0.0,0.0,0.0163,0.0,0.186,0.0,0.0,0.0,0.0,0.009,C2,word_pos,bouillant,A,bouillant,ADJ
créneau,NOUN,C2,beacco,0.0,0.0163,0.0,0.3228,0.0,0.0,0.0,0.0,0.0163,0.0,0.186,0.0,0.0,0.0,0.0,0.009,C2,word_pos,créneau,N,créneau,NOM
hutte,NOUN,C2,beacco,0.0,0.0163,0.0,0.3228,0.0,0.0,0.0,0.0,0.0163,0.0,0.186,0.0,0.0,0.0,0.0,0.009,C2,word_pos,hutte,N,hutte,NOM
palissade,NOUN,C2,beacco,0.0,0.0163,0.0,0.3228,0.0,0.0,0.0,0.0,0.0163,0.0,0.186,0.0,0.0,0.0,0.0,0.009,C2,word_pos,palissade,N,palissade,NOM
réconfort,NOUN,C2,beacco,0.0,0.0163,0.0,0.3228,0.0,0.0,0.0,0.0,0.0163,0.0,0.186,0.0,0.0,0.0,0.0,0.009,C2,word_pos,réconfort,N,réconfort,NOM
trouvère,NOUN,C2,beacco,0.0,0.0163,0.0,0.3228,0.0,0.0,0.0,0.0,0.0163,0.0,0.186,0.0,0.0,0.0,0.0,0.009,C2,word_pos,trouvère,N,trouvère,NOM
américaniser,VERB,C2,beacco,0.0,0.0162,0.0,0.3209,0.0,0.0,0.0,0.0,0.0162,0.0,0.6228,0.0,0.0,0.0,0.0,0.0472,C2,word_pos,américaniser,V,américaniser,VER
aubade,NOUN,C2,beacco,0.0,0.0162,0.0,0.3209,0.0,0.0,0.0,0.0,0.0162,0.0,0.6228,0.0,0.0,0.0,0.0,0.0472,C2,word_pos,aubade,N,aubade,NOM
bison,NOUN,C2,beacco,0.0,0.0162,0.0,0.3209,0.0,0.0,0.0,0.0,0.0162,0.0,0.6228,0.0,0.0,0.0,0.0,0.0472,C2,word_pos,bison,N,bison,NOM
bouquiniste,NOUN,C2,beacco,0.0,0.0162,0.0,0.3209,0.0,0.0,0.0,0.0,0.0162,0.0,0.6228,0.0,0.0,0.0,0.0,0.0472,C2,word_pos,bouquiniste,N,bouquiniste,NOM
cassoulet,NOUN,C2,beacco,0.0,0.0162,0.0,0.3209,0.0,0.0,0.0,0.0,0.0162,0.0,0.6228,0.0,0.0,0.0,0.0,0.0472,C2,word_pos,cassoulet,N,cassoulet,NOM
cerisier,NOUN,C2,beacco,0.0,0.0162,0.0,0.3209,0.0,0.0,0.0,0.0,0.0162,0.0,0.6228,0.0,0.0,0.0,0.0,0.0472,C2,word_pos,cerisier,N,cerisier,NOM
disquaire,NOUN,C2,beacco,0.0,0.0162,0.0,0.3209,0.0,0.0,0.0,0.0,0.0162,0.0,0.6228,0.0,0.0,0.0,0.0,0.0472,C2,word_pos,disquaire,N,disquaire,NOM
désapprouver,VERB,C2,beacco,0.0,0.0162,0.0,0.3209,0.0,0.0,0.0,0.0,0.0162,0.0,0.6228,0.0,0.0,0.0,0.0,0.0472,C2,word_pos,désapprouver,V,désapprouver,VER
indiscret,ADJ,C2,beacco,0.0,0.0162,0.0,0.3209,0.0,0.0,0.0,0.0,0.0162,0.0,0.6228,0.0,0.0,0.0,0.0,0.0472,C2,word_pos,indiscret,A,indiscret,ADJ
marocain,NOUN,C2,beacco,0.0,0.0162,0.0,0.3209,0.0,0.0,0.0,0.0,0.0162,0.0,0.4664,0.0,0.0,0.0,0.0,0.0338,C2,word_pos,marocain,N,marocain,NOM
néon,NOUN,C2,beacco,0.0,0.0162,0.0,0.3209,0.0,0.0,0.0,0.0,0.0162,0.0,0.6228,0.0,0.0,0.0,0.0,0.0472,C2,word_pos,néon,N,néon,NOM
pingouin,NOUN,C2,beacco,0.0,0.0162,0.0,0.3209,0.0,0.0,0.0,0.0,0.0162,0.0,0.6228,0.0,0.0,0.0,0.0,0.0472,C2,word_pos,pingouin,N,pingouin,NOM
publiquement,ADV,C2,beacco,0.0,0.0162,0.0,0.3209,0.0,0.0,0.0,0.0,0.0162,0.0,0.6228,0.0,0.0,0.0,0.0,0.0472,C2,word_pos,publiquement,ADV,publiquement,ADV
rallier,VERB,C2,beacco,0.0,0.0162,0.0,0.3209,0.0,0.0,0.0,0.0,0.0162,0.0,0.6228,0.0,0.0,0.0,0.0,0.0472,C2,word_pos,rallier,V,rallier,VER
remontée,NOUN,C2,beacco,0.0,0.0162,0.0,0.3209,0.0,0.0,0.0,0.0,0.0162,0.0,0.6228,0.0,0.0,0.0,0.0,0.0472,C2,word_pos,remontée,N,remontée,NOM
sari,NOUN,C2,beacco,0.0,0.0162,0.0,0.3209,0.0,0.0,0.0,0.0,0.0162,0.0,0.6228,0.0,0.0,0.0,0.0,0.0472,C2,word_pos,sari,N,sari,NOM
spéléologie,NOUN,C2,beacco,0.0,0.0162,0.0,0.3209,0.0,0.0,0.0,0.0,0.0162,0.0,0.6228,0.0,0.0,0.0,0.0,0.0472,C2,word_pos,spéléologie,N,spéléologie,NOM
verdict,NOUN,C2,beacco,0.0,0.0162,0.0,0.3209,0.0,0.0,0.0,0.0,0.0162,0.0,0.6228,0.0,0.0,0.0,0.0,0.0472,C2,word_pos,verdict,N,verdict,NOM
accordéon,NOUN,C2,beacco,0.0,0.0161,0.0,0.0,0.0,0.7062,0.0,0.0,0.0161,0.0,0.0,0.0,1.2705,0.0,0.0,0.0342,C2,word_pos,accordéon,N,accordéon,NOM
accrochage,NOUN,C2,beacco,0.0,0.0161,0.0,0.0,0.0,0.7062,0.0,0.0,0.0161,0.0,0.0,0.0,1.2705,0.0,0.0,0.0342,C2,word_pos,accrochage,N,accrochage,NOM
affectivement,ADV,C2,beacco,0.0,0.0161,0.0,0.0,0.0,0.7062,0.0,0.0,0.0161,0.0,0.0,0.0,1.2705,0.0,0.0,0.0342,C2,word_pos,affectivement,ADV,affectivement,ADV
affleurer,VERB,C2,beacco,0.0,0.0161,0.0,0.0,0.0,0.7062,0.0,0.0,0.0161,0.0,0.0,0.0,1.2705,0.0,0.0,0.0342,C2,word_pos,affleurer,V,affleurer,VER
alarmant,ADJ,C2,beacco,0.0,0.0161,0.0,0.0,0.0,0.7062,0.0,0.0,0.0161,0.0,0.0,0.0,1.2705,0.0,0.0,0.0342,C2,word_pos,alarmant,A,alarmant,ADJ
alphabétique,ADJ,C2,beacco,0.0,0.0161,0.0,0.0,0.0,0.7062,0.0,0.0,0.0161,0.0,0.0,0.0,1.2705,0.0,0.0,0.0342,C2,word_pos,alphabétique,A,alphabétique,ADJ
amincir,VERB,C2,beacco,0.0,0.0161,0.0,0.0,0.0,0.7062,0.0,0.0,0.0161,0.0,0.0,0.0,1.2705,0.0,0.0,0.0342,C2,word_pos,amincir,V,amincir,VER
antijeunes,ADJ,C2,beacco,0.0,0.0161,0.0,0.0,0.0,0.7062,0.0,0.0,0.0161,0.0,0.0,0.0,1.2705,0.0,0.0,0.0342,C2,word_pos,antijeunes,A,antijeunes,ADJ
ardent,ADJ,C2,beacco,0.0,0.0161,0.0,0.0,0.0,0.7062,0.0,0.0,0.0161,0.0,0.0,0.0,1.2705,0.0,0.0,0.0342,C2,word_pos,ardent,A,ardent,ADJ
arrivage,NOUN,C2,beacco,0.0,0.0161,0.0,0.0,0.0,0.7062,0.0,0.0,0.0161,0.0,0.0,0.0,1.2705,0.0,0.0,0.0342,C2,word_pos,arrivage,N,arrivage,NOM
assourdir,VERB,C2,beacco,0.0,0.0161,0.0,0.0,0.0,0.7062,0.0,0.0,0.0161,0.0,0.0,0.0,1.2705,0.0,0.0,0.0342,C2,word_pos,assourdir,V,assourdir,VER
atavique,ADJ,C2,beacco,0.0,0.0161,0.0,0.0,0.0,0.7062,0.0,0.0,0.0161,0.0,0.0,0.0,1.2705,0.0,0.0,0.0342,C2,word_pos,atavique,A,atavique,ADJ
attrouper,VERB,C2,beacco,0.0,0.0161,0.0,0.0,0.0,0.7062,0.0,0.0,0.0161,0.0,0.0,0.0,1.2705,0.0,0.0,0.0342,C2,word_pos,attrouper,V,attrouper,VER
barioler,VERB,C2,beacco,0.0,0.0161,0.0,0.0,0.0,0.7062,0.0,0.0,0.0161,0.0,0.0,0.0,1.2705,0.0,0.0,0.0342,C2,word_pos,barioler,V,barioler,VER
bercail,NOUN,C2,beacco,0.0,0.0161,0.0,0.0,0.0,0.7062,0.0,0.0,0.0161,0.0,0.0,0.0,1.2705,0.0,0.0,0.0342,C2,word_pos,bercail,N,bercail,NOM
bisquer,VERB,C2,beacco,0.0,0.0161,0.0,0.0,0.0,0.7062,0.0,0.0,0.0161,0.0,0.0,0.0,1.2705,0.0,0.0,0.0342,C2,word_pos,bisquer,V,bisquer,VER
blabla,NOUN,C2,beacco,0.0,0.0161,0.0,0.0,0.0,0.7062,0.0,0.0,0.0161,0.0,0.0,0.0,1.2705,0.0,0.0,0.0342,C2,word_pos,blabla,N,blabla,NOM
boiserie,NOUN,C2,beacco,0.0,0.0161,0.0,0.0,0.0,0.7062,0.0,0.0,0.0161,0.0,0.0,0.0,1.2705,0.0,0.0,0.0342,C2,word_pos,boiserie,N,boiserie,NOM
by,X,C2,beacco,0.0,0.0161,0.0,0.0,0.0,0.7062,0.0,0.0,0.0161,0.0,0.0,0.0,1.2705,0.0,0.0,0.0342,C2,unique_word,by,X,by,NOM
bénédiction,NOUN,C2,beacco,0.0,0.0161,0.0,0.0,0.0,0.7062,0.0,0.0,0.0161,0.0,0.0,0.0,1.2705,0.0,0.0,0.0342,C2,word_pos,bénédiction,N,bénédiction,NOM
cannelloni,NOUN,C2,beacco,0.0,0.0161,0.0,0.0,0.0,0.7062,0.0,0.0,0.0161,0.0,0.0,0.0,1.2705,0.0,0.0,0.0342,C2,word_pos,cannelloni,N,cannelloni,NOM
caser,VERB,C2,beacco,0.0,0.0161,0.0,0.0,0.0,0.7062,0.0,0.0,0.0161,0.0,0.0,0.0,1.2705,0.0,0.0,0.0342,C2,word_pos,caser,V,caser,VER
cassolette,NOUN,C2,beacco,0.0,0.0161,0.0,0.0,0.0,0.7062,0.0,0.0,0.0161,0.0,0.0,0.0,1.2705,0.0,0.0,0.0342,C2,word_pos,cassolette,N,cassolette,NOM
chateaubriand,NOUN,C2,beacco,0.0,0.0161,0.0,0.0,0.0,0.7062,0.0,0.0,0.0161,0.0,0.0,0.0,1.2705,0.0,0.0,0.0342,C2,word_pos,chateaubriand,N,chateaubriand,NOM
chouchouter,VERB,C2,beacco,0.0,0.0161,0.0,0.0,0.0,0.7062,0.0,0.0,0.0161,0.0,0.0,0.0,1.2705,0.0,0.0,0.0342,C2,word_pos,chouchouter,V,chouchouter,VER
cochonnaille,NOUN,C2,beacco,0.0,0.0161,0.0,0.0,0.0,0.7062,0.0,0.0,0.0161,0.0,0.0,0.0,1.2705,0.0,0.0,0.0342,C2,word_pos,cochonnaille,N,cochonnaille,NOM
contreficher,VERB,C2,beacco,0.0,0.0161,0.0,0.0,0.0,0.7062,0.0,0.0,0.0161,0.0,0.0,0.0,1.2705,0.0,0.0,0.0342,C2,word_pos,contreficher,V,contreficher,VER
crustacé,NOUN,C2,beacco,0.0,0.0161,0.0,0.0,0.0,0.7062,0.0,0.0,0.0161,0.0,0.0,0.0,1.2705,0.0,0.0,0.0342,C2,word_pos,crustacé,N,crustacé,NOM
culot,NOUN,C2,beacco,0.0,0.0161,0.0,0.0,0.0,0.7062,0.0,0.0,0.0161,0.0,0.0,0.0,1.2705,0.0,0.0,0.0342,C2,word_pos,culot,N,culot,NOM
dissident,NOUN,C2,beacco,0.0,0.0161,0.0,0.0,0.0,0.7062,0.0,0.0,0.0161,0.0,0.0,0.0,1.2705,0.0,0.0,0.0342,C2,word_pos,dissident,N,dissident,NOM
divertir,VERB,C2,beacco,0.0,0.0161,0.0,0.0,0.0,0.7062,0.0,0.0,0.0161,0.0,0.0,0.0,1.2705,0.0,0.0,0.0342,C2,word_pos,divertir,V,divertir,VER
dodu,ADJ,C2,beacco,0.0,0.0161,0.0,0.0,0.0,0.7062,0.0,0.0,0.0161,0.0,0.0,0.0,1.2705,0.0,0.0,0.0342,C2,word_pos,dodu,A,dodu,ADJ
doper,VERB,C2,beacco,0.0,0.0161,0.0,0.0,0.0,0.7062,0.0,0.0,0.0161,0.0,0.0,0.0,1.2705,0.0,0.0,0.0342,C2,word_pos,doper,V,doper,VER
décimètre,NOUN,C2,beacco,0.0,0.0161,0.0,0.0,0.0,0.7062,0.0,0.0,0.0161,0.0,0.0,0.0,1.2705,0.0,0.0,0.0342,C2,word_pos,décimètre,N,décimètre,NOM
démotivation,NOUN,C2,beacco,0.0,0.0161,0.0,0.0,0.0,0.7062,0.0,0.0,0.0161,0.0,0.0,0.0,1.2705,0.0,0.0,0.0342,C2,word_pos,démotivation,N,démotivation,NOM
démotiver,VERB,C2,beacco,0.0,0.0161,0.0,0.0,0.0,0.7062,0.0,0.0,0.0161,0.0,0.0,0.0,1.2705,0.0,0.0,0.0342,C2,word_pos,démotiver,V,démotiver,VER
encombre,NOUN,C2,beacco,0.0,0.0161,0.0,0.0,0.0,0.7062,0.0,0.0,0.0161,0.0,0.0,0.0,1.2705,0.0,0.0,0.0342,C2,word_pos,encombre,N,encombre,NOM
enfourcher,VERB,C2,beacco,0.0,0.0161,0.0,0.0,0.0,0.7062,0.0,0.0,0.0161,0.0,0.0,0.0,1.2705,0.0,0.0,0.0342,C2,word_pos,enfourcher,V,enfourcher,VER
fantasmer,VERB,C2,beacco,0.0,0.0161,0.0,0.0,0.0,0.7062,0.0,0.0,0.0161,0.0,0.0,0.0,1.2705,0.0,0.0,0.0342,C2,word_pos,fantasmer,V,fantasmer,VER
flemmard,ADJ,C2,beacco,0.0,0.0161,0.0,0.0,0.0,0.7062,0.0,0.0,0.0161,0.0,0.0,0.0,1.2705,0.0,0.0,0.0342,C2,word_pos,flemmard,A,flemmard,ADJ
foncièrement,ADV,C2,beacco,0.0,0.0161,0.0,0.0,0.0,0.7062,0.0,0.0,0.0161,0.0,0.0,0.0,1.2705,0.0,0.0,0.0342,C2,word_pos,foncièrement,ADV,foncièrement,ADV
frise,NOUN,C2,beacco,0.0,0.0161,0.0,0.0,0.0,0.7062,0.0,0.0,0.0161,0.0,0.0,0.0,1.2705,0.0,0.0,0.0342,C2,word_pos,frise,N,frise,NOM
fumiste,NOUN,C2,beacco,0.0,0.0161,0.0,0.0,0.0,0.7062,0.0,0.0,0.0161,0.0,0.0,0.0,1.2705,0.0,0.0,0.0342,C2,word_pos,fumiste,N,fumiste,NOM
gageure,NOUN,C2,beacco,0.0,0.0161,0.0,0.0,0.0,0.7062,0.0,0.0,0.0161,0.0,0.0,0.0,1.2705,0.0,0.0,0.0342,C2,word_pos,gageure,N,gageure,NOM
gargariser,VERB,C2,beacco,0.0,0.0161,0.0,0.0,0.0,0.7062,0.0,0.0,0.0161,0.0,0.0,0.0,1.2705,0.0,0.0,0.0342,C2,word_pos,gargariser,V,gargariser,VER
golden,ADJ,C2,beacco,0.0,0.0161,0.0,0.0,0.0,0.7062,0.0,0.0,0.0161,0.0,0.0,0.0,1.2705,0.0,0.0,0.0342,C2,unique_word,golden,A,golden,NOM
grondement,NOUN,C2,beacco,0.0,0.0161,0.0,0.0,0.0,0.7062,0.0,0.0,0.0161,0.0,0.0,0.0,1.2705,0.0,0.0,0.0342,C2,word_pos,grondement,N,grondement,NOM
généreusement,ADV,C2,beacco,0.0,0.0161,0.0,0.0,0.0,0.7062,0.0,0.0,0.0161,0.0,0.0,0.0,1.2705,0.0,0.0,0.0342,C2,word_pos,généreusement,ADV,généreusement,ADV
habitable,ADJ,C2,beacco,0.0,0.0161,0.0,0.0,0.0,0.7062,0.0,0.0,0.0161,0.0,0.0,0.0,1.2705,0.0,0.0,0.0342,C2,word_pos,habitable,A,habitable,ADJ
harcèlement,NOUN,C2,beacco,0.0,0.0161,0.0,0.0,0.0,0.7062,0.0,0.0,0.0161,0.0,0.0,0.0,1.2705,0.0,0.0,0.0342,C2,word_pos,harcèlement,N,harcèlement,NOM
idéaliste,ADJ,C2,beacco,0.0,0.0161,0.0,0.0,0.0,0.7062,0.0,0.0,0.0161,0.0,0.0,0.0,1.2705,0.0,0.0,0.0342,C2,word_pos,idéaliste,A,idéaliste,ADJ
immortaliser,VERB,C2,beacco,0.0,0.0161,0.0,0.0,0.0,0.7062,0.0,0.0,0.0161,0.0,0.0,0.0,1.2705,0.0,0.0,0.0342,C2,word_pos,immortaliser,V,immortaliser,VER
indolore,ADJ,C2,beacco,0.0,0.0161,0.0,0.0,0.0,0.7062,0.0,0.0,0.0161,0.0,0.0,0.0,1.2705,0.0,0.0,0.0342,C2,word_pos,indolore,A,indolore,ADJ
ineffable,ADJ,C2,beacco,0.0,0.0161,0.0,0.0,0.0,0.7062,0.0,0.0,0.0161,0.0,0.0,0.0,1.2705,0.0,0.0,0.0342,C2,word_pos,ineffable,A,ineffable,ADJ
inefficacité,NOUN,C2,beacco,0.0,0.0161,0.0,0.0,0.0,0.7062,0.0,0.0,0.0161,0.0,0.0,0.0,1.2705,0.0,0.0,0.0342,C2,word_pos,inefficacité,N,inefficacité,NOM
initialement,ADV,C2,beacco,0.0,0.0161,0.0,0.0,0.0,0.7062,0.0,0.0,0.0161,0.0,0.0,0.0,1.2705,0.0,0.0,0.0342,C2,word_pos,initialement,ADV,initialement,ADV
intermède,NOUN,C2,beacco,0.0,0.0161,0.0,0.0,0.0,0.7062,0.0,0.0,0.0161,0.0,0.0,0.0,1.2705,0.0,0.0,0.0342,C2,word_pos,intermède,N,intermède,NOM
intrigant,ADJ,C2,beacco,0.0,0.0161,0.0,0.0,0.0,0.7062,0.0,0.0,0.0161,0.0,0.0,0.0,1.2705,0.0,0.0,0.0342,C2,word_pos,intrigant,A,intrigant,ADJ
kangourou,NOUN,C2,beacco,0.0,0.0161,0.0,0.0,0.0,0.7062,0.0,0.0,0.0161,0.0,0.0,0.0,1.2705,0.0,0.0,0.0342,C2,word_pos,kangourou,N,kangourou,NOM
kiné,VERB,C2,beacco,0.0,0.0161,0.0,0.0,0.0,0.7062,0.0,0.0,0.0161,0.0,0.0,0.0,1.2705,0.0,0.0,0.0342,C2,unique_word,kiné,V,kiné,NOM
laïcisation,NOUN,C2,beacco,0.0,0.0161,0.0,0.0,0.0,0.7062,0.0,0.0,0.0161,0.0,0.0,0.0,1.2705,0.0,0.0,0.0342,C2,word_pos,laïcisation,N,laïcisation,NOM
magnifier,VERB,C2,beacco,0.0,0.0161,0.0,0.0,0.0,0.7062,0.0,0.0,0.0161,0.0,0.0,0.0,1.2705,0.0,0.0,0.0342,C2,word_pos,magnifier,V,magnifier,VER
maximiser,VERB,C2,beacco,0.0,0.0161,0.0,0.0,0.0,0.7062,0.0,0.0,0.0161,0.0,0.0,0.0,1.2705,0.0,0.0,0.0342,C2,word_pos,maximiser,V,maximiser,VER
monotonie,NOUN,C2,beacco,0.0,0.0161,0.0,0.0,0.0,0.7062,0.0,0.0,0.0161,0.0,0.0,0.0,1.2705,0.0,0.0,0.0342,C2,word_pos,monotonie,N,monotonie,NOM
mortifère,ADJ,C2,beacco,0.0,0.0161,0.0,0.0,0.0,0.7062,0.0,0.0,0.0161,0.0,0.0,0.0,1.2705,0.0,0.0,0.0342,C2,word_pos,mortifère,A,mortifère,ADJ
musette,NOUN,C2,beacco,0.0,0.0161,0.0,0.0,0.0,0.7062,0.0,0.0,0.0161,0.0,0.0,0.0,1.2705,0.0,0.0,0.0342,C2,word_pos,musette,N,musette,NOM
mécréant,NOUN,C2,beacco,0.0,0.0161,0.0,0.0,0.0,0.7062,0.0,0.0,0.0161,0.0,0.0,0.0,1.2705,0.0,0.0,0.0342,C2,word_pos,mécréant,N,mécréant,NOM
mécène,NOUN,C2,beacco,0.0,0.0161,0.0,0.0,0.0,0.7062,0.0,0.0,0.0161,0.0,0.0,0.0,1.2705,0.0,0.0,0.0342,C2,word_pos,mécène,N,mécène,NOM
nuer,VERB,C2,beacco,0.0,0.0161,0.0,0.0,0.0,0.7062,0.0,0.0,0.0161,0.0,0.0,0.4317,0.0,0.0,0.0,0.0401,C2,word_pos,nuer,V,nuer,VER
obscurcir,VERB,C2,beacco,0.0,0.0161,0.0,0.0,0.0,0.7062,0.0,0.0,0.0161,0.0,0.0,0.0,1.2705,0.0,0.0,0.0342,C2,word_pos,obscurcir,V,obscurcir,VER
paroisse,NOUN,C2,beacco,0.0,0.0161,0.0,0.0,0.0,0.7062,0.0,0.0,0.0161,0.0,0.0,0.0,1.2705,0.0,0.0,0.0342,C2,word_pos,paroisse,N,paroisse,NOM
paroissial,ADJ,C2,beacco,0.0,0.0161,0.0,0.0,0.0,0.7062,0.0,0.0,0.0161,0.0,0.0,0.0,1.2705,0.0,0.0,0.0342,C2,word_pos,paroissial,A,paroissial,ADJ
paternaliste,ADJ,C2,beacco,0.0,0.0161,0.0,0.0,0.0,0.7062,0.0,0.0,0.0161,0.0,0.0,0.0,1.2705,0.0,0.0,0.0342,C2,word_pos,paternaliste,A,paternaliste,ADJ
pigiste,NOUN,C2,beacco,0.0,0.0161,0.0,0.0,0.0,0.7062,0.0,0.0,0.0161,0.0,0.0,0.0,1.2705,0.0,0.0,0.0342,C2,word_pos,pigiste,N,pigiste,NOM
pitoyable,ADJ,C2,beacco,0.0,0.0161,0.0,0.0,0.0,0.7062,0.0,0.0,0.0161,0.0,0.0,0.0,1.2705,0.0,0.0,0.0342,C2,word_pos,pitoyable,A,pitoyable,ADJ
pléonasme,NOUN,C2,beacco,0.0,0.0161,0.0,0.0,0.0,0.7062,0.0,0.0,0.0161,0.0,0.0,0.0,1.2705,0.0,0.0,0.0342,C2,word_pos,pléonasme,N,pléonasme,NOM
polytechnicien,NOUN,C2,beacco,0.0,0.0161,0.0,0.0,0.0,0.7062,0.0,0.0,0.0161,0.0,0.0,0.0,1.2705,0.0,0.0,0.0342,C2,word_pos,polytechnicien,N,polytechnicien,NOM
potage,NOUN,C2,beacco,0.0,0.0161,0.0,0.0,0.0,0.7062,0.0,0.0,0.0161,0.0,0.0,0.0,1.2705,0.0,0.0,0.0342,C2,word_pos,potage,N,potage,NOM
professorat,NOUN,C2,beacco,0.0,0.0161,0.0,0.0,0.0,0.7062,0.0,0.0,0.0161,0.0,0.0,0.0,1.2705,0.0,0.0,0.0342,C2,word_pos,professorat,N,professorat,NOM
proviseur,NOUN,C2,beacco,0.0,0.0161,0.0,0.0,0.0,0.7062,0.0,0.0,0.0161,0.0,0.0,0.0,1.2705,0.0,0.0,0.0342,C2,word_pos,proviseur,N,proviseur,NOM
précepte,NOUN,C2,beacco,0.0,0.0161,0.0,0.0,0.0,0.7062,0.0,0.0,0.0161,0.0,0.0,0.0,1.2705,0.0,0.0,0.0342,C2,word_pos,précepte,N,précepte,NOM
prévenu,NOUN,C2,beacco,0.0,0.0161,0.0,0.0,0.0,0.7062,0.0,0.0,0.0161,0.0,0.0,0.0,1.2705,0.0,0.0,0.0342,C2,unique_word,prévenu,N,prévenu,ADJ
pépinière,NOUN,C2,beacco,0.0,0.0161,0.0,0.0,0.0,0.7062,0.0,0.0,0.0161,0.0,0.0,0.0,1.2705,0.0,0.0,0.0342,C2,word_pos,pépinière,N,pépinière,NOM
péter,VERB,C2,beacco,0.0,0.0161,0.0,0.0,0.0,0.7062,0.0,0.0,0.0161,0.0,0.0,0.0,1.2705,0.0,0.0,0.0342,C2,word_pos,péter,V,péter,VER
rationaliser,VERB,C2,beacco,0.0,0.0161,0.0,0.0,0.0,0.7062,0.0,0.0,0.0161,0.0,0.0,0.0,1.2705,0.0,0.0,0.0342,C2,word_pos,rationaliser,V,rationaliser,VER
relâche,NOUN,C2,beacco,0.0,0.0161,0.0,0.0,0.0,0.7062,0.0,0.0,0.0161,0.0,0.0,0.0,1.2705,0.0,0.0,0.0342,C2,word_pos,relâche,N,relâche,NOM
rembobiner,VERB,C2,beacco,0.0,0.0161,0.0,0.0,0.0,0.7062,0.0,0.0,0.0161,0.0,0.0,0.0,1.2705,0.0,0.0,0.0342,C2,word_pos,rembobiner,V,rembobiner,VER
remplaçable,ADJ,C2,beacco,0.0,0.0161,0.0,0.0,0.0,0.7062,0.0,0.0,0.0161,0.0,0.0,0.0,1.2705,0.0,0.0,0.0342,C2,word_pos,remplaçable,A,remplaçable,ADJ
rentré,ADJ,C2,beacco,0.0,0.0161,0.0,0.0,0.0,0.7062,0.0,0.0,0.0161,0.0,0.0,0.0,1.2705,0.0,0.0,0.0342,C2,word_pos,rentré,A,rentré,ADJ
renâcler,VERB,C2,beacco,0.0,0.0161,0.0,0.0,0.0,0.7062,0.0,0.0,0.0161,0.0,0.0,0.0,1.2705,0.0,0.0,0.0342,C2,word_pos,renâcler,V,renâcler,VER
retrancher,VERB,C2,beacco,0.0,0.0161,0.0,0.0,0.0,0.7062,0.0,0.0,0.0161,0.0,0.0,0.0,1.2705,0.0,0.0,0.0342,C2,word_pos,retrancher,V,retrancher,VER
ris,NOUN,C2,beacco,0.0,0.0161,0.0,0.0,0.0,0.7062,0.0,0.0,0.0161,0.0,0.0,0.0,1.2705,0.0,0.0,0.0342,C2,word_pos,ris,N,ris,NOM
royalement,ADV,C2,beacco,0.0,0.0161,0.0,0.0,0.0,0.7062,0.0,0.0,0.0161,0.0,0.0,0.0,1.2705,0.0,0.0,0.0342,C2,word_pos,royalement,ADV,royalement,ADV
régression,NOUN,C2,beacco,0.0,0.0161,0.0,0.0,0.0,0.7062,0.0,0.0,0.0161,0.0,0.0,0.0,1.2705,0.0,0.0,0.0342,C2,word_pos,régression,N,régression,NOM
shampoing,NOUN,C2,beacco,0.0,0.0161,0.0,0.0,0.0,0.7062,0.0,0.0,0.0161,0.0,0.0,0.0,1.2705,0.0,0.0,0.0342,C2,word_pos,shampoing,N,shampoing,NOM
socialiser,VERB,C2,beacco,0.0,0.0161,0.0,0.0,0.0,0.7062,0.0,0.0,0.0161,0.0,0.0,0.0,1.2705,0.0,0.0,0.0342,C2,word_pos,socialiser,V,socialiser,VER
solstice,NOUN,C2,beacco,0.0,0.0161,0.0,0.0,0.0,0.7062,0.0,0.0,0.0161,0.0,0.0,0.0,1.2705,0.0,0.0,0.0342,C2,word_pos,solstice,N,solstice,NOM
stencil,NOUN,C2,beacco,0.0,0.0161,0.0,0.0,0.0,0.7062,0.0,0.0,0.0161,0.0,0.0,0.0,1.2705,0.0,0.0,0.0342,C2,word_pos,stencil,N,stencil,NOM
tartare,ADJ,C2,beacco,0.0,0.0161,0.0,0.0,0.0,0.7062,0.0,0.0,0.0161,0.0,0.0,0.0,1.2705,0.0,0.0,0.0342,C2,word_pos,tartare,A,tartare,ADJ
tarte,ADJ,C2,beacco,0.0,0.0161,0.0,0.0,0.0,0.7062,0.0,0.0,0.0161,0.0,0.0,0.0,1.2705,0.0,0.0,0.0342,C2,word_pos,tarte,A,tarte,ADJ
tintouin,NOUN,C2,beacco,0.0,0.0161,0.0,0.0,0.0,0.7062,0.0,0.0,0.0161,0.0,0.0,0.0,1.2705,0.0,0.0,0.0342,C2,word_pos,tintouin,N,tintouin,NOM
titi,NOUN,C2,beacco,0.0,0.0161,0.0,0.0,0.0,0.7062,0.0,0.0,0.0161,0.0,0.0,0.0,1.2705,0.0,0.0,0.0342,C2,word_pos,titi,N,titi,NOM
torchon,NOUN,C2,beacco,0.0,0.0161,0.0,0.0,0.0,0.7062,0.0,0.0,0.0161,0.0,0.0,0.0,1.2705,0.0,0.0,0.0342,C2,word_pos,torchon,N,torchon,NOM
traditionaliste,ADJ,C2,beacco,0.0,0.0161,0.0,0.0,0.0,0.7062,0.0,0.0,0.0161,0.0,0.0,0.0,1.2705,0.0,0.0,0.0342,C2,word_pos,traditionaliste,A,traditionaliste,ADJ
transcendant,ADJ,C2,beacco,0.0,0.0161,0.0,0.0,0.0,0.7062,0.0,0.0,0.0161,0.0,0.0,0.0,1.2705,0.0,0.0,0.0342,C2,word_pos,transcendant,A,transcendant,ADJ
troquer,VERB,C2,beacco,0.0,0.0161,0.0,0.0,0.0,0.7062,0.0,0.0,0.0161,0.0,0.0,0.0,1.2705,0.0,0.0,0.0342,C2,word_pos,troquer,V,troquer,VER
vachette,NOUN,C2,beacco,0.0,0.0161,0.0,0.0,0.0,0.7062,0.0,0.0,0.0161,0.0,0.0,0.0,1.2705,0.0,0.0,0.0342,C2,word_pos,vachette,N,vachette,NOM
valse,NOUN,C2,beacco,0.0,0.0161,0.0,0.0,0.0,0.7062,0.0,0.0,0.0161,0.0,0.0,0.0,1.2705,0.0,0.0,0.0342,C2,word_pos,valse,N,valse,NOM
vinaigrette,NOUN,C2,beacco,0.0,0.0161,0.0,0.0,0.0,0.7062,0.0,0.0,0.0161,0.0,0.0,0.0,1.2705,0.0,0.0,0.0342,C2,word_pos,vinaigrette,N,vinaigrette,NOM
écoeurer,VERB,C2,beacco,0.0,0.0161,0.0,0.0,0.0,0.7062,0.0,0.0,0.0161,0.0,0.0,0.0,1.2705,0.0,0.0,0.0342,C2,word_pos,écoeurer,V,écoeurer,VER
éprouvant,ADJ,C2,beacco,0.0,0.0161,0.0,0.0,0.0,0.7062,0.0,0.0,0.0161,0.0,0.0,0.0,1.2705,0.0,0.0,0.0342,C2,word_pos,éprouvant,A,éprouvant,ADJ
épître,NOUN,C2,beacco,0.0,0.0161,0.0,0.0,0.0,0.7062,0.0,0.0,0.0161,0.0,0.0,0.0,1.2705,0.0,0.0,0.0342,C2,word_pos,épître,N,épître,NOM
équitablement,ADV,C2,beacco,0.0,0.0161,0.0,0.0,0.0,0.7062,0.0,0.0,0.0161,0.0,0.0,0.0,1.2705,0.0,0.0,0.0342,C2,word_pos,équitablement,ADV,équitablement,ADV
auvergnat,ADJ,C2,beacco,0.0,0.0157,0.8137,0.0,0.0,0.0,0.0,0.0,0.0157,1.6151,0.0,0.0,0.0,0.0,0.0,0.0483,C2,word_pos,auvergnat,A,auvergnat,ADJ
langouste,NOUN,C2,beacco,0.0,0.0157,0.8137,0.0,0.0,0.0,0.0,0.0,0.0157,0.8075,0.0,0.0,0.0,0.0,0.0,0.0242,C2,word_pos,langouste,N,langouste,NOM
nymphéa,NOUN,C2,beacco,0.0,0.0157,0.8137,0.0,0.0,0.0,0.0,0.0,0.0157,0.8075,0.0,0.0,0.0,0.0,0.0,0.0242,C2,word_pos,nymphéa,N,nymphéa,NOM
pizzeria,NOUN,C2,beacco,0.0,0.0157,0.8137,0.0,0.0,0.0,0.0,0.0,0.0157,0.8075,0.0,0.0,0.0,0.0,0.0,0.0242,C2,word_pos,pizzeria,N,pizzeria,NOM
rôti,NOUN,C2,beacco,0.0,0.0157,0.8137,0.0,0.0,0.0,0.0,0.0,0.0157,1.6151,0.0,0.0,0.0,0.0,0.0,0.0483,C2,word_pos,rôti,N,rôti,NOM
tranquillisant,ADJ,C2,beacco,0.0,0.0157,0.8137,0.0,0.0,0.0,0.0,0.0,0.0157,1.6151,0.0,0.0,0.0,0.0,0.0,0.0483,C2,word_pos,tranquillisant,A,tranquillisant,ADJ
bourrache,NOUN,C2,beacco,0.0,0.0153,0.0,0.0,0.1662,0.0,0.0,0.0,0.0153,0.0,0.0,0.1029,0.0,0.0,0.0,0.0096,C2,word_pos,bourrache,N,bourrache,NOM
bénir,VERB,C2,beacco,0.0,0.0153,0.7967,0.0,0.0,0.0,0.0,0.0,0.0153,0.8346,0.0,0.0,0.0,0.0,0.0,0.0153,C2,word_pos,bénir,V,bénir,VER
fief,NOUN,C2,beacco,0.0,0.0153,0.0,0.0,0.0,0.6707,0.0,0.0,0.0153,0.0,0.0,0.0,1.7933,0.0,0.0,0.0482,C2,word_pos,fief,N,fief,NOM
fleuriste,ADJ,C2,beacco,0.0,0.0153,0.0,0.0,0.0,0.6707,0.0,0.0,0.0153,0.0,0.0,0.0,1.7933,0.0,0.0,0.0482,C2,word_pos,fleuriste,A,fleuriste,ADJ
hi-han,INT,C2,beacco,0.0,0.0153,,,,,,,,0.8346,0.0,0.0,0.0,0.0,0.0,0.0153,C2,beacco_only,,,hi-han,INT
joseph,NOUN,C2,beacco,0.0,0.0153,0.0,0.0,0.0,0.6707,0.0,0.0,0.0153,0.0,0.0,0.0,1.7933,0.0,0.0,0.0482,C2,word_pos,joseph,N,joseph,NOM
pelage,NOUN,C2,beacco,0.0,0.0153,0.0,0.0,0.1662,0.0,0.0,0.0,0.0153,0.0,0.0,0.1029,0.0,0.0,0.0,0.0096,C2,word_pos,pelage,N,pelage,NOM
pénitence,NOUN,C2,beacco,0.0,0.0153,0.7967,0.0,0.0,0.0,0.0,0.0,0.0153,0.8346,0.0,0.0,0.0,0.0,0.0,0.0153,C2,word_pos,pénitence,N,pénitence,NOM
ronder,VERB,C2,beacco,0.0,0.0153,,,,,,,,0.8346,0.0,0.0,0.0,0.0,0.0,0.0153,C2,beacco_only,,,ronder,VER
régent,ADJ,C2,beacco,0.0,0.0153,0.7967,0.0,0.0,0.0,0.0,0.0,0.0153,0.8346,0.0,0.0,0.0,0.0,0.0,0.0153,C2,unique_word,régent,A,régent,NOM
septième,NOUN,C2,beacco,0.0,0.0153,,,,,,,,0.8346,0.0,0.0,0.0,0.0,0.0,0.0153,C2,beacco_only,,,septième,NOM
sorcellerie,NOUN,C2,beacco,0.0,0.0153,0.7967,0.0,0.0,0.0,0.0,0.0,0.0153,0.8346,0.0,0.0,0.0,0.0,0.0,0.0153,C2,word_pos,sorcellerie,N,sorcellerie,NOM
tchèque,ADJ,C2,beacco,0.0,0.0153,0.0,0.0,0.0,0.6707,0.0,0.0,0.0153,0.0,0.0,0.0,1.7933,0.0,0.0,0.0482,C2,word_pos,tchèque,A,tchèque,ADJ
triangulaire,ADJ,C2,beacco,0.0,0.0153,0.0,0.0,0.0,0.6707,0.0,0.0,0.0153,0.0,0.0,0.0,1.7933,0.0,0.0,0.0482,C2,word_pos,triangulaire,A,triangulaire,ADJ
valeureux,ADJ,C2,beacco,0.0,0.0153,0.7967,0.0,0.0,0.0,0.0,0.0,0.0153,1.6691,0.0,0.0,0.0,0.0,0.0,0.0307,C2,word_pos,valeureux,A,valeureux,ADJ
arrosage,NOUN,C2,beacco,0.0,0.0151,0.0,0.0,0.1637,0.0,0.0,0.0,0.0151,0.0,0.0,0.1243,0.0,0.0,0.0,0.0408,C2,word_pos,arrosage,N,arrosage,NOM
bourdonner,VERB,C2,beacco,0.0,0.0151,0.0,0.0,0.1637,0.0,0.0,0.0,0.0151,0.0,0.0,0.1243,0.0,0.0,0.0,0.0408,C2,word_pos,bourdonner,V,bourdonner,VER
cataclysme,NOUN,C2,beacco,0.0,0.0151,0.0,0.0,0.1637,0.0,0.0,0.0,0.0151,0.0,0.0,0.1243,0.0,0.0,0.0,0.0408,C2,word_pos,cataclysme,N,cataclysme,NOM
daigner,VERB,C2,beacco,0.0,0.0151,0.0,0.0,0.1637,0.0,0.0,0.0,0.0151,0.0,0.0,0.1243,0.0,0.0,0.0,0.0408,C2,word_pos,daigner,V,daigner,VER
discorde,NOUN,C2,beacco,0.0,0.0151,0.0,0.0,0.1637,0.0,0.0,0.0,0.0151,0.0,0.0,0.1243,0.0,0.0,0.0,0.0408,C2,word_pos,discorde,N,discorde,NOM
entrepôt,NOUN,C2,beacco,0.0,0.0151,0.0,0.0,0.1637,0.0,0.0,0.0,0.0151,0.0,0.0,0.1243,0.0,0.0,0.0,0.0408,C2,word_pos,entrepôt,N,entrepôt,NOM
exaucer,VERB,C2,beacco,0.0,0.0151,0.0,0.0,0.1637,0.0,0.0,0.0,0.0151,0.0,0.0,0.1243,0.0,0.0,0.0,0.0408,C2,word_pos,exaucer,V,exaucer,VER
grogner,VERB,C2,beacco,0.0,0.0151,0.0,0.0,0.1637,0.0,0.0,0.0,0.0151,0.0,0.0,0.1243,0.0,0.0,0.0,0.0408,C2,word_pos,grogner,V,grogner,VER
indigeste,ADJ,C2,beacco,0.0,0.0151,0.0,0.0,0.1637,0.0,0.0,0.0,0.0151,0.0,0.0,0.1243,0.0,0.0,0.0,0.0408,C2,word_pos,indigeste,A,indigeste,ADJ
interloquer,VERB,C2,beacco,0.0,0.0151,0.0,0.0,0.1637,0.0,0.0,0.0,0.0151,0.0,0.0,0.1243,0.0,0.0,0.0,0.0408,C2,word_pos,interloquer,V,interloquer,VER
lacérer,VERB,C2,beacco,0.0,0.0151,0.0,0.0,0.1637,0.0,0.0,0.0,0.0151,0.0,0.0,0.1243,0.0,0.0,0.0,0.0408,C2,word_pos,lacérer,V,lacérer,VER
patinette,NOUN,C2,beacco,0.0,0.0151,0.0,0.0,0.1637,0.0,0.0,0.0,0.0151,0.0,0.0,0.1243,0.0,0.0,0.0,0.0408,C2,word_pos,patinette,N,patinette,NOM
perplexité,NOUN,C2,beacco,0.0,0.0151,0.0,0.0,0.1637,0.0,0.0,0.0,0.0151,0.0,0.0,0.1243,0.0,0.0,0.0,0.0408,C2,word_pos,perplexité,N,perplexité,NOM
pneumonie,NOUN,C2,beacco,0.0,0.0151,0.0,0.0,0.1637,0.0,0.0,0.0,0.0151,0.0,0.0,0.1243,0.0,0.0,0.0,0.0408,C2,word_pos,pneumonie,N,pneumonie,NOM
radioscopie,NOUN,C2,beacco,0.0,0.0151,0.0,0.0,0.1637,0.0,0.0,0.0,0.0151,0.0,0.0,0.1243,0.0,0.0,0.0,0.0408,C2,word_pos,radioscopie,N,radioscopie,NOM
superbement,ADV,C2,beacco,0.0,0.0151,0.0,0.0,0.1637,0.0,0.0,0.0,0.0151,0.0,0.0,0.1243,0.0,0.0,0.0,0.0408,C2,word_pos,superbement,ADV,superbement,ADV
tancer,VERB,C2,beacco,0.0,0.0151,0.0,0.0,0.1637,0.0,0.0,0.0,0.0151,0.0,0.0,0.1243,0.0,0.0,0.0,0.0408,C2,word_pos,tancer,V,tancer,VER
tisserand,NOUN,C2,beacco,0.0,0.0151,0.0,0.0,0.1637,0.0,0.0,0.0,0.0151,0.0,0.0,0.1243,0.0,0.0,0.0,0.0408,C2,word_pos,tisserand,N,tisserand,NOM
transpirer,VERB,C2,beacco,0.0,0.0151,0.0,0.0,0.1637,0.0,0.0,0.0,0.0151,0.0,0.0,0.1243,0.0,0.0,0.0,0.0408,C2,word_pos,transpirer,V,transpirer,VER
ébéniste,NOUN,C2,beacco,0.0,0.0151,0.0,0.0,0.1637,0.0,0.0,0.0,0.0151,0.0,0.0,0.1243,0.0,0.0,0.0,0.0408,C2,word_pos,ébéniste,N,ébéniste,NOM
crottin,NOUN,C2,beacco,0.0,0.0149,0.0,0.2948,0.0,0.0,0.0,0.0,0.0149,0.0,0.6111,0.0,0.0,0.0,0.0,0.0295,C2,word_pos,crottin,N,crottin,NOM
cactus,NOUN,C2,beacco,0.0,0.0147,0.7622,0.0,0.0,0.0,0.0,0.0,0.0147,0.5504,0.0,0.0,0.0,0.0,0.0,0.0101,C2,word_pos,cactus,N,cactus,NOM
crique,NOUN,C2,beacco,0.0,0.0147,0.7622,0.0,0.0,0.0,0.0,0.0,0.0147,0.5504,0.0,0.0,0.0,0.0,0.0,0.0101,C2,word_pos,crique,N,crique,NOM
fjord,NOUN,C2,beacco,0.0,0.0147,0.7622,0.0,0.0,0.0,0.0,0.0,0.0147,0.5504,0.0,0.0,0.0,0.0,0.0,0.0101,C2,word_pos,fjord,N,fjord,NOM
ovale,ADJ,C2,beacco,0.0,0.0147,0.7622,0.0,0.0,0.0,0.0,0.0,0.0147,0.5504,0.0,0.0,0.0,0.0,0.0,0.0101,C2,word_pos,ovale,A,ovale,ADJ
atterrer,VERB,C2,beacco,0.0,0.0144,0.0,0.285,0.0,0.0,0.0,0.0,0.0144,0.0,0.2891,0.0,0.0,0.0,0.0,0.0139,C2,word_pos,atterrer,V,atterrer,VER
bidon,NOUN,C2,beacco,0.0,0.0144,0.0,0.285,0.0,0.0,0.0,0.0,0.0144,0.0,0.2891,0.0,0.0,0.0,0.0,0.0139,C2,word_pos,bidon,N,bidon,NOM
embarcadère,NOUN,C2,beacco,0.0,0.0143,0.0,0.2831,0.0,0.0,0.0,0.0,0.0143,0.0,0.1937,0.0,0.0,0.0,0.0,0.0242,C2,word_pos,embarcadère,N,embarcadère,NOM
adoration,NOUN,C2,beacco,0.0,0.0139,0.0,0.0,0.1507,0.0,0.0,0.0,0.0139,0.0,0.0,0.3059,0.0,0.0,0.0,0.0284,C2,word_pos,adoration,N,adoration,NOM
aidant,NOUN,C2,beacco,0.0,0.0139,,,,,,,,0.0,0.2891,0.0,0.0,0.0,0.0,0.0139,C2,beacco_only,,,aidant,NOM
barber,VERB,C2,beacco,0.0,0.0139,,,,,,,,0.0,0.2891,0.0,0.0,0.0,0.0,0.0139,C2,beacco_only,,,barber,VER
chroniqueur,NOUN,C2,beacco,0.0,0.0139,0.0,0.0,0.1507,0.0,0.0,0.0,0.0139,0.0,0.0,0.3059,0.0,0.0,0.0,0.0284,C2,word_pos,chroniqueur,N,chroniqueur,NOM
coassement,NOUN,C2,beacco,0.0,0.0139,0.0,0.0,0.1507,0.0,0.0,0.0,0.0139,0.0,0.0,0.3059,0.0,0.0,0.0,0.0284,C2,word_pos,coassement,N,coassement,NOM
céleste,ADJ,C2,beacco,0.0,0.0139,0.0,0.0,0.1507,0.0,0.0,0.0,0.0139,0.0,0.0,0.3059,0.0,0.0,0.0,0.0284,C2,word_pos,céleste,A,céleste,ADJ
diabolique,ADJ,C2,beacco,0.0,0.0139,0.0,0.0,0.1507,0.0,0.0,0.0,0.0139,0.0,0.0,0.3059,0.0,0.0,0.0,0.0284,C2,word_pos,diabolique,A,diabolique,ADJ
divan,NOUN,C2,beacco,0.0,0.0139,0.0,0.0,0.1507,0.0,0.0,0.0,0.0139,0.0,0.0,0.3059,0.0,0.0,0.0,0.0284,C2,word_pos,divan,N,divan,NOM
nécrologique,ADJ,C2,beacco,0.0,0.0139,0.0,0.0,0.1507,0.0,0.0,0.0,0.0139,0.0,0.0,0.3059,0.0,0.0,0.0,0.0284,C2,word_pos,nécrologique,A,nécrologique,ADJ
palefrenier,NOUN,C2,beacco,0.0,0.0139,0.0,0.0,0.1507,0.0,0.0,0.0,0.0139,0.0,0.0,0.3059,0.0,0.0,0.0,0.0284,C2,word_pos,palefrenier,N,palefrenier,NOM
préoccupé,ADJ,C2,beacco,0.0,0.0139,,,,,,,,0.0,0.2891,0.0,0.0,0.0,0.0,0.0139,C2,beacco_only,,,préoccupé,ADJ
sang-froid,NOUN,C2,beacco,0.0,0.0139,,,,,,,,0.0,0.2891,0.0,0.0,0.0,0.0,0.0139,C2,beacco_only,,,sang-froid,NOM
surlendemain,NOUN,C2,beacco,0.0,0.0139,0.0,0.0,0.1507,0.0,0.0,0.0,0.0139,0.0,0.0,0.3059,0.0,0.0,0.0,0.0284,C2,word_pos,surlendemain,N,surlendemain,NOM
violoniste,NOUN,C2,beacco,0.0,0.0139,0.0,0.0,0.1507,0.0,0.0,0.0,0.0139,0.0,0.0,0.3059,0.0,0.0,0.0,0.0284,C2,word_pos,violoniste,N,violoniste,NOM
chandeleur,NOUN,C2,beacco,0.0,0.0134,,,,,,,,0.7319,0.0,0.0,0.0,0.0,0.0,0.0134,C2,beacco_only,,,chandeleur,NOM
hue,INT,C2,beacco,0.0,0.0134,,,,,,,,0.7319,0.0,0.0,0.0,0.0,0.0,0.0134,C2,beacco_only,,,hue,INT
longue,NOUN,C2,beacco,0.0,0.0134,,,,,,,,0.7319,0.0,0.0,0.0,0.0,0.0,0.0134,C2,beacco_only,,,longue,NOM
ohé,INT,C2,beacco,0.0,0.0134,,,,,,,,0.7319,0.0,0.0,0.0,0.0,0.0,0.0134,C2,beacco_only,,,ohé,INT
spationaute,NOUN,C2,beacco,0.0,0.0132,0.0,0.2612,0.0,0.0,0.0,0.0,0.0132,0.0,0.3729,0.0,0.0,0.0,0.0,0.018,C2,word_pos,spationaute,N,spationaute,NOM
biche,NOUN,C2,beacco,0.0,0.0131,0.0,0.2599,0.0,0.0,0.0,0.0,0.0131,0.0,0.5213,0.0,0.0,0.0,0.0,0.0251,C2,word_pos,biche,N,biche,NOM
blottir,VERB,C2,beacco,0.0,0.0131,0.0,0.2599,0.0,0.0,0.0,0.0,0.0131,0.0,0.5213,0.0,0.0,0.0,0.0,0.0251,C2,word_pos,blottir,V,blottir,VER
bravement,ADV,C2,beacco,0.0,0.0131,0.0,0.2599,0.0,0.0,0.0,0.0,0.0131,0.0,0.5213,0.0,0.0,0.0,0.0,0.0251,C2,word_pos,bravement,ADV,bravement,ADV
cigogne,NOUN,C2,beacco,0.0,0.0131,0.0,0.2599,0.0,0.0,0.0,0.0,0.0131,0.0,0.5213,0.0,0.0,0.0,0.0,0.0251,C2,word_pos,cigogne,N,cigogne,NOM
délirer,VERB,C2,beacco,0.0,0.0131,0.0,0.2599,0.0,0.0,0.0,0.0,0.0131,0.0,0.5213,0.0,0.0,0.0,0.0,0.0251,C2,word_pos,délirer,V,délirer,VER
embarrassant,ADJ,C2,beacco,0.0,0.0131,0.0,0.2599,0.0,0.0,0.0,0.0,0.0131,0.0,0.5213,0.0,0.0,0.0,0.0,0.0251,C2,word_pos,embarrassant,A,embarrassant,ADJ
gonfle,NOUN,C2,beacco,0.0,0.0131,0.0,0.2599,0.0,0.0,0.0,0.0,0.0131,0.0,0.5213,0.0,0.0,0.0,0.0,0.0251,C2,unique_word,gonfle,N,gonfle,ADJ
hérisson,NOUN,C2,beacco,0.0,0.0131,0.0,0.2599,0.0,0.0,0.0,0.0,0.0131,0.0,0.5213,0.0,0.0,0.0,0.0,0.0251,C2,word_pos,hérisson,N,hérisson,NOM
lèche,NOUN,C2,beacco,0.0,0.0131,0.0,0.2599,0.0,0.0,0.0,0.0,0.0131,0.0,0.5213,0.0,0.0,0.0,0.0,0.0251,C2,word_pos,lèche,N,lèche,NOM
affirmative,NOUN,C2,beacco,0.0,0.0128,0.0,0.0,0.1395,0.0,0.0,0.0,0.0128,0.0,0.0,0.1219,0.0,0.0,0.0,0.0338,C2,word_pos,affirmative,N,affirmative,NOM
alcoolémie,NOUN,C2,beacco,0.0,0.0128,0.0,0.2527,0.0,0.0,0.0,0.0,0.0128,0.0,0.5137,0.0,0.0,0.0,0.0,0.0248,C2,word_pos,alcoolémie,N,alcoolémie,NOM
banalité,NOUN,C2,beacco,0.0,0.0128,0.0,0.2527,0.0,0.0,0.0,0.0,0.0128,0.0,1.0275,0.0,0.0,0.0,0.0,0.0495,C2,word_pos,banalité,N,banalité,NOM
brochure,NOUN,C2,beacco,0.0,0.0128,0.6621,0.0,0.0,0.0,0.0,0.0,0.0128,1.2635,0.0,0.0,0.0,0.0,0.0,0.0232,C2,word_pos,brochure,N,brochure,NOM
coursier,NOUN,C2,beacco,0.0,0.0128,0.0,0.2527,0.0,0.0,0.0,0.0,0.0128,0.0,0.5137,0.0,0.0,0.0,0.0,0.0248,C2,word_pos,coursier,N,coursier,NOM
danois,ADJ,C2,beacco,0.0,0.0128,0.6621,0.0,0.0,0.0,0.0,0.0,0.0128,1.2635,0.0,0.0,0.0,0.0,0.0,0.0232,C2,word_pos,danois,A,danois,ADJ
débloquer,VERB,C2,beacco,0.0,0.0128,0.0,0.0,0.1395,0.0,0.0,0.0,0.0128,0.0,0.0,0.1219,0.0,0.0,0.0,0.0338,C2,word_pos,débloquer,V,débloquer,VER
désaffection,NOUN,C2,beacco,0.0,0.0128,0.0,0.2527,0.0,0.0,0.0,0.0,0.0128,0.0,0.5137,0.0,0.0,0.0,0.0,0.0248,C2,word_pos,désaffection,N,désaffection,NOM
finaliste,ADJ,C2,beacco,0.0,0.0128,0.6621,0.0,0.0,0.0,0.0,0.0,0.0128,1.2635,0.0,0.0,0.0,0.0,0.0,0.0232,C2,word_pos,finaliste,A,finaliste,ADJ
généralité,NOUN,C2,beacco,0.0,0.0128,0.0,0.2527,0.0,0.0,0.0,0.0,0.0128,0.0,0.5137,0.0,0.0,0.0,0.0,0.0248,C2,word_pos,généralité,N,généralité,NOM
indiscipline,NOUN,C2,beacco,0.0,0.0128,0.0,0.2527,0.0,0.0,0.0,0.0,0.0128,0.0,0.5137,0.0,0.0,0.0,0.0,0.0248,C2,word_pos,indiscipline,N,indiscipline,NOM
moreau,ADJ,C2,beacco,0.0,0.0128,0.6621,0.0,0.0,0.0,0.0,0.0,0.0128,1.2635,0.0,0.0,0.0,0.0,0.0,0.0232,C2,word_pos,moreau,A,moreau,ADJ
oenologie,NOUN,C2,beacco,0.0,0.0128,0.6621,0.0,0.0,0.0,0.0,0.0,0.0128,1.2635,0.0,0.0,0.0,0.0,0.0,0.0232,C2,word_pos,oenologie,N,oenologie,NOM
palé,ADJ,C2,beacco,0.0,0.0128,0.6621,0.0,0.0,0.0,0.0,0.0,0.0128,1.2635,0.0,0.0,0.0,0.0,0.0,0.0232,C2,word_pos,palé,A,palé,ADJ
prune,ADJ,C2,beacco,0.0,0.0128,0.6621,0.0,0.0,0.0,0.0,0.0,0.0128,1.2635,0.0,0.0,0.0,0.0,0.0,0.0232,C2,word_pos,prune,A,prune,ADJ
préjudiciable,ADJ,C2,beacco,0.0,0.0128,0.0,0.0,0.1395,0.0,0.0,0.0,0.0128,0.0,0.0,0.1219,0.0,0.0,0.0,0.0338,C2,word_pos,préjudiciable,A,préjudiciable,ADJ
romanche,NOUN,C2,beacco,0.0,0.0128,0.6621,0.0,0.0,0.0,0.0,0.0,0.0128,1.2635,0.0,0.0,0.0,0.0,0.0,0.0232,C2,unique_word,romanche,N,romanche,ADJ
réutilisable,ADJ,C2,beacco,0.0,0.0128,0.0,0.0,0.1395,0.0,0.0,0.0,0.0128,0.0,0.0,0.1219,0.0,0.0,0.0,0.0338,C2,word_pos,réutilisable,A,réutilisable,ADJ
suspense,NOUN,C2,beacco,0.0,0.0128,0.6621,0.0,0.0,0.0,0.0,0.0,0.0128,1.2635,0.0,0.0,0.0,0.0,0.0,0.0232,C2,word_pos,suspense,N,suspense,NOM
tatouage,NOUN,C2,beacco,0.0,0.0128,0.0,0.2527,0.0,0.0,0.0,0.0,0.0128,0.0,0.5137,0.0,0.0,0.0,0.0,0.0248,C2,word_pos,tatouage,N,tatouage,NOM
bordélique,ADJ,C2,beacco,0.0,0.0125,0.0,0.247,0.0,0.0,0.0,0.0,0.0125,0.0,0.1276,0.0,0.0,0.0,0.0,0.0062,C2,word_pos,bordélique,A,bordélique,ADJ
modération,NOUN,C2,beacco,0.0,0.0125,0.0,0.247,0.0,0.0,0.0,0.0,0.0125,0.0,0.1276,0.0,0.0,0.0,0.0,0.0062,C2,word_pos,modération,N,modération,NOM
remplaçant,NOUN,C2,beacco,0.0,0.0125,0.0,0.247,0.0,0.0,0.0,0.0,0.0125,0.0,0.2552,0.0,0.0,0.0,0.0,0.0123,C2,word_pos,remplaçant,N,remplaçant,NOM
renversant,ADJ,C2,beacco,0.0,0.0125,0.0,0.247,0.0,0.0,0.0,0.0,0.0125,0.0,0.1276,0.0,0.0,0.0,0.0,0.0062,C2,word_pos,renversant,A,renversant,ADJ
survolter,VERB,C2,beacco,0.0,0.0125,0.0,0.247,0.0,0.0,0.0,0.0,0.0125,0.0,0.1276,0.0,0.0,0.0,0.0,0.0062,C2,word_pos,survolter,V,survolter,VER
chronométrer,VERB,C2,beacco,0.0,0.0123,0.0,0.2439,0.0,0.0,0.0,0.0,0.0123,0.0,0.4664,0.0,0.0,0.0,0.0,0.0338,C2,word_pos,chronométrer,V,chronométrer,VER
désintéressement,NOUN,C2,beacco,0.0,0.0123,0.0,0.2439,0.0,0.0,0.0,0.0,0.0123,0.0,0.4664,0.0,0.0,0.0,0.0,0.0338,C2,word_pos,désintéressement,N,désintéressement,NOM
impolitesse,NOUN,C2,beacco,0.0,0.0123,0.0,0.2439,0.0,0.0,0.0,0.0,0.0123,0.0,0.4664,0.0,0.0,0.0,0.0,0.0338,C2,word_pos,impolitesse,N,impolitesse,NOM
merveilleux,NOUN,C2,beacco,0.0,0.0123,0.0,0.2439,0.0,0.0,0.0,0.0,0.0123,0.0,0.4664,0.0,0.0,0.0,0.0,0.0338,C2,word_pos,merveilleux,N,merveilleux,NOM
mincir,VERB,C2,beacco,0.0,0.0123,0.0,0.2439,0.0,0.0,0.0,0.0,0.0123,0.0,0.4664,0.0,0.0,0.0,0.0,0.0338,C2,word_pos,mincir,V,mincir,VER
projectile,NOUN,C2,beacco,0.0,0.0123,0.0,0.2439,0.0,0.0,0.0,0.0,0.0123,0.0,0.4664,0.0,0.0,0.0,0.0,0.0338,C2,word_pos,projectile,N,projectile,NOM
adduction,NOUN,C2,beacco,0.0,0.0121,0.0,0.0,0.0,0.5285,0.0,0.0,0.0121,0.0,0.0,0.0,0.8102,0.0,0.0,0.0218,C2,word_pos,adduction,N,adduction,NOM
aigrelet,ADJ,C2,beacco,0.0,0.0121,0.0,0.0,0.0,0.5285,0.0,0.0,0.0121,0.0,0.0,0.0,0.8102,0.0,0.0,0.0218,C2,word_pos,aigrelet,A,aigrelet,ADJ
analphabète,ADJ,C2,beacco,0.0,0.0121,0.0,0.0,0.0,0.5285,0.0,0.0,0.0121,0.0,0.0,0.0,0.8102,0.0,0.0,0.0218,C2,word_pos,analphabète,A,analphabète,ADJ
anthropologue,NOUN,C2,beacco,0.0,0.0121,0.0,0.0,0.0,0.5285,0.0,0.0,0.0121,0.0,0.0,0.0,0.8102,0.0,0.0,0.0218,C2,word_pos,anthropologue,N,anthropologue,NOM
asymétrie,NOUN,C2,beacco,0.0,0.0121,0.0,0.0,0.0,0.5285,0.0,0.0,0.0121,0.0,0.0,0.0,0.8102,0.0,0.0,0.0218,C2,word_pos,asymétrie,N,asymétrie,NOM
bordée,NOUN,C2,beacco,0.0,0.0121,0.0,0.0,0.0,0.5285,0.0,0.0,0.0121,0.0,0.0,0.0,0.8102,0.0,0.0,0.0218,C2,word_pos,bordée,N,bordée,NOM
cabriolet,NOUN,C2,beacco,0.0,0.0121,0.0,0.0,0.0,0.5285,0.0,0.0,0.0121,0.0,0.0,0.0,0.8102,0.0,0.0,0.0218,C2,word_pos,cabriolet,N,cabriolet,NOM
camus,ADJ,C2,beacco,0.0,0.0121,0.0,0.0,0.0,0.5285,0.0,0.0,0.0121,0.0,0.0,0.0,0.8102,0.0,0.0,0.0218,C2,word_pos,camus,A,camus,ADJ
communard,NOUN,C2,beacco,0.0,0.0121,0.0,0.0,0.0,0.5285,0.0,0.0,0.0121,0.0,0.0,0.0,0.8102,0.0,0.0,0.0218,C2,word_pos,communard,N,communard,NOM
consul,NOUN,C2,beacco,0.0,0.0121,0.0,0.0,0.0,0.5285,0.0,0.0,0.0121,0.0,0.0,0.0,0.8102,0.0,0.0,0.0218,C2,word_pos,consul,N,consul,NOM
embarcation,NOUN,C2,beacco,0.0,0.0121,0.0,0.0,0.0,0.5285,0.0,0.0,0.0121,0.0,0.0,0.0,0.8102,0.0,0.0,0.0218,C2,word_pos,embarcation,N,embarcation,NOM
frontal,ADJ,C2,beacco,0.0,0.0121,0.0,0.0,0.0,0.5285,0.0,0.0,0.0121,0.0,0.0,0.0,0.8102,0.0,0.0,0.0218,C2,word_pos,frontal,A,frontal,ADJ
funiculaire,ADJ,C2,beacco,0.0,0.0121,0.0,0.0,0.0,0.5285,0.0,0.0,0.0121,0.0,0.0,0.0,0.8102,0.0,0.0,0.0218,C2,word_pos,funiculaire,A,funiculaire,ADJ
fuyant,ADJ,C2,beacco,0.0,0.0121,0.0,0.0,0.0,0.5285,0.0,0.0,0.0121,0.0,0.0,0.0,0.8102,0.0,0.0,0.0218,C2,word_pos,fuyant,A,fuyant,ADJ
hérédité,NOUN,C2,beacco,0.0,0.0121,0.0,0.0,0.0,0.5285,0.0,0.0,0.0121,0.0,0.0,0.0,0.8102,0.0,0.0,0.0218,C2,word_pos,hérédité,N,hérédité,NOM
imbuvable,ADJ,C2,beacco,0.0,0.0121,0.0,0.0,0.0,0.5285,0.0,0.0,0.0121,0.0,0.0,0.0,0.8102,0.0,0.0,0.0218,C2,word_pos,imbuvable,A,imbuvable,ADJ
insalubre,ADJ,C2,beacco,0.0,0.0121,0.0,0.0,0.0,0.5285,0.0,0.0,0.0121,0.0,0.0,0.0,0.8102,0.0,0.0,0.0218,C2,word_pos,insalubre,A,insalubre,ADJ
insurgé,NOUN,C2,beacco,0.0,0.0121,0.0,0.0,0.0,0.5285,0.0,0.0,0.0121,0.0,0.0,0.0,0.8102,0.0,0.0,0.0218,C2,word_pos,insurgé,N,insurgé,NOM
longiligne,ADJ,C2,beacco,0.0,0.0121,0.0,0.0,0.0,0.5285,0.0,0.0,0.0121,0.0,0.0,0.0,0.8102,0.0,0.0,0.0218,C2,word_pos,longiligne,A,longiligne,ADJ
moquerie,NOUN,C2,beacco,0.0,0.0121,0.0,0.0,0.0,0.5285,0.0,0.0,0.0121,0.0,0.0,0.0,0.8102,0.0,0.0,0.0218,C2,word_pos,moquerie,N,moquerie,NOM
napoléon,NOUN,C2,beacco,0.0,0.0121,0.0,0.0,0.0,0.5285,0.0,0.0,0.0121,0.0,0.0,0.0,0.8102,0.0,0.0,0.0218,C2,word_pos,napoléon,N,napoléon,NOM
occipital,ADJ,C2,beacco,0.0,0.0121,0.0,0.0,0.0,0.5285,0.0,0.0,0.0121,0.0,0.0,0.0,0.8102,0.0,0.0,0.0218,C2,word_pos,occipital,A,occipital,ADJ
omnibus,ADJ,C2,beacco,0.0,0.0121,0.0,0.0,0.0,0.5285,0.0,0.0,0.0121,0.0,0.0,0.0,0.8102,0.0,0.0,0.0218,C2,word_pos,omnibus,A,omnibus,ADJ
pondération,NOUN,C2,beacco,0.0,0.0121,0.0,0.0,0.0,0.5285,0.0,0.0,0.0121,0.0,0.0,0.0,0.8102,0.0,0.0,0.0218,C2,word_pos,pondération,N,pondération,NOM
populeux,ADJ,C2,beacco,0.0,0.0121,0.0,0.0,0.0,0.5285,0.0,0.0,0.0121,0.0,0.0,0.0,0.8102,0.0,0.0,0.0218,C2,word_pos,populeux,A,populeux,ADJ
posthume,ADJ,C2,beacco,0.0,0.0121,0.0,0.0,0.0,0.5285,0.0,0.0,0.0121,0.0,0.0,0.0,0.8102,0.0,0.0,0.0218,C2,word_pos,posthume,A,posthume,ADJ
proéminent,ADJ,C2,beacco,0.0,0.0121,0.0,0.0,0.0,0.5285,0.0,0.0,0.0121,0.0,0.0,0.0,0.8102,0.0,0.0,0.0218,C2,word_pos,proéminent,A,proéminent,ADJ
prussien,NOUN,C2,beacco,0.0,0.0121,0.0,0.0,0.0,0.5285,0.0,0.0,0.0121,0.0,0.0,0.0,0.8102,0.0,0.0,0.0218,C2,word_pos,prussien,N,prussien,NOM
présager,VERB,C2,beacco,0.0,0.0121,0.0,0.0,0.0,0.5285,0.0,0.0,0.0121,0.0,0.0,0.0,0.8102,0.0,0.0,0.0218,C2,word_pos,présager,V,présager,VER
redessiner,VERB,C2,beacco,0.0,0.0121,0.0,0.0,0.0,0.5285,0.0,0.0,0.0121,0.0,0.0,0.0,0.8102,0.0,0.0,0.0218,C2,word_pos,redessiner,V,redessiner,VER
ronger,VERB,C2,beacco,0.0,0.0121,0.0,0.0,0.0,0.5285,0.0,0.0,0.0121,0.0,0.0,0.0,0.8102,0.0,0.0,0.0218,C2,word_pos,ronger,V,ronger,VER
sacre,NOUN,C2,beacco,0.0,0.0121,0.0,0.0,0.0,0.5285,0.0,0.0,0.0121,0.0,0.0,0.0,0.8102,0.0,0.0,0.0218,C2,word_pos,sacre,N,sacre,NOM
suie,NOUN,C2,beacco,0.0,0.0121,0.0,0.0,0.0,0.5285,0.0,0.0,0.0121,0.0,0.0,0.0,0.8102,0.0,0.0,0.0218,C2,word_pos,suie,N,suie,NOM
syphilis,NOUN,C2,beacco,0.0,0.0121,0.0,0.0,0.0,0.5285,0.0,0.0,0.0121,0.0,0.0,0.0,0.8102,0.0,0.0,0.0218,C2,word_pos,syphilis,N,syphilis,NOM
tordu,ADJ,C2,beacco,0.0,0.0121,0.0,0.0,0.0,0.5285,0.0,0.0,0.0121,0.0,0.0,0.0,0.8102,0.0,0.0,0.0218,C2,word_pos,tordu,A,tordu,ADJ
touffu,ADJ,C2,beacco,0.0,0.0121,0.0,0.0,0.0,0.5285,0.0,0.0,0.0121,0.0,0.0,0.0,0.8102,0.0,0.0,0.0218,C2,word_pos,touffu,A,touffu,ADJ
vacherie,NOUN,C2,beacco,0.0,0.0121,0.0,0.0,0.0,0.5285,0.0,0.0,0.0121,0.0,0.0,0.0,0.8102,0.0,0.0,0.0218,C2,word_pos,vacherie,N,vacherie,NOM
versaillais,ADJ,C2,beacco,0.0,0.0121,0.0,0.0,0.0,0.5285,0.0,0.0,0.0121,0.0,0.0,0.0,0.8102,0.0,0.0,0.0218,C2,unique_word,versaillais,A,versaillais,NOM
vétuste,ADJ,C2,beacco,0.0,0.0121,0.0,0.0,0.0,0.5285,0.0,0.0,0.0121,0.0,0.0,0.0,0.8102,0.0,0.0,0.0218,C2,word_pos,vétuste,A,vétuste,ADJ
énième,ADJ,C2,beacco,0.0,0.0111,0.0,0.2206,0.0,0.0,0.0,0.0,0.0111,0.0,0.2129,0.0,0.0,0.0,0.0,0.0276,C2,word_pos,énième,A,énième,ADJ
autrichien,ADJ,C2,beacco,0.0,0.011,0.5727,0.0,0.0,0.0,0.0,0.0,0.011,1.1556,0.0,0.0,0.0,0.0,0.0,0.0212,C2,word_pos,autrichien,A,autrichien,ADJ
excepté,PREP,C2,beacco,0.0,0.011,,,,,,,,0.5987,0.0,0.0,0.0,0.0,0.0,0.011,C2,beacco_only,,,excepté,PRP
fanzine,NOUN,C2,beacco,0.0,0.011,0.5693,0.0,0.0,0.0,0.0,0.0,0.011,1.1764,0.0,0.0,0.0,0.0,0.0,0.0216,C2,word_pos,fanzine,N,fanzine,NOM
friterie,NOUN,C2,beacco,0.0,0.011,0.5693,0.0,0.0,0.0,0.0,0.0,0.011,1.1764,0.0,0.0,0.0,0.0,0.0,0.0216,C2,word_pos,friterie,N,friterie,NOM
imprimante,NOUN,C2,beacco,0.0,0.011,0.5727,0.0,0.0,0.0,0.0,0.0,0.011,1.1556,0.0,0.0,0.0,0.0,0.0,0.0212,C2,word_pos,imprimante,N,imprimante,NOM
incroyable,NOUN,C2,beacco,0.0,0.011,,,,,,,,0.5987,0.0,0.0,0.0,0.0,0.0,0.011,C2,beacco_only,,,incroyable,NOM
microclimat,NOUN,C2,beacco,0.0,0.011,0.5693,0.0,0.0,0.0,0.0,0.0,0.011,1.1764,0.0,0.0,0.0,0.0,0.0,0.0216,C2,word_pos,microclimat,N,microclimat,NOM
surnaturel,NOUN,C2,beacco,0.0,0.011,,,,,,,,0.5987,0.0,0.0,0.0,0.0,0.0,0.011,C2,beacco_only,,,surnaturel,NOM
timidité,NOUN,C2,beacco,0.0,0.011,0.5727,0.0,0.0,0.0,0.0,0.0,0.011,1.1556,0.0,0.0,0.0,0.0,0.0,0.0212,C2,word_pos,timidité,N,timidité,NOM
violon,NOUN,C2,beacco,0.0,0.011,0.5727,0.0,0.0,0.0,0.0,0.0,0.011,1.1556,0.0,0.0,0.0,0.0,0.0,0.0212,C2,word_pos,violon,N,violon,NOM
antipelliculaire,ADJ,C2,beacco,0.0,0.0107,0.0,0.2117,0.0,0.0,0.0,0.0,0.0107,0.0,0.4157,0.0,0.0,0.0,0.0,0.02,C2,word_pos,antipelliculaire,A,antipelliculaire,ADJ
approximatif,ADJ,C2,beacco,0.0,0.0107,0.0,0.2117,0.0,0.0,0.0,0.0,0.0107,0.0,0.4157,0.0,0.0,0.0,0.0,0.02,C2,word_pos,approximatif,A,approximatif,ADJ
caveau,NOUN,C2,beacco,0.0,0.0107,0.0,0.2117,0.0,0.0,0.0,0.0,0.0107,0.0,0.4157,0.0,0.0,0.0,0.0,0.02,C2,word_pos,caveau,N,caveau,NOM
confectionner,VERB,C2,beacco,0.0,0.0107,0.0,0.2117,0.0,0.0,0.0,0.0,0.0107,0.0,0.4157,0.0,0.0,0.0,0.0,0.02,C2,word_pos,confectionner,V,confectionner,VER
contenance,NOUN,C2,beacco,0.0,0.0107,0.0,0.2117,0.0,0.0,0.0,0.0,0.0107,0.0,0.4157,0.0,0.0,0.0,0.0,0.02,C2,word_pos,contenance,N,contenance,NOM
crampe,NOUN,C2,beacco,0.0,0.0107,0.0,0.2114,0.0,0.0,0.0,0.0,0.0107,0.0,0.6008,0.0,0.0,0.0,0.0,0.0456,C2,word_pos,crampe,N,crampe,NOM
cuistot,NOUN,C2,beacco,0.0,0.0107,0.0,0.2114,0.0,0.0,0.0,0.0,0.0107,0.0,0.6008,0.0,0.0,0.0,0.0,0.0456,C2,word_pos,cuistot,N,cuistot,NOM
divaguer,VERB,C2,beacco,0.0,0.0107,0.0,0.2117,0.0,0.0,0.0,0.0,0.0107,0.0,0.4157,0.0,0.0,0.0,0.0,0.02,C2,word_pos,divaguer,V,divaguer,VER
dorade,NOUN,C2,beacco,0.0,0.0107,0.0,0.2114,0.0,0.0,0.0,0.0,0.0107,0.0,0.6008,0.0,0.0,0.0,0.0,0.0456,C2,word_pos,dorade,N,dorade,NOM
dresseur,NOUN,C2,beacco,0.0,0.0107,0.0,0.2117,0.0,0.0,0.0,0.0,0.0107,0.0,0.8313,0.0,0.0,0.0,0.0,0.0401,C2,word_pos,dresseur,N,dresseur,NOM
dénommer,VERB,C2,beacco,0.0,0.0107,0.0,0.2114,0.0,0.0,0.0,0.0,0.0107,0.0,0.6008,0.0,0.0,0.0,0.0,0.0456,C2,word_pos,dénommer,V,dénommer,VER
enchevêtrer,VERB,C2,beacco,0.0,0.0107,0.0,0.2114,0.0,0.0,0.0,0.0,0.0107,0.0,0.6008,0.0,0.0,0.0,0.0,0.0456,C2,word_pos,enchevêtrer,V,enchevêtrer,VER
enterrement,NOUN,C2,beacco,0.0,0.0107,0.0,0.2117,0.0,0.0,0.0,0.0,0.0107,0.0,0.4157,0.0,0.0,0.0,0.0,0.02,C2,word_pos,enterrement,N,enterrement,NOM
fluvial,ADJ,C2,beacco,0.0,0.0107,0.0,0.2114,0.0,0.0,0.0,0.0,0.0107,0.0,0.6008,0.0,0.0,0.0,0.0,0.0456,C2,word_pos,fluvial,A,fluvial,ADJ
fromager,NOUN,C2,beacco,0.0,0.0107,0.0,0.2117,0.0,0.0,0.0,0.0,0.0107,0.0,0.4157,0.0,0.0,0.0,0.0,0.02,C2,word_pos,fromager,N,fromager,NOM
illégalement,ADV,C2,beacco,0.0,0.0107,0.0,0.2117,0.0,0.0,0.0,0.0,0.0107,0.0,0.4157,0.0,0.0,0.0,0.0,0.02,C2,word_pos,illégalement,ADV,illégalement,ADV
lardon,NOUN,C2,beacco,0.0,0.0107,0.0,0.2114,0.0,0.0,0.0,0.0,0.0107,0.0,0.6008,0.0,0.0,0.0,0.0,0.0456,C2,word_pos,lardon,N,lardon,NOM
laveur,ADJ,C2,beacco,0.0,0.0107,0.0,0.2117,0.0,0.0,0.0,0.0,0.0107,0.0,0.4157,0.0,0.0,0.0,0.0,0.02,C2,unique_word,laveur,A,laveur,NOM
malien,ADJ,C2,beacco,0.0,0.0107,0.0,0.2114,0.0,0.0,0.0,0.0,0.0107,0.0,0.6008,0.0,0.0,0.0,0.0,0.0456,C2,word_pos,malien,A,malien,ADJ
mammouth,NOUN,C2,beacco,0.0,0.0107,0.0,0.2117,0.0,0.0,0.0,0.0,0.0107,0.0,0.4157,0.0,0.0,0.0,0.0,0.02,C2,word_pos,mammouth,N,mammouth,NOM
modeler,VERB,C2,beacco,0.0,0.0107,0.0,0.2117,0.0,0.0,0.0,0.0,0.0107,0.0,0.4157,0.0,0.0,0.0,0.0,0.02,C2,word_pos,modeler,V,modeler,VER
mosquée,NOUN,C2,beacco,0.0,0.0107,0.0,0.2114,0.0,0.0,0.0,0.0,0.0107,0.0,0.6008,0.0,0.0,0.0,0.0,0.0456,C2,word_pos,mosquée,N,mosquée,NOM
médiocre,NOUN,C2,beacco,0.0,0.0107,0.0,0.2117,0.0,0.0,0.0,0.0,0.0107,0.0,0.4157,0.0,0.0,0.0,0.0,0.02,C2,word_pos,médiocre,N,médiocre,NOM
ouïe,NOUN,C2,beacco,0.0,0.0107,0.0,0.2117,0.0,0.0,0.0,0.0,0.0107,0.0,0.4157,0.0,0.0,0.0,0.0,0.02,C2,word_pos,ouïe,N,ouïe,NOM
partant,ADJ,C2,beacco,0.0,0.0107,0.0,0.2117,0.0,0.0,0.0,0.0,0.0107,0.0,0.4157,0.0,0.0,0.0,0.0,0.02,C2,word_pos,partant,A,partant,ADJ
plasticien,NOUN,C2,beacco,0.0,0.0107,0.0,0.2117,0.0,0.0,0.0,0.0,0.0107,0.0,0.4157,0.0,0.0,0.0,0.0,0.02,C2,word_pos,plasticien,N,plasticien,NOM
positiver,VERB,C2,beacco,0.0,0.0107,0.0,0.2117,0.0,0.0,0.0,0.0,0.0107,0.0,0.4157,0.0,0.0,0.0,0.0,0.02,C2,word_pos,positiver,V,positiver,VER
poutrelle,NOUN,C2,beacco,0.0,0.0107,0.0,0.2114,0.0,0.0,0.0,0.0,0.0107,0.0,0.6008,0.0,0.0,0.0,0.0,0.0456,C2,word_pos,poutrelle,N,poutrelle,NOM
pupille,NOUN,C2,beacco,0.0,0.0107,0.0,0.2117,0.0,0.0,0.0,0.0,0.0107,0.0,0.4157,0.0,0.0,0.0,0.0,0.02,C2,word_pos,pupille,N,pupille,NOM
ravalement,NOUN,C2,beacco,0.0,0.0107,0.0,0.2117,0.0,0.0,0.0,0.0,0.0107,0.0,0.4157,0.0,0.0,0.0,0.0,0.02,C2,word_pos,ravalement,N,ravalement,NOM
recentrer,VERB,C2,beacco,0.0,0.0107,0.0,0.2117,0.0,0.0,0.0,0.0,0.0107,0.0,0.4157,0.0,0.0,0.0,0.0,0.02,C2,word_pos,recentrer,V,recentrer,VER
responsabiliser,VERB,C2,beacco,0.0,0.0107,0.0,0.2117,0.0,0.0,0.0,0.0,0.0107,0.0,0.4157,0.0,0.0,0.0,0.0,0.02,C2,word_pos,responsabiliser,V,responsabiliser,VER
retraitement,NOUN,C2,beacco,0.0,0.0107,0.0,0.2117,0.0,0.0,0.0,0.0,0.0107,0.0,0.4157,0.0,0.0,0.0,0.0,0.02,C2,word_pos,retraitement,N,retraitement,NOM
râteau,NOUN,C2,beacco,0.0,0.0107,0.0,0.2117,0.0,0.0,0.0,0.0,0.0107,0.0,0.4157,0.0,0.0,0.0,0.0,0.02,C2,word_pos,râteau,N,râteau,NOM
réchaud,NOUN,C2,beacco,0.0,0.0107,0.0,0.2117,0.0,0.0,0.0,0.0,0.0107,0.0,0.4157,0.0,0.0,0.0,0.0,0.02,C2,word_pos,réchaud,N,réchaud,NOM
réducteur,NOUN,C2,beacco,0.0,0.0107,0.0,0.2117,0.0,0.0,0.0,0.0,0.0107,0.0,0.4157,0.0,0.0,0.0,0.0,0.02,C2,word_pos,réducteur,N,réducteur,NOM
sandale,NOUN,C2,beacco,0.0,0.0107,0.0,0.2114,0.0,0.0,0.0,0.0,0.0107,0.0,0.6008,0.0,0.0,0.0,0.0,0.0456,C2,word_pos,sandale,N,sandale,NOM
sommaire,ADJ,C2,beacco,0.0,0.0107,0.0,0.2114,0.0,0.0,0.0,0.0,0.0107,0.0,0.6008,0.0,0.0,0.0,0.0,0.0456,C2,word_pos,sommaire,A,sommaire,ADJ
somnoler,VERB,C2,beacco,0.0,0.0107,0.0,0.2117,0.0,0.0,0.0,0.0,0.0107,0.0,0.4157,0.0,0.0,0.0,0.0,0.02,C2,word_pos,somnoler,V,somnoler,VER
soudanais,ADJ,C2,beacco,0.0,0.0107,0.0,0.2114,0.0,0.0,0.0,0.0,0.0107,0.0,0.6008,0.0,0.0,0.0,0.0,0.0456,C2,word_pos,soudanais,A,soudanais,ADJ
sphérique,ADJ,C2,beacco,0.0,0.0107,0.0,0.2117,0.0,0.0,0.0,0.0,0.0107,0.0,0.4157,0.0,0.0,0.0,0.0,0.02,C2,word_pos,sphérique,A,sphérique,ADJ
tournure,NOUN,C2,beacco,0.0,0.0107,0.0,0.2117,0.0,0.0,0.0,0.0,0.0107,0.0,0.4157,0.0,0.0,0.0,0.0,0.02,C2,word_pos,tournure,N,tournure,NOM
zigomar,NOUN,C2,beacco,0.0,0.0107,0.0,0.2114,0.0,0.0,0.0,0.0,0.0107,0.0,0.6008,0.0,0.0,0.0,0.0,0.0456,C2,word_pos,zigomar,N,zigomar,NOM
kaolin,NOUN,C2,beacco,0.0,0.0103,0.0,0.2035,0.0,0.0,0.0,0.0,0.0103,0.0,0.3851,0.0,0.0,0.0,0.0,0.0186,C2,word_pos,kaolin,N,kaolin,NOM
promontoire,NOUN,C2,beacco,0.0,0.0103,0.0,0.2035,0.0,0.0,0.0,0.0,0.0103,0.0,0.3851,0.0,0.0,0.0,0.0,0.0186,C2,word_pos,promontoire,N,promontoire,NOM
capitole,NOUN,C2,beacco,0.0,0.0102,0.5304,0.0,0.0,0.0,0.0,0.0,0.0102,0.4856,0.0,0.0,0.0,0.0,0.0,0.0089,C2,word_pos,capitole,N,capitole,NOM
pff,INT,C2,beacco,0.0,0.0102,,,,,,,,0.5547,0.0,0.0,0.0,0.0,0.0,0.0102,C2,beacco_only,,,pff,INT
élastique,NOUN,C2,beacco,0.0,0.0102,0.5304,0.0,0.0,0.0,0.0,0.0,0.0102,0.4856,0.0,0.0,0.0,0.0,0.0,0.0089,C2,unique_word,élastique,N,élastique,ADJ
agaçant,ADJ,C2,beacco,0.0,0.0101,,,,,,,,0.5504,0.0,0.0,0.0,0.0,0.0,0.0101,C2,beacco_only,,,agaçant,ADJ
berk,INT,C2,beacco,0.0,0.0101,,,,,,,,0.5504,0.0,0.0,0.0,0.0,0.0,0.0101,C2,beacco_only,,,berk,INT
mexicain,NOUN,C2,beacco,0.0,0.0101,,,,,,,,0.5504,0.0,0.0,0.0,0.0,0.0,0.0101,C2,beacco_only,,,mexicain,NOM
planeur,NOUN,C2,beacco,0.0,0.01,0.5197,0.0,0.0,0.0,0.0,0.0,0.01,1.1123,0.0,0.0,0.0,0.0,0.0,0.0204,C2,word_pos,planeur,N,planeur,NOM
range,NOUN,C2,beacco,0.0,0.01,0.5197,0.0,0.0,0.0,0.0,0.0,0.01,1.1123,0.0,0.0,0.0,0.0,0.0,0.0204,C2,word_pos,range,N,range,NOM
compromettant,ADJ,C2,beacco,0.0,0.0099,0.0,0.0,0.0,0.4335,0.0,0.0,0.0099,0.0,0.0,0.0,0.3387,0.0,0.0,0.0091,C2,word_pos,compromettant,A,compromettant,ADJ
coussin,NOUN,C2,beacco,0.0,0.0099,0.0,0.0,0.0,0.4335,0.0,0.0,0.0099,0.0,0.0,0.0,0.3387,0.0,0.0,0.0091,C2,word_pos,coussin,N,coussin,NOM
dangereusement,ADV,C2,beacco,0.0,0.0099,0.0,0.0,0.0,0.4335,0.0,0.0,0.0099,0.0,0.0,0.0,0.3387,0.0,0.0,0.0091,C2,word_pos,dangereusement,ADV,dangereusement,ADV
détonation,NOUN,C2,beacco,0.0,0.0099,0.0,0.0,0.0,0.4335,0.0,0.0,0.0099,0.0,0.0,0.0,0.6774,0.0,0.0,0.0182,C2,word_pos,détonation,N,détonation,NOM
impair,ADJ,C2,beacco,0.0,0.0099,0.0,0.0,0.0,0.4335,0.0,0.0,0.0099,0.0,0.0,0.0,1.0161,0.0,0.0,0.0273,C2,word_pos,impair,A,impair,ADJ
jointure,NOUN,C2,beacco,0.0,0.0099,0.0,0.0,0.0,0.4335,0.0,0.0,0.0099,0.0,0.0,0.0,0.3387,0.0,0.0,0.0091,C2,word_pos,jointure,N,jointure,NOM
lynx,NOUN,C2,beacco,0.0,0.0099,0.0,0.0,0.0,0.4335,0.0,0.0,0.0099,0.0,0.0,0.0,0.3387,0.0,0.0,0.0091,C2,word_pos,lynx,N,lynx,NOM
perquisitionner,VERB,C2,beacco,0.0,0.0099,0.0,0.0,0.0,0.4335,0.0,0.0,0.0099,0.0,0.0,0.0,0.6774,0.0,0.0,0.0182,C2,word_pos,perquisitionner,V,perquisitionner,VER
sonder,VERB,C2,beacco,0.0,0.0099,0.0,0.0,0.0,0.4335,0.0,0.0,0.0099,0.0,0.0,0.0,0.3387,0.0,0.0,0.0091,C2,word_pos,sonder,V,sonder,VER
sot,NOUN,C2,beacco,0.0,0.0099,0.0,0.0,0.0,0.4335,0.0,0.0,0.0099,0.0,0.0,0.0,0.6774,0.0,0.0,0.0182,C2,word_pos,sot,N,sot,NOM
cadrage,NOUN,C2,beacco,0.0,0.0098,0.5081,0.0,0.0,0.0,0.0,0.0,0.0098,1.1008,0.0,0.0,0.0,0.0,0.0,0.0202,C2,word_pos,cadrage,N,cadrage,NOM
caverneux,ADJ,C2,beacco,0.0,0.0098,0.5081,0.0,0.0,0.0,0.0,0.0,0.0098,0.5504,0.0,0.0,0.0,0.0,0.0,0.0101,C2,word_pos,caverneux,A,caverneux,ADJ
combiné,NOUN,C2,beacco,0.0,0.0098,0.5081,0.0,0.0,0.0,0.0,0.0,0.0098,0.5504,0.0,0.0,0.0,0.0,0.0,0.0101,C2,word_pos,combiné,N,combiné,NOM
district,NOUN,C2,beacco,0.0,0.0098,0.5081,0.0,0.0,0.0,0.0,0.0,0.0098,0.5504,0.0,0.0,0.0,0.0,0.0,0.0101,C2,word_pos,district,N,district,NOM
sacerdotal,ADJ,C2,beacco,0.0,0.0098,0.5081,0.0,0.0,0.0,0.0,0.0,0.0098,0.5504,0.0,0.0,0.0,0.0,0.0,0.0101,C2,word_pos,sacerdotal,A,sacerdotal,ADJ
stuc,NOUN,C2,beacco,0.0,0.0098,0.5081,0.0,0.0,0.0,0.0,0.0,0.0098,0.5504,0.0,0.0,0.0,0.0,0.0,0.0101,C2,word_pos,stuc,N,stuc,NOM
aromatiser,VERB,C2,beacco,0.0,0.0097,0.5025,0.0,0.0,0.0,0.0,0.0,0.0097,0.9051,0.0,0.0,0.0,0.0,0.0,0.0456,C2,word_pos,aromatiser,V,aromatiser,VER
braiser,VERB,C2,beacco,0.0,0.0097,0.5025,0.0,0.0,0.0,0.0,0.0,0.0097,0.9051,0.0,0.0,0.0,0.0,0.0,0.0456,C2,word_pos,braiser,V,braiser,VER
brasseur,NOUN,C2,beacco,0.0,0.0097,0.5025,0.0,0.0,0.0,0.0,0.0,0.0097,0.9051,0.0,0.0,0.0,0.0,0.0,0.0456,C2,word_pos,brasseur,N,brasseur,NOM
cieux,NOUN,C2,beacco,0.0,0.0097,0.5025,0.0,0.0,0.0,0.0,0.0,0.0097,0.9051,0.0,0.0,0.0,0.0,0.0,0.0456,C2,word_pos,cieux,N,cieux,NOM
climatiser,VERB,C2,beacco,0.0,0.0097,0.5025,0.0,0.0,0.0,0.0,0.0,0.0097,0.9051,0.0,0.0,0.0,0.0,0.0,0.0456,C2,word_pos,climatiser,V,climatiser,VER
compréhensif,ADJ,C2,beacco,0.0,0.0097,0.5025,0.0,0.0,0.0,0.0,0.0,0.0097,0.9051,0.0,0.0,0.0,0.0,0.0,0.0456,C2,word_pos,compréhensif,A,compréhensif,ADJ
guéret,NOUN,C2,beacco,0.0,0.0097,0.5025,0.0,0.0,0.0,0.0,0.0,0.0097,0.9051,0.0,0.0,0.0,0.0,0.0,0.0456,C2,word_pos,guéret,N,guéret,NOM
incontesté,ADJ,C2,beacco,0.0,0.0097,0.5025,0.0,0.0,0.0,0.0,0.0,0.0097,0.9051,0.0,0.0,0.0,0.0,0.0,0.0456,C2,word_pos,incontesté,A,incontesté,ADJ
paradisiaque,ADJ,C2,beacco,0.0,0.0097,0.5025,0.0,0.0,0.0,0.0,0.0,0.0097,0.9051,0.0,0.0,0.0,0.0,0.0,0.0456,C2,word_pos,paradisiaque,A,paradisiaque,ADJ
poney,NOUN,C2,beacco,0.0,0.0097,0.5025,0.0,0.0,0.0,0.0,0.0,0.0097,0.9051,0.0,0.0,0.0,0.0,0.0,0.0456,C2,word_pos,poney,N,poney,NOM
reinette,NOUN,C2,beacco,0.0,0.0097,0.5025,0.0,0.0,0.0,0.0,0.0,0.0097,0.9051,0.0,0.0,0.0,0.0,0.0,0.0456,C2,word_pos,reinette,N,reinette,NOM
silhouetter,VERB,C2,beacco,0.0,0.0097,0.5025,0.0,0.0,0.0,0.0,0.0,0.0097,0.9051,0.0,0.0,0.0,0.0,0.0,0.0456,C2,word_pos,silhouetter,V,silhouetter,VER
tourtière,NOUN,C2,beacco,0.0,0.0097,0.5025,0.0,0.0,0.0,0.0,0.0,0.0097,0.9051,0.0,0.0,0.0,0.0,0.0,0.0456,C2,word_pos,tourtière,N,tourtière,NOM
typographie,NOUN,C2,beacco,0.0,0.0097,0.5025,0.0,0.0,0.0,0.0,0.0,0.0097,0.9051,0.0,0.0,0.0,0.0,0.0,0.0456,C2,word_pos,typographie,N,typographie,NOM
vinicole,ADJ,C2,beacco,0.0,0.0097,0.5025,0.0,0.0,0.0,0.0,0.0,0.0097,0.9051,0.0,0.0,0.0,0.0,0.0,0.0456,C2,word_pos,vinicole,A,vinicole,ADJ
érable,NOUN,C2,beacco,0.0,0.0097,0.5025,0.0,0.0,0.0,0.0,0.0,0.0097,0.9051,0.0,0.0,0.0,0.0,0.0,0.0456,C2,word_pos,érable,N,érable,NOM
altesse,NOUN,C2,beacco,0.0,0.0096,0.4996,0.0,0.0,0.0,0.0,0.0,0.0096,0.9464,0.0,0.0,0.0,0.0,0.0,0.0276,C2,word_pos,altesse,N,altesse,NOM
aquatique,ADJ,C2,beacco,0.0,0.0096,0.4996,0.0,0.0,0.0,0.0,0.0,0.0096,0.9464,0.0,0.0,0.0,0.0,0.0,0.0276,C2,word_pos,aquatique,A,aquatique,ADJ
climatiseur,NOUN,C2,beacco,0.0,0.0096,0.4996,0.0,0.0,0.0,0.0,0.0,0.0096,0.9464,0.0,0.0,0.0,0.0,0.0,0.0276,C2,word_pos,climatiseur,N,climatiseur,NOM
demi-journée,NOUN,C2,beacco,0.0,0.0096,,,,,,,,0.0,0.0,0.1029,0.0,0.0,0.0,0.0096,C2,beacco_only,,,demi-journée,NOM
exubérant,ADJ,C2,beacco,0.0,0.0096,0.4996,0.0,0.0,0.0,0.0,0.0,0.0096,0.9464,0.0,0.0,0.0,0.0,0.0,0.0276,C2,word_pos,exubérant,A,exubérant,ADJ
femelle,NOUN,C2,beacco,0.0,0.0096,,,,,,,,0.0,0.0,0.1029,0.0,0.0,0.0,0.0096,C2,beacco_only,,,femelle,NOM
gueuze,NOUN,C2,beacco,0.0,0.0096,0.4996,0.0,0.0,0.0,0.0,0.0,0.0096,0.9464,0.0,0.0,0.0,0.0,0.0,0.0276,C2,word_pos,gueuze,N,gueuze,NOM
montagneux,ADJ,C2,beacco,0.0,0.0096,0.4996,0.0,0.0,0.0,0.0,0.0,0.0096,0.9464,0.0,0.0,0.0,0.0,0.0,0.0276,C2,word_pos,montagneux,A,montagneux,ADJ
motoneige,NOUN,C2,beacco,0.0,0.0096,0.4996,0.0,0.0,0.0,0.0,0.0,0.0096,0.9464,0.0,0.0,0.0,0.0,0.0,0.0276,C2,word_pos,motoneige,N,motoneige,NOM
océanographique,ADJ,C2,beacco,0.0,0.0096,0.4996,0.0,0.0,0.0,0.0,0.0,0.0096,0.9464,0.0,0.0,0.0,0.0,0.0,0.0276,C2,word_pos,océanographique,A,océanographique,ADJ
piazza,NOUN,C2,beacco,0.0,0.0096,0.4996,0.0,0.0,0.0,0.0,0.0,0.0096,0.9464,0.0,0.0,0.0,0.0,0.0,0.0276,C2,word_pos,piazza,N,piazza,NOM
radiothérapie,NOUN,C2,beacco,0.0,0.0096,0.4996,0.0,0.0,0.0,0.0,0.0,0.0096,0.9464,0.0,0.0,0.0,0.0,0.0,0.0276,C2,word_pos,radiothérapie,N,radiothérapie,NOM
raquette,NOUN,C2,beacco,0.0,0.0096,0.4996,0.0,0.0,0.0,0.0,0.0,0.0096,0.9464,0.0,0.0,0.0,0.0,0.0,0.0276,C2,word_pos,raquette,N,raquette,NOM
amuseur,NOUN,C2,beacco,0.0,0.0095,0.0,0.1887,0.0,0.0,0.0,0.0,0.0095,0.0,0.1937,0.0,0.0,0.0,0.0,0.0242,C2,word_pos,amuseur,N,amuseur,NOM
cambodgien,ADJ,C2,beacco,0.0,0.0095,0.0,0.1887,0.0,0.0,0.0,0.0,0.0095,0.0,0.1937,0.0,0.0,0.0,0.0,0.0242,C2,word_pos,cambodgien,A,cambodgien,ADJ
castillan,ADJ,C2,beacco,0.0,0.0095,0.0,0.1887,0.0,0.0,0.0,0.0,0.0095,0.0,0.1937,0.0,0.0,0.0,0.0,0.0242,C2,word_pos,castillan,A,castillan,ADJ
dactylographie,NOUN,C2,beacco,0.0,0.0095,0.0,0.1887,0.0,0.0,0.0,0.0,0.0095,0.0,0.1937,0.0,0.0,0.0,0.0,0.0242,C2,word_pos,dactylographie,N,dactylographie,NOM
fruitier,ADJ,C2,beacco,0.0,0.0095,0.0,0.1887,0.0,0.0,0.0,0.0,0.0095,0.0,0.1937,0.0,0.0,0.0,0.0,0.0242,C2,word_pos,fruitier,A,fruitier,ADJ
gauloiserie,NOUN,C2,beacco,0.0,0.0095,0.0,0.1887,0.0,0.0,0.0,0.0,0.0095,0.0,0.1937,0.0,0.0,0.0,0.0,0.0242,C2,word_pos,gauloiserie,N,gauloiserie,NOM
insonorisation,NOUN,C2,beacco,0.0,0.0095,0.0,0.1887,0.0,0.0,0.0,0.0,0.0095,0.0,0.1937,0.0,0.0,0.0,0.0,0.0242,C2,word_pos,insonorisation,N,insonorisation,NOM
tahitien,NOUN,C2,beacco,0.0,0.0095,0.0,0.1887,0.0,0.0,0.0,0.0,0.0095,0.0,0.1937,0.0,0.0,0.0,0.0,0.0242,C2,word_pos,tahitien,N,tahitien,NOM
demandant,ADJ,C2,beacco,0.0,0.0091,,,,,,,,0.0,0.0,0.0,0.3387,0.0,0.0,0.0091,C2,beacco_only,,,demandant,ADJ
non-sens,NOUN,C2,beacco,0.0,0.0091,,,,,,,,0.0,0.0,0.0,0.3387,0.0,0.0,0.0091,C2,beacco_only,,,non-sens,NOM
posée,NOUN,C2,beacco,0.0,0.0091,,,,,,,,0.0,0.0,0.0,0.3387,0.0,0.0,0.0091,C2,beacco_only,,,posée,NOM
sous-estimer,VERB,C2,beacco,0.0,0.0091,,,,,,,,0.0,0.0,0.0,0.3387,0.0,0.0,0.0091,C2,beacco_only,,,sous-estimer,VER
cène,NOUN,C2,beacco,0.0,0.009,,,,,,,,0.0,0.186,0.0,0.0,0.0,0.0,0.009,C2,beacco_only,,,cène,NOM
quintaine,NOUN,C2,beacco,0.0,0.009,,,,,,,,0.0,0.186,0.0,0.0,0.0,0.0,0.009,C2,beacco_only,,,quintaine,NOM
chewing-gum,NOUN,C2,beacco,0.0,0.0089,,,,,,,,0.4856,0.0,0.0,0.0,0.0,0.0,0.0089,C2,beacco_only,,,chewing-gum,NOM
mosaïque,ADJ,C2,beacco,0.0,0.0089,,,,,,,,0.4856,0.0,0.0,0.0,0.0,0.0,0.0089,C2,beacco_only,,,mosaïque,ADJ
récoler,VERB,C2,beacco,0.0,0.0089,,,,,,,,0.4856,0.0,0.0,0.0,0.0,0.0,0.0089,C2,beacco_only,,,récoler,VER
viennois,ADJ,C2,beacco,0.0,0.0085,0.4421,0.0,0.0,0.0,0.0,0.0,0.0085,0.9121,0.0,0.0,0.0,0.0,0.0,0.0168,C2,word_pos,viennois,A,viennois,ADJ
cintre,NOUN,C2,beacco,0.0,0.0084,0.0,0.0,0.0908,0.0,0.0,0.0,0.0084,0.0,0.0,0.2504,0.0,0.0,0.0,0.0233,C2,word_pos,cintre,N,cintre,NOM
lâchement,ADV,C2,beacco,0.0,0.0084,0.0,0.0,0.0908,0.0,0.0,0.0,0.0084,0.0,0.0,0.2504,0.0,0.0,0.0,0.0233,C2,word_pos,lâchement,ADV,lâchement,ADV
légiste,ADJ,C2,beacco,0.0,0.0084,0.0,0.0,0.0908,0.0,0.0,0.0,0.0084,0.0,0.0,0.2504,0.0,0.0,0.0,0.0233,C2,word_pos,légiste,A,légiste,ADJ
minable,NOUN,C2,beacco,0.0,0.0084,0.0,0.0,0.0908,0.0,0.0,0.0,0.0084,0.0,0.0,0.2504,0.0,0.0,0.0,0.0233,C2,unique_word,minable,N,minable,ADJ
saboter,VERB,C2,beacco,0.0,0.0084,0.0,0.0,0.0908,0.0,0.0,0.0,0.0084,0.0,0.0,0.2504,0.0,0.0,0.0,0.0233,C2,word_pos,saboter,V,saboter,VER
vainement,ADV,C2,beacco,0.0,0.0084,0.0,0.0,0.0908,0.0,0.0,0.0,0.0084,0.0,0.0,0.2504,0.0,0.0,0.0,0.0233,C2,word_pos,vainement,ADV,vainement,ADV
acclimater,VERB,C2,beacco,0.0,0.0083,0.0,0.0,0.0906,0.0,0.0,0.0,0.0083,0.0,0.0,0.185,0.0,0.0,0.0,0.0472,C2,word_pos,acclimater,V,acclimater,VER
badge,NOUN,C2,beacco,0.0,0.0083,0.0,0.0,0.0906,0.0,0.0,0.0,0.0083,0.0,0.0,0.185,0.0,0.0,0.0,0.0472,C2,word_pos,badge,N,badge,NOM
camaraderie,NOUN,C2,beacco,0.0,0.0083,0.0,0.0,0.0906,0.0,0.0,0.0,0.0083,0.0,0.0,0.185,0.0,0.0,0.0,0.0472,C2,word_pos,camaraderie,N,camaraderie,NOM
central,NOUN,C2,beacco,0.0,0.0083,0.0,0.0,0.0906,0.0,0.0,0.0,0.0083,0.0,0.0,0.185,0.0,0.0,0.0,0.0472,C2,word_pos,central,N,central,NOM
coloris,NOUN,C2,beacco,0.0,0.0083,0.0,0.0,0.0906,0.0,0.0,0.0,0.0083,0.0,0.0,0.185,0.0,0.0,0.0,0.0472,C2,word_pos,coloris,N,coloris,NOM
compteur,NOUN,C2,beacco,0.0,0.0083,0.0,0.0,0.0906,0.0,0.0,0.0,0.0083,0.0,0.0,0.185,0.0,0.0,0.0,0.0472,C2,word_pos,compteur,N,compteur,NOM
conciliant,ADJ,C2,beacco,0.0,0.0083,0.0,0.0,0.0906,0.0,0.0,0.0,0.0083,0.0,0.0,0.185,0.0,0.0,0.0,0.0472,C2,word_pos,conciliant,A,conciliant,ADJ
corroborer,VERB,C2,beacco,0.0,0.0083,0.0,0.0,0.0906,0.0,0.0,0.0,0.0083,0.0,0.0,0.185,0.0,0.0,0.0,0.0472,C2,word_pos,corroborer,V,corroborer,VER
croisière,NOUN,C2,beacco,0.0,0.0083,0.0,0.0,0.0906,0.0,0.0,0.0,0.0083,0.0,0.0,0.185,0.0,0.0,0.0,0.0472,C2,word_pos,croisière,N,croisière,NOM
cétacé,NOUN,C2,beacco,0.0,0.0083,0.0,0.0,0.0906,0.0,0.0,0.0,0.0083,0.0,0.0,0.185,0.0,0.0,0.0,0.0472,C2,word_pos,cétacé,N,cétacé,NOM
garrigue,NOUN,C2,beacco,0.0,0.0083,0.0,0.0,0.0906,0.0,0.0,0.0,0.0083,0.0,0.0,0.185,0.0,0.0,0.0,0.0472,C2,word_pos,garrigue,N,garrigue,NOM
hémicycle,NOUN,C2,beacco,0.0,0.0083,0.0,0.0,0.0906,0.0,0.0,0.0,0.0083,0.0,0.0,0.185,0.0,0.0,0.0,0.0472,C2,word_pos,hémicycle,N,hémicycle,NOM
irresponsable,ADJ,C2,beacco,0.0,0.0083,0.0,0.0,0.0906,0.0,0.0,0.0,0.0083,0.0,0.0,0.185,0.0,0.0,0.0,0.0472,C2,word_pos,irresponsable,A,irresponsable,ADJ
krach,NOUN,C2,beacco,0.0,0.0083,0.0,0.0,0.0906,0.0,0.0,0.0,0.0083,0.0,0.0,0.185,0.0,0.0,0.0,0.0472,C2,word_pos,krach,N,krach,NOM
limonade,NOUN,C2,beacco,0.0,0.0083,0.0,0.0,0.0906,0.0,0.0,0.0,0.0083,0.0,0.0,0.185,0.0,0.0,0.0,0.0472,C2,word_pos,limonade,N,limonade,NOM
monorail,ADJ,C2,beacco,0.0,0.0083,0.0,0.0,0.0906,0.0,0.0,0.0,0.0083,0.0,0.0,0.185,0.0,0.0,0.0,0.0472,C2,word_pos,monorail,A,monorail,ADJ
monoski,NOUN,C2,beacco,0.0,0.0083,0.0,0.0,0.0906,0.0,0.0,0.0,0.0083,0.0,0.0,0.185,0.0,0.0,0.0,0.0472,C2,word_pos,monoski,N,monoski,NOM
nichée,NOUN,C2,beacco,0.0,0.0083,0.0,0.0,0.0906,0.0,0.0,0.0,0.0083,0.0,0.0,0.185,0.0,0.0,0.0,0.0472,C2,word_pos,nichée,N,nichée,NOM
nivernais,ADJ,C2,beacco,0.0,0.0083,0.0,0.0,0.0906,0.0,0.0,0.0,0.0083,0.0,0.0,0.185,0.0,0.0,0.0,0.0472,C2,word_pos,nivernais,A,nivernais,ADJ
obèse,NOUN,C2,beacco,0.0,0.0083,0.0,0.0,0.0906,0.0,0.0,0.0,0.0083,0.0,0.0,0.185,0.0,0.0,0.0,0.0472,C2,word_pos,obèse,N,obèse,NOM
obèse,ADJ,C2,beacco,0.0,0.0083,0.0,0.0,0.0906,0.0,0.0,0.0,0.0083,0.0,0.0,0.185,0.0,0.0,0.0,0.0472,C2,word_pos,obèse,A,obèse,ADJ
parapente,NOUN,C2,beacco,0.0,0.0083,0.0,0.0,0.0906,0.0,0.0,0.0,0.0083,0.0,0.0,0.185,0.0,0.0,0.0,0.0472,C2,word_pos,parapente,N,parapente,NOM
rapace,NOUN,C2,beacco,0.0,0.0083,0.0,0.0,0.0906,0.0,0.0,0.0,0.0083,0.0,0.0,0.185,0.0,0.0,0.0,0.0472,C2,word_pos,rapace,N,rapace,NOM
relevé,NOUN,C2,beacco,0.0,0.0083,0.0,0.0,0.0906,0.0,0.0,0.0,0.0083,0.0,0.0,0.185,0.0,0.0,0.0,0.0472,C2,word_pos,relevé,N,relevé,NOM
serpenter,VERB,C2,beacco,0.0,0.0083,0.0,0.0,0.0906,0.0,0.0,0.0,0.0083,0.0,0.0,0.185,0.0,0.0,0.0,0.0472,C2,word_pos,serpenter,V,serpenter,VER
spéculateur,NOUN,C2,beacco,0.0,0.0083,0.0,0.0,0.0906,0.0,0.0,0.0,0.0083,0.0,0.0,0.185,0.0,0.0,0.0,0.0472,C2,word_pos,spéculateur,N,spéculateur,NOM
sumérien,ADJ,C2,beacco,0.0,0.0083,0.0,0.0,0.0906,0.0,0.0,0.0,0.0083,0.0,0.0,0.185,0.0,0.0,0.0,0.0472,C2,word_pos,sumérien,A,sumérien,ADJ
tâtonner,VERB,C2,beacco,0.0,0.0083,0.0,0.0,0.0906,0.0,0.0,0.0,0.0083,0.0,0.0,0.185,0.0,0.0,0.0,0.0472,C2,word_pos,tâtonner,V,tâtonner,VER
varappe,NOUN,C2,beacco,0.0,0.0083,0.0,0.0,0.0906,0.0,0.0,0.0,0.0083,0.0,0.0,0.185,0.0,0.0,0.0,0.0472,C2,word_pos,varappe,N,varappe,NOM
commercialisable,ADJ,C2,beacco,0.0,0.0078,0.4068,0.0,0.0,0.0,0.0,0.0,0.0078,0.8075,0.0,0.0,0.0,0.0,0.0,0.0242,C2,word_pos,commercialisable,A,commercialisable,ADJ
embêtant,ADJ,C2,beacco,0.0,0.0078,0.4068,0.0,0.0,0.0,0.0,0.0,0.0078,0.8075,0.0,0.0,0.0,0.0,0.0,0.0242,C2,word_pos,embêtant,A,embêtant,ADJ
févier,NOUN,C2,beacco,0.0,0.0078,0.4068,0.0,0.0,0.0,0.0,0.0,0.0078,0.8075,0.0,0.0,0.0,0.0,0.0,0.0242,C2,word_pos,févier,N,févier,NOM
hémisphérique,ADJ,C2,beacco,0.0,0.0078,0.4068,0.0,0.0,0.0,0.0,0.0,0.0078,0.8075,0.0,0.0,0.0,0.0,0.0,0.0242,C2,word_pos,hémisphérique,A,hémisphérique,ADJ
jeton,NOUN,C2,beacco,0.0,0.0078,0.4068,0.0,0.0,0.0,0.0,0.0,0.0078,0.8075,0.0,0.0,0.0,0.0,0.0,0.0242,C2,word_pos,jeton,N,jeton,NOM
noyade,NOUN,C2,beacco,0.0,0.0078,0.4068,0.0,0.0,0.0,0.0,0.0,0.0078,0.8075,0.0,0.0,0.0,0.0,0.0,0.0242,C2,word_pos,noyade,N,noyade,NOM
pottok,NOUN,C2,beacco,0.0,0.0078,0.4068,0.0,0.0,0.0,0.0,0.0,0.0078,1.1764,0.0,0.0,0.0,0.0,0.0,0.0216,C2,word_pos,pottok,N,pottok,NOM
recompter,VERB,C2,beacco,0.0,0.0078,0.4068,0.0,0.0,0.0,0.0,0.0,0.0078,0.8075,0.0,0.0,0.0,0.0,0.0,0.0242,C2,word_pos,recompter,V,recompter,VER
télécommander,VERB,C2,beacco,0.0,0.0078,0.4068,0.0,0.0,0.0,0.0,0.0,0.0078,0.8075,0.0,0.0,0.0,0.0,0.0,0.0242,C2,word_pos,télécommander,V,télécommander,VER
anchois,NOUN,C2,beacco,0.0,0.0077,0.4014,0.0,0.0,0.0,0.0,0.0,0.0077,0.7319,0.0,0.0,0.0,0.0,0.0,0.0134,C2,word_pos,anchois,N,anchois,NOM
anchoïade,NOUN,C2,beacco,0.0,0.0077,0.4014,0.0,0.0,0.0,0.0,0.0,0.0077,0.7319,0.0,0.0,0.0,0.0,0.0,0.0134,C2,word_pos,anchoïade,N,anchoïade,NOM
avidement,ADV,C2,beacco,0.0,0.0077,0.3983,0.0,0.0,0.0,0.0,0.0,0.0077,0.8346,0.0,0.0,0.0,0.0,0.0,0.0153,C2,word_pos,avidement,ADV,avidement,ADV
avoine,NOUN,C2,beacco,0.0,0.0077,0.4014,0.0,0.0,0.0,0.0,0.0,0.0077,0.7319,0.0,0.0,0.0,0.0,0.0,0.0134,C2,word_pos,avoine,N,avoine,NOM
civière,NOUN,C2,beacco,0.0,0.0077,0.3983,0.0,0.0,0.0,0.0,0.0,0.0077,0.8346,0.0,0.0,0.0,0.0,0.0,0.0153,C2,word_pos,civière,N,civière,NOM
daube,NOUN,C2,beacco,0.0,0.0077,0.4014,0.0,0.0,0.0,0.0,0.0,0.0077,0.7319,0.0,0.0,0.0,0.0,0.0,0.0134,C2,word_pos,daube,N,daube,NOM
ensoleillement,NOUN,C2,beacco,0.0,0.0077,0.4014,0.0,0.0,0.0,0.0,0.0,0.0077,0.7319,0.0,0.0,0.0,0.0,0.0,0.0134,C2,word_pos,ensoleillement,N,ensoleillement,NOM
fugue,NOUN,C2,beacco,0.0,0.0077,0.3983,0.0,0.0,0.0,0.0,0.0,0.0077,0.8346,0.0,0.0,0.0,0.0,0.0,0.0153,C2,word_pos,fugue,N,fugue,NOM
insolent,ADJ,C2,beacco,0.0,0.0077,0.4014,0.0,0.0,0.0,0.0,0.0,0.0077,0.7319,0.0,0.0,0.0,0.0,0.0,0.0134,C2,word_pos,insolent,A,insolent,ADJ
irrespectueux,ADJ,C2,beacco,0.0,0.0077,0.4014,0.0,0.0,0.0,0.0,0.0,0.0077,0.7319,0.0,0.0,0.0,0.0,0.0,0.0134,C2,word_pos,irrespectueux,A,irrespectueux,ADJ
orientable,ADJ,C2,beacco,0.0,0.0077,0.4014,0.0,0.0,0.0,0.0,0.0,0.0077,0.7319,0.0,0.0,0.0,0.0,0.0,0.0134,C2,word_pos,orientable,A,orientable,ADJ
santon,NOUN,C2,beacco,0.0,0.0077,0.4014,0.0,0.0,0.0,0.0,0.0,0.0077,0.7319,0.0,0.0,0.0,0.0,0.0,0.0134,C2,word_pos,santon,N,santon,NOM
textile,ADJ,C2,beacco,0.0,0.0077,0.4014,0.0,0.0,0.0,0.0,0.0,0.0077,0.7319,0.0,0.0,0.0,0.0,0.0,0.0134,C2,word_pos,textile,A,textile,ADJ
tranchant,ADJ,C2,beacco,0.0,0.0077,0.3983,0.0,0.0,0.0,0.0,0.0,0.0077,0.8346,0.0,0.0,0.0,0.0,0.0,0.0153,C2,unique_word,tranchant,A,tranchant,NOM
affilée,NOUN,C2,beacco,0.0,0.0075,0.0,0.0,0.0818,0.0,0.0,0.0,0.0075,0.0,0.0,0.1243,0.0,0.0,0.0,0.0408,C2,unique_word,affilée,N,affilée,ADV
allocataire,NOUN,C2,beacco,0.0,0.0075,0.0,0.0,0.0818,0.0,0.0,0.0,0.0075,0.0,0.0,0.1243,0.0,0.0,0.0,0.0408,C2,word_pos,allocataire,N,allocataire,NOM
complémentaire,NOUN,C2,beacco,0.0,0.0075,0.0,0.0,0.0818,0.0,0.0,0.0,0.0075,0.0,0.0,0.1243,0.0,0.0,0.0,0.0408,C2,word_pos,complémentaire,N,complémentaire,NOM
encercler,VERB,C2,beacco,0.0,0.0075,0.0,0.0,0.0818,0.0,0.0,0.0,0.0075,0.0,0.0,0.1243,0.0,0.0,0.0,0.0408,C2,word_pos,encercler,V,encercler,VER
horticole,ADJ,C2,beacco,0.0,0.0075,0.0,0.0,0.0818,0.0,0.0,0.0,0.0075,0.0,0.0,0.1243,0.0,0.0,0.0,0.0408,C2,word_pos,horticole,A,horticole,ADJ
improvisation,NOUN,C2,beacco,0.0,0.0075,0.0,0.0,0.0818,0.0,0.0,0.0,0.0075,0.0,0.0,0.1243,0.0,0.0,0.0,0.0408,C2,word_pos,improvisation,N,improvisation,NOM
informatiser,VERB,C2,beacco,0.0,0.0075,0.0,0.0,0.0818,0.0,0.0,0.0,0.0075,0.0,0.0,0.1243,0.0,0.0,0.0,0.0408,C2,word_pos,informatiser,V,informatiser,VER
marginalité,NOUN,C2,beacco,0.0,0.0075,0.0,0.0,0.0818,0.0,0.0,0.0,0.0075,0.0,0.0,0.1243,0.0,0.0,0.0,0.0408,C2,word_pos,marginalité,N,marginalité,NOM
oralement,ADV,C2,beacco,0.0,0.0075,0.0,0.0,0.0818,0.0,0.0,0.0,0.0075,0.0,0.0,0.1243,0.0,0.0,0.0,0.0408,C2,word_pos,oralement,ADV,oralement,ADV
pompage,NOUN,C2,beacco,0.0,0.0075,0.0,0.0,0.0818,0.0,0.0,0.0,0.0075,0.0,0.0,0.1243,0.0,0.0,0.0,0.0408,C2,word_pos,pompage,N,pompage,NOM
radiophonique,ADJ,C2,beacco,0.0,0.0075,0.0,0.0,0.0818,0.0,0.0,0.0,0.0075,0.0,0.0,0.1243,0.0,0.0,0.0,0.0408,C2,word_pos,radiophonique,A,radiophonique,ADJ
ravitailler,VERB,C2,beacco,0.0,0.0075,0.0,0.0,0.0818,0.0,0.0,0.0,0.0075,0.0,0.0,0.1243,0.0,0.0,0.0,0.0408,C2,word_pos,ravitailler,V,ravitailler,VER
sinistré,NOUN,C2,beacco,0.0,0.0075,0.0,0.0,0.0818,0.0,0.0,0.0,0.0075,0.0,0.0,0.1243,0.0,0.0,0.0,0.0408,C2,word_pos,sinistré,N,sinistré,NOM
aveuglant,ADJ,C2,beacco,0.0,0.0072,0.0,0.1425,0.0,0.0,0.0,0.0,0.0072,0.0,0.2891,0.0,0.0,0.0,0.0,0.0139,C2,word_pos,aveuglant,A,aveuglant,ADJ
fourgon,NOUN,C2,beacco,0.0,0.0072,0.0,0.1425,0.0,0.0,0.0,0.0,0.0072,0.0,0.2891,0.0,0.0,0.0,0.0,0.0139,C2,word_pos,fourgon,N,fourgon,NOM
inerte,ADJ,C2,beacco,0.0,0.0072,0.0,0.1425,0.0,0.0,0.0,0.0,0.0072,0.0,0.2891,0.0,0.0,0.0,0.0,0.0139,C2,word_pos,inerte,A,inerte,ADJ
chevelure,NOUN,C2,beacco,0.0,0.0066,0.0,0.1306,0.0,0.0,0.0,0.0,0.0066,0.0,0.1865,0.0,0.0,0.0,0.0,0.009,C2,word_pos,chevelure,N,chevelure,NOM
constellation,NOUN,C2,beacco,0.0,0.0066,0.0,0.1306,0.0,0.0,0.0,0.0,0.0066,0.0,0.1865,0.0,0.0,0.0,0.0,0.009,C2,word_pos,constellation,N,constellation,NOM
embarquement,NOUN,C2,beacco,0.0,0.0066,0.0,0.1306,0.0,0.0,0.0,0.0,0.0066,0.0,0.1865,0.0,0.0,0.0,0.0,0.009,C2,word_pos,embarquement,N,embarquement,NOM
inachever,VERB,C2,beacco,0.0,0.0066,0.0,0.1306,0.0,0.0,0.0,0.0,0.0066,0.0,0.1865,0.0,0.0,0.0,0.0,0.009,C2,word_pos,inachever,V,inachever,VER
plisser,VERB,C2,beacco,0.0,0.0066,0.0,0.1306,0.0,0.0,0.0,0.0,0.0066,0.0,0.1865,0.0,0.0,0.0,0.0,0.009,C2,word_pos,plisser,V,plisser,VER
défouler,VERB,C2,beacco,0.0,0.0064,0.0,0.0,0.0698,0.0,0.0,0.0,0.0064,0.0,0.0,0.1219,0.0,0.0,0.0,0.0338,C2,word_pos,défouler,V,défouler,VER
archipel,NOUN,C2,beacco,0.0,0.0062,0.0,0.1235,0.0,0.0,0.0,0.0,0.0062,0.0,0.1276,0.0,0.0,0.0,0.0,0.0062,C2,word_pos,archipel,N,archipel,NOM
avoir,NOUN,C2,beacco,0.0,0.0062,0.0,0.1235,0.0,0.0,0.0,0.0,0.0062,0.0,0.6228,0.0,0.0,0.0,0.0,0.0472,C2,word_pos,avoir,N,avoir,NOM
bridge,X,C2,beacco,0.0,0.0062,0.0,0.1235,0.0,0.0,0.0,0.0,0.0062,0.0,0.3829,0.0,0.0,0.0,0.0,0.0185,C2,unique_word,bridge,X,bridge,NOM
canyon,NOUN,C2,beacco,0.0,0.0062,0.0,0.1235,0.0,0.0,0.0,0.0,0.0062,0.0,0.1276,0.0,0.0,0.0,0.0,0.0062,C2,word_pos,canyon,N,canyon,NOM
chaudière,NOUN,C2,beacco,0.0,0.0062,0.0,0.1235,0.0,0.0,0.0,0.0,0.0062,0.0,0.1276,0.0,0.0,0.0,0.0,0.0062,C2,word_pos,chaudière,N,chaudière,NOM
incandescence,NOUN,C2,beacco,0.0,0.0062,0.0,0.1235,0.0,0.0,0.0,0.0,0.0062,0.0,0.1276,0.0,0.0,0.0,0.0,0.0062,C2,word_pos,incandescence,N,incandescence,NOM
pinède,NOUN,C2,beacco,0.0,0.0062,0.0,0.1235,0.0,0.0,0.0,0.0,0.0062,0.0,0.1276,0.0,0.0,0.0,0.0,0.0062,C2,word_pos,pinède,N,pinède,NOM
commère,NOUN,C2,beacco,0.0,0.0061,0.3158,0.0,0.0,0.0,0.0,0.0,0.0061,0.6291,0.0,0.0,0.0,0.0,0.0,0.0116,C2,word_pos,commère,N,commère,NOM
drôlement,ADV,C2,beacco,0.0,0.0061,0.3158,0.0,0.0,0.0,0.0,0.0,0.0061,0.6291,0.0,0.0,0.0,0.0,0.0,0.0116,C2,word_pos,drôlement,ADV,drôlement,ADV
guirlande,NOUN,C2,beacco,0.0,0.0061,0.3158,0.0,0.0,0.0,0.0,0.0,0.0061,0.6291,0.0,0.0,0.0,0.0,0.0,0.0116,C2,word_pos,guirlande,N,guirlande,NOM
ingratitude,NOUN,C2,beacco,0.0,0.0061,0.3158,0.0,0.0,0.0,0.0,0.0,0.0061,0.6291,0.0,0.0,0.0,0.0,0.0,0.0116,C2,word_pos,ingratitude,N,ingratitude,NOM
ricaner,VERB,C2,beacco,0.0,0.0061,0.3158,0.0,0.0,0.0,0.0,0.0,0.0061,0.6291,0.0,0.0,0.0,0.0,0.0,0.0116,C2,word_pos,ricaner,V,ricaner,VER
poster,NOUN,C2,beacco,0.0,0.006,0.2738,0.0,0.0,0.0,0.0,0.0,0.006,0.5987,0.0,0.0,0.0,0.0,0.0,0.011,C2,word_pos,poster,N,poster,NOM
péniche,NOUN,C2,beacco,0.0,0.006,0.2738,0.0,0.0,0.0,0.0,0.0,0.006,0.5987,0.0,0.0,0.0,0.0,0.0,0.011,C2,word_pos,péniche,N,péniche,NOM
bouchée,NOUN,C2,beacco,0.0,0.0056,0.0,0.1103,0.0,0.0,0.0,0.0,0.0056,0.0,0.2129,0.0,0.0,0.0,0.0,0.0276,C2,word_pos,bouchée,N,bouchée,NOM
ergonomique,ADJ,C2,beacco,0.0,0.0056,0.0,0.1103,0.0,0.0,0.0,0.0,0.0056,0.0,0.2129,0.0,0.0,0.0,0.0,0.0276,C2,word_pos,ergonomique,A,ergonomique,ADJ
laitier,NOUN,C2,beacco,0.0,0.0056,0.0,0.1103,0.0,0.0,0.0,0.0,0.0056,0.0,0.2129,0.0,0.0,0.0,0.0,0.0276,C2,word_pos,laitier,N,laitier,NOM
nylon,NOUN,C2,beacco,0.0,0.0056,0.0,0.1103,0.0,0.0,0.0,0.0,0.0056,0.0,0.2129,0.0,0.0,0.0,0.0,0.0276,C2,word_pos,nylon,N,nylon,NOM
réverbère,NOUN,C2,beacco,0.0,0.0056,0.0,0.1103,0.0,0.0,0.0,0.0,0.0056,0.0,0.2129,0.0,0.0,0.0,0.0,0.0276,C2,word_pos,réverbère,N,réverbère,NOM
ultramoderne,ADJ,C2,beacco,0.0,0.0056,0.0,0.1103,0.0,0.0,0.0,0.0,0.0056,0.0,0.2129,0.0,0.0,0.0,0.0,0.0276,C2,word_pos,ultramoderne,A,ultramoderne,ADJ
watt,NOUN,C2,beacco,0.0,0.0056,0.0,0.1103,0.0,0.0,0.0,0.0,0.0056,0.0,0.2129,0.0,0.0,0.0,0.0,0.0276,C2,word_pos,watt,N,watt,NOM
archevêque,NOUN,C2,beacco,0.0,0.0054,0.0,0.1076,0.0,0.0,0.0,0.0,0.0054,0.0,0.186,0.0,0.0,0.0,0.0,0.009,C2,word_pos,archevêque,N,archevêque,NOM
faucon,NOUN,C2,beacco,0.0,0.0054,0.0,0.1076,0.0,0.0,0.0,0.0,0.0054,0.0,0.186,0.0,0.0,0.0,0.0,0.009,C2,word_pos,faucon,N,faucon,NOM
jaillir,VERB,C2,beacco,0.0,0.0054,0.0,0.1076,0.0,0.0,0.0,0.0,0.0054,0.0,0.186,0.0,0.0,0.0,0.0,0.009,C2,word_pos,jaillir,V,jaillir,VER
brr,NOUN,C2,beacco,0.0,0.0051,0.0,0.0,0.0554,0.0,0.0,0.0,0.0051,0.0,0.0,0.1029,0.0,0.0,0.0,0.0096,C2,unique_word,brr,N,brr,INT
champêtre,ADJ,C2,beacco,0.0,0.0051,0.2652,0.0,0.0,0.0,0.0,0.0,0.0051,0.4856,0.0,0.0,0.0,0.0,0.0,0.0089,C2,word_pos,champêtre,A,champêtre,ADJ
couchant,NOUN,C2,beacco,0.0,0.0051,0.2652,0.0,0.0,0.0,0.0,0.0,0.0051,0.4856,0.0,0.0,0.0,0.0,0.0,0.0089,C2,word_pos,couchant,N,couchant,NOM
débauche,NOUN,C2,beacco,0.0,0.0051,0.2652,0.0,0.0,0.0,0.0,0.0,0.0051,0.4856,0.0,0.0,0.0,0.0,0.0,0.0089,C2,word_pos,débauche,N,débauche,NOM
décent,ADJ,C2,beacco,0.0,0.0051,0.2652,0.0,0.0,0.0,0.0,0.0,0.0051,0.4856,0.0,0.0,0.0,0.0,0.0,0.0089,C2,word_pos,décent,A,décent,ADJ
désinfecter,VERB,C2,beacco,0.0,0.0051,0.0,0.0,0.0554,0.0,0.0,0.0,0.0051,0.0,0.0,0.1029,0.0,0.0,0.0,0.0096,C2,word_pos,désinfecter,V,désinfecter,VER
engourdir,VERB,C2,beacco,0.0,0.0051,0.2652,0.0,0.0,0.0,0.0,0.0,0.0051,0.4856,0.0,0.0,0.0,0.0,0.0,0.0089,C2,word_pos,engourdir,V,engourdir,VER
flottant,ADJ,C2,beacco,0.0,0.0051,0.2652,0.0,0.0,0.0,0.0,0.0,0.0051,0.4856,0.0,0.0,0.0,0.0,0.0,0.0089,C2,word_pos,flottant,A,flottant,ADJ
framboise,NOUN,C2,beacco,0.0,0.0051,0.0,0.0,0.0554,0.0,0.0,0.0,0.0051,0.0,0.0,0.1029,0.0,0.0,0.0,0.0096,C2,word_pos,framboise,N,framboise,NOM
gousse,NOUN,C2,beacco,0.0,0.0051,0.2652,0.0,0.0,0.0,0.0,0.0,0.0051,0.4856,0.0,0.0,0.0,0.0,0.0,0.0089,C2,word_pos,gousse,N,gousse,NOM
judo,NOUN,C2,beacco,0.0,0.0051,0.2652,0.0,0.0,0.0,0.0,0.0,0.0051,0.4856,0.0,0.0,0.0,0.0,0.0,0.0089,C2,word_pos,judo,N,judo,NOM
mousse,ADJ,C2,beacco,0.0,0.0051,0.2652,0.0,0.0,0.0,0.0,0.0,0.0051,0.4856,0.0,0.0,0.0,0.0,0.0,0.0089,C2,word_pos,mousse,A,mousse,ADJ
poivrer,VERB,C2,beacco,0.0,0.0051,0.2652,0.0,0.0,0.0,0.0,0.0,0.0051,0.4856,0.0,0.0,0.0,0.0,0.0,0.0089,C2,word_pos,poivrer,V,poivrer,VER
ravin,NOUN,C2,beacco,0.0,0.0051,0.0,0.0,0.0554,0.0,0.0,0.0,0.0051,0.0,0.0,0.1029,0.0,0.0,0.0,0.0096,C2,word_pos,ravin,N,ravin,NOM
standing,NOUN,C2,beacco,0.0,0.0051,0.2652,0.0,0.0,0.0,0.0,0.0,0.0051,0.4856,0.0,0.0,0.0,0.0,0.0,0.0089,C2,word_pos,standing,N,standing,NOM
armoiries,NOUN,C2,beacco,0.0,0.0049,0.0,0.0,0.0,0.2167,0.0,0.0,0.0049,0.0,0.0,0.0,0.3387,0.0,0.0,0.0091,C2,word_pos,armoiries,N,armoiries,NOM
assourdissant,ADJ,C2,beacco,0.0,0.0049,0.2541,0.0,0.0,0.0,0.0,0.0,0.0049,0.5504,0.0,0.0,0.0,0.0,0.0,0.0101,C2,word_pos,assourdissant,A,assourdissant,ADJ
cadreur,NOUN,C2,beacco,0.0,0.0049,0.2541,0.0,0.0,0.0,0.0,0.0,0.0049,0.5504,0.0,0.0,0.0,0.0,0.0,0.0101,C2,word_pos,cadreur,N,cadreur,NOM
ingénieux,ADJ,C2,beacco,0.0,0.0049,0.0,0.0,0.0,0.2167,0.0,0.0,0.0049,0.0,0.0,0.0,0.3387,0.0,0.0,0.0091,C2,word_pos,ingénieux,A,ingénieux,ADJ
losange,NOUN,C2,beacco,0.0,0.0049,0.2541,0.0,0.0,0.0,0.0,0.0,0.0049,0.5504,0.0,0.0,0.0,0.0,0.0,0.0101,C2,word_pos,losange,N,losange,NOM
persévérant,ADJ,C2,beacco,0.0,0.0049,0.0,0.0,0.0,0.2167,0.0,0.0,0.0049,0.0,0.0,0.0,0.3387,0.0,0.0,0.0091,C2,word_pos,persévérant,A,persévérant,ADJ
ronflement,NOUN,C2,beacco,0.0,0.0049,0.2541,0.0,0.0,0.0,0.0,0.0,0.0049,0.5504,0.0,0.0,0.0,0.0,0.0,0.0101,C2,word_pos,ronflement,N,ronflement,NOM
réajuster,VERB,C2,beacco,0.0,0.0049,0.2541,0.0,0.0,0.0,0.0,0.0,0.0049,0.5504,0.0,0.0,0.0,0.0,0.0,0.0101,C2,word_pos,réajuster,V,réajuster,VER
cloison,NOUN,C2,beacco,0.0,0.0048,0.0,0.0944,0.0,0.0,0.0,0.0,0.0048,0.0,0.1937,0.0,0.0,0.0,0.0,0.0242,C2,word_pos,cloison,N,cloison,NOM
dingue,NOUN,C2,beacco,0.0,0.0048,0.0,0.0948,0.0,0.0,0.0,0.0,0.0048,0.0,0.2065,0.0,0.0,0.0,0.0,0.01,C2,word_pos,dingue,N,dingue,NOM
ouah,X,C2,beacco,0.0,0.0048,0.0,0.0944,0.0,0.0,0.0,0.0,0.0048,0.0,0.1937,0.0,0.0,0.0,0.0,0.0242,C2,unique_word,ouah,X,ouah,INT
symétrique,ADJ,C2,beacco,0.0,0.0048,0.0,0.0944,0.0,0.0,0.0,0.0,0.0048,0.0,0.1937,0.0,0.0,0.0,0.0,0.0242,C2,word_pos,symétrique,A,symétrique,ADJ
traiteur,NOUN,C2,beacco,0.0,0.0048,0.0,0.0944,0.0,0.0,0.0,0.0,0.0048,0.0,0.1937,0.0,0.0,0.0,0.0,0.0242,C2,word_pos,traiteur,N,traiteur,NOM
hébergeur,NOUN,C2,beacco,0.0,0.0031,0.0,0.0618,0.0,0.0,0.0,0.0,0.0031,0.0,0.1276,0.0,0.0,0.0,0.0,0.0062,C2,word_pos,hébergeur,N,hébergeur,NOM
microgramme,NOUN,C2,beacco,0.0,0.0031,0.0,0.0618,0.0,0.0,0.0,0.0,0.0031,0.0,0.1276,0.0,0.0,0.0,0.0,0.0062,C2,word_pos,microgramme,N,microgramme,NOM
tapissier,ADJ,C2,beacco,0.0,0.0031,0.1633,0.0,0.0,0.0,0.0,0.0,0.0031,0.171,0.0,0.0,0.0,0.0,0.0,0.0031,C2,word_pos,tapissier,A,tapissier,ADJ
téléphérique,ADJ,C2,beacco,0.0,0.0031,,,,,,,,0.171,0.0,0.0,0.0,0.0,0.0,0.0031,C2,beacco_only,,,téléphérique,ADJ
bronzage,NOUN,C2,beacco,0.0,0.0016,0.0816,0.0,0.0,0.0,0.0,0.0,0.0016,0.171,0.0,0.0,0.0,0.0,0.0,0.0031,C2,word_pos,bronzage,N,bronzage,NOM
inhérent,ADJ,C2,beacco,0.0,0.0016,0.0816,0.0,0.0,0.0,0.0,0.0,0.0016,0.171,0.0,0.0,0.0,0.0,0.0,0.0031,C2,word_pos,inhérent,A,inhérent,ADJ
pluridisciplinaire,ADJ,C2,beacco,0.0,0.0016,0.0816,0.0,0.0,0.0,0.0,0.0,0.0016,0.171,0.0,0.0,0.0,0.0,0.0,0.0031,C2,word_pos,pluridisciplinaire,A,pluridisciplinaire,ADJ
