word,pos,assigned_cefr,level_source,assigned_level_frequency,total_frequency,crf_A1,crf_A2,crf_B1,crf_B2,crf_C1,crf_C2,crf_total,beacco_A1,beacco_A2,beacco_B1,beacco_B2,beacco_C1,beacco_C2,beacco_total,beacco_level,match_method,crf_word,crf_pos,beacco_word,beacco_pos
français,NOUN,A2,beacco,609.7247,756.1662,962.1109,609.7247,845.7346,385.9027,278.6478,1701.8803,756.1662,11.4917,3.839,10.3715,0.0,4.139,173.9519,18.4035,A2,word_pos,français,N,français,NOM
lorsque,CONJ,A2,beacco,314.195,268.9378,30.5825,314.195,345.5415,183.2476,311.9446,500.8461,268.9378,23.9246,194.4463,353.4657,213.7239,335.0494,638.468,252.8682,A2,word_pos,lorsque,CONJS,lorsque,KON
tuer,VERB,A2,beacco,308.2066,218.8085,12.8722,308.2066,252.2577,291.7255,149.9204,9.6228,218.8085,17.869,305.5623,272.7242,429.3052,186.438,19.328,261.0859,A2,word_pos,tuer,V,tuer,VER
payer,VERB,A2,beacco,285.7073,198.0313,64.1223,285.7073,211.4429,213.8703,138.1864,57.0668,198.0313,18.5601,84.5001,60.4949,21.9169,10.3269,19.328,53.8067,A2,word_pos,payer,V,payer,VER
maire,NOUN,A2,beacco,195.0326,77.7679,7.7952,195.0326,23.998,9.0831,35.7982,178.1535,77.7679,13.3477,166.9795,79.1756,2.2839,68.9296,164.1035,93.4374,A2,word_pos,maire,N,maire,NOM
robe,NOUN,A2,beacco,192.317,68.0136,11.1863,192.317,22.1995,37.4085,34.728,28.471,68.0136,16.4654,245.3663,21.7576,37.6363,55.9876,43.8345,77.8822,A2,word_pos,robe,N,robe,NOM
taire,VERB,A2,beacco,191.7555,122.03,25.2693,191.7555,117.9398,118.8828,80.3479,0.0,122.03,22.17,81.1442,49.1841,104.6501,19.861,0.0,65.247,A2,word_pos,taire,V,taire,VER
or,NOUN,A2,beacco,166.1087,92.4491,23.1743,166.1087,97.191,72.5978,21.4487,0.0,92.4491,11.7553,188.2434,145.0891,168.9916,217.289,19.328,139.0423,A2,word_pos,or,N,or,NOM
corps,NOUN,A2,beacco,152.4007,200.5408,25.1141,152.4007,254.7179,161.8544,279.0811,120.7672,200.5408,22.478,85.8659,324.3529,171.4303,247.1998,207.2157,200.8651,A2,word_pos,corps,N,corps,NOM
hésiter,VERB,A2,beacco,142.5321,87.8318,18.0472,142.5321,76.0424,149.8672,10.2524,9.6228,87.8318,14.541,120.431,92.1188,91.2553,12.4171,19.328,81.0948,A2,word_pos,hésiter,V,hésiter,VER
impression,NOUN,A2,beacco,141.001,100.6755,22.2211,141.001,123.2025,34.973,148.567,44.2742,100.6755,20.5748,95.1902,116.1828,37.1193,135.2963,78.971,89.1426,A2,word_pos,impression,N,impression,NOM
rond,ADJ,A2,beacco,136.7669,41.5096,16.1068,136.7669,2.2946,16.057,8.021,0.0,41.5096,16.194,63.0887,1.9481,22.0032,10.3269,0.0,27.1298,A2,word_pos,rond,A,rond,ADJ
instant,NOUN,A2,beacco,136.0388,91.1532,0.5727,136.0388,54.4232,138.0287,156.4584,9.6228,91.1532,11.8199,175.6988,125.1877,165.8776,177.0262,134.1811,141.2172,A2,word_pos,instant,N,instant,NOM
environ,ADV,A2,beacco,134.3974,161.3973,105.6454,134.3974,214.8149,74.5877,127.7401,210.7439,161.3973,24.2977,53.4447,73.9215,22.3462,41.1274,43.8345,57.3155,A2,word_pos,environ,ADV,environ,ADV
papier,NOUN,A2,beacco,133.602,76.5534,8.5069,133.602,29.3631,196.3622,24.8092,0.0,76.5534,11.726,159.2563,75.1212,272.1739,50.0526,0.0,110.713,A2,word_pos,papier,N,papier,NOM
pousser,VERB,A2,beacco,126.3684,146.8152,21.6079,126.3684,204.5275,265.4458,87.8175,57.0668,146.8152,16.4402,140.3566,242.7432,243.7993,133.8641,56.7717,166.2954,A2,word_pos,pousser,V,pousser,VER
malheureux,ADJ,A2,beacco,125.1623,57.6051,15.8736,125.1623,26.1254,45.4813,9.3035,19.2455,57.6051,10.0418,127.9418,30.2799,58.0059,12.0009,19.328,61.1689,A2,word_pos,malheureux,A,malheureux,ADJ
soldat,NOUN,A2,beacco,124.9621,88.1551,12.3576,124.9621,137.1724,3.0277,41.8407,0.0,88.1551,17.7026,104.8803,114.2636,4.5679,48.0037,0.0,85.7998,A2,word_pos,soldat,N,soldat,NOM
étonner,VERB,A2,beacco,114.0363,93.6094,16.7677,114.0363,105.1085,107.8729,84.9003,9.6228,93.6094,13.8601,91.3119,111.9885,164.2686,41.1274,19.328,94.8579,A2,word_pos,étonner,V,étonner,VER
lourd,ADJ,A2,beacco,113.567,78.0048,27.1487,113.567,52.5482,121.3423,52.2481,6.4938,78.0048,22.4977,108.4172,60.0017,70.0652,40.0479,12.833,70.3614,A2,word_pos,lourd,A,lourd,ADJ
mener,VERB,A2,beacco,112.5783,127.453,18.224,112.5783,118.8078,138.614,197.4553,203.1582,127.453,16.7207,110.1014,133.5161,151.3773,216.7237,259.353,139.0779,A2,word_pos,mener,V,mener,VER
sentiment,NOUN,A2,beacco,111.068,125.5631,18.9706,111.068,149.4663,57.2535,264.436,57.7365,125.5631,21.9058,87.8458,132.9577,74.0587,213.9588,77.312,113.4361,A2,word_pos,sentiment,N,sentiment,NOM
emploi,NOUN,A2,beacco,109.1055,144.809,12.0129,109.1055,137.7051,154.5452,191.3705,435.0225,144.809,7.7628,105.4476,118.9633,165.645,240.6946,522.4301,142.3393,A2,word_pos,emploi,N,emploi,NOM
peau,NOUN,A2,beacco,109.0426,79.118,13.0502,109.0426,88.1685,58.7717,89.3055,19.2455,79.118,16.2983,149.0854,73.1323,48.1922,105.0785,38.656,85.4304,A2,word_pos,peau,N,peau,NOM
chaîne,NOUN,A2,beacco,107.9357,46.6074,0.4068,107.9357,14.2502,10.5935,53.1141,38.491,46.6074,10.9462,130.5479,15.5893,16.5169,170.8307,212.6079,78.0093,A2,word_pos,chaîne,N,chaîne,NOM
doigt,NOUN,A2,beacco,102.9422,88.1386,13.9061,102.9422,75.7026,86.8016,129.0659,67.3593,88.1386,15.2427,76.7857,53.4127,111.2032,96.005,38.656,73.9851,A2,word_pos,doigt,N,doigt,NOM
cependant,ADV,A2,beacco,101.6163,157.3082,21.362,101.6163,197.1028,157.7451,250.175,233.7311,157.3082,19.4557,71.8986,195.0816,146.8159,308.2068,240.7752,150.1748,A2,word_pos,cependant,ADV,cependant,ADV
agir,VERB,A2,beacco,97.1279,255.4475,13.2716,97.1279,234.2017,423.1607,612.1329,746.0158,255.4475,16.0969,93.3901,261.5859,256.3401,664.205,665.1382,241.9016,A2,word_pos,agir,V,agir,VER
enlever,VERB,A2,beacco,96.4915,54.6178,9.3477,96.4915,58.3464,47.2205,4.8126,0.0,54.6178,11.1667,80.5898,83.8504,50.213,10.3269,0.0,63.4163,A2,word_pos,enlever,V,enlever,VER
enquête,NOUN,A2,beacco,94.8573,125.6425,38.8551,94.8573,81.1219,377.5602,47.0849,86.9525,125.6425,20.8465,93.0869,72.0307,323.1639,74.0582,95.2552,114.0333,A2,word_pos,enquête,N,enquête,NOM
moquer,VERB,A2,beacco,92.7713,59.4747,24.2824,92.7713,69.5525,26.6658,21.0617,0.0,59.4747,11.5165,105.993,72.1312,40.1674,19.861,0.0,63.9626,A2,word_pos,moquer,V,moquer,VER
larme,NOUN,A2,beacco,92.5267,48.932,9.7561,92.5267,80.7404,0.6707,3.1012,9.6228,48.932,16.2328,98.3485,79.4993,1.7933,6.0005,19.328,53.3061,A2,word_pos,larme,N,larme,NOM
haut,ADJ,A2,beacco,89.47,136.7517,9.587,89.47,155.0615,136.3255,292.5596,108.6082,136.7517,16.3304,98.7328,176.1257,106.2101,266.6305,154.9424,138.063,A2,word_pos,haut,A,haut,ADJ
voleur,NOUN,A2,beacco,87.5644,57.8198,29.3146,87.5644,21.5889,82.679,42.6446,0.0,57.8198,15.9294,88.1128,9.7427,70.4458,20.024,0.0,45.2026,A2,word_pos,voleur,N,voleur,NOM
point,NOUN,A2,beacco,87.5098,193.4459,24.8372,87.5098,230.1349,153.4653,565.302,464.2624,193.4459,22.1598,150.6857,259.8982,168.9186,531.4424,534.1792,216.313,A2,word_pos,point,N,point,NOM
ramener,VERB,A2,beacco,86.2337,49.2602,10.2374,86.2337,30.0375,40.408,62.338,44.2742,49.2602,11.7891,94.0726,35.9641,42.8538,76.6769,78.971,54.1661,A2,word_pos,ramener,V,ramener,VER
montre,NOUN,A2,beacco,86.1839,39.2204,48.5566,86.1839,18.1085,9.3027,22.2727,0.0,39.2204,11.0934,70.7414,26.4066,1.8983,8.2781,0.0,27.2713,A2,word_pos,montre,N,montre,NOM
déclarer,VERB,A2,beacco,86.1797,144.7479,10.9583,86.1797,166.5758,275.3826,238.9637,142.6669,144.7479,17.1015,52.1658,149.9762,239.9392,213.6251,201.2195,125.4513,A2,word_pos,déclarer,V,déclarer,VER
bouche,NOUN,A2,beacco,85.6467,57.5464,13.6662,85.6467,56.258,54.0169,45.6223,9.6228,57.5464,22.3676,107.3324,61.069,67.873,26.3397,50.4231,68.3317,A2,word_pos,bouche,N,bouche,NOM
valeur,NOUN,A2,beacco,85.2125,137.5812,10.2099,85.2125,89.5588,286.2108,264.9129,204.8999,137.5812,16.8811,58.8885,108.6783,209.3337,241.1736,238.4824,122.7265,A2,word_pos,valeur,N,valeur,NOM
presse,NOUN,A2,beacco,84.9444,97.8417,13.9571,84.9444,137.4033,66.959,25.386,301.7531,97.8417,17.0965,91.8266,112.3711,87.9162,38.8097,250.9018,96.0544,A2,word_pos,presse,N,presse,NOM
garde,NOUN,A2,beacco,84.2122,136.0586,33.3493,84.2122,152.1572,113.3352,120.2377,369.8326,136.0586,16.8768,86.8716,140.8823,63.4707,90.633,270.5437,109.9372,A2,word_pos,garde,N,garde,NOM
lui-même,PRON,A2,beacco,80.9964,75.7226,,,,,,,,16.7422,80.9964,69.4327,80.4233,135.2963,19.328,75.7226,A2,beacco_only,,,lui-même,PRO
remplir,VERB,A2,beacco,80.0085,54.0466,15.9955,80.0085,46.1109,36.7557,86.9786,6.4938,54.0466,16.4954,90.6637,87.2304,64.3934,96.4588,56.7717,81.3411,A2,word_pos,remplir,V,remplir,VER
suffire,VERB,A2,beacco,79.6306,110.2799,16.6672,79.6306,158.3327,47.5791,158.3025,233.2122,110.2799,16.0628,78.4548,138.6127,64.774,182.8888,154.9424,109.8432,A2,word_pos,suffire,V,suffire,VER
épée,NOUN,A2,beacco,78.8339,36.7646,15.4288,78.8339,31.686,0.0,0.0,0.0,36.7646,10.8493,112.8258,33.23,0.0,0.0,0.0,43.9661,A2,word_pos,épée,N,épée,NOM
logement,NOUN,A2,beacco,78.1563,80.6875,4.8481,78.1563,194.7072,11.9113,31.3338,9.6228,80.6875,8.1485,53.7885,134.0846,9.8252,40.0479,19.328,57.465,A2,word_pos,logement,N,logement,NOM
autant,ADV,A2,beacco,77.9353,120.6488,15.0157,77.9353,126.2455,92.5812,352.5322,57.0668,120.6488,12.2298,83.8673,180.4157,76.55,396.0511,250.9018,143.586,A2,word_pos,autant,ADV,autant,ADV
seul,NOUN,A2,beacco,77.6159,85.9448,,,,,,,,13.1326,77.6159,104.3418,119.3345,129.165,19.328,85.9448,A2,beacco_only,,,seul,NOM
conversation,NOUN,A2,beacco,76.3909,43.7866,15.5753,76.3909,37.1313,32.5809,22.8111,19.2455,43.7866,16.4954,75.8245,53.3753,27.2478,26.3397,19.328,50.3163,A2,word_pos,conversation,N,conversation,NOM
suivant,ADJ,A2,beacco,74.3441,78.5885,40.8997,74.3441,99.556,44.9981,99.5816,25.9752,78.5885,15.7764,66.6444,124.2709,15.2047,54.0583,38.4989,69.337,A2,word_pos,suivant,A,suivant,ADJ
obliger,VERB,A2,beacco,72.5044,100.1552,11.5628,72.5044,88.5489,161.9546,133.1978,165.2557,100.1552,9.6008,67.9099,111.2874,151.804,172.2793,183.2011,107.872,A2,word_pos,obliger,V,obliger,VER
vérifier,VERB,A2,beacco,72.3983,42.6507,24.2021,72.3983,5.581,92.022,24.8092,9.6228,42.6507,24.6552,58.6415,13.5534,60.749,24.0018,19.328,38.0448,A2,word_pos,vérifier,V,vérifier,VER
douche,NOUN,A2,beacco,69.8449,18.5637,5.3282,69.8449,0.0,10.597,3.2084,0.0,18.5637,16.0636,37.7114,0.0,2.2839,6.8846,0.0,13.9874,A2,word_pos,douche,N,douche,NOM
lancer,VERB,A2,beacco,69.2141,136.4343,10.6245,69.2141,229.6149,130.2456,181.2382,194.412,136.4343,21.3709,70.0759,199.2527,134.0967,244.605,155.0469,140.7888,A2,word_pos,lancer,V,lancer,VER
équipe,NOUN,A2,beacco,68.2264,91.2385,24.2115,68.2264,76.7609,42.0876,303.9389,10.2933,91.2385,15.8157,67.9748,83.9599,38.4178,262.9953,4.0185,86.5892,A2,word_pos,équipe,N,équipe,NOM
auteur,NOUN,A2,beacco,66.7409,126.1713,22.3551,66.7409,75.1886,125.4512,418.6677,255.3714,126.1713,16.7031,77.4589,80.7238,117.5415,524.3,162.4685,136.2989,A2,word_pos,auteur,N,auteur,NOM
force,NOUN,A2,beacco,66.0973,91.3194,3.829,66.0973,96.0151,80.304,194.0786,234.1151,91.3194,16.6752,63.7692,125.7498,121.9192,202.5453,145.006,109.5438,A2,word_pos,force,N,force,NOM
abandonner,VERB,A2,beacco,62.3063,78.1439,35.4585,62.3063,104.8393,79.8074,73.6009,28.5334,78.1439,20.6833,63.4051,140.6614,47.0027,66.9321,56.7717,77.8163,A2,word_pos,abandonner,V,abandonner,VER
développement,NOUN,A2,beacco,62.2162,128.9789,7.2725,62.2162,122.068,76.2533,321.8469,475.7817,128.9789,10.9577,67.6112,134.0806,76.8779,379.0739,406.4891,141.3976,A2,word_pos,développement,N,développement,NOM
tel,PRON,A2,beacco,61.7912,223.0035,,,,,,,,18.99,61.7912,274.4638,288.9172,472.2618,411.0766,223.0035,A2,beacco_only,,,tel,PRO
léger,ADJ,A2,beacco,60.9173,31.6963,3.9018,60.9173,10.3653,50.9466,15.5058,9.6228,31.6963,7.7548,59.7729,18.3963,32.2612,12.0009,19.328,33.5215,A2,word_pos,léger,A,léger,ADJ
parole,NOUN,A2,beacco,60.277,50.5172,13.4703,60.277,67.3957,25.7596,50.0736,0.0,50.5172,15.0497,188.1477,122.1348,45.7178,72.5363,0.0,99.0126,A2,word_pos,parole,N,parole,NOM
sujet,NOUN,A2,beacco,59.9596,101.2941,12.103,59.9596,83.1851,79.1411,265.7322,279.7775,101.2941,16.0449,82.2717,107.9177,74.412,270.2917,423.9224,114.4604,A2,word_pos,sujet,N,sujet,NOM
elle - même,PRON,A2,crf_first_attested,59.5802,30.7128,0.0,59.5802,10.3587,21.5083,28.7068,56.9312,30.7128,,,,,,,,,crf_only,elle - même,PRO,,
président,NOUN,A2,beacco,59.5479,141.2064,14.2286,59.5479,181.4841,106.8127,193.077,174.5447,141.2064,16.871,54.4011,115.7398,108.1124,190.2392,192.6297,111.4834,A2,word_pos,président,N,président,NOM
scène,NOUN,A2,beacco,59.3784,107.706,8.0435,59.3784,160.5927,120.3567,62.3714,147.42,107.706,11.7515,79.1779,153.8776,92.781,81.5907,86.9662,104.8298,A2,word_pos,scène,N,scène,NOM
chaise,NOUN,A2,beacco,59.3578,41.372,9.3645,59.3578,25.8964,112.2325,1.6042,0.0,41.372,10.6132,63.6968,41.0361,124.4907,3.4423,0.0,55.7815,A2,word_pos,chaise,N,chaise,NOM
baguette,NOUN,A2,beacco,58.8554,13.5381,3.9274,58.8554,0.231,0.5755,0.0,0.0,13.5381,17.0052,57.4922,0.2331,0.911,0.0,0.0,16.2029,A2,word_pos,baguette,N,baguette,NOM
social,ADJ,A2,beacco,57.1168,235.0871,13.5451,57.1168,323.1082,132.6673,493.7932,1079.4612,235.0871,15.851,48.7637,283.296,136.3797,431.809,995.582,208.6548,A2,word_pos,social,A,social,ADJ
parisien,ADJ,A2,beacco,57.0901,97.3334,17.9463,57.0901,90.6624,241.8326,47.0879,101.4607,97.3334,11.8722,67.1205,68.6149,192.4348,94.8864,111.7223,90.186,A2,word_pos,parisien,A,parisien,ADJ
réalisateur,NOUN,A2,beacco,56.2258,29.6991,28.4436,56.2258,5.9644,16.5043,6.4168,0.0,29.6991,18.4998,70.2645,9.5167,8.9868,13.7692,0.0,31.5538,A2,word_pos,réalisateur,N,réalisateur,NOM
transport,NOUN,A2,beacco,55.1102,61.1523,4.7609,55.1102,69.5739,73.5293,102.6043,0.0,61.1523,9.7195,64.6796,68.0123,67.6011,121.9662,0.0,66.3465,A2,word_pos,transport,N,transport,NOM
parmi,PREP,A2,beacco,54.506,138.2455,11.6843,54.506,218.3678,154.403,158.3025,341.9489,138.2455,12.2835,54.1588,178.2306,115.7635,217.4359,393.9751,129.9396,A2,word_pos,parmi,PREP,parmi,PRP
économique,ADJ,A2,beacco,53.5602,96.9468,18.0222,53.5602,98.4708,65.9083,155.7652,232.0024,96.9468,15.5256,51.6812,112.9191,66.9849,139.8048,252.259,97.4119,A2,word_pos,économique,A,économique,ADJ
entraîner,VERB,A2,beacco,53.4692,83.6626,14.1488,53.4692,73.7067,41.5669,256.8054,113.8624,83.6626,17.1264,63.0568,83.5639,32.5903,265.4205,113.6757,85.8693,A2,word_pos,entraîner,V,entraîner,VER
échange,NOUN,A2,beacco,53.3397,83.1486,6.8747,53.3397,72.4505,70.4938,178.8748,170.7936,83.1486,9.8818,56.7883,70.7303,70.6284,206.2046,86.9662,80.0569,A2,word_pos,échange,N,échange,NOM
présent,ADJ,A2,beacco,51.9635,77.1423,21.6264,51.9635,76.3069,49.7113,94.0712,292.0387,77.1423,16.4654,39.3694,129.4337,45.2508,212.0723,363.772,105.7313,A2,word_pos,présent,A,présent,ADJ
universitaire,ADJ,A2,beacco,50.3999,48.0856,9.2318,50.3999,29.1009,3.0277,129.4611,64.3237,48.0856,15.8474,44.2078,28.3215,1.2705,102.4937,19.328,38.7508,A2,word_pos,universitaire,A,universitaire,ADJ
escalier,NOUN,A2,beacco,50.2087,79.3834,24.1416,50.2087,102.6019,138.1211,20.7298,0.0,79.3834,9.7278,67.0847,69.0353,101.4964,31.3528,0.0,67.7005,A2,word_pos,escalier,N,escalier,NOM
exprimer,VERB,A2,beacco,49.7796,49.1461,13.1183,49.7796,44.6485,45.7276,67.5749,43.6102,49.1461,7.9597,47.3126,39.3077,33.4292,92.388,86.9662,46.061,A2,word_pos,exprimer,V,exprimer,VER
prisonnier,NOUN,A2,beacco,49.6469,24.8833,5.5768,49.6469,22.1769,2.6828,6.2023,0.0,24.8833,21.4829,115.394,68.4326,23.7755,31.3528,0.0,69.0505,A2,word_pos,prisonnier,N,prisonnier,NOM
malade,NOUN,A2,beacco,49.5038,50.1246,17.4791,49.5038,16.8817,79.7192,80.7841,0.0,50.1246,22.4601,14.6478,11.836,36.4628,81.2641,0.0,30.9711,A2,word_pos,malade,N,malade,NOM
sauter,VERB,A2,beacco,49.4497,67.6035,43.4296,49.4497,108.18,59.6017,30.8006,0.0,67.6035,12.0362,59.2974,113.1839,42.6338,20.6179,0.0,61.6193,A2,word_pos,sauter,V,sauter,VER
conseiller,VERB,A2,beacco,49.1866,37.2718,5.613,49.1866,50.7208,26.5813,12.7628,28.8683,37.2718,7.804,66.5518,66.6708,40.7295,65.168,19.328,51.5662,A2,word_pos,conseiller,V,conseiller,VER
naturel,ADJ,A2,beacco,48.725,99.5152,38.0865,48.725,136.1435,22.8794,197.2273,240.7985,99.5152,16.0871,52.0116,130.2364,23.1002,230.3891,250.9018,97.5218,A2,word_pos,naturel,A,naturel,ADJ
retraite,NOUN,A2,beacco,48.6763,75.3465,9.2871,48.6763,89.2079,21.7895,201.6943,69.3619,75.3465,16.279,34.1143,88.137,14.1801,181.032,86.9662,67.375,A2,word_pos,retraite,N,retraite,NOM
développer,VERB,A2,beacco,48.6009,115.2028,7.2144,48.6009,171.7908,132.0149,215.6518,81.2491,115.2028,11.7812,58.2414,151.8022,109.1966,250.4639,185.5908,116.9959,A2,word_pos,développer,V,développer,VER
adapter,VERB,A2,beacco,48.4173,47.8005,21.3029,48.4173,36.4992,56.9813,51.07,12.9876,47.8005,16.8508,44.2811,28.6251,36.7047,104.5381,111.7223,48.1902,A2,word_pos,adapter,V,adapter,VER
voyageur,NOUN,A2,beacco,47.838,45.6104,5.1999,47.838,68.3724,25.7774,30.3551,0.0,45.6104,7.749,54.424,64.1826,24.9792,31.5653,0.0,46.0144,A2,word_pos,voyageur,N,voyageur,NOM
déposer,VERB,A2,beacco,47.5409,44.1548,8.0861,47.5409,64.661,16.4793,25.3674,4.1173,44.1548,15.8815,39.144,43.2538,11.804,31.3528,8.037,38.4486,A2,word_pos,déposer,V,déposer,VER
exclamer,VERB,A2,beacco,47.1705,48.3533,23.5793,47.1705,58.4251,5.781,20.4505,0.0,48.3533,14.0279,36.5,38.1403,3.9054,4.139,0.0,34.1582,A2,word_pos,exclamer,V,exclamer,VER
particulièrement,ADV,A2,beacco,47.0418,84.3464,8.0435,47.0418,69.562,69.5677,239.916,208.5946,84.3464,11.7515,45.8746,71.4921,90.037,237.3989,183.2011,86.6263,A2,word_pos,particulièrement,ADV,particulièrement,ADV
condition,NOUN,A2,beacco,46.1101,94.8905,6.9807,46.1101,94.5488,62.0993,226.3966,326.5329,94.8905,7.7151,43.0668,126.312,75.537,289.0641,202.2974,105.0072,A2,word_pos,condition,N,condition,NOM
louer,VERB,A2,beacco,45.8054,34.8102,28.0368,45.8054,24.6437,12.2704,37.1262,0.0,34.8102,20.7759,55.297,34.462,9.013,74.0915,0.0,43.6195,A2,word_pos,louer,V,louer,VER
chapeau,NOUN,A2,beacco,45.5979,52.6275,17.362,45.5979,61.3234,79.6873,0.0,0.0,52.6275,17.7014,37.4317,59.4923,100.7894,0.0,0.0,55.0706,A2,word_pos,chapeau,N,chapeau,NOM
bêtise,NOUN,A2,beacco,45.405,19.9524,11.3503,45.405,5.4444,0.0,41.7735,0.0,19.9524,16.4346,46.5209,4.6037,0.0,49.5147,0.0,21.175,A2,word_pos,bêtise,N,bêtise,NOM
galerie,NOUN,A2,beacco,45.1896,56.2403,8.1176,45.1896,54.2289,84.6841,3.1012,0.0,56.2403,7.9875,33.4103,65.8883,55.9028,6.0005,0.0,51.8422,A2,word_pos,galerie,N,galerie,NOM
spectateur,NOUN,A2,beacco,45.0681,35.7086,6.0363,45.0681,43.2928,9.0467,45.7939,0.0,35.7086,11.8758,48.0919,45.2006,8.7861,49.5147,0.0,40.6041,A2,word_pos,spectateur,N,spectateur,NOM
moitié,NOUN,A2,beacco,44.8824,98.8304,5.3854,44.8824,185.4217,135.8046,58.6409,136.7505,98.8304,10.9419,61.6509,187.0338,141.0992,83.9813,208.1843,113.2604,A2,word_pos,moitié,N,moitié,NOM
casser,VERB,A2,beacco,44.6982,34.2525,15.6432,44.6982,34.913,23.6235,19.8484,0.0,34.2525,22.3784,68.2977,51.2004,17.7887,40.1357,0.0,47.1023,A2,word_pos,casser,V,casser,VER
placer,VERB,A2,beacco,44.6021,80.9442,16.3116,44.6021,54.3121,85.7735,257.2812,116.5635,80.9442,18.5327,44.8194,67.3054,117.8862,200.7962,173.9324,86.1642,A2,word_pos,placer,V,placer,VER
allonger,VERB,A2,beacco,43.9467,27.2533,18.3297,43.9467,11.4131,9.4864,29.5463,19.2455,27.2533,16.7026,30.1331,9.3517,14.0086,26.3397,19.328,22.8849,A2,word_pos,allonger,V,allonger,VER
sang,NOUN,A2,beacco,43.918,82.37,7.9722,43.918,78.8291,173.9908,111.9953,64.3237,82.37,10.7312,39.5062,95.8788,165.3589,78.6751,111.7223,86.2135,A2,word_pos,sang,N,sang,NOM
violent,ADJ,A2,beacco,43.0328,28.0571,5.0827,43.0328,16.0897,3.0277,73.6009,12.9876,28.0571,16.6752,25.6894,18.5527,2.2839,54.0583,12.833,24.1854,A2,word_pos,violent,A,violent,ADJ
remporter,VERB,A2,beacco,42.7816,21.8106,7.7501,42.7816,16.362,3.0277,3.1012,0.0,21.8106,7.7362,21.3218,6.4559,2.2839,6.0005,0.0,12.3029,A2,word_pos,remporter,V,remporter,VER
inquiet,ADJ,A2,beacco,42.779,69.5107,17.462,42.779,130.7911,92.245,0.0,0.0,69.5107,11.7687,54.6059,157.0426,129.8505,0.0,0.0,86.0433,A2,word_pos,inquiet,A,inquiet,ADJ
territoire,NOUN,A2,beacco,42.6392,62.7514,3.8758,42.6392,72.7149,1.5139,140.0965,221.3233,62.7514,16.8613,44.222,54.5325,2.2839,161.8481,96.64,56.8706,A2,word_pos,territoire,N,territoire,NOM
celui-ci,PRON,A2,crf_first_attested,42.5513,47.4401,0.0,42.5513,57.4881,73.3521,55.9489,9.6228,47.4401,,,,,,,,,crf_only,celui-ci,PRO,,
enfermer,VERB,A2,beacco,41.8504,37.1306,15.8459,41.8504,29.8013,28.7449,52.1857,9.6228,37.1306,18.1866,52.5858,27.0766,43.6735,39.7963,19.328,42.9072,A2,word_pos,enfermer,V,enfermer,VER
signe,NOUN,A2,beacco,41.6856,87.8344,16.6835,41.6856,143.2846,47.2432,144.8383,115.0793,87.8344,17.8673,45.0872,159.0972,37.6072,58.4378,138.6137,83.281,A2,word_pos,signe,N,signe,NOM
personnel,ADJ,A2,beacco,41.48,66.4335,5.5892,41.48,65.7691,30.5721,158.4452,201.6639,66.4335,22.3032,41.353,74.7161,42.2083,271.6162,138.6137,82.4638,A2,word_pos,personnel,A,personnel,ADJ
capable,ADJ,A2,beacco,41.4364,52.2702,8.045,41.4364,27.4661,38.108,134.3066,146.3752,52.2702,10.2697,22.0204,25.6569,50.1502,158.8222,113.6757,47.1139,A2,word_pos,capable,A,capable,ADJ
album,NOUN,A2,beacco,40.8143,29.9874,16.9839,40.8143,7.9304,10.5935,0.0,0.0,29.9874,23.6523,52.3082,7.4403,10.1643,0.0,0.0,33.0537,A2,word_pos,album,N,album,NOM
contact,NOUN,A2,beacco,40.6088,73.2805,2.6483,40.6088,77.8578,127.1283,58.9219,112.7422,73.2805,11.9659,34.0904,83.1882,95.7663,54.0042,143.7667,72.3201,A2,word_pos,contact,N,contact,NOM
lequel,PRON,A2,beacco,40.182,196.0834,17.4836,40.182,259.1339,338.4924,394.6135,304.0605,196.0834,21.058,43.7919,288.6214,349.4609,488.34,318.2058,221.2217,A2,word_pos,lequel,PRO,lequel,PRO
humour,NOUN,A2,beacco,39.8249,34.5919,16.1671,39.8249,43.4485,13.504,9.3035,0.0,34.5919,16.4402,27.605,31.281,14.4101,6.0005,0.0,26.6619,A2,word_pos,humour,N,humour,NOM
queue,NOUN,A2,beacco,39.545,19.0682,21.027,39.545,5.1657,0.5285,29.7295,0.0,19.0682,20.5561,41.8783,7.0591,0.8102,41.1274,0.0,21.7042,A2,word_pos,queue,N,queue,NOM
fonctionner,VERB,A2,beacco,39.5145,46.9184,8.3763,39.5145,45.4855,16.3014,72.9017,115.0793,46.9184,13.2718,21.7375,37.0132,23.1002,40.0479,162.4685,40.151,A2,word_pos,fonctionner,V,fonctionner,VER
actuellement,ADV,A2,beacco,39.0157,61.3161,21.6802,39.0157,70.5595,8.2709,173.1079,64.3237,61.3161,24.1735,38.6192,58.7752,8.3751,175.0335,77.4712,58.758,A2,word_pos,actuellement,ADV,actuellement,ADV
dès,PREP,A2,beacco,38.3279,125.1358,3.88,38.3279,208.6759,132.8592,161.9258,265.2584,125.1358,15.2283,97.8867,331.3435,195.4112,296.1486,601.5437,211.5671,A2,word_pos,dès,PREP,dès,PRP
ainsi,CONJ,A2,beacco,37.5672,112.4166,,,,,,,,7.7985,37.5672,142.2511,118.9798,307.4475,87.6689,112.4166,A2,beacco_only,,,ainsi,KON
utile,ADJ,A2,beacco,37.4824,43.4965,19.1962,37.4824,45.9539,32.1464,75.9873,0.0,43.4965,16.8523,31.5175,64.6935,27.4424,92.2241,0.0,45.9133,A2,word_pos,utile,A,utile,ADJ
émission,NOUN,A2,beacco,37.3119,70.7791,35.5564,37.3119,52.5959,1.1509,137.2548,428.2484,70.7791,21.7762,49.0066,64.7565,1.822,171.9554,463.8346,83.994,A2,word_pos,émission,N,émission,NOM
sommeil,NOUN,A2,beacco,37.185,45.0499,30.7087,37.185,24.4107,56.0492,88.3229,0.0,45.0499,17.6923,24.354,34.4334,52.3865,99.6319,0.0,42.4393,A2,word_pos,sommeil,N,sommeil,NOM
rire,NOUN,A2,beacco,37.0904,27.3195,19.5806,37.0904,41.8793,0.2167,0.0,9.6228,27.3195,19.158,45.2511,46.1424,0.3387,0.0,19.328,31.3697,A2,word_pos,rire,N,rire,NOM
séparer,VERB,A2,beacco,37.0401,49.4799,15.3813,37.0401,71.4797,1.5139,100.6696,72.7833,49.4799,21.2317,37.2599,90.0856,2.2839,94.8864,113.6757,59.1815,A2,word_pos,séparer,V,séparer,VER
immense,ADJ,A2,beacco,36.5793,77.0591,19.8395,36.5793,155.4482,44.7762,77.0183,28.8683,77.0591,17.7401,52.6007,143.4695,43.8625,78.6751,38.656,77.7246,A2,word_pos,immense,A,immense,ADJ
terrain,NOUN,A2,beacco,36.5359,68.475,1.7078,36.5359,85.8217,64.091,126.5411,76.982,68.475,15.8691,35.2232,111.51,56.5348,116.5686,115.968,79.0324,A2,word_pos,terrain,N,terrain,NOM
artiste,NOUN,A2,beacco,35.8974,46.0746,16.6296,35.8974,18.5771,159.3636,3.1012,9.6228,46.0746,16.0593,31.4921,24.0132,169.378,6.0005,19.328,56.1728,A2,word_pos,artiste,N,artiste,NOM
stage,NOUN,A2,beacco,35.8835,34.3443,13.1844,35.8835,16.4194,0.7062,14.4378,115.473,34.3443,15.4358,27.321,25.2403,1.2705,10.3269,154.624,39.5893,A2,word_pos,stage,N,stage,NOM
avant,ADV,A2,beacco,35.6208,24.9806,19.4139,35.6208,17.0148,0.0,41.5144,6.4938,24.9806,22.181,41.9599,29.4503,8.1049,3.4423,0.0,29.005,A2,word_pos,avant,ADV,avant,ADV
gouvernement,NOUN,A2,beacco,35.4357,96.2424,6.0789,35.4357,79.16,99.024,256.2641,312.1535,96.2424,7.9276,65.2165,71.0385,83.0114,302.0189,328.3789,104.6908,A2,word_pos,gouvernement,N,gouvernement,NOM
rattraper,VERB,A2,beacco,35.1899,22.6378,11.1606,35.1899,11.1657,20.4692,12.4046,0.0,22.6378,7.7985,29.6283,7.3705,18.1992,12.0009,0.0,18.3673,A2,word_pos,rattraper,V,rattraper,VER
exposer,VERB,A2,beacco,34.3498,37.9654,9.815,34.3498,38.3007,18.3953,17.6463,19.2455,37.9654,14.3707,43.6203,26.9209,33.1531,6.8846,0.0,34.3762,A2,word_pos,exposer,V,exposer,VER
loi,NOUN,A2,beacco,34.2291,138.2293,18.3256,34.2291,271.8374,133.2919,236.8317,9.6228,138.2293,20.1383,37.1398,229.6254,159.0334,373.7132,19.328,149.8466,A2,word_pos,loi,N,loi,NOM
entier,ADJ,A2,beacco,34.0874,91.3768,12.4975,34.0874,163.4531,98.336,69.6881,128.7174,91.3768,19.4071,38.738,126.779,103.5868,102.2081,206.4962,93.5834,A2,word_pos,entier,A,entier,ADJ
de entre,PREP,A2,crf_first_attested,33.3967,34.6135,0.0,33.3967,26.1729,15.1036,61.6012,154.1931,34.6135,,,,,,,,,crf_only,de entre,PREP,,
cinquante,ADJ,A2,beacco,33.1473,34.5021,,,,,,,,16.1541,33.1473,42.4655,42.9655,0.0,0.0,34.5021,A2,beacco_only,,,cinquante,ADJ
ramasser,VERB,A2,beacco,33.1247,20.5818,8.2884,33.1247,26.4685,1.7898,0.0,0.0,20.5818,16.0708,37.0533,42.7243,3.7966,6.0005,0.0,30.0692,A2,word_pos,ramasser,V,ramasser,VER
colline,NOUN,A2,beacco,33.0248,27.0459,22.7131,33.0248,12.0397,44.5947,0.0,0.0,27.0459,15.7768,6.7296,19.121,38.1464,3.4423,0.0,19.5378,A2,word_pos,colline,N,colline,NOM
double,ADJ,A2,beacco,32.9368,40.9404,11.0166,32.9368,19.9069,103.3637,1.6042,96.2275,40.9404,16.5229,20.7024,11.8175,75.8592,20.024,115.968,35.2914,A2,word_pos,double,A,double,ADJ
radio,NOUN,A2,beacco,32.4159,50.4153,8.0572,32.4159,62.4593,34.3162,73.3135,19.2455,50.4153,7.9383,30.5262,33.7151,13.5743,49.1091,19.328,34.7216,A2,word_pos,radio,N,radio,NOM
cultiver,VERB,A2,beacco,32.1539,26.522,25.1111,32.1539,24.1471,4.6862,19.6975,19.2455,26.522,12.8211,19.718,29.8277,8.2033,20.024,19.328,24.0611,A2,word_pos,cultiver,V,cultiver,VER
véhicule,NOUN,A2,beacco,32.1191,30.3513,11.5012,32.1191,12.4751,3.0277,80.7841,0.0,30.3513,11.0688,34.2134,20.0881,4.5679,121.9592,0.0,36.7477,A2,word_pos,véhicule,N,véhicule,NOM
juge,NOUN,A2,beacco,32.0731,69.0262,8.2957,32.0731,16.0295,335.5809,19.6975,135.3636,69.0262,16.5213,37.1834,18.363,426.876,20.024,127.4317,91.8851,A2,word_pos,juge,N,juge,NOM
commissariat,NOUN,A2,beacco,31.8382,20.3812,14.7472,31.8382,3.1412,28.4544,9.3035,0.0,20.3812,10.263,21.6599,3.5301,52.067,6.0005,0.0,21.3823,A2,word_pos,commissariat,N,commissariat,NOM
chiffre,NOUN,A2,beacco,31.8265,62.4659,20.2941,31.8265,67.0727,21.7192,129.3142,182.7867,62.4659,7.9875,21.0513,102.6831,25.7322,154.2908,259.353,71.1588,A2,word_pos,chiffre,N,chiffre,NOM
quotidien,ADJ,A2,beacco,31.7005,74.6052,11.2308,31.7005,107.6517,52.9461,104.1541,154.1931,74.6052,7.6879,33.9848,85.7449,39.0846,115.5086,283.8586,69.2632,A2,word_pos,quotidien,A,quotidien,ADJ
appuyer,VERB,A2,beacco,31.5984,42.2701,15.6056,31.5984,48.1614,8.4175,122.6325,0.0,42.2701,7.7569,22.1314,49.0947,9.0915,129.165,0.0,35.7289,A2,word_pos,appuyer,V,appuyer,VER
mystérieux,ADJ,A2,beacco,31.159,39.7344,13.8307,31.159,57.2747,41.4406,3.1012,0.0,39.7344,16.2181,23.4772,84.7271,15.7322,6.0005,0.0,42.0481,A2,word_pos,mystérieux,A,mystérieux,ADJ
achat,NOUN,A2,beacco,31.0873,42.9522,14.2823,31.0873,46.9378,6.0554,143.8968,0.0,42.9522,18.9749,42.1768,69.8352,4.5679,214.6472,0.0,58.3939,A2,word_pos,achat,N,achat,NOM
moi - même,PRON,A2,crf_first_attested,31.0776,24.9845,0.0,31.0776,25.7653,49.6287,1.6042,9.6228,24.9845,,,,,,,,,crf_only,moi - même,PRO,,
affiche,NOUN,A2,beacco,31.041,19.9916,5.7349,31.041,16.6606,12.3852,9.8067,0.0,19.9916,7.8941,27.5952,22.5133,12.3566,29.205,0.0,24.6824,A2,word_pos,affiche,N,affiche,NOM
construction,NOUN,A2,beacco,30.83,62.2914,18.0709,30.83,68.8758,71.299,77.3268,78.0384,62.2914,18.4998,33.8426,75.4904,59.8728,62.7057,77.4712,61.9648,A2,word_pos,construction,N,construction,NOM
attaquer,VERB,A2,beacco,30.7459,35.7576,1.2043,30.7459,23.8032,62.8275,62.6479,0.0,35.7576,13.4471,34.9866,24.1585,62.225,90.442,0.0,42.8351,A2,word_pos,attaquer,V,attaquer,VER
adolescent,NOUN,A2,beacco,30.7329,43.1198,18.7086,30.7329,49.7681,65.7751,24.3636,0.0,43.1198,20.0853,39.6058,43.6518,51.9016,63.3793,12.833,47.1572,A2,word_pos,adolescent,N,adolescent,NOM
fond,NOUN,A2,beacco,30.6605,65.4021,13.189,30.6605,111.7775,80.0685,49.2438,26.5664,65.4021,24.6338,118.4213,200.9641,158.17,177.7984,44.6051,147.2931,A2,word_pos,fond,N,fond,NOM
brûler,VERB,A2,beacco,30.647,42.2183,13.7669,30.647,43.0127,45.4277,69.6881,9.6228,42.2183,16.7918,50.9757,62.6548,56.2716,65.9532,19.328,56.9044,A2,word_pos,brûler,V,brûler,VER
période,NOUN,A2,beacco,30.5364,65.2162,15.429,30.5364,36.3808,60.5495,129.624,319.1316,65.2162,21.2547,40.0688,56.8871,91.9594,113.7632,283.8586,76.7553,A2,word_pos,période,N,période,NOM
garage,NOUN,A2,beacco,30.5239,21.4125,7.6346,30.5239,3.6617,8.9564,73.0617,0.0,21.4125,15.5473,30.3388,4.5626,8.3922,41.1274,0.0,20.6023,A2,word_pos,garage,N,garage,NOM
ballon,NOUN,A2,beacco,30.471,16.6751,16.9352,30.471,10.0092,0.0,13.8696,0.0,16.6751,16.423,22.8588,8.9365,0.0,20.6179,0.0,15.4103,A2,word_pos,ballon,N,ballon,NOM
retenir,VERB,A2,beacco,30.3103,50.605,16.1368,30.3103,31.3753,82.6214,79.1447,64.9379,50.605,16.1153,15.3761,38.6746,64.7068,92.388,38.4989,44.8169,A2,word_pos,retenir,V,retenir,VER
bulletin,NOUN,A2,beacco,30.135,19.6552,22.7585,30.135,17.941,0.0,0.0,0.0,19.6552,7.9875,4.4786,26.7019,0.0,0.0,0.0,11.6755,A2,word_pos,bulletin,N,bulletin,NOM
proche,ADJ,A2,beacco,30.04,77.4965,18.777,30.04,88.2209,108.9095,157.6687,19.2455,77.4965,23.0766,15.1451,88.9501,66.4822,158.8399,19.328,63.509,A2,word_pos,proche,A,proche,ADJ
camarade,NOUN,A2,beacco,30.0216,31.3919,10.3243,30.0216,49.8771,6.7936,0.0,0.0,31.3919,18.5968,26.4279,58.4173,6.4611,0.0,0.0,37.9343,A2,word_pos,camarade,N,camarade,NOM
champ,NOUN,A2,beacco,29.5723,24.5416,0.0,29.5723,9.9431,11.2978,61.9079,76.4106,24.5416,7.6166,52.4484,37.8241,15.0561,96.005,164.1035,48.908,A2,word_pos,champ,N,champ,NOM
américain,ADJ,A2,beacco,29.3919,66.7561,11.4618,29.3919,82.5722,68.5624,127.6412,86.6048,66.7561,17.1738,33.92,83.4693,66.6867,129.165,38.656,69.0877,A2,word_pos,américain,A,américain,ADJ
applaudir,VERB,A2,beacco,29.2242,24.4452,12.8291,29.2242,36.8937,0.0,6.4168,0.0,24.4452,22.0423,27.5645,30.02,0.0,3.4423,0.0,22.6404,A2,word_pos,applaudir,V,applaudir,VER
hein,NOUN,A2,beacco,29.0688,11.1577,8.5067,29.0688,0.753,4.9476,0.0,0.0,11.1577,16.8508,18.9067,0.7866,9.5296,0.0,0.0,11.6869,A2,unique_word,hein,N,hein,INT
soif,NOUN,A2,beacco,28.9548,18.2055,8.8559,28.9548,12.7961,6.5159,0.0,25.9752,18.2055,11.7737,27.5281,14.9231,8.3922,0.0,25.6659,19.4563,A2,word_pos,soif,N,soif,NOM
sable,NOUN,A2,beacco,28.6965,13.0678,2.0787,28.6965,9.2395,0.5755,4.8126,0.0,13.0678,15.9296,15.402,17.8516,0.911,10.3269,0.0,18.7875,A2,word_pos,sable,N,sable,NOM
nourriture,NOUN,A2,beacco,28.4249,30.9859,7.8158,28.4249,67.141,0.0,6.2023,2.0587,30.9859,7.7628,38.5174,48.6506,0.0,6.0005,4.0185,28.6506,A2,word_pos,nourriture,N,nourriture,NOM
beauté,NOUN,A2,beacco,28.2131,54.0832,13.0591,28.2131,95.5858,52.5929,4.8126,56.9312,54.0832,11.904,34.0164,89.4405,56.7633,6.8846,56.7717,56.645,A2,word_pos,beauté,N,beauté,NOM
allemand,NOUN,A2,beacco,28.1001,39.0116,45.1337,28.1001,13.0427,55.1143,6.4168,105.8503,39.0116,16.9564,8.9874,0.8759,24.9664,6.8846,38.656,16.5399,A2,word_pos,allemand,N,allemand,NOM
style,NOUN,A2,beacco,27.7944,50.7759,10.5562,27.7944,67.3346,44.7149,71.4549,44.2742,50.7759,11.7965,38.6413,66.7417,45.0141,51.9203,78.971,56.8257,A2,word_pos,style,N,style,NOM
fixer,VERB,A2,beacco,27.7443,49.1238,13.5349,27.7443,43.5614,8.4152,119.6117,185.4324,49.1238,16.1153,35.4233,54.3678,9.0915,113.8499,154.9424,52.1645,A2,word_pos,fixer,V,fixer,VER
étroit,ADJ,A2,beacco,27.3516,29.495,3.829,27.3516,29.0657,62.267,12.4046,0.0,29.495,16.6889,33.1372,33.7615,52.8216,18.0014,0.0,36.1944,A2,word_pos,étroit,A,étroit,ADJ
blessure,NOUN,A2,beacco,27.3212,34.014,3.8329,27.3212,24.921,89.4125,0.0,0.0,34.014,7.6479,17.276,17.6868,82.2821,0.0,0.0,30.3794,A2,word_pos,blessure,N,blessure,NOM
bac,NOUN,A2,beacco,27.1248,27.9279,19.297,27.1248,23.3984,0.0,8.2019,96.2275,27.9279,16.1402,29.9549,17.0691,0.0,8.2781,96.64,25.6548,A2,word_pos,bac,N,bac,NOM
traditionnel,ADJ,A2,beacco,26.8665,65.8462,19.1947,26.8665,60.8247,103.4776,31.3338,251.9556,65.8462,16.7393,21.8691,41.502,87.1325,20.024,230.3781,52.8357,A2,word_pos,traditionnel,A,traditionnel,ADJ
auberge,NOUN,A2,beacco,26.7642,56.4923,21.1929,26.7642,124.9793,32.6516,0.0,0.0,56.4923,21.7762,20.8652,160.9688,36.7126,0.0,0.0,64.9471,A2,word_pos,auberge,N,auberge,NOM
organisme,NOUN,A2,beacco,26.7016,43.0335,0.5025,26.7016,14.4678,20.7718,151.2303,100.8319,43.0335,7.6879,25.381,12.0707,23.1002,130.1128,86.9662,39.9608,A2,word_pos,organisme,N,organisme,NOM
solidarité,NOUN,A2,beacco,26.4832,44.9351,5.6881,26.4832,46.8308,85.4185,3.2084,57.7365,44.9351,8.2235,11.8181,29.9007,62.218,6.8846,57.984,33.5111,A2,word_pos,solidarité,N,solidarité,NOM
lapin,NOUN,A2,beacco,25.9436,25.2026,8.1176,25.9436,33.9348,7.4055,0.0,0.0,25.2026,7.9875,28.3128,24.7095,1.3018,0.0,0.0,18.0936,A2,word_pos,lapin,N,lapin,NOM
tout à fait,ADV,A2,crf_first_attested,25.693,35.0887,0.0,25.693,45.9606,36.3529,45.2699,19.2455,35.0887,,,,,,,,,crf_only,tout à fait,ADV,,
concours,NOUN,A2,beacco,25.644,31.3867,25.9166,25.644,25.1549,2.8249,41.1914,0.0,31.3867,16.3337,19.3937,24.937,2.5411,55.2176,0.0,29.3266,A2,word_pos,concours,N,concours,NOM
citer,VERB,A2,beacco,25.5066,39.4514,5.829,25.5066,41.1023,11.3051,32.0064,120.7672,39.4514,7.9597,12.6325,36.8747,13.8424,45.1187,56.7717,31.3411,A2,word_pos,citer,V,citer,VER
niveau,NOUN,A2,beacco,25.3377,103.6521,17.7791,25.3377,106.6253,58.6646,291.1749,490.3702,103.6521,16.0042,33.3143,109.8828,48.6553,277.2527,599.8965,104.0104,A2,word_pos,niveau,N,niveau,NOM
occasion,NOUN,A2,beacco,24.9337,56.1357,22.8574,24.9337,88.3585,42.0955,71.5728,9.6228,56.1357,19.4982,41.0923,127.7504,79.3774,136.686,19.328,78.9343,A2,word_pos,occasion,N,occasion,NOM
sauvage,ADJ,A2,beacco,24.6117,40.9555,24.1854,24.6117,58.4099,40.4647,21.7081,0.0,40.9555,16.1628,35.9073,53.7639,29.8069,18.0014,0.0,35.2659,A2,word_pos,sauvage,A,sauvage,ADJ
neveu,NOUN,A2,beacco,24.5057,14.4555,33.1696,24.5057,2.6076,2.0121,0.0,0.0,14.4555,20.321,21.8222,7.1907,3.5867,0.0,0.0,15.0596,A2,word_pos,neveu,N,neveu,NOM
jaloux,ADJ,A2,beacco,24.2704,14.1734,17.5947,24.2704,7.9755,0.0,0.0,0.0,14.1734,18.9494,36.8847,17.4403,0.0,0.0,0.0,19.1195,A2,word_pos,jaloux,A,jaloux,ADJ
coupe,NOUN,A2,beacco,24.2253,17.6931,14.9361,24.2253,2.5772,9.6166,27.7392,6.176,17.6931,11.0804,27.6285,3.5301,11.0214,20.6179,4.0185,17.1749,A2,word_pos,coupe,N,coupe,NOM
volé,ADJ,A2,crf_first_attested,24.1558,17.2896,0.0,24.1558,32.6954,10.3268,0.0,0.0,17.2896,,,,,,,,,crf_only,volé,A,,
nécessaire,ADJ,A2,beacco,24.0999,52.4322,5.613,24.0999,52.2275,13.6482,158.0417,183.1123,52.4322,10.8726,34.2075,53.1307,6.0629,205.1494,158.8032,62.087,A2,word_pos,nécessaire,A,nécessaire,ADJ
au lieu de,PREP,A2,crf_first_attested,24.0159,37.4842,0.0,24.0159,54.6898,23.9489,71.8069,44.2742,37.4842,,,,,,,,,crf_only,au lieu de,PREP,,
phrase,NOUN,A2,beacco,23.9938,43.1541,13.4325,23.9938,26.7428,18.4029,81.7252,157.8469,43.1541,16.2045,24.0792,24.1025,15.7322,56.8202,86.9662,34.961,A2,word_pos,phrase,N,phrase,NOM
malheureusement,ADV,A2,beacco,23.9856,37.6687,31.1255,23.9856,39.508,57.5198,25.5361,0.0,37.6687,24.4342,13.1349,35.172,44.0348,40.1357,0.0,32.6697,A2,word_pos,malheureusement,ADV,malheureusement,ADV
progrès,NOUN,A2,beacco,23.9573,55.2963,13.2607,23.9573,61.3714,10.2418,139.2504,174.4409,55.2963,14.5677,16.94,45.0858,18.183,120.2103,202.2974,49.1997,A2,word_pos,progrès,N,progrès,NOM
poussière,NOUN,A2,beacco,23.9115,25.6463,22.2034,23.9115,17.9596,9.1168,37.9244,0.0,25.6463,19.7138,30.1558,19.0551,9.025,31.3528,0.0,25.7898,A2,word_pos,poussière,N,poussière,NOM
simplement,ADV,A2,beacco,22.6623,50.6759,15.6725,22.6623,50.7983,79.9293,73.6185,56.5655,50.6759,21.1036,67.0734,95.6073,182.1218,158.8936,142.7957,103.5238,A2,word_pos,simplement,ADV,simplement,ADV
lune,NOUN,A2,beacco,22.6007,18.355,5.8089,22.6007,16.9151,2.6847,29.7295,0.0,18.355,15.9708,27.1086,23.6764,5.6949,20.024,0.0,24.8178,A2,word_pos,lune,N,lune,NOM
historique,ADJ,A2,beacco,22.5528,62.1405,23.0509,22.5528,84.097,19.6504,149.7127,57.7365,62.1405,22.6907,19.2275,78.2496,14.1801,135.2963,19.328,51.7391,A2,word_pos,historique,A,historique,ADJ
patron,NOUN,A2,beacco,22.3868,87.8907,10.8549,22.3868,103.6435,334.402,52.0771,0.0,87.8907,14.4422,23.2878,84.6469,391.0904,52.5392,0.0,97.1696,A2,word_pos,patron,N,patron,NOM
marque,NOUN,A2,beacco,22.2826,81.0233,11.1917,22.2826,45.0183,150.2404,279.4364,105.3719,81.0233,7.7548,9.864,63.9496,103.8903,361.6589,134.1811,83.6086,A2,word_pos,marque,N,marque,NOM
botte,NOUN,A2,beacco,22.2819,11.074,11.591,22.2819,7.1139,0.0,0.0,0.0,11.074,11.9659,19.4018,9.488,0.0,0.0,0.0,11.4,A2,word_pos,botte,N,botte,NOM
surveiller,VERB,A2,beacco,21.7894,41.5042,10.856,21.7894,26.9583,100.5896,24.8092,0.0,41.5042,9.4642,31.0589,51.1851,124.9879,31.3781,0.0,55.4706,A2,word_pos,surveiller,V,surveiller,VER
comédien,NOUN,A2,beacco,21.3604,14.517,2.4979,21.3604,16.6056,0.6707,3.1012,0.0,14.517,11.2064,20.0976,16.338,1.7933,20.024,0.0,20.9556,A2,word_pos,comédien,N,comédien,NOM
combat,NOUN,A2,beacco,21.3019,22.9162,13.2354,21.3019,26.7334,10.2418,15.7275,6.4938,22.9162,15.5424,38.3102,40.3064,11.6267,31.3781,12.833,34.6256,A2,word_pos,combat,N,combat,NOM
industriel,ADJ,A2,beacco,21.211,48.647,5.7198,21.211,58.7186,28.5388,93.6638,51.9503,48.647,7.6879,11.1796,40.0758,28.335,104.967,38.4989,39.6574,A2,word_pos,industriel,A,industriel,ADJ
confirmer,VERB,A2,beacco,21.1681,39.6308,11.2662,21.1681,26.2112,58.6507,69.6881,144.3413,39.6308,12.3364,25.8921,34.5605,44.5476,65.9532,154.624,45.3514,A2,word_pos,confirmer,V,confirmer,VER
info,NOUN,A2,crf_first_attested,20.9438,13.7632,0.0,20.9438,15.3656,2.3018,0.0,28.8683,13.7632,,,,,,,,,crf_only,info,N,,
rapprocher,VERB,A2,beacco,20.7927,29.9493,9.7131,20.7927,32.8097,16.1615,47.0879,26.5664,29.9493,8.2235,23.7911,51.5232,22.6917,66.9321,52.5084,39.916,A2,word_pos,rapprocher,V,rapprocher,VER
blé,NOUN,A2,beacco,20.565,15.7103,13.2471,20.565,13.5343,0.5755,9.3035,0.0,15.7103,9.515,17.9883,9.7588,0.911,18.0014,0.0,12.8001,A2,word_pos,blé,N,blé,NOM
ingénieur,NOUN,A2,beacco,20.5381,41.8247,9.2546,20.5381,36.5848,41.3041,117.5434,39.7676,41.8247,7.7059,26.0959,60.6916,58.0479,76.6769,43.8345,51.0908,A2,word_pos,ingénieur,N,ingénieur,NOM
six,ADJ,A2,crf_first_attested,20.5274,11.0139,0.0,20.5274,6.641,11.1239,1.6042,9.6228,11.0139,,,,,,,,,crf_only,six,A,,
profession,NOUN,A2,beacco,20.3816,46.057,24.7069,20.3816,29.0254,75.2673,56.7127,146.3752,46.057,21.1203,21.5519,37.2941,65.2085,80.3223,135.3747,49.6363,A2,word_pos,profession,N,profession,NOM
possibilité,NOUN,A2,beacco,20.2876,29.6955,0.9991,20.2876,30.6719,3.0277,90.6628,6.4938,29.6955,7.7059,32.6406,58.97,25.2148,148.9202,135.3747,57.2071,A2,word_pos,possibilité,N,possibilité,NOM
fidèle,ADJ,A2,beacco,20.2332,32.8493,30.1677,20.2332,40.6354,13.6704,9.8488,43.6102,32.8493,23.6019,23.7412,20.5803,8.4014,20.024,38.656,26.2405,A2,word_pos,fidèle,A,fidèle,ADJ
foyer,NOUN,A2,beacco,20.0997,29.4922,5.7948,20.0997,48.9447,1.0571,45.3131,9.6228,29.4922,18.5497,18.4102,50.3881,9.5948,41.2358,38.656,34.5631,A2,word_pos,foyer,N,foyer,NOM
liste,NOUN,A2,beacco,19.8815,59.8555,28.6936,19.8815,77.9982,31.9373,57.5361,212.7664,59.8555,23.5255,23.6631,42.8993,44.3131,54.0583,240.7752,51.1095,A2,word_pos,liste,N,liste,NOM
romain,ADJ,A2,beacco,19.8366,16.0834,11.2259,19.8366,13.4724,0.0,6.4168,0.0,16.0834,10.8726,30.1321,5.0007,0.0,6.8846,0.0,15.0206,A2,word_pos,romain,A,romain,ADJ
bouquet,NOUN,A2,beacco,19.8195,15.2765,7.7231,19.8195,16.514,0.0,3.1012,6.176,15.2765,9.4738,12.9004,27.4306,0.0,6.0005,4.0185,16.1268,A2,word_pos,bouquet,N,bouquet,NOM
tandis que,CONJ,A2,crf_first_attested,19.7205,45.3244,0.0,19.7205,55.2587,50.5117,86.0405,181.6208,45.3244,,,,,,,,,crf_only,tandis que,CONJS,,
moteur,NOUN,A2,beacco,19.6527,18.3653,8.2855,19.6527,5.2873,0.0,15.5058,150.72,18.3653,11.095,24.0384,6.5624,0.0,24.0018,113.6757,19.468,A2,word_pos,moteur,N,moteur,NOM
ambiance,NOUN,A2,beacco,19.5966,18.5605,16.4495,19.5966,27.178,0.0,0.0,4.1173,18.5605,16.1593,12.8431,30.28,0.0,0.0,4.0185,16.797,A2,word_pos,ambiance,N,ambiance,NOM
ceci,PRON,A2,beacco,19.4605,38.5092,7.0471,19.4605,39.7888,70.9379,12.4046,68.1256,38.5092,8.1662,16.3986,47.8771,89.1231,58.4378,77.4712,49.5628,A2,word_pos,ceci,PRO,ceci,PRO
visiteur,NOUN,A2,beacco,19.4511,36.8276,7.9856,19.4511,65.9455,30.3299,16.2172,0.0,36.8276,17.1548,23.9273,50.7635,43.7989,27.403,0.0,40.1634,A2,word_pos,visiteur,N,visiteur,NOM
prouver,VERB,A2,beacco,19.3408,44.3631,8.3063,19.3408,48.3066,78.1602,21.0617,145.5666,44.3631,16.5229,19.2631,59.2152,57.5748,33.4475,201.2195,52.2125,A2,word_pos,prouver,V,prouver,VER
genre,NOUN,A2,beacco,19.1583,96.2492,18.8717,19.1583,137.6999,169.9859,136.9736,115.0793,96.2492,16.5155,15.0976,112.7292,140.5227,146.4853,162.4685,88.2283,A2,word_pos,genre,N,genre,NOM
féminin,ADJ,A2,beacco,19.1441,35.2361,3.9536,19.1441,35.2221,6.9055,49.4289,96.9035,35.2361,7.9156,30.7415,38.6375,11.5235,72.7509,95.2552,39.5185,A2,word_pos,féminin,A,féminin,ADJ
titre,NOUN,A2,beacco,19.0942,45.8892,2.9974,19.0942,28.3602,80.0611,41.6087,236.0822,45.8892,12.8211,27.0624,37.2481,94.2311,115.1111,108.7521,59.6805,A2,word_pos,titre,N,titre,NOM
royaume,NOUN,A2,beacco,19.0799,26.9287,29.3799,19.0799,16.652,0.0,36.5308,12.352,26.9287,14.1875,25.7468,26.6137,0.0,20.024,8.037,25.4554,A2,word_pos,royaume,N,royaume,NOM
hypertemps,NOUN,A2,crf_first_attested,19.0121,2.4797,0.0,19.0121,0.0,0.0,0.0,0.0,2.4797,,,,,,,,,crf_only,hypertemps,N,,
ainsi que,CONJ,A2,crf_first_attested,18.9622,59.5902,0.0,18.9622,68.8987,121.9366,156.6602,0.0,59.5902,,,,,,,,,crf_only,ainsi que,CONJC,,
celle-ci,PRON,A2,crf_first_attested,18.9592,37.3528,0.0,18.9592,40.7444,75.5322,79.681,9.6228,37.3528,,,,,,,,,crf_only,celle-ci,PRO,,
cv,NOUN,A2,crf_first_attested,18.9471,19.7715,0.0,18.9471,7.8571,78.1811,0.0,0.0,19.7715,,,,,,,,,crf_only,cv,N,,
base,NOUN,A2,beacco,18.8851,33.676,5.5909,18.8851,34.3493,25.4268,68.4061,72.608,33.676,10.8685,21.1064,37.2729,33.5794,102.2081,93.687,41.6488,A2,word_pos,base,N,base,NOM
candidat,NOUN,A2,beacco,18.8241,27.5915,15.8871,18.8241,17.168,33.3048,14.3534,32.9185,27.5915,22.5744,17.5667,16.7795,20.5555,16.5561,64.9209,33.72,A2,word_pos,candidat,N,candidat,NOM
richesse,NOUN,A2,beacco,18.4959,44.9246,10.34,18.4959,69.5727,6.8216,89.7055,12.352,44.9246,16.6526,18.9476,59.8721,9.1403,72.5363,8.037,40.8549,A2,word_pos,richesse,N,richesse,NOM
difficulté,NOUN,A2,beacco,18.4371,34.1174,10.3866,18.4371,47.9215,24.8572,38.5091,9.6228,34.1174,16.9185,33.6519,99.6667,103.7859,120.9289,162.4685,81.9289,A2,word_pos,difficulté,N,difficulté,NOM
inconnu,ADJ,A2,beacco,18.1866,27.8298,18.4446,18.1866,49.55,4.8562,13.3747,6.4938,27.8298,16.3824,27.2528,25.5446,8.3751,19.861,12.833,24.3143,A2,word_pos,inconnu,A,inconnu,ADJ
avant,NOUN,A2,beacco,18.0245,7.8008,0.4014,18.0245,0.4732,0.0,15.1776,6.4938,7.8008,16.3071,38.9229,16.0275,3.5867,66.9321,25.6659,30.5585,A2,word_pos,avant,N,avant,NOM
célébrer,VERB,A2,beacco,18.0015,19.2882,20.9384,18.0015,12.0844,1.4125,20.4505,19.2455,19.2882,18.6065,6.539,15.0528,9.013,54.0583,19.328,19.0105,A2,word_pos,célébrer,V,célébrer,VER
sauf,PREP,A2,beacco,17.799,28.9241,25.259,17.799,27.2971,26.3129,47.0879,0.0,28.9241,15.6061,39.6439,39.5022,50.7873,65.168,44.6051,46.1948,A2,word_pos,sauf,PREP,sauf,PRP
après tout,ADV,A2,crf_first_attested,17.7882,17.3302,0.0,17.7882,20.9746,12.1109,2.0505,19.4814,17.3302,,,,,,,,,crf_only,après tout,ADV,,
mentir,VERB,A2,beacco,17.6818,20.2239,6.8395,17.6818,25.9757,11.5875,16.8923,0.0,20.2239,11.0804,27.644,34.0145,22.5411,27.9938,0.0,30.0287,A2,word_pos,mentir,V,mentir,VER
responsabilité,NOUN,A2,beacco,17.6584,22.7651,,,,,,,,11.9785,17.6584,0.7812,18.0886,85.2966,12.833,22.7651,A2,beacco_only,,,responsabilité,NOM
au moment où,CONJ,A2,crf_first_attested,17.5594,6.4108,0.0,17.5594,2.4017,0.7062,6.2023,0.0,6.4108,,,,,,,,,crf_only,au moment où,CONJS,,
dialogue,NOUN,A2,beacco,17.4318,12.9666,5.4124,17.4318,10.5946,0.0,13.3747,19.4814,12.9666,7.9875,15.2092,14.4736,0.0,27.403,25.6659,18.0126,A2,word_pos,dialogue,N,dialogue,NOM
planter,VERB,A2,beacco,17.4014,32.5755,22.3268,17.4014,42.7949,59.9894,0.0,0.0,32.5755,16.3038,24.3144,58.4854,65.2386,0.0,12.833,42.5485,A2,word_pos,planter,V,planter,VER
justice,NOUN,A2,beacco,17.3417,48.1273,3.875,17.3417,79.1321,13.226,106.3406,72.7833,48.1273,7.7362,27.7192,72.0083,33.0885,124.5768,77.4712,57.5874,A2,word_pos,justice,N,justice,NOM
du moins,ADV,A2,crf_first_attested,17.1855,13.2042,0.0,17.1855,2.8945,23.6991,4.8126,28.8683,13.2042,,,,,,,,,crf_only,du moins,ADV,,
convaincre,VERB,A2,beacco,17.0186,46.1747,7.7309,17.0186,50.4509,47.1752,119.6765,19.4814,46.1747,9.6008,29.2321,51.7464,27.2478,119.1068,25.6659,48.1469,A2,word_pos,convaincre,V,convaincre,VER
notamment,ADV,A2,beacco,16.9648,91.7795,5.7946,16.9648,69.9814,102.527,193.5564,613.9885,91.7795,11.8556,11.8378,79.5687,68.6242,258.0264,465.1839,82.8834,A2,word_pos,notamment,ADV,notamment,ADV
froid,NOUN,A2,beacco,16.4748,16.2699,4.0217,16.4748,27.0118,0.0,3.2084,0.0,16.2699,7.9597,3.2038,45.9469,0.0,3.4423,0.0,18.6811,A2,word_pos,froid,N,froid,NOM
commerçant,NOUN,A2,beacco,16.3354,26.6739,12.5726,16.3354,20.8208,39.3873,4.101,0.0,26.6739,21.9999,10.0707,21.0453,55.968,4.139,0.0,28.647,A2,word_pos,commerçant,N,commerçant,NOM
sincère,ADJ,A2,beacco,16.3013,11.2145,7.8637,16.3013,0.2405,21.6473,3.2084,9.6228,11.2145,7.804,10.6217,3.2133,18.0984,3.4423,19.328,11.9835,A2,word_pos,sincère,A,sincère,ADJ
sécurité,NOUN,A2,beacco,16.1456,51.0178,8.794,16.1456,62.5885,25.1908,139.0192,78.0384,51.0178,7.7569,18.9748,64.645,29.6654,132.72,135.3747,55.1103,A2,word_pos,sécurité,N,sécurité,NOM
exagérer,VERB,A2,beacco,16.1001,17.4845,0.4068,16.1001,13.9165,17.827,9.6252,9.6228,17.4845,7.7548,3.7447,13.5637,8.1049,3.4423,19.328,13.2156,A2,word_pos,exagérer,V,exagérer,VER
gardien,NOUN,A2,beacco,15.9408,14.6875,10.7074,15.9408,2.0123,5.3655,12.4046,0.0,14.6875,15.2958,12.2628,2.6693,14.3466,6.0005,0.0,16.1287,A2,word_pos,gardien,N,gardien,NOM
chéri,NOUN,A2,beacco,15.8265,7.0045,9.6348,15.8265,0.0908,0.0,1.6042,0.0,7.0045,13.0616,25.39,0.2504,0.0,3.4423,0.0,10.627,A2,word_pos,chéri,N,chéri,NOM
ouh,X,A2,crf_first_attested,15.7668,2.3957,0.0,15.7668,0.0,0.0,0.0,0.0,2.3957,,,,,,,,,crf_only,ouh,X,,
nettoyer,VERB,A2,beacco,15.6482,16.856,12.4113,15.6482,18.0242,0.0,6.2023,0.0,16.856,11.3678,8.0728,18.2339,0.0,6.0005,0.0,13.9861,A2,word_pos,nettoyer,V,nettoyer,VER
chaînes,NOUN,A2,crf_first_attested,15.4696,23.052,0.0,15.4696,0.2366,49.4364,49.4289,115.473,23.052,,,,,,,,,crf_only,chaînes,N,,
décevoir,VERB,A2,beacco,14.978,8.9799,14.6671,14.978,3.0211,0.8259,2.0505,0.0,8.9799,19.0721,8.4565,3.5715,0.0,4.139,0.0,8.4595,A2,word_pos,décevoir,V,décevoir,VER
secteur,NOUN,A2,beacco,14.7485,45.9867,14.3535,14.7485,45.8631,25.8012,55.351,261.984,45.9867,20.5748,20.0477,42.0478,14.1801,69.9024,340.6303,49.7408,A2,word_pos,secteur,N,secteur,NOM
symbole,NOUN,A2,beacco,14.6283,32.4927,20.5009,14.6283,42.4419,1.4125,36.6567,56.3681,32.4927,16.1754,18.9434,35.5623,2.5411,20.6179,77.4712,30.0344,A2,word_pos,symbole,N,symbole,NOM
diviser,VERB,A2,beacco,14.5727,32.189,1.005,14.5727,31.6319,24.6392,52.5187,86.9525,32.189,7.9276,18.1798,26.6057,26.1954,52.5392,77.4712,31.4688,A2,word_pos,diviser,V,diviser,VER
comédie,NOUN,A2,beacco,14.4418,22.0313,3.8925,14.4418,16.8023,40.9813,1.6042,0.0,22.0313,16.7207,16.4602,18.6615,51.3969,3.4423,0.0,29.3956,A2,word_pos,comédie,N,comédie,NOM
personne,ADJ,A2,crf_first_attested,14.4029,3.4042,0.0,14.4029,0.0554,0.8949,0.0,0.0,3.4042,,,,,,,,,crf_only,personne,A,,
mignon,ADJ,A2,beacco,14.394,4.8082,9.0228,14.394,0.0,0.0,0.0,0.0,4.8082,11.3066,15.0839,0.0,0.0,0.0,0.0,4.9289,A2,word_pos,mignon,A,mignon,ADJ
publicité,NOUN,A2,beacco,14.3831,41.6446,6.1084,14.3831,37.8328,27.0867,74.6038,9.6228,41.6446,7.7628,26.9972,46.366,18.183,92.3312,19.328,47.2717,A2,word_pos,publicité,N,publicité,NOM
rendre compter,VERB,A2,crf_first_attested,14.3399,17.7044,0.0,14.3399,24.4979,24.7302,1.6042,2.0587,17.7044,,,,,,,,,crf_only,rendre compter,V,,
bibliothèque,NOUN,A2,beacco,14.2929,23.7268,8.8934,14.2929,43.025,0.4335,17.3764,0.0,23.7268,15.6804,12.9994,24.3024,0.3387,20.024,0.0,18.2742,A2,word_pos,bibliothèque,N,bibliothèque,NOM
sud-ouest,NOUN,A2,beacco,14.2907,9.993,,,,,,,,7.8121,14.2907,4.768,1.3018,6.0005,0.0,9.993,A2,beacco_only,,,sud-ouest,NOM
eaux,NOUN,A2,crf_first_attested,14.1629,18.7546,0.0,14.1629,20.3268,4.8562,20.7298,104.0243,18.7546,,,,,,,,,crf_only,eaux,N,,
déchets,NOUN,A2,crf_first_attested,13.9695,13.528,0.0,13.9695,21.912,0.0,18.6069,0.0,13.528,,,,,,,,,crf_only,déchets,N,,
architecture,NOUN,A2,beacco,13.8058,19.2664,12.2261,13.8058,10.3067,60.9497,2.0505,0.0,19.2664,12.8211,12.8703,11.7363,37.5601,4.139,0.0,18.3062,A2,word_pos,architecture,N,architecture,NOM
veste,NOUN,A2,beacco,13.7874,27.5325,10.8762,13.7874,19.2271,62.0249,1.6042,0.0,27.5325,16.0628,23.3697,26.9583,86.3022,3.4423,0.0,42.5827,A2,word_pos,veste,N,veste,NOM
oublie,NOUN,A2,beacco,13.7695,3.6333,0.5727,13.7695,0.4732,0.0,0.0,0.0,3.6333,8.1169,3.539,0.0,0.0,0.0,0.0,2.1915,A2,word_pos,oublie,N,oublie,NOM
rez - de - chaussée,NOUN,A2,crf_first_attested,13.7659,3.6896,0.0,13.7659,2.6342,0.0,0.0,0.0,3.6896,,,,,,,,,crf_only,rez - de - chaussée,N,,
petit,NOUN,A2,beacco,13.7391,16.2226,0.0,13.7391,32.1835,22.6036,0.0,0.0,16.2226,21.2939,42.777,44.3042,64.3904,0.0,0.0,42.1704,A2,word_pos,petit,N,petit,NOM
fonder,VERB,A2,beacco,13.6909,20.8106,8.0431,13.6909,24.6279,9.7124,37.9244,0.0,20.8106,15.8003,15.7511,30.7512,8.3751,78.6751,0.0,28.4485,A2,word_pos,fonder,V,fonder,VER
futur,NOUN,A2,beacco,13.638,22.0603,21.2992,13.638,32.3745,2.4776,0.0,19.4814,22.0603,16.7918,12.8335,21.7758,0.0,0.0,38.4989,17.4571,A2,word_pos,futur,N,futur,NOM
symboliser,VERB,A2,beacco,13.6356,10.6515,16.673,13.6356,0.4521,11.3051,0.0,0.0,10.6515,9.155,11.7525,3.2514,11.742,0.0,0.0,9.5967,A2,word_pos,symboliser,V,symboliser,VER
parapluie,NOUN,A2,beacco,13.5466,8.2605,21.8,13.5466,0.6884,0.0,0.0,0.0,8.2605,12.3991,7.8355,0.487,0.0,0.0,0.0,5.1804,A2,word_pos,parapluie,N,parapluie,NOM
tranquillement,ADV,A2,beacco,13.5428,20.2605,5.4124,13.5428,27.621,35.1125,0.0,0.0,20.2605,7.9875,14.0313,28.8351,43.9375,0.0,0.0,23.6132,A2,word_pos,tranquillement,ADV,tranquillement,ADV
plutôt que,CONJ,A2,crf_first_attested,13.4851,26.2552,0.0,13.4851,19.7234,51.8884,42.6446,43.6102,26.2552,,,,,,,,,crf_only,plutôt que,CONJS,,
électrique,ADJ,A2,beacco,13.459,25.9486,3.8872,13.459,19.1544,22.6401,72.7426,28.8683,25.9486,7.6879,18.6427,14.6239,29.5618,78.6751,38.656,28.4334,A2,word_pos,électrique,A,électrique,ADJ
pis,NOUN,A2,beacco,13.4498,11.0703,7.9834,13.4498,11.7542,1.1509,0.0,0.0,11.0703,9.155,19.1715,6.1964,0.911,0.0,0.0,10.2684,A2,unique_word,pis,N,pis,ADV
consacrer,VERB,A2,beacco,13.4311,67.3099,31.5579,13.4311,91.4099,76.059,104.8593,92.7691,67.3099,17.6979,23.5808,97.6546,66.791,120.4072,138.6137,69.7551,A2,word_pos,consacrer,V,consacrer,VER
énergie,NOUN,A2,beacco,13.4308,73.5769,10.3907,13.4308,79.5947,26.9193,192.5457,350.6646,73.5769,20.7698,14.4122,61.3811,38.0699,262.9953,372.1562,94.7276,A2,word_pos,énergie,N,énergie,NOM
glisser,VERB,A2,beacco,13.4069,35.8156,11.0918,13.4069,30.1007,86.1814,42.6446,0.0,35.8156,16.2181,6.5332,28.6126,82.1719,31.5653,0.0,33.7612,A2,word_pos,glisser,V,glisser,VER
chômeur,NOUN,A2,beacco,13.0805,9.7906,6.2214,13.0805,2.7643,8.4175,0.0,19.2455,9.7906,7.6879,7.496,3.5051,9.0915,0.0,19.328,9.8557,A2,word_pos,chômeur,N,chômeur,NOM
ii y a,PREP,A2,crf_first_attested,12.8378,3.7008,0.0,12.8378,0.231,0.6707,0.0,0.0,3.7008,,,,,,,,,crf_only,ii y a,PREP,,
écharpe,NOUN,A2,beacco,12.813,12.4085,8.8975,12.813,8.7472,0.0,0.0,38.9627,12.4085,17.4822,11.295,12.1763,0.0,0.0,25.6659,14.2515,A2,word_pos,écharpe,N,écharpe,NOM
animation,NOUN,A2,beacco,12.6754,20.7838,8.8234,12.6754,34.7028,0.0,18.7334,9.6228,20.7838,11.8781,16.5464,33.6891,0.911,19.861,19.328,20.5251,A2,word_pos,animation,N,animation,NOM
invention,NOUN,A2,beacco,12.6276,21.1433,15.0245,12.6276,23.8944,2.4776,9.8488,9.6228,21.1433,12.2082,10.2222,17.9236,1.3018,20.024,19.328,17.4174,A2,word_pos,invention,N,invention,NOM
sois,NOUN,A2,crf_first_attested,12.6178,6.6851,0.0,12.6178,4.9513,0.0,6.4168,0.0,6.6851,,,,,,,,,crf_only,sois,N,,
médias,NOUN,A2,beacco,12.4866,67.0193,,,,,,,,7.6879,12.4866,56.3877,39.0908,171.0913,337.6659,67.0193,A2,beacco_only,,,médias,NOM
en route,ADV,A2,crf_first_attested,12.4633,7.0428,0.0,12.4633,11.398,0.6707,0.0,0.0,7.0428,,,,,,,,,crf_only,en route,ADV,,
crème,NOUN,A2,beacco,12.4508,22.7085,13.1879,12.4508,36.2186,0.0,40.3921,0.0,22.7085,9.1128,9.4788,20.2775,0.0,31.3781,0.0,13.6699,A2,word_pos,crème,N,crème,NOM
carrière,NOUN,A2,beacco,12.3422,45.6324,30.5991,12.3422,37.008,55.9947,104.184,9.6228,45.6324,16.9186,19.0919,40.4176,70.5292,98.1651,19.328,50.2079,A2,word_pos,carrière,N,carrière,NOM
attraper,VERB,A2,beacco,12.2715,23.5854,25.183,12.2715,19.1497,28.33,4.101,0.0,23.5854,20.4128,6.6395,24.1207,9.1403,4.139,0.0,18.5282,A2,word_pos,attraper,V,attraper,VER
voici au coeur du,NOUN,A2,crf_first_attested,12.2272,36.0608,0.0,12.2272,61.0788,19.5579,104.7334,9.6228,36.0608,,,,,,,,,crf_only,voici au coeur du,N,,
opéra,NOUN,A2,beacco,12.1949,19.2821,6.0454,12.1949,43.6386,0.0,0.0,0.0,19.2821,16.0851,22.3116,28.1015,0.0,0.0,0.0,19.425,A2,word_pos,opéra,N,opéra,NOM
sans que,CONJ,A2,crf_first_attested,12.1446,8.6728,0.0,12.1446,6.4953,10.5566,10.2669,0.0,8.6728,,,,,,,,,crf_only,sans que,CONJS,,
vif,ADJ,A2,beacco,12.113,38.3984,26.6721,12.113,42.4699,24.708,109.9993,0.0,38.3984,17.4724,26.145,60.7695,25.2078,62.7562,0.0,45.3424,A2,word_pos,vif,A,vif,ADJ
appartenir,VERB,A2,beacco,12.057,86.332,11.3887,12.057,152.3912,113.4023,119.5166,12.9876,86.332,11.1667,7.9928,121.6374,105.8008,133.2273,25.6659,79.6861,A2,word_pos,appartenir,V,appartenir,VER
sculpture,NOUN,A2,beacco,11.9909,18.7187,6.0069,11.9909,9.7134,7.7447,19.2505,0.0,18.7187,9.7498,16.9066,4.6326,8.4014,13.7692,0.0,17.5789,A2,word_pos,sculpture,N,sculpture,NOM
cuisinier,NOUN,A2,beacco,11.8823,12.1314,28.1215,11.8823,3.6699,3.0277,3.1012,9.6228,12.1314,11.5563,6.0741,3.2245,0.0,6.0005,0.0,6.8666,A2,word_pos,cuisinier,N,cuisinier,NOM
de peine,ADV,A2,crf_first_attested,11.8242,2.9342,0.0,11.8242,0.231,0.0,0.0,0.0,2.9342,,,,,,,,,crf_only,de peine,ADV,,
domestique,ADJ,A2,beacco,11.7121,31.1702,23.3309,11.7121,40.362,6.6199,3.1012,113.8624,31.1702,13.7741,9.9118,34.0534,8.9666,6.0005,113.5434,28.4536,A2,word_pos,domestique,A,domestique,ADJ
nuage,NOUN,A2,beacco,11.6746,29.4655,8.4691,11.6746,44.6969,8.355,46.5173,0.0,29.4655,7.6913,19.8281,31.1812,14.0773,18.0014,0.0,26.0282,A2,word_pos,nuage,N,nuage,NOM
mouton,NOUN,A2,beacco,11.6688,11.0237,12.8829,11.6688,3.4785,1.7898,15.5058,0.0,11.0237,9.1128,13.0309,2.9042,3.7966,6.0005,0.0,9.309,A2,word_pos,mouton,N,mouton,NOM
maîtresse,NOUN,A2,crf_first_attested,11.6368,16.6839,0.0,11.6368,6.9901,71.5046,3.2084,0.0,16.6839,,,,,,,,,crf_only,maîtresse,N,,
avant que,CONJ,A2,crf_first_attested,11.6297,20.9988,0.0,11.6297,24.4122,34.7902,31.4551,28.5334,20.9988,,,,,,,,,crf_only,avant que,CONJS,,
doute,NOUN,A2,beacco,11.6226,15.2333,1.1385,11.6226,16.8022,2.4776,15.7275,39.0461,15.2333,11.8554,128.5618,168.0666,277.1188,206.4784,142.7957,157.9066,A2,word_pos,doute,N,doute,NOM
avant tout,ADV,A2,crf_first_attested,11.6218,40.2676,0.0,11.6218,45.376,70.4129,135.0328,0.0,40.2676,,,,,,,,,crf_only,avant tout,ADV,,
poulet,NOUN,A2,beacco,11.599,22.7266,3.8872,11.599,9.9053,14.8111,43.4161,25.9752,22.7266,7.6879,18.0826,14.7295,2.6036,36.0028,25.6659,23.5922,A2,word_pos,poulet,N,poulet,NOM
non,INT,A2,beacco,11.4803,14.0286,,,,,,,,11.482,11.4803,15.8193,0.0,20.6179,0.0,14.0286,A2,beacco_only,,,non,INT
guitare,NOUN,A2,beacco,11.2558,7.8335,10.0255,11.2558,2.8649,1.4125,0.0,0.0,7.8335,11.0724,13.4166,3.5822,1.2705,0.0,0.0,8.1563,A2,word_pos,guitare,N,guitare,NOM
joueur,NOUN,A2,beacco,11.2047,40.5305,19.5876,11.2047,10.3908,88.5074,153.2101,0.0,40.5305,11.4714,15.2097,14.7229,74.6399,168.712,0.0,42.8692,A2,word_pos,joueur,N,joueur,NOM
horaire,NOUN,A2,beacco,11.1777,10.8281,22.3475,11.1777,0.3401,9.0831,10.2669,0.0,10.8281,16.0438,6.6315,0.5857,6.8518,20.6179,0.0,10.454,A2,word_pos,horaire,N,horaire,NOM
euh,ADV,A2,crf_first_attested,11.1416,1.547,0.0,11.1416,0.0,0.0,0.0,0.0,1.547,,,,,,,,,crf_only,euh,ADV,,
en danger,ADV,A2,crf_first_attested,11.1298,18.8693,0.0,11.1298,40.5356,8.355,6.2023,6.4938,18.8693,,,,,,,,,crf_only,en danger,ADV,,
celui - ci,PRON,A2,crf_first_attested,11.039,13.5591,0.0,11.039,12.1225,8.4175,27.7392,19.2455,13.5591,,,,,,,,,crf_only,celui - ci,PRO,,
addition,NOUN,A2,beacco,10.994,10.6061,11.7237,10.994,0.3618,0.0,43.212,0.0,10.6061,17.9761,9.0157,0.6378,0.0,51.9203,0.0,11.6201,A2,word_pos,addition,N,addition,NOM
de ici,PREP,A2,crf_first_attested,10.9152,13.1435,0.0,10.9152,5.1672,0.0,41.0675,79.5562,13.1435,,,,,,,,,crf_only,de ici,PREP,,
celte,NOUN,A2,crf_first_attested,10.9146,1.6617,0.0,10.9146,0.0,0.0,0.0,0.0,1.6617,,,,,,,,,crf_only,celte,N,,
engager,VERB,A2,beacco,10.9068,70.5389,10.5661,10.9068,60.4852,106.6173,152.0056,200.746,70.5389,16.442,18.7621,58.9846,66.4177,192.0432,127.4317,68.4581,A2,word_pos,engager,V,engager,VER
consommer,VERB,A2,beacco,10.8173,22.9782,11.1649,10.8173,27.0743,3.4528,21.8856,19.4814,22.9782,8.941,13.5459,31.3713,1.822,36.8208,25.6659,25.5157,A2,word_pos,consommer,V,consommer,VER
musical,ADJ,A2,beacco,10.585,37.9535,19.1424,10.585,66.58,18.8519,52.4964,0.0,37.9535,16.1999,21.6892,53.6511,11.6267,51.4303,0.0,35.2525,A2,word_pos,musical,A,musical,ADJ
outil,NOUN,A2,beacco,10.5025,47.3578,7.6318,10.5025,31.9227,46.7524,199.1558,8.2347,47.3578,8.1823,9.2786,32.241,44.8035,139.7172,8.037,43.5396,A2,word_pos,outil,N,outil,NOM
conducteur,NOUN,A2,beacco,10.3393,10.4211,10.7602,10.3393,1.4582,0.0,33.8984,0.0,10.4211,7.7628,17.6026,2.2125,0.0,31.3528,0.0,12.9154,A2,word_pos,conducteur,N,conducteur,NOM
cosette,NOUN,A2,crf_first_attested,10.3366,0.5218,0.0,10.3366,0.0,0.0,0.0,0.0,0.5218,,,,,,,,,crf_only,cosette,N,,
clés,ADJ,A2,crf_first_attested,10.2498,3.3851,0.0,10.2498,3.5584,0.0,0.0,0.0,3.3851,,,,,,,,,crf_only,clés,A,,
bras,X,A2,crf_first_attested,10.1849,1.4826,0.0,10.1849,0.0,0.0,0.0,0.0,1.4826,,,,,,,,,crf_only,bras,X,,
constater,VERB,A2,beacco,10.1778,77.4451,12.4451,10.1778,48.2581,150.33,186.6245,256.5378,77.4451,7.8854,16.2111,45.9108,107.0108,239.9142,250.5305,74.9237,A2,word_pos,constater,V,constater,VER
aussi bien,ADV,A2,crf_first_attested,10.1744,24.6901,0.0,10.1744,45.2788,28.2171,0.0,38.491,24.6901,,,,,,,,,crf_only,aussi bien,ADV,,
tire,NOUN,A2,crf_first_attested,10.0292,2.5786,0.0,10.0292,0.2295,0.0,1.6042,0.0,2.5786,,,,,,,,,crf_only,tire,N,,
chaque fois que,CONJ,A2,crf_first_attested,9.9034,7.6615,0.0,9.9034,14.294,0.0,3.1012,0.0,7.6615,,,,,,,,,crf_only,chaque fois que,CONJS,,
loup,NOUN,A2,beacco,9.8685,37.0789,19.2685,9.8685,50.0998,13.6704,11.2294,0.0,37.0789,11.7108,10.0907,41.658,8.7861,10.3269,0.0,28.3695,A2,word_pos,loup,N,loup,NOM
décrire,VERB,A2,beacco,9.8621,48.2167,33.8195,9.8621,48.5931,31.0687,146.2092,8.2347,48.2167,16.2646,16.1099,61.7797,25.596,134.9799,8.037,49.7477,A2,word_pos,décrire,V,décrire,VER
conte,NOUN,A2,beacco,9.8549,60.6734,20.9698,9.8549,53.0493,72.7321,48.1261,4.1173,60.6734,10.7312,6.6685,7.1358,27.2438,51.6345,4.0185,28.1944,A2,word_pos,conte,N,conte,NOM
douce,NOUN,A2,crf_first_attested,9.8352,4.226,0.0,9.8352,0.1155,10.2418,0.0,0.0,4.226,,,,,,,,,crf_only,douce,N,,
boulanger,NOUN,A2,beacco,9.803,11.9876,47.9834,9.803,2.4869,6.474,0.0,0.0,11.9876,16.367,0.4664,0.4665,0.8102,0.0,0.0,4.5404,A2,word_pos,boulanger,N,boulanger,NOM
code,NOUN,A2,beacco,9.7874,20.7639,3.8758,9.7874,28.7626,1.6517,16.2172,39.0192,20.7639,7.7151,8.7833,54.3907,9.1403,31.5653,56.7717,34.4087,A2,word_pos,code,N,code,NOM
latin,ADJ,A2,beacco,9.7454,16.417,17.8163,9.7454,6.4675,0.7062,32.7469,38.491,16.417,15.9193,4.2765,11.0966,1.2705,20.024,19.328,13.7523,A2,word_pos,latin,A,latin,ADJ
randonnée,NOUN,A2,beacco,9.7385,13.1332,22.9637,9.7385,10.4518,0.0,0.0,6.4938,13.1332,24.2346,8.0849,10.0127,0.0,0.0,12.833,13.6528,A2,word_pos,randonnée,N,randonnée,NOM
confortable,ADJ,A2,beacco,9.7143,12.3442,11.1963,9.7143,6.9794,21.2701,2.0505,0.0,12.3442,17.0965,12.8552,3.7679,37.2711,4.139,0.0,15.7299,A2,word_pos,confortable,A,confortable,ADJ
métal,NOUN,A2,beacco,9.7057,8.2365,10.5163,9.7057,3.6829,0.5285,6.2023,0.0,8.2365,21.0937,12.6592,5.2642,0.8102,12.0009,0.0,13.3263,A2,word_pos,métal,N,métal,NOM
au cours de,PREP,A2,crf_first_attested,9.6765,24.1067,0.0,9.6765,28.1987,25.9394,48.4951,48.0277,24.1067,,,,,,,,,crf_only,au cours de,PREP,,
fontaine,NOUN,A2,beacco,9.6603,6.0596,7.9615,9.6603,0.0,0.7062,6.4168,0.0,6.0596,7.804,17.565,0.0,1.2705,3.4423,0.0,6.4175,A2,word_pos,fontaine,N,fontaine,NOM
insister,VERB,A2,beacco,9.637,17.7707,16.5959,9.637,15.8017,0.0,15.6669,96.9035,17.7707,21.856,19.6302,22.9025,0.0,20.024,95.2552,24.5881,A2,word_pos,insister,V,insister,VER
angler,VERB,A2,crf_first_attested,9.6155,5.6175,0.0,9.6155,0.0,12.7889,6.1515,0.0,5.6175,,,,,,,,,crf_only,angler,V,,
photographe,NOUN,A2,beacco,9.57,17.513,7.3123,9.57,2.2617,22.5343,30.3551,0.0,17.513,7.8941,12.5891,4.6732,39.1981,20.024,0.0,18.5529,A2,word_pos,photographe,N,photographe,NOM
saison,NOUN,A2,beacco,9.5604,22.9876,34.2487,9.5604,26.6561,4.9436,9.8067,6.4938,22.9876,21.2472,14.9114,32.2413,1.2705,19.861,12.833,22.0649,A2,word_pos,saison,N,saison,NOM
mystère,NOUN,A2,beacco,9.5343,35.224,14.7131,9.5343,16.749,128.4743,18.6069,44.2742,35.224,23.959,12.2171,10.9562,83.0238,50.0526,43.8345,32.8012,A2,word_pos,mystère,N,mystère,NOM
commandes,NOUN,A2,crf_first_attested,9.4598,10.7887,0.0,9.4598,1.9564,7.0375,45.6223,28.5334,10.7887,,,,,,,,,crf_only,commandes,N,,
poucet,NOUN,A2,crf_first_attested,9.4348,8.0804,0.0,9.4348,0.6976,1.7264,0.0,0.0,8.0804,,,,,,,,,crf_only,poucet,N,,
discussion,NOUN,A2,beacco,9.4017,24.049,16.7113,9.4017,26.5966,11.6053,33.3358,19.4814,24.049,22.252,14.0555,27.4936,9.0915,66.9321,25.6659,30.1931,A2,word_pos,discussion,N,discussion,NOM
fac,NOUN,A2,beacco,9.3732,8.2265,21.2659,9.3732,3.2524,0.7062,0.0,0.0,8.2265,21.2358,25.1336,8.7083,1.2705,0.0,0.0,15.9057,A2,word_pos,fac,N,fac,NOM
dans le cadre de,PREP,A2,crf_first_attested,9.3662,13.4097,0.0,9.3662,10.8374,8.4175,30.8006,39.0192,13.4097,,,,,,,,,crf_only,dans le cadre de,PREP,,
rare,ADJ,A2,beacco,9.2802,55.2603,31.4286,9.2802,65.6428,45.8325,61.5213,242.6667,55.2603,21.6749,10.2643,74.6986,61.162,60.0719,283.3744,61.7695,A2,word_pos,rare,A,rare,ADJ
éloigné,ADJ,A2,crf_first_attested,9.2722,3.7737,0.0,9.2722,0.0,7.1381,3.1012,0.0,3.7737,,,,,,,,,crf_only,éloigné,A,,
tien,ADJ,A2,crf_first_attested,9.2216,3.0012,0.0,9.2216,1.8786,0.0,1.6042,0.0,3.0012,,,,,,,,,crf_only,tien,A,,
pour une fois,ADV,A2,crf_first_attested,9.1884,1.2559,0.0,9.1884,0.0,0.0,0.0,0.0,1.2559,,,,,,,,,crf_only,pour une fois,ADV,,
renaissance,NOUN,A2,beacco,8.899,4.4714,1.005,8.899,2.8989,0.0,3.1012,0.0,4.4714,7.6879,6.7296,15.2991,0.0,12.0009,0.0,10.698,A2,word_pos,renaissance,N,renaissance,NOM
au - dessous de,PREP,A2,crf_first_attested,8.8948,5.5417,0.0,8.8948,1.8679,2.4776,4.8126,0.0,5.5417,,,,,,,,,crf_only,au - dessous de,PREP,,
pratique,ADJ,A2,beacco,8.8944,20.7815,6.0328,8.8944,44.3234,0.5755,12.4046,19.2455,20.7815,13.8341,26.3432,47.8029,0.911,6.0005,19.328,26.2033,A2,word_pos,pratique,A,pratique,ADJ
déménager,VERB,A2,beacco,8.8758,8.4232,13.9801,8.8758,3.5805,6.0554,0.0,0.0,8.4232,10.5754,4.6393,3.7679,2.2839,0.0,0.0,5.033,A2,word_pos,déménager,V,déménager,VER
diable,NOUN,A2,beacco,8.8323,17.2131,20.1266,8.8323,5.8969,18.9401,3.2084,0.0,17.2131,15.1474,4.2472,24.8378,16.4574,13.7692,0.0,24.2832,A2,word_pos,diable,N,diable,NOM
libérer,VERB,A2,beacco,8.8003,19.3943,27.8436,8.8003,15.0947,22.2621,36.3023,0.0,19.3943,20.6156,12.6015,13.0375,25.4252,52.5392,19.328,23.8347,A2,word_pos,libérer,V,libérer,VER
centre-ville,NOUN,A2,beacco,8.7986,7.4859,,,,,,,,22.1634,8.7986,0.4665,2.2839,0.0,0.0,7.4859,A2,beacco_only,,,centre-ville,NOM
mieux,NOUN,A2,crf_first_attested,8.6801,2.732,0.0,8.6801,0.0,0.6707,6.2023,0.0,2.732,,,,,,,,,crf_only,mieux,N,,
solaire,ADJ,A2,beacco,8.6445,16.697,7.1217,8.6445,14.1466,0.0,36.9016,19.4814,16.697,11.0688,9.0108,16.6507,0.0,36.8208,38.4989,19.4058,A2,word_pos,solaire,A,solaire,ADJ
ciné,NOUN,A2,beacco,8.5462,5.1513,5.5183,8.5462,0.0,8.4152,0.0,0.0,5.1513,7.9597,4.4957,0.0,9.0915,0.0,0.0,4.4155,A2,word_pos,ciné,N,ciné,NOM
actif,ADJ,A2,beacco,8.4894,37.4777,22.449,8.4894,31.5961,2.8773,72.7426,174.0949,37.4777,20.9177,6.7862,55.1389,16.7501,93.6934,288.4064,51.8914,A2,word_pos,actif,A,actif,ADJ
raï,NOUN,A2,crf_first_attested,8.4091,1.1398,0.0,8.4091,0.0,0.0,0.0,0.0,1.1398,,,,,,,,,crf_only,raï,N,,
hé,INT,A2,beacco,8.3526,11.5707,,,,,,,,17.0827,8.3526,10.192,0.0,0.0,0.0,11.5707,A2,beacco_only,,,hé,INT
position,NOUN,A2,beacco,8.3493,17.3707,5.9051,8.3493,20.9773,1.7264,32.8328,12.9876,17.3707,16.7393,4.1382,26.8687,0.911,49.1091,25.6659,22.1272,A2,word_pos,position,N,position,NOM
en guerre,ADV,A2,crf_first_attested,8.3477,2.0545,0.0,8.3477,0.4081,0.0,0.0,0.0,2.0545,,,,,,,,,crf_only,en guerre,ADV,,
au fond,ADV,A2,crf_first_attested,8.3264,11.4248,0.0,8.3264,17.577,13.9377,3.2084,0.0,11.4248,,,,,,,,,crf_only,au fond,ADV,,
basket - ball,NOUN,A2,crf_first_attested,8.3188,1.2063,0.0,8.3188,0.0,0.0,0.0,0.0,1.2063,,,,,,,,,crf_only,basket - ball,N,,
vendeur,NOUN,A2,beacco,8.3177,24.2381,35.9569,8.3177,30.6912,23.9455,0.0,0.0,24.2381,12.6353,4.1517,16.2492,18.1186,0.0,0.0,15.532,A2,word_pos,vendeur,N,vendeur,NOM
smic,NOUN,A2,crf_first_attested,8.2756,3.6301,0.0,8.2756,0.7236,0.0,0.0,38.491,3.6301,,,,,,,,,crf_only,smic,N,,
misérable,NOUN,A2,crf_first_attested,8.2693,2.9004,0.0,8.2693,0.0,3.3034,0.0,0.0,2.9004,,,,,,,,,crf_only,misérable,N,,
ignorer,VERB,A2,beacco,8.1542,22.2828,10.9592,8.1542,25.2233,6.3945,62.2274,28.5334,22.2828,16.2864,16.4153,23.4488,11.6267,66.9321,56.7717,28.9604,A2,word_pos,ignorer,V,ignorer,VER
boulangerie,NOUN,A2,beacco,8.122,11.5297,24.7713,8.122,10.8136,0.5755,0.0,0.0,11.5297,12.5525,8.8101,3.0061,0.911,0.0,0.0,6.8606,A2,word_pos,boulangerie,N,boulangerie,NOM
plaisanter,VERB,A2,beacco,8.0848,8.6673,0.0,8.0848,7.4597,20.8076,0.0,0.0,8.6673,8.1169,8.7991,6.4605,33.5766,0.0,0.0,13.987,A2,word_pos,plaisanter,V,plaisanter,VER
peindre,VERB,A2,beacco,8.0726,8.6153,11.2016,8.0726,6.5574,0.6707,6.2023,0.0,8.6153,15.9214,18.3542,11.7683,8.9868,18.0014,0.0,17.9404,A2,word_pos,peindre,V,peindre,VER
version,NOUN,A2,beacco,8.0152,41.5185,17.7207,8.0152,73.2603,5.1209,100.9647,6.4938,41.5185,11.8248,9.7669,54.7288,9.0915,102.8605,12.833,37.5144,A2,word_pos,version,N,version,NOM
désespérer,VERB,A2,beacco,7.9624,19.3371,9.3619,7.9624,25.4808,1.6517,41.0675,0.0,19.3371,10.9327,6.6149,35.3398,1.3018,20.6179,0.0,20.1977,A2,word_pos,désespérer,V,désespérer,VER
champion,NOUN,A2,beacco,7.8885,15.1271,11.3501,7.8885,11.6877,19.0817,25.3674,9.6228,15.1271,12.0794,15.1375,11.8128,19.2521,31.3528,19.328,19.816,A2,word_pos,champion,N,champion,NOM
par la suite,ADV,A2,crf_first_attested,7.8805,3.869,0.0,7.8805,0.1155,0.5755,0.0,28.8683,3.869,,,,,,,,,crf_only,par la suite,ADV,,
classes,NOUN,A2,crf_first_attested,7.8593,27.2015,0.0,7.8593,27.8341,14.4279,93.743,68.1256,27.2015,,,,,,,,,crf_only,classes,N,,
article,NOUN,A2,beacco,7.8244,52.4255,12.1105,7.8244,63.4898,98.4418,72.5219,2.0587,52.4255,15.6646,8.8101,78.1252,90.8625,68.3291,4.0185,60.1688,A2,word_pos,article,N,article,NOM
tel,DET,A2,crf_first_attested,7.7883,25.5933,0.0,7.7883,23.2603,0.5755,64.869,115.473,25.5933,,,,,,,,,crf_only,tel,DET,,
humains,NOUN,A2,crf_first_attested,7.75,3.9683,0.0,7.75,0.7214,3.0277,3.1012,0.0,3.9683,,,,,,,,,crf_only,humains,N,,
inspirer,VERB,A2,beacco,7.7317,58.5927,17.0993,7.7317,66.5374,88.0414,88.8719,57.7365,58.5927,15.1474,4.633,56.5789,83.6257,113.6404,19.328,49.3382,A2,word_pos,inspirer,V,inspirer,VER
contacter,VERB,A2,beacco,7.7166,13.6459,12.5919,7.7166,13.0558,0.0,40.3921,0.0,13.6459,11.6992,12.1977,12.2682,0.0,49.1091,0.0,14.5829,A2,word_pos,contacter,V,contacter,VER
bon,NOUN,A2,beacco,7.6919,10.3907,1.2205,7.6919,11.2825,3.6629,6.1515,0.0,10.3907,16.9753,4.9127,9.9705,1.8983,4.139,38.656,13.2878,A2,word_pos,bon,N,bon,NOM
russe,ADJ,A2,beacco,7.6882,14.4926,6.6438,7.6882,15.2719,23.2109,3.1012,0.0,14.4926,10.7548,5.926,12.2721,37.845,0.0,0.0,16.2083,A2,word_pos,russe,A,russe,ADJ
en bas de,PREP,A2,crf_first_attested,7.6812,1.5829,0.0,7.6812,0.2295,0.0,0.0,0.0,1.5829,,,,,,,,,crf_only,en bas de,PREP,,
rassurer,VERB,A2,beacco,7.678,34.0895,0.7622,7.678,45.491,51.8629,24.8092,78.0384,34.0895,9.3906,17.6709,36.7088,33.4156,18.0014,25.6659,31.9486,A2,word_pos,rassurer,V,rassurer,VER
yaourt,NOUN,A2,beacco,7.6763,5.697,17.0051,7.6763,0.0,0.0,3.2084,0.0,5.697,16.3325,9.4439,0.0,0.0,6.8846,0.0,7.3392,A2,word_pos,yaourt,N,yaourt,NOM
fer,NOUN,A2,beacco,7.6682,57.0135,24.832,7.6682,84.689,55.2385,120.0605,12.9876,57.0135,16.4484,12.2755,90.5692,61.6228,126.7587,12.833,61.5623,A2,word_pos,fer,N,fer,NOM
avouer,VERB,A2,beacco,7.6569,27.9336,7.4253,7.6569,28.0004,75.0724,24.7899,0.0,27.9336,9.1379,4.5709,50.2013,60.1805,31.3781,0.0,32.8996,A2,word_pos,avouer,V,avouer,VER
alimentation,NOUN,A2,beacco,7.6245,28.9441,16.7297,7.6245,24.7019,11.2874,19.6566,160.2527,28.9441,22.2445,15.4844,14.6523,14.0086,34.1646,192.6297,32.3593,A2,word_pos,alimentation,N,alimentation,NOM
décor,NOUN,A2,beacco,7.5906,30.7915,31.0607,7.5906,45.2537,1.5139,36.8529,6.4938,30.7915,18.6887,6.6704,34.7816,2.2839,31.5653,12.833,23.8034,A2,word_pos,décor,N,décor,NOM
classique,ADJ,A2,beacco,7.3908,30.6729,5.1643,7.3908,19.9742,36.8011,101.1045,72.7833,30.6729,10.4769,12.2496,23.4208,44.5104,101.2835,113.5434,38.0659,A2,word_pos,classique,A,classique,ADJ
moins de,PREP,A2,crf_first_attested,7.3679,7.4549,0.0,7.3679,1.3993,10.2981,12.4046,12.9876,7.4549,,,,,,,,,crf_only,moins de,PREP,,
à temps,ADV,A2,crf_first_attested,7.3423,0.9654,0.0,7.3423,0.0,0.0,0.0,0.0,0.9654,,,,,,,,,crf_only,à temps,ADV,,
frais,NOUN,A2,crf_first_attested,7.2552,12.1183,0.0,7.2552,15.1465,4.7432,39.395,0.0,12.1183,,,,,,,,,crf_only,frais,N,,
pour autant,ADV,A2,crf_first_attested,7.2528,9.6524,0.0,7.2528,1.3861,12.7889,21.7081,22.1371,9.6524,,,,,,,,,crf_only,pour autant,ADV,,
jusqu' à ce que,CONJ,A2,crf_first_attested,7.2018,1.497,0.0,7.2018,0.3618,0.0,0.0,0.0,1.497,,,,,,,,,crf_only,jusqu' à ce que,CONJS,,
patient,ADJ,A2,beacco,7.1638,4.2541,11.1486,7.1638,0.0,0.0,3.2084,0.0,4.2541,17.1161,0.0,2.5235,0.0,20.024,19.328,6.7259,A2,word_pos,patient,A,patient,ADJ
inspecteur,NOUN,A2,beacco,7.1617,26.5421,35.2477,7.1617,16.7301,73.105,0.0,0.0,26.5421,23.651,4.8004,14.8581,96.984,0.0,0.0,26.1957,A2,word_pos,inspecteur,N,inspecteur,NOM
architecte,NOUN,A2,beacco,7.1599,33.964,12.9382,7.1599,53.4932,67.132,9.3035,0.0,33.964,22.1373,8.8959,40.768,49.3969,6.0005,0.0,32.5585,A2,word_pos,architecte,N,architecte,NOM
de autre,PREP,A2,crf_first_attested,7.0746,7.1753,0.0,7.0746,2.8482,9.0831,6.1515,0.0,7.1753,,,,,,,,,crf_only,de autre,PREP,,
ciré,ADJ,A2,crf_first_attested,7.0746,1.8399,0.0,7.0746,0.7236,0.0,0.0,0.0,1.8399,,,,,,,,,crf_only,ciré,A,,
carnavaleuses moi,NOUN,A2,crf_first_attested,7.0746,0.9805,0.0,7.0746,0.0,0.0,0.0,0.0,0.9805,,,,,,,,,crf_only,carnavaleuses moi,N,,
tu connais pas,ADV,A2,crf_first_attested,7.0746,0.9805,0.0,7.0746,0.0,0.0,0.0,0.0,0.9805,,,,,,,,,crf_only,tu connais pas,ADV,,
à côté de ici,PREP,A2,crf_first_attested,7.0746,0.9805,0.0,7.0746,0.0,0.0,0.0,0.0,0.9805,,,,,,,,,crf_only,à côté de ici,PREP,,
gants,NOUN,A2,crf_first_attested,7.0597,4.906,0.0,7.0597,2.2627,1.6517,6.2023,0.0,4.906,,,,,,,,,crf_only,gants,N,,
gamin,NOUN,A2,beacco,7.0572,9.686,8.9756,7.0572,13.3096,0.0,0.0,0.0,9.686,11.8722,6.8416,11.3937,0.0,0.0,0.0,9.1358,A2,word_pos,gamin,N,gamin,NOM
amitié,NOUN,A2,beacco,7.0084,26.9016,23.359,7.0084,43.8897,40.3669,9.3035,0.0,26.9016,14.8549,11.6088,46.7625,33.4292,6.0005,0.0,29.0668,A2,word_pos,amitié,N,amitié,NOM
mesurer,VERB,A2,beacco,6.9783,34.5762,7.7942,6.9783,8.0029,46.9309,123.7813,175.4484,34.5762,8.6572,3.7973,12.2943,47.1399,104.0459,201.2195,32.6598,A2,word_pos,mesurer,V,mesurer,VER
pratique,NOUN,A2,beacco,6.9383,117.3673,11.7928,6.9383,140.5629,54.4193,243.2736,897.4233,117.3673,17.3485,9.1022,105.6246,56.2109,248.1813,368.2802,92.5962,A2,word_pos,pratique,N,pratique,NOM
tantour,NOUN,A2,crf_first_attested,6.894,17.8209,0.0,6.894,7.6687,0.0,71.9787,185.5383,17.8209,,,,,,,,,crf_only,tantour,N,,
petite-fille,NOUN,A2,beacco,6.8446,4.1489,,,,,,,,15.2221,6.8446,0.0,0.0,0.0,0.0,4.1489,A2,beacco_only,,,petite-fille,NOM
super,VERB,A2,crf_first_attested,6.8144,1.0151,0.0,6.8144,0.0,0.0,0.0,0.0,1.0151,,,,,,,,,crf_only,super,V,,
sien,ADJ,A2,crf_first_attested,6.7711,9.7683,0.0,6.7711,1.8673,26.644,27.7392,0.0,9.7683,,,,,,,,,crf_only,sien,A,,
économie,NOUN,A2,beacco,6.7618,64.7104,12.1608,6.7618,73.3932,42.8215,138.0846,142.6669,64.7104,20.2706,18.9691,89.5572,44.4823,144.0093,202.2974,71.9294,A2,word_pos,économie,N,économie,NOM
regardez,PREP,A2,crf_first_attested,6.7191,1.425,0.0,6.7191,0.0,0.0,3.1012,0.0,1.425,,,,,,,,,crf_only,regardez,PREP,,
océan,NOUN,A2,beacco,6.6778,24.36,9.7283,6.6778,18.7989,3.0277,114.6142,0.0,24.36,11.0817,9.9767,13.8779,4.5679,155.1562,0.0,28.8787,A2,word_pos,océan,N,océan,NOM
bravo,NOUN,A2,crf_first_attested,6.6316,1.6108,0.0,6.6316,0.1155,0.0,0.0,0.0,1.6108,,,,,,,,,crf_only,bravo,N,,
rosier,NOUN,A2,beacco,6.5542,3.5367,4.0086,6.5542,0.0,0.0,3.1012,0.0,3.5367,15.6855,4.4228,0.0,0.0,6.0005,0.0,4.2011,A2,word_pos,rosier,N,rosier,NOM
par rapport à,PREP,A2,crf_first_attested,6.5529,20.1093,0.0,6.5529,1.6832,6.7049,62.4654,257.1892,20.1093,,,,,,,,,crf_only,par rapport à,PREP,,
salutation,NOUN,A2,beacco,6.4732,4.8789,10.5377,6.4732,0.3618,0.7062,0.0,0.0,4.8789,7.7803,8.0862,18.0836,1.2705,0.0,0.0,11.2882,A2,word_pos,salutation,N,salutation,NOM
gaulois,NOUN,A2,crf_first_attested,6.4513,0.9615,0.0,6.4513,0.0,0.0,0.0,0.0,0.9615,,,,,,,,,crf_only,gaulois,N,,
tu me demandes,ADV,A2,crf_first_attested,6.449,2.4496,0.0,6.449,2.5602,0.0,0.0,0.0,2.4496,,,,,,,,,crf_only,tu me demandes,ADV,,
au cou,ADV,A2,crf_first_attested,6.4397,1.838,0.0,6.4397,0.0,1.6517,0.0,0.0,1.838,,,,,,,,,crf_only,au cou,ADV,,
cette fois - ci,ADV,A2,crf_first_attested,6.3787,4.0056,0.0,6.3787,7.4546,0.0,0.0,0.0,4.0056,,,,,,,,,crf_only,cette fois - ci,ADV,,
dater,VERB,A2,beacco,6.3702,26.7545,19.8587,6.3702,22.2765,25.6063,36.9099,39.0461,26.7545,16.2808,4.9127,13.1578,18.0984,27.403,4.0185,18.0981,A2,word_pos,dater,V,dater,VER
abriter,VERB,A2,beacco,6.3378,8.4161,9.4753,6.3378,5.1019,9.3126,0.0,0.0,8.4161,8.6224,9.8649,4.3647,8.4038,0.0,0.0,8.7404,A2,word_pos,abriter,V,abriter,VER
servant,ADJ,A2,crf_first_attested,6.3143,3.0818,0.0,6.3143,3.7201,0.0,0.0,0.0,3.0818,,,,,,,,,crf_only,servant,A,,
amateur,NOUN,A2,beacco,6.2646,23.7492,9.6801,6.2646,47.6616,12.8361,1.6042,39.7676,23.7492,15.9193,12.6845,50.8541,36.1771,3.4423,43.8345,36.3887,A2,word_pos,amateur,N,amateur,NOM
sylvain,ADJ,A2,crf_first_attested,6.2532,0.9399,0.0,6.2532,0.0,0.0,0.0,0.0,0.9399,,,,,,,,,crf_only,sylvain,A,,
communauté,NOUN,A2,beacco,6.253,43.9202,5.4242,6.253,35.6779,34.5348,93.9915,311.5457,43.9202,15.8552,0.186,53.9755,26.8458,115.539,389.1791,53.0962,A2,word_pos,communauté,N,communauté,NOM
précis,ADJ,A2,beacco,6.2526,43.683,3.9928,6.2526,66.8014,1.6517,142.0555,156.3319,43.683,7.9339,14.1424,82.9511,1.3018,189.7729,183.2011,57.6419,A2,word_pos,précis,A,précis,ADJ
informatique,ADJ,A2,beacco,6.1856,12.3474,7.8756,6.1856,8.5416,0.0,51.5512,0.0,12.3474,7.7628,8.4039,5.9013,0.0,40.1357,0.0,9.6727,A2,word_pos,informatique,A,informatique,ADJ
accomplir,VERB,A2,beacco,6.1822,18.6524,10.5394,6.1822,24.9244,7.2463,4.101,48.1138,18.6524,16.6991,4.542,30.0973,8.7861,4.139,38.656,21.1092,A2,word_pos,accomplir,V,accomplir,VER
dessinateur,NOUN,A2,beacco,6.1444,5.5899,6.2301,6.1444,0.7236,1.7264,0.0,2.0587,5.5899,7.7059,6.7862,0.6378,0.911,0.0,4.0185,6.7107,A2,word_pos,dessinateur,N,dessinateur,NOM
de ici à,PREP,A2,crf_first_attested,6.1315,5.6267,0.0,6.1315,7.461,0.0,14.569,0.0,5.6267,,,,,,,,,crf_only,de ici à,PREP,,
coloc,NOUN,A2,crf_first_attested,6.0547,1.8239,0.0,6.0547,1.0854,0.0,0.0,0.0,1.8239,,,,,,,,,crf_only,coloc,N,,
en moi,ADV,A2,crf_first_attested,6.0417,4.5812,0.0,6.0417,3.2411,0.0,15.5058,0.0,4.5812,,,,,,,,,crf_only,en moi,ADV,,
naissance,NOUN,A2,beacco,5.9454,67.0728,11.4401,5.9454,98.3801,32.3333,118.8679,153.964,67.0728,11.1727,20.1495,114.4594,18.5428,83.4219,286.1253,68.789,A2,word_pos,naissance,N,naissance,NOM
fan,NOUN,A2,beacco,5.942,22.6942,13.2693,5.942,34.4538,22.5596,10.2669,0.0,22.6942,20.1353,6.0824,23.3789,23.175,20.6179,0.0,22.1759,A2,word_pos,fan,N,fan,NOM
décision,NOUN,A2,beacco,5.9241,50.1477,13.0264,5.9241,118.0494,3.0277,52.5187,112.7361,50.1477,7.7985,9.8734,105.3544,4.5679,73.3785,154.9424,53.062,A2,word_pos,décision,N,décision,NOM
maintenant que,CONJ,A2,crf_first_attested,5.8921,2.5451,0.0,5.8921,1.2243,0.0,0.0,0.0,2.5451,,,,,,,,,crf_only,maintenant que,CONJS,,
animal,ADJ,A2,beacco,5.8669,21.751,7.1386,5.8669,30.0572,7.1266,20.5337,44.2742,21.751,16.7322,0.2065,37.9099,9.5948,92.388,78.971,30.9023,A2,word_pos,animal,A,animal,ADJ
quelque temps,ADV,A2,crf_first_attested,5.8323,6.0867,0.0,5.8323,5.3523,6.4693,3.1012,0.0,6.0867,,,,,,,,,crf_only,quelque temps,ADV,,
économies,NOUN,A2,crf_first_attested,5.8127,2.993,0.0,5.8127,2.8992,4.7828,0.0,0.0,2.993,,,,,,,,,crf_only,économies,N,,
dehors,ADV,A2,beacco,5.7984,11.8343,26.6535,5.7984,10.216,2.0121,0.0,0.0,11.8343,16.0871,9.9767,26.0395,22.4746,0.0,0.0,20.2411,A2,word_pos,dehors,ADV,dehors,ADV
populaire,ADJ,A2,beacco,5.7918,60.4483,47.4791,5.7918,22.9842,150.8786,161.9492,92.7691,60.4483,16.8613,6.8476,29.2952,90.6206,132.8606,86.9662,47.2924,A2,word_pos,populaire,A,populaire,ADJ
relation,NOUN,A2,beacco,5.7918,35.5344,0.0,5.7918,42.268,21.194,76.5801,96.2275,35.5344,15.8691,17.9513,118.4723,46.5436,147.3573,208.1843,79.6919,A2,word_pos,relation,N,relation,NOM
loin du,PREP,A2,crf_first_attested,5.7897,6.2871,0.0,5.7897,7.4137,4.8162,2.0505,0.0,6.2871,,,,,,,,,crf_only,loin du,PREP,,
ixer,VERB,A2,crf_first_attested,5.7565,0.7945,0.0,5.7565,0.0,0.0,0.0,0.0,0.7945,,,,,,,,,crf_only,ixer,V,,
voeu,NOUN,A2,beacco,5.6873,8.1096,10.4645,5.6873,6.3199,0.0,1.6042,9.6228,8.1096,7.7059,6.8476,6.1126,0.0,3.4423,19.328,9.3834,A2,word_pos,voeu,N,voeu,NOM
inscrire,VERB,A2,beacco,5.6391,29.4575,19.1783,5.6391,51.3602,11.8506,15.5058,47.2681,29.4575,16.141,8.0832,44.476,25.2191,18.0014,93.687,31.6257,A2,word_pos,inscrire,V,inscrire,VER
précieux,ADJ,A2,beacco,5.6235,30.6277,7.9834,5.6235,54.8696,10.5419,48.4951,19.4814,30.6277,9.155,11.3642,65.0704,18.6047,80.2715,12.833,40.3754,A2,word_pos,précieux,A,précieux,ADJ
cuire,VERB,A2,beacco,5.5581,8.2988,11.4069,5.5581,1.8838,0.5755,41.5144,0.0,8.2988,11.7702,3.7973,12.2945,0.911,31.5653,0.0,10.8984,A2,word_pos,cuire,V,cuire,VER
charme,NOUN,A2,beacco,5.4399,28.5607,13.6491,5.4399,36.9263,40.9668,6.2023,12.9876,28.5607,18.6497,6.661,30.1358,47.0704,6.0005,12.833,26.3432,A2,word_pos,charme,N,charme,NOM
ailleurs,ADV,A2,beacco,5.3491,32.9278,9.3971,5.3491,21.3008,57.4964,55.5722,87.2904,32.9278,16.9564,18.4521,108.4208,141.9208,153.7708,134.1811,85.9554,A2,word_pos,ailleurs,ADV,ailleurs,ADV
divers,ADJ,A2,beacco,5.3178,57.5708,11.4717,5.3178,109.0371,83.7809,32.9961,84.8024,57.5708,7.9276,4.5709,106.498,72.9138,78.6751,77.5234,56.4354,A2,word_pos,divers,A,divers,ADJ
chaleureux,ADJ,A2,beacco,5.3143,6.8371,5.829,5.3143,1.4582,3.0277,4.101,0.0,6.8371,7.9597,3.8895,0.5531,4.5679,4.139,0.0,5.9716,A2,word_pos,chaleureux,A,chaleureux,ADJ
high - tech,ADJ,A2,crf_first_attested,5.3143,1.7625,0.0,5.3143,0.0,0.0,9.3035,0.0,1.7625,,,,,,,,,crf_only,high - tech,A,,
plastique,NOUN,A2,beacco,5.292,20.8825,15.3572,5.292,8.5076,10.597,63.8141,0.0,20.8825,14.48,4.4786,7.6118,2.2839,77.164,0.0,18.2904,A2,word_pos,plastique,N,plastique,NOM
bavarder,VERB,A2,beacco,5.186,8.5417,7.1899,5.186,3.7682,12.2302,0.0,0.0,8.5417,22.0954,4.8004,3.5058,11.8663,0.0,0.0,9.7585,A2,word_pos,bavarder,V,bavarder,VER
gallo - romain,ADJ,A2,crf_first_attested,5.1773,2.1527,0.0,5.1773,0.0,0.0,0.0,38.491,2.1527,,,,,,,,,crf_only,gallo - romain,A,,
tant,CONJ,A2,crf_first_attested,5.1683,0.2609,0.0,5.1683,0.0,0.0,0.0,0.0,0.2609,,,,,,,,,crf_only,tant,CONJS,,
anglaise,NOUN,A2,crf_first_attested,5.0925,1.9947,0.0,5.0925,2.9065,0.0,0.0,0.0,1.9947,,,,,,,,,crf_only,anglaise,N,,
cordelier,NOUN,A2,crf_first_attested,5.0925,0.7413,0.0,5.0925,0.0,0.0,0.0,0.0,0.7413,,,,,,,,,crf_only,cordelier,N,,
dessous,X,A2,crf_first_attested,5.0925,0.7413,0.0,5.0925,0.0,0.0,0.0,0.0,0.7413,,,,,,,,,crf_only,dessous,X,,
dessus,X,A2,crf_first_attested,5.0925,0.7413,0.0,5.0925,0.0,0.0,0.0,0.0,0.7413,,,,,,,,,crf_only,dessus,X,,
tu m' en parles,ADV,A2,crf_first_attested,5.0925,0.7413,0.0,5.0925,0.0,0.0,0.0,0.0,0.7413,,,,,,,,,crf_only,tu m' en parles,ADV,,
jouet,NOUN,A2,beacco,5.035,6.6494,11.362,5.035,0.6884,1.7898,0.0,0.0,6.6494,7.7803,5.7823,0.487,3.7966,0.0,0.0,5.9375,A2,word_pos,jouet,N,jouet,NOM
institut,NOUN,A2,beacco,5.0146,23.2159,0.6621,5.0146,18.1931,0.0,99.3105,110.6856,23.2159,7.9383,3.4287,35.4007,4.5679,182.8888,250.9018,43.19,A2,word_pos,institut,N,institut,NOM
romi,NOUN,A2,crf_first_attested,5.0078,1.9009,0.0,5.0078,0.4621,0.0,0.0,0.0,1.9009,,,,,,,,,crf_only,romi,N,,
tant que,CONJ,A2,crf_first_attested,5.001,8.4073,0.0,5.001,9.1532,6.6199,4.101,19.2455,8.4073,,,,,,,,,crf_only,tant que,CONJS,,
touristique,ADJ,A2,beacco,4.9944,20.8239,16.8187,4.9944,42.7442,6.0554,1.6042,0.0,20.8239,17.1402,10.0148,25.448,6.8518,3.4423,0.0,19.9901,A2,word_pos,touristique,A,touristique,ADJ
trois cent,DET,A2,crf_first_attested,4.9322,1.7417,0.0,4.9322,1.3866,0.0,0.0,0.0,1.7417,,,,,,,,,crf_only,trois cent,DET,,
taxis,NOUN,A2,crf_first_attested,4.8986,3.8,0.0,4.8986,6.2573,0.6707,0.0,0.0,3.8,,,,,,,,,crf_only,taxis,N,,
mélanger,VERB,A2,beacco,4.8581,12.4405,8.1668,4.8581,4.8252,6.8058,67.2408,0.0,12.4405,9.5743,8.929,3.5715,8.7861,92.2241,0.0,16.4536,A2,word_pos,mélanger,V,mélanger,VER
congé,NOUN,A2,beacco,4.8502,28.0014,18.146,4.8502,18.9488,32.6028,45.6223,96.2275,28.0014,23.7967,9.4773,22.4336,46.2003,31.3528,135.296,35.0402,A2,word_pos,congé,N,congé,NOM
évoquer,VERB,A2,beacco,4.8471,32.7851,29.1597,4.8471,36.8983,9.4732,104.2577,19.2455,32.7851,21.5391,9.9671,42.8356,12.3566,124.5768,38.656,39.8921,A2,word_pos,évoquer,V,évoquer,VER
cérémonie,NOUN,A2,beacco,4.7402,7.2494,7.658,4.7402,11.1274,0.7062,0.0,0.0,7.2494,10.3283,9.3179,14.9869,1.2705,0.0,0.0,10.9201,A2,word_pos,cérémonie,N,cérémonie,NOM
moustaches,NOUN,A2,crf_first_attested,4.6941,1.1809,0.0,4.6941,0.2041,0.0,0.0,0.0,1.1809,,,,,,,,,crf_only,moustaches,N,,
c' est vrai que,CONJ,A2,crf_first_attested,4.6815,0.6001,0.0,4.6815,0.0,0.0,0.0,0.0,0.6001,,,,,,,,,crf_only,c' est vrai que,CONJS,,
football,NOUN,A2,beacco,4.644,13.6821,11.1008,4.644,5.1928,14.0699,62.9101,0.0,13.6821,22.5747,4.1022,2.5235,14.1801,57.1082,0.0,17.2864,A2,word_pos,football,N,football,NOM
de moins en moins,ADV,A2,crf_first_attested,4.6118,11.532,0.0,4.6118,13.0674,17.8269,0.0,38.9627,11.532,,,,,,,,,crf_only,de moins en moins,ADV,,
degré,NOUN,A2,beacco,4.5942,24.6992,19.3049,4.5942,28.5455,6.3945,20.5337,55.0502,24.6992,17.0166,1.2017,22.5401,9.0915,41.2358,93.687,25.2583,A2,word_pos,degré,N,degré,NOM
japonais,ADJ,A2,beacco,4.5942,11.446,10.3285,4.5942,10.6286,0.5755,3.1012,67.2823,11.446,7.9383,6.6325,14.4167,0.911,6.0005,77.5234,15.2641,A2,word_pos,japonais,A,japonais,ADJ
en baisse,ADV,A2,crf_first_attested,4.5942,1.9675,0.0,4.5942,0.2916,0.0,6.2023,0.0,1.9675,,,,,,,,,crf_only,en baisse,ADV,,
fermeture,NOUN,A2,beacco,4.5935,9.516,10.0663,4.5935,6.4257,3.1713,1.6042,0.0,9.516,11.577,9.9115,6.458,0.8102,3.4423,0.0,10.5192,A2,word_pos,fermeture,N,fermeture,NOM
actualité,NOUN,A2,beacco,4.5738,25.4103,8.0435,4.5738,32.1598,13.6777,43.7711,56.3711,25.4103,7.9597,4.5743,26.5254,14.4824,29.205,78.971,24.5233,A2,word_pos,actualité,N,actualité,NOM
portier,NOUN,A2,crf_first_attested,4.5593,2.9786,0.0,4.5593,1.8184,0.0,9.3035,0.0,2.9786,,,,,,,,,crf_only,portier,N,,
de toute évidence,ADV,A2,crf_first_attested,4.5541,2.3061,0.0,4.5541,1.0854,0.5285,0.0,0.0,2.3061,,,,,,,,,crf_only,de toute évidence,ADV,,
montant,NOUN,A2,beacco,4.4643,12.1079,0.5025,4.4643,0.0,47.1644,52.0523,0.0,12.1079,7.7151,5.7963,0.0,36.8207,63.1587,0.0,15.767,A2,word_pos,montant,N,montant,NOM
roumalis,NOUN,A2,crf_first_attested,4.4643,1.1279,0.0,4.4643,0.2076,0.0,0.0,0.0,1.1279,,,,,,,,,crf_only,roumalis,N,,
cave,NOUN,A2,beacco,4.4587,14.9103,15.0706,4.4587,10.8231,7.8335,21.7081,0.0,14.9103,21.1338,4.4863,15.0039,6.8597,18.0014,0.0,17.3866,A2,word_pos,cave,N,cave,NOM
merveille,NOUN,A2,beacco,4.458,12.1097,22.9662,4.458,12.1851,1.5139,6.2023,9.6228,12.1097,20.841,4.4863,13.3181,2.2839,6.0005,19.328,13.6241,A2,word_pos,merveille,N,merveille,NOM
installations,NOUN,A2,crf_first_attested,4.4566,2.002,0.0,4.4566,2.4003,0.0,0.0,0.0,2.002,,,,,,,,,crf_only,installations,N,,
brisé,ADJ,A2,crf_first_attested,4.4566,1.7437,0.0,4.4566,0.1883,0.5285,0.0,0.0,1.7437,,,,,,,,,crf_only,brisé,A,,
hum,INT,A2,beacco,4.4296,3.5908,,,,,,,,16.4842,4.4296,0.0,0.0,0.0,0.0,3.5908,A2,beacco_only,,,hum,INT
élire,VERB,A2,beacco,4.415,8.69,25.6925,4.415,0.7097,0.7062,13.3747,0.0,8.69,11.9785,4.5837,8.4131,9.0915,36.8208,0.0,15.5854,A2,word_pos,élire,V,élire,VER
concerner,VERB,A2,beacco,4.4149,70.9025,1.3242,4.4149,88.1625,61.7338,206.0326,268.8672,70.9025,8.2421,6.754,125.1434,36.4219,266.5932,354.4884,88.7098,A2,word_pos,concerner,V,concerner,VER
à l' intérieur,ADV,A2,crf_first_attested,4.404,5.9134,0.0,4.404,0.9179,10.6273,15.6669,0.0,5.9134,,,,,,,,,crf_only,à l' intérieur,ADV,,
colonie,NOUN,A2,beacco,4.3692,1.4087,0.0,4.3692,0.7236,0.0,0.0,0.0,1.4087,7.9276,17.2422,7.6896,0.0,0.0,4.0185,9.6821,A2,word_pos,colonie,N,colonie,NOM
dentiste,NOUN,A2,beacco,4.3559,7.0565,3.8621,4.3559,6.3327,0.0,12.4046,0.0,7.0565,7.6913,3.1313,4.8043,0.0,12.0009,0.0,6.5859,A2,word_pos,dentiste,N,dentiste,NOM
linguistique,ADJ,A2,beacco,4.3374,27.8285,5.4242,4.3374,7.3807,23.2106,0.0,532.2901,27.8285,10.4459,3.839,8.9711,18.183,0.0,292.3863,23.9684,A2,word_pos,linguistique,A,linguistique,ADJ
quant à,PREP,A2,crf_first_attested,4.2792,27.5928,0.0,4.2792,30.4751,49.2398,40.8055,12.9876,27.5928,,,,,,,,,crf_only,quant à,PREP,,
compléter,VERB,A2,beacco,4.2719,17.5334,30.4541,4.2719,13.3828,9.9222,15.1776,4.1173,17.5334,10.7548,8.8273,14.6408,8.7861,20.024,43.8345,19.2634,A2,word_pos,compléter,V,compléter,VER
mousseau,ADJ,A2,crf_first_attested,4.1594,0.6032,0.0,4.1594,0.0,0.0,0.0,0.0,0.6032,,,,,,,,,crf_only,mousseau,A,,
sylvain,NOUN,A2,crf_first_attested,4.1594,0.6032,0.0,4.1594,0.0,0.0,0.0,0.0,0.6032,,,,,,,,,crf_only,sylvain,N,,
élégant,ADJ,A2,beacco,4.1487,20.6546,21.4564,4.1487,5.821,67.3834,9.3035,0.0,20.6546,23.9313,6.8154,11.0611,25.5365,6.0005,0.0,22.0142,A2,word_pos,élégant,A,élégant,ADJ
tu en as,ADV,A2,crf_first_attested,4.1347,0.2087,0.0,4.1347,0.0,0.0,0.0,0.0,0.2087,,,,,,,,,crf_only,tu en as,ADV,,
micro,NOUN,A2,beacco,4.1092,3.7173,12.7071,4.1092,0.0906,0.0,0.0,0.0,3.7173,21.8955,3.8651,0.185,0.0,0.0,0.0,5.2121,A2,word_pos,micro,N,micro,NOM
iseut,NOUN,A2,crf_first_attested,4.0705,0.2055,0.0,4.0705,0.0,0.0,0.0,0.0,0.2055,,,,,,,,,crf_only,iseut,N,,
nerveux,ADJ,A2,beacco,4.0228,24.2441,12.3995,4.0228,20.0669,9.4106,37.2138,57.7365,24.2441,18.1872,4.1482,24.9429,12.8024,24.0018,57.984,24.6991,A2,word_pos,nerveux,A,nerveux,ADJ
essentiel,NOUN,A2,beacco,4.0228,17.7659,2.4979,4.0228,8.6279,6.0554,22.2727,144.5532,17.7659,7.9597,6.8377,9.1148,4.5679,27.9938,56.7717,16.3398,A2,word_pos,essentiel,N,essentiel,NOM
en dehors de,PREP,A2,crf_first_attested,4.0135,6.5737,0.0,4.0135,8.0668,1.5139,2.0505,45.4565,6.5737,,,,,,,,,crf_only,en dehors de,PREP,,
nôtre,NOUN,A2,crf_first_attested,4.0104,2.8649,0.0,4.0104,0.0,1.5139,0.0,56.9312,2.8649,,,,,,,,,crf_only,nôtre,N,,
illuminer,VERB,A2,beacco,3.9413,4.6885,13.464,3.9413,0.6802,0.5285,0.0,0.0,4.6885,19.2545,6.5332,1.1713,0.8102,0.0,0.0,7.3689,A2,word_pos,illuminer,V,illuminer,VER
au moment où,ADV,A2,crf_first_attested,3.8068,1.006,0.0,3.8068,0.1155,0.0,0.0,0.0,1.006,,,,,,,,,crf_only,au moment où,ADV,,
fatigué,ADJ,A2,beacco,3.7519,8.3773,0.0,3.7519,6.7578,27.4697,3.1012,0.0,8.3773,21.2667,4.43,7.2131,30.986,6.0005,0.0,16.769,A2,word_pos,fatigué,A,fatigué,ADJ
marocain,ADJ,A2,beacco,3.7489,7.449,14.4131,3.7489,0.7214,0.0,0.0,57.7365,7.449,16.2952,0.1937,0.4665,0.0,0.0,96.64,7.9252,A2,word_pos,marocain,A,marocain,ADJ
cinq cent,DET,A2,crf_first_attested,3.7328,2.2383,0.0,3.7328,1.6244,0.8949,0.0,0.0,2.2383,,,,,,,,,crf_only,cinq cent,DET,,
en plus de,PREP,A2,crf_first_attested,3.6809,3.0734,0.0,3.6809,0.7236,0.0,24.2475,0.0,3.0734,,,,,,,,,crf_only,en plus de,PREP,,
à tout moment,ADV,A2,crf_first_attested,3.6057,2.9038,0.0,3.6057,3.0579,0.0,2.0505,0.0,2.9038,,,,,,,,,crf_only,à tout moment,ADV,,
resto,NOUN,A2,beacco,3.6034,5.9505,13.2095,3.6034,4.3116,0.0,3.1012,0.0,5.9505,13.5327,8.4893,0.6378,0.0,6.0005,0.0,6.9616,A2,word_pos,resto,N,resto,NOM
ennuyeux,ADJ,A2,beacco,3.572,3.9073,8.292,3.572,0.0,0.7062,3.2084,0.0,3.9073,16.4654,5.3448,0.0,1.2705,3.4423,0.0,5.9732,A2,word_pos,ennuyeux,A,ennuyeux,ADJ
dans un premier temps,ADV,A2,crf_first_attested,3.543,1.2083,0.0,3.543,0.0,3.0277,0.0,0.0,1.2083,,,,,,,,,crf_only,dans un premier temps,ADV,,
au sein de,PREP,A2,crf_first_attested,3.5373,21.8387,0.0,3.5373,10.223,30.7904,45.3131,182.7867,21.8387,,,,,,,,,crf_only,au sein de,PREP,,
franc soleil,NOUN,A2,crf_first_attested,3.5373,0.4902,0.0,3.5373,0.0,0.0,0.0,0.0,0.4902,,,,,,,,,crf_only,franc soleil,N,,
privilégier,VERB,A2,beacco,3.5353,22.306,0.0,3.5353,21.2703,34.8187,6.2023,100.8319,22.306,10.4459,4.5709,35.5159,13.7036,31.3781,86.9662,28.2601,A2,word_pos,privilégier,V,privilégier,VER
basket,NOUN,A2,beacco,3.5353,8.018,14.0587,3.5353,6.8181,0.0,1.6042,19.2455,8.018,16.445,4.5709,5.9891,0.0,3.4423,19.328,9.0282,A2,word_pos,basket,N,basket,NOM
maquila,NOUN,A2,crf_first_attested,3.4693,0.1751,0.0,3.4693,0.0,0.0,0.0,0.0,0.1751,,,,,,,,,crf_only,maquila,N,,
du côté de,PREP,A2,crf_first_attested,3.447,8.8447,0.0,3.447,25.7476,5.4089,0.0,0.0,8.8447,,,,,,,,,crf_only,du côté de,PREP,,
tu veux bien,ADV,A2,crf_first_attested,3.447,1.8887,0.0,3.447,2.5602,0.0,0.0,0.0,1.8887,,,,,,,,,crf_only,tu veux bien,ADV,,
en l' honneur du,PREP,A2,crf_first_attested,3.4375,1.5162,0.0,3.4375,0.8749,0.0,0.0,0.0,1.5162,,,,,,,,,crf_only,en l' honneur du,PREP,,
souriant,ADJ,A2,beacco,3.4347,7.1387,9.7765,3.4347,3.0833,4.0241,0.0,0.0,7.1387,16.6277,5.8168,0.3906,8.9666,6.0005,0.0,11.0143,A2,word_pos,souriant,A,souriant,ADJ
animer,VERB,A2,beacco,3.4345,16.3958,3.5922,3.4345,15.7606,25.2384,15.5058,0.0,16.3958,18.2617,10.1655,28.6007,23.51,24.0018,0.0,23.5765,A2,word_pos,animer,V,animer,VER
au premier,ADV,A2,crf_first_attested,3.4107,0.4835,0.0,3.4107,0.0,0.0,0.0,0.0,0.4835,,,,,,,,,crf_only,au premier,ADV,,
contrairement à,PREP,A2,crf_first_attested,3.4071,7.0971,0.0,3.4071,3.6886,11.2845,10.2524,0.0,7.0971,,,,,,,,,crf_only,contrairement à,PREP,,
pacser,VERB,A2,crf_first_attested,3.3871,0.171,0.0,3.3871,0.0,0.0,0.0,0.0,0.171,,,,,,,,,crf_only,pacser,V,,
en souvenir de,PREP,A2,crf_first_attested,3.3832,4.2993,0.0,3.3832,0.7214,0.7062,15.5058,0.0,4.2993,,,,,,,,,crf_only,en souvenir de,PREP,,
nu,ADJ,A2,crf_first_attested,3.3562,8.9789,0.0,3.3562,23.8466,6.9515,0.0,0.0,8.9789,,,,,,,,,crf_only,nu,A,,
publique,ADJ,A2,beacco,3.3268,77.6856,,,,,,,,7.7628,3.3268,58.0981,123.421,162.9387,363.8657,77.6856,A2,beacco_only,,,publique,ADJ
lointain,ADJ,A2,beacco,3.3162,16.6325,13.8135,3.3162,20.1821,12.133,19.6975,6.4938,16.6325,16.9143,3.6137,22.813,18.0886,26.3397,12.833,20.7935,A2,word_pos,lointain,A,lointain,ADJ
conserver,VERB,A2,beacco,3.3093,19.2674,11.0859,3.3093,2.3079,76.1213,51.3298,28.8683,19.2674,16.687,6.4545,14.4751,51.1085,107.8881,57.984,31.1602,A2,word_pos,conserver,V,conserver,VER
big,X,A2,crf_first_attested,3.2926,4.6311,0.0,3.2926,1.4195,0.0,17.3764,0.0,4.6311,,,,,,,,,crf_only,big,X,,
en voici,ADV,A2,crf_first_attested,3.2926,3.1589,0.0,3.2926,2.3993,2.6847,0.0,0.0,3.1589,,,,,,,,,crf_only,en voici,ADV,,
en bon état,ADV,A2,crf_first_attested,3.2866,0.476,0.0,3.2866,0.0,0.0,0.0,0.0,0.476,,,,,,,,,crf_only,en bon état,ADV,,
panneau,NOUN,A2,beacco,3.2703,15.8498,13.7876,3.2703,26.2727,0.0,18.6069,0.0,15.8498,15.7709,3.9412,5.9897,0.0,12.0009,0.0,9.1787,A2,word_pos,panneau,N,panneau,NOM
lacs,NOUN,A2,crf_first_attested,3.253,5.3152,0.0,3.253,9.5311,0.0,15.6669,0.0,5.3152,,,,,,,,,crf_only,lacs,N,,
checker,NOUN,A2,crf_first_attested,3.253,0.4523,0.0,3.253,0.0,0.0,0.0,0.0,0.4523,,,,,,,,,crf_only,checker,N,,
opinions,NOUN,A2,crf_first_attested,3.2508,13.8271,0.0,3.2508,2.6577,17.9222,27.7392,125.9778,13.8271,,,,,,,,,crf_only,opinions,N,,
marqué,ADJ,A2,crf_first_attested,3.2429,2.3934,0.0,3.2429,0.0,7.0743,0.0,9.6228,2.3934,,,,,,,,,crf_only,marqué,A,,
façons,NOUN,A2,crf_first_attested,3.2373,11.1276,0.0,3.2373,15.5104,10.597,9.3035,9.6228,11.1276,,,,,,,,,crf_only,façons,N,,
party,NOUN,A2,crf_first_attested,3.2373,5.0512,0.0,3.2373,1.4744,18.1101,3.1012,0.0,5.0512,,,,,,,,,crf_only,party,N,,
illustrer,VERB,A2,beacco,3.2366,18.1753,7.0732,3.2366,8.0949,24.3173,40.3921,43.6102,18.1753,11.4917,1.2017,10.1902,26.5704,51.9203,86.9662,22.8471,A2,word_pos,illustrer,V,illustrer,VER
au nom de,PREP,A2,crf_first_attested,3.2366,12.321,0.0,3.2366,13.1874,21.4103,10.2669,19.4814,12.321,,,,,,,,,crf_only,au nom de,PREP,,
frustré,NOUN,A2,crf_first_attested,3.2366,0.4271,0.0,3.2366,0.0,0.0,0.0,0.0,0.4271,,,,,,,,,crf_only,frustré,N,,
enseignement,NOUN,A2,beacco,3.2313,45.7226,12.5455,3.2313,14.1807,49.8781,93.669,363.3117,45.7226,18.5098,3.839,14.3992,55.1146,97.087,287.5334,48.6902,A2,word_pos,enseignement,N,enseignement,NOM
religion,NOUN,A2,beacco,3.2088,34.7428,12.4405,3.2088,77.3267,0.0,20.5337,38.491,34.7428,16.1826,1.2456,65.4322,0.0,27.9938,38.656,29.5171,A2,word_pos,religion,N,religion,NOM
catholique,NOUN,A2,crf_first_attested,3.2088,5.2523,0.0,3.2088,3.8964,2.4776,0.0,0.0,5.2523,,,,,,,,,crf_only,catholique,N,,
autoriser,VERB,A2,beacco,3.1707,35.3622,6.1084,3.1707,55.1907,6.0554,75.1447,97.486,35.3622,7.7628,6.4234,44.6074,6.8518,120.9289,131.2856,38.7277,A2,word_pos,autoriser,V,autoriser,VER
poète,ADJ,A2,beacco,3.1687,12.5513,22.3551,3.1687,0.2405,40.1533,8.2019,0.0,12.5513,16.7031,9.8304,3.6187,59.7668,0.0,0.0,16.1487,A2,word_pos,poète,A,poète,ADJ
polonais,ADJ,A2,beacco,3.1469,11.1064,25.4953,3.1469,3.9128,24.8331,0.0,0.0,11.1064,22.4576,4.5382,0.6378,29.0746,0.0,0.0,11.5071,A2,word_pos,polonais,A,polonais,ADJ
brave,ADJ,A2,beacco,3.101,11.3127,18.6863,3.101,4.6588,16.4979,0.0,0.0,11.3127,22.7211,2.1359,10.6341,2.6036,6.8846,0.0,13.0145,A2,word_pos,brave,A,brave,ADJ
chant,NOUN,A2,beacco,3.081,31.8191,13.0581,3.081,86.7095,9.4499,3.1012,0.0,31.8191,9.7278,4.1482,80.85,8.2319,6.0005,0.0,30.1665,A2,word_pos,chant,N,chant,NOM
résidence,NOUN,A2,beacco,3.0397,16.7793,6.4609,3.0397,22.2417,3.0277,66.9988,9.6228,16.7793,10.8876,4.5743,23.2938,2.2839,68.9296,19.328,18.1257,A2,word_pos,résidence,N,résidence,NOM
q,NOUN,A2,crf_first_attested,3.0322,0.1531,0.0,3.0322,0.0,0.0,0.0,0.0,0.1531,,,,,,,,,crf_only,q,N,,
indien,ADJ,A2,beacco,3.0206,15.2182,12.1765,3.0206,4.9921,8.4175,47.1826,38.491,15.2182,7.9875,6.0989,11.1108,9.0915,52.5392,19.328,18.2532,A2,word_pos,indien,A,indien,ADJ
envoyez,PREP,A2,crf_first_attested,3.0206,1.3912,0.0,3.0206,0.2405,0.6707,0.0,0.0,1.3912,,,,,,,,,crf_only,envoyez,PREP,,
dans l' attente de,PREP,A2,crf_first_attested,2.971,1.6478,0.0,2.971,2.4517,0.0,0.0,0.0,1.6478,,,,,,,,,crf_only,dans l' attente de,PREP,,
courriel,NOUN,A2,crf_first_attested,2.9637,5.7744,0.0,2.9637,7.398,3.0277,19.6134,0.0,5.7744,,,,,,,,,crf_only,courriel,N,,
par conséquent,ADV,A2,crf_first_attested,2.9356,14.2902,0.0,2.9356,8.2188,16.7167,52.4964,0.0,14.2902,,,,,,,,,crf_only,par conséquent,ADV,,
inoubliable,ADJ,A2,beacco,2.9272,8.1821,13.7614,2.9272,10.2706,0.0,0.0,0.0,8.1821,12.8211,2.3318,12.3178,0.0,0.0,0.0,9.3656,A2,word_pos,inoubliable,A,inoubliable,ADJ
sixième,ADJ,A2,crf_first_attested,2.9245,2.8913,0.0,2.9245,0.0,20.2058,0.0,0.0,2.8913,,,,,,,,,crf_only,sixième,A,,
toi,VERB,A2,crf_first_attested,2.9042,0.4401,0.0,2.9042,0.0,0.0,0.0,0.0,0.4401,,,,,,,,,crf_only,toi,V,,
viking,NOUN,A2,crf_first_attested,2.8783,1.105,0.0,2.8783,0.0,0.0,3.2084,0.0,1.105,,,,,,,,,crf_only,viking,N,,
normand,NOUN,A2,crf_first_attested,2.8783,0.836,0.0,2.8783,0.2295,0.0,0.0,0.0,0.836,,,,,,,,,crf_only,normand,N,,
venue,NOUN,A2,crf_first_attested,2.8204,1.877,0.0,2.8204,0.2405,5.4089,0.0,0.0,1.877,,,,,,,,,crf_only,venue,N,,
réserve,NOUN,A2,beacco,2.8132,25.3469,6.9134,2.8132,46.1999,6.0554,45.6318,6.4938,25.3469,7.7903,4.1006,37.6926,4.5679,62.7057,12.833,27.6425,A2,word_pos,réserve,N,réserve,NOM
nov,NOUN,A2,crf_first_attested,2.803,0.3799,0.0,2.803,0.0,0.0,0.0,0.0,0.3799,,,,,,,,,crf_only,nov,N,,
cédric,NOUN,A2,crf_first_attested,2.7362,0.1381,0.0,2.7362,0.0,0.0,0.0,0.0,0.1381,,,,,,,,,crf_only,cédric,N,,
tout d' un coup,ADV,A2,crf_first_attested,2.5842,10.3299,0.0,2.5842,0.4732,48.7391,29.7295,0.0,10.3299,,,,,,,,,crf_only,tout d' un coup,ADV,,
gai,NOUN,A2,crf_first_attested,2.5842,1.705,0.0,2.5842,2.4219,0.0,0.0,0.0,1.705,,,,,,,,,crf_only,gai,N,,
mi - corps,NOUN,A2,crf_first_attested,2.5842,0.1304,0.0,2.5842,0.0,0.0,0.0,0.0,0.1304,,,,,,,,,crf_only,mi - corps,N,,
même que,CONJ,A2,crf_first_attested,2.5842,0.1304,0.0,2.5842,0.0,0.0,0.0,0.0,0.1304,,,,,,,,,crf_only,même que,CONJS,,
à la sortie de,PREP,A2,crf_first_attested,2.5831,1.1702,0.0,2.5831,0.2295,0.0,1.6042,0.0,1.1702,,,,,,,,,crf_only,à la sortie de,PREP,,
camion,NOUN,A2,beacco,2.5246,7.1118,10.3285,2.5246,8.9171,0.0,6.2023,0.0,7.1118,14.0536,5.3697,7.5797,0.0,12.0009,0.0,9.5022,A2,word_pos,camion,N,camion,NOM
institution,NOUN,A2,beacco,2.5237,35.4364,5.4124,2.5237,38.5171,19.7837,76.56,143.6214,35.4364,7.9875,4.8826,29.6461,23.856,88.5596,112.15,35.9796,A2,word_pos,institution,N,institution,NOM
recouvrir,VERB,A2,beacco,2.5121,16.3794,26.527,2.5121,22.8184,1.5139,15.1776,12.9876,16.3794,10.7976,0.186,16.1916,2.2839,0.0,0.0,9.1642,A2,word_pos,recouvrir,V,recouvrir,VER
héler,VERB,A2,beacco,2.4445,13.3703,,,,,,,,12.0324,2.4445,14.7845,1.3018,3.4423,19.328,13.3703,A2,beacco_only,,,héler,VER
brûlé,ADJ,A2,crf_first_attested,2.435,2.1311,0.0,2.435,0.2076,3.5796,0.0,0.0,2.1311,,,,,,,,,crf_only,brûlé,A,,
du côté du,PREP,A2,crf_first_attested,2.4069,12.8128,0.0,2.4069,10.898,52.6231,6.4168,0.0,12.8128,,,,,,,,,crf_only,du côté du,PREP,,
coller,VERB,A2,beacco,2.4006,25.6447,11.1785,2.4006,37.1218,50.9344,26.2593,0.0,25.6447,11.3678,4.7328,50.835,63.0743,52.5392,0.0,37.7744,A2,word_pos,coller,V,coller,VER
grillé,ADJ,A2,beacco,2.3739,5.6593,16.8575,2.3739,0.7214,1.4125,0.0,0.0,5.6593,21.4226,0.2129,0.4665,2.5411,0.0,0.0,6.2188,A2,word_pos,grillé,A,grillé,ADJ
toc,ADV,A2,crf_first_attested,2.3587,0.1191,0.0,2.3587,0.0,0.0,0.0,0.0,0.1191,,,,,,,,,crf_only,toc,ADV,,
en moins,ADV,A2,crf_first_attested,2.3535,9.5752,0.0,2.3535,2.3106,26.1591,24.8092,0.0,9.5752,,,,,,,,,crf_only,en moins,ADV,,
orang - outan,NOUN,A2,crf_first_attested,2.3505,5.9737,0.0,2.3505,0.0,11.0995,0.0,0.0,5.9737,,,,,,,,,crf_only,orang - outan,N,,
pour le moment,ADV,A2,crf_first_attested,2.3196,2.7894,0.0,2.3196,1.5342,0.8949,20.5337,0.0,2.7894,,,,,,,,,crf_only,pour le moment,ADV,,
pour tout dire,ADV,A2,crf_first_attested,2.3196,0.9577,0.0,2.3196,0.0,1.7898,0.0,0.0,0.9577,,,,,,,,,crf_only,pour tout dire,ADV,,
citoyen,ADJ,A2,crf_first_attested,2.31,12.3872,0.0,2.31,44.0671,0.0,3.2084,0.0,12.3872,,,,,,,,,crf_only,citoyen,A,,
poésie,NOUN,A2,beacco,2.31,12.3778,13.2354,2.31,21.4819,0.0,15.5058,0.0,12.3778,10.9327,4.633,31.9783,0.0,12.0009,0.0,14.8266,A2,word_pos,poésie,N,poésie,NOM
téléviser,VERB,A2,beacco,2.2992,0.9232,1.3242,2.2992,0.0,0.0,0.0,0.0,0.9232,7.7628,8.4665,12.2835,16.8028,6.0005,19.328,16.4589,A2,word_pos,téléviser,V,téléviser,VER
attention,VERB,A2,crf_first_attested,2.2992,0.3222,0.0,2.2992,0.0,0.0,0.0,0.0,0.3222,,,,,,,,,crf_only,attention,V,,
production,NOUN,A2,beacco,2.2948,53.3614,5.7198,2.2948,25.304,10.2418,259.2915,586.8833,53.3614,7.6879,4.5709,32.7163,18.183,347.6266,450.8995,60.9139,A2,word_pos,production,N,production,NOM
tu te souviens,ADV,A2,crf_first_attested,2.2948,0.3178,0.0,2.2948,0.0,0.0,0.0,0.0,0.3178,,,,,,,,,crf_only,tu te souviens,ADV,,
jazz,NOUN,A2,beacco,2.2869,2.7498,5.6762,2.2869,0.0,0.0,9.3035,0.0,2.7498,11.482,4.5743,0.0,0.0,6.0005,0.0,3.706,A2,word_pos,jazz,N,jazz,NOM
tu l' as,ADV,A2,crf_first_attested,2.2721,0.3282,0.0,2.2721,0.0,0.0,0.0,0.0,0.3282,,,,,,,,,crf_only,tu l' as,ADV,,
échecs,NOUN,A2,crf_first_attested,2.2462,10.6504,0.0,2.2462,26.2902,1.0571,2.0505,0.0,10.6504,,,,,,,,,crf_only,échecs,N,,
lors,PREP,A2,crf_first_attested,2.2462,6.087,0.0,2.2462,3.7292,13.8842,0.0,9.6228,6.087,,,,,,,,,crf_only,lors,PREP,,
en descente de,PREP,A2,crf_first_attested,2.2462,0.1134,0.0,2.2462,0.0,0.0,0.0,0.0,0.1134,,,,,,,,,crf_only,en descente de,PREP,,
fabien,NOUN,A2,crf_first_attested,2.2462,0.1134,0.0,2.2462,0.0,0.0,0.0,0.0,0.1134,,,,,,,,,crf_only,fabien,N,,
médiéval,ADJ,A2,beacco,2.2316,8.2604,7.8193,2.2316,0.4732,4.5416,39.395,0.0,8.2604,11.6963,4.7285,0.438,2.2839,20.024,0.0,6.8036,A2,word_pos,médiéval,A,médiéval,ADJ
vestige,NOUN,A2,beacco,2.2316,3.8671,7.7726,2.2316,0.8162,0.0,3.1012,0.0,3.8671,10.4702,4.7285,0.4317,0.0,6.0005,0.0,4.9632,A2,word_pos,vestige,N,vestige,NOM
retrouvailles,NOUN,A2,crf_first_attested,2.2316,0.3143,0.0,2.2316,0.0,0.0,0.0,0.0,0.3143,,,,,,,,,crf_only,retrouvailles,N,,
à la suite de,PREP,A2,crf_first_attested,2.231,12.6271,0.0,2.231,26.8529,9.529,6.2023,9.6228,12.6271,,,,,,,,,crf_only,à la suite de,PREP,,
veuf,NOUN,A2,crf_first_attested,2.229,0.3095,0.0,2.229,0.0,0.0,0.0,0.0,0.3095,,,,,,,,,crf_only,veuf,N,,
en principe,ADV,A2,crf_first_attested,2.2283,2.7862,0.0,2.2283,0.8749,0.0,6.2023,9.6228,2.7862,,,,,,,,,crf_only,en principe,ADV,,
huguette,NOUN,A2,crf_first_attested,2.2283,0.3094,0.0,2.2283,0.0,0.0,0.0,0.0,0.3094,,,,,,,,,crf_only,huguette,N,,
alentours,NOUN,A2,crf_first_attested,2.2253,2.6108,0.0,2.2253,0.1637,11.2954,0.0,0.0,2.6108,,,,,,,,,crf_only,alentours,N,,
voire,CONJ,A2,crf_first_attested,2.2205,21.8557,0.0,2.2205,6.0064,29.8387,113.4689,87.2204,21.8557,,,,,,,,,crf_only,voire,CONJC,,
carolin,ADJ,A2,crf_first_attested,2.2205,0.3192,0.0,2.2205,0.0,0.0,0.0,0.0,0.3192,,,,,,,,,crf_only,carolin,A,,
dit,NOUN,A2,crf_first_attested,2.2155,11.163,0.0,2.2155,27.6545,3.0277,12.4046,0.0,11.163,,,,,,,,,crf_only,dit,N,,
monnaie,NOUN,A2,beacco,2.2118,14.0695,15.5629,2.2118,18.7283,1.4125,19.4525,0.0,14.0695,16.8409,4.873,25.7729,0.0,31.5653,0.0,16.9578,A2,word_pos,monnaie,N,monnaie,NOM
royal,ADJ,A2,beacco,2.1337,18.0417,13.0891,2.1337,21.0669,9.0762,6.2023,62.0917,18.0417,14.7327,3.6137,30.7382,7.1509,31.3528,44.6051,23.5407,A2,word_pos,royal,A,royal,ADJ
en rouge,ADV,A2,crf_first_attested,2.1139,0.6904,0.0,2.1139,0.0,0.6707,0.0,0.0,0.6904,,,,,,,,,crf_only,en rouge,ADV,,
cent cinquante,DET,A2,crf_first_attested,2.0901,0.2827,0.0,2.0901,0.0,0.0,0.0,0.0,0.2827,,,,,,,,,crf_only,cent cinquante,DET,,
lui,DET,A2,crf_first_attested,2.0841,2.1176,0.0,2.0841,0.2295,0.0,6.4168,0.0,2.1176,,,,,,,,,crf_only,lui,DET,,
traditionnellement,ADV,A2,beacco,2.0673,12.0488,9.6143,2.0673,4.8619,0.0,45.67,25.9752,12.0488,10.4459,1.0679,3.5957,0.0,31.3528,25.6659,9.913,A2,word_pos,traditionnellement,ADV,traditionnellement,ADV
en tant qu',PREP,A2,crf_first_attested,2.0673,5.8093,0.0,2.0673,4.022,0.7062,14.3534,0.0,5.8093,,,,,,,,,crf_only,en tant qu',PREP,,
tour à tour,ADV,A2,crf_first_attested,2.0673,5.3153,0.0,2.0673,0.3401,37.4663,0.0,0.0,5.3153,,,,,,,,,crf_only,tour à tour,ADV,,
défend,NOUN,A2,crf_first_attested,2.0673,0.8178,0.0,2.0673,0.1155,0.0,0.0,0.0,0.8178,,,,,,,,,crf_only,défend,N,,
devant de,PREP,A2,crf_first_attested,2.0673,0.7022,0.0,2.0673,0.2295,0.0,0.0,0.0,0.7022,,,,,,,,,crf_only,devant de,PREP,,
es,DET,A2,crf_first_attested,2.0673,0.1044,0.0,2.0673,0.0,0.0,0.0,0.0,0.1044,,,,,,,,,crf_only,es,DET,,
mal entendu,ADV,A2,crf_first_attested,2.0673,0.1044,0.0,2.0673,0.0,0.0,0.0,0.0,0.1044,,,,,,,,,crf_only,mal entendu,ADV,,
par moments,ADV,A2,crf_first_attested,2.0673,0.1044,0.0,2.0673,0.0,0.0,0.0,0.0,0.1044,,,,,,,,,crf_only,par moments,ADV,,
à moitié chemin,ADV,A2,crf_first_attested,2.0673,0.1044,0.0,2.0673,0.0,0.0,0.0,0.0,0.1044,,,,,,,,,crf_only,à moitié chemin,ADV,,
connait,VERB,A2,crf_first_attested,2.0176,0.6582,0.0,2.0176,0.2076,0.0,0.0,0.0,0.6582,,,,,,,,,crf_only,connait,V,,
argos,X,A2,crf_first_attested,2.0176,0.3051,0.0,2.0176,0.0,0.0,0.0,0.0,0.3051,,,,,,,,,crf_only,argos,X,,
ii,X,A2,crf_first_attested,2.0176,0.3051,0.0,2.0176,0.0,0.0,0.0,0.0,0.3051,,,,,,,,,crf_only,ii,X,,
ridé,ADJ,A2,crf_first_attested,2.0176,0.3051,0.0,2.0176,0.0,0.0,0.0,0.0,0.3051,,,,,,,,,crf_only,ridé,A,,
télécom,NOUN,A2,crf_first_attested,1.9936,1.4817,0.0,1.9936,0.0818,0.0,4.101,0.0,1.4817,,,,,,,,,crf_only,télécom,N,,
mieux,ADJ,A2,crf_first_attested,1.9514,0.8597,0.0,1.9514,0.5833,0.0,0.0,0.0,0.8597,,,,,,,,,crf_only,mieux,A,,
village et j' échange avec tout le monde,NOUN,A2,crf_first_attested,1.9514,0.0985,0.0,1.9514,0.0,0.0,0.0,0.0,0.0985,,,,,,,,,crf_only,village et j' échange avec tout le monde,N,,
voisons,NOUN,A2,crf_first_attested,1.9514,0.0985,0.0,1.9514,0.0,0.0,0.0,0.0,0.0985,,,,,,,,,crf_only,voisons,N,,
pendant tout ce temps,ADV,A2,crf_first_attested,1.9307,1.1299,0.0,1.9307,0.0,1.5856,0.0,0.0,1.1299,,,,,,,,,crf_only,pendant tout ce temps,ADV,,
tu en veux,ADV,A2,crf_first_attested,1.9269,0.284,0.0,1.9269,0.0,0.0,0.0,0.0,0.284,,,,,,,,,crf_only,tu en veux,ADV,,
amateur,ADJ,A2,crf_first_attested,1.9253,6.0574,0.0,1.9253,10.2333,6.7049,0.0,0.0,6.0574,,,,,,,,,crf_only,amateur,A,,
no,X,A2,crf_first_attested,1.9253,0.0972,0.0,1.9253,0.0,0.0,0.0,0.0,0.0972,,,,,,,,,crf_only,no,X,,
smoking,X,A2,crf_first_attested,1.9253,0.0972,0.0,1.9253,0.0,0.0,0.0,0.0,0.0972,,,,,,,,,crf_only,smoking,X,,
autour,PREP,A2,crf_first_attested,1.924,2.0834,0.0,1.924,2.9775,0.5755,0.0,0.0,2.0834,,,,,,,,,crf_only,autour,PREP,,
porc,NOUN,A2,beacco,1.9114,5.3742,8.3978,1.9114,0.6802,0.7062,12.4046,0.0,5.3742,7.9061,3.7926,0.5857,1.2705,12.0009,0.0,6.8455,A2,word_pos,porc,N,porc,NOM
deux cent mille,DET,A2,crf_first_attested,1.9052,0.9898,0.0,1.9052,0.7097,0.0,0.0,0.0,0.9898,,,,,,,,,crf_only,deux cent mille,DET,,
relooking,NOUN,A2,crf_first_attested,1.9052,0.4505,0.0,1.9052,0.0,0.0,1.6042,0.0,0.4505,,,,,,,,,crf_only,relooking,N,,
tu ramènes,PREP,A2,crf_first_attested,1.9025,0.096,0.0,1.9025,0.0,0.0,0.0,0.0,0.096,,,,,,,,,crf_only,tu ramènes,PREP,,
deux cent,DET,A2,crf_first_attested,1.8994,8.1238,0.0,1.8994,15.9208,7.3776,0.0,0.0,8.1238,,,,,,,,,crf_only,deux cent,DET,,
écrit,ADJ,A2,crf_first_attested,1.8738,5.6466,0.0,1.8738,9.5919,0.0,4.8126,9.6228,5.6466,,,,,,,,,crf_only,écrit,A,,
autoroute,NOUN,A2,beacco,1.8667,11.2311,14.0024,1.8667,22.167,0.0,3.1012,0.0,11.2311,12.5986,3.8553,17.4565,0.0,6.0005,0.0,11.2818,A2,word_pos,autoroute,N,autoroute,NOM
fi si,CONJ,A2,crf_first_attested,1.8512,0.0934,0.0,1.8512,0.0,0.0,0.0,0.0,0.0934,,,,,,,,,crf_only,fi si,CONJS,,
mais voilà,ADV,A2,crf_first_attested,1.8512,0.0934,0.0,1.8512,0.0,0.0,0.0,0.0,0.0934,,,,,,,,,crf_only,mais voilà,ADV,,
porter plaindre,VERB,A2,crf_first_attested,1.8512,0.0934,0.0,1.8512,0.0,0.0,0.0,0.0,0.0934,,,,,,,,,crf_only,porter plaindre,V,,
services après - vente,NOUN,A2,crf_first_attested,1.8512,0.0934,0.0,1.8512,0.0,0.0,0.0,0.0,0.0934,,,,,,,,,crf_only,services après - vente,N,,
en partie,ADV,A2,crf_first_attested,1.8057,14.0334,0.0,1.8057,10.8273,26.6602,3.2084,33.8071,14.0334,,,,,,,,,crf_only,en partie,ADV,,
divorcé,ADJ,A2,crf_first_attested,1.7688,0.7586,0.0,1.7688,0.4732,0.0,0.0,0.0,0.7586,,,,,,,,,crf_only,divorcé,A,,
armelle,NOUN,A2,crf_first_attested,1.7688,0.0893,0.0,1.7688,0.0,0.0,0.0,0.0,0.0893,,,,,,,,,crf_only,armelle,N,,
tu sais,CONJ,A2,crf_first_attested,1.7559,0.2403,0.0,1.7559,0.0,0.0,0.0,0.0,0.2403,,,,,,,,,crf_only,tu sais,CONJS,,
maternel,ADJ,A2,beacco,1.7526,12.1252,6.0789,1.7526,0.2093,30.5721,3.2084,57.7365,12.1252,11.9993,8.4186,2.4519,19.035,3.4423,57.984,15.0401,A2,word_pos,maternel,A,maternel,ADJ
commentaire,NOUN,A2,beacco,1.7455,13.3,23.5086,1.7455,2.3998,33.0836,0.0,0.0,13.3,24.0126,0.4157,3.2472,9.1358,0.0,0.0,11.0291,A2,word_pos,commentaire,N,commentaire,NOM
déjà partie,ADV,A2,crf_first_attested,1.7346,0.0876,0.0,1.7346,0.0,0.0,0.0,0.0,0.0876,,,,,,,,,crf_only,déjà partie,ADV,,
tu te tiendras,ADV,A2,crf_first_attested,1.7346,0.0876,0.0,1.7346,0.0,0.0,0.0,0.0,0.0876,,,,,,,,,crf_only,tu te tiendras,ADV,,
animats,NOUN,A2,crf_first_attested,1.6911,0.0854,0.0,1.6911,0.0,0.0,0.0,0.0,0.0854,,,,,,,,,crf_only,animats,N,,
peuple,ADJ,A2,crf_first_attested,1.6878,0.2145,0.0,1.6878,0.0,0.0,0.0,0.0,0.2145,,,,,,,,,crf_only,peuple,A,,
renseigner,VERB,A2,beacco,1.6171,9.7643,14.1058,1.6171,20.2531,0.0,0.0,0.0,9.7643,24.4483,0.4664,19.81,0.0,0.0,0.0,11.0033,A2,word_pos,renseigner,V,renseigner,VER
adapté,ADJ,A2,crf_first_attested,1.6171,5.9976,0.0,1.6171,0.0,1.1509,8.2019,112.7361,5.9976,,,,,,,,,crf_only,adapté,A,,
présidaitent,NOUN,A2,crf_first_attested,1.6171,2.7368,0.0,1.6171,0.3618,0.0,0.0,58.4441,2.7368,,,,,,,,,crf_only,présidaitent,N,,
en relation avec,PREP,A2,crf_first_attested,1.6171,0.2321,0.0,1.6171,0.0,0.0,0.0,0.0,0.2321,,,,,,,,,crf_only,en relation avec,PREP,,
surveillez,PREP,A2,crf_first_attested,1.6171,0.2321,0.0,1.6171,0.0,0.0,0.0,0.0,0.2321,,,,,,,,,crf_only,surveillez,PREP,,
activiste,NOUN,A2,crf_first_attested,1.6044,0.081,0.0,1.6044,0.0,0.0,0.0,0.0,0.081,,,,,,,,,crf_only,activiste,N,,
en exemple,ADV,A2,crf_first_attested,1.6044,0.081,0.0,1.6044,0.0,0.0,0.0,0.0,0.081,,,,,,,,,crf_only,en exemple,ADV,,
moralisateur,NOUN,A2,crf_first_attested,1.6044,0.081,0.0,1.6044,0.0,0.0,0.0,0.0,0.081,,,,,,,,,crf_only,moralisateur,N,,
provocateur,NOUN,A2,crf_first_attested,1.6044,0.081,0.0,1.6044,0.0,0.0,0.0,0.0,0.081,,,,,,,,,crf_only,provocateur,N,,
rigoriste,NOUN,A2,crf_first_attested,1.6044,0.081,0.0,1.6044,0.0,0.0,0.0,0.0,0.081,,,,,,,,,crf_only,rigoriste,N,,
échappe,NOUN,A2,crf_first_attested,1.6044,0.081,0.0,1.6044,0.0,0.0,0.0,0.0,0.081,,,,,,,,,crf_only,échappe,N,,
innocent,ADJ,A2,beacco,1.567,10.6498,8.297,1.567,2.0405,26.7266,0.0,0.0,10.6498,16.4841,0.0,0.5857,26.0867,0.0,0.0,7.5215,A2,word_pos,innocent,A,innocent,ADJ
plume,NOUN,A2,beacco,1.5505,15.4336,28.6078,1.5505,20.2248,9.0831,31.0115,0.0,15.4336,20.9702,2.1359,31.5103,2.2839,30.0023,0.0,16.8937,A2,word_pos,plume,N,plume,NOM
soulier,NOUN,A2,beacco,1.5505,8.6538,5.9069,1.5505,1.6182,38.378,1.6042,0.0,8.6538,7.8018,3.2038,3.1591,31.1362,3.4423,0.0,12.0352,A2,word_pos,soulier,N,soulier,NOM
au moment de,PREP,A2,crf_first_attested,1.5505,4.3772,0.0,1.5505,14.5354,0.0,0.0,0.0,4.3772,,,,,,,,,crf_only,au moment de,PREP,,
au plus,ADV,A2,crf_first_attested,1.5505,2.5166,0.0,1.5505,0.8304,0.6707,0.0,9.6228,2.5166,,,,,,,,,crf_only,au plus,ADV,,
enverrer,VERB,A2,crf_first_attested,1.5505,1.1515,0.0,1.5505,0.1507,1.5139,0.0,0.0,1.1515,,,,,,,,,crf_only,enverrer,V,,
au lit,ADV,A2,crf_first_attested,1.5505,0.0783,0.0,1.5505,0.0,0.0,0.0,0.0,0.0783,,,,,,,,,crf_only,au lit,ADV,,
brû1ante,ADJ,A2,crf_first_attested,1.5505,0.0783,0.0,1.5505,0.0,0.0,0.0,0.0,0.0783,,,,,,,,,crf_only,brû1ante,A,,
demi - minute,NOUN,A2,crf_first_attested,1.5505,0.0783,0.0,1.5505,0.0,0.0,0.0,0.0,0.0783,,,,,,,,,crf_only,demi - minute,N,,
digne,NOUN,A2,crf_first_attested,1.5505,0.0783,0.0,1.5505,0.0,0.0,0.0,0.0,0.0783,,,,,,,,,crf_only,digne,N,,
donc peu,ADV,A2,crf_first_attested,1.5505,0.0783,0.0,1.5505,0.0,0.0,0.0,0.0,0.0783,,,,,,,,,crf_only,donc peu,ADV,,
fauchelevent,ADJ,A2,crf_first_attested,1.5505,0.0783,0.0,1.5505,0.0,0.0,0.0,0.0,0.0783,,,,,,,,,crf_only,fauchelevent,A,,
même silence,ADV,A2,crf_first_attested,1.5505,0.0783,0.0,1.5505,0.0,0.0,0.0,0.0,0.0783,,,,,,,,,crf_only,même silence,ADV,,
négative,NOUN,A2,crf_first_attested,1.5505,0.0783,0.0,1.5505,0.0,0.0,0.0,0.0,0.0783,,,,,,,,,crf_only,négative,N,,
par - dessous,ADV,A2,crf_first_attested,1.5505,0.0783,0.0,1.5505,0.0,0.0,0.0,0.0,0.0783,,,,,,,,,crf_only,par - dessous,ADV,,
vers le même temps,ADV,A2,crf_first_attested,1.5505,0.0783,0.0,1.5505,0.0,0.0,0.0,0.0,0.0783,,,,,,,,,crf_only,vers le même temps,ADV,,
téléchargement,NOUN,A2,crf_first_attested,1.4819,1.2416,0.0,1.4819,1.3603,0.0,0.0,0.0,1.2416,,,,,,,,,crf_only,téléchargement,N,,
envoyez -nous,PREP,A2,crf_first_attested,1.4819,0.0748,0.0,1.4819,0.0,0.0,0.0,0.0,0.0748,,,,,,,,,crf_only,envoyez -nous,PREP,,
solo,ADJ,A2,crf_first_attested,1.4809,1.8391,0.0,1.4809,0.7236,1.4125,0.0,0.0,1.8391,,,,,,,,,crf_only,solo,A,,
ordures,NOUN,A2,crf_first_attested,1.4809,0.4203,0.0,1.4809,0.0,0.0,3.1012,0.0,0.4203,,,,,,,,,crf_only,ordures,N,,
moto - crotte,NOUN,A2,crf_first_attested,1.4809,0.0748,0.0,1.4809,0.0,0.0,0.0,0.0,0.0748,,,,,,,,,crf_only,moto - crotte,N,,
autant que,CONJ,A2,crf_first_attested,1.4797,10.6143,0.0,1.4797,17.345,0.0,21.7081,19.2455,10.6143,,,,,,,,,crf_only,autant que,CONJS,,
lâche,NOUN,A2,crf_first_attested,1.4247,2.2053,0.0,1.4247,4.3699,0.0,0.0,0.0,2.2053,,,,,,,,,crf_only,lâche,N,,
sucré,ADJ,A2,crf_first_attested,1.3877,0.8001,0.0,1.3877,0.6802,0.0,0.0,0.0,0.8001,,,,,,,,,crf_only,sucré,A,,
angle,NOUN,A2,beacco,1.2993,5.8827,8.2815,1.2993,3.8929,1.5139,0.0,9.6228,5.8827,8.2421,0.5213,6.4144,2.2839,0.0,0.0,5.8578,A2,word_pos,angle,N,angle,NOM
en plus tu n',PREP,A2,crf_first_attested,1.2993,0.0656,0.0,1.2993,0.0,0.0,0.0,0.0,0.0656,,,,,,,,,crf_only,en plus tu n',PREP,,
hum,NOUN,A2,crf_first_attested,1.2993,0.0656,0.0,1.2993,0.0,0.0,0.0,0.0,0.0656,,,,,,,,,crf_only,hum,N,,
contemporain,ADJ,A2,beacco,1.2835,21.2663,7.8986,1.2835,25.9187,6.3945,8.2019,115.0793,21.2663,7.804,1.2456,14.7698,11.6267,4.139,113.6757,17.7778,A2,word_pos,contemporain,A,contemporain,ADJ
bourgeois,ADJ,A2,beacco,1.2835,10.5169,1.2205,1.2835,10.5998,8.2396,6.4168,19.2455,10.5169,7.7059,1.2456,3.7679,8.2033,3.4423,19.328,9.2667,A2,word_pos,bourgeois,A,bourgeois,ADJ
minimum,ADJ,A2,crf_first_attested,1.2835,5.5256,0.0,1.2835,13.4884,3.0277,0.0,0.0,5.5256,,,,,,,,,crf_only,minimum,A,,
anglo - américain,ADJ,A2,crf_first_attested,1.2835,0.0648,0.0,1.2835,0.0,0.0,0.0,0.0,0.0648,,,,,,,,,crf_only,anglo - américain,A,,
désordonné,ADJ,A2,crf_first_attested,1.2835,0.0648,0.0,1.2835,0.0,0.0,0.0,0.0,0.0648,,,,,,,,,crf_only,désordonné,A,,
spectable,NOUN,A2,crf_first_attested,1.2835,0.0648,0.0,1.2835,0.0,0.0,0.0,0.0,0.0648,,,,,,,,,crf_only,spectable,N,,
fins,NOUN,A2,crf_first_attested,1.2702,11.3041,0.0,1.2702,10.5301,7.1381,21.8856,12.9876,11.3041,,,,,,,,,crf_only,fins,N,,
en premier lieu,ADV,A2,crf_first_attested,1.2702,2.5591,0.0,1.2702,1.8673,1.5139,6.1515,0.0,2.5591,,,,,,,,,crf_only,en premier lieu,ADV,,
hlm,NOUN,A2,crf_first_attested,1.2702,2.4318,0.0,1.2702,0.4092,0.0,6.2023,0.0,2.4318,,,,,,,,,crf_only,hlm,N,,
attaches,NOUN,A2,crf_first_attested,1.2702,1.1732,0.0,1.2702,0.0,6.0554,0.0,0.0,1.1732,,,,,,,,,crf_only,attaches,N,,
télécharger,VERB,A2,crf_first_attested,1.2702,0.3839,0.0,1.2702,0.0,0.0,2.0505,0.0,0.3839,,,,,,,,,crf_only,télécharger,V,,
cédant,NOUN,A2,crf_first_attested,1.2702,0.0641,0.0,1.2702,0.0,0.0,0.0,0.0,0.0641,,,,,,,,,crf_only,cédant,N,,
dans l' immédiat,ADV,A2,crf_first_attested,1.2702,0.0641,0.0,1.2702,0.0,0.0,0.0,0.0,0.0641,,,,,,,,,crf_only,dans l' immédiat,ADV,,
en dur,ADV,A2,crf_first_attested,1.2702,0.0641,0.0,1.2702,0.0,0.0,0.0,0.0,0.0641,,,,,,,,,crf_only,en dur,ADV,,
zéro,ADJ,A2,crf_first_attested,1.2702,0.0641,0.0,1.2702,0.0,0.0,0.0,0.0,0.0641,,,,,,,,,crf_only,zéro,A,,
alizé,ADJ,A2,crf_first_attested,1.2683,0.064,0.0,1.2683,0.0,0.0,0.0,0.0,0.064,,,,,,,,,crf_only,alizé,A,,
croque - monsieur,NOUN,A2,crf_first_attested,1.2683,0.064,0.0,1.2683,0.0,0.0,0.0,0.0,0.064,,,,,,,,,crf_only,croque - monsieur,N,,
à l' issue,PREP,A2,crf_first_attested,1.2634,1.1916,0.0,1.2634,0.0,0.0,0.0,19.4814,1.1916,,,,,,,,,crf_only,à l' issue,PREP,,
beaux-arts,NOUN,A2,beacco,1.2456,3.3881,,,,,,,,11.0817,1.2456,0.438,0.0,0.0,0.0,3.3881,A2,beacco_only,,,beaux-arts,NOM
margot,NOUN,A2,beacco,1.2456,2.5915,,,,,,,,19.381,1.2456,0.0,0.0,0.0,0.0,2.5915,A2,beacco_only,,,margot,NOM
cornouailles,NOUN,A2,crf_first_attested,1.2212,0.0616,0.0,1.2212,0.0,0.0,0.0,0.0,0.0616,,,,,,,,,crf_only,cornouailles,N,,
en toi,ADV,A2,crf_first_attested,1.2212,0.0616,0.0,1.2212,0.0,0.0,0.0,0.0,0.0616,,,,,,,,,crf_only,en toi,ADV,,
botter,VERB,A2,crf_first_attested,1.1794,0.0595,0.0,1.1794,0.0,0.0,0.0,0.0,0.0595,,,,,,,,,crf_only,botter,V,,
en pleurant,ADV,A2,crf_first_attested,1.1794,0.0595,0.0,1.1794,0.0,0.0,0.0,0.0,0.0595,,,,,,,,,crf_only,en pleurant,ADV,,
si bien que,CONJ,A2,crf_first_attested,1.1107,6.7106,0.0,1.1107,19.2632,3.0277,0.0,0.0,6.7106,,,,,,,,,crf_only,si bien que,CONJS,,
plusieurs,ADJ,A2,crf_first_attested,1.1107,3.3747,0.0,1.1107,0.4152,3.0277,6.4168,0.0,3.3747,,,,,,,,,crf_only,plusieurs,A,,
à moins que,CONJ,A2,crf_first_attested,1.1107,1.8991,0.0,1.1107,0.3401,0.8259,6.2023,0.0,1.8991,,,,,,,,,crf_only,à moins que,CONJS,,
améliorations,NOUN,A2,crf_first_attested,1.1107,1.39,0.0,1.1107,0.0,0.0,3.2084,6.4938,1.39,,,,,,,,,crf_only,améliorations,N,,
médecin - chef,NOUN,A2,crf_first_attested,1.1107,1.1785,0.0,1.1107,0.0,0.0,12.4046,0.0,1.1785,,,,,,,,,crf_only,médecin - chef,N,,
rien du tout,PRON,A2,crf_first_attested,1.1107,0.8193,0.0,1.1107,0.0,1.3414,0.0,0.0,0.8193,,,,,,,,,crf_only,rien du tout,PRO,,
au four,ADV,A2,crf_first_attested,1.1107,0.451,0.0,1.1107,0.2366,0.0,0.0,0.0,0.451,,,,,,,,,crf_only,au four,ADV,,
ah bonjour,ADV,A2,crf_first_attested,1.1107,0.0561,0.0,1.1107,0.0,0.0,0.0,0.0,0.0561,,,,,,,,,crf_only,ah bonjour,ADV,,
ah merci,ADV,A2,crf_first_attested,1.1107,0.0561,0.0,1.1107,0.0,0.0,0.0,0.0,0.0561,,,,,,,,,crf_only,ah merci,ADV,,
caractérisé,ADJ,A2,crf_first_attested,1.1107,0.0561,0.0,1.1107,0.0,0.0,0.0,0.0,0.0561,,,,,,,,,crf_only,caractérisé,A,,
la veille de,PREP,A2,crf_first_attested,1.1107,0.0561,0.0,1.1107,0.0,0.0,0.0,0.0,0.0561,,,,,,,,,crf_only,la veille de,PREP,,
laver,NOUN,A2,crf_first_attested,1.1107,0.0561,0.0,1.1107,0.0,0.0,0.0,0.0,0.0561,,,,,,,,,crf_only,laver,N,,
linger,VERB,A2,crf_first_attested,1.1107,0.0561,0.0,1.1107,0.0,0.0,0.0,0.0,0.0561,,,,,,,,,crf_only,linger,V,,
récalcitrant,VERB,A2,crf_first_attested,1.1107,0.0561,0.0,1.1107,0.0,0.0,0.0,0.0,0.0561,,,,,,,,,crf_only,récalcitrant,V,,
stylo à bille,NOUN,A2,crf_first_attested,1.1107,0.0561,0.0,1.1107,0.0,0.0,0.0,0.0,0.0561,,,,,,,,,crf_only,stylo à bille,N,,
tarte,DET,A2,crf_first_attested,1.1107,0.0561,0.0,1.1107,0.0,0.0,0.0,0.0,0.0561,,,,,,,,,crf_only,tarte,DET,,
tatin,NOUN,A2,crf_first_attested,1.1107,0.0561,0.0,1.1107,0.0,0.0,0.0,0.0,0.0561,,,,,,,,,crf_only,tatin,N,,
toi,ADV,A2,crf_first_attested,1.1107,0.0561,0.0,1.1107,0.0,0.0,0.0,0.0,0.0561,,,,,,,,,crf_only,toi,ADV,,
tu te promenais,ADV,A2,crf_first_attested,1.1107,0.0561,0.0,1.1107,0.0,0.0,0.0,0.0,0.0561,,,,,,,,,crf_only,tu te promenais,ADV,,
boudeymf,NOUN,A2,crf_first_attested,1.0585,0.0534,0.0,1.0585,0.0,0.0,0.0,0.0,0.0534,,,,,,,,,crf_only,boudeymf,N,,
gilles,NOUN,A2,crf_first_attested,1.0585,0.0534,0.0,1.0585,0.0,0.0,0.0,0.0,0.0534,,,,,,,,,crf_only,gilles,N,,
jour tu revois,NOUN,A2,crf_first_attested,1.0585,0.0534,0.0,1.0585,0.0,0.0,0.0,0.0,0.0534,,,,,,,,,crf_only,jour tu revois,N,,
eh ben,CONJ,A2,crf_first_attested,1.057,0.0534,0.0,1.057,0.0,0.0,0.0,0.0,0.0534,,,,,,,,,crf_only,eh ben,CONJS,,
tu me diras,ADV,A2,crf_first_attested,1.057,0.0534,0.0,1.057,0.0,0.0,0.0,0.0,0.0534,,,,,,,,,crf_only,tu me diras,ADV,,
à coups de,PREP,A2,crf_first_attested,1.0408,1.488,0.0,1.0408,0.5648,0.0,2.0505,0.0,1.488,,,,,,,,,crf_only,à coups de,PREP,,
derrière,VERB,A2,crf_first_attested,1.0408,0.7186,0.0,1.0408,0.0,3.0277,0.0,0.0,0.7186,,,,,,,,,crf_only,derrière,V,,
dancere dit,ADV,A2,crf_first_attested,1.0408,0.0525,0.0,1.0408,0.0,0.0,0.0,0.0,0.0525,,,,,,,,,crf_only,dancere dit,ADV,,
trouvé,ADJ,A2,crf_first_attested,1.0408,0.0525,0.0,1.0408,0.0,0.0,0.0,0.0,0.0525,,,,,,,,,crf_only,trouvé,A,,
tu apprendras,ADV,A2,crf_first_attested,1.0408,0.0525,0.0,1.0408,0.0,0.0,0.0,0.0,0.0525,,,,,,,,,crf_only,tu apprendras,ADV,,
non seulement,ADV,A2,crf_first_attested,1.0395,27.9772,0.0,1.0395,22.1493,67.8894,107.0203,6.4938,27.9772,,,,,,,,,crf_only,non seulement,ADV,,
effondrer,VERB,A2,beacco,1.0395,10.0075,9.9537,1.0395,8.1794,0.0,31.4551,0.0,10.0075,8.2421,1.5638,11.499,0.0,31.3781,0.0,11.2321,A2,word_pos,effondrer,V,effondrer,VER
ensoleiller,VERB,A2,beacco,1.0395,2.0491,9.0354,1.0395,0.0,0.0,0.0,0.0,2.0491,7.9875,0.5213,0.0,0.0,0.0,0.0,1.4956,A2,word_pos,ensoleiller,V,ensoleiller,VER
compte que,CONJ,A2,crf_first_attested,1.0395,0.0525,0.0,1.0395,0.0,0.0,0.0,0.0,0.0525,,,,,,,,,crf_only,compte que,CONJS,,
en plein soleil,ADV,A2,crf_first_attested,1.0395,0.0525,0.0,1.0395,0.0,0.0,0.0,0.0,0.0525,,,,,,,,,crf_only,en plein soleil,ADV,,
à clef,ADV,A2,crf_first_attested,1.0337,0.4561,0.0,1.0337,0.2366,0.0,0.0,0.0,0.4561,,,,,,,,,crf_only,à clef,ADV,,
à vie,ADV,A2,crf_first_attested,1.0337,0.4561,0.0,1.0337,0.2366,0.0,0.0,0.0,0.4561,,,,,,,,,crf_only,à vie,ADV,,
au nouveau venu,ADV,A2,crf_first_attested,1.0337,0.0522,0.0,1.0337,0.0,0.0,0.0,0.0,0.0522,,,,,,,,,crf_only,au nouveau venu,ADV,,
en lui disant,ADV,A2,crf_first_attested,1.0337,0.0522,0.0,1.0337,0.0,0.0,0.0,0.0,0.0522,,,,,,,,,crf_only,en lui disant,ADV,,
jusqu' à terre,ADV,A2,crf_first_attested,1.0337,0.0522,0.0,1.0337,0.0,0.0,0.0,0.0,0.0522,,,,,,,,,crf_only,jusqu' à terre,ADV,,
marcher,ADJ,A2,crf_first_attested,1.0176,0.0514,0.0,1.0176,0.0,0.0,0.0,0.0,0.0514,,,,,,,,,crf_only,marcher,A,,
passionnant,ADJ,A2,beacco,1.0107,11.0966,18.8653,1.0107,8.5015,13.6704,1.6042,0.0,11.0966,16.3909,0.5137,10.0177,8.7861,3.4423,0.0,10.7225,A2,word_pos,passionnant,A,passionnant,ADJ
grosse,NOUN,A2,crf_first_attested,1.0107,1.5331,0.0,1.0107,2.8482,0.0,0.0,0.0,1.5331,,,,,,,,,crf_only,grosse,N,,
il y,PREP,A2,crf_first_attested,1.0107,0.387,0.0,1.0107,0.0,0.0,2.0505,0.0,0.387,,,,,,,,,crf_only,il y,PREP,,
néorural,NOUN,A2,crf_first_attested,0.9929,0.0501,0.0,0.9929,0.0,0.0,0.0,0.0,0.0501,,,,,,,,,crf_only,néorural,N,,
fiére,NOUN,A2,crf_first_attested,0.9757,0.0493,0.0,0.9757,0.0,0.0,0.0,0.0,0.0493,,,,,,,,,crf_only,fiére,N,,
franciliens,NOUN,A2,crf_first_attested,0.9757,0.0493,0.0,0.9757,0.0,0.0,0.0,0.0,0.0493,,,,,,,,,crf_only,franciliens,N,,
