word,pos,assigned_cefr,level_source,assigned_level_frequency,total_frequency,crf_A1,crf_A2,crf_B1,crf_B2,crf_C1,crf_C2,crf_total,beacco_A1,beacco_A2,beacco_B1,beacco_B2,beacco_C1,beacco_C2,beacco_total,beacco_level,match_method,crf_word,crf_pos,beacco_word,beacco_pos
foi,NOUN,B2,beacco,826.5439,655.4242,387.5425,763.7527,712.1347,826.5439,503.3849,308.3862,655.4242,0.0,0.5137,20.9905,23.1828,0.0,19.328,11.7588,B2,word_pos,foi,N,foi,NOM
parent,NOUN,B2,beacco,350.1718,420.8234,533.5155,685.8507,233.196,350.1718,156.2996,319.1316,420.8234,0.0,0.4157,4.808,8.9868,8.2781,19.328,7.4414,B2,word_pos,parent,N,parent,NOM
chapitre,NOUN,B2,beacco,300.3267,249.9331,505.3372,285.574,164.8527,300.3267,9.3035,0.0,249.9331,0.0,0.0,1.2756,1.2705,6.0005,0.0,1.8836,B2,word_pos,chapitre,N,chapitre,NOM
sommer,VERB,B2,beacco,261.9183,347.4665,498.8594,429.5531,275.9329,261.9183,301.6062,156.0767,347.4665,0.0,0.0,0.3906,4.5679,3.4423,0.0,2.0112,B2,word_pos,sommer,V,sommer,VER
criminel,NOUN,B2,beacco,174.333,23.9088,1.9917,0.0,0.6122,174.333,16.4039,0.0,23.9088,1.6691,0.0,0.8634,246.508,16.5561,0.0,33.2563,B2,word_pos,criminel,N,criminel,NOM
or,CONJ,B2,beacco,130.3268,52.5243,0.0,0.0,53.8114,130.3268,203.2384,47.8486,52.5243,0.0,0.0,0.5857,58.0037,92.388,43.8345,15.8837,B2,word_pos,or,CONJC,or,KON
pipe,NOUN,B2,beacco,116.4187,16.512,0.0,0.6418,1.7914,116.4187,8.021,12.9876,16.512,0.0,0.6228,3.5093,171.2464,3.4423,12.833,22.5162,B2,word_pos,pipe,N,pipe,NOM
terme,NOUN,B2,beacco,109.9093,56.0598,0.0,1.2702,82.0468,109.9093,80.7289,127.5345,56.0598,0.9051,0.4157,102.3421,75.9667,309.0527,413.7325,89.4695,B2,word_pos,terme,N,terme,NOM
forcément,ADV,B2,beacco,107.1448,33.7184,1.1385,0.0,44.7651,107.1448,41.5144,28.8683,33.7184,1.1764,0.0,39.8023,75.536,51.9203,19.328,29.5565,B2,word_pos,forcément,ADV,forcément,ADV
miser,VERB,B2,beacco,100.1949,67.4304,21.6643,40.104,24.8351,100.1949,179.4242,247.5689,67.4304,0.0,0.0,0.6378,0.0,20.6179,19.328,2.2128,B2,word_pos,miser,V,miser,VER
judiciaire,ADJ,B2,beacco,94.0028,21.8948,0.0,0.0,11.4963,94.0028,37.9244,87.2204,21.8948,0.0,0.0,7.4096,113.5582,31.3528,86.9662,21.7213,B2,word_pos,judiciaire,A,judiciaire,ADJ
revolver,NOUN,B2,beacco,93.5078,6.5263,0.0,0.0,0.0,93.5078,0.0,0.0,6.5263,0.0,0.0,0.0,67.5369,0.0,0.0,4.7418,B2,word_pos,revolver,N,revolver,NOM
clou,NOUN,B2,beacco,90.9494,8.2028,0.0,0.0,1.7071,90.9494,4.101,0.0,8.2028,0.0,0.0,3.338,121.8271,4.139,0.0,14.0167,B2,word_pos,clou,N,clou,NOM
enfoncer,VERB,B2,beacco,85.345,15.285,0.0,0.2599,17.542,85.345,0.0,0.0,15.285,0.0,0.5213,16.92,80.7838,0.0,0.0,16.0019,B2,word_pos,enfoncer,V,enfoncer,VER
enfiler,VERB,B2,beacco,85.3084,15.5587,1.1385,4.6114,4.6471,85.3084,0.0,0.0,15.5587,1.1764,0.4664,4.5502,41.0949,0.0,0.0,9.6622,B2,word_pos,enfiler,V,enfiler,VER
nuire,VERB,B2,beacco,82.4412,46.4191,15.1989,23.473,56.004,82.4412,73.6009,0.0,46.4191,0.0,0.0,5.0496,31.0018,31.3781,0.0,9.0888,B2,word_pos,nuire,V,nuire,VER
disposer,VERB,B2,beacco,80.6835,52.0511,1.5075,0.2117,52.533,80.6835,158.8444,104.5166,52.0511,1.8101,0.4157,48.1883,48.4628,175.0335,56.7717,45.1358,B2,word_pos,disposer,V,disposer,VER
coupable,NOUN,B2,beacco,79.4266,16.8841,3.4156,2.0049,5.7886,79.4266,0.0,0.0,16.8841,3.5292,0.0,5.1644,56.9395,0.0,0.0,11.5044,B2,word_pos,coupable,N,coupable,NOM
débat,NOUN,B2,beacco,78.3,62.2283,1.3242,4.3112,38.788,78.3,197.4797,476.9205,62.2283,1.2635,0.1937,17.5565,62.3203,242.0639,526.3187,55.3748,B2,word_pos,débat,N,débat,NOM
mobile,NOUN,B2,beacco,78.2626,15.5367,0.0,0.3918,15.4908,78.2626,3.1012,0.0,15.5367,0.0,0.0,15.0155,35.3709,0.0,0.0,8.9194,B2,word_pos,mobile,N,mobile,NOM
persuader,VERB,B2,beacco,74.6411,28.1876,0.0,0.3918,46.9195,74.6411,36.5308,0.0,28.1876,0.0,0.0,29.7543,74.6439,40.0479,0.0,22.0006,B2,word_pos,persuader,V,persuader,VER
sociologue,NOUN,B2,beacco,72.5782,34.832,0.0,0.0,24.7288,72.5782,110.7048,43.6102,34.832,0.0,0.0,16.9991,62.4731,110.4624,56.7717,29.2876,B2,word_pos,sociologue,N,sociologue,NOM
as,NOUN,B2,beacco,71.7572,35.197,34.7163,27.0827,33.4793,71.7572,0.0,0.0,35.197,0.0,0.0,0.2504,0.911,0.0,0.0,0.5805,B2,word_pos,as,N,as,NOM
clous,NOUN,B2,crf_first_attested,70.3956,4.2178,0.0,0.0,0.0,70.3956,0.0,0.0,4.2178,,,,,,,,,crf_only,clous,N,,
empreinte,NOUN,B2,beacco,69.9652,33.8451,0.0,0.7835,10.4615,69.9652,124.0461,0.0,33.8451,0.0,0.0,3.9742,36.1107,60.0046,0.0,14.8855,B2,word_pos,empreinte,N,empreinte,NOM
butte,NOUN,B2,beacco,69.167,4.6391,0.0,0.0,0.0,69.167,0.0,0.0,4.6391,0.0,0.0,0.0,37.771,0.0,0.0,3.0502,B2,word_pos,butte,N,butte,NOM
désigner,VERB,B2,beacco,68.9709,27.7817,0.0,0.3209,9.0855,68.9709,111.5289,135.8422,27.7817,0.0,0.6228,12.2635,42.1763,132.8606,179.8979,28.32,B2,word_pos,désigner,V,désigner,VER
déclaration,NOUN,B2,beacco,64.6773,19.0315,1.6274,0.6418,22.5589,64.6773,6.2023,9.6228,19.0315,0.8075,0.6228,36.6807,35.6164,12.0009,19.328,22.3833,B2,word_pos,déclaration,N,déclaration,NOM
introduire,VERB,B2,beacco,63.8939,29.9689,1.005,0.0,50.0956,63.8939,72.0068,0.0,29.9689,0.0,0.0,54.8771,64.3522,63.3793,0.0,30.4708,B2,word_pos,introduire,V,introduire,VER
constituer,VERB,B2,beacco,61.8515,83.9327,0.0,0.2114,123.7333,61.8515,328.7386,239.9315,83.9327,0.0,0.6008,98.5226,37.6072,253.6479,252.6228,67.8359,B2,word_pos,constituer,V,constituer,VER
assassinat,NOUN,B2,beacco,61.1166,16.1284,0.0,1.1753,9.2504,61.1166,4.101,0.0,16.1284,0.0,0.0,5.9114,52.1416,8.2781,0.0,10.4048,B2,word_pos,assassinat,N,assassinat,NOM
calme,NOUN,B2,beacco,60.9023,19.924,17.8914,2.31,16.0343,60.9023,1.6042,0.0,19.924,0.0,0.606,3.4923,40.5288,0.0,0.0,7.4434,B2,word_pos,calme,N,calme,NOM
enseignant,NOUN,B2,beacco,59.9404,23.5689,0.0,0.2439,11.8754,59.9404,41.0097,28.8683,23.5689,0.0,0.0,9.9628,25.431,16.5561,0.0,10.373,B2,word_pos,enseignant,N,enseignant,NOM
d'autant,ADV,B2,beacco,59.1217,31.8393,,,,,,,,0.0,0.0,28.0345,59.1217,123.7073,56.7717,31.8393,B2,beacco_only,,,d'autant,ADV
pavillon,NOUN,B2,beacco,58.2803,11.778,0.3983,0.2117,8.9455,58.2803,8.2019,0.0,11.778,0.8346,0.4157,14.635,25.9423,4.139,0.0,13.1265,B2,word_pos,pavillon,N,pavillon,NOM
commettre,VERB,B2,beacco,58.2006,16.4,0.0,0.0,22.3879,58.2006,18.6069,0.0,16.4,0.0,0.0,27.1094,61.8692,6.0005,0.0,17.4194,B2,word_pos,commettre,V,commettre,VER
multiple,ADJ,B2,beacco,57.5155,16.4093,0.0,0.0,25.2794,57.5155,2.0505,25.5316,16.4093,0.0,0.0,25.9719,37.6072,4.139,19.328,14.3557,B2,word_pos,multiple,A,multiple,ADJ
approprier,VERB,B2,beacco,57.3135,6.3978,0.0,0.0,0.7236,57.3135,13.8696,0.0,6.3978,0.0,0.4157,3.7375,37.6072,27.9938,0.0,10.3093,B2,word_pos,approprier,V,approprier,VER
lutter,VERB,B2,beacco,55.9947,46.1895,1.5075,0.4879,48.3743,55.9947,125.6059,164.2811,46.1895,0.9051,0.4664,55.7606,44.6513,144.5357,174.0903,47.3561,B2,word_pos,lutter,V,lutter,VER
réseau,NOUN,B2,beacco,55.8007,62.646,0.0,0.9757,58.9856,55.8007,268.7148,174.4409,62.646,0.0,0.4664,78.6279,42.2312,282.3932,192.6297,64.169,B2,word_pos,réseau,N,réseau,NOM
cabaret,NOUN,B2,beacco,55.6879,7.8725,0.0,0.0,2.3079,55.6879,0.0,28.8683,7.8725,0.0,0.0,0.4317,31.4513,0.0,38.656,5.5125,B2,word_pos,cabaret,N,cabaret,NOM
meurtre,NOUN,B2,beacco,54.8953,17.531,0.0,0.9626,8.9917,54.8953,44.058,6.4938,17.531,0.0,0.6228,11.2338,40.4868,40.6321,12.833,15.9822,B2,word_pos,meurtre,N,meurtre,NOM
ouvrage,NOUN,B2,beacco,54.8757,24.4408,0.0,2.7895,17.8768,54.8757,40.3921,101.4607,24.4408,0.0,0.5213,26.2485,57.3725,40.6321,111.7223,27.4657,B2,word_pos,ouvrage,N,ouvrage,NOM
appliquer,VERB,B2,beacco,54.7319,47.3858,0.0,2.8154,49.4678,54.7319,179.4797,87.2204,47.3858,0.0,0.5137,37.9187,50.8644,159.414,56.7717,38.1383,B2,word_pos,appliquer,V,appliquer,VER
audience,NOUN,B2,beacco,53.2249,20.3777,0.0,0.4879,14.6171,53.2249,0.0,134.7185,20.3777,0.0,0.4664,8.9542,26.3584,0.0,193.2799,17.7431,B2,word_pos,audience,N,audience,NOM
assassiner,VERB,B2,beacco,53.2208,9.4328,0.0,0.0,12.1235,53.2208,0.0,0.0,9.4328,0.0,0.0,23.7728,66.683,0.0,0.0,15.4241,B2,word_pos,assassiner,V,assassiner,VER
russe,NOUN,B2,beacco,51.5129,3.5779,0.0,0.0,0.0,51.5129,0.0,0.0,3.5779,0.0,0.0,0.438,9.0915,0.0,0.0,1.501,B2,word_pos,russe,N,russe,NOM
craindre,VERB,B2,beacco,51.1549,29.0274,0.0,0.0,40.9006,51.1549,98.1407,19.4814,29.0274,0.0,0.4157,56.1624,50.1629,104.5381,38.4989,37.6371,B2,word_pos,craindre,V,craindre,VER
désormais,ADV,B2,beacco,50.9186,69.7199,0.0,0.3702,110.0049,50.9186,195.9193,202.0778,69.7199,0.0,0.606,114.7088,49.4964,148.8703,154.624,65.158,B2,word_pos,désormais,ADV,désormais,ADV
inquiétude,NOUN,B2,beacco,50.8106,11.2257,0.0,0.0,1.6385,50.8106,36.6419,0.0,11.2257,0.0,0.0,3.1766,59.4734,39.7963,0.0,13.2452,B2,word_pos,inquiétude,N,inquiétude,NOM
chiper,VERB,B2,beacco,50.5584,2.5888,0.0,0.0,0.0,50.5584,0.0,0.0,2.5888,0.0,0.0,0.0,14.4824,0.0,0.0,1.0388,B2,word_pos,chiper,V,chiper,VER
poète,NOUN,B2,beacco,50.0943,10.6379,1.7682,0.2117,3.4246,50.0943,1.6042,0.0,10.6379,1.8243,0.0,3.0456,19.4381,4.139,0.0,7.5482,B2,word_pos,poète,N,poète,NOM
préfet,NOUN,B2,beacco,49.8941,9.9196,1.2043,0.0,6.4822,49.8941,3.2084,12.9876,9.9196,0.7319,0.0,5.1837,48.6547,3.4423,12.833,8.3568,B2,word_pos,préfet,N,préfet,NOM
immigration,NOUN,B2,beacco,49.8495,19.2453,0.6621,0.0,1.7498,49.8495,61.7507,57.7365,19.2453,1.2635,0.0,2.2125,40.0693,61.3361,77.312,21.5092,B2,word_pos,immigration,N,immigration,NOM
compétence,NOUN,B2,beacco,49.6552,17.877,0.0,0.6418,4.9895,49.6552,94.5713,0.0,17.877,0.0,0.6228,6.6448,38.0699,96.3812,0.0,17.0666,B2,word_pos,compétence,N,compétence,NOM
aménagement,NOUN,B2,beacco,48.7855,8.5231,0.0,0.0,4.9235,48.7855,12.4046,0.0,8.5231,0.0,0.0,3.7375,28.9476,6.0005,0.0,5.8051,B2,word_pos,aménagement,N,aménagement,NOM
hostile,ADJ,B2,beacco,47.2756,8.611,0.0,0.0,6.0064,47.2756,8.2019,0.0,8.611,0.0,0.0,7.7393,23.1828,4.139,0.0,6.5397,B2,word_pos,hostile,A,hostile,ADJ
taxe,NOUN,B2,beacco,46.9296,17.9545,1.3242,0.6418,7.393,46.9296,56.7127,0.0,17.9545,1.2635,0.6228,7.622,31.9752,96.4588,0.0,20.5136,B2,word_pos,taxe,N,taxe,NOM
grossier,ADJ,B2,beacco,46.6391,6.8685,0.0,0.0,4.9491,46.6391,15.6669,0.0,6.8685,0.0,0.0,3.7679,9.1127,20.024,0.0,4.4409,B2,word_pos,grossier,A,grossier,ADJ
aubergiste,NOUN,B2,beacco,46.6391,3.7608,0.0,0.0,0.2041,46.6391,0.0,0.0,3.7608,0.0,0.0,0.4317,10.4145,0.0,0.0,1.5618,B2,word_pos,aubergiste,N,aubergiste,NOM
baptiser,VERB,B2,beacco,45.2958,15.7157,0.0,0.0,22.1931,45.2958,4.101,72.1635,15.7157,0.0,0.0,18.5505,37.8135,4.139,78.971,15.1388,B2,word_pos,baptiser,V,baptiser,VER
visible,ADJ,B2,beacco,45.1192,21.5771,0.0,0.0,7.1229,45.1192,98.283,43.6102,21.5771,0.0,0.0,9.6793,31.9788,68.3291,56.7717,17.1538,B2,word_pos,visible,A,visible,ADJ
intellectuel,ADJ,B2,beacco,43.9613,32.5838,0.0,13.8648,17.7257,43.9613,75.2066,158.0031,32.5838,0.0,0.4664,17.4942,41.0995,94.0024,295.3115,33.7006,B2,word_pos,intellectuel,A,intellectuel,ADJ
discrimination,NOUN,B2,beacco,43.9018,9.442,0.0,0.0,0.7236,43.9018,41.6087,9.6228,9.442,0.0,0.0,0.6378,38.827,69.9024,19.328,10.6852,B2,word_pos,discrimination,N,discrimination,NOM
éprouver,VERB,B2,beacco,43.3044,29.6477,0.0,0.7405,39.5715,43.3044,96.9902,9.6228,29.6477,0.0,0.606,57.5715,28.0173,63.1587,19.328,30.4735,B2,word_pos,éprouver,V,éprouver,VER
stratégie,NOUN,B2,beacco,43.2402,20.2266,0.0,0.3702,13.1266,43.2402,78.6376,19.4814,20.2266,0.0,0.606,17.7009,17.8055,62.7562,25.6659,18.145,B2,word_pos,stratégie,N,stratégie,NOM
mèche,NOUN,B2,beacco,42.6211,4.4091,0.0,0.7835,0.0,42.6211,0.0,0.0,4.4091,0.0,0.0,0.0,22.2638,0.0,0.0,1.7064,B2,word_pos,mèche,N,mèche,NOM
suggérer,VERB,B2,beacco,42.3863,16.9997,0.0,0.2152,28.5536,42.3863,12.3029,0.0,16.9997,0.0,0.186,30.3116,37.5577,12.4171,0.0,17.6642,B2,word_pos,suggérer,V,suggérer,VER
scandale,NOUN,B2,beacco,42.3178,14.7734,0.4068,0.0,20.3133,42.3178,17.3764,0.0,14.7734,0.8075,0.0,20.6577,40.9158,26.3397,0.0,16.4508,B2,word_pos,scandale,N,scandale,NOM
mobile,ADJ,B2,beacco,41.8389,30.8576,0.0,0.2117,19.7386,41.8389,97.9162,151.6222,30.8576,0.0,0.4157,17.164,42.8698,107.8881,64.1649,27.3698,B2,word_pos,mobile,A,mobile,ADJ
flirter,VERB,B2,beacco,41.5436,2.3406,0.0,0.0,0.0,41.5436,0.0,0.0,2.3406,0.0,0.0,0.0,14.4824,0.0,0.0,1.0388,B2,word_pos,flirter,V,flirter,VER
défaillir,VERB,B2,beacco,40.8462,3.7109,0.0,0.0,0.0,40.8462,6.2023,0.0,3.7109,0.0,0.0,0.0,9.1403,6.0005,0.0,1.4462,B2,word_pos,défaillir,V,défaillir,VER
susciter,VERB,B2,beacco,40.8284,25.8727,0.0,0.0,35.5085,40.8284,67.5554,48.1138,25.8727,0.0,0.0,27.5277,36.6021,84.0628,77.312,27.0848,B2,word_pos,susciter,V,susciter,VER
répliquer,VERB,B2,beacco,40.5762,13.6787,1.6057,0.0,16.7348,40.5762,0.0,0.0,13.6787,0.0,0.0,4.687,25.5466,0.0,0.0,4.8503,B2,word_pos,répliquer,V,répliquer,VER
prétexte,NOUN,B2,beacco,40.1713,6.3525,0.0,0.0,4.9948,40.1713,3.2084,0.0,6.3525,0.0,0.0,11.8908,31.1602,6.8846,0.0,9.4131,B2,word_pos,prétexte,N,prétexte,NOM
cerner,VERB,B2,beacco,39.1774,7.3423,0.0,0.0,0.2076,39.1774,30.0911,6.4938,7.3423,0.0,0.0,0.3906,18.0984,51.4303,12.833,7.6913,B2,word_pos,cerner,V,cerner,VER
utilité,NOUN,B2,beacco,38.8747,14.1221,0.0,0.0,15.4174,38.8747,38.2901,0.0,14.1221,0.0,0.0,12.2371,26.7491,27.9938,0.0,11.0593,B2,word_pos,utilité,N,utilité,NOM
univers,NOUN,B2,beacco,38.1786,30.4603,0.0,0.1103,29.3278,38.1786,169.2016,19.2455,30.4603,0.0,0.2129,26.0301,42.907,158.8399,19.328,30.8789,B2,word_pos,univers,N,univers,NOM
aérien,ADJ,B2,beacco,37.8464,11.3713,0.0,0.0,8.5368,37.8464,38.9993,0.0,11.3713,0.0,0.0,7.5617,22.8394,78.6751,0.0,12.8463,B2,word_pos,aérien,A,aérien,ADJ
doter,VERB,B2,beacco,37.5874,25.7151,4.8997,0.7405,23.5819,37.5874,64.6702,28.8683,25.7151,5.0618,0.606,23.7241,25.2078,68.3291,19.328,21.5596,B2,word_pos,doter,V,doter,VER
souligner,VERB,B2,beacco,37.1729,44.7173,0.0,0.0,48.592,37.1729,99.4974,364.1665,44.7173,0.9464,0.0,45.0265,36.9454,105.5808,260.8986,46.5005,B2,word_pos,souligner,V,souligner,VER
guère,ADV,B2,beacco,36.2594,25.6988,0.0,0.0,22.6395,36.2594,78.6071,174.4076,25.6988,0.0,0.0,20.6647,15.7322,65.9532,202.2974,22.0576,B2,word_pos,guère,ADV,guère,ADV
interrogatoire,NOUN,B2,beacco,35.8741,3.2988,0.0,0.3209,0.0,35.8741,0.0,0.0,3.2988,0.0,0.0,0.0,35.1075,0.0,0.0,2.8045,B2,word_pos,interrogatoire,N,interrogatoire,NOM
théorie,NOUN,B2,beacco,35.6164,17.4124,0.0,0.0,8.8136,35.6164,110.5115,4.1173,17.4124,0.0,0.0,13.4122,36.5847,80.2715,4.0185,17.5254,B2,word_pos,théorie,N,théorie,NOM
psychiatre,NOUN,B2,beacco,35.6073,4.5161,0.0,0.2117,0.7236,35.6073,0.0,0.0,4.5161,0.0,0.4157,1.2756,24.3223,0.0,0.0,4.9576,B2,word_pos,psychiatre,N,psychiatre,NOM
conduit,NOUN,B2,beacco,35.4058,8.4182,0.0,16.4906,0.0,35.4058,0.0,0.0,8.4182,0.0,0.7079,0.0,4.0509,0.0,0.0,0.8371,B2,word_pos,conduit,N,conduit,NOM
matelas,NOUN,B2,beacco,35.3911,5.4255,0.0,0.1103,1.9454,35.3911,1.6042,0.0,5.4255,0.0,0.2129,3.7062,41.9035,3.4423,0.0,8.5833,B2,word_pos,matelas,N,matelas,NOM
sentimental,ADJ,B2,beacco,35.1379,9.752,3.6187,0.0,0.3401,35.1379,31.3338,0.0,9.752,0.5987,0.0,0.5857,10.1033,20.024,0.0,4.6997,B2,word_pos,sentimental,A,sentimental,ADJ
interdit,NOUN,B2,beacco,35.1379,4.9142,0.0,0.0,0.7236,35.1379,1.6042,0.0,4.9142,0.0,0.0,0.5857,10.1033,3.4423,0.0,3.1477,B2,word_pos,interdit,N,interdit,NOM
punir,VERB,B2,beacco,35.0327,10.7012,0.3983,0.0,12.7693,35.0327,6.2023,0.0,10.7012,0.8346,0.6111,11.9173,24.924,6.0005,0.0,11.2454,B2,word_pos,punir,V,punir,VER
sacrer,VERB,B2,beacco,34.6125,4.9331,7.7072,0.0,0.0,34.6125,0.0,0.0,4.9331,0.8346,0.0,0.0,1.2705,0.0,0.0,0.584,B2,word_pos,sacrer,V,sacrer,VER
viser,VERB,B2,beacco,34.5824,24.4121,0.0,0.2117,40.09,34.5824,72.0068,9.6228,24.4121,0.0,0.4157,28.8865,23.1828,51.4303,19.328,19.9729,B2,word_pos,viser,V,viser,VER
pseudonyme,NOUN,B2,beacco,34.2803,4.5818,0.0,0.0,1.4155,34.2803,0.0,0.0,4.5818,0.0,0.0,0.5857,19.0113,0.0,0.0,2.5189,B2,word_pos,pseudonyme,N,pseudonyme,NOM
longueur,NOUN,B2,beacco,33.8969,13.9163,0.0,0.0,0.0,33.8969,119.8754,12.352,13.9163,0.0,0.0,0.0,24.275,107.8881,8.037,10.9894,B2,word_pos,longueur,N,longueur,NOM
crâne,NOUN,B2,beacco,33.87,8.1313,1.2703,0.2117,2.5303,33.87,18.4508,0.0,8.1313,1.6512,0.4157,3.3478,34.0172,3.4423,0.0,8.833,B2,word_pos,crâne,N,crâne,NOM
intégration,NOUN,B2,beacco,33.2949,26.3833,0.4068,0.0,8.2955,33.2949,141.291,117.0576,26.3833,0.0,0.0,7.8476,33.5794,135.4946,77.4712,21.8064,B2,word_pos,intégration,N,intégration,NOM
chute,NOUN,B2,beacco,33.2002,21.074,0.5081,0.2599,23.5254,33.2002,32.5926,58.4441,21.074,0.5504,0.5213,22.4497,50.7873,26.3397,38.4989,23.2661,B2,word_pos,chute,N,chute,NOM
analyse,NOUN,B2,beacco,32.8564,19.7168,0.0,0.9626,5.2864,32.8564,140.3934,9.6228,19.7168,0.0,0.6228,8.1958,25.4252,185.0725,19.328,23.6962,B2,word_pos,analyse,N,analyse,NOM
favoriser,VERB,B2,beacco,32.7176,26.8278,0.0,0.0,24.0566,32.7176,69.3648,126.4605,26.8278,0.0,0.0,27.0991,28.2799,84.9757,162.4685,29.6158,B2,word_pos,favoriser,V,favoriser,VER
arracher,VERB,B2,beacco,32.4613,21.3226,0.5081,0.3918,40.4237,32.4613,3.2084,19.4814,21.3226,0.5504,0.0,38.4416,32.3407,3.4423,12.833,18.6411,B2,word_pos,arracher,V,arracher,VER
mécanisme,NOUN,B2,beacco,31.9673,16.1345,0.0,0.0,8.3243,31.9673,48.7271,81.2491,16.1345,0.0,0.0,7.3789,28.0492,27.9938,138.6137,14.2569,B2,word_pos,mécanisme,N,mécanisme,NOM
signal,NOUN,B2,beacco,31.882,18.1061,2.2771,0.3918,1.5614,31.882,88.7678,0.0,18.1061,1.1764,0.1865,3.0801,33.1711,86.6121,0.0,18.0654,B2,word_pos,signal,N,signal,NOM
bref,ADJ,B2,beacco,31.7632,18.8347,0.8841,0.9626,20.1277,31.7632,22.8111,48.0277,18.8347,0.9121,0.0,9.8175,18.0886,31.5653,38.656,13.3454,B2,word_pos,bref,A,bref,ADJ
vestibule,NOUN,B2,beacco,31.5134,3.0512,0.0,0.0,0.0906,31.5134,0.0,0.0,3.0512,0.0,0.0,0.185,7.8109,0.0,0.0,1.2972,B2,word_pos,vestibule,N,vestibule,NOM
sondage,NOUN,B2,beacco,30.9787,27.9694,0.0,0.0,61.1791,30.9787,24.6058,9.6228,27.9694,0.0,0.0,56.4666,25.3822,49.6683,19.328,31.1818,B2,word_pos,sondage,N,sondage,NOM
excitation,NOUN,B2,beacco,30.9257,3.0474,0.0,0.0,0.3765,30.9257,0.0,0.0,3.0474,0.0,0.0,0.3933,9.0915,0.0,0.0,1.5015,B2,word_pos,excitation,N,excitation,NOM
évader,VERB,B2,beacco,30.896,6.4781,0.0,0.3702,0.0,30.896,11.2294,9.6228,6.4781,0.0,0.606,0.0,44.3902,6.8846,19.328,8.0317,B2,word_pos,évader,V,évader,VER
orgueil,NOUN,B2,beacco,30.8394,5.7584,0.5025,0.0,3.4863,30.8394,0.0,0.0,5.7584,0.0,0.0,3.4656,57.5427,0.0,0.0,7.5976,B2,word_pos,orgueil,N,orgueil,NOM
embauche,NOUN,B2,beacco,30.7884,8.4041,0.0,0.7405,7.0014,30.7884,0.0,9.6228,8.4041,0.0,0.606,6.9801,26.8458,0.0,19.328,9.4202,B2,word_pos,embauche,N,embauche,NOM
déterminer,VERB,B2,beacco,30.5721,18.0375,0.0,3.439,1.6311,30.5721,82.0908,56.9312,18.0375,0.0,0.2891,7.3361,23.1002,98.2183,113.6757,22.5521,B2,word_pos,déterminer,V,déterminer,VER
velours,NOUN,B2,beacco,29.7266,8.1058,0.5025,0.0,13.1884,29.7266,0.0,0.0,8.1058,0.0,0.0,11.9268,15.3401,0.0,0.0,5.8618,B2,word_pos,velours,N,velours,NOM
trancher,VERB,B2,beacco,29.6511,19.0814,0.7967,0.8468,12.4336,29.6511,14.3534,68.1256,19.0814,1.6691,0.4157,7.6811,21.387,8.2781,56.7717,12.6299,B2,word_pos,trancher,V,trancher,VER
étendre,VERB,B2,beacco,29.6327,34.2387,5.9051,0.2114,74.9194,29.6327,34.728,32.4689,34.2387,7.6141,0.6008,79.5816,30.0368,73.3785,38.4989,42.756,B2,word_pos,étendre,V,étendre,VER
tribu,NOUN,B2,beacco,29.507,7.8092,0.4996,0.0,5.2915,29.507,3.2084,0.0,7.8092,0.9464,0.0,6.4528,29.0837,3.4423,0.0,8.8011,B2,word_pos,tribu,N,tribu,NOM
tuberculose,NOUN,B2,beacco,29.4819,3.614,0.0,0.0,0.0,29.4819,8.2019,0.0,3.614,0.0,0.0,0.0,16.2097,8.2781,0.0,2.6486,B2,word_pos,tuberculose,N,tuberculose,NOM
extrême,ADJ,B2,beacco,29.4602,22.4776,5.5643,0.0,18.9686,29.4602,126.6556,0.0,22.4776,7.0309,0.0,26.7061,12.8176,130.9119,0.0,24.7835,B2,word_pos,extrême,A,extrême,ADJ
apparition,NOUN,B2,beacco,28.8303,24.3011,0.0,0.0,26.8416,28.8303,156.6566,0.0,24.3011,0.0,0.0,26.2674,23.2732,129.0281,0.0,22.4977,B2,word_pos,apparition,N,apparition,NOM
traitement,NOUN,B2,beacco,28.7633,21.2673,0.4996,0.3702,6.4082,28.7633,100.4038,19.2455,21.2673,0.9464,0.606,11.0252,13.7036,146.4547,19.328,25.1818,B2,word_pos,traitement,N,traitement,NOM
lire,NOUN,B2,beacco,28.5851,5.14,0.0,0.0,3.5709,28.5851,3.1012,0.0,5.14,0.0,0.0,6.2628,29.0317,0.0,0.0,6.6213,B2,word_pos,lire,N,lire,NOM
biologique,ADJ,B2,beacco,28.5247,21.1121,2.1216,0.8456,0.0,28.5247,116.7768,38.491,21.1121,3.8852,0.6008,7.7266,32.0073,90.2374,113.6757,18.0018,B2,word_pos,biologique,A,biologique,ADJ
élucider,VERB,B2,beacco,28.4102,4.463,0.0,0.0,0.9618,28.4102,0.0,9.6228,4.463,0.0,0.0,0.4665,16.445,0.0,19.328,3.1372,B2,word_pos,élucider,V,élucider,VER
typique,ADJ,B2,beacco,28.2759,6.9045,1.005,0.0,6.6776,28.2759,0.0,0.0,6.9045,0.9051,0.0,4.684,17.9917,0.0,0.0,5.0757,B2,word_pos,typique,A,typique,ADJ
adulte,ADJ,B2,beacco,28.2313,19.8792,0.5477,0.9626,44.0917,28.2313,0.0,9.6228,19.8792,7.2839,0.6228,32.422,13.6738,0.0,56.7717,18.7739,B2,word_pos,adulte,A,adulte,ADJ
reporter,VERB,B2,beacco,28.1877,6.5293,0.2541,0.0,8.0709,28.1877,0.0,0.0,6.5293,0.5504,0.0,6.7009,23.2199,0.0,0.0,6.4266,B2,word_pos,reporter,V,reporter,VER
sonore,ADJ,B2,beacco,28.15,8.3998,0.0,0.0,13.8679,28.15,6.2023,0.0,8.3998,0.0,0.0,10.7378,12.6911,6.0005,0.0,6.0695,B2,word_pos,sonore,A,sonore,ADJ
susceptible,ADJ,B2,beacco,28.1397,17.2206,0.0,0.0,1.3056,28.1397,122.6899,85.6001,17.2206,0.0,0.0,2.4519,14.1801,121.9436,113.5434,15.6938,B2,word_pos,susceptible,A,susceptible,ADJ
nostalgique,ADJ,B2,beacco,27.9493,5.2746,0.0,0.6418,1.4582,27.9493,0.0,0.0,5.2746,0.0,0.6228,0.5531,8.3751,0.0,0.0,2.5615,B2,word_pos,nostalgique,A,nostalgique,ADJ
percevoir,VERB,B2,beacco,27.7684,27.0866,0.0,0.6418,22.1676,27.7684,68.9093,267.9746,27.0866,0.0,0.6228,14.6504,26.8458,92.388,213.947,25.0861,B2,word_pos,percevoir,V,percevoir,VER
phonétique,ADJ,B2,beacco,27.7684,3.1166,0.0,0.0,0.2916,27.7684,0.0,2.0587,3.1166,0.0,0.0,0.5531,14.4824,0.0,4.0185,3.1222,B2,word_pos,phonétique,A,phonétique,ADJ
enquêter,VERB,B2,beacco,27.5498,4.0276,0.0,0.0,0.7236,27.5498,0.0,12.9876,4.0276,0.0,0.0,0.0,9.0539,0.0,0.0,0.6634,B2,word_pos,enquêter,V,enquêter,VER
chauffeur,NOUN,B2,beacco,27.4697,9.2572,3.4359,0.0,7.7947,27.4697,9.3035,0.0,9.2572,7.3756,0.0,10.2019,37.3568,18.0014,0.0,14.7181,B2,word_pos,chauffeur,N,chauffeur,NOM
forum,NOUN,B2,beacco,27.3555,11.8936,0.0,0.2439,13.6665,27.3555,0.0,38.9627,11.8936,0.0,0.4664,0.1219,9.0915,0.0,38.4989,4.2465,B2,word_pos,forum,N,forum,NOM
suspect,ADJ,B2,beacco,27.3298,6.6207,0.0,0.0,3.2071,27.3298,0.0,45.4565,6.6207,0.0,0.0,3.7375,37.5542,0.0,25.6659,7.7205,B2,word_pos,suspect,A,suspect,ADJ
interlocuteur,NOUN,B2,beacco,27.2494,19.5145,0.0,1.6171,34.0094,27.2494,3.2084,9.6228,19.5145,0.0,0.4664,33.1119,6.8518,3.4423,19.328,14.4956,B2,word_pos,interlocuteur,N,interlocuteur,NOM
anonyme,ADJ,B2,beacco,27.2494,14.0232,0.7967,0.0,8.5253,27.2494,18.6069,19.2455,14.0232,0.8346,0.0,6.8306,15.9876,18.0014,19.328,11.0188,B2,word_pos,anonyme,A,anonyme,ADJ
chercheur,NOUN,B2,beacco,27.0459,88.548,0.0,0.8456,67.6164,27.0459,465.5259,460.6541,88.548,0.0,0.6008,65.4673,23.856,293.8517,472.1677,67.6333,B2,word_pos,chercheur,N,chercheur,NOM
égalité,NOUN,B2,beacco,27.0459,25.1071,0.0,0.0,23.7362,27.0459,92.3992,115.473,25.1071,0.0,0.1865,31.0139,19.035,120.3766,77.312,30.3409,B2,word_pos,égalité,N,égalité,NOM
procès,NOUN,B2,beacco,26.9336,14.392,0.0,0.0,18.0002,26.9336,60.5674,0.0,14.392,0.0,0.0,9.6097,33.7151,49.5147,0.0,11.907,B2,word_pos,procès,N,procès,NOM
fameux,ADJ,B2,beacco,26.8922,21.9988,0.0,0.7405,38.0937,26.8922,57.3001,4.1173,21.9988,0.0,0.606,52.3218,29.3307,62.7057,4.0185,28.8016,B2,word_pos,fameux,A,fameux,ADJ
paradoxal,ADJ,B2,beacco,26.6378,5.0368,0.0,0.0,0.3401,26.6378,20.7298,0.0,5.0368,0.0,0.0,0.5857,21.1614,31.3528,0.0,6.4553,B2,word_pos,paradoxal,A,paradoxal,ADJ
rat,NOUN,B2,beacco,26.5673,18.3931,0.0,0.3702,33.0491,26.5673,18.4508,39.0192,18.3931,0.0,0.606,20.233,25.1988,19.861,56.7717,16.7443,B2,word_pos,rat,N,rat,NOM
habillé,ADJ,B2,beacco,26.4897,11.1621,0.6621,7.5479,8.2062,26.4897,0.0,0.0,11.1621,0.0,0.0,0.0,9.5296,0.0,0.0,0.6889,B2,word_pos,habillé,A,habillé,ADJ
éphémère,ADJ,B2,beacco,26.4895,1.9633,0.0,0.0,0.2366,26.4895,0.0,0.0,1.9633,0.0,0.0,0.438,8.3751,0.0,0.0,1.0088,B2,word_pos,éphémère,A,éphémère,ADJ
ériger,VERB,B2,beacco,26.4575,7.416,0.0,0.0,1.6204,26.4575,33.6238,0.0,7.416,0.0,0.0,3.1735,32.5462,43.5754,0.0,10.1452,B2,word_pos,ériger,V,ériger,VER
inciter,VERB,B2,beacco,26.1551,8.2344,0.0,0.0,0.7236,26.1551,45.2699,6.4938,8.2344,0.0,0.0,1.2756,17.8055,56.8202,12.833,9.1804,B2,word_pos,inciter,V,inciter,VER
exception,NOUN,B2,beacco,25.9699,19.3083,1.1385,0.0,15.9454,25.9699,30.8753,116.5635,19.3083,1.1764,0.0,30.9156,35.5193,36.8208,113.6757,25.2833,B2,word_pos,exception,N,exception,NOM
écologique,ADJ,B2,beacco,25.9136,18.401,0.0,0.0,50.8171,25.9136,15.7275,12.9876,18.401,0.0,0.0,43.7538,27.0642,31.3781,25.6659,20.778,B2,word_pos,écologique,A,écologique,ADJ
échelle,NOUN,B2,beacco,25.6014,30.4669,2.4086,0.4879,26.9819,25.6014,108.1656,19.2455,30.4669,1.4639,0.4664,27.1531,25.6565,112.2698,38.656,29.6677,B2,word_pos,échelle,N,échelle,NOM
ressemblance,NOUN,B2,beacco,25.5991,2.2298,0.0,0.0,0.0,25.5991,0.0,2.0587,2.2298,0.0,0.0,0.0,12.4791,0.0,4.0185,1.8223,B2,word_pos,ressemblance,N,ressemblance,NOM
député,NOUN,B2,beacco,25.4817,23.9568,0.0,0.3209,48.1678,25.4817,36.875,43.6102,23.9568,0.0,0.6228,34.4106,17.8055,8.2781,56.7717,17.6372,B2,word_pos,député,N,député,NOM
impulsif,ADJ,B2,beacco,25.4659,2.302,0.0,0.0,0.2405,25.4659,0.0,0.0,2.302,0.0,0.0,0.4665,9.5948,0.0,0.0,1.5451,B2,word_pos,impulsif,A,impulsif,ADJ
commercer,VERB,B2,beacco,25.4268,2.1007,0.0,0.5168,0.0,25.4268,0.0,0.0,2.1007,0.0,1.0679,0.0,2.2839,0.0,19.328,1.5336,B2,word_pos,commercer,V,commercer,VER
interdiction,NOUN,B2,beacco,25.2908,27.4567,0.7622,0.0,60.8842,25.2908,60.3901,0.0,27.4567,0.5504,0.0,38.0781,25.7572,47.8426,0.0,21.9593,B2,word_pos,interdiction,N,interdiction,NOM
systématiquement,ADV,B2,beacco,25.2227,6.5133,0.0,0.6619,0.3401,25.2227,41.0361,0.0,6.5133,0.0,0.2129,0.5857,9.0915,51.4303,0.0,6.7911,B2,word_pos,systématiquement,ADV,systématiquement,ADV
ambition,NOUN,B2,beacco,25.0874,10.2775,0.0,0.3702,4.9491,25.0874,24.6958,32.4689,10.2775,0.0,0.606,5.4335,31.7474,39.722,38.4989,14.7379,B2,word_pos,ambition,N,ambition,NOM
achever,VERB,B2,beacco,25.0874,9.6598,7.9919,0.3702,7.0749,25.0874,2.0505,19.2455,9.6598,7.2313,0.606,5.3763,25.2191,4.139,38.656,12.3365,B2,word_pos,achever,V,achever,VER
insignifiant,ADJ,B2,beacco,24.9798,1.494,0.0,0.0,0.0,24.9798,0.0,0.0,1.494,0.0,0.0,0.0,9.1403,0.0,0.0,0.6546,B2,word_pos,insignifiant,A,insignifiant,ADJ
suspendre,VERB,B2,beacco,24.96,13.9457,0.0,0.3702,18.1026,24.96,25.3674,19.4814,13.9457,0.0,0.606,15.6023,21.8718,31.3528,12.833,13.5978,B2,word_pos,suspendre,V,suspendre,VER
projeter,VERB,B2,beacco,24.708,13.7334,0.0,1.6044,18.0741,24.708,2.0505,6.176,13.7334,0.0,0.6228,11.6894,17.8082,4.139,4.0185,9.939,B2,word_pos,projeter,V,projeter,VER
allure,NOUN,B2,beacco,24.6774,21.9952,0.5025,0.1897,57.9975,24.6774,1.6042,0.0,21.9952,0.9051,0.2065,33.684,18.2805,0.0,0.0,14.6651,B2,word_pos,allure,N,allure,NOM
obscur,ADJ,B2,beacco,24.6557,14.1569,0.5025,0.6418,22.1172,24.6557,4.8126,4.1173,14.1569,0.0,0.6228,11.796,33.0183,3.4423,4.0185,10.8858,B2,word_pos,obscur,A,obscur,ADJ
démocratie,NOUN,B2,beacco,24.4253,31.7413,0.6621,0.0,21.6145,24.4253,99.8339,227.7248,31.7413,1.2635,0.0,16.7539,18.183,115.6396,138.6137,26.8282,B2,word_pos,démocratie,N,démocratie,NOM
parti,NOUN,B2,beacco,24.3129,22.1303,0.0,0.2527,25.6653,24.3129,61.6988,58.4441,22.1303,7.4133,0.5137,21.3317,8.3751,77.1946,64.1649,24.6235,B2,word_pos,parti,N,parti,NOM
expérimenter,VERB,B2,beacco,24.2003,5.0966,0.0,0.0,1.5151,24.2003,8.2019,0.0,5.0966,0.0,0.0,0.438,13.8424,4.139,0.0,2.8425,B2,word_pos,expérimenter,V,expérimenter,VER
soumettre,VERB,B2,beacco,24.001,21.9863,0.0,0.2117,13.996,24.001,76.6083,160.2527,21.9863,0.0,0.4157,23.1597,20.9173,91.5429,170.3152,26.701,B2,word_pos,soumettre,V,soumettre,VER
auquel,PRON,B2,beacco,23.1073,12.5156,0.0,0.0,13.0975,23.1073,34.6336,0.0,12.5156,0.0,0.5213,35.7287,36.1967,115.8441,38.656,30.6953,B2,word_pos,auquel,PREPPRO,auquel,PRO
désagréable,ADJ,B2,beacco,22.9727,5.2114,0.6621,0.4879,0.3401,22.9727,4.101,0.0,5.2114,1.2635,0.4664,0.5857,25.0989,4.139,0.0,6.7376,B2,word_pos,désagréable,A,désagréable,ADJ
radical,ADJ,B2,beacco,22.8794,8.7457,0.2738,0.0,1.3056,22.8794,10.2669,85.6001,8.7457,0.5987,0.0,2.4519,9.0915,20.6179,12.833,6.1075,B2,word_pos,radical,A,radical,ADJ
pur,ADJ,B2,beacco,22.7019,17.7323,1.9917,0.2152,23.9203,22.7019,29.4201,19.2455,17.7323,2.5037,0.186,34.802,18.0984,19.861,19.328,18.4169,B2,word_pos,pur,A,pur,ADJ
recenser,VERB,B2,beacco,22.6036,11.6784,0.0,0.2439,2.952,22.6036,8.2019,154.1931,11.6784,0.0,0.4664,3.6187,19.2521,8.2781,145.006,12.0813,B2,word_pos,recenser,V,recenser,VER
sélection,NOUN,B2,beacco,22.6036,8.4393,0.0,0.0944,13.8486,22.6036,2.0505,0.0,8.4393,0.0,0.1937,10.7816,22.7812,4.139,0.0,9.7388,B2,word_pos,sélection,N,sélection,NOM
pédagogie,NOUN,B2,beacco,22.6036,3.9035,0.0,0.0,0.0,22.6036,24.6958,0.0,3.9035,0.0,0.0,0.0,8.3751,29.205,0.0,3.2723,B2,word_pos,pédagogie,N,pédagogie,NOM
durable,ADJ,B2,beacco,22.5725,24.7536,0.0,0.0,28.8517,22.5725,88.5919,67.3593,24.7536,0.0,0.0,31.661,25.431,99.3049,38.656,26.3501,B2,word_pos,durable,A,durable,ADJ
consultation,NOUN,B2,beacco,22.569,5.466,0.0,0.0,0.4911,22.569,2.0505,48.0277,5.466,0.0,0.0,0.373,11.6267,4.139,95.2552,7.1665,B2,word_pos,consultation,N,consultation,NOM
immédiat,ADJ,B2,beacco,22.522,18.5564,0.0,0.0,32.8223,22.522,15.6669,66.4113,18.5564,0.0,0.0,29.5445,8.9868,20.024,43.8345,13.9017,B2,word_pos,immédiat,A,immédiat,ADJ
multitude,NOUN,B2,beacco,22.4666,3.434,0.0,2.8783,0.0,22.4666,0.0,0.0,3.434,0.0,0.6228,0.0,21.1206,0.0,0.0,3.1528,B2,word_pos,multitude,N,multitude,NOM
ruelle,NOUN,B2,beacco,22.3564,4.6191,1.005,0.0,1.5922,22.3564,0.0,0.0,4.6191,0.9051,0.0,3.1463,8.1386,0.0,0.0,3.4598,B2,word_pos,ruelle,N,ruelle,NOM
lien,NOUN,B2,beacco,22.3499,41.4598,3.6868,0.0,33.4349,22.3499,154.9179,173.2095,41.4598,7.3458,0.0,38.711,18.183,121.4188,135.296,39.4764,B2,word_pos,lien,N,lien,NOM
hôte,NOUN,B2,beacco,22.2166,28.9576,3.1867,21.7117,36.6191,22.2166,3.2084,0.0,28.9576,1.6691,0.4664,33.3668,3.9054,0.0,0.0,13.9139,B2,word_pos,hôte,N,hôte,NOM
gamme,NOUN,B2,beacco,22.1324,8.9462,0.0,0.4234,4.1227,22.1324,12.4046,9.6228,8.9462,0.0,0.4157,3.2163,11.6267,24.0018,19.328,9.4768,B2,word_pos,gamme,N,gamme,NOM
sûreté,NOUN,B2,beacco,21.9794,7.2547,0.0,0.0,0.0,21.9794,18.6069,64.9379,7.2547,0.0,0.0,0.0,12.8024,18.0014,89.8308,8.2495,B2,word_pos,sûreté,N,sûreté,NOM
rivaliser,VERB,B2,beacco,21.9342,1.9502,0.0,0.0,0.0,21.9342,1.6042,0.0,1.9502,0.0,0.0,0.0,8.7861,3.4423,0.0,1.4925,B2,word_pos,rivaliser,V,rivaliser,VER
dissociation,NOUN,B2,beacco,21.9194,1.8664,0.0,0.0,0.0,21.9194,3.1012,0.0,1.8664,0.0,0.0,0.0,5.2073,6.0005,0.0,0.7502,B2,word_pos,dissociation,N,dissociation,NOM
déplaire,VERB,B2,beacco,21.8665,9.3009,0.0,1.6044,4.8289,21.8665,21.4487,0.0,9.3009,0.0,0.6228,7.5195,18.0984,26.3397,0.0,9.6176,B2,word_pos,déplaire,V,déplaire,VER
admiration,NOUN,B2,beacco,21.8665,7.2077,1.0394,0.3209,3.3472,21.8665,6.4168,0.0,7.2077,1.1123,0.6228,6.6448,38.2775,6.8846,0.0,11.5831,B2,word_pos,admiration,N,admiration,NOM
inconcevable,ADJ,B2,beacco,21.7895,1.396,0.0,0.0,0.0,21.7895,0.0,0.0,1.396,0.0,0.0,0.0,9.0915,0.0,0.0,0.6511,B2,word_pos,inconcevable,A,inconcevable,ADJ
étang,NOUN,B2,beacco,21.771,4.2014,0.0,0.0,3.6415,21.771,6.2023,0.0,4.2014,0.0,0.0,2.8865,12.7613,6.0005,0.0,3.8715,B2,word_pos,étang,N,étang,NOM
imbécile,ADJ,B2,beacco,21.7043,5.4527,0.5477,0.0948,2.0392,21.7043,0.0,0.0,5.4527,0.0,0.0,0.2331,0.0,3.4423,0.0,0.7048,B2,word_pos,imbécile,A,imbécile,ADJ
aptitude,NOUN,B2,beacco,21.5869,4.997,0.0,0.3918,4.9491,21.5869,0.0,0.0,4.997,0.0,0.0,3.7679,17.8055,0.0,0.0,3.4691,B2,word_pos,aptitude,N,aptitude,NOM
complice,NOUN,B2,beacco,21.5835,3.8684,3.1584,0.0,0.3618,21.5835,0.0,0.0,3.8684,2.5165,0.0,0.0,18.0499,0.0,0.0,2.5593,B2,word_pos,complice,N,complice,NOM
plancher,NOUN,B2,beacco,21.5119,2.4754,0.0,0.0,0.4809,21.5119,0.0,0.0,2.4754,0.0,0.0,0.4665,26.5704,0.0,0.0,3.2305,B2,word_pos,plancher,N,plancher,NOM
exclusion,NOUN,B2,beacco,21.4046,11.5215,0.0,1.2835,9.8469,21.4046,34.062,0.0,11.5215,0.0,0.6228,9.3199,23.8285,40.1357,0.0,11.7881,B2,word_pos,exclusion,N,exclusion,NOM
cellule,NOUN,B2,beacco,21.194,20.5532,0.0,0.0,5.8989,21.194,49.6184,294.8399,20.5532,0.0,0.0,5.5016,18.2715,42.0032,400.2865,21.8762,B2,word_pos,cellule,N,cellule,NOM
nation,NOUN,B2,beacco,21.194,17.5683,0.0,0.2035,11.8348,21.194,63.7106,12.9876,17.5683,0.0,0.3851,14.8807,15.9876,69.823,25.6659,19.5682,B2,word_pos,nation,N,nation,NOM
justifier,VERB,B2,beacco,21.194,16.4804,1.895,0.0,13.7845,21.194,43.6353,72.7833,16.4804,0.6291,0.0,21.2282,2.2839,65.9532,56.7717,14.7703,B2,word_pos,justifier,V,justifier,VER
inutilité,NOUN,B2,beacco,21.194,1.2809,0.0,0.0,0.2366,21.194,0.0,0.0,1.2809,0.0,0.0,0.438,4.5679,0.0,0.0,0.9824,B2,word_pos,inutilité,N,inutilité,NOM
accaparer,VERB,B2,beacco,21.194,1.2651,0.0,0.0,0.0,21.194,2.0505,0.0,1.2651,0.0,0.0,0.0,4.5679,4.139,0.0,0.9132,B2,word_pos,accaparer,V,accaparer,VER
devancer,VERB,B2,beacco,21.1376,1.804,0.0,0.0,0.2366,21.1376,0.0,0.0,1.804,0.0,0.0,0.438,3.9054,0.0,0.0,0.8982,B2,word_pos,devancer,V,devancer,VER
transparence,NOUN,B2,beacco,21.1125,8.2338,0.0,0.2117,0.3618,21.1125,36.875,39.0192,8.2338,0.0,0.4157,0.6378,8.4014,40.1357,77.4712,8.4749,B2,word_pos,transparence,N,transparence,NOM
chauve,ADJ,B2,beacco,21.0143,2.5245,0.0,0.0,0.0906,21.0143,0.0,0.0,2.5245,0.0,0.0,0.185,17.981,0.0,0.0,2.3989,B2,word_pos,chauve,A,chauve,ADJ
cuillère,NOUN,B2,beacco,20.9348,3.2131,0.7956,0.7405,0.0,20.9348,0.0,0.0,3.2131,0.4856,0.606,0.0,9.7303,0.0,0.0,1.931,B2,word_pos,cuillère,N,cuillère,NOM
concevoir,VERB,B2,beacco,20.8436,27.4524,0.0,0.0,51.177,20.8436,128.9382,9.6228,27.4524,0.0,0.0,37.106,25.431,74.5252,0.0,20.3856,B2,word_pos,concevoir,V,concevoir,VER
savon,NOUN,B2,beacco,20.7718,4.0663,0.0,6.858,0.0,20.7718,0.0,0.0,4.0663,0.0,0.5213,0.0,9.0915,0.0,0.0,1.4545,B2,word_pos,savon,N,savon,NOM
combler,VERB,B2,beacco,20.7718,3.2518,0.0,0.0,0.2076,20.7718,10.2669,0.0,3.2518,0.0,0.0,0.3906,9.0915,31.3781,0.0,4.3472,B2,word_pos,combler,V,combler,VER
socle,NOUN,B2,beacco,20.566,3.0144,0.0,0.0,1.0379,20.566,0.0,0.0,3.0144,0.0,0.0,0.3906,12.6911,0.0,0.0,1.8059,B2,word_pos,socle,N,socle,NOM
tension,NOUN,B2,beacco,20.5603,14.4557,0.0,0.9626,7.2813,20.5603,15.7275,189.3849,14.4557,0.0,0.6228,8.7428,18.0984,20.6179,86.9662,12.7681,B2,word_pos,tension,N,tension,NOM
cadavre,NOUN,B2,beacco,20.5511,6.2515,0.0,0.7835,4.6009,20.5511,0.0,0.0,6.2515,0.0,0.0,3.1016,21.0766,0.0,0.0,3.5513,B2,word_pos,cadavre,N,cadavre,NOM
inférieur,ADJ,B2,beacco,20.4835,10.6055,0.0,0.0,3.4231,20.4835,44.058,38.491,10.6055,0.0,0.0,7.1584,19.035,64.7832,38.656,13.6147,B2,word_pos,inférieur,A,inférieur,ADJ
essor,NOUN,B2,beacco,20.3793,10.5291,0.0,0.0,7.4735,20.3793,36.6419,0.0,10.5291,0.0,0.0,7.4124,17.8082,39.7963,0.0,10.1075,B2,word_pos,essor,N,essor,NOM
vaguement,ADV,B2,beacco,20.352,1.7652,0.0,0.0,0.0,20.352,0.0,0.0,1.7652,0.0,0.0,0.0,18.2638,0.0,0.0,1.4933,B2,word_pos,vaguement,ADV,vaguement,ADV
béret,NOUN,B2,beacco,20.2429,2.905,0.0,0.0,3.9128,20.2429,0.0,0.0,2.905,0.0,0.0,3.7375,21.7447,0.0,0.0,3.3216,B2,word_pos,béret,N,béret,NOM
tenir compter,VERB,B2,crf_first_attested,20.137,2.8117,0.0,0.0,0.0,20.137,12.4046,0.0,2.8117,,,,,,,,,crf_only,tenir compter,V,,
coupole,NOUN,B2,beacco,20.1207,7.911,0.7622,0.0,0.9041,20.1207,0.0,0.0,7.911,0.5504,0.0,0.6118,41.2465,0.0,0.0,9.5295,B2,word_pos,coupole,N,coupole,NOM
moindre,ADJ,B2,beacco,19.9828,35.2618,0.5025,0.4879,73.2878,19.9828,76.3969,38.491,35.2618,0.0,0.4664,63.1972,21.4442,102.2081,57.984,34.5556,B2,word_pos,moindre,A,moindre,ADJ
recueillir,VERB,B2,beacco,19.8046,24.8096,0.0,0.6418,26.6717,19.8046,50.677,154.1931,24.8096,0.0,0.6228,22.2532,19.0072,49.0825,135.3747,22.1419,B2,word_pos,recueillir,V,recueillir,VER
généraliste,ADJ,B2,beacco,19.7746,1.7842,0.0,0.0,0.0,19.7746,6.1515,0.0,1.7842,0.0,0.0,0.0,3.8116,4.139,0.0,0.7701,B2,word_pos,généraliste,A,généraliste,ADJ
conférence,NOUN,B2,beacco,19.6504,16.8949,0.0,0.2117,10.6535,19.6504,72.9575,45.4565,16.8949,0.0,0.4157,9.561,14.1801,34.1646,38.4989,13.1055,B2,word_pos,conférence,N,conférence,NOM
démontrer,VERB,B2,beacco,19.6504,13.4988,0.0,0.7405,14.0632,19.6504,10.2669,105.8503,13.4988,0.0,0.606,22.9633,19.2521,20.6179,96.64,18.0774,B2,word_pos,démontrer,V,démontrer,VER
boucher,ADJ,B2,beacco,19.4067,3.8786,,,,,,,,0.4856,0.5213,0.0,19.4067,0.0,0.0,3.8786,B2,beacco_only,,,boucher,ADJ
fondateur,NOUN,B2,beacco,19.3322,14.5915,0.0,0.0,17.4669,19.3322,36.5955,28.8683,14.5915,0.0,0.1276,17.2307,31.7688,49.0825,19.328,16.635,B2,word_pos,fondateur,N,fondateur,NOM
transition,NOUN,B2,beacco,19.3322,6.2697,0.0,0.0,3.6488,19.3322,0.0,72.7833,6.2697,0.0,0.0,3.6187,9.1403,0.0,77.4712,5.5863,B2,word_pos,transition,N,transition,NOM
académique,ADJ,B2,beacco,19.3322,2.265,0.0,0.0,0.0,19.3322,0.0,19.2455,2.265,0.0,0.0,0.0,14.4942,0.0,19.328,1.8951,B2,word_pos,académique,A,académique,ADJ
inégalité,NOUN,B2,beacco,19.192,11.6029,0.0,0.2439,14.8622,19.192,8.2019,28.5334,11.6029,0.0,0.4664,17.5039,28.8924,12.4171,56.7717,16.0474,B2,word_pos,inégalité,N,inégalité,NOM
fondamental,ADJ,B2,beacco,19.171,18.3831,0.9991,0.4228,3.7947,19.171,125.6059,19.2455,18.3831,0.9464,0.6008,3.5861,11.742,141.3938,38.656,19.7806,B2,word_pos,fondamental,A,fondamental,ADJ
marin,NOUN,B2,beacco,19.143,8.5897,0.0,8.961,0.5833,19.143,0.0,0.0,8.5897,0.0,0.6008,1.1062,16.7736,0.0,0.0,3.779,B2,word_pos,marin,N,marin,NOM
nettement,ADV,B2,beacco,19.1311,9.8144,0.0,0.0,14.4636,19.1311,13.8696,28.5334,9.8144,0.0,0.0,15.2363,8.4014,20.6179,56.7717,9.5803,B2,word_pos,nettement,ADV,nettement,ADV
verbe,NOUN,B2,beacco,19.1311,3.006,0.0,0.0,0.2405,19.1311,0.0,4.1173,3.006,0.0,0.0,0.4665,5.0821,0.0,8.037,2.8107,B2,word_pos,verbe,N,verbe,NOM
réputé,ADJ,B2,beacco,18.9151,2.8122,0.0,0.0,0.0818,18.9151,0.0,9.6228,2.8122,0.0,0.0,2.4712,9.7303,0.0,19.328,3.5959,B2,word_pos,réputé,A,réputé,ADJ
résoudre,VERB,B2,beacco,18.6996,21.1195,0.0,0.1076,29.9968,18.6996,112.6276,6.4938,21.1195,0.0,0.186,20.6801,17.1234,34.1646,12.833,13.3144,B2,word_pos,résoudre,V,résoudre,VER
volume,NOUN,B2,beacco,18.5864,12.9916,0.0,0.2117,12.0992,18.5864,45.7071,6.176,12.9916,0.0,0.4157,12.7159,14.4824,66.9321,4.0185,14.5462,B2,word_pos,volume,N,volume,NOM
logique,NOUN,B2,beacco,18.5864,9.9456,0.0,0.0,6.7847,18.5864,36.2948,9.6228,9.9456,0.0,0.0,5.4885,14.4824,43.5754,38.656,11.2866,B2,word_pos,logique,N,logique,NOM
avérer,VERB,B2,beacco,18.5864,7.3112,0.0,0.0,1.8309,18.5864,57.5361,0.0,7.3112,0.0,0.0,3.5101,9.0915,54.0583,0.0,6.9442,B2,word_pos,avérer,V,avérer,VER
psychanalyste,NOUN,B2,beacco,18.5864,5.2172,0.0,0.0,3.6488,18.5864,8.2019,0.0,5.2172,0.0,0.0,3.6187,9.0915,8.2781,0.0,4.4081,B2,word_pos,psychanalyste,N,psychanalyste,NOM
pdg,NOUN,B2,crf_first_attested,18.5864,1.6042,0.0,0.0,0.0,18.5864,3.1012,0.0,1.6042,,,,,,,,,crf_only,pdg,N,,
diabolisation,NOUN,B2,crf_first_attested,18.5864,1.0687,0.0,0.0,0.0,18.5864,0.0,0.0,1.0687,,,,,,,,,crf_only,diabolisation,N,,
énigme,NOUN,B2,beacco,18.3649,3.8261,0.0,0.0,0.1507,18.3649,15.5058,0.0,3.8261,0.0,0.0,0.3059,12.8024,0.0,0.0,1.9793,B2,word_pos,énigme,N,énigme,NOM
démonter,VERB,B2,beacco,18.2896,1.2689,0.0,0.0,0.0,18.2896,0.0,0.0,1.2689,0.0,0.0,0.0,16.7912,0.0,0.0,1.3482,B2,word_pos,démonter,V,démonter,VER
commission,NOUN,B2,beacco,18.2704,10.8398,0.5025,0.0,3.7083,18.2704,6.1515,123.6938,10.8398,0.9051,0.0,3.5101,30.0969,41.3903,106.9533,18.0983,B2,word_pos,commission,N,commission,NOM
rien que,CONJ,B2,crf_first_attested,18.2452,2.8673,0.0,0.0,0.0,18.2452,0.0,6.176,2.8673,,,,,,,,,crf_only,rien que,CONJS,,
hypothèse,NOUN,B2,beacco,18.1816,7.3769,0.0,0.0,0.0,18.1816,51.8789,56.3711,7.3769,0.0,0.0,0.0,9.1403,65.9532,78.971,7.3345,B2,word_pos,hypothèse,N,hypothèse,NOM
dispositif,NOUN,B2,beacco,18.1663,19.365,0.0,1.1107,18.4552,18.1663,66.4817,0.0,19.365,0.0,0.606,13.1284,4.5679,88.5596,0.0,14.4276,B2,word_pos,dispositif,N,dispositif,NOM
utilisateur,NOUN,B2,beacco,18.1663,9.1012,0.0,0.0,7.3068,18.1663,34.728,0.0,9.1012,0.0,0.0,8.7014,4.5679,18.0014,0.0,6.6528,B2,word_pos,utilisateur,N,utilisateur,NOM
blogosphère,NOUN,B2,crf_first_attested,18.1663,0.4148,0.0,0.0,0.0,18.1663,0.0,0.0,0.4148,,,,,,,,,crf_only,blogosphère,N,,
replacer,VERB,B2,beacco,18.1101,5.4752,7.6622,0.0,0.9618,18.1101,0.0,0.0,5.4752,0.5504,0.0,0.4665,7.0007,0.0,0.0,2.229,B2,word_pos,replacer,V,replacer,VER
compliqué,ADJ,B2,beacco,17.9674,8.7908,7.6323,0.0,2.6247,17.9674,13.8696,0.0,8.7908,0.9051,0.0,0.0,9.5296,3.4423,0.0,2.5512,B2,word_pos,compliqué,A,compliqué,ADJ
clair,ADV,B2,beacco,17.9334,8.1901,,,,,,,,0.9121,0.5137,3.5715,17.9334,20.6179,0.0,8.1901,B2,beacco_only,,,clair,ADV
entreprendre,VERB,B2,beacco,17.8556,5.9106,0.0,1.9253,1.8328,17.8556,2.0505,9.6228,5.9106,0.0,0.6228,3.5156,10.5383,4.139,19.328,5.9329,B2,word_pos,entreprendre,V,entreprendre,VER
cinquième,ADJ,B2,beacco,17.8175,5.1306,0.0816,4.9498,1.7177,17.8175,0.0,0.0,5.1306,0.171,0.5137,0.3059,10.5865,0.0,0.0,3.1197,B2,word_pos,cinquième,A,cinquième,ADJ
libéral,ADJ,B2,beacco,17.5765,8.3052,0.7967,0.0,6.5533,17.5765,14.3534,0.0,8.3052,0.8346,0.0,10.2433,1.2705,8.2781,0.0,6.2278,B2,word_pos,libéral,A,libéral,ADJ
habileté,NOUN,B2,beacco,17.5577,7.0301,0.0,1.1794,2.0405,17.5577,0.0,0.0,7.0301,0.0,0.6111,0.8634,10.8364,0.0,0.0,3.5605,B2,word_pos,habileté,N,habileté,NOM
dire,NOUN,B2,beacco,17.325,18.4285,19.754,10.6108,10.3669,17.325,45.7071,0.0,18.4285,1.1556,0.0,17.4005,66.06,0.0,19.328,15.781,B2,word_pos,dire,N,dire,NOM
quantité,NOUN,B2,beacco,17.2059,23.2905,0.8137,0.0,19.4496,17.2059,122.6899,56.9312,23.2905,0.8075,0.0,27.3327,20.4316,170.044,113.6757,32.1146,B2,word_pos,quantité,N,quantité,NOM
travailleur,NOUN,B2,beacco,17.1787,9.215,0.4996,0.5168,11.3729,17.1787,0.0,28.5334,9.215,7.0309,0.0,16.406,18.9627,0.0,56.7717,13.319,B2,word_pos,travailleur,N,travailleur,NOM
intime,ADJ,B2,beacco,16.9899,16.2843,0.0,0.1887,30.3622,16.9899,24.8092,9.6228,16.2843,0.0,0.1937,33.8118,14.4942,24.0018,19.328,20.0706,B2,word_pos,intime,A,intime,ADJ
troublant,ADJ,B2,beacco,16.9899,1.0486,0.0,0.0,0.0,16.9899,0.0,0.0,1.0486,0.0,0.0,0.6378,9.1403,0.0,0.0,1.5106,B2,word_pos,troublant,A,troublant,ADJ
éberluer,VERB,B2,beacco,16.9899,1.0486,0.0,0.0,0.0,16.9899,0.0,0.0,1.0486,0.0,0.0,0.0,9.1403,0.0,0.0,0.6546,B2,word_pos,éberluer,V,éberluer,VER
précoce,ADJ,B2,beacco,16.8351,4.2393,0.0,0.0,5.1414,16.8351,0.0,6.4938,4.2393,0.0,0.0,7.102,14.4824,0.0,12.833,5.5203,B2,word_pos,précoce,A,précoce,ADJ
soupçon,NOUN,B2,beacco,16.83,5.0532,0.0,0.7835,0.0908,16.83,8.2019,0.0,5.0532,0.0,0.0,0.2504,16.4574,4.139,0.0,3.3076,B2,word_pos,soupçon,N,soupçon,NOM
déduction,NOUN,B2,beacco,16.83,1.1123,0.0,0.0,0.0,16.83,0.0,0.0,1.1123,0.0,0.0,0.0,16.445,3.4423,0.0,2.1474,B2,word_pos,déduction,N,déduction,NOM
synonyme,ADJ,B2,beacco,16.7982,6.2356,0.0,0.0618,6.0863,16.7982,9.3035,0.0,6.2356,0.0,0.1276,9.9698,14.5373,6.0005,0.0,6.175,B2,word_pos,synonyme,A,synonyme,ADJ
observateur,NOUN,B2,beacco,16.7951,14.5832,0.0,10.08,17.5804,16.7951,9.3035,6.4938,14.5832,0.0,0.0,0.5857,0.911,0.0,12.833,1.5667,B2,word_pos,observateur,N,observateur,NOM
rite,NOUN,B2,beacco,16.7664,12.4277,0.0,0.3702,30.6825,16.7664,6.2023,0.0,12.4277,0.0,0.606,12.2248,13.6738,6.0005,0.0,8.5228,B2,word_pos,rite,N,rite,NOM
partage,NOUN,B2,beacco,16.6948,7.7791,1.5912,0.2439,0.5833,16.6948,16.4039,19.4814,7.7791,0.4856,0.4664,0.5531,25.431,8.2781,12.833,7.8195,B2,word_pos,partage,N,partage,NOM
incrédule,ADJ,B2,beacco,16.6562,3.6803,0.2541,0.6418,0.0,16.6562,0.0,9.6228,3.6803,0.5504,0.6228,0.0,16.1916,0.0,19.328,4.0549,B2,word_pos,incrédule,A,incrédule,ADJ
perte,NOUN,B2,beacco,16.6524,32.0841,0.5025,0.7405,31.4146,16.6524,121.5194,96.9035,32.0841,0.9051,0.606,30.6187,9.1358,101.2835,113.5434,28.2556,B2,word_pos,perte,N,perte,NOM
postal,ADJ,B2,beacco,16.6524,24.7629,5.2842,0.2114,14.0543,16.6524,131.3541,0.0,24.7629,1.1764,0.6008,7.622,11.4197,106.6581,0.0,17.2081,B2,word_pos,postal,A,postal,ADJ
capricieux,ADJ,B2,beacco,16.6524,4.9106,0.0,0.1425,3.4513,16.6524,0.0,0.0,4.9106,0.0,0.2891,0.1243,4.5679,0.0,0.0,1.8672,B2,word_pos,capricieux,A,capricieux,ADJ
sensibilité,NOUN,B2,beacco,16.6141,12.0224,0.0,0.7318,4.5481,16.6141,56.7888,9.6228,12.0224,0.0,0.4664,6.2385,17.981,40.6321,19.328,11.623,B2,word_pos,sensibilité,N,sensibilité,NOM
inverse,ADJ,B2,beacco,16.5418,9.2639,0.0,0.0,1.2455,16.5418,45.7071,45.4565,9.2639,0.0,0.0,0.0,8.3751,41.2358,12.833,4.5452,B2,word_pos,inverse,A,inverse,ADJ
à l' égard de,PREP,B2,crf_first_attested,16.5418,3.4654,0.0,0.0,0.0,16.5418,2.0505,25.5316,3.4654,,,,,,,,,crf_only,à l' égard de,PREP,,
individualiste,ADJ,B2,beacco,16.5418,2.8101,0.0,0.3209,0.7236,16.5418,0.0,0.0,2.8101,0.0,0.0,1.2756,8.3751,0.0,0.0,1.9825,B2,word_pos,individualiste,A,individualiste,ADJ
priser,VERB,B2,beacco,16.5111,3.1754,0.0,0.0,0.0,16.5111,9.6252,0.0,3.1754,0.0,0.0,0.0,35.973,3.4423,12.833,5.0989,B2,word_pos,priser,V,priser,VER
bel et bien,ADV,B2,crf_first_attested,16.4979,3.457,0.0,0.0,0.0,16.4979,31.3338,0.0,3.457,,,,,,,,,crf_only,bel et bien,ADV,,
couvert,NOUN,B2,beacco,16.4647,6.142,0.5197,6.1351,1.9669,16.4647,0.0,0.0,6.142,1.1123,0.5781,0.438,0.0,0.0,0.0,1.473,B2,word_pos,couvert,N,couvert,NOM
bal,NOUN,B2,beacco,16.4091,18.5675,15.6561,0.2948,37.5901,16.4091,1.6042,0.0,18.5675,7.0309,0.6111,65.2933,18.0571,3.4423,0.0,27.2186,B2,word_pos,bal,N,bal,NOM
splendeur,NOUN,B2,beacco,16.3445,1.042,0.0,0.0,0.0,16.3445,0.0,0.0,1.042,0.0,0.0,0.0,8.7861,0.0,0.0,0.6644,B2,word_pos,splendeur,N,splendeur,NOM
luxe,NOUN,B2,beacco,16.3339,11.3441,1.3242,0.3702,13.6744,16.3339,3.2084,19.2455,11.3441,1.2635,0.606,19.7522,27.6189,3.4423,38.656,16.8211,B2,word_pos,luxe,N,luxe,NOM
soutenir,VERB,B2,beacco,16.3014,43.9008,0.7967,0.2035,75.5214,16.3014,182.2432,45.034,43.9008,0.8346,0.3851,62.5351,14.4824,175.5796,77.5234,42.1853,B2,word_pos,soutenir,V,soutenir,VER
employeur,NOUN,B2,beacco,16.3014,16.7442,0.6621,0.0,26.6674,16.3014,31.4551,48.1138,16.7442,1.2635,0.0,18.1679,19.035,20.6179,57.984,15.4984,B2,word_pos,employeur,N,employeur,NOM
environnemental,ADJ,B2,beacco,16.3014,10.5984,0.0,0.0,1.4155,16.3014,100.9868,9.6228,10.5984,0.0,0.0,2.4816,19.035,106.0365,19.328,13.0775,B2,word_pos,environnemental,A,environnemental,ADJ
protester,VERB,B2,beacco,16.3014,10.4618,0.0,0.0948,24.9485,16.3014,1.6042,0.0,10.4618,0.0,0.2065,20.2598,19.035,3.4423,0.0,11.3173,B2,word_pos,protester,V,protester,VER
essai,NOUN,B2,beacco,16.2266,12.2755,0.2541,0.7796,4.8104,16.2266,29.5463,48.1138,12.2755,0.5504,0.5213,6.104,14.5373,46.7967,57.984,14.8612,B2,word_pos,essai,N,essai,NOM
profit,NOUN,B2,beacco,16.1761,15.8282,0.0,0.0,26.0338,16.1761,59.2255,9.6228,15.8282,0.0,0.0,27.1503,32.0144,65.168,19.328,19.4245,B2,word_pos,profit,N,profit,NOM
succéder,VERB,B2,beacco,16.0518,6.3482,0.0,0.0,3.9548,16.0518,8.2019,28.8683,6.3482,0.0,0.0,7.6118,24.2145,8.2781,19.328,8.6918,B2,word_pos,succéder,V,succéder,VER
tache,NOUN,B2,beacco,15.941,9.7843,0.0,0.0,18.6592,15.941,4.101,6.4938,9.7843,0.0,0.0,12.2309,14.4942,4.139,12.833,7.8547,B2,word_pos,tache,N,tache,NOM
en marge du,PREP,B2,crf_first_attested,15.941,0.9812,0.0,0.0,0.0,15.941,0.0,0.0,0.9812,,,,,,,,,crf_only,en marge du,PREP,,
efforcer,VERB,B2,beacco,15.8813,9.0732,0.0,0.0,7.9645,15.8813,45.0494,0.0,9.0732,0.0,0.0,7.1187,14.4824,41.2358,0.0,8.6209,B2,word_pos,efforcer,V,efforcer,VER
précaution,NOUN,B2,beacco,15.8783,10.6713,0.0,0.0,8.7107,15.8783,41.8407,12.9876,10.6713,0.0,0.0,13.8484,18.7208,41.1274,12.833,13.0958,B2,word_pos,précaution,N,précaution,NOM
orienter,VERB,B2,beacco,15.8017,24.2296,0.5304,0.6418,22.4909,15.8017,99.649,48.1138,24.2296,0.4856,0.6228,14.4206,21.1614,52.5392,19.328,16.9785,B2,word_pos,orienter,V,orienter,VER
étrangler,VERB,B2,beacco,15.7831,7.1551,0.0,2.6069,2.4375,15.7831,15.5058,0.0,7.1551,0.0,0.6228,3.4415,12.2697,6.0005,0.0,5.0453,B2,word_pos,étrangler,V,étrangler,VER
crainte,NOUN,B2,beacco,15.6705,8.4788,0.0,2.2257,0.1812,15.6705,21.7081,19.2455,8.4788,0.0,0.5213,0.0,14.1801,18.0014,19.328,5.2009,B2,word_pos,crainte,N,crainte,NOM
surgir,VERB,B2,beacco,15.596,3.5935,0.0,0.0,3.666,15.596,0.0,9.6228,3.5935,0.0,0.0,5.0402,18.0886,0.0,19.328,4.7765,B2,word_pos,surgir,V,surgir,VER
tchèque,NOUN,B2,beacco,15.4403,0.8483,0.0,0.0,0.0,15.4403,0.0,0.0,0.8483,0.0,0.0,0.0,21.5199,0.0,0.0,0.5786,B2,word_pos,tchèque,N,tchèque,NOM
suspect,NOUN,B2,beacco,15.2133,0.3474,0.0,0.0,0.0,15.2133,0.0,0.0,0.3474,0.0,0.0,0.0,18.9831,0.0,0.0,0.5104,B2,word_pos,suspect,N,suspect,NOM
encombrer,VERB,B2,beacco,15.1386,9.7755,0.5081,0.0,14.4508,15.1386,6.2023,0.0,9.7755,0.5504,0.0,5.8471,4.5679,6.0005,0.0,4.9156,B2,word_pos,encombrer,V,encombrer,VER
sida,NOUN,B2,beacco,15.1386,7.3022,0.4068,0.0,2.6263,15.1386,31.4551,0.0,7.3022,0.8075,0.0,3.4815,6.8518,20.6179,0.0,5.9718,B2,word_pos,sida,N,sida,NOM
congrès,NOUN,B2,beacco,15.1386,4.6062,0.0,0.7405,2.8761,15.1386,0.0,0.0,4.6062,0.0,0.0,2.8589,4.5679,0.0,0.0,2.0259,B2,word_pos,congrès,N,congrès,NOM
recrutement,NOUN,B2,beacco,15.1386,4.0596,0.0,0.0,0.0,15.1386,6.1515,38.491,4.0596,0.0,0.0,0.0,11.4197,4.139,38.656,3.0047,B2,word_pos,recrutement,N,recrutement,NOM
valoriser,VERB,B2,beacco,14.8999,8.754,0.0,0.0,6.2982,14.8999,13.8696,87.2904,8.754,0.0,0.0,7.7393,9.0915,27.9938,78.971,10.3727,B2,word_pos,valoriser,V,valoriser,VER
truc,NOUN,B2,beacco,14.8999,3.5675,0.5197,1.057,0.0,14.8999,0.0,0.0,3.5675,1.1123,0.6008,0.0,11.6267,0.0,0.0,2.8996,B2,word_pos,truc,N,truc,NOM
marketing,NOUN,B2,beacco,14.7301,11.3933,0.6621,0.4234,17.7972,14.7301,8.2019,0.0,11.3933,1.2635,0.4157,15.4391,23.3997,8.2781,0.0,13.2787,B2,word_pos,marketing,N,marketing,NOM
instituteur,NOUN,B2,beacco,14.7301,10.4767,0.0,0.0,21.3668,14.7301,20.7298,0.0,10.4767,0.0,0.0,21.6782,18.0886,20.024,0.0,11.3855,B2,word_pos,instituteur,N,instituteur,NOM
canal,NOUN,B2,beacco,14.6438,7.78,0.0,0.4879,10.9622,14.6438,6.2023,0.0,7.78,0.0,0.4664,7.5539,8.3863,6.0005,0.0,5.9686,B2,word_pos,canal,N,canal,NOM
aspiration,NOUN,B2,beacco,14.5686,5.8266,0.0,0.0,6.3316,14.5686,19.6975,0.0,5.8266,0.0,0.0,3.5058,8.3751,20.024,0.0,4.2386,B2,word_pos,aspiration,N,aspiration,NOM
adversaire,NOUN,B2,beacco,14.5041,14.66,1.195,0.0,31.7602,14.5041,13.8696,0.0,14.66,2.5037,0.0,26.7539,13.3179,27.9938,0.0,15.207,B2,word_pos,adversaire,N,adversaire,NOM
atout,NOUN,B2,beacco,14.5038,5.1927,0.0816,0.9757,3.4218,14.5038,1.6042,9.6228,5.1927,0.171,0.4664,6.7316,18.0886,3.4423,19.328,6.5012,B2,word_pos,atout,N,atout,NOM
respectif,ADJ,B2,beacco,14.5038,3.1476,0.0,0.0,0.1155,14.5038,8.2019,0.0,3.1476,0.0,0.0,0.2331,18.0886,4.139,0.0,3.5884,B2,word_pos,respectif,A,respectif,ADJ
atténuer,VERB,B2,beacco,14.5038,2.1102,0.0,0.0,0.1155,14.5038,0.0,6.4938,2.1102,0.0,0.0,0.2331,18.0886,0.0,12.833,3.5884,B2,word_pos,atténuer,V,atténuer,VER
ère,NOUN,B2,beacco,14.4942,10.6526,,,,,,,,0.0,0.6228,18.5829,14.4942,6.0005,12.833,10.6526,B2,beacco_only,,,ère,NOM
via,PREP,B2,beacco,14.4824,10.6872,,,,,,,,0.0,0.1276,2.5512,14.4824,72.2624,0.0,10.6872,B2,beacco_only,,,via,PRP
scandaleux,ADJ,B2,beacco,14.4279,1.4966,0.0,0.0,0.0,14.4279,3.1012,0.0,1.4966,0.0,0.0,0.0,25.2191,6.0005,0.0,2.9437,B2,word_pos,scandaleux,A,scandaleux,ADJ
promouvoir,VERB,B2,beacco,14.3467,9.7599,0.0,0.0,3.4108,14.3467,46.8715,19.4814,9.7599,0.0,0.0,6.1953,15.5164,34.1646,12.833,9.4966,B2,word_pos,promouvoir,V,promouvoir,VER
couche,NOUN,B2,beacco,14.1238,15.1451,0.2652,0.0,16.9972,14.1238,69.456,0.0,15.1451,0.4856,0.0,14.9148,0.8102,61.8536,0.0,11.2568,B2,word_pos,couche,N,couche,NOM
triomphe,NOUN,B2,beacco,14.1238,10.0345,0.4421,0.0944,25.7903,14.1238,0.0,0.0,10.0345,0.9121,0.1937,31.2298,0.8102,0.0,0.0,10.8047,B2,word_pos,triomphe,N,triomphe,NOM
génétique,ADJ,B2,beacco,14.1238,5.9548,0.0,0.0,3.2622,14.1238,6.2023,38.7867,5.9548,0.0,0.0,0.74,14.0086,6.0005,8.037,6.5256,B2,word_pos,génétique,A,génétique,ADJ
acharner,VERB,B2,beacco,14.075,1.3859,0.0,0.0,0.2041,14.075,0.0,0.0,1.3859,0.0,0.0,3.5861,22.6671,0.0,0.0,4.2708,B2,word_pos,acharner,V,acharner,VER
verser,VERB,B2,beacco,14.0699,13.247,1.5912,0.0944,11.7052,14.0699,49.3917,28.5334,13.247,0.9713,0.1937,15.2518,19.2521,47.8426,56.7717,17.1358,B2,word_pos,verser,V,verser,VER
vertu,NOUN,B2,beacco,14.0699,8.5787,0.0,0.0,12.1542,14.0699,24.8092,0.0,8.5787,0.0,0.0,12.3946,8.3751,50.0526,0.0,9.8616,B2,word_pos,vertu,N,vertu,NOM
aviation,NOUN,B2,beacco,14.0699,1.6432,0.0,0.0,0.6802,14.0699,0.0,0.0,1.6432,0.0,0.0,0.5857,14.1801,0.0,0.0,2.0074,B2,word_pos,aviation,N,aviation,NOM
débile,ADJ,B2,beacco,14.0699,0.6933,0.0,0.0,0.0,14.0699,0.0,0.0,0.6933,0.0,0.0,0.0,8.3751,0.0,0.0,0.7115,B2,word_pos,débile,A,débile,ADJ
rayonner,VERB,B2,beacco,14.0699,0.6933,0.0,0.0,0.0,14.0699,0.0,0.0,0.6933,0.0,0.0,0.0,14.1801,0.0,0.0,0.9824,B2,word_pos,rayonner,V,rayonner,VER
promesse,NOUN,B2,beacco,13.9595,20.9423,2.7884,0.0,25.5628,13.9595,58.9191,64.3237,20.9423,2.5037,0.0,22.8247,9.1403,66.9321,95.2552,18.617,B2,word_pos,promesse,N,promesse,NOM
surnommer,VERB,B2,beacco,13.9595,10.0718,0.7967,0.2114,24.743,13.9595,0.0,0.0,10.0718,0.8346,0.6008,19.6115,19.0072,0.0,0.0,11.3759,B2,word_pos,surnommer,V,surnommer,VER
épaisseur,NOUN,B2,beacco,13.9097,3.8093,0.0,0.0,2.8649,13.9097,6.4168,0.0,3.8093,0.0,0.0,3.5822,6.0629,6.8846,0.0,3.5051,B2,word_pos,épaisseur,N,épaisseur,NOM
baser,VERB,B2,beacco,13.8842,10.2655,0.0,0.2035,9.6103,13.8842,32.5926,0.0,10.2655,0.0,0.3851,7.0312,14.4824,52.6794,0.0,11.9044,B2,word_pos,baser,V,baser,VER
volontaire,ADJ,B2,beacco,13.8842,6.9399,0.0,1.6044,4.3867,13.8842,6.4168,0.0,6.9399,0.0,0.6228,5.4966,14.4824,6.8846,0.0,7.2258,B2,word_pos,volontaire,A,volontaire,ADJ
superficiel,ADJ,B2,beacco,13.8842,6.8092,1.1385,1.9514,0.0,13.8842,24.8092,0.0,6.8092,1.1764,0.4664,0.0,9.0915,12.0009,0.0,4.2641,B2,word_pos,superficiel,A,superficiel,ADJ
allocation,NOUN,B2,beacco,13.8842,2.4301,0.0,0.0,3.5523,13.8842,0.0,0.0,2.4301,0.0,0.0,3.4065,23.1002,0.0,0.0,6.2124,B2,word_pos,allocation,N,allocation,NOM
cumuler,VERB,B2,beacco,13.8842,1.5141,0.0,0.2117,0.0,13.8842,0.0,0.0,1.5141,0.0,0.4157,0.0,19.035,0.0,0.0,2.5229,B2,word_pos,cumuler,V,cumuler,VER
pistolet,NOUN,B2,beacco,13.834,4.2436,0.0,0.0,5.4552,13.834,1.6042,0.0,4.2436,0.0,0.0,3.5636,17.8384,3.4423,0.0,4.6722,B2,word_pos,pistolet,N,pistolet,NOM
raves,NOUN,B2,crf_first_attested,13.8111,0.838,0.0,0.0,0.0,13.8111,0.0,0.0,0.838,,,,,,,,,crf_only,raves,N,,
pression,NOUN,B2,beacco,13.6777,19.8263,0.0,2.8783,8.6977,13.6777,105.0373,43.6102,19.8263,0.0,0.6008,9.5034,14.4824,114.8109,86.9662,20.2862,B2,word_pos,pression,N,pression,NOM
seconder,VERB,B2,beacco,13.6456,8.1121,,,,,,,,0.5547,0.5213,9.5085,13.6456,0.0,0.0,8.1121,B2,beacco_only,,,seconder,VER
aisé,ADJ,B2,beacco,13.6247,5.359,0.0,0.0,2.0307,13.6247,12.3029,0.0,5.359,0.0,0.0,3.196,6.8518,12.4171,0.0,5.019,B2,word_pos,aisé,A,aisé,ADJ
nuance,NOUN,B2,beacco,13.6247,2.577,0.0,0.0,0.2076,13.6247,0.0,19.2455,2.577,0.0,0.0,3.2407,6.8518,0.0,19.328,3.4911,B2,word_pos,nuance,N,nuance,NOM
détroit,NOUN,B2,beacco,13.6247,2.2034,0.0,0.0,1.1665,13.6247,0.0,0.0,2.2034,0.0,0.0,0.5531,6.8518,0.0,0.0,1.2473,B2,word_pos,détroit,N,détroit,NOM
scrupule,NOUN,B2,beacco,13.5998,0.911,0.0,0.0,0.0,13.5998,0.0,0.0,0.911,0.0,0.0,0.0,11.8663,0.0,0.0,0.9108,B2,word_pos,scrupule,N,scrupule,NOM
nullement,ADV,B2,beacco,13.5943,2.3359,0.0,0.0,0.4081,13.5943,0.0,9.6228,2.3359,0.0,0.0,0.8634,8.2287,0.0,19.328,2.8728,B2,word_pos,nullement,ADV,nullement,ADV
allier,VERB,B2,beacco,13.5753,18.8014,0.6621,0.2152,12.6571,13.5753,11.2294,214.5148,18.8014,0.0,0.186,7.9016,2.2839,6.8846,131.2856,9.5832,B2,word_pos,allier,V,allier,VER
pourquoi,NOUN,B2,beacco,13.5743,8.1921,,,,,,,,0.9464,0.5137,11.5825,13.5743,0.0,0.0,8.1921,B2,beacco_only,,,pourquoi,NOM
jusqu' au bout,ADV,B2,crf_first_attested,13.5407,1.4722,0.0,0.0,0.0,13.5407,1.6042,0.0,1.4722,,,,,,,,,crf_only,jusqu' au bout,ADV,,
lumineux,ADJ,B2,beacco,13.2448,5.3174,1.005,0.3918,1.8786,13.2448,12.4046,0.0,5.3174,0.9051,0.1865,3.5822,14.1801,6.0005,0.0,5.3882,B2,word_pos,lumineux,A,lumineux,ADJ
vide,NOUN,B2,beacco,13.226,15.7273,4.6682,1.8994,23.8158,13.226,36.3023,0.0,15.7273,7.0973,0.0,11.8019,2.2839,20.6179,0.0,7.5124,B2,word_pos,vide,N,vide,NOM
banquier,NOUN,B2,beacco,13.2199,5.2499,1.1385,0.2117,2.0483,13.2199,0.0,12.9876,5.2499,1.1764,0.4157,0.555,18.6978,0.0,0.0,6.1609,B2,word_pos,banquier,N,banquier,NOM
agacer,VERB,B2,beacco,13.2187,2.8333,0.2541,0.0,1.9705,13.2187,0.0,0.0,2.8333,0.0,0.0,0.5008,18.0984,0.0,0.0,2.5863,B2,word_pos,agacer,V,agacer,VER
saurer,VERB,B2,beacco,13.1471,8.9971,0.0,11.059,7.4468,13.1471,10.2669,0.0,8.9971,0.0,0.5213,0.4665,1.3018,6.0005,0.0,2.3647,B2,word_pos,saurer,V,saurer,VER
questionner,VERB,B2,beacco,13.1471,2.5617,0.0,0.0,1.809,13.1471,0.0,0.0,2.5617,0.0,0.0,0.6378,19.0399,0.0,0.0,2.5171,B2,word_pos,questionner,V,questionner,VER
concilier,VERB,B2,beacco,13.0447,5.9431,0.0,0.2439,4.8619,13.0447,12.4046,0.0,5.9431,0.0,0.4664,3.5957,19.2437,0.0,0.0,4.8438,B2,word_pos,concilier,V,concilier,VER
étonné,ADJ,B2,beacco,12.989,4.8303,0.0,2.4172,1.6062,12.989,0.0,0.0,4.8303,0.0,0.5781,0.487,17.4364,6.0005,0.0,4.5482,B2,word_pos,étonné,A,étonné,ADJ
carré,NOUN,B2,beacco,12.9386,3.3091,0.0,0.0,3.4065,12.9386,0.0,0.0,3.3091,0.0,0.0,0.5857,12.6911,0.0,0.0,1.7368,B2,word_pos,carré,N,carré,NOM
rassemblement,NOUN,B2,beacco,12.9386,2.5061,0.0,0.0,1.591,12.9386,0.0,0.0,2.5061,0.0,0.0,2.8589,8.4014,0.0,0.0,2.5074,B2,word_pos,rassemblement,N,rassemblement,NOM
prélever,VERB,B2,beacco,12.8324,8.6757,0.0,0.2117,3.7528,12.8324,45.7939,9.6228,8.6757,0.0,0.4157,5.0007,14.0086,40.1357,19.328,9.8315,B2,word_pos,prélever,V,prélever,VER
soutien,NOUN,B2,beacco,12.7889,22.0021,0.0,0.0,27.7047,12.7889,58.4655,56.3681,22.0021,0.0,0.0,30.5448,18.183,82.3729,56.7717,25.9537,B2,word_pos,soutien,N,soutien,NOM
préconiser,VERB,B2,beacco,12.7889,6.7073,0.0,0.0,4.9353,12.7889,16.4039,0.0,6.7073,0.0,0.0,4.8297,9.0915,12.4171,0.0,5.7035,B2,word_pos,préconiser,V,préconiser,VER
tracer,VERB,B2,beacco,12.7139,7.1644,0.0,0.0,5.1243,12.7139,41.0675,0.0,7.1644,0.0,0.0,3.5957,17.7501,31.3781,0.0,6.2042,B2,word_pos,tracer,V,tracer,VER
délivrer,VERB,B2,beacco,12.6472,6.171,5.5768,0.0,0.7236,12.6472,9.3035,25.9752,6.171,3.3382,0.0,3.5156,11.0214,6.0005,25.6659,6.8167,B2,word_pos,délivrer,V,délivrer,VER
technique,NOUN,B2,beacco,12.6248,48.6291,1.0953,7.2704,30.9257,12.6248,248.8802,185.4324,48.6291,0.5987,0.4664,7.0102,0.0,127.8789,170.3152,18.845,B2,word_pos,technique,N,technique,NOM
détourner,VERB,B2,beacco,12.5658,2.7114,0.0,0.0,2.7483,12.5658,0.0,6.4938,2.7114,0.0,0.0,3.5715,15.2575,0.0,12.833,3.4982,B2,word_pos,détourner,V,détourner,VER
moers,NOUN,B2,crf_first_attested,12.5501,0.8274,0.0,0.0,0.0,12.5501,0.0,0.0,0.8274,,,,,,,,,crf_only,moers,N,,
intérieur,ADJ,B2,beacco,12.5443,13.1648,0.0,0.4413,12.7373,12.5443,68.2653,0.0,13.1648,0.0,0.2129,9.555,21.0003,65.9532,0.0,13.0316,B2,word_pos,intérieur,A,intérieur,ADJ
béton,NOUN,B2,beacco,12.3852,4.1557,0.0,0.0,5.3645,12.3852,0.0,12.9876,4.1557,0.0,0.0,7.5777,12.3566,0.0,12.833,5.2635,B2,word_pos,béton,N,béton,NOM
vedette,NOUN,B2,beacco,12.3852,4.0014,0.0,0.7405,3.3964,12.3852,0.0,0.0,4.0014,0.0,0.606,4.7626,8.7861,0.0,0.0,4.154,B2,word_pos,vedette,N,vedette,NOM
restant,ADJ,B2,beacco,12.3729,2.0069,0.0,0.0,1.0202,12.3729,0.0,0.0,2.0069,0.0,0.0,1.1713,18.0499,0.0,0.0,3.0405,B2,word_pos,restant,A,restant,ADJ
innombrable,ADJ,B2,beacco,12.3135,4.4242,0.0,0.0,1.809,12.3135,15.6669,0.0,4.4242,0.0,0.0,0.6378,17.6317,20.024,0.0,4.5122,B2,word_pos,innombrable,A,innombrable,ADJ
oubli,NOUN,B2,beacco,12.3031,4.0127,0.0,0.0,5.0411,12.3031,2.0505,9.6228,4.0127,0.0,0.0,9.6671,8.4038,20.6179,19.328,7.0417,B2,word_pos,oubli,N,oubli,NOM
représentation,NOUN,B2,beacco,12.2423,49.4329,4.3476,0.2527,30.6046,12.2423,231.3743,244.7505,49.4329,7.2313,0.5137,43.1075,9.1403,103.0894,217.5042,39.7287,B2,word_pos,représentation,N,représentation,NOM
génie,NOUN,B2,beacco,12.2423,13.7421,0.0,0.1306,18.9353,12.2423,54.4402,0.0,13.7421,0.0,0.1865,20.4395,14.4942,65.168,0.0,15.1904,B2,word_pos,génie,N,génie,NOM
proliférer,VERB,B2,beacco,12.2423,3.3601,0.0,0.0,1.0854,12.2423,0.0,28.8683,3.3601,0.0,0.0,0.6378,9.1403,0.0,19.328,2.4512,B2,word_pos,proliférer,V,proliférer,VER
fourrer,VERB,B2,beacco,12.2423,1.3857,0.0,0.3209,0.0,12.2423,0.0,0.0,1.3857,0.0,0.0,0.0,9.1403,0.0,0.0,0.6546,B2,word_pos,fourrer,V,fourrer,VER
poster,VERB,B2,beacco,12.2423,1.3644,0.0,0.0,0.2041,12.2423,0.0,0.0,1.3644,0.0,0.0,3.5736,9.1403,0.0,0.0,2.5108,B2,word_pos,poster,V,poster,VER
valide,ADJ,B2,beacco,12.2423,0.7379,0.0,0.0,0.0,12.2423,0.0,0.0,0.7379,0.0,0.0,0.3906,9.1403,0.0,0.0,1.5034,B2,word_pos,valide,A,valide,ADJ
palier,NOUN,B2,beacco,12.241,6.5541,0.5693,0.0,10.4782,12.241,0.0,0.0,6.5541,1.1764,0.0,6.6071,8.2287,0.0,0.0,4.7543,B2,word_pos,palier,N,palier,NOM
raisonnement,NOUN,B2,beacco,12.241,3.41,0.0,0.0,0.0,12.241,10.2669,38.491,3.41,0.0,0.0,0.0,8.2287,20.6179,38.656,3.7179,B2,word_pos,raisonnement,N,raisonnement,NOM
relatif,ADJ,B2,beacco,12.1109,24.8113,0.0,0.0,50.5564,12.1109,36.6567,54.0717,24.8113,0.0,0.0,21.818,4.5679,31.3781,43.8345,13.3264,B2,word_pos,relatif,A,relatif,ADJ
gérer,VERB,B2,beacco,12.1109,23.7079,0.0,0.2117,45.1816,12.1109,68.9093,19.2455,23.7079,0.0,0.4157,38.7241,4.5679,77.1586,19.328,21.3894,B2,word_pos,gérer,V,gérer,VER
processus,NOUN,B2,beacco,12.1109,17.8302,0.0,0.0,0.6802,12.1109,140.6146,146.3752,17.8302,0.0,0.0,0.5857,9.1358,129.0281,138.6137,14.9898,B2,word_pos,processus,N,processus,NOM
impact,NOUN,B2,beacco,12.1109,17.5887,0.0,0.0,10.8454,12.1109,119.9275,38.491,17.5887,0.0,0.0,9.0561,9.1358,148.3659,38.656,18.0777,B2,word_pos,impact,N,impact,NOM
nécessité,NOUN,B2,beacco,12.1109,8.9866,0.0,0.0,2.6563,12.1109,24.3636,86.2516,8.9866,0.0,0.0,2.8865,2.2839,20.6179,93.687,6.6313,B2,word_pos,nécessité,N,nécessité,NOM
privilégié,ADJ,B2,beacco,12.1109,8.4698,5.4242,0.0,3.2621,12.1109,27.7392,0.0,8.4698,0.0,0.0,0.5857,0.0,4.139,0.0,0.6985,B2,word_pos,privilégié,A,privilégié,ADJ
hériter,VERB,B2,beacco,12.1109,7.9569,0.0,0.0,14.8153,12.1109,0.0,19.4814,7.9569,0.0,0.0,6.9834,2.2839,0.0,12.833,3.4289,B2,word_pos,hériter,V,hériter,VER
complexe,NOUN,B2,beacco,12.1109,6.9319,0.0,0.0,11.672,12.1109,13.8696,0.0,6.9319,0.0,0.0,3.5957,2.2839,20.6179,0.0,3.681,B2,word_pos,complexe,N,complexe,NOM
rouvrir,VERB,B2,beacco,12.1109,5.0831,0.0,0.2117,7.6987,12.1109,0.0,0.0,5.0831,0.0,0.4157,6.5912,4.5679,0.0,0.0,5.5031,B2,word_pos,rouvrir,V,rouvrir,VER
handicap,NOUN,B2,beacco,12.1109,3.843,0.0,0.4879,0.3618,12.1109,2.0505,9.6228,3.843,0.0,0.4664,0.6378,11.4197,4.139,19.328,5.2995,B2,word_pos,handicap,N,handicap,NOM
quota,NOUN,B2,beacco,12.1109,2.9098,0.0,0.0,0.0818,12.1109,3.1012,6.4938,2.9098,0.0,0.0,0.1243,6.8518,6.0005,12.833,3.3058,B2,word_pos,quota,N,quota,NOM
instantané,ADJ,B2,beacco,12.1109,2.1221,0.0,0.0,0.3618,12.1109,4.101,0.0,2.1221,0.0,0.0,0.6378,4.5679,4.139,0.0,1.9453,B2,word_pos,instantané,A,instantané,ADJ
thérapie,NOUN,B2,beacco,12.1109,2.0021,0.0,0.0,0.2076,12.1109,0.0,9.6228,2.0021,0.0,0.0,0.3906,2.2839,0.0,19.328,1.456,B2,word_pos,thérapie,N,thérapie,NOM
bonhomie,NOUN,B2,beacco,12.1109,1.8665,0.0,0.0,0.0,12.1109,12.4046,0.0,1.8665,0.0,0.0,0.0,4.5679,6.0005,0.0,0.8475,B2,word_pos,bonhomie,N,bonhomie,NOM
handicapé,ADJ,B2,beacco,12.1109,1.5212,0.0,0.0,0.0818,12.1109,0.0,0.0,1.5212,0.0,0.0,0.1243,2.2839,0.0,0.0,0.6742,B2,word_pos,handicapé,A,handicapé,ADJ
patrie,NOUN,B2,beacco,12.1109,1.2049,0.0,0.3702,0.0,12.1109,0.0,0.0,1.2049,0.0,0.606,0.5531,2.2839,0.0,0.0,1.5369,B2,word_pos,patrie,N,patrie,NOM
appropriation,NOUN,B2,beacco,12.1109,0.8226,0.0,0.0,0.0,12.1109,3.1012,0.0,0.8226,0.0,0.0,0.0,4.5679,6.0005,0.0,0.8475,B2,word_pos,appropriation,N,appropriation,NOM
peteca,NOUN,B2,crf_first_attested,12.1109,0.2765,0.0,0.0,0.0,12.1109,0.0,0.0,0.2765,,,,,,,,,crf_only,peteca,N,,
intimement,ADV,B2,beacco,12.0177,2.3057,0.0,0.0,0.231,12.0177,2.0505,0.0,2.3057,0.0,0.0,0.2331,12.4791,4.139,0.0,2.812,B2,word_pos,intimement,ADV,intimement,ADV
convivial,ADJ,B2,beacco,12.0033,1.595,0.0,0.0,0.5833,12.0033,0.0,0.0,1.595,0.0,0.0,0.5531,12.6911,0.0,0.0,1.7479,B2,word_pos,convivial,A,convivial,ADJ
personnellement,ADV,B2,beacco,11.928,10.7027,0.0,0.7405,9.9699,11.928,24.3636,19.4814,10.7027,0.0,0.606,8.7719,12.4791,27.9938,12.833,10.6787,B2,word_pos,personnellement,ADV,personnellement,ADV
pittoresque,ADJ,B2,beacco,11.9113,6.4799,13.7054,0.0,0.7214,11.9113,3.2084,0.0,6.4799,7.5967,0.0,0.4665,9.8252,3.4423,0.0,4.3347,B2,word_pos,pittoresque,A,pittoresque,ADJ
escalader,VERB,B2,beacco,11.9113,3.6379,0.5304,0.2599,1.8024,11.9113,0.0,0.0,3.6379,0.4856,0.5213,3.5058,9.8252,0.0,0.0,4.0395,B2,word_pos,escalader,V,escalader,VER
câble,NOUN,B2,beacco,11.6281,5.0842,0.0,0.3918,0.753,11.6281,0.0,0.0,5.0842,0.0,0.0,0.7866,4.8611,0.0,0.0,1.755,B2,word_pos,câble,N,câble,NOM
subir,VERB,B2,beacco,11.6053,28.7321,0.0816,0.2599,53.3825,11.6053,75.6353,57.7365,28.7321,0.171,0.5213,40.4165,9.0915,51.4303,77.312,22.1838,B2,word_pos,subir,V,subir,VER
rural,ADJ,B2,beacco,11.6053,11.4176,0.0,0.3702,26.139,11.6053,9.8067,0.0,11.4176,0.0,0.606,20.8232,18.183,19.861,0.0,13.2673,B2,word_pos,rural,A,rural,ADJ
issu,ADJ,B2,beacco,11.6053,10.7772,0.0,0.0,0.6802,11.6053,69.456,69.3619,10.7772,0.0,0.0,21.6372,31.1602,189.131,185.5908,33.3812,B2,word_pos,issu,A,issu,ADJ
identique,ADJ,B2,beacco,11.6053,6.8247,2.2771,0.2612,4.7552,11.6053,0.0,19.2455,6.8247,3.5292,0.3729,10.9244,9.0915,0.0,38.656,10.3537,B2,word_pos,identique,A,identique,ADJ
partisan,NOUN,B2,beacco,11.6053,3.2544,0.0,0.0,0.7236,11.6053,8.2019,0.0,3.2544,0.0,0.0,0.6378,9.0915,4.139,0.0,2.4761,B2,word_pos,partisan,N,partisan,NOM
reporter,NOUN,B2,beacco,11.5619,5.3387,0.5197,0.0,5.2284,11.5619,1.6042,0.0,5.3387,1.1123,0.0,7.4026,7.8109,3.4423,0.0,6.8981,B2,word_pos,reporter,N,reporter,NOM
éthique,NOUN,B2,beacco,11.4125,3.0334,0.0,0.0,0.3618,11.4125,14.569,0.0,3.0334,0.0,0.0,0.6378,12.6911,3.4423,0.0,2.764,B2,word_pos,éthique,N,éthique,NOM
aube,NOUN,B2,beacco,11.3335,11.5611,6.1825,0.0,29.6727,11.3335,0.0,0.0,11.5611,0.7319,0.0,45.4043,11.2274,0.0,12.833,15.746,B2,word_pos,aube,N,aube,NOM
éliminer,VERB,B2,beacco,11.3018,10.3388,0.0,0.3702,9.5758,11.3018,27.7392,32.4689,10.3388,0.0,0.606,9.8707,8.3751,41.2358,38.4989,12.6345,B2,word_pos,éliminer,V,éliminer,VER
calcul,NOUN,B2,beacco,11.3018,7.5157,0.0,0.7835,1.9454,11.3018,45.6318,19.4814,7.5157,0.0,0.3729,3.7062,19.2521,20.024,38.4989,8.6171,B2,word_pos,calcul,N,calcul,NOM
violences,NOUN,B2,crf_first_attested,11.3018,5.8884,0.0,0.0,0.0,11.3018,57.35,19.2455,5.8884,,,,,,,,,crf_only,violences,N,,
cinq mille,DET,B2,crf_first_attested,11.2954,0.6928,0.0,0.0,0.0,11.2954,0.0,0.0,0.6928,,,,,,,,,crf_only,cinq mille,DET,,
gravir,VERB,B2,beacco,11.2874,3.214,0.0,0.0,3.7676,11.2874,1.6042,0.0,3.214,0.0,0.0,3.5957,8.1049,3.4423,0.0,3.4243,B2,word_pos,gravir,V,gravir,VER
fonte,NOUN,B2,beacco,11.2874,2.4985,0.0,0.3702,0.8749,11.2874,0.0,0.0,2.4985,0.0,0.606,1.1062,8.1049,0.0,0.0,3.0314,B2,word_pos,fonte,N,fonte,NOM
fonctionnement,NOUN,B2,beacco,11.2845,30.8058,0.0,0.7405,32.1092,11.2845,50.5719,578.2322,30.8058,0.0,0.606,17.1469,14.4824,60.4644,560.5674,30.689,B2,word_pos,fonctionnement,N,fonctionnement,NOM
édifice,NOUN,B2,beacco,11.2845,16.9934,0.5081,0.4413,37.8357,11.2845,8.021,0.0,16.9934,0.5504,0.2129,28.8223,19.035,6.8846,0.0,15.9999,B2,word_pos,édifice,N,édifice,NOM
stable,ADJ,B2,beacco,11.2845,12.4216,0.0,2.8783,19.4679,11.2845,9.3035,28.8683,12.4216,0.0,0.6228,13.8988,9.0915,18.0014,38.656,12.1669,B2,word_pos,stable,A,stable,ADJ
constant,ADJ,B2,beacco,11.2845,10.6744,0.9991,0.0,14.7551,11.2845,45.2518,0.0,10.6744,0.0,0.0,10.4732,19.035,40.1357,0.0,10.2949,B2,word_pos,constant,A,constant,ADJ
dirigeant,NOUN,B2,beacco,11.2845,7.0431,0.0,0.0,3.6699,11.2845,29.6447,9.6228,7.0431,0.0,0.0,3.5301,9.0915,39.7963,19.328,8.001,B2,word_pos,dirigeant,N,dirigeant,NOM
porteur,NOUN,B2,beacco,11.2845,6.4735,0.0,0.0,7.7645,11.2845,18.6069,0.0,6.4735,0.0,0.0,43.8453,14.4824,18.0014,38.656,19.1908,B2,word_pos,porteur,N,porteur,NOM
élite,NOUN,B2,beacco,11.2845,4.6969,0.3983,0.0,0.4732,11.2845,8.2019,9.6228,4.6969,0.8346,0.0,0.438,14.4824,12.4171,19.328,6.7479,B2,word_pos,élite,N,élite,NOM
vocabulaire,NOUN,B2,beacco,11.2845,4.4472,0.0,0.0,1.2455,11.2845,15.7275,9.6228,4.4472,0.0,0.0,0.3906,14.4824,31.3781,19.328,5.8652,B2,word_pos,vocabulaire,N,vocabulaire,NOM
idem,ADV,B2,beacco,11.2845,1.85,0.0,0.0,0.0,11.2845,9.3035,0.0,1.85,0.0,0.0,0.0,9.0915,6.0005,0.0,1.4393,B2,word_pos,idem,ADV,idem,ADV
indirect,ADJ,B2,beacco,11.2281,1.5246,0.0,0.0,0.0,11.2281,6.2023,0.0,1.5246,0.0,0.0,0.0,9.1403,12.0009,0.0,2.1178,B2,word_pos,indirect,A,indirect,ADJ
perquisition,NOUN,B2,beacco,11.2023,0.731,0.0,0.0,0.0,11.2023,0.0,0.0,0.731,0.0,0.0,0.0,10.495,0.0,0.0,0.7771,B2,word_pos,perquisition,N,perquisition,NOM
mouillé,ADJ,B2,beacco,11.1239,6.271,0.0,0.5168,3.1094,11.1239,29.7295,0.0,6.271,0.0,0.0,0.438,0.0,3.4423,0.0,0.7154,B2,word_pos,mouillé,A,mouillé,ADJ
préoccuper,VERB,B2,beacco,11.0662,9.6244,0.0,0.57,6.3916,11.0662,20.4505,19.2455,9.6244,0.0,0.2891,9.4049,9.0915,20.6179,38.656,9.7044,B2,word_pos,préoccuper,V,préoccuper,VER
vociférer,VERB,B2,beacco,11.036,0.4968,0.0,0.0,0.0,11.036,0.0,0.0,0.4968,0.0,0.0,0.0,12.7613,0.0,0.0,0.796,B2,word_pos,vociférer,V,vociférer,VER
criminel,ADJ,B2,beacco,10.9007,5.585,0.0,0.0,0.0,10.9007,65.6421,0.0,5.585,0.0,0.0,0.0,22.0232,27.9938,0.0,4.1859,B2,word_pos,criminel,A,criminel,ADJ
manoeuvrer,VERB,B2,beacco,10.8613,0.4233,0.0,0.0,0.0,10.8613,0.0,0.0,0.4233,0.0,0.0,0.0,8.2033,0.0,0.0,0.5678,B2,word_pos,manoeuvrer,V,manoeuvrer,VER
modernité,NOUN,B2,beacco,10.7839,14.0421,1.2043,0.0,14.3392,10.7839,32.8078,0.0,14.0421,0.7319,0.0,14.5981,8.3751,16.5561,0.0,10.4325,B2,word_pos,modernité,N,modernité,NOM
tueur,NOUN,B2,beacco,10.7388,5.3066,0.0,0.0,6.1275,10.7388,3.1012,0.0,5.3066,0.0,0.0,0.6118,22.7798,6.0005,0.0,4.854,B2,word_pos,tueur,N,tueur,NOM
caractériser,VERB,B2,beacco,10.6273,17.5459,0.0816,0.0,13.6893,10.6273,46.9594,233.2122,17.5459,0.171,0.606,21.1275,9.1403,31.3781,154.9424,15.7465,B2,word_pos,caractériser,V,caractériser,VER
définitivement,ADV,B2,beacco,10.6273,14.2721,0.0,0.8468,15.8293,10.6273,67.9413,0.0,14.2721,0.0,0.4157,17.1131,9.1403,51.9203,0.0,13.1313,B2,word_pos,définitivement,ADV,définitivement,ADV
administrer,VERB,B2,beacco,10.6273,3.8883,0.0,0.0,0.0,10.6273,40.3921,0.0,3.8883,0.0,0.0,0.0,9.1403,31.3781,0.0,3.1959,B2,word_pos,administrer,V,administrer,VER
constatation,NOUN,B2,beacco,10.6273,2.8093,0.0,0.0,0.4732,10.6273,0.0,22.517,2.8093,0.0,0.0,0.438,9.1403,0.0,44.6051,3.5951,B2,word_pos,constatation,N,constatation,NOM
évacuer,VERB,B2,beacco,10.6273,1.8277,0.0,0.0,1.5606,10.6273,0.0,0.0,1.8277,0.0,0.0,2.8121,9.1403,0.0,0.0,2.4763,B2,word_pos,évacuer,V,évacuer,VER
asservir,VERB,B2,beacco,10.6273,1.508,0.0,0.0,0.6802,10.6273,0.0,0.0,1.508,0.0,0.0,0.0,9.1403,0.0,0.0,0.6546,B2,word_pos,asservir,V,asservir,VER
incarner,VERB,B2,beacco,10.6051,12.529,0.0,0.7405,28.0627,10.6051,6.2023,0.0,12.529,0.0,0.606,19.3855,12.4791,6.0005,0.0,10.4904,B2,word_pos,incarner,V,incarner,VER
angoisse,NOUN,B2,beacco,10.597,27.0909,26.0832,0.8015,25.9532,10.597,107.1971,12.9876,27.0909,7.132,0.5213,21.8343,2.2839,80.2715,12.833,18.0888,B2,word_pos,angoisse,N,angoisse,NOM
minuscule,ADJ,B2,beacco,10.597,13.4088,1.2043,0.0,28.6588,10.597,4.101,4.1173,13.4088,0.7319,0.0,9.3159,2.2839,4.139,4.0185,6.0947,B2,word_pos,minuscule,A,minuscule,ADJ
rituel,NOUN,B2,beacco,10.597,10.2435,0.0,0.0,15.7865,10.597,21.7081,0.0,10.2435,0.0,0.0,10.2564,2.2839,12.0009,0.0,5.0972,B2,word_pos,rituel,N,rituel,NOM
séparation,NOUN,B2,beacco,10.597,10.1214,1.2205,0.285,8.9665,10.597,4.101,28.8683,10.1214,0.0,0.2891,7.7393,2.2839,4.139,38.656,6.3261,B2,word_pos,séparation,N,séparation,NOM
menu,ADJ,B2,beacco,10.597,9.6496,23.7158,0.6351,0.2405,10.597,8.021,0.0,9.6496,1.1556,0.0,0.0,2.2839,10.3269,0.0,2.4234,B2,word_pos,menu,A,menu,ADJ
alimenter,VERB,B2,beacco,10.597,7.8491,0.0,0.3702,2.1642,10.597,41.9969,0.0,7.8491,0.0,0.606,0.933,9.1358,63.3793,0.0,9.0061,B2,word_pos,alimenter,V,alimenter,VER
gâter,VERB,B2,beacco,10.597,6.817,1.6274,0.0,10.7181,10.597,2.0505,0.0,6.817,0.8075,0.0,9.9698,2.2839,4.139,0.0,5.3865,B2,word_pos,gâter,V,gâter,VER
accumuler,VERB,B2,beacco,10.597,6.7325,1.5912,0.0,14.3084,10.597,2.0505,0.0,6.7325,0.4856,0.0,9.4768,2.2839,4.139,0.0,4.5958,B2,word_pos,accumuler,V,accumuler,VER
abuser,VERB,B2,beacco,10.597,6.7174,0.0,0.0,4.7971,10.597,24.3636,9.6228,6.7174,0.0,0.0,7.5517,2.2839,20.6179,19.328,5.6556,B2,word_pos,abuser,V,abuser,VER
maximum,NOUN,B2,beacco,10.597,5.7284,3.622,0.0,1.4472,10.597,6.1515,0.0,5.7284,7.2715,0.0,0.6378,2.2839,4.139,0.0,2.8897,B2,word_pos,maximum,N,maximum,NOM
infantile,ADJ,B2,beacco,10.597,4.4124,0.0,0.0,9.6352,10.597,0.0,0.0,4.4124,0.0,0.0,3.4715,2.2839,0.0,0.0,1.5151,B2,word_pos,infantile,A,infantile,ADJ
sincérité,NOUN,B2,beacco,10.597,4.3952,0.0,0.0,6.305,10.597,0.0,9.6228,4.3952,0.0,0.0,7.0102,2.2839,0.0,19.328,3.3257,B2,word_pos,sincérité,N,sincérité,NOM
manie,NOUN,B2,beacco,10.597,3.8487,0.0,0.0,0.6122,10.597,15.5058,0.0,3.8487,0.0,0.0,0.4317,0.0,6.0005,0.0,0.6194,B2,word_pos,manie,N,manie,NOM
gym,NOUN,B2,beacco,10.597,3.6289,4.7731,0.0,1.809,10.597,0.0,0.0,3.6289,4.9069,0.0,0.6378,2.2839,0.0,0.0,1.2702,B2,word_pos,gym,N,gym,NOM
poliment,ADV,B2,beacco,10.597,3.3073,0.0,1.5505,0.6884,10.597,0.0,0.0,3.3073,0.0,1.0679,0.487,2.2839,0.0,0.0,1.5485,B2,word_pos,poliment,ADV,poliment,ADV
ridicule,NOUN,B2,beacco,10.597,2.8119,0.3983,0.0,0.6228,10.597,0.0,0.0,2.8119,0.8346,0.0,0.3906,2.2839,0.0,0.0,1.3204,B2,word_pos,ridicule,N,ridicule,NOM
qualification,NOUN,B2,beacco,10.597,2.5897,0.0,0.0,0.6802,10.597,0.0,19.2455,2.5897,0.0,0.0,0.5857,9.1358,0.0,38.656,3.1039,B2,word_pos,qualification,N,qualification,NOM
autrui,PRON,B2,beacco,10.597,2.1415,0.0,0.0,2.4677,10.597,0.0,0.0,2.1415,0.0,0.0,4.8297,2.2839,0.0,0.0,1.8555,B2,unique_word,autrui,PRO,autrui,NOM
salière,NOUN,B2,beacco,10.597,1.572,1.1385,0.0,0.0,10.597,0.0,0.0,1.572,1.1764,0.0,0.0,2.2839,0.0,0.0,0.5734,B2,word_pos,salière,N,salière,NOM
dérision,NOUN,B2,beacco,10.597,0.9181,0.0,0.0,0.3618,10.597,0.0,0.0,0.9181,0.0,0.0,0.6378,2.2839,0.0,0.0,0.7068,B2,word_pos,dérision,N,dérision,NOM
euphémisme,NOUN,B2,beacco,10.597,0.892,0.0,0.0,0.0,10.597,2.0505,0.0,0.892,0.0,0.0,0.0,2.2839,4.139,0.0,0.7167,B2,word_pos,euphémisme,N,euphémisme,NOM
illicite,ADJ,B2,beacco,10.597,0.7728,0.0,0.0,0.0,10.597,3.1012,0.0,0.7728,0.0,0.0,0.0,2.2839,6.0005,0.0,0.7085,B2,word_pos,illicite,A,illicite,ADJ
valorisant,ADJ,B2,beacco,10.597,0.7728,0.0,0.0,0.0,10.597,3.1012,0.0,0.7728,0.0,0.0,0.0,2.2839,6.0005,0.0,0.7085,B2,word_pos,valorisant,A,valorisant,ADJ
cognitivo - comportementaliste,ADJ,B2,crf_first_attested,10.597,0.242,0.0,0.0,0.0,10.597,0.0,0.0,0.242,,,,,,,,,crf_only,cognitivo - comportementaliste,A,,
comportement vous tire,NOUN,B2,crf_first_attested,10.597,0.242,0.0,0.0,0.0,10.597,0.0,0.0,0.242,,,,,,,,,crf_only,comportement vous tire,N,,
contrairement au voleur,ADV,B2,crf_first_attested,10.597,0.242,0.0,0.0,0.0,10.597,0.0,0.0,0.242,,,,,,,,,crf_only,contrairement au voleur,ADV,,
interposer,VERB,B2,crf_first_attested,10.597,0.242,0.0,0.0,0.0,10.597,0.0,0.0,0.242,,,,,,,,,crf_only,interposer,V,,
non - fumeur,NOUN,B2,crf_first_attested,10.597,0.242,0.0,0.0,0.0,10.597,0.0,0.0,0.242,,,,,,,,,crf_only,non - fumeur,N,,
tu comptes t',ADV,B2,crf_first_attested,10.597,0.242,0.0,0.0,0.0,10.597,0.0,0.0,0.242,,,,,,,,,crf_only,tu comptes t',ADV,,
gibier,NOUN,B2,beacco,10.5688,3.1476,0.0,0.0,0.1815,10.5688,12.4046,0.0,3.1476,0.0,0.0,0.2504,2.6036,6.0005,0.0,1.7256,B2,word_pos,gibier,N,gibier,NOM
recoin,NOUN,B2,beacco,10.5688,0.7034,0.0,0.0,0.0,10.5688,0.0,0.0,0.7034,0.0,0.0,0.0,6.4342,0.0,0.0,0.4846,B2,word_pos,recoin,N,recoin,NOM
là-dessus,ADV,B2,beacco,10.4511,1.0345,,,,,,,,0.0,0.0,0.0,10.4511,0.0,0.0,1.0345,B2,beacco_only,,,là-dessus,ADV
reprocher,VERB,B2,beacco,10.3096,11.4667,0.0,0.0,35.131,10.3096,0.0,19.4814,11.4667,0.0,0.0,30.0526,18.1689,0.0,25.6659,14.1051,B2,word_pos,reprocher,V,reprocher,VER
résulter,VERB,B2,beacco,10.2418,10.8118,0.0,0.0,7.5713,10.2418,30.8753,115.9766,10.8118,0.0,0.0,7.7117,11.6267,43.5754,43.8345,11.33,B2,word_pos,résulter,V,résulter,VER
précaire,ADJ,B2,beacco,10.2418,5.5265,0.0,0.0,5.2694,10.2418,3.1012,57.7365,5.5265,0.0,0.0,7.622,11.6267,6.0005,77.312,8.6322,B2,word_pos,précaire,A,précaire,ADJ
expatrié,NOUN,B2,crf_first_attested,10.2418,3.96,0.0,0.0,0.0,10.2418,32.8078,0.0,3.96,,,,,,,,,crf_only,expatrié,N,,
audace,NOUN,B2,beacco,10.2418,3.8685,0.0,0.6418,5.2285,10.2418,0.0,0.0,3.8685,0.0,0.6228,7.5572,9.0915,0.0,0.0,4.8076,B2,word_pos,audace,N,audace,NOM
disperser,VERB,B2,beacco,10.2418,3.5528,0.0,0.0,1.4531,10.2418,9.3035,0.0,3.5528,0.0,0.0,1.1717,11.6267,6.0005,0.0,3.5796,B2,word_pos,disperser,V,disperser,VER
trimer,VERB,B2,beacco,10.2418,0.6294,0.0,0.0,0.0,10.2418,0.0,0.0,0.6294,0.0,0.0,0.0,11.6267,0.0,0.0,0.8011,B2,word_pos,trimer,V,trimer,VER
polluer,VERB,B2,beacco,10.2239,6.6532,0.5304,0.0,10.2154,10.2239,12.4046,0.0,6.6532,0.4856,0.0,9.6708,18.0886,6.0005,0.0,7.0267,B2,word_pos,polluer,V,polluer,VER
dynamique,NOUN,B2,beacco,10.2096,6.3595,0.0,0.2117,0.2405,10.2096,48.7271,0.0,6.3595,0.0,0.0,0.4665,9.0915,41.2358,0.0,5.2072,B2,word_pos,dynamique,N,dynamique,NOM
surprenant,ADJ,B2,beacco,10.1252,6.7766,0.0,0.3918,7.0394,10.1252,6.4168,0.0,6.7766,0.0,0.0,3.1652,17.8055,3.4423,0.0,4.6007,B2,word_pos,surprenant,A,surprenant,ADJ
promeneur,NOUN,B2,beacco,10.1063,1.1824,0.0,0.0,0.0,10.1063,1.6042,0.0,1.1824,0.0,0.0,0.0,17.7582,3.4423,0.0,2.3611,B2,word_pos,promeneur,N,promeneur,NOM
souffrance,NOUN,B2,beacco,9.9222,7.8865,0.0,0.0,6.8541,9.9222,39.6967,6.4938,7.8865,0.0,0.0,7.622,8.7861,40.1357,12.833,8.2326,B2,word_pos,souffrance,N,souffrance,NOM
traître,NOUN,B2,beacco,9.9222,7.1263,0.3983,0.2035,10.8381,9.9222,0.0,0.0,7.1263,0.8346,0.3851,8.016,1.3018,0.0,0.0,6.1879,B2,word_pos,traître,N,traître,NOM
paire,NOUN,B2,beacco,9.9222,5.7911,3.3104,0.0,3.2782,9.9222,4.8126,0.0,5.7911,2.5271,0.0,6.2522,8.7861,3.4423,0.0,6.0645,B2,word_pos,paire,N,paire,NOM
discrètement,ADV,B2,beacco,9.9222,4.7819,0.0,0.0,12.9233,9.9222,0.0,0.0,4.7819,0.0,0.0,13.8839,8.7861,0.0,0.0,5.545,B2,word_pos,discrètement,ADV,discrètement,ADV
franchement,ADV,B2,beacco,9.9222,3.211,0.0,0.2117,3.6656,9.9222,0.0,0.0,3.211,0.0,0.4157,5.5016,12.3566,0.0,0.0,4.9593,B2,word_pos,franchement,ADV,franchement,ADV
légendaire,ADJ,B2,beacco,9.9222,0.6578,0.0,0.0,0.0,9.9222,0.0,0.0,0.6578,0.0,0.0,0.0,8.7861,0.0,0.0,0.6644,B2,word_pos,légendaire,A,légendaire,ADJ
antichambre,NOUN,B2,beacco,9.9102,5.1162,1.005,0.0,1.6324,9.9102,0.0,0.0,5.1162,0.0,0.0,0.8634,5.2073,0.0,0.0,1.8003,B2,word_pos,antichambre,N,antichambre,NOM
extrémité,NOUN,B2,beacco,9.9102,2.0738,0.0,0.0,0.0,9.9102,0.0,38.491,2.0738,0.0,0.0,0.0,5.2073,19.861,19.328,2.6933,B2,word_pos,extrémité,N,extrémité,NOM
garde - chasse,NOUN,B2,crf_first_attested,9.9102,0.2263,0.0,0.0,0.0,9.9102,0.0,0.0,0.2263,,,,,,,,,crf_only,garde - chasse,N,,
vilain,ADJ,B2,beacco,9.8952,4.8954,0.0,0.0,13.0387,9.8952,0.0,0.0,4.8954,0.0,0.0,14.0137,19.0591,0.0,0.0,7.0426,B2,word_pos,vilain,A,vilain,ADJ
cinq,NOUN,B2,beacco,9.8252,0.6965,,,,,,,,0.0,0.0,0.0,9.8252,0.0,0.0,0.6965,B2,beacco_only,,,cinq,NOM
cage,NOUN,B2,beacco,9.7124,13.4428,0.0,0.4879,38.668,9.7124,15.6669,0.0,13.4428,0.0,0.4664,27.888,8.3751,20.024,0.0,11.7012,B2,word_pos,cage,N,cage,NOM
priorité,NOUN,B2,beacco,9.7124,13.219,0.0,0.0,10.6511,9.7124,73.5654,25.9752,13.219,0.9464,0.5137,20.8264,14.1801,61.8536,25.6659,20.0456,B2,word_pos,priorité,N,priorité,NOM
atteinte,NOUN,B2,beacco,9.7124,9.2154,0.0,0.2439,12.475,9.7124,8.021,9.6228,9.2154,0.0,0.4664,5.4885,8.3751,3.4423,19.328,6.7691,B2,word_pos,atteinte,N,atteinte,NOM
acheminer,VERB,B2,beacco,9.7124,6.9299,0.0,0.0,3.7685,9.7124,51.3298,0.0,6.9299,0.0,0.0,3.6187,8.3751,20.024,0.0,4.8206,B2,word_pos,acheminer,V,acheminer,VER
déboucher,VERB,B2,beacco,9.7124,6.8823,0.0,0.3702,11.8944,9.7124,3.1012,9.6228,6.8823,0.0,0.606,15.4508,8.3751,6.0005,19.328,9.2685,B2,word_pos,déboucher,V,déboucher,VER
individuellement,ADV,B2,beacco,9.7124,1.2715,0.0,0.0,0.0,9.7124,2.0505,0.0,1.2715,0.0,0.0,0.0,8.3751,4.139,0.0,1.5822,B2,word_pos,individuellement,ADV,individuellement,ADV
trait,NOUN,B2,beacco,9.6166,4.3084,0.0,0.0,4.7966,9.6166,0.0,28.8683,4.3084,0.0,0.6228,15.3792,34.1357,4.139,19.328,13.7381,B2,word_pos,trait,N,trait,NOM
fidèle,NOUN,B2,beacco,9.6166,4.137,0.4014,0.2599,2.4532,9.6166,1.6042,0.0,4.137,0.7319,0.186,10.5212,12.7613,3.4423,12.833,9.933,B2,word_pos,fidèle,N,fidèle,NOM
ancrer,VERB,B2,beacco,9.6166,3.7976,0.0,0.0,5.7343,9.6166,1.6042,0.0,3.7976,0.0,0.0,5.3792,8.4038,0.0,0.0,3.1047,B2,word_pos,ancrer,V,ancrer,VER
accourir,VERB,B2,beacco,9.6166,1.2292,0.0,0.0,0.2076,9.6166,0.0,0.0,1.2292,0.0,0.0,0.3906,8.4038,0.0,0.0,1.4987,B2,word_pos,accourir,V,accourir,VER
clandestin,ADJ,B2,beacco,9.6166,0.6535,0.0,0.0,0.0,9.6166,0.0,0.0,0.6535,0.0,0.0,0.0,8.4038,0.0,0.0,0.6508,B2,word_pos,clandestin,A,clandestin,ADJ
impératif,NOUN,B2,beacco,9.5656,5.1703,0.0,0.0,0.5833,9.5656,6.4168,48.1138,5.1703,0.0,0.0,0.5531,2.5411,0.0,19.328,1.6114,B2,word_pos,impératif,N,impératif,NOM
collégien,NOUN,B2,beacco,9.5656,3.7598,1.0394,1.9307,0.6802,9.5656,0.0,0.0,3.7598,2.2246,0.5213,0.0,8.4014,0.0,0.0,2.6753,B2,word_pos,collégien,N,collégien,NOM
enflammer,VERB,B2,beacco,9.5656,3.1956,0.0,0.2439,0.0818,9.5656,9.3035,0.0,3.1956,0.0,0.4664,0.1243,12.6911,6.0005,0.0,3.9209,B2,word_pos,enflammer,V,enflammer,VER
aversion,NOUN,B2,beacco,9.5656,1.7525,0.0,0.0,0.0,9.5656,9.3035,0.0,1.7525,0.0,0.0,0.0,2.5411,6.0005,0.0,0.6395,B2,word_pos,aversion,N,aversion,NOM
pamphlet,NOUN,B2,beacco,9.5656,0.6286,0.0,0.0,0.0,9.5656,0.0,0.0,0.6286,0.0,0.0,0.0,12.6911,0.0,0.0,0.7877,B2,word_pos,pamphlet,N,pamphlet,NOM
là - dessus,ADV,B2,crf_first_attested,9.5414,1.7392,0.0,0.0,0.0,9.5414,4.8126,0.0,1.7392,,,,,,,,,crf_only,là - dessus,ADV,,
fédéral,ADJ,B2,beacco,9.4864,9.0956,0.5081,0.0,8.5867,9.4864,8.2019,0.0,9.0956,0.5504,0.0,8.2582,8.1049,4.139,0.0,8.1378,B2,word_pos,fédéral,A,fédéral,ADJ
légitime,ADJ,B2,beacco,9.4864,7.7495,0.0,0.0,0.0,9.4864,57.7841,56.3681,7.7495,0.0,0.0,0.0,8.1049,62.7562,77.4712,7.1836,B2,word_pos,légitime,A,légitime,ADJ
affecter,VERB,B2,beacco,9.4701,6.7199,0.0,0.0,0.7097,9.4701,52.2974,6.4938,6.7199,0.0,0.0,0.438,8.2287,65.9532,12.833,7.1948,B2,word_pos,affecter,V,affecter,VER
distinctement,ADV,B2,beacco,9.4701,1.1969,0.6621,0.0,0.0,9.4701,0.0,0.0,1.1969,1.2635,0.0,0.0,8.2287,0.0,0.0,1.4762,B2,word_pos,distinctement,ADV,distinctement,ADV
tranquillité,NOUN,B2,beacco,9.4579,7.4658,0.0,0.0,23.9651,9.4579,0.0,0.0,7.4658,0.0,0.0,33.8656,6.4611,0.0,0.0,9.6798,B2,word_pos,tranquillité,N,tranquillité,NOM
apparent,ADJ,B2,beacco,9.4499,1.6965,0.0,0.2114,0.0,9.4499,2.0505,0.0,1.6965,0.0,0.6008,0.0,8.2319,4.139,0.0,2.3547,B2,word_pos,apparent,A,apparent,ADJ
représentatif,ADJ,B2,beacco,9.4106,7.7443,0.0,0.0,11.5832,9.4106,28.892,0.0,7.7443,0.0,0.0,11.7502,8.2287,20.6179,0.0,7.0189,B2,word_pos,représentatif,A,représentatif,ADJ
déchaîner,VERB,B2,beacco,9.4106,5.5671,0.0,0.0,15.607,9.4106,0.0,0.0,5.5671,0.0,0.0,9.4216,8.2287,0.0,0.0,4.2001,B2,word_pos,déchaîner,V,déchaîner,VER
épargner,VERB,B2,beacco,9.4106,4.559,0.0,0.0,6.5577,9.4106,4.8126,0.0,4.559,0.0,0.0,7.557,8.2287,3.4423,0.0,4.6386,B2,word_pos,épargner,V,épargner,VER
pêcheur,NOUN,B2,beacco,9.4042,7.1438,0.4014,0.2114,7.1875,9.4042,8.2019,0.0,7.1438,0.7319,0.6008,12.1785,9.5296,8.2781,0.0,9.6077,B2,word_pos,pêcheur,N,pêcheur,NOM
raser,VERB,B2,beacco,9.4042,2.1687,2.6483,0.0,0.0,9.4042,3.1012,0.0,2.1687,1.2635,0.0,0.0,9.5296,6.0005,0.0,2.3222,B2,word_pos,raser,V,raser,VER
obsession,NOUN,B2,beacco,9.3724,3.8416,0.0,0.7405,1.0854,9.3724,3.2084,0.0,3.8416,0.0,0.606,0.6378,8.2033,3.4423,0.0,3.447,B2,word_pos,obsession,N,obsession,NOM
parquet,NOUN,B2,beacco,9.2015,3.7401,0.0,0.4879,1.8239,9.2015,6.2023,0.0,3.7401,0.0,0.4664,3.5051,11.742,6.0005,0.0,5.2027,B2,word_pos,parquet,N,parquet,NOM
abandon,NOUN,B2,beacco,9.181,10.4761,0.5197,0.2117,9.7422,9.181,51.0722,0.0,10.4761,0.0,0.4157,12.2898,3.8116,40.1357,0.0,9.4206,B2,word_pos,abandon,N,abandon,NOM
derrière,NOUN,B2,beacco,9.1168,1.6779,0.0,0.0,0.6884,9.1168,0.0,0.0,1.6779,0.0,0.0,6.4243,9.025,6.0005,0.0,4.5621,B2,word_pos,derrière,N,derrière,NOM
anglo-saxon,ADJ,B2,beacco,9.0915,9.5252,,,,,,,,0.0,0.0,10.0381,9.0915,49.0825,0.0,9.5252,B2,beacco_only,,,anglo-saxon,ADJ
bien-être,NOUN,B2,beacco,9.0915,5.5338,,,,,,,,0.0,0.0,3.5957,9.0915,27.403,0.0,5.5338,B2,beacco_only,,,bien-être,NOM
complexe,ADJ,B2,beacco,9.0831,23.4658,0.6621,0.0,31.0624,9.0831,99.6002,57.7365,23.4658,1.2635,0.0,38.6163,14.1801,52.5392,38.656,22.1337,B2,word_pos,complexe,A,complexe,ADJ
bouleversement,NOUN,B2,beacco,9.0831,11.5803,0.0,0.0,21.7842,9.0831,0.0,104.0243,11.5803,0.0,0.0,17.0723,2.2839,0.0,113.6757,9.2826,B2,word_pos,bouleversement,N,bouleversement,NOM
ponctuel,ADJ,B2,beacco,9.0831,9.1156,0.0,0.4234,8.9797,9.0831,29.1381,0.0,9.1156,0.0,0.4157,11.6805,2.2839,29.205,0.0,8.2124,B2,word_pos,ponctuel,A,ponctuel,ADJ
organe,NOUN,B2,beacco,9.0831,8.9205,1.1385,0.8456,1.1931,9.0831,0.0,114.1335,8.9205,1.1764,0.6008,2.2924,6.8518,0.0,145.006,9.5993,B2,word_pos,organe,N,organe,NOM
massif,NOUN,B2,beacco,9.0831,7.3127,7.9636,0.0,9.9397,9.0831,6.1515,0.0,7.3127,1.1008,0.0,9.6725,4.5679,4.139,0.0,5.3458,B2,word_pos,massif,N,massif,NOM
élaboration,NOUN,B2,beacco,9.0831,6.9462,0.0,0.2439,3.4501,9.0831,8.2019,28.8683,6.9462,0.0,0.4664,3.7679,2.2839,4.139,19.328,4.722,B2,word_pos,élaboration,N,élaboration,NOM
valable,ADJ,B2,beacco,9.0831,6.6812,0.0,0.0,11.033,9.0831,1.6042,12.9876,6.6812,0.0,0.0,14.0244,4.5679,3.4423,12.833,7.3715,B2,word_pos,valable,A,valable,ADJ
synthétiser,VERB,B2,beacco,9.0831,6.4278,0.0,0.0,4.9413,9.0831,2.0505,68.1256,6.4278,0.0,0.0,6.9306,2.2839,4.139,56.7717,5.5973,B2,word_pos,synthétiser,V,synthétiser,VER
conviction,NOUN,B2,beacco,9.0831,6.0343,0.0,0.7318,0.0698,9.0831,21.8856,4.1173,6.0343,0.0,0.4664,0.1219,2.2839,36.8208,4.0185,4.8815,B2,word_pos,conviction,N,conviction,NOM
parental,ADJ,B2,beacco,9.0831,5.4143,0.4996,0.331,0.3618,9.0831,6.2023,38.491,5.4143,0.0,0.2129,0.6378,13.7036,6.0005,57.984,6.8584,B2,word_pos,parental,A,parental,ADJ
attachement,NOUN,B2,beacco,9.0831,5.193,0.3158,0.0,2.9075,9.0831,1.6042,28.8683,5.193,0.6291,0.0,3.5156,4.5679,3.4423,38.656,5.7604,B2,word_pos,attachement,N,attachement,NOM
usager,NOUN,B2,beacco,9.0831,4.7366,0.0,0.0,8.9973,9.0831,1.6042,0.0,4.7366,0.0,0.0,5.2486,2.2839,3.4423,0.0,3.0621,B2,word_pos,usager,N,usager,NOM
communautaire,ADJ,B2,beacco,9.0831,4.6782,0.0,0.4718,6.9735,9.0831,0.0,0.0,4.6782,0.0,0.1937,5.5016,6.8518,0.0,0.0,4.421,B2,word_pos,communautaire,A,communautaire,ADJ
toxique,ADJ,B2,beacco,9.0831,3.952,0.0,0.3702,5.728,9.0831,0.0,0.0,3.952,0.0,0.606,3.6187,4.5679,0.0,0.0,3.1619,B2,word_pos,toxique,A,toxique,ADJ
parlement,NOUN,B2,beacco,9.0831,3.7689,0.0,0.0,6.0816,9.0831,3.1012,0.0,3.7689,0.9464,0.0,14.1717,6.8518,39.7963,56.7717,14.2807,B2,word_pos,parlement,N,parlement,NOM
inséparable,ADJ,B2,beacco,9.0831,3.7055,0.2541,0.0,4.0075,9.0831,0.0,0.0,3.7055,0.5504,0.0,5.0986,2.2839,0.0,0.0,2.623,B2,word_pos,inséparable,A,inséparable,ADJ
réglementer,VERB,B2,beacco,9.0831,3.1246,0.0,0.0,0.0906,9.0831,10.2524,0.0,3.1246,0.0,0.0,0.185,4.5679,8.2781,0.0,2.6203,B2,word_pos,réglementer,V,réglementer,VER
réciprocité,NOUN,B2,beacco,9.0831,2.6847,0.0,0.0,1.0202,9.0831,3.2084,0.0,2.6847,0.0,0.0,0.5857,2.2839,6.8846,0.0,2.0375,B2,word_pos,réciprocité,N,réciprocité,NOM
bienveillant,ADJ,B2,beacco,9.0831,1.9365,0.0,0.0,2.8098,9.0831,0.0,0.0,1.9365,0.0,0.0,3.7679,2.2839,0.0,0.0,1.5689,B2,word_pos,bienveillant,A,bienveillant,ADJ
formulation,NOUN,B2,beacco,9.0831,1.8086,0.0,0.0,0.0,9.0831,12.7628,0.0,1.8086,0.0,0.0,0.0,2.2839,20.024,0.0,1.5671,B2,word_pos,formulation,N,formulation,NOM
préfigurer,VERB,B2,beacco,9.0831,1.747,0.0,0.0,0.0,9.0831,8.2019,0.0,1.747,0.0,0.0,0.0,2.2839,4.139,0.0,0.7167,B2,word_pos,préfigurer,V,préfigurer,VER
invoquer,VERB,B2,beacco,9.0831,1.3524,0.0,0.0,0.1637,9.0831,0.0,0.0,1.3524,0.0,0.0,0.1243,2.2839,0.0,0.0,0.6742,B2,word_pos,invoquer,V,invoquer,VER
alpiniste,NOUN,B2,beacco,9.0831,1.2843,0.0,0.0,0.5833,9.0831,0.0,0.0,1.2843,0.0,0.0,0.5531,4.5679,0.0,0.0,1.0141,B2,word_pos,alpiniste,N,alpiniste,NOM
girofle,NOUN,B2,beacco,9.0831,1.227,0.0,0.0,0.0,9.0831,0.0,4.1173,1.227,0.0,0.0,0.0,4.5679,0.0,4.0185,0.9811,B2,word_pos,girofle,N,girofle,NOM
réinventer,VERB,B2,beacco,9.0831,1.0744,0.0,0.0,0.0,9.0831,0.0,6.4938,1.0744,0.0,0.0,0.0,2.2839,0.0,12.833,0.7167,B2,word_pos,réinventer,V,réinventer,VER
altérité,NOUN,B2,beacco,9.0831,0.9756,0.0,0.0,0.2405,9.0831,0.0,0.0,0.9756,0.0,0.0,0.4665,2.2839,0.0,0.0,0.6811,B2,word_pos,altérité,N,altérité,NOM
adage,NOUN,B2,beacco,9.0831,0.829,0.0,0.0,0.0,9.0831,2.0505,0.0,0.829,0.0,0.0,0.0,2.2839,4.139,0.0,0.7167,B2,word_pos,adage,N,adage,NOM
reformuler,VERB,B2,beacco,9.0831,0.829,0.0,0.0,0.0,9.0831,2.0505,0.0,0.829,0.0,0.0,0.0,2.2839,4.139,0.0,0.7167,B2,word_pos,reformuler,V,reformuler,VER
aéroportuaire,ADJ,B2,beacco,9.0831,0.7209,0.0,0.0,0.0,9.0831,3.1012,0.0,0.7209,0.0,0.0,0.0,4.5679,6.0005,0.0,0.8475,B2,word_pos,aéroportuaire,A,aéroportuaire,ADJ
antirétroviral,ADJ,B2,crf_first_attested,9.0831,0.2074,0.0,0.0,0.0,9.0831,0.0,0.0,0.2074,,,,,,,,,crf_only,antirétroviral,A,,
bidi,NOUN,B2,crf_first_attested,9.0831,0.2074,0.0,0.0,0.0,9.0831,0.0,0.0,0.2074,,,,,,,,,crf_only,bidi,N,,
connections,NOUN,B2,crf_first_attested,9.0831,0.2074,0.0,0.0,0.0,9.0831,0.0,0.0,0.2074,,,,,,,,,crf_only,connections,N,,
inattendu,NOUN,B2,crf_first_attested,9.0831,0.2074,0.0,0.0,0.0,9.0831,0.0,0.0,0.2074,,,,,,,,,crf_only,inattendu,N,,
slave,NOUN,B2,crf_first_attested,9.0831,0.2074,0.0,0.0,0.0,9.0831,0.0,0.0,0.2074,,,,,,,,,crf_only,slave,N,,
titrer,VERB,B2,crf_first_attested,9.0831,0.2074,0.0,0.0,0.0,9.0831,0.0,0.0,0.2074,,,,,,,,,crf_only,titrer,V,,
polar,ADJ,B2,beacco,9.0539,1.5207,,,,,,,,0.0,0.606,0.0,9.0539,0.0,0.0,1.5207,B2,beacco_only,,,polar,ADJ
en présence de,PREP,B2,crf_first_attested,9.0467,1.3903,0.0,0.0,0.0,9.0467,3.2084,0.0,1.3903,,,,,,,,,crf_only,en présence de,PREP,,
affectionner,VERB,B2,beacco,9.0467,0.5778,0.0,0.0,0.0,9.0467,0.0,0.0,0.5778,0.0,0.0,0.0,8.7861,0.0,0.0,0.6644,B2,word_pos,affectionner,V,affectionner,VER
racine,NOUN,B2,beacco,9.0338,4.5615,0.6621,4.7363,0.0,9.0338,0.0,28.8683,4.5615,1.2635,0.4157,0.0,15.813,0.0,38.656,5.1989,B2,word_pos,racine,N,racine,NOM
procéder,VERB,B2,beacco,8.952,3.3836,0.0,0.0,0.3401,8.952,39.6967,0.0,3.3836,0.0,0.0,0.5857,15.0561,51.4303,0.0,5.5943,B2,word_pos,procéder,V,procéder,VER
échantillon,NOUN,B2,beacco,8.8358,4.5605,0.0,0.0,0.0,8.8358,45.2699,0.0,4.5605,0.0,0.0,0.0,8.4014,56.8202,0.0,4.6344,B2,word_pos,échantillon,N,échantillon,NOM
prioritaire,ADJ,B2,beacco,8.8358,2.0052,0.0,0.0,0.0698,8.8358,2.0505,0.0,2.0052,0.0,0.0,0.1219,8.4014,4.139,0.0,2.4342,B2,word_pos,prioritaire,A,prioritaire,ADJ
dj,NOUN,B2,crf_first_attested,8.8358,0.8353,0.0,0.0,0.0,8.8358,0.0,0.0,0.8353,,,,,,,,,crf_only,dj,N,,
rouge,NOUN,B2,beacco,8.5241,25.469,37.2915,27.3117,14.0756,8.5241,9.3035,6.176,25.469,0.5547,0.6008,0.0,1.8983,3.4423,0.0,1.9759,B2,word_pos,rouge,N,rouge,NOM
guéridon,NOUN,B2,beacco,8.495,0.5243,0.0,0.0,0.0,8.495,0.0,0.0,0.5243,0.0,0.0,0.0,9.1403,0.0,0.0,0.6546,B2,word_pos,guéridon,N,guéridon,NOM
canton,NOUN,B2,beacco,8.4748,10.1347,0.5025,0.0,17.5989,8.4748,1.6042,0.0,10.1347,0.9051,0.0,12.9548,2.5411,3.4423,0.0,7.5437,B2,word_pos,canton,N,canton,NOM
issue,NOUN,B2,beacco,8.458,3.947,0.0,0.0,0.0,8.458,15.5058,39.0192,3.947,0.0,0.5137,3.5051,8.1049,40.6321,127.4317,12.9037,B2,word_pos,issue,N,issue,NOM
académie,NOUN,B2,beacco,8.4175,20.3634,1.4987,3.8842,27.7531,8.4175,21.4487,57.7365,20.3634,0.0,0.0,3.6187,2.2839,3.4423,0.0,2.5532,B2,word_pos,académie,N,académie,NOM
manifester,VERB,B2,beacco,8.4175,18.1393,0.0,1.2702,34.056,8.4175,4.101,86.9525,18.1393,0.0,0.4157,32.7204,9.0915,4.139,135.3747,18.1411,B2,word_pos,manifester,V,manifester,VER
minorité,NOUN,B2,beacco,8.4175,10.5608,0.5025,0.3209,0.2405,8.4175,93.5862,0.0,10.5608,0.9051,0.6228,0.4665,9.0915,60.09,0.0,11.0581,B2,word_pos,minorité,N,minorité,NOM
gloire,NOUN,B2,beacco,8.4175,9.4483,0.4996,0.0944,22.5677,8.4175,0.0,0.0,9.4483,0.9464,0.1937,12.4258,14.4824,0.0,0.0,8.7163,B2,word_pos,gloire,N,gloire,NOM
bénéfice,NOUN,B2,beacco,8.4175,9.213,0.0,0.0,10.5037,8.4175,3.1012,146.3752,9.213,0.0,0.0,12.6624,9.0915,6.0005,113.5434,10.4506,B2,word_pos,bénéfice,N,bénéfice,NOM
contradictoire,ADJ,B2,beacco,8.4175,7.5663,0.0,0.0,7.5666,8.4175,15.7275,67.3593,7.5663,0.0,0.0,7.6204,9.0915,31.3781,38.656,8.7699,B2,word_pos,contradictoire,A,contradictoire,ADJ
incontournable,ADJ,B2,beacco,8.4175,6.3646,0.0,0.0,16.1896,8.4175,6.2023,0.0,6.3646,0.0,0.0,12.4179,9.0915,6.0005,0.0,6.0392,B2,word_pos,incontournable,A,incontournable,ADJ
munir,VERB,B2,beacco,8.4175,4.1441,0.0,0.6456,4.4642,8.4175,0.0,0.0,4.1441,0.0,0.3721,7.0882,14.4824,6.0005,19.328,6.2461,B2,word_pos,munir,V,munir,VER
exode,NOUN,B2,beacco,8.4175,3.745,0.0,0.0,6.5834,8.4175,1.6042,0.0,3.745,0.0,0.0,3.7375,9.0915,3.4423,0.0,3.6196,B2,word_pos,exode,N,exode,NOM
nier,VERB,B2,beacco,8.4175,3.1659,0.0,0.0,3.1412,8.4175,0.0,12.9876,3.1659,0.0,0.0,5.9496,9.0915,0.0,25.6659,5.7249,B2,word_pos,nier,V,nier,VER
intérim,NOUN,B2,beacco,8.4175,2.7794,0.0,0.0,0.7236,8.4175,0.0,48.1138,2.7794,0.0,0.0,1.2756,9.0915,0.0,57.984,4.5598,B2,word_pos,intérim,N,intérim,NOM
rétablir,VERB,B2,beacco,8.4175,2.6092,0.0,0.0,3.8741,8.4175,3.1012,0.0,2.6092,0.0,0.0,2.4712,9.0915,6.0005,0.0,3.5374,B2,word_pos,rétablir,V,rétablir,VER
salarier,VERB,B2,beacco,8.4175,2.5861,0.0,0.0,1.809,8.4175,1.6042,0.0,2.5861,0.0,0.0,0.6378,9.0915,3.4423,19.328,3.5546,B2,word_pos,salarier,V,salarier,VER
filet,NOUN,B2,beacco,8.4175,1.8918,0.0,0.0,0.0,8.4175,14.569,0.0,1.8918,0.0,0.0,0.0,9.0915,19.861,0.0,2.4732,B2,word_pos,filet,N,filet,NOM
icône,NOUN,B2,beacco,8.4175,1.4556,0.0,0.0,0.0,8.4175,0.0,28.8683,1.4556,0.0,0.0,0.0,9.0915,0.0,19.328,1.4393,B2,word_pos,icône,N,icône,NOM
survie,NOUN,B2,beacco,8.4175,1.3387,0.0,0.7835,0.2366,8.4175,0.0,0.0,1.3387,0.0,0.5594,0.438,9.0915,0.0,0.0,1.7174,B2,word_pos,survie,N,survie,NOM
regroupement,NOUN,B2,beacco,8.4175,1.3041,0.0,0.0,0.0,8.4175,3.2084,0.0,1.3041,0.0,0.0,0.0,9.0915,3.4423,0.0,1.5005,B2,word_pos,regroupement,N,regroupement,NOM
coauteur,NOUN,B2,beacco,8.4175,1.026,0.0,0.0,0.2405,8.4175,0.0,0.0,1.026,0.0,0.0,0.4665,9.0915,0.0,0.0,1.5094,B2,word_pos,coauteur,N,coauteur,NOM
au point que,CONJ,B2,crf_first_attested,8.4175,0.9681,0.0,0.0,0.0,8.4175,3.1012,0.0,0.9681,,,,,,,,,crf_only,au point que,CONJS,,
investir,VERB,B2,beacco,8.4152,19.9269,2.4979,0.8456,11.3778,8.4152,63.6688,45.4565,19.9269,0.9464,0.6008,12.5835,15.5164,50.0526,38.4989,18.9406,B2,word_pos,investir,V,investir,VER
fondre,VERB,B2,beacco,8.4152,8.2097,0.0,3.5374,8.9636,8.4152,13.3747,0.0,8.2097,0.0,0.0,3.7375,0.0,0.0,0.0,0.6965,B2,word_pos,fondre,V,fondre,VER
gourmand,ADJ,B2,beacco,8.4152,4.5291,0.0,0.0,2.5537,8.4152,17.3764,0.0,4.5291,0.0,0.0,3.2268,9.0915,20.024,0.0,4.5747,B2,word_pos,gourmand,A,gourmand,ADJ
en cause,ADV,B2,crf_first_attested,8.4152,1.3369,0.0,0.0,0.0,8.4152,0.0,19.2455,1.3369,,,,,,,,,crf_only,en cause,ADV,,
chapeauter,VERB,B2,beacco,8.4152,0.4546,0.0,0.0,0.0,8.4152,0.0,0.0,0.4546,0.0,0.0,0.0,9.0915,0.0,0.0,0.6511,B2,word_pos,chapeauter,V,chapeauter,VER
fringues,NOUN,B2,beacco,8.4014,2.3142,,,,,,,,1.1764,0.0,0.0,8.4014,4.139,0.0,2.3142,B2,beacco_only,,,fringues,NOM
demi-tour,NOUN,B2,beacco,8.3922,1.9908,,,,,,,,0.5987,0.0,0.6378,8.3922,0.0,0.0,1.9908,B2,beacco_only,,,demi-tour,NOM
réveil,NOUN,B2,beacco,8.3158,8.9157,7.3499,0.2948,5.3736,8.3158,18.6069,0.0,8.9157,7.2462,0.6111,6.3332,10.3599,18.0014,0.0,10.7946,B2,word_pos,réveil,N,réveil,NOM
faible,NOUN,B2,beacco,8.3158,2.2847,0.7967,0.1076,0.0,8.3158,0.0,0.0,2.2847,0.8346,0.186,0.487,32.7802,0.0,0.0,6.1555,B2,word_pos,faible,N,faible,NOM
correspondance,NOUN,B2,beacco,8.2709,12.2537,17.5859,0.0,17.8011,8.2709,6.2023,0.0,12.2537,1.2635,0.0,5.3792,8.3751,6.0005,0.0,5.3118,B2,word_pos,correspondance,N,correspondance,NOM
intermédiaire,ADJ,B2,beacco,8.2709,3.0582,0.0,0.0,7.479,8.2709,0.0,0.0,3.0582,0.0,0.4157,14.509,18.0886,0.0,0.0,8.04,B2,word_pos,intermédiaire,A,intermédiaire,ADJ
agression,NOUN,B2,beacco,8.2585,3.9448,0.4068,0.0,0.4521,8.2585,6.2023,0.0,3.9448,0.8075,0.0,0.3059,6.5091,6.0005,0.0,3.7749,B2,word_pos,agression,N,agression,NOM
ex-voto,NOUN,B2,beacco,8.2287,0.6306,,,,,,,,0.0,0.0,0.0,8.2287,0.0,0.0,0.6306,B2,beacco_only,,,ex-voto,NOM
reproduction,NOUN,B2,beacco,8.1945,11.8524,0.0,4.3641,13.5932,8.1945,34.728,0.0,11.8524,0.0,0.6228,16.0584,8.1049,40.6321,0.0,11.8869,B2,word_pos,reproduction,N,reproduction,NOM
contraction,NOUN,B2,beacco,8.1945,1.0154,0.0,0.0,0.0,8.1945,0.0,6.4938,1.0154,0.0,0.0,0.0,8.1049,0.0,12.833,1.3243,B2,word_pos,contraction,N,contraction,NOM
encre,NOUN,B2,beacco,8.1699,3.0712,0.0,0.7405,0.7535,8.1699,0.0,0.0,3.0712,0.0,0.606,0.9178,13.2935,0.0,0.0,3.6839,B2,word_pos,encre,N,encre,NOM
au-delà,ADV,B2,beacco,8.1049,37.2293,,,,,,,,0.0,0.186,62.9517,8.1049,106.3577,173.1709,37.2293,B2,beacco_only,,,au-delà,ADV
fournir,VERB,B2,beacco,8.0668,20.9069,0.0,3.7677,36.4782,8.0668,15.5058,87.2204,20.9069,0.0,0.3851,25.8777,11.742,40.6321,113.5434,19.8055,B2,word_pos,fournir,V,fournir,VER
heurter,VERB,B2,beacco,8.0668,9.3869,9.5004,0.3918,3.3508,8.0668,6.2023,19.4814,9.3869,7.3616,0.1865,3.5244,9.1403,6.0005,12.833,7.5783,B2,word_pos,heurter,V,heurter,VER
puriste,NOUN,B2,beacco,8.0668,0.9711,0.0,0.0,0.2916,8.0668,0.0,0.0,0.9711,0.0,0.0,0.5531,9.1403,0.0,0.0,1.5142,B2,word_pos,puriste,N,puriste,NOM
en vigueur,ADV,B2,crf_first_attested,8.0668,0.4547,0.0,0.0,0.0,8.0668,0.0,0.0,0.4547,,,,,,,,,crf_only,en vigueur,ADV,,
marié,ADJ,B2,beacco,8.0541,43.1504,55.7771,70.0638,10.493,8.0541,29.1381,69.3619,43.1504,0.0,4.486,0.5857,0.0,0.0,0.0,1.395,B2,word_pos,marié,A,marié,ADJ
sueur,NOUN,B2,beacco,8.0541,2.1401,0.0,0.0,2.4017,8.0541,0.0,0.0,2.1401,0.0,0.0,4.7033,13.2882,0.0,0.0,4.1761,B2,word_pos,sueur,N,sueur,NOM
inattendu,ADJ,B2,beacco,7.7447,7.0583,0.0,1.6044,2.6626,7.7447,25.5257,0.0,7.0583,0.0,0.6228,5.155,9.0915,20.024,0.0,6.6183,B2,word_pos,inattendu,A,inattendu,ADJ
éthique,ADJ,B2,beacco,7.7447,5.5185,0.0,0.0,0.0,7.7447,72.3375,0.0,5.5185,0.0,0.0,0.0,8.4014,63.1587,0.0,5.0299,B2,word_pos,éthique,A,éthique,ADJ
implacable,ADJ,B2,beacco,7.7447,1.8483,0.0,0.0,1.8309,7.7447,0.0,0.0,1.8483,0.0,0.0,3.5101,8.4014,0.0,0.0,2.4938,B2,word_pos,implacable,A,implacable,ADJ
costumer,VERB,B2,beacco,7.5933,9.8936,,,,,,,,7.1772,0.0,7.2474,7.5933,27.403,0.0,9.8936,B2,beacco_only,,,costumer,VER
ouvertement,ADV,B2,beacco,7.5819,1.9392,0.0,0.0,0.8749,7.5819,2.0505,0.0,1.9392,0.0,0.0,0.5531,6.4611,4.139,0.0,1.9009,B2,word_pos,ouvertement,ADV,ouvertement,ADV
facteur,NOUN,B2,beacco,7.5693,29.9217,0.0,0.2117,36.6106,7.5693,81.2055,243.7473,29.9217,0.0,0.0,24.8903,6.8518,77.1586,201.2195,22.4264,B2,word_pos,facteur,N,facteur,NOM
application,NOUN,B2,beacco,7.5693,29.8801,0.4068,0.0,52.1759,7.5693,115.5699,28.8683,29.8801,0.8075,0.0,26.8466,4.5679,101.2835,19.328,20.1203,B2,word_pos,application,N,application,NOM
défaut,NOUN,B2,beacco,7.5693,20.4168,0.6621,1.6171,32.1908,7.5693,50.6183,19.2455,20.4168,1.2635,0.4664,43.2817,6.8518,65.168,19.328,24.3294,B2,word_pos,défaut,N,défaut,NOM
virtuel,ADJ,B2,beacco,7.5693,14.9353,0.0,0.0,25.4633,7.5693,58.6409,0.0,14.9353,0.0,0.0,2.9677,4.5679,41.2358,0.0,5.9349,B2,word_pos,virtuel,A,virtuel,ADJ
horizon,NOUN,B2,beacco,7.5693,11.7842,1.2043,0.7318,4.0041,7.5693,19.6566,96.0469,11.7842,0.7319,0.4664,7.6901,6.8518,27.9938,93.687,12.9063,B2,word_pos,horizon,N,horizon,NOM
facilité,NOUN,B2,beacco,7.5693,8.3158,0.4996,3.2125,10.8723,7.5693,2.0505,0.0,8.3158,0.9464,0.4157,17.6021,4.5679,4.139,0.0,9.8031,B2,word_pos,facilité,N,facilité,NOM
bousculer,VERB,B2,beacco,7.5693,7.9652,1.7078,0.2114,4.2948,7.5693,13.3747,19.2455,7.9652,1.1764,0.6008,6.4552,6.8518,19.861,38.656,10.5804,B2,word_pos,bousculer,V,bousculer,VER
constat,NOUN,B2,beacco,7.5693,6.4993,0.0,0.3702,6.2829,7.5693,14.3534,0.0,6.4993,0.0,0.606,7.7117,6.8518,16.5561,0.0,8.5927,B2,word_pos,constat,N,constat,NOM
vanter,VERB,B2,beacco,7.5693,5.7771,0.0,0.0,9.2493,7.5693,3.2084,9.6228,5.7771,0.0,0.0,11.3743,4.5679,3.4423,19.328,6.8343,B2,word_pos,vanter,V,vanter,VER
mortel,ADJ,B2,beacco,7.5693,5.2225,6.1086,0.0,0.6228,7.5693,15.7275,0.0,5.2225,7.6074,0.0,0.3906,4.5679,20.6179,0.0,5.0232,B2,word_pos,mortel,A,mortel,ADJ
crépuscule,NOUN,B2,beacco,7.5693,4.8072,0.3983,0.0,0.6802,7.5693,21.7081,0.0,4.8072,0.8346,0.0,0.5857,4.5679,12.0009,0.0,3.5106,B2,word_pos,crépuscule,N,crépuscule,NOM
vertical,ADJ,B2,beacco,7.5693,2.3692,0.4014,0.2117,0.3401,7.5693,0.0,0.0,2.3692,0.7319,0.4157,0.5857,2.2839,0.0,0.0,2.2104,B2,word_pos,vertical,A,vertical,ADJ
horizontal,ADJ,B2,beacco,7.5693,1.9986,0.4014,0.0,0.6802,7.5693,0.0,0.0,1.9986,0.7319,0.0,1.1713,6.8518,0.0,0.0,3.0013,B2,word_pos,horizontal,A,horizontal,ADJ
incomparable,ADJ,B2,beacco,7.5693,1.4907,0.0,0.0,0.2405,7.5693,2.0505,0.0,1.4907,0.0,0.0,0.4665,4.5679,4.139,0.0,1.9585,B2,word_pos,incomparable,A,incomparable,ADJ
criard,ADJ,B2,beacco,7.5693,1.0269,0.0,0.2117,0.0,7.5693,0.0,0.0,1.0269,0.0,0.4157,0.0,4.5679,0.0,0.0,1.0005,B2,word_pos,criard,A,criard,ADJ
mit,NOUN,B2,crf_first_attested,7.5693,0.1728,0.0,0.0,0.0,7.5693,0.0,0.0,0.1728,,,,,,,,,crf_only,mit,N,,
envisager,VERB,B2,beacco,7.4827,23.5453,0.0,0.0,24.617,7.4827,104.6112,126.4605,23.5453,0.0,0.0,27.915,10.1033,144.4132,56.7717,24.3206,B2,word_pos,envisager,V,envisager,VER
observatoire,NOUN,B2,beacco,7.4827,9.0188,0.0,0.0,19.0104,7.4827,12.3029,0.0,9.0188,0.0,0.0,3.5156,0.0,0.0,0.0,0.6613,B2,word_pos,observatoire,N,observatoire,NOM
paradoxalement,ADV,B2,beacco,7.4827,6.7594,0.0,0.0,7.4797,7.4827,19.8484,9.6228,6.7594,0.0,0.0,7.8476,8.3751,40.1357,19.328,8.4959,B2,word_pos,paradoxalement,ADV,paradoxalement,ADV
officiellement,ADV,B2,beacco,7.4827,4.5966,0.0,0.0,0.4152,7.4827,31.4551,0.0,4.5966,0.0,0.0,0.7812,8.3751,41.2358,0.0,5.4779,B2,word_pos,officiellement,ADV,officiellement,ADV
fantasme,NOUN,B2,beacco,7.4827,2.9151,0.0,0.0,0.8749,7.4827,6.2023,0.0,2.9151,0.0,0.0,0.5531,8.3751,6.0005,0.0,2.5431,B2,word_pos,fantasme,N,fantasme,NOM
fantastique,NOUN,B2,beacco,7.4815,3.279,1.5075,0.0,1.2023,7.4815,0.0,0.0,3.279,0.0,0.0,0.4665,1.3018,0.0,0.0,0.6671,B2,word_pos,fantastique,N,fantastique,NOM
indignation,NOUN,B2,beacco,7.45,4.6347,0.0,0.0,10.906,7.45,1.6042,0.0,4.6347,0.0,0.0,12.2482,9.0915,3.4423,0.0,6.0406,B2,word_pos,indignation,N,indignation,NOM
chaire,NOUN,B2,beacco,7.45,3.8407,0.0,0.0,0.3401,7.45,34.728,0.0,3.8407,0.0,0.0,0.5857,11.6267,20.6179,0.0,3.7342,B2,word_pos,chaire,N,chaire,NOM
éclat,NOUN,B2,beacco,7.4327,11.3359,0.0,0.0,15.2181,7.4327,28.892,19.4814,11.3359,0.0,0.0,27.6817,5.2073,20.6179,12.833,12.5803,B2,word_pos,éclat,N,éclat,NOM
bandeau,NOUN,B2,beacco,7.4327,3.4148,0.0,0.0,0.6122,7.4327,8.2019,0.0,3.4148,0.0,0.0,0.4317,5.2073,4.139,0.0,2.0375,B2,word_pos,bandeau,N,bandeau,NOM
haie,NOUN,B2,beacco,7.4055,4.3179,0.0,0.0,1.4472,7.4055,21.7081,0.0,4.3179,0.0,0.0,1.2756,1.3018,12.0009,0.0,2.6016,B2,word_pos,haie,N,haie,NOM
rassurant,ADJ,B2,beacco,7.4055,3.4671,0.0,5.0207,0.0,7.4055,3.2084,0.0,3.4671,0.0,0.4157,0.0,1.3018,3.4423,0.0,1.3955,B2,word_pos,rassurant,A,rassurant,ADJ
casquette,NOUN,B2,beacco,7.4055,2.6716,0.6621,0.0,0.0,7.4055,15.5058,0.0,2.6716,1.2635,0.0,0.0,1.3018,12.0009,0.0,2.0228,B2,word_pos,casquette,N,casquette,NOM
vis,NOUN,B2,beacco,7.4055,2.2102,0.0,0.0,4.0126,7.4055,0.0,0.0,2.2102,0.0,0.0,3.6187,0.0,0.0,0.0,0.6825,B2,word_pos,vis,N,vis,NOM
discrétion,NOUN,B2,beacco,7.4055,1.621,0.0,0.0,0.2405,7.4055,3.2084,0.0,1.621,0.0,0.0,0.4665,6.4342,3.4423,0.0,1.9822,B2,word_pos,discrétion,N,discrétion,NOM
stupeur,NOUN,B2,beacco,7.4055,1.4839,0.0,0.0,0.7214,7.4055,0.0,0.0,1.4839,0.0,0.0,0.4665,1.3018,0.0,0.0,0.6671,B2,word_pos,stupeur,N,stupeur,NOM
rôtir,VERB,B2,beacco,7.4055,0.999,0.5025,0.0,0.0,7.4055,0.0,0.0,0.999,1.8101,0.0,0.0,1.3018,0.0,0.0,0.9864,B2,word_pos,rôtir,V,rôtir,VER
remarquablement,ADV,B2,beacco,7.4055,0.897,0.0,0.3702,0.0,7.4055,0.0,0.0,0.897,0.0,0.606,0.0,1.3018,0.0,0.0,0.6674,B2,word_pos,remarquablement,ADV,remarquablement,ADV
faire semblant,VERB,B2,crf_first_attested,7.4055,0.4858,0.0,0.0,0.0,7.4055,0.0,0.0,0.4858,,,,,,,,,crf_only,faire semblant,V,,
vers l' auberge du,PREP,B2,crf_first_attested,7.4055,0.4858,0.0,0.0,0.0,7.4055,0.0,0.0,0.4858,,,,,,,,,crf_only,vers l' auberge du,PREP,,
psychologue,ADJ,B2,crf_first_attested,7.3776,1.2674,0.0,0.0,0.0,7.3776,6.1515,0.0,1.2674,,,,,,,,,crf_only,psychologue,A,,
crémer,VERB,B2,crf_first_attested,7.3776,0.1685,0.0,0.0,0.0,7.3776,0.0,0.0,0.1685,,,,,,,,,crf_only,crémer,V,,
justicier,ADJ,B2,beacco,7.3776,0.1685,0.0,0.0,0.0,7.3776,0.0,0.0,0.1685,0.0,0.0,0.5857,1.7933,0.0,0.0,0.6905,B2,word_pos,justicier,A,justicier,ADJ
séjourner,VERB,B2,beacco,7.329,5.1744,3.8792,0.2439,0.2405,7.329,15.5058,0.0,5.1744,7.6054,0.4664,0.4665,8.2287,6.0005,0.0,5.661,B2,word_pos,séjourner,V,séjourner,VER
nouer,VERB,B2,beacco,7.329,4.8642,0.0,5.0209,3.9438,7.329,0.0,0.0,4.8642,0.0,0.2891,3.4656,8.2287,0.0,0.0,3.4195,B2,word_pos,nouer,V,nouer,VER
spirituel,ADJ,B2,beacco,7.329,2.1577,0.0,0.0,0.7236,7.329,6.2023,0.0,2.1577,0.0,0.0,1.2756,8.2287,12.0009,0.0,3.755,B2,word_pos,spirituel,A,spirituel,ADJ
chandelle,NOUN,B2,beacco,7.329,1.9938,2.5125,0.0,0.1883,7.329,0.0,0.0,1.9938,0.9051,0.0,0.3933,8.2287,0.0,0.0,2.4516,B2,word_pos,chandelle,N,chandelle,NOM
abasourdir,VERB,B2,beacco,7.329,1.7749,0.0,3.3845,0.0,7.329,0.0,0.0,1.7749,0.0,0.2891,0.0,8.2287,0.0,0.0,1.4088,B2,word_pos,abasourdir,V,abasourdir,VER
noeud,NOUN,B2,beacco,7.329,1.1066,0.0,0.3918,0.0,7.329,0.0,0.0,1.1066,0.0,0.0,0.0,8.2287,0.0,0.0,0.6306,B2,word_pos,noeud,N,noeud,NOM
mécontentement,NOUN,B2,beacco,7.329,0.9827,0.0,0.3209,0.0,7.329,0.0,0.0,0.9827,0.0,0.0,0.0,8.2287,0.0,0.0,0.6306,B2,word_pos,mécontentement,N,mécontentement,NOM
outrage,NOUN,B2,beacco,7.329,0.4882,0.0,0.0,0.0,7.329,0.0,0.0,0.4882,0.0,0.0,0.0,8.2287,0.0,0.0,0.6306,B2,word_pos,outrage,N,outrage,NOM
enrager,VERB,B2,beacco,7.3154,3.8406,0.5025,0.0,6.4965,7.3154,0.0,0.0,3.8406,0.0,0.0,4.687,8.4038,0.0,0.0,2.9439,B2,word_pos,enrager,V,enrager,VER
galant,ADJ,B2,beacco,7.3154,0.91,0.0,0.0,0.2041,7.3154,0.0,0.0,0.91,0.0,0.0,0.4317,8.4038,0.0,0.0,1.5054,B2,word_pos,galant,A,galant,ADJ
d' autre,ADV,B2,crf_first_attested,7.268,1.5394,0.0,0.0,0.0,7.268,9.3035,0.0,1.5394,,,,,,,,,crf_only,d' autre,ADV,,
six cent,DET,B2,crf_first_attested,7.2554,0.4065,0.0,0.0,0.0,7.2554,0.0,0.0,0.4065,,,,,,,,,crf_only,six cent,DET,,
séduisant,ADJ,B2,beacco,7.2463,4.1428,0.0,0.0,6.6876,7.2463,6.2023,0.0,4.1428,0.0,0.0,7.1643,8.7861,6.0005,0.0,4.5752,B2,word_pos,séduisant,A,séduisant,ADJ
géographique,ADJ,B2,beacco,7.1381,4.8946,0.0816,0.0,0.6884,7.1381,24.2475,12.9876,4.8946,0.171,0.0,0.487,6.4469,40.1357,25.6659,5.746,B2,word_pos,géographique,A,géographique,ADJ
innovation,NOUN,B2,beacco,7.0623,8.6955,1.1385,0.0,0.8749,7.0623,27.9104,19.4814,8.6955,1.1764,0.0,1.1062,3.8116,24.0018,12.833,7.4361,B2,word_pos,innovation,N,innovation,NOM
signification,NOUN,B2,beacco,7.0375,8.7843,0.0,0.2439,3.2071,7.0375,34.062,67.3593,8.7843,0.0,0.4664,5.1436,12.6911,40.1357,19.328,9.5924,B2,word_pos,signification,N,signification,NOM
redoubler,VERB,B2,beacco,7.0375,4.7825,1.718,0.1897,0.6228,7.0375,9.3035,0.0,4.7825,1.1556,0.2065,0.3906,12.6911,6.0005,0.0,4.8828,B2,word_pos,redoubler,V,redoubler,VER
hexagonal,ADJ,B2,beacco,7.0375,3.9217,0.0,0.0,3.0638,7.0375,16.8923,0.0,3.9217,0.0,0.0,0.3059,8.4014,20.6179,0.0,3.4056,B2,word_pos,hexagonal,A,hexagonal,ADJ
enviable,ADJ,B2,beacco,7.0375,0.8668,0.0816,0.0,0.3618,7.0375,0.0,0.0,0.8668,0.171,0.0,0.6378,2.5411,0.0,0.0,1.1456,B2,word_pos,enviable,A,enviable,ADJ
artistiquer,VERB,B2,beacco,6.9515,0.4599,0.0,0.0,0.0,6.9515,0.0,0.0,0.4599,0.0,0.0,0.6378,1.8983,0.0,0.0,0.696,B2,word_pos,artistiquer,V,artistiquer,VER
plate-forme,NOUN,B2,beacco,6.8518,3.5,,,,,,,,0.0,0.0,3.6187,6.8518,4.139,0.0,3.5,B2,beacco_only,,,plate-forme,NOM
impatience,NOUN,B2,beacco,6.8216,13.8532,7.1386,0.0,15.2008,6.8216,55.5153,0.0,13.8532,7.5967,0.0,9.641,9.1403,40.0479,0.0,11.1784,B2,word_pos,impatience,N,impatience,NOM
rival,NOUN,B2,beacco,6.8216,4.2061,0.0,0.0,2.6299,6.8216,3.2084,28.8683,4.2061,0.0,0.0,3.5244,9.1403,3.4423,19.328,4.726,B2,word_pos,rival,N,rival,NOM
avantageux,ADJ,B2,beacco,6.8216,3.0829,0.0,0.0,1.0202,6.8216,12.4046,0.0,3.0829,0.0,0.0,0.5857,9.1403,6.0005,0.0,2.4511,B2,word_pos,avantageux,A,avantageux,ADJ
succomber,VERB,B2,beacco,6.8216,1.3438,0.0,0.0,0.2366,6.8216,3.1012,0.0,1.3438,0.0,0.0,0.438,9.1403,6.0005,0.0,2.4492,B2,word_pos,succomber,V,succomber,VER
dessus,NOUN,B2,beacco,6.8149,8.9171,0.8215,7.2984,11.6615,6.8149,3.2084,0.0,8.9171,0.0,0.6228,0.4665,1.3548,0.0,0.0,1.0863,B2,word_pos,dessus,N,dessus,NOM
centime,NOUN,B2,beacco,6.8065,4.4896,1.3242,0.4228,3.9683,6.8065,2.0505,0.0,4.4896,2.5271,0.6008,7.6424,13.652,4.139,0.0,8.3971,B2,word_pos,centime,N,centime,NOM
exclure,VERB,B2,beacco,6.8058,15.5808,0.0,0.0,28.7029,6.8058,57.5361,19.4814,15.5808,0.0,0.0,24.929,18.6978,54.0583,12.833,16.4684,B2,word_pos,exclure,V,exclure,VER
froisser,VERB,B2,beacco,6.7999,1.1516,0.0,0.0,0.0,6.7999,0.0,4.1173,1.1516,0.0,0.0,0.0,6.4342,0.0,4.0185,1.1157,B2,word_pos,froisser,V,froisser,VER
investigation,NOUN,B2,beacco,6.7656,1.3361,0.0,0.0,0.2076,6.7656,0.0,9.6228,1.3361,0.0,0.0,0.3906,6.8597,0.0,19.328,1.8118,B2,word_pos,investigation,N,investigation,NOM
stimuler,VERB,B2,beacco,6.7096,6.3299,0.0,0.0,2.6149,6.7096,13.3747,76.982,6.3299,0.0,0.606,2.9677,8.2033,19.861,115.968,11.8305,B2,word_pos,stimuler,V,stimuler,VER
malédiction,NOUN,B2,beacco,6.7096,2.9407,0.0,0.0,6.1028,6.7096,0.0,0.0,2.9407,0.0,0.0,5.387,8.2033,0.0,0.0,3.0476,B2,word_pos,malédiction,N,malédiction,NOM
ongle,NOUN,B2,beacco,6.7096,2.0427,0.0,0.3918,1.799,6.7096,0.0,0.0,2.0427,0.0,0.0,3.5358,8.2033,0.0,0.0,2.3995,B2,word_pos,ongle,N,ongle,NOM
démographique,ADJ,B2,beacco,6.7049,9.3144,0.0,0.0,0.7236,6.7049,44.5454,87.2204,9.3144,0.0,0.0,0.6378,8.3751,45.1187,86.9662,8.2496,B2,word_pos,démographique,A,démographique,ADJ
soudain,ADJ,B2,beacco,6.5159,32.0893,6.3611,21.3891,68.8921,6.5159,6.2023,9.6228,32.0893,0.5547,0.4157,11.515,1.822,6.0005,19.328,8.2657,B2,word_pos,soudain,A,soudain,ADJ
demi - tour,ADJ,B2,crf_first_attested,6.5159,0.5212,0.0,0.0,0.0,6.5159,0.0,0.0,0.5212,,,,,,,,,crf_only,demi - tour,A,,
toi,DET,B2,crf_first_attested,6.5159,0.5212,0.0,0.0,0.0,6.5159,0.0,0.0,0.5212,,,,,,,,,crf_only,toi,DET,,
découvert,ADJ,B2,beacco,6.474,0.3255,0.0,0.0,0.0,6.474,0.0,0.0,0.3255,0.0,0.0,0.0,1.3018,3.4423,0.0,0.6502,B2,word_pos,découvert,A,découvert,ADJ
performance,NOUN,B2,beacco,6.4693,9.0782,4.0685,0.4879,6.7955,6.4693,3.1012,56.3681,9.0782,0.8075,0.4664,7.5376,8.4014,6.0005,77.4712,10.2125,B2,word_pos,performance,N,performance,NOM
math,NOUN,B2,beacco,6.4693,7.7873,0.5727,32.456,0.0,6.4693,0.0,0.0,7.7873,0.0,0.2065,0.0,1.2705,0.0,0.0,0.5062,B2,word_pos,math,N,math,NOM
côtoyer,VERB,B2,beacco,6.4693,6.4452,0.0,1.6044,15.2005,6.4693,0.0,0.0,6.4452,0.0,0.6228,12.3832,8.4014,0.0,0.0,5.6353,B2,word_pos,côtoyer,V,côtoyer,VER
chrétien,NOUN,B2,beacco,6.4693,3.9877,3.5851,0.0,9.2164,6.4693,0.0,0.0,3.9877,0.8346,0.0,3.5957,8.4014,0.0,0.0,2.938,B2,word_pos,chrétien,N,chrétien,NOM
crever,VERB,B2,beacco,6.4693,2.9721,0.0,0.247,1.6062,6.4693,1.6042,0.0,2.9721,0.0,0.1276,1.4611,8.4014,3.4423,0.0,3.9078,B2,word_pos,crever,V,crever,VER
protecteur,NOUN,B2,beacco,6.4693,2.8249,0.4014,0.0,0.0,6.4693,9.3035,9.6228,2.8249,0.7319,0.0,0.0,0.911,6.0005,19.328,1.6785,B2,word_pos,protecteur,N,protecteur,NOM
cool,ADJ,B2,beacco,6.4693,2.5367,5.7505,1.1497,0.3401,6.4693,0.0,0.0,2.5367,6.5852,0.2129,0.5857,1.2705,0.0,0.0,2.3891,B2,word_pos,cool,A,cool,ADJ
épanouir,VERB,B2,beacco,6.4693,2.1005,0.0,0.0,0.3618,6.4693,3.1012,6.4938,2.1005,0.0,0.0,0.6378,8.4014,6.0005,12.833,3.5281,B2,word_pos,épanouir,V,épanouir,VER
dignité,NOUN,B2,beacco,6.4693,1.8632,0.0,0.0,2.6577,6.4693,0.0,0.0,1.8632,0.0,0.0,3.7375,8.4014,0.0,0.0,2.5088,B2,word_pos,dignité,N,dignité,NOM
apprêter,VERB,B2,beacco,6.4693,1.733,0.0,0.4234,0.0908,6.4693,0.0,0.0,1.733,0.0,0.4157,0.2504,8.4014,0.0,0.0,2.3833,B2,word_pos,apprêter,V,apprêter,VER
corporation,NOUN,B2,beacco,6.4693,1.289,0.0,0.0,0.5833,6.4693,0.0,0.0,1.289,0.0,0.0,1.1062,8.4014,0.0,0.0,1.9623,B2,word_pos,corporation,N,corporation,NOM
galère,NOUN,B2,beacco,6.4693,1.0055,0.0,0.0,0.0,6.4693,1.6042,0.0,1.0055,0.0,0.0,0.0,8.4014,3.4423,0.0,1.4975,B2,word_pos,galère,N,galère,NOM
cognac,NOUN,B2,beacco,6.4693,0.5227,0.0,0.0,0.0,6.4693,0.0,0.0,0.5227,0.0,0.0,0.0,11.0661,0.0,0.0,1.0464,B2,word_pos,cognac,N,cognac,NOM
versa,ADV,B2,beacco,6.4611,0.4885,,,,,,,,0.0,0.0,0.0,6.4611,0.0,0.0,0.4885,B2,beacco_only,,,versa,ADV
vice,ADV,B2,beacco,6.4611,0.4885,,,,,,,,0.0,0.0,0.0,6.4611,0.0,0.0,0.4885,B2,beacco_only,,,vice,ADV
concept,NOUN,B2,beacco,6.3945,10.5739,0.0,0.2117,18.813,6.3945,37.6721,0.0,10.5739,0.0,0.4157,22.12,9.0915,51.4303,0.0,15.2012,B2,word_pos,concept,N,concept,NOM
laisse,NOUN,B2,beacco,6.3945,8.3328,0.0,5.8603,16.2056,6.3945,0.0,0.0,8.3328,0.0,0.4157,3.4688,2.2839,0.0,0.0,2.3418,B2,word_pos,laisse,N,laisse,NOM
classer,VERB,B2,beacco,6.3945,8.0136,1.5244,0.9757,3.7826,6.3945,33.3916,0.0,8.0136,1.1008,0.4664,9.513,13.6738,19.861,0.0,10.3556,B2,word_pos,classer,V,classer,VER
vigueur,NOUN,B2,beacco,6.3945,5.318,0.0,0.3702,4.9302,6.3945,6.1515,6.4938,5.318,0.0,0.606,6.178,25.7572,4.139,12.833,8.6129,B2,word_pos,vigueur,N,vigueur,NOM
suggestion,NOUN,B2,beacco,6.3945,4.4532,0.0,2.4006,6.0531,6.3945,0.0,0.0,4.4532,0.0,0.606,9.3711,11.6267,0.0,0.0,6.0987,B2,word_pos,suggestion,N,suggestion,NOM
enthousiaste,ADJ,B2,beacco,6.3945,3.9055,1.0394,0.2117,2.8992,6.3945,1.6042,0.0,3.9055,1.1123,0.4157,7.6279,9.0915,3.4423,0.0,7.0836,B2,word_pos,enthousiaste,A,enthousiaste,ADJ
à long terme,ADV,B2,crf_first_attested,6.3945,1.1336,0.0,0.0,0.0,6.3945,0.0,19.2455,1.1336,,,,,,,,,crf_only,à long terme,ADV,,
renforcer,VERB,B2,beacco,6.3561,30.5871,0.0,0.0,19.528,6.3561,225.468,87.2723,30.5871,0.0,0.0,18.2289,2.5411,158.8936,86.9662,21.3227,B2,word_pos,renforcer,V,renforcer,VER
influencer,VERB,B2,beacco,6.3236,11.8112,0.0,0.1887,4.1108,6.3236,64.0313,45.4565,11.8112,0.0,0.1937,2.952,8.4038,51.4303,38.4989,10.6397,B2,word_pos,influencer,V,influencer,VER
vêtir,VERB,B2,beacco,6.3236,7.3154,0.0,0.0,25.0075,6.3236,2.0505,0.0,7.3154,0.0,0.0,19.2627,8.4038,4.139,0.0,7.3061,B2,word_pos,vêtir,V,vêtir,VER
superposer,VERB,B2,beacco,6.3236,1.5888,0.0,0.3702,0.2041,6.3236,0.0,0.0,1.5888,0.0,0.606,0.4317,8.4038,0.0,0.0,2.5072,B2,word_pos,superposer,V,superposer,VER
réduit,ADJ,B2,beacco,6.2781,9.8609,1.005,1.2702,9.7819,6.2781,16.8923,0.0,9.8609,0.0,0.4157,3.7375,0.0,4.139,0.0,2.2743,B2,word_pos,réduit,A,réduit,ADJ
horriblement,ADV,B2,beacco,6.1216,1.2949,0.0,0.0,0.2916,6.1216,2.0505,0.0,1.2949,0.0,0.0,0.5531,8.2287,4.139,0.0,2.3442,B2,word_pos,horriblement,ADV,horriblement,ADV
participation,NOUN,B2,beacco,6.0554,28.7951,4.4962,0.2117,24.5212,6.0554,161.7467,72.7833,28.7951,0.9464,0.4157,17.5484,2.2839,131.9064,86.9662,22.4153,B2,word_pos,participation,N,participation,NOM
favorable,ADJ,B2,beacco,6.0554,19.9191,0.0,0.0,41.5132,6.0554,41.9584,68.1256,19.9191,0.0,0.0,32.4955,6.8518,34.1646,86.9662,19.7194,B2,word_pos,favorable,A,favorable,ADJ
divorce,NOUN,B2,beacco,6.0554,17.4633,4.0234,0.0,25.4196,6.0554,6.1515,144.3413,17.4633,0.9464,0.0,16.1594,2.2839,8.2781,57.984,11.9596,B2,word_pos,divorce,N,divorce,NOM
résumer,VERB,B2,beacco,6.0554,17.1938,0.0,0.4879,31.6822,6.0554,25.0482,57.7365,17.1938,0.0,0.4664,26.3337,14.1801,43.5754,77.312,22.0568,B2,word_pos,résumer,V,résumer,VER
élu,NOUN,B2,beacco,6.0554,15.9786,0.0,0.0,26.1774,6.0554,41.4618,39.0192,15.9786,0.0,0.0,26.0242,4.5679,43.5754,86.9662,16.9117,B2,word_pos,élu,N,élu,NOM
thèse,NOUN,B2,beacco,6.0554,15.0478,0.0,0.9626,2.7658,6.0554,62.023,38.7867,15.0478,0.0,0.6228,3.5636,4.5679,36.0028,66.5385,13.3016,B2,word_pos,thèse,N,thèse,NOM
net,ADJ,B2,beacco,6.0554,14.617,5.3796,1.0395,21.8002,6.0554,12.7628,22.1371,14.617,0.9051,0.5213,22.7834,0.0,3.4423,44.6051,11.3323,B2,word_pos,net,A,net,ADJ
confronter,VERB,B2,beacco,6.0554,11.8312,0.0,0.3702,15.219,6.0554,50.677,0.0,11.8312,0.0,0.606,12.221,4.5679,55.9876,0.0,12.043,B2,word_pos,confronter,V,confronter,VER
distribution,NOUN,B2,beacco,6.0554,10.9526,0.0,0.4234,7.9894,6.0554,63.6403,0.0,10.9526,0.0,0.4157,9.9705,9.1358,94.0024,0.0,15.1253,B2,word_pos,distribution,N,distribution,NOM
bleu,NOUN,B2,beacco,6.0554,10.8978,1.3262,6.5228,9.5455,6.0554,26.2593,0.0,10.8978,1.2635,0.606,16.5049,4.5679,4.139,0.0,8.8715,B2,word_pos,bleu,N,bleu,NOM
paiement,NOUN,B2,beacco,6.0554,9.7798,0.5025,0.0,22.8927,6.0554,3.2084,6.4938,9.7798,0.9051,0.0,17.5702,9.1358,6.8846,12.833,12.4177,B2,word_pos,paiement,N,paiement,NOM
étape,NOUN,B2,beacco,6.0554,9.6938,0.0,0.6351,9.4976,6.0554,36.5955,0.0,9.6938,0.0,0.4157,13.9744,2.2839,49.0825,0.0,10.9581,B2,word_pos,étape,N,étape,NOM
bactérie,NOUN,B2,beacco,6.0554,9.193,0.0,0.0,2.6124,6.0554,101.8991,0.0,9.193,0.0,0.0,2.9905,2.2839,118.1033,0.0,9.9758,B2,word_pos,bactérie,N,bactérie,NOM
procédure,NOUN,B2,beacco,6.0554,8.3298,0.0,0.0,11.9417,6.0554,22.5554,0.0,8.3298,0.0,0.0,3.6369,4.5679,16.5561,0.0,5.0817,B2,word_pos,procédure,N,procédure,NOM
parent,ADJ,B2,beacco,6.0554,6.0996,0.0,2.2257,11.4568,6.0554,0.0,0.0,6.0996,0.9464,0.0,0.5857,8.1049,0.0,0.0,2.3823,B2,word_pos,parent,A,parent,ADJ
final,ADJ,B2,beacco,6.0554,5.9028,0.0,0.3918,2.5692,6.0554,14.569,39.7676,5.9028,0.0,0.0,3.1948,2.2839,19.861,43.8345,5.4584,B2,word_pos,final,A,final,ADJ
révolter,VERB,B2,beacco,6.0554,5.5453,0.0,0.1887,5.9674,6.0554,12.4046,0.0,5.5453,0.0,0.1937,5.4501,13.6738,18.0014,0.0,8.7567,B2,word_pos,révolter,V,révolter,VER
arc,NOUN,B2,beacco,6.0554,5.4822,0.0,0.0944,14.1928,6.0554,0.0,0.0,5.4822,0.0,0.0,10.6829,0.0,0.0,0.0,2.5149,B2,word_pos,arc,N,arc,NOM
mentionner,VERB,B2,beacco,6.0554,5.291,0.0,0.2117,6.0552,6.0554,6.1515,0.0,5.291,0.0,0.4157,4.5031,2.2839,4.139,0.0,3.9032,B2,word_pos,mentionner,V,mentionner,VER
météorologique,ADJ,B2,beacco,6.0554,5.1572,0.0,16.2224,0.3401,6.0554,3.1012,0.0,5.1572,0.0,0.0,0.5857,2.2839,6.0005,0.0,1.5426,B2,word_pos,météorologique,A,météorologique,ADJ
dévolu,ADJ,B2,beacco,6.0554,4.0345,0.0,0.0,0.4732,6.0554,8.021,19.2455,4.0345,0.0,0.0,0.438,4.5679,3.4423,19.328,3.0101,B2,word_pos,dévolu,A,dévolu,ADJ
globe,NOUN,B2,beacco,6.0554,3.6213,0.0,1.6935,0.0,6.0554,3.1012,25.9752,3.6213,0.0,0.4157,0.0,2.2839,6.0005,25.6659,2.8503,B2,word_pos,globe,N,globe,NOM
advenir,VERB,B2,beacco,6.0554,3.6032,0.0,0.0,0.1637,6.0554,0.0,72.608,3.6032,0.0,0.0,0.1243,4.5679,0.0,93.687,4.1622,B2,word_pos,advenir,V,advenir,VER
légèreté,NOUN,B2,beacco,6.0554,3.3213,0.0,0.0,8.4834,6.0554,0.0,0.0,3.3213,0.0,0.0,7.5572,2.2839,0.0,0.0,2.5176,B2,word_pos,légèreté,N,légèreté,NOM
arrogance,NOUN,B2,beacco,6.0554,3.0288,0.3983,0.0,3.3519,6.0554,0.0,0.0,3.0288,0.8346,0.0,3.5156,2.2839,0.0,0.0,2.2351,B2,word_pos,arrogance,N,arrogance,NOM
décret,NOUN,B2,beacco,6.0554,2.9724,0.0,0.0,0.6802,6.0554,2.0505,32.4689,2.9724,0.0,0.0,0.5857,2.2839,4.139,25.6659,2.6165,B2,word_pos,décret,N,décret,NOM
horaire,ADJ,B2,beacco,6.0554,2.6986,0.0,0.0,2.5949,6.0554,3.2084,0.0,2.6986,0.0,0.4157,3.5301,6.8518,3.4423,0.0,4.7682,B2,word_pos,horaire,A,horaire,ADJ
rayonnement,NOUN,B2,beacco,6.0554,2.4969,0.5025,0.0,0.0906,6.0554,4.101,0.0,2.4969,0.9051,0.0,0.185,4.5679,4.139,0.0,3.0901,B2,word_pos,rayonnement,N,rayonnement,NOM
décoller,VERB,B2,beacco,6.0554,2.3849,0.8215,0.3702,0.4152,6.0554,0.0,0.0,2.3849,0.0,0.0,0.3906,2.2839,0.0,0.0,0.6595,B2,word_pos,décoller,V,décoller,VER
invariablement,ADV,B2,beacco,6.0554,2.2377,0.0,0.0,0.2405,6.0554,8.2019,0.0,2.2377,0.0,0.0,0.4665,2.2839,4.139,0.0,1.5257,B2,word_pos,invariablement,ADV,invariablement,ADV
nausée,NOUN,B2,beacco,6.0554,2.2053,0.0,0.0,0.3618,6.0554,12.4046,0.0,2.2053,0.0,0.0,0.6378,2.2839,6.0005,0.0,1.5548,B2,word_pos,nausée,N,nausée,NOM
synchroniser,VERB,B2,beacco,6.0554,2.0673,0.0,0.2117,0.0,6.0554,9.3035,0.0,2.0673,0.0,0.4157,0.0,4.5679,6.0005,0.0,1.786,B2,word_pos,synchroniser,V,synchroniser,VER
paniquer,VERB,B2,beacco,6.0554,1.9782,0.0,1.1107,0.1507,6.0554,0.0,0.0,1.9782,0.0,0.606,0.3059,2.2839,0.0,0.0,1.4781,B2,word_pos,paniquer,V,paniquer,VER
saisonnier,ADJ,B2,beacco,6.0554,1.9652,0.0,0.0,0.6802,6.0554,6.2023,0.0,1.9652,0.0,0.0,0.5857,4.5679,6.0005,0.0,1.897,B2,word_pos,saisonnier,A,saisonnier,ADJ
pyrénéen,ADJ,B2,beacco,6.0554,1.8923,1.7078,0.0,0.0906,6.0554,0.0,0.0,1.8923,1.1764,0.0,0.185,6.8518,0.0,0.0,2.4674,B2,word_pos,pyrénéen,A,pyrénéen,ADJ
mutualiste,ADJ,B2,beacco,6.0554,1.8663,0.0,0.0,0.0,6.0554,11.2294,0.0,1.8663,0.0,0.0,0.0,6.8518,6.8846,0.0,1.7214,B2,word_pos,mutualiste,A,mutualiste,ADJ
contribution,NOUN,B2,beacco,6.0554,1.7934,0.0,0.2439,0.4152,6.0554,0.0,0.0,1.7934,0.0,0.4664,0.3906,4.5679,0.0,0.0,2.0607,B2,word_pos,contribution,N,contribution,NOM
pire,NOUN,B2,crf_first_attested,6.0554,1.7034,0.0,0.0,0.0,6.0554,4.101,9.6228,1.7034,,,,,,,,,crf_only,pire,N,,
naturel,NOUN,B2,beacco,6.0554,1.5427,0.0,0.247,0.5833,6.0554,1.6042,0.0,1.5427,0.0,0.1276,1.1062,2.2839,20.024,0.0,2.9615,B2,word_pos,naturel,N,naturel,NOM
pascal,ADJ,B2,beacco,6.0554,1.317,0.0,0.0,0.3401,6.0554,1.6042,0.0,1.317,0.0,0.0,0.5857,2.2839,0.0,0.0,0.7014,B2,word_pos,pascal,A,pascal,ADJ
quinquagénaire,NOUN,B2,beacco,6.0554,1.2644,0.0,0.0,0.2916,6.0554,3.1012,0.0,1.2644,0.0,0.0,0.5531,4.5679,6.0005,0.0,1.9004,B2,word_pos,quinquagénaire,N,quinquagénaire,NOM
vecteur,NOUN,B2,beacco,6.0554,1.2254,0.0,0.0,0.0,6.0554,0.0,28.8683,1.2254,0.0,0.0,0.0,4.5679,0.0,19.328,0.8475,B2,word_pos,vecteur,N,vecteur,NOM
snob,ADJ,B2,beacco,6.0554,1.2196,0.0,0.0,0.7214,6.0554,0.0,0.0,1.2196,0.0,0.0,1.3995,2.2839,0.0,0.0,1.0211,B2,word_pos,snob,A,snob,ADJ
main - d' oeuvre,NOUN,B2,crf_first_attested,6.0554,1.0434,0.0,0.0,0.0,6.0554,0.0,12.9876,1.0434,,,,,,,,,crf_only,main - d' oeuvre,N,,
révoltant,ADJ,B2,beacco,6.0554,1.0333,0.0,0.0,0.5833,6.0554,0.0,0.0,1.0333,0.0,0.0,0.5531,2.2839,0.0,0.0,0.6971,B2,word_pos,révoltant,A,révoltant,ADJ
législatif,ADJ,B2,beacco,6.0554,1.0252,0.0,0.5054,0.0,6.0554,0.0,0.0,1.0252,0.0,0.5137,0.0,4.5679,0.0,0.0,1.0255,B2,word_pos,législatif,A,législatif,ADJ
transfert,NOUN,B2,beacco,6.0554,0.9332,0.0,0.0,0.0,6.0554,6.2023,0.0,0.9332,0.0,0.0,0.0,4.5679,6.0005,0.0,0.8475,B2,word_pos,transfert,N,transfert,NOM
balancer,VERB,B2,beacco,6.0554,0.871,0.0,0.0,0.1155,6.0554,0.0,0.0,0.871,0.0,0.0,3.196,2.2839,0.0,0.0,1.5191,B2,word_pos,balancer,V,balancer,VER
grinçant,ADJ,B2,beacco,6.0554,0.8695,0.5693,0.0,0.0,6.0554,0.0,0.0,0.8695,1.1764,0.0,0.0,2.2839,0.0,0.0,0.5734,B2,word_pos,grinçant,A,grinçant,ADJ
étrangeté,NOUN,B2,beacco,6.0554,0.8564,0.0,0.2599,0.0,6.0554,0.0,0.0,0.8564,0.0,0.5213,0.0,2.2839,0.0,0.0,0.6014,B2,word_pos,étrangeté,N,étrangeté,NOM
pinceau,NOUN,B2,beacco,6.0554,0.832,0.0,0.3209,0.0,6.0554,0.0,0.0,0.832,0.0,0.6228,0.0,4.5679,0.0,0.0,1.0226,B2,word_pos,pinceau,N,pinceau,NOM
offense,NOUN,B2,beacco,6.0554,0.8101,0.0,0.0,0.2041,6.0554,0.0,0.0,0.8101,0.0,0.0,0.4317,4.5679,0.0,0.0,1.0342,B2,word_pos,offense,N,offense,NOM
intestin,NOUN,B2,beacco,6.0554,0.8073,0.0,0.0,0.2076,6.0554,0.0,0.0,0.8073,0.0,0.0,0.3906,4.5679,0.0,0.0,1.0379,B2,word_pos,intestin,N,intestin,NOM
a fortiori,ADV,B2,crf_first_attested,6.0554,0.7031,0.0,0.0,0.0,6.0554,1.6042,0.0,0.7031,,,,,,,,,crf_only,a fortiori,ADV,,
niaiserie,NOUN,B2,beacco,6.0554,0.7031,0.0,0.0,0.0,6.0554,1.6042,0.0,0.7031,0.0,0.0,0.0,2.2839,3.4423,0.0,0.7118,B2,word_pos,niaiserie,N,niaiserie,NOM
déchirant,ADJ,B2,beacco,6.0554,0.6933,0.0,0.0,0.2366,6.0554,0.0,0.0,0.6933,0.0,0.606,0.438,2.2839,0.0,0.0,1.5353,B2,word_pos,déchirant,A,déchirant,ADJ
applique,NOUN,B2,crf_first_attested,6.0554,0.1383,0.0,0.0,0.0,6.0554,0.0,0.0,0.1383,,,,,,,,,crf_only,applique,N,,
arrière - grand - parent,NOUN,B2,crf_first_attested,6.0554,0.1383,0.0,0.0,0.0,6.0554,0.0,0.0,0.1383,,,,,,,,,crf_only,arrière - grand - parent,N,,
chez soi,ADV,B2,crf_first_attested,6.0554,0.1383,0.0,0.0,0.0,6.0554,0.0,0.0,0.1383,,,,,,,,,crf_only,chez soi,ADV,,
dans la limite de,PREP,B2,crf_first_attested,6.0554,0.1383,0.0,0.0,0.0,6.0554,0.0,0.0,0.1383,,,,,,,,,crf_only,dans la limite de,PREP,,
dévolu,VERB,B2,crf_first_attested,6.0554,0.1383,0.0,0.0,0.0,6.0554,0.0,0.0,0.1383,,,,,,,,,crf_only,dévolu,V,,
grille - pain,NOUN,B2,crf_first_attested,6.0554,0.1383,0.0,0.0,0.0,6.0554,0.0,0.0,0.1383,,,,,,,,,crf_only,grille - pain,N,,
indiscriminé,ADJ,B2,crf_first_attested,6.0554,0.1383,0.0,0.0,0.0,6.0554,0.0,0.0,0.1383,,,,,,,,,crf_only,indiscriminé,A,,
jet - set,NOUN,B2,crf_first_attested,6.0554,0.1383,0.0,0.0,0.0,6.0554,0.0,0.0,0.1383,,,,,,,,,crf_only,jet - set,N,,
par contraste avec,PREP,B2,crf_first_attested,6.0554,0.1383,0.0,0.0,0.0,6.0554,0.0,0.0,0.1383,,,,,,,,,crf_only,par contraste avec,PREP,,
pour le coup,ADV,B2,crf_first_attested,6.0554,0.1383,0.0,0.0,0.0,6.0554,0.0,0.0,0.1383,,,,,,,,,crf_only,pour le coup,ADV,,
pyramider,VERB,B2,crf_first_attested,6.0554,0.1383,0.0,0.0,0.0,6.0554,0.0,0.0,0.1383,,,,,,,,,crf_only,pyramider,V,,
réappropriation,NOUN,B2,crf_first_attested,6.0554,0.1383,0.0,0.0,0.0,6.0554,0.0,0.0,0.1383,,,,,,,,,crf_only,réappropriation,N,,
senateur,NOUN,B2,crf_first_attested,6.0554,0.1383,0.0,0.0,0.0,6.0554,0.0,0.0,0.1383,,,,,,,,,crf_only,senateur,N,,
suivant,PREP,B2,beacco,6.0554,0.1383,0.0,0.0,0.0,6.0554,0.0,0.0,0.1383,0.0,0.0,3.3323,2.2839,0.0,0.0,1.4684,B2,word_pos,suivant,PREP,suivant,PRP
tard,NOUN,B2,crf_first_attested,6.0554,0.1383,0.0,0.0,0.0,6.0554,0.0,0.0,0.1383,,,,,,,,,crf_only,tard,N,,
tchoukball,NOUN,B2,crf_first_attested,6.0554,0.1383,0.0,0.0,0.0,6.0554,0.0,0.0,0.1383,,,,,,,,,crf_only,tchoukball,N,,
tout au plus,ADV,B2,crf_first_attested,6.0554,0.1383,0.0,0.0,0.0,6.0554,0.0,0.0,0.1383,,,,,,,,,crf_only,tout au plus,ADV,,
ultimate,NOUN,B2,crf_first_attested,6.0554,0.1383,0.0,0.0,0.0,6.0554,0.0,0.0,0.1383,,,,,,,,,crf_only,ultimate,N,,
à l' infini,ADV,B2,crf_first_attested,6.0554,0.1383,0.0,0.0,0.0,6.0554,0.0,0.0,0.1383,,,,,,,,,crf_only,à l' infini,ADV,,
essentiel,ADJ,B2,beacco,5.8607,29.1964,9.6962,0.0,28.5264,5.8607,128.0626,157.8469,29.1964,6.893,0.0,26.4428,8.3751,162.8204,113.5434,30.902,B2,word_pos,essentiel,A,essentiel,ADJ
participant,NOUN,B2,beacco,5.8607,8.2873,0.0,4.6042,17.1076,5.8607,0.0,0.0,8.2873,0.0,0.6228,20.2471,8.3751,0.0,0.0,10.6057,B2,word_pos,participant,N,participant,NOM
logique,ADJ,B2,beacco,5.8607,5.7973,0.5727,0.2117,0.0,5.8607,43.6353,9.6228,5.7973,1.1556,0.4157,0.0,0.911,40.1357,0.0,4.3027,B2,word_pos,logique,A,logique,ADJ
spécialiser,VERB,B2,beacco,5.8607,3.5749,0.0,0.5054,3.6922,5.8607,1.6042,0.0,3.5749,7.056,0.5137,11.4235,14.1801,19.861,0.0,11.067,B2,word_pos,spécialiser,V,spécialiser,VER
pointu,ADJ,B2,beacco,5.8607,1.6021,0.0,0.2117,0.7097,5.8607,0.0,0.0,1.6021,0.0,0.4157,0.438,8.3751,0.0,0.0,1.9205,B2,word_pos,pointu,A,pointu,ADJ
ménager,VERB,B2,beacco,5.8607,1.2801,0.0,0.0,0.0,5.8607,4.101,0.0,1.2801,0.0,0.0,0.0,8.3751,0.0,0.0,0.7115,B2,word_pos,ménager,V,ménager,VER
surnom,NOUN,B2,beacco,5.781,0.6776,0.0,0.0,0.2916,5.781,0.0,0.0,0.6776,0.0,0.0,0.5531,3.9054,0.0,0.0,0.9769,B2,word_pos,surnom,N,surnom,NOM
essentiellement,ADV,B2,beacco,5.6499,23.8205,0.5025,0.3702,25.4349,5.6499,151.9073,9.6228,23.8205,0.9051,0.606,38.3754,2.5411,135.2963,19.328,27.5493,B2,word_pos,essentiellement,ADV,essentiellement,ADV
engagement,NOUN,B2,beacco,5.6499,17.0696,0.0,0.0,23.7295,5.6499,50.2648,85.6001,17.0696,0.0,0.0,23.6089,3.8116,65.168,113.6757,18.0065,B2,word_pos,engagement,N,engagement,NOM
audiovisuel,ADJ,B2,beacco,5.6499,7.7753,0.0,0.7318,1.7608,5.6499,28.0276,9.6228,7.7753,0.0,0.4664,2.9905,2.5411,29.205,19.328,7.2922,B2,word_pos,audiovisuel,A,audiovisuel,ADJ
partenariat,NOUN,B2,beacco,5.6499,2.012,0.0,0.0,0.3618,5.6499,13.3747,0.0,2.012,0.0,0.0,0.6378,2.5411,39.722,0.0,4.1838,B2,word_pos,partenariat,N,partenariat,NOM
prolonger,VERB,B2,beacco,5.6486,17.2103,0.0,4.5005,8.1946,5.6486,41.7735,271.2082,17.2103,0.0,0.606,15.5191,8.1049,19.861,209.3923,16.0256,B2,word_pos,prolonger,V,prolonger,VER
grandiose,ADJ,B2,beacco,5.6486,3.6406,0.0,0.4228,1.4472,5.6486,3.2084,0.0,3.6406,0.0,0.6008,0.6378,9.5948,3.4423,0.0,3.554,B2,word_pos,grandiose,A,grandiose,ADJ
embellir,VERB,B2,beacco,5.4089,1.8115,0.2652,0.0,0.8162,5.4089,0.0,0.0,1.8115,0.4856,0.0,0.4317,9.8252,0.0,0.0,1.9236,B2,word_pos,embellir,V,embellir,VER
curieux,NOUN,B2,beacco,5.4089,1.0558,0.0,0.0,0.0,5.4089,6.2023,0.0,1.0558,0.8075,0.0,0.487,0.0,6.0005,0.0,1.3542,B2,word_pos,curieux,N,curieux,NOM
géographie,NOUN,B2,beacco,5.3694,8.4912,0.5727,0.3918,6.51,5.3694,6.2023,28.8683,8.4912,1.1556,0.1865,3.5051,1.8983,6.0005,19.328,4.8853,B2,word_pos,géographie,N,géographie,NOM
assaut,NOUN,B2,beacco,5.3694,6.9312,0.7967,0.3702,8.0248,5.3694,9.3035,0.0,6.9312,1.6691,0.606,7.7013,1.8983,12.0009,0.0,6.395,B2,word_pos,assaut,N,assaut,NOM
pente,NOUN,B2,beacco,5.3694,5.8646,0.0,0.0,2.9104,5.3694,51.3298,0.0,5.8646,0.0,0.0,3.6369,1.8983,40.1357,0.0,4.7952,B2,word_pos,pente,N,pente,NOM
faubourg,NOUN,B2,beacco,5.3694,0.9567,0.0,0.2114,0.0,5.3694,0.0,0.0,0.9567,0.0,0.6008,0.0,1.8983,0.0,0.0,0.6857,B2,word_pos,faubourg,N,faubourg,NOM
prédominant,ADJ,B2,beacco,5.3694,0.8177,0.0,0.0,0.0,5.3694,6.2023,0.0,0.8177,0.0,0.0,0.0,1.8983,6.0005,0.0,0.6707,B2,word_pos,prédominant,A,prédominant,ADJ
tertre,NOUN,B2,crf_first_attested,5.3694,0.1226,0.0,0.0,0.0,5.3694,0.0,0.0,0.1226,,,,,,,,,crf_only,tertre,N,,
pâlir,VERB,B2,beacco,5.3137,2.0045,0.0,0.0,4.9211,5.3137,0.0,0.0,2.0045,0.0,0.0,9.6518,9.1403,0.0,0.0,4.1124,B2,word_pos,pâlir,V,pâlir,VER
brique,NOUN,B2,beacco,5.1321,2.6803,0.0,0.0,1.3178,5.1321,1.6042,0.0,2.6803,0.0,0.0,1.5731,6.6188,3.4423,0.0,3.5833,B2,word_pos,brique,N,brique,NOM
souci,NOUN,B2,beacco,5.1209,19.8299,0.0,0.2599,25.7573,5.1209,152.9424,0.0,19.8299,0.0,0.5213,21.8579,9.0915,135.2963,0.0,20.2212,B2,word_pos,souci,N,souci,NOM
démarche,NOUN,B2,beacco,5.1209,14.8642,0.0,0.0,20.856,5.1209,28.0276,126.3794,14.8642,0.0,0.0,23.5446,9.0915,49.8105,113.6757,18.9722,B2,word_pos,démarche,N,démarche,NOM
précision,NOUN,B2,beacco,5.1209,14.395,1.2043,0.1103,25.7473,5.1209,40.3921,0.0,14.395,0.7319,0.2129,20.0856,9.0915,31.3781,0.0,13.0313,B2,word_pos,précision,N,précision,NOM
cap,NOUN,B2,beacco,5.1209,5.6376,1.5244,0.0,10.5717,5.1209,9.3035,19.2455,5.6376,1.1008,0.0,4.8297,1.2705,6.0005,19.328,4.1838,B2,word_pos,cap,N,cap,NOM
fondation,NOUN,B2,beacco,5.1209,5.3688,0.0,0.2439,16.8619,5.1209,0.0,0.0,5.3688,0.0,0.4664,15.3911,9.0915,0.0,0.0,6.6465,B2,word_pos,fondation,N,fondation,NOM
thématique,ADJ,B2,beacco,5.1209,3.1745,0.0,4.4402,0.2455,5.1209,2.0505,0.0,3.1745,0.0,0.0,0.1243,9.0915,4.139,0.0,2.4631,B2,word_pos,thématique,A,thématique,ADJ
nid,NOUN,B2,beacco,5.1209,2.1944,0.0,0.2117,3.0424,5.1209,0.0,0.0,2.1944,0.0,0.4157,5.9041,9.0915,0.0,0.0,4.9295,B2,word_pos,nid,N,nid,NOM
résumé,NOUN,B2,beacco,5.1209,1.7695,0.0,0.0,1.8328,5.1209,2.0505,0.0,1.7695,0.5987,0.0,4.5031,9.0915,4.139,12.833,5.7602,B2,word_pos,résumé,N,résumé,NOM
embarras,NOUN,B2,beacco,5.1209,1.5604,0.0,0.3702,0.4732,5.1209,0.0,0.0,1.5604,0.0,0.606,0.438,9.0915,0.0,0.0,2.4981,B2,word_pos,embarras,N,embarras,NOM
inexistant,ADJ,B2,beacco,5.1209,1.5271,0.0,0.0,0.6802,5.1209,2.0505,0.0,1.5271,0.0,0.0,0.5857,9.0915,4.139,0.0,2.4767,B2,word_pos,inexistant,A,inexistant,ADJ
bonus,NOUN,B2,beacco,5.1209,1.2263,0.0,0.0,0.0,5.1209,6.1515,0.0,1.2263,0.0,0.0,0.0,9.0915,4.139,0.0,1.4703,B2,word_pos,bonus,N,bonus,NOM
licencié,ADJ,B2,crf_first_attested,5.1209,1.0613,0.0,0.0,0.0,5.1209,0.0,25.9752,1.0613,,,,,,,,,crf_only,licencié,A,,
corinne,NOUN,B2,crf_first_attested,5.1209,0.3147,0.0,0.0,0.0,5.1209,0.0,0.0,0.3147,,,,,,,,,crf_only,corinne,N,,
villageois,ADJ,B2,beacco,5.1209,0.3147,0.0,0.0,0.0,5.1209,0.0,0.0,0.3147,0.0,0.0,0.0,9.0915,0.0,0.0,0.6511,B2,word_pos,villageois,A,villageois,ADJ
dans la tête de,PREP,B2,crf_first_attested,5.0981,0.3335,0.0,0.0,0.0,5.0981,0.0,0.0,0.3335,,,,,,,,,crf_only,dans la tête de,PREP,,
rang,NOUN,B2,beacco,4.9879,13.8859,2.1907,0.8742,23.3418,4.9879,38.2901,48.1138,13.8859,1.1973,0.3851,35.0493,9.013,52.5392,57.984,22.2077,B2,word_pos,rang,N,rang,NOM
avaler,VERB,B2,beacco,4.9879,1.2288,0.0,0.3209,0.2366,4.9879,0.0,0.0,1.2288,0.0,0.6228,0.438,9.013,0.0,0.0,2.5115,B2,word_pos,avaler,V,avaler,VER
instruction,NOUN,B2,beacco,4.9551,8.4485,0.0,0.2599,10.0822,4.9551,9.3035,28.8683,8.4485,0.0,0.5213,4.9077,3.9054,12.0009,19.328,6.8475,B2,word_pos,instruction,N,instruction,NOM
barre,NOUN,B2,beacco,4.9551,8.4032,0.0,0.0,25.555,4.9551,3.1012,0.0,8.4032,0.0,0.0,29.8484,3.9054,6.0005,0.0,9.9941,B2,word_pos,barre,N,barre,NOM
compositeur,NOUN,B2,beacco,4.9551,6.6359,0.0,0.2035,15.2017,4.9551,0.0,0.0,6.6359,0.0,0.3851,10.6538,2.6036,0.0,0.0,5.0721,B2,word_pos,compositeur,N,compositeur,NOM
sincèrement,ADV,B2,beacco,4.9551,3.7891,1.1453,0.5197,0.2405,4.9551,0.0,6.4938,3.7891,1.1556,0.5213,0.4665,3.9054,0.0,12.833,4.5261,B2,word_pos,sincèrement,ADV,sincèrement,ADV
beau,NOUN,B2,beacco,4.9551,2.2418,0.0,0.2439,0.2366,4.9551,6.2023,0.0,2.2418,0.0,0.0,0.0,0.911,0.0,19.328,0.7202,B2,word_pos,beau,N,beau,NOM
tournant,ADJ,B2,beacco,4.9551,1.3063,0.0,0.3209,0.0,4.9551,1.6042,0.0,1.3063,0.0,0.6228,0.0,2.6036,3.4423,0.0,1.7745,B2,word_pos,tournant,A,tournant,ADJ
gentleman,NOUN,B2,beacco,4.9551,1.094,0.0,0.1103,0.0,4.9551,0.0,0.0,1.094,0.0,0.2129,0.0,3.9054,0.0,0.0,1.178,B2,word_pos,gentleman,N,gentleman,NOM
tempe,NOUN,B2,beacco,4.9551,0.7436,0.0,0.0,0.2041,4.9551,0.0,0.0,0.7436,0.0,0.0,0.4317,3.9054,0.0,0.0,1.0607,B2,word_pos,tempe,N,tempe,NOM
menotte,NOUN,B2,beacco,4.9476,1.5064,0.0,0.0,2.6154,4.9476,0.0,0.0,1.5064,0.0,0.0,3.2133,9.5296,0.0,0.0,2.4375,B2,word_pos,menotte,N,menotte,NOM
en plein,ADV,B2,crf_first_attested,4.9476,0.3265,0.0,0.0,0.0,4.9476,0.0,0.0,0.3265,,,,,,,,,crf_only,en plein,ADV,,
associatif,ADJ,B2,beacco,4.9436,25.5827,0.0,0.0,42.8828,4.9436,33.7847,142.6669,25.5827,0.0,0.0,24.8289,2.5411,27.9938,227.0869,18.5542,B2,word_pos,associatif,A,associatif,ADJ
diffuser,VERB,B2,beacco,4.9436,19.536,0.5693,0.4879,23.4975,4.9436,51.8789,78.0384,19.536,1.1764,0.4664,20.7961,1.2705,65.9532,95.2552,18.9889,B2,word_pos,diffuser,V,diffuser,VER
préserver,VERB,B2,beacco,4.9436,13.3023,0.0816,0.0,27.1634,4.9436,0.0,67.3593,13.3023,0.171,0.0,25.2328,2.5411,0.0,57.984,10.206,B2,word_pos,préserver,V,préserver,VER
dégrader,VERB,B2,beacco,4.9436,10.9852,0.0,0.0,5.1852,4.9436,109.2145,0.0,10.9852,0.0,0.0,10.0193,2.5411,88.3167,0.0,10.897,B2,word_pos,dégrader,V,dégrader,VER
copier,VERB,B2,beacco,4.9436,3.8055,2.1907,0.0606,1.4473,4.9436,1.6042,0.0,3.8055,1.1973,0.0,2.8865,1.2705,3.4423,0.0,2.9309,B2,word_pos,copier,V,copier,VER
financièrement,ADV,B2,beacco,4.9436,2.9105,0.0,0.2117,1.0854,4.9436,0.0,6.4938,2.9105,0.0,0.4157,0.6378,1.2705,0.0,12.833,2.2976,B2,word_pos,financièrement,ADV,financièrement,ADV
partiellement,ADV,B2,beacco,4.9436,1.9608,0.0,0.0,0.0,4.9436,13.8696,9.6228,1.9608,0.0,0.0,0.0,1.2705,20.6179,19.328,2.0605,B2,word_pos,partiellement,ADV,partiellement,ADV
programmation,NOUN,B2,beacco,4.9436,1.155,0.0,0.0,0.0,4.9436,6.1515,0.0,1.155,0.0,0.0,0.0,1.2705,4.139,0.0,0.6143,B2,word_pos,programmation,N,programmation,NOM
positionner,VERB,B2,beacco,4.9436,1.0164,0.0,0.0,0.0,4.9436,9.3035,0.0,1.0164,0.0,0.0,0.0,1.2705,12.0009,0.0,1.0966,B2,word_pos,positionner,V,positionner,VER
parrainer,VERB,B2,beacco,4.9436,0.7704,0.0,0.3209,0.0,4.9436,0.0,0.0,0.7704,0.0,0.6228,0.0,1.2705,0.0,0.0,0.6635,B2,word_pos,parrainer,V,parrainer,VER
réputer,VERB,B2,beacco,4.8711,8.4227,0.0,0.3209,4.9115,4.8711,35.623,12.9876,8.4227,0.0,0.6228,0.6378,8.9868,12.0009,12.833,5.657,B2,word_pos,réputer,V,réputer,VER
abîmer,VERB,B2,beacco,4.8711,1.6594,0.5197,0.1306,0.2366,4.8711,0.0,0.0,1.6594,1.1123,0.0,0.438,8.9868,0.0,0.0,2.3762,B2,word_pos,abîmer,V,abîmer,VER
point,ADV,B2,beacco,4.8562,5.8327,0.2652,0.0,17.2375,4.8562,0.0,0.0,5.8327,0.9713,0.606,40.834,14.1801,99.0294,0.0,23.8207,B2,word_pos,point,ADV,point,ADV
excellence,NOUN,B2,beacco,4.8562,3.1762,0.0,0.4234,2.8671,4.8562,4.101,0.0,3.1762,0.0,0.4157,5.3792,8.3751,12.4171,0.0,7.067,B2,word_pos,excellence,N,excellence,NOM
humble,ADJ,B2,beacco,4.8562,2.2482,0.0,0.0,0.3014,4.8562,12.4046,0.0,2.2482,0.0,0.0,0.3059,8.3751,6.0005,0.0,2.3718,B2,word_pos,humble,A,humble,ADJ
concrètement,ADV,B2,beacco,4.8562,0.3589,0.0,0.0,0.0,4.8562,0.0,0.0,0.3589,0.0,0.0,0.0,8.3751,0.0,0.0,0.7115,B2,word_pos,concrètement,ADV,concrètement,ADV
préparation,NOUN,B2,beacco,4.7828,12.6962,8.0582,0.9626,6.4995,4.7828,18.4544,53.8043,12.6962,6.9301,0.6228,6.6448,1.2705,16.5561,44.6051,11.0362,B2,word_pos,préparation,N,préparation,NOM
sors,NOUN,B2,beacco,4.7828,5.7357,21.9151,0.6939,0.5648,4.7828,0.0,0.0,5.7357,0.9464,0.7079,0.3933,0.0,0.0,0.0,1.4812,B2,word_pos,sors,N,sors,NOM
moral,NOUN,B2,beacco,4.7828,5.0648,0.0,0.2439,8.1348,4.7828,0.0,19.4814,5.0648,0.0,0.0,0.0,8.4014,0.0,0.0,0.6471,B2,word_pos,moral,N,moral,NOM
lis,NOUN,B2,beacco,4.7828,3.0483,0.0,0.0,0.1815,4.7828,21.7081,0.0,3.0483,0.0,0.0,0.2504,1.2705,18.0014,0.0,2.6709,B2,word_pos,lis,N,lis,NOM
gravement,ADV,B2,beacco,4.7828,2.9248,0.0,0.2035,5.7616,4.7828,0.0,0.0,2.9248,0.0,0.3851,9.7392,8.4014,0.0,0.0,5.3581,B2,word_pos,gravement,ADV,gravement,ADV
business,NOUN,B2,beacco,4.7828,2.6798,0.0,0.0,0.0,4.7828,6.1515,39.0461,2.6798,0.0,0.0,0.0,8.4014,4.139,4.0185,2.4716,B2,word_pos,business,N,business,NOM
conjuguer,VERB,B2,beacco,4.7828,2.4369,0.0,0.0,6.851,4.7828,0.0,0.0,2.4369,0.0,0.0,7.1915,1.2705,6.0005,0.0,3.6352,B2,word_pos,conjuguer,V,conjuguer,VER
galoper,VERB,B2,beacco,4.7828,2.4116,1.5934,0.0,1.6385,4.7828,0.0,9.6228,2.4116,2.5037,0.0,3.1766,1.2705,0.0,19.328,3.2142,B2,word_pos,galoper,V,galoper,VER
méfiance,NOUN,B2,beacco,4.7828,1.8505,0.0,1.6044,0.1507,4.7828,0.0,0.0,1.8505,0.0,0.6228,0.3059,8.4014,0.0,0.0,2.4645,B2,word_pos,méfiance,N,méfiance,NOM
vigilant,ADJ,B2,beacco,4.7828,1.7219,0.0,0.0,0.0,4.7828,12.3029,0.0,1.7219,0.0,0.0,0.0,1.2705,8.2781,0.0,1.0806,B2,word_pos,vigilant,A,vigilant,ADJ
écologiste,ADJ,B2,beacco,4.7828,1.6108,0.0,0.0,0.2916,4.7828,0.0,25.9752,1.6108,0.0,0.0,0.5531,8.4014,0.0,12.833,2.4735,B2,word_pos,écologiste,A,écologiste,ADJ
audiovisuel,NOUN,B2,beacco,4.7828,1.5279,0.0,0.0,0.5833,4.7828,0.0,9.6228,1.5279,0.0,0.0,0.5531,1.2705,0.0,19.328,1.4426,B2,word_pos,audiovisuel,N,audiovisuel,NOM
ô,PREP,B2,beacco,4.7828,0.998,0.0,0.0,0.7236,4.7828,0.0,0.0,0.998,0.0,0.0,7.7117,1.2705,0.0,0.0,2.5086,B2,unique_word,ô,PREP,ô,INT
cueillette,NOUN,B2,beacco,4.7828,0.7833,0.0,0.4234,0.0,4.7828,0.0,0.0,0.7833,0.0,0.4157,0.0,1.2705,0.0,0.0,0.6225,B2,word_pos,cueillette,N,cueillette,NOM
torche,NOUN,B2,beacco,4.7828,0.7379,0.0,0.0,0.2076,4.7828,0.0,0.0,0.7379,0.0,0.0,0.3906,1.2705,0.0,0.0,0.6651,B2,word_pos,torche,N,torche,NOM
clamer,VERB,B2,beacco,4.7828,0.7342,0.0,0.0,0.3618,4.7828,0.0,0.0,0.7342,0.0,0.0,0.6378,8.4014,0.0,0.0,1.5025,B2,word_pos,clamer,V,clamer,VER
immensément,ADV,B2,beacco,4.7828,0.7342,0.0,0.0,0.0,4.7828,1.6042,0.0,0.7342,0.0,0.0,0.0,1.2705,3.4423,0.0,0.6465,B2,word_pos,immensément,ADV,immensément,ADV
crouler,VERB,B2,beacco,4.7828,0.3143,0.0,0.0,0.0,4.7828,0.0,0.0,0.3143,0.0,0.0,0.0,8.4014,0.0,0.0,0.6471,B2,word_pos,crouler,V,crouler,VER
en sorte que,CONJ,B2,crf_first_attested,4.7828,0.3143,0.0,0.0,0.0,4.7828,0.0,0.0,0.3143,,,,,,,,,crf_only,en sorte que,CONJS,,
licenciement,NOUN,B2,beacco,4.7828,0.3143,0.0,0.0,0.0,4.7828,0.0,0.0,0.3143,0.0,0.0,0.0,8.4014,0.0,0.0,0.6471,B2,word_pos,licenciement,N,licenciement,NOM
lèse - majesté,NOUN,B2,crf_first_attested,4.7828,0.3143,0.0,0.0,0.0,4.7828,0.0,0.0,0.3143,,,,,,,,,crf_only,lèse - majesté,N,,
notez que,CONJ,B2,crf_first_attested,4.7828,0.3143,0.0,0.0,0.0,4.7828,0.0,0.0,0.3143,,,,,,,,,crf_only,notez que,CONJS,,
nôtre,ADJ,B2,crf_first_attested,4.7828,0.3143,0.0,0.0,0.0,4.7828,0.0,0.0,0.3143,,,,,,,,,crf_only,nôtre,A,,
pour peu,ADV,B2,crf_first_attested,4.7828,0.3143,0.0,0.0,0.0,4.7828,0.0,0.0,0.3143,,,,,,,,,crf_only,pour peu,ADV,,
sucrerie,NOUN,B2,beacco,4.7828,0.3143,0.0,0.0,0.0,4.7828,0.0,0.0,0.3143,0.0,0.0,0.0,8.4014,0.0,0.0,0.6471,B2,word_pos,sucrerie,N,sucrerie,NOM
extrêmement,ADV,B2,beacco,4.7432,13.9401,0.4014,0.3918,24.1239,4.7432,31.3338,28.5334,13.9401,0.7319,0.0,37.363,8.1049,20.024,56.7717,17.902,B2,word_pos,extrêmement,ADV,extrêmement,ADV
moeurs,NOUN,B2,beacco,4.7432,11.4653,0.5025,0.0,24.9353,4.7432,6.2023,28.8683,11.4653,0.9051,0.0,20.5724,8.1049,6.0005,38.656,11.8153,B2,word_pos,moeurs,N,moeurs,NOM
éventuel,ADJ,B2,beacco,4.7432,8.796,0.0,0.0,1.8673,4.7432,99.6002,6.4938,8.796,0.0,0.0,0.4665,8.1049,66.9321,12.833,7.1143,B2,word_pos,éventuel,A,éventuel,ADJ
ordinaire,ADJ,B2,beacco,4.7432,6.0173,0.5025,0.5897,8.255,4.7432,6.2023,0.0,6.0173,0.0,0.6111,9.8235,8.1049,12.0009,0.0,7.6476,B2,word_pos,ordinaire,A,ordinaire,ADJ
vapeur,NOUN,B2,beacco,4.7432,3.1874,6.0214,0.0,0.6802,4.7432,15.5058,0.0,3.1874,3.6596,0.0,0.5857,8.1049,24.0018,0.0,4.9659,B2,word_pos,vapeur,N,vapeur,NOM
occasionner,VERB,B2,beacco,4.7432,2.3777,0.0,0.3918,0.4152,4.7432,3.2084,0.0,2.3777,0.0,0.0,0.3906,8.1049,6.8846,0.0,3.0674,B2,word_pos,occasionner,V,occasionner,VER
halle,NOUN,B2,beacco,4.7432,1.6976,0.5197,0.0,1.8673,4.7432,0.0,0.0,1.6976,1.1123,0.0,3.6048,8.1049,0.0,0.0,3.4297,B2,word_pos,halle,N,halle,NOM
étendue,NOUN,B2,beacco,4.7432,0.9707,0.0,0.0,0.7236,4.7432,0.0,0.0,0.9707,0.0,0.0,0.6378,8.1049,0.0,0.0,1.3835,B2,word_pos,étendue,N,étendue,NOM
sanglant,ADJ,B2,beacco,4.735,4.524,0.0,0.0,7.618,4.735,15.6669,0.0,4.524,0.0,0.0,7.1196,1.3018,20.024,0.0,4.6578,B2,word_pos,sanglant,A,sanglant,ADJ
délinquant,NOUN,B2,beacco,4.7249,10.9371,1.2205,0.6418,0.9618,4.7249,70.4067,0.0,10.9371,0.0,0.0,0.4665,8.2319,55.2176,0.0,7.3772,B2,word_pos,délinquant,N,délinquant,NOM
traité,NOUN,B2,beacco,4.7249,4.6138,0.0,0.0,4.3745,4.7249,12.4046,0.0,4.6138,0.0,0.0,1.6593,12.7415,6.0005,0.0,4.0071,B2,word_pos,traité,N,traité,NOM
commémorer,VERB,B2,beacco,4.7249,0.6983,0.5304,0.0,0.0,4.7249,0.0,0.0,0.6983,0.4856,0.0,0.0,8.2319,0.0,0.0,1.2874,B2,word_pos,commémorer,V,commémorer,VER
arcade,NOUN,B2,beacco,4.7182,2.5738,0.0,0.0,6.8266,4.7182,0.0,0.0,2.5738,0.0,0.0,7.1222,8.1533,0.0,0.0,3.4776,B2,word_pos,arcade,N,arcade,NOM
desservir,VERB,B2,beacco,4.7182,2.1774,0.0,0.0,3.8723,4.7182,0.0,0.0,2.1774,0.0,0.0,3.5051,8.1533,0.0,0.0,2.4224,B2,word_pos,desservir,V,desservir,VER
morale,NOUN,B2,beacco,4.7182,1.8829,0.0,0.0,3.8178,4.7182,0.0,0.0,1.8829,0.0,0.0,7.5558,17.9334,6.0005,0.0,5.8453,B2,word_pos,morale,N,morale,NOM
criminologie,NOUN,B2,beacco,4.7182,1.2863,0.0,0.0,0.0,4.7182,6.1515,0.0,1.2863,0.0,0.0,0.0,1.7933,4.139,0.0,0.6786,B2,word_pos,criminologie,N,criminologie,NOM
caviar,NOUN,B2,beacco,4.6948,0.9338,0.5025,0.0,0.0,4.6948,0.0,0.0,0.9338,0.9051,0.0,0.0,12.5533,0.0,0.0,1.7081,B2,word_pos,caviar,N,caviar,NOM
artisan,NOUN,B2,beacco,4.6862,16.3079,0.4014,0.0,37.7321,4.6862,39.2268,19.2455,16.3079,0.7319,0.0,36.8445,8.2033,4.139,19.328,14.5111,B2,word_pos,artisan,N,artisan,NOM
considération,NOUN,B2,beacco,4.6862,6.3928,0.0,0.4879,3.666,4.6862,21.0617,9.6228,6.3928,0.0,0.4664,3.5301,8.2033,29.205,19.328,7.5596,B2,word_pos,considération,N,considération,NOM
pointer,VERB,B2,beacco,4.6862,3.0307,0.1633,0.0,0.0,4.6862,56.7888,0.0,3.0307,0.171,0.0,0.0,8.2033,52.5392,0.0,3.6076,B2,word_pos,pointer,V,pointer,VER
détailler,VERB,B2,beacco,4.6548,11.5205,0.0,2.6069,4.9491,4.6548,58.2762,8.2347,11.5205,0.0,0.6228,3.7679,7.0007,58.4099,16.0739,11.8188,B2,word_pos,détailler,V,détailler,VER
flûte,NOUN,B2,beacco,4.6037,1.9762,4.0143,0.0,0.0,4.6037,0.0,0.0,1.9762,2.9277,0.0,0.5531,3.644,0.0,0.0,2.8174,B2,word_pos,flûte,N,flûte,NOM
repère,NOUN,B2,beacco,4.6037,1.7462,0.0,0.0,1.0854,4.6037,0.0,0.0,1.7462,0.0,0.0,0.6378,1.822,0.0,0.0,1.0134,B2,word_pos,repère,N,repère,NOM
priori,ADV,B2,beacco,4.5679,5.1631,,,,,,,,0.0,0.4157,0.5857,4.5679,19.861,19.328,5.1631,B2,beacco_only,,,priori,ADV
flash-back,NOUN,B2,beacco,4.5679,1.0334,,,,,,,,0.0,0.606,0.0,4.5679,0.0,0.0,1.0334,B2,beacco_only,,,flash-back,NOM
fair-play,NOUN,B2,beacco,4.5679,0.9132,,,,,,,,0.0,0.0,0.0,4.5679,4.139,0.0,0.9132,B2,beacco_only,,,fair-play,NOM
main-d'oeuvre,NOUN,B2,beacco,4.5679,0.9132,,,,,,,,0.0,0.0,0.0,4.5679,0.0,12.833,0.9132,B2,beacco_only,,,main-d'oeuvre,NOM
vertical,NOUN,B2,beacco,4.5679,0.8475,,,,,,,,0.0,0.0,0.0,4.5679,6.0005,0.0,0.8475,B2,beacco_only,,,vertical,NOM
patrimoine,NOUN,B2,beacco,4.5416,31.5476,0.0,5.8938,95.6181,4.5416,15.6669,12.9876,31.5476,0.0,0.6228,75.5728,4.5679,20.024,25.6659,24.9984,B2,word_pos,patrimoine,N,patrimoine,NOM
récemment,ADV,B2,beacco,4.5416,28.5822,0.0,0.9626,24.2896,4.5416,134.3066,214.5793,28.5822,0.0,0.6228,37.1828,4.5679,101.2835,135.3747,26.08,B2,word_pos,récemment,ADV,récemment,ADV
originaire,ADJ,B2,beacco,4.5416,19.6838,0.2738,0.4234,28.1261,4.5416,26.6563,10.2933,19.6838,0.5987,0.4157,28.832,4.5679,20.6951,4.0185,18.4068,B2,word_pos,originaire,A,originaire,ADJ
médicament,NOUN,B2,beacco,4.5416,16.8368,0.8137,0.2114,9.054,4.5416,79.9494,57.0668,16.8368,1.6151,0.6008,10.6203,4.5679,95.3995,56.7717,21.3888,B2,word_pos,médicament,N,médicament,NOM
patient,NOUN,B2,beacco,4.5416,16.1957,0.0,0.0,2.6207,4.5416,177.5357,9.6228,16.1957,0.0,0.0,2.6879,2.2839,114.2165,0.0,10.6587,B2,word_pos,patient,N,patient,NOM
argument,NOUN,B2,beacco,4.5416,15.6697,0.0,0.0,5.7298,4.5416,150.5642,25.9752,15.6697,0.0,0.0,3.5822,2.2839,101.622,12.833,9.6286,B2,word_pos,argument,N,argument,NOM
cancer,NOUN,B2,beacco,4.5416,11.695,0.4996,0.0,5.2717,4.5416,41.4596,136.4037,11.695,0.9464,0.0,5.3066,2.2839,40.0479,64.1649,11.9903,B2,word_pos,cancer,N,cancer,NOM
ridicule,ADJ,B2,beacco,4.5416,11.1598,6.1242,0.7883,24.6914,4.5416,1.6042,0.0,11.1598,7.3735,0.6228,14.3059,6.8518,3.4423,0.0,11.4242,B2,word_pos,ridicule,A,ridicule,ADJ
composition,NOUN,B2,beacco,4.5416,11.1022,7.5952,0.0,6.305,4.5416,31.3338,62.0917,11.1022,7.2471,0.606,3.5051,4.5679,41.1274,44.6051,11.7479,B2,word_pos,composition,N,composition,NOM
défi,NOUN,B2,beacco,4.5416,10.176,3.1867,0.0,0.7214,4.5416,70.1561,45.4565,10.176,0.8346,0.606,0.4665,2.2839,76.6769,12.833,9.2657,B2,word_pos,défi,N,défi,NOM
conception,NOUN,B2,beacco,4.5416,9.2617,0.2541,0.3702,1.8673,4.5416,50.0964,39.0461,9.2617,0.5504,0.606,3.6048,6.8518,43.5754,4.0185,10.6172,B2,word_pos,conception,N,conception,NOM
dépendance,NOUN,B2,beacco,4.5416,8.1752,0.0,0.0,2.5218,4.5416,64.2292,19.2455,8.1752,0.0,0.0,2.5801,2.2839,63.3793,38.656,8.2447,B2,word_pos,dépendance,N,dépendance,NOM
décalage,NOUN,B2,beacco,4.5416,7.9366,0.0,0.0,7.393,4.5416,43.7711,9.6228,7.9366,0.0,0.0,10.1885,4.5679,29.205,19.328,8.5188,B2,word_pos,décalage,N,décalage,NOM
carbone,NOUN,B2,beacco,4.5416,7.8895,0.0,0.0,1.3603,4.5416,76.6083,6.4938,7.8895,0.0,0.0,0.5857,2.2839,120.4072,12.833,8.6798,B2,word_pos,carbone,N,carbone,NOM
répartir,VERB,B2,beacco,4.5416,7.8876,0.6621,0.0944,4.9235,4.5416,40.4203,0.0,7.8876,1.2635,0.1937,5.4506,2.2839,29.205,0.0,7.6329,B2,word_pos,répartir,V,répartir,VER
électoral,ADJ,B2,beacco,4.5416,7.7214,0.0,0.0,1.9237,4.5416,39.2268,38.491,7.7214,0.0,0.0,1.866,2.2839,27.403,38.656,5.9887,B2,word_pos,électoral,A,électoral,ADJ
instance,NOUN,B2,beacco,4.5416,7.401,0.0,0.8468,2.8761,4.5416,15.7275,45.4565,7.401,0.0,0.4157,5.1741,2.2839,31.3781,38.4989,8.6717,B2,word_pos,instance,N,instance,NOM
rejet,NOUN,B2,beacco,4.5416,7.1177,0.0,0.0,10.7989,4.5416,12.7628,28.8683,7.1177,0.0,0.0,5.1436,6.8518,20.024,38.656,7.0986,B2,word_pos,rejet,N,rejet,NOM
fabrication,NOUN,B2,beacco,4.5416,7.0811,0.4068,0.0,0.3618,4.5416,53.1294,19.2455,7.0811,0.8075,0.0,0.6378,4.5679,81.714,19.328,10.0369,B2,word_pos,fabrication,N,fabrication,NOM
pédagogique,ADJ,B2,beacco,4.5416,6.8947,0.0,0.0,1.0854,4.5416,41.0675,57.7365,6.8947,0.0,0.0,0.6378,4.5679,41.2358,57.984,6.6042,B2,word_pos,pédagogique,A,pédagogique,ADJ
connexion,NOUN,B2,beacco,4.5416,6.7786,0.0,0.6351,5.8363,4.5416,9.3035,28.8683,6.7786,0.0,0.4157,3.7062,6.8518,12.0009,57.984,7.9912,B2,word_pos,connexion,N,connexion,NOM
inondation,NOUN,B2,beacco,4.5416,6.3357,0.0,0.0,14.7771,4.5416,3.1012,19.4814,6.3357,0.0,0.0,17.2613,2.2839,6.0005,38.4989,8.7411,B2,word_pos,inondation,N,inondation,NOM
financement,NOUN,B2,beacco,4.5416,6.2769,0.0,0.0,2.6563,4.5416,32.9961,43.6102,6.2769,0.0,0.0,5.1517,2.2839,40.1357,86.9662,8.1512,B2,word_pos,financement,N,financement,NOM
élargir,VERB,B2,beacco,4.5416,6.0997,0.3983,1.0395,0.0,4.5416,3.1012,117.1382,6.0997,0.8346,0.5213,0.0,4.5679,6.0005,133.8419,7.5392,B2,word_pos,élargir,V,élargir,VER
relativement,ADV,B2,beacco,4.5416,5.9114,0.0,0.0,9.2988,4.5416,14.3534,0.0,5.9114,0.0,0.0,7.7544,2.2839,12.4171,0.0,5.1488,B2,word_pos,relativement,ADV,relativement,ADV
récolter,VERB,B2,beacco,4.5416,5.4456,0.0,0.4234,11.7162,4.5416,3.1012,0.0,5.4456,0.0,0.4157,10.7701,2.2839,6.0005,0.0,5.415,B2,word_pos,récolter,V,récolter,VER
prestation,NOUN,B2,beacco,4.5416,4.9623,0.0,0.0,0.0818,4.5416,19.4525,48.1138,4.9623,0.0,0.0,0.1243,6.8518,20.024,19.328,4.2288,B2,word_pos,prestation,N,prestation,NOM
souche,NOUN,B2,beacco,4.5416,4.8578,0.0,0.0,0.0,4.5416,36.6567,67.3593,4.8578,0.0,0.0,0.0,4.5679,57.1082,115.968,6.618,B2,word_pos,souche,N,souche,NOM
métamorphoser,VERB,B2,beacco,4.5416,4.6361,0.0,0.0,10.3766,4.5416,0.0,4.1173,4.6361,0.0,0.0,10.2267,6.8518,0.0,4.0185,5.6188,B2,word_pos,métamorphoser,V,métamorphoser,VER
fracture,NOUN,B2,beacco,4.5416,4.416,0.0,6.0726,0.0,4.5416,24.7899,0.0,4.416,0.0,0.606,0.0,6.8518,20.6179,0.0,3.3058,B2,word_pos,fracture,N,fracture,NOM
existant,ADJ,B2,beacco,4.5416,4.3648,0.0,0.0,0.3401,4.5416,3.1012,152.8054,4.3648,0.0,0.0,0.5857,2.2839,6.0005,43.8345,3.3306,B2,word_pos,existant,A,existant,ADJ
prélèvement,NOUN,B2,beacco,4.5416,4.346,0.0,0.0,1.4965,4.5416,36.5308,0.0,4.346,0.0,0.0,2.6879,0.0,41.1274,0.0,3.9603,B2,word_pos,prélèvement,N,prélèvement,NOM
infrastructure,NOUN,B2,beacco,4.5416,4.1224,0.0816,0.0,6.4143,4.5416,9.3035,0.0,4.1224,0.171,0.0,5.1436,2.2839,12.0009,0.0,2.8387,B2,word_pos,infrastructure,N,infrastructure,NOM
proportionnel,ADJ,B2,beacco,4.5416,3.9025,0.0,0.6418,0.7097,4.5416,4.101,9.6228,3.9025,0.0,0.6228,0.8759,2.2839,4.139,19.328,4.2136,B2,word_pos,proportionnel,A,proportionnel,ADJ
proche,NOUN,B2,beacco,4.5416,3.5439,0.0,0.0,7.9939,4.5416,1.6042,0.0,3.5439,0.0,0.0,3.5051,4.5679,3.4423,0.0,3.1285,B2,word_pos,proche,N,proche,NOM
imprégner,VERB,B2,beacco,4.5416,3.3156,0.0,0.0,0.7214,4.5416,24.7899,0.0,3.3156,0.0,0.0,0.4665,2.2839,31.3781,0.0,3.267,B2,word_pos,imprégner,V,imprégner,VER
éclatant,ADJ,B2,beacco,4.5416,3.2873,0.0,1.0107,2.0392,4.5416,2.0505,0.0,3.2873,0.0,0.5137,3.1766,4.5679,4.139,0.0,4.1966,B2,word_pos,éclatant,A,éclatant,ADJ
répertorier,VERB,B2,beacco,4.5416,3.1057,0.0,0.0,6.7315,4.5416,3.1012,0.0,3.1057,0.0,0.0,5.1741,2.2839,6.0005,0.0,3.0105,B2,word_pos,répertorier,V,répertorier,VER
grisaille,NOUN,B2,beacco,4.5416,3.0503,0.0,0.0,3.2071,4.5416,6.1515,0.0,3.0503,0.0,0.0,5.1436,4.5679,4.139,0.0,3.599,B2,word_pos,grisaille,N,grisaille,NOM
investiture,NOUN,B2,beacco,4.5416,2.9444,0.0,0.0,0.0,4.5416,6.4168,48.1138,2.9444,0.0,0.0,0.0,2.2839,0.0,19.328,0.7085,B2,word_pos,investiture,N,investiture,NOM
conventionnel,ADJ,B2,beacco,4.5416,2.8428,0.0,0.0,1.8309,4.5416,12.4046,0.0,2.8428,0.0,0.0,3.5101,2.2839,12.0009,0.0,3.2499,B2,word_pos,conventionnel,A,conventionnel,ADJ
dévastateur,ADJ,B2,beacco,4.5416,2.5982,0.0,0.0,0.9463,4.5416,9.3035,0.0,2.5982,0.0,0.0,0.438,2.2839,6.0005,0.0,1.5662,B2,word_pos,dévastateur,A,dévastateur,ADJ
vice - président,NOUN,B2,crf_first_attested,4.5416,2.2591,0.0,0.0,0.0,4.5416,28.0276,0.0,2.2591,,,,,,,,,crf_only,vice - président,N,,
digue,NOUN,B2,beacco,4.5416,2.2564,0.0,0.2114,0.0,4.5416,1.6042,19.4814,2.2564,0.0,0.6008,0.0,2.2839,3.4423,38.4989,3.8438,B2,word_pos,digue,N,digue,NOM
prudemment,ADV,B2,beacco,4.5416,1.9533,0.0,0.0,1.809,4.5416,3.1012,0.0,1.9533,0.0,0.0,0.6378,2.2839,6.0005,0.0,1.5548,B2,word_pos,prudemment,ADV,prudemment,ADV
malvenu,ADJ,B2,beacco,4.5416,1.9087,0.5025,0.0,0.8162,4.5416,0.0,0.0,1.9087,0.0,0.0,0.4317,2.2839,0.0,0.0,0.6722,B2,word_pos,malvenu,A,malvenu,ADJ
chuter,VERB,B2,beacco,4.5416,1.8715,0.0,0.0,0.0,4.5416,21.7081,0.0,1.8715,0.0,0.0,0.0,4.5679,18.0014,0.0,1.9255,B2,word_pos,chuter,V,chuter,VER
méfait,NOUN,B2,beacco,4.5416,1.8185,0.0,0.0,3.9128,4.5416,0.0,0.0,1.8185,0.0,0.0,3.7375,2.2839,0.0,0.0,1.5645,B2,word_pos,méfait,N,méfait,NOM
égout,NOUN,B2,beacco,4.5416,1.7909,0.0,0.0,1.9564,4.5416,1.6042,0.0,1.7909,0.0,0.0,3.7375,2.2839,3.4423,0.0,2.577,B2,word_pos,égout,N,égout,NOM
enrouler,VERB,B2,beacco,4.5416,1.7271,0.3158,0.0,0.0,4.5416,9.3035,0.0,1.7271,0.6291,0.0,0.0,2.2839,6.0005,0.0,1.0299,B2,word_pos,enrouler,V,enrouler,VER
racial,ADJ,B2,beacco,4.5416,1.6463,0.0,0.0,0.0,4.5416,14.3534,0.0,1.6463,0.0,0.0,0.0,4.5679,12.4171,0.0,1.8604,B2,word_pos,racial,A,racial,ADJ
dôme,NOUN,B2,beacco,4.5416,1.6272,0.0,0.0,1.656,4.5416,0.0,0.0,1.6272,0.0,0.0,0.438,6.8518,0.0,0.0,1.1786,B2,word_pos,dôme,N,dôme,NOM
moustiquaire,NOUN,B2,beacco,4.5416,1.5094,0.0,0.2114,0.0,4.5416,6.2023,0.0,1.5094,0.0,0.6008,0.0,2.2839,6.0005,0.0,1.5106,B2,word_pos,moustiquaire,N,moustiquaire,NOM
largeur,NOUN,B2,beacco,4.5416,1.4892,0.0,0.0,0.0,4.5416,9.6252,0.0,1.4892,0.0,0.0,0.0,2.2839,6.8846,0.0,1.0113,B2,word_pos,largeur,N,largeur,NOM
constitutionnel,ADJ,B2,beacco,4.5416,1.4118,0.0,0.0,0.4732,4.5416,3.1012,0.0,1.4118,0.0,0.0,0.438,2.2839,6.0005,0.0,1.5662,B2,word_pos,constitutionnel,A,constitutionnel,ADJ
impunité,NOUN,B2,beacco,4.5416,1.3167,0.0,0.0,0.0,4.5416,12.4046,0.0,1.3167,0.0,0.0,0.0,2.2839,6.0005,0.0,0.7085,B2,word_pos,impunité,N,impunité,NOM
monoxyde,NOUN,B2,beacco,4.5416,1.2175,0.0,0.0,1.3603,4.5416,0.0,0.0,1.2175,0.0,0.0,0.5857,2.2839,0.0,0.0,0.7014,B2,word_pos,monoxyde,N,monoxyde,NOM
démunir,VERB,B2,beacco,4.5416,1.0975,0.0,0.0,0.0818,4.5416,3.1012,0.0,1.0975,0.0,0.0,5.9821,0.0,19.861,0.0,3.6303,B2,word_pos,démunir,V,démunir,VER
cigarillo,NOUN,B2,beacco,4.5416,1.0944,0.0,0.0,0.0,4.5416,9.3035,0.0,1.0944,0.0,0.0,0.0,2.2839,6.0005,0.0,0.7085,B2,word_pos,cigarillo,N,cigarillo,NOM
dentaire,ADJ,B2,beacco,4.5416,1.0944,0.0,0.0,0.0,4.5416,9.3035,0.0,1.0944,0.0,0.0,0.0,2.2839,18.0014,0.0,1.6068,B2,word_pos,dentaire,A,dentaire,ADJ
communiste,NOUN,B2,beacco,4.5416,1.0794,0.0,0.0,0.0,4.5416,6.1515,0.0,1.0794,0.0,0.0,0.0,2.2839,4.139,0.0,0.7167,B2,word_pos,communiste,N,communiste,NOM
décollage,NOUN,B2,beacco,4.5416,1.0599,0.0,0.6529,0.2366,4.5416,0.0,0.0,1.0599,0.0,0.5594,0.438,2.2839,0.0,0.0,0.9165,B2,word_pos,décollage,N,décollage,NOM
ramassage,NOUN,B2,beacco,4.5416,0.8807,0.0,0.0,0.5833,4.5416,0.0,0.0,0.8807,0.0,0.0,0.5531,2.2839,0.0,0.0,0.6971,B2,word_pos,ramassage,N,ramassage,NOM
pérenne,ADJ,B2,beacco,4.5416,0.879,0.0,0.0,0.6802,4.5416,0.0,0.0,0.879,0.0,0.0,0.5857,2.2839,0.0,0.0,0.7014,B2,word_pos,pérenne,A,pérenne,ADJ
conjoncture,NOUN,B2,beacco,4.5416,0.878,0.0,0.0,0.0,4.5416,0.0,19.2455,0.878,0.0,0.0,0.0,2.2839,0.0,19.328,0.7085,B2,word_pos,conjoncture,N,conjoncture,NOM
alarmer,VERB,B2,beacco,4.5416,0.8771,0.0,0.0,0.0,4.5416,3.2084,0.0,0.8771,0.0,0.0,0.0,4.5679,3.4423,0.0,0.9811,B2,word_pos,alarmer,V,alarmer,VER
cancérigène,ADJ,B2,beacco,4.5416,0.842,0.0,0.0,0.0,4.5416,6.2023,0.0,0.842,0.0,0.0,0.0,2.2839,6.0005,0.0,0.7085,B2,word_pos,cancérigène,A,cancérigène,ADJ
composant,NOUN,B2,beacco,4.5416,0.842,0.0,0.0,0.0,4.5416,6.2023,0.0,0.842,0.0,0.0,0.0,2.2839,6.0005,0.0,0.7085,B2,word_pos,composant,N,composant,NOM
insecticide,NOUN,B2,beacco,4.5416,0.842,0.0,0.0,0.0,4.5416,6.2023,0.0,0.842,0.0,0.0,0.0,2.2839,6.0005,0.0,0.7085,B2,word_pos,insecticide,N,insecticide,NOM
malmener,VERB,B2,beacco,4.5416,0.842,0.0,0.0,0.0,4.5416,6.2023,0.0,0.842,0.0,0.0,0.0,2.2839,6.0005,0.0,0.7085,B2,word_pos,malmener,V,malmener,VER
proclamer,VERB,B2,beacco,4.5416,0.7133,0.7967,0.0,0.0,4.5416,0.0,0.0,0.7133,0.8346,0.0,0.0,4.5679,0.0,0.0,0.9523,B2,word_pos,proclamer,V,proclamer,VER
clouer,VERB,B2,beacco,4.5416,0.6847,0.0,0.0,0.0908,4.5416,0.0,0.0,0.6847,0.0,0.0,0.2504,4.5679,0.0,0.0,1.0194,B2,word_pos,clouer,V,clouer,VER
hautement,ADV,B2,beacco,4.5416,0.6711,0.0,0.0,0.1395,4.5416,0.0,0.0,0.6711,0.0,0.0,0.1219,2.2839,0.0,0.0,0.6496,B2,word_pos,hautement,ADV,hautement,ADV
simulation,NOUN,B2,beacco,4.5416,0.6645,0.0,0.0,0.2405,4.5416,0.0,0.0,0.6645,0.0,0.0,0.4665,4.5679,0.0,0.0,1.0296,B2,word_pos,simulation,N,simulation,NOM
controverser,VERB,B2,beacco,4.5416,0.6594,0.0,0.0,0.0698,4.5416,0.0,0.0,0.6594,0.0,0.0,0.1219,2.2839,0.0,0.0,0.6496,B2,word_pos,controverser,V,controverser,VER
indonésien,ADJ,B2,beacco,4.5416,0.6585,0.0,0.0,0.0,4.5416,0.0,9.6228,0.6585,0.0,0.0,0.0,2.2839,0.0,19.328,0.7085,B2,word_pos,indonésien,A,indonésien,ADJ
déverser,VERB,B2,beacco,4.5416,0.6422,0.0,0.0,0.2916,4.5416,0.0,0.0,0.6422,0.0,0.0,0.5531,2.2839,0.0,0.0,0.6971,B2,word_pos,déverser,V,déverser,VER
prestataire,NOUN,B2,beacco,4.5416,0.5676,0.1633,0.0,0.0,4.5416,1.6042,0.0,0.5676,0.171,0.0,0.0,2.2839,3.4423,0.0,0.5979,B2,word_pos,prestataire,N,prestataire,NOM
anesthésiant,NOUN,B2,crf_first_attested,4.5416,0.1037,0.0,0.0,0.0,4.5416,0.0,0.0,0.1037,,,,,,,,,crf_only,anesthésiant,N,,
bidis,NOUN,B2,crf_first_attested,4.5416,0.1037,0.0,0.0,0.0,4.5416,0.0,0.0,0.1037,,,,,,,,,crf_only,bidis,N,,
clopes,NOUN,B2,crf_first_attested,4.5416,0.1037,0.0,0.0,0.0,4.5416,0.0,0.0,0.1037,,,,,,,,,crf_only,clopes,N,,
contributeur,ADJ,B2,crf_first_attested,4.5416,0.1037,0.0,0.0,0.0,4.5416,0.0,0.0,0.1037,,,,,,,,,crf_only,contributeur,A,,
culose,ADJ,B2,crf_first_attested,4.5416,0.1037,0.0,0.0,0.0,4.5416,0.0,0.0,0.1037,,,,,,,,,crf_only,culose,A,,
de côté,ADV,B2,crf_first_attested,4.5416,0.1037,0.0,0.0,0.0,4.5416,0.0,0.0,0.1037,,,,,,,,,crf_only,de côté,ADV,,
kreteks,NOUN,B2,crf_first_attested,4.5416,0.1037,0.0,0.0,0.0,4.5416,0.0,0.0,0.1037,,,,,,,,,crf_only,kreteks,N,,
serf,ADJ,B2,crf_first_attested,4.5416,0.1037,0.0,0.0,0.0,4.5416,0.0,0.0,0.1037,,,,,,,,,crf_only,serf,A,,
sida - tuberculose - paludisme,NOUN,B2,crf_first_attested,4.5416,0.1037,0.0,0.0,0.0,4.5416,0.0,0.0,0.1037,,,,,,,,,crf_only,sida - tuberculose - paludisme,N,,
surfréquentation,NOUN,B2,crf_first_attested,4.5416,0.1037,0.0,0.0,0.0,4.5416,0.0,0.0,0.1037,,,,,,,,,crf_only,surfréquentation,N,,
testing,NOUN,B2,crf_first_attested,4.5416,0.1037,0.0,0.0,0.0,4.5416,0.0,0.0,0.1037,,,,,,,,,crf_only,testing,N,,
délicat,ADJ,B2,beacco,4.2808,9.3029,0.5025,0.0,10.3578,4.2808,44.058,0.0,9.3029,0.0,0.0,14.6764,6.4611,49.1091,0.0,10.2315,B2,word_pos,délicat,A,délicat,ADJ
refus,NOUN,B2,beacco,4.2374,14.6604,0.0,0.0,23.9641,4.2374,52.5187,19.2455,14.6604,0.0,0.0,15.3773,1.2705,52.5392,19.328,10.6568,B2,word_pos,refus,N,refus,NOM
adhérent,NOUN,B2,beacco,4.2374,9.2379,0.9991,0.0,16.1511,4.2374,6.4168,0.0,9.2379,0.9464,0.0,12.4533,1.2705,10.3269,0.0,7.8787,B2,word_pos,adhérent,N,adhérent,NOM
municipalité,NOUN,B2,beacco,4.2374,9.079,0.0,0.3209,11.3779,4.2374,3.1012,68.1256,9.079,0.0,0.6228,14.7014,1.2705,6.0005,25.6659,8.9668,B2,word_pos,municipalité,N,municipalité,NOM
arabe,NOUN,B2,beacco,4.2374,8.7249,4.1493,0.0,5.946,4.2374,0.0,67.3593,8.7249,6.8456,0.0,3.4688,3.8116,0.0,19.328,5.4136,B2,word_pos,arabe,N,arabe,NOM
collectivité,NOUN,B2,beacco,4.2374,7.349,0.0,0.0,10.0536,4.2374,24.6958,0.0,7.349,0.0,0.0,6.7488,1.2705,27.403,0.0,5.5262,B2,word_pos,collectivité,N,collectivité,NOM
ambitieux,ADJ,B2,beacco,4.2374,6.4714,0.0,0.3209,11.7649,4.2374,1.6042,9.6228,6.4714,0.0,0.0,12.3117,1.2705,3.4423,19.328,5.9764,B2,word_pos,ambitieux,A,ambitieux,ADJ
mobilité,NOUN,B2,beacco,4.2374,6.1541,0.0,0.1887,2.4732,4.2374,27.2438,0.0,6.1541,0.0,0.1937,3.4688,1.2705,34.1646,0.0,6.2335,B2,word_pos,mobilité,N,mobilité,NOM
apport,NOUN,B2,beacco,4.2374,5.4847,0.0,0.0,0.1395,4.2374,6.2023,100.8319,5.4847,0.0,0.0,0.1219,1.2705,6.0005,113.5434,4.6582,B2,word_pos,apport,N,apport,NOM
visuel,ADJ,B2,beacco,4.2374,4.4174,0.0,0.2117,3.6719,4.2374,0.0,4.1173,4.4174,0.0,0.4157,3.6369,1.2705,0.0,4.0185,3.4451,B2,word_pos,visuel,A,visuel,ADJ
atmosphérique,ADJ,B2,beacco,4.2374,2.5837,0.0,0.0,0.0,4.2374,3.1012,45.4565,2.5837,0.0,0.0,0.0,1.2705,6.0005,38.4989,2.4488,B2,word_pos,atmosphérique,A,atmosphérique,ADJ
fraternité,NOUN,B2,beacco,4.2374,2.1489,0.0,0.0,1.4531,4.2374,0.0,0.0,2.1489,0.0,0.0,1.5623,1.2705,0.0,0.0,1.2813,B2,word_pos,fraternité,N,fraternité,NOM
primaire,NOUN,B2,beacco,4.2374,1.2563,0.0,0.0,0.0,4.2374,0.0,28.8683,1.2563,0.0,0.0,0.0,3.8116,0.0,19.328,0.6904,B2,word_pos,primaire,N,primaire,NOM
participatif,ADJ,B2,beacco,4.2374,1.1105,0.0,0.0,0.0,4.2374,6.1515,0.0,1.1105,0.0,0.0,0.0,1.2705,12.4171,0.0,1.4839,B2,word_pos,participatif,A,participatif,ADJ
anarchique,ADJ,B2,beacco,4.2374,1.0952,0.0,0.0,0.0,4.2374,0.0,12.9876,1.0952,0.0,0.0,0.0,1.2705,0.0,12.833,0.6143,B2,word_pos,anarchique,A,anarchique,ADJ
cantonal,ADJ,B2,crf_first_attested,4.2374,0.0968,0.0,0.0,0.0,4.2374,0.0,0.0,0.0968,,,,,,,,,crf_only,cantonal,A,,
participe,NOUN,B2,beacco,4.2374,0.0968,0.0,0.0,0.0,4.2374,0.0,0.0,0.0968,0.0,0.3851,0.0,1.2705,3.4423,0.0,1.3762,B2,word_pos,participe,N,participe,NOM
vers plus de,PREP,B2,crf_first_attested,4.2374,0.0968,0.0,0.0,0.0,4.2374,0.0,0.0,0.0968,,,,,,,,,crf_only,vers plus de,PREP,,
bloquer,VERB,B2,beacco,4.2284,10.2275,0.0,0.2599,4.9685,4.2284,31.0115,25.9752,10.2275,0.0,0.5213,4.7816,1.6204,24.0018,25.6659,9.2831,B2,word_pos,bloquer,V,bloquer,VER
terrifier,VERB,B2,beacco,4.2284,2.5746,0.4421,0.0,2.1909,4.2284,0.0,0.0,2.5746,7.5984,0.0,4.3126,2.4306,0.0,0.0,5.3088,B2,word_pos,terrifier,V,terrifier,VER
poignée,NOUN,B2,beacco,4.1293,12.7396,1.7078,1.6171,9.3267,4.1293,39.395,6.4938,12.7396,1.1764,0.4664,10.5404,2.6036,52.6794,12.833,14.1063,B2,word_pos,poignée,N,poignée,NOM
tentative,NOUN,B2,beacco,4.1293,9.8454,0.7622,0.0,14.5473,4.1293,31.4551,0.0,9.8454,0.5504,0.0,12.0615,3.9054,20.6179,0.0,7.9183,B2,word_pos,tentative,N,tentative,NOM
puzzle,NOUN,B2,beacco,4.1293,4.009,0.0,0.0,0.7097,4.1293,9.3035,28.8683,4.009,0.0,0.0,0.8759,2.6036,6.0005,19.328,2.888,B2,word_pos,puzzle,N,puzzle,NOM
bombe,NOUN,B2,beacco,4.1293,2.7499,0.0,0.0,0.3618,4.1293,6.2023,19.4814,2.7499,0.0,0.0,0.6378,2.6036,6.0005,12.833,2.5672,B2,word_pos,bombe,N,bombe,NOM
chuchoter,VERB,B2,beacco,4.1293,1.1408,0.0,0.0,0.0,4.1293,1.6042,9.6228,1.1408,0.0,0.0,0.0,2.6036,3.4423,19.328,1.5692,B2,word_pos,chuchoter,V,chuchoter,VER
languir,VERB,B2,beacco,4.1293,1.1391,0.0,0.0,0.7097,4.1293,0.0,0.0,1.1391,0.0,0.0,0.438,2.6036,0.0,0.0,0.796,B2,word_pos,languir,V,languir,VER
peigne,NOUN,B2,beacco,4.0397,0.5727,0.0,0.0,0.0,4.0397,0.0,9.6228,0.5727,0.0,0.0,0.0,6.1172,0.0,19.328,0.9681,B2,word_pos,peigne,N,peigne,NOM
café - crème,NOUN,B2,crf_first_attested,4.0241,0.0919,0.0,0.0,0.0,4.0241,0.0,0.0,0.0919,,,,,,,,,crf_only,café - crème,N,,
méthodique,ADJ,B2,beacco,3.9691,1.3624,0.0,0.0,0.4809,3.9691,2.0505,0.0,1.3624,0.0,0.0,0.933,7.0007,4.139,0.0,2.6726,B2,word_pos,méthodique,A,méthodique,ADJ
contempler,VERB,B2,beacco,3.817,2.2763,0.4014,0.0,0.4152,3.817,3.2084,0.0,2.2763,0.7319,0.0,0.3906,6.0629,3.4423,0.0,3.0209,B2,word_pos,contempler,V,contempler,VER
graver,VERB,B2,beacco,3.7909,2.6836,0.0,0.0,0.2076,3.7909,18.6069,0.0,2.6836,0.0,0.0,0.3906,6.4611,0.0,0.0,1.2159,B2,word_pos,graver,V,graver,VER
perspicacité,NOUN,B2,beacco,3.7028,0.2429,0.0,0.0,0.0,3.7028,0.0,0.0,0.2429,0.0,0.0,0.0,6.4342,0.0,0.0,0.4846,B2,word_pos,perspicacité,N,perspicacité,NOM
à la vue de,PREP,B2,crf_first_attested,3.6629,0.2367,0.0,0.0,0.0,3.6629,0.0,0.0,0.2367,,,,,,,,,crf_only,à la vue de,PREP,,
vieille,NOUN,B2,beacco,3.5867,2.8942,,,,,,,,0.0,0.4131,1.4611,3.5867,0.0,0.0,2.8942,B2,beacco_only,,,vieille,NOM
vidéo,NOUN,B2,beacco,3.5312,7.8405,9.6223,0.2117,1.343,3.5312,27.7392,0.0,7.8405,7.2839,0.4157,2.504,6.3527,20.6179,0.0,9.3463,B2,word_pos,vidéo,N,vidéo,NOM
brasserie,NOUN,B2,beacco,3.5312,1.8072,0.0,0.0,0.0,3.5312,9.6252,0.0,1.8072,0.0,0.0,0.0,5.0821,6.8846,0.0,1.5715,B2,word_pos,brasserie,N,brasserie,NOM
moderniser,VERB,B2,beacco,3.3034,3.9893,0.0,0.0,3.7685,3.3034,6.2023,12.9876,3.9893,0.0,0.0,3.6187,2.6036,6.0005,25.6659,4.6383,B2,word_pos,moderniser,V,moderniser,VER
rédacteur,NOUN,B2,beacco,3.3034,3.8735,0.0,0.7405,1.8673,3.3034,1.6042,12.9876,3.8735,0.0,0.606,3.6048,2.6036,3.4423,12.833,5.2267,B2,word_pos,rédacteur,N,rédacteur,NOM
bandit,NOUN,B2,beacco,3.3034,2.2359,1.5934,0.0,0.231,3.3034,0.0,0.0,2.2359,0.8346,0.0,0.6994,2.6036,0.0,0.0,3.0621,B2,word_pos,bandit,N,bandit,NOM
audacieux,ADJ,B2,beacco,3.3034,2.0333,0.0,0.0,2.0392,3.3034,3.1012,0.0,2.0333,0.0,0.0,3.1766,2.6036,6.0005,0.0,2.7428,B2,word_pos,audacieux,A,audacieux,ADJ
surnaturel,ADJ,B2,beacco,3.3034,1.7074,0.2738,0.285,0.0,3.3034,0.0,0.0,1.7074,0.0,0.2891,0.0,1.3018,0.0,0.0,0.5651,B2,word_pos,surnaturel,A,surnaturel,ADJ
dépouiller,VERB,B2,beacco,3.3034,1.2308,0.5025,0.0,0.3618,3.3034,0.0,0.0,1.2308,0.9051,0.0,0.6378,2.6036,6.0005,0.0,2.7138,B2,word_pos,dépouiller,V,dépouiller,VER
argotique,ADJ,B2,beacco,3.3034,0.6648,0.0,0.0,0.0,3.3034,0.0,6.4938,0.6648,0.0,0.0,0.0,2.6036,0.0,12.833,0.7099,B2,word_pos,argotique,A,argotique,ADJ
capturer,VERB,B2,beacco,3.1713,5.4215,0.0,1.1753,0.3625,3.1713,15.6669,0.0,5.4215,0.0,0.0,0.185,3.2407,20.024,0.0,2.3731,B2,word_pos,capturer,V,capturer,VER
fouet,NOUN,B2,beacco,3.1713,5.1998,0.0,0.0,14.7033,3.1713,0.0,0.0,5.1998,0.0,0.0,29.0129,1.6204,0.0,0.0,7.9116,B2,word_pos,fouet,N,fouet,NOM
rasoir,NOUN,B2,beacco,3.1713,2.6036,0.0,2.9856,0.2916,3.1713,0.0,0.0,2.6036,0.0,0.4157,0.5531,3.2407,0.0,0.0,2.1003,B2,word_pos,rasoir,N,rasoir,NOM
éventuellement,ADV,B2,beacco,3.1713,2.5936,0.0,0.0,0.0,3.1713,20.5337,12.9876,2.5936,0.0,0.0,0.0,0.8102,27.9938,12.833,2.3347,B2,word_pos,éventuellement,ADV,éventuellement,ADV
volumineux,ADJ,B2,beacco,3.1713,1.335,0.3158,0.0,0.0,3.1713,1.6042,0.0,1.335,0.6291,0.0,0.0,0.8102,3.4423,0.0,1.273,B2,word_pos,volumineux,A,volumineux,ADJ
inhabituel,ADJ,B2,beacco,3.1713,1.1644,0.0,0.3702,0.0,3.1713,0.0,6.4938,1.1644,0.0,0.606,0.0,0.8102,0.0,12.833,1.364,B2,word_pos,inhabituel,A,inhabituel,ADJ
cassure,NOUN,B2,beacco,3.1713,0.8504,0.0,0.0,0.4809,3.1713,0.0,0.0,0.8504,0.0,0.0,0.4665,0.8102,0.0,0.0,0.6131,B2,word_pos,cassure,N,cassure,NOM
obstruer,VERB,B2,beacco,3.1713,0.4327,0.0,0.0,0.0,3.1713,1.6042,0.0,0.4327,0.0,0.0,0.0,0.8102,3.4423,0.0,0.5668,B2,word_pos,obstruer,V,obstruer,VER
rabattre,VERB,B2,beacco,3.1713,0.4172,0.0,0.0,0.0,3.1713,2.0505,0.0,0.4172,0.0,0.0,0.0,0.8102,4.139,0.0,0.5215,B2,word_pos,rabattre,V,rabattre,VER
prêter attention,VERB,B2,crf_first_attested,3.1713,0.0724,0.0,0.0,0.0,3.1713,0.0,0.0,0.0724,,,,,,,,,crf_only,prêter attention,V,,
blanc,NOUN,B2,beacco,3.0277,40.3289,48.5458,55.6335,5.2135,3.0277,131.6542,6.176,40.3289,0.0,0.6228,0.0,2.2839,0.0,0.0,0.6897,B2,word_pos,blanc,N,blanc,NOM
exploiter,VERB,B2,beacco,3.0277,20.6211,0.0,0.0,18.014,3.0277,166.4899,38.9627,20.6211,0.0,0.0,19.7943,2.2839,135.2963,38.4989,18.7951,B2,word_pos,exploiter,V,exploiter,VER
instrument,NOUN,B2,beacco,3.0277,16.6181,0.0,0.0,47.0999,3.0277,15.1776,48.0277,16.6181,0.0,0.0,40.9269,2.2839,26.3397,95.2552,19.1803,B2,word_pos,instrument,N,instrument,NOM
massif,ADJ,B2,beacco,3.0277,15.0732,0.0,0.0,11.3331,3.0277,76.5068,115.0793,15.0732,0.0,0.0,5.1436,2.2839,115.8441,138.6137,14.4749,B2,word_pos,massif,A,massif,ADJ
multiplication,NOUN,B2,beacco,3.0277,14.5716,0.0,0.0,17.2944,3.0277,79.7475,38.491,14.5716,0.0,0.0,20.9593,2.2839,80.2715,38.656,14.8321,B2,word_pos,multiplication,N,multiplication,NOM
solliciter,VERB,B2,beacco,3.0277,13.9945,0.5025,0.2117,28.2434,3.0277,6.2023,78.0384,13.9945,0.0,0.4157,29.8384,2.2839,6.0005,111.7223,15.8494,B2,word_pos,solliciter,V,solliciter,VER
latin,NOUN,B2,beacco,3.0277,12.538,0.7967,0.0,18.8259,3.0277,15.7275,113.8624,12.538,7.5737,0.0,17.461,2.2839,20.6179,145.006,14.63,B2,word_pos,latin,N,latin,NOM
vieillissement,NOUN,B2,beacco,3.0277,12.3858,0.0,0.2117,6.8306,3.0277,6.4168,415.9639,12.3858,0.0,0.4157,5.4885,2.2839,6.8846,388.6761,16.4764,B2,word_pos,vieillissement,N,vieillissement,NOM
location,NOUN,B2,beacco,3.0277,12.1042,0.5025,4.8583,14.6814,3.0277,11.2294,0.0,12.1042,0.9051,0.5137,13.3955,2.2839,24.0961,0.0,12.2231,B2,word_pos,location,N,location,NOM
revendication,NOUN,B2,beacco,3.0277,10.3347,0.0,0.6418,15.099,3.0277,2.0505,115.0793,10.3347,0.0,0.0,5.9013,2.2839,4.139,113.6757,7.4417,B2,word_pos,revendication,N,revendication,NOM
expansion,NOUN,B2,beacco,3.0277,9.4801,0.0,0.0,2.6124,3.0277,25.0482,244.9902,9.4801,0.0,0.0,5.0556,2.2839,43.5754,134.1811,10.3039,B2,word_pos,expansion,N,expansion,NOM
historien,NOUN,B2,beacco,3.0277,8.8416,0.0,0.0,7.7114,3.0277,49.6184,6.4938,8.8416,0.0,0.0,7.6901,2.2839,36.0028,12.833,8.8028,B2,word_pos,historien,N,historien,NOM
concernant,PREP,B2,beacco,3.0277,8.4301,0.0,0.0,8.0138,3.0277,15.7275,73.4243,8.4301,0.0,0.0,0.1243,0.0,0.0,43.8345,1.4858,B2,word_pos,concernant,PREP,concernant,PRP
confédération,NOUN,B2,beacco,3.0277,8.1678,0.2652,0.3702,2.8389,3.0277,2.0505,67.3593,8.1678,0.4856,0.606,2.6278,2.2839,4.139,19.328,6.9882,B2,word_pos,confédération,N,confédération,NOM
débarquer,VERB,B2,beacco,3.0277,7.8783,0.0,0.4879,18.6767,3.0277,9.3035,0.0,7.8783,0.0,0.4664,23.2706,4.5679,6.0005,0.0,9.7177,B2,word_pos,débarquer,V,débarquer,VER
gène,NOUN,B2,beacco,3.0277,7.5508,0.0,0.0,3.5341,3.0277,6.2023,133.7065,7.5508,0.0,0.6228,1.1101,2.2839,6.0005,131.5034,7.7329,B2,word_pos,gène,N,gène,NOM
dégradation,NOUN,B2,beacco,3.0277,7.4941,0.0,0.0,3.8815,3.0277,39.2268,38.491,7.4941,0.0,0.0,4.9147,2.2839,19.861,38.656,6.1581,B2,word_pos,dégradation,N,dégradation,NOM
paisible,ADJ,B2,beacco,3.0277,7.3414,0.0,0.0,9.3086,3.0277,36.6339,6.4938,7.3414,0.0,0.0,11.854,2.2839,20.6179,12.833,6.6608,B2,word_pos,paisible,A,paisible,ADJ
secondaire,ADJ,B2,beacco,3.0277,7.0685,0.5025,0.0,0.0,3.0277,66.8252,48.1138,7.0685,0.9051,0.0,0.0,2.2839,65.168,38.656,6.6472,B2,word_pos,secondaire,A,secondaire,ADJ
contraindre,VERB,B2,beacco,3.0277,7.0487,0.0,0.0,3.6368,3.0277,18.4508,117.0576,7.0487,0.0,0.0,4.7791,2.2839,19.861,77.4712,6.8075,B2,word_pos,contraindre,V,contraindre,VER
philosophe,NOUN,B2,beacco,3.0277,7.0349,0.0,0.6342,4.9728,3.0277,12.4046,29.8958,7.0349,0.0,0.0,4.8043,2.2839,12.0009,52.5084,7.1998,B2,word_pos,philosophe,N,philosophe,NOM
significatif,ADJ,B2,beacco,3.0277,6.828,0.5025,0.3702,0.4732,3.0277,8.2019,115.9766,6.828,0.9051,0.606,0.438,2.2839,4.139,112.15,7.9577,B2,word_pos,significatif,A,significatif,ADJ
définitif,ADJ,B2,beacco,3.0277,6.8064,0.0,0.0,21.7694,3.0277,15.7275,0.0,6.8064,0.0,0.0,25.6411,2.2839,20.6179,0.0,9.5543,B2,word_pos,définitif,A,définitif,ADJ
régir,VERB,B2,beacco,3.0277,6.7737,0.0,0.0,2.6577,3.0277,53.9588,19.2455,6.7737,0.0,0.0,5.1436,2.2839,39.722,19.328,7.0038,B2,word_pos,régir,V,régir,VER
protéine,NOUN,B2,beacco,3.0277,6.6927,0.0,0.0,3.0664,3.0277,9.8067,103.9706,6.6927,0.0,0.0,3.6013,2.2839,19.861,93.687,7.3509,B2,word_pos,protéine,N,protéine,NOM
recourir,VERB,B2,beacco,3.0277,6.628,0.0,0.0,4.9444,3.0277,31.4551,22.517,6.628,0.0,0.0,1.1713,0.0,40.6321,12.833,3.7844,B2,word_pos,recourir,V,recourir,VER
équivalent,NOUN,B2,beacco,3.0277,6.622,0.0,0.6418,0.3401,3.0277,39.6967,66.1574,6.622,0.0,0.6228,0.5857,4.5679,20.6179,56.7717,5.9287,B2,word_pos,équivalent,N,équivalent,NOM
norme,NOUN,B2,beacco,3.0277,6.2981,0.0,0.0,0.0,3.0277,38.9037,104.5166,6.2981,0.0,0.0,0.0,2.2839,36.8208,95.2552,4.8323,B2,word_pos,norme,N,norme,NOM
pin,NOUN,B2,beacco,3.0277,6.2495,0.7622,0.0,19.8734,3.0277,0.0,0.0,6.2495,0.5504,0.0,17.2098,2.2839,0.0,0.0,5.7667,B2,word_pos,pin,N,pin,NOM
systématique,ADJ,B2,beacco,3.0277,5.9225,0.4996,0.0,10.8929,3.0277,12.4046,0.0,5.9225,0.9464,0.0,5.8708,2.2839,18.0014,0.0,6.4846,B2,word_pos,systématique,A,systématique,ADJ
pacifique,ADJ,B2,beacco,3.0277,5.8839,0.0,0.0,24.7027,3.0277,0.0,0.0,5.8839,0.0,0.0,13.1473,2.2839,0.0,0.0,3.772,B2,word_pos,pacifique,A,pacifique,ADJ
législation,NOUN,B2,beacco,3.0277,5.8295,0.5025,0.0,5.8627,3.0277,15.5058,9.6228,5.8295,0.9051,0.0,6.2385,2.2839,30.0023,19.328,8.4957,B2,word_pos,législation,N,législation,NOM
lycéen,NOUN,B2,beacco,3.0277,5.4686,1.005,0.0,5.5154,3.0277,6.4168,9.6228,5.4686,0.9051,0.5137,2.6879,2.2839,0.0,19.328,4.6332,B2,word_pos,lycéen,N,lycéen,NOM
demandeur,NOUN,B2,beacco,3.0277,5.343,0.0,0.0,11.6654,3.0277,12.4046,0.0,5.343,0.0,0.0,7.622,2.2839,6.0005,0.0,3.5747,B2,word_pos,demandeur,N,demandeur,NOM
phase,NOUN,B2,beacco,3.0277,5.3413,0.0,0.0,1.0854,3.0277,22.2727,43.6102,5.3413,0.0,0.0,0.6378,2.2839,34.1646,12.833,4.1508,B2,word_pos,phase,N,phase,NOM
fédérer,VERB,B2,beacco,3.0277,5.3087,0.0,0.0,5.4028,3.0277,27.9104,0.0,5.3087,0.0,0.0,3.6369,2.2839,12.0009,0.0,3.2929,B2,word_pos,fédérer,V,fédérer,VER
fureur,NOUN,B2,beacco,3.0277,5.161,0.0,0.3209,17.331,3.0277,0.0,0.0,5.161,0.0,0.6228,11.4305,2.2839,0.0,0.0,5.3212,B2,word_pos,fureur,N,fureur,NOM
hégémonie,NOUN,B2,beacco,3.0277,4.7444,0.0,0.0,4.8236,3.0277,2.0505,56.3681,4.7444,0.0,0.0,5.0496,2.2839,4.139,77.4712,5.4412,B2,word_pos,hégémonie,N,hégémonie,NOM
encadrer,VERB,B2,beacco,3.0277,4.3617,0.0,0.2439,1.861,3.0277,9.8488,43.6102,4.3617,0.0,0.4664,3.712,4.5679,20.024,12.833,6.7364,B2,word_pos,encadrer,V,encadrer,VER
fossile,ADJ,B2,beacco,3.0277,4.3053,0.0,0.0,0.5833,3.0277,25.7756,28.8683,4.3053,0.0,0.0,0.5531,0.0,40.0479,0.0,2.6407,B2,word_pos,fossile,A,fossile,ADJ
arbitre,NOUN,B2,beacco,3.0277,4.2447,0.7967,0.6418,0.0,3.0277,28.0139,0.0,4.2447,0.8346,0.6228,0.5857,2.2839,31.3528,0.0,5.1909,B2,word_pos,arbitre,N,arbitre,NOM
émerger,VERB,B2,beacco,3.0277,4.0902,0.0,0.0,0.2405,3.0277,52.0771,0.0,4.0902,0.0,0.6228,0.4665,2.2839,65.9532,0.0,6.5816,B2,word_pos,émerger,V,émerger,VER
catastrophique,ADJ,B2,beacco,3.0277,4.0258,0.0,1.6044,2.9479,3.0277,4.101,0.0,4.0258,0.0,0.6228,3.3237,2.2839,4.139,0.0,3.217,B2,word_pos,catastrophique,A,catastrophique,ADJ
exploit,NOUN,B2,beacco,3.0277,3.8483,1.9917,0.0,2.6577,3.0277,21.8856,0.0,3.8483,1.6691,0.0,3.7375,2.2839,19.861,0.0,4.103,B2,word_pos,exploit,N,exploit,NOM
satellite,NOUN,B2,beacco,3.0277,3.8438,0.0,0.0,2.8649,3.0277,30.0911,0.0,3.8438,0.0,0.0,3.5822,4.5679,51.4303,0.0,6.3357,B2,word_pos,satellite,N,satellite,NOM
voisinage,NOUN,B2,beacco,3.0277,3.8329,0.0,0.4879,0.4152,3.0277,25.7756,0.0,3.8329,0.0,0.4664,0.7812,4.5679,20.024,0.0,4.657,B2,word_pos,voisinage,N,voisinage,NOM
indien,NOUN,B2,beacco,3.0277,3.8216,0.0,0.0,1.8926,3.0277,12.3029,0.0,3.8216,0.0,0.0,5.741,2.2839,4.139,0.0,3.5033,B2,word_pos,indien,N,indien,NOM
dense,ADJ,B2,beacco,3.0277,3.6581,0.0,0.7125,9.0754,3.0277,3.1012,0.0,3.6581,0.0,0.2891,15.1533,2.2839,6.0005,0.0,6.2649,B2,word_pos,dense,A,dense,ADJ
mauvais,NOUN,B2,beacco,3.0277,3.6317,0.0,3.1687,0.0,3.0277,16.4039,0.0,3.6317,0.7319,0.6228,3.6262,0.8102,8.2781,0.0,5.237,B2,word_pos,mauvais,N,mauvais,NOM
démentir,VERB,B2,beacco,3.0277,3.5445,0.0,0.0,0.8749,3.0277,2.0505,96.2275,3.5445,0.0,0.0,0.5531,2.2839,4.139,38.656,3.3067,B2,word_pos,démentir,V,démentir,VER
duquel,PRON,B2,beacco,3.0277,3.5163,0.0,0.0,1.8838,3.0277,29.7295,0.0,3.5163,0.0,0.0,7.0772,2.2839,40.0479,0.0,6.5114,B2,word_pos,duquel,PREPPRO,duquel,PRO
provençal,ADJ,B2,beacco,3.0277,3.5115,9.3619,0.2114,0.0,3.0277,0.0,19.4814,3.5115,7.5737,0.6008,0.0,2.2839,0.0,0.0,2.2139,B2,word_pos,provençal,A,provençal,ADJ
composante,NOUN,B2,beacco,3.0277,3.487,0.0,0.0,3.383,3.0277,0.0,57.7365,3.487,0.0,0.0,5.9562,2.2839,0.0,19.328,4.2144,B2,word_pos,composante,N,composante,NOM
vitrine,NOUN,B2,beacco,3.0277,3.437,0.0,5.0925,0.1815,3.0277,4.101,0.0,3.437,0.0,0.2065,0.5008,2.2839,8.2781,0.0,3.2125,B2,word_pos,vitrine,N,vitrine,NOM
volant,NOUN,B2,beacco,3.0277,3.2908,0.0,0.3702,5.8206,3.0277,3.1012,0.0,3.2908,0.0,0.606,2.8589,2.2839,6.0005,0.0,3.5939,B2,word_pos,volant,N,volant,NOM
format,NOUN,B2,beacco,3.0277,3.262,0.0,0.0,11.3527,3.0277,0.0,0.0,3.262,0.0,0.0,7.7544,2.2839,0.0,0.0,2.5548,B2,word_pos,format,N,format,NOM
pleinement,ADV,B2,beacco,3.0277,3.2577,0.0,0.4234,0.3618,3.0277,12.4046,9.6228,3.2577,0.0,0.4157,0.6378,2.2839,6.0005,19.328,2.9784,B2,word_pos,pleinement,ADV,pleinement,ADV
flux,NOUN,B2,beacco,3.0277,3.2182,0.0,0.0,3.7368,3.0277,8.2019,0.0,3.2182,0.0,0.0,3.7062,2.2839,4.139,0.0,2.557,B2,word_pos,flux,N,flux,NOM
hébergement,NOUN,B2,beacco,3.0277,3.1778,0.0,0.2114,7.6789,3.0277,0.0,0.0,3.1778,0.0,0.6008,7.8476,2.2839,0.0,0.0,3.675,B2,word_pos,hébergement,N,hébergement,NOM
socialement,ADV,B2,beacco,3.0277,3.1445,0.0,0.0,1.0854,3.0277,12.7628,9.6228,3.1445,0.0,0.0,1.2756,2.2839,20.024,19.328,3.8038,B2,word_pos,socialement,ADV,socialement,ADV
recruter,VERB,B2,beacco,3.0277,3.1165,0.0,0.2114,0.0,3.0277,10.2524,19.2455,3.1165,0.0,0.6008,0.0,2.2839,8.2781,19.328,3.1756,B2,word_pos,recruter,V,recruter,VER
comparable,ADJ,B2,beacco,3.0277,3.1038,0.0,0.0,7.3538,3.0277,3.1012,0.0,3.1038,0.0,0.0,7.619,4.5679,6.0005,0.0,4.2306,B2,word_pos,comparable,A,comparable,ADJ
incliner,VERB,B2,beacco,3.0277,3.1021,0.0,0.0,4.0821,3.0277,12.4046,0.0,3.1021,0.0,0.0,5.9892,2.2839,0.0,0.0,1.9799,B2,word_pos,incliner,V,incliner,VER
caractéristique,ADJ,B2,beacco,3.0277,3.0933,0.0,0.2831,3.5891,3.0277,2.0505,19.2455,3.0933,0.0,0.0,3.5715,8.1049,8.2781,0.0,4.2123,B2,word_pos,caractéristique,A,caractéristique,ADJ
lointain,NOUN,B2,beacco,3.0277,3.0855,0.0,0.6418,2.2528,3.0277,3.2084,0.0,3.0855,0.0,0.6228,0.3933,2.2839,0.0,0.0,1.5207,B2,word_pos,lointain,N,lointain,NOM
monstrueux,ADJ,B2,beacco,3.0277,3.0534,0.0,0.0,5.9633,3.0277,6.2023,0.0,3.0534,0.0,0.0,7.3969,4.5679,6.0005,0.0,4.2039,B2,word_pos,monstrueux,A,monstrueux,ADJ
respectivement,ADV,B2,beacco,3.0277,2.9135,0.0,0.3702,0.5833,3.0277,6.2023,9.6228,2.9135,0.0,0.606,0.5531,2.2839,6.0005,19.328,3.2765,B2,word_pos,respectivement,ADV,respectivement,ADV
refouler,VERB,B2,beacco,3.0277,2.78,0.0,0.0,8.8849,3.0277,0.0,0.0,2.78,0.0,0.0,3.7375,2.2839,0.0,0.0,1.5645,B2,word_pos,refouler,V,refouler,VER
identification,NOUN,B2,beacco,3.0277,2.547,0.0,0.0,0.0,3.0277,24.7899,6.4938,2.547,0.0,0.0,0.0,2.2839,20.6179,12.833,2.0778,B2,word_pos,identification,N,identification,NOM
présumer,VERB,B2,beacco,3.0277,2.5408,0.0,0.2117,0.4732,3.0277,6.1515,0.0,2.5408,0.0,0.4157,0.438,2.2839,8.2781,0.0,2.9725,B2,word_pos,présumer,V,présumer,VER
aboutir,VERB,B2,beacco,3.0277,2.5288,0.0,0.0,1.4428,3.0277,15.7275,0.0,2.5288,0.0,0.0,5.0402,2.2839,20.6179,19.328,4.7962,B2,word_pos,aboutir,V,aboutir,VER
protestation,NOUN,B2,beacco,3.0277,2.4677,0.0,0.0,7.8763,3.0277,0.0,0.0,2.4677,0.0,0.0,11.3679,4.5679,0.0,0.0,4.3514,B2,word_pos,protestation,N,protestation,NOM
épanouissement,NOUN,B2,beacco,3.0277,2.3866,0.0,0.0,0.0,3.0277,21.8856,9.6228,2.3866,0.0,0.0,0.0,2.2839,19.861,19.328,2.5855,B2,word_pos,épanouissement,N,épanouissement,NOM
fuseau,NOUN,B2,beacco,3.0277,2.3513,0.0,0.0,7.2976,3.0277,0.0,0.0,2.3513,0.0,0.0,5.3614,2.2839,0.0,0.0,1.9856,B2,word_pos,fuseau,N,fuseau,NOM
maternité,NOUN,B2,beacco,3.0277,2.3244,1.2205,0.0618,0.0,3.0277,9.3035,0.0,2.3244,0.8075,0.1276,0.0,0.0,6.0005,0.0,0.978,B2,word_pos,maternité,N,maternité,NOM
quoique,CONJ,B2,beacco,3.0277,2.2587,0.0,0.0,0.2076,3.0277,19.6975,0.0,2.2587,0.0,0.0,0.0,2.2839,20.024,0.0,1.5671,B2,word_pos,quoique,CONJS,quoique,KON
enclin,ADJ,B2,beacco,3.0277,2.255,0.0,0.0,0.4732,3.0277,6.2023,6.4938,2.255,0.0,0.0,0.438,2.2839,6.0005,12.833,2.5843,B2,word_pos,enclin,A,enclin,ADJ
déformation,NOUN,B2,beacco,3.0277,2.2309,0.0,0.0,6.6926,3.0277,0.0,0.0,2.2309,0.0,0.0,9.9698,2.2839,0.0,0.0,3.0737,B2,word_pos,déformation,N,déformation,NOM
déshonorer,VERB,B2,beacco,3.0277,2.2308,13.2354,0.0,0.0,3.0277,2.0505,0.0,2.2308,7.5737,0.0,0.0,4.5679,4.139,0.0,2.8086,B2,word_pos,déshonorer,V,déshonorer,VER
décortiquer,VERB,B2,beacco,3.0277,2.1599,0.0,0.0,0.0,3.0277,31.4551,0.0,2.1599,0.0,0.0,0.0,2.2839,20.6179,0.0,1.5897,B2,word_pos,décortiquer,V,décortiquer,VER
cohérent,ADJ,B2,beacco,3.0277,2.0871,0.0,0.0,0.2093,3.0277,12.4046,2.0587,2.0871,0.0,0.0,0.1219,2.2839,6.0005,4.0185,2.4373,B2,word_pos,cohérent,A,cohérent,ADJ
inadapté,ADJ,B2,beacco,3.0277,2.0441,0.0,0.0,0.5833,3.0277,8.2019,0.0,2.0441,0.0,0.0,0.5531,2.2839,8.2781,0.0,2.1401,B2,word_pos,inadapté,A,inadapté,ADJ
réintroduire,VERB,B2,beacco,3.0277,1.9756,0.0,0.0,5.8206,3.0277,0.0,0.0,1.9756,0.0,0.0,2.8589,2.2839,0.0,0.0,1.5563,B2,word_pos,réintroduire,V,réintroduire,VER
palmier,NOUN,B2,beacco,3.0277,1.9698,1.005,0.2527,0.0,3.0277,4.101,0.0,1.9698,0.9051,0.5137,0.0,2.2839,4.139,0.0,2.3713,B2,word_pos,palmier,N,palmier,NOM
convocation,NOUN,B2,beacco,3.0277,1.8814,0.0,0.0,0.2041,3.0277,12.4046,0.0,1.8814,0.0,0.0,0.4317,2.2839,6.0005,0.0,1.4817,B2,word_pos,convocation,N,convocation,NOM
coordinateur,NOUN,B2,beacco,3.0277,1.8497,0.0,0.0,0.2405,3.0277,12.7628,0.0,1.8497,0.0,0.0,0.4665,2.2839,20.024,0.0,2.5091,B2,word_pos,coordinateur,N,coordinateur,NOM
pourtour,NOUN,B2,beacco,3.0277,1.8346,0.0,0.0,2.8448,3.0277,3.1012,0.0,1.8346,0.0,0.0,3.7062,2.2839,6.0005,0.0,2.5305,B2,word_pos,pourtour,N,pourtour,NOM
inutilement,ADV,B2,beacco,3.0277,1.8272,0.0,0.4234,0.7236,3.0277,3.1012,0.0,1.8272,0.0,0.4157,5.3842,4.5679,6.0005,0.0,4.8289,B2,word_pos,inutilement,ADV,inutilement,ADV
variante,NOUN,B2,beacco,3.0277,1.7812,0.0,0.0,0.0,3.0277,6.2023,6.176,1.7812,0.0,0.0,0.0,2.2839,6.0005,4.0185,1.5671,B2,word_pos,variante,N,variante,NOM
caler,VERB,B2,beacco,3.0277,1.7525,0.0,0.0,0.2076,3.0277,8.2019,0.0,1.7525,0.0,0.0,0.3906,2.2839,4.139,0.0,1.4859,B2,word_pos,caler,V,caler,VER
néfaste,ADJ,B2,beacco,3.0277,1.6861,0.0,0.0,2.522,3.0277,2.0505,0.0,1.6861,0.0,0.0,2.611,2.2839,4.139,0.0,2.4702,B2,word_pos,néfaste,A,néfaste,ADJ
remède,NOUN,B2,beacco,3.0277,1.6837,0.0,0.5054,0.0,3.0277,0.0,28.8683,1.6837,0.0,0.5137,0.0,2.2839,0.0,19.328,1.3352,B2,word_pos,remède,N,remède,NOM
contraster,VERB,B2,beacco,3.0277,1.6422,0.0,0.0,4.3205,3.0277,0.0,0.0,1.6422,0.0,0.0,3.4656,2.2839,0.0,19.328,2.4399,B2,word_pos,contraster,V,contraster,VER
diplomatie,NOUN,B2,beacco,3.0277,1.545,0.0,0.0,0.0,3.0277,4.101,19.4814,1.545,0.0,0.0,0.0,2.2839,4.139,12.833,1.1145,B2,word_pos,diplomatie,N,diplomatie,NOM
rebondir,VERB,B2,beacco,3.0277,1.5041,0.0,0.7405,0.0,3.0277,3.2084,0.0,1.5041,0.0,0.606,0.0,2.2839,3.4423,0.0,1.535,B2,word_pos,rebondir,V,rebondir,VER
digestion,NOUN,B2,beacco,3.0277,1.4739,0.0,0.6418,0.6802,3.0277,0.0,0.0,1.4739,0.0,0.6228,0.5857,2.2839,0.0,0.0,1.5545,B2,word_pos,digestion,N,digestion,NOM
différer,VERB,B2,beacco,3.0277,1.4129,0.0,0.2527,0.6122,3.0277,0.0,0.0,1.4129,0.0,0.5137,0.4317,0.0,0.0,0.0,0.6367,B2,word_pos,différer,V,différer,VER
bouillabaisse,NOUN,B2,beacco,3.0277,1.3885,8.8185,0.0,0.0,3.0277,0.0,0.0,1.3885,7.6141,0.0,0.0,2.2839,0.0,0.0,1.3237,B2,word_pos,bouillabaisse,N,bouillabaisse,NOM
rein,NOUN,B2,beacco,3.0277,1.3763,0.0,0.0,0.231,3.0277,0.0,19.2455,1.3763,0.0,0.0,0.2331,2.2839,0.0,19.328,1.5464,B2,word_pos,rein,N,rein,NOM
clic,NOUN,B2,beacco,3.0277,1.3579,0.0,0.7796,0.0698,3.0277,0.0,0.0,1.3579,0.0,0.5213,0.1219,2.2839,0.0,0.0,1.4544,B2,word_pos,clic,N,clic,NOM
bilinguisme,NOUN,B2,beacco,3.0277,1.3347,0.0,0.0,0.6228,3.0277,0.0,9.6228,1.3347,0.0,0.0,0.3906,2.2839,0.0,19.328,1.456,B2,word_pos,bilinguisme,N,bilinguisme,NOM
exposé,NOUN,B2,beacco,3.0277,1.3107,7.1185,0.0303,0.0,3.0277,0.0,0.0,1.3107,7.2715,0.0,0.4665,2.2839,0.0,19.328,2.9176,B2,word_pos,exposé,N,exposé,NOM
vigilance,NOUN,B2,beacco,3.0277,1.3076,0.0,0.0,0.0,3.0277,15.6669,0.0,1.3076,0.0,0.0,0.0,2.2839,3.4423,0.0,0.7118,B2,word_pos,vigilance,N,vigilance,NOM
chaton,NOUN,B2,beacco,3.0277,1.3052,0.0,0.0,2.9065,3.0277,0.0,0.0,1.3052,0.0,0.0,3.5861,2.2839,0.0,0.0,1.5347,B2,word_pos,chaton,N,chaton,NOM
approfondir,VERB,B2,beacco,3.0277,1.2784,0.0,0.9626,0.2405,3.0277,0.0,0.0,1.2784,0.0,0.6228,3.6369,2.2839,4.139,0.0,3.637,B2,word_pos,approfondir,V,approfondir,VER
émetteur,NOUN,B2,beacco,3.0277,1.2744,0.0,0.0,0.0,3.0277,0.0,43.6102,1.2744,0.0,0.0,0.0,2.2839,0.0,12.833,0.7167,B2,word_pos,émetteur,N,émetteur,NOM
oblique,ADJ,B2,beacco,3.0277,1.2729,0.0,0.0,0.1155,3.0277,3.2084,0.0,1.2729,0.0,0.0,0.2331,2.2839,3.4423,0.0,1.5733,B2,word_pos,oblique,A,oblique,ADJ
incertain,ADJ,B2,beacco,3.0277,1.2582,0.0,0.0,0.6802,3.0277,2.0505,0.0,1.2582,0.0,0.0,0.5857,2.2839,4.139,0.0,1.563,B2,word_pos,incertain,A,incertain,ADJ
dé,NOUN,B2,beacco,3.0277,1.2277,0.0,0.7405,0.2076,3.0277,0.0,0.0,1.2277,0.0,0.606,0.3906,2.2839,0.0,0.0,1.5148,B2,word_pos,dé,N,dé,NOM
gommer,VERB,B2,beacco,3.0277,1.2142,0.0,0.0,2.4869,3.0277,0.0,0.0,1.2142,0.0,0.0,3.6187,2.2839,0.0,0.0,1.5454,B2,word_pos,gommer,V,gommer,VER
parvis,NOUN,B2,beacco,3.0277,1.2075,0.0,0.0,0.4809,3.0277,1.6042,0.0,1.2075,0.0,0.0,0.4665,4.5679,3.4423,0.0,2.0156,B2,word_pos,parvis,N,parvis,NOM
odieux,ADJ,B2,beacco,3.0277,1.1643,0.0,0.0,2.0405,3.0277,0.0,0.0,1.1643,0.0,0.0,0.5857,4.5679,0.0,0.0,1.0074,B2,word_pos,odieux,A,odieux,ADJ
exutoire,NOUN,B2,beacco,3.0277,1.134,0.0,0.0,0.0,3.0277,12.4046,0.0,1.134,0.0,0.0,0.0,2.2839,6.0005,0.0,0.7085,B2,word_pos,exutoire,N,exutoire,NOM
identitaire,ADJ,B2,crf_first_attested,3.0277,1.134,0.0,0.0,0.0,3.0277,12.4046,0.0,1.134,,,,,,,,,crf_only,identitaire,A,,
flamand,NOUN,B2,crf_first_attested,3.0277,1.0743,0.0,0.0,0.0,3.0277,0.0,67.3593,1.0743,,,,,,,,,crf_only,flamand,N,,
transférer,VERB,B2,beacco,3.0277,1.0322,0.0,0.3702,0.2076,3.0277,0.0,0.0,1.0322,0.0,0.606,0.3906,2.2839,0.0,0.0,1.5148,B2,word_pos,transférer,V,transférer,VER
loueur,NOUN,B2,beacco,3.0277,1.0174,0.0,0.5168,0.3618,3.0277,0.0,0.0,1.0174,0.0,1.0679,0.6378,2.2839,0.0,0.0,1.5647,B2,word_pos,loueur,N,loueur,NOM
temporel,ADJ,B2,beacco,3.0277,1.0088,0.0,0.0,0.2076,3.0277,2.0505,0.0,1.0088,0.0,0.0,0.3906,2.2839,4.139,0.0,1.4859,B2,word_pos,temporel,A,temporel,ADJ
promis,NOUN,B2,beacco,3.0277,1.0087,0.0,0.0,0.3401,3.0277,2.0505,0.0,1.0087,1.1764,0.0,0.5857,0.0,4.139,0.0,1.3354,B2,word_pos,promis,N,promis,NOM
consommateur,ADJ,B2,crf_first_attested,3.0277,1.0064,0.0,0.0,0.0,3.0277,9.8067,0.0,1.0064,,,,,,,,,crf_only,consommateur,A,,
croate,NOUN,B2,beacco,3.0277,0.9928,0.0,0.0,0.0,3.0277,6.4168,0.0,0.9928,0.0,0.0,0.0,2.2839,3.4423,0.0,0.7118,B2,word_pos,croate,N,croate,NOM
humoristique,ADJ,B2,beacco,3.0277,0.9928,0.0,0.0,0.0,3.0277,6.4168,0.0,0.9928,0.0,0.0,0.0,2.2839,3.4423,0.0,0.7118,B2,word_pos,humoristique,A,humoristique,ADJ
tronc,NOUN,B2,beacco,3.0277,0.9771,0.0,0.0,1.6133,3.0277,0.0,0.0,0.9771,0.0,0.0,4.684,2.2839,0.0,0.0,1.5627,B2,word_pos,tronc,N,tronc,NOM
ténèbre,NOUN,B2,beacco,3.0277,0.9632,0.0,0.0,1.5443,3.0277,0.0,0.0,0.9632,0.0,0.0,2.9957,4.5679,0.0,0.0,2.0499,B2,word_pos,ténèbre,N,ténèbre,NOM
finale,NOUN,B2,beacco,3.0277,0.9429,0.6621,0.0,0.0,3.0277,3.1012,0.0,0.9429,1.2635,0.1865,0.0,4.5679,6.0005,0.0,2.567,B2,word_pos,finale,N,finale,NOM
décaler,VERB,B2,beacco,3.0277,0.9268,0.0,0.0,1.2023,3.0277,0.0,0.0,0.9268,0.0,0.0,0.4665,2.2839,0.0,0.0,0.6811,B2,word_pos,décaler,V,décaler,VER
quantitatif,ADJ,B2,beacco,3.0277,0.8836,0.0,0.0,0.0,3.0277,6.1515,0.0,0.8836,0.0,0.0,0.0,2.2839,4.139,0.0,0.7167,B2,word_pos,quantitatif,A,quantitatif,ADJ
altération,NOUN,B2,beacco,3.0277,0.8775,0.0,0.0,0.0,3.0277,0.0,38.491,0.8775,0.0,0.0,0.0,2.2839,0.0,38.656,1.1943,B2,word_pos,altération,N,altération,NOM
polémique,ADJ,B2,beacco,3.0277,0.8775,0.0,0.0,0.0,3.0277,0.0,38.491,0.8775,0.0,0.0,0.0,2.2839,0.0,19.328,0.7085,B2,word_pos,polémique,A,polémique,ADJ
rareté,NOUN,B2,beacco,3.0277,0.8684,0.0,0.0,1.0854,3.0277,0.0,0.0,0.8684,0.0,0.0,3.1463,2.2839,0.0,0.0,1.4048,B2,word_pos,rareté,N,rareté,NOM
lancinant,ADJ,B2,beacco,3.0277,0.8681,0.0,0.0,0.0,3.0277,4.8126,0.0,0.8681,0.0,0.0,0.0,2.2839,3.4423,0.0,0.7118,B2,word_pos,lancinant,A,lancinant,ADJ
pendule,NOUN,B2,beacco,3.0277,0.865,0.0,0.0,1.0379,3.0277,0.0,0.0,0.865,0.0,0.0,0.3906,2.2839,0.0,0.0,0.6595,B2,word_pos,pendule,N,pendule,NOM
cocotier,NOUN,B2,beacco,3.0277,0.8578,0.0,1.792,0.0,3.0277,0.0,0.0,0.8578,0.0,3.6645,0.0,2.2839,0.0,0.0,1.4357,B2,word_pos,cocotier,N,cocotier,NOM
inestimable,ADJ,B2,beacco,3.0277,0.8022,0.0,0.0,0.8162,3.0277,0.0,0.0,0.8022,0.0,0.0,0.4317,2.2839,0.0,0.0,0.6722,B2,word_pos,inestimable,A,inestimable,ADJ
bureaucratique,ADJ,B2,beacco,3.0277,0.7296,0.0,0.0,0.0,3.0277,6.2023,0.0,0.7296,0.0,0.0,0.0,2.2839,6.0005,0.0,0.7085,B2,word_pos,bureaucratique,A,bureaucratique,ADJ
originel,ADJ,B2,beacco,3.0277,0.7296,0.0,0.0,0.0,3.0277,6.2023,0.0,0.7296,0.0,0.0,0.0,2.2839,12.0009,0.0,1.1943,B2,word_pos,originel,A,originel,ADJ
prévisionnel,ADJ,B2,beacco,3.0277,0.7296,0.0,0.0,0.0,3.0277,6.2023,0.0,0.7296,0.0,0.0,0.0,2.2839,6.0005,0.0,0.7085,B2,word_pos,prévisionnel,A,prévisionnel,ADJ
récepteur,NOUN,B2,beacco,3.0277,0.7296,0.0,0.0,0.0,3.0277,6.2023,0.0,0.7296,0.0,0.0,0.0,2.2839,6.0005,0.0,0.7085,B2,word_pos,récepteur,N,récepteur,NOM
tranchées,NOUN,B2,crf_first_attested,3.0277,0.7296,0.0,0.0,0.0,3.0277,6.2023,0.0,0.7296,,,,,,,,,crf_only,tranchées,N,,
inopérant,ADJ,B2,beacco,3.0277,0.7196,0.0,0.0,0.0,3.0277,4.101,0.0,0.7196,0.0,0.0,0.0,2.2839,8.2781,0.0,1.1145,B2,word_pos,inopérant,A,inopérant,ADJ
réinsertion,NOUN,B2,beacco,3.0277,0.7196,0.0,0.0,0.0,3.0277,4.101,0.0,0.7196,0.0,0.0,0.0,2.2839,4.139,0.0,0.7167,B2,word_pos,réinsertion,N,réinsertion,NOM
juxtaposer,VERB,B2,beacco,3.0277,0.715,0.0,0.0,0.7236,3.0277,0.0,0.0,0.715,0.0,0.0,0.6378,2.2839,0.0,0.0,0.7068,B2,word_pos,juxtaposer,V,juxtaposer,VER
écumer,VERB,B2,beacco,3.0277,0.715,0.0,0.0,0.7236,3.0277,0.0,0.0,0.715,0.0,0.0,0.6378,4.5679,0.0,0.0,0.9963,B2,word_pos,écumer,V,écumer,VER
nantais,ADJ,B2,beacco,3.0277,0.7045,0.0,0.0618,0.2405,3.0277,0.0,0.0,0.7045,0.0,0.1276,0.4665,2.2839,0.0,0.0,0.9157,B2,word_pos,nantais,A,nantais,ADJ
ethnologue,NOUN,B2,beacco,3.0277,0.683,0.0,0.0,0.0,3.0277,0.0,19.2455,0.683,0.0,0.0,0.0,2.2839,0.0,19.328,0.7085,B2,word_pos,ethnologue,N,ethnologue,NOM
maghrébin,NOUN,B2,beacco,3.0277,0.683,0.0,0.0,0.0,3.0277,0.0,19.2455,0.683,0.0,0.0,3.7375,6.8518,0.0,38.656,4.2196,B2,word_pos,maghrébin,N,maghrébin,NOM
licencié,NOUN,B2,beacco,3.0277,0.6762,0.0,0.0,0.4809,3.0277,0.0,0.0,0.6762,0.0,0.0,0.4665,2.2839,0.0,0.0,0.6811,B2,word_pos,licencié,N,licencié,NOM
éligible,ADJ,B2,beacco,3.0277,0.6625,0.0,1.2702,0.0,3.0277,0.0,0.0,0.6625,0.0,0.4157,0.0,2.2839,0.0,0.0,0.5589,B2,word_pos,éligible,A,éligible,ADJ
alternance,NOUN,B2,beacco,3.0277,0.6393,0.0,1.0585,0.0,3.0277,0.0,0.0,0.6393,0.0,0.8313,0.0,2.2839,0.0,0.0,0.6241,B2,word_pos,alternance,N,alternance,NOM
magnifiquement,ADV,B2,beacco,3.0277,0.6127,0.0,0.0,0.4621,3.0277,0.0,0.0,0.6127,0.0,0.0,0.2331,2.2839,0.0,0.0,0.7031,B2,word_pos,magnifiquement,ADV,magnifiquement,ADV
écoper,VERB,B2,beacco,3.0277,0.5862,0.0,0.6342,0.0,3.0277,0.0,0.0,0.5862,0.0,0.6008,0.0,2.2839,0.0,0.0,0.6864,B2,word_pos,écoper,V,écoper,VER
hanche,NOUN,B2,beacco,3.0277,0.5524,0.0,0.0,0.231,3.0277,0.0,0.0,0.5524,0.0,0.0,0.4662,2.2839,0.0,0.0,0.9621,B2,word_pos,hanche,N,hanche,NOM
panoramique,ADJ,B2,beacco,3.0277,0.5325,0.9991,0.0,0.0,3.0277,0.0,0.0,0.5325,0.9464,0.0,0.0,2.2839,0.0,0.0,0.6179,B2,word_pos,panoramique,A,panoramique,ADJ
héréditaire,ADJ,B2,beacco,3.0277,0.5236,0.0,0.0,0.1883,3.0277,0.0,0.0,0.5236,0.0,0.0,0.3933,2.2839,0.0,0.0,0.6604,B2,word_pos,héréditaire,A,héréditaire,ADJ
esthétique,NOUN,B2,beacco,3.0277,0.5228,0.0,0.0,0.2405,3.0277,0.0,0.0,0.5228,0.0,0.0,3.6369,4.5679,0.0,0.0,2.0282,B2,word_pos,esthétique,N,esthétique,NOM
die,X,B2,crf_first_attested,3.0277,0.5215,0.0,0.0,0.0,3.0277,0.0,9.6228,0.5215,,,,,,,,,crf_only,die,X,,
fraction,NOUN,B2,beacco,3.0277,0.5166,0.0,0.0,0.2916,3.0277,0.0,0.0,0.5166,0.0,0.0,0.5531,4.5679,0.0,0.0,1.0141,B2,word_pos,fraction,N,fraction,NOM
gouverneur,NOUN,B2,beacco,3.0277,0.5087,0.0,0.0,0.3401,3.0277,0.0,0.0,0.5087,0.0,0.0,0.5857,4.5679,0.0,0.0,1.0074,B2,word_pos,gouverneur,N,gouverneur,NOM
édification,NOUN,B2,beacco,3.0277,0.5087,0.0,0.0,0.3401,3.0277,0.0,0.0,0.5087,0.0,0.0,0.5857,2.2839,0.0,0.0,0.7014,B2,word_pos,édification,N,édification,NOM
hypothalamus,NOUN,B2,beacco,3.0277,0.505,0.0,0.0,0.0,3.0277,1.6042,0.0,0.505,0.0,0.0,0.0,2.2839,3.4423,0.0,0.7118,B2,word_pos,hypothalamus,N,hypothalamus,NOM
matrice,NOUN,B2,beacco,3.0277,0.505,0.0,0.0,0.0,3.0277,0.0,2.0587,0.505,0.0,0.0,0.0,2.2839,0.0,4.0185,0.7118,B2,word_pos,matrice,N,matrice,NOM
multicolore,ADJ,B2,beacco,3.0277,0.505,0.0,0.0,0.0,3.0277,1.6042,0.0,0.505,0.0,0.0,0.0,2.2839,3.4423,0.0,0.7118,B2,word_pos,multicolore,A,multicolore,ADJ
rugbyman,NOUN,B2,crf_first_attested,3.0277,0.505,0.0,0.0,0.0,3.0277,1.6042,0.0,0.505,,,,,,,,,crf_only,rugbyman,N,,
aisément,ADV,B2,beacco,3.0277,0.5049,0.0,0.0,0.3618,3.0277,0.0,0.0,0.5049,0.0,0.0,0.6378,2.2839,0.0,0.0,0.7068,B2,word_pos,aisément,ADV,aisément,ADV
informel,ADJ,B2,beacco,3.0277,0.5049,0.0,0.0,0.3618,3.0277,0.0,0.0,0.5049,0.0,0.0,0.6378,2.2839,0.0,0.0,0.7068,B2,word_pos,informel,A,informel,ADJ
clocher,NOUN,B2,beacco,3.0277,0.5029,1.2043,0.0,0.0,3.0277,0.0,0.0,0.5029,2.1958,0.0,0.0,4.5679,0.0,0.0,0.9828,B2,word_pos,clocher,N,clocher,NOM
extinction,NOUN,B2,beacco,3.0277,0.5018,0.0,0.0,0.2366,3.0277,0.0,0.0,0.5018,0.0,0.0,0.438,2.2839,0.0,0.0,0.7115,B2,word_pos,extinction,N,extinction,NOM
forfaitaire,ADJ,B2,beacco,3.0277,0.5003,0.0,0.2117,0.0,3.0277,0.0,0.0,0.5003,0.0,0.4157,0.0,4.5679,0.0,0.0,1.0005,B2,word_pos,forfaitaire,A,forfaitaire,ADJ
handicaper,VERB,B2,beacco,3.0277,0.5003,0.0,0.2117,0.0,3.0277,0.0,0.0,0.5003,0.0,0.4157,0.0,9.1358,0.0,0.0,1.7189,B2,word_pos,handicaper,V,handicaper,VER
orée,NOUN,B2,beacco,3.0277,0.5003,0.0,0.2117,0.0,3.0277,0.0,0.0,0.5003,0.0,0.4157,0.0,2.2839,0.0,0.0,0.5589,B2,word_pos,orée,N,orée,NOM
censure,NOUN,B2,beacco,3.0277,0.4995,0.0,0.0,0.0,3.0277,2.0505,0.0,0.4995,0.0,0.0,0.0,2.2839,4.139,0.0,0.7167,B2,word_pos,censure,N,censure,NOM
drastiquement,ADV,B2,beacco,3.0277,0.4995,0.0,0.0,0.0,3.0277,2.0505,0.0,0.4995,0.0,0.0,0.0,2.2839,4.139,0.0,0.7167,B2,word_pos,drastiquement,ADV,drastiquement,ADV
migrant,NOUN,B2,beacco,3.0277,0.4995,0.0,0.0,0.0,3.0277,2.0505,0.0,0.4995,0.0,0.0,0.0,2.2839,4.139,0.0,0.7167,B2,word_pos,migrant,N,migrant,NOM
répression,NOUN,B2,beacco,3.0277,0.4995,0.0,0.0,0.0,3.0277,2.0505,0.0,0.4995,0.0,0.0,0.0,2.2839,4.139,0.0,0.7167,B2,word_pos,répression,N,répression,NOM
sexuellement,ADV,B2,beacco,3.0277,0.4995,0.0,0.0,0.0,3.0277,2.0505,0.0,0.4995,0.0,0.0,0.0,2.2839,4.139,0.0,0.7167,B2,word_pos,sexuellement,ADV,sexuellement,ADV
cancéreux,ADJ,B2,beacco,3.0277,0.4666,0.0,0.0,0.0,3.0277,3.1012,0.0,0.4666,0.0,0.0,0.0,2.2839,6.0005,0.0,0.7085,B2,word_pos,cancéreux,A,cancéreux,ADJ
footballeur,NOUN,B2,beacco,3.0277,0.4666,0.0,0.0,0.0,3.0277,3.1012,0.0,0.4666,0.0,0.0,0.0,2.2839,6.0005,0.0,0.7085,B2,word_pos,footballeur,N,footballeur,NOM
garderie,NOUN,B2,beacco,3.0277,0.4666,0.0,0.0,0.0,3.0277,3.1012,0.0,0.4666,0.0,0.0,0.0,4.5679,6.0005,0.0,0.8475,B2,word_pos,garderie,N,garderie,NOM
injurieux,ADJ,B2,beacco,3.0277,0.4666,0.0,0.0,0.0,3.0277,3.1012,0.0,0.4666,0.0,0.0,0.0,2.2839,6.0005,0.0,0.7085,B2,word_pos,injurieux,A,injurieux,ADJ
pénurie,NOUN,B2,beacco,3.0277,0.4666,0.0,0.0,0.0,3.0277,3.1012,0.0,0.4666,0.0,0.0,0.0,2.2839,6.0005,0.0,0.7085,B2,word_pos,pénurie,N,pénurie,NOM
confidentialité,NOUN,B2,beacco,3.0277,0.4505,0.0,0.0,0.1395,3.0277,0.0,0.0,0.4505,0.0,0.0,0.1219,2.2839,0.0,0.0,0.6496,B2,word_pos,confidentialité,N,confidentialité,NOM
ad hoc,ADJ,B2,crf_first_attested,3.0277,0.0691,0.0,0.0,0.0,3.0277,0.0,0.0,0.0691,,,,,,,,,crf_only,ad hoc,A,,
affirmation de soi,NOUN,B2,crf_first_attested,3.0277,0.0691,0.0,0.0,0.0,3.0277,0.0,0.0,0.0691,,,,,,,,,crf_only,affirmation de soi,N,,
ajoutée,ADJ,B2,crf_first_attested,3.0277,0.0691,0.0,0.0,0.0,3.0277,0.0,0.0,0.0691,,,,,,,,,crf_only,ajoutée,A,,
au fair - play,ADV,B2,crf_first_attested,3.0277,0.0691,0.0,0.0,0.0,3.0277,0.0,0.0,0.0691,,,,,,,,,crf_only,au fair - play,ADV,,
autoarbitrent,VERB,B2,crf_first_attested,3.0277,0.0691,0.0,0.0,0.0,3.0277,0.0,0.0,0.0691,,,,,,,,,crf_only,autoarbitrent,V,,
banal,NOUN,B2,crf_first_attested,3.0277,0.0691,0.0,0.0,0.0,3.0277,0.0,0.0,0.0691,,,,,,,,,crf_only,banal,N,,
blogeoisie,NOUN,B2,crf_first_attested,3.0277,0.0691,0.0,0.0,0.0,3.0277,0.0,0.0,0.0691,,,,,,,,,crf_only,blogeoisie,N,,
bloguent,NOUN,B2,crf_first_attested,3.0277,0.0691,0.0,0.0,0.0,3.0277,0.0,0.0,0.0691,,,,,,,,,crf_only,bloguent,N,,
c' est - à - dire que,CONJ,B2,crf_first_attested,3.0277,0.0691,0.0,0.0,0.0,3.0277,0.0,0.0,0.0691,,,,,,,,,crf_only,c' est - à - dire que,CONJS,,
chartes,NOUN,B2,crf_first_attested,3.0277,0.0691,0.0,0.0,0.0,3.0277,0.0,0.0,0.0691,,,,,,,,,crf_only,chartes,N,,
chronobiologistes,NOUN,B2,crf_first_attested,3.0277,0.0691,0.0,0.0,0.0,3.0277,0.0,0.0,0.0691,,,,,,,,,crf_only,chronobiologistes,N,,
chryde,NOUN,B2,crf_first_attested,3.0277,0.0691,0.0,0.0,0.0,3.0277,0.0,0.0,0.0691,,,,,,,,,crf_only,chryde,N,,
chu,NOUN,B2,crf_first_attested,3.0277,0.0691,0.0,0.0,0.0,3.0277,0.0,0.0,0.0691,,,,,,,,,crf_only,chu,N,,
coder,VERB,B2,beacco,3.0277,0.0691,0.0,0.0,0.0,3.0277,0.0,0.0,0.0691,0.0,0.0,0.6378,2.2839,0.0,0.0,0.7068,B2,word_pos,coder,V,coder,VER
commercial,NOUN,B2,beacco,3.0277,0.0691,0.0,0.0,0.0,3.0277,0.0,0.0,0.0691,0.0,0.0,2.8589,14.4824,19.861,0.0,5.5192,B2,word_pos,commercial,N,commercial,NOM
compte - goutte,NOUN,B2,crf_first_attested,3.0277,0.0691,0.0,0.0,0.0,3.0277,0.0,0.0,0.0691,,,,,,,,,crf_only,compte - goutte,N,,
confédéralisme,NOUN,B2,crf_first_attested,3.0277,0.0691,0.0,0.0,0.0,3.0277,0.0,0.0,0.0691,,,,,,,,,crf_only,confédéralisme,N,,
consommateur - producteur,NOUN,B2,crf_first_attested,3.0277,0.0691,0.0,0.0,0.0,3.0277,0.0,0.0,0.0691,,,,,,,,,crf_only,consommateur - producteur,N,,
cybercops,NOUN,B2,crf_first_attested,3.0277,0.0691,0.0,0.0,0.0,3.0277,0.0,0.0,0.0691,,,,,,,,,crf_only,cybercops,N,,
cyberjournaux,NOUN,B2,crf_first_attested,3.0277,0.0691,0.0,0.0,0.0,3.0277,0.0,0.0,0.0691,,,,,,,,,crf_only,cyberjournaux,N,,
dans quelle mesure,ADV,B2,crf_first_attested,3.0277,0.0691,0.0,0.0,0.0,3.0277,0.0,0.0,0.0691,,,,,,,,,crf_only,dans quelle mesure,ADV,,
disc,X,B2,crf_first_attested,3.0277,0.0691,0.0,0.0,0.0,3.0277,0.0,0.0,0.0691,,,,,,,,,crf_only,disc,X,,
déflaguer,VERB,B2,crf_first_attested,3.0277,0.0691,0.0,0.0,0.0,3.0277,0.0,0.0,0.0691,,,,,,,,,crf_only,déflaguer,V,,
embrun,NOUN,B2,crf_first_attested,3.0277,0.0691,0.0,0.0,0.0,3.0277,0.0,0.0,0.0691,,,,,,,,,crf_only,embrun,N,,
emmanuelle,NOUN,B2,crf_first_attested,3.0277,0.0691,0.0,0.0,0.0,3.0277,0.0,0.0,0.0691,,,,,,,,,crf_only,emmanuelle,N,,
en double,ADV,B2,crf_first_attested,3.0277,0.0691,0.0,0.0,0.0,3.0277,0.0,0.0,0.0691,,,,,,,,,crf_only,en double,ADV,,
en simple,ADV,B2,crf_first_attested,3.0277,0.0691,0.0,0.0,0.0,3.0277,0.0,0.0,0.0691,,,,,,,,,crf_only,en simple,ADV,,
en tissu,ADV,B2,crf_first_attested,3.0277,0.0691,0.0,0.0,0.0,3.0277,0.0,0.0,0.0691,,,,,,,,,crf_only,en tissu,ADV,,
etat,NOUN,B2,crf_first_attested,3.0277,0.0691,0.0,0.0,0.0,3.0277,0.0,0.0,0.0691,,,,,,,,,crf_only,etat,N,,
exempter,VERB,B2,crf_first_attested,3.0277,0.0691,0.0,0.0,0.0,3.0277,0.0,0.0,0.0691,,,,,,,,,crf_only,exempter,V,,
fesse - noz,NOUN,B2,crf_first_attested,3.0277,0.0691,0.0,0.0,0.0,3.0277,0.0,0.0,0.0691,,,,,,,,,crf_only,fesse - noz,N,,
flying,X,B2,crf_first_attested,3.0277,0.0691,0.0,0.0,0.0,3.0277,0.0,0.0,0.0691,,,,,,,,,crf_only,flying,X,,
guise,NOUN,B2,beacco,3.0277,0.0691,0.0,0.0,0.0,3.0277,0.0,0.0,0.0691,0.0,0.0,3.5636,8.3751,0.0,0.0,2.5393,B2,word_pos,guise,N,guise,NOM
inscrit,ADJ,B2,crf_first_attested,3.0277,0.0691,0.0,0.0,0.0,3.0277,0.0,0.0,0.0691,,,,,,,,,crf_only,inscrit,A,,
institute,X,B2,crf_first_attested,3.0277,0.0691,0.0,0.0,0.0,3.0277,0.0,0.0,0.0691,,,,,,,,,crf_only,institute,X,,
islandais,NOUN,B2,crf_first_attested,3.0277,0.0691,0.0,0.0,0.0,3.0277,0.0,0.0,0.0691,,,,,,,,,crf_only,islandais,N,,
jsé,X,B2,crf_first_attested,3.0277,0.0691,0.0,0.0,0.0,3.0277,0.0,0.0,0.0691,,,,,,,,,crf_only,jsé,X,,
koi,X,B2,crf_first_attested,3.0277,0.0691,0.0,0.0,0.0,3.0277,0.0,0.0,0.0691,,,,,,,,,crf_only,koi,X,,
log,NOUN,B2,crf_first_attested,3.0277,0.0691,0.0,0.0,0.0,3.0277,0.0,0.0,0.0691,,,,,,,,,crf_only,log,N,,
lors que,CONJ,B2,crf_first_attested,3.0277,0.0691,0.0,0.0,0.0,3.0277,0.0,0.0,0.0691,,,,,,,,,crf_only,lors que,CONJS,,
là même,ADV,B2,crf_first_attested,3.0277,0.0691,0.0,0.0,0.0,3.0277,0.0,0.0,0.0691,,,,,,,,,crf_only,là même,ADV,,
mammifère,NOUN,B2,beacco,3.0277,0.0691,0.0,0.0,0.0,3.0277,0.0,0.0,0.0691,0.0,0.0,0.0,2.2839,0.0,19.328,0.7085,B2,word_pos,mammifère,N,mammifère,NOM
microcommunautés,NOUN,B2,crf_first_attested,3.0277,0.0691,0.0,0.0,0.0,3.0277,0.0,0.0,0.0691,,,,,,,,,crf_only,microcommunautés,N,,
multicritère,ADJ,B2,crf_first_attested,3.0277,0.0691,0.0,0.0,0.0,3.0277,0.0,0.0,0.0691,,,,,,,,,crf_only,multicritère,A,,
mêlé,ADJ,B2,crf_first_attested,3.0277,0.0691,0.0,0.0,0.0,3.0277,0.0,0.0,0.0691,,,,,,,,,crf_only,mêlé,A,,
non plus d' ailleurs,ADV,B2,crf_first_attested,3.0277,0.0691,0.0,0.0,0.0,3.0277,0.0,0.0,0.0691,,,,,,,,,crf_only,non plus d' ailleurs,ADV,,
nordeste,NOUN,B2,crf_first_attested,3.0277,0.0691,0.0,0.0,0.0,3.0277,0.0,0.0,0.0691,,,,,,,,,crf_only,nordeste,N,,
ocre,ADJ,B2,crf_first_attested,3.0277,0.0691,0.0,0.0,0.0,3.0277,0.0,0.0,0.0691,,,,,,,,,crf_only,ocre,A,,
plu,X,B2,crf_first_attested,3.0277,0.0691,0.0,0.0,0.0,3.0277,0.0,0.0,0.0691,,,,,,,,,crf_only,plu,X,,
pour peu que,CONJ,B2,crf_first_attested,3.0277,0.0691,0.0,0.0,0.0,3.0277,0.0,0.0,0.0691,,,,,,,,,crf_only,pour peu que,CONJS,,
provisionner,VERB,B2,crf_first_attested,3.0277,0.0691,0.0,0.0,0.0,3.0277,0.0,0.0,0.0691,,,,,,,,,crf_only,provisionner,V,,
routier,NOUN,B2,beacco,3.0277,0.0691,0.0,0.0,0.0,3.0277,0.0,0.0,0.0691,0.0,0.0,0.1243,2.2839,0.0,0.0,0.6742,B2,word_pos,routier,N,routier,NOM
sauropode,NOUN,B2,crf_first_attested,3.0277,0.0691,0.0,0.0,0.0,3.0277,0.0,0.0,0.0691,,,,,,,,,crf_only,sauropode,N,,
scally,X,B2,crf_first_attested,3.0277,0.0691,0.0,0.0,0.0,3.0277,0.0,0.0,0.0691,,,,,,,,,crf_only,scally,X,,
si bon temps,ADV,B2,crf_first_attested,3.0277,0.0691,0.0,0.0,0.0,3.0277,0.0,0.0,0.0691,,,,,,,,,crf_only,si bon temps,ADV,,
sixapart,NOUN,B2,crf_first_attested,3.0277,0.0691,0.0,0.0,0.0,3.0277,0.0,0.0,0.0691,,,,,,,,,crf_only,sixapart,N,,
skyblog,NOUN,B2,crf_first_attested,3.0277,0.0691,0.0,0.0,0.0,3.0277,0.0,0.0,0.0691,,,,,,,,,crf_only,skyblog,N,,
slawische,X,B2,crf_first_attested,3.0277,0.0691,0.0,0.0,0.0,3.0277,0.0,0.0,0.0691,,,,,,,,,crf_only,slawische,X,,
stricto sensu,ADV,B2,crf_first_attested,3.0277,0.0691,0.0,0.0,0.0,3.0277,0.0,0.0,0.0691,,,,,,,,,crf_only,stricto sensu,ADV,,
sublimer,VERB,B2,beacco,3.0277,0.0691,0.0,0.0,0.0,3.0277,0.0,0.0,0.0691,0.0,0.0,0.4317,2.2839,4.139,0.0,1.5094,B2,word_pos,sublimer,V,sublimer,VER
synchronisateur,NOUN,B2,crf_first_attested,3.0277,0.0691,0.0,0.0,0.0,3.0277,0.0,0.0,0.0691,,,,,,,,,crf_only,synchronisateur,N,,
tartiflette,NOUN,B2,crf_first_attested,3.0277,0.0691,0.0,0.0,0.0,3.0277,0.0,0.0,0.0691,,,,,,,,,crf_only,tartiflette,N,,
technology,X,B2,crf_first_attested,3.0277,0.0691,0.0,0.0,0.0,3.0277,0.0,0.0,0.0691,,,,,,,,,crf_only,technology,X,,
tro,X,B2,crf_first_attested,3.0277,0.0691,0.0,0.0,0.0,3.0277,0.0,0.0,0.0691,,,,,,,,,crf_only,tro,X,,
tupi,NOUN,B2,crf_first_attested,3.0277,0.0691,0.0,0.0,0.0,3.0277,0.0,0.0,0.0691,,,,,,,,,crf_only,tupi,N,,
typepade,NOUN,B2,crf_first_attested,3.0277,0.0691,0.0,0.0,0.0,3.0277,0.0,0.0,0.0691,,,,,,,,,crf_only,typepade,N,,
vite et bien,ADV,B2,crf_first_attested,3.0277,0.0691,0.0,0.0,0.0,3.0277,0.0,0.0,0.0691,,,,,,,,,crf_only,vite et bien,ADV,,
weblogs,ADJ,B2,crf_first_attested,3.0277,0.0691,0.0,0.0,0.0,3.0277,0.0,0.0,0.0691,,,,,,,,,crf_only,weblogs,A,,
à exclure de,PREP,B2,crf_first_attested,3.0277,0.0691,0.0,0.0,0.0,3.0277,0.0,0.0,0.0691,,,,,,,,,crf_only,à exclure de,PREP,,
à hauteur de,PREP,B2,crf_first_attested,3.0277,0.0691,0.0,0.0,0.0,3.0277,0.0,0.0,0.0691,,,,,,,,,crf_only,à hauteur de,PREP,,
grec,ADJ,B2,beacco,2.8773,8.9346,1.9862,6.5015,8.8048,2.8773,0.0,0.0,8.9346,1.2635,0.1937,3.7062,0.0,0.0,0.0,2.4009,B2,word_pos,grec,A,grec,ADJ
dureté,NOUN,B2,beacco,2.8773,2.2028,0.0,0.0,1.7919,2.8773,1.6042,0.0,2.2028,0.0,0.0,7.1674,1.822,3.4423,0.0,4.2363,B2,word_pos,dureté,N,dureté,NOM
gentiment,ADV,B2,beacco,2.8773,1.7445,0.0,0.0,1.4582,2.8773,0.0,0.0,1.7445,0.0,0.0,0.5531,1.822,0.0,0.0,1.029,B2,word_pos,gentiment,ADV,gentiment,ADV
fouché,NOUN,B2,crf_first_attested,2.8773,0.1746,0.0,0.0,0.0,2.8773,0.0,0.0,0.1746,,,,,,,,,crf_only,fouché,N,,
assumer,VERB,B2,beacco,2.8249,17.4497,0.0,0.0,34.837,2.8249,4.101,160.2527,17.4497,0.0,0.0,21.3441,2.5411,4.139,173.9324,13.789,B2,word_pos,assumer,V,assumer,VER
ado,NOUN,B2,beacco,2.8249,12.9852,67.0108,0.7796,0.2916,2.8249,12.3029,0.0,12.9852,7.387,0.0,0.0,0.0,4.139,0.0,1.2352,B2,word_pos,ado,N,ado,NOM
évaluation,NOUN,B2,beacco,2.8249,8.2723,0.0,0.0,6.7574,2.8249,30.7573,0.0,8.2723,0.0,0.0,6.326,1.2705,24.8342,0.0,7.817,B2,word_pos,évaluation,N,évaluation,NOM
copie,NOUN,B2,beacco,2.8249,5.0303,2.4645,0.0606,5.4933,2.8249,1.6042,2.0587,5.0303,1.796,0.0,5.155,1.2705,3.4423,4.0185,4.3404,B2,word_pos,copie,N,copie,NOM
scolarité,NOUN,B2,beacco,2.8249,4.5965,0.0,0.0,4.4558,2.8249,4.101,28.8683,4.5965,0.0,0.0,5.4885,1.2705,4.139,38.656,5.0312,B2,word_pos,scolarité,N,scolarité,NOM
axer,VERB,B2,beacco,2.8249,4.2329,0.0,0.3702,2.5348,2.8249,0.0,45.4565,4.2329,0.0,0.606,7.5789,1.2705,0.0,12.833,4.763,B2,word_pos,axer,V,axer,VER
grammaire,NOUN,B2,beacco,2.8249,3.6453,0.0,0.0,3.3268,2.8249,6.4168,0.0,3.6453,0.0,0.0,4.768,1.2705,3.4423,0.0,3.1329,B2,word_pos,grammaire,N,grammaire,NOM
arabe,ADJ,B2,beacco,2.8249,2.989,0.5025,0.4234,0.8749,2.8249,0.0,0.0,2.989,0.9051,0.4157,3.5051,2.5411,0.0,0.0,4.1138,B2,word_pos,arabe,A,arabe,ADJ
perfection,NOUN,B2,beacco,2.8249,2.7839,0.0,0.0,1.1829,2.8249,9.3035,0.0,2.7839,0.0,0.0,0.438,1.2705,6.0005,0.0,1.4368,B2,word_pos,perfection,N,perfection,NOM
classique,NOUN,B2,beacco,2.8249,2.3883,0.0,0.0,3.1211,2.8249,3.1012,0.0,2.3883,0.0,0.0,2.8121,11.6267,6.0005,0.0,3.9326,B2,word_pos,classique,N,classique,NOM
intolérance,NOUN,B2,beacco,2.8249,2.2177,0.0,0.0,2.0405,2.8249,3.1012,0.0,2.2177,0.0,0.0,0.5857,2.5411,6.0005,0.0,1.5987,B2,word_pos,intolérance,N,intolérance,NOM
révolté,NOUN,B2,crf_first_attested,2.8249,2.1406,0.0,0.0,0.0,2.8249,24.8092,0.0,2.1406,,,,,,,,,crf_only,révolté,N,,
pronom,NOUN,B2,beacco,2.8249,2.0284,0.0,0.0,2.3331,2.8249,0.0,0.0,2.0284,0.0,0.0,0.5531,1.2705,0.0,0.0,0.6605,B2,word_pos,pronom,N,pronom,NOM
gourmet,NOUN,B2,beacco,2.8249,1.9738,0.0,0.0,0.4538,2.8249,6.2023,0.0,1.9738,0.0,0.0,0.2504,1.2705,6.0005,0.0,1.3554,B2,word_pos,gourmet,N,gourmet,NOM
prononciation,NOUN,B2,beacco,2.8249,1.9646,0.2738,0.0,0.6228,2.8249,0.0,0.0,1.9646,0.5987,0.0,0.3906,1.2705,0.0,0.0,1.2881,B2,word_pos,prononciation,N,prononciation,NOM
universitaire,NOUN,B2,crf_first_attested,2.8249,1.0058,0.0,0.0,0.0,2.8249,6.1515,0.0,1.0058,,,,,,,,,crf_only,universitaire,N,,
ensoleillé,ADJ,B2,beacco,2.8249,0.7222,0.4996,0.0,0.0,2.8249,0.0,0.0,0.7222,0.9051,0.0,0.0,1.2705,0.0,0.0,0.6643,B2,word_pos,ensoleillé,A,ensoleillé,ADJ
chouette,ADJ,B2,beacco,2.8249,0.7024,0.0,0.2114,0.0,2.8249,0.0,0.0,0.7024,1.1123,0.6008,0.5857,1.2705,0.0,0.0,2.4024,B2,word_pos,chouette,A,chouette,ADJ
sonorité,NOUN,B2,beacco,2.8249,0.5765,0.0,0.0,0.2076,2.8249,0.0,0.0,0.5765,0.0,0.0,0.3906,2.5411,0.0,0.0,0.9121,B2,word_pos,sonorité,N,sonorité,NOM
agrégé,ADJ,B2,crf_first_attested,2.8249,0.0645,0.0,0.0,0.0,2.8249,0.0,0.0,0.0645,,,,,,,,,crf_only,agrégé,A,,
au primaire,ADV,B2,crf_first_attested,2.8249,0.0645,0.0,0.0,0.0,2.8249,0.0,0.0,0.0645,,,,,,,,,crf_only,au primaire,ADV,,
devine,NOUN,B2,crf_first_attested,2.8249,0.0645,0.0,0.0,0.0,2.8249,0.0,0.0,0.0645,,,,,,,,,crf_only,devine,N,,
oral,NOUN,B2,crf_first_attested,2.8249,0.0645,0.0,0.0,0.0,2.8249,0.0,0.0,0.0645,,,,,,,,,crf_only,oral,N,,
votre,PRON,B2,crf_first_attested,2.8249,0.0645,0.0,0.0,0.0,2.8249,0.0,0.0,0.0645,,,,,,,,,crf_only,votre,PRO,,
à plus,ADV,B2,crf_first_attested,2.8249,0.0645,0.0,0.0,0.0,2.8249,0.0,0.0,0.0645,,,,,,,,,crf_only,à plus,ADV,,
pharmacien,NOUN,B2,beacco,2.6847,4.6674,2.652,0.6418,7.9635,2.6847,1.6042,0.0,4.6674,2.4282,0.6228,6.6448,1.8983,3.4423,0.0,3.7046,B2,word_pos,pharmacien,N,pharmacien,NOM
foutre,VERB,B2,beacco,2.6847,2.3045,0.0,0.3469,0.3618,2.6847,4.8126,0.0,2.3045,0.0,0.0,3.6369,0.0,0.0,0.0,0.6817,B2,word_pos,foutre,V,foutre,VER
assez peu,ADV,B2,crf_first_attested,2.6847,0.0613,0.0,0.0,0.0,2.6847,0.0,0.0,0.0613,,,,,,,,,crf_only,assez peu,ADV,,
conduire quai,VERB,B2,crf_first_attested,2.6847,0.0613,0.0,0.0,0.0,2.6847,0.0,0.0,0.0613,,,,,,,,,crf_only,conduire quai,V,,
coucher le long,VERB,B2,crf_first_attested,2.6847,0.0613,0.0,0.0,0.0,2.6847,0.0,0.0,0.0613,,,,,,,,,crf_only,coucher le long,V,,
demi - fou,NOUN,B2,crf_first_attested,2.6847,0.0613,0.0,0.0,0.0,2.6847,0.0,0.0,0.0613,,,,,,,,,crf_only,demi - fou,N,,
long,DET,B2,crf_first_attested,2.6847,0.0613,0.0,0.0,0.0,2.6847,0.0,0.0,0.0613,,,,,,,,,crf_only,long,DET,,
là - dedans,ADV,B2,crf_first_attested,2.6847,0.0613,0.0,0.0,0.0,2.6847,0.0,0.0,0.0613,,,,,,,,,crf_only,là - dedans,ADV,,
photo,ADV,B2,crf_first_attested,2.6847,0.0613,0.0,0.0,0.0,2.6847,0.0,0.0,0.0613,,,,,,,,,crf_only,photo,ADV,,
plus sommeil,ADV,B2,crf_first_attested,2.6847,0.0613,0.0,0.0,0.0,2.6847,0.0,0.0,0.0613,,,,,,,,,crf_only,plus sommeil,ADV,,
tu iras,ADV,B2,crf_first_attested,2.6847,0.0613,0.0,0.0,0.0,2.6847,0.0,0.0,0.0613,,,,,,,,,crf_only,tu iras,ADV,,
tu la ramènes ici,ADV,B2,crf_first_attested,2.6847,0.0613,0.0,0.0,0.0,2.6847,0.0,0.0,0.0613,,,,,,,,,crf_only,tu la ramènes ici,ADV,,
tué,NOUN,B2,crf_first_attested,2.6847,0.0613,0.0,0.0,0.0,2.6847,0.0,0.0,0.0613,,,,,,,,,crf_only,tué,N,,
voiture - radio,NOUN,B2,crf_first_attested,2.6847,0.0613,0.0,0.0,0.0,2.6847,0.0,0.0,0.0613,,,,,,,,,crf_only,voiture - radio,N,,
poule,NOUN,B2,beacco,2.6828,10.736,0.0,0.7125,25.3058,2.6828,0.0,0.0,10.736,0.0,0.2891,31.7262,5.38,0.0,0.0,12.2286,B2,word_pos,poule,N,poule,NOM
évasion,NOUN,B2,beacco,2.6828,5.5339,0.0,0.0,3.5718,2.6828,39.395,0.0,5.5339,0.0,0.0,0.3906,7.1733,20.024,0.0,3.4637,B2,word_pos,évasion,N,évasion,NOM
excessif,ADJ,B2,beacco,2.6427,3.7182,0.0,1.6171,3.7826,2.6427,0.0,0.0,3.7182,0.0,0.4664,3.4815,2.4306,4.139,0.0,3.861,B2,word_pos,excessif,A,excessif,ADJ
adjoindre,VERB,B2,beacco,2.5411,3.3772,,,,,,,,0.0,0.0,0.3906,2.5411,6.0005,25.6659,3.3772,B2,beacco_only,,,adjoindre,VER
effrayer,VERB,B2,beacco,2.4776,31.16,0.2541,4.0131,85.4758,2.4776,6.4168,28.471,31.16,0.5504,0.0,3.1011,1.3018,0.0,43.8345,4.0691,B2,word_pos,effrayer,V,effrayer,VER
nostalgie,NOUN,B2,beacco,2.4776,14.824,1.9983,0.0,26.2693,2.4776,52.5248,0.0,14.824,1.8928,0.0,26.4401,1.3018,26.3397,0.0,12.5322,B2,word_pos,nostalgie,N,nostalgie,NOM
chimie,NOUN,B2,beacco,2.4776,13.0359,0.0,0.0,6.0005,2.4776,140.5029,0.0,13.0359,0.0,0.0,5.9821,1.3018,142.1027,0.0,13.5885,B2,word_pos,chimie,N,chimie,NOM
poétique,ADJ,B2,beacco,2.4776,10.9836,9.9718,0.0,11.072,2.4776,6.4168,38.491,10.9836,6.8456,0.0,10.4927,1.3018,3.4423,19.328,7.6462,B2,word_pos,poétique,A,poétique,ADJ
divertissement,NOUN,B2,beacco,2.4776,8.4911,0.0,0.9757,1.0203,2.4776,38.9037,9.6228,8.4911,0.0,0.4664,0.4317,1.3018,12.4171,19.328,5.0101,B2,word_pos,divertissement,N,divertissement,NOM
triompher,VERB,B2,beacco,2.4776,8.3982,0.3983,0.0,8.2612,2.4776,3.2084,69.3619,8.3982,0.8346,0.0,3.542,1.3018,3.4423,12.833,4.3575,B2,word_pos,triompher,V,triompher,VER
cercle,NOUN,B2,beacco,2.4776,8.3268,0.0,0.0,13.7117,2.4776,24.3636,19.2455,8.3268,0.0,0.0,15.1946,1.3018,20.6179,38.656,9.3406,B2,word_pos,cercle,N,cercle,NOM
grille,NOUN,B2,beacco,2.4776,7.4814,0.0,0.1103,6.8186,2.4776,25.7756,9.6228,7.4814,0.0,0.2129,12.3564,1.3018,26.3397,19.328,10.1236,B2,word_pos,grille,N,grille,NOM
vaccin,NOUN,B2,beacco,2.4776,7.0866,0.9991,0.0,1.8258,2.4776,47.6682,0.0,7.0866,0.9464,0.0,3.6425,1.3018,72.2239,0.0,10.4649,B2,word_pos,vaccin,N,vaccin,NOM
avènement,NOUN,B2,beacco,2.4776,5.5085,0.0,0.0,0.0,2.4776,29.6447,69.3619,5.5085,0.0,0.0,0.0,2.6036,27.9938,56.7717,3.4314,B2,word_pos,avènement,N,avènement,NOM
digne,ADJ,B2,beacco,2.4776,4.9655,0.7967,0.0,14.2017,2.4776,0.0,0.0,4.9655,0.8346,0.0,17.5255,1.3018,0.0,0.0,5.7233,B2,word_pos,digne,A,digne,ADJ
chercheur,ADJ,B2,beacco,2.4776,4.8168,0.4996,0.0,5.3141,2.4776,2.0505,19.2455,4.8168,0.9464,0.0,7.846,8.7861,4.139,77.312,10.3892,B2,word_pos,chercheur,A,chercheur,ADJ
abattre,VERB,B2,beacco,2.4776,4.7982,0.0,0.0,6.7524,2.4776,15.5058,0.0,4.7982,0.0,0.0,7.0412,1.3018,18.0014,0.0,5.0757,B2,word_pos,abattre,V,abattre,VER
polémique,NOUN,B2,beacco,2.4776,4.3263,0.0,0.0,3.3788,2.4776,16.8923,9.6228,4.3263,0.0,0.0,2.504,1.3018,20.6179,19.328,4.3456,B2,word_pos,polémique,N,polémique,NOM
théâtral,ADJ,B2,beacco,2.4776,3.5974,0.0,0.0,0.0818,2.4776,25.2866,0.0,3.5974,0.0,0.0,0.1243,1.3018,26.3397,0.0,3.0456,B2,word_pos,théâtral,A,théâtral,ADJ
matériau,NOUN,B2,beacco,2.4776,3.4556,0.4014,0.0,0.0906,2.4776,25.3674,0.0,3.4556,0.7319,0.0,0.185,1.3018,41.1274,0.0,4.7358,B2,word_pos,matériau,N,matériau,NOM
orner,VERB,B2,beacco,2.4776,3.4199,0.0,0.3702,1.5692,2.4776,12.4046,0.0,3.4199,0.0,0.606,3.1016,1.3018,12.0009,0.0,4.4329,B2,word_pos,orner,V,orner,VER
optimiste,ADJ,B2,beacco,2.4776,3.2927,1.4987,0.0,0.1395,2.4776,12.7628,0.0,3.2927,0.9464,0.0,0.1219,1.3018,20.024,0.0,3.4554,B2,word_pos,optimiste,A,optimiste,ADJ
restituer,VERB,B2,beacco,2.4776,3.1908,0.0,0.0,2.7483,2.4776,16.8923,0.0,3.1908,0.0,0.0,3.5715,1.3018,20.6179,0.0,3.5313,B2,word_pos,restituer,V,restituer,VER
bâtir,VERB,B2,beacco,2.4776,3.1754,0.0,0.3209,3.3268,2.4776,3.1012,0.0,3.1754,0.0,0.6228,4.768,1.3018,6.0005,0.0,4.2437,B2,word_pos,bâtir,V,bâtir,VER
découper,VERB,B2,beacco,2.4776,3.0848,0.0,0.0,0.0906,2.4776,30.8006,0.0,3.0848,0.0,0.0,0.185,1.3018,20.6179,0.0,2.4127,B2,word_pos,découper,V,découper,VER
trotter,VERB,B2,beacco,2.4776,2.6239,0.0,1.2702,0.2076,2.4776,3.2084,0.0,2.6239,0.0,0.0,0.3906,1.3018,3.4423,0.0,1.498,B2,word_pos,trotter,V,trotter,VER
infectieux,ADJ,B2,beacco,2.4776,2.5653,0.0,0.0,0.0,2.4776,33.7847,0.0,2.5653,0.0,0.0,0.0,1.3018,50.2393,0.0,3.541,B2,word_pos,infectieux,A,infectieux,ADJ
osciller,VERB,B2,beacco,2.4776,2.5002,0.0,0.0,1.0202,2.4776,12.7628,0.0,2.5002,0.0,0.0,0.5857,1.3018,20.024,0.0,2.4487,B2,word_pos,osciller,V,osciller,VER
dénuer,VERB,B2,beacco,2.4776,2.3063,0.0,0.7405,0.2076,2.4776,6.2023,0.0,2.3063,0.0,0.606,0.3906,2.6036,6.0005,0.0,2.805,B2,word_pos,dénuer,V,dénuer,VER
aristocratique,ADJ,B2,beacco,2.4776,2.0104,0.0,0.0,3.8723,2.4776,0.0,0.0,2.0104,0.0,0.0,3.5051,1.3018,0.0,0.0,1.5151,B2,word_pos,aristocratique,A,aristocratique,ADJ
miauler,VERB,B2,beacco,2.4776,1.7426,0.2541,0.0,0.7214,2.4776,0.0,0.0,1.7426,0.5504,0.0,0.933,1.3018,0.0,0.0,1.7988,B2,word_pos,miauler,V,miauler,VER
verrou,NOUN,B2,beacco,2.4776,1.7405,0.5197,0.0,0.0,2.4776,6.1515,0.0,1.7405,1.1123,0.0,0.0,1.3018,4.139,0.0,1.3545,B2,word_pos,verrou,N,verrou,NOM
délicatement,ADV,B2,beacco,2.4776,1.6859,7.6622,0.0,0.0,2.4776,0.0,0.0,1.6859,0.5504,0.0,0.0,1.3018,0.0,0.0,0.5052,B2,word_pos,délicatement,ADV,délicatement,ADV
ingéniosité,NOUN,B2,beacco,2.4776,1.5598,0.0,1.1107,0.2916,2.4776,0.0,0.0,1.5598,0.0,0.0,0.5531,1.3018,0.0,0.0,0.6632,B2,word_pos,ingéniosité,N,ingéniosité,NOM
pasteur,NOUN,B2,beacco,2.4776,1.4239,0.0,0.2114,0.0,2.4776,4.101,0.0,1.4239,0.0,0.6008,0.0,1.3018,27.9938,0.0,3.1127,B2,word_pos,pasteur,N,pasteur,NOM
bondir,VERB,B2,beacco,2.4776,1.3863,0.0,0.0,1.2243,2.4776,0.0,0.0,1.3863,0.0,0.0,0.8634,1.3018,0.0,19.328,1.7521,B2,word_pos,bondir,V,bondir,VER
boudoir,NOUN,B2,beacco,2.4776,1.2681,0.0,0.0,0.2366,2.4776,0.0,4.1173,1.2681,0.0,0.0,0.438,1.3018,0.0,4.0185,1.5031,B2,word_pos,boudoir,N,boudoir,NOM
blessé,NOUN,B2,beacco,2.4776,1.2115,0.4421,0.2439,0.0,2.4776,0.0,0.0,1.2115,0.9121,0.4664,2.7344,1.3018,0.0,0.0,3.3028,B2,word_pos,blessé,N,blessé,NOM
émerveillement,NOUN,B2,beacco,2.4776,1.1802,0.4996,0.3209,0.0,2.4776,0.0,0.0,1.1802,0.9464,0.6228,0.0,1.3018,0.0,0.0,1.4937,B2,word_pos,émerveillement,N,émerveillement,NOM
natte,NOUN,B2,beacco,2.4776,1.0744,0.0,0.0,0.2076,2.4776,0.0,9.6228,1.0744,0.0,0.0,0.3906,1.3018,0.0,19.328,1.4297,B2,word_pos,natte,N,natte,NOM
effroyable,ADJ,B2,beacco,2.4776,1.0097,0.0,0.0,0.4621,2.4776,0.0,0.0,1.0097,0.0,0.0,0.2331,1.3018,0.0,0.0,0.6597,B2,word_pos,effroyable,A,effroyable,ADJ
radioactivité,NOUN,B2,beacco,2.4776,0.9979,0.0,0.0,0.8749,2.4776,0.0,0.0,0.9979,0.0,0.0,0.5531,1.3018,0.0,0.0,0.6632,B2,word_pos,radioactivité,N,radioactivité,NOM
lisse,ADJ,B2,beacco,2.4776,0.9624,0.0,0.7796,0.0,2.4776,0.0,0.0,0.9624,0.0,0.5213,0.0,1.3018,0.0,0.0,0.6453,B2,word_pos,lisse,A,lisse,ADJ
impressionniste,ADJ,B2,beacco,2.4776,0.7839,0.8137,0.0,0.0,2.4776,0.0,0.0,0.7839,0.8075,0.0,0.0,1.3018,0.0,0.0,0.6417,B2,word_pos,impressionniste,A,impressionniste,ADJ
rayure,NOUN,B2,beacco,2.4776,0.7273,0.0,0.2206,0.0,2.4776,0.0,0.0,0.7273,0.0,0.2129,0.0,1.3018,0.0,0.0,0.6531,B2,word_pos,rayure,N,rayure,NOM
barbu,ADJ,B2,beacco,2.4776,0.6478,0.0,0.0,0.0906,2.4776,0.0,0.0,0.6478,0.0,0.0,2.8589,1.3018,0.0,0.0,1.5164,B2,word_pos,barbu,A,barbu,ADJ
malformation,NOUN,B2,beacco,2.4776,0.5808,0.0,0.0,0.0,2.4776,0.0,6.4938,0.5808,0.0,0.0,0.0,1.3018,0.0,12.833,0.6191,B2,word_pos,malformation,N,malformation,NOM
impressionnisme,NOUN,B2,beacco,2.4776,0.5771,0.0,0.3209,0.0,2.4776,0.0,0.0,0.5771,0.0,0.6228,0.0,1.3018,0.0,0.0,0.6657,B2,word_pos,impressionnisme,N,impressionnisme,NOM
caf,NOUN,B2,crf_first_attested,2.4776,0.0566,0.0,0.0,0.0,2.4776,0.0,0.0,0.0566,,,,,,,,,crf_only,caf,N,,
cancan,X,B2,crf_first_attested,2.4776,0.0566,0.0,0.0,0.0,2.4776,0.0,0.0,0.0566,,,,,,,,,crf_only,cancan,X,,
coffre - fort,NOUN,B2,crf_first_attested,2.4776,0.0566,0.0,0.0,0.0,2.4776,0.0,0.0,0.0566,,,,,,,,,crf_only,coffre - fort,N,,
conc,NOUN,B2,crf_first_attested,2.4776,0.0566,0.0,0.0,0.0,2.4776,0.0,0.0,0.0566,,,,,,,,,crf_only,conc,N,,
désosser,VERB,B2,crf_first_attested,2.4776,0.0566,0.0,0.0,0.0,2.4776,0.0,0.0,0.0566,,,,,,,,,crf_only,désosser,V,,
en peinture,ADV,B2,crf_first_attested,2.4776,0.0566,0.0,0.0,0.0,2.4776,0.0,0.0,0.0566,,,,,,,,,crf_only,en peinture,ADV,,
french,X,B2,crf_first_attested,2.4776,0.0566,0.0,0.0,0.0,2.4776,0.0,0.0,0.0566,,,,,,,,,crf_only,french,X,,
glisser le long,VERB,B2,crf_first_attested,2.4776,0.0566,0.0,0.0,0.0,2.4776,0.0,0.0,0.0566,,,,,,,,,crf_only,glisser le long,V,,
serrer la main,VERB,B2,crf_first_attested,2.4776,0.0566,0.0,0.0,0.0,2.4776,0.0,0.0,0.0566,,,,,,,,,crf_only,serrer la main,V,,
sinistre,ADJ,B2,beacco,2.4776,0.0566,0.0,0.0,0.0,2.4776,0.0,0.0,0.0566,0.0,0.0,0.4317,1.3018,0.0,0.0,0.6674,B2,word_pos,sinistre,A,sinistre,ADJ
souvent uni,ADV,B2,crf_first_attested,2.4776,0.0566,0.0,0.0,0.0,2.4776,0.0,0.0,0.0566,,,,,,,,,crf_only,souvent uni,ADV,,
entretenir,VERB,B2,beacco,2.3018,26.8288,0.0,0.0,16.4808,2.3018,114.1893,360.5853,26.8288,0.0,0.0,19.8456,0.911,92.2241,183.2011,19.22,B2,word_pos,entretenir,V,entretenir,VER
représentant,NOUN,B2,beacco,2.3018,13.8053,0.6621,0.0,26.4369,2.3018,15.5058,56.3681,13.8053,1.2635,0.0,23.4361,0.911,12.0009,111.7223,14.7256,B2,word_pos,représentant,N,représentant,NOM
autonomie,NOUN,B2,beacco,2.3018,10.4624,0.0,0.0,14.5618,2.3018,50.0964,9.6228,10.4624,0.0,0.0,12.2418,0.911,36.8208,19.328,8.4103,B2,word_pos,autonomie,N,autonomie,NOM
balayer,VERB,B2,beacco,2.3018,7.7115,1.1453,0.5168,7.3311,2.3018,15.5058,0.0,7.7115,1.1556,0.0,5.2599,0.911,0.0,0.0,3.2326,B2,word_pos,balayer,V,balayer,VER
limpide,ADJ,B2,beacco,2.3018,7.4109,4.9206,0.4304,9.7544,2.3018,0.0,0.0,7.4109,0.5504,0.3721,3.5058,3.644,0.0,0.0,4.8285,B2,word_pos,limpide,A,limpide,ADJ
assimiler,VERB,B2,beacco,2.3018,4.9428,0.0,0.0,6.411,2.3018,22.2727,0.0,4.9428,0.0,0.0,7.5506,0.911,51.4303,0.0,6.3416,B2,word_pos,assimiler,V,assimiler,VER
sombrer,VERB,B2,beacco,2.3018,4.7522,0.0,0.0,0.0,2.3018,53.8192,6.4938,4.7522,0.0,0.0,0.0,1.822,40.1357,12.833,3.7041,B2,word_pos,sombrer,V,sombrer,VER
culte,NOUN,B2,beacco,2.3018,4.6691,0.8137,0.0,5.2715,2.3018,3.2084,0.0,4.6691,0.8075,0.0,7.0302,0.911,6.8846,0.0,5.6493,B2,word_pos,culte,N,culte,NOM
allée,NOUN,B2,beacco,2.3018,4.6057,8.9215,0.4879,3.621,2.3018,9.8488,0.0,4.6057,0.5504,0.4664,4.9077,3.644,20.024,0.0,7.4282,B2,word_pos,allée,N,allée,NOM
bourgeois,NOUN,B2,beacco,2.3018,4.2971,0.0,0.0,13.3651,2.3018,0.0,0.0,4.2971,0.0,0.1937,26.2022,3.644,0.0,0.0,9.8174,B2,word_pos,bourgeois,N,bourgeois,NOM
obligé,ADJ,B2,beacco,2.3018,3.9137,0.0,0.2117,0.3765,2.3018,6.2023,19.2455,3.9137,0.0,0.0,0.0,0.0,40.1357,19.328,2.2285,B2,word_pos,obligé,A,obligé,ADJ
échouer,VERB,B2,beacco,2.3018,3.7838,0.0,0.0,7.9342,2.3018,6.2023,0.0,3.7838,0.0,0.0,12.0667,1.822,6.0005,0.0,4.6452,B2,word_pos,échouer,V,échouer,VER
tempo,NOUN,B2,beacco,2.3018,3.6826,0.0,0.0,0.0,2.3018,6.4168,76.982,3.6826,0.0,0.0,0.0,8.3751,0.0,38.656,2.2206,B2,word_pos,tempo,N,tempo,NOM
vouvoyer,VERB,B2,beacco,2.3018,3.4261,0.0,0.0,9.0719,2.3018,0.0,0.0,3.4261,0.0,0.0,5.2747,0.911,0.0,0.0,1.9568,B2,word_pos,vouvoyer,V,vouvoyer,VER
spontanément,ADV,B2,beacco,2.3018,2.9678,0.0,0.0,2.8572,2.3018,8.2019,0.0,2.9678,0.0,0.0,3.0174,0.911,4.139,0.0,2.869,B2,word_pos,spontanément,ADV,spontanément,ADV
sobre,ADJ,B2,beacco,2.3018,2.8185,0.0,0.0,6.583,2.3018,0.0,0.0,2.8185,0.0,0.0,8.171,0.911,0.0,0.0,3.1137,B2,word_pos,sobre,A,sobre,ADJ
catalogue,NOUN,B2,beacco,2.3018,2.7435,0.0,0.2117,3.5805,2.3018,0.0,0.0,2.7435,0.0,0.4157,3.7679,0.911,0.0,0.0,2.3182,B2,word_pos,catalogue,N,catalogue,NOM
adonner,VERB,B2,beacco,2.3018,2.1512,0.0,0.0,0.2366,2.3018,6.2023,19.2455,2.1512,0.0,0.0,0.438,0.911,6.0005,19.328,1.4403,B2,word_pos,adonner,V,adonner,VER
rallye,NOUN,B2,beacco,2.3018,2.1347,1.7078,0.6418,0.0,2.3018,0.0,0.0,2.1347,1.1764,0.6228,0.0,0.911,0.0,0.0,1.3969,B2,word_pos,rallye,N,rallye,NOM
grange,NOUN,B2,beacco,2.3018,1.8728,0.0,0.57,0.0554,2.3018,0.0,0.0,1.8728,0.0,0.5781,0.1029,0.911,0.0,0.0,1.5931,B2,word_pos,grange,N,grange,NOM
avide,ADJ,B2,beacco,2.3018,1.6937,0.0,0.0,2.8448,2.3018,0.0,0.0,1.6937,0.0,0.0,3.7062,0.911,0.0,0.0,1.5613,B2,word_pos,avide,A,avide,ADJ
exclusivement,ADV,B2,beacco,2.3018,1.5373,0.0,0.2035,0.0818,2.3018,0.0,0.0,1.5373,0.0,0.3851,0.1243,0.911,0.0,0.0,1.3632,B2,word_pos,exclusivement,ADV,exclusivement,ADV
dissocier,VERB,B2,beacco,2.3018,1.4055,0.0,0.0,0.2366,2.3018,0.0,28.8683,1.4055,0.0,0.0,0.438,0.911,0.0,19.328,0.8708,B2,word_pos,dissocier,V,dissocier,VER
détachement,NOUN,B2,beacco,2.3018,1.1969,0.0,0.0,0.6122,2.3018,0.0,0.0,1.1969,0.0,0.0,0.4317,0.911,0.0,0.0,0.6699,B2,word_pos,détachement,N,détachement,NOM
caverne,NOUN,B2,beacco,2.3018,1.1834,3.4156,0.0,0.0,2.3018,0.0,0.0,1.1834,1.1764,0.0,0.0,1.822,0.0,0.0,1.0101,B2,word_pos,caverne,N,caverne,NOM
éboueur,NOUN,B2,beacco,2.3018,1.0129,0.0,0.0,0.7236,2.3018,0.0,0.0,1.0129,0.0,0.0,0.6378,1.822,0.0,0.0,1.0134,B2,word_pos,éboueur,N,éboueur,NOM
ducat,NOUN,B2,beacco,2.3018,0.9995,0.0,0.0,0.231,2.3018,0.0,0.0,0.9995,0.0,0.0,0.4662,1.822,0.0,0.0,1.4093,B2,word_pos,ducat,N,ducat,NOM
inné,ADJ,B2,beacco,2.3018,0.9295,0.0,0.0,0.1637,2.3018,0.0,0.0,0.9295,0.0,0.0,0.1243,0.911,0.0,0.0,0.6721,B2,word_pos,inné,A,inné,ADJ
soulagement,NOUN,B2,beacco,2.3018,0.8727,0.0,0.0,0.1155,2.3018,0.0,0.0,0.8727,0.0,0.0,0.2331,0.911,0.0,0.0,0.7046,B2,word_pos,soulagement,N,soulagement,NOM
égard,NOUN,B2,beacco,2.3018,0.7188,0.0,0.0,0.3401,2.3018,0.0,0.0,0.7188,0.0,0.4157,18.3737,10.1033,43.5754,112.15,19.3305,B2,word_pos,égard,N,égard,NOM
répétitif,ADJ,B2,beacco,2.3018,0.7067,0.0,0.0,0.0,2.3018,1.6042,0.0,0.7067,0.0,0.0,0.0,0.911,3.4423,0.0,0.7154,B2,word_pos,répétitif,A,répétitif,ADJ
clivage,NOUN,B2,beacco,2.3018,0.6902,0.0,0.0,0.0,2.3018,2.0505,0.0,0.6902,0.0,0.0,0.0,0.911,4.139,0.0,0.725,B2,word_pos,clivage,N,clivage,NOM
bégayer,VERB,B2,crf_first_attested,2.3018,0.1397,0.0,0.0,0.0,2.3018,0.0,0.0,0.1397,,,,,,,,,crf_only,bégayer,V,,
démêlés,NOUN,B2,crf_first_attested,2.3018,0.1397,0.0,0.0,0.0,2.3018,0.0,0.0,0.1397,,,,,,,,,crf_only,démêlés,N,,
flyers,NOUN,B2,crf_first_attested,2.3018,0.1397,0.0,0.0,0.0,2.3018,0.0,0.0,0.1397,,,,,,,,,crf_only,flyers,N,,
infoline,NOUN,B2,crf_first_attested,2.3018,0.1397,0.0,0.0,0.0,2.3018,0.0,0.0,0.1397,,,,,,,,,crf_only,infoline,N,,
mutualiste,NOUN,B2,crf_first_attested,2.3018,0.1397,0.0,0.0,0.0,2.3018,0.0,0.0,0.1397,,,,,,,,,crf_only,mutualiste,N,,
romanesque,NOUN,B2,beacco,2.3018,0.1397,0.0,0.0,0.0,2.3018,0.0,0.0,0.1397,0.0,0.0,0.5531,0.911,0.0,0.0,0.6976,B2,word_pos,romanesque,N,romanesque,NOM
rythmé,ADJ,B2,crf_first_attested,2.3018,0.1397,0.0,0.0,0.0,2.3018,0.0,0.0,0.1397,,,,,,,,,crf_only,rythmé,A,,
techno,ADJ,B2,crf_first_attested,2.3018,0.1397,0.0,0.0,0.0,2.3018,0.0,0.0,0.1397,,,,,,,,,crf_only,techno,A,,
dépit,NOUN,B2,beacco,2.2839,10.0962,,,,,,,,0.0,0.0,12.4858,2.2839,27.403,77.4712,10.0962,B2,beacco_only,,,dépit,NOM
bénéficier,ADJ,B2,beacco,2.2839,9.5249,,,,,,,,0.0,0.1276,14.0119,2.2839,66.9321,0.0,9.5249,B2,beacco_only,,,bénéficier,ADJ
ores,ADV,B2,beacco,2.2839,6.6425,,,,,,,,0.0,0.0,4.8043,2.2839,49.0825,0.0,6.6425,B2,beacco_only,,,ores,ADV
instar,NOUN,B2,beacco,2.2839,6.4212,,,,,,,,0.0,0.0,3.5051,2.2839,27.403,38.656,6.4212,B2,beacco_only,,,instar,NOM
non-fumeur,NOUN,B2,beacco,2.2839,5.2991,,,,,,,,0.9121,0.1937,2.3426,2.2839,3.4423,0.0,5.2991,B2,beacco_only,,,non-fumeur,NOM
vis-à-vis,ADV,B2,beacco,2.2839,4.9561,,,,,,,,0.0,0.0,5.5016,2.2839,0.0,77.4712,4.9561,B2,beacco_only,,,vis-à-vis,ADV
occurrence,NOUN,B2,beacco,2.2839,4.8006,,,,,,,,0.0,0.0,7.7544,2.2839,4.139,19.328,4.8006,B2,beacco_only,,,occurrence,NOM
vice-président,NOUN,B2,beacco,2.2839,4.4761,,,,,,,,0.0,0.0,3.5822,2.2839,29.205,0.0,4.4761,B2,beacco_only,,,vice-président,NOM
chefs-d'oeuvre,NOUN,B2,beacco,2.2839,3.1115,,,,,,,,0.0,0.0,10.224,2.2839,0.0,0.0,3.1115,B2,beacco_only,,,chefs-d'oeuvre,NOM
réplique,NOUN,B2,beacco,2.2839,3.0515,,,,,,,,1.4639,0.0,1.2521,2.2839,0.0,0.0,3.0515,B2,beacco_only,,,réplique,NOM
principal,NOUN,B2,beacco,2.2839,3.0458,,,,,,,,1.1556,0.5213,0.0,2.2839,8.2781,0.0,3.0458,B2,beacco_only,,,principal,NOM
borne,NOUN,B2,beacco,2.2839,2.624,,,,,,,,1.6151,0.0,3.6048,2.2839,0.0,0.0,2.624,B2,beacco_only,,,borne,NOM
pourvu,ADJ,B2,beacco,2.2839,2.5456,,,,,,,,0.0,0.0,3.7679,2.2839,0.0,19.328,2.5456,B2,beacco_only,,,pourvu,ADJ
nouveau-né,NOUN,B2,beacco,2.2839,1.7648,,,,,,,,0.0,0.186,0.487,2.2839,0.0,19.328,1.7648,B2,beacco_only,,,nouveau-né,NOM
virtuel,NOUN,B2,beacco,2.2839,1.2264,,,,,,,,0.0,0.0,1.3139,2.2839,0.0,0.0,1.2264,B2,beacco_only,,,virtuel,NOM
christ,NOUN,B2,beacco,2.2839,1.0077,,,,,,,,0.0,0.186,0.438,2.2839,0.0,0.0,1.0077,B2,beacco_only,,,christ,NOM
casse-tête,NOUN,B2,beacco,2.2839,0.9362,,,,,,,,0.0,0.0,1.1062,2.2839,0.0,0.0,0.9362,B2,beacco_only,,,casse-tête,NOM
bloc-notes,NOUN,B2,beacco,2.2839,0.7345,,,,,,,,0.0,0.0,0.7513,2.2839,0.0,0.0,0.7345,B2,beacco_only,,,bloc-notes,NOM
formé,ADJ,B2,beacco,2.2839,0.7167,,,,,,,,0.0,0.0,0.0,2.2839,4.139,0.0,0.7167,B2,beacco_only,,,formé,ADJ
fortiori,ADV,B2,beacco,2.2839,0.7118,,,,,,,,0.0,0.0,0.0,2.2839,3.4423,0.0,0.7118,B2,beacco_only,,,fortiori,ADV
pêle-mêle,ADV,B2,beacco,2.2839,0.7115,,,,,,,,0.0,0.0,0.438,2.2839,0.0,0.0,0.7115,B2,beacco_only,,,pêle-mêle,ADV
demi-mot,NOUN,B2,beacco,2.2839,0.6971,,,,,,,,0.0,0.0,0.5531,2.2839,0.0,0.0,0.6971,B2,beacco_only,,,demi-mot,NOM
sud-africain,ADJ,B2,beacco,2.2839,0.6971,,,,,,,,0.0,0.0,0.5531,2.2839,0.0,0.0,0.6971,B2,beacco_only,,,sud-africain,ADJ
mi-chemin,ADV,B2,beacco,2.2839,0.5741,,,,,,,,0.171,0.0,0.0,2.2839,6.0005,0.0,0.5741,B2,beacco_only,,,mi-chemin,ADV
idéal,NOUN,B2,beacco,2.1187,13.9854,0.0,0.0,41.8729,2.1187,20.5337,9.6228,13.9854,0.0,0.0,9.5861,0.0,20.6179,19.328,5.077,B2,word_pos,idéal,N,idéal,NOM
nécessairement,ADV,B2,beacco,2.1187,7.0277,0.0,0.0,0.2366,2.1187,40.4773,115.9766,7.0277,0.0,0.0,0.438,1.2705,56.8202,78.971,6.7826,B2,word_pos,nécessairement,ADV,nécessairement,ADV
rubrique,NOUN,B2,beacco,2.1187,4.9393,0.0,0.0,17.3779,2.1187,0.0,0.0,4.9393,0.0,0.0,24.1366,0.0,0.0,0.0,4.9384,B2,word_pos,rubrique,N,rubrique,NOM
neutre,ADJ,B2,beacco,2.1187,3.3555,1.7078,0.0,3.7257,2.1187,2.0505,0.0,3.3555,1.1764,0.0,3.5715,1.2705,4.139,0.0,3.4056,B2,word_pos,neutre,A,neutre,ADJ
primitif,ADJ,B2,beacco,2.1187,2.8496,0.0,0.0,2.6577,2.1187,12.4046,0.0,2.8496,0.0,0.0,3.7375,1.2705,6.0005,0.0,2.4443,B2,word_pos,primitif,A,primitif,ADJ
bénévolat,NOUN,B2,beacco,2.1187,2.5204,0.0,0.2439,0.2405,2.1187,3.1012,12.9876,2.5204,0.0,0.4664,0.4665,3.8116,6.0005,12.833,4.0826,B2,word_pos,bénévolat,N,bénévolat,NOM
réciter,VERB,B2,beacco,2.1187,1.9572,0.0,0.2117,0.4081,2.1187,2.0505,0.0,1.9572,0.0,0.4157,0.4317,1.2705,4.139,0.0,2.3373,B2,word_pos,réciter,V,réciter,VER
entamer,VERB,B2,beacco,2.1187,1.9393,0.0,1.1107,0.0,2.1187,0.0,19.2455,1.9393,0.0,0.606,0.0,2.5411,0.0,19.328,1.6583,B2,word_pos,entamer,V,entamer,VER
injure,NOUN,B2,beacco,2.1187,1.9325,0.0,0.0,0.0,2.1187,6.2023,25.9752,1.9325,0.0,0.0,0.0,1.2705,31.3781,12.833,2.6893,B2,word_pos,injure,N,injure,NOM
torero,NOUN,B2,beacco,2.1187,1.7241,0.0,0.0,2.1947,2.1187,0.0,0.0,1.7241,0.0,0.0,2.0981,1.2705,0.0,0.0,2.3572,B2,word_pos,torero,N,torero,NOM
navigation,NOUN,B2,beacco,2.1187,1.4948,0.0,0.0,0.2916,2.1187,9.3035,0.0,1.4948,0.0,0.0,0.5531,1.2705,6.0005,0.0,1.4426,B2,word_pos,navigation,N,navigation,NOM
exhibition,NOUN,B2,beacco,2.1187,1.2155,0.0,0.0,2.4712,2.1187,0.0,0.0,1.2155,0.0,0.0,3.5822,1.2705,0.0,0.0,1.5053,B2,word_pos,exhibition,N,exhibition,NOM
tauromachie,NOUN,B2,beacco,2.1187,1.1411,0.0,0.0,0.1155,2.1187,0.0,6.4938,1.1411,0.0,0.0,0.2331,1.2705,0.0,12.833,1.473,B2,word_pos,tauromachie,N,tauromachie,NOM
correction,NOUN,B2,beacco,2.1187,1.0313,0.0,0.0,0.4911,2.1187,0.0,0.0,1.0313,0.0,0.0,0.1243,1.2705,0.0,0.0,0.6658,B2,word_pos,correction,N,correction,NOM
méconnaissance,NOUN,B2,beacco,2.1187,0.7372,0.0,0.0,0.5833,2.1187,0.0,0.0,0.7372,0.0,0.0,0.5531,1.2705,0.0,0.0,0.6605,B2,word_pos,méconnaissance,N,méconnaissance,NOM
erroné,ADJ,B2,beacco,2.1187,0.4242,0.0,0.0,0.0,2.1187,0.0,2.0587,0.4242,0.0,0.0,0.0,1.2705,0.0,4.0185,0.6465,B2,word_pos,erroné,A,erroné,ADJ
antiboulots,NOUN,B2,crf_first_attested,2.1187,0.0484,0.0,0.0,0.0,2.1187,0.0,0.0,0.0484,,,,,,,,,crf_only,antiboulots,N,,
linternaute,NOUN,B2,crf_first_attested,2.1187,0.0484,0.0,0.0,0.0,2.1187,0.0,0.0,0.0484,,,,,,,,,crf_only,linternaute,N,,
paresser,VERB,B2,crf_first_attested,2.1187,0.0484,0.0,0.0,0.0,2.1187,0.0,0.0,0.0484,,,,,,,,,crf_only,paresser,V,,
rengainez,PREP,B2,crf_first_attested,2.1187,0.0484,0.0,0.0,0.0,2.1187,0.0,0.0,0.0484,,,,,,,,,crf_only,rengainez,PREP,,
à l' avance,ADV,B2,crf_first_attested,2.1187,0.0484,0.0,0.0,0.0,2.1187,0.0,0.0,0.0484,,,,,,,,,crf_only,à l' avance,ADV,,
aigu,ADJ,B2,beacco,2.1142,6.0217,0.0,0.0,0.1662,2.1142,66.0701,0.0,6.0217,0.0,0.0,0.1029,0.8102,20.6179,0.0,1.8757,B2,word_pos,aigu,A,aigu,ADJ
inégal,ADJ,B2,beacco,2.1142,4.1273,0.5693,0.2114,5.7133,2.1142,0.0,0.0,4.1273,1.1764,0.6008,3.6369,1.6204,0.0,0.0,3.8088,B2,word_pos,inégal,A,inégal,ADJ
subvenir,VERB,B2,beacco,2.1142,2.034,0.0,0.0,2.7206,2.1142,0.0,0.0,2.034,0.0,0.0,0.5857,2.4306,0.0,0.0,0.744,B2,word_pos,subvenir,V,subvenir,VER
mutiler,VERB,B2,beacco,2.1142,0.7894,0.0,0.0,0.2366,2.1142,1.6042,0.0,0.7894,0.0,0.0,0.438,1.6204,3.4423,0.0,1.4303,B2,word_pos,mutiler,V,mutiler,VER
intonation,NOUN,B2,beacco,2.1142,0.651,0.0,0.0,0.4732,2.1142,0.0,0.0,0.651,0.0,0.0,0.438,1.6204,0.0,0.0,0.6373,B2,word_pos,intonation,N,intonation,NOM
rauquer,VERB,B2,crf_first_attested,2.1142,0.0483,0.0,0.0,0.0,2.1142,0.0,0.0,0.0483,,,,,,,,,crf_only,rauquer,V,,
orgueilleux,ADJ,B2,beacco,2.0121,2.5416,0.3983,1.2835,0.2405,2.0121,0.0,0.0,2.5416,0.8346,0.6228,0.4665,19.0591,0.0,0.0,4.8643,B2,word_pos,orgueilleux,A,orgueilleux,ADJ
baraque,NOUN,B2,beacco,2.0121,1.6761,0.0,1.2702,0.3401,2.0121,0.0,0.0,1.6761,0.0,0.4157,0.5857,5.38,0.0,0.0,2.3477,B2,word_pos,baraque,N,baraque,NOM
dufour,NOUN,B2,crf_first_attested,2.0121,0.0459,0.0,0.0,0.0,2.0121,0.0,0.0,0.0459,,,,,,,,,crf_only,dufour,N,,
demi,ADV,B2,beacco,1.8983,2.542,,,,,,,,0.0,0.606,3.6048,1.8983,0.0,0.0,2.542,B2,beacco_only,,,demi,ADV
avant-hier,ADV,B2,beacco,1.8983,2.0192,,,,,,,,0.5987,0.0,0.185,1.8983,3.4423,0.0,2.0192,B2,beacco_only,,,avant-hier,ADV
arrivé,ADJ,B2,beacco,1.8983,0.6671,,,,,,,,0.0,0.0,0.3906,1.8983,0.0,0.0,0.6671,B2,beacco_only,,,arrivé,ADJ
simple,NOUN,B2,beacco,1.8983,0.6339,,,,,,,,0.0,0.2129,0.0,1.8983,0.0,0.0,0.6339,B2,beacco_only,,,simple,NOM
aussi,CONJ,B2,beacco,1.8983,0.4641,,,,,,,,0.5987,0.0,0.0,1.8983,0.0,0.0,0.4641,B2,beacco_only,,,aussi,KON
gaspard,NOUN,B2,beacco,1.822,4.1986,,,,,,,,0.9464,0.2129,2.4351,1.822,0.0,0.0,4.1986,B2,beacco_only,,,gaspard,NOM
petit-déjeuner,NOUN,B2,beacco,1.7933,1.236,,,,,,,,0.0,0.2891,0.0,1.7933,3.4423,0.0,1.236,B2,beacco_only,,,petit-déjeuner,NOM
music-hall,NOUN,B2,beacco,1.7933,0.6685,,,,,,,,0.0,0.0,0.3906,1.7933,0.0,0.0,0.6685,B2,beacco_only,,,music-hall,NOM
poignet,NOUN,B2,beacco,1.7898,6.5207,1.1385,0.0,8.7595,1.7898,6.2023,28.8683,6.5207,1.1764,0.0,12.1046,3.7966,6.0005,19.328,7.6993,B2,word_pos,poignet,N,poignet,NOM
douzaine,NOUN,B2,beacco,1.7898,5.5677,0.0,0.6418,16.1661,1.7898,0.0,0.0,5.5677,0.0,0.6228,11.0235,3.7966,0.0,0.0,4.9943,B2,word_pos,douzaine,N,douzaine,NOM
celle-là,PRON,B2,crf_first_attested,1.7898,0.0409,0.0,0.0,0.0,1.7898,0.0,0.0,0.0409,,,,,,,,,crf_only,celle-là,PRO,,
orgueilleux,NOUN,B2,crf_first_attested,1.7898,0.0409,0.0,0.0,0.0,1.7898,0.0,0.0,0.0409,,,,,,,,,crf_only,orgueilleux,N,,
étoffe,NOUN,B2,beacco,1.7898,0.0409,0.0,0.0,0.0,1.7898,0.0,0.0,0.0409,0.5504,0.0,0.0,3.7966,0.0,0.0,0.8792,B2,word_pos,étoffe,N,étoffe,NOM
capital,NOUN,B2,beacco,1.7264,8.4598,0.0,0.0,6.2151,1.7264,51.6587,19.2455,8.4598,0.0,0.0,7.6994,0.911,34.1646,0.0,5.7012,B2,word_pos,capital,N,capital,NOM
imaginaire,ADJ,B2,beacco,1.7264,8.0931,0.4996,1.8553,10.2856,1.7264,6.4168,0.0,8.0931,0.9464,0.5213,10.4281,0.911,33.4475,0.0,10.4337,B2,word_pos,imaginaire,A,imaginaire,ADJ
authentique,ADJ,B2,beacco,1.7264,7.2521,0.0,0.6418,12.1832,1.7264,6.4168,0.0,7.2521,0.0,0.6228,16.4525,0.911,10.3269,0.0,8.4722,B2,word_pos,authentique,A,authentique,ADJ
terroriser,VERB,B2,beacco,1.7264,7.0675,0.2541,0.0,22.4374,1.7264,0.0,0.0,7.0675,0.5504,0.0,17.3635,0.911,0.0,0.0,6.0496,B2,word_pos,terroriser,V,terroriser,VER
combinaison,NOUN,B2,beacco,1.7264,5.5943,0.0,0.5223,0.2916,1.7264,26.9096,45.4565,5.5943,0.0,0.3729,0.5531,1.822,40.1357,12.833,4.5962,B2,word_pos,combinaison,N,combinaison,NOM
pigeon,NOUN,B2,beacco,1.7264,3.9769,1.3242,0.0,8.7547,1.7264,0.0,0.0,3.9769,1.2635,0.0,7.5611,0.911,0.0,0.0,3.1025,B2,word_pos,pigeon,N,pigeon,NOM
mentalité,NOUN,B2,beacco,1.7264,3.5643,0.0,0.0,2.8944,1.7264,0.0,28.5334,3.5643,0.0,0.0,2.5512,1.822,0.0,56.7717,4.1295,B2,word_pos,mentalité,N,mentalité,NOM
mythologie,NOUN,B2,beacco,1.7264,1.9107,0.0,0.3228,1.4195,1.7264,0.0,0.0,1.9107,0.0,0.186,0.8759,0.911,0.0,0.0,1.2321,B2,word_pos,mythologie,N,mythologie,NOM
marée,NOUN,B2,beacco,1.7264,1.8179,0.0,0.0,0.1637,1.7264,4.8126,0.0,1.8179,0.0,0.0,0.1243,1.822,6.8846,0.0,2.6146,B2,word_pos,marée,N,marée,NOM
alarmiste,ADJ,B2,beacco,1.7264,1.0804,0.0,0.0,0.0,1.7264,6.1515,0.0,1.0804,0.0,0.0,0.0,0.911,4.139,0.0,0.725,B2,word_pos,alarmiste,A,alarmiste,ADJ
relayer,VERB,B2,crf_first_attested,1.7264,1.0731,0.0,0.0,0.0,1.7264,4.8126,0.0,1.0731,,,,,,,,,crf_only,relayer,V,,
apocalyptique,ADJ,B2,beacco,1.7264,1.0467,0.0,0.0,0.8749,1.7264,0.0,0.0,1.0467,0.0,0.0,0.5531,0.911,0.0,0.0,0.6976,B2,word_pos,apocalyptique,A,apocalyptique,ADJ
revêtement,NOUN,B2,beacco,1.7264,1.0467,0.0,0.0,0.8749,1.7264,0.0,0.0,1.0467,0.0,0.0,0.5531,0.911,0.0,0.0,0.6976,B2,word_pos,revêtement,N,revêtement,NOM
lueur,NOUN,B2,beacco,1.7264,0.9794,0.0,0.0,0.6122,1.7264,0.0,0.0,0.9794,0.0,0.4157,1.2952,11.0661,0.0,0.0,4.2212,B2,word_pos,lueur,N,lueur,NOM
tyran,NOUN,B2,beacco,1.7264,0.8819,0.0,0.0,0.5833,1.7264,0.0,0.0,0.8819,0.0,0.0,0.5531,0.911,0.0,0.0,0.6976,B2,word_pos,tyran,N,tyran,NOM
western,NOUN,B2,beacco,1.7264,0.8819,0.0,0.0,0.5833,1.7264,0.0,0.0,0.8819,0.0,0.0,0.5531,0.911,0.0,0.0,0.6976,B2,word_pos,western,N,western,NOM
enchantement,NOUN,B2,beacco,1.7264,0.8789,0.0,0.0,0.7236,1.7264,0.0,0.0,0.8789,0.0,0.0,0.6378,0.911,0.0,0.0,0.7091,B2,word_pos,enchantement,N,enchantement,NOM
attribut,NOUN,B2,beacco,1.7264,0.8666,0.0,0.0,0.4152,1.7264,0.0,0.0,0.8666,0.0,0.0,0.3906,0.911,0.0,0.0,0.6561,B2,word_pos,attribut,N,attribut,NOM
communier,VERB,B2,beacco,1.7264,0.712,0.7967,0.0,0.0,1.7264,0.0,0.0,0.712,0.8346,0.0,0.0,0.911,0.0,0.0,0.4972,B2,word_pos,communier,V,communier,VER
succession,NOUN,B2,beacco,1.7264,0.599,1.5244,0.0,0.0,1.7264,0.0,0.0,0.599,1.1008,0.0,0.0,1.822,0.0,0.0,0.8268,B2,word_pos,succession,N,succession,NOM
tonalité,NOUN,B2,beacco,1.7264,0.5453,0.0,0.0,0.0,1.7264,3.1012,0.0,0.5453,0.0,0.0,0.0,0.911,6.0005,0.0,0.7202,B2,word_pos,tonalité,N,tonalité,NOM
carreler,VERB,B2,beacco,1.7264,0.1048,0.0,0.0,0.0,1.7264,0.0,0.0,0.1048,0.0,0.0,0.0,0.911,4.139,0.0,0.725,B2,word_pos,carreler,V,carreler,VER
extraterrestre,ADJ,B2,crf_first_attested,1.7264,0.1048,0.0,0.0,0.0,1.7264,0.0,0.0,0.1048,,,,,,,,,crf_only,extraterrestre,A,,
independance,X,B2,crf_first_attested,1.7264,0.1048,0.0,0.0,0.0,1.7264,0.0,0.0,0.1048,,,,,,,,,crf_only,independance,X,,
miniligne,NOUN,B2,crf_first_attested,1.7264,0.1048,0.0,0.0,0.0,1.7264,0.0,0.0,0.1048,,,,,,,,,crf_only,miniligne,N,,
non moins,ADV,B2,crf_first_attested,1.7264,0.1048,0.0,0.0,0.0,1.7264,0.0,0.0,0.1048,,,,,,,,,crf_only,non moins,ADV,,
sans nul doute,ADV,B2,crf_first_attested,1.7264,0.1048,0.0,0.0,0.0,1.7264,0.0,0.0,0.1048,,,,,,,,,crf_only,sans nul doute,ADV,,
zappeur,NOUN,B2,crf_first_attested,1.7264,0.1048,0.0,0.0,0.0,1.7264,0.0,0.0,0.1048,,,,,,,,,crf_only,zappeur,N,,
veiller,VERB,B2,beacco,1.6517,17.3109,0.0,0.4071,27.649,1.6517,66.8252,12.9876,17.3109,0.0,0.3851,12.2898,2.6036,49.5147,25.6659,12.0439,B2,word_pos,veiller,V,veiller,VER
douloureux,ADJ,B2,beacco,1.6517,13.1421,0.0,0.3702,21.8267,1.6517,62.9101,0.0,13.1421,0.0,0.606,24.6582,1.3018,52.5392,0.0,13.629,B2,word_pos,douloureux,A,douloureux,ADJ
autoritaire,ADJ,B2,beacco,1.6517,10.2742,0.4996,1.6044,19.7789,1.6517,6.1515,0.0,10.2742,0.9464,0.6228,17.4442,1.3018,4.139,0.0,8.6556,B2,word_pos,autoritaire,A,autoritaire,ADJ
puce,NOUN,B2,beacco,1.6517,9.2538,7.2114,0.0,15.3149,1.6517,15.7275,0.0,9.2538,1.1008,0.0,19.0367,1.3018,31.3781,0.0,9.2138,B2,word_pos,puce,N,puce,NOM
trahir,VERB,B2,beacco,1.6517,9.0352,0.0,0.0,34.786,1.6517,1.6042,0.0,9.0352,0.0,0.0,35.4315,1.3018,0.0,0.0,8.5684,B2,word_pos,trahir,V,trahir,VER
certitude,NOUN,B2,beacco,1.6517,8.0582,0.0,0.3702,2.7061,1.6517,34.1127,28.5334,8.0582,0.0,0.606,3.5156,1.3018,18.0014,56.7717,7.3355,B2,word_pos,certitude,N,certitude,NOM
diamant,NOUN,B2,beacco,1.6517,7.6299,0.0,0.2948,29.2621,1.6517,0.0,0.0,7.6299,0.0,0.6111,47.2369,1.3018,0.0,0.0,12.6053,B2,word_pos,diamant,N,diamant,NOM
suivi,NOUN,B2,beacco,1.6517,7.5895,1.6274,0.2439,0.4732,1.6517,27.7392,56.3681,7.5895,0.8075,0.4664,0.8759,1.3018,27.9938,77.4712,8.9039,B2,word_pos,suivi,N,suivi,NOM
dérober,VERB,B2,beacco,1.6517,6.9378,0.0,5.3328,9.7693,1.6517,3.2084,0.0,6.9378,0.0,0.4664,7.6313,1.3018,3.4423,0.0,4.7972,B2,word_pos,dérober,V,dérober,VER
chair,NOUN,B2,beacco,1.6517,5.7625,0.0,0.0,7.2087,1.6517,25.3674,9.6228,5.7625,0.0,0.0,10.2515,1.3018,20.024,19.328,6.4414,B2,word_pos,chair,N,chair,NOM
veuf,ADJ,B2,beacco,1.6517,4.7801,0.0,0.0,17.8238,1.6517,0.0,0.0,4.7801,0.0,0.0,3.6048,0.0,0.0,0.0,0.6824,B2,word_pos,veuf,A,veuf,ADJ
élaborer,VERB,B2,beacco,1.6517,4.4634,0.0,0.3702,4.6735,1.6517,9.8488,9.6228,4.4634,0.0,0.606,5.1436,1.3018,20.024,43.8345,7.216,B2,word_pos,élaborer,V,élaborer,VER
emprisonner,VERB,B2,beacco,1.6517,4.1566,0.5025,0.0,3.1816,1.6517,3.1012,22.517,4.1566,0.0,0.0,3.5636,1.3018,6.0005,44.6051,4.6975,B2,word_pos,emprisonner,V,emprisonner,VER
assise,NOUN,B2,beacco,1.6517,3.8173,0.0,1.7346,2.4046,1.6517,0.0,0.0,3.8173,0.0,0.0,0.933,1.3018,0.0,0.0,0.9755,B2,word_pos,assise,N,assise,NOM
reflet,NOUN,B2,beacco,1.6517,3.6777,0.0,1.1107,0.3401,1.6517,6.2023,6.176,3.6777,0.0,0.606,0.5857,1.3018,6.0005,4.0185,3.5417,B2,word_pos,reflet,N,reflet,NOM
rapidité,NOUN,B2,beacco,1.6517,3.3396,0.0,0.0,1.343,1.6517,20.5337,9.6228,3.3396,0.0,0.0,2.504,1.3018,27.9938,19.328,5.1909,B2,word_pos,rapidité,N,rapidité,NOM
égarer,VERB,B2,beacco,1.6517,3.2166,0.0,0.6418,3.9713,1.6517,0.0,0.0,3.2166,0.0,0.6228,4.7134,1.3018,0.0,0.0,3.1567,B2,word_pos,égarer,V,égarer,VER
notoriété,NOUN,B2,beacco,1.6517,3.0475,0.0,0.0,6.4337,1.6517,0.0,6.4938,3.0475,0.0,0.0,3.7062,1.3018,0.0,12.833,2.4847,B2,word_pos,notoriété,N,notoriété,NOM
cru,NOUN,B2,beacco,1.6517,2.9633,0.0,0.0,0.2916,1.6517,16.042,6.176,2.9633,0.0,0.0,0.5531,1.3018,17.2115,4.0185,3.4483,B2,word_pos,cru,N,cru,NOM
magistrat,NOUN,B2,beacco,1.6517,2.8751,0.0,0.0,1.4428,1.6517,3.1012,12.9876,2.8751,0.0,0.0,0.933,1.3018,6.0005,12.833,2.7756,B2,word_pos,magistrat,N,magistrat,NOM
cordon,NOUN,B2,beacco,1.6517,2.7147,0.0,0.0,0.0,1.6517,6.2023,72.7833,2.7147,0.0,0.0,0.0,2.6036,6.0005,86.9662,2.7607,B2,word_pos,cordon,N,cordon,NOM
confus,ADJ,B2,beacco,1.6517,2.5347,0.0,0.0,5.2996,1.6517,6.2023,0.0,2.5347,0.0,0.0,6.0435,1.3018,6.0005,0.0,3.5158,B2,word_pos,confus,A,confus,ADJ
aviser,VERB,B2,beacco,1.6517,2.3983,0.0,0.0,7.9505,1.6517,0.0,0.0,2.3983,0.0,0.0,3.5822,0.0,0.0,0.0,0.7026,B2,word_pos,aviser,V,aviser,VER
relâcher,VERB,B2,beacco,1.6517,2.3736,0.3983,1.1107,0.0,1.6517,6.2023,0.0,2.3736,0.8346,0.606,0.0,1.3018,6.0005,0.0,2.1936,B2,word_pos,relâcher,V,relâcher,VER
agile,ADJ,B2,beacco,1.6517,2.1703,0.0,3.8288,0.4081,1.6517,0.0,0.0,2.1703,0.0,0.3851,0.4317,1.3018,0.0,0.0,1.4327,B2,word_pos,agile,A,agile,ADJ
stratagème,NOUN,B2,beacco,1.6517,1.999,1.2043,0.0,0.1637,1.6517,2.0505,0.0,1.999,0.7319,0.0,0.1243,1.3018,4.139,0.0,2.1643,B2,word_pos,stratagème,N,stratagème,NOM
buisson,NOUN,B2,beacco,1.6517,1.8756,1.2043,0.2599,0.0554,1.6517,0.0,0.0,1.8756,0.7319,0.5213,0.1029,1.3018,0.0,0.0,2.2796,B2,word_pos,buisson,N,buisson,NOM
audition,NOUN,B2,beacco,1.6517,1.8529,0.0,0.7405,0.0,1.6517,0.0,25.9752,1.8529,0.0,0.606,0.0,1.3018,0.0,12.833,1.471,B2,word_pos,audition,N,audition,NOM
paternel,ADJ,B2,beacco,1.6517,1.8489,0.0,0.2439,0.0,1.6517,12.4046,0.0,1.8489,0.0,0.4664,0.0,1.3018,6.0005,0.0,1.4217,B2,word_pos,paternel,A,paternel,ADJ
paume,NOUN,B2,beacco,1.6517,1.8121,1.7078,0.0,0.0,1.6517,4.8126,0.0,1.8121,1.1764,0.0,0.0,1.3018,3.4423,0.0,1.4144,B2,word_pos,paume,N,paume,NOM
orphelin,NOUN,B2,beacco,1.6517,1.8099,0.0,0.2117,1.0203,1.6517,0.0,0.0,1.8099,0.0,0.4157,0.0,1.3018,0.0,0.0,0.6205,B2,word_pos,orphelin,N,orphelin,NOM
dénouer,VERB,B2,beacco,1.6517,1.7928,0.0,0.0,4.7577,1.6517,0.0,0.0,1.7928,0.0,0.0,3.5736,2.6036,0.0,0.0,1.8372,B2,word_pos,dénouer,V,dénouer,VER
accusation,NOUN,B2,beacco,1.6517,1.7384,0.0,0.0,4.1414,1.6517,0.0,0.0,1.7384,0.0,0.0,3.5679,1.3018,0.0,0.0,1.5249,B2,word_pos,accusation,N,accusation,NOM
cambriolage,NOUN,B2,beacco,1.6517,1.7058,0.4068,0.0,0.6802,1.6517,3.1012,0.0,1.7058,0.8075,0.0,0.5857,1.3018,6.0005,0.0,2.3366,B2,word_pos,cambriolage,N,cambriolage,NOM
impitoyable,ADJ,B2,beacco,1.6517,1.7055,0.0,0.2117,0.9618,1.6517,0.0,0.0,1.7055,0.0,0.4157,0.4665,1.3018,0.0,0.0,1.443,B2,word_pos,impitoyable,A,impitoyable,ADJ
mandat,NOUN,B2,beacco,1.6517,1.6836,0.0,0.0,0.4809,1.6517,0.0,19.4814,1.6836,0.0,0.0,0.4665,1.3018,0.0,12.833,1.4745,B2,word_pos,mandat,N,mandat,NOM
aveugler,VERB,B2,beacco,1.6517,1.6823,0.0,2.0673,0.1883,1.6517,0.0,0.0,1.6823,0.0,1.0679,0.3933,1.3018,0.0,0.0,1.5154,B2,word_pos,aveugler,V,aveugler,VER
allusion,NOUN,B2,beacco,1.6517,1.6476,0.0,1.1107,0.1637,1.6517,0.0,0.0,1.6476,0.0,0.606,0.1243,1.3018,0.0,0.0,0.9619,B2,word_pos,allusion,N,allusion,NOM
supposition,NOUN,B2,beacco,1.6517,1.5692,0.0,0.9626,0.0,1.6517,6.2023,0.0,1.5692,0.0,0.0,0.0,1.3018,6.0005,0.0,0.5901,B2,word_pos,supposition,N,supposition,NOM
repentir,VERB,B2,beacco,1.6517,1.5098,0.0,0.0,0.6802,1.6517,3.2084,0.0,1.5098,0.0,0.0,0.5857,1.3018,6.8846,0.0,2.0473,B2,word_pos,repentir,V,repentir,VER
voyou,NOUN,B2,beacco,1.6517,1.4664,0.0,0.7318,0.0,1.6517,6.2023,0.0,1.4664,0.0,0.4664,0.0,1.3018,6.0005,0.0,1.4217,B2,word_pos,voyou,N,voyou,NOM
retentir,VERB,B2,beacco,1.6517,1.4525,0.0,0.2599,0.6122,1.6517,0.0,0.0,1.4525,0.0,0.5213,0.4317,1.3018,0.0,0.0,1.4905,B2,word_pos,retentir,V,retentir,VER
vaciller,VERB,B2,beacco,1.6517,1.3085,0.0,0.0,0.0,1.6517,15.5058,0.0,1.3085,0.0,0.0,0.0,1.3018,6.0005,0.0,0.5901,B2,word_pos,vaciller,V,vaciller,VER
billard,NOUN,B2,beacco,1.6517,1.2472,1.7078,0.0,0.1883,1.6517,0.0,0.0,1.2472,1.1764,0.0,0.3933,1.3018,0.0,0.0,1.4716,B2,word_pos,billard,N,billard,NOM
passionnel,ADJ,B2,beacco,1.6517,1.2337,0.0,0.0,0.4152,1.6517,0.0,6.4938,1.2337,0.0,0.0,0.3906,1.3018,0.0,12.833,1.4613,B2,word_pos,passionnel,A,passionnel,ADJ
déguisement,NOUN,B2,beacco,1.6517,1.2113,0.0,0.0,0.2041,1.6517,6.2023,0.0,1.2113,0.0,0.0,0.4317,1.3018,6.0005,0.0,1.4384,B2,word_pos,déguisement,N,déguisement,NOM
inhumain,ADJ,B2,beacco,1.6517,1.1983,0.0,0.6418,0.2076,1.6517,0.0,0.0,1.1983,0.0,0.6228,0.3906,1.3018,0.0,0.0,1.5189,B2,word_pos,inhumain,A,inhumain,ADJ
feindre,VERB,B2,beacco,1.6517,1.1914,0.0,0.0,0.4081,1.6517,0.0,9.6228,1.1914,0.0,0.0,0.4317,1.3018,0.0,19.328,1.4384,B2,word_pos,feindre,V,feindre,VER
capuchon,NOUN,B2,beacco,1.6517,1.1256,0.0,0.0,2.0392,1.6517,0.0,0.0,1.1256,0.0,0.0,3.1766,1.3018,0.0,0.0,1.5158,B2,word_pos,capuchon,N,capuchon,NOM
camoufler,VERB,B2,beacco,1.6517,1.1131,0.0,0.0,0.0,1.6517,13.8696,0.0,1.1131,0.0,0.0,0.0,1.3018,20.6179,0.0,1.4164,B2,word_pos,camoufler,V,camoufler,VER
brouhaha,NOUN,B2,beacco,1.6517,1.106,0.0,0.0,1.9969,1.6517,0.0,0.0,1.106,0.0,0.0,3.2514,1.3018,0.0,0.0,1.4889,B2,word_pos,brouhaha,N,brouhaha,NOM
familier,NOUN,B2,beacco,1.6517,1.0514,0.0,0.0,1.7881,1.6517,0.0,0.0,1.0514,0.9464,0.0,6.351,1.3018,0.0,0.0,3.5625,B2,word_pos,familier,N,familier,NOM
démasquer,VERB,B2,beacco,1.6517,1.05,0.0,0.0,0.9463,1.6517,0.0,0.0,1.05,0.0,0.0,0.438,1.3018,0.0,0.0,0.6508,B2,word_pos,démasquer,V,démasquer,VER
cape,NOUN,B2,beacco,1.6517,1.0211,0.0,0.0,1.0203,1.6517,0.0,0.0,1.0211,0.0,0.0,0.8634,1.3018,0.0,0.0,0.9581,B2,word_pos,cape,N,cape,NOM
satin,NOUN,B2,beacco,1.6517,0.8673,0.0,0.0,0.0,1.6517,9.3035,0.0,0.8673,0.0,0.0,0.0,1.3018,6.0005,0.0,0.5901,B2,word_pos,satin,N,satin,NOM
déposséder,VERB,B2,beacco,1.6517,0.8665,0.0,0.0,0.0,1.6517,6.1515,0.0,0.8665,0.0,0.0,0.0,1.3018,4.139,0.0,0.6191,B2,word_pos,déposséder,V,déposséder,VER
quelque peu,ADV,B2,crf_first_attested,1.6517,0.8665,0.0,0.0,0.0,1.6517,6.1515,0.0,0.8665,,,,,,,,,crf_only,quelque peu,ADV,,
inexpérimenté,ADJ,B2,beacco,1.6517,0.8638,0.0,0.0,1.0854,1.6517,0.0,0.0,0.8638,0.0,0.0,0.6378,1.3018,0.0,0.0,0.6566,B2,word_pos,inexpérimenté,A,inexpérimenté,ADJ
chausson,NOUN,B2,beacco,1.6517,0.8637,0.0,0.0,0.0,1.6517,4.8126,0.0,0.8637,0.0,0.0,0.0,1.3018,3.4423,0.0,0.6502,B2,word_pos,chausson,N,chausson,NOM
ironiquement,ADV,B2,beacco,1.6517,0.8637,0.0,0.0,0.0,1.6517,0.0,6.176,0.8637,0.0,0.0,0.0,1.3018,0.0,4.0185,0.6502,B2,word_pos,ironiquement,ADV,ironiquement,ADV
semelle,NOUN,B2,beacco,1.6517,0.8609,0.0,0.0,1.0202,1.6517,0.0,0.0,0.8609,0.0,0.0,0.5857,1.3018,0.0,0.0,0.6609,B2,word_pos,semelle,N,semelle,NOM
foulard,NOUN,B2,beacco,1.6517,0.8508,0.0,0.0,0.8749,1.6517,0.0,0.0,0.8508,0.0,0.0,1.1062,1.3018,0.0,0.0,1.0096,B2,word_pos,foulard,N,foulard,NOM
fantaisiste,ADJ,B2,beacco,1.6517,0.8315,0.0,0.0,0.7214,1.6517,0.0,0.0,0.8315,0.0,0.0,0.4665,1.3018,0.0,0.0,0.6671,B2,word_pos,fantaisiste,A,fantaisiste,ADJ
suppliant,ADJ,B2,beacco,1.6517,0.8082,0.0,1.0585,0.0,1.6517,0.0,0.0,0.8082,0.0,0.4157,0.0,1.3018,0.0,0.0,0.6205,B2,word_pos,suppliant,A,suppliant,ADJ
enquêteur,NOUN,B2,beacco,1.6517,0.7581,0.0,0.8468,0.0,1.6517,0.0,0.0,0.7581,0.0,0.8313,0.0,1.3018,0.0,0.0,0.7619,B2,word_pos,enquêteur,N,enquêteur,NOM
effroi,NOUN,B2,beacco,1.6517,0.6649,0.0,0.0,0.4081,1.6517,0.0,0.0,0.6649,0.0,0.0,0.8634,1.3018,0.0,0.0,0.9581,B2,word_pos,effroi,N,effroi,NOM
ruer,VERB,B2,beacco,1.6517,0.6594,0.0,0.0,0.6802,1.6517,0.0,0.0,0.6594,0.0,0.0,0.5857,1.3018,0.0,0.0,0.6609,B2,word_pos,ruer,V,ruer,VER
malfaiteur,NOUN,B2,beacco,1.6517,0.6581,0.0,0.6418,0.0,1.6517,0.0,0.0,0.6581,0.0,0.6228,0.0,1.3018,0.0,0.0,0.6657,B2,word_pos,malfaiteur,N,malfaiteur,NOM
indicible,ADJ,B2,beacco,1.6517,0.6563,0.0,0.0,0.0,1.6517,3.2084,0.0,0.6563,0.0,0.0,0.0,1.3018,3.4423,0.0,0.6502,B2,word_pos,indicible,A,indicible,ADJ
ridiculiser,VERB,B2,beacco,1.6517,0.6563,0.0,0.0,0.0,1.6517,3.2084,0.0,0.6563,0.0,0.0,0.0,1.3018,3.4423,0.0,0.6502,B2,word_pos,ridiculiser,V,ridiculiser,VER
tonitruer,VERB,B2,beacco,1.6517,0.6563,0.0,0.0,0.0,1.6517,3.2084,0.0,0.6563,0.0,0.0,0.0,1.3018,3.4423,0.0,0.6502,B2,word_pos,tonitruer,V,tonitruer,VER
cendre,NOUN,B2,beacco,1.6517,0.6524,0.0,0.5897,0.0,1.6517,0.0,0.0,0.6524,0.0,0.6111,0.0,8.4038,41.1274,0.0,5.156,B2,word_pos,cendre,N,cendre,NOM
cuivre,NOUN,B2,beacco,1.6517,0.6215,0.0,0.0,0.0,1.6517,6.2023,0.0,0.6215,0.0,0.0,0.0,1.3018,6.0005,0.0,0.5901,B2,word_pos,cuivre,N,cuivre,NOM
distraitement,ADV,B2,beacco,1.6517,0.6215,0.0,0.0,0.0,1.6517,6.2023,0.0,0.6215,0.0,0.0,0.0,1.3018,6.0005,0.0,0.5901,B2,word_pos,distraitement,ADV,distraitement,ADV
collant,NOUN,B2,beacco,1.6517,0.6181,0.0,0.4228,0.0,1.6517,0.0,0.0,0.6181,0.0,0.6008,0.0,1.3018,0.0,0.0,0.6665,B2,word_pos,collant,N,collant,NOM
méprise,NOUN,B2,beacco,1.6517,0.6176,0.0,0.0,0.231,1.6517,0.0,0.0,0.6176,0.0,0.0,0.2331,1.3018,0.0,0.0,0.6597,B2,word_pos,méprise,N,méprise,NOM
orphelin,ADJ,B2,beacco,1.6517,0.5679,0.7967,0.0,0.0,1.6517,0.0,0.0,0.5679,0.8346,0.0,0.4317,1.3018,0.0,0.0,1.3814,B2,word_pos,orphelin,A,orphelin,ADJ
cicatriser,VERB,B2,beacco,1.6517,0.5118,0.0,0.0,0.1662,1.6517,0.0,0.0,0.5118,0.0,0.0,0.1029,1.3018,0.0,0.0,0.4943,B2,word_pos,cicatriser,V,cicatriser,VER
insinuer,VERB,B2,beacco,1.6517,0.4888,0.0,0.0,0.0908,1.6517,0.0,0.0,0.4888,0.0,0.0,0.2504,1.3018,0.0,0.0,0.6378,B2,word_pos,insinuer,V,insinuer,VER
gifle,NOUN,B2,beacco,1.6517,0.4629,0.0,0.0,0.2041,1.6517,0.0,0.0,0.4629,0.0,0.0,0.4317,1.3018,0.0,0.0,0.6674,B2,word_pos,gifle,N,gifle,NOM
éperdument,ADV,B2,beacco,1.6517,0.4629,0.0,0.0,0.2041,1.6517,0.0,0.0,0.4629,0.0,0.0,0.4317,1.3018,0.0,0.0,0.6674,B2,word_pos,éperdument,ADV,éperdument,ADV
où que,CONJ,B2,crf_first_attested,1.6517,0.4429,0.0,0.0,0.0,1.6517,0.0,9.6228,0.4429,,,,,,,,,crf_only,où que,CONJS,,
malchance,NOUN,B2,beacco,1.6517,0.429,0.0,0.0,0.2916,1.6517,0.0,0.0,0.429,0.0,0.0,0.5531,1.3018,0.0,0.0,0.6632,B2,word_pos,malchance,N,malchance,NOM
rougeâtre,ADJ,B2,beacco,1.6517,0.406,0.0,0.0,0.0,1.6517,1.6042,0.0,0.406,0.0,0.0,0.0,1.3018,3.4423,0.0,0.6502,B2,word_pos,rougeâtre,A,rougeâtre,ADJ
sous l' effet de,PREP,B2,crf_first_attested,1.6517,0.406,0.0,0.0,0.0,1.6517,1.6042,0.0,0.406,,,,,,,,,crf_only,sous l' effet de,PREP,,
aberration,NOUN,B2,beacco,1.6517,0.3971,0.0,0.0,0.0,1.6517,2.0505,0.0,0.3971,0.0,0.0,0.0,1.3018,4.139,0.0,0.6191,B2,word_pos,aberration,N,aberration,NOM
négociant,NOUN,B2,beacco,1.6517,0.3971,0.0,0.0,0.0,1.6517,2.0505,0.0,0.3971,0.0,0.0,0.0,1.3018,4.139,0.0,0.6191,B2,word_pos,négociant,N,négociant,NOM
scélérat,NOUN,B2,beacco,1.6517,0.3971,0.0,0.0,0.0,1.6517,2.0505,0.0,0.3971,0.0,0.0,0.0,1.3018,4.139,0.0,0.6191,B2,word_pos,scélérat,N,scélérat,NOM
palpable,ADJ,B2,beacco,1.6517,0.3553,0.0,0.0,0.0,1.6517,3.1012,0.0,0.3553,0.0,0.0,0.0,1.3018,6.0005,0.0,0.5901,B2,word_pos,palpable,A,palpable,ADJ
aguets,NOUN,B2,crf_first_attested,1.6517,0.0377,0.0,0.0,0.0,1.6517,0.0,0.0,0.0377,,,,,,,,,crf_only,aguets,N,,
ajourné,ADJ,B2,crf_first_attested,1.6517,0.0377,0.0,0.0,0.0,1.6517,0.0,0.0,0.0377,,,,,,,,,crf_only,ajourné,A,,
antonio,X,B2,crf_first_attested,1.6517,0.0377,0.0,0.0,0.0,1.6517,0.0,0.0,0.0377,,,,,,,,,crf_only,antonio,X,,
approfrondie,ADJ,B2,crf_first_attested,1.6517,0.0377,0.0,0.0,0.0,1.6517,0.0,0.0,0.0377,,,,,,,,,crf_only,approfrondie,A,,
au secours,ADV,B2,crf_first_attested,1.6517,0.0377,0.0,0.0,0.0,1.6517,0.0,0.0,0.0377,,,,,,,,,crf_only,au secours,ADV,,
débraillé,ADJ,B2,beacco,1.6517,0.0377,0.0,0.0,0.0,1.6517,0.0,0.0,0.0377,0.0,0.0,0.3906,1.3018,0.0,0.0,0.666,B2,word_pos,débraillé,A,débraillé,ADJ
dépeigner,VERB,B2,crf_first_attested,1.6517,0.0377,0.0,0.0,0.0,1.6517,0.0,0.0,0.0377,,,,,,,,,crf_only,dépeigner,V,,
dépité,ADJ,B2,crf_first_attested,1.6517,0.0377,0.0,0.0,0.0,1.6517,0.0,0.0,0.0377,,,,,,,,,crf_only,dépité,A,,
eh bien oui,ADV,B2,crf_first_attested,1.6517,0.0377,0.0,0.0,0.0,1.6517,0.0,0.0,0.0377,,,,,,,,,crf_only,eh bien oui,ADV,,
en temps,ADV,B2,crf_first_attested,1.6517,0.0377,0.0,0.0,0.0,1.6517,0.0,0.0,0.0377,,,,,,,,,crf_only,en temps,ADV,,
fiancé,ADJ,B2,crf_first_attested,1.6517,0.0377,0.0,0.0,0.0,1.6517,0.0,0.0,0.0377,,,,,,,,,crf_only,fiancé,A,,
oui que,CONJ,B2,crf_first_attested,1.6517,0.0377,0.0,0.0,0.0,1.6517,0.0,0.0,0.0377,,,,,,,,,crf_only,oui que,CONJS,,
passe - passe,NOUN,B2,crf_first_attested,1.6517,0.0377,0.0,0.0,0.0,1.6517,0.0,0.0,0.0377,,,,,,,,,crf_only,passe - passe,N,,
pseudonyme,ADJ,B2,beacco,1.6517,0.0377,0.0,0.0,0.0,1.6517,0.0,0.0,0.0377,0.0,0.0,0.1219,1.3018,0.0,0.0,0.664,B2,word_pos,pseudonyme,A,pseudonyme,ADJ
rendant,NOUN,B2,crf_first_attested,1.6517,0.0377,0.0,0.0,0.0,1.6517,0.0,0.0,0.0377,,,,,,,,,crf_only,rendant,N,,
régis,NOUN,B2,crf_first_attested,1.6517,0.0377,0.0,0.0,0.0,1.6517,0.0,0.0,0.0377,,,,,,,,,crf_only,régis,N,,
san,X,B2,crf_first_attested,1.6517,0.0377,0.0,0.0,0.0,1.6517,0.0,0.0,0.0377,,,,,,,,,crf_only,san,X,,
à nu,ADV,B2,crf_first_attested,1.6517,0.0377,0.0,0.0,0.0,1.6517,0.0,0.0,0.0377,,,,,,,,,crf_only,à nu,ADV,,
à tête de,PREP,B2,crf_first_attested,1.6517,0.0377,0.0,0.0,0.0,1.6517,0.0,0.0,0.0377,,,,,,,,,crf_only,à tête de,PREP,,
auparavant,PREP,B2,beacco,1.6204,5.7552,,,,,,,,0.0,0.0,3.5101,1.6204,20.6179,57.984,5.7552,B2,beacco_only,,,auparavant,PRP
rauque,ADJ,B2,beacco,1.6204,0.8791,,,,,,,,0.0,0.0,0.2504,1.6204,0.0,0.0,0.8791,B2,beacco_only,,,rauque,ADJ
empereur,NOUN,B2,beacco,1.5856,13.1337,3.8925,0.0,32.0207,1.5856,3.2084,19.2455,13.1337,7.6141,0.0,28.9034,2.4306,3.4423,38.656,15.3464,B2,word_pos,empereur,N,empereur,NOM
cordial,ADJ,B2,beacco,1.5856,1.8971,0.5025,0.0,0.8162,1.5856,0.0,0.0,1.8971,0.0,0.0,0.4317,0.8102,0.0,0.0,0.6202,B2,word_pos,cordial,A,cordial,ADJ
alcoolisme,NOUN,B2,beacco,1.5856,1.6227,1.3242,0.0,0.0,1.5856,0.0,19.2455,1.6227,1.2635,0.0,0.0,1.6204,0.0,19.328,1.5557,B2,word_pos,alcoolisme,N,alcoolisme,NOM
exclamation,NOUN,B2,beacco,1.5856,0.8721,0.0,0.0,0.0,1.5856,0.0,6.176,0.8721,0.0,0.0,0.0,0.8102,0.0,4.0185,0.5668,B2,word_pos,exclamation,N,exclamation,NOM
escale,NOUN,B2,beacco,1.5856,0.7172,0.0,0.0,0.3401,1.5856,3.1012,0.0,0.7172,0.0,0.0,0.5857,8.2033,6.0005,0.0,2.2596,B2,word_pos,escale,N,escale,NOM
horrifier,VERB,B2,beacco,1.5856,0.6646,0.0,0.0,0.5833,1.5856,0.0,0.0,0.6646,0.0,0.0,0.5531,0.8102,0.0,0.0,0.5955,B2,word_pos,horrifier,V,horrifier,VER
dandy,NOUN,B2,beacco,1.5856,0.626,0.0,0.0,0.0,1.5856,3.2084,0.0,0.626,0.0,0.0,0.0,1.6204,3.4423,0.0,0.6353,B2,word_pos,dandy,N,dandy,NOM
individuel,ADJ,B2,beacco,1.5139,37.7622,0.0,0.9757,107.9485,1.5139,90.8839,9.6228,37.7622,0.0,0.4664,67.4043,2.2839,90.442,19.328,28.1793,B2,word_pos,individuel,A,individuel,ADJ
unité,NOUN,B2,beacco,1.5139,23.904,1.1385,0.6418,16.0718,1.5139,145.9277,107.613,23.904,1.1764,0.6228,15.4111,2.2839,172.9276,93.687,24.8804,B2,word_pos,unité,N,unité,NOM
expert,NOUN,B2,beacco,1.5139,18.2043,0.0,0.3702,23.42,1.5139,94.3652,58.4441,18.2043,0.0,0.606,17.4942,2.2839,61.8536,51.3319,15.9141,B2,word_pos,expert,N,expert,NOM
néanmoins,ADV,B2,beacco,1.5139,17.6079,0.0,0.0,29.8027,1.5139,51.6587,105.8503,17.6079,0.0,0.0,16.5338,2.2839,58.4099,57.984,14.1349,B2,word_pos,néanmoins,ADV,néanmoins,ADV
perspective,NOUN,B2,beacco,1.5139,14.9119,0.0,0.0,14.0376,1.5139,108.1562,38.491,14.9119,0.0,0.0,11.7286,2.2839,77.1586,38.656,12.041,B2,word_pos,perspective,N,perspective,NOM
observation,NOUN,B2,beacco,1.5139,14.8601,0.0,0.2599,47.4718,1.5139,31.4551,0.0,14.8601,0.0,0.5213,52.5299,2.2839,8.2781,0.0,19.7037,B2,word_pos,observation,N,observation,NOM
écarter,VERB,B2,beacco,1.5139,12.0647,0.0,0.2948,31.615,1.5139,9.6252,6.4938,12.0647,0.0,0.6111,34.0671,2.2839,17.2115,12.833,16.9645,B2,word_pos,écarter,V,écarter,VER
chantier,NOUN,B2,beacco,1.5139,10.2155,0.0,1.2702,24.4414,1.5139,20.5337,0.0,10.2155,0.0,0.4157,26.0292,2.2839,20.6179,0.0,10.4132,B2,word_pos,chantier,N,chantier,NOM
oriental,ADJ,B2,beacco,1.5139,10.2008,0.0,0.2527,15.4107,1.5139,0.0,141.8042,10.2008,0.0,0.5137,3.5636,2.2839,0.0,183.2011,8.6326,B2,word_pos,oriental,A,oriental,ADJ
enfer,NOUN,B2,beacco,1.5139,9.0993,0.0,0.1103,15.3399,1.5139,31.0115,0.0,9.0993,0.0,0.2129,12.3122,2.2839,18.0014,0.0,7.9333,B2,word_pos,enfer,N,enfer,NOM
esthétique,ADJ,B2,beacco,1.5139,8.7553,0.0,0.0,17.5407,1.5139,20.7298,39.0192,8.7553,0.0,0.0,21.6414,2.2839,41.1274,77.4712,13.7786,B2,word_pos,esthétique,A,esthétique,ADJ
masculin,ADJ,B2,beacco,1.5139,8.6112,2.4979,0.2439,7.1188,1.5139,15.5058,32.4689,8.6112,0.9464,0.4664,11.8241,2.2839,41.1274,38.4989,14.4436,B2,word_pos,masculin,A,masculin,ADJ
comité,NOUN,B2,beacco,1.5139,8.1462,0.0,0.0,8.6355,1.5139,41.0675,19.4814,8.1462,0.0,0.0,12.4584,2.2839,41.2358,25.6659,9.6473,B2,word_pos,comité,N,comité,NOM
juridique,ADJ,B2,beacco,1.5139,7.4518,0.0,0.0,3.4526,1.5139,51.07,39.0192,7.4518,0.0,0.0,3.5715,2.2839,86.6209,56.7717,9.7333,B2,word_pos,juridique,A,juridique,ADJ
biodiversité,NOUN,B2,beacco,1.5139,7.3691,0.0,0.0,3.7685,1.5139,100.4738,0.0,7.3691,0.0,0.0,3.6187,2.2839,57.9464,0.0,7.9633,B2,word_pos,biodiversité,N,biodiversité,NOM
coûteux,ADJ,B2,beacco,1.5139,7.2848,0.0,0.0,17.0786,1.5139,19.8484,19.2455,7.2848,0.0,0.0,15.1922,2.2839,40.1357,19.328,9.0389,B2,word_pos,coûteux,A,coûteux,ADJ
décliner,VERB,B2,beacco,1.5139,7.2799,0.0,0.7405,5.7133,1.5139,14.569,57.0668,7.2799,0.0,0.606,3.6369,2.2839,19.861,56.7717,6.9511,B2,word_pos,décliner,V,décliner,VER
exciter,VERB,B2,beacco,1.5139,6.8602,0.6317,0.0,14.7876,1.5139,9.3035,0.0,6.8602,7.387,0.0,10.9002,2.2839,6.0005,0.0,7.8589,B2,word_pos,exciter,V,exciter,VER
colonne,NOUN,B2,beacco,1.5139,6.8109,0.0,0.0,7.4354,1.5139,52.5248,0.0,6.8109,0.0,0.0,9.8326,2.2839,26.3397,0.0,6.1441,B2,word_pos,colonne,N,colonne,NOM
natalité,NOUN,B2,beacco,1.5139,6.6559,0.0,0.1235,7.8255,1.5139,0.0,125.9778,6.6559,0.0,0.2552,3.7375,2.2839,0.0,113.6757,3.8431,B2,word_pos,natalité,N,natalité,NOM
substituer,VERB,B2,beacco,1.5139,6.6324,0.0,0.6418,7.9645,1.5139,30.8494,0.0,6.6324,0.0,0.6228,9.9144,2.2839,27.9938,0.0,7.5614,B2,word_pos,substituer,V,substituer,VER
pôle,NOUN,B2,beacco,1.5139,6.5927,0.0816,0.0,18.6199,1.5139,15.7275,0.0,6.5927,0.171,0.0,17.5205,2.2839,20.6179,0.0,5.8458,B2,word_pos,pôle,N,pôle,NOM
capital,ADJ,B2,beacco,1.5139,6.5524,0.0,1.1107,1.8239,1.5139,54.7585,0.0,6.5524,0.0,0.606,3.5051,8.1049,90.8893,0.0,11.0231,B2,word_pos,capital,A,capital,ADJ
sublime,ADJ,B2,beacco,1.5139,6.5222,0.7956,0.2206,7.2442,1.5139,17.3764,0.0,6.5222,0.9713,0.2129,4.4575,2.2839,26.3397,0.0,6.5118,B2,word_pos,sublime,A,sublime,ADJ
fabricant,NOUN,B2,beacco,1.5139,6.4178,0.0,1.1107,3.8909,1.5139,12.3029,28.8683,6.4178,0.0,0.606,5.3066,2.2839,8.2781,19.328,6.2846,B2,word_pos,fabricant,N,fabricant,NOM
progression,NOUN,B2,beacco,1.5139,6.2536,0.0,0.1853,6.0127,1.5139,10.2524,87.2204,6.2536,0.0,0.1276,7.6994,2.2839,8.2781,113.5434,7.4249,B2,word_pos,progression,N,progression,NOM
suédois,ADJ,B2,beacco,1.5139,6.1887,4.3446,0.1897,7.9705,1.5139,0.0,6.4938,6.1887,7.1097,0.4131,7.0701,2.2839,0.0,12.833,7.1164,B2,word_pos,suédois,A,suédois,ADJ
procédé,NOUN,B2,beacco,1.5139,6.1275,0.9991,0.0,6.322,1.5139,19.6566,9.6228,6.1275,0.9464,0.0,3.6369,2.2839,34.1646,19.328,7.2569,B2,word_pos,procédé,N,procédé,NOM
savant,NOUN,B2,beacco,1.5139,6.0756,3.5573,0.0,4.9055,1.5139,6.4168,28.8683,6.0756,6.9049,0.0,2.8865,2.2839,6.8846,19.328,5.8986,B2,word_pos,savant,N,savant,NOM
outre,PREP,B2,beacco,1.5139,5.8922,0.0,0.0,20.4335,1.5139,10.2669,0.0,5.8922,0.0,0.0,28.9954,6.8518,60.4644,12.833,16.8034,B2,unique_word,outre,PREP,outre,ADV
élevage,NOUN,B2,beacco,1.5139,5.8329,0.5304,0.0,4.0892,1.5139,40.3921,0.0,5.8329,0.4856,0.0,2.5994,2.2839,49.1091,0.0,6.1812,B2,word_pos,élevage,N,élevage,NOM
suffisamment,ADV,B2,beacco,1.5139,5.7398,0.0,0.2439,7.2788,1.5139,21.8856,6.4938,5.7398,0.0,0.4664,10.4732,2.2839,19.861,12.833,7.4683,B2,word_pos,suffisamment,ADV,suffisamment,ADV
plaider,VERB,B2,beacco,1.5139,5.5615,0.0,0.0,16.6336,1.5139,6.1515,0.0,5.5615,0.0,0.0,7.5797,2.2839,4.139,0.0,3.5948,B2,word_pos,plaider,V,plaider,VER
altitude,NOUN,B2,beacco,1.5139,5.5063,1.7078,0.3209,13.2976,1.5139,0.0,0.0,5.5063,1.1764,0.6228,14.923,2.2839,0.0,0.0,6.3026,B2,word_pos,altitude,N,altitude,NOM
circonstance,NOUN,B2,beacco,1.5139,5.4029,0.0,0.0,0.2076,1.5139,18.7334,147.42,5.4029,0.0,0.5137,33.8038,6.0629,41.2358,135.3747,21.2982,B2,word_pos,circonstance,N,circonstance,NOM
explosion,NOUN,B2,beacco,1.5139,5.3745,0.0,0.0,10.0878,1.5139,21.7081,0.0,5.3745,0.0,0.0,7.5611,2.2839,30.0023,0.0,6.6887,B2,word_pos,explosion,N,explosion,NOM
phare,NOUN,B2,beacco,1.5139,5.2417,0.0,0.0,2.5949,1.5139,25.5257,48.1138,5.2417,0.0,0.0,9.8016,2.2839,6.0005,38.656,5.7406,B2,word_pos,phare,N,phare,NOM
perturber,VERB,B2,beacco,1.5139,5.1716,0.0,0.6418,0.3014,1.5139,42.8753,9.6228,5.1716,0.0,0.6228,0.6118,2.2839,51.4303,19.328,6.6223,B2,word_pos,perturber,V,perturber,VER
harmonie,NOUN,B2,beacco,1.5139,5.1448,0.0,0.0944,16.0682,1.5139,3.1012,0.0,5.1448,0.0,0.1937,15.3053,2.2839,6.0005,0.0,6.6515,B2,word_pos,harmonie,N,harmonie,NOM
expédier,VERB,B2,beacco,1.5139,4.8919,0.0,0.2527,3.6699,1.5139,23.3886,0.0,4.8919,0.0,0.5137,3.5301,2.2839,31.5653,0.0,6.0289,B2,word_pos,expédier,V,expédier,VER
courbe,NOUN,B2,beacco,1.5139,4.7754,0.0,0.0,1.2455,1.5139,52.1857,0.0,4.7754,0.0,0.0,0.3906,2.2839,49.0825,0.0,4.5381,B2,word_pos,courbe,N,courbe,NOM
écosystème,NOUN,B2,beacco,1.5139,4.7617,0.0,0.4228,1.1829,1.5139,6.1515,28.8683,4.7617,0.0,0.6008,0.438,2.2839,8.2781,19.328,4.3861,B2,word_pos,écosystème,N,écosystème,NOM
exigence,NOUN,B2,beacco,1.5139,4.7403,0.0,0.3702,3.6488,1.5139,12.4046,19.2455,4.7403,0.0,0.606,3.6187,2.2839,6.0005,19.328,4.4654,B2,word_pos,exigence,N,exigence,NOM
déroulement,NOUN,B2,beacco,1.5139,4.6612,0.0,0.0,0.1155,1.5139,18.6069,67.5905,4.6612,0.0,0.0,0.2331,2.2839,12.0009,93.687,5.2855,B2,word_pos,déroulement,N,déroulement,NOM
cotisation,NOUN,B2,beacco,1.5139,4.6426,0.0,0.0,4.4676,1.5139,8.021,25.9752,4.6426,0.0,0.0,5.4966,2.2839,10.3269,51.3319,7.8369,B2,word_pos,cotisation,N,cotisation,NOM
jadis,ADV,B2,beacco,1.5139,3.9951,0.0,0.0,1.4582,1.5139,3.2084,76.982,3.9951,0.0,0.0,1.1062,0.0,3.4423,77.312,3.716,B2,word_pos,jadis,ADV,jadis,ADV
scander,VERB,B2,beacco,1.5139,3.9152,0.0,0.0,0.7236,1.5139,17.3764,48.1138,3.9152,0.0,0.0,0.6378,2.2839,6.0005,19.328,2.2142,B2,word_pos,scander,V,scander,VER
relief,NOUN,B2,beacco,1.5139,3.8704,0.0,0.0,0.7236,1.5139,49.2438,0.0,3.8704,0.0,0.0,0.6378,2.2839,26.3397,0.0,3.0555,B2,word_pos,relief,N,relief,NOM
autonome,ADJ,B2,beacco,1.5139,3.8526,0.0,0.0944,3.0302,1.5139,8.2019,9.6228,3.8526,0.0,0.1937,2.9905,2.2839,4.139,19.328,4.5451,B2,word_pos,autonome,A,autonome,ADJ
titulaire,ADJ,B2,beacco,1.5139,3.7804,0.0,0.4879,1.2023,1.5139,0.0,28.471,3.7804,0.0,0.0,0.4665,2.2839,0.0,56.1429,3.4574,B2,word_pos,titulaire,A,titulaire,ADJ
gentillesse,NOUN,B2,beacco,1.5139,3.6833,0.0,0.5897,4.5145,1.5139,4.8126,0.0,3.6833,0.0,0.6111,5.9472,2.2839,6.8846,0.0,4.9915,B2,word_pos,gentillesse,N,gentillesse,NOM
coupure,NOUN,B2,beacco,1.5139,3.5734,0.0,0.2117,0.4152,1.5139,18.4544,0.0,3.5734,0.0,0.4157,0.3906,2.2839,12.4171,0.0,3.7229,B2,word_pos,coupure,N,coupure,NOM
insuffisant,ADJ,B2,beacco,1.5139,3.5517,0.0,0.3702,5.6031,1.5139,9.8488,0.0,3.5517,0.0,0.606,4.9147,2.2839,20.024,0.0,5.2984,B2,word_pos,insuffisant,A,insuffisant,ADJ
constructeur,NOUN,B2,beacco,1.5139,3.5194,0.0,0.2527,3.9128,1.5139,15.7275,0.0,3.5194,0.0,0.5137,0.6378,2.2839,12.0009,0.0,3.0968,B2,word_pos,constructeur,N,constructeur,NOM
fonctionnel,ADJ,B2,beacco,1.5139,3.4842,0.0,0.7405,2.7457,1.5139,0.0,48.1138,3.4842,0.0,0.606,3.6048,2.2839,0.0,57.984,5.2799,B2,word_pos,fonctionnel,A,fonctionnel,ADJ
environnant,ADJ,B2,beacco,1.5139,3.4563,0.0,0.0,15.0301,1.5139,0.0,0.0,3.4563,0.0,0.0,6.6559,2.2839,0.0,0.0,2.5196,B2,word_pos,environnant,A,environnant,ADJ
encadrement,NOUN,B2,beacco,1.5139,3.4485,0.0,0.3209,1.4195,1.5139,8.2019,0.0,3.4485,0.0,0.6228,0.8759,2.2839,12.4171,0.0,4.5008,B2,word_pos,encadrement,N,encadrement,NOM
architectural,ADJ,B2,beacco,1.5139,3.4358,0.0,0.0,14.4637,1.5139,0.0,0.0,3.4358,0.0,0.0,9.727,2.2839,0.0,0.0,3.0587,B2,word_pos,architectural,A,architectural,ADJ
conforme,ADJ,B2,beacco,1.5139,3.4284,0.0,0.0,7.9813,1.5139,1.6042,9.6228,3.4284,0.0,0.0,7.0301,2.2839,3.4423,19.328,4.8496,B2,word_pos,conforme,A,conforme,ADJ
réalisme,NOUN,B2,beacco,1.5139,3.4026,0.0,0.0,9.9181,1.5139,4.101,0.0,3.4026,0.0,0.0,12.1517,2.2839,4.139,0.0,5.3944,B2,word_pos,réalisme,N,réalisme,NOM
attractif,ADJ,B2,beacco,1.5139,3.3796,0.5025,0.0,4.3292,1.5139,0.0,28.8683,3.3796,0.9051,0.0,5.3614,2.2839,0.0,38.656,5.0868,B2,word_pos,attractif,A,attractif,ADJ
bloc,NOUN,B2,beacco,1.5139,3.2808,0.0,0.1306,10.1902,1.5139,0.0,0.0,3.2808,0.0,0.1865,15.9144,2.2839,0.0,0.0,6.2461,B2,word_pos,bloc,N,bloc,NOM
quasi,ADV,B2,beacco,1.5139,3.2646,0.0,0.0,5.1243,1.5139,4.101,6.4938,3.2646,0.0,0.0,5.4966,2.2839,8.2781,12.833,4.4238,B2,word_pos,quasi,ADV,quasi,ADV
lucratif,ADJ,B2,beacco,1.5139,3.2526,0.0,0.0,8.1689,1.5139,4.101,0.0,3.2526,0.0,0.0,5.5016,2.2839,4.139,0.0,3.0466,B2,word_pos,lucratif,A,lucratif,ADJ
parfumer,VERB,B2,beacco,1.5139,3.2129,0.0,0.0,0.2916,1.5139,9.3035,78.0921,3.2129,0.0,0.0,0.5531,2.2839,12.0009,8.037,3.8732,B2,word_pos,parfumer,V,parfumer,VER
équivaloir,VERB,B2,beacco,1.5139,3.1894,0.0,0.0,2.8989,1.5139,4.101,28.5334,3.1894,0.0,0.0,3.7375,4.5679,19.861,56.7717,6.3427,B2,word_pos,équivaloir,V,équivaloir,VER
habitat,NOUN,B2,beacco,1.5139,3.1883,0.0,0.6351,8.5901,1.5139,0.0,0.0,3.1883,0.0,0.4157,9.9696,2.2839,0.0,0.0,4.0983,B2,word_pos,habitat,N,habitat,NOM
générer,VERB,B2,beacco,1.5139,3.1865,0.0,0.0,0.7214,1.5139,12.7628,28.8683,3.1865,0.0,0.0,0.4665,2.2839,20.024,19.328,3.2923,B2,word_pos,générer,V,générer,VER
dictionnaire,NOUN,B2,beacco,1.5139,3.128,0.0,0.3702,8.2101,1.5139,0.0,0.0,3.128,0.0,0.606,7.143,2.2839,0.0,0.0,3.7441,B2,word_pos,dictionnaire,N,dictionnaire,NOM
alarme,NOUN,B2,beacco,1.5139,3.1108,0.0,0.3918,3.6368,1.5139,13.8696,0.0,3.1108,0.0,0.1865,3.5636,2.2839,27.9938,0.0,4.5251,B2,word_pos,alarme,N,alarme,NOM
défaire,VERB,B2,beacco,1.5139,2.9091,0.0,0.0,0.2041,1.5139,38.9993,0.0,2.9091,0.0,0.0,0.4317,2.2839,40.1357,0.0,3.5894,B2,word_pos,défaire,V,défaire,VER
rémunération,NOUN,B2,beacco,1.5139,2.8838,0.0,0.4234,0.7236,1.5139,6.2023,19.2455,2.8838,0.0,0.4157,1.2756,2.2839,12.0009,19.328,4.3964,B2,word_pos,rémunération,N,rémunération,NOM
remédier,VERB,B2,beacco,1.5139,2.8533,0.0,0.0,1.8673,1.5139,24.3636,0.0,2.8533,0.0,0.0,3.6048,2.2839,27.9938,0.0,4.3711,B2,word_pos,remédier,V,remédier,VER
concession,NOUN,B2,beacco,1.5139,2.8513,0.0,0.0,4.0126,1.5139,0.0,39.0461,2.8513,0.0,0.0,3.7679,2.2839,0.0,4.0185,2.5821,B2,word_pos,concession,N,concession,NOM
investissement,NOUN,B2,beacco,1.5139,2.8412,0.0,0.0,0.2366,1.5139,2.0505,136.4037,2.8412,0.0,0.0,0.438,2.2839,4.139,77.4712,3.7103,B2,word_pos,investissement,N,investissement,NOM
abolir,VERB,B2,beacco,1.5139,2.8216,0.0,0.0,0.3618,1.5139,38.2901,0.0,2.8216,0.0,0.0,0.6378,2.2839,62.3406,0.0,5.4191,B2,word_pos,abolir,V,abolir,VER
enceinte,ADJ,B2,beacco,1.5139,2.6493,0.0,2.229,4.178,1.5139,0.0,0.0,2.6493,0.0,0.4157,0.6378,0.0,0.0,0.0,0.5634,B2,word_pos,enceinte,A,enceinte,ADJ
déterminant,ADJ,B2,beacco,1.5139,2.641,0.0,0.0,4.6661,1.5139,3.1012,9.6228,2.641,0.0,0.0,0.5531,2.2839,0.0,0.0,0.6971,B2,word_pos,déterminant,A,déterminant,ADJ
séisme,NOUN,B2,beacco,1.5139,2.6139,0.0,0.0,0.5833,1.5139,24.8092,0.0,2.6139,0.0,0.0,0.5531,2.2839,24.0018,0.0,3.319,B2,word_pos,séisme,N,séisme,NOM
indemnité,NOUN,B2,beacco,1.5139,2.579,0.0,0.6418,5.9947,1.5139,0.0,0.0,2.579,0.0,0.6228,7.3728,2.2839,0.0,0.0,3.5629,B2,word_pos,indemnité,N,indemnité,NOM
rentable,ADJ,B2,beacco,1.5139,2.5687,0.0,0.0,1.8838,1.5139,19.6566,0.0,2.5687,0.0,0.0,3.5957,2.2839,27.9938,0.0,4.4193,B2,word_pos,rentable,A,rentable,ADJ
recopier,VERB,B2,beacco,1.5139,2.5489,1.0953,0.0303,3.3542,1.5139,0.0,0.0,2.5489,0.5987,0.0,2.6301,2.2839,0.0,0.0,2.0145,B2,word_pos,recopier,V,recopier,VER
creuset,NOUN,B2,beacco,1.5139,2.5372,0.0,0.0,0.2405,1.5139,8.2019,25.9752,2.5372,0.0,0.0,0.4665,2.2839,8.2781,12.833,2.6264,B2,word_pos,creuset,N,creuset,NOM
activer,VERB,B2,beacco,1.5139,2.422,0.0,2.0176,2.3245,1.5139,0.0,9.6228,2.422,0.0,0.1865,0.3906,0.0,0.0,19.328,1.0334,B2,word_pos,activer,V,activer,VER
pourcentage,NOUN,B2,beacco,1.5139,2.4144,0.0,0.0,0.2076,1.5139,16.8923,6.4938,2.4144,0.0,0.0,0.3906,2.2839,20.6179,12.833,3.1212,B2,word_pos,pourcentage,N,pourcentage,NOM
immobilier,NOUN,B2,beacco,1.5139,2.4091,0.5693,0.0,2.8098,1.5139,0.0,19.2455,2.4091,1.1764,0.0,5.2486,2.2839,0.0,19.328,4.0142,B2,word_pos,immobilier,N,immobilier,NOM
intermédiaire,NOUN,B2,beacco,1.5139,2.3223,0.0,0.7405,1.5151,1.5139,3.2084,0.0,2.3223,0.171,0.606,7.6455,31.7474,20.024,0.0,8.4673,B2,word_pos,intermédiaire,N,intermédiaire,NOM
trentenaire,ADJ,B2,beacco,1.5139,2.263,4.9957,0.0,2.4869,1.5139,0.0,9.6228,2.263,1.8928,0.0,3.6187,9.0915,0.0,19.328,4.9802,B2,word_pos,trentenaire,A,trentenaire,ADJ
anthropologique,ADJ,B2,beacco,1.5139,2.2511,0.0,0.0,0.5833,1.5139,19.6566,0.0,2.2511,0.0,0.0,0.5531,2.2839,20.6179,0.0,2.5415,B2,word_pos,anthropologique,A,anthropologique,ADJ
attraction,NOUN,B2,beacco,1.5139,2.1882,0.4068,0.0,5.4415,1.5139,0.0,0.0,2.1882,0.8075,0.0,6.9576,2.2839,0.0,0.0,3.4905,B2,word_pos,attraction,N,attraction,NOM
rigoureux,ADJ,B2,beacco,1.5139,2.1189,0.0,0.0,0.7097,1.5139,14.569,0.0,2.1189,0.0,0.0,0.438,2.2839,19.861,0.0,2.5935,B2,word_pos,rigoureux,A,rigoureux,ADJ
intéressé,ADJ,B2,beacco,1.5139,2.1159,0.4068,2.0505,1.8266,1.5139,0.0,0.0,2.1159,0.0,0.0,3.5822,2.2839,0.0,12.833,2.5755,B2,word_pos,intéressé,A,intéressé,ADJ
revêtir,VERB,B2,beacco,1.5139,2.1053,0.5081,0.0,2.4677,1.5139,9.8067,0.0,2.1053,0.5504,0.0,3.6369,2.2839,19.861,0.0,3.9042,B2,word_pos,revêtir,V,revêtir,VER
densité,NOUN,B2,beacco,1.5139,2.0873,0.0816,0.0,3.6558,1.5139,15.6669,0.0,2.0873,0.171,0.0,3.5822,2.2839,20.024,0.0,2.3368,B2,word_pos,densité,N,densité,NOM
écho,NOUN,B2,beacco,1.5139,2.0828,0.0,0.3209,2.7483,1.5139,2.0505,0.0,2.0828,0.0,0.6228,7.3951,9.0915,4.139,0.0,5.956,B2,word_pos,écho,N,écho,NOM
tyrannie,NOUN,B2,beacco,1.5139,2.0695,0.0,0.0,4.5481,1.5139,0.0,9.6228,2.0695,0.0,0.0,1.1062,2.2839,6.0005,19.328,2.5008,B2,word_pos,tyrannie,N,tyrannie,NOM
dorénavant,ADV,B2,beacco,1.5139,1.935,0.0,0.0,0.3401,1.5139,6.2023,28.8683,1.935,0.0,0.0,0.5857,2.2839,6.0005,19.328,2.2058,B2,word_pos,dorénavant,ADV,dorénavant,ADV
territorial,ADJ,B2,beacco,1.5139,1.9315,0.0,0.0,1.4582,1.5139,6.1515,0.0,1.9315,0.0,0.0,0.5531,2.2839,4.139,0.0,1.555,B2,word_pos,territorial,A,territorial,ADJ
honorer,VERB,B2,beacco,1.5139,1.9251,7.4442,0.2152,0.0,1.5139,0.0,0.0,1.9251,7.5737,0.186,0.0,2.2839,0.0,0.0,2.2331,B2,word_pos,honorer,V,honorer,VER
fiançailles,NOUN,B2,beacco,1.5139,1.8945,0.0,0.0,7.1591,1.5139,0.0,0.0,1.8945,0.0,0.0,7.2691,0.0,0.0,0.0,1.4823,B2,word_pos,fiançailles,N,fiançailles,NOM
idéaliser,VERB,B2,beacco,1.5139,1.8524,0.0,0.0,0.5833,1.5139,3.2084,9.6228,1.8524,0.0,0.0,0.5531,2.2839,3.4423,19.328,2.5435,B2,word_pos,idéaliser,V,idéaliser,VER
variation,NOUN,B2,beacco,1.5139,1.8189,0.0,0.0,6.8742,1.5139,0.0,0.0,1.8189,0.0,0.0,4.7719,2.2839,0.0,0.0,1.831,B2,word_pos,variation,N,variation,NOM
mirage,NOUN,B2,beacco,1.5139,1.7404,0.0,0.0,6.567,1.5139,0.0,0.0,1.7404,0.0,0.0,3.6187,2.2839,0.0,0.0,1.5454,B2,word_pos,mirage,N,mirage,NOM
modification,NOUN,B2,beacco,1.5139,1.7337,0.0,0.0,0.4152,1.5139,3.1012,19.4814,1.7337,0.0,0.0,0.3906,2.2839,6.0005,12.833,2.4374,B2,word_pos,modification,N,modification,NOM
facette,NOUN,B2,beacco,1.5139,1.7327,0.0,0.0,0.3618,1.5139,16.4039,0.0,1.7327,0.0,0.0,0.6378,2.2839,8.2781,0.0,2.1447,B2,word_pos,facette,N,facette,NOM
rude,ADJ,B2,beacco,1.5139,1.6645,0.0,0.3209,0.0,1.5139,1.6042,28.8683,1.6645,0.0,0.6228,0.0,2.2839,3.4423,19.328,2.5279,B2,word_pos,rude,A,rude,ADJ
colossal,ADJ,B2,beacco,1.5139,1.6262,0.0,0.0,6.2213,1.5139,0.0,0.0,1.6262,0.0,0.0,3.5715,2.2839,0.0,0.0,1.5659,B2,word_pos,colossal,A,colossal,ADJ
impressionner,VERB,B2,beacco,1.5139,1.6105,0.0,0.0,5.7343,1.5139,0.0,0.0,1.6105,0.0,0.0,4.7422,2.2839,0.0,0.0,1.8315,B2,word_pos,impressionner,V,impressionner,VER
décentraliser,VERB,B2,beacco,1.5139,1.6063,0.0,0.0,0.0,1.5139,6.4168,12.9876,1.6063,0.0,0.0,0.0,2.2839,17.2115,12.833,2.6786,B2,word_pos,décentraliser,V,décentraliser,VER
flamber,VERB,B2,beacco,1.5139,1.6037,0.0,0.0,1.808,1.5139,6.2023,0.0,1.6037,0.0,0.0,3.4815,2.2839,6.0005,0.0,2.4483,B2,word_pos,flamber,V,flamber,VER
équivalent,ADJ,B2,beacco,1.5139,1.5475,1.1385,0.0,0.0,1.5139,1.6042,12.9876,1.5475,1.1764,0.0,0.0,0.0,20.024,44.6051,2.7965,B2,word_pos,équivalent,A,équivalent,ADJ
infiltration,NOUN,B2,beacco,1.5139,1.5363,0.0,0.0,0.2916,1.5139,12.4046,0.0,1.5363,0.0,0.0,0.5531,2.2839,6.0005,0.0,1.5332,B2,word_pos,infiltration,N,infiltration,NOM
rallonger,VERB,B2,beacco,1.5139,1.5039,0.0,0.0,0.0,1.5139,12.7628,6.4938,1.5039,0.0,0.0,0.0,2.2839,20.024,12.833,2.5855,B2,word_pos,rallonger,V,rallonger,VER
indemniser,VERB,B2,beacco,1.5139,1.4893,0.0,0.0,0.8156,1.5139,8.2019,0.0,1.4893,0.0,0.0,0.185,2.2839,4.139,0.0,1.5415,B2,word_pos,indemniser,V,indemniser,VER
déconnecter,VERB,B2,beacco,1.5139,1.4853,0.0,0.0,0.0,1.5139,24.6958,0.0,1.4853,0.0,0.0,0.0,2.2839,19.861,0.0,1.5829,B2,word_pos,déconnecter,V,déconnecter,VER
concéder,VERB,B2,beacco,1.5139,1.4638,0.0,0.0,1.0854,1.5139,3.2084,0.0,1.4638,0.0,0.0,0.6378,2.2839,3.4423,0.0,1.5776,B2,word_pos,concéder,V,concéder,VER
peupler,VERB,B2,beacco,1.5139,1.4498,0.0,0.0,5.2801,1.5139,0.0,0.0,1.4498,0.0,0.2129,2.9063,2.2839,0.0,0.0,2.4663,B2,word_pos,peupler,V,peupler,VER
défier,VERB,B2,beacco,1.5139,1.424,0.0,0.0,0.4081,1.5139,2.0505,6.4938,1.424,0.0,0.0,0.8634,2.2839,4.139,12.833,2.3858,B2,word_pos,défier,V,défier,VER
crucial,ADJ,B2,beacco,1.5139,1.3377,0.0,0.0,0.2366,1.5139,0.0,76.982,1.3377,0.0,0.0,0.438,2.2839,0.0,57.984,2.7889,B2,word_pos,crucial,A,crucial,ADJ
ver,NOUN,B2,beacco,1.5139,1.3137,0.0,0.0,0.6884,1.5139,0.0,4.1173,1.3137,0.0,0.0,0.487,2.2839,0.0,4.0185,1.5509,B2,word_pos,ver,N,ver,NOM
souiller,VERB,B2,beacco,1.5139,1.3069,0.0,0.0,0.4732,1.5139,6.2023,0.0,1.3069,0.0,0.0,0.438,2.2839,12.0009,0.0,2.2206,B2,word_pos,souiller,V,souiller,VER
recharger,VERB,B2,beacco,1.5139,1.3068,0.0,0.0,4.658,1.5139,0.0,0.0,1.3068,0.0,0.0,3.6369,2.2839,0.0,0.0,1.546,B2,word_pos,recharger,V,recharger,VER
résolution,NOUN,B2,beacco,1.5139,1.2376,0.0,0.0,1.3603,1.5139,2.0505,0.0,1.2376,0.0,0.0,1.1713,2.2839,4.139,0.0,1.8848,B2,word_pos,résolution,N,résolution,NOM
meurtrier,ADJ,B2,beacco,1.5139,1.2325,0.0,2.5369,0.0,1.5139,6.2023,0.0,1.2325,0.8346,0.5137,0.0,0.0,0.0,0.0,0.6162,B2,word_pos,meurtrier,A,meurtrier,ADJ
baba,ADJ,B2,beacco,1.5139,1.2193,0.5025,0.0,0.0,1.5139,9.3035,0.0,1.2193,0.0,0.0,0.0,2.2839,6.0005,0.0,0.7085,B2,word_pos,baba,A,baba,ADJ
cosmopolite,ADJ,B2,beacco,1.5139,1.178,0.5304,0.0,2.8448,1.5139,0.0,0.0,1.178,0.4856,0.0,3.7062,2.2839,0.0,0.0,1.8634,B2,word_pos,cosmopolite,A,cosmopolite,ADJ
compétent,ADJ,B2,beacco,1.5139,1.1702,0.0,0.0,3.6656,1.5139,0.0,0.0,1.1702,0.0,0.0,5.5016,2.2839,0.0,0.0,2.0116,B2,word_pos,compétent,A,compétent,ADJ
breuvage,NOUN,B2,beacco,1.5139,1.1623,0.0,0.0,0.3401,1.5139,4.8126,0.0,1.1623,0.0,0.0,0.5857,2.2839,3.4423,0.0,1.5713,B2,word_pos,breuvage,N,breuvage,NOM
processeur,NOUN,B2,beacco,1.5139,1.1524,0.0,0.0,0.0,1.5139,19.2505,0.0,1.1524,0.0,0.0,0.0,2.2839,10.3269,0.0,1.2308,B2,word_pos,processeur,N,processeur,NOM
teinte,NOUN,B2,beacco,1.5139,1.0484,0.0,0.4413,1.5692,1.5139,0.0,0.0,1.0484,0.0,0.2129,7.0412,0.0,0.0,0.0,2.409,B2,word_pos,teinte,N,teinte,NOM
contraste,NOUN,B2,beacco,1.5139,1.021,1.4987,0.0,0.5833,1.5139,0.0,0.0,1.021,0.9464,0.0,0.5531,4.5679,0.0,0.0,2.0172,B2,word_pos,contraste,N,contraste,NOM
astronome,NOUN,B2,beacco,1.5139,1.0147,0.0,0.0,0.2366,1.5139,4.101,0.0,1.0147,0.0,0.0,0.438,2.2839,4.139,0.0,1.5822,B2,word_pos,astronome,N,astronome,NOM
prompt,ADJ,B2,beacco,1.5139,1.0124,0.0,0.0,0.0,1.5139,2.0505,28.8683,1.0124,0.0,0.0,0.0,2.2839,4.139,19.328,1.5897,B2,word_pos,prompt,A,prompt,ADJ
assouplir,VERB,B2,beacco,1.5139,1.0008,0.0,0.0,0.3618,1.5139,3.2084,0.0,1.0008,0.0,0.0,0.6378,2.2839,3.4423,0.0,1.5776,B2,word_pos,assouplir,V,assouplir,VER
floraison,NOUN,B2,beacco,1.5139,0.9886,0.0,0.0,0.6802,1.5139,1.6042,0.0,0.9886,0.0,0.0,0.5857,2.2839,3.4423,0.0,1.5713,B2,word_pos,floraison,N,floraison,NOM
archive,NOUN,B2,crf_first_attested,1.5139,0.9848,0.0,0.0,0.0,1.5139,15.5058,0.0,0.9848,,,,,,,,,crf_only,archive,N,,
différencié,ADJ,B2,crf_first_attested,1.5139,0.9848,0.0,0.0,0.0,1.5139,15.5058,0.0,0.9848,,,,,,,,,crf_only,différencié,A,,
dériver,VERB,B2,beacco,1.5139,0.9357,0.0,0.4071,0.0,1.5139,6.2023,0.0,0.9357,0.0,0.7702,0.0,2.2839,6.0005,0.0,1.2168,B2,word_pos,dériver,V,dériver,VER
ouragan,NOUN,B2,beacco,1.5139,0.9161,0.0,0.0,0.5833,1.5139,3.1012,0.0,0.9161,0.0,0.0,0.5531,2.2839,6.0005,0.0,1.5332,B2,word_pos,ouragan,N,ouragan,NOM
moniteur,NOUN,B2,beacco,1.5139,0.8765,0.0,3.2926,0.0,1.5139,0.0,0.0,0.8765,0.0,6.7083,0.0,0.0,0.0,0.0,0.9766,B2,word_pos,moniteur,N,moniteur,NOM
provisoirement,ADV,B2,beacco,1.5139,0.8682,0.0,0.0,0.3618,1.5139,0.0,19.4814,0.8682,0.0,0.0,0.6378,2.2839,0.0,12.833,1.5732,B2,word_pos,provisoirement,ADV,provisoirement,ADV
de toute,ADV,B2,crf_first_attested,1.5139,0.8635,0.0,0.0,0.0,1.5139,12.4046,0.0,0.8635,,,,,,,,,crf_only,de toute,ADV,,
mandataire,NOUN,B2,beacco,1.5139,0.8219,0.0,0.0,0.0,1.5139,9.6252,0.0,0.8219,0.0,0.0,0.0,2.2839,20.6538,0.0,1.7109,B2,word_pos,mandataire,N,mandataire,NOM
volupté,NOUN,B2,beacco,1.5139,0.7944,0.0,0.0,0.2366,1.5139,3.1012,0.0,0.7944,0.0,0.0,0.438,2.2839,6.0005,0.0,1.5662,B2,word_pos,volupté,N,volupté,NOM
enfanter,VERB,B2,beacco,1.5139,0.7908,0.0,0.5897,0.2366,1.5139,0.0,0.0,0.7908,0.0,0.6111,0.438,2.2839,0.0,0.0,1.4651,B2,word_pos,enfanter,V,enfanter,VER
accélération,NOUN,B2,beacco,1.5139,0.7721,0.0,0.0,0.0,1.5139,2.0505,9.6228,0.7721,0.0,0.0,0.0,2.2839,4.139,19.328,1.5897,B2,word_pos,accélération,N,accélération,NOM
obtention,NOUN,B2,beacco,1.5139,0.7721,0.0,0.0,0.0,1.5139,2.0505,9.6228,0.7721,0.0,0.0,0.0,2.2839,4.139,19.328,1.5897,B2,word_pos,obtention,N,obtention,NOM
syllabe,NOUN,B2,beacco,1.5139,0.7562,0.0,0.0,1.8239,1.5139,0.0,0.0,0.7562,0.0,0.0,3.5051,2.2839,0.0,0.0,1.5202,B2,word_pos,syllabe,N,syllabe,NOM
consultatif,ADJ,B2,beacco,1.5139,0.7544,0.0,0.0,1.8328,1.5139,0.0,0.0,0.7544,0.0,0.0,3.5156,2.2839,0.0,0.0,1.5175,B2,word_pos,consultatif,A,consultatif,ADJ
préjudice,NOUN,B2,beacco,1.5139,0.7521,0.0,0.3702,0.0,1.5139,1.6042,0.0,0.7521,0.0,0.606,0.0,2.2839,3.4423,0.0,1.535,B2,word_pos,préjudice,N,préjudice,NOM
associé,NOUN,B2,beacco,1.5139,0.7392,0.0,0.4234,0.0,1.5139,0.0,9.6228,0.7392,0.0,0.4157,0.0,2.2839,0.0,19.328,1.2557,B2,word_pos,associé,N,associé,NOM
autochtone,NOUN,B2,beacco,1.5139,0.7392,0.0,0.4879,0.3618,1.5139,0.0,0.0,0.7392,0.0,0.4664,0.6378,2.2839,0.0,0.0,1.5036,B2,word_pos,autochtone,N,autochtone,NOM
vandalisme,NOUN,B2,beacco,1.5139,0.7387,0.0,2.9647,0.0,1.5139,0.0,0.0,0.7387,0.0,0.6228,0.0,2.2839,0.0,0.0,0.6897,B2,word_pos,vandalisme,N,vandalisme,NOM
relancer,VERB,B2,beacco,1.5139,0.711,0.0,0.0,0.0,1.5139,3.1012,6.4938,0.711,0.0,0.0,0.0,2.2839,6.0005,12.833,1.5897,B2,word_pos,relancer,V,relancer,VER
multiculturel,ADJ,B2,crf_first_attested,1.5139,0.7107,0.0,0.0,0.0,1.5139,8.2019,0.0,0.7107,,,,,,,,,crf_only,multiculturel,A,,
effectif,ADJ,B2,beacco,1.5139,0.7025,0.0,0.0,0.0,1.5139,0.0,67.3593,0.7025,0.0,0.0,0.0,2.2839,0.0,19.328,0.7085,B2,word_pos,effectif,A,effectif,ADJ
débiteur,ADJ,B2,beacco,1.5139,0.6817,0.0,0.0,0.0,1.5139,6.4168,0.0,0.6817,0.0,0.0,0.0,2.2839,6.8846,0.0,1.0113,B2,word_pos,débiteur,A,débiteur,ADJ
loufoque,ADJ,B2,beacco,1.5139,0.6817,0.0,0.0,0.0,1.5139,6.4168,0.0,0.6817,0.0,0.0,0.0,2.2839,3.4423,0.0,0.7118,B2,word_pos,loufoque,A,loufoque,ADJ
arsenal,NOUN,B2,beacco,1.5139,0.6607,0.0,0.0,1.3603,1.5139,0.0,0.0,0.6607,0.0,0.0,0.5857,2.2839,0.0,0.0,0.7014,B2,word_pos,arsenal,N,arsenal,NOM
entraver,VERB,B2,beacco,1.5139,0.6607,0.0,0.0,1.3603,1.5139,0.0,0.0,0.6607,0.0,0.0,0.5857,2.2839,0.0,0.0,0.7014,B2,word_pos,entraver,V,entraver,VER
coexistence,NOUN,B2,beacco,1.5139,0.6601,0.0,0.0,0.0,1.5139,0.0,57.7365,0.6601,0.0,0.0,0.0,2.2839,0.0,19.328,0.7085,B2,word_pos,coexistence,N,coexistence,NOM
malicieux,ADJ,B2,beacco,1.5139,0.6592,0.0,0.0,1.5416,1.5139,0.0,0.0,0.6592,0.0,0.0,5.0096,2.2839,6.0005,0.0,2.7534,B2,word_pos,malicieux,A,malicieux,ADJ
allouer,VERB,B2,beacco,1.5139,0.6194,0.0,0.0,0.0,1.5139,6.1515,0.0,0.6194,0.0,0.0,0.0,2.2839,4.139,0.0,0.7167,B2,word_pos,allouer,V,allouer,VER
fiscal,ADJ,B2,beacco,1.5139,0.6194,0.0,0.0,0.0,1.5139,6.1515,0.0,0.6194,0.0,0.0,0.0,2.2839,8.2781,0.0,1.1145,B2,word_pos,fiscal,A,fiscal,ADJ
apogée,NOUN,B2,beacco,1.5139,0.5978,0.0,0.0,0.0,1.5139,0.0,6.176,0.5978,0.0,0.0,0.0,2.2839,0.0,4.0185,0.7118,B2,word_pos,apogée,N,apogée,NOM
brebis,NOUN,B2,beacco,1.5139,0.5921,0.0,0.0,1.5137,1.5139,0.0,0.0,0.5921,0.0,0.0,2.4712,2.2839,0.0,0.0,1.5373,B2,word_pos,brebis,N,brebis,NOM
versement,NOUN,B2,beacco,1.5139,0.5821,0.0,0.0,1.0202,1.5139,0.0,0.0,0.5821,0.0,0.0,0.5857,2.2839,0.0,0.0,0.7014,B2,word_pos,versement,N,versement,NOM
appréciable,ADJ,B2,beacco,1.5139,0.567,0.0,0.0,0.0,1.5139,6.2023,0.0,0.567,0.0,0.0,0.0,2.2839,6.0005,0.0,0.7085,B2,word_pos,appréciable,A,appréciable,ADJ
irrésistible,ADJ,B2,beacco,1.5139,0.567,0.0,0.0,0.0,1.5139,6.2023,0.0,0.567,0.0,0.0,0.0,2.2839,6.0005,0.0,0.7085,B2,word_pos,irrésistible,A,irrésistible,ADJ
magnitude,NOUN,B2,beacco,1.5139,0.567,0.0,0.0,0.0,1.5139,6.2023,0.0,0.567,0.0,0.0,0.0,2.2839,6.0005,0.0,0.7085,B2,word_pos,magnitude,N,magnitude,NOM
épandre,VERB,B2,beacco,1.5139,0.567,0.0,0.0,0.0,1.5139,6.2023,0.0,0.567,0.0,0.0,0.0,2.2839,6.0005,0.0,0.7085,B2,word_pos,épandre,V,épandre,VER
conciliation,NOUN,B2,beacco,1.5139,0.5645,0.0,0.0,0.0,1.5139,0.0,38.491,0.5645,0.0,0.0,0.0,2.2839,0.0,19.328,0.7085,B2,word_pos,conciliation,N,conciliation,NOM
unanime,ADJ,B2,beacco,1.5139,0.547,0.0,0.0,0.9618,1.5139,0.0,0.0,0.547,0.0,0.0,0.933,2.2839,0.0,0.0,0.8809,B2,word_pos,unanime,A,unanime,ADJ
malignité,NOUN,B2,beacco,1.5139,0.5424,0.0,0.0,0.8749,1.5139,0.0,0.0,0.5424,0.0,0.0,0.5531,2.2839,0.0,0.0,0.6971,B2,word_pos,malignité,N,malignité,NOM
double,NOUN,B2,beacco,1.5139,0.5227,0.3158,0.0,0.0,1.5139,3.1012,0.0,0.5227,0.6291,0.0,0.3059,18.4484,3.4423,0.0,4.5884,B2,word_pos,double,N,double,NOM
dans son ensemble,ADV,B2,crf_first_attested,1.5139,0.5091,0.0,0.0,0.0,1.5139,4.101,0.0,0.5091,,,,,,,,,crf_only,dans son ensemble,ADV,,
prospère,ADJ,B2,beacco,1.5139,0.5091,0.0,0.0,0.0,1.5139,4.101,0.0,0.5091,0.0,0.0,0.0,2.2839,4.139,19.328,1.5897,B2,word_pos,prospère,A,prospère,ADJ
montage,NOUN,B2,beacco,1.5139,0.5085,0.2541,0.0,0.0,1.5139,1.6042,0.0,0.5085,0.5504,0.0,0.0,2.2839,3.4423,0.0,1.0587,B2,word_pos,montage,N,montage,NOM
abréger,VERB,B2,beacco,1.5139,0.504,0.0,0.0,0.4732,1.5139,0.0,0.0,0.504,0.0,0.0,0.438,2.2839,0.0,0.0,0.7115,B2,word_pos,abréger,V,abréger,VER
montagnard,ADJ,B2,beacco,1.5139,0.504,0.0,0.0,0.4732,1.5139,0.0,0.0,0.504,0.0,0.0,0.438,2.2839,0.0,0.0,0.7115,B2,word_pos,montagnard,A,montagnard,ADJ
comble,NOUN,B2,beacco,1.5139,0.4967,0.0,0.0,0.7236,1.5139,0.0,0.0,0.4967,0.0,0.0,0.6378,2.2839,0.0,0.0,0.7068,B2,word_pos,comble,N,comble,NOM
radin,NOUN,B2,beacco,1.5139,0.4967,0.0,0.0,0.7236,1.5139,0.0,0.0,0.4967,0.0,0.0,0.6378,2.2839,0.0,0.0,0.7068,B2,word_pos,radin,N,radin,NOM
pudique,ADJ,B2,beacco,1.5139,0.4579,0.0,0.0,0.6228,1.5139,0.0,0.0,0.4579,0.0,0.0,0.3906,2.2839,0.0,0.0,0.6595,B2,word_pos,pudique,A,pudique,ADJ
libératoire,ADJ,B2,beacco,1.5139,0.4387,0.0,0.0,0.0,1.5139,0.0,19.2455,0.4387,0.0,0.0,0.0,2.2839,0.0,19.328,0.7085,B2,word_pos,libératoire,A,libératoire,ADJ
médiation,NOUN,B2,beacco,1.5139,0.4387,0.0,0.0,0.0,1.5139,0.0,19.2455,0.4387,0.0,0.0,0.0,2.2839,0.0,19.328,0.7085,B2,word_pos,médiation,N,médiation,NOM
résorber,VERB,B2,beacco,1.5139,0.4387,0.0,0.0,0.0,1.5139,0.0,19.2455,0.4387,0.0,0.0,0.0,2.2839,0.0,19.328,0.7085,B2,word_pos,résorber,V,résorber,VER
supplanter,VERB,B2,beacco,1.5139,0.4011,0.0,0.0,0.4081,1.5139,0.0,0.0,0.4011,0.0,0.0,0.4317,2.2839,0.0,0.0,0.6722,B2,word_pos,supplanter,V,supplanter,VER
approvisionner,VERB,B2,beacco,1.5139,0.3648,0.0,0.0,0.0,1.5139,3.1012,0.0,0.3648,0.0,0.0,0.0,2.2839,6.0005,0.0,0.7085,B2,word_pos,approvisionner,V,approvisionner,VER
charnier,NOUN,B2,beacco,1.5139,0.3648,0.0,0.0,0.0,1.5139,3.1012,0.0,0.3648,0.0,0.0,0.0,2.2839,6.0005,0.0,0.7085,B2,word_pos,charnier,N,charnier,NOM
léser,VERB,B2,beacco,1.5139,0.3648,0.0,0.0,0.0,1.5139,3.1012,0.0,0.3648,0.0,0.0,0.0,2.2839,6.0005,0.0,0.7085,B2,word_pos,léser,V,léser,VER
minute,ADJ,B2,crf_first_attested,1.5139,0.3648,0.0,0.0,0.0,1.5139,3.1012,0.0,0.3648,,,,,,,,,crf_only,minute,A,,
terrorisme,NOUN,B2,beacco,1.5139,0.3648,0.0,0.0,0.0,1.5139,3.1012,0.0,0.3648,0.0,0.0,0.0,2.2839,6.0005,0.0,0.7085,B2,word_pos,terrorisme,N,terrorisme,NOM
éloquence,NOUN,B2,beacco,1.5139,0.3598,0.0,0.0,0.0,1.5139,2.0505,0.0,0.3598,0.0,0.0,0.0,2.2839,4.139,0.0,0.7167,B2,word_pos,éloquence,N,éloquence,NOM
restitution,NOUN,B2,beacco,1.5139,0.3589,0.0,0.0,0.2366,1.5139,0.0,0.0,0.3589,0.0,0.0,0.438,2.2839,0.0,0.0,0.7115,B2,word_pos,restitution,N,restitution,NOM
anglicisme,NOUN,B2,beacco,1.5139,0.3575,0.0,0.0,0.0,1.5139,1.6042,0.0,0.3575,0.0,0.0,0.0,2.2839,3.4423,0.0,0.7118,B2,word_pos,anglicisme,N,anglicisme,NOM
canular,NOUN,B2,beacco,1.5139,0.3575,0.0,0.0,0.3618,1.5139,0.0,0.0,0.3575,0.0,0.0,0.6378,2.2839,0.0,0.0,0.7068,B2,word_pos,canular,N,canular,NOM
empreindre,VERB,B2,beacco,1.5139,0.3575,0.0,0.0,0.3618,1.5139,0.0,0.0,0.3575,0.0,0.0,0.6378,2.2839,0.0,0.0,0.7068,B2,word_pos,empreindre,V,empreindre,VER
imputable,ADJ,B2,beacco,1.5139,0.3575,0.0,0.0,0.0,1.5139,1.6042,0.0,0.3575,0.0,0.0,0.0,2.2839,3.4423,0.0,0.7118,B2,word_pos,imputable,A,imputable,ADJ
inimaginable,ADJ,B2,beacco,1.5139,0.3575,0.0,0.0,0.3618,1.5139,0.0,0.0,0.3575,0.0,0.0,0.6378,2.2839,0.0,0.0,0.7068,B2,word_pos,inimaginable,A,inimaginable,ADJ
pluralité,NOUN,B2,beacco,1.5139,0.3575,0.0,0.0,0.3618,1.5139,0.0,0.0,0.3575,0.0,0.0,0.6378,2.2839,0.0,0.0,0.7068,B2,word_pos,pluralité,N,pluralité,NOM
salarial,ADJ,B2,beacco,1.5139,0.3489,0.0,0.0,0.2916,1.5139,0.0,0.0,0.3489,0.0,0.0,0.5531,2.2839,0.0,0.0,0.6971,B2,word_pos,salarial,A,salarial,ADJ
sévèrement,ADV,B2,beacco,1.5139,0.3489,0.0,0.0,0.2916,1.5139,0.0,0.0,0.3489,0.0,0.0,0.5531,2.2839,0.0,0.0,0.6971,B2,word_pos,sévèrement,ADV,sévèrement,ADV
frappant,ADJ,B2,beacco,1.5139,0.3475,0.0,0.5168,0.0,1.5139,0.0,0.0,0.3475,0.0,1.0679,0.0,2.2839,6.0005,0.0,1.5336,B2,word_pos,frappant,A,frappant,ADJ
confrère,NOUN,B2,beacco,1.5139,0.3415,0.0,0.0,0.0,1.5139,0.0,9.6228,0.3415,0.0,0.0,0.0,2.2839,0.0,19.328,0.7085,B2,word_pos,confrère,N,confrère,NOM
du fait de,PREP,B2,crf_first_attested,1.5139,0.3415,0.0,0.0,0.0,1.5139,0.0,9.6228,0.3415,,,,,,,,,crf_only,du fait de,PREP,,
micro - entreprise,NOUN,B2,crf_first_attested,1.5139,0.3415,0.0,0.0,0.0,1.5139,0.0,9.6228,0.3415,,,,,,,,,crf_only,micro - entreprise,N,,
bourg,NOUN,B2,beacco,1.5139,0.3314,0.0,0.0,0.6548,1.5139,0.0,0.0,0.3314,0.0,0.0,0.2487,2.2839,0.0,0.0,0.8607,B2,word_pos,bourg,N,bourg,NOM
landau,NOUN,B2,beacco,1.5139,0.3299,0.0,0.4879,0.0,1.5139,0.0,0.0,0.3299,0.0,0.9327,0.0,2.2839,0.0,0.0,0.7976,B2,word_pos,landau,N,landau,NOM
malencontreux,ADJ,B2,beacco,1.5139,0.328,0.0,0.0,0.2076,1.5139,0.0,0.0,0.328,0.0,0.0,0.3906,2.2839,0.0,0.0,0.6595,B2,word_pos,malencontreux,A,malencontreux,ADJ
ponctuer,VERB,B2,beacco,1.5139,0.328,0.0,0.0,0.2076,1.5139,0.0,0.0,0.328,0.0,0.0,0.3906,2.2839,0.0,0.0,0.6595,B2,word_pos,ponctuer,V,ponctuer,VER
affliger,VERB,B2,beacco,1.5139,0.3268,0.0,0.0,0.2041,1.5139,0.0,0.0,0.3268,0.0,0.0,0.4317,2.2839,0.0,0.0,0.6722,B2,word_pos,affliger,V,affliger,VER
vanité,NOUN,B2,beacco,1.5139,0.3268,0.0,0.0,0.2041,1.5139,0.0,0.0,0.3268,0.0,0.0,0.4317,2.2839,0.0,0.0,0.6722,B2,word_pos,vanité,N,vanité,NOM
immensité,NOUN,B2,beacco,1.5139,0.3071,0.0,0.4234,0.0,1.5139,0.0,0.0,0.3071,0.0,0.4157,0.0,2.2839,0.0,0.0,0.5589,B2,word_pos,immensité,N,immensité,NOM
chargement,NOUN,B2,beacco,1.5139,0.2766,0.0,0.2114,0.0,1.5139,0.0,0.0,0.2766,0.0,0.6008,0.0,2.2839,0.0,0.0,0.6864,B2,word_pos,chargement,N,chargement,NOM
effiler,VERB,B2,beacco,1.5139,0.2766,0.0,0.2114,0.0,1.5139,0.0,0.0,0.2766,0.0,0.6008,0.0,2.2839,0.0,0.0,0.6864,B2,word_pos,effiler,V,effiler,VER
régulariser,VERB,B2,beacco,1.5139,0.2762,0.0,0.0,0.1155,1.5139,0.0,0.0,0.2762,0.0,0.0,0.2331,2.2839,0.0,0.0,0.7031,B2,word_pos,régulariser,V,régulariser,VER
idyllique,ADJ,B2,beacco,1.5139,0.2696,0.0,0.0,0.1812,1.5139,0.0,0.0,0.2696,0.0,0.0,0.185,2.2839,0.0,0.0,0.6897,B2,word_pos,idyllique,A,idyllique,ADJ
agrément,NOUN,B2,beacco,1.5139,0.2668,0.5025,0.0,0.0,1.5139,0.0,0.0,0.2668,0.9051,0.0,0.0,2.2839,0.0,0.0,0.6864,B2,word_pos,agrément,N,agrément,NOM
stationnement,NOUN,B2,beacco,1.5139,0.2668,0.5025,0.0,0.0,1.5139,0.0,0.0,0.2668,0.9051,0.0,0.0,2.2839,0.0,0.0,0.6864,B2,word_pos,stationnement,N,stationnement,NOM
maximal,ADJ,B2,beacco,1.5139,0.2655,0.0,0.0,0.3488,1.5139,0.0,0.0,0.2655,0.0,0.0,0.1219,2.2839,0.0,0.0,0.6496,B2,word_pos,maximal,A,maximal,ADJ
déshonneur,NOUN,B2,beacco,1.5139,0.2577,0.7967,0.0,0.0,1.5139,0.0,0.0,0.2577,0.8346,0.0,0.0,2.2839,0.0,0.0,0.5052,B2,word_pos,déshonneur,N,déshonneur,NOM
astronomie,NOUN,B2,beacco,1.5139,0.2414,0.0,0.0,0.0818,1.5139,0.0,0.0,0.2414,0.0,0.0,0.1243,2.2839,0.0,0.0,0.6742,B2,word_pos,astronomie,N,astronomie,NOM
boucherie,NOUN,B2,beacco,1.5139,0.2111,0.0,0.1103,0.0,1.5139,0.0,0.0,0.2111,0.0,0.2129,0.0,2.2839,0.0,0.0,0.6179,B2,word_pos,boucherie,N,boucherie,NOM
anonymation,NOUN,B2,crf_first_attested,1.5139,0.0346,0.0,0.0,0.0,1.5139,0.0,0.0,0.0346,,,,,,,,,crf_only,anonymation,N,,
anonymer,VERB,B2,crf_first_attested,1.5139,0.0346,0.0,0.0,0.0,1.5139,0.0,0.0,0.0346,,,,,,,,,crf_only,anonymer,V,,
anonymés,VERB,B2,crf_first_attested,1.5139,0.0346,0.0,0.0,0.0,1.5139,0.0,0.0,0.0346,,,,,,,,,crf_only,anonymés,V,,
appartenances,NOUN,B2,crf_first_attested,1.5139,0.0346,0.0,0.0,0.0,1.5139,0.0,0.0,0.0346,,,,,,,,,crf_only,appartenances,N,,
attrait,NOUN,B2,beacco,1.5139,0.0346,0.0,0.0,0.0,1.5139,0.0,0.0,0.0346,0.9051,0.0,0.0,2.2839,0.0,0.0,0.6864,B2,word_pos,attrait,N,attrait,NOM
aujourd'hui que,CONJ,B2,crf_first_attested,1.5139,0.0346,0.0,0.0,0.0,1.5139,0.0,0.0,0.0346,,,,,,,,,crf_only,aujourd'hui que,CONJS,,
auteure,NOUN,B2,crf_first_attested,1.5139,0.0346,0.0,0.0,0.0,1.5139,0.0,0.0,0.0346,,,,,,,,,crf_only,auteure,N,,
autosaisir,VERB,B2,crf_first_attested,1.5139,0.0346,0.0,0.0,0.0,1.5139,0.0,0.0,0.0346,,,,,,,,,crf_only,autosaisir,V,,
autour de soi,PREP,B2,crf_first_attested,1.5139,0.0346,0.0,0.0,0.0,1.5139,0.0,0.0,0.0346,,,,,,,,,crf_only,autour de soi,PREP,,
barbelé,ADJ,B2,crf_first_attested,1.5139,0.0346,0.0,0.0,0.0,1.5139,0.0,0.0,0.0346,,,,,,,,,crf_only,barbelé,A,,
blog,ADJ,B2,crf_first_attested,1.5139,0.0346,0.0,0.0,0.0,1.5139,0.0,0.0,0.0346,,,,,,,,,crf_only,blog,A,,
child,X,B2,crf_first_attested,1.5139,0.0346,0.0,0.0,0.0,1.5139,0.0,0.0,0.0346,,,,,,,,,crf_only,child,X,,
classe affaires,NOUN,B2,crf_first_attested,1.5139,0.0346,0.0,0.0,0.0,1.5139,0.0,0.0,0.0346,,,,,,,,,crf_only,classe affaires,N,,
conformément,ADV,B2,crf_first_attested,1.5139,0.0346,0.0,0.0,0.0,1.5139,0.0,0.0,0.0346,,,,,,,,,crf_only,conformément,ADV,,
conster,VERB,B2,crf_first_attested,1.5139,0.0346,0.0,0.0,0.0,1.5139,0.0,0.0,0.0346,,,,,,,,,crf_only,conster,V,,
contrario,NOUN,B2,crf_first_attested,1.5139,0.0346,0.0,0.0,0.0,1.5139,0.0,0.0,0.0346,,,,,,,,,crf_only,contrario,N,,
criblé,ADJ,B2,crf_first_attested,1.5139,0.0346,0.0,0.0,0.0,1.5139,0.0,0.0,0.0346,,,,,,,,,crf_only,criblé,A,,
dans l' absolu,ADV,B2,crf_first_attested,1.5139,0.0346,0.0,0.0,0.0,1.5139,0.0,0.0,0.0346,,,,,,,,,crf_only,dans l' absolu,ADV,,
dans l' espoir de,PREP,B2,crf_first_attested,1.5139,0.0346,0.0,0.0,0.0,1.5139,0.0,0.0,0.0346,,,,,,,,,crf_only,dans l' espoir de,PREP,,
de a,PREP,B2,crf_first_attested,1.5139,0.0346,0.0,0.0,0.0,1.5139,0.0,0.0,0.0346,,,,,,,,,crf_only,de a,PREP,,
de bon sens,ADV,B2,crf_first_attested,1.5139,0.0346,0.0,0.0,0.0,1.5139,0.0,0.0,0.0346,,,,,,,,,crf_only,de bon sens,ADV,,
de chez soi,ADV,B2,crf_first_attested,1.5139,0.0346,0.0,0.0,0.0,1.5139,0.0,0.0,0.0346,,,,,,,,,crf_only,de chez soi,ADV,,
dejà,ADV,B2,crf_first_attested,1.5139,0.0346,0.0,0.0,0.0,1.5139,0.0,0.0,0.0346,,,,,,,,,crf_only,dejà,ADV,,
disciminations,NOUN,B2,crf_first_attested,1.5139,0.0346,0.0,0.0,0.0,1.5139,0.0,0.0,0.0346,,,,,,,,,crf_only,disciminations,N,,
douteux,ADJ,B2,beacco,1.5139,0.0346,0.0,0.0,0.0,1.5139,0.0,0.0,0.0346,0.0,0.0,0.5531,2.2839,0.0,0.0,0.6971,B2,word_pos,douteux,A,douteux,ADJ
dur de,PREP,B2,crf_first_attested,1.5139,0.0346,0.0,0.0,0.0,1.5139,0.0,0.0,0.0346,,,,,,,,,crf_only,dur de,PREP,,
délégué,ADJ,B2,crf_first_attested,1.5139,0.0346,0.0,0.0,0.0,1.5139,0.0,0.0,0.0346,,,,,,,,,crf_only,délégué,A,,
en local,ADV,B2,crf_first_attested,1.5139,0.0346,0.0,0.0,0.0,1.5139,0.0,0.0,0.0346,,,,,,,,,crf_only,en local,ADV,,
en pratique,ADV,B2,crf_first_attested,1.5139,0.0346,0.0,0.0,0.0,1.5139,0.0,0.0,0.0346,,,,,,,,,crf_only,en pratique,ADV,,
en quoi du,PREP,B2,crf_first_attested,1.5139,0.0346,0.0,0.0,0.0,1.5139,0.0,0.0,0.0346,,,,,,,,,crf_only,en quoi du,PREP,,
encyclopédie,NOUN,B2,beacco,1.5139,0.0346,0.0,0.0,0.0,1.5139,0.0,0.0,0.0346,0.0,0.0,0.438,2.2839,6.0005,0.0,1.5662,B2,word_pos,encyclopédie,N,encyclopédie,NOM
envers,NOUN,B2,beacco,1.5139,0.0346,0.0,0.0,0.0,1.5139,0.0,0.0,0.0346,0.0,0.0,6.3292,11.8675,12.0009,0.0,5.5623,B2,word_pos,envers,N,envers,NOM
euroméditerranéenne,ADJ,B2,crf_first_attested,1.5139,0.0346,0.0,0.0,0.0,1.5139,0.0,0.0,0.0346,,,,,,,,,crf_only,euroméditerranéenne,A,,
explosif,NOUN,B2,crf_first_attested,1.5139,0.0346,0.0,0.0,0.0,1.5139,0.0,0.0,0.0346,,,,,,,,,crf_only,explosif,N,,
extras,ADJ,B2,crf_first_attested,1.5139,0.0346,0.0,0.0,0.0,1.5139,0.0,0.0,0.0346,,,,,,,,,crf_only,extras,A,,
flash - back,ADJ,B2,crf_first_attested,1.5139,0.0346,0.0,0.0,0.0,1.5139,0.0,0.0,0.0346,,,,,,,,,crf_only,flash - back,A,,
force,ADJ,B2,crf_first_attested,1.5139,0.0346,0.0,0.0,0.0,1.5139,0.0,0.0,0.0346,,,,,,,,,crf_only,force,A,,
grandeurs,NOUN,B2,crf_first_attested,1.5139,0.0346,0.0,0.0,0.0,1.5139,0.0,0.0,0.0346,,,,,,,,,crf_only,grandeurs,N,,
générationnel,ADJ,B2,crf_first_attested,1.5139,0.0346,0.0,0.0,0.0,1.5139,0.0,0.0,0.0346,,,,,,,,,crf_only,générationnel,A,,
halde,NOUN,B2,crf_first_attested,1.5139,0.0346,0.0,0.0,0.0,1.5139,0.0,0.0,0.0346,,,,,,,,,crf_only,halde,N,,
hard,ADJ,B2,crf_first_attested,1.5139,0.0346,0.0,0.0,0.0,1.5139,0.0,0.0,0.0346,,,,,,,,,crf_only,hard,A,,
hoax,NOUN,B2,crf_first_attested,1.5139,0.0346,0.0,0.0,0.0,1.5139,0.0,0.0,0.0346,,,,,,,,,crf_only,hoax,N,,
interro,NOUN,B2,crf_first_attested,1.5139,0.0346,0.0,0.0,0.0,1.5139,0.0,0.0,0.0346,,,,,,,,,crf_only,interro,N,,
juger,NOUN,B2,crf_first_attested,1.5139,0.0346,0.0,0.0,0.0,1.5139,0.0,0.0,0.0346,,,,,,,,,crf_only,juger,N,,
jusqu' au sommet,ADV,B2,crf_first_attested,1.5139,0.0346,0.0,0.0,0.0,1.5139,0.0,0.0,0.0346,,,,,,,,,crf_only,jusqu' au sommet,ADV,,
laptop,X,B2,crf_first_attested,1.5139,0.0346,0.0,0.0,0.0,1.5139,0.0,0.0,0.0346,,,,,,,,,crf_only,laptop,X,,
mafieux,ADJ,B2,crf_first_attested,1.5139,0.0346,0.0,0.0,0.0,1.5139,0.0,0.0,0.0346,,,,,,,,,crf_only,mafieux,A,,
médiéviste,ADJ,B2,crf_first_attested,1.5139,0.0346,0.0,0.0,0.0,1.5139,0.0,0.0,0.0346,,,,,,,,,crf_only,médiéviste,A,,
oque,NOUN,B2,crf_first_attested,1.5139,0.0346,0.0,0.0,0.0,1.5139,0.0,0.0,0.0346,,,,,,,,,crf_only,oque,N,,
papas,NOUN,B2,crf_first_attested,1.5139,0.0346,0.0,0.0,0.0,1.5139,0.0,0.0,0.0346,,,,,,,,,crf_only,papas,N,,
per,X,B2,crf_first_attested,1.5139,0.0346,0.0,0.0,0.0,1.5139,0.0,0.0,0.0346,,,,,,,,,crf_only,per,X,,
plus de présent,ADV,B2,crf_first_attested,1.5139,0.0346,0.0,0.0,0.0,1.5139,0.0,0.0,0.0346,,,,,,,,,crf_only,plus de présent,ADV,,
plus partie,ADV,B2,crf_first_attested,1.5139,0.0346,0.0,0.0,0.0,1.5139,0.0,0.0,0.0346,,,,,,,,,crf_only,plus partie,ADV,,
pour de bon,ADV,B2,crf_first_attested,1.5139,0.0346,0.0,0.0,0.0,1.5139,0.0,0.0,0.0346,,,,,,,,,crf_only,pour de bon,ADV,,
pourvoyeur,NOUN,B2,beacco,1.5139,0.0346,0.0,0.0,0.0,1.5139,0.0,0.0,0.0346,0.0,0.0,0.0,2.2839,4.139,0.0,0.7167,B2,word_pos,pourvoyeur,N,pourvoyeur,NOM
retrait,NOUN,B2,beacco,1.5139,0.0346,0.0,0.0,0.0,1.5139,0.0,0.0,0.0346,0.0,0.0,0.4317,2.2839,0.0,0.0,0.6722,B2,word_pos,retrait,N,retrait,NOM
screen,X,B2,crf_first_attested,1.5139,0.0346,0.0,0.0,0.0,1.5139,0.0,0.0,0.0346,,,,,,,,,crf_only,screen,X,,
sous le coup de,PREP,B2,crf_first_attested,1.5139,0.0346,0.0,0.0,0.0,1.5139,0.0,0.0,0.0346,,,,,,,,,crf_only,sous le coup de,PREP,,
sous réserve que,CONJ,B2,crf_first_attested,1.5139,0.0346,0.0,0.0,0.0,1.5139,0.0,0.0,0.0346,,,,,,,,,crf_only,sous réserve que,CONJS,,
séquencer,VERB,B2,crf_first_attested,1.5139,0.0346,0.0,0.0,0.0,1.5139,0.0,0.0,0.0346,,,,,,,,,crf_only,séquencer,V,,
taïwanais,NOUN,B2,crf_first_attested,1.5139,0.0346,0.0,0.0,0.0,1.5139,0.0,0.0,0.0346,,,,,,,,,crf_only,taïwanais,N,,
tout - petits,NOUN,B2,crf_first_attested,1.5139,0.0346,0.0,0.0,0.0,1.5139,0.0,0.0,0.0346,,,,,,,,,crf_only,tout - petits,N,,
transversale,NOUN,B2,crf_first_attested,1.5139,0.0346,0.0,0.0,0.0,1.5139,0.0,0.0,0.0346,,,,,,,,,crf_only,transversale,N,,
varsovie,NOUN,B2,crf_first_attested,1.5139,0.0346,0.0,0.0,0.0,1.5139,0.0,0.0,0.0346,,,,,,,,,crf_only,varsovie,N,,
vide - grenier,NOUN,B2,crf_first_attested,1.5139,0.0346,0.0,0.0,0.0,1.5139,0.0,0.0,0.0346,,,,,,,,,crf_only,vide - grenier,N,,
viticulteur,NOUN,B2,beacco,1.5139,0.0346,0.0,0.0,0.0,1.5139,0.0,0.0,0.0346,0.0,0.0,0.0,2.2839,3.4423,0.0,0.7118,B2,word_pos,viticulteur,N,viticulteur,NOM
zappée,NOUN,B2,crf_first_attested,1.5139,0.0346,0.0,0.0,0.0,1.5139,0.0,0.0,0.0346,,,,,,,,,crf_only,zappée,N,,
à l' image de,PREP,B2,crf_first_attested,1.5139,0.0346,0.0,0.0,0.0,1.5139,0.0,0.0,0.0346,,,,,,,,,crf_only,à l' image de,PREP,,
à plein - temps,ADV,B2,crf_first_attested,1.5139,0.0346,0.0,0.0,0.0,1.5139,0.0,0.0,0.0346,,,,,,,,,crf_only,à plein - temps,ADV,,
à tort,ADV,B2,crf_first_attested,1.5139,0.0346,0.0,0.0,0.0,1.5139,0.0,0.0,0.0346,,,,,,,,,crf_only,à tort,ADV,,
ème,NOUN,B2,crf_first_attested,1.5139,0.0346,0.0,0.0,0.0,1.5139,0.0,0.0,0.0346,,,,,,,,,crf_only,ème,N,,
protection,NOUN,B2,beacco,1.4125,35.3551,6.9807,0.2439,66.3983,1.4125,120.6955,19.4814,35.3551,1.6691,0.4664,63.9901,2.5411,86.6209,38.4989,33.357,B2,word_pos,protection,N,protection,NOM
mondialisation,NOUN,B2,beacco,1.4125,23.4438,1.3242,0.4234,13.0692,1.4125,128.0257,19.4814,23.4438,1.2635,0.4157,10.2528,2.5411,64.8804,12.833,16.2309,B2,word_pos,mondialisation,N,mondialisation,NOM
climatique,ADJ,B2,beacco,1.4125,23.3881,0.0,0.0,29.4985,1.4125,90.4798,144.0832,23.3881,0.0,0.0,19.9155,2.5411,160.5493,95.2552,23.9896,B2,word_pos,climatique,A,climatique,ADJ
médiatique,ADJ,B2,beacco,1.4125,12.9797,0.0,0.0,7.8571,1.4125,51.5512,259.8143,12.9797,0.0,0.0,9.5828,1.2705,40.0479,309.2479,18.5352,B2,word_pos,médiatique,A,médiatique,ADJ
rupture,NOUN,B2,beacco,1.4125,12.9612,0.0,0.8468,8.5595,1.4125,54.7585,48.1138,12.9612,0.0,0.4157,12.2308,2.5411,79.4873,77.312,17.375,B2,word_pos,rupture,N,rupture,NOM
racisme,NOUN,B2,beacco,1.4125,9.1743,0.0,0.0,6.3672,1.4125,89.7746,0.0,9.1743,0.0,0.0,9.8344,1.2705,121.9662,0.0,13.5547,B2,word_pos,racisme,N,racisme,NOM
compromis,NOUN,B2,beacco,1.4125,6.8828,0.0,0.0,0.7097,1.4125,24.3636,125.573,6.8828,0.0,0.0,0.438,1.2705,31.3781,38.4989,5.0415,B2,word_pos,compromis,N,compromis,NOM
bénévole,NOUN,B2,beacco,1.4125,6.4944,0.0,0.0,16.0359,1.4125,12.4046,0.0,6.4944,0.0,0.0,7.7393,1.2705,18.0014,0.0,5.2513,B2,word_pos,bénévole,N,bénévole,NOM
hiérarchie,NOUN,B2,beacco,1.4125,5.9945,0.0,0.6418,12.7387,1.4125,0.0,19.2455,5.9945,0.0,0.6228,12.2805,2.5411,0.0,38.656,7.502,B2,word_pos,hiérarchie,N,hiérarchie,NOM
inéluctable,ADJ,B2,beacco,1.4125,5.8807,0.0,0.0,22.1201,1.4125,0.0,0.0,5.8807,0.0,0.0,12.3897,1.2705,0.0,0.0,3.6165,B2,word_pos,inéluctable,A,inéluctable,ADJ
scandinave,ADJ,B2,beacco,1.4125,5.0337,0.0,2.8783,3.6181,1.4125,2.0505,0.0,5.0337,0.0,0.6228,2.5512,1.2705,4.139,0.0,3.8943,B2,word_pos,scandinave,A,scandinave,ADJ
centrer,VERB,B2,beacco,1.4125,4.7991,0.0,0.3702,0.2405,1.4125,46.9279,0.0,4.7991,0.0,0.606,0.4665,1.2705,33.4475,0.0,4.8996,B2,word_pos,centrer,V,centrer,VER
neurone,NOUN,B2,beacco,1.4125,4.7541,0.0,0.0,0.0,1.4125,20.4505,250.1916,4.7541,0.0,0.0,0.0,1.2705,6.0005,328.5759,6.3239,B2,word_pos,neurone,N,neurone,NOM
bercer,VERB,B2,beacco,1.4125,4.4584,0.0,0.7405,11.0349,1.4125,0.0,0.0,4.4584,0.0,0.606,7.5506,1.2705,0.0,0.0,3.6096,B2,word_pos,bercer,V,bercer,VER
infini,ADJ,B2,beacco,1.4125,4.3942,1.005,0.0,2.618,1.4125,24.7899,0.0,4.3942,1.8101,0.0,3.5058,1.2705,20.6179,0.0,5.2634,B2,word_pos,infini,A,infini,ADJ
lot,NOUN,B2,beacco,1.4125,4.3421,0.0,0.2439,3.6478,1.4125,1.6042,25.9752,4.3421,0.0,0.4664,3.5051,2.5411,3.4423,25.6659,6.1552,B2,word_pos,lot,N,lot,NOM
estime,NOUN,B2,beacco,1.4125,4.087,0.0,0.0,2.9623,1.4125,3.2084,32.4689,4.087,0.0,0.606,3.4815,1.2705,19.861,56.7717,6.8768,B2,word_pos,estime,N,estime,NOM
accompagnement,NOUN,B2,beacco,1.4125,3.955,0.0,0.0,4.5298,1.4125,19.6975,0.0,3.955,0.0,0.0,6.4076,2.5411,26.3397,0.0,5.9075,B2,word_pos,accompagnement,N,accompagnement,NOM
migration,NOUN,B2,beacco,1.4125,3.8255,0.0,0.0,0.6802,1.4125,41.0675,0.0,3.8255,0.0,0.0,0.5857,1.2705,31.3781,0.0,3.1876,B2,word_pos,migration,N,migration,NOM
nuisance,NOUN,B2,beacco,1.4125,3.618,0.0,0.0,7.5661,1.4125,0.0,12.9876,3.618,0.0,0.0,8.5256,1.2705,0.0,12.833,4.0556,B2,word_pos,nuisance,N,nuisance,NOM
collectif,NOUN,B2,beacco,1.4125,3.3744,0.0,0.4879,4.3398,1.4125,1.6042,0.0,3.3744,0.0,0.4664,0.0,1.2705,0.0,0.0,0.6634,B2,word_pos,collectif,N,collectif,NOM
poussée,NOUN,B2,beacco,1.4125,3.3294,0.0,0.3918,2.0759,1.4125,0.0,0.0,3.3294,0.0,0.1865,0.7812,1.2705,0.0,0.0,1.7739,B2,word_pos,poussée,N,poussée,NOM
grain,NOUN,B2,beacco,1.4125,2.9853,0.0,0.0,8.9317,1.4125,0.0,0.0,2.9853,0.7319,0.0,7.4697,1.2705,4.139,0.0,5.4021,B2,word_pos,grain,N,grain,NOM
démissionner,VERB,B2,beacco,1.4125,2.9651,1.3242,0.0,1.9492,1.4125,4.101,0.0,2.9651,1.2635,0.0,2.9905,2.5411,4.139,0.0,3.9341,B2,word_pos,démissionner,V,démissionner,VER
étrenne,NOUN,B2,beacco,1.4125,2.9138,0.0,0.0,3.6181,1.4125,6.2023,0.0,2.9138,0.0,0.0,2.5512,1.2705,0.0,0.0,1.5719,B2,word_pos,étrenne,N,étrenne,NOM
racheter,VERB,B2,beacco,1.4125,2.7309,0.0,0.0,5.2096,1.4125,0.0,4.1173,2.7309,0.0,0.0,7.6379,2.5411,0.0,4.0185,3.9933,B2,word_pos,racheter,V,racheter,VER
vestimentaire,ADJ,B2,beacco,1.4125,2.7198,0.5025,0.0,5.1078,1.4125,0.0,0.0,2.7198,0.9051,0.0,3.6369,1.2705,0.0,0.0,2.5161,B2,word_pos,vestimentaire,A,vestimentaire,ADJ
domination,NOUN,B2,beacco,1.4125,2.6857,0.0,0.0,0.2076,1.4125,1.6042,56.9312,2.6857,0.0,0.0,0.3906,1.2705,3.4423,56.7717,3.4739,B2,word_pos,domination,N,domination,NOM
stresser,VERB,B2,beacco,1.4125,2.5977,0.0,0.0,4.195,1.4125,6.2023,0.0,2.5977,0.0,0.0,5.4335,2.5411,6.0005,0.0,3.3295,B2,word_pos,stresser,V,stresser,VER
surpris,ADJ,B2,beacco,1.4125,2.5659,2.2771,0.5897,0.0698,1.4125,0.0,0.0,2.5659,0.0,0.0,2.9206,1.2705,0.0,0.0,1.5028,B2,word_pos,surpris,A,surpris,ADJ
bistro,NOUN,B2,beacco,1.4125,2.496,0.0,0.0,7.5955,1.4125,0.0,0.0,2.496,0.0,0.0,0.185,1.2705,0.0,0.0,0.6635,B2,word_pos,bistro,N,bistro,NOM
festif,ADJ,B2,beacco,1.4125,2.3492,0.0,0.0,7.2036,1.4125,0.0,0.0,2.3492,0.0,0.0,10.5047,2.5411,0.0,0.0,4.1505,B2,word_pos,festif,A,festif,ADJ
rebelle,NOUN,B2,beacco,1.4125,2.3078,0.0,0.7405,1.7859,1.4125,3.1012,0.0,2.3078,0.0,0.606,0.3906,2.5411,6.0005,0.0,2.7916,B2,word_pos,rebelle,N,rebelle,NOM
préservation,NOUN,B2,beacco,1.4125,2.2403,0.2652,0.3702,0.6802,1.4125,2.0505,0.0,2.2403,0.4856,0.606,0.5857,2.5411,4.139,0.0,3.5626,B2,word_pos,préservation,N,préservation,NOM
militant,ADJ,B2,beacco,1.4125,1.8621,0.0,0.0,4.9115,1.4125,0.0,0.0,1.8621,0.0,0.4664,6.9541,1.2705,4.139,0.0,4.0527,B2,word_pos,militant,A,militant,ADJ
tapage,NOUN,B2,beacco,1.4125,1.7839,0.0,0.0,1.808,1.4125,0.0,19.2455,1.7839,0.0,0.0,3.4815,1.2705,0.0,19.328,2.4265,B2,word_pos,tapage,N,tapage,NOM
éraillé,ADJ,B2,beacco,1.4125,1.7823,0.0,0.7405,0.0,1.4125,4.8126,0.0,1.7823,0.0,0.606,0.0,1.2705,0.0,0.0,0.6658,B2,word_pos,éraillé,A,éraillé,ADJ
opter,VERB,B2,beacco,1.4125,1.7564,0.0,0.0,0.7236,1.4125,1.6042,6.4938,1.7564,0.0,0.0,0.6378,1.2705,3.4423,12.833,2.4738,B2,word_pos,opter,V,opter,VER
parution,NOUN,B2,beacco,1.4125,1.6897,0.0,0.0,2.2969,1.4125,1.6042,0.0,1.6897,0.0,0.0,3.3478,1.2705,3.4423,0.0,2.4681,B2,word_pos,parution,N,parution,NOM
live,ADJ,B2,beacco,1.4125,1.5796,0.0,0.0,2.4046,1.4125,0.0,0.0,1.5796,0.0,0.0,0.933,1.2705,0.0,0.0,0.9783,B2,word_pos,live,A,live,ADJ
solitaire,NOUN,B2,beacco,1.4125,1.4302,0.0,0.0,3.513,1.4125,0.0,0.0,1.4302,0.0,0.0,2.2924,1.2705,0.0,12.833,1.9058,B2,word_pos,solitaire,N,solitaire,NOM
adjoint,ADJ,B2,crf_first_attested,1.4125,1.4191,0.0,0.0,0.0,1.4125,3.1012,32.4689,1.4191,,,,,,,,,crf_only,adjoint,A,,
