word,pos,assigned_cefr,level_source,assigned_level_frequency,total_frequency,crf_A1,crf_A2,crf_B1,crf_B2,crf_C1,crf_C2,crf_total,beacco_A1,beacco_A2,beacco_B1,beacco_B2,beacco_C1,beacco_C2,beacco_total,beacco_level,match_method,crf_word,crf_pos,beacco_word,beacco_pos
anesthésiste,NOUN,C1,beacco,124.0461,2.184,0.0,0.0,0.0,0.0,124.0461,0.0,2.184,0.0,0.0,0.0,0.0,18.0014,0.0,0.4293,C1,word_pos,anesthésiste,N,anesthésiste,NOM
anglais,NOUN,C1,beacco,97.0173,184.0428,162.7524,214.7912,107.0186,285.9813,97.0173,86.6048,184.0428,0.0,0.0,0.0,4.5679,0.0,0.0,0.1228,C1,word_pos,anglais,N,anglais,NOM
nerfs,NOUN,C1,crf_first_attested,84.9003,2.8611,0.0,0.0,0.0,0.0,84.9003,0.0,2.8611,,,,,,,,,crf_only,nerfs,N,,
élevé,ADJ,C1,beacco,67.0663,32.1661,0.0,23.296,31.6586,16.3014,67.0663,160.2527,32.1661,0.0,0.0,0.0,0.0,3.4423,0.0,0.0657,C1,word_pos,élevé,A,élevé,ADJ
illustré,ADJ,C1,beacco,52.1292,2.6307,0.0,0.0,0.3618,0.0,52.1292,0.0,2.6307,0.0,0.0,0.0,0.0,6.0005,0.0,0.1431,C1,word_pos,illustré,A,illustré,ADJ
ciblé,ADJ,C1,crf_first_attested,45.0494,1.5973,0.0,0.0,0.0,0.0,45.0494,0.0,1.5973,,,,,,,,,crf_only,ciblé,A,,
fermé,ADJ,C1,beacco,43.6353,24.7854,17.1044,27.0583,1.0854,55.2415,43.6353,0.0,24.7854,0.0,0.0,0.0,3.5867,0.0,0.0,0.0964,C1,word_pos,fermé,A,fermé,ADJ
remplier,VERB,C1,beacco,41.5144,7.155,0.0,4.8012,2.952,0.0,41.5144,9.6228,7.155,0.0,0.0,0.0,0.0,6.0005,0.0,0.1431,C1,word_pos,remplier,V,remplier,VER
ne point,ADV,C1,crf_first_attested,40.3921,1.2789,0.0,0.0,0.0,0.0,40.3921,0.0,1.2789,,,,,,,,,crf_only,ne point,ADV,,
de l' ordre de,PREP,C1,crf_first_attested,38.9993,3.178,0.0,0.0,0.0,0.0,38.9993,48.0277,3.178,,,,,,,,,crf_only,de l' ordre de,PREP,,
antibiotique,ADJ,C1,beacco,38.9592,0.6859,0.0,0.0,0.0,0.0,38.9592,0.0,0.6859,0.0,0.0,0.0,0.0,12.4171,0.0,0.2926,C1,word_pos,antibiotique,A,antibiotique,ADJ
ondes,NOUN,C1,crf_first_attested,37.2138,3.5817,0.0,0.0,0.0,0.0,37.2138,39.0192,3.5817,,,,,,,,,crf_only,ondes,N,,
addiction,NOUN,C1,crf_first_attested,36.9099,1.3625,0.0,0.0,0.0,0.0,36.9099,0.0,1.3625,,,,,,,,,crf_only,addiction,N,,
biocarburant,NOUN,C1,crf_first_attested,31.0115,2.4505,0.0,0.0,0.0,0.0,31.0115,19.4814,2.4505,,,,,,,,,crf_only,biocarburant,N,,
annulaire,NOUN,C1,beacco,31.0115,0.546,0.0,0.0,0.0,0.0,31.0115,0.0,0.546,0.0,0.0,0.0,0.0,12.0009,0.0,0.2862,C1,word_pos,annulaire,N,annulaire,NOM
exemplarité,NOUN,C1,beacco,31.0115,0.546,0.0,0.0,0.0,0.0,31.0115,0.0,0.546,0.0,0.0,0.0,0.0,12.0009,0.0,0.2862,C1,word_pos,exemplarité,N,exemplarité,NOM
biométrie,NOUN,C1,beacco,27.9104,0.4914,0.0,0.0,0.0,0.0,27.9104,0.0,0.4914,0.0,0.0,0.0,0.0,12.0009,0.0,0.2862,C1,word_pos,biométrie,N,biométrie,NOM
expérimentateur,NOUN,C1,beacco,27.9104,0.4914,0.0,0.0,0.0,0.0,27.9104,0.0,0.4914,0.0,0.0,0.0,0.0,18.0014,0.0,0.4293,C1,word_pos,expérimentateur,N,expérimentateur,NOM
neutron,NOUN,C1,beacco,27.9104,0.4914,0.0,0.0,0.0,0.0,27.9104,0.0,0.4914,0.0,0.0,0.0,0.0,18.0014,0.0,0.4293,C1,word_pos,neutron,N,neutron,NOM
supraconductivité,NOUN,C1,beacco,27.9104,0.4914,0.0,0.0,0.0,0.0,27.9104,0.0,0.4914,0.0,0.0,0.0,0.0,18.0014,0.0,0.4293,C1,word_pos,supraconductivité,N,supraconductivité,NOM
le temps du,PREP,C1,crf_first_attested,27.7392,0.9498,0.0,0.0,0.0,0.0,27.7392,0.0,0.9498,,,,,,,,,crf_only,le temps du,PREP,,
à terme,ADV,C1,crf_first_attested,27.2438,2.5341,0.0,0.0,0.0,0.0,27.2438,38.491,2.5341,,,,,,,,,crf_only,à terme,ADV,,
au point,ADV,C1,crf_first_attested,26.7495,0.9865,0.0,0.0,0.0,0.0,26.7495,0.0,0.9865,,,,,,,,,crf_only,au point,ADV,,
détecteur,NOUN,C1,beacco,25.7756,0.9433,0.0,0.0,0.0,0.0,25.7756,0.0,0.9433,0.0,0.0,0.0,0.0,6.0005,0.0,0.1431,C1,word_pos,détecteur,N,détecteur,NOM
réversible,ADJ,C1,beacco,24.8092,1.8358,0.0,0.0,0.0,0.0,24.8092,19.2455,1.8358,0.0,0.0,0.0,0.0,12.0009,19.328,0.4293,C1,word_pos,réversible,A,réversible,ADJ
irréparable,ADJ,C1,beacco,24.8092,0.4368,0.0,0.0,0.0,0.0,24.8092,0.0,0.4368,0.0,0.0,0.0,0.0,18.0014,0.0,0.4293,C1,word_pos,irréparable,A,irréparable,ADJ
muqueuse,NOUN,C1,beacco,24.8092,0.4368,0.0,0.0,0.0,0.0,24.8092,0.0,0.4368,0.0,0.0,0.0,0.0,12.0009,19.328,0.4293,C1,word_pos,muqueuse,N,muqueuse,NOM
spectre,NOUN,C1,beacco,24.8092,0.4368,0.0,0.0,0.0,0.0,24.8092,0.0,0.4368,0.0,0.0,0.0,0.0,12.0009,0.0,0.2862,C1,word_pos,spectre,N,spectre,NOM
étendu,ADJ,C1,crf_first_attested,24.8092,0.4368,0.0,0.0,0.0,0.0,24.8092,0.0,0.4368,,,,,,,,,crf_only,étendu,A,,
contingences,NOUN,C1,crf_first_attested,24.7899,0.8564,0.0,0.0,0.0,0.0,24.7899,0.0,0.8564,,,,,,,,,crf_only,contingences,N,,
au fur et à mesure du,PREP,C1,crf_first_attested,24.6958,0.8848,0.0,0.0,0.0,0.0,24.6958,0.0,0.8848,,,,,,,,,crf_only,au fur et à mesure du,PREP,,
contrôlé,ADJ,C1,crf_first_attested,24.3636,0.8538,0.0,0.0,0.0,0.0,24.3636,0.0,0.8538,,,,,,,,,crf_only,contrôlé,A,,
extrémités,NOUN,C1,crf_first_attested,23.464,0.8657,0.0,0.0,0.0,0.0,23.464,0.0,0.8657,,,,,,,,,crf_only,extrémités,N,,
reculé,ADJ,C1,beacco,23.2672,0.8095,0.0,0.0,0.0,0.0,23.2672,0.0,0.8095,0.0,0.0,0.0,0.0,3.4423,0.0,0.0657,C1,word_pos,reculé,A,reculé,ADJ
d' aucuns,PRON,C1,crf_first_attested,21.8856,1.6273,0.0,0.0,0.0,0.0,21.8856,12.9876,1.6273,,,,,,,,,crf_only,d' aucuns,PRO,,
contrefaçon,NOUN,C1,beacco,21.7081,0.3822,0.0,0.0,0.0,0.0,21.7081,0.0,0.3822,0.0,0.0,0.0,0.0,12.0009,0.0,0.2862,C1,word_pos,contrefaçon,N,contrefaçon,NOM
épineux,ADJ,C1,beacco,21.7081,0.3822,0.0,0.0,0.0,0.0,21.7081,0.0,0.3822,0.0,0.0,0.0,0.0,12.0009,0.0,0.2862,C1,word_pos,épineux,A,épineux,ADJ
asiatique,NOUN,C1,beacco,20.5049,2.9228,0.0,0.0,4.0055,0.0,20.5049,0.0,2.9228,0.0,0.0,0.0,0.0,6.0005,0.0,0.1431,C1,word_pos,asiatique,N,asiatique,NOM
en droit,ADV,C1,crf_first_attested,19.6975,0.7238,0.0,0.0,0.0,0.0,19.6975,0.0,0.7238,,,,,,,,,crf_only,en droit,ADV,,
faire miner,VERB,C1,crf_first_attested,19.6975,0.7238,0.0,0.0,0.0,0.0,19.6975,0.0,0.7238,,,,,,,,,crf_only,faire miner,V,,
à l' encontre de,PREP,C1,crf_first_attested,19.6975,0.7238,0.0,0.0,0.0,0.0,19.6975,0.0,0.7238,,,,,,,,,crf_only,à l' encontre de,PREP,,
octet,NOUN,C1,beacco,19.2505,0.399,0.0,0.0,0.0,0.0,19.2505,0.0,0.399,0.0,0.0,0.0,0.0,10.3269,0.0,0.1972,C1,word_pos,octet,N,octet,NOM
transistor,NOUN,C1,beacco,19.2505,0.399,0.0,0.0,0.0,0.0,19.2505,0.0,0.399,0.0,0.0,0.0,0.0,10.3269,0.0,0.1972,C1,word_pos,transistor,N,transistor,NOM
verrier,ADJ,C1,beacco,19.2505,0.399,0.0,0.0,0.0,0.0,19.2505,0.0,0.399,0.0,0.0,0.0,0.0,6.8846,0.0,0.1315,C1,word_pos,verrier,A,verrier,ADJ
totalité,NOUN,C1,beacco,18.7334,2.6079,0.0,0.1103,0.8749,0.0,18.7334,0.0,2.6079,0.0,0.0,0.0,0.0,10.3269,0.0,0.1972,C1,word_pos,totalité,N,totalité,NOM
réflexe,ADJ,C1,beacco,18.6069,3.5653,0.0,0.1235,1.9237,0.0,18.6069,0.0,3.5653,0.0,0.0,0.0,0.0,12.0009,0.0,0.2862,C1,word_pos,réflexe,A,réflexe,ADJ
culpabilité,NOUN,C1,beacco,18.6069,1.8068,0.0,0.0,0.0,0.0,18.6069,38.491,1.8068,0.0,0.0,0.0,0.0,6.0005,38.656,0.4293,C1,word_pos,culpabilité,N,culpabilité,NOM
baby - sitter,NOUN,C1,crf_first_attested,18.6069,0.3276,0.0,0.0,0.0,0.0,18.6069,0.0,0.3276,,,,,,,,,crf_only,baby - sitter,N,,
blanchiment,NOUN,C1,beacco,18.6069,0.3276,0.0,0.0,0.0,0.0,18.6069,0.0,0.3276,0.0,0.0,0.0,0.0,6.0005,0.0,0.1431,C1,word_pos,blanchiment,N,blanchiment,NOM
consi,NOUN,C1,crf_first_attested,18.6069,0.3276,0.0,0.0,0.0,0.0,18.6069,0.0,0.3276,,,,,,,,,crf_only,consi,N,,
cyber - criminalité,NOUN,C1,crf_first_attested,18.6069,0.3276,0.0,0.0,0.0,0.0,18.6069,0.0,0.3276,,,,,,,,,crf_only,cyber - criminalité,N,,
dérablement,NOUN,C1,crf_first_attested,18.6069,0.3276,0.0,0.0,0.0,0.0,18.6069,0.0,0.3276,,,,,,,,,crf_only,dérablement,N,,
effraction,NOUN,C1,beacco,18.6069,0.3276,0.0,0.0,0.0,0.0,18.6069,0.0,0.3276,0.0,0.0,0.0,0.0,6.0005,0.0,0.1431,C1,word_pos,effraction,N,effraction,NOM
fraude,NOUN,C1,beacco,18.6069,0.3276,0.0,0.0,0.0,0.0,18.6069,0.0,0.3276,0.0,0.0,0.0,0.0,6.0005,0.0,0.1431,C1,word_pos,fraude,N,fraude,NOM
gracier,VERB,C1,beacco,18.6069,0.3276,0.0,0.0,0.0,0.0,18.6069,0.0,0.3276,0.0,0.0,0.0,0.0,18.0014,0.0,0.4293,C1,word_pos,gracier,V,gracier,VER
hertzien,ADJ,C1,beacco,18.6069,0.3276,0.0,0.0,0.0,0.0,18.6069,0.0,0.3276,0.0,0.0,0.0,0.0,18.0014,0.0,0.4293,C1,word_pos,hertzien,A,hertzien,ADJ
il y à,PREP,C1,crf_first_attested,18.6069,0.3276,0.0,0.0,0.0,0.0,18.6069,0.0,0.3276,,,,,,,,,crf_only,il y à,PREP,,
incarcérer,VERB,C1,beacco,18.6069,0.3276,0.0,0.0,0.0,0.0,18.6069,0.0,0.3276,0.0,0.0,0.0,0.0,12.0009,0.0,0.2862,C1,word_pos,incarcérer,V,incarcérer,VER
innocence,NOUN,C1,beacco,18.6069,0.3276,0.0,0.0,0.0,0.0,18.6069,0.0,0.3276,0.0,0.0,0.0,0.0,6.0005,0.0,0.1431,C1,word_pos,innocence,N,innocence,NOM
intensément,ADV,C1,beacco,18.6069,0.3276,0.0,0.0,0.0,0.0,18.6069,0.0,0.3276,0.0,0.0,0.0,0.0,12.0009,0.0,0.2862,C1,word_pos,intensément,ADV,intensément,ADV
internationaliser,VERB,C1,beacco,18.6069,0.3276,0.0,0.0,0.0,0.0,18.6069,0.0,0.3276,0.0,0.0,0.0,0.0,6.0005,0.0,0.1431,C1,word_pos,internationaliser,V,internationaliser,VER
juvénile,ADJ,C1,beacco,18.6069,0.3276,0.0,0.0,0.0,0.0,18.6069,0.0,0.3276,0.0,0.0,0.0,0.0,6.0005,0.0,0.1431,C1,word_pos,juvénile,A,juvénile,ADJ
perpétuité,NOUN,C1,beacco,18.6069,0.3276,0.0,0.0,0.0,0.0,18.6069,0.0,0.3276,0.0,0.0,0.0,0.0,12.0009,0.0,0.2862,C1,word_pos,perpétuité,N,perpétuité,NOM
similitude,NOUN,C1,beacco,18.6069,0.3276,0.0,0.0,0.0,0.0,18.6069,0.0,0.3276,0.0,0.0,0.0,0.0,12.0009,0.0,0.2862,C1,word_pos,similitude,N,similitude,NOM
sismique,ADJ,C1,beacco,18.6069,0.3276,0.0,0.0,0.0,0.0,18.6069,0.0,0.3276,0.0,0.0,0.0,0.0,18.0014,0.0,0.4293,C1,word_pos,sismique,A,sismique,ADJ
stylet,NOUN,C1,beacco,18.6069,0.3276,0.0,0.0,0.0,0.0,18.6069,0.0,0.3276,0.0,0.0,0.0,0.0,12.0009,0.0,0.2862,C1,word_pos,stylet,N,stylet,NOM
submerger,VERB,C1,beacco,18.6069,0.3276,0.0,0.0,0.0,0.0,18.6069,0.0,0.3276,0.0,0.0,0.0,0.0,12.0009,0.0,0.2862,C1,word_pos,submerger,V,submerger,VER
théoricien,NOUN,C1,beacco,18.6069,0.3276,0.0,0.0,0.0,0.0,18.6069,0.0,0.3276,0.0,0.0,0.0,0.0,12.0009,0.0,0.2862,C1,word_pos,théoricien,N,théoricien,NOM
directive,NOUN,C1,beacco,18.4544,0.3249,0.0,0.0,0.0,0.0,18.4544,0.0,0.3249,0.0,0.0,0.0,0.0,8.2781,0.0,0.1951,C1,word_pos,directive,N,directive,NOM
faute de quoi,ADV,C1,crf_first_attested,18.4508,0.6247,0.0,0.0,0.0,0.0,18.4508,0.0,0.6247,,,,,,,,,crf_only,faute de quoi,ADV,,
ironiser,VERB,C1,beacco,16.8923,0.5546,0.0,0.0,0.0,0.0,16.8923,0.0,0.5546,0.0,0.0,0.0,0.0,6.0005,0.0,0.1431,C1,word_pos,ironiser,V,ironiser,VER
aliénation,NOUN,C1,beacco,16.4039,1.3009,0.0,0.0,0.0,0.0,16.4039,6.4938,1.3009,0.0,0.0,0.0,0.0,8.2781,12.833,0.2926,C1,word_pos,aliénation,N,aliénation,NOM
ambiant,ADJ,C1,beacco,16.4039,0.2888,0.0,0.0,0.0,0.0,16.4039,0.0,0.2888,0.0,0.0,0.0,0.0,8.2781,0.0,0.1951,C1,word_pos,ambiant,A,ambiant,ADJ
antimondialisation,ADJ,C1,crf_first_attested,16.4039,0.2888,0.0,0.0,0.0,0.0,16.4039,0.0,0.2888,,,,,,,,,crf_only,antimondialisation,A,,
pessimisme,NOUN,C1,beacco,16.4039,0.2888,0.0,0.0,0.0,0.0,16.4039,0.0,0.2888,0.0,0.0,0.0,0.0,8.2781,0.0,0.1951,C1,word_pos,pessimisme,N,pessimisme,NOM
surpêche,NOUN,C1,crf_first_attested,16.4039,0.2888,0.0,0.0,0.0,0.0,16.4039,0.0,0.2888,,,,,,,,,crf_only,surpêche,N,,
exploraseur,NOUN,C1,crf_first_attested,16.042,0.3325,0.0,0.0,0.0,0.0,16.042,0.0,0.3325,,,,,,,,,crf_only,exploraseur,N,,
destructeur,NOUN,C1,beacco,15.7275,0.5666,0.0,0.0,0.0,0.0,15.7275,0.0,0.5666,0.0,0.0,0.0,0.0,4.139,0.0,0.0975,C1,word_pos,destructeur,N,destructeur,NOM
de surcroît,ADV,C1,crf_first_attested,15.6669,0.5672,0.0,0.0,0.0,0.0,15.6669,0.0,0.5672,,,,,,,,,crf_only,de surcroît,ADV,,
transpercer,VERB,C1,beacco,15.5058,0.9712,0.0,0.3228,0.0,0.0,15.5058,0.0,0.9712,0.0,0.186,0.0,0.0,6.0005,0.0,0.3399,C1,word_pos,transpercer,V,transpercer,VER
argile,NOUN,C1,beacco,15.5058,0.273,0.0,0.0,0.0,0.0,15.5058,0.0,0.273,0.0,0.0,0.0,0.0,6.0005,0.0,0.1431,C1,word_pos,argile,N,argile,NOM
auréoler,VERB,C1,beacco,15.5058,0.273,0.0,0.0,0.0,0.0,15.5058,0.0,0.273,0.0,0.0,0.0,0.0,6.0005,0.0,0.1431,C1,word_pos,auréoler,V,auréoler,VER
authentification,NOUN,C1,beacco,15.5058,0.273,0.0,0.0,0.0,0.0,15.5058,0.0,0.273,0.0,0.0,0.0,0.0,12.0009,0.0,0.2862,C1,word_pos,authentification,N,authentification,NOM
autorisé,ADJ,C1,crf_first_attested,15.5058,0.273,0.0,0.0,0.0,0.0,15.5058,0.0,0.273,,,,,,,,,crf_only,autorisé,A,,
charpentier,ADJ,C1,crf_first_attested,15.5058,0.273,0.0,0.0,0.0,0.0,15.5058,0.0,0.273,,,,,,,,,crf_only,charpentier,A,,
chis,NOUN,C1,crf_first_attested,15.5058,0.273,0.0,0.0,0.0,0.0,15.5058,0.0,0.273,,,,,,,,,crf_only,chis,N,,
couleuvre,NOUN,C1,beacco,15.5058,0.273,0.0,0.0,0.0,0.0,15.5058,0.0,0.273,0.0,0.0,0.0,0.0,6.0005,0.0,0.1431,C1,word_pos,couleuvre,N,couleuvre,NOM
craquelé,ADJ,C1,crf_first_attested,15.5058,0.273,0.0,0.0,0.0,0.0,15.5058,0.0,0.273,,,,,,,,,crf_only,craquelé,A,,
dans le cas de,PREP,C1,crf_first_attested,15.5058,0.273,0.0,0.0,0.0,0.0,15.5058,0.0,0.273,,,,,,,,,crf_only,dans le cas de,PREP,,
de proche en proche,ADV,C1,crf_first_attested,15.5058,0.273,0.0,0.0,0.0,0.0,15.5058,0.0,0.273,,,,,,,,,crf_only,de proche en proche,ADV,,
debout là - bas,ADV,C1,crf_first_attested,15.5058,0.273,0.0,0.0,0.0,0.0,15.5058,0.0,0.273,,,,,,,,,crf_only,debout là - bas,ADV,,
divinatoire,ADJ,C1,beacco,15.5058,0.273,0.0,0.0,0.0,0.0,15.5058,0.0,0.273,0.0,0.0,0.0,0.0,6.0005,0.0,0.1431,C1,word_pos,divinatoire,A,divinatoire,ADJ
décharné,ADJ,C1,beacco,15.5058,0.273,0.0,0.0,0.0,0.0,15.5058,0.0,0.273,0.0,0.0,0.0,0.0,6.0005,0.0,0.1431,C1,word_pos,décharné,A,décharné,ADJ
déployer,VERB,C1,beacco,15.5058,0.273,0.0,0.0,0.0,0.0,15.5058,0.0,0.273,0.0,0.0,0.0,0.0,18.0014,0.0,0.4293,C1,word_pos,déployer,V,déployer,VER
dérélictueuse,ADJ,C1,crf_first_attested,15.5058,0.273,0.0,0.0,0.0,0.0,15.5058,0.0,0.273,,,,,,,,,crf_only,dérélictueuse,A,,
embouteiller,VERB,C1,beacco,15.5058,0.273,0.0,0.0,0.0,0.0,15.5058,0.0,0.273,0.0,0.0,0.0,0.0,6.0005,0.0,0.1431,C1,word_pos,embouteiller,V,embouteiller,VER
extirper,VERB,C1,beacco,15.5058,0.273,0.0,0.0,0.0,0.0,15.5058,0.0,0.273,0.0,0.0,0.0,0.0,6.0005,0.0,0.1431,C1,word_pos,extirper,V,extirper,VER
extraordinairement,ADV,C1,beacco,15.5058,0.273,0.0,0.0,0.0,0.0,15.5058,0.0,0.273,0.0,0.0,0.0,0.0,6.0005,0.0,0.1431,C1,word_pos,extraordinairement,ADV,extraordinairement,ADV
froissant,ADJ,C1,beacco,15.5058,0.273,0.0,0.0,0.0,0.0,15.5058,0.0,0.273,0.0,0.0,0.0,0.0,6.0005,0.0,0.1431,C1,word_pos,froissant,A,froissant,ADJ
furtif,ADJ,C1,beacco,15.5058,0.273,0.0,0.0,0.0,0.0,15.5058,0.0,0.273,0.0,0.0,0.0,0.0,6.0005,0.0,0.1431,C1,word_pos,furtif,A,furtif,ADJ
intercéder,VERB,C1,beacco,15.5058,0.273,0.0,0.0,0.0,0.0,15.5058,0.0,0.273,0.0,0.0,0.0,0.0,6.0005,0.0,0.1431,C1,word_pos,intercéder,V,intercéder,VER
mousson,NOUN,C1,beacco,15.5058,0.273,0.0,0.0,0.0,0.0,15.5058,0.0,0.273,0.0,0.0,0.0,0.0,6.0005,0.0,0.1431,C1,word_pos,mousson,N,mousson,NOM
numériser,VERB,C1,beacco,15.5058,0.273,0.0,0.0,0.0,0.0,15.5058,0.0,0.273,0.0,0.0,0.0,0.0,12.0009,0.0,0.2862,C1,word_pos,numériser,V,numériser,VER
oestrogène,NOUN,C1,beacco,15.5058,0.273,0.0,0.0,0.0,0.0,15.5058,0.0,0.273,0.0,0.0,0.0,0.0,6.0005,0.0,0.1431,C1,word_pos,oestrogène,N,oestrogène,NOM
ombreux,ADJ,C1,beacco,15.5058,0.273,0.0,0.0,0.0,0.0,15.5058,0.0,0.273,0.0,0.0,0.0,0.0,6.0005,0.0,0.1431,C1,word_pos,ombreux,A,ombreux,ADJ
par bouffées,ADV,C1,crf_first_attested,15.5058,0.273,0.0,0.0,0.0,0.0,15.5058,0.0,0.273,,,,,,,,,crf_only,par bouffées,ADV,,
par le temps d' autrefois,ADV,C1,crf_first_attested,15.5058,0.273,0.0,0.0,0.0,0.0,15.5058,0.0,0.273,,,,,,,,,crf_only,par le temps d' autrefois,ADV,,
plancher,VERB,C1,beacco,15.5058,0.273,0.0,0.0,0.0,0.0,15.5058,0.0,0.273,0.0,0.0,0.0,0.0,12.0009,0.0,0.2862,C1,word_pos,plancher,V,plancher,VER
pochoir,NOUN,C1,beacco,15.5058,0.273,0.0,0.0,0.0,0.0,15.5058,0.0,0.273,0.0,0.0,0.0,0.0,6.0005,0.0,0.1431,C1,word_pos,pochoir,N,pochoir,NOM
scanner,NOUN,C1,beacco,15.5058,0.273,0.0,0.0,0.0,0.0,15.5058,0.0,0.273,0.0,0.0,0.0,0.0,12.0009,0.0,0.2862,C1,word_pos,scanner,N,scanner,NOM
subsistance,NOUN,C1,beacco,15.5058,0.273,0.0,0.0,0.0,0.0,15.5058,0.0,0.273,0.0,0.0,0.0,0.0,6.0005,0.0,0.1431,C1,word_pos,subsistance,N,subsistance,NOM
transposer,VERB,C1,beacco,15.5058,0.273,0.0,0.0,0.0,0.0,15.5058,0.0,0.273,0.0,0.0,0.0,0.0,6.0005,0.0,0.1431,C1,word_pos,transposer,V,transposer,VER
varangue,NOUN,C1,beacco,15.5058,0.273,0.0,0.0,0.0,0.0,15.5058,0.0,0.273,0.0,0.0,0.0,0.0,6.0005,0.0,0.1431,C1,word_pos,varangue,N,varangue,NOM
vertèbre,NOUN,C1,beacco,15.5058,0.273,0.0,0.0,0.0,0.0,15.5058,0.0,0.273,0.0,0.0,0.0,0.0,6.0005,0.0,0.1431,C1,word_pos,vertèbre,N,vertèbre,NOM
vibration,NOUN,C1,beacco,15.5058,0.273,0.0,0.0,0.0,0.0,15.5058,0.0,0.273,0.0,0.0,0.0,0.0,6.0005,0.0,0.1431,C1,word_pos,vibration,N,vibration,NOM
vélo,ADJ,C1,crf_first_attested,15.5058,0.273,0.0,0.0,0.0,0.0,15.5058,0.0,0.273,,,,,,,,,crf_only,vélo,A,,
éthéreuse,ADJ,C1,crf_first_attested,15.5058,0.273,0.0,0.0,0.0,0.0,15.5058,0.0,0.273,,,,,,,,,crf_only,éthéreuse,A,,
contre - modèle,NOUN,C1,crf_first_attested,14.3534,0.2527,0.0,0.0,0.0,0.0,14.3534,0.0,0.2527,,,,,,,,,crf_only,contre - modèle,N,,
effondrement,NOUN,C1,beacco,14.3534,0.2527,0.0,0.0,0.0,0.0,14.3534,0.0,0.2527,0.0,0.0,0.0,0.0,16.5561,0.0,0.3902,C1,word_pos,effondrement,N,effondrement,NOM
finances,NOUN,C1,crf_first_attested,13.3747,0.4932,0.0,0.0,0.0,0.0,13.3747,0.0,0.4932,,,,,,,,,crf_only,finances,N,,
calculateur,NOUN,C1,crf_first_attested,12.8336,0.266,0.0,0.0,0.0,0.0,12.8336,0.0,0.266,,,,,,,,,crf_only,calculateur,N,,
interdit,ADJ,C1,beacco,12.4046,5.6184,2.0787,1.1794,2.8098,0.0,12.4046,19.2455,5.6184,0.0,0.0,0.0,0.0,6.0005,19.328,0.2862,C1,word_pos,interdit,A,interdit,ADJ
uniforme,ADJ,C1,beacco,12.4046,4.8772,5.6686,0.0,0.8162,1.7264,12.4046,0.0,4.8772,0.0,0.0,0.0,0.911,0.0,0.0,0.0652,C1,word_pos,uniforme,A,uniforme,ADJ
vétérinaire,ADJ,C1,beacco,12.4046,1.5098,0.4068,0.0,0.0554,0.0,12.4046,0.0,1.5098,0.0,0.0,0.0,0.0,12.0009,0.0,0.2862,C1,word_pos,vétérinaire,A,vétérinaire,ADJ
estampiller,VERB,C1,beacco,12.4046,1.3274,0.0,0.0,0.0,0.0,12.4046,38.491,1.3274,0.0,0.0,0.0,0.0,6.0005,19.328,0.2862,C1,word_pos,estampiller,V,estampiller,VER
lésion,NOUN,C1,beacco,12.4046,1.2395,0.0,0.0,0.0,0.0,12.4046,28.8683,1.2395,0.0,0.0,0.0,0.0,6.0005,19.328,0.2862,C1,word_pos,lésion,N,lésion,NOM
superstition,NOUN,C1,beacco,12.4046,1.1339,0.0,0.0,0.4732,0.0,12.4046,0.0,1.1339,0.0,0.0,0.438,0.0,0.0,0.0,0.0652,C1,word_pos,superstition,N,superstition,NOM
perfusion,NOUN,C1,beacco,12.4046,1.1203,0.0,0.0,0.0,0.0,12.4046,19.2455,1.1203,0.0,0.0,0.0,0.0,6.0005,19.328,0.2862,C1,word_pos,perfusion,N,perfusion,NOM
avare,NOUN,C1,beacco,12.4046,1.1151,0.0,0.0,0.4809,0.0,12.4046,0.0,1.1151,0.0,0.0,0.0,0.0,6.0005,0.0,0.1431,C1,word_pos,avare,N,avare,NOM
authentifier,VERB,C1,beacco,12.4046,0.9442,0.0,0.3209,0.0,0.0,12.4046,0.0,0.9442,0.0,0.0,0.0,0.0,6.0005,0.0,0.1431,C1,word_pos,authentifier,V,authentifier,VER
flexible,ADJ,C1,beacco,12.4046,0.9179,0.0,0.0,0.0,0.0,12.4046,9.6228,0.9179,0.0,0.0,0.0,0.0,6.0005,19.328,0.2862,C1,word_pos,flexible,A,flexible,ADJ
naissant,ADJ,C1,beacco,12.4046,0.9179,0.0,0.0,0.0,0.0,12.4046,9.6228,0.9179,0.0,0.0,0.0,0.0,12.0009,19.328,0.4293,C1,word_pos,naissant,A,naissant,ADJ
périphérique,ADJ,C1,beacco,12.4046,0.9179,0.0,0.0,0.0,0.0,12.4046,9.6228,0.9179,0.0,0.0,0.0,0.0,12.0009,19.328,0.4293,C1,word_pos,périphérique,A,périphérique,ADJ
légalité,NOUN,C1,beacco,12.4046,0.9079,0.0,0.0,0.2719,0.0,12.4046,0.0,0.9079,0.0,0.0,0.0,0.0,6.0005,0.0,0.1431,C1,word_pos,légalité,N,légalité,NOM
broyer,VERB,C1,beacco,12.4046,0.9009,0.4014,0.0,0.0,0.0,12.4046,0.0,0.9009,0.7319,0.0,0.0,0.0,6.0005,0.0,0.4016,C1,word_pos,broyer,V,broyer,VER
accouchement,NOUN,C1,beacco,12.4046,0.2184,0.0,0.0,0.0,0.0,12.4046,0.0,0.2184,0.0,0.0,0.0,0.0,6.0005,0.0,0.1431,C1,word_pos,accouchement,N,accouchement,NOM
analgésie,NOUN,C1,beacco,12.4046,0.2184,0.0,0.0,0.0,0.0,12.4046,0.0,0.2184,0.0,0.0,0.0,0.0,6.0005,0.0,0.1431,C1,word_pos,analgésie,N,analgésie,NOM
analogique,ADJ,C1,beacco,12.4046,0.2184,0.0,0.0,0.0,0.0,12.4046,0.0,0.2184,0.0,0.0,0.0,0.0,12.0009,0.0,0.2862,C1,word_pos,analogique,A,analogique,ADJ
antalgique,ADJ,C1,beacco,12.4046,0.2184,0.0,0.0,0.0,0.0,12.4046,0.0,0.2184,0.0,0.0,0.0,0.0,6.0005,0.0,0.1431,C1,word_pos,antalgique,A,antalgique,ADJ
antivol,ADJ,C1,beacco,12.4046,0.2184,0.0,0.0,0.0,0.0,12.4046,0.0,0.2184,0.0,0.0,0.0,0.0,6.0005,0.0,0.1431,C1,unique_word,antivol,A,antivol,NOM
arbitraire,NOUN,C1,beacco,12.4046,0.2184,0.0,0.0,0.0,0.0,12.4046,0.0,0.2184,0.0,0.0,0.0,0.0,6.0005,0.0,0.1431,C1,word_pos,arbitraire,N,arbitraire,NOM
assommer,VERB,C1,beacco,12.4046,0.2184,0.0,0.0,0.0,0.0,12.4046,0.0,0.2184,0.0,0.0,0.0,0.0,12.0009,0.0,0.2862,C1,word_pos,assommer,V,assommer,VER
attiser,VERB,C1,beacco,12.4046,0.2184,0.0,0.0,0.0,0.0,12.4046,0.0,0.2184,0.0,0.0,0.0,0.0,6.0005,0.0,0.1431,C1,word_pos,attiser,V,attiser,VER
autobiographique,ADJ,C1,beacco,12.4046,0.2184,0.0,0.0,0.0,0.0,12.4046,0.0,0.2184,0.0,0.0,0.0,0.0,12.0009,0.0,0.2862,C1,word_pos,autobiographique,A,autobiographique,ADJ
avilissant,ADJ,C1,beacco,12.4046,0.2184,0.0,0.0,0.0,0.0,12.4046,0.0,0.2184,0.0,0.0,0.0,0.0,6.0005,0.0,0.1431,C1,word_pos,avilissant,A,avilissant,ADJ
baseball,NOUN,C1,crf_first_attested,12.4046,0.2184,0.0,0.0,0.0,0.0,12.4046,0.0,0.2184,,,,,,,,,crf_only,baseball,N,,
birman,ADJ,C1,beacco,12.4046,0.2184,0.0,0.0,0.0,0.0,12.4046,0.0,0.2184,0.0,0.0,0.0,0.0,12.0009,0.0,0.2862,C1,word_pos,birman,A,birman,ADJ
cavale,NOUN,C1,beacco,12.4046,0.2184,0.0,0.0,0.0,0.0,12.4046,0.0,0.2184,0.0,0.0,0.0,0.0,6.0005,0.0,0.1431,C1,word_pos,cavale,N,cavale,NOM
chardonneret,NOUN,C1,beacco,12.4046,0.2184,0.0,0.0,0.0,0.0,12.4046,0.0,0.2184,0.0,0.0,0.0,0.0,6.0005,0.0,0.1431,C1,word_pos,chardonneret,N,chardonneret,NOM
confinement,NOUN,C1,beacco,12.4046,0.2184,0.0,0.0,0.0,0.0,12.4046,0.0,0.2184,0.0,0.0,0.0,0.0,6.0005,0.0,0.1431,C1,word_pos,confinement,N,confinement,NOM
contresens,NOUN,C1,beacco,12.4046,0.2184,0.0,0.0,0.0,0.0,12.4046,0.0,0.2184,0.0,0.0,0.0,0.0,6.0005,0.0,0.1431,C1,word_pos,contresens,N,contresens,NOM
courbe,ADJ,C1,beacco,12.4046,0.2184,0.0,0.0,0.0,0.0,12.4046,0.0,0.2184,0.0,0.0,0.0,0.0,6.0005,0.0,0.1431,C1,word_pos,courbe,A,courbe,ADJ
cutané,ADJ,C1,beacco,12.4046,0.2184,0.0,0.0,0.0,0.0,12.4046,0.0,0.2184,0.0,0.0,0.0,0.0,6.0005,0.0,0.1431,C1,word_pos,cutané,A,cutané,ADJ
cygne,NOUN,C1,beacco,12.4046,0.2184,0.0,0.0,0.0,0.0,12.4046,0.0,0.2184,0.0,0.0,0.0,0.0,6.0005,0.0,0.1431,C1,word_pos,cygne,N,cygne,NOM
daltonien,NOUN,C1,beacco,12.4046,0.2184,0.0,0.0,0.0,0.0,12.4046,0.0,0.2184,0.0,0.0,0.0,0.0,6.0005,0.0,0.1431,C1,word_pos,daltonien,N,daltonien,NOM
destinataire,NOUN,C1,beacco,12.4046,0.2184,0.0,0.0,0.0,0.0,12.4046,0.0,0.2184,0.0,0.0,0.0,0.0,12.0009,0.0,0.2862,C1,word_pos,destinataire,N,destinataire,NOM
discipliner,VERB,C1,beacco,12.4046,0.2184,0.0,0.0,0.0,0.0,12.4046,0.0,0.2184,0.0,0.0,0.0,0.0,6.0005,0.0,0.1431,C1,word_pos,discipliner,V,discipliner,VER
donc d' abord,ADV,C1,crf_first_attested,12.4046,0.2184,0.0,0.0,0.0,0.0,12.4046,0.0,0.2184,,,,,,,,,crf_only,donc d' abord,ADV,,
démoustication,NOUN,C1,beacco,12.4046,0.2184,0.0,0.0,0.0,0.0,12.4046,0.0,0.2184,0.0,0.0,0.0,0.0,12.0009,0.0,0.2862,C1,word_pos,démoustication,N,démoustication,NOM
dépassionner,VERB,C1,beacco,12.4046,0.2184,0.0,0.0,0.0,0.0,12.4046,0.0,0.2184,0.0,0.0,0.0,0.0,6.0005,0.0,0.1431,C1,word_pos,dépassionner,V,dépassionner,VER
dépistage,NOUN,C1,beacco,12.4046,0.2184,0.0,0.0,0.0,0.0,12.4046,0.0,0.2184,0.0,0.0,0.0,0.0,6.0005,0.0,0.1431,C1,word_pos,dépistage,N,dépistage,NOM
désengorgement,NOUN,C1,crf_first_attested,12.4046,0.2184,0.0,0.0,0.0,0.0,12.4046,0.0,0.2184,,,,,,,,,crf_only,désengorgement,N,,
déstructuration,NOUN,C1,beacco,12.4046,0.2184,0.0,0.0,0.0,0.0,12.4046,0.0,0.2184,0.0,0.0,0.0,0.0,6.0005,0.0,0.1431,C1,word_pos,déstructuration,N,déstructuration,NOM
en accord avec,PREP,C1,crf_first_attested,12.4046,0.2184,0.0,0.0,0.0,0.0,12.4046,0.0,0.2184,,,,,,,,,crf_only,en accord avec,PREP,,
enjoindre,VERB,C1,beacco,12.4046,0.2184,0.0,0.0,0.0,0.0,12.4046,0.0,0.2184,0.0,0.0,0.0,0.0,6.0005,0.0,0.1431,C1,word_pos,enjoindre,V,enjoindre,VER
entrailles,NOUN,C1,beacco,12.4046,0.2184,0.0,0.0,0.0,0.0,12.4046,0.0,0.2184,0.0,0.0,0.0,0.0,6.0005,0.0,0.1431,C1,word_pos,entrailles,N,entrailles,NOM
facétie,NOUN,C1,beacco,12.4046,0.2184,0.0,0.0,0.0,0.0,12.4046,0.0,0.2184,0.0,0.0,0.0,0.0,6.0005,0.0,0.1431,C1,word_pos,facétie,N,facétie,NOM
filaire,ADJ,C1,beacco,12.4046,0.2184,0.0,0.0,0.0,0.0,12.4046,0.0,0.2184,0.0,0.0,0.0,0.0,12.0009,0.0,0.2862,C1,word_pos,filaire,A,filaire,ADJ
froideur,NOUN,C1,beacco,12.4046,0.2184,0.0,0.0,0.0,0.0,12.4046,0.0,0.2184,0.0,0.0,0.0,0.0,6.0005,0.0,0.1431,C1,word_pos,froideur,N,froideur,NOM
geindre,NOUN,C1,beacco,12.4046,0.2184,0.0,0.0,0.0,0.0,12.4046,0.0,0.2184,0.0,0.0,0.0,0.0,6.0005,0.0,0.1431,C1,unique_word,geindre,N,geindre,VER
girafe,NOUN,C1,beacco,12.4046,0.2184,0.0,0.0,0.0,0.0,12.4046,0.0,0.2184,0.0,0.0,0.0,0.0,12.0009,0.0,0.2862,C1,word_pos,girafe,N,girafe,NOM
haineux,ADJ,C1,beacco,12.4046,0.2184,0.0,0.0,0.0,0.0,12.4046,0.0,0.2184,0.0,0.0,0.0,0.0,6.0005,0.0,0.1431,C1,word_pos,haineux,A,haineux,ADJ
hop,NOUN,C1,crf_first_attested,12.4046,0.2184,0.0,0.0,0.0,0.0,12.4046,0.0,0.2184,,,,,,,,,crf_only,hop,N,,
indulgence,NOUN,C1,beacco,12.4046,0.2184,0.0,0.0,0.0,0.0,12.4046,0.0,0.2184,0.0,0.0,0.0,0.0,6.0005,0.0,0.1431,C1,word_pos,indulgence,N,indulgence,NOM
innerver,VERB,C1,beacco,12.4046,0.2184,0.0,0.0,0.0,0.0,12.4046,0.0,0.2184,0.0,0.0,0.0,0.0,6.0005,0.0,0.1431,C1,word_pos,innerver,V,innerver,VER
insensé,ADJ,C1,beacco,12.4046,0.2184,0.0,0.0,0.0,0.0,12.4046,0.0,0.2184,0.0,0.0,0.0,0.0,6.0005,0.0,0.1431,C1,word_pos,insensé,A,insensé,ADJ
intumescence,NOUN,C1,beacco,12.4046,0.2184,0.0,0.0,0.0,0.0,12.4046,0.0,0.2184,0.0,0.0,0.0,0.0,6.0005,0.0,0.1431,C1,word_pos,intumescence,N,intumescence,NOM
jusqu' aux abords,ADV,C1,crf_first_attested,12.4046,0.2184,0.0,0.0,0.0,0.0,12.4046,0.0,0.2184,,,,,,,,,crf_only,jusqu' aux abords,ADV,,
k,NOUN,C1,crf_first_attested,12.4046,0.2184,0.0,0.0,0.0,0.0,12.4046,0.0,0.2184,,,,,,,,,crf_only,k,N,,
kafkaïen,ADJ,C1,beacco,12.4046,0.2184,0.0,0.0,0.0,0.0,12.4046,0.0,0.2184,0.0,0.0,0.0,0.0,6.0005,0.0,0.1431,C1,word_pos,kafkaïen,A,kafkaïen,ADJ
livre - événement,NOUN,C1,crf_first_attested,12.4046,0.2184,0.0,0.0,0.0,0.0,12.4046,0.0,0.2184,,,,,,,,,crf_only,livre - événement,N,,
maton,NOUN,C1,beacco,12.4046,0.2184,0.0,0.0,0.0,0.0,12.4046,0.0,0.2184,0.0,0.0,0.0,0.0,6.0005,0.0,0.1431,C1,word_pos,maton,N,maton,NOM
mi - consterné,NOUN,C1,crf_first_attested,12.4046,0.2184,0.0,0.0,0.0,0.0,12.4046,0.0,0.2184,,,,,,,,,crf_only,mi - consterné,N,,
notifier,VERB,C1,beacco,12.4046,0.2184,0.0,0.0,0.0,0.0,12.4046,0.0,0.2184,0.0,0.0,0.0,0.0,6.0005,0.0,0.1431,C1,word_pos,notifier,V,notifier,VER
offensant,ADJ,C1,beacco,12.4046,0.2184,0.0,0.0,0.0,0.0,12.4046,0.0,0.2184,0.0,0.0,0.0,0.0,6.0005,0.0,0.1431,C1,word_pos,offensant,A,offensant,ADJ
pilote,ADJ,C1,crf_first_attested,12.4046,0.2184,0.0,0.0,0.0,0.0,12.4046,0.0,0.2184,,,,,,,,,crf_only,pilote,A,,
plénitude,NOUN,C1,beacco,12.4046,0.2184,0.0,0.0,0.0,0.0,12.4046,0.0,0.2184,0.0,0.0,0.0,0.0,6.0005,0.0,0.1431,C1,word_pos,plénitude,N,plénitude,NOM
poupe,NOUN,C1,beacco,12.4046,0.2184,0.0,0.0,0.0,0.0,12.4046,0.0,0.2184,0.0,0.0,0.0,0.0,6.0005,0.0,0.1431,C1,word_pos,poupe,N,poupe,NOM
primitif,NOUN,C1,beacco,12.4046,0.2184,0.0,0.0,0.0,0.0,12.4046,0.0,0.2184,0.0,0.0,0.0,0.0,6.0005,0.0,0.1431,C1,word_pos,primitif,N,primitif,NOM
probatoire,ADJ,C1,beacco,12.4046,0.2184,0.0,0.0,0.0,0.0,12.4046,0.0,0.2184,0.0,0.0,0.0,0.0,6.0005,0.0,0.1431,C1,word_pos,probatoire,A,probatoire,ADJ
proportionnellement,ADV,C1,beacco,12.4046,0.2184,0.0,0.0,0.0,0.0,12.4046,0.0,0.2184,0.0,0.0,0.0,0.0,6.0005,0.0,0.1431,C1,word_pos,proportionnellement,ADV,proportionnellement,ADV
psychiquement,ADV,C1,crf_first_attested,12.4046,0.2184,0.0,0.0,0.0,0.0,12.4046,0.0,0.2184,,,,,,,,,crf_only,psychiquement,ADV,,
pulvériser,VERB,C1,beacco,12.4046,0.2184,0.0,0.0,0.0,0.0,12.4046,0.0,0.2184,0.0,0.0,0.0,0.0,6.0005,0.0,0.1431,C1,word_pos,pulvériser,V,pulvériser,VER
relent,NOUN,C1,beacco,12.4046,0.2184,0.0,0.0,0.0,0.0,12.4046,0.0,0.2184,0.0,0.0,0.0,0.0,6.0005,0.0,0.1431,C1,word_pos,relent,N,relent,NOM
restructurer,VERB,C1,beacco,12.4046,0.2184,0.0,0.0,0.0,0.0,12.4046,0.0,0.2184,0.0,0.0,0.0,0.0,6.0005,0.0,0.1431,C1,word_pos,restructurer,V,restructurer,VER
rouge - gorge,NOUN,C1,crf_first_attested,12.4046,0.2184,0.0,0.0,0.0,0.0,12.4046,0.0,0.2184,,,,,,,,,crf_only,rouge - gorge,N,,
suicidaire,ADJ,C1,beacco,12.4046,0.2184,0.0,0.0,0.0,0.0,12.4046,0.0,0.2184,0.0,0.0,0.0,0.0,6.0005,0.0,0.1431,C1,word_pos,suicidaire,A,suicidaire,ADJ
suturer,VERB,C1,beacco,12.4046,0.2184,0.0,0.0,0.0,0.0,12.4046,0.0,0.2184,0.0,0.0,0.0,0.0,6.0005,0.0,0.1431,C1,word_pos,suturer,V,suturer,VER
tampon,NOUN,C1,beacco,12.4046,0.2184,0.0,0.0,0.0,0.0,12.4046,0.0,0.2184,0.0,0.0,0.0,0.0,12.0009,0.0,0.2862,C1,word_pos,tampon,N,tampon,NOM
tournesol,NOUN,C1,beacco,12.4046,0.2184,0.0,0.0,0.0,0.0,12.4046,0.0,0.2184,0.0,0.0,0.0,0.0,18.0014,0.0,0.4293,C1,word_pos,tournesol,N,tournesol,NOM
tram,NOUN,C1,beacco,12.4046,0.2184,0.0,0.0,0.0,0.0,12.4046,0.0,0.2184,0.0,0.0,0.0,0.0,6.0005,0.0,0.1431,C1,word_pos,tram,N,tram,NOM
tubulaire,NOUN,C1,beacco,12.4046,0.2184,0.0,0.0,0.0,0.0,12.4046,0.0,0.2184,0.0,0.0,0.0,0.0,6.0005,0.0,0.1431,C1,word_pos,tubulaire,N,tubulaire,NOM
veinard,NOUN,C1,beacco,12.4046,0.2184,0.0,0.0,0.0,0.0,12.4046,0.0,0.2184,0.0,0.0,0.0,0.0,6.0005,0.0,0.1431,C1,word_pos,veinard,N,veinard,NOM
verbaliser,VERB,C1,beacco,12.4046,0.2184,0.0,0.0,0.0,0.0,12.4046,0.0,0.2184,0.0,0.0,0.0,0.0,6.0005,0.0,0.1431,C1,word_pos,verbaliser,V,verbaliser,VER
victimer,VERB,C1,crf_first_attested,12.4046,0.2184,0.0,0.0,0.0,0.0,12.4046,0.0,0.2184,,,,,,,,,crf_only,victimer,V,,
viral,ADJ,C1,beacco,12.4046,0.2184,0.0,0.0,0.0,0.0,12.4046,0.0,0.2184,0.0,0.0,0.0,0.0,12.0009,0.0,0.2862,C1,word_pos,viral,A,viral,ADJ
vélosophie,NOUN,C1,crf_first_attested,12.4046,0.2184,0.0,0.0,0.0,0.0,12.4046,0.0,0.2184,,,,,,,,,crf_only,vélosophie,N,,
vélostation,NOUN,C1,crf_first_attested,12.4046,0.2184,0.0,0.0,0.0,0.0,12.4046,0.0,0.2184,,,,,,,,,crf_only,vélostation,N,,
à tout hasard,ADV,C1,crf_first_attested,12.4046,0.2184,0.0,0.0,0.0,0.0,12.4046,0.0,0.2184,,,,,,,,,crf_only,à tout hasard,ADV,,
à vélo,ADV,C1,crf_first_attested,12.4046,0.2184,0.0,0.0,0.0,0.0,12.4046,0.0,0.2184,,,,,,,,,crf_only,à vélo,ADV,,
écarlate,ADJ,C1,beacco,12.4046,0.2184,0.0,0.0,0.0,0.0,12.4046,0.0,0.2184,0.0,0.0,0.0,0.0,6.0005,0.0,0.1431,C1,word_pos,écarlate,A,écarlate,ADJ
épidémiologiste,NOUN,C1,beacco,12.4046,0.2184,0.0,0.0,0.0,0.0,12.4046,0.0,0.2184,0.0,0.0,0.0,0.0,12.0009,0.0,0.2862,C1,word_pos,épidémiologiste,N,épidémiologiste,NOM
associé,ADJ,C1,crf_first_attested,12.3029,0.2166,0.0,0.0,0.0,0.0,12.3029,0.0,0.2166,,,,,,,,,crf_only,associé,A,,
bmw,NOUN,C1,crf_first_attested,12.3029,0.2166,0.0,0.0,0.0,0.0,12.3029,0.0,0.2166,,,,,,,,,crf_only,bmw,N,,
certifier,VERB,C1,beacco,12.3029,0.2166,0.0,0.0,0.0,0.0,12.3029,0.0,0.2166,0.0,0.0,0.0,0.0,12.4171,0.0,0.2926,C1,word_pos,certifier,V,certifier,VER
compte tenu de,PREP,C1,crf_first_attested,12.3029,0.2166,0.0,0.0,0.0,0.0,12.3029,0.0,0.2166,,,,,,,,,crf_only,compte tenu de,PREP,,
grenoblois,ADJ,C1,crf_first_attested,12.3029,0.2166,0.0,0.0,0.0,0.0,12.3029,0.0,0.2166,,,,,,,,,crf_only,grenoblois,A,,
géo,NOUN,C1,crf_first_attested,12.3029,0.2166,0.0,0.0,0.0,0.0,12.3029,0.0,0.2166,,,,,,,,,crf_only,géo,N,,
jongler,VERB,C1,beacco,12.3029,0.2166,0.0,0.0,0.0,0.0,12.3029,0.0,0.2166,0.0,0.0,0.0,0.0,4.139,0.0,0.0975,C1,word_pos,jongler,V,jongler,VER
phytoplancton,NOUN,C1,beacco,12.3029,0.2166,0.0,0.0,0.0,0.0,12.3029,0.0,0.2166,0.0,0.0,0.0,0.0,12.4171,0.0,0.2926,C1,word_pos,phytoplancton,N,phytoplancton,NOM
pénicilline,NOUN,C1,beacco,12.3029,0.2166,0.0,0.0,0.0,0.0,12.3029,0.0,0.2166,0.0,0.0,0.0,0.0,16.5561,0.0,0.3902,C1,word_pos,pénicilline,N,pénicilline,NOM
résurgence,NOUN,C1,beacco,12.3029,0.2166,0.0,0.0,0.0,0.0,12.3029,0.0,0.2166,0.0,0.0,0.0,0.0,8.2781,0.0,0.1951,C1,word_pos,résurgence,N,résurgence,NOM
socialiste,NOUN,C1,beacco,12.3029,0.2166,0.0,0.0,0.0,0.0,12.3029,0.0,0.2166,0.0,0.0,0.0,0.0,8.2781,0.0,0.1951,C1,word_pos,socialiste,N,socialiste,NOM
encontre,ADV,C1,beacco,12.0009,0.4293,,,,,,,,0.0,0.0,0.0,0.0,12.0009,19.328,0.4293,C1,beacco_only,,,encontre,ADV
biométrique,NOUN,C1,beacco,12.0009,0.2862,,,,,,,,0.0,0.0,0.0,0.0,12.0009,0.0,0.2862,C1,beacco_only,,,biométrique,NOM
gravé,ADJ,C1,beacco,12.0009,0.2862,,,,,,,,0.0,0.0,0.0,0.0,12.0009,0.0,0.2862,C1,beacco_only,,,gravé,ADJ
ras-le-bol,NOUN,C1,beacco,12.0009,0.2862,,,,,,,,0.0,0.0,0.0,0.0,12.0009,0.0,0.2862,C1,beacco_only,,,ras-le-bol,NOM
dépassement,NOUN,C1,beacco,10.2524,1.2289,0.0,0.0,0.0,0.0,10.2524,12.9876,1.2289,0.0,0.0,0.0,0.0,8.2781,12.833,0.2926,C1,word_pos,dépassement,N,dépassement,NOM
dédramatiser,VERB,C1,beacco,10.2524,0.1805,0.0,0.0,0.0,0.0,10.2524,0.0,0.1805,0.0,0.0,0.0,0.0,8.2781,0.0,0.1951,C1,word_pos,dédramatiser,V,dédramatiser,VER
dérapage,NOUN,C1,beacco,10.2524,0.1805,0.0,0.0,0.0,0.0,10.2524,0.0,0.1805,0.0,0.0,0.0,0.0,8.2781,0.0,0.1951,C1,word_pos,dérapage,N,dérapage,NOM
marteler,VERB,C1,beacco,10.2524,0.1805,0.0,0.0,0.0,0.0,10.2524,0.0,0.1805,0.0,0.0,0.0,0.0,8.2781,0.0,0.1951,C1,word_pos,marteler,V,marteler,VER
miner,VERB,C1,beacco,10.2524,0.1805,0.0,0.0,0.0,0.0,10.2524,0.0,0.1805,0.0,0.0,0.0,0.0,8.2781,0.0,0.1951,C1,word_pos,miner,V,miner,VER
occulter,VERB,C1,beacco,10.2524,0.1805,0.0,0.0,0.0,0.0,10.2524,0.0,0.1805,0.0,0.0,0.0,0.0,8.2781,0.0,0.1951,C1,word_pos,occulter,V,occulter,VER
en raison du,PREP,C1,crf_first_attested,9.8488,1.1418,0.0,0.0,0.0,0.0,9.8488,57.7365,1.1418,,,,,,,,,crf_only,en raison du,PREP,,
en profondeur,ADV,C1,crf_first_attested,9.8488,0.3619,0.0,0.0,0.0,0.0,9.8488,0.0,0.3619,,,,,,,,,crf_only,en profondeur,ADV,,
à titre de,PREP,C1,crf_first_attested,9.8488,0.3619,0.0,0.0,0.0,0.0,9.8488,0.0,0.3619,,,,,,,,,crf_only,à titre de,PREP,,
de nature à,PREP,C1,crf_first_attested,9.8067,0.3585,0.0,0.0,0.0,0.0,9.8067,0.0,0.3585,,,,,,,,,crf_only,de nature à,PREP,,
booster,VERB,C1,beacco,9.6252,0.1995,0.0,0.0,0.0,0.0,9.6252,0.0,0.1995,0.0,0.0,0.0,0.0,3.4423,0.0,0.0657,C1,unique_word,booster,V,booster,NOM
chaos,NOUN,C1,beacco,9.6252,0.1995,0.0,0.0,0.0,0.0,9.6252,0.0,0.1995,0.0,0.0,0.0,0.0,3.4423,0.0,0.0657,C1,word_pos,chaos,N,chaos,NOM
complimenter,VERB,C1,beacco,9.6252,0.1995,0.0,0.0,0.0,0.0,9.6252,0.0,0.1995,0.0,0.0,0.0,0.0,6.8846,0.0,0.1315,C1,word_pos,complimenter,V,complimenter,VER
multivues,ADJ,C1,crf_first_attested,9.6252,0.1995,0.0,0.0,0.0,0.0,9.6252,0.0,0.1995,,,,,,,,,crf_only,multivues,A,,
quadrichromie,NOUN,C1,beacco,9.6252,0.1995,0.0,0.0,0.0,0.0,9.6252,0.0,0.1995,0.0,0.0,0.0,0.0,3.4423,0.0,0.0657,C1,word_pos,quadrichromie,N,quadrichromie,NOM
reconstruction,NOUN,C1,beacco,9.6252,0.1995,0.0,0.0,0.0,0.0,9.6252,0.0,0.1995,0.0,0.0,0.0,0.0,3.4423,0.0,0.0657,C1,word_pos,reconstruction,N,reconstruction,NOM
rouleur,NOUN,C1,beacco,9.6252,0.1995,0.0,0.0,0.0,0.0,9.6252,0.0,0.1995,0.0,0.0,0.0,0.0,6.8846,0.0,0.1315,C1,word_pos,rouleur,N,rouleur,NOM
standard,ADJ,C1,beacco,9.6252,0.1995,0.0,0.0,0.0,0.0,9.6252,0.0,0.1995,0.0,0.0,0.0,0.0,3.4423,0.0,0.0657,C1,word_pos,standard,A,standard,ADJ
tireur,NOUN,C1,beacco,9.6252,0.1995,0.0,0.0,0.0,0.0,9.6252,0.0,0.1995,0.0,0.0,0.0,0.0,6.8846,0.0,0.1315,C1,word_pos,tireur,N,tireur,NOM
atypique,ADJ,C1,beacco,9.3035,1.231,0.0,0.0,0.0,0.0,9.3035,67.3593,1.231,0.0,0.0,0.0,0.0,6.0005,19.328,0.2862,C1,word_pos,atypique,A,atypique,ADJ
idéologique,ADJ,C1,beacco,9.3035,1.0664,0.0,0.0,0.0,0.0,9.3035,38.491,1.0664,0.0,0.0,0.0,0.0,6.0005,38.656,0.4293,C1,word_pos,idéologique,A,idéologique,ADJ
ventiler,VERB,C1,beacco,9.3035,1.0664,0.0,0.0,0.0,0.0,9.3035,38.491,1.0664,0.0,0.0,0.0,0.0,6.0005,19.328,0.2862,C1,word_pos,ventiler,V,ventiler,VER
contractuel,ADJ,C1,beacco,9.3035,0.9034,0.0,0.0,0.0,0.0,9.3035,19.2455,0.9034,0.0,0.0,0.0,0.0,6.0005,19.328,0.2862,C1,word_pos,contractuel,A,contractuel,ADJ
résonance,NOUN,C1,beacco,9.3035,0.9034,0.0,0.0,0.0,0.0,9.3035,19.2455,0.9034,0.0,0.0,0.0,0.0,6.0005,38.656,0.4293,C1,word_pos,résonance,N,résonance,NOM
méli - mélo,NOUN,C1,crf_first_attested,9.3035,0.8322,0.0,0.0,0.0,0.0,9.3035,12.9876,0.8322,,,,,,,,,crf_only,méli - mélo,N,,
batailler,VERB,C1,beacco,9.3035,0.7515,0.0,0.0,0.0,0.0,9.3035,9.6228,0.7515,0.0,0.0,0.0,0.0,6.0005,19.328,0.2862,C1,word_pos,batailler,V,batailler,VER
mastère,NOUN,C1,crf_first_attested,9.3035,0.7305,0.0,0.0,0.0,0.0,9.3035,2.0587,0.7305,,,,,,,,,crf_only,mastère,N,,
inter,NOUN,C1,beacco,9.3035,0.7304,0.0,0.0,0.3618,0.0,9.3035,0.0,0.7304,0.0,0.0,0.438,0.0,0.0,0.0,0.0652,C1,word_pos,inter,N,inter,NOM
enclore,VERB,C1,beacco,9.3035,0.7262,0.0,0.0,0.2366,0.0,9.3035,0.0,0.7262,0.0,0.0,0.0,0.0,6.0005,0.0,0.1431,C1,word_pos,enclore,V,enclore,VER
flèche,NOUN,C1,beacco,9.3035,0.5625,0.0,0.3228,0.0,0.0,9.3035,0.0,0.5625,0.0,0.186,0.0,0.0,6.0005,0.0,0.3399,C1,word_pos,flèche,N,flèche,NOM
acoustique,NOUN,C1,beacco,9.3035,0.1638,0.0,0.0,0.0,0.0,9.3035,0.0,0.1638,0.0,0.0,0.0,0.0,6.0005,0.0,0.1431,C1,word_pos,acoustique,N,acoustique,NOM
adhésif,NOUN,C1,crf_first_attested,9.3035,0.1638,0.0,0.0,0.0,0.0,9.3035,0.0,0.1638,,,,,,,,,crf_only,adhésif,N,,
admiratif,ADJ,C1,beacco,9.3035,0.1638,0.0,0.0,0.0,0.0,9.3035,0.0,0.1638,0.0,0.0,0.0,0.0,6.0005,0.0,0.1431,C1,word_pos,admiratif,A,admiratif,ADJ
adosser,VERB,C1,beacco,9.3035,0.1638,0.0,0.0,0.0,0.0,9.3035,0.0,0.1638,0.0,0.0,0.0,0.0,6.0005,0.0,0.1431,C1,word_pos,adosser,V,adosser,VER
aggiornamento,NOUN,C1,beacco,9.3035,0.1638,0.0,0.0,0.0,0.0,9.3035,0.0,0.1638,0.0,0.0,0.0,0.0,6.0005,0.0,0.1431,C1,word_pos,aggiornamento,N,aggiornamento,NOM
agrégation,NOUN,C1,beacco,9.3035,0.1638,0.0,0.0,0.0,0.0,9.3035,0.0,0.1638,0.0,0.0,0.0,0.0,6.0005,0.0,0.1431,C1,word_pos,agrégation,N,agrégation,NOM
allogène,ADJ,C1,beacco,9.3035,0.1638,0.0,0.0,0.0,0.0,9.3035,0.0,0.1638,0.0,0.0,0.0,0.0,6.0005,0.0,0.1431,C1,word_pos,allogène,A,allogène,ADJ
appuie - tête,NOUN,C1,crf_first_attested,9.3035,0.1638,0.0,0.0,0.0,0.0,9.3035,0.0,0.1638,,,,,,,,,crf_only,appuie - tête,N,,
arroger,VERB,C1,beacco,9.3035,0.1638,0.0,0.0,0.0,0.0,9.3035,0.0,0.1638,0.0,0.0,0.0,0.0,12.0009,0.0,0.2862,C1,word_pos,arroger,V,arroger,VER
autoradio,NOUN,C1,beacco,9.3035,0.1638,0.0,0.0,0.0,0.0,9.3035,0.0,0.1638,0.0,0.0,0.0,0.0,6.0005,0.0,0.1431,C1,word_pos,autoradio,N,autoradio,NOM
back,X,C1,crf_first_attested,9.3035,0.1638,0.0,0.0,0.0,0.0,9.3035,0.0,0.1638,,,,,,,,,crf_only,back,X,,
banania,X,C1,crf_first_attested,9.3035,0.1638,0.0,0.0,0.0,0.0,9.3035,0.0,0.1638,,,,,,,,,crf_only,banania,X,,
bien - aimé,NOUN,C1,crf_first_attested,9.3035,0.1638,0.0,0.0,0.0,0.0,9.3035,0.0,0.1638,,,,,,,,,crf_only,bien - aimé,N,,
bigarrer,VERB,C1,crf_first_attested,9.3035,0.1638,0.0,0.0,0.0,0.0,9.3035,0.0,0.1638,,,,,,,,,crf_only,bigarrer,V,,
bio - ingénierie,NOUN,C1,crf_first_attested,9.3035,0.1638,0.0,0.0,0.0,0.0,9.3035,0.0,0.1638,,,,,,,,,crf_only,bio - ingénierie,N,,
blet,ADJ,C1,beacco,9.3035,0.1638,0.0,0.0,0.0,0.0,9.3035,0.0,0.1638,0.0,0.0,0.0,0.0,6.0005,0.0,0.1431,C1,word_pos,blet,A,blet,ADJ
bonheur high - tech,NOUN,C1,crf_first_attested,9.3035,0.1638,0.0,0.0,0.0,0.0,9.3035,0.0,0.1638,,,,,,,,,crf_only,bonheur high - tech,N,,
brandon,NOUN,C1,beacco,9.3035,0.1638,0.0,0.0,0.0,0.0,9.3035,0.0,0.1638,0.0,0.0,0.0,0.0,6.0005,0.0,0.1431,C1,word_pos,brandon,N,brandon,NOM
brandonner,VERB,C1,beacco,9.3035,0.1638,0.0,0.0,0.0,0.0,9.3035,0.0,0.1638,0.0,0.0,0.0,0.0,6.0005,0.0,0.1431,C1,word_pos,brandonner,V,brandonner,VER
cannibale,ADJ,C1,beacco,9.3035,0.1638,0.0,0.0,0.0,0.0,9.3035,0.0,0.1638,0.0,0.0,0.0,0.0,6.0005,0.0,0.1431,C1,unique_word,cannibale,A,cannibale,NOM
chimiquement,ADV,C1,beacco,9.3035,0.1638,0.0,0.0,0.0,0.0,9.3035,0.0,0.1638,0.0,0.0,0.0,0.0,18.0014,0.0,0.4293,C1,word_pos,chimiquement,ADV,chimiquement,ADV
civiliser,VERB,C1,beacco,9.3035,0.1638,0.0,0.0,0.0,0.0,9.3035,0.0,0.1638,0.0,0.0,0.0,0.0,6.0005,0.0,0.1431,C1,word_pos,civiliser,V,civiliser,VER
claquement,NOUN,C1,beacco,9.3035,0.1638,0.0,0.0,0.0,0.0,9.3035,0.0,0.1638,0.0,0.0,0.0,0.0,6.0005,0.0,0.1431,C1,word_pos,claquement,N,claquement,NOM
clone,NOUN,C1,beacco,9.3035,0.1638,0.0,0.0,0.0,0.0,9.3035,0.0,0.1638,0.0,0.0,0.0,0.0,6.0005,0.0,0.1431,C1,word_pos,clone,N,clone,NOM
collégial,ADJ,C1,beacco,9.3035,0.1638,0.0,0.0,0.0,0.0,9.3035,0.0,0.1638,0.0,0.0,0.0,0.0,6.0005,0.0,0.1431,C1,word_pos,collégial,A,collégial,ADJ
condensé,ADJ,C1,crf_first_attested,9.3035,0.1638,0.0,0.0,0.0,0.0,9.3035,0.0,0.1638,,,,,,,,,crf_only,condensé,A,,
contaminer,VERB,C1,beacco,9.3035,0.1638,0.0,0.0,0.0,0.0,9.3035,0.0,0.1638,0.0,0.0,0.0,0.0,12.0009,0.0,0.2862,C1,word_pos,contaminer,V,contaminer,VER
coquetterie,NOUN,C1,beacco,9.3035,0.1638,0.0,0.0,0.0,0.0,9.3035,0.0,0.1638,0.0,0.0,0.0,0.0,6.0005,0.0,0.1431,C1,word_pos,coquetterie,N,coquetterie,NOM
depuis lors,ADV,C1,crf_first_attested,9.3035,0.1638,0.0,0.0,0.0,0.0,9.3035,0.0,0.1638,,,,,,,,,crf_only,depuis lors,ADV,,
distillation,NOUN,C1,beacco,9.3035,0.1638,0.0,0.0,0.0,0.0,9.3035,0.0,0.1638,0.0,0.0,0.0,0.0,18.0014,0.0,0.4293,C1,word_pos,distillation,N,distillation,NOM
domaine d' avant - garde,NOUN,C1,crf_first_attested,9.3035,0.1638,0.0,0.0,0.0,0.0,9.3035,0.0,0.1638,,,,,,,,,crf_only,domaine d' avant - garde,N,,
domotique,NOUN,C1,crf_first_attested,9.3035,0.1638,0.0,0.0,0.0,0.0,9.3035,0.0,0.1638,,,,,,,,,crf_only,domotique,N,,
décodeur,NOUN,C1,beacco,9.3035,0.1638,0.0,0.0,0.0,0.0,9.3035,0.0,0.1638,0.0,0.0,0.0,0.0,6.0005,0.0,0.1431,C1,word_pos,décodeur,N,décodeur,NOM
dénégation,NOUN,C1,beacco,9.3035,0.1638,0.0,0.0,0.0,0.0,9.3035,0.0,0.1638,0.0,0.0,0.0,0.0,6.0005,0.0,0.1431,C1,word_pos,dénégation,N,dénégation,NOM
emagium,ADJ,C1,crf_first_attested,9.3035,0.1638,0.0,0.0,0.0,0.0,9.3035,0.0,0.1638,,,,,,,,,crf_only,emagium,A,,
emagium,NOUN,C1,crf_first_attested,9.3035,0.1638,0.0,0.0,0.0,0.0,9.3035,0.0,0.1638,,,,,,,,,crf_only,emagium,N,,
empêtrer,VERB,C1,beacco,9.3035,0.1638,0.0,0.0,0.0,0.0,9.3035,0.0,0.1638,0.0,0.0,0.0,0.0,6.0005,0.0,0.1431,C1,word_pos,empêtrer,V,empêtrer,VER
encablure,NOUN,C1,beacco,9.3035,0.1638,0.0,0.0,0.0,0.0,9.3035,0.0,0.1638,0.0,0.0,0.0,0.0,6.0005,0.0,0.1431,C1,word_pos,encablure,N,encablure,NOM
enchevêtrement,NOUN,C1,beacco,9.3035,0.1638,0.0,0.0,0.0,0.0,9.3035,0.0,0.1638,0.0,0.0,0.0,0.0,6.0005,0.0,0.1431,C1,word_pos,enchevêtrement,N,enchevêtrement,NOM
encyclopédique,ADJ,C1,beacco,9.3035,0.1638,0.0,0.0,0.0,0.0,9.3035,0.0,0.1638,0.0,0.0,0.0,0.0,6.0005,0.0,0.1431,C1,word_pos,encyclopédique,A,encyclopédique,ADJ
entrecroiser,VERB,C1,beacco,9.3035,0.1638,0.0,0.0,0.0,0.0,9.3035,0.0,0.1638,0.0,0.0,0.0,0.0,6.0005,0.0,0.1431,C1,word_pos,entrecroiser,V,entrecroiser,VER
filage,NOUN,C1,beacco,9.3035,0.1638,0.0,0.0,0.0,0.0,9.3035,0.0,0.1638,0.0,0.0,0.0,0.0,6.0005,0.0,0.1431,C1,word_pos,filage,N,filage,NOM
firmament,NOUN,C1,beacco,9.3035,0.1638,0.0,0.0,0.0,0.0,9.3035,0.0,0.1638,0.0,0.0,0.0,0.0,6.0005,0.0,0.1431,C1,word_pos,firmament,N,firmament,NOM
fonctionnaliste,ADJ,C1,beacco,9.3035,0.1638,0.0,0.0,0.0,0.0,9.3035,0.0,0.1638,0.0,0.0,0.0,0.0,6.0005,0.0,0.1431,C1,word_pos,fonctionnaliste,A,fonctionnaliste,ADJ
galant,NOUN,C1,beacco,9.3035,0.1638,0.0,0.0,0.0,0.0,9.3035,0.0,0.1638,0.0,0.0,0.0,0.0,6.0005,0.0,0.1431,C1,word_pos,galant,N,galant,NOM
guidage,NOUN,C1,beacco,9.3035,0.1638,0.0,0.0,0.0,0.0,9.3035,0.0,0.1638,0.0,0.0,0.0,0.0,6.0005,0.0,0.1431,C1,word_pos,guidage,N,guidage,NOM
homme - enfant,NOUN,C1,crf_first_attested,9.3035,0.1638,0.0,0.0,0.0,0.0,9.3035,0.0,0.1638,,,,,,,,,crf_only,homme - enfant,N,,
hydrodynamique,ADJ,C1,beacco,9.3035,0.1638,0.0,0.0,0.0,0.0,9.3035,0.0,0.1638,0.0,0.0,0.0,0.0,6.0005,0.0,0.1431,C1,word_pos,hydrodynamique,A,hydrodynamique,ADJ
iiie,ADJ,C1,crf_first_attested,9.3035,0.1638,0.0,0.0,0.0,0.0,9.3035,0.0,0.1638,,,,,,,,,crf_only,iiie,A,,
individuation,NOUN,C1,beacco,9.3035,0.1638,0.0,0.0,0.0,0.0,9.3035,0.0,0.1638,0.0,0.0,0.0,0.0,6.0005,0.0,0.1431,C1,word_pos,individuation,N,individuation,NOM
intercommunal,ADJ,C1,beacco,9.3035,0.1638,0.0,0.0,0.0,0.0,9.3035,0.0,0.1638,0.0,0.0,0.0,0.0,12.0009,0.0,0.2862,C1,word_pos,intercommunal,A,intercommunal,ADJ
interrupteur,NOUN,C1,beacco,9.3035,0.1638,0.0,0.0,0.0,0.0,9.3035,0.0,0.1638,0.0,0.0,0.0,0.0,6.0005,0.0,0.1431,C1,word_pos,interrupteur,N,interrupteur,NOM
introvertir,VERB,C1,crf_first_attested,9.3035,0.1638,0.0,0.0,0.0,0.0,9.3035,0.0,0.1638,,,,,,,,,crf_only,introvertir,V,,
junior,ADJ,C1,beacco,9.3035,0.1638,0.0,0.0,0.0,0.0,9.3035,0.0,0.1638,0.0,0.0,0.0,0.0,6.0005,0.0,0.1431,C1,word_pos,junior,A,junior,ADJ
kyrielle,NOUN,C1,beacco,9.3035,0.1638,0.0,0.0,0.0,0.0,9.3035,0.0,0.1638,0.0,0.0,0.0,0.0,6.0005,0.0,0.1431,C1,word_pos,kyrielle,N,kyrielle,NOM
laqué,NOUN,C1,crf_first_attested,9.3035,0.1638,0.0,0.0,0.0,0.0,9.3035,0.0,0.1638,,,,,,,,,crf_only,laqué,N,,
lieux,NOUN,C1,crf_first_attested,9.3035,0.1638,0.0,0.0,0.0,0.0,9.3035,0.0,0.1638,,,,,,,,,crf_only,lieux,N,,
limousine,NOUN,C1,crf_first_attested,9.3035,0.1638,0.0,0.0,0.0,0.0,9.3035,0.0,0.1638,,,,,,,,,crf_only,limousine,N,,
lisible,ADJ,C1,beacco,9.3035,0.1638,0.0,0.0,0.0,0.0,9.3035,0.0,0.1638,0.0,0.0,0.0,0.0,6.0005,0.0,0.1431,C1,word_pos,lisible,A,lisible,ADJ
marabouter,NOUN,C1,beacco,9.3035,0.1638,0.0,0.0,0.0,0.0,9.3035,0.0,0.1638,0.0,0.0,0.0,0.0,6.0005,0.0,0.1431,C1,unique_word,marabouter,N,marabouter,VER
mouillage,NOUN,C1,beacco,9.3035,0.1638,0.0,0.0,0.0,0.0,9.3035,0.0,0.1638,0.0,0.0,0.0,0.0,6.0005,0.0,0.1431,C1,word_pos,mouillage,N,mouillage,NOM
musique new - age,NOUN,C1,crf_first_attested,9.3035,0.1638,0.0,0.0,0.0,0.0,9.3035,0.0,0.1638,,,,,,,,,crf_only,musique new - age,N,,
mûr,ADJ,C1,beacco,9.3035,0.1638,0.0,0.0,0.0,0.0,9.3035,0.0,0.1638,0.0,0.0,0.0,0.0,6.0005,0.0,0.1431,C1,word_pos,mûr,A,mûr,ADJ
nec,X,C1,crf_first_attested,9.3035,0.1638,0.0,0.0,0.0,0.0,9.3035,0.0,0.1638,,,,,,,,,crf_only,nec,X,,
neurobiologie,NOUN,C1,beacco,9.3035,0.1638,0.0,0.0,0.0,0.0,9.3035,0.0,0.1638,0.0,0.0,0.0,0.0,6.0005,0.0,0.1431,C1,word_pos,neurobiologie,N,neurobiologie,NOM
neurologie,NOUN,C1,beacco,9.3035,0.1638,0.0,0.0,0.0,0.0,9.3035,0.0,0.1638,0.0,0.0,0.0,0.0,6.0005,0.0,0.1431,C1,word_pos,neurologie,N,neurologie,NOM
nicher,VERB,C1,beacco,9.3035,0.1638,0.0,0.0,0.0,0.0,9.3035,0.0,0.1638,0.0,0.0,0.0,0.0,6.0005,0.0,0.1431,C1,word_pos,nicher,V,nicher,VER
non content,ADV,C1,crf_first_attested,9.3035,0.1638,0.0,0.0,0.0,0.0,9.3035,0.0,0.1638,,,,,,,,,crf_only,non content,ADV,,
normalité,NOUN,C1,beacco,9.3035,0.1638,0.0,0.0,0.0,0.0,9.3035,0.0,0.1638,0.0,0.0,0.0,0.0,6.0005,0.0,0.1431,C1,word_pos,normalité,N,normalité,NOM
nucléation,NOUN,C1,crf_first_attested,9.3035,0.1638,0.0,0.0,0.0,0.0,9.3035,0.0,0.1638,,,,,,,,,crf_only,nucléation,N,,
nul,DET,C1,crf_first_attested,9.3035,0.1638,0.0,0.0,0.0,0.0,9.3035,0.0,0.1638,,,,,,,,,crf_only,nul,DET,,
néophyte,NOUN,C1,beacco,9.3035,0.1638,0.0,0.0,0.0,0.0,9.3035,0.0,0.1638,0.0,0.0,0.0,0.0,6.0005,0.0,0.1431,C1,word_pos,néophyte,N,néophyte,NOM
omettre,VERB,C1,beacco,9.3035,0.1638,0.0,0.0,0.0,0.0,9.3035,0.0,0.1638,0.0,0.0,0.0,0.0,6.0005,0.0,0.1431,C1,word_pos,omettre,V,omettre,VER
paramétrer,VERB,C1,crf_first_attested,9.3035,0.1638,0.0,0.0,0.0,0.0,9.3035,0.0,0.1638,,,,,,,,,crf_only,paramétrer,V,,
parfumerie,NOUN,C1,beacco,9.3035,0.1638,0.0,0.0,0.0,0.0,9.3035,0.0,0.1638,0.0,0.0,0.0,0.0,18.0014,0.0,0.4293,C1,word_pos,parfumerie,N,parfumerie,NOM
pigment,NOUN,C1,beacco,9.3035,0.1638,0.0,0.0,0.0,0.0,9.3035,0.0,0.1638,0.0,0.0,0.0,0.0,18.0014,0.0,0.4293,C1,word_pos,pigment,N,pigment,NOM
planette,NOUN,C1,beacco,9.3035,0.1638,0.0,0.0,0.0,0.0,9.3035,0.0,0.1638,0.0,0.0,0.0,0.0,6.0005,0.0,0.1431,C1,word_pos,planette,N,planette,NOM
plasma,X,C1,beacco,9.3035,0.1638,0.0,0.0,0.0,0.0,9.3035,0.0,0.1638,0.0,0.0,0.0,0.0,6.0005,0.0,0.1431,C1,unique_word,plasma,X,plasma,NOM
polymère,ADJ,C1,beacco,9.3035,0.1638,0.0,0.0,0.0,0.0,9.3035,0.0,0.1638,0.0,0.0,0.0,0.0,6.0005,0.0,0.1431,C1,word_pos,polymère,A,polymère,ADJ
pool,NOUN,C1,beacco,9.3035,0.1638,0.0,0.0,0.0,0.0,9.3035,0.0,0.1638,0.0,0.0,0.0,0.0,6.0005,0.0,0.1431,C1,word_pos,pool,N,pool,NOM
portatif,ADJ,C1,beacco,9.3035,0.1638,0.0,0.0,0.0,0.0,9.3035,0.0,0.1638,0.0,0.0,0.0,0.0,6.0005,0.0,0.1431,C1,word_pos,portatif,A,portatif,ADJ
prometteur,NOUN,C1,beacco,9.3035,0.1638,0.0,0.0,0.0,0.0,9.3035,0.0,0.1638,0.0,0.0,0.0,0.0,3.4423,0.0,0.0657,C1,word_pos,prometteur,N,prometteur,NOM
pulpe,NOUN,C1,beacco,9.3035,0.1638,0.0,0.0,0.0,0.0,9.3035,0.0,0.1638,0.0,0.0,0.0,0.0,18.0014,0.0,0.4293,C1,word_pos,pulpe,N,pulpe,NOM
quantique,ADJ,C1,beacco,9.3035,0.1638,0.0,0.0,0.0,0.0,9.3035,0.0,0.1638,0.0,0.0,0.0,0.0,6.0005,0.0,0.1431,C1,word_pos,quantique,A,quantique,ADJ
radio wi - fi,ADJ,C1,crf_first_attested,9.3035,0.1638,0.0,0.0,0.0,0.0,9.3035,0.0,0.1638,,,,,,,,,crf_only,radio wi - fi,A,,
radioguider,VERB,C1,beacco,9.3035,0.1638,0.0,0.0,0.0,0.0,9.3035,0.0,0.1638,0.0,0.0,0.0,0.0,6.0005,0.0,0.1431,C1,word_pos,radioguider,V,radioguider,VER
rameau,NOUN,C1,beacco,9.3035,0.1638,0.0,0.0,0.0,0.0,9.3035,0.0,0.1638,0.0,0.0,0.0,0.0,6.0005,0.0,0.1431,C1,word_pos,rameau,N,rameau,NOM
rampant,NOUN,C1,beacco,9.3035,0.1638,0.0,0.0,0.0,0.0,9.3035,0.0,0.1638,0.0,0.0,0.0,0.0,6.0005,0.0,0.1431,C1,word_pos,rampant,N,rampant,NOM
reptation,NOUN,C1,beacco,9.3035,0.1638,0.0,0.0,0.0,0.0,9.3035,0.0,0.1638,0.0,0.0,0.0,0.0,6.0005,0.0,0.1431,C1,word_pos,reptation,N,reptation,NOM
rhéologique,ADJ,C1,beacco,9.3035,0.1638,0.0,0.0,0.0,0.0,9.3035,0.0,0.1638,0.0,0.0,0.0,0.0,6.0005,0.0,0.1431,C1,word_pos,rhéologique,A,rhéologique,ADJ
réseau wi - fi,NOUN,C1,crf_first_attested,9.3035,0.1638,0.0,0.0,0.0,0.0,9.3035,0.0,0.1638,,,,,,,,,crf_only,réseau wi - fi,N,,
résine,NOUN,C1,beacco,9.3035,0.1638,0.0,0.0,0.0,0.0,9.3035,0.0,0.1638,0.0,0.0,0.0,0.0,18.0014,0.0,0.4293,C1,word_pos,résine,N,résine,NOM
scarifier,VERB,C1,beacco,9.3035,0.1638,0.0,0.0,0.0,0.0,9.3035,0.0,0.1638,0.0,0.0,0.0,0.0,6.0005,0.0,0.1431,C1,word_pos,scarifier,V,scarifier,VER
sensibilisateur,NOUN,C1,beacco,9.3035,0.1638,0.0,0.0,0.0,0.0,9.3035,0.0,0.1638,0.0,0.0,0.0,0.0,6.0005,0.0,0.1431,C1,word_pos,sensibilisateur,N,sensibilisateur,NOM
smart,NOUN,C1,crf_first_attested,9.3035,0.1638,0.0,0.0,0.0,0.0,9.3035,0.0,0.1638,,,,,,,,,crf_only,smart,N,,
soul,ADJ,C1,beacco,9.3035,0.1638,0.0,0.0,0.0,0.0,9.3035,0.0,0.1638,0.0,0.0,0.0,0.0,6.0005,0.0,0.1431,C1,word_pos,soul,A,soul,ADJ
sous la houlette de,PREP,C1,crf_first_attested,9.3035,0.1638,0.0,0.0,0.0,0.0,9.3035,0.0,0.1638,,,,,,,,,crf_only,sous la houlette de,PREP,,
stabiliser,VERB,C1,beacco,9.3035,0.1638,0.0,0.0,0.0,0.0,9.3035,0.0,0.1638,0.0,0.0,0.0,0.0,6.0005,0.0,0.1431,C1,word_pos,stabiliser,V,stabiliser,VER
stopper,VERB,C1,beacco,9.3035,0.1638,0.0,0.0,0.0,0.0,9.3035,0.0,0.1638,0.0,0.0,0.0,0.0,6.0005,0.0,0.1431,C1,word_pos,stopper,V,stopper,VER
stressant,ADJ,C1,beacco,9.3035,0.1638,0.0,0.0,0.0,0.0,9.3035,0.0,0.1638,0.0,0.0,0.0,0.0,18.0014,0.0,0.4293,C1,word_pos,stressant,A,stressant,ADJ
supraconducteur,NOUN,C1,beacco,9.3035,0.1638,0.0,0.0,0.0,0.0,9.3035,0.0,0.1638,0.0,0.0,0.0,0.0,6.0005,0.0,0.1431,C1,word_pos,supraconducteur,N,supraconducteur,NOM
swatch,NOUN,C1,crf_first_attested,9.3035,0.1638,0.0,0.0,0.0,0.0,9.3035,0.0,0.1638,,,,,,,,,crf_only,swatch,N,,
synergie,NOUN,C1,beacco,9.3035,0.1638,0.0,0.0,0.0,0.0,9.3035,0.0,0.1638,0.0,0.0,0.0,0.0,6.0005,0.0,0.1431,C1,word_pos,synergie,N,synergie,NOM
technophile,ADJ,C1,beacco,9.3035,0.1638,0.0,0.0,0.0,0.0,9.3035,0.0,0.1638,0.0,0.0,0.0,0.0,6.0005,0.0,0.1431,C1,word_pos,technophile,A,technophile,ADJ
tennistique,ADJ,C1,beacco,9.3035,0.1638,0.0,0.0,0.0,0.0,9.3035,0.0,0.1638,0.0,0.0,0.0,0.0,6.0005,0.0,0.1431,C1,word_pos,tennistique,A,tennistique,ADJ
typhus,NOUN,C1,beacco,9.3035,0.1638,0.0,0.0,0.0,0.0,9.3035,0.0,0.1638,0.0,0.0,0.0,0.0,18.0014,0.0,0.4293,C1,word_pos,typhus,N,typhus,NOM
utilitariste,ADJ,C1,beacco,9.3035,0.1638,0.0,0.0,0.0,0.0,9.3035,0.0,0.1638,0.0,0.0,0.0,0.0,6.0005,0.0,0.1431,C1,word_pos,utilitariste,A,utilitariste,ADJ
verticale,NOUN,C1,crf_first_attested,9.3035,0.1638,0.0,0.0,0.0,0.0,9.3035,0.0,0.1638,,,,,,,,,crf_only,verticale,N,,
zen,ADJ,C1,beacco,9.3035,0.1638,0.0,0.0,0.0,0.0,9.3035,0.0,0.1638,0.0,0.0,0.0,0.0,6.0005,0.0,0.1431,C1,word_pos,zen,A,zen,ADJ
élasticité,NOUN,C1,beacco,9.3035,0.1638,0.0,0.0,0.0,0.0,9.3035,0.0,0.1638,0.0,0.0,0.0,0.0,6.0005,0.0,0.1431,C1,word_pos,élasticité,N,élasticité,NOM
express,NOUN,C1,beacco,8.2781,0.1951,,,,,,,,0.0,0.0,0.0,0.0,8.2781,0.0,0.1951,C1,beacco_only,,,express,NOM
constance,NOUN,C1,beacco,8.2019,2.4712,0.0,0.0,6.3256,0.0,8.2019,0.0,2.4712,0.0,0.0,0.0,0.0,4.139,0.0,0.0975,C1,word_pos,constance,N,constance,NOM
modéré,ADJ,C1,beacco,8.2019,1.4793,0.0,0.2527,0.0,0.0,8.2019,9.6228,1.4793,0.0,0.0,0.0,0.0,8.2781,0.0,0.1951,C1,word_pos,modéré,A,modéré,ADJ
en clair,ADV,C1,crf_first_attested,8.2019,1.1618,0.0,0.0,0.0,0.0,8.2019,19.4814,1.1618,,,,,,,,,crf_only,en clair,ADV,,
strate,NOUN,C1,beacco,8.2019,1.047,0.0,0.0,0.0,0.0,8.2019,12.9876,1.047,0.0,0.0,0.0,0.0,4.139,12.833,0.1951,C1,word_pos,strate,N,strate,NOM
déprime,NOUN,C1,beacco,8.2019,0.9498,0.0,0.0,0.1812,0.0,8.2019,0.0,0.9498,0.0,0.0,0.37,0.0,0.0,0.0,0.0944,C1,word_pos,déprime,N,déprime,NOM
apôtre,NOUN,C1,beacco,8.2019,0.8447,0.0,0.1076,0.0,0.0,8.2019,0.0,0.8447,0.0,0.186,0.0,0.0,4.139,0.0,0.3519,C1,word_pos,apôtre,N,apôtre,NOM
trente,NOUN,C1,beacco,8.2019,0.7604,0.0,0.0,0.2916,0.0,8.2019,0.0,0.7604,0.0,0.0,0.0,0.0,4.139,0.0,0.0975,C1,word_pos,trente,N,trente,NOM
alter,X,C1,crf_first_attested,8.2019,0.1444,0.0,0.0,0.0,0.0,8.2019,0.0,0.1444,,,,,,,,,crf_only,alter,X,,
alter,NOUN,C1,crf_first_attested,8.2019,0.1444,0.0,0.0,0.0,0.0,8.2019,0.0,0.1444,,,,,,,,,crf_only,alter,N,,
altermondialisation,NOUN,C1,crf_first_attested,8.2019,0.1444,0.0,0.0,0.0,0.0,8.2019,0.0,0.1444,,,,,,,,,crf_only,altermondialisation,N,,
américanisation,NOUN,C1,beacco,8.2019,0.1444,0.0,0.0,0.0,0.0,8.2019,0.0,0.1444,0.0,0.0,0.0,0.0,4.139,0.0,0.0975,C1,word_pos,américanisation,N,américanisation,NOM
assigner,VERB,C1,beacco,8.2019,0.1444,0.0,0.0,0.0,0.0,8.2019,0.0,0.1444,0.0,0.0,0.0,0.0,4.139,0.0,0.0975,C1,word_pos,assigner,V,assigner,VER
asymétrique,ADJ,C1,beacco,8.2019,0.1444,0.0,0.0,0.0,0.0,8.2019,0.0,0.1444,0.0,0.0,0.0,0.0,4.139,0.0,0.0975,C1,word_pos,asymétrique,A,asymétrique,ADJ
avoir traire,VERB,C1,crf_first_attested,8.2019,0.1444,0.0,0.0,0.0,0.0,8.2019,0.0,0.1444,,,,,,,,,crf_only,avoir traire,V,,
aérosol,NOUN,C1,beacco,8.2019,0.1444,0.0,0.0,0.0,0.0,8.2019,0.0,0.1444,0.0,0.0,0.0,0.0,8.2781,0.0,0.1951,C1,word_pos,aérosol,N,aérosol,NOM
bactérien,ADJ,C1,beacco,8.2019,0.1444,0.0,0.0,0.0,0.0,8.2019,0.0,0.1444,0.0,0.0,0.0,0.0,8.2781,0.0,0.1951,C1,word_pos,bactérien,A,bactérien,ADJ
barthésienne,ADJ,C1,crf_first_attested,8.2019,0.1444,0.0,0.0,0.0,0.0,8.2019,0.0,0.1444,,,,,,,,,crf_only,barthésienne,A,,
camouflage,NOUN,C1,beacco,8.2019,0.1444,0.0,0.0,0.0,0.0,8.2019,0.0,0.1444,0.0,0.0,0.0,0.0,8.2781,0.0,0.1951,C1,word_pos,camouflage,N,camouflage,NOM
center,X,C1,crf_first_attested,8.2019,0.1444,0.0,0.0,0.0,0.0,8.2019,0.0,0.1444,,,,,,,,,crf_only,center,X,,
cobaye,NOUN,C1,beacco,8.2019,0.1444,0.0,0.0,0.0,0.0,8.2019,0.0,0.1444,0.0,0.0,0.0,0.0,8.2781,0.0,0.1951,C1,word_pos,cobaye,N,cobaye,NOM
communautariste,NOUN,C1,crf_first_attested,8.2019,0.1444,0.0,0.0,0.0,0.0,8.2019,0.0,0.1444,,,,,,,,,crf_only,communautariste,N,,
communautariste,ADJ,C1,crf_first_attested,8.2019,0.1444,0.0,0.0,0.0,0.0,8.2019,0.0,0.1444,,,,,,,,,crf_only,communautariste,A,,
créolisation,NOUN,C1,crf_first_attested,8.2019,0.1444,0.0,0.0,0.0,0.0,8.2019,0.0,0.1444,,,,,,,,,crf_only,créolisation,N,,
discrédit,NOUN,C1,beacco,8.2019,0.1444,0.0,0.0,0.0,0.0,8.2019,0.0,0.1444,0.0,0.0,0.0,0.0,4.139,0.0,0.0975,C1,word_pos,discrédit,N,discrédit,NOM
dissolution,NOUN,C1,beacco,8.2019,0.1444,0.0,0.0,0.0,0.0,8.2019,0.0,0.1444,0.0,0.0,0.0,0.0,4.139,0.0,0.0975,C1,word_pos,dissolution,N,dissolution,NOM
dramatiser,VERB,C1,beacco,8.2019,0.1444,0.0,0.0,0.0,0.0,8.2019,0.0,0.1444,0.0,0.0,0.0,0.0,4.139,0.0,0.0975,C1,word_pos,dramatiser,V,dramatiser,VER
déconstruction,NOUN,C1,beacco,8.2019,0.1444,0.0,0.0,0.0,0.0,8.2019,0.0,0.1444,0.0,0.0,0.0,0.0,4.139,0.0,0.0975,C1,word_pos,déconstruction,N,déconstruction,NOM
déculpabiliser,VERB,C1,beacco,8.2019,0.1444,0.0,0.0,0.0,0.0,8.2019,0.0,0.1444,0.0,0.0,0.0,0.0,8.2781,0.0,0.1951,C1,word_pos,déculpabiliser,V,déculpabiliser,VER
dém,NOUN,C1,crf_first_attested,8.2019,0.1444,0.0,0.0,0.0,0.0,8.2019,0.0,0.1444,,,,,,,,,crf_only,dém,N,,
désenchanté,ADJ,C1,crf_first_attested,8.2019,0.1444,0.0,0.0,0.0,0.0,8.2019,0.0,0.1444,,,,,,,,,crf_only,désenchanté,A,,
effeuillage,NOUN,C1,beacco,8.2019,0.1444,0.0,0.0,0.0,0.0,8.2019,0.0,0.1444,0.0,0.0,0.0,0.0,4.139,0.0,0.0975,C1,word_pos,effeuillage,N,effeuillage,NOM
empêcheur,NOUN,C1,beacco,8.2019,0.1444,0.0,0.0,0.0,0.0,8.2019,0.0,0.1444,0.0,0.0,0.0,0.0,4.139,0.0,0.0975,C1,word_pos,empêcheur,N,empêcheur,NOM
en l' occurrence misère,ADV,C1,crf_first_attested,8.2019,0.1444,0.0,0.0,0.0,0.0,8.2019,0.0,0.1444,,,,,,,,,crf_only,en l' occurrence misère,ADV,,
frondeur,ADJ,C1,beacco,8.2019,0.1444,0.0,0.0,0.0,0.0,8.2019,0.0,0.1444,0.0,0.0,0.0,0.0,4.139,0.0,0.0975,C1,unique_word,frondeur,A,frondeur,NOM
fécond,ADJ,C1,beacco,8.2019,0.1444,0.0,0.0,0.0,0.0,8.2019,0.0,0.1444,0.0,0.0,0.0,0.0,4.139,0.0,0.0975,C1,word_pos,fécond,A,fécond,ADJ
ghetto,NOUN,C1,beacco,8.2019,0.1444,0.0,0.0,0.0,0.0,8.2019,0.0,0.1444,0.0,0.0,0.0,0.0,12.4171,0.0,0.2926,C1,word_pos,ghetto,N,ghetto,NOM
globalization,NOUN,C1,crf_first_attested,8.2019,0.1444,0.0,0.0,0.0,0.0,8.2019,0.0,0.1444,,,,,,,,,crf_only,globalization,N,,
halieutique,ADJ,C1,beacco,8.2019,0.1444,0.0,0.0,0.0,0.0,8.2019,0.0,0.1444,0.0,0.0,0.0,0.0,4.139,0.0,0.0975,C1,word_pos,halieutique,A,halieutique,ADJ
herméneutique,NOUN,C1,beacco,8.2019,0.1444,0.0,0.0,0.0,0.0,8.2019,0.0,0.1444,0.0,0.0,0.0,0.0,4.139,0.0,0.0975,C1,word_pos,herméneutique,N,herméneutique,NOM
hostilité,NOUN,C1,beacco,8.2019,0.1444,0.0,0.0,0.0,0.0,8.2019,0.0,0.1444,0.0,0.0,0.0,0.0,8.2781,0.0,0.1951,C1,word_pos,hostilité,N,hostilité,NOM
hybridation,NOUN,C1,beacco,8.2019,0.1444,0.0,0.0,0.0,0.0,8.2019,0.0,0.1444,0.0,0.0,0.0,0.0,4.139,0.0,0.0975,C1,word_pos,hybridation,N,hybridation,NOM
idiosyncrasie,NOUN,C1,beacco,8.2019,0.1444,0.0,0.0,0.0,0.0,8.2019,0.0,0.1444,0.0,0.0,0.0,0.0,4.139,0.0,0.0975,C1,word_pos,idiosyncrasie,N,idiosyncrasie,NOM
illico,ADV,C1,beacco,8.2019,0.1444,0.0,0.0,0.0,0.0,8.2019,0.0,0.1444,0.0,0.0,0.0,0.0,4.139,0.0,0.0975,C1,word_pos,illico,ADV,illico,ADV
indifféremment,ADV,C1,beacco,8.2019,0.1444,0.0,0.0,0.0,0.0,8.2019,0.0,0.1444,0.0,0.0,0.0,0.0,4.139,0.0,0.0975,C1,word_pos,indifféremment,ADV,indifféremment,ADV
individualité,NOUN,C1,beacco,8.2019,0.1444,0.0,0.0,0.0,0.0,8.2019,0.0,0.1444,0.0,0.0,0.0,0.0,4.139,0.0,0.0975,C1,word_pos,individualité,N,individualité,NOM
informationnel,ADJ,C1,beacco,8.2019,0.1444,0.0,0.0,0.0,0.0,8.2019,0.0,0.1444,0.0,0.0,0.0,0.0,4.139,0.0,0.0975,C1,word_pos,informationnel,A,informationnel,ADJ
insatisfaction,NOUN,C1,beacco,8.2019,0.1444,0.0,0.0,0.0,0.0,8.2019,0.0,0.1444,0.0,0.0,0.0,0.0,4.139,0.0,0.0975,C1,word_pos,insatisfaction,N,insatisfaction,NOM
intelligibilité,NOUN,C1,beacco,8.2019,0.1444,0.0,0.0,0.0,0.0,8.2019,0.0,0.1444,0.0,0.0,0.0,0.0,4.139,0.0,0.0975,C1,word_pos,intelligibilité,N,intelligibilité,NOM
interdépendant,ADJ,C1,beacco,8.2019,0.1444,0.0,0.0,0.0,0.0,8.2019,0.0,0.1444,0.0,0.0,0.0,0.0,4.139,0.0,0.0975,C1,word_pos,interdépendant,A,interdépendant,ADJ
jusque au nomadisme de,PREP,C1,crf_first_attested,8.2019,0.1444,0.0,0.0,0.0,0.0,8.2019,0.0,0.1444,,,,,,,,,crf_only,jusque au nomadisme de,PREP,,
macdonaldisation,NOUN,C1,crf_first_attested,8.2019,0.1444,0.0,0.0,0.0,0.0,8.2019,0.0,0.1444,,,,,,,,,crf_only,macdonaldisation,N,,
mondialiser,VERB,C1,beacco,8.2019,0.1444,0.0,0.0,0.0,0.0,8.2019,0.0,0.1444,0.0,0.0,0.0,0.0,4.139,0.0,0.0975,C1,word_pos,mondialiser,V,mondialiser,VER
morosité,NOUN,C1,beacco,8.2019,0.1444,0.0,0.0,0.0,0.0,8.2019,0.0,0.1444,0.0,0.0,0.0,0.0,4.139,0.0,0.0975,C1,word_pos,morosité,N,morosité,NOM
mouver,VERB,C1,beacco,8.2019,0.1444,0.0,0.0,0.0,0.0,8.2019,0.0,0.1444,0.0,0.0,0.0,0.0,4.139,0.0,0.0975,C1,word_pos,mouver,V,mouver,VER
métaphore,NOUN,C1,beacco,8.2019,0.1444,0.0,0.0,0.0,0.0,8.2019,0.0,0.1444,0.0,0.0,0.0,0.0,4.139,0.0,0.0975,C1,word_pos,métaphore,N,métaphore,NOM
nante,ADJ,C1,crf_first_attested,8.2019,0.1444,0.0,0.0,0.0,0.0,8.2019,0.0,0.1444,,,,,,,,,crf_only,nante,A,,
occidentalisation,NOUN,C1,beacco,8.2019,0.1444,0.0,0.0,0.0,0.0,8.2019,0.0,0.1444,0.0,0.0,0.0,0.0,4.139,0.0,0.0975,C1,word_pos,occidentalisation,N,occidentalisation,NOM
océanographe,NOUN,C1,beacco,8.2019,0.1444,0.0,0.0,0.0,0.0,8.2019,0.0,0.1444,0.0,0.0,0.0,0.0,8.2781,0.0,0.1951,C1,word_pos,océanographe,N,océanographe,NOM
par le bas,ADV,C1,crf_first_attested,8.2019,0.1444,0.0,0.0,0.0,0.0,8.2019,0.0,0.1444,,,,,,,,,crf_only,par le bas,ADV,,
paradigme,NOUN,C1,beacco,8.2019,0.1444,0.0,0.0,0.0,0.0,8.2019,0.0,0.1444,0.0,0.0,0.0,0.0,4.139,0.0,0.0975,C1,word_pos,paradigme,N,paradigme,NOM
pictural,ADJ,C1,beacco,8.2019,0.1444,0.0,0.0,0.0,0.0,8.2019,0.0,0.1444,0.0,0.0,0.0,0.0,4.139,0.0,0.0975,C1,word_pos,pictural,A,pictural,ADJ
pressentir,VERB,C1,beacco,8.2019,0.1444,0.0,0.0,0.0,0.0,8.2019,0.0,0.1444,0.0,0.0,0.0,0.0,4.139,0.0,0.0975,C1,word_pos,pressentir,V,pressentir,VER
purgatoire,NOUN,C1,beacco,8.2019,0.1444,0.0,0.0,0.0,0.0,8.2019,0.0,0.1444,0.0,0.0,0.0,0.0,4.139,0.0,0.0975,C1,word_pos,purgatoire,N,purgatoire,NOM
qualificatif,ADJ,C1,beacco,8.2019,0.1444,0.0,0.0,0.0,0.0,8.2019,0.0,0.1444,0.0,0.0,0.0,0.0,4.139,0.0,0.0975,C1,unique_word,qualificatif,A,qualificatif,NOM
rale,ADJ,C1,crf_first_attested,8.2019,0.1444,0.0,0.0,0.0,0.0,8.2019,0.0,0.1444,,,,,,,,,crf_only,rale,A,,
relecture,NOUN,C1,beacco,8.2019,0.1444,0.0,0.0,0.0,0.0,8.2019,0.0,0.1444,0.0,0.0,0.0,0.0,4.139,0.0,0.0975,C1,word_pos,relecture,N,relecture,NOM
retransmettre,VERB,C1,beacco,8.2019,0.1444,0.0,0.0,0.0,0.0,8.2019,0.0,0.1444,0.0,0.0,0.0,0.0,4.139,0.0,0.0975,C1,word_pos,retransmettre,V,retransmettre,VER
social a priori,ADJ,C1,crf_first_attested,8.2019,0.1444,0.0,0.0,0.0,0.0,8.2019,0.0,0.1444,,,,,,,,,crf_only,social a priori,A,,
structural,ADJ,C1,beacco,8.2019,0.1444,0.0,0.0,0.0,0.0,8.2019,0.0,0.1444,0.0,0.0,0.0,0.0,4.139,0.0,0.0975,C1,word_pos,structural,A,structural,ADJ
stéréotypé,ADJ,C1,crf_first_attested,8.2019,0.1444,0.0,0.0,0.0,0.0,8.2019,0.0,0.1444,,,,,,,,,crf_only,stéréotypé,A,,
succédées,VERB,C1,crf_first_attested,8.2019,0.1444,0.0,0.0,0.0,0.0,8.2019,0.0,0.1444,,,,,,,,,crf_only,succédées,V,,
survol,NOUN,C1,beacco,8.2019,0.1444,0.0,0.0,0.0,0.0,8.2019,0.0,0.1444,0.0,0.0,0.0,0.0,4.139,0.0,0.0975,C1,word_pos,survol,N,survol,NOM
sémiologie,NOUN,C1,beacco,8.2019,0.1444,0.0,0.0,0.0,0.0,8.2019,0.0,0.1444,0.0,0.0,0.0,0.0,4.139,0.0,0.0975,C1,word_pos,sémiologie,N,sémiologie,NOM
tonique,ADJ,C1,beacco,8.2019,0.1444,0.0,0.0,0.0,0.0,8.2019,0.0,0.1444,0.0,0.0,0.0,0.0,4.139,0.0,0.0975,C1,word_pos,tonique,A,tonique,ADJ
trophique,ADJ,C1,beacco,8.2019,0.1444,0.0,0.0,0.0,0.0,8.2019,0.0,0.1444,0.0,0.0,0.0,0.0,8.2781,0.0,0.1951,C1,word_pos,trophique,A,trophique,ADJ
à bon droit,ADV,C1,crf_first_attested,8.2019,0.1444,0.0,0.0,0.0,0.0,8.2019,0.0,0.1444,,,,,,,,,crf_only,à bon droit,ADV,,
à cet égard,ADV,C1,crf_first_attested,8.2019,0.1444,0.0,0.0,0.0,0.0,8.2019,0.0,0.1444,,,,,,,,,crf_only,à cet égard,ADV,,
à mieux,ADV,C1,crf_first_attested,8.2019,0.1444,0.0,0.0,0.0,0.0,8.2019,0.0,0.1444,,,,,,,,,crf_only,à mieux,ADV,,
éco,X,C1,crf_first_attested,8.2019,0.1444,0.0,0.0,0.0,0.0,8.2019,0.0,0.1444,,,,,,,,,crf_only,éco,X,,
étonnamment,ADV,C1,beacco,8.2019,0.1444,0.0,0.0,0.0,0.0,8.2019,0.0,0.1444,0.0,0.0,0.0,0.0,4.139,0.0,0.0975,C1,word_pos,étonnamment,ADV,étonnamment,ADV
éveillé,ADJ,C1,crf_first_attested,8.2019,0.1444,0.0,0.0,0.0,0.0,8.2019,0.0,0.1444,,,,,,,,,crf_only,éveillé,A,,
visser,VERB,C1,beacco,8.021,1.0979,0.0,0.0,0.4732,0.0,8.021,0.0,1.0979,0.0,0.0,0.0,0.0,3.4423,0.0,0.0657,C1,word_pos,visser,V,visser,VER
anecdotique,ADJ,C1,beacco,8.021,0.1663,0.0,0.0,0.0,0.0,8.021,0.0,0.1663,0.0,0.0,0.0,0.0,3.4423,0.0,0.0657,C1,word_pos,anecdotique,A,anecdotique,ADJ
appelé,NOUN,C1,beacco,8.021,0.1663,0.0,0.0,0.0,0.0,8.021,0.0,0.1663,0.0,0.0,0.0,0.0,3.4423,0.0,0.0657,C1,word_pos,appelé,N,appelé,NOM
asservissement,NOUN,C1,beacco,8.021,0.1663,0.0,0.0,0.0,0.0,8.021,0.0,0.1663,0.0,0.0,0.0,0.0,3.4423,0.0,0.0657,C1,word_pos,asservissement,N,asservissement,NOM
cigarettier,NOUN,C1,crf_first_attested,8.021,0.1663,0.0,0.0,0.0,0.0,8.021,0.0,0.1663,,,,,,,,,crf_only,cigarettier,N,,
comportemental,ADJ,C1,beacco,8.021,0.1663,0.0,0.0,0.0,0.0,8.021,0.0,0.1663,0.0,0.0,0.0,0.0,3.4423,0.0,0.0657,C1,word_pos,comportemental,A,comportemental,ADJ
consentant,ADJ,C1,beacco,8.021,0.1663,0.0,0.0,0.0,0.0,8.021,0.0,0.1663,0.0,0.0,0.0,0.0,3.4423,0.0,0.0657,C1,word_pos,consentant,A,consentant,ADJ
contagiosité,NOUN,C1,beacco,8.021,0.1663,0.0,0.0,0.0,0.0,8.021,0.0,0.1663,0.0,0.0,0.0,0.0,3.4423,0.0,0.0657,C1,word_pos,contagiosité,N,contagiosité,NOM
contempteur,NOUN,C1,beacco,8.021,0.1663,0.0,0.0,0.0,0.0,8.021,0.0,0.1663,0.0,0.0,0.0,0.0,3.4423,0.0,0.0657,C1,word_pos,contempteur,N,contempteur,NOM
empathie,NOUN,C1,beacco,8.021,0.1663,0.0,0.0,0.0,0.0,8.021,0.0,0.1663,0.0,0.0,0.0,0.0,3.4423,0.0,0.0657,C1,word_pos,empathie,N,empathie,NOM
empathique,ADJ,C1,beacco,8.021,0.1663,0.0,0.0,0.0,0.0,8.021,0.0,0.1663,0.0,0.0,0.0,0.0,3.4423,0.0,0.0657,C1,word_pos,empathique,A,empathique,ADJ
gauloise,NOUN,C1,crf_first_attested,8.021,0.1663,0.0,0.0,0.0,0.0,8.021,0.0,0.1663,,,,,,,,,crf_only,gauloise,N,,
hygiénisme,NOUN,C1,beacco,8.021,0.1663,0.0,0.0,0.0,0.0,8.021,0.0,0.1663,0.0,0.0,0.0,0.0,3.4423,0.0,0.0657,C1,word_pos,hygiénisme,N,hygiénisme,NOM
internement,NOUN,C1,beacco,8.021,0.1663,0.0,0.0,0.0,0.0,8.021,0.0,0.1663,0.0,0.0,0.0,0.0,3.4423,0.0,0.0657,C1,word_pos,internement,N,internement,NOM
martien,ADJ,C1,beacco,8.021,0.1663,0.0,0.0,0.0,0.0,8.021,0.0,0.1663,0.0,0.0,0.0,0.0,10.3269,0.0,0.1972,C1,word_pos,martien,A,martien,ADJ
mimétisme,NOUN,C1,beacco,8.021,0.1663,0.0,0.0,0.0,0.0,8.021,0.0,0.1663,0.0,0.0,0.0,0.0,3.4423,0.0,0.0657,C1,word_pos,mimétisme,N,mimétisme,NOM
prohibition,NOUN,C1,beacco,8.021,0.1663,0.0,0.0,0.0,0.0,8.021,0.0,0.1663,0.0,0.0,0.0,0.0,3.4423,0.0,0.0657,C1,word_pos,prohibition,N,prohibition,NOM
précocement,ADV,C1,beacco,8.021,0.1663,0.0,0.0,0.0,0.0,8.021,0.0,0.1663,0.0,0.0,0.0,0.0,3.4423,0.0,0.0657,C1,word_pos,précocement,ADV,précocement,ADV
ronchon,NOUN,C1,beacco,8.021,0.1663,0.0,0.0,0.0,0.0,8.021,0.0,0.1663,0.0,0.0,0.0,0.0,3.4423,0.0,0.0657,C1,word_pos,ronchon,N,ronchon,NOM
synonyme,NOUN,C1,beacco,8.021,0.1663,0.0,0.0,0.0,0.0,8.021,0.0,0.1663,0.0,0.0,0.0,0.0,3.4423,0.0,0.0657,C1,word_pos,synonyme,N,synonyme,NOM
tabacologue,NOUN,C1,crf_first_attested,8.021,0.1663,0.0,0.0,0.0,0.0,8.021,0.0,0.1663,,,,,,,,,crf_only,tabacologue,N,,
taffe,NOUN,C1,crf_first_attested,8.021,0.1663,0.0,0.0,0.0,0.0,8.021,0.0,0.1663,,,,,,,,,crf_only,taffe,N,,
tantinet,NOUN,C1,beacco,8.021,0.1663,0.0,0.0,0.0,0.0,8.021,0.0,0.1663,0.0,0.0,0.0,0.0,3.4423,0.0,0.0657,C1,word_pos,tantinet,N,tantinet,NOM
tromperie,NOUN,C1,beacco,8.021,0.1663,0.0,0.0,0.0,0.0,8.021,0.0,0.1663,0.0,0.0,0.0,0.0,3.4423,0.0,0.0657,C1,word_pos,tromperie,N,tromperie,NOM
volute,NOUN,C1,beacco,8.021,0.1663,0.0,0.0,0.0,0.0,8.021,0.0,0.1663,0.0,0.0,0.0,0.0,3.4423,0.0,0.0657,C1,word_pos,volute,N,volute,NOM
à ce point que,CONJ,C1,crf_first_attested,8.021,0.1663,0.0,0.0,0.0,0.0,8.021,0.0,0.1663,,,,,,,,,crf_only,à ce point que,CONJS,,
éditorial,NOUN,C1,beacco,8.021,0.1663,0.0,0.0,0.0,0.0,8.021,0.0,0.1663,0.0,0.0,0.0,0.0,4.139,0.0,0.0975,C1,word_pos,éditorial,N,éditorial,NOM
remiser,VERB,C1,beacco,6.4168,7.0374,0.3158,0.0,10.9741,6.9548,6.4168,0.0,7.0374,0.0,0.0,0.5857,0.0,0.0,0.0,0.0544,C1,word_pos,remiser,V,remiser,VER
doctors,ADJ,C1,crf_first_attested,6.4168,1.4881,0.0,0.0,0.0,0.0,6.4168,48.1138,1.4881,,,,,,,,,crf_only,doctors,A,,
dormeur,NOUN,C1,beacco,6.4168,0.6796,0.0,0.0,0.2366,0.0,6.4168,0.0,0.6796,0.0,0.0,0.0,0.0,3.4423,0.0,0.0657,C1,word_pos,dormeur,N,dormeur,NOM
apple,ADJ,C1,crf_first_attested,6.4168,0.133,0.0,0.0,0.0,0.0,6.4168,0.0,0.133,,,,,,,,,crf_only,apple,A,,
aubertin,NOUN,C1,crf_first_attested,6.4168,0.133,0.0,0.0,0.0,0.0,6.4168,0.0,0.133,,,,,,,,,crf_only,aubertin,N,,
binaire,ADJ,C1,beacco,6.4168,0.133,0.0,0.0,0.0,0.0,6.4168,0.0,0.133,0.0,0.0,0.0,0.0,3.4423,0.0,0.0657,C1,unique_word,binaire,A,binaire,NOM
cadencer,VERB,C1,beacco,6.4168,0.133,0.0,0.0,0.0,0.0,6.4168,0.0,0.133,0.0,0.0,0.0,0.0,3.4423,0.0,0.0657,C1,word_pos,cadencer,V,cadencer,VER
calculer,NOUN,C1,crf_first_attested,6.4168,0.133,0.0,0.0,0.0,0.0,6.4168,0.0,0.133,,,,,,,,,crf_only,calculer,N,,
carillon,NOUN,C1,crf_first_attested,6.4168,0.133,0.0,0.0,0.0,0.0,6.4168,0.0,0.133,,,,,,,,,crf_only,carillon,N,,
cathédral,ADJ,C1,crf_first_attested,6.4168,0.133,0.0,0.0,0.0,0.0,6.4168,0.0,0.133,,,,,,,,,crf_only,cathédral,A,,
collage,NOUN,C1,beacco,6.4168,0.133,0.0,0.0,0.0,0.0,6.4168,0.0,0.133,0.0,0.0,0.0,0.0,3.4423,0.0,0.0657,C1,word_pos,collage,N,collage,NOM
donc moins,ADV,C1,crf_first_attested,6.4168,0.133,0.0,0.0,0.0,0.0,6.4168,0.0,0.133,,,,,,,,,crf_only,donc moins,ADV,,
décimal,ADJ,C1,beacco,6.4168,0.133,0.0,0.0,0.0,0.0,6.4168,0.0,0.133,0.0,0.0,0.0,0.0,3.4423,0.0,0.0657,C1,unique_word,décimal,A,décimal,NOM
encombrant,ADJ,C1,beacco,6.4168,0.133,0.0,0.0,0.0,0.0,6.4168,0.0,0.133,0.0,0.0,0.0,0.0,3.4423,0.0,0.0657,C1,word_pos,encombrant,A,encombrant,ADJ
espadrille,NOUN,C1,beacco,6.4168,0.133,0.0,0.0,0.0,0.0,6.4168,0.0,0.133,0.0,0.0,0.0,0.0,6.8846,0.0,0.1315,C1,word_pos,espadrille,N,espadrille,NOM
fourmilière,NOUN,C1,beacco,6.4168,0.133,0.0,0.0,0.0,0.0,6.4168,0.0,0.133,0.0,0.0,0.0,0.0,3.4423,0.0,0.0657,C1,word_pos,fourmilière,N,fourmilière,NOM
gravure,NOUN,C1,beacco,6.4168,0.133,0.0,0.0,0.0,0.0,6.4168,0.0,0.133,0.0,0.0,0.0,0.0,3.4423,0.0,0.0657,C1,word_pos,gravure,N,gravure,NOM
griot,NOUN,C1,beacco,6.4168,0.133,0.0,0.0,0.0,0.0,6.4168,0.0,0.133,0.0,0.0,0.0,0.0,6.8846,0.0,0.1315,C1,word_pos,griot,N,griot,NOM
gréco - latin,ADJ,C1,crf_first_attested,6.4168,0.133,0.0,0.0,0.0,0.0,6.4168,0.0,0.133,,,,,,,,,crf_only,gréco - latin,A,,
harpe,NOUN,C1,crf_first_attested,6.4168,0.133,0.0,0.0,0.0,0.0,6.4168,0.0,0.133,,,,,,,,,crf_only,harpe,N,,
inox,NOUN,C1,beacco,6.4168,0.133,0.0,0.0,0.0,0.0,6.4168,0.0,0.133,0.0,0.0,0.0,0.0,3.4423,0.0,0.0657,C1,unique_word,inox,N,inox,ADJ
insomnie,NOUN,C1,beacco,6.4168,0.133,0.0,0.0,0.0,0.0,6.4168,0.0,0.133,0.0,0.0,0.0,0.0,6.8846,0.0,0.1315,C1,word_pos,insomnie,N,insomnie,NOM
intel,NOUN,C1,crf_first_attested,6.4168,0.133,0.0,0.0,0.0,0.0,6.4168,0.0,0.133,,,,,,,,,crf_only,intel,N,,
mark,NOUN,C1,crf_first_attested,6.4168,0.133,0.0,0.0,0.0,0.0,6.4168,0.0,0.133,,,,,,,,,crf_only,mark,N,,
maître - verrier,NOUN,C1,crf_first_attested,6.4168,0.133,0.0,0.0,0.0,0.0,6.4168,0.0,0.133,,,,,,,,,crf_only,maître - verrier,N,,
mons,NOUN,C1,crf_first_attested,6.4168,0.133,0.0,0.0,0.0,0.0,6.4168,0.0,0.133,,,,,,,,,crf_only,mons,N,,
mémoires,NOUN,C1,crf_first_attested,6.4168,0.133,0.0,0.0,0.0,0.0,6.4168,0.0,0.133,,,,,,,,,crf_only,mémoires,N,,
méninges,NOUN,C1,crf_first_attested,6.4168,0.133,0.0,0.0,0.0,0.0,6.4168,0.0,0.133,,,,,,,,,crf_only,méninges,N,,
offusquer,VERB,C1,beacco,6.4168,0.133,0.0,0.0,0.0,0.0,6.4168,0.0,0.133,0.0,0.0,0.0,0.0,6.8846,0.0,0.1315,C1,word_pos,offusquer,V,offusquer,VER
perforé,ADJ,C1,crf_first_attested,6.4168,0.133,0.0,0.0,0.0,0.0,6.4168,0.0,0.133,,,,,,,,,crf_only,perforé,A,,
pomme,ADJ,C1,crf_first_attested,6.4168,0.133,0.0,0.0,0.0,0.0,6.4168,0.0,0.133,,,,,,,,,crf_only,pomme,A,,
poudrière,NOUN,C1,beacco,6.4168,0.133,0.0,0.0,0.0,0.0,6.4168,0.0,0.133,0.0,0.0,0.0,0.0,3.4423,0.0,0.0657,C1,word_pos,poudrière,N,poudrière,NOM
profanation,NOUN,C1,beacco,6.4168,0.133,0.0,0.0,0.0,0.0,6.4168,0.0,0.133,0.0,0.0,0.0,0.0,3.4423,0.0,0.0657,C1,word_pos,profanation,N,profanation,NOM
puisatier,NOUN,C1,beacco,6.4168,0.133,0.0,0.0,0.0,0.0,6.4168,0.0,0.133,0.0,0.0,0.0,0.0,3.4423,0.0,0.0657,C1,word_pos,puisatier,N,puisatier,NOM
roumain,NOUN,C1,beacco,6.4168,0.133,0.0,0.0,0.0,0.0,6.4168,0.0,0.133,0.0,0.0,0.0,0.0,3.4423,0.0,0.0657,C1,word_pos,roumain,N,roumain,NOM
sablage,NOUN,C1,beacco,6.4168,0.133,0.0,0.0,0.0,0.0,6.4168,0.0,0.133,0.0,0.0,0.0,0.0,3.4423,0.0,0.0657,C1,word_pos,sablage,N,sablage,NOM
scénographe,NOUN,C1,crf_first_attested,6.4168,0.133,0.0,0.0,0.0,0.0,6.4168,0.0,0.133,,,,,,,,,crf_only,scénographe,N,,
semi - global,ADJ,C1,crf_first_attested,6.4168,0.133,0.0,0.0,0.0,0.0,6.4168,0.0,0.133,,,,,,,,,crf_only,semi - global,A,,
sonde,NOUN,C1,beacco,6.4168,0.133,0.0,0.0,0.0,0.0,6.4168,0.0,0.133,0.0,0.0,0.0,0.0,6.8846,0.0,0.1315,C1,word_pos,sonde,N,sonde,NOM
sous l' impulsion de,PREP,C1,crf_first_attested,6.4168,0.133,0.0,0.0,0.0,0.0,6.4168,0.0,0.133,,,,,,,,,crf_only,sous l' impulsion de,PREP,,
séliste,NOUN,C1,crf_first_attested,6.4168,0.133,0.0,0.0,0.0,0.0,6.4168,0.0,0.133,,,,,,,,,crf_only,séliste,N,,
sélistes,NOUN,C1,crf_first_attested,6.4168,0.133,0.0,0.0,0.0,0.0,6.4168,0.0,0.133,,,,,,,,,crf_only,sélistes,N,,
verrier,NOUN,C1,beacco,6.4168,0.133,0.0,0.0,0.0,0.0,6.4168,0.0,0.133,0.0,0.0,0.0,0.0,3.4423,0.0,0.0657,C1,word_pos,verrier,N,verrier,NOM
assis,ADJ,C1,beacco,6.2023,7.3467,0.0,27.3481,0.4589,0.6707,6.2023,0.0,7.3467,0.0,0.0,0.0,0.0,6.0005,0.0,0.1431,C1,word_pos,assis,A,assis,ADJ
tendu,ADJ,C1,beacco,6.2023,2.4461,0.0,2.0673,1.8779,0.0,6.2023,0.0,2.4461,0.0,1.0679,0.0,0.0,0.0,0.0,0.0515,C1,word_pos,tendu,A,tendu,ADJ
contemplation,NOUN,C1,beacco,6.2023,1.073,0.0,0.5168,0.2366,0.0,6.2023,0.0,1.073,0.0,0.0,0.0,0.0,6.0005,0.0,0.1431,C1,word_pos,contemplation,N,contemplation,NOM
répercuter,VERB,C1,beacco,6.2023,0.7873,0.0,0.0,0.0,0.0,6.2023,38.491,0.7873,0.0,0.0,0.0,0.0,12.0009,19.328,0.4293,C1,word_pos,répercuter,V,répercuter,VER
ébauche,NOUN,C1,beacco,6.2023,0.7873,0.0,0.0,0.0,0.0,6.2023,38.491,0.7873,0.0,0.0,0.0,0.0,6.0005,19.328,0.2862,C1,word_pos,ébauche,N,ébauche,NOM
paon,NOUN,C1,beacco,6.2023,0.7144,0.0,0.0,0.6802,0.0,6.2023,0.0,0.7144,0.0,0.0,0.0,0.0,12.0009,0.0,0.2862,C1,word_pos,paon,N,paon,NOM
réhabiliter,VERB,C1,beacco,6.2023,0.626,0.0,0.0,0.0,2.1187,6.2023,0.0,0.626,0.0,0.0,0.0,0.0,6.0005,0.0,0.1431,C1,word_pos,réhabiliter,V,réhabiliter,VER
palette,NOUN,C1,beacco,6.2023,0.5602,0.0,0.0,0.0,0.0,6.2023,9.6228,0.5602,0.0,0.0,0.0,0.0,12.0009,19.328,0.4293,C1,word_pos,palette,N,palette,NOM
à ce jour,ADV,C1,crf_first_attested,6.2023,0.5602,0.0,0.0,0.0,0.0,6.2023,9.6228,0.5602,,,,,,,,,crf_only,à ce jour,ADV,,
homo,NOUN,C1,beacco,6.2023,0.4898,0.0,0.2117,0.0,0.0,6.2023,0.0,0.4898,0.0,0.0,0.0,0.0,6.0005,0.0,0.1431,C1,word_pos,homo,N,homo,NOM
attentionner,VERB,C1,beacco,6.2023,0.4762,0.4996,0.0,0.0,0.0,6.2023,0.0,0.4762,0.0,0.0,0.0,0.0,6.0005,0.0,0.1431,C1,word_pos,attentionner,V,attentionner,VER
rétrécir,VERB,C1,beacco,6.2023,0.4086,0.0,0.3918,0.0,0.0,6.2023,0.0,0.4086,0.0,0.1865,0.0,0.0,6.0005,0.0,0.3402,C1,word_pos,rétrécir,V,rétrécir,VER
ivoirien,ADJ,C1,beacco,6.2023,0.4034,0.0,0.0,0.2093,0.0,6.2023,0.0,0.4034,0.0,0.0,0.0,0.0,6.0005,0.0,0.1431,C1,word_pos,ivoirien,A,ivoirien,ADJ
festin,NOUN,C1,beacco,6.2023,0.3734,0.0,0.4304,0.0,0.0,6.2023,0.0,0.3734,0.0,0.3721,0.0,0.0,6.0005,0.0,0.3344,C1,word_pos,festin,N,festin,NOM
douzième,ADJ,C1,beacco,6.2023,0.3648,0.5304,0.0,0.0,0.0,6.2023,0.0,0.3648,0.4856,0.0,0.0,0.0,6.0005,0.0,0.3391,C1,word_pos,douzième,A,douzième,ADJ
inspecter,VERB,C1,beacco,6.2023,0.3549,0.0,0.0,0.0,0.6502,6.2023,0.0,0.3549,0.0,0.0,0.0,0.6774,6.0005,0.0,0.3366,C1,word_pos,inspecter,V,inspecter,VER
académisme et avant - garde,NOUN,C1,crf_first_attested,6.2023,0.1092,0.0,0.0,0.0,0.0,6.2023,0.0,0.1092,,,,,,,,,crf_only,académisme et avant - garde,N,,
adn,NOUN,C1,crf_first_attested,6.2023,0.1092,0.0,0.0,0.0,0.0,6.2023,0.0,0.1092,,,,,,,,,crf_only,adn,N,,
adultère,ADJ,C1,beacco,6.2023,0.1092,0.0,0.0,0.0,0.0,6.2023,0.0,0.1092,0.0,0.0,0.0,0.0,6.0005,0.0,0.1431,C1,word_pos,adultère,A,adultère,ADJ
agoniser,VERB,C1,beacco,6.2023,0.1092,0.0,0.0,0.0,0.0,6.2023,0.0,0.1092,0.0,0.0,0.0,0.0,6.0005,0.0,0.1431,C1,word_pos,agoniser,V,agoniser,VER
agro - industriel,ADJ,C1,crf_first_attested,6.2023,0.1092,0.0,0.0,0.0,0.0,6.2023,0.0,0.1092,,,,,,,,,crf_only,agro - industriel,A,,
agro - matériaux,NOUN,C1,crf_first_attested,6.2023,0.1092,0.0,0.0,0.0,0.0,6.2023,0.0,0.1092,,,,,,,,,crf_only,agro - matériaux,N,,
aguicheur,ADJ,C1,beacco,6.2023,0.1092,0.0,0.0,0.0,0.0,6.2023,0.0,0.1092,0.0,0.0,0.0,0.0,6.0005,0.0,0.1431,C1,word_pos,aguicheur,A,aguicheur,ADJ
ajout,NOUN,C1,beacco,6.2023,0.1092,0.0,0.0,0.0,0.0,6.2023,0.0,0.1092,0.0,0.0,0.0,0.0,6.0005,0.0,0.1431,C1,word_pos,ajout,N,ajout,NOM
alambic,NOUN,C1,beacco,6.2023,0.1092,0.0,0.0,0.0,0.0,6.2023,0.0,0.1092,0.0,0.0,0.0,0.0,12.0009,0.0,0.2862,C1,word_pos,alambic,N,alambic,NOM
amer,VERB,C1,crf_first_attested,6.2023,0.1092,0.0,0.0,0.0,0.0,6.2023,0.0,0.1092,,,,,,,,,crf_only,amer,V,,
antivectorielle,ADJ,C1,crf_first_attested,6.2023,0.1092,0.0,0.0,0.0,0.0,6.2023,0.0,0.1092,,,,,,,,,crf_only,antivectorielle,A,,
antiviral,NOUN,C1,beacco,6.2023,0.1092,0.0,0.0,0.0,0.0,6.2023,0.0,0.1092,0.0,0.0,0.0,0.0,6.0005,0.0,0.1431,C1,unique_word,antiviral,N,antiviral,ADJ
anus,NOUN,C1,beacco,6.2023,0.1092,0.0,0.0,0.0,0.0,6.2023,0.0,0.1092,0.0,0.0,0.0,0.0,6.0005,0.0,0.1431,C1,word_pos,anus,N,anus,NOM
arrachage,NOUN,C1,beacco,6.2023,0.1092,0.0,0.0,0.0,0.0,6.2023,0.0,0.1092,0.0,0.0,0.0,0.0,6.0005,0.0,0.1431,C1,word_pos,arrachage,N,arrachage,NOM
arrière - garde,NOUN,C1,crf_first_attested,6.2023,0.1092,0.0,0.0,0.0,0.0,6.2023,0.0,0.1092,,,,,,,,,crf_only,arrière - garde,N,,
articulaire,ADJ,C1,beacco,6.2023,0.1092,0.0,0.0,0.0,0.0,6.2023,0.0,0.1092,0.0,0.0,0.0,0.0,6.0005,0.0,0.1431,C1,word_pos,articulaire,A,articulaire,ADJ
au destin,ADV,C1,crf_first_attested,6.2023,0.1092,0.0,0.0,0.0,0.0,6.2023,0.0,0.1092,,,,,,,,,crf_only,au destin,ADV,,
autobiographie,NOUN,C1,beacco,6.2023,0.1092,0.0,0.0,0.0,0.0,6.2023,0.0,0.1092,0.0,0.0,0.0,0.0,6.0005,0.0,0.1431,C1,word_pos,autobiographie,N,autobiographie,NOM
autoédition,NOUN,C1,crf_first_attested,6.2023,0.1092,0.0,0.0,0.0,0.0,6.2023,0.0,0.1092,,,,,,,,,crf_only,autoédition,N,,
avidité,NOUN,C1,beacco,6.2023,0.1092,0.0,0.0,0.0,0.0,6.2023,0.0,0.1092,0.0,0.0,0.0,0.0,6.0005,0.0,0.1431,C1,word_pos,avidité,N,avidité,NOM
baguer,VERB,C1,beacco,6.2023,0.1092,0.0,0.0,0.0,0.0,6.2023,0.0,0.1092,0.0,0.0,0.0,0.0,6.0005,0.0,0.1431,C1,word_pos,baguer,V,baguer,VER
barricader,VERB,C1,beacco,6.2023,0.1092,0.0,0.0,0.0,0.0,6.2023,0.0,0.1092,0.0,0.0,0.0,0.0,6.0005,0.0,0.1431,C1,word_pos,barricader,V,barricader,VER
biodiesel,NOUN,C1,crf_first_attested,6.2023,0.1092,0.0,0.0,0.0,0.0,6.2023,0.0,0.1092,,,,,,,,,crf_only,biodiesel,N,,
bioéthanol,NOUN,C1,crf_first_attested,6.2023,0.1092,0.0,0.0,0.0,0.0,6.2023,0.0,0.1092,,,,,,,,,crf_only,bioéthanol,N,,
bitume,NOUN,C1,beacco,6.2023,0.1092,0.0,0.0,0.0,0.0,6.2023,0.0,0.1092,0.0,0.0,0.0,0.0,12.0009,0.0,0.2862,C1,word_pos,bitume,N,bitume,NOM
bouder,VERB,C1,beacco,6.2023,0.1092,0.0,0.0,0.0,0.0,6.2023,0.0,0.1092,0.0,0.0,0.0,0.0,6.0005,0.0,0.1431,C1,word_pos,bouder,V,bouder,VER
boudeur,ADJ,C1,beacco,6.2023,0.1092,0.0,0.0,0.0,0.0,6.2023,0.0,0.1092,0.0,0.0,0.0,0.0,6.0005,0.0,0.1431,C1,word_pos,boudeur,A,boudeur,ADJ
brailler,VERB,C1,beacco,6.2023,0.1092,0.0,0.0,0.0,0.0,6.2023,0.0,0.1092,0.0,0.0,0.0,0.0,6.0005,0.0,0.1431,C1,word_pos,brailler,V,brailler,VER
branlant,ADJ,C1,beacco,6.2023,0.1092,0.0,0.0,0.0,0.0,6.2023,0.0,0.1092,0.0,0.0,0.0,0.0,6.0005,0.0,0.1431,C1,word_pos,branlant,A,branlant,ADJ
braqueur,NOUN,C1,beacco,6.2023,0.1092,0.0,0.0,0.0,0.0,6.2023,0.0,0.1092,0.0,0.0,0.0,0.0,6.0005,0.0,0.1431,C1,word_pos,braqueur,N,braqueur,NOM
buller,VERB,C1,beacco,6.2023,0.1092,0.0,0.0,0.0,0.0,6.2023,0.0,0.1092,0.0,0.0,0.0,0.0,6.0005,0.0,0.1431,C1,word_pos,buller,V,buller,VER
bureaucrate,NOUN,C1,beacco,6.2023,0.1092,0.0,0.0,0.0,0.0,6.2023,0.0,0.1092,0.0,0.0,0.0,0.0,6.0005,0.0,0.1431,C1,word_pos,bureaucrate,N,bureaucrate,NOM
bâtonnet,NOUN,C1,beacco,6.2023,0.1092,0.0,0.0,0.0,0.0,6.2023,0.0,0.1092,0.0,0.0,0.0,0.0,6.0005,0.0,0.1431,C1,word_pos,bâtonnet,N,bâtonnet,NOM
bénédictin,NOUN,C1,beacco,6.2023,0.1092,0.0,0.0,0.0,0.0,6.2023,0.0,0.1092,0.0,0.0,0.0,0.0,6.0005,0.0,0.1431,C1,word_pos,bénédictin,N,bénédictin,NOM
cale,NOUN,C1,beacco,6.2023,0.1092,0.0,0.0,0.0,0.0,6.2023,0.0,0.1092,0.0,0.0,0.0,0.0,6.0005,0.0,0.1431,C1,word_pos,cale,N,cale,NOM
capitule,NOUN,C1,beacco,6.2023,0.1092,0.0,0.0,0.0,0.0,6.2023,0.0,0.1092,0.0,0.0,0.0,0.0,6.0005,0.0,0.1431,C1,word_pos,capitule,N,capitule,NOM
cargo,NOUN,C1,beacco,6.2023,0.1092,0.0,0.0,0.0,0.0,6.2023,0.0,0.1092,0.0,0.0,0.0,0.0,6.0005,0.0,0.1431,C1,word_pos,cargo,N,cargo,NOM
ceci dit,ADV,C1,crf_first_attested,6.2023,0.1092,0.0,0.0,0.0,0.0,6.2023,0.0,0.1092,,,,,,,,,crf_only,ceci dit,ADV,,
chantonner,VERB,C1,beacco,6.2023,0.1092,0.0,0.0,0.0,0.0,6.2023,0.0,0.1092,0.0,0.0,0.0,0.0,6.0005,0.0,0.1431,C1,word_pos,chantonner,V,chantonner,VER
chapon,NOUN,C1,beacco,6.2023,0.1092,0.0,0.0,0.0,0.0,6.2023,0.0,0.1092,0.0,0.0,0.0,0.0,6.0005,0.0,0.1431,C1,word_pos,chapon,N,chapon,NOM
chiffe,NOUN,C1,beacco,6.2023,0.1092,0.0,0.0,0.0,0.0,6.2023,0.0,0.1092,0.0,0.0,0.0,0.0,6.0005,0.0,0.1431,C1,word_pos,chiffe,N,chiffe,NOM
chikungunya,NOUN,C1,crf_first_attested,6.2023,0.1092,0.0,0.0,0.0,0.0,6.2023,0.0,0.1092,,,,,,,,,crf_only,chikungunya,N,,
cloisonner,VERB,C1,beacco,6.2023,0.1092,0.0,0.0,0.0,0.0,6.2023,0.0,0.1092,0.0,0.0,0.0,0.0,6.0005,0.0,0.1431,C1,word_pos,cloisonner,V,cloisonner,VER
clémence,NOUN,C1,beacco,6.2023,0.1092,0.0,0.0,0.0,0.0,6.2023,0.0,0.1092,0.0,0.0,0.0,0.0,6.0005,0.0,0.1431,C1,word_pos,clémence,N,clémence,NOM
communiant,NOUN,C1,beacco,6.2023,0.1092,0.0,0.0,0.0,0.0,6.2023,0.0,0.1092,0.0,0.0,0.0,0.0,6.0005,0.0,0.1431,C1,word_pos,communiant,N,communiant,NOM
communicable,ADJ,C1,beacco,6.2023,0.1092,0.0,0.0,0.0,0.0,6.2023,0.0,0.1092,0.0,0.0,0.0,0.0,6.0005,0.0,0.1431,C1,word_pos,communicable,A,communicable,ADJ
composter,VERB,C1,beacco,6.2023,0.1092,0.0,0.0,0.0,0.0,6.2023,0.0,0.1092,0.0,0.0,0.0,0.0,6.0005,0.0,0.1431,C1,word_pos,composter,V,composter,VER
concavité,NOUN,C1,beacco,6.2023,0.1092,0.0,0.0,0.0,0.0,6.2023,0.0,0.1092,0.0,0.0,0.0,0.0,6.0005,0.0,0.1431,C1,word_pos,concavité,N,concavité,NOM
concluant,ADJ,C1,beacco,6.2023,0.1092,0.0,0.0,0.0,0.0,6.2023,0.0,0.1092,0.0,0.0,0.0,0.0,6.0005,0.0,0.1431,C1,word_pos,concluant,A,concluant,ADJ
concorder,VERB,C1,beacco,6.2023,0.1092,0.0,0.0,0.0,0.0,6.2023,0.0,0.1092,0.0,0.0,0.0,0.0,6.0005,0.0,0.1431,C1,word_pos,concorder,V,concorder,VER
conditionnel,ADJ,C1,beacco,6.2023,0.1092,0.0,0.0,0.0,0.0,6.2023,0.0,0.1092,0.0,0.0,0.0,0.0,6.0005,0.0,0.1431,C1,word_pos,conditionnel,A,conditionnel,ADJ
congélation,NOUN,C1,beacco,6.2023,0.1092,0.0,0.0,0.0,0.0,6.2023,0.0,0.1092,0.0,0.0,0.0,0.0,6.0005,0.0,0.1431,C1,word_pos,congélation,N,congélation,NOM
contemplatif,ADJ,C1,beacco,6.2023,0.1092,0.0,0.0,0.0,0.0,6.2023,0.0,0.1092,0.0,0.0,0.0,0.0,6.0005,0.0,0.1431,C1,word_pos,contemplatif,A,contemplatif,ADJ
copyright,NOUN,C1,beacco,6.2023,0.1092,0.0,0.0,0.0,0.0,6.2023,0.0,0.1092,0.0,0.0,0.0,0.0,12.0009,0.0,0.2862,C1,word_pos,copyright,N,copyright,NOM
cosmétique,ADJ,C1,beacco,6.2023,0.1092,0.0,0.0,0.0,0.0,6.2023,0.0,0.1092,0.0,0.0,0.0,0.0,6.0005,0.0,0.1431,C1,word_pos,cosmétique,A,cosmétique,ADJ
cossu,ADJ,C1,beacco,6.2023,0.1092,0.0,0.0,0.0,0.0,6.2023,0.0,0.1092,0.0,0.0,0.0,0.0,6.0005,0.0,0.1431,C1,word_pos,cossu,A,cossu,ADJ
culbute,NOUN,C1,beacco,6.2023,0.1092,0.0,0.0,0.0,0.0,6.2023,0.0,0.1092,0.0,0.0,0.0,0.0,12.0009,0.0,0.2862,C1,word_pos,culbute,N,culbute,NOM
curare,NOUN,C1,beacco,6.2023,0.1092,0.0,0.0,0.0,0.0,6.2023,0.0,0.1092,0.0,0.0,0.0,0.0,6.0005,0.0,0.1431,C1,word_pos,curare,N,curare,NOM
cuve,NOUN,C1,beacco,6.2023,0.1092,0.0,0.0,0.0,0.0,6.2023,0.0,0.1092,0.0,0.0,0.0,0.0,12.0009,0.0,0.2862,C1,word_pos,cuve,N,cuve,NOM
cyniquement,ADV,C1,beacco,6.2023,0.1092,0.0,0.0,0.0,0.0,6.2023,0.0,0.1092,0.0,0.0,0.0,0.0,6.0005,0.0,0.1431,C1,word_pos,cyniquement,ADV,cyniquement,ADV
dans l' ensemble,ADV,C1,crf_first_attested,6.2023,0.1092,0.0,0.0,0.0,0.0,6.2023,0.0,0.1092,,,,,,,,,crf_only,dans l' ensemble,ADV,,
datation,NOUN,C1,beacco,6.2023,0.1092,0.0,0.0,0.0,0.0,6.2023,0.0,0.1092,0.0,0.0,0.0,0.0,12.0009,0.0,0.2862,C1,word_pos,datation,N,datation,NOM
de par,PREP,C1,crf_first_attested,6.2023,0.1092,0.0,0.0,0.0,0.0,6.2023,0.0,0.1092,,,,,,,,,crf_only,de par,PREP,,
demi - nudité,NOUN,C1,crf_first_attested,6.2023,0.1092,0.0,0.0,0.0,0.0,6.2023,0.0,0.1092,,,,,,,,,crf_only,demi - nudité,N,,
dengue,NOUN,C1,beacco,6.2023,0.1092,0.0,0.0,0.0,0.0,6.2023,0.0,0.1092,0.0,0.0,0.0,0.0,6.0005,0.0,0.1431,C1,word_pos,dengue,N,dengue,NOM
diariste,NOUN,C1,beacco,6.2023,0.1092,0.0,0.0,0.0,0.0,6.2023,0.0,0.1092,0.0,0.0,0.0,0.0,6.0005,0.0,0.1431,C1,word_pos,diariste,N,diariste,NOM
diesel,NOUN,C1,beacco,6.2023,0.1092,0.0,0.0,0.0,0.0,6.2023,0.0,0.1092,0.0,0.0,0.0,0.0,18.0014,0.0,0.4293,C1,word_pos,diesel,N,diesel,NOM
dinguer,VERB,C1,crf_first_attested,6.2023,0.1092,0.0,0.0,0.0,0.0,6.2023,0.0,0.1092,,,,,,,,,crf_only,dinguer,V,,
diurne,ADJ,C1,beacco,6.2023,0.1092,0.0,0.0,0.0,0.0,6.2023,0.0,0.1092,0.0,0.0,0.0,0.0,6.0005,0.0,0.1431,C1,word_pos,diurne,A,diurne,ADJ
dramatiquement,ADV,C1,beacco,6.2023,0.1092,0.0,0.0,0.0,0.0,6.2023,0.0,0.1092,0.0,0.0,0.0,0.0,6.0005,0.0,0.1431,C1,word_pos,dramatiquement,ADV,dramatiquement,ADV
découpe,NOUN,C1,beacco,6.2023,0.1092,0.0,0.0,0.0,0.0,6.2023,0.0,0.1092,0.0,0.0,0.0,0.0,6.0005,0.0,0.1431,C1,word_pos,découpe,N,découpe,NOM
déluge,NOUN,C1,beacco,6.2023,0.1092,0.0,0.0,0.0,0.0,6.2023,0.0,0.1092,0.0,0.0,0.0,0.0,12.0009,0.0,0.2862,C1,word_pos,déluge,N,déluge,NOM
dépister,VERB,C1,beacco,6.2023,0.1092,0.0,0.0,0.0,0.0,6.2023,0.0,0.1092,0.0,0.0,0.0,0.0,6.0005,0.0,0.1431,C1,word_pos,dépister,V,dépister,VER
déplorable,ADJ,C1,beacco,6.2023,0.1092,0.0,0.0,0.0,0.0,6.2023,0.0,0.1092,0.0,0.0,0.0,0.0,6.0005,0.0,0.1431,C1,word_pos,déplorable,A,déplorable,ADJ
désinfection,NOUN,C1,beacco,6.2023,0.1092,0.0,0.0,0.0,0.0,6.2023,0.0,0.1092,0.0,0.0,0.0,0.0,6.0005,0.0,0.1431,C1,word_pos,désinfection,N,désinfection,NOM
en l' état du,PREP,C1,crf_first_attested,6.2023,0.1092,0.0,0.0,0.0,0.0,6.2023,0.0,0.1092,,,,,,,,,crf_only,en l' état du,PREP,,
en moi de,PREP,C1,crf_first_attested,6.2023,0.1092,0.0,0.0,0.0,0.0,6.2023,0.0,0.1092,,,,,,,,,crf_only,en moi de,PREP,,
en pareil cas,ADV,C1,crf_first_attested,6.2023,0.1092,0.0,0.0,0.0,0.0,6.2023,0.0,0.1092,,,,,,,,,crf_only,en pareil cas,ADV,,
en parfait état,ADV,C1,crf_first_attested,6.2023,0.1092,0.0,0.0,0.0,0.0,6.2023,0.0,0.1092,,,,,,,,,crf_only,en parfait état,ADV,,
en rase campagne,ADV,C1,crf_first_attested,6.2023,0.1092,0.0,0.0,0.0,0.0,6.2023,0.0,0.1092,,,,,,,,,crf_only,en rase campagne,ADV,,
en service,ADV,C1,crf_first_attested,6.2023,0.1092,0.0,0.0,0.0,0.0,6.2023,0.0,0.1092,,,,,,,,,crf_only,en service,ADV,,
en tire de,PREP,C1,crf_first_attested,6.2023,0.1092,0.0,0.0,0.0,0.0,6.2023,0.0,0.1092,,,,,,,,,crf_only,en tire de,PREP,,
entomologiste,NOUN,C1,beacco,6.2023,0.1092,0.0,0.0,0.0,0.0,6.2023,0.0,0.1092,0.0,0.0,0.0,0.0,6.0005,0.0,0.1431,C1,word_pos,entomologiste,N,entomologiste,NOM
essorer,VERB,C1,beacco,6.2023,0.1092,0.0,0.0,0.0,0.0,6.2023,0.0,0.1092,0.0,0.0,0.0,0.0,6.0005,0.0,0.1431,C1,word_pos,essorer,V,essorer,VER
est - ouest,ADJ,C1,crf_first_attested,6.2023,0.1092,0.0,0.0,0.0,0.0,6.2023,0.0,0.1092,,,,,,,,,crf_only,est - ouest,A,,
eurasien,ADJ,C1,beacco,6.2023,0.1092,0.0,0.0,0.0,0.0,6.2023,0.0,0.1092,0.0,0.0,0.0,0.0,6.0005,0.0,0.1431,C1,word_pos,eurasien,A,eurasien,ADJ
exécutoire,ADJ,C1,beacco,6.2023,0.1092,0.0,0.0,0.0,0.0,6.2023,0.0,0.1092,0.0,0.0,0.0,0.0,6.0005,0.0,0.1431,C1,word_pos,exécutoire,A,exécutoire,ADJ
faisceaux,NOUN,C1,crf_first_attested,6.2023,0.1092,0.0,0.0,0.0,0.0,6.2023,0.0,0.1092,,,,,,,,,crf_only,faisceaux,N,,
farceur,NOUN,C1,beacco,6.2023,0.1092,0.0,0.0,0.0,0.0,6.2023,0.0,0.1092,0.0,0.0,0.0,0.0,6.0005,0.0,0.1431,C1,word_pos,farceur,N,farceur,NOM
fatalement,ADV,C1,beacco,6.2023,0.1092,0.0,0.0,0.0,0.0,6.2023,0.0,0.1092,0.0,0.0,0.0,0.0,6.0005,0.0,0.1431,C1,word_pos,fatalement,ADV,fatalement,ADV
flemmarder,VERB,C1,beacco,6.2023,0.1092,0.0,0.0,0.0,0.0,6.2023,0.0,0.1092,0.0,0.0,0.0,0.0,6.0005,0.0,0.1431,C1,word_pos,flemmarder,V,flemmarder,VER
foulque,NOUN,C1,beacco,6.2023,0.1092,0.0,0.0,0.0,0.0,6.2023,0.0,0.1092,0.0,0.0,0.0,0.0,6.0005,0.0,0.1431,C1,word_pos,foulque,N,foulque,NOM
fractionnement,NOUN,C1,beacco,6.2023,0.1092,0.0,0.0,0.0,0.0,6.2023,0.0,0.1092,0.0,0.0,0.0,0.0,6.0005,0.0,0.1431,C1,word_pos,fractionnement,N,fractionnement,NOM
friand,NOUN,C1,beacco,6.2023,0.1092,0.0,0.0,0.0,0.0,6.2023,0.0,0.1092,0.0,0.0,0.0,0.0,6.0005,0.0,0.1431,C1,word_pos,friand,N,friand,NOM
fulminer,VERB,C1,beacco,6.2023,0.1092,0.0,0.0,0.0,0.0,6.2023,0.0,0.1092,0.0,0.0,0.0,0.0,6.0005,0.0,0.1431,C1,word_pos,fulminer,V,fulminer,VER
fécal,ADJ,C1,beacco,6.2023,0.1092,0.0,0.0,0.0,0.0,6.2023,0.0,0.1092,0.0,0.0,0.0,0.0,6.0005,0.0,0.1431,C1,word_pos,fécal,A,fécal,ADJ
gravats,NOUN,C1,beacco,6.2023,0.1092,0.0,0.0,0.0,0.0,6.2023,0.0,0.1092,0.0,0.0,0.0,0.0,6.0005,0.0,0.1431,C1,word_pos,gravats,N,gravats,NOM
grégaire,ADJ,C1,beacco,6.2023,0.1092,0.0,0.0,0.0,0.0,6.2023,0.0,0.1092,0.0,0.0,0.0,0.0,6.0005,0.0,0.1431,C1,word_pos,grégaire,A,grégaire,ADJ
h5,ADJ,C1,crf_first_attested,6.2023,0.1092,0.0,0.0,0.0,0.0,6.2023,0.0,0.1092,,,,,,,,,crf_only,h5,A,,
haïtien,ADJ,C1,crf_first_attested,6.2023,0.1092,0.0,0.0,0.0,0.0,6.2023,0.0,0.1092,,,,,,,,,crf_only,haïtien,A,,
heurtoir,NOUN,C1,beacco,6.2023,0.1092,0.0,0.0,0.0,0.0,6.2023,0.0,0.1092,0.0,0.0,0.0,0.0,6.0005,0.0,0.1431,C1,word_pos,heurtoir,N,heurtoir,NOM
hic,NOUN,C1,beacco,6.2023,0.1092,0.0,0.0,0.0,0.0,6.2023,0.0,0.1092,0.0,0.0,0.0,0.0,6.0005,0.0,0.1431,C1,word_pos,hic,N,hic,NOM
humaniser,VERB,C1,beacco,6.2023,0.1092,0.0,0.0,0.0,0.0,6.2023,0.0,0.1092,0.0,0.0,0.0,0.0,6.0005,0.0,0.1431,C1,word_pos,humaniser,V,humaniser,VER
huppé,ADJ,C1,beacco,6.2023,0.1092,0.0,0.0,0.0,0.0,6.2023,0.0,0.1092,0.0,0.0,0.0,0.0,6.0005,0.0,0.1431,C1,word_pos,huppé,A,huppé,ADJ
hypnotique,NOUN,C1,crf_first_attested,6.2023,0.1092,0.0,0.0,0.0,0.0,6.2023,0.0,0.1092,,,,,,,,,crf_only,hypnotique,N,,
hypnotique,ADJ,C1,beacco,6.2023,0.1092,0.0,0.0,0.0,0.0,6.2023,0.0,0.1092,0.0,0.0,0.0,0.0,12.0009,0.0,0.2862,C1,word_pos,hypnotique,A,hypnotique,ADJ
inassouvi,ADJ,C1,beacco,6.2023,0.1092,0.0,0.0,0.0,0.0,6.2023,0.0,0.1092,0.0,0.0,0.0,0.0,6.0005,0.0,0.1431,C1,word_pos,inassouvi,A,inassouvi,ADJ
incendiaire,ADJ,C1,beacco,6.2023,0.1092,0.0,0.0,0.0,0.0,6.2023,0.0,0.1092,0.0,0.0,0.0,0.0,6.0005,0.0,0.1431,C1,word_pos,incendiaire,A,incendiaire,ADJ
incontrôlable,ADJ,C1,beacco,6.2023,0.1092,0.0,0.0,0.0,0.0,6.2023,0.0,0.1092,0.0,0.0,0.0,0.0,6.0005,0.0,0.1431,C1,word_pos,incontrôlable,A,incontrôlable,ADJ
indélicat,ADJ,C1,beacco,6.2023,0.1092,0.0,0.0,0.0,0.0,6.2023,0.0,0.1092,0.0,0.0,0.0,0.0,6.0005,0.0,0.1431,C1,word_pos,indélicat,A,indélicat,ADJ
inflammatoire,ADJ,C1,crf_first_attested,6.2023,0.1092,0.0,0.0,0.0,0.0,6.2023,0.0,0.1092,,,,,,,,,crf_only,inflammatoire,A,,
inoffensif,ADJ,C1,beacco,6.2023,0.1092,0.0,0.0,0.0,0.0,6.2023,0.0,0.1092,0.0,0.0,0.0,0.0,6.0005,0.0,0.1431,C1,word_pos,inoffensif,A,inoffensif,ADJ
interespèce,ADJ,C1,crf_first_attested,6.2023,0.1092,0.0,0.0,0.0,0.0,6.2023,0.0,0.1092,,,,,,,,,crf_only,interespèce,A,,
intégralement,ADV,C1,beacco,6.2023,0.1092,0.0,0.0,0.0,0.0,6.2023,0.0,0.1092,0.0,0.0,0.0,0.0,6.0005,0.0,0.1431,C1,word_pos,intégralement,ADV,intégralement,ADV
invendable,ADJ,C1,beacco,6.2023,0.1092,0.0,0.0,0.0,0.0,6.2023,0.0,0.1092,0.0,0.0,0.0,0.0,6.0005,0.0,0.1431,C1,word_pos,invendable,A,invendable,ADJ
ipsos,NOUN,C1,crf_first_attested,6.2023,0.1092,0.0,0.0,0.0,0.0,6.2023,0.0,0.1092,,,,,,,,,crf_only,ipsos,N,,
isotopique,ADJ,C1,beacco,6.2023,0.1092,0.0,0.0,0.0,0.0,6.2023,0.0,0.1092,0.0,0.0,0.0,0.0,6.0005,0.0,0.1431,C1,word_pos,isotopique,A,isotopique,ADJ
journalier,ADJ,C1,beacco,6.2023,0.1092,0.0,0.0,0.0,0.0,6.2023,0.0,0.1092,0.0,0.0,0.0,0.0,6.0005,0.0,0.1431,C1,word_pos,journalier,A,journalier,ADJ
jusque au jour où,PREP,C1,crf_first_attested,6.2023,0.1092,0.0,0.0,0.0,0.0,6.2023,0.0,0.1092,,,,,,,,,crf_only,jusque au jour où,PREP,,
laquer,VERB,C1,beacco,6.2023,0.1092,0.0,0.0,0.0,0.0,6.2023,0.0,0.1092,0.0,0.0,0.0,0.0,12.0009,0.0,0.2862,C1,word_pos,laquer,V,laquer,VER
larvaire,ADJ,C1,beacco,6.2023,0.1092,0.0,0.0,0.0,0.0,6.2023,0.0,0.1092,0.0,0.0,0.0,0.0,6.0005,0.0,0.1431,C1,word_pos,larvaire,A,larvaire,ADJ
lassitude,NOUN,C1,beacco,6.2023,0.1092,0.0,0.0,0.0,0.0,6.2023,0.0,0.1092,0.0,0.0,0.0,0.0,6.0005,0.0,0.1431,C1,word_pos,lassitude,N,lassitude,NOM
lingerie,NOUN,C1,beacco,6.2023,0.1092,0.0,0.0,0.0,0.0,6.2023,0.0,0.1092,0.0,0.0,0.0,0.0,6.0005,0.0,0.1431,C1,word_pos,lingerie,N,lingerie,NOM
localisation,NOUN,C1,beacco,6.2023,0.1092,0.0,0.0,0.0,0.0,6.2023,0.0,0.1092,0.0,0.0,0.0,0.0,6.0005,0.0,0.1431,C1,word_pos,localisation,N,localisation,NOM
lotion,NOUN,C1,beacco,6.2023,0.1092,0.0,0.0,0.0,0.0,6.2023,0.0,0.1092,0.0,0.0,0.0,0.0,6.0005,0.0,0.1431,C1,word_pos,lotion,N,lotion,NOM
lubrifiant,NOUN,C1,beacco,6.2023,0.1092,0.0,0.0,0.0,0.0,6.2023,0.0,0.1092,0.0,0.0,0.0,0.0,6.0005,0.0,0.1431,C1,word_pos,lubrifiant,N,lubrifiant,NOM
légitimante,ADJ,C1,crf_first_attested,6.2023,0.1092,0.0,0.0,0.0,0.0,6.2023,0.0,0.1092,,,,,,,,,crf_only,légitimante,A,,
létal,ADJ,C1,crf_first_attested,6.2023,0.1092,0.0,0.0,0.0,0.0,6.2023,0.0,0.1092,,,,,,,,,crf_only,létal,A,,
magnanimement,ADV,C1,beacco,6.2023,0.1092,0.0,0.0,0.0,0.0,6.2023,0.0,0.1092,0.0,0.0,0.0,0.0,6.0005,0.0,0.1431,C1,word_pos,magnanimement,ADV,magnanimement,ADV
marguerite,NOUN,C1,beacco,6.2023,0.1092,0.0,0.0,0.0,0.0,6.2023,0.0,0.1092,0.0,0.0,0.0,0.0,6.0005,0.0,0.1431,C1,word_pos,marguerite,N,marguerite,NOM
maîtrise de soi,NOUN,C1,crf_first_attested,6.2023,0.1092,0.0,0.0,0.0,0.0,6.2023,0.0,0.1092,,,,,,,,,crf_only,maîtrise de soi,N,,
microbiologiste,NOUN,C1,beacco,6.2023,0.1092,0.0,0.0,0.0,0.0,6.2023,0.0,0.1092,0.0,0.0,0.0,0.0,6.0005,0.0,0.1431,C1,word_pos,microbiologiste,N,microbiologiste,NOM
microseconde,NOUN,C1,beacco,6.2023,0.1092,0.0,0.0,0.0,0.0,6.2023,0.0,0.1092,0.0,0.0,0.0,0.0,6.0005,0.0,0.1431,C1,word_pos,microseconde,N,microseconde,NOM
milouin,NOUN,C1,beacco,6.2023,0.1092,0.0,0.0,0.0,0.0,6.2023,0.0,0.1092,0.0,0.0,0.0,0.0,6.0005,0.0,0.1431,C1,word_pos,milouin,N,milouin,NOM
miniature,ADJ,C1,beacco,6.2023,0.1092,0.0,0.0,0.0,0.0,6.2023,0.0,0.1092,0.0,0.0,0.0,0.0,6.0005,0.0,0.1431,C1,unique_word,miniature,A,miniature,NOM
misérabiliste,ADJ,C1,beacco,6.2023,0.1092,0.0,0.0,0.0,0.0,6.2023,0.0,0.1092,0.0,0.0,0.0,0.0,6.0005,0.0,0.1431,C1,word_pos,misérabiliste,A,misérabiliste,ADJ
mitoyen,ADJ,C1,beacco,6.2023,0.1092,0.0,0.0,0.0,0.0,6.2023,0.0,0.1092,0.0,0.0,0.0,0.0,6.0005,0.0,0.1431,C1,word_pos,mitoyen,A,mitoyen,ADJ
models,ADJ,C1,crf_first_attested,6.2023,0.1092,0.0,0.0,0.0,0.0,6.2023,0.0,0.1092,,,,,,,,,crf_only,models,A,,
modestement,ADV,C1,beacco,6.2023,0.1092,0.0,0.0,0.0,0.0,6.2023,0.0,0.1092,0.0,0.0,0.0,0.0,6.0005,0.0,0.1431,C1,word_pos,modestement,ADV,modestement,ADV
modèle,ADJ,C1,crf_first_attested,6.2023,0.1092,0.0,0.0,0.0,0.0,6.2023,0.0,0.1092,,,,,,,,,crf_only,modèle,A,,
moelle,NOUN,C1,beacco,6.2023,0.1092,0.0,0.0,0.0,0.0,6.2023,0.0,0.1092,0.0,0.0,0.0,0.0,6.0005,0.0,0.1431,C1,word_pos,moelle,N,moelle,NOM
morbide,ADJ,C1,beacco,6.2023,0.1092,0.0,0.0,0.0,0.0,6.2023,0.0,0.1092,0.0,0.0,0.0,0.0,6.0005,0.0,0.1431,C1,word_pos,morbide,A,morbide,ADJ
morne,ADJ,C1,beacco,6.2023,0.1092,0.0,0.0,0.0,0.0,6.2023,0.0,0.1092,0.0,0.0,0.0,0.0,6.0005,0.0,0.1431,C1,word_pos,morne,A,morne,ADJ
morphinique,ADJ,C1,beacco,6.2023,0.1092,0.0,0.0,0.0,0.0,6.2023,0.0,0.1092,0.0,0.0,0.0,0.0,6.0005,0.0,0.1431,C1,word_pos,morphinique,A,morphinique,ADJ
moteur,ADJ,C1,beacco,6.2023,0.1092,0.0,0.0,0.0,0.0,6.2023,0.0,0.1092,0.0,0.0,0.0,0.0,6.0005,0.0,0.1431,C1,word_pos,moteur,A,moteur,ADJ
muter,VERB,C1,beacco,6.2023,0.1092,0.0,0.0,0.0,0.0,6.2023,0.0,0.1092,0.0,0.0,0.0,0.0,6.0005,0.0,0.1431,C1,word_pos,muter,V,muter,VER
médicamenteux,ADJ,C1,beacco,6.2023,0.1092,0.0,0.0,0.0,0.0,6.2023,0.0,0.1092,0.0,0.0,0.0,0.0,6.0005,0.0,0.1431,C1,word_pos,médicamenteux,A,médicamenteux,ADJ
méditation,NOUN,C1,beacco,6.2023,0.1092,0.0,0.0,0.0,0.0,6.2023,0.0,0.1092,0.0,0.0,0.0,0.0,6.0005,0.0,0.1431,C1,word_pos,méditation,N,méditation,NOM
méthanol,NOUN,C1,beacco,6.2023,0.1092,0.0,0.0,0.0,0.0,6.2023,0.0,0.1092,0.0,0.0,0.0,0.0,12.0009,0.0,0.2862,C1,word_pos,méthanol,N,méthanol,NOM
napoléonien,ADJ,C1,beacco,6.2023,0.1092,0.0,0.0,0.0,0.0,6.2023,0.0,0.1092,0.0,0.0,0.0,0.0,12.0009,0.0,0.2862,C1,word_pos,napoléonien,A,napoléonien,ADJ
niais,ADJ,C1,beacco,6.2023,0.1092,0.0,0.0,0.0,0.0,6.2023,0.0,0.1092,0.0,0.0,0.0,0.0,6.0005,0.0,0.1431,C1,word_pos,niais,A,niais,ADJ
non - urgence,NOUN,C1,crf_first_attested,6.2023,0.1092,0.0,0.0,0.0,0.0,6.2023,0.0,0.1092,,,,,,,,,crf_only,non - urgence,N,,
nord - sud,ADJ,C1,crf_first_attested,6.2023,0.1092,0.0,0.0,0.0,0.0,6.2023,0.0,0.1092,,,,,,,,,crf_only,nord - sud,A,,
nuancé,ADJ,C1,crf_first_attested,6.2023,0.1092,0.0,0.0,0.0,0.0,6.2023,0.0,0.1092,,,,,,,,,crf_only,nuancé,A,,
oisiveté,NOUN,C1,beacco,6.2023,0.1092,0.0,0.0,0.0,0.0,6.2023,0.0,0.1092,0.0,0.0,0.0,0.0,6.0005,0.0,0.1431,C1,word_pos,oisiveté,N,oisiveté,NOM
opposé,NOUN,C1,crf_first_attested,6.2023,0.1092,0.0,0.0,0.0,0.0,6.2023,0.0,0.1092,,,,,,,,,crf_only,opposé,N,,
ornithologique,ADJ,C1,beacco,6.2023,0.1092,0.0,0.0,0.0,0.0,6.2023,0.0,0.1092,0.0,0.0,0.0,0.0,6.0005,0.0,0.1431,C1,word_pos,ornithologique,A,ornithologique,ADJ
ossement,NOUN,C1,beacco,6.2023,0.1092,0.0,0.0,0.0,0.0,6.2023,0.0,0.1092,0.0,0.0,0.0,0.0,12.0009,0.0,0.2862,C1,word_pos,ossement,N,ossement,NOM
oubliés,NOUN,C1,crf_first_attested,6.2023,0.1092,0.0,0.0,0.0,0.0,6.2023,0.0,0.1092,,,,,,,,,crf_only,oubliés,N,,
pallier,VERB,C1,beacco,6.2023,0.1092,0.0,0.0,0.0,0.0,6.2023,0.0,0.1092,0.0,0.0,0.0,0.0,6.0005,0.0,0.1431,C1,word_pos,pallier,V,pallier,VER
par bonheur,ADV,C1,crf_first_attested,6.2023,0.1092,0.0,0.0,0.0,0.0,6.2023,0.0,0.1092,,,,,,,,,crf_only,par bonheur,ADV,,
par surcroît,ADV,C1,crf_first_attested,6.2023,0.1092,0.0,0.0,0.0,0.0,6.2023,0.0,0.1092,,,,,,,,,crf_only,par surcroît,ADV,,
pie,ADJ,C1,beacco,6.2023,0.1092,0.0,0.0,0.0,0.0,6.2023,0.0,0.1092,0.0,0.0,0.0,0.0,6.0005,0.0,0.1431,C1,word_pos,pie,A,pie,ADJ
pistachier,NOUN,C1,beacco,6.2023,0.1092,0.0,0.0,0.0,0.0,6.2023,0.0,0.1092,0.0,0.0,0.0,0.0,12.0009,0.0,0.2862,C1,word_pos,pistachier,N,pistachier,NOM
plus que d' accord,ADV,C1,crf_first_attested,6.2023,0.1092,0.0,0.0,0.0,0.0,6.2023,0.0,0.1092,,,,,,,,,crf_only,plus que d' accord,ADV,,
probabilité,NOUN,C1,beacco,6.2023,0.1092,0.0,0.0,0.0,0.0,6.2023,0.0,0.1092,0.0,0.0,0.0,0.0,6.0005,0.0,0.1431,C1,word_pos,probabilité,N,probabilité,NOM
productif,ADJ,C1,beacco,6.2023,0.1092,0.0,0.0,0.0,0.0,6.2023,0.0,0.1092,0.0,0.0,0.0,0.0,6.0005,0.0,0.1431,C1,word_pos,productif,A,productif,ADJ
produire le long,VERB,C1,crf_first_attested,6.2023,0.1092,0.0,0.0,0.0,0.0,6.2023,0.0,0.1092,,,,,,,,,crf_only,produire le long,V,,
promiscuité,NOUN,C1,beacco,6.2023,0.1092,0.0,0.0,0.0,0.0,6.2023,0.0,0.1092,0.0,0.0,0.0,0.0,6.0005,0.0,0.1431,C1,word_pos,promiscuité,N,promiscuité,NOM
prédateur,ADJ,C1,beacco,6.2023,0.1092,0.0,0.0,0.0,0.0,6.2023,0.0,0.1092,0.0,0.0,0.0,0.0,6.0005,0.0,0.1431,C1,word_pos,prédateur,A,prédateur,ADJ
prétendument,ADV,C1,beacco,6.2023,0.1092,0.0,0.0,0.0,0.0,6.2023,0.0,0.1092,0.0,0.0,0.0,0.0,6.0005,0.0,0.1431,C1,word_pos,prétendument,ADV,prétendument,ADV
publicabilité,NOUN,C1,crf_first_attested,6.2023,0.1092,0.0,0.0,0.0,0.0,6.2023,0.0,0.1092,,,,,,,,,crf_only,publicabilité,N,,
pénitentiaire,ADJ,C1,beacco,6.2023,0.1092,0.0,0.0,0.0,0.0,6.2023,0.0,0.1092,0.0,0.0,0.0,0.0,6.0005,0.0,0.1431,C1,word_pos,pénitentiaire,A,pénitentiaire,ADJ
péridurale,NOUN,C1,crf_first_attested,6.2023,0.1092,0.0,0.0,0.0,0.0,6.2023,0.0,0.1092,,,,,,,,,crf_only,péridurale,N,,
pétale,NOUN,C1,beacco,6.2023,0.1092,0.0,0.0,0.0,0.0,6.2023,0.0,0.1092,0.0,0.0,0.0,0.0,12.0009,0.0,0.2862,C1,word_pos,pétale,N,pétale,NOM
pétrolier,NOUN,C1,beacco,6.2023,0.1092,0.0,0.0,0.0,0.0,6.2023,0.0,0.1092,0.0,0.0,0.0,0.0,12.0009,0.0,0.2862,C1,word_pos,pétrolier,N,pétrolier,NOM
ras - le - bol,NOUN,C1,crf_first_attested,6.2023,0.1092,0.0,0.0,0.0,0.0,6.2023,0.0,0.1092,,,,,,,,,crf_only,ras - le - bol,N,,
rebeller,VERB,C1,beacco,6.2023,0.1092,0.0,0.0,0.0,0.0,6.2023,0.0,0.1092,0.0,0.0,0.0,0.0,6.0005,0.0,0.1431,C1,word_pos,rebeller,V,rebeller,VER
reformer,VERB,C1,beacco,6.2023,0.1092,0.0,0.0,0.0,0.0,6.2023,0.0,0.1092,0.0,0.0,0.0,0.0,6.0005,0.0,0.1431,C1,word_pos,reformer,V,reformer,VER
revisiter,VERB,C1,beacco,6.2023,0.1092,0.0,0.0,0.0,0.0,6.2023,0.0,0.1092,0.0,0.0,0.0,0.0,6.0005,0.0,0.1431,C1,word_pos,revisiter,V,revisiter,VER
rincer,VERB,C1,beacco,6.2023,0.1092,0.0,0.0,0.0,0.0,6.2023,0.0,0.1092,0.0,0.0,0.0,0.0,6.0005,0.0,0.1431,C1,word_pos,rincer,V,rincer,VER
romano,NOUN,C1,beacco,6.2023,0.1092,0.0,0.0,0.0,0.0,6.2023,0.0,0.1092,0.0,0.0,0.0,0.0,6.0005,0.0,0.1431,C1,word_pos,romano,N,romano,NOM
rétribuer,VERB,C1,beacco,6.2023,0.1092,0.0,0.0,0.0,0.0,6.2023,0.0,0.1092,0.0,0.0,0.0,0.0,12.0009,0.0,0.2862,C1,word_pos,rétribuer,V,rétribuer,VER
réémergé,VERB,C1,crf_first_attested,6.2023,0.1092,0.0,0.0,0.0,0.0,6.2023,0.0,0.1092,,,,,,,,,crf_only,réémergé,V,,
rêvasser,VERB,C1,beacco,6.2023,0.1092,0.0,0.0,0.0,0.0,6.2023,0.0,0.1092,0.0,0.0,0.0,0.0,6.0005,0.0,0.1431,C1,word_pos,rêvasser,V,rêvasser,VER
sapiens,ADJ,C1,crf_first_attested,6.2023,0.1092,0.0,0.0,0.0,0.0,6.2023,0.0,0.1092,,,,,,,,,crf_only,sapiens,A,,
saturer,VERB,C1,beacco,6.2023,0.1092,0.0,0.0,0.0,0.0,6.2023,0.0,0.1092,0.0,0.0,0.0,0.0,6.0005,0.0,0.1431,C1,word_pos,saturer,V,saturer,VER
seizième,ADJ,C1,beacco,6.2023,0.1092,0.0,0.0,0.0,0.0,6.2023,0.0,0.1092,0.0,0.0,0.0,0.0,6.0005,0.0,0.1431,C1,unique_word,seizième,A,seizième,NOM
sensitif,ADJ,C1,beacco,6.2023,0.1092,0.0,0.0,0.0,0.0,6.2023,0.0,0.1092,0.0,0.0,0.0,0.0,6.0005,0.0,0.1431,C1,word_pos,sensitif,A,sensitif,ADJ
sensitivité,NOUN,C1,beacco,6.2023,0.1092,0.0,0.0,0.0,0.0,6.2023,0.0,0.1092,0.0,0.0,0.0,0.0,6.0005,0.0,0.1431,C1,word_pos,sensitivité,N,sensitivité,NOM
sente,NOUN,C1,beacco,6.2023,0.1092,0.0,0.0,0.0,0.0,6.2023,0.0,0.1092,0.0,0.0,0.0,0.0,6.0005,0.0,0.1431,C1,word_pos,sente,N,sente,NOM
smarts,ADJ,C1,crf_first_attested,6.2023,0.1092,0.0,0.0,0.0,0.0,6.2023,0.0,0.1092,,,,,,,,,crf_only,smarts,A,,
sordide,ADJ,C1,beacco,6.2023,0.1092,0.0,0.0,0.0,0.0,6.2023,0.0,0.1092,0.0,0.0,0.0,0.0,6.0005,0.0,0.1431,C1,word_pos,sordide,A,sordide,ADJ
spirituellement,ADV,C1,beacco,6.2023,0.1092,0.0,0.0,0.0,0.0,6.2023,0.0,0.1092,0.0,0.0,0.0,0.0,6.0005,0.0,0.1431,C1,word_pos,spirituellement,ADV,spirituellement,ADV
sporadique,ADJ,C1,beacco,6.2023,0.1092,0.0,0.0,0.0,0.0,6.2023,0.0,0.1092,0.0,0.0,0.0,0.0,6.0005,0.0,0.1431,C1,word_pos,sporadique,A,sporadique,ADJ
stagnant,ADJ,C1,beacco,6.2023,0.1092,0.0,0.0,0.0,0.0,6.2023,0.0,0.1092,0.0,0.0,0.0,0.0,6.0005,0.0,0.1431,C1,word_pos,stagnant,A,stagnant,ADJ
surcharge,NOUN,C1,beacco,6.2023,0.1092,0.0,0.0,0.0,0.0,6.2023,0.0,0.1092,0.0,0.0,0.0,0.0,6.0005,0.0,0.1431,C1,word_pos,surcharge,N,surcharge,NOM
sélectionné,NOUN,C1,crf_first_attested,6.2023,0.1092,0.0,0.0,0.0,0.0,6.2023,0.0,0.1092,,,,,,,,,crf_only,sélectionné,N,,
sérénade,NOUN,C1,beacco,6.2023,0.1092,0.0,0.0,0.0,0.0,6.2023,0.0,0.1092,0.0,0.0,0.0,0.0,6.0005,0.0,0.1431,C1,word_pos,sérénade,N,sérénade,NOM
technocratique,ADJ,C1,beacco,6.2023,0.1092,0.0,0.0,0.0,0.0,6.2023,0.0,0.1092,0.0,0.0,0.0,0.0,6.0005,0.0,0.1431,C1,word_pos,technocratique,A,technocratique,ADJ
tenu,ADJ,C1,beacco,6.2023,0.1092,0.0,0.0,0.0,0.0,6.2023,0.0,0.1092,0.0,0.0,0.438,0.0,0.0,0.0,0.0652,C1,word_pos,tenu,A,tenu,ADJ
tige,NOUN,C1,beacco,6.2023,0.1092,0.0,0.0,0.0,0.0,6.2023,0.0,0.1092,0.0,0.0,0.0,0.0,6.0005,0.0,0.1431,C1,word_pos,tige,N,tige,NOM
transmissions,NOUN,C1,crf_first_attested,6.2023,0.1092,0.0,0.0,0.0,0.0,6.2023,0.0,0.1092,,,,,,,,,crf_only,transmissions,N,,
trépider,VERB,C1,beacco,6.2023,0.1092,0.0,0.0,0.0,0.0,6.2023,0.0,0.1092,0.0,0.0,0.0,0.0,6.0005,0.0,0.1431,C1,word_pos,trépider,V,trépider,VER
tsunamigéniques,ADJ,C1,crf_first_attested,6.2023,0.1092,0.0,0.0,0.0,0.0,6.2023,0.0,0.1092,,,,,,,,,crf_only,tsunamigéniques,A,,
uniformité,NOUN,C1,beacco,6.2023,0.1092,0.0,0.0,0.0,0.0,6.2023,0.0,0.1092,0.0,0.0,0.0,0.0,6.0005,0.0,0.1431,C1,word_pos,uniformité,N,uniformité,NOM
usurpation,NOUN,C1,beacco,6.2023,0.1092,0.0,0.0,0.0,0.0,6.2023,0.0,0.1092,0.0,0.0,0.0,0.0,6.0005,0.0,0.1431,C1,word_pos,usurpation,N,usurpation,NOM
utilisable,ADJ,C1,beacco,6.2023,0.1092,0.0,0.0,0.0,0.0,6.2023,0.0,0.1092,0.0,0.0,0.0,0.0,6.0005,0.0,0.1431,C1,word_pos,utilisable,A,utilisable,ADJ
variabilité,NOUN,C1,beacco,6.2023,0.1092,0.0,0.0,0.0,0.0,6.2023,0.0,0.1092,0.0,0.0,0.0,0.0,6.0005,0.0,0.1431,C1,word_pos,variabilité,N,variabilité,NOM
volatil,ADJ,C1,beacco,6.2023,0.1092,0.0,0.0,0.0,0.0,6.2023,0.0,0.1092,0.0,0.0,0.0,0.0,6.0005,0.0,0.1431,C1,word_pos,volatil,A,volatil,ADJ
voluptueusement,ADV,C1,beacco,6.2023,0.1092,0.0,0.0,0.0,0.0,6.2023,0.0,0.1092,0.0,0.0,0.0,0.0,6.0005,0.0,0.1431,C1,word_pos,voluptueusement,ADV,voluptueusement,ADV
voracité,NOUN,C1,beacco,6.2023,0.1092,0.0,0.0,0.0,0.0,6.2023,0.0,0.1092,0.0,0.0,0.0,0.0,6.0005,0.0,0.1431,C1,word_pos,voracité,N,voracité,NOM
vrombissement,NOUN,C1,beacco,6.2023,0.1092,0.0,0.0,0.0,0.0,6.2023,0.0,0.1092,0.0,0.0,0.0,0.0,6.0005,0.0,0.1431,C1,word_pos,vrombissement,N,vrombissement,NOM
webcamisé,NOUN,C1,crf_first_attested,6.2023,0.1092,0.0,0.0,0.0,0.0,6.2023,0.0,0.1092,,,,,,,,,crf_only,webcamisé,N,,
weekend,NOUN,C1,crf_first_attested,6.2023,0.1092,0.0,0.0,0.0,0.0,6.2023,0.0,0.1092,,,,,,,,,crf_only,weekend,N,,
à l' opposé de,PREP,C1,crf_first_attested,6.2023,0.1092,0.0,0.0,0.0,0.0,6.2023,0.0,0.1092,,,,,,,,,crf_only,à l' opposé de,PREP,,
à l' ordre du jour,ADV,C1,crf_first_attested,6.2023,0.1092,0.0,0.0,0.0,0.0,6.2023,0.0,0.1092,,,,,,,,,crf_only,à l' ordre du jour,ADV,,
à mort,PREP,C1,crf_first_attested,6.2023,0.1092,0.0,0.0,0.0,0.0,6.2023,0.0,0.1092,,,,,,,,,crf_only,à mort,PREP,,
à même de,PREP,C1,crf_first_attested,6.2023,0.1092,0.0,0.0,0.0,0.0,6.2023,0.0,0.1092,,,,,,,,,crf_only,à même de,PREP,,
à niveau,ADV,C1,crf_first_attested,6.2023,0.1092,0.0,0.0,0.0,0.0,6.2023,0.0,0.1092,,,,,,,,,crf_only,à niveau,ADV,,
ânonner,VERB,C1,beacco,6.2023,0.1092,0.0,0.0,0.0,0.0,6.2023,0.0,0.1092,0.0,0.0,0.0,0.0,6.0005,0.0,0.1431,C1,word_pos,ânonner,V,ânonner,VER
ébaucher,VERB,C1,beacco,6.2023,0.1092,0.0,0.0,0.0,0.0,6.2023,0.0,0.1092,0.0,0.0,0.0,0.0,6.0005,0.0,0.1431,C1,word_pos,ébaucher,V,ébaucher,VER
émancipé,ADJ,C1,crf_first_attested,6.2023,0.1092,0.0,0.0,0.0,0.0,6.2023,0.0,0.1092,,,,,,,,,crf_only,émancipé,A,,
émaner,VERB,C1,beacco,6.2023,0.1092,0.0,0.0,0.0,0.0,6.2023,0.0,0.1092,0.0,0.0,0.0,0.0,12.0009,0.0,0.2862,C1,word_pos,émaner,V,émaner,VER
épicentre,NOUN,C1,beacco,6.2023,0.1092,0.0,0.0,0.0,0.0,6.2023,0.0,0.1092,0.0,0.0,0.0,0.0,6.0005,0.0,0.1431,C1,word_pos,épicentre,N,épicentre,NOM
épidémique,ADJ,C1,beacco,6.2023,0.1092,0.0,0.0,0.0,0.0,6.2023,0.0,0.1092,0.0,0.0,0.0,0.0,6.0005,0.0,0.1431,C1,word_pos,épidémique,A,épidémique,ADJ
épinière,ADJ,C1,beacco,6.2023,0.1092,0.0,0.0,0.0,0.0,6.2023,0.0,0.1092,0.0,0.0,0.0,0.0,6.0005,0.0,0.1431,C1,word_pos,épinière,A,épinière,ADJ
érotisme,NOUN,C1,beacco,6.2023,0.1092,0.0,0.0,0.0,0.0,6.2023,0.0,0.1092,0.0,0.0,0.0,0.0,6.0005,0.0,0.1431,C1,word_pos,érotisme,N,érotisme,NOM
étrenner,VERB,C1,beacco,6.2023,0.1092,0.0,0.0,0.0,0.0,6.2023,0.0,0.1092,0.0,0.0,0.0,0.0,12.0009,0.0,0.2862,C1,word_pos,étrenner,V,étrenner,VER
à l' issue de,PREP,C1,crf_first_attested,6.1515,1.4428,0.0,0.0,0.0,0.0,6.1515,39.0192,1.4428,,,,,,,,,crf_only,à l' issue de,PREP,,
à condition que,CONJ,C1,crf_first_attested,6.1515,0.9334,0.0,0.0,0.0,0.0,6.1515,19.4814,0.9334,,,,,,,,,crf_only,à condition que,CONJS,,
interactivité,NOUN,C1,beacco,6.1515,0.6978,0.0,0.0,0.0,0.0,6.1515,6.4938,0.6978,0.0,0.0,0.0,0.0,4.139,12.833,0.1951,C1,word_pos,interactivité,N,interactivité,NOM
intégrant,ADJ,C1,beacco,6.1515,0.6978,0.0,0.0,0.0,0.0,6.1515,6.4938,0.6978,0.0,0.0,0.0,0.0,4.139,12.833,0.1951,C1,word_pos,intégrant,A,intégrant,ADJ
absorption,NOUN,C1,beacco,6.1515,0.1083,0.0,0.0,0.0,0.0,6.1515,0.0,0.1083,0.0,0.0,0.0,0.0,8.2781,0.0,0.1951,C1,word_pos,absorption,N,absorption,NOM
achoppement,NOUN,C1,beacco,6.1515,0.1083,0.0,0.0,0.0,0.0,6.1515,0.0,0.1083,0.0,0.0,0.0,0.0,4.139,0.0,0.0975,C1,word_pos,achoppement,N,achoppement,NOM
addict,NOUN,C1,crf_first_attested,6.1515,0.1083,0.0,0.0,0.0,0.0,6.1515,0.0,0.1083,,,,,,,,,crf_only,addict,N,,
aggravation,NOUN,C1,beacco,6.1515,0.1083,0.0,0.0,0.0,0.0,6.1515,0.0,0.1083,0.0,0.0,0.0,0.0,8.2781,0.0,0.1951,C1,word_pos,aggravation,N,aggravation,NOM
agronomie,NOUN,C1,beacco,6.1515,0.1083,0.0,0.0,0.0,0.0,6.1515,0.0,0.1083,0.0,0.0,0.0,0.0,4.139,0.0,0.0975,C1,word_pos,agronomie,N,agronomie,NOM
amazonien,ADJ,C1,beacco,6.1515,0.1083,0.0,0.0,0.0,0.0,6.1515,0.0,0.1083,0.0,0.0,0.0,0.0,12.4171,0.0,0.2926,C1,word_pos,amazonien,A,amazonien,ADJ
angine,NOUN,C1,beacco,6.1515,0.1083,0.0,0.0,0.0,0.0,6.1515,0.0,0.1083,0.0,0.0,0.0,0.0,12.4171,0.0,0.2926,C1,word_pos,angine,N,angine,NOM
brider,VERB,C1,beacco,6.1515,0.1083,0.0,0.0,0.0,0.0,6.1515,0.0,0.1083,0.0,0.0,0.0,0.0,4.139,0.0,0.0975,C1,word_pos,brider,V,brider,VER
carrelée de blanc,ADJ,C1,crf_first_attested,6.1515,0.1083,0.0,0.0,0.0,0.0,6.1515,0.0,0.1083,,,,,,,,,crf_only,carrelée de blanc,A,,
clarifier,VERB,C1,beacco,6.1515,0.1083,0.0,0.0,0.0,0.0,6.1515,0.0,0.1083,0.0,0.0,0.0,0.0,4.139,0.0,0.0975,C1,word_pos,clarifier,V,clarifier,VER
clinicien,ADJ,C1,beacco,6.1515,0.1083,0.0,0.0,0.0,0.0,6.1515,0.0,0.1083,0.0,0.0,0.0,0.0,4.139,0.0,0.0975,C1,word_pos,clinicien,A,clinicien,ADJ
communautarisation,NOUN,C1,beacco,6.1515,0.1083,0.0,0.0,0.0,0.0,6.1515,0.0,0.1083,0.0,0.0,0.0,0.0,4.139,0.0,0.0975,C1,word_pos,communautarisation,N,communautarisation,NOM
coqueluche,NOUN,C1,beacco,6.1515,0.1083,0.0,0.0,0.0,0.0,6.1515,0.0,0.1083,0.0,0.0,0.0,0.0,4.139,0.0,0.0975,C1,word_pos,coqueluche,N,coqueluche,NOM
cultuel,ADJ,C1,beacco,6.1515,0.1083,0.0,0.0,0.0,0.0,6.1515,0.0,0.1083,0.0,0.0,0.0,0.0,4.139,0.0,0.0975,C1,word_pos,cultuel,A,cultuel,ADJ
cyber,ADJ,C1,crf_first_attested,6.1515,0.1083,0.0,0.0,0.0,0.0,6.1515,0.0,0.1083,,,,,,,,,crf_only,cyber,A,,
diphtérie,NOUN,C1,beacco,6.1515,0.1083,0.0,0.0,0.0,0.0,6.1515,0.0,0.1083,0.0,0.0,0.0,0.0,4.139,0.0,0.0975,C1,word_pos,diphtérie,N,diphtérie,NOM
doléances,NOUN,C1,crf_first_attested,6.1515,0.1083,0.0,0.0,0.0,0.0,6.1515,0.0,0.1083,,,,,,,,,crf_only,doléances,N,,
dépendants,NOUN,C1,crf_first_attested,6.1515,0.1083,0.0,0.0,0.0,0.0,6.1515,0.0,0.1083,,,,,,,,,crf_only,dépendants,N,,
dépourvu,ADJ,C1,crf_first_attested,6.1515,0.1083,0.0,0.0,0.0,0.0,6.1515,0.0,0.1083,,,,,,,,,crf_only,dépourvu,A,,
désormais partie,ADV,C1,crf_first_attested,6.1515,0.1083,0.0,0.0,0.0,0.0,6.1515,0.0,0.1083,,,,,,,,,crf_only,désormais partie,ADV,,
en plénière,ADV,C1,crf_first_attested,6.1515,0.1083,0.0,0.0,0.0,0.0,6.1515,0.0,0.1083,,,,,,,,,crf_only,en plénière,ADV,,
engrenage,NOUN,C1,beacco,6.1515,0.1083,0.0,0.0,0.0,0.0,6.1515,0.0,0.1083,0.0,0.0,0.0,0.0,4.139,0.0,0.0975,C1,word_pos,engrenage,N,engrenage,NOM
envisageable,ADJ,C1,beacco,6.1515,0.1083,0.0,0.0,0.0,0.0,6.1515,0.0,0.1083,0.0,0.0,0.0,0.0,8.2781,0.0,0.1951,C1,word_pos,envisageable,A,envisageable,ADJ
excessif,NOUN,C1,crf_first_attested,6.1515,0.1083,0.0,0.0,0.0,0.0,6.1515,0.0,0.1083,,,,,,,,,crf_only,excessif,N,,
finalisé,ADJ,C1,beacco,6.1515,0.1083,0.0,0.0,0.0,0.0,6.1515,0.0,0.1083,0.0,0.0,0.0,0.0,4.139,0.0,0.0975,C1,word_pos,finalisé,A,finalisé,ADJ
hardiment,ADV,C1,beacco,6.1515,0.1083,0.0,0.0,0.0,0.0,6.1515,0.0,0.1083,0.0,0.0,0.0,0.0,4.139,0.0,0.0975,C1,word_pos,hardiment,ADV,hardiment,ADV
harmonisation,NOUN,C1,beacco,6.1515,0.1083,0.0,0.0,0.0,0.0,6.1515,0.0,0.1083,0.0,0.0,0.0,0.0,4.139,0.0,0.0975,C1,word_pos,harmonisation,N,harmonisation,NOM
hawaiien,ADJ,C1,crf_first_attested,6.1515,0.1083,0.0,0.0,0.0,0.0,6.1515,0.0,0.1083,,,,,,,,,crf_only,hawaiien,A,,
hospitalo - universitaire,NOUN,C1,crf_first_attested,6.1515,0.1083,0.0,0.0,0.0,0.0,6.1515,0.0,0.1083,,,,,,,,,crf_only,hospitalo - universitaire,N,,
iconoclaste,ADJ,C1,beacco,6.1515,0.1083,0.0,0.0,0.0,0.0,6.1515,0.0,0.1083,0.0,0.0,0.0,0.0,4.139,0.0,0.0975,C1,word_pos,iconoclaste,A,iconoclaste,ADJ
inapte,ADJ,C1,beacco,6.1515,0.1083,0.0,0.0,0.0,0.0,6.1515,0.0,0.1083,0.0,0.0,0.0,0.0,4.139,0.0,0.0975,C1,word_pos,inapte,A,inapte,ADJ
intègre,ADJ,C1,crf_first_attested,6.1515,0.1083,0.0,0.0,0.0,0.0,6.1515,0.0,0.1083,,,,,,,,,crf_only,intègre,A,,
linéaire,ADJ,C1,beacco,6.1515,0.1083,0.0,0.0,0.0,0.0,6.1515,0.0,0.1083,0.0,0.0,0.0,0.0,4.139,0.0,0.0975,C1,word_pos,linéaire,A,linéaire,ADJ
multijoueurs,NOUN,C1,crf_first_attested,6.1515,0.1083,0.0,0.0,0.0,0.0,6.1515,0.0,0.1083,,,,,,,,,crf_only,multijoueurs,N,,
méthodiquement,ADV,C1,beacco,6.1515,0.1083,0.0,0.0,0.0,0.0,6.1515,0.0,0.1083,0.0,0.0,0.0,0.0,4.139,0.0,0.0975,C1,word_pos,méthodiquement,ADV,méthodiquement,ADV
métis,ADJ,C1,beacco,6.1515,0.1083,0.0,0.0,0.0,0.0,6.1515,0.0,0.1083,0.0,0.0,0.0,0.0,4.139,0.0,0.0975,C1,word_pos,métis,A,métis,ADJ
neurotoxine,NOUN,C1,crf_first_attested,6.1515,0.1083,0.0,0.0,0.0,0.0,6.1515,0.0,0.1083,,,,,,,,,crf_only,neurotoxine,N,,
nomenclature,NOUN,C1,beacco,6.1515,0.1083,0.0,0.0,0.0,0.0,6.1515,0.0,0.1083,0.0,0.0,0.0,0.0,4.139,0.0,0.0975,C1,word_pos,nomenclature,N,nomenclature,NOM
pakistanais,ADJ,C1,beacco,6.1515,0.1083,0.0,0.0,0.0,0.0,6.1515,0.0,0.1083,0.0,0.0,0.0,0.0,4.139,0.0,0.0975,C1,word_pos,pakistanais,A,pakistanais,ADJ
parkinsonien,ADJ,C1,beacco,6.1515,0.1083,0.0,0.0,0.0,0.0,6.1515,0.0,0.1083,0.0,0.0,0.0,0.0,4.139,0.0,0.0975,C1,word_pos,parkinsonien,A,parkinsonien,ADJ
perpétrer,VERB,C1,beacco,6.1515,0.1083,0.0,0.0,0.0,0.0,6.1515,0.0,0.1083,0.0,0.0,0.0,0.0,4.139,0.0,0.0975,C1,word_pos,perpétrer,V,perpétrer,VER
pertinemment,ADV,C1,beacco,6.1515,0.1083,0.0,0.0,0.0,0.0,6.1515,0.0,0.1083,0.0,0.0,0.0,0.0,4.139,0.0,0.0975,C1,word_pos,pertinemment,ADV,pertinemment,ADV
pharmacorésistance,NOUN,C1,crf_first_attested,6.1515,0.1083,0.0,0.0,0.0,0.0,6.1515,0.0,0.1083,,,,,,,,,crf_only,pharmacorésistance,N,,
post - doctorant,NOUN,C1,crf_first_attested,6.1515,0.1083,0.0,0.0,0.0,0.0,6.1515,0.0,0.1083,,,,,,,,,crf_only,post - doctorant,N,,
prescrire,VERB,C1,beacco,6.1515,0.1083,0.0,0.0,0.0,0.0,6.1515,0.0,0.1083,0.0,0.0,0.0,0.0,12.4171,0.0,0.2926,C1,word_pos,prescrire,V,prescrire,VER
quadriennal,ADJ,C1,beacco,6.1515,0.1083,0.0,0.0,0.0,0.0,6.1515,0.0,0.1083,0.0,0.0,0.0,0.0,4.139,0.0,0.0975,C1,word_pos,quadriennal,A,quadriennal,ADJ
qualitatif,ADJ,C1,beacco,6.1515,0.1083,0.0,0.0,0.0,0.0,6.1515,0.0,0.1083,0.0,0.0,0.0,0.0,4.139,0.0,0.0975,C1,word_pos,qualitatif,A,qualitatif,ADJ
rattachement,NOUN,C1,beacco,6.1515,0.1083,0.0,0.0,0.0,0.0,6.1515,0.0,0.1083,0.0,0.0,0.0,0.0,4.139,0.0,0.0975,C1,word_pos,rattachement,N,rattachement,NOM
recensement,NOUN,C1,beacco,6.1515,0.1083,0.0,0.0,0.0,0.0,6.1515,0.0,0.1083,0.0,0.0,0.0,0.0,4.139,0.0,0.0975,C1,word_pos,recensement,N,recensement,NOM
reconnu,ADJ,C1,crf_first_attested,6.1515,0.1083,0.0,0.0,0.0,0.0,6.1515,0.0,0.1083,,,,,,,,,crf_only,reconnu,A,,
redistribuer,VERB,C1,beacco,6.1515,0.1083,0.0,0.0,0.0,0.0,6.1515,0.0,0.1083,0.0,0.0,0.0,0.0,4.139,0.0,0.0975,C1,word_pos,redistribuer,V,redistribuer,VER
remuant,ADJ,C1,beacco,6.1515,0.1083,0.0,0.0,0.0,0.0,6.1515,0.0,0.1083,0.0,0.0,0.0,0.0,4.139,0.0,0.0975,C1,word_pos,remuant,A,remuant,ADJ
repositionner,VERB,C1,crf_first_attested,6.1515,0.1083,0.0,0.0,0.0,0.0,6.1515,0.0,0.1083,,,,,,,,,crf_only,repositionner,V,,
rosser,VERB,C1,crf_first_attested,6.1515,0.1083,0.0,0.0,0.0,0.0,6.1515,0.0,0.1083,,,,,,,,,crf_only,rosser,V,,
sourciller,VERB,C1,beacco,6.1515,0.1083,0.0,0.0,0.0,0.0,6.1515,0.0,0.1083,0.0,0.0,0.0,0.0,4.139,0.0,0.0975,C1,word_pos,sourciller,V,sourciller,VER
sous la pression de,PREP,C1,crf_first_attested,6.1515,0.1083,0.0,0.0,0.0,0.0,6.1515,0.0,0.1083,,,,,,,,,crf_only,sous la pression de,PREP,,
subsidiarité,NOUN,C1,beacco,6.1515,0.1083,0.0,0.0,0.0,0.0,6.1515,0.0,0.1083,0.0,0.0,0.0,0.0,4.139,0.0,0.0975,C1,word_pos,subsidiarité,N,subsidiarité,NOM
sur le fond,ADV,C1,crf_first_attested,6.1515,0.1083,0.0,0.0,0.0,0.0,6.1515,0.0,0.1083,,,,,,,,,crf_only,sur le fond,ADV,,
thésard,NOUN,C1,beacco,6.1515,0.1083,0.0,0.0,0.0,0.0,6.1515,0.0,0.1083,0.0,0.0,0.0,0.0,4.139,0.0,0.0975,C1,word_pos,thésard,N,thésard,NOM
top,DET,C1,crf_first_attested,6.1515,0.1083,0.0,0.0,0.0,0.0,6.1515,0.0,0.1083,,,,,,,,,crf_only,top,DET,,
toxicomanie,NOUN,C1,beacco,6.1515,0.1083,0.0,0.0,0.0,0.0,6.1515,0.0,0.1083,0.0,0.0,0.0,0.0,4.139,0.0,0.0975,C1,word_pos,toxicomanie,N,toxicomanie,NOM
tétanos,NOUN,C1,beacco,6.1515,0.1083,0.0,0.0,0.0,0.0,6.1515,0.0,0.1083,0.0,0.0,0.0,0.0,4.139,0.0,0.0975,C1,word_pos,tétanos,N,tétanos,NOM
à la veille de,PREP,C1,crf_first_attested,6.1515,0.1083,0.0,0.0,0.0,0.0,6.1515,0.0,0.1083,,,,,,,,,crf_only,à la veille de,PREP,,
à vue à,PREP,C1,crf_first_attested,6.1515,0.1083,0.0,0.0,0.0,0.0,6.1515,0.0,0.1083,,,,,,,,,crf_only,à vue à,PREP,,
électroencéphalogramme,NOUN,C1,crf_first_attested,6.1515,0.1083,0.0,0.0,0.0,0.0,6.1515,0.0,0.1083,,,,,,,,,crf_only,électroencéphalogramme,N,,
émanciper,VERB,C1,beacco,6.1515,0.1083,0.0,0.0,0.0,0.0,6.1515,0.0,0.1083,0.0,0.0,0.0,0.0,6.0005,0.0,0.1431,C1,word_pos,émanciper,V,émanciper,VER
posteriori,ADV,C1,beacco,6.0005,0.2862,,,,,,,,0.0,0.0,0.0,0.0,6.0005,19.328,0.2862,C1,beacco_only,,,posteriori,ADV
quid,PRON,C1,beacco,6.0005,0.2862,,,,,,,,0.0,0.0,0.0,0.0,6.0005,19.328,0.2862,C1,beacco_only,,,quid,PRO
académisme,NOUN,C1,beacco,6.0005,0.1431,,,,,,,,0.0,0.0,0.0,0.0,6.0005,0.0,0.1431,C1,beacco_only,,,académisme,NOM
airbus,NOUN,C1,beacco,6.0005,0.1431,,,,,,,,0.0,0.0,0.0,0.0,6.0005,0.0,0.1431,C1,beacco_only,,,airbus,NOM
anti-inflammatoire,NOUN,C1,beacco,6.0005,0.1431,,,,,,,,0.0,0.0,0.0,0.0,6.0005,0.0,0.1431,C1,beacco_only,,,anti-inflammatoire,NOM
appuie-tête,NOUN,C1,beacco,6.0005,0.1431,,,,,,,,0.0,0.0,0.0,0.0,6.0005,0.0,0.1431,C1,beacco_only,,,appuie-tête,NOM
arrière-garde,NOUN,C1,beacco,6.0005,0.1431,,,,,,,,0.0,0.0,0.0,0.0,6.0005,0.0,0.1431,C1,beacco_only,,,arrière-garde,NOM
attaquant,ADJ,C1,beacco,6.0005,0.1431,,,,,,,,0.0,0.0,0.0,0.0,6.0005,0.0,0.1431,C1,beacco_only,,,attaquant,ADJ
bigarré,ADJ,C1,beacco,6.0005,0.1431,,,,,,,,0.0,0.0,0.0,0.0,6.0005,0.0,0.1431,C1,beacco_only,,,bigarré,ADJ
bouffé,ADJ,C1,beacco,6.0005,0.1431,,,,,,,,0.0,0.0,0.0,0.0,6.0005,0.0,0.1431,C1,beacco_only,,,bouffé,ADJ
charpentière,NOUN,C1,beacco,6.0005,0.1431,,,,,,,,0.0,0.0,0.0,0.0,6.0005,0.0,0.1431,C1,beacco_only,,,charpentière,NOM
chauve-souris,NOUN,C1,beacco,6.0005,0.1431,,,,,,,,0.0,0.0,0.0,0.0,6.0005,0.0,0.1431,C1,beacco_only,,,chauve-souris,NOM
chi,NOUN,C1,beacco,6.0005,0.1431,,,,,,,,0.0,0.0,0.0,0.0,6.0005,0.0,0.1431,C1,beacco_only,,,chi,NOM
compliqué,NOUN,C1,beacco,6.0005,0.1431,,,,,,,,0.0,0.0,0.0,0.0,6.0005,0.0,0.1431,C1,beacco_only,,,compliqué,NOM
concurrent,ADJ,C1,beacco,6.0005,0.1431,,,,,,,,0.0,0.0,0.0,0.0,6.0005,0.0,0.1431,C1,beacco_only,,,concurrent,ADJ
conscient,NOUN,C1,beacco,6.0005,0.1431,,,,,,,,0.0,0.0,0.0,0.0,6.0005,0.0,0.1431,C1,beacco_only,,,conscient,NOM
craqueler,VERB,C1,beacco,6.0005,0.1431,,,,,,,,0.0,0.0,0.0,0.0,6.0005,0.0,0.1431,C1,beacco_only,,,craqueler,VER
croisette,NOUN,C1,beacco,6.0005,0.1431,,,,,,,,0.0,0.0,0.0,0.0,6.0005,0.0,0.1431,C1,beacco_only,,,croisette,NOM
crypté,ADJ,C1,beacco,6.0005,0.1431,,,,,,,,0.0,0.0,0.0,0.0,6.0005,0.0,0.1431,C1,beacco_only,,,crypté,ADJ
cycliste,ADJ,C1,beacco,6.0005,0.1431,,,,,,,,0.0,0.0,0.0,0.0,6.0005,0.0,0.1431,C1,beacco_only,,,cycliste,ADJ
diffusif,ADJ,C1,beacco,6.0005,0.1431,,,,,,,,0.0,0.0,0.0,0.0,6.0005,0.0,0.1431,C1,beacco_only,,,diffusif,ADJ
démuni,ADJ,C1,beacco,6.0005,0.1431,,,,,,,,0.0,0.0,0.0,0.0,6.0005,0.0,0.1431,C1,beacco_only,,,démuni,ADJ
emmerder,VERB,C1,beacco,6.0005,0.1431,,,,,,,,0.0,0.0,0.0,0.0,6.0005,0.0,0.1431,C1,beacco_only,,,emmerder,VER
environ,NOUN,C1,beacco,6.0005,0.1431,,,,,,,,0.0,0.0,0.0,0.0,6.0005,0.0,0.1431,C1,beacco_only,,,environ,NOM
fouetté,ADJ,C1,beacco,6.0005,0.1431,,,,,,,,0.0,0.0,0.0,0.0,6.0005,0.0,0.1431,C1,beacco_only,,,fouetté,ADJ
houlette,NOUN,C1,beacco,6.0005,0.1431,,,,,,,,0.0,0.0,0.0,0.0,6.0005,0.0,0.1431,C1,beacco_only,,,houlette,NOM
incliné,ADJ,C1,beacco,6.0005,0.1431,,,,,,,,0.0,0.0,0.0,0.0,6.0005,0.0,0.1431,C1,beacco_only,,,incliné,ADJ
introverti,ADJ,C1,beacco,6.0005,0.1431,,,,,,,,0.0,0.0,0.0,0.0,6.0005,0.0,0.1431,C1,beacco_only,,,introverti,ADJ
limousin,ADJ,C1,beacco,6.0005,0.1431,,,,,,,,0.0,0.0,0.0,0.0,6.0005,0.0,0.1431,C1,beacco_only,,,limousin,ADJ
liquéfier,VERB,C1,beacco,6.0005,0.1431,,,,,,,,0.0,0.0,0.0,0.0,6.0005,0.0,0.1431,C1,beacco_only,,,liquéfier,VER
lisant,ADJ,C1,beacco,6.0005,0.1431,,,,,,,,0.0,0.0,0.0,0.0,6.0005,0.0,0.1431,C1,beacco_only,,,lisant,ADJ
littératurer,VERB,C1,beacco,6.0005,0.1431,,,,,,,,0.0,0.0,0.0,0.0,6.0005,0.0,0.1431,C1,beacco_only,,,littératurer,VER
long-courrier,ADJ,C1,beacco,6.0005,0.1431,,,,,,,,0.0,0.0,0.0,0.0,6.0005,0.0,0.1431,C1,beacco_only,,,long-courrier,ADJ
malgache,NOUN,C1,beacco,6.0005,0.1431,,,,,,,,0.0,0.0,0.0,0.0,6.0005,0.0,0.1431,C1,beacco_only,,,malgache,NOM
mental,NOUN,C1,beacco,6.0005,0.1431,,,,,,,,0.0,0.0,0.0,0.0,6.0005,0.0,0.1431,C1,beacco_only,,,mental,NOM
médico-légal,ADJ,C1,beacco,6.0005,0.1431,,,,,,,,0.0,0.0,0.0,0.0,6.0005,0.0,0.1431,C1,beacco_only,,,médico-légal,ADJ
non-lieu,NOUN,C1,beacco,6.0005,0.1431,,,,,,,,0.0,0.0,0.0,0.0,6.0005,0.0,0.1431,C1,beacco_only,,,non-lieu,NOM
non-observation,NOUN,C1,beacco,6.0005,0.1431,,,,,,,,0.0,0.0,0.0,0.0,6.0005,0.0,0.1431,C1,beacco_only,,,non-observation,NOM
nuancer,VERB,C1,beacco,6.0005,0.1431,,,,,,,,0.0,0.0,0.0,0.0,6.0005,0.0,0.1431,C1,beacco_only,,,nuancer,VER
négro-africain,ADJ,C1,beacco,6.0005,0.1431,,,,,,,,0.0,0.0,0.0,0.0,6.0005,0.0,0.1431,C1,beacco_only,,,négro-africain,ADJ
paru,ADJ,C1,beacco,6.0005,0.1431,,,,,,,,0.0,0.0,0.0,0.0,6.0005,0.0,0.1431,C1,beacco_only,,,paru,ADJ
plumer,VERB,C1,beacco,6.0005,0.1431,,,,,,,,0.0,0.0,0.0,0.0,6.0005,0.0,0.1431,C1,beacco_only,,,plumer,VER
pris,ADJ,C1,beacco,6.0005,0.1431,,,,,,,,0.0,0.0,0.0,0.0,6.0005,0.0,0.1431,C1,beacco_only,,,pris,ADJ
péridural,ADJ,C1,beacco,6.0005,0.1431,,,,,,,,0.0,0.0,0.0,0.0,6.0005,0.0,0.1431,C1,beacco_only,,,péridural,ADJ
périr,VERB,C1,beacco,6.0005,0.1431,,,,,,,,0.0,0.0,0.0,0.0,6.0005,0.0,0.1431,C1,beacco_only,,,périr,VER
pétiller,VERB,C1,beacco,6.0005,0.1431,,,,,,,,0.0,0.0,0.0,0.0,6.0005,0.0,0.1431,C1,beacco_only,,,pétiller,VER
rapprochement,NOUN,C1,beacco,6.0005,0.1431,,,,,,,,0.0,0.0,0.0,0.0,6.0005,0.0,0.1431,C1,beacco_only,,,rapprochement,NOM
redoutablement,ADV,C1,beacco,6.0005,0.1431,,,,,,,,0.0,0.0,0.0,0.0,6.0005,0.0,0.1431,C1,beacco_only,,,redoutablement,ADV
repasse,NOUN,C1,beacco,6.0005,0.1431,,,,,,,,0.0,0.0,0.0,0.0,6.0005,0.0,0.1431,C1,beacco_only,,,repasse,NOM
rouge-gorge,NOUN,C1,beacco,6.0005,0.1431,,,,,,,,0.0,0.0,0.0,0.0,6.0005,0.0,0.1431,C1,beacco_only,,,rouge-gorge,NOM
sans-abri,NOUN,C1,beacco,6.0005,0.1431,,,,,,,,0.0,0.0,0.0,0.0,6.0005,0.0,0.1431,C1,beacco_only,,,sans-abri,NOM
socio-économique,ADJ,C1,beacco,6.0005,0.1431,,,,,,,,0.0,0.0,0.0,0.0,6.0005,0.0,0.1431,C1,beacco_only,,,socio-économique,ADJ
sous-ensemble,NOUN,C1,beacco,6.0005,0.1431,,,,,,,,0.0,0.0,0.0,0.0,6.0005,0.0,0.1431,C1,beacco_only,,,sous-ensemble,NOM
surréaliste,NOUN,C1,beacco,6.0005,0.1431,,,,,,,,0.0,0.0,0.0,0.0,6.0005,0.0,0.1431,C1,beacco_only,,,surréaliste,NOM
tissé,ADJ,C1,beacco,6.0005,0.1431,,,,,,,,0.0,0.0,0.0,0.0,6.0005,0.0,0.1431,C1,beacco_only,,,tissé,ADJ
tourné,ADJ,C1,beacco,6.0005,0.1431,,,,,,,,0.0,0.0,0.0,0.0,6.0005,0.0,0.1431,C1,beacco_only,,,tourné,ADJ
trois-quarts,ADJ,C1,beacco,6.0005,0.1431,,,,,,,,0.0,0.0,0.0,0.0,6.0005,0.0,0.1431,C1,beacco_only,,,trois-quarts,ADJ
zoner,VERB,C1,beacco,6.0005,0.1431,,,,,,,,0.0,0.0,0.0,0.0,6.0005,0.0,0.1431,C1,beacco_only,,,zoner,VER
solidement,ADV,C1,beacco,4.8126,1.3887,0.0,3.0225,0.0,0.0,4.8126,0.0,1.3887,0.0,0.3729,0.0,0.0,3.4423,0.0,0.3913,C1,word_pos,solidement,ADV,solidement,ADV
joint,NOUN,C1,beacco,4.8126,1.2063,0.0,0.3209,0.2366,0.0,4.8126,0.0,1.2063,0.0,0.0,0.0,0.0,3.4423,0.0,0.0657,C1,word_pos,joint,N,joint,NOM
mât,NOUN,C1,beacco,4.8126,0.9464,3.4156,0.0,0.0,0.0,4.8126,0.0,0.9464,0.0,0.0,0.0,0.0,3.4423,0.0,0.0657,C1,word_pos,mât,N,mât,NOM
battu,ADJ,C1,crf_first_attested,4.8126,0.6854,0.0,0.0,0.0,0.0,4.8126,6.4938,0.6854,,,,,,,,,crf_only,battu,A,,
aucunement,ADV,C1,beacco,4.8126,0.0998,0.0,0.0,0.0,0.0,4.8126,0.0,0.0998,0.0,0.0,0.0,0.0,3.4423,0.0,0.0657,C1,word_pos,aucunement,ADV,aucunement,ADV
bougonner,VERB,C1,beacco,4.8126,0.0998,0.0,0.0,0.0,0.0,4.8126,0.0,0.0998,0.0,0.0,0.0,0.0,3.4423,0.0,0.0657,C1,word_pos,bougonner,V,bougonner,VER
buis,NOUN,C1,beacco,4.8126,0.0998,0.0,0.0,0.0,0.0,4.8126,0.0,0.0998,0.0,0.0,0.0,0.0,3.4423,0.0,0.0657,C1,word_pos,buis,N,buis,NOM
capitalisation,NOUN,C1,beacco,4.8126,0.0998,0.0,0.0,0.0,0.0,4.8126,0.0,0.0998,0.0,0.0,0.0,0.0,3.4423,0.0,0.0657,C1,word_pos,capitalisation,N,capitalisation,NOM
cercler,VERB,C1,beacco,4.8126,0.0998,0.0,0.0,0.0,0.0,4.8126,0.0,0.0998,0.0,0.0,0.0,0.0,3.4423,0.0,0.0657,C1,word_pos,cercler,V,cercler,VER
cochonnet,NOUN,C1,beacco,4.8126,0.0998,0.0,0.0,0.0,0.0,4.8126,0.0,0.0998,0.0,0.0,0.0,0.0,3.4423,0.0,0.0657,C1,word_pos,cochonnet,N,cochonnet,NOM
cordillière,NOUN,C1,crf_first_attested,4.8126,0.0998,0.0,0.0,0.0,0.0,4.8126,0.0,0.0998,,,,,,,,,crf_only,cordillière,N,,
cormier,NOUN,C1,beacco,4.8126,0.0998,0.0,0.0,0.0,0.0,4.8126,0.0,0.0998,0.0,0.0,0.0,0.0,3.4423,0.0,0.0657,C1,word_pos,cormier,N,cormier,NOM
coté,NOUN,C1,crf_first_attested,4.8126,0.0998,0.0,0.0,0.0,0.0,4.8126,0.0,0.0998,,,,,,,,,crf_only,coté,N,,
croquant,NOUN,C1,crf_first_attested,4.8126,0.0998,0.0,0.0,0.0,0.0,4.8126,0.0,0.0998,,,,,,,,,crf_only,croquant,N,,
damer,VERB,C1,beacco,4.8126,0.0998,0.0,0.0,0.0,0.0,4.8126,0.0,0.0998,0.0,0.0,0.0,0.0,3.4423,0.0,0.0657,C1,word_pos,damer,V,damer,VER
dedans de,PREP,C1,crf_first_attested,4.8126,0.0998,0.0,0.0,0.0,0.0,4.8126,0.0,0.0998,,,,,,,,,crf_only,dedans de,PREP,,
dement,ADV,C1,crf_first_attested,4.8126,0.0998,0.0,0.0,0.0,0.0,4.8126,0.0,0.0998,,,,,,,,,crf_only,dement,ADV,,
dissymétrique,ADJ,C1,beacco,4.8126,0.0998,0.0,0.0,0.0,0.0,4.8126,0.0,0.0998,0.0,0.0,0.0,0.0,3.4423,0.0,0.0657,C1,word_pos,dissymétrique,A,dissymétrique,ADJ
déséquilibre,NOUN,C1,beacco,4.8126,0.0998,0.0,0.0,0.0,0.0,4.8126,0.0,0.0998,0.0,0.0,0.0,0.0,3.4423,0.0,0.0657,C1,word_pos,déséquilibre,N,déséquilibre,NOM
dévaler,VERB,C1,beacco,4.8126,0.0998,0.0,0.0,0.0,0.0,4.8126,0.0,0.0998,0.0,0.0,0.0,0.0,3.4423,0.0,0.0657,C1,word_pos,dévaler,V,dévaler,VER
dévisser,VERB,C1,beacco,4.8126,0.0998,0.0,0.0,0.0,0.0,4.8126,0.0,0.0998,0.0,0.0,0.0,0.0,3.4423,0.0,0.0657,C1,word_pos,dévisser,V,dévisser,VER
en vertu de,PREP,C1,crf_first_attested,4.8126,0.0998,0.0,0.0,0.0,0.0,4.8126,0.0,0.0998,,,,,,,,,crf_only,en vertu de,PREP,,
encor,ADV,C1,beacco,4.8126,0.0998,0.0,0.0,0.0,0.0,4.8126,0.0,0.0998,0.0,0.0,0.0,0.0,3.4423,0.0,0.0657,C1,word_pos,encor,ADV,encor,ADV
gaïac,NOUN,C1,beacco,4.8126,0.0998,0.0,0.0,0.0,0.0,4.8126,0.0,0.0998,0.0,0.0,0.0,0.0,3.4423,0.0,0.0657,C1,word_pos,gaïac,N,gaïac,NOM
gribiche,ADJ,C1,beacco,4.8126,0.0998,0.0,0.0,0.0,0.0,4.8126,0.0,0.0998,0.0,0.0,0.0,0.0,3.4423,0.0,0.0657,C1,word_pos,gribiche,A,gribiche,ADJ
guatémaltèque,ADJ,C1,beacco,4.8126,0.0998,0.0,0.0,0.0,0.0,4.8126,0.0,0.0998,0.0,0.0,0.0,0.0,6.8846,0.0,0.1315,C1,word_pos,guatémaltèque,A,guatémaltèque,ADJ
importun,NOUN,C1,beacco,4.8126,0.0998,0.0,0.0,0.0,0.0,4.8126,0.0,0.0998,0.0,0.0,0.0,0.0,6.8846,0.0,0.1315,C1,unique_word,importun,N,importun,ADJ
intempérie,NOUN,C1,beacco,4.8126,0.0998,0.0,0.0,0.0,0.0,4.8126,0.0,0.0998,0.0,0.0,0.0,0.0,3.4423,0.0,0.0657,C1,word_pos,intempérie,N,intempérie,NOM
lancer,NOUN,C1,beacco,4.8126,0.0998,0.0,0.0,0.0,0.0,4.8126,0.0,0.0998,0.0,0.0,0.0,0.0,3.4423,0.0,0.0657,C1,word_pos,lancer,N,lancer,NOM
lest,NOUN,C1,beacco,4.8126,0.0998,0.0,0.0,0.0,0.0,4.8126,0.0,0.0998,0.0,0.0,0.0,0.0,3.4423,0.0,0.0657,C1,word_pos,lest,N,lest,NOM
madrier,NOUN,C1,beacco,4.8126,0.0998,0.0,0.0,0.0,0.0,4.8126,0.0,0.0998,0.0,0.0,0.0,0.0,3.4423,0.0,0.0657,C1,word_pos,madrier,N,madrier,NOM
marinier,NOUN,C1,beacco,4.8126,0.0998,0.0,0.0,0.0,0.0,4.8126,0.0,0.0998,0.0,0.0,0.0,0.0,3.4423,0.0,0.0657,C1,word_pos,marinier,N,marinier,NOM
méplat,ADJ,C1,beacco,4.8126,0.0998,0.0,0.0,0.0,0.0,4.8126,0.0,0.0998,0.0,0.0,0.0,0.0,3.4423,0.0,0.0657,C1,word_pos,méplat,A,méplat,ADJ
nuggets,NOUN,C1,crf_first_attested,4.8126,0.0998,0.0,0.0,0.0,0.0,4.8126,0.0,0.0998,,,,,,,,,crf_only,nuggets,N,,
pardessus,NOUN,C1,beacco,4.8126,0.0998,0.0,0.0,0.0,0.0,4.8126,0.0,0.0998,0.0,0.0,0.0,0.0,3.4423,0.0,0.0657,C1,word_pos,pardessus,N,pardessus,NOM
piaffer,VERB,C1,beacco,4.8126,0.0998,0.0,0.0,0.0,0.0,4.8126,0.0,0.0998,0.0,0.0,0.0,0.0,3.4423,0.0,0.0657,C1,word_pos,piaffer,V,piaffer,VER
putain,NOUN,C1,beacco,4.8126,0.0998,0.0,0.0,0.0,0.0,4.8126,0.0,0.0998,0.0,0.0,0.0,0.0,3.4423,0.0,0.0657,C1,word_pos,putain,N,putain,NOM
rapi,NOUN,C1,crf_first_attested,4.8126,0.0998,0.0,0.0,0.0,0.0,4.8126,0.0,0.0998,,,,,,,,,crf_only,rapi,N,,
repassage,NOUN,C1,beacco,4.8126,0.0998,0.0,0.0,0.0,0.0,4.8126,0.0,0.0998,0.0,0.0,0.0,0.0,6.8846,0.0,0.1315,C1,word_pos,repassage,N,repassage,NOM
ringard,ADJ,C1,beacco,4.8126,0.0998,0.0,0.0,0.0,0.0,4.8126,0.0,0.0998,0.0,0.0,0.0,0.0,6.8846,0.0,0.1315,C1,word_pos,ringard,A,ringard,ADJ
roulis,NOUN,C1,beacco,4.8126,0.0998,0.0,0.0,0.0,0.0,4.8126,0.0,0.0998,0.0,0.0,0.0,0.0,3.4423,0.0,0.0657,C1,word_pos,roulis,N,roulis,NOM
régulation,NOUN,C1,beacco,4.8126,0.0998,0.0,0.0,0.0,0.0,4.8126,0.0,0.0998,0.0,0.0,0.0,0.0,6.8846,0.0,0.1315,C1,word_pos,régulation,N,régulation,NOM
résiliation,NOUN,C1,beacco,4.8126,0.0998,0.0,0.0,0.0,0.0,4.8126,0.0,0.0998,0.0,0.0,0.0,0.0,10.3269,0.0,0.1972,C1,word_pos,résiliation,N,résiliation,NOM
sablon,NOUN,C1,beacco,4.8126,0.0998,0.0,0.0,0.0,0.0,4.8126,0.0,0.0998,0.0,0.0,0.0,0.0,3.4423,0.0,0.0657,C1,word_pos,sablon,N,sablon,NOM
saupoudrage,NOUN,C1,beacco,4.8126,0.0998,0.0,0.0,0.0,0.0,4.8126,0.0,0.0998,0.0,0.0,0.0,0.0,3.4423,0.0,0.0657,C1,word_pos,saupoudrage,N,saupoudrage,NOM
tette,VERB,C1,beacco,4.8126,0.0998,0.0,0.0,0.0,0.0,4.8126,0.0,0.0998,0.0,0.0,0.0,0.0,3.4423,0.0,0.0657,C1,unique_word,tette,V,tette,NOM
vergogne,NOUN,C1,beacco,4.8126,0.0998,0.0,0.0,0.0,0.0,4.8126,0.0,0.0998,0.0,0.0,0.0,0.0,6.8846,0.0,0.1315,C1,word_pos,vergogne,N,vergogne,NOM
vitaminer,VERB,C1,crf_first_attested,4.8126,0.0998,0.0,0.0,0.0,0.0,4.8126,0.0,0.0998,,,,,,,,,crf_only,vitaminer,V,,
à jeun,ADV,C1,crf_first_attested,4.8126,0.0998,0.0,0.0,0.0,0.0,4.8126,0.0,0.0998,,,,,,,,,crf_only,à jeun,ADV,,
à l' extérieur,ADV,C1,crf_first_attested,4.8126,0.0998,0.0,0.0,0.0,0.0,4.8126,0.0,0.0998,,,,,,,,,crf_only,à l' extérieur,ADV,,
écrivaine,ADJ,C1,crf_first_attested,4.8126,0.0998,0.0,0.0,0.0,0.0,4.8126,0.0,0.0998,,,,,,,,,crf_only,écrivaine,A,,
épargne - retraite,NOUN,C1,crf_first_attested,4.8126,0.0998,0.0,0.0,0.0,0.0,4.8126,0.0,0.0998,,,,,,,,,crf_only,épargne - retraite,N,,
évider,VERB,C1,beacco,4.8126,0.0998,0.0,0.0,0.0,0.0,4.8126,0.0,0.0998,0.0,0.0,0.0,0.0,3.4423,0.0,0.0657,C1,word_pos,évider,V,évider,VER
hospitalo-universitaire,ADJ,C1,beacco,4.139,0.1951,,,,,,,,0.0,0.0,0.0,0.0,4.139,12.833,0.1951,C1,beacco_only,,,hospitalo-universitaire,ADJ
accrue,NOUN,C1,beacco,4.139,0.0975,,,,,,,,0.0,0.0,0.0,0.0,4.139,0.0,0.0975,C1,beacco_only,,,accrue,NOM
avant-gardiste,ADJ,C1,beacco,4.139,0.0975,,,,,,,,0.0,0.0,0.0,0.0,4.139,0.0,0.0975,C1,beacco_only,,,avant-gardiste,ADJ
biaisé,ADJ,C1,beacco,4.139,0.0975,,,,,,,,0.0,0.0,0.0,0.0,4.139,0.0,0.0975,C1,beacco_only,,,biaisé,ADJ
contrefait,ADJ,C1,beacco,4.139,0.0975,,,,,,,,0.0,0.0,0.0,0.0,4.139,0.0,0.0975,C1,beacco_only,,,contrefait,ADJ
crâne,ADJ,C1,beacco,4.139,0.0975,,,,,,,,0.0,0.0,0.0,0.0,4.139,0.0,0.0975,C1,beacco_only,,,crâne,ADJ
directif,ADJ,C1,beacco,4.139,0.0975,,,,,,,,0.0,0.0,0.0,0.0,4.139,0.0,0.0975,C1,beacco_only,,,directif,ADJ
disproportionné,ADJ,C1,beacco,4.139,0.0975,,,,,,,,0.0,0.0,0.0,0.0,4.139,0.0,0.0975,C1,beacco_only,,,disproportionné,ADJ
distributeur,ADJ,C1,beacco,4.139,0.0975,,,,,,,,0.0,0.0,0.0,0.0,4.139,0.0,0.0975,C1,beacco_only,,,distributeur,ADJ
doléance,NOUN,C1,beacco,4.139,0.0975,,,,,,,,0.0,0.0,0.0,0.0,4.139,0.0,0.0975,C1,beacco_only,,,doléance,NOM
désenchanter,VERB,C1,beacco,4.139,0.0975,,,,,,,,0.0,0.0,0.0,0.0,4.139,0.0,0.0975,C1,beacco_only,,,désenchanter,VER
expresse,ADJ,C1,beacco,4.139,0.0975,,,,,,,,0.0,0.0,0.0,0.0,4.139,0.0,0.0975,C1,beacco_only,,,expresse,ADJ
filial,ADJ,C1,beacco,4.139,0.0975,,,,,,,,0.0,0.0,0.0,0.0,4.139,0.0,0.0975,C1,beacco_only,,,filial,ADJ
illustré,NOUN,C1,beacco,4.139,0.0975,,,,,,,,0.0,0.0,0.0,0.0,4.139,0.0,0.0975,C1,beacco_only,,,illustré,NOM
mauvais,ADV,C1,beacco,4.139,0.0975,,,,,,,,0.0,0.0,0.0,0.0,4.139,0.0,0.0975,C1,beacco_only,,,mauvais,ADV
melting-pot,NOUN,C1,beacco,4.139,0.0975,,,,,,,,0.0,0.0,0.0,0.0,4.139,0.0,0.0975,C1,beacco_only,,,melting-pot,NOM
nord-américain,ADJ,C1,beacco,4.139,0.0975,,,,,,,,0.0,0.0,0.0,0.0,4.139,0.0,0.0975,C1,beacco_only,,,nord-américain,ADJ
négligent,ADJ,C1,beacco,4.139,0.0975,,,,,,,,0.0,0.0,0.0,0.0,4.139,0.0,0.0975,C1,beacco_only,,,négligent,ADJ
pano,NOUN,C1,beacco,4.139,0.0975,,,,,,,,0.0,0.0,0.0,0.0,4.139,0.0,0.0975,C1,beacco_only,,,pano,NOM
plénier,ADJ,C1,beacco,4.139,0.0975,,,,,,,,0.0,0.0,0.0,0.0,4.139,0.0,0.0975,C1,beacco_only,,,plénier,ADJ
portrait-robot,NOUN,C1,beacco,4.139,0.0975,,,,,,,,0.0,0.0,0.0,0.0,4.139,0.0,0.0975,C1,beacco_only,,,portrait-robot,NOM
pronostiquer,VERB,C1,beacco,4.139,0.0975,,,,,,,,0.0,0.0,0.0,0.0,4.139,0.0,0.0975,C1,beacco_only,,,pronostiquer,VER
préside,NOUN,C1,beacco,4.139,0.0975,,,,,,,,0.0,0.0,0.0,0.0,4.139,0.0,0.0975,C1,beacco_only,,,préside,NOM
publiphobe,NOUN,C1,beacco,4.139,0.0975,,,,,,,,0.0,0.0,0.0,0.0,4.139,0.0,0.0975,C1,beacco_only,,,publiphobe,NOM
réfléchi,ADJ,C1,beacco,4.139,0.0975,,,,,,,,0.0,0.0,0.0,0.0,4.139,0.0,0.0975,C1,beacco_only,,,réfléchi,ADJ
sert,NOUN,C1,beacco,4.139,0.0975,,,,,,,,0.0,0.0,0.0,0.0,4.139,0.0,0.0975,C1,beacco_only,,,sert,NOM
sous-représentation,NOUN,C1,beacco,4.139,0.0975,,,,,,,,0.0,0.0,0.0,0.0,4.139,0.0,0.0975,C1,beacco_only,,,sous-représentation,NOM
sous-utilisation,NOUN,C1,beacco,4.139,0.0975,,,,,,,,0.0,0.0,0.0,0.0,4.139,0.0,0.0975,C1,beacco_only,,,sous-utilisation,NOM
stigmatiser,VERB,C1,beacco,4.139,0.0975,,,,,,,,0.0,0.0,0.0,0.0,4.139,0.0,0.0975,C1,beacco_only,,,stigmatiser,VER
stéréotyper,VERB,C1,beacco,4.139,0.0975,,,,,,,,0.0,0.0,0.0,0.0,4.139,0.0,0.0975,C1,beacco_only,,,stéréotyper,VER
trop-plein,NOUN,C1,beacco,4.139,0.0975,,,,,,,,0.0,0.0,0.0,0.0,4.139,0.0,0.0975,C1,beacco_only,,,trop-plein,NOM
utilisateur,ADJ,C1,beacco,4.139,0.0975,,,,,,,,0.0,0.0,0.0,0.0,4.139,0.0,0.0975,C1,beacco_only,,,utilisateur,ADJ
individualiser,VERB,C1,beacco,4.101,1.4522,0.0,0.0,0.0,0.7062,4.101,28.8683,1.4522,0.0,0.0,0.0,0.0,4.139,0.0,0.0975,C1,word_pos,individualiser,V,individualiser,VER
gestionnaire,NOUN,C1,beacco,4.101,1.0911,0.0,0.0,1.809,0.0,4.101,0.0,1.0911,0.0,0.0,0.0,0.0,4.139,0.0,0.0975,C1,word_pos,gestionnaire,N,gestionnaire,NOM
moyen - oriental,NOUN,C1,crf_first_attested,4.101,1.0587,0.0,0.0,0.0,0.0,4.101,67.3593,1.0587,,,,,,,,,crf_only,moyen - oriental,N,,
spécialiste,ADJ,C1,crf_first_attested,4.101,1.0587,0.0,0.0,0.0,0.0,4.101,67.3593,1.0587,,,,,,,,,crf_only,spécialiste,A,,
neuvième,ADJ,C1,beacco,4.101,0.7123,0.0,0.0,0.6802,0.0,4.101,0.0,0.7123,0.0,0.0,0.0,0.0,8.2781,0.0,0.1951,C1,word_pos,neuvième,A,neuvième,ADJ
tabou,ADJ,C1,beacco,4.101,0.6501,0.0,0.7405,0.0,0.0,4.101,0.0,0.6501,0.0,0.0,0.0,0.0,4.139,0.0,0.0975,C1,word_pos,tabou,A,tabou,ADJ
réintégrer,VERB,C1,beacco,4.101,0.5269,0.0,0.0,0.2405,0.0,4.101,0.0,0.5269,0.0,0.0,0.0,0.0,4.139,0.0,0.0975,C1,word_pos,réintégrer,V,réintégrer,VER
limité,ADJ,C1,crf_first_attested,4.101,0.526,0.0,0.0,0.0,0.0,4.101,9.6228,0.526,,,,,,,,,crf_only,limité,A,,
aspirant,NOUN,C1,beacco,4.101,0.5242,0.0,0.0,0.0,0.7062,4.101,0.0,0.5242,0.0,0.0,0.0,0.0,4.139,0.0,0.0975,C1,word_pos,aspirant,N,aspirant,NOM
mentor,NOUN,C1,beacco,4.101,0.5242,0.0,0.0,0.0,0.7062,4.101,0.0,0.5242,0.0,0.0,0.0,0.0,4.139,0.0,0.0975,C1,word_pos,mentor,N,mentor,NOM
graduellement,ADV,C1,beacco,4.101,0.5235,0.0,0.0,0.0,0.0,4.101,6.4938,0.5235,0.0,0.0,0.0,0.0,4.139,12.833,0.1951,C1,word_pos,graduellement,ADV,graduellement,ADV
réactivité,NOUN,C1,beacco,4.101,0.5235,0.0,0.0,0.0,0.0,4.101,6.4938,0.5235,0.0,0.0,0.0,0.0,4.139,12.833,0.1951,C1,word_pos,réactivité,N,réactivité,NOM
orbite,NOUN,C1,beacco,4.101,0.4461,0.0,0.1306,0.0,0.0,4.101,0.0,0.4461,0.0,0.1865,0.0,0.0,4.139,0.0,0.3523,C1,word_pos,orbite,N,orbite,NOM
lunaire,ADJ,C1,beacco,4.101,0.4005,0.5304,0.0,0.0,0.0,4.101,0.0,0.4005,0.4856,0.0,0.0,0.0,4.139,0.0,0.351,C1,word_pos,lunaire,A,lunaire,ADJ
abusif,ADJ,C1,beacco,4.101,0.0722,0.0,0.0,0.0,0.0,4.101,0.0,0.0722,0.0,0.0,0.0,0.0,8.2781,0.0,0.1951,C1,word_pos,abusif,A,abusif,ADJ
accéléré,NOUN,C1,beacco,4.101,0.0722,0.0,0.0,0.0,0.0,4.101,0.0,0.0722,0.0,0.0,0.0,0.0,4.139,0.0,0.0975,C1,word_pos,accéléré,N,accéléré,NOM
agresseur,NOUN,C1,beacco,4.101,0.0722,0.0,0.0,0.0,0.0,4.101,0.0,0.0722,0.0,0.0,0.0,0.0,4.139,0.0,0.0975,C1,word_pos,agresseur,N,agresseur,NOM
agronome,NOUN,C1,beacco,4.101,0.0722,0.0,0.0,0.0,0.0,4.101,0.0,0.0722,0.0,0.0,0.0,0.0,4.139,0.0,0.0975,C1,word_pos,agronome,N,agronome,NOM
aiguiller,VERB,C1,beacco,4.101,0.0722,0.0,0.0,0.0,0.0,4.101,0.0,0.0722,0.0,0.0,0.0,0.0,4.139,0.0,0.0975,C1,word_pos,aiguiller,V,aiguiller,VER
alter,ADJ,C1,crf_first_attested,4.101,0.0722,0.0,0.0,0.0,0.0,4.101,0.0,0.0722,,,,,,,,,crf_only,alter,A,,
and,X,C1,crf_first_attested,4.101,0.0722,0.0,0.0,0.0,0.0,4.101,0.0,0.0722,,,,,,,,,crf_only,and,X,,
annonceur,NOUN,C1,beacco,4.101,0.0722,0.0,0.0,0.0,0.0,4.101,0.0,0.0722,0.0,0.0,0.0,0.0,4.139,0.0,0.0975,C1,word_pos,annonceur,N,annonceur,NOM
antimicrobien,ADJ,C1,beacco,4.101,0.0722,0.0,0.0,0.0,0.0,4.101,0.0,0.0722,0.0,0.0,0.0,0.0,12.4171,0.0,0.2926,C1,word_pos,antimicrobien,A,antimicrobien,ADJ
asiatique - eurasien,ADJ,C1,crf_first_attested,4.101,0.0722,0.0,0.0,0.0,0.0,4.101,0.0,0.0722,,,,,,,,,crf_only,asiatique - eurasien,A,,
attentiste,NOUN,C1,beacco,4.101,0.0722,0.0,0.0,0.0,0.0,4.101,0.0,0.0722,0.0,0.0,0.0,0.0,4.139,0.0,0.0975,C1,unique_word,attentiste,N,attentiste,ADJ
au rouge,ADV,C1,crf_first_attested,4.101,0.0722,0.0,0.0,0.0,0.0,4.101,0.0,0.0722,,,,,,,,,crf_only,au rouge,ADV,,
au titre de,PREP,C1,crf_first_attested,4.101,0.0722,0.0,0.0,0.0,0.0,4.101,0.0,0.0722,,,,,,,,,crf_only,au titre de,PREP,,
austral,ADJ,C1,beacco,4.101,0.0722,0.0,0.0,0.0,0.0,4.101,0.0,0.0722,0.0,0.0,0.0,0.0,4.139,0.0,0.0975,C1,word_pos,austral,A,austral,ADJ
avant même,PREP,C1,crf_first_attested,4.101,0.0722,0.0,0.0,0.0,0.0,4.101,0.0,0.0722,,,,,,,,,crf_only,avant même,PREP,,
bavardoirs,NOUN,C1,crf_first_attested,4.101,0.0722,0.0,0.0,0.0,0.0,4.101,0.0,0.0722,,,,,,,,,crf_only,bavardoirs,N,,
biologiquement,ADV,C1,beacco,4.101,0.0722,0.0,0.0,0.0,0.0,4.101,0.0,0.0722,0.0,0.0,0.0,0.0,4.139,0.0,0.0975,C1,word_pos,biologiquement,ADV,biologiquement,ADV
blanc - caucasien,NOUN,C1,crf_first_attested,4.101,0.0722,0.0,0.0,0.0,0.0,4.101,0.0,0.0722,,,,,,,,,crf_only,blanc - caucasien,N,,
bénéficiaire,ADJ,C1,beacco,4.101,0.0722,0.0,0.0,0.0,0.0,4.101,0.0,0.0722,0.0,0.0,0.0,0.0,4.139,0.0,0.0975,C1,unique_word,bénéficiaire,A,bénéficiaire,NOM
cadenasser,VERB,C1,beacco,4.101,0.0722,0.0,0.0,0.0,0.0,4.101,0.0,0.0722,0.0,0.0,0.0,0.0,4.139,0.0,0.0975,C1,word_pos,cadenasser,V,cadenasser,VER
carence,NOUN,C1,beacco,4.101,0.0722,0.0,0.0,0.0,0.0,4.101,0.0,0.0722,0.0,0.0,0.0,0.0,8.2781,0.0,0.1951,C1,word_pos,carence,N,carence,NOM
carnivore,ADJ,C1,beacco,4.101,0.0722,0.0,0.0,0.0,0.0,4.101,0.0,0.0722,0.0,0.0,0.0,0.0,4.139,0.0,0.0975,C1,word_pos,carnivore,A,carnivore,ADJ
cataloguer,VERB,C1,beacco,4.101,0.0722,0.0,0.0,0.0,0.0,4.101,0.0,0.0722,0.0,0.0,0.0,0.0,4.139,0.0,0.0975,C1,word_pos,cataloguer,V,cataloguer,VER
censés,VERB,C1,crf_first_attested,4.101,0.0722,0.0,0.0,0.0,0.0,4.101,0.0,0.0722,,,,,,,,,crf_only,censés,V,,
certificateur,NOUN,C1,beacco,4.101,0.0722,0.0,0.0,0.0,0.0,4.101,0.0,0.0722,0.0,0.0,0.0,0.0,4.139,0.0,0.0975,C1,word_pos,certificateur,N,certificateur,NOM
chlorophyllien,ADJ,C1,beacco,4.101,0.0722,0.0,0.0,0.0,0.0,4.101,0.0,0.0722,0.0,0.0,0.0,0.0,4.139,0.0,0.0975,C1,word_pos,chlorophyllien,A,chlorophyllien,ADJ
co2,NOUN,C1,crf_first_attested,4.101,0.0722,0.0,0.0,0.0,0.0,4.101,0.0,0.0722,,,,,,,,,crf_only,co2,N,,
collecter,VERB,C1,beacco,4.101,0.0722,0.0,0.0,0.0,0.0,4.101,0.0,0.0722,0.0,0.0,0.0,0.0,4.139,0.0,0.0975,C1,word_pos,collecter,V,collecter,VER
comparatif,ADJ,C1,beacco,4.101,0.0722,0.0,0.0,0.0,0.0,4.101,0.0,0.0722,0.0,0.0,0.0,0.0,4.139,0.0,0.0975,C1,word_pos,comparatif,A,comparatif,ADJ
compréhensible,ADJ,C1,beacco,4.101,0.0722,0.0,0.0,0.0,0.0,4.101,0.0,0.0722,0.0,0.0,0.0,0.0,4.139,0.0,0.0975,C1,word_pos,compréhensible,A,compréhensible,ADJ
consacré,ADJ,C1,crf_first_attested,4.101,0.0722,0.0,0.0,0.0,0.0,4.101,0.0,0.0722,,,,,,,,,crf_only,consacré,A,,
conso,NOUN,C1,crf_first_attested,4.101,0.0722,0.0,0.0,0.0,0.0,4.101,0.0,0.0722,,,,,,,,,crf_only,conso,N,,
conso - providence,NOUN,C1,crf_first_attested,4.101,0.0722,0.0,0.0,0.0,0.0,4.101,0.0,0.0722,,,,,,,,,crf_only,conso - providence,N,,
consommacteur,NOUN,C1,crf_first_attested,4.101,0.0722,0.0,0.0,0.0,0.0,4.101,0.0,0.0722,,,,,,,,,crf_only,consommacteur,N,,
cybermonde,NOUN,C1,crf_first_attested,4.101,0.0722,0.0,0.0,0.0,0.0,4.101,0.0,0.0722,,,,,,,,,crf_only,cybermonde,N,,
d' abord et avant tout,ADV,C1,crf_first_attested,4.101,0.0722,0.0,0.0,0.0,0.0,4.101,0.0,0.0722,,,,,,,,,crf_only,d' abord et avant tout,ADV,,
diocèse,NOUN,C1,beacco,4.101,0.0722,0.0,0.0,0.0,0.0,4.101,0.0,0.0722,0.0,0.0,0.0,0.0,4.139,0.0,0.0975,C1,word_pos,diocèse,N,diocèse,NOM
discal,ADJ,C1,beacco,4.101,0.0722,0.0,0.0,0.0,0.0,4.101,0.0,0.0722,0.0,0.0,0.0,0.0,4.139,0.0,0.0975,C1,word_pos,discal,A,discal,ADJ
distinguo,NOUN,C1,beacco,4.101,0.0722,0.0,0.0,0.0,0.0,4.101,0.0,0.0722,0.0,0.0,0.0,0.0,4.139,0.0,0.0975,C1,word_pos,distinguo,N,distinguo,NOM
djeunes,NOUN,C1,crf_first_attested,4.101,0.0722,0.0,0.0,0.0,0.0,4.101,0.0,0.0722,,,,,,,,,crf_only,djeunes,N,,
déconvenue,NOUN,C1,beacco,4.101,0.0722,0.0,0.0,0.0,0.0,4.101,0.0,0.0722,0.0,0.0,0.0,0.0,4.139,0.0,0.0975,C1,word_pos,déconvenue,N,déconvenue,NOM
défaitiste,ADJ,C1,beacco,4.101,0.0722,0.0,0.0,0.0,0.0,4.101,0.0,0.0722,0.0,0.0,0.0,0.0,4.139,0.0,0.0975,C1,word_pos,défaitiste,A,défaitiste,ADJ
démêler,VERB,C1,beacco,4.101,0.0722,0.0,0.0,0.0,0.0,4.101,0.0,0.0722,0.0,0.0,0.0,0.0,4.139,0.0,0.0975,C1,word_pos,démêler,V,démêler,VER
dérangeant,ADJ,C1,beacco,4.101,0.0722,0.0,0.0,0.0,0.0,4.101,0.0,0.0722,0.0,0.0,0.0,0.0,4.139,0.0,0.0975,C1,word_pos,dérangeant,A,dérangeant,ADJ
dérèglement,NOUN,C1,beacco,4.101,0.0722,0.0,0.0,0.0,0.0,4.101,0.0,0.0722,0.0,0.0,0.0,0.0,8.2781,0.0,0.1951,C1,word_pos,dérèglement,N,dérèglement,NOM
désapprobation,NOUN,C1,beacco,4.101,0.0722,0.0,0.0,0.0,0.0,4.101,0.0,0.0722,0.0,0.0,0.0,0.0,8.2781,0.0,0.1951,C1,word_pos,désapprobation,N,désapprobation,NOM
désidéalisation,NOUN,C1,crf_first_attested,4.101,0.0722,0.0,0.0,0.0,0.0,4.101,0.0,0.0722,,,,,,,,,crf_only,désidéalisation,N,,
editing,X,C1,crf_first_attested,4.101,0.0722,0.0,0.0,0.0,0.0,4.101,0.0,0.0722,,,,,,,,,crf_only,editing,X,,
en exergue,ADV,C1,crf_first_attested,4.101,0.0722,0.0,0.0,0.0,0.0,4.101,0.0,0.0722,,,,,,,,,crf_only,en exergue,ADV,,
enfler,VERB,C1,beacco,4.101,0.0722,0.0,0.0,0.0,0.0,4.101,0.0,0.0722,0.0,0.0,0.0,0.0,4.139,0.0,0.0975,C1,word_pos,enfler,V,enfler,VER
ensemencement,NOUN,C1,beacco,4.101,0.0722,0.0,0.0,0.0,0.0,4.101,0.0,0.0722,0.0,0.0,0.0,0.0,4.139,0.0,0.0975,C1,word_pos,ensemencement,N,ensemencement,NOM
excédentaire,ADJ,C1,beacco,4.101,0.0722,0.0,0.0,0.0,0.0,4.101,0.0,0.0722,0.0,0.0,0.0,0.0,4.139,0.0,0.0975,C1,word_pos,excédentaire,A,excédentaire,ADJ
expat,NOUN,C1,crf_first_attested,4.101,0.0722,0.0,0.0,0.0,0.0,4.101,0.0,0.0722,,,,,,,,,crf_only,expat,N,,
faire face à,VERB,C1,crf_first_attested,4.101,0.0722,0.0,0.0,0.0,0.0,4.101,0.0,0.0722,,,,,,,,,crf_only,faire face à,V,,
feignant,NOUN,C1,beacco,4.101,0.0722,0.0,0.0,0.0,0.0,4.101,0.0,0.0722,0.0,0.0,0.0,0.0,4.139,0.0,0.0975,C1,word_pos,feignant,N,feignant,NOM
fertilisation,NOUN,C1,beacco,4.101,0.0722,0.0,0.0,0.0,0.0,4.101,0.0,0.0722,0.0,0.0,0.0,0.0,4.139,0.0,0.0975,C1,word_pos,fertilisation,N,fertilisation,NOM
ferveur,NOUN,C1,beacco,4.101,0.0722,0.0,0.0,0.0,0.0,4.101,0.0,0.0722,0.0,0.0,0.0,0.0,4.139,0.0,0.0975,C1,word_pos,ferveur,N,ferveur,NOM
flanquer,VERB,C1,beacco,4.101,0.0722,0.0,0.0,0.0,0.0,4.101,0.0,0.0722,0.0,0.0,0.0,0.0,4.139,0.0,0.0975,C1,word_pos,flanquer,V,flanquer,VER
géné,VERB,C1,crf_first_attested,4.101,0.0722,0.0,0.0,0.0,0.0,4.101,0.0,0.0722,,,,,,,,,crf_only,géné,V,,
homologuer,VERB,C1,beacco,4.101,0.0722,0.0,0.0,0.0,0.0,4.101,0.0,0.0722,0.0,0.0,0.0,0.0,4.139,0.0,0.0975,C1,word_pos,homologuer,V,homologuer,VER
individualisation,NOUN,C1,beacco,4.101,0.0722,0.0,0.0,0.0,0.0,4.101,0.0,0.0722,0.0,0.0,0.0,0.0,4.139,0.0,0.0975,C1,word_pos,individualisation,N,individualisation,NOM
inefficace,ADJ,C1,beacco,4.101,0.0722,0.0,0.0,0.0,0.0,4.101,0.0,0.0722,0.0,0.0,0.0,0.0,4.139,0.0,0.0975,C1,word_pos,inefficace,A,inefficace,ADJ
instauration,NOUN,C1,beacco,4.101,0.0722,0.0,0.0,0.0,0.0,4.101,0.0,0.0722,0.0,0.0,0.0,0.0,4.139,0.0,0.0975,C1,word_pos,instauration,N,instauration,NOM
jeuxvideo,NOUN,C1,crf_first_attested,4.101,0.0722,0.0,0.0,0.0,0.0,4.101,0.0,0.0722,,,,,,,,,crf_only,jeuxvideo,N,,
labelliser,VERB,C1,crf_first_attested,4.101,0.0722,0.0,0.0,0.0,0.0,4.101,0.0,0.0722,,,,,,,,,crf_only,labelliser,V,,
loquace,ADJ,C1,beacco,4.101,0.0722,0.0,0.0,0.0,0.0,4.101,0.0,0.0722,0.0,0.0,0.0,0.0,4.139,0.0,0.0975,C1,word_pos,loquace,A,loquace,ADJ
maladroitement,ADV,C1,beacco,4.101,0.0722,0.0,0.0,0.0,0.0,4.101,0.0,0.0722,0.0,0.0,0.0,0.0,4.139,0.0,0.0975,C1,word_pos,maladroitement,ADV,maladroitement,ADV
multiculturalisme,NOUN,C1,beacco,4.101,0.0722,0.0,0.0,0.0,0.0,4.101,0.0,0.0722,0.0,0.0,0.0,0.0,8.2781,0.0,0.1951,C1,word_pos,multiculturalisme,N,multiculturalisme,NOM
myself,X,C1,crf_first_attested,4.101,0.0722,0.0,0.0,0.0,0.0,4.101,0.0,0.0722,,,,,,,,,crf_only,myself,X,,
mélanésien,ADJ,C1,beacco,4.101,0.0722,0.0,0.0,0.0,0.0,4.101,0.0,0.0722,0.0,0.0,0.0,0.0,4.139,0.0,0.0975,C1,word_pos,mélanésien,A,mélanésien,ADJ
métis - mulâtre,NOUN,C1,crf_first_attested,4.101,0.0722,0.0,0.0,0.0,0.0,4.101,0.0,0.0722,,,,,,,,,crf_only,métis - mulâtre,N,,
neuromarketing,NOUN,C1,crf_first_attested,4.101,0.0722,0.0,0.0,0.0,0.0,4.101,0.0,0.0722,,,,,,,,,crf_only,neuromarketing,N,,
nickel,ADJ,C1,crf_first_attested,4.101,0.0722,0.0,0.0,0.0,0.0,4.101,0.0,0.0722,,,,,,,,,crf_only,nickel,A,,
nord - africain - maghrébin,ADJ,C1,crf_first_attested,4.101,0.0722,0.0,0.0,0.0,0.0,4.101,0.0,0.0722,,,,,,,,,crf_only,nord - africain - maghrébin,A,,
nutriment,NOUN,C1,beacco,4.101,0.0722,0.0,0.0,0.0,0.0,4.101,0.0,0.0722,0.0,0.0,0.0,0.0,4.139,0.0,0.0975,C1,word_pos,nutriment,N,nutriment,NOM
panos,X,C1,crf_first_attested,4.101,0.0722,0.0,0.0,0.0,0.0,4.101,0.0,0.0722,,,,,,,,,crf_only,panos,X,,
par de autre,PREP,C1,crf_first_attested,4.101,0.0722,0.0,0.0,0.0,0.0,4.101,0.0,0.0722,,,,,,,,,crf_only,par de autre,PREP,,
par opposition à,PREP,C1,crf_first_attested,4.101,0.0722,0.0,0.0,0.0,0.0,4.101,0.0,0.0722,,,,,,,,,crf_only,par opposition à,PREP,,
pesant,ADJ,C1,beacco,4.101,0.0722,0.0,0.0,0.0,0.0,4.101,0.0,0.0722,0.0,0.0,0.0,0.0,4.139,0.0,0.0975,C1,word_pos,pesant,A,pesant,ADJ
photosynthèse,NOUN,C1,beacco,4.101,0.0722,0.0,0.0,0.0,0.0,4.101,0.0,0.0722,0.0,0.0,0.0,0.0,4.139,0.0,0.0975,C1,word_pos,photosynthèse,N,photosynthèse,NOM
polynésien,ADJ,C1,beacco,4.101,0.0722,0.0,0.0,0.0,0.0,4.101,0.0,0.0722,0.0,0.0,0.0,0.0,4.139,0.0,0.0975,C1,word_pos,polynésien,A,polynésien,ADJ
portrait - robot,NOUN,C1,crf_first_attested,4.101,0.0722,0.0,0.0,0.0,0.0,4.101,0.0,0.0722,,,,,,,,,crf_only,portrait - robot,N,,
pour ce faire,ADV,C1,crf_first_attested,4.101,0.0722,0.0,0.0,0.0,0.0,4.101,0.0,0.0722,,,,,,,,,crf_only,pour ce faire,ADV,,
profusion,NOUN,C1,beacco,4.101,0.0722,0.0,0.0,0.0,0.0,4.101,0.0,0.0722,0.0,0.0,0.0,0.0,4.139,0.0,0.0975,C1,word_pos,profusion,N,profusion,NOM
prospectif,ADJ,C1,beacco,4.101,0.0722,0.0,0.0,0.0,0.0,4.101,0.0,0.0722,0.0,0.0,0.0,0.0,4.139,0.0,0.0975,C1,word_pos,prospectif,A,prospectif,ADJ
présumé,ADJ,C1,crf_first_attested,4.101,0.0722,0.0,0.0,0.0,0.0,4.101,0.0,0.0722,,,,,,,,,crf_only,présumé,A,,
pédopsychiatre,NOUN,C1,beacco,4.101,0.0722,0.0,0.0,0.0,0.0,4.101,0.0,0.0722,0.0,0.0,0.0,0.0,4.139,0.0,0.0975,C1,word_pos,pédopsychiatre,N,pédopsychiatre,NOM
quasi - débutant,NOUN,C1,crf_first_attested,4.101,0.0722,0.0,0.0,0.0,0.0,4.101,0.0,0.0722,,,,,,,,,crf_only,quasi - débutant,N,,
raccourcir,VERB,C1,beacco,4.101,0.0722,0.0,0.0,0.0,0.0,4.101,0.0,0.0722,0.0,0.0,0.0,0.0,8.2781,0.0,0.1951,C1,word_pos,raccourcir,V,raccourcir,VER
rapatrié,NOUN,C1,beacco,4.101,0.0722,0.0,0.0,0.0,0.0,4.101,0.0,0.0722,0.0,0.0,0.0,0.0,4.139,0.0,0.0975,C1,word_pos,rapatrié,N,rapatrié,NOM
renfrogner,VERB,C1,beacco,4.101,0.0722,0.0,0.0,0.0,0.0,4.101,0.0,0.0722,0.0,0.0,0.0,0.0,4.139,0.0,0.0975,C1,word_pos,renfrogner,V,renfrogner,VER
renoncement,NOUN,C1,beacco,4.101,0.0722,0.0,0.0,0.0,0.0,4.101,0.0,0.0722,0.0,0.0,0.0,0.0,4.139,0.0,0.0975,C1,word_pos,renoncement,N,renoncement,NOM
réactiver,VERB,C1,beacco,4.101,0.0722,0.0,0.0,0.0,0.0,4.101,0.0,0.0722,0.0,0.0,0.0,0.0,4.139,0.0,0.0975,C1,word_pos,réactiver,V,réactiver,VER
réconciliation,NOUN,C1,crf_first_attested,4.101,0.0722,0.0,0.0,0.0,0.0,4.101,0.0,0.0722,,,,,,,,,crf_only,réconciliation,N,,
réenchantement,NOUN,C1,crf_first_attested,4.101,0.0722,0.0,0.0,0.0,0.0,4.101,0.0,0.0722,,,,,,,,,crf_only,réenchantement,N,,
réenchanter,VERB,C1,crf_first_attested,4.101,0.0722,0.0,0.0,0.0,0.0,4.101,0.0,0.0722,,,,,,,,,crf_only,réenchanter,V,,
réinstaller,VERB,C1,beacco,4.101,0.0722,0.0,0.0,0.0,0.0,4.101,0.0,0.0722,0.0,0.0,0.0,0.0,4.139,0.0,0.0975,C1,word_pos,réinstaller,V,réinstaller,VER
réintégration,NOUN,C1,beacco,4.101,0.0722,0.0,0.0,0.0,0.0,4.101,0.0,0.0722,0.0,0.0,0.0,0.0,4.139,0.0,0.0975,C1,word_pos,réintégration,N,réintégration,NOM
réorganiser,VERB,C1,beacco,4.101,0.0722,0.0,0.0,0.0,0.0,4.101,0.0,0.0722,0.0,0.0,0.0,0.0,4.139,0.0,0.0975,C1,word_pos,réorganiser,V,réorganiser,VER
réticent,ADJ,C1,beacco,4.101,0.0722,0.0,0.0,0.0,0.0,4.101,0.0,0.0722,0.0,0.0,0.0,0.0,4.139,0.0,0.0975,C1,word_pos,réticent,A,réticent,ADJ
sereinement,ADV,C1,beacco,4.101,0.0722,0.0,0.0,0.0,0.0,4.101,0.0,0.0722,0.0,0.0,0.0,0.0,4.139,0.0,0.0975,C1,word_pos,sereinement,ADV,sereinement,ADV
sexologue,NOUN,C1,beacco,4.101,0.0722,0.0,0.0,0.0,0.0,4.101,0.0,0.0722,0.0,0.0,0.0,0.0,4.139,0.0,0.0975,C1,word_pos,sexologue,N,sexologue,NOM
signaliser,VERB,C1,beacco,4.101,0.0722,0.0,0.0,0.0,0.0,4.101,0.0,0.0722,0.0,0.0,0.0,0.0,4.139,0.0,0.0975,C1,word_pos,signaliser,V,signaliser,VER
sinécure,NOUN,C1,beacco,4.101,0.0722,0.0,0.0,0.0,0.0,4.101,0.0,0.0722,0.0,0.0,0.0,0.0,4.139,0.0,0.0975,C1,word_pos,sinécure,N,sinécure,NOM
soubresaut,NOUN,C1,beacco,4.101,0.0722,0.0,0.0,0.0,0.0,4.101,0.0,0.0722,0.0,0.0,0.0,0.0,4.139,0.0,0.0975,C1,word_pos,soubresaut,N,soubresaut,NOM
spécimen,NOUN,C1,beacco,4.101,0.0722,0.0,0.0,0.0,0.0,4.101,0.0,0.0722,0.0,0.0,0.0,0.0,4.139,0.0,0.0975,C1,word_pos,spécimen,N,spécimen,NOM
stigmatisant,ADJ,C1,crf_first_attested,4.101,0.0722,0.0,0.0,0.0,0.0,4.101,0.0,0.0722,,,,,,,,,crf_only,stigmatisant,A,,
stratosphère,NOUN,C1,beacco,4.101,0.0722,0.0,0.0,0.0,0.0,4.101,0.0,0.0722,0.0,0.0,0.0,0.0,4.139,0.0,0.0975,C1,word_pos,stratosphère,N,stratosphère,NOM
surdimensionner,VERB,C1,beacco,4.101,0.0722,0.0,0.0,0.0,0.0,4.101,0.0,0.0722,0.0,0.0,0.0,0.0,4.139,0.0,0.0975,C1,word_pos,surdimensionner,V,surdimensionner,VER
surreprésentation,NOUN,C1,beacco,4.101,0.0722,0.0,0.0,0.0,0.0,4.101,0.0,0.0722,0.0,0.0,0.0,0.0,4.139,0.0,0.0975,C1,word_pos,surreprésentation,N,surreprésentation,NOM
tracas,NOUN,C1,beacco,4.101,0.0722,0.0,0.0,0.0,0.0,4.101,0.0,0.0722,0.0,0.0,0.0,0.0,4.139,0.0,0.0975,C1,word_pos,tracas,N,tracas,NOM
trop - plein,NOUN,C1,crf_first_attested,4.101,0.0722,0.0,0.0,0.0,0.0,4.101,0.0,0.0722,,,,,,,,,crf_only,trop - plein,N,,
à haut potentiel,ADV,C1,crf_first_attested,4.101,0.0722,0.0,0.0,0.0,0.0,4.101,0.0,0.0722,,,,,,,,,crf_only,à haut potentiel,ADV,,
à vue,ADV,C1,crf_first_attested,4.101,0.0722,0.0,0.0,0.0,0.0,4.101,0.0,0.0722,,,,,,,,,crf_only,à vue,ADV,,
éclairement,NOUN,C1,beacco,4.101,0.0722,0.0,0.0,0.0,0.0,4.101,0.0,0.0722,0.0,0.0,0.0,0.0,4.139,0.0,0.0975,C1,word_pos,éclairement,N,éclairement,NOM
éradication,NOUN,C1,beacco,4.101,0.0722,0.0,0.0,0.0,0.0,4.101,0.0,0.0722,0.0,0.0,0.0,0.0,4.139,0.0,0.0975,C1,word_pos,éradication,N,éradication,NOM
assistanat,NOUN,C1,beacco,3.4423,0.0657,,,,,,,,0.0,0.0,0.0,0.0,3.4423,0.0,0.0657,C1,beacco_only,,,assistanat,NOM
camping-car,NOUN,C1,beacco,3.4423,0.0657,,,,,,,,0.0,0.0,0.0,0.0,3.4423,0.0,0.0657,C1,beacco_only,,,camping-car,NOM
cessant,ADJ,C1,beacco,3.4423,0.0657,,,,,,,,0.0,0.0,0.0,0.0,3.4423,0.0,0.0657,C1,beacco_only,,,cessant,ADJ
ciao,INT,C1,beacco,3.4423,0.0657,,,,,,,,0.0,0.0,0.0,0.0,3.4423,0.0,0.0657,C1,beacco_only,,,ciao,INT
clocher,VERB,C1,beacco,3.4423,0.0657,,,,,,,,0.0,0.0,0.0,0.0,3.4423,0.0,0.0657,C1,beacco_only,,,clocher,VER
dispos,ADJ,C1,beacco,3.4423,0.0657,,,,,,,,0.0,0.0,0.0,0.0,3.4423,0.0,0.0657,C1,beacco_only,,,dispos,ADJ
dix-huitième,ADJ,C1,beacco,3.4423,0.0657,,,,,,,,0.0,0.0,0.0,0.0,3.4423,0.0,0.0657,C1,beacco_only,,,dix-huitième,ADJ
doctoresse,NOUN,C1,beacco,3.4423,0.0657,,,,,,,,0.0,0.0,0.0,0.0,3.4423,0.0,0.0657,C1,beacco_only,,,doctoresse,NOM
décédé,ADJ,C1,beacco,3.4423,0.0657,,,,,,,,0.0,0.0,0.0,0.0,3.4423,0.0,0.0657,C1,beacco_only,,,décédé,ADJ
détecteur,ADJ,C1,beacco,3.4423,0.0657,,,,,,,,0.0,0.0,0.0,0.0,3.4423,0.0,0.0657,C1,beacco_only,,,détecteur,ADJ
entre-deux,NOUN,C1,beacco,3.4423,0.0657,,,,,,,,0.0,0.0,0.0,0.0,3.4423,0.0,0.0657,C1,beacco_only,,,entre-deux,NOM
foutre,ADV,C1,beacco,3.4423,0.0657,,,,,,,,0.0,0.0,0.0,0.0,3.4423,0.0,0.0657,C1,beacco_only,,,foutre,ADV
gréco-latin,ADJ,C1,beacco,3.4423,0.0657,,,,,,,,0.0,0.0,0.0,0.0,3.4423,0.0,0.0657,C1,beacco_only,,,gréco-latin,ADJ
lapalissade,NOUN,C1,beacco,3.4423,0.0657,,,,,,,,0.0,0.0,0.0,0.0,3.4423,0.0,0.0657,C1,beacco_only,,,lapalissade,NOM
lémuriens,NOUN,C1,beacco,3.4423,0.0657,,,,,,,,0.0,0.0,0.0,0.0,3.4423,0.0,0.0657,C1,beacco_only,,,lémuriens,NOM
mairesse,NOUN,C1,beacco,3.4423,0.0657,,,,,,,,0.0,0.0,0.0,0.0,3.4423,0.0,0.0657,C1,beacco_only,,,mairesse,NOM
mazarine,NOUN,C1,beacco,3.4423,0.0657,,,,,,,,0.0,0.0,0.0,0.0,3.4423,0.0,0.0657,C1,beacco_only,,,mazarine,NOM
maïeur,NOUN,C1,beacco,3.4423,0.0657,,,,,,,,0.0,0.0,0.0,0.0,3.4423,0.0,0.0657,C1,beacco_only,,,maïeur,NOM
méninge,NOUN,C1,beacco,3.4423,0.0657,,,,,,,,0.0,0.0,0.0,0.0,3.4423,0.0,0.0657,C1,beacco_only,,,méninge,NOM
non-initié,NOUN,C1,beacco,3.4423,0.0657,,,,,,,,0.0,0.0,0.0,0.0,3.4423,0.0,0.0657,C1,beacco_only,,,non-initié,NOM
officière,NOUN,C1,beacco,3.4423,0.0657,,,,,,,,0.0,0.0,0.0,0.0,3.4423,0.0,0.0657,C1,beacco_only,,,officière,NOM
passeur,NOUN,C1,beacco,3.4423,0.0657,,,,,,,,0.0,0.0,0.0,0.0,3.4423,0.0,0.0657,C1,beacco_only,,,passeur,NOM
perforer,VERB,C1,beacco,3.4423,0.0657,,,,,,,,0.0,0.0,0.0,0.0,3.4423,0.0,0.0657,C1,beacco_only,,,perforer,VER
petite-bourgeoise,ADJ,C1,beacco,3.4423,0.0657,,,,,,,,0.0,0.0,0.0,0.0,3.4423,0.0,0.0657,C1,beacco_only,,,petite-bourgeoise,ADJ
pineau,NOUN,C1,beacco,3.4423,0.0657,,,,,,,,0.0,0.0,0.0,0.0,3.4423,0.0,0.0657,C1,beacco_only,,,pineau,NOM
poétesse,NOUN,C1,beacco,3.4423,0.0657,,,,,,,,0.0,0.0,0.0,0.0,3.4423,0.0,0.0657,C1,beacco_only,,,poétesse,NOM
préfète,NOUN,C1,beacco,3.4423,0.0657,,,,,,,,0.0,0.0,0.0,0.0,3.4423,0.0,0.0657,C1,beacco_only,,,préfète,NOM
ram,NOUN,C1,beacco,3.4423,0.0657,,,,,,,,0.0,0.0,0.0,0.0,3.4423,0.0,0.0657,C1,beacco_only,,,ram,NOM
ravi,ADJ,C1,beacco,3.4423,0.0657,,,,,,,,0.0,0.0,0.0,0.0,3.4423,0.0,0.0657,C1,beacco_only,,,ravi,ADJ
renversé,ADJ,C1,beacco,3.4423,0.0657,,,,,,,,0.0,0.0,0.0,0.0,3.4423,0.0,0.0657,C1,beacco_only,,,renversé,ADJ
six,NOUN,C1,beacco,3.4423,0.0657,,,,,,,,0.0,0.0,0.0,0.0,3.4423,0.0,0.0657,C1,beacco_only,,,six,NOM
soldate,NOUN,C1,beacco,3.4423,0.0657,,,,,,,,0.0,0.0,0.0,0.0,3.4423,0.0,0.0657,C1,beacco_only,,,soldate,NOM
spatio-temporel,ADJ,C1,beacco,3.4423,0.0657,,,,,,,,0.0,0.0,0.0,0.0,3.4423,0.0,0.0657,C1,beacco_only,,,spatio-temporel,ADJ
tam-tam,NOUN,C1,beacco,3.4423,0.0657,,,,,,,,0.0,0.0,0.0,0.0,3.4423,0.0,0.0657,C1,beacco_only,,,tam-tam,NOM
tanner,VERB,C1,beacco,3.4423,0.0657,,,,,,,,0.0,0.0,0.0,0.0,3.4423,0.0,0.0657,C1,beacco_only,,,tanner,VER
télégraphier,VERB,C1,beacco,3.4423,0.0657,,,,,,,,0.0,0.0,0.0,0.0,3.4423,0.0,0.0657,C1,beacco_only,,,télégraphier,VER
universel,NOUN,C1,beacco,3.4423,0.0657,,,,,,,,0.0,0.0,0.0,0.0,3.4423,0.0,0.0657,C1,beacco_only,,,universel,NOM
va-comme-je-te-pousse,ADV,C1,beacco,3.4423,0.0657,,,,,,,,0.0,0.0,0.0,0.0,3.4423,0.0,0.0657,C1,beacco_only,,,va-comme-je-te-pousse,ADV
versé,ADJ,C1,beacco,3.4423,0.0657,,,,,,,,0.0,0.0,0.0,0.0,3.4423,0.0,0.0657,C1,beacco_only,,,versé,ADJ
violenter,VERB,C1,beacco,3.4423,0.0657,,,,,,,,0.0,0.0,0.0,0.0,3.4423,0.0,0.0657,C1,beacco_only,,,violenter,VER
érailler,VERB,C1,beacco,3.4423,0.0657,,,,,,,,0.0,0.0,0.0,0.0,3.4423,0.0,0.0657,C1,beacco_only,,,érailler,VER
bang,X,C1,beacco,3.2084,2.4462,0.0,0.6418,1.4195,0.0,3.2084,0.0,2.4462,0.0,0.0,0.0,0.0,3.4423,0.0,0.0657,C1,unique_word,bang,X,bang,NOM
intitulé,NOUN,C1,beacco,3.2084,1.3722,0.0,2.803,0.0,0.0,3.2084,2.0587,1.3722,0.0,0.0,0.0,0.0,3.4423,4.0185,0.1315,C1,word_pos,intitulé,N,intitulé,NOM
adhérent,ADJ,C1,beacco,3.2084,1.1093,0.0,0.0,1.809,0.0,3.2084,0.0,1.1093,0.0,0.0,0.6378,0.0,0.0,0.0,0.0592,C1,word_pos,adhérent,A,adhérent,ADJ
réussi,ADJ,C1,beacco,3.2084,0.9197,0.0,0.0,1.4473,0.0,3.2084,0.0,0.9197,0.0,0.1865,0.0,0.0,3.4423,0.0,0.3899,C1,word_pos,réussi,A,réussi,ADJ
laminer,VERB,C1,beacco,3.2084,0.6974,0.0,0.0,0.5833,0.0,3.2084,0.0,0.6974,0.0,0.0,0.0,0.0,3.4423,0.0,0.0657,C1,word_pos,laminer,V,laminer,VER
coco,NOUN,C1,beacco,3.2084,0.5931,0.0,0.6342,0.0,0.0,3.2084,0.0,0.5931,0.0,0.0,0.0,0.0,3.4423,0.0,0.0657,C1,word_pos,coco,N,coco,NOM
pour le moins,ADV,C1,crf_first_attested,3.2084,0.5199,0.0,0.0,0.0,0.0,3.2084,6.4938,0.5199,,,,,,,,,crf_only,pour le moins,ADV,,
positif,NOUN,C1,beacco,3.2084,0.499,0.0,0.0,0.3618,0.0,3.2084,0.0,0.499,0.0,0.0,0.0,0.0,3.4423,0.0,0.0657,C1,word_pos,positif,N,positif,NOM
émoi,NOUN,C1,beacco,3.2084,0.499,0.0,0.0,0.3618,0.0,3.2084,0.0,0.499,0.0,0.0,0.0,0.0,3.4423,0.0,0.0657,C1,word_pos,émoi,N,émoi,NOM
cadran,NOUN,C1,beacco,3.2084,0.4701,0.0,0.3918,0.0,0.0,3.2084,0.0,0.4701,0.0,0.1865,0.0,0.0,3.4423,0.0,0.3899,C1,word_pos,cadran,N,cadran,NOM
poterie,NOUN,C1,beacco,3.2084,0.4021,0.5081,0.0,0.0,0.0,3.2084,0.0,0.4021,0.5504,0.0,0.0,0.0,3.4423,0.0,0.4123,C1,word_pos,poterie,N,poterie,NOM
baignade,NOUN,C1,beacco,3.2084,0.2549,0.0816,0.0,0.0,0.0,3.2084,0.0,0.2549,0.171,0.0,0.0,0.0,3.4423,0.0,0.228,C1,word_pos,baignade,N,baignade,NOM
agio,NOUN,C1,beacco,3.2084,0.0665,0.0,0.0,0.0,0.0,3.2084,0.0,0.0665,0.0,0.0,0.0,0.0,3.4423,0.0,0.0657,C1,word_pos,agio,N,agio,NOM
allergie,NOUN,C1,beacco,3.2084,0.0665,0.0,0.0,0.0,0.0,3.2084,0.0,0.0665,0.0,0.0,0.0,0.0,3.4423,0.0,0.0657,C1,word_pos,allergie,N,allergie,NOM
amèrement,ADV,C1,beacco,3.2084,0.0665,0.0,0.0,0.0,0.0,3.2084,0.0,0.0665,0.0,0.0,0.0,0.0,3.4423,0.0,0.0657,C1,word_pos,amèrement,ADV,amèrement,ADV
apocryphe,ADJ,C1,beacco,3.2084,0.0665,0.0,0.0,0.0,0.0,3.2084,0.0,0.0665,0.0,0.0,0.0,0.0,3.4423,0.0,0.0657,C1,word_pos,apocryphe,A,apocryphe,ADJ
atroce,ADJ,C1,beacco,3.2084,0.0665,0.0,0.0,0.0,0.0,3.2084,0.0,0.0665,0.0,0.0,0.0,0.0,3.4423,0.0,0.0657,C1,word_pos,atroce,A,atroce,ADJ
au détriment de,PREP,C1,crf_first_attested,3.2084,0.0665,0.0,0.0,0.0,0.0,3.2084,0.0,0.0665,,,,,,,,,crf_only,au détriment de,PREP,,
auto - déterminé,NOUN,C1,crf_first_attested,3.2084,0.0665,0.0,0.0,0.0,0.0,3.2084,0.0,0.0665,,,,,,,,,crf_only,auto - déterminé,N,,
aveyronnais,ADJ,C1,crf_first_attested,3.2084,0.0665,0.0,0.0,0.0,0.0,3.2084,0.0,0.0665,,,,,,,,,crf_only,aveyronnais,A,,
bien d' ailleurs,ADV,C1,crf_first_attested,3.2084,0.0665,0.0,0.0,0.0,0.0,3.2084,0.0,0.0665,,,,,,,,,crf_only,bien d' ailleurs,ADV,,
bruyamment,ADV,C1,beacco,3.2084,0.0665,0.0,0.0,0.0,0.0,3.2084,0.0,0.0665,0.0,0.0,0.0,0.0,3.4423,0.0,0.0657,C1,word_pos,bruyamment,ADV,bruyamment,ADV
bêtement,ADV,C1,beacco,3.2084,0.0665,0.0,0.0,0.0,0.0,3.2084,0.0,0.0665,0.0,0.0,0.0,0.0,3.4423,0.0,0.0657,C1,word_pos,bêtement,ADV,bêtement,ADV
capuchadou,NOUN,C1,crf_first_attested,3.2084,0.0665,0.0,0.0,0.0,0.0,3.2084,0.0,0.0665,,,,,,,,,crf_only,capuchadou,N,,
carotte,ADJ,C1,beacco,3.2084,0.0665,0.0,0.0,0.0,0.0,3.2084,0.0,0.0665,0.0,0.0,0.0,0.0,3.4423,0.0,0.0657,C1,word_pos,carotte,A,carotte,ADJ
cartographier,VERB,C1,beacco,3.2084,0.0665,0.0,0.0,0.0,0.0,3.2084,0.0,0.0665,0.0,0.0,0.0,0.0,3.4423,0.0,0.0657,C1,word_pos,cartographier,V,cartographier,VER
cessation,NOUN,C1,beacco,3.2084,0.0665,0.0,0.0,0.0,0.0,3.2084,0.0,0.0665,0.0,0.0,0.0,0.0,3.4423,0.0,0.0657,C1,word_pos,cessation,N,cessation,NOM
chrysalide,NOUN,C1,beacco,3.2084,0.0665,0.0,0.0,0.0,0.0,3.2084,0.0,0.0665,0.0,0.0,0.0,0.0,3.4423,0.0,0.0657,C1,word_pos,chrysalide,N,chrysalide,NOM
cloporte,NOUN,C1,beacco,3.2084,0.0665,0.0,0.0,0.0,0.0,3.2084,0.0,0.0665,0.0,0.0,0.0,0.0,3.4423,0.0,0.0657,C1,word_pos,cloporte,N,cloporte,NOM
co - voiturage,NOUN,C1,crf_first_attested,3.2084,0.0665,0.0,0.0,0.0,0.0,3.2084,0.0,0.0665,,,,,,,,,crf_only,co - voiturage,N,,
coutellerie,NOUN,C1,beacco,3.2084,0.0665,0.0,0.0,0.0,0.0,3.2084,0.0,0.0665,0.0,0.0,0.0,0.0,6.8846,0.0,0.1315,C1,word_pos,coutellerie,N,coutellerie,NOM
croûte,NOUN,C1,beacco,3.2084,0.0665,0.0,0.0,0.0,0.0,3.2084,0.0,0.0665,0.0,0.0,0.0,0.0,3.4423,0.0,0.0657,C1,word_pos,croûte,N,croûte,NOM
créditeur,ADJ,C1,beacco,3.2084,0.0665,0.0,0.0,0.0,0.0,3.2084,0.0,0.0665,0.0,0.0,0.0,0.0,3.4423,0.0,0.0657,C1,word_pos,créditeur,A,créditeur,ADJ
crépiter,VERB,C1,beacco,3.2084,0.0665,0.0,0.0,0.0,0.0,3.2084,0.0,0.0665,0.0,0.0,0.0,0.0,3.4423,0.0,0.0657,C1,word_pos,crépiter,V,crépiter,VER
cumulatif,ADJ,C1,beacco,3.2084,0.0665,0.0,0.0,0.0,0.0,3.2084,0.0,0.0665,0.0,0.0,0.0,0.0,3.4423,0.0,0.0657,C1,word_pos,cumulatif,A,cumulatif,ADJ
cuvée,NOUN,C1,beacco,3.2084,0.0665,0.0,0.0,0.0,0.0,3.2084,0.0,0.0665,0.0,0.0,0.0,0.0,3.4423,0.0,0.0657,C1,word_pos,cuvée,N,cuvée,NOM
debout là,ADV,C1,crf_first_attested,3.2084,0.0665,0.0,0.0,0.0,0.0,3.2084,0.0,0.0665,,,,,,,,,crf_only,debout là,ADV,,
descriptif,ADJ,C1,beacco,3.2084,0.0665,0.0,0.0,0.0,0.0,3.2084,0.0,0.0665,0.0,0.0,0.0,0.0,6.8846,0.0,0.1315,C1,word_pos,descriptif,A,descriptif,ADJ
diapo,NOUN,C1,beacco,3.2084,0.0665,0.0,0.0,0.0,0.0,3.2084,0.0,0.0665,0.0,0.0,0.0,0.0,3.4423,0.0,0.0657,C1,word_pos,diapo,N,diapo,NOM
dompter,VERB,C1,beacco,3.2084,0.0665,0.0,0.0,0.0,0.0,3.2084,0.0,0.0665,0.0,0.0,0.0,0.0,3.4423,0.0,0.0657,C1,word_pos,dompter,V,dompter,VER
doser,VERB,C1,beacco,3.2084,0.0665,0.0,0.0,0.0,0.0,3.2084,0.0,0.0665,0.0,0.0,0.0,0.0,3.4423,0.0,0.0657,C1,word_pos,doser,V,doser,VER
déambulation,NOUN,C1,beacco,3.2084,0.0665,0.0,0.0,0.0,0.0,3.2084,0.0,0.0665,0.0,0.0,0.0,0.0,3.4423,0.0,0.0657,C1,word_pos,déambulation,N,déambulation,NOM
déontologie,NOUN,C1,beacco,3.2084,0.0665,0.0,0.0,0.0,0.0,3.2084,0.0,0.0665,0.0,0.0,0.0,0.0,3.4423,0.0,0.0657,C1,word_pos,déontologie,N,déontologie,NOM
déphaser,VERB,C1,beacco,3.2084,0.0665,0.0,0.0,0.0,0.0,3.2084,0.0,0.0665,0.0,0.0,0.0,0.0,3.4423,0.0,0.0657,C1,word_pos,déphaser,V,déphaser,VER
désolant,ADJ,C1,beacco,3.2084,0.0665,0.0,0.0,0.0,0.0,3.2084,0.0,0.0665,0.0,0.0,0.0,0.0,3.4423,0.0,0.0657,C1,word_pos,désolant,A,désolant,ADJ
en l' honneur de,PREP,C1,crf_first_attested,3.2084,0.0665,0.0,0.0,0.0,0.0,3.2084,0.0,0.0665,,,,,,,,,crf_only,en l' honneur de,PREP,,
en mer,ADV,C1,crf_first_attested,3.2084,0.0665,0.0,0.0,0.0,0.0,3.2084,0.0,0.0665,,,,,,,,,crf_only,en mer,ADV,,
entêter,VERB,C1,beacco,3.2084,0.0665,0.0,0.0,0.0,0.0,3.2084,0.0,0.0665,0.0,0.0,0.0,0.0,3.4423,0.0,0.0657,C1,word_pos,entêter,V,entêter,VER
expiration,NOUN,C1,beacco,3.2084,0.0665,0.0,0.0,0.0,0.0,3.2084,0.0,0.0665,0.0,0.0,0.0,0.0,6.8846,0.0,0.1315,C1,word_pos,expiration,N,expiration,NOM
frauduleux,ADJ,C1,beacco,3.2084,0.0665,0.0,0.0,0.0,0.0,3.2084,0.0,0.0665,0.0,0.0,0.0,0.0,3.4423,0.0,0.0657,C1,word_pos,frauduleux,A,frauduleux,ADJ
féminisation,NOUN,C1,beacco,3.2084,0.0665,0.0,0.0,0.0,0.0,3.2084,0.0,0.0665,0.0,0.0,0.0,0.0,6.8846,0.0,0.1315,C1,word_pos,féminisation,N,féminisation,NOM
gastrique,ADJ,C1,beacco,3.2084,0.0665,0.0,0.0,0.0,0.0,3.2084,0.0,0.0665,0.0,0.0,0.0,0.0,3.4423,0.0,0.0657,C1,word_pos,gastrique,A,gastrique,ADJ
girondin,ADJ,C1,beacco,3.2084,0.0665,0.0,0.0,0.0,0.0,3.2084,0.0,0.0665,0.0,0.0,0.0,0.0,3.4423,0.0,0.0657,C1,word_pos,girondin,A,girondin,ADJ
glaise,ADJ,C1,beacco,3.2084,0.0665,0.0,0.0,0.0,0.0,3.2084,0.0,0.0665,0.0,0.0,0.0,0.0,3.4423,0.0,0.0657,C1,unique_word,glaise,A,glaise,NOM
grassement,ADV,C1,beacco,3.2084,0.0665,0.0,0.0,0.0,0.0,3.2084,0.0,0.0665,0.0,0.0,0.0,0.0,3.4423,0.0,0.0657,C1,word_pos,grassement,ADV,grassement,ADV
grata,X,C1,crf_first_attested,3.2084,0.0665,0.0,0.0,0.0,0.0,3.2084,0.0,0.0665,,,,,,,,,crf_only,grata,X,,
halo,NOUN,C1,beacco,3.2084,0.0665,0.0,0.0,0.0,0.0,3.2084,0.0,0.0665,0.0,0.0,0.0,0.0,3.4423,0.0,0.0657,C1,word_pos,halo,N,halo,NOM
has,X,C1,crf_first_attested,3.2084,0.0665,0.0,0.0,0.0,0.0,3.2084,0.0,0.0665,,,,,,,,,crf_only,has,X,,
horn,X,C1,crf_first_attested,3.2084,0.0665,0.0,0.0,0.0,0.0,3.2084,0.0,0.0665,,,,,,,,,crf_only,horn,X,,
houspiller,VERB,C1,beacco,3.2084,0.0665,0.0,0.0,0.0,0.0,3.2084,0.0,0.0665,0.0,0.0,0.0,0.0,3.4423,0.0,0.0657,C1,word_pos,houspiller,V,houspiller,VER
huissier,NOUN,C1,beacco,3.2084,0.0665,0.0,0.0,0.0,0.0,3.2084,0.0,0.0665,0.0,0.0,0.0,0.0,3.4423,0.0,0.0657,C1,word_pos,huissier,N,huissier,NOM
hère,NOUN,C1,beacco,3.2084,0.0665,0.0,0.0,0.0,0.0,3.2084,0.0,0.0665,0.0,0.0,0.0,0.0,3.4423,0.0,0.0657,C1,word_pos,hère,N,hère,NOM
ici et là - bas,ADV,C1,crf_first_attested,3.2084,0.0665,0.0,0.0,0.0,0.0,3.2084,0.0,0.0665,,,,,,,,,crf_only,ici et là - bas,ADV,,
idéologiquement,ADV,C1,beacco,3.2084,0.0665,0.0,0.0,0.0,0.0,3.2084,0.0,0.0665,0.0,0.0,0.0,0.0,3.4423,0.0,0.0657,C1,word_pos,idéologiquement,ADV,idéologiquement,ADV
inconsidéré,ADJ,C1,beacco,3.2084,0.0665,0.0,0.0,0.0,0.0,3.2084,0.0,0.0665,0.0,0.0,0.0,0.0,3.4423,0.0,0.0657,C1,word_pos,inconsidéré,A,inconsidéré,ADJ
insomniaque,NOUN,C1,beacco,3.2084,0.0665,0.0,0.0,0.0,0.0,3.2084,0.0,0.0665,0.0,0.0,0.0,0.0,3.4423,0.0,0.0657,C1,word_pos,insomniaque,N,insomniaque,NOM
interférer,VERB,C1,beacco,3.2084,0.0665,0.0,0.0,0.0,0.0,3.2084,0.0,0.0665,0.0,0.0,0.0,0.0,3.4423,0.0,0.0657,C1,word_pos,interférer,V,interférer,VER
interplanétaire,ADJ,C1,crf_first_attested,3.2084,0.0665,0.0,0.0,0.0,0.0,3.2084,0.0,0.0665,,,,,,,,,crf_only,interplanétaire,A,,
irritation,NOUN,C1,beacco,3.2084,0.0665,0.0,0.0,0.0,0.0,3.2084,0.0,0.0665,0.0,0.0,0.0,0.0,3.4423,0.0,0.0657,C1,word_pos,irritation,N,irritation,NOM
jaser,VERB,C1,beacco,3.2084,0.0665,0.0,0.0,0.0,0.0,3.2084,0.0,0.0665,0.0,0.0,0.0,0.0,3.4423,0.0,0.0657,C1,word_pos,jaser,V,jaser,VER
laïole,NOUN,C1,crf_first_attested,3.2084,0.0665,0.0,0.0,0.0,0.0,3.2084,0.0,0.0665,,,,,,,,,crf_only,laïole,N,,
lisibilité,NOUN,C1,beacco,3.2084,0.0665,0.0,0.0,0.0,0.0,3.2084,0.0,0.0665,0.0,0.0,0.0,0.0,3.4423,0.0,0.0657,C1,word_pos,lisibilité,N,lisibilité,NOM
lémurien,NOUN,C1,crf_first_attested,3.2084,0.0665,0.0,0.0,0.0,0.0,3.2084,0.0,0.0665,,,,,,,,,crf_only,lémurien,N,,
macaque,NOUN,C1,beacco,3.2084,0.0665,0.0,0.0,0.0,0.0,3.2084,0.0,0.0665,0.0,0.0,0.0,0.0,6.8846,0.0,0.1315,C1,word_pos,macaque,N,macaque,NOM
malveillant,ADJ,C1,beacco,3.2084,0.0665,0.0,0.0,0.0,0.0,3.2084,0.0,0.0665,0.0,0.0,0.0,0.0,3.4423,0.0,0.0657,C1,word_pos,malveillant,A,malveillant,ADJ
martien,NOUN,C1,crf_first_attested,3.2084,0.0665,0.0,0.0,0.0,0.0,3.2084,0.0,0.0665,,,,,,,,,crf_only,martien,N,,
mascarade,NOUN,C1,beacco,3.2084,0.0665,0.0,0.0,0.0,0.0,3.2084,0.0,0.0665,0.0,0.0,0.0,0.0,3.4423,0.0,0.0657,C1,word_pos,mascarade,N,mascarade,NOM
maussade,ADJ,C1,beacco,3.2084,0.0665,0.0,0.0,0.0,0.0,3.2084,0.0,0.0665,0.0,0.0,0.0,0.0,3.4423,0.0,0.0657,C1,word_pos,maussade,A,maussade,ADJ
maxime,NOUN,C1,beacco,3.2084,0.0665,0.0,0.0,0.0,0.0,3.2084,0.0,0.0665,0.0,0.0,0.0,0.0,3.4423,0.0,0.0657,C1,word_pos,maxime,N,maxime,NOM
musculature,NOUN,C1,beacco,3.2084,0.0665,0.0,0.0,0.0,0.0,3.2084,0.0,0.0665,0.0,0.0,0.0,0.0,3.4423,0.0,0.0657,C1,word_pos,musculature,N,musculature,NOM
museler,VERB,C1,beacco,3.2084,0.0665,0.0,0.0,0.0,0.0,3.2084,0.0,0.0665,0.0,0.0,0.0,0.0,3.4423,0.0,0.0657,C1,word_pos,museler,V,museler,VER
nimber,VERB,C1,beacco,3.2084,0.0665,0.0,0.0,0.0,0.0,3.2084,0.0,0.0665,0.0,0.0,0.0,0.0,3.4423,0.0,0.0657,C1,word_pos,nimber,V,nimber,VER
non,X,C1,crf_first_attested,3.2084,0.0665,0.0,0.0,0.0,0.0,3.2084,0.0,0.0665,,,,,,,,,crf_only,non,X,,
octroyer,VERB,C1,beacco,3.2084,0.0665,0.0,0.0,0.0,0.0,3.2084,0.0,0.0665,0.0,0.0,0.0,0.0,3.4423,0.0,0.0657,C1,word_pos,octroyer,V,octroyer,VER
ordinairement,ADV,C1,beacco,3.2084,0.0665,0.0,0.0,0.0,0.0,3.2084,0.0,0.0665,0.0,0.0,0.0,0.0,3.4423,0.0,0.0657,C1,word_pos,ordinairement,ADV,ordinairement,ADV
panams,NOUN,C1,crf_first_attested,3.2084,0.0665,0.0,0.0,0.0,0.0,3.2084,0.0,0.0665,,,,,,,,,crf_only,panams,N,,
par le peu,ADV,C1,crf_first_attested,3.2084,0.0665,0.0,0.0,0.0,0.0,3.2084,0.0,0.0665,,,,,,,,,crf_only,par le peu,ADV,,
par égard,ADV,C1,crf_first_attested,3.2084,0.0665,0.0,0.0,0.0,0.0,3.2084,0.0,0.0665,,,,,,,,,crf_only,par égard,ADV,,
parallèlement au sommet de,PREP,C1,crf_first_attested,3.2084,0.0665,0.0,0.0,0.0,0.0,3.2084,0.0,0.0665,,,,,,,,,crf_only,parallèlement au sommet de,PREP,,
paresseusement,ADV,C1,beacco,3.2084,0.0665,0.0,0.0,0.0,0.0,3.2084,0.0,0.0665,0.0,0.0,0.0,0.0,3.4423,0.0,0.0657,C1,word_pos,paresseusement,ADV,paresseusement,ADV
penny,NOUN,C1,beacco,3.2084,0.0665,0.0,0.0,0.0,0.0,3.2084,0.0,0.0665,0.0,0.0,0.0,0.0,3.4423,0.0,0.0657,C1,word_pos,penny,N,penny,NOM
persona,X,C1,beacco,3.2084,0.0665,0.0,0.0,0.0,0.0,3.2084,0.0,0.0665,0.0,0.0,0.0,0.0,3.4423,0.0,0.0657,C1,unique_word,persona,X,persona,NOM
piaf,NOUN,C1,beacco,3.2084,0.0665,0.0,0.0,0.0,0.0,3.2084,0.0,0.0665,0.0,0.0,0.0,0.0,3.4423,0.0,0.0657,C1,word_pos,piaf,N,piaf,NOM
pliant,ADJ,C1,beacco,3.2084,0.0665,0.0,0.0,0.0,0.0,3.2084,0.0,0.0665,0.0,0.0,0.0,0.0,3.4423,0.0,0.0657,C1,word_pos,pliant,A,pliant,ADJ
plutonium,NOUN,C1,beacco,3.2084,0.0665,0.0,0.0,0.0,0.0,3.2084,0.0,0.0665,0.0,0.0,0.0,0.0,3.4423,0.0,0.0657,C1,word_pos,plutonium,N,plutonium,NOM
pouèt,X,C1,crf_first_attested,3.2084,0.0665,0.0,0.0,0.0,0.0,3.2084,0.0,0.0665,,,,,,,,,crf_only,pouèt,X,,
présentement,ADV,C1,beacco,3.2084,0.0665,0.0,0.0,0.0,0.0,3.2084,0.0,0.0665,0.0,0.0,0.0,0.0,6.8846,0.0,0.1315,C1,word_pos,présentement,ADV,présentement,ADV
péjoratif,ADJ,C1,beacco,3.2084,0.0665,0.0,0.0,0.0,0.0,3.2084,0.0,0.0665,0.0,0.0,0.0,0.0,6.8846,0.0,0.1315,C1,word_pos,péjoratif,A,péjoratif,ADJ
railler,VERB,C1,beacco,3.2084,0.0665,0.0,0.0,0.0,0.0,3.2084,0.0,0.0665,0.0,0.0,0.0,0.0,3.4423,0.0,0.0657,C1,word_pos,railler,V,railler,VER
rattrapage,NOUN,C1,beacco,3.2084,0.0665,0.0,0.0,0.0,0.0,3.2084,0.0,0.0665,0.0,0.0,0.0,0.0,3.4423,0.0,0.0657,C1,word_pos,rattrapage,N,rattrapage,NOM
redevable,ADJ,C1,beacco,3.2084,0.0665,0.0,0.0,0.0,0.0,3.2084,0.0,0.0665,0.0,0.0,0.0,0.0,6.8846,0.0,0.1315,C1,word_pos,redevable,A,redevable,ADJ
redevance,NOUN,C1,beacco,3.2084,0.0665,0.0,0.0,0.0,0.0,3.2084,0.0,0.0665,0.0,0.0,0.0,0.0,6.8846,0.0,0.1315,C1,word_pos,redevance,N,redevance,NOM
relaxe,NOUN,C1,crf_first_attested,3.2084,0.0665,0.0,0.0,0.0,0.0,3.2084,0.0,0.0665,,,,,,,,,crf_only,relaxe,N,,
relouer,VERB,C1,beacco,3.2084,0.0665,0.0,0.0,0.0,0.0,3.2084,0.0,0.0665,0.0,0.0,0.0,0.0,6.8846,0.0,0.1315,C1,word_pos,relouer,V,relouer,VER
repleurer,VERB,C1,crf_first_attested,3.2084,0.0665,0.0,0.0,0.0,0.0,3.2084,0.0,0.0665,,,,,,,,,crf_only,repleurer,V,,
resonger,VERB,C1,beacco,3.2084,0.0665,0.0,0.0,0.0,0.0,3.2084,0.0,0.0665,0.0,0.0,0.0,0.0,3.4423,0.0,0.0657,C1,word_pos,resonger,V,resonger,VER
resurgir,VERB,C1,beacco,3.2084,0.0665,0.0,0.0,0.0,0.0,3.2084,0.0,0.0665,0.0,0.0,0.0,0.0,3.4423,0.0,0.0657,C1,word_pos,resurgir,V,resurgir,VER
rtt,NOUN,C1,crf_first_attested,3.2084,0.0665,0.0,0.0,0.0,0.0,3.2084,0.0,0.0665,,,,,,,,,crf_only,rtt,N,,
rémouleur,NOUN,C1,beacco,3.2084,0.0665,0.0,0.0,0.0,0.0,3.2084,0.0,0.0665,0.0,0.0,0.0,0.0,3.4423,0.0,0.0657,C1,word_pos,rémouleur,N,rémouleur,NOM
savoir - vivre,VERB,C1,crf_first_attested,3.2084,0.0665,0.0,0.0,0.0,0.0,3.2084,0.0,0.0665,,,,,,,,,crf_only,savoir - vivre,V,,
sceur,NOUN,C1,crf_first_attested,3.2084,0.0665,0.0,0.0,0.0,0.0,3.2084,0.0,0.0665,,,,,,,,,crf_only,sceur,N,,
sioux,NOUN,C1,crf_first_attested,3.2084,0.0665,0.0,0.0,0.0,0.0,3.2084,0.0,0.0665,,,,,,,,,crf_only,sioux,N,,
spatio - temporel,ADJ,C1,crf_first_attested,3.2084,0.0665,0.0,0.0,0.0,0.0,3.2084,0.0,0.0665,,,,,,,,,crf_only,spatio - temporel,A,,
spectromètre,NOUN,C1,beacco,3.2084,0.0665,0.0,0.0,0.0,0.0,3.2084,0.0,0.0665,0.0,0.0,0.0,0.0,3.4423,0.0,0.0657,C1,word_pos,spectromètre,N,spectromètre,NOM
surbooker,VERB,C1,crf_first_attested,3.2084,0.0665,0.0,0.0,0.0,0.0,3.2084,0.0,0.0665,,,,,,,,,crf_only,surbooker,V,,
surenchère,NOUN,C1,beacco,3.2084,0.0665,0.0,0.0,0.0,0.0,3.2084,0.0,0.0665,0.0,0.0,0.0,0.0,3.4423,0.0,0.0657,C1,word_pos,surenchère,N,surenchère,NOM
sénartais,ADJ,C1,crf_first_attested,3.2084,0.0665,0.0,0.0,0.0,0.0,3.2084,0.0,0.0665,,,,,,,,,crf_only,sénartais,A,,
sénégalais,ADJ,C1,beacco,3.2084,0.0665,0.0,0.0,0.0,0.0,3.2084,0.0,0.0665,0.0,0.0,0.0,0.0,3.4423,0.0,0.0657,C1,word_pos,sénégalais,A,sénégalais,ADJ
teindre,VERB,C1,beacco,3.2084,0.0665,0.0,0.0,0.0,0.0,3.2084,0.0,0.0665,0.0,0.0,0.0,0.0,3.4423,0.0,0.0657,C1,word_pos,teindre,V,teindre,VER
terminaison,NOUN,C1,beacco,3.2084,0.0665,0.0,0.0,0.0,0.0,3.2084,0.0,0.0665,0.0,0.0,0.0,0.0,6.8846,0.0,0.1315,C1,word_pos,terminaison,N,terminaison,NOM
théorème,NOUN,C1,beacco,3.2084,0.0665,0.0,0.0,0.0,0.0,3.2084,0.0,0.0665,0.0,0.0,0.0,0.0,3.4423,0.0,0.0657,C1,word_pos,théorème,N,théorème,NOM
tonus,NOUN,C1,beacco,3.2084,0.0665,0.0,0.0,0.0,0.0,3.2084,0.0,0.0665,0.0,0.0,0.0,0.0,6.8846,0.0,0.1315,C1,word_pos,tonus,N,tonus,NOM
torturer,VERB,C1,beacco,3.2084,0.0665,0.0,0.0,0.0,0.0,3.2084,0.0,0.0665,0.0,0.0,0.0,0.0,3.4423,0.0,0.0657,C1,word_pos,torturer,V,torturer,VER
tu montreras,ADV,C1,crf_first_attested,3.2084,0.0665,0.0,0.0,0.0,0.0,3.2084,0.0,0.0665,,,,,,,,,crf_only,tu montreras,ADV,,
tu t' en repentiras,ADV,C1,crf_first_attested,3.2084,0.0665,0.0,0.0,0.0,0.0,3.2084,0.0,0.0665,,,,,,,,,crf_only,tu t' en repentiras,ADV,,
tumultueux,ADJ,C1,beacco,3.2084,0.0665,0.0,0.0,0.0,0.0,3.2084,0.0,0.0665,0.0,0.0,0.0,0.0,3.4423,0.0,0.0657,C1,word_pos,tumultueux,A,tumultueux,ADJ
ultra,ADV,C1,crf_first_attested,3.2084,0.0665,0.0,0.0,0.0,0.0,3.2084,0.0,0.0665,,,,,,,,,crf_only,ultra,ADV,,
uriner,VERB,C1,beacco,3.2084,0.0665,0.0,0.0,0.0,0.0,3.2084,0.0,0.0665,0.0,0.0,0.0,0.0,3.4423,0.0,0.0657,C1,word_pos,uriner,V,uriner,VER
vibratile,ADJ,C1,beacco,3.2084,0.0665,0.0,0.0,0.0,0.0,3.2084,0.0,0.0665,0.0,0.0,0.0,0.0,3.4423,0.0,0.0657,C1,word_pos,vibratile,A,vibratile,ADJ
vinification,NOUN,C1,beacco,3.2084,0.0665,0.0,0.0,0.0,0.0,3.2084,0.0,0.0665,0.0,0.0,0.0,0.0,3.4423,0.0,0.0657,C1,word_pos,vinification,N,vinification,NOM
voyeur,NOUN,C1,beacco,3.2084,0.0665,0.0,0.0,0.0,0.0,3.2084,0.0,0.0665,0.0,0.0,0.0,0.0,3.4423,0.0,0.0657,C1,word_pos,voyeur,N,voyeur,NOM
à ciel ouvert,ADV,C1,crf_first_attested,3.2084,0.0665,0.0,0.0,0.0,0.0,3.2084,0.0,0.0665,,,,,,,,,crf_only,à ciel ouvert,ADV,,
à plusieurs,ADV,C1,crf_first_attested,3.2084,0.0665,0.0,0.0,0.0,0.0,3.2084,0.0,0.0665,,,,,,,,,crf_only,à plusieurs,ADV,,
égalitariste,ADJ,C1,beacco,3.2084,0.0665,0.0,0.0,0.0,0.0,3.2084,0.0,0.0665,0.0,0.0,0.0,0.0,3.4423,0.0,0.0657,C1,word_pos,égalitariste,A,égalitariste,ADJ
éléphanteau,NOUN,C1,beacco,3.2084,0.0665,0.0,0.0,0.0,0.0,3.2084,0.0,0.0665,0.0,0.0,0.0,0.0,3.4423,0.0,0.0657,C1,word_pos,éléphanteau,N,éléphanteau,NOM
êre,ADV,C1,crf_first_attested,3.2084,0.0665,0.0,0.0,0.0,0.0,3.2084,0.0,0.0665,,,,,,,,,crf_only,êre,ADV,,
quitte,ADJ,C1,beacco,3.1012,5.029,1.0394,5.0054,7.4748,0.0,3.1012,0.0,5.029,0.0,0.0,0.438,0.0,0.0,0.0,0.0652,C1,word_pos,quitte,A,quitte,ADJ
juif,NOUN,C1,beacco,3.1012,0.8186,0.0,0.0,2.5602,0.0,3.1012,0.0,0.8186,0.0,0.0,0.0,0.0,6.0005,0.0,0.1431,C1,word_pos,juif,N,juif,NOM
subsaharien,ADJ,C1,crf_first_attested,3.1012,0.6231,0.0,0.0,0.0,0.0,3.1012,76.982,0.6231,,,,,,,,,crf_only,subsaharien,A,,
terrien,NOUN,C1,beacco,3.1012,0.6007,0.0,2.0176,0.0,0.0,3.1012,0.0,0.6007,0.0,0.1865,0.0,0.0,6.0005,0.0,0.3402,C1,word_pos,terrien,N,terrien,NOM
vandrarhen,NOUN,C1,crf_first_attested,3.1012,0.5939,0.0,0.0,0.0,0.0,3.1012,8.2347,0.5939,,,,,,,,,crf_only,vandrarhen,N,,
fondant,NOUN,C1,beacco,3.1012,0.5679,0.0,0.0,1.4582,0.0,3.1012,0.0,0.5679,0.0,0.0,0.5531,0.0,0.0,0.0,0.0514,C1,word_pos,fondant,N,fondant,NOM
attaquant,NOUN,C1,beacco,3.1012,0.5453,0.0,0.0,0.7097,0.0,3.1012,0.0,0.5453,0.0,0.0,0.438,0.0,0.0,0.0,0.0652,C1,word_pos,attaquant,N,attaquant,NOM
traducteur,NOUN,C1,beacco,3.1012,0.5322,0.0,0.0,1.0854,0.0,3.1012,0.0,0.5322,0.0,0.0,0.0,0.0,6.0005,0.0,0.1431,C1,word_pos,traducteur,N,traducteur,NOM
ultime,ADJ,C1,beacco,3.1012,0.4666,0.0,0.0,0.0,3.0277,3.1012,0.0,0.4666,0.0,0.0,0.0,2.2839,0.0,0.0,0.0614,C1,word_pos,ultime,A,ultime,ADJ
a posteriori,ADV,C1,crf_first_attested,3.1012,0.3937,0.0,0.0,0.0,0.0,3.1012,19.2455,0.3937,,,,,,,,,crf_only,a posteriori,ADV,,
démarrage,NOUN,C1,beacco,3.1012,0.3937,0.0,0.0,0.0,0.0,3.1012,19.2455,0.3937,0.0,0.0,0.0,0.0,6.0005,19.328,0.2862,C1,word_pos,démarrage,N,démarrage,NOM
notoire,ADJ,C1,beacco,3.1012,0.3937,0.0,0.0,0.0,0.0,3.1012,19.2455,0.3937,0.0,0.0,0.0,0.0,6.0005,19.328,0.2862,C1,word_pos,notoire,A,notoire,ADJ
légitime,NOUN,C1,crf_first_attested,3.1012,0.379,0.0,0.0,0.0,0.0,3.1012,25.9752,0.379,,,,,,,,,crf_only,légitime,N,,
boisé,ADJ,C1,beacco,3.1012,0.3655,0.0,0.0,0.2366,0.0,3.1012,0.0,0.3655,0.0,0.0,0.0,0.0,6.0005,0.0,0.1431,C1,word_pos,boisé,A,boisé,ADJ
créoliser,VERB,C1,beacco,3.1012,0.3318,0.0,0.0,0.0,0.0,3.1012,9.6228,0.3318,0.0,0.0,0.0,0.0,6.0005,19.328,0.2862,C1,word_pos,créoliser,V,créoliser,VER
parabole,NOUN,C1,beacco,3.1012,0.3318,0.0,0.0,0.0,0.0,3.1012,9.6228,0.3318,0.0,0.0,0.0,0.0,6.0005,19.328,0.2862,C1,word_pos,parabole,N,parabole,NOM
absent,NOUN,C1,beacco,3.1012,0.2952,0.0,0.3209,0.0,0.0,3.1012,0.0,0.2952,0.0,0.0,0.0,0.0,6.0005,0.0,0.1431,C1,word_pos,absent,N,absent,NOM
déplacé,ADJ,C1,beacco,3.1012,0.2947,0.0,0.0,0.0,0.7062,3.1012,0.0,0.2947,0.0,0.0,0.0,2.2839,0.0,0.0,0.0614,C1,word_pos,déplacé,A,déplacé,ADJ
dédicace,NOUN,C1,beacco,3.1012,0.2666,0.0,0.2439,0.0,0.0,3.1012,0.0,0.2666,0.0,0.0,0.0,0.0,6.0005,0.0,0.1431,C1,word_pos,dédicace,N,dédicace,NOM
direct,NOUN,C1,beacco,3.1012,0.2663,1.5075,0.0,0.0,0.0,3.1012,0.0,0.2663,0.0,0.0,0.0,0.0,6.0005,19.328,0.2862,C1,word_pos,direct,N,direct,NOM
lavande,NOUN,C1,beacco,3.1012,0.2196,0.4014,0.0,0.0,0.0,3.1012,0.0,0.2196,0.7319,0.0,0.0,0.0,6.0005,0.0,0.4016,C1,word_pos,lavande,N,lavande,NOM
tacheter,VERB,C1,beacco,3.1012,0.2196,0.4014,0.0,0.0,0.0,3.1012,0.0,0.2196,0.7319,0.0,0.0,0.0,6.0005,0.0,0.4016,C1,word_pos,tacheter,V,tacheter,VER
épuisement,NOUN,C1,beacco,3.1012,0.1812,0.7622,0.0,0.0,0.0,3.1012,0.0,0.1812,0.5504,0.0,0.0,0.0,6.0005,0.0,0.3568,C1,word_pos,épuisement,N,épuisement,NOM
harceler,VERB,C1,beacco,3.1012,0.1771,0.0,0.0948,0.0,0.0,3.1012,0.0,0.1771,0.0,0.2065,0.0,0.0,6.0005,0.0,0.3547,C1,word_pos,harceler,V,harceler,VER
additif,NOUN,C1,beacco,3.1012,0.0546,0.0,0.0,0.0,0.0,3.1012,0.0,0.0546,0.0,0.0,0.0,0.0,6.0005,0.0,0.1431,C1,word_pos,additif,N,additif,NOM
adhésif,ADJ,C1,beacco,3.1012,0.0546,0.0,0.0,0.0,0.0,3.1012,0.0,0.0546,0.0,0.0,0.0,0.0,18.0014,0.0,0.4293,C1,word_pos,adhésif,A,adhésif,ADJ
affolant,ADJ,C1,beacco,3.1012,0.0546,0.0,0.0,0.0,0.0,3.1012,0.0,0.0546,0.0,0.0,0.0,0.0,6.0005,0.0,0.1431,C1,word_pos,affolant,A,affolant,ADJ
agrégat,NOUN,C1,beacco,3.1012,0.0546,0.0,0.0,0.0,0.0,3.1012,0.0,0.0546,0.0,0.0,0.0,0.0,6.0005,0.0,0.1431,C1,word_pos,agrégat,N,agrégat,NOM
airbag,NOUN,C1,crf_first_attested,3.1012,0.0546,0.0,0.0,0.0,0.0,3.1012,0.0,0.0546,,,,,,,,,crf_only,airbag,N,,
aldéhyde,NOUN,C1,beacco,3.1012,0.0546,0.0,0.0,0.0,0.0,3.1012,0.0,0.0546,0.0,0.0,0.0,0.0,6.0005,0.0,0.1431,C1,word_pos,aldéhyde,N,aldéhyde,NOM
aminata,X,C1,crf_first_attested,3.1012,0.0546,0.0,0.0,0.0,0.0,3.1012,0.0,0.0546,,,,,,,,,crf_only,aminata,X,,
ancrage,NOUN,C1,beacco,3.1012,0.0546,0.0,0.0,0.0,0.0,3.1012,0.0,0.0546,0.0,0.0,0.0,0.0,6.0005,0.0,0.1431,C1,word_pos,ancrage,N,ancrage,NOM
anomie,NOUN,C1,beacco,3.1012,0.0546,0.0,0.0,0.0,0.0,3.1012,0.0,0.0546,0.0,0.0,0.0,0.0,6.0005,0.0,0.1431,C1,word_pos,anomie,N,anomie,NOM
approvisionnement,NOUN,C1,beacco,3.1012,0.0546,0.0,0.0,0.0,0.0,3.1012,0.0,0.0546,0.0,0.0,0.0,0.0,6.0005,0.0,0.1431,C1,word_pos,approvisionnement,N,approvisionnement,NOM
arabique,ADJ,C1,beacco,3.1012,0.0546,0.0,0.0,0.0,0.0,3.1012,0.0,0.0546,0.0,0.0,0.0,0.0,6.0005,0.0,0.1431,C1,word_pos,arabique,A,arabique,ADJ
archevêché,NOUN,C1,beacco,3.1012,0.0546,0.0,0.0,0.0,0.0,3.1012,0.0,0.0546,0.0,0.0,0.0,0.0,6.0005,0.0,0.1431,C1,word_pos,archevêché,N,archevêché,NOM
arrosoir,NOUN,C1,beacco,3.1012,0.0546,0.0,0.0,0.0,0.0,3.1012,0.0,0.0546,0.0,0.0,0.0,0.0,6.0005,0.0,0.1431,C1,word_pos,arrosoir,N,arrosoir,NOM
association,X,C1,crf_first_attested,3.1012,0.0546,0.0,0.0,0.0,0.0,3.1012,0.0,0.0546,,,,,,,,,crf_only,association,X,,
assyrien,ADJ,C1,beacco,3.1012,0.0546,0.0,0.0,0.0,0.0,3.1012,0.0,0.0546,0.0,0.0,0.0,0.0,6.0005,0.0,0.1431,C1,word_pos,assyrien,A,assyrien,ADJ
astreindre,VERB,C1,beacco,3.1012,0.0546,0.0,0.0,0.0,0.0,3.1012,0.0,0.0546,0.0,0.0,0.0,0.0,6.0005,0.0,0.1431,C1,word_pos,astreindre,V,astreindre,VER
au abords de,PREP,C1,crf_first_attested,3.1012,0.0546,0.0,0.0,0.0,0.0,3.1012,0.0,0.0546,,,,,,,,,crf_only,au abords de,PREP,,
au détour de,PREP,C1,crf_first_attested,3.1012,0.0546,0.0,0.0,0.0,0.0,3.1012,0.0,0.0546,,,,,,,,,crf_only,au détour de,PREP,,
auditif,ADJ,C1,beacco,3.1012,0.0546,0.0,0.0,0.0,0.0,3.1012,0.0,0.0546,0.0,0.0,0.0,0.0,6.0005,0.0,0.1431,C1,word_pos,auditif,A,auditif,ADJ
ayants,NOUN,C1,crf_first_attested,3.1012,0.0546,0.0,0.0,0.0,0.0,3.1012,0.0,0.0546,,,,,,,,,crf_only,ayants,N,,
bae,X,C1,crf_first_attested,3.1012,0.0546,0.0,0.0,0.0,0.0,3.1012,0.0,0.0546,,,,,,,,,crf_only,bae,X,,
balsamique,ADJ,C1,beacco,3.1012,0.0546,0.0,0.0,0.0,0.0,3.1012,0.0,0.0546,0.0,0.0,0.0,0.0,6.0005,0.0,0.1431,C1,word_pos,balsamique,A,balsamique,ADJ
barrette,NOUN,C1,beacco,3.1012,0.0546,0.0,0.0,0.0,0.0,3.1012,0.0,0.0546,0.0,0.0,0.0,0.0,6.0005,0.0,0.1431,C1,word_pos,barrette,N,barrette,NOM
bastiais,ADJ,C1,crf_first_attested,3.1012,0.0546,0.0,0.0,0.0,0.0,3.1012,0.0,0.0546,,,,,,,,,crf_only,bastiais,A,,
baume,NOUN,C1,beacco,3.1012,0.0546,0.0,0.0,0.0,0.0,3.1012,0.0,0.0546,0.0,0.0,0.0,0.0,6.0005,0.0,0.1431,C1,word_pos,baume,N,baume,NOM
belvédère,NOUN,C1,beacco,3.1012,0.0546,0.0,0.0,0.0,0.0,3.1012,0.0,0.0546,0.0,0.0,0.0,0.0,6.0005,0.0,0.1431,C1,word_pos,belvédère,N,belvédère,NOM
benzène,NOUN,C1,beacco,3.1012,0.0546,0.0,0.0,0.0,0.0,3.1012,0.0,0.0546,0.0,0.0,0.0,0.0,6.0005,0.0,0.1431,C1,word_pos,benzène,N,benzène,NOM
biodiesels,NOUN,C1,crf_first_attested,3.1012,0.0546,0.0,0.0,0.0,0.0,3.1012,0.0,0.0546,,,,,,,,,crf_only,biodiesels,N,,
bioéthanols,NOUN,C1,crf_first_attested,3.1012,0.0546,0.0,0.0,0.0,0.0,3.1012,0.0,0.0546,,,,,,,,,crf_only,bioéthanols,N,,
bouleau,NOUN,C1,beacco,3.1012,0.0546,0.0,0.0,0.0,0.0,3.1012,0.0,0.0546,0.0,0.0,0.0,0.0,6.0005,0.0,0.1431,C1,word_pos,bouleau,N,bouleau,NOM
bourdonnement,NOUN,C1,beacco,3.1012,0.0546,0.0,0.0,0.0,0.0,3.1012,0.0,0.0546,0.0,0.0,0.0,0.0,6.0005,0.0,0.1431,C1,word_pos,bourdonnement,N,bourdonnement,NOM
bousculade,NOUN,C1,beacco,3.1012,0.0546,0.0,0.0,0.0,0.0,3.1012,0.0,0.0546,0.0,0.0,0.0,0.0,6.0005,0.0,0.1431,C1,word_pos,bousculade,N,bousculade,NOM
bouter,VERB,C1,beacco,3.1012,0.0546,0.0,0.0,0.0,0.0,3.1012,0.0,0.0546,0.0,0.0,0.0,0.0,6.0005,0.0,0.1431,C1,word_pos,bouter,V,bouter,VER
brai,NOUN,C1,beacco,3.1012,0.0546,0.0,0.0,0.0,0.0,3.1012,0.0,0.0546,0.0,0.0,0.0,0.0,6.0005,0.0,0.1431,C1,word_pos,brai,N,brai,NOM
brasier,NOUN,C1,beacco,3.1012,0.0546,0.0,0.0,0.0,0.0,3.1012,0.0,0.0546,0.0,0.0,0.0,0.0,6.0005,0.0,0.1431,C1,word_pos,brasier,N,brasier,NOM
britannique,X,C1,crf_first_attested,3.1012,0.0546,0.0,0.0,0.0,0.0,3.1012,0.0,0.0546,,,,,,,,,crf_only,britannique,X,,
brother,X,C1,crf_first_attested,3.1012,0.0546,0.0,0.0,0.0,0.0,3.1012,0.0,0.0546,,,,,,,,,crf_only,brother,X,,
butane,NOUN,C1,beacco,3.1012,0.0546,0.0,0.0,0.0,0.0,3.1012,0.0,0.0546,0.0,0.0,0.0,0.0,6.0005,0.0,0.1431,C1,word_pos,butane,N,butane,NOM
calciner,VERB,C1,beacco,3.1012,0.0546,0.0,0.0,0.0,0.0,3.1012,0.0,0.0546,0.0,0.0,0.0,0.0,6.0005,0.0,0.1431,C1,word_pos,calciner,V,calciner,VER
calfater,VERB,C1,beacco,3.1012,0.0546,0.0,0.0,0.0,0.0,3.1012,0.0,0.0546,0.0,0.0,0.0,0.0,6.0005,0.0,0.1431,C1,word_pos,calfater,V,calfater,VER
capillarité,NOUN,C1,beacco,3.1012,0.0546,0.0,0.0,0.0,0.0,3.1012,0.0,0.0546,0.0,0.0,0.0,0.0,6.0005,0.0,0.1431,C1,word_pos,capillarité,N,capillarité,NOM
caravane,NOUN,C1,beacco,3.1012,0.0546,0.0,0.0,0.0,0.0,3.1012,0.0,0.0546,0.0,0.0,0.0,0.0,6.0005,0.0,0.1431,C1,word_pos,caravane,N,caravane,NOM
caténaire,NOUN,C1,beacco,3.1012,0.0546,0.0,0.0,0.0,0.0,3.1012,0.0,0.0546,0.0,0.0,0.0,0.0,6.0005,0.0,0.1431,C1,word_pos,caténaire,N,caténaire,NOM
cession,NOUN,C1,beacco,3.1012,0.0546,0.0,0.0,0.0,0.0,3.1012,0.0,0.0546,0.0,0.0,0.0,0.0,6.0005,0.0,0.1431,C1,word_pos,cession,N,cession,NOM
chauffe,NOUN,C1,crf_first_attested,3.1012,0.0546,0.0,0.0,0.0,0.0,3.1012,0.0,0.0546,,,,,,,,,crf_only,chauffe,N,,
chloration,NOUN,C1,beacco,3.1012,0.0546,0.0,0.0,0.0,0.0,3.1012,0.0,0.0546,0.0,0.0,0.0,0.0,6.0005,0.0,0.1431,C1,word_pos,chloration,N,chloration,NOM
chromatographie,NOUN,C1,beacco,3.1012,0.0546,0.0,0.0,0.0,0.0,3.1012,0.0,0.0546,0.0,0.0,0.0,0.0,6.0005,0.0,0.1431,C1,word_pos,chromatographie,N,chromatographie,NOM
classiquement,ADV,C1,beacco,3.1012,0.0546,0.0,0.0,0.0,0.0,3.1012,0.0,0.0546,0.0,0.0,0.0,0.0,6.0005,0.0,0.1431,C1,word_pos,classiquement,ADV,classiquement,ADV
clignement,NOUN,C1,beacco,3.1012,0.0546,0.0,0.0,0.0,0.0,3.1012,0.0,0.0546,0.0,0.0,0.0,0.0,6.0005,0.0,0.1431,C1,word_pos,clignement,N,clignement,NOM
co - équipier,NOUN,C1,crf_first_attested,3.1012,0.0546,0.0,0.0,0.0,0.0,3.1012,0.0,0.0546,,,,,,,,,crf_only,co - équipier,N,,
coaguler,VERB,C1,beacco,3.1012,0.0546,0.0,0.0,0.0,0.0,3.1012,0.0,0.0546,0.0,0.0,0.0,0.0,6.0005,0.0,0.1431,C1,word_pos,coaguler,V,coaguler,VER
collaboratif,ADJ,C1,crf_first_attested,3.1012,0.0546,0.0,0.0,0.0,0.0,3.1012,0.0,0.0546,,,,,,,,,crf_only,collaboratif,A,,
collagène,NOUN,C1,beacco,3.1012,0.0546,0.0,0.0,0.0,0.0,3.1012,0.0,0.0546,0.0,0.0,0.0,0.0,6.0005,0.0,0.1431,C1,unique_word,collagène,N,collagène,ADJ
collecte,NOUN,C1,beacco,3.1012,0.0546,0.0,0.0,0.0,0.0,3.1012,0.0,0.0546,0.0,0.0,0.0,0.0,6.0005,0.0,0.1431,C1,word_pos,collecte,N,collecte,NOM
commercialisation,NOUN,C1,beacco,3.1012,0.0546,0.0,0.0,0.0,0.0,3.1012,0.0,0.0546,0.0,0.0,0.0,0.0,6.0005,0.0,0.1431,C1,word_pos,commercialisation,N,commercialisation,NOM
compatibilité,NOUN,C1,beacco,3.1012,0.0546,0.0,0.0,0.0,0.0,3.1012,0.0,0.0546,0.0,0.0,0.0,0.0,6.0005,0.0,0.1431,C1,word_pos,compatibilité,N,compatibilité,NOM
composite,NOUN,C1,beacco,3.1012,0.0546,0.0,0.0,0.0,0.0,3.1012,0.0,0.0546,0.0,0.0,0.6378,0.0,0.0,0.0,0.0592,C1,word_pos,composite,N,composite,NOM
concordant,ADJ,C1,beacco,3.1012,0.0546,0.0,0.0,0.0,0.0,3.1012,0.0,0.0546,0.0,0.0,0.0,0.0,6.0005,0.0,0.1431,C1,word_pos,concordant,A,concordant,ADJ
condenser,VERB,C1,beacco,3.1012,0.0546,0.0,0.0,0.0,0.0,3.1012,0.0,0.0546,0.0,0.0,0.0,0.0,12.0009,0.0,0.2862,C1,word_pos,condenser,V,condenser,VER
congolais,ADJ,C1,beacco,3.1012,0.0546,0.0,0.0,0.0,0.0,3.1012,0.0,0.0546,0.0,0.0,0.0,0.0,6.0005,0.0,0.1431,C1,word_pos,congolais,A,congolais,ADJ
conifère,NOUN,C1,beacco,3.1012,0.0546,0.0,0.0,0.0,0.0,3.1012,0.0,0.0546,0.0,0.0,0.0,0.0,12.0009,0.0,0.2862,C1,word_pos,conifère,N,conifère,NOM
conifère,ADJ,C1,crf_first_attested,3.1012,0.0546,0.0,0.0,0.0,0.0,3.1012,0.0,0.0546,,,,,,,,,crf_only,conifère,A,,
conjugué,ADJ,C1,crf_first_attested,3.1012,0.0546,0.0,0.0,0.0,0.0,3.1012,0.0,0.0546,,,,,,,,,crf_only,conjugué,A,,
constituant,NOUN,C1,beacco,3.1012,0.0546,0.0,0.0,0.0,0.0,3.1012,0.0,0.0546,0.0,0.0,0.0,0.0,6.0005,0.0,0.1431,C1,word_pos,constituant,N,constituant,NOM
consultable,ADJ,C1,beacco,3.1012,0.0546,0.0,0.0,0.0,0.0,3.1012,0.0,0.0546,0.0,0.0,0.0,0.0,6.0005,0.0,0.1431,C1,word_pos,consultable,A,consultable,ADJ
contre - société,NOUN,C1,crf_first_attested,3.1012,0.0546,0.0,0.0,0.0,0.0,3.1012,0.0,0.0546,,,,,,,,,crf_only,contre - société,N,,
convergence,NOUN,C1,beacco,3.1012,0.0546,0.0,0.0,0.0,0.0,3.1012,0.0,0.0546,0.0,0.0,0.0,0.0,6.0005,0.0,0.1431,C1,word_pos,convergence,N,convergence,NOM
cookie,NOUN,C1,crf_first_attested,3.1012,0.0546,0.0,0.0,0.0,0.0,3.1012,0.0,0.0546,,,,,,,,,crf_only,cookie,N,,
coopérer,VERB,C1,beacco,3.1012,0.0546,0.0,0.0,0.0,0.0,3.1012,0.0,0.0546,0.0,0.0,0.0,0.0,6.0005,0.0,0.1431,C1,word_pos,coopérer,V,coopérer,VER
coumarine,NOUN,C1,beacco,3.1012,0.0546,0.0,0.0,0.0,0.0,3.1012,0.0,0.0546,0.0,0.0,0.0,0.0,6.0005,0.0,0.1431,C1,word_pos,coumarine,N,coumarine,NOM
courtoisie,NOUN,C1,beacco,3.1012,0.0546,0.0,0.0,0.0,0.0,3.1012,0.0,0.0546,0.0,0.0,0.0,0.0,6.0005,0.0,0.1431,C1,word_pos,courtoisie,N,courtoisie,NOM
covalent,ADJ,C1,beacco,3.1012,0.0546,0.0,0.0,0.0,0.0,3.1012,0.0,0.0546,0.0,0.0,0.0,0.0,6.0005,0.0,0.1431,C1,word_pos,covalent,A,covalent,ADJ
crypter,VERB,C1,crf_first_attested,3.1012,0.0546,0.0,0.0,0.0,0.0,3.1012,0.0,0.0546,,,,,,,,,crf_only,crypter,V,,
crémation,NOUN,C1,beacco,3.1012,0.0546,0.0,0.0,0.0,0.0,3.1012,0.0,0.0546,0.0,0.0,0.0,0.0,6.0005,0.0,0.1431,C1,word_pos,crémation,N,crémation,NOM
cyanoacrylate,NOUN,C1,crf_first_attested,3.1012,0.0546,0.0,0.0,0.0,0.0,3.1012,0.0,0.0546,,,,,,,,,crf_only,cyanoacrylate,N,,
cyclisation,NOUN,C1,beacco,3.1012,0.0546,0.0,0.0,0.0,0.0,3.1012,0.0,0.0546,0.0,0.0,0.0,0.0,6.0005,0.0,0.1431,C1,word_pos,cyclisation,N,cyclisation,NOM
céramique,NOUN,C1,beacco,3.1012,0.0546,0.0,0.0,0.0,0.0,3.1012,0.0,0.0546,0.0,0.0,0.0,0.0,6.0005,0.0,0.1431,C1,word_pos,céramique,N,céramique,NOM
dand,ADJ,C1,crf_first_attested,3.1012,0.0546,0.0,0.0,0.0,0.0,3.1012,0.0,0.0546,,,,,,,,,crf_only,dand,A,,
de abord à,PREP,C1,crf_first_attested,3.1012,0.0546,0.0,0.0,0.0,0.0,3.1012,0.0,0.0546,,,,,,,,,crf_only,de abord à,PREP,,
de bien,ADV,C1,crf_first_attested,3.1012,0.0546,0.0,0.0,0.0,0.0,3.1012,0.0,0.0546,,,,,,,,,crf_only,de bien,ADV,,
de tête,ADV,C1,crf_first_attested,3.1012,0.0546,0.0,0.0,0.0,0.0,3.1012,0.0,0.0546,,,,,,,,,crf_only,de tête,ADV,,
diesel,ADJ,C1,crf_first_attested,3.1012,0.0546,0.0,0.0,0.0,0.0,3.1012,0.0,0.0546,,,,,,,,,crf_only,diesel,A,,
diffusive,ADJ,C1,crf_first_attested,3.1012,0.0546,0.0,0.0,0.0,0.0,3.1012,0.0,0.0546,,,,,,,,,crf_only,diffusive,A,,
disciplinaire,ADJ,C1,beacco,3.1012,0.0546,0.0,0.0,0.0,0.0,3.1012,0.0,0.0546,0.0,0.0,0.0,0.0,6.0005,0.0,0.1431,C1,word_pos,disciplinaire,A,disciplinaire,ADJ
donc tout d' abord,ADV,C1,crf_first_attested,3.1012,0.0546,0.0,0.0,0.0,0.0,3.1012,0.0,0.0546,,,,,,,,,crf_only,donc tout d' abord,ADV,,
dysenterie,NOUN,C1,beacco,3.1012,0.0546,0.0,0.0,0.0,0.0,3.1012,0.0,0.0546,0.0,0.0,0.0,0.0,6.0005,0.0,0.1431,C1,word_pos,dysenterie,N,dysenterie,NOM
décapotable,NOUN,C1,beacco,3.1012,0.0546,0.0,0.0,0.0,0.0,3.1012,0.0,0.0546,0.0,0.0,0.0,0.0,6.0005,0.0,0.1431,C1,word_pos,décapotable,N,décapotable,NOM
défoncé,ADJ,C1,beacco,3.1012,0.0546,0.0,0.0,0.0,0.0,3.1012,0.0,0.0546,0.0,0.0,0.0,0.0,6.0005,0.0,0.1431,C1,word_pos,défoncé,A,défoncé,ADJ
dépouillé,ADJ,C1,crf_first_attested,3.1012,0.0546,0.0,0.0,0.0,0.0,3.1012,0.0,0.0546,,,,,,,,,crf_only,dépouillé,A,,
détenteur,NOUN,C1,beacco,3.1012,0.0546,0.0,0.0,0.0,0.0,3.1012,0.0,0.0546,0.0,0.0,0.0,0.0,6.0005,0.0,0.1431,C1,word_pos,détenteur,N,détenteur,NOM
détérioration,NOUN,C1,beacco,3.1012,0.0546,0.0,0.0,0.0,0.0,3.1012,0.0,0.0546,0.0,0.0,0.0,0.0,6.0005,0.0,0.1431,C1,word_pos,détérioration,N,détérioration,NOM
ejustice,NOUN,C1,crf_first_attested,3.1012,0.0546,0.0,0.0,0.0,0.0,3.1012,0.0,0.0546,,,,,,,,,crf_only,ejustice,N,,
en campagne,ADV,C1,crf_first_attested,3.1012,0.0546,0.0,0.0,0.0,0.0,3.1012,0.0,0.0546,,,,,,,,,crf_only,en campagne,ADV,,
en petite partie seulement,ADV,C1,crf_first_attested,3.1012,0.0546,0.0,0.0,0.0,0.0,3.1012,0.0,0.0546,,,,,,,,,crf_only,en petite partie seulement,ADV,,
en serpentin,ADV,C1,crf_first_attested,3.1012,0.0546,0.0,0.0,0.0,0.0,3.1012,0.0,0.0546,,,,,,,,,crf_only,en serpentin,ADV,,
en éventail,ADV,C1,crf_first_attested,3.1012,0.0546,0.0,0.0,0.0,0.0,3.1012,0.0,0.0546,,,,,,,,,crf_only,en éventail,ADV,,
encourageant,ADJ,C1,beacco,3.1012,0.0546,0.0,0.0,0.0,0.0,3.1012,0.0,0.0546,0.0,0.0,0.0,0.0,6.0005,0.0,0.1431,C1,word_pos,encourageant,A,encourageant,ADJ
enneigement,NOUN,C1,beacco,3.1012,0.0546,0.0,0.0,0.0,0.0,3.1012,0.0,0.0546,0.0,0.0,0.0,0.0,6.0005,0.0,0.1431,C1,word_pos,enneigement,N,enneigement,NOM
envergure,NOUN,C1,beacco,3.1012,0.0546,0.0,0.0,0.0,0.0,3.1012,0.0,0.0546,0.0,0.0,0.0,0.0,6.0005,0.0,0.1431,C1,word_pos,envergure,N,envergure,NOM
errance,NOUN,C1,beacco,3.1012,0.0546,0.0,0.0,0.0,0.0,3.1012,0.0,0.0546,0.0,0.0,0.0,0.0,12.0009,0.0,0.2862,C1,word_pos,errance,N,errance,NOM
escompter,VERB,C1,beacco,3.1012,0.0546,0.0,0.0,0.0,0.0,3.1012,0.0,0.0546,0.0,0.0,0.0,0.0,6.0005,0.0,0.1431,C1,word_pos,escompter,V,escompter,VER
estérification,NOUN,C1,beacco,3.1012,0.0546,0.0,0.0,0.0,0.0,3.1012,0.0,0.0546,0.0,0.0,0.0,0.0,6.0005,0.0,0.1431,C1,word_pos,estérification,N,estérification,NOM
exaspération,NOUN,C1,beacco,3.1012,0.0546,0.0,0.0,0.0,0.0,3.1012,0.0,0.0546,0.0,0.0,0.0,0.0,6.0005,0.0,0.1431,C1,word_pos,exaspération,N,exaspération,NOM
excitant,ADJ,C1,beacco,3.1012,0.0546,0.0,0.0,0.0,0.0,3.1012,0.0,0.0546,0.0,0.0,0.0,0.0,6.0005,0.0,0.1431,C1,word_pos,excitant,A,excitant,ADJ
exiguïté,NOUN,C1,beacco,3.1012,0.0546,0.0,0.0,0.0,0.0,3.1012,0.0,0.0546,0.0,0.0,0.0,0.0,6.0005,0.0,0.1431,C1,word_pos,exiguïté,N,exiguïté,NOM
exilé,ADJ,C1,crf_first_attested,3.1012,0.0546,0.0,0.0,0.0,0.0,3.1012,0.0,0.0546,,,,,,,,,crf_only,exilé,A,,
existentiel,ADJ,C1,beacco,3.1012,0.0546,0.0,0.0,0.0,0.0,3.1012,0.0,0.0546,0.0,0.0,0.0,0.0,6.0005,0.0,0.1431,C1,word_pos,existentiel,A,existentiel,ADJ
exterminateur,NOUN,C1,crf_first_attested,3.1012,0.0546,0.0,0.0,0.0,0.0,3.1012,0.0,0.0546,,,,,,,,,crf_only,exterminateur,N,,
faisceau,NOUN,C1,beacco,3.1012,0.0546,0.0,0.0,0.0,0.0,3.1012,0.0,0.0546,0.0,0.0,0.0,0.0,12.0009,0.0,0.2862,C1,word_pos,faisceau,N,faisceau,NOM
fall,X,C1,crf_first_attested,3.1012,0.0546,0.0,0.0,0.0,0.0,3.1012,0.0,0.0546,,,,,,,,,crf_only,fall,X,,
fermentation,NOUN,C1,beacco,3.1012,0.0546,0.0,0.0,0.0,0.0,3.1012,0.0,0.0546,0.0,0.0,0.0,0.0,6.0005,0.0,0.1431,C1,word_pos,fermentation,N,fermentation,NOM
fers,NOUN,C1,crf_first_attested,3.1012,0.0546,0.0,0.0,0.0,0.0,3.1012,0.0,0.0546,,,,,,,,,crf_only,fers,N,,
filigrane,NOUN,C1,beacco,3.1012,0.0546,0.0,0.0,0.0,0.0,3.1012,0.0,0.0546,0.0,0.0,0.0,0.0,6.0005,0.0,0.1431,C1,word_pos,filigrane,N,filigrane,NOM
fioul,NOUN,C1,beacco,3.1012,0.0546,0.0,0.0,0.0,0.0,3.1012,0.0,0.0546,0.0,0.0,0.0,0.0,6.0005,0.0,0.1431,C1,word_pos,fioul,N,fioul,NOM
fluide,NOUN,C1,beacco,3.1012,0.0546,0.0,0.0,0.0,0.0,3.1012,0.0,0.0546,0.0,0.0,0.0,0.0,6.0005,0.0,0.1431,C1,word_pos,fluide,N,fluide,NOM
futé,ADJ,C1,beacco,3.1012,0.0546,0.0,0.0,0.0,0.0,3.1012,0.0,0.0546,0.0,0.0,0.0,0.0,6.0005,0.0,0.1431,C1,word_pos,futé,A,futé,ADJ
féerique,ADJ,C1,beacco,3.1012,0.0546,0.0,0.0,0.0,0.0,3.1012,0.0,0.0546,0.0,0.0,0.0,0.0,6.0005,0.0,0.1431,C1,word_pos,féerique,A,féerique,ADJ
gallinacé,NOUN,C1,beacco,3.1012,0.0546,0.0,0.0,0.0,0.0,3.1012,0.0,0.0546,0.0,0.0,0.0,0.0,6.0005,0.0,0.1431,C1,word_pos,gallinacé,N,gallinacé,NOM
gazer,VERB,C1,crf_first_attested,3.1012,0.0546,0.0,0.0,0.0,0.0,3.1012,0.0,0.0546,,,,,,,,,crf_only,gazer,V,,
gazole,NOUN,C1,beacco,3.1012,0.0546,0.0,0.0,0.0,0.0,3.1012,0.0,0.0546,0.0,0.0,0.0,0.0,6.0005,0.0,0.1431,C1,word_pos,gazole,N,gazole,NOM
graffiti,NOUN,C1,crf_first_attested,3.1012,0.0546,0.0,0.0,0.0,0.0,3.1012,0.0,0.0546,,,,,,,,,crf_only,graffiti,N,,
gratification,NOUN,C1,beacco,3.1012,0.0546,0.0,0.0,0.0,0.0,3.1012,0.0,0.0546,0.0,0.0,0.0,0.0,6.0005,0.0,0.1431,C1,word_pos,gratification,N,gratification,NOM
griffer,VERB,C1,beacco,3.1012,0.0546,0.0,0.0,0.0,0.0,3.1012,0.0,0.0546,0.0,0.0,0.0,0.0,6.0005,0.0,0.1431,C1,word_pos,griffer,V,griffer,VER
guerlinade,NOUN,C1,crf_first_attested,3.1012,0.0546,0.0,0.0,0.0,0.0,3.1012,0.0,0.0546,,,,,,,,,crf_only,guerlinade,N,,
guinéen,ADJ,C1,crf_first_attested,3.1012,0.0546,0.0,0.0,0.0,0.0,3.1012,0.0,0.0546,,,,,,,,,crf_only,guinéen,A,,
guyanais,NOUN,C1,crf_first_attested,3.1012,0.0546,0.0,0.0,0.0,0.0,3.1012,0.0,0.0546,,,,,,,,,crf_only,guyanais,N,,
hargne,NOUN,C1,beacco,3.1012,0.0546,0.0,0.0,0.0,0.0,3.1012,0.0,0.0546,0.0,0.0,0.0,0.0,6.0005,0.0,0.1431,C1,word_pos,hargne,N,hargne,NOM
hip - hop,NOUN,C1,crf_first_attested,3.1012,0.0546,0.0,0.0,0.0,0.0,3.1012,0.0,0.0546,,,,,,,,,crf_only,hip - hop,N,,
hooligan,NOUN,C1,beacco,3.1012,0.0546,0.0,0.0,0.0,0.0,3.1012,0.0,0.0546,0.0,0.0,0.0,0.0,6.0005,0.0,0.1431,C1,word_pos,hooligan,N,hooligan,NOM
huileux,ADJ,C1,beacco,3.1012,0.0546,0.0,0.0,0.0,0.0,3.1012,0.0,0.0546,0.0,0.0,0.0,0.0,6.0005,0.0,0.1431,C1,word_pos,huileux,A,huileux,ADJ
hybride,NOUN,C1,beacco,3.1012,0.0546,0.0,0.0,0.0,0.0,3.1012,0.0,0.0546,0.0,0.0,0.0,0.0,6.0005,0.0,0.1431,C1,unique_word,hybride,N,hybride,ADJ
hydrogène,NOUN,C1,beacco,3.1012,0.0546,0.0,0.0,0.0,0.0,3.1012,0.0,0.0546,0.0,0.0,0.0,0.0,6.0005,0.0,0.1431,C1,word_pos,hydrogène,N,hydrogène,NOM
hydrogénation,NOUN,C1,beacco,3.1012,0.0546,0.0,0.0,0.0,0.0,3.1012,0.0,0.0546,0.0,0.0,0.0,0.0,6.0005,0.0,0.1431,C1,word_pos,hydrogénation,N,hydrogénation,NOM
hypothétique,ADJ,C1,beacco,3.1012,0.0546,0.0,0.0,0.0,0.0,3.1012,0.0,0.0546,0.0,0.0,0.0,0.0,6.0005,0.0,0.1431,C1,word_pos,hypothétique,A,hypothétique,ADJ
imbattable,ADJ,C1,beacco,3.1012,0.0546,0.0,0.0,0.0,0.0,3.1012,0.0,0.0546,0.0,0.0,0.0,0.0,6.0005,0.0,0.1431,C1,word_pos,imbattable,A,imbattable,ADJ
immatriculer,VERB,C1,beacco,3.1012,0.0546,0.0,0.0,0.0,0.0,3.1012,0.0,0.0546,0.0,0.0,0.0,0.0,6.0005,0.0,0.1431,C1,word_pos,immatriculer,V,immatriculer,VER
imperméabiliser,VERB,C1,beacco,3.1012,0.0546,0.0,0.0,0.0,0.0,3.1012,0.0,0.0546,0.0,0.0,0.0,0.0,6.0005,0.0,0.1431,C1,word_pos,imperméabiliser,V,imperméabiliser,VER
imprescriptible,ADJ,C1,beacco,3.1012,0.0546,0.0,0.0,0.0,0.0,3.1012,0.0,0.0546,0.0,0.0,0.0,0.0,6.0005,0.0,0.1431,C1,word_pos,imprescriptible,A,imprescriptible,ADJ
imprévisible,ADJ,C1,beacco,3.1012,0.0546,0.0,0.0,0.0,0.0,3.1012,0.0,0.0546,0.0,0.0,0.0,0.0,6.0005,0.0,0.1431,C1,word_pos,imprévisible,A,imprévisible,ADJ
incitatif,ADJ,C1,beacco,3.1012,0.0546,0.0,0.0,0.0,0.0,3.1012,0.0,0.0546,0.0,0.0,0.0,0.0,6.0005,0.0,0.1431,C1,word_pos,incitatif,A,incitatif,ADJ
inertie,NOUN,C1,beacco,3.1012,0.0546,0.0,0.0,0.0,0.0,3.1012,0.0,0.0546,0.0,0.0,0.0,0.0,6.0005,0.0,0.1431,C1,word_pos,inertie,N,inertie,NOM
infester,VERB,C1,beacco,3.1012,0.0546,0.0,0.0,0.0,0.0,3.1012,0.0,0.0546,0.0,0.0,0.0,0.0,6.0005,0.0,0.1431,C1,word_pos,infester,V,infester,VER
infuser,VERB,C1,beacco,3.1012,0.0546,0.0,0.0,0.0,0.0,3.1012,0.0,0.0546,0.0,0.0,0.0,0.0,6.0005,0.0,0.1431,C1,word_pos,infuser,V,infuser,VER
intemautes,NOUN,C1,crf_first_attested,3.1012,0.0546,0.0,0.0,0.0,0.0,3.1012,0.0,0.0546,,,,,,,,,crf_only,intemautes,N,,
ion,NOUN,C1,crf_first_attested,3.1012,0.0546,0.0,0.0,0.0,0.0,3.1012,0.0,0.0546,,,,,,,,,crf_only,ion,N,,
ionique,ADJ,C1,beacco,3.1012,0.0546,0.0,0.0,0.0,0.0,3.1012,0.0,0.0546,0.0,0.0,0.0,0.0,6.0005,0.0,0.1431,C1,word_pos,ionique,A,ionique,ADJ
irrécupérable,ADJ,C1,beacco,3.1012,0.0546,0.0,0.0,0.0,0.0,3.1012,0.0,0.0546,0.0,0.0,0.0,0.0,6.0005,0.0,0.1431,C1,word_pos,irrécupérable,A,irrécupérable,ADJ
israélien,ADJ,C1,beacco,3.1012,0.0546,0.0,0.0,0.0,0.0,3.1012,0.0,0.0546,0.0,0.0,0.0,0.0,6.0005,0.0,0.1431,C1,word_pos,israélien,A,israélien,ADJ
labdanum,NOUN,C1,beacco,3.1012,0.0546,0.0,0.0,0.0,0.0,3.1012,0.0,0.0546,0.0,0.0,0.0,0.0,6.0005,0.0,0.1431,C1,word_pos,labdanum,N,labdanum,NOM
latex,NOUN,C1,beacco,3.1012,0.0546,0.0,0.0,0.0,0.0,3.1012,0.0,0.0546,0.0,0.0,0.0,0.0,6.0005,0.0,0.1431,C1,word_pos,latex,N,latex,NOM
lavandées,ADJ,C1,crf_first_attested,3.1012,0.0546,0.0,0.0,0.0,0.0,3.1012,0.0,0.0546,,,,,,,,,crf_only,lavandées,A,,
lillois,ADJ,C1,crf_first_attested,3.1012,0.0546,0.0,0.0,0.0,0.0,3.1012,0.0,0.0546,,,,,,,,,crf_only,lillois,A,,
lilyan,NOUN,C1,crf_first_attested,3.1012,0.0546,0.0,0.0,0.0,0.0,3.1012,0.0,0.0546,,,,,,,,,crf_only,lilyan,N,,
liquéfié,ADJ,C1,crf_first_attested,3.1012,0.0546,0.0,0.0,0.0,0.0,3.1012,0.0,0.0546,,,,,,,,,crf_only,liquéfié,A,,
lithium,NOUN,C1,crf_first_attested,3.1012,0.0546,0.0,0.0,0.0,0.0,3.1012,0.0,0.0546,,,,,,,,,crf_only,lithium,N,,
locomotif,ADJ,C1,beacco,3.1012,0.0546,0.0,0.0,0.0,0.0,3.1012,0.0,0.0546,0.0,0.0,0.0,0.0,6.0005,0.0,0.1431,C1,word_pos,locomotif,A,locomotif,ADJ
long - courrier,NOUN,C1,crf_first_attested,3.1012,0.0546,0.0,0.0,0.0,0.0,3.1012,0.0,0.0546,,,,,,,,,crf_only,long - courrier,N,,
louisianais,NOUN,C1,crf_first_attested,3.1012,0.0546,0.0,0.0,0.0,0.0,3.1012,0.0,0.0546,,,,,,,,,crf_only,louisianais,N,,
lycra,NOUN,C1,beacco,3.1012,0.0546,0.0,0.0,0.0,0.0,3.1012,0.0,0.0546,0.0,0.0,0.0,0.0,6.0005,0.0,0.1431,C1,word_pos,lycra,N,lycra,NOM
légitimation,NOUN,C1,beacco,3.1012,0.0546,0.0,0.0,0.0,0.0,3.1012,0.0,0.0546,0.0,0.0,0.0,0.0,6.0005,0.0,0.1431,C1,word_pos,légitimation,N,légitimation,NOM
malléable,ADJ,C1,beacco,3.1012,0.0546,0.0,0.0,0.0,0.0,3.1012,0.0,0.0546,0.0,0.0,0.0,0.0,6.0005,0.0,0.1431,C1,word_pos,malléable,A,malléable,ADJ
malus,NOUN,C1,beacco,3.1012,0.0546,0.0,0.0,0.0,0.0,3.1012,0.0,0.0546,0.0,0.0,0.0,0.0,6.0005,0.0,0.1431,C1,word_pos,malus,N,malus,NOM
microscopie,NOUN,C1,beacco,3.1012,0.0546,0.0,0.0,0.0,0.0,3.1012,0.0,0.0546,0.0,0.0,0.0,0.0,6.0005,0.0,0.1431,C1,word_pos,microscopie,N,microscopie,NOM
milanais,NOUN,C1,crf_first_attested,3.1012,0.0546,0.0,0.0,0.0,0.0,3.1012,0.0,0.0546,,,,,,,,,crf_only,milanais,N,,
minimiser,VERB,C1,beacco,3.1012,0.0546,0.0,0.0,0.0,0.0,3.1012,0.0,0.0546,0.0,0.0,0.0,0.0,6.0005,0.0,0.1431,C1,word_pos,minimiser,V,minimiser,VER
minéralogique,ADJ,C1,beacco,3.1012,0.0546,0.0,0.0,0.0,0.0,3.1012,0.0,0.0546,0.0,0.0,0.0,0.0,6.0005,0.0,0.1431,C1,word_pos,minéralogique,A,minéralogique,ADJ
misogyne,NOUN,C1,beacco,3.1012,0.0546,0.0,0.0,0.0,0.0,3.1012,0.0,0.0546,0.0,0.0,0.0,0.0,6.0005,0.0,0.1431,C1,word_pos,misogyne,N,misogyne,NOM
morphologiquement,ADV,C1,beacco,3.1012,0.0546,0.0,0.0,0.0,0.0,3.1012,0.0,0.0546,0.0,0.0,0.0,0.0,6.0005,0.0,0.1431,C1,word_pos,morphologiquement,ADV,morphologiquement,ADV
multimédia,NOUN,C1,crf_first_attested,3.1012,0.0546,0.0,0.0,0.0,0.0,3.1012,0.0,0.0546,,,,,,,,,crf_only,multimédia,N,,
musk,NOUN,C1,crf_first_attested,3.1012,0.0546,0.0,0.0,0.0,0.0,3.1012,0.0,0.0546,,,,,,,,,crf_only,musk,N,,
myriade,NOUN,C1,beacco,3.1012,0.0546,0.0,0.0,0.0,0.0,3.1012,0.0,0.0546,0.0,0.0,0.0,0.0,6.0005,0.0,0.1431,C1,word_pos,myriade,N,myriade,NOM
médico - légal,ADJ,C1,crf_first_attested,3.1012,0.0546,0.0,0.0,0.0,0.0,3.1012,0.0,0.0546,,,,,,,,,crf_only,médico - légal,A,,
naphta,NOUN,C1,crf_first_attested,3.1012,0.0546,0.0,0.0,0.0,0.0,3.1012,0.0,0.0546,,,,,,,,,crf_only,naphta,N,,
nectar,NOUN,C1,beacco,3.1012,0.0546,0.0,0.0,0.0,0.0,3.1012,0.0,0.0546,0.0,0.0,0.0,0.0,6.0005,0.0,0.1431,C1,word_pos,nectar,N,nectar,NOM
non - blanc,NOUN,C1,crf_first_attested,3.1012,0.0546,0.0,0.0,0.0,0.0,3.1012,0.0,0.0546,,,,,,,,,crf_only,non - blanc,N,,
nordique,ADJ,C1,beacco,3.1012,0.0546,0.0,0.0,0.0,0.0,3.1012,0.0,0.0546,0.0,0.0,0.0,0.0,6.0005,0.0,0.1431,C1,word_pos,nordique,A,nordique,ADJ
nouba,NOUN,C1,beacco,3.1012,0.0546,0.0,0.0,0.0,0.0,3.1012,0.0,0.0546,0.0,0.0,0.0,0.0,6.0005,0.0,0.1431,C1,word_pos,nouba,N,nouba,NOM
nègre t' emmerde,NOUN,C1,crf_first_attested,3.1012,0.0546,0.0,0.0,0.0,0.0,3.1012,0.0,0.0546,,,,,,,,,crf_only,nègre t' emmerde,N,,
négro - africain,ADJ,C1,crf_first_attested,3.1012,0.0546,0.0,0.0,0.0,0.0,3.1012,0.0,0.0546,,,,,,,,,crf_only,négro - africain,A,,
ocelle,NOUN,C1,beacco,3.1012,0.0546,0.0,0.0,0.0,0.0,3.1012,0.0,0.0546,0.0,0.0,0.0,0.0,6.0005,0.0,0.1431,C1,word_pos,ocelle,N,ocelle,NOM
oculaire,ADJ,C1,beacco,3.1012,0.0546,0.0,0.0,0.0,0.0,3.1012,0.0,0.0546,0.0,0.0,0.0,0.0,6.0005,0.0,0.1431,C1,word_pos,oculaire,A,oculaire,ADJ
ode,NOUN,C1,beacco,3.1012,0.0546,0.0,0.0,0.0,0.0,3.1012,0.0,0.0546,0.0,0.0,0.0,0.0,6.0005,0.0,0.1431,C1,word_pos,ode,N,ode,NOM
odorant,ADJ,C1,beacco,3.1012,0.0546,0.0,0.0,0.0,0.0,3.1012,0.0,0.0546,0.0,0.0,0.0,0.0,6.0005,0.0,0.1431,C1,word_pos,odorant,A,odorant,ADJ
olmèque,NOUN,C1,crf_first_attested,3.1012,0.0546,0.0,0.0,0.0,0.0,3.1012,0.0,0.0546,,,,,,,,,crf_only,olmèque,N,,
oléagineux,ADJ,C1,beacco,3.1012,0.0546,0.0,0.0,0.0,0.0,3.1012,0.0,0.0546,0.0,0.0,0.0,0.0,6.0005,0.0,0.1431,C1,word_pos,oléagineux,A,oléagineux,ADJ
oreillette,NOUN,C1,beacco,3.1012,0.0546,0.0,0.0,0.0,0.0,3.1012,0.0,0.0546,0.0,0.0,0.0,0.0,6.0005,0.0,0.1431,C1,word_pos,oreillette,N,oreillette,NOM
oriental,NOUN,C1,beacco,3.1012,0.0546,0.0,0.0,0.0,0.0,3.1012,0.0,0.0546,0.0,0.0,0.0,0.0,6.0005,0.0,0.1431,C1,word_pos,oriental,N,oriental,NOM
paléolithique,NOUN,C1,beacco,3.1012,0.0546,0.0,0.0,0.0,0.0,3.1012,0.0,0.0546,0.0,0.0,0.0,0.0,6.0005,0.0,0.1431,C1,word_pos,paléolithique,N,paléolithique,NOM
panonceau,NOUN,C1,beacco,3.1012,0.0546,0.0,0.0,0.0,0.0,3.1012,0.0,0.0546,0.0,0.0,0.0,0.0,6.0005,0.0,0.1431,C1,word_pos,panonceau,N,panonceau,NOM
papyrus,NOUN,C1,beacco,3.1012,0.0546,0.0,0.0,0.0,0.0,3.1012,0.0,0.0546,0.0,0.0,0.0,0.0,6.0005,0.0,0.1431,C1,word_pos,papyrus,N,papyrus,NOM
par voie de,PREP,C1,crf_first_attested,3.1012,0.0546,0.0,0.0,0.0,0.0,3.1012,0.0,0.0546,,,,,,,,,crf_only,par voie de,PREP,,
parchemin,NOUN,C1,beacco,3.1012,0.0546,0.0,0.0,0.0,0.0,3.1012,0.0,0.0546,0.0,0.0,0.0,0.0,6.0005,0.0,0.1431,C1,word_pos,parchemin,N,parchemin,NOM
