word,pos,assigned_cefr,level_source,assigned_level_frequency,total_frequency,crf_A1,crf_A2,crf_B1,crf_B2,crf_C1,crf_C2,crf_total,beacco_A1,beacco_A2,beacco_B1,beacco_B2,beacco_C1,beacco_C2,beacco_total,beacco_level,match_method,crf_word,crf_pos,beacco_word,beacco_pos
le,DET,A1,beacco,81163.2834,86692.9124,81163.2834,76658.2211,88977.5742,87291.8019,96133.9927,106574.3123,86692.9124,80228.3938,77350.2171,87443.9928,84623.8218,95933.6866,100842.5948,85513.6877,A1,word_pos,le,DET,le,DET:ART
de,PREP,A1,beacco,38534.7501,50218.0475,38534.7501,42088.292,53580.6823,49479.5213,64391.7203,65363.7348,50218.0475,42591.8619,47890.8763,58293.0376,53195.8371,70596.3245,73798.6164,55282.5557,A1,word_pos,de,PREP,de,PRP
être,VERB,A1,beacco,35464.2977,27951.8637,35464.2977,28626.087,26412.069,28244.9102,24343.8705,22772.1877,27951.8637,35629.8553,29199.1937,26721.1592,29421.3899,24493.3878,22141.6879,28371.4745,A1,word_pos,être,V,être,VER
un,DET,A1,beacco,27985.4945,31086.3753,27985.4945,29999.1935,32307.4706,30587.2072,33536.5436,31902.1464,31086.3753,22391.3248,24109.4538,24932.1466,25003.3926,25366.4879,25241.8952,24493.632,A1,word_pos,un,DET,un,DET:ART
et,CONJ,A1,beacco,27247.1094,23739.1274,27247.1094,24336.472,24019.7151,21634.7997,21807.3529,21244.8456,23739.1274,27827.1696,24481.2224,23454.426,21671.7795,21472.7106,20183.6449,23548.4898,A1,word_pos,et,CONJC,et,KON
je,PRON,A1,beacco,23675.228,13390.9238,23675.228,20238.946,9453.6985,13334.2858,5117.8511,1135.1276,13390.9238,23225.5264,19497.3212,10253.1024,12825.844,4610.755,1686.1773,13365.1923,A1,word_pos,je,PRO,je,PRO
à,PREP,A1,beacco,20527.2589,17414.9317,20527.2589,16057.194,17440.269,15773.0575,17992.5266,18537.7022,17414.9317,21740.9426,19348.0972,20806.0504,19105.3701,21824.3633,22744.627,20537.2656,A1,word_pos,à,PREP,à,PRP
avoir,VERB,A1,beacco,16666.1076,17474.5957,16666.1076,20548.8279,16195.2882,22312.7973,12750.44,11833.8525,17474.5957,19957.1038,22430.6335,17540.228,23735.3337,13456.7238,12301.7347,19212.1423,A1,word_pos,avoir,V,avoir,VER
il,PRON,A1,beacco,15134.1188,13743.452,15134.1188,16008.506,14105.7864,14713.8649,8516.619,5682.8592,13743.452,19919.2611,19766.4628,18087.0955,18490.3086,10920.6453,7876.1789,17460.1527,A1,word_pos,il,PRO,il,PRO
ce,PRON,A1,beacco,12610.9668,8416.7689,12610.9668,9516.8943,7332.0281,8622.5443,5826.0421,5309.8923,8416.7689,19953.1662,17155.632,14668.7408,16498.4084,14555.24,12530.4126,16094.9508,A1,word_pos,ce,PRO,ce,PRO
ne,ADV,A1,beacco,11695.037,11377.0382,11695.037,12845.4412,10693.0044,13983.4617,8658.2006,7582.409,11377.0382,11823.6307,12833.2159,11308.906,14523.8359,9179.8103,8603.4667,11823.5304,A1,word_pos,ne,ADV,ne,ADV
pas,ADV,A1,beacco,10439.5386,8142.4472,10439.5386,10028.6435,6933.5253,8970.7559,5618.6174,4855.8717,8142.4472,10888.8957,10061.6518,7633.7071,9931.2975,6026.8877,5996.0535,8693.5947,A1,word_pos,pas,ADV,pas,ADV
elle,PRON,A1,beacco,9278.7779,5510.4717,9278.7779,8519.8607,4265.0829,3295.764,2538.1854,2331.4302,5510.4717,9535.3742,8503.3381,5124.8476,4171.456,3637.6082,3573.4886,6038.1588,A1,word_pos,elle,PRO,elle,PRO
aller,VERB,A1,beacco,8975.2457,3730.6936,8975.2457,5234.912,2661.7624,2448.8819,1271.5737,723.1852,3730.6936,9461.9604,5240.4529,2964.4907,2947.8747,1171.1651,531.9902,3931.7558,A1,word_pos,aller,V,aller,VER
dans,PREP,A1,beacco,8847.1049,8871.9364,8847.1049,9431.304,8751.9846,8731.0934,8295.6766,9008.3113,8871.9364,8376.3393,9364.3228,8975.788,9014.0402,8257.0711,8897.4404,8885.4383,A1,word_pos,dans,PREP,dans,PRP
vous,PRON,A1,beacco,8826.1416,5478.2672,8826.1416,6703.6043,4854.8752,6637.6064,1427.7119,603.0144,5478.2672,8406.0171,7161.0139,5726.4411,8107.0462,1606.2757,704.7598,6102.9952,A1,word_pos,vous,PRO,vous,PRO
on,PRON,A1,beacco,8332.7102,5604.3735,8332.7102,5422.6942,5648.2427,5045.697,4350.5529,3886.003,5604.3735,7988.1293,5253.5492,5366.7417,5417.2291,4264.8127,4659.3301,5504.6716,A1,word_pos,on,PRO,on,PRO
son,DET,A1,beacco,7519.6298,8879.2423,7519.6298,10082.8769,9632.0146,9161.2925,7153.2671,5690.2964,8879.2423,7313.0447,9771.1948,9678.4194,9770.5743,6767.403,5250.6409,8821.5882,A1,word_pos,son,DET,son,DET:POS
en,PREP,A1,beacco,7477.2049,7953.8546,7477.2049,6693.3756,8270.6279,6850.5438,10370.2694,10026.1423,7953.8546,8983.5629,9094.1028,10748.8761,9261.4003,13870.97,13447.1487,10412.0752,A1,word_pos,en,PREP,en,PRP
pour,PREP,A1,beacco,7403.3796,7244.6523,7403.3796,7133.5434,7482.1325,5998.4405,7991.0082,7484.1812,7244.6523,7213.251,6603.773,7081.5537,5578.7634,7753.0825,7580.4864,6865.4255,A1,word_pos,pour,PREP,pour,PRP
mais,CONJ,A1,beacco,7345.3898,5431.7456,7345.3898,6298.6089,4818.5109,5357.2352,3912.9415,4097.5528,5431.7456,7146.8252,5943.7597,4771.4877,5518.0185,3743.4964,4083.2133,5296.999,A1,word_pos,mais,CONJC,mais,KON
faire,VERB,A1,beacco,6932.6324,5186.3082,6932.6324,5736.0675,4949.6906,5038.1239,4049.155,2584.3546,5186.3082,7099.9879,6229.4507,5379.1805,5455.1522,4481.8829,3624.0186,5619.6584,A1,word_pos,faire,V,faire,VER
se,PRON,A1,beacco,6348.2425,9748.3062,6348.2425,9986.0373,11075.6142,10145.5093,9814.7019,9411.5046,9748.3062,6939.5571,10048.7196,11307.4699,10663.0936,10050.1568,9462.3511,10043.1715,A1,word_pos,se,PRO,se,PRO
du,PREPDET,A1,beacco,6199.2184,7431.8015,6199.2184,5994.8125,7753.6253,7824.1056,9068.8085,9830.5203,7431.8015,18367.3026,16949.2613,22202.3179,19898.3792,28614.3214,31830.7527,21419.4398,A1,word_pos,du,PREPDET,du,PRP:det
au,PREPDET,A1,beacco,5769.063,4629.2333,5769.063,4345.2638,4723.2024,3782.291,4480.878,4984.71,4629.2333,7512.7632,6785.1305,8084.1709,7323.8748,9147.6526,9875.6498,7817.3809,A1,word_pos,au,PREPDET,au,PRP:det
avec,PREP,A1,beacco,5591.4118,4137.3987,5591.4118,4941.4752,3613.7607,3445.3567,3326.5316,3543.54,4137.3987,5814.6254,4932.7341,3547.4277,3141.8847,3110.3508,3508.5985,4037.9232,A1,word_pos,avec,PREP,avec,PRP
que,CONJ,A1,beacco,5478.6124,8805.0024,5478.6124,9202.6983,8971.5193,11694.3135,8798.6242,7527.0172,8805.0024,3664.6754,9392.1805,10450.0754,12657.9092,10653.5682,10044.8294,9520.5398,A1,word_pos,que,CONJS,que,KON
ce,DET,A1,crf_first_attested,5198.0549,6804.8869,5198.0549,6619.0136,6401.8069,7461.3783,8826.6131,7285.5442,6804.8869,,,,,,,,,crf_only,ce,DET,,
mon,DET,A1,beacco,5187.0105,3246.8023,5187.0105,4944.0366,2616.4694,2217.7275,1906.0711,611.1898,3246.8023,4972.8655,4788.0413,2798.2328,2104.348,1553.0594,599.1678,3184.2113,A1,word_pos,mon,DET,mon,DET:POS
très,ADV,A1,beacco,4437.9091,2451.0628,4437.9091,3109.6203,2086.4845,1861.447,1096.1182,1590.8462,2451.0628,4298.4125,3124.1583,2104.4484,2079.8796,1099.4024,1402.5457,2458.4071,A1,word_pos,très,ADV,très,ADV
suivre,VERB,A1,beacco,3677.3654,2030.4942,3677.3654,2979.0862,1533.2841,1641.5325,825.6432,667.6704,2030.4942,160.4815,386.1652,489.336,563.1969,315.8778,517.4989,416.4677,A1,word_pos,suivre,V,suivre,VER
des,PREPDET,A1,crf_first_attested,3676.5061,6348.3336,3676.5061,3980.7324,7334.3606,5610.2618,9624.5189,12071.6206,6348.3336,,,,,,,,,crf_only,des,PREPDET,,
ils,PRON,A1,crf_first_attested,3631.1891,2744.2119,3631.1891,2668.707,2957.7767,2111.097,2229.0144,1642.666,2744.2119,,,,,,,,,crf_only,ils,PRO,,
sur,PREP,A1,beacco,3590.6218,4667.3691,3590.6218,4354.4145,4840.1557,5165.8411,5509.0695,3998.219,4667.3691,3674.4485,4138.2051,4796.7071,5019.632,5493.3888,4252.7387,4606.4875,A1,word_pos,sur,PREP,sur,PRP
pouvoir,VERB,A1,beacco,3530.6364,3224.959,3530.6364,3524.9723,2863.2867,3132.0763,3221.2455,3358.5693,3224.959,3577.5784,3620.408,3063.715,3484.3876,3618.2886,3626.3024,3423.8487,A1,word_pos,pouvoir,V,pouvoir,VER
dire,VERB,A1,beacco,3519.3647,3647.621,3519.3647,5874.5696,3204.2479,3783.2259,1444.6771,1133.1384,3647.621,3432.3306,5432.8433,3148.0322,4516.4036,1560.1505,1283.7428,3665.3357,A1,word_pos,dire,V,dire,VER
nous,PRON,A1,beacco,3448.6428,3202.2062,3448.6428,3847.457,2548.1784,3778.118,2901.0148,2044.07,3202.2062,3674.1059,4005.0781,2679.1974,3891.8507,2847.1727,2177.9585,3324.3542,A1,word_pos,nous,PRO,nous,PRO
petit,ADJ,A1,beacco,3204.2936,1686.9732,3204.2936,2097.5127,1369.7744,1261.4535,900.0081,662.6576,1686.9732,2445.9009,1961.8151,1361.1183,1198.8247,828.796,528.3413,1516.6354,A1,word_pos,petit,A,petit,ADJ
me,PRON,A1,beacco,3150.5566,3359.6034,3150.5566,5077.606,3290.6307,3181.0105,1665.8489,241.092,3359.6034,3268.7376,5297.7942,3680.0233,3142.0925,1363.3882,393.8887,3563.0275,A1,word_pos,me,PRO,me,PRO
le,PRON,A1,beacco,3103.536,4775.7504,3103.536,5631.2998,5307.0154,5985.7655,3443.1272,2108.2127,4775.7504,901.9028,1915.4363,2004.3656,2632.4527,1058.1236,1051.625,1759.3899,A1,word_pos,le,PRO,le,PRO
plus,ADV,A1,beacco,2986.1537,4180.0753,2986.1537,4105.3069,4440.399,4307.5768,4686.8014,4274.5451,4180.0753,3864.2175,5423.1714,5907.6183,5579.746,6496.6932,6531.8987,5590.7173,A1,word_pos,plus,ADV,plus,ADV
vouloir,VERB,A1,beacco,2847.0914,1894.6275,2847.0914,2770.131,1444.3497,1940.1018,938.9711,319.2603,1894.6275,2922.4572,2862.8182,1513.6355,1964.2703,860.3682,389.1791,1940.959,A1,word_pos,vouloir,V,vouloir,VER
ça,PRON,A1,crf_first_attested,2824.5572,1403.2854,2824.5572,1650.957,1305.946,1029.0389,584.0726,25.9752,1403.2854,,,,,,,,,crf_only,ça,PRO,,
bien,ADV,A1,beacco,2815.7658,1872.4811,2815.7658,2075.806,1616.1953,1902.9483,1190.4663,1279.0626,1872.4811,4037.2808,2946.4978,2331.6358,2965.5019,1504.4995,1963.9868,2682.029,A1,word_pos,bien,ADV,bien,ADV
moi,PRON,A1,beacco,2783.1971,1297.7445,2783.1971,1950.6503,889.7002,1108.7248,283.6805,189.3849,1297.7445,3826.2491,2735.393,1463.9428,1470.8351,339.8054,208.1843,1867.688,A1,word_pos,moi,PRO,moi,PRO
oui,INT,A1,beacco,2732.7094,1006.7162,,,,,,,,2732.7094,1354.9492,541.8872,957.0692,131.9064,19.328,1006.7162,A1,beacco_only,,,oui,INT
ou,CONJ,A1,beacco,2713.0513,3116.1339,2713.0513,1752.4694,3099.3972,3127.1768,4928.3204,5109.4217,3116.1339,2924.4144,1938.3854,2835.7886,2975.8898,5245.279,5568.9333,3119.6975,A1,word_pos,ou,CONJC,ou,KON
qui,PRON,A1,beacco,2357.3209,7518.9712,2357.3209,7073.1167,8215.6795,9613.3154,9505.4643,10665.1463,7518.9712,2298.9197,6984.8509,8171.5793,9254.6504,9313.563,9641.3718,7367.8955,A1,word_pos,qui,PRO,qui,PRO
voir,VERB,A1,beacco,2290.6307,2331.5733,2290.6307,3182.3479,2112.7687,2809.0948,1236.3154,621.8942,2331.5733,2151.2613,3093.5873,2184.1741,2894.1262,1094.9447,568.3787,2293.6748,A1,word_pos,voir,V,voir,VER
aussi,ADV,A1,beacco,2288.6637,1767.834,2288.6637,1599.6182,1566.1929,1855.9395,1683.9981,1974.9497,1767.834,2608.4708,1750.3576,1569.8319,1963.775,1661.2431,1949.3656,1838.2,A1,word_pos,aussi,ADV,aussi,ADV
que,PRON,A1,beacco,2277.7565,3176.8648,2277.7565,3853.2356,3091.2242,3724.0176,2751.9366,2663.4353,3176.8648,5588.0953,5994.8797,4598.2072,5971.9833,3804.5756,3826.7707,5115.266,A1,word_pos,que,PRO,que,PRO
beaucoup,ADV,A1,beacco,2178.6665,999.0431,2178.6665,1094.8,699.1726,807.3827,613.4489,690.0126,999.0431,2224.9992,1136.7007,750.9194,778.1432,605.8252,779.395,1018.7608,A1,word_pos,beaucoup,ADV,beaucoup,ADV
grand,ADJ,A1,beacco,2147.8776,1765.2274,2147.8776,1930.7179,1785.1828,1386.6741,1530.9708,1149.3499,1765.2274,2102.3269,1941.2323,1731.1414,1492.8709,1511.9526,1327.5406,1751.4399,A1,word_pos,grand,A,grand,ADJ
lui,PRON,A1,beacco,2134.8163,2733.7222,2134.8163,3942.1446,3031.3373,2752.9472,1345.6668,320.0032,2733.7222,2388.0253,4482.8238,3849.1985,3386.9093,1735.6051,804.8781,3343.4872,A1,word_pos,lui,PRO,lui,PRO
si,CONJ,A1,beacco,2023.2987,1996.839,2023.2987,2044.6276,2021.9799,1997.4705,1955.2719,1341.7956,1996.839,961.2211,1725.7875,1783.3164,1859.2106,1710.9891,1094.3918,1635.7985,A1,word_pos,si,CONJS,si,KON
heures,NOUN,A1,crf_first_attested,1979.4762,769.5647,1979.4762,637.7102,559.9337,849.6046,317.1378,130.2559,769.5647,,,,,,,,,crf_only,heures,N,,
votre,DET,A1,beacco,1922.9316,1215.4564,1922.9316,1239.1113,1382.0578,950.0516,391.3902,374.9114,1215.4564,1751.2898,1327.3949,1394.0452,1140.1798,383.1205,377.0469,1240.831,A1,word_pos,votre,DET,votre,DET:POS
an,NOUN,A1,beacco,1898.3106,1813.6928,1898.3106,2033.7251,1726.6783,1368.0688,1741.9444,2147.3244,1813.6928,2051.0804,2002.8723,1803.4705,1136.3407,1743.1851,2470.8717,1795.6585,A1,word_pos,an,N,an,NOM
aimer,VERB,A1,beacco,1898.0229,938.5313,1898.0229,1496.6484,651.1718,655.0231,291.2227,94.5361,938.5313,2666.0987,1534.6889,769.5971,729.7956,232.2665,171.4545,1083.5683,A1,word_pos,aimer,V,aimer,VER
y,PRON,A1,beacco,1888.3807,1836.8244,1888.3807,2135.116,1659.34,2181.8423,1513.3175,949.6646,1836.8244,4089.4114,3624.7235,2465.4038,2997.6822,2378.4988,1333.584,2952.7144,A1,word_pos,y,PRO,y,PRO
bon,ADJ,A1,beacco,1876.5559,1050.4787,1876.5559,1035.0819,832.4327,752.4715,970.4314,1124.1013,1050.4787,2357.6816,1143.3727,877.3758,928.6682,808.918,1081.1091,1140.0305,A1,word_pos,bon,A,bon,ADJ
comme,PREP,A1,crf_first_attested,1850.8689,2165.0084,1850.8689,2015.0763,2173.0376,1984.4297,2664.6899,2567.9864,2165.0084,,,,,,,,,crf_only,comme,PREP,,
alors,ADV,A1,beacco,1842.268,1167.1922,1842.268,1521.2743,1070.8009,1001.1711,656.7217,135.8422,1167.1922,1834.2363,1491.9039,1333.2702,1262.1756,938.0498,641.841,1338.6576,A1,word_pos,alors,ADV,alors,ADV
prendre,VERB,A1,beacco,1819.6722,1447.5036,1819.6722,1540.1536,1350.0903,1552.5746,1117.2796,912.8062,1447.5036,1735.5681,1688.9045,1315.0231,1511.5467,1091.7209,923.7867,1440.6035,A1,word_pos,prendre,V,prendre,VER
non,ADV,A1,beacco,1798.3736,1039.4144,1798.3736,1065.2978,713.7976,1157.5371,816.4218,1005.5277,1039.4144,2132.9709,1120.1669,717.2167,1447.1387,925.9209,1205.2065,1155.9659,A1,word_pos,non,ADV,non,ADV
quand,CONJ,A1,beacco,1782.1217,1325.7617,1782.1217,1751.8504,1197.677,1207.8293,946.6281,228.267,1325.7617,1551.7344,1748.4743,1204.3997,1173.3524,878.5738,138.6137,1284.7831,A1,word_pos,quand,CONJS,quand,KON
chez,PREP,A1,beacco,1763.0564,1086.7981,1763.0564,1209.6576,917.1736,996.7064,738.8471,832.1123,1086.7981,1642.5628,1075.1075,961.0084,1086.36,712.883,746.0726,1058.6848,A1,word_pos,chez,PREP,chez,PRP
par,PREP,A1,beacco,1689.2811,3658.9211,1689.2811,2868.4992,4143.3359,3804.7928,5073.9052,5877.9763,3658.9211,2121.0733,3251.2674,4777.248,4190.4013,6122.7814,7165.5144,4243.7931,A1,word_pos,par,PREP,par,PRP
monsieur,NOUN,A1,beacco,1624.0196,707.0629,1624.0196,833.6285,677.0216,380.7715,73.6761,0.0,707.0629,1667.2965,926.4452,633.1067,450.0701,59.5829,12.833,732.3359,A1,word_pos,monsieur,N,monsieur,NOM
tous,ADJ,A1,crf_first_attested,1565.2929,1207.3455,1565.2929,1101.7977,1294.2334,1139.9325,1038.1062,717.1318,1207.3455,,,,,,,,,crf_only,tous,A,,
trouver,VERB,A1,beacco,1535.8954,1221.9412,1535.8954,1437.4806,1137.2159,1297.1081,745.6434,652.5094,1221.9412,1566.0083,1450.5226,1191.3277,1312.369,729.377,681.2259,1239.4098,A1,word_pos,trouver,V,trouver,VER
savoir,VERB,A1,beacco,1528.5011,1547.4605,1528.5011,2055.499,1417.7801,1767.6815,936.8369,696.6319,1547.4605,1730.6358,2074.5874,1590.6128,2067.2893,940.7751,981.3302,1693.8059,A1,word_pos,savoir,V,savoir,VER
deux,DET,A1,crf_first_attested,1489.8617,1177.8979,1489.8617,1352.9191,1088.7521,1129.7728,795.5449,1070.4565,1177.8979,,,,,,,,,crf_only,deux,DET,,
il y a,PREP,A1,crf_first_attested,1466.544,671.0897,1466.544,987.2573,382.4187,461.0374,411.2276,220.1214,671.0897,,,,,,,,,crf_only,il y a,PREP,,
venir,VERB,A1,beacco,1460.2018,1232.7733,1460.2018,1569.1874,1244.7599,1020.7566,741.5385,309.4768,1232.7733,1943.6102,1793.96,1506.7182,1657.5834,806.0185,334.8177,1546.968,A1,word_pos,venir,V,venir,VER
demander,VERB,A1,beacco,1457.6963,1164.0162,1457.6963,1572.7265,1058.6109,1308.4017,378.4385,179.8917,1164.0162,1068.1616,1349.2137,1005.7241,1283.0658,346.556,225.8302,1037.2077,A1,word_pos,demander,V,demander,VER
ton,DET,A1,beacco,1430.4311,623.6271,1430.4311,1115.2979,426.6862,158.2554,56.9249,0.0,623.6271,1434.2996,1155.2227,376.1691,130.8413,74.0915,0.0,597.7685,A1,word_pos,ton,DET,ton,DET:POS
maison,NOUN,A1,beacco,1413.282,839.6158,1413.282,1206.4401,665.4053,606.3507,511.711,4.1173,839.6158,1324.7099,1131.2312,763.6296,781.4766,400.9426,4.0185,855.3365,A1,word_pos,maison,N,maison,NOM
arriver,VERB,A1,beacco,1403.3448,1028.089,1403.3448,1603.8759,999.5553,665.2846,388.8052,183.3686,1028.089,1300.4645,1443.8576,1041.0016,762.4207,338.5842,250.9018,998.6138,A1,word_pos,arriver,V,arriver,VER
là,ADV,A1,beacco,1389.0707,947.7695,1389.0707,1070.9774,766.5011,1131.2329,630.493,130.8307,947.7695,1609.0493,1503.0545,1116.1104,1739.4615,781.9409,430.3813,1314.5095,A1,word_pos,là,ADV,là,ADV
toujours,ADV,A1,beacco,1364.9859,1083.982,1364.9859,1083.8033,866.6123,1584.8666,909.0633,412.9964,1083.982,1219.454,1135.2346,852.0584,1565.8217,834.0703,357.1858,1070.3746,A1,word_pos,toujours,ADV,toujours,ADV
travailler,VERB,A1,beacco,1364.473,559.7586,1364.473,547.9484,396.9906,371.3558,316.6603,444.7767,559.7586,1364.7647,587.3492,445.1664,425.5712,308.6262,465.1839,587.8745,A1,word_pos,travailler,V,travailler,VER
leur,DET,A1,beacco,1328.1401,2298.7616,1328.1401,1703.2144,2427.8052,2032.8836,3843.3915,3435.3093,2298.7616,1472.0677,1641.9709,2282.8748,2069.8302,3504.6015,3669.7893,2240.373,A1,word_pos,leur,DET,leur,DET:POS
aux,PREPDET,A1,crf_first_attested,1296.3241,1946.7121,1296.3241,1464.0888,2051.5209,1867.826,2918.6233,2855.7047,1946.7121,,,,,,,,,crf_only,aux,PREPDET,,
soir,NOUN,A1,beacco,1281.7863,488.8313,1281.7863,417.0837,465.6414,365.3669,86.424,67.3593,488.8313,1190.1822,529.5188,539.1818,475.3651,79.0191,38.656,548.206,A1,word_pos,soir,N,soir,NOM
regarder,VERB,A1,beacco,1276.6328,882.2405,1276.6328,1436.1211,599.6003,791.6963,368.8272,134.7185,882.2405,1552.7659,1483.3729,672.7715,889.6016,302.9061,212.6079,975.6555,A1,word_pos,regarder,V,regarder,VER
parler,VERB,A1,beacco,1265.5718,1114.8368,1265.5718,1496.4716,1017.4708,1189.5589,637.2564,147.42,1114.8368,1609.479,1649.0656,1083.1963,1429.2669,488.1311,208.1843,1230.1596,A1,word_pos,parler,V,parler,VER
passer,VERB,A1,beacco,1258.8,1303.4327,1258.8,1486.8466,1321.4943,1486.3507,945.1983,664.404,1303.4327,1327.78,1408.2142,1410.5742,1706.529,986.3104,723.0384,1363.3642,A1,word_pos,passer,V,passer,VER
te,PRON,A1,beacco,1236.7578,668.6806,1236.7578,1321.3305,388.8199,226.1703,71.9835,19.2455,668.6806,2080.7934,1889.8136,752.5413,387.0,142.0956,38.656,1076.0671,A1,word_pos,te,PRO,te,PRO
oui,NOUN,A1,crf_first_attested,1171.2345,416.9981,1171.2345,658.5486,153.0552,314.0491,59.0925,0.0,416.9981,,,,,,,,,crf_only,oui,N,,
premier,ADJ,A1,crf_first_attested,1159.3565,1217.3269,1159.3565,936.833,1262.9763,1077.1619,1485.2481,1797.793,1217.3269,,,,,,,,,crf_only,premier,A,,
appeler,VERB,A1,beacco,1151.381,666.4479,1151.381,956.4243,509.1567,442.3977,269.6452,250.7879,666.4479,1325.1912,934.758,596.0939,625.8317,284.2782,262.5712,727.7608,A1,word_pos,appeler,V,appeler,VER
ville,NOUN,A1,beacco,1148.9652,757.1612,1148.9652,772.4816,906.3802,461.9918,432.6747,203.1582,757.1612,1037.3709,838.8882,751.3419,432.8134,472.3763,111.7223,693.5832,A1,word_pos,ville,N,ville,NOM
habiter,VERB,A1,beacco,1129.1252,335.3446,1129.1252,471.1229,83.3998,289.8681,84.3519,0.0,335.3446,1186.8047,366.2522,112.1697,326.0786,73.6669,0.0,325.3053,A1,word_pos,habiter,V,habiter,VER
chose,NOUN,A1,beacco,1124.6997,927.8163,1124.6997,1165.4295,715.2728,1270.544,584.6525,297.9074,927.8163,1167.6441,1209.5455,752.2825,1346.2026,686.4939,342.909,984.7281,A1,word_pos,chose,N,chose,NOM
toi,PRON,A1,beacco,1124.3011,409.5165,1124.3011,644.2703,284.2218,92.393,12.8336,0.0,409.5165,1464.435,908.4103,355.455,120.1219,20.6538,0.0,532.6518,A1,word_pos,toi,PRO,toi,PRO
quelque,PRON,A1,beacco,1098.6743,1290.8454,,,,,,,,1098.6743,1489.8467,1415.708,1470.5215,955.2808,413.6945,1290.8454,A1,beacco_only,,,quelque,PRO
tout,ADV,A1,beacco,1095.7479,750.0521,1095.7479,835.3199,766.854,652.992,429.3972,396.1267,750.0521,2014.7215,2099.1628,1812.6032,2249.174,1374.1656,829.8748,1881.5368,A1,word_pos,tout,ADV,tout,ADV
un peu,ADV,A1,crf_first_attested,1073.4972,604.4126,1073.4972,634.532,676.5675,364.1876,323.0193,39.7676,604.4126,,,,,,,,,crf_only,un peu,ADV,,
notre,DET,A1,beacco,1061.3945,1103.1728,1061.3945,994.4453,944.9538,1097.2796,1471.7727,1360.7337,1103.1728,956.0185,1072.232,921.9921,1139.9878,1519.2008,1800.4512,1113.3579,A1,word_pos,notre,DET,notre,DET:POS
enfant,NOUN,A1,beacco,1043.1947,1038.0973,1043.1947,1361.5065,830.9888,713.5416,939.784,1238.6703,1038.0973,1023.1717,1526.0502,829.1244,793.1839,846.8723,1364.5592,1071.2554,A1,word_pos,enfant,N,enfant,NOM
fille,NOUN,A1,beacco,1022.8965,620.3668,1022.8965,981.2363,459.1865,303.6163,287.8057,288.9878,620.3668,1107.554,996.2807,465.7009,373.3015,259.3299,302.5236,625.7005,A1,word_pos,fille,N,fille,NOM
ami,NOUN,A1,beacco,1012.8227,551.2084,1012.8227,605.4557,489.4678,550.4598,223.7652,0.0,551.2084,1364.7999,738.1825,569.2912,644.0994,283.1427,0.0,674.89,A1,word_pos,ami,N,ami,NOM
devoir,VERB,A1,beacco,1002.9769,1469.6604,1002.9769,1565.3722,1520.5656,1671.0764,1696.7678,773.4784,1469.6604,890.1606,1748.8758,1449.6355,1240.6555,2022.4554,897.7623,1433.0362,A1,word_pos,devoir,V,devoir,VER
connaître,VERB,A1,beacco,987.8832,939.2308,987.8832,1043.882,905.8302,1181.1508,535.5775,604.9172,939.2308,1130.3196,1025.0704,910.2577,1206.2817,578.9314,694.4895,965.6648,A1,word_pos,connaître,V,connaître,VER
aujourd'hui,ADV,A1,beacco,978.0729,740.1336,978.0729,494.8894,688.8183,338.2737,1247.5239,1253.1707,740.1336,882.1748,551.006,683.4412,379.2694,1027.8803,1358.7975,711.084,A1,word_pos,aujourd'hui,ADV,aujourd'hui,ADV
penser,VERB,A1,beacco,971.7629,910.3938,971.7629,1186.3786,699.9168,1197.9746,552.7503,434.0879,910.3938,963.0015,1313.7511,709.0352,1472.6193,593.2974,458.0637,988.907,A1,word_pos,penser,V,penser,VER
homme,NOUN,A1,beacco,966.8581,1753.3172,966.8581,2052.2838,1825.5408,2234.177,1553.65,493.6122,1753.3172,735.0122,2069.2006,1972.7933,2432.7363,1412.7339,549.5428,1776.8652,A1,word_pos,homme,N,homme,NOM
encore,ADV,A1,beacco,934.8783,1106.559,934.8783,1234.6228,1044.8102,1075.8112,1126.232,1179.8362,1106.559,926.1368,1350.4845,1139.382,1315.6818,1101.0223,1401.7247,1200.9521,A1,word_pos,encore,ADV,encore,ADV
rue,NOUN,A1,beacco,931.4283,534.0623,931.4283,542.6987,344.1052,787.9202,198.4638,87.2723,534.0623,860.3375,544.8629,347.849,881.5247,154.1598,77.4712,532.4631,A1,word_pos,rue,N,rue,NOM
quel,DET,A1,crf_first_attested,928.2239,478.1533,928.2239,487.4026,432.0377,410.2561,200.4953,256.8833,478.1533,,,,,,,,,crf_only,quel,DET,,
nouveau,ADJ,A1,beacco,924.4088,985.8928,924.4088,704.1072,874.4424,1086.9873,1433.4214,1245.386,985.8928,984.132,857.5941,1017.626,1097.4769,1417.5012,1448.3231,1079.5398,A1,word_pos,nouveau,A,nouveau,ADJ
tu,PRON,A1,beacco,918.683,397.8404,918.683,814.3553,193.6226,121.4739,22.4589,0.0,397.8404,5813.8488,4331.4899,1526.8058,669.6552,145.928,19.328,2351.856,A1,word_pos,tu,PRO,tu,PRO
après,PREP,A1,beacco,914.559,852.4469,914.559,821.0911,895.4343,909.3532,738.1414,419.4041,852.4469,601.0675,783.3981,924.6138,800.1636,730.9206,638.8646,797.9434,A1,word_pos,après,PREP,après,PRP
matin,NOUN,A1,beacco,896.705,406.8575,896.705,456.0443,313.1716,422.6869,97.2535,45.034,406.8575,845.8994,457.8918,375.5753,543.9388,120.1438,44.6051,451.2888,A1,word_pos,matin,N,matin,NOM
quelque,DET,A1,crf_first_attested,895.3021,1145.6636,895.3021,1415.7528,1215.9126,1195.7177,917.2449,559.993,1145.6636,,,,,,,,,crf_only,quelque,DET,,
vacance,NOUN,A1,beacco,889.3358,221.2168,,,,,,,,889.3358,281.3659,77.3009,105.5945,62.7057,0.0,221.2168,A1,beacco_only,,,vacance,NOM
partir,VERB,A1,beacco,876.0267,577.8332,876.0267,796.6111,583.2018,460.4823,228.161,28.5334,577.8332,1120.1572,1199.1524,907.2668,703.9674,624.7276,302.5599,895.1826,A1,word_pos,partir,V,partir,VER
comme,ADV,A1,beacco,862.7038,1186.662,,,,,,,,862.7038,1397.3287,1112.4275,1274.4423,1234.2453,1178.7363,1186.662,A1,beacco_only,,,comme,ADV
jour,NOUN,A1,beacco,855.4375,817.1123,855.4375,1020.8591,830.9498,686.3711,625.6503,240.417,817.1123,1771.1583,1912.1768,1829.5288,1290.3368,998.1741,893.8229,1619.8349,A1,word_pos,jour,N,jour,NOM
comment,ADV,A1,beacco,852.7011,549.2186,852.7011,533.5357,447.1556,469.4223,667.9861,158.3886,549.2186,1004.1898,634.2354,505.9653,602.2041,556.5838,183.2011,618.3182,A1,word_pos,comment,ADV,comment,ADV
madame,NOUN,A1,beacco,851.0721,237.8259,851.0721,223.7358,70.8739,183.2428,39.4473,6.4938,237.8259,1205.3233,320.1054,178.7295,472.6612,102.8626,56.7717,406.9503,A1,word_pos,madame,N,madame,NOM
chercher,VERB,A1,beacco,850.3721,507.7936,850.3721,624.1187,371.3517,547.7372,319.4744,125.573,507.7936,998.4982,677.0049,514.7162,618.5784,292.9706,213.1318,603.5752,A1,word_pos,chercher,V,chercher,VER
rester,VERB,A1,beacco,841.3403,939.1871,841.3403,1178.1938,980.9344,705.857,679.469,1100.3645,939.1871,768.6065,1209.2221,1118.9544,709.8148,740.4712,848.1384,967.9337,A1,word_pos,rester,V,rester,VER
attendre,VERB,A1,beacco,835.9484,645.8481,835.9484,771.1823,716.788,670.6497,176.2609,56.9312,645.8481,892.7043,700.6001,810.2912,729.8055,270.2479,113.6757,701.4644,A1,word_pos,attendre,V,attendre,VER
vacances,NOUN,A1,crf_first_attested,829.7882,215.4668,829.7882,236.5855,79.7637,103.5972,55.1534,0.0,215.4668,,,,,,,,,crf_only,vacances,N,,
où,PRON,A1,beacco,823.9244,1386.2344,823.9244,1618.7122,1275.9835,1788.0771,1544.2444,1014.876,1386.2344,1029.1967,1752.6553,1428.494,2028.9136,1516.5987,1082.3063,1545.3,A1,word_pos,où,PRO,où,PRO
rien,PRON,A1,crf_first_attested,816.3203,978.6688,816.3203,1144.1732,920.9562,1692.8904,485.3104,207.532,978.6688,,,,,,,,,crf_only,rien,PRO,,
trop,ADV,A1,beacco,808.8399,589.9198,808.8399,668.6144,441.9179,792.8176,358.3519,390.0391,589.9198,876.4024,590.4893,508.7993,899.5141,438.5986,306.6137,626.7276,A1,word_pos,trop,ADV,trop,ADV
année,NOUN,A1,beacco,803.7822,893.8022,803.7822,635.6527,929.886,558.4096,1544.4245,1201.6444,893.8022,872.638,724.0548,916.6096,598.473,1339.8029,1287.1818,891.2136,A1,word_pos,année,N,année,NOM
jeune,ADJ,A1,beacco,803.6557,812.8276,803.6557,967.8547,803.7671,942.5745,389.4739,466.316,812.8276,677.5586,1144.8796,950.1417,978.0515,410.3394,413.5898,878.3185,A1,word_pos,jeune,A,jeune,ADJ
monde,NOUN,A1,beacco,802.974,934.6804,802.974,877.1881,1070.634,692.5871,1013.621,893.4868,934.6804,1215.1451,1171.3932,1217.3107,910.8673,1022.1996,866.3654,1132.9303,A1,word_pos,monde,N,monde,NOM
jours,NOUN,A1,crf_first_attested,801.5829,590.0944,801.5829,682.36,609.7759,456.4003,286.8162,326.0806,590.0944,,,,,,,,,crf_only,jours,N,,
père,NOUN,A1,beacco,800.3854,578.9957,800.3854,583.7785,441.7841,834.2294,300.5161,163.5868,578.9957,832.3283,622.904,484.9799,782.989,206.6451,425.2159,602.452,A1,word_pos,père,N,père,NOM
toute,ADJ,A1,crf_first_attested,786.518,442.349,786.518,471.7768,384.1736,459.1323,276.337,56.3711,442.349,,,,,,,,,crf_only,toute,A,,
vie,NOUN,A1,beacco,777.6976,1120.7809,777.6976,1192.3617,1067.4645,891.0389,1454.5766,1596.2845,1120.7809,681.7757,1208.5789,1121.8412,917.8975,1423.9743,1636.0886,1109.0659,A1,word_pos,vie,N,vie,NOM
journée,NOUN,A1,beacco,775.4798,279.7613,775.4798,250.3702,278.3944,107.61,93.8395,48.0277,279.7613,606.4853,266.1477,271.1005,141.7074,103.8406,77.4712,267.4486,A1,word_pos,journée,N,journée,NOM
retrouver,VERB,A1,beacco,772.7881,469.9777,772.7881,526.3359,379.5177,517.9287,255.1075,116.5635,469.9777,811.2055,471.3875,452.0461,558.5224,281.6571,145.006,495.8137,A1,word_pos,retrouver,V,retrouver,VER
demain,ADV,A1,beacco,772.7648,264.5773,772.7648,340.2493,135.1579,193.197,18.6069,0.0,264.5773,700.0175,304.7658,97.0769,161.3055,6.0005,0.0,220.0696,A1,word_pos,demain,ADV,demain,ADV
vieux,ADJ,A1,beacco,763.8041,339.0247,763.8041,368.1587,308.1603,230.7908,64.4917,257.0043,339.0247,645.3286,617.1132,416.1805,324.2958,49.5147,226.4825,433.0616,A1,word_pos,vieux,A,vieux,ADJ
mère,NOUN,A1,beacco,763.451,491.443,763.451,499.853,375.4241,609.5274,269.4298,235.517,491.443,659.618,544.061,409.2181,584.7414,145.5018,332.3343,479.8203,A1,word_pos,mère,N,mère,NOM
rentrer,VERB,A1,beacco,753.5729,310.8497,753.5729,345.2826,249.8352,173.516,121.491,43.6102,310.8497,703.2021,393.267,283.4848,186.5998,148.8703,86.9662,337.2143,A1,word_pos,rentrer,V,rentrer,VER
commencer,VERB,A1,beacco,749.714,517.7739,749.714,645.4487,555.1109,252.128,305.9969,185.4324,517.7739,716.1647,674.3867,526.605,268.8214,281.6571,232.4136,509.311,A1,word_pos,commencer,V,commencer,VER
famille,NOUN,A1,beacco,747.779,581.5559,747.779,504.604,616.7554,476.4369,446.0155,519.7206,581.5559,727.3192,489.8692,539.383,530.7875,423.6777,555.8418,566.9113,A1,word_pos,famille,N,famille,NOM
bel,ADJ,A1,crf_first_attested,747.568,379.5311,747.568,516.7192,311.1642,249.7168,113.8802,114.1335,379.5311,,,,,,,,,crf_only,bel,A,,
autre,ADJ,A1,beacco,745.3113,1182.8871,745.3113,1076.4227,1144.2641,1518.7331,1199.6008,1960.4797,1182.8871,1311.0197,2108.1952,2299.0974,2770.3763,2454.0429,2806.0007,2237.4,A1,word_pos,autre,A,autre,ADJ
souvent,ADV,A1,beacco,744.1071,604.5635,744.1071,562.7999,379.3777,618.6584,821.4501,829.3137,604.5635,750.2565,496.913,468.5303,517.6836,841.4314,1219.799,621.6282,A1,word_pos,souvent,ADV,souvent,ADV
semaine,NOUN,A1,beacco,743.6535,304.853,743.6535,281.1284,301.169,127.1871,170.5794,165.4454,304.853,648.3172,377.8392,313.8658,164.6578,191.5602,192.6297,320.4483,A1,word_pos,semaine,N,semaine,NOM
musée,NOUN,A1,beacco,734.3501,207.9583,734.3501,94.3449,217.5439,45.9137,75.2539,0.0,207.9583,544.4966,100.7859,161.4161,37.5577,62.7057,0.0,167.9378,A1,word_pos,musée,N,musée,NOM
temps,NOUN,A1,beacco,725.1785,848.9697,725.1785,1070.5768,650.8861,746.3139,1138.721,685.1468,848.9697,1021.5468,1582.8073,1002.4458,1189.6527,1358.9044,761.9281,1202.5783,A1,word_pos,temps,N,temps,NOM
d'accord,ADV,A1,beacco,720.11,206.5802,,,,,,,,720.11,243.8603,76.5305,153.8346,49.5147,77.5234,206.5802,A1,beacco_only,,,d'accord,ADV
donner,VERB,A1,beacco,719.5018,1006.2512,719.5018,1001.4163,1147.6016,1353.7457,753.8073,473.9282,1006.2512,746.3983,1121.5416,1257.2575,1345.9333,830.9907,571.5853,1087.947,A1,word_pos,donner,V,donner,VER
école,NOUN,A1,beacco,706.8976,357.8043,706.8976,361.8459,237.338,228.0941,270.8055,396.0135,357.8043,682.5482,422.4986,255.0276,284.5976,206.9223,273.8885,367.1976,A1,word_pos,école,N,école,NOM
manger,VERB,A1,beacco,704.065,251.5657,704.065,334.6434,197.7837,56.5327,55.9489,0.0,251.5657,1064.7056,504.2399,309.6845,94.0751,92.388,12.833,374.2769,A1,word_pos,manger,V,manger,VER
femme,NOUN,A1,beacco,703.7189,1319.4703,703.7189,1578.085,1052.4475,1494.9777,887.1997,3260.9122,1319.4703,570.4947,1633.1841,1120.3629,1673.3227,949.0189,3105.845,1346.6246,A1,word_pos,femme,N,femme,NOM
place,NOUN,A1,beacco,698.3526,481.0386,698.3526,386.7904,355.9003,482.6293,582.3653,444.4731,481.0386,777.4602,530.0475,416.8377,710.795,621.3454,363.5044,572.0227,A1,word_pos,place,N,place,NOM
plaire,VERB,A1,beacco,693.5216,255.0209,693.5216,384.9193,127.1888,178.295,15.5058,9.6228,255.0209,701.534,358.0835,96.9885,165.1796,18.0014,19.328,236.7221,A1,word_pos,plaire,V,plaire,VER
tout,PRON,A1,beacco,688.6908,615.523,688.6908,681.8118,527.3755,779.5776,570.8536,68.1256,615.523,4816.552,3961.0066,4175.4351,4397.2581,3538.0001,2242.4936,4065.5348,A1,word_pos,tout,PRO,tout,PRO
devant,PREP,A1,beacco,674.5718,605.9094,674.5718,674.0484,560.0303,663.9653,562.0534,183.4536,605.9094,501.7524,637.1786,569.7733,670.4473,517.307,202.2974,573.3106,A1,word_pos,devant,PREP,devant,PRP
oui,ADV,A1,crf_first_attested,670.1904,206.4938,670.1904,169.5426,118.1491,182.937,76.3593,9.6228,206.4938,,,,,,,,,crf_only,oui,ADV,,
pendant,PREP,A1,beacco,668.4868,661.8986,668.4868,815.4154,649.5103,706.4578,423.8881,365.5734,661.8986,666.8616,881.3503,673.2264,613.2726,423.342,316.3039,663.7842,A1,word_pos,pendant,PREP,pendant,PRP
vers,PREP,A1,beacco,662.579,718.2041,662.579,662.404,733.5453,966.6412,481.0572,617.2507,718.2041,639.3045,675.33,842.0395,972.6167,536.1825,418.7845,750.5001,A1,word_pos,vers,PREP,vers,PRP
répondre,VERB,A1,beacco,657.5293,740.9614,657.5293,1124.7276,798.9092,596.7417,348.9583,43.6102,740.9614,728.897,999.3143,832.639,659.2612,320.2055,86.9662,745.9566,A1,word_pos,répondre,V,répondre,VER
maintenant,ADV,A1,beacco,657.5054,501.0941,657.5054,736.6014,328.7275,551.6928,186.6696,242.1716,501.0941,703.2121,799.6333,463.7799,527.8027,162.7924,228.8816,561.0611,A1,word_pos,maintenant,ADV,maintenant,ADV
rien,ADV,A1,beacco,648.5302,780.5476,,,,,,,,648.5302,882.0358,674.8242,1398.0023,432.8818,171.4545,780.5476,A1,beacco_only,,,rien,ADV
ici,ADV,A1,beacco,647.5917,464.3033,647.5917,599.7025,425.9355,400.5097,180.9341,187.4754,464.3033,661.5684,796.1873,580.2765,561.253,280.6556,328.0847,602.1434,A1,word_pos,ici,ADV,ici,ADV
peut-être,ADV,A1,beacco,643.033,518.22,,,,,,,,643.033,546.9203,376.381,1010.0618,212.073,12.833,518.22,A1,beacco_only,,,peut-être,ADV
voiture,NOUN,A1,beacco,633.2992,461.551,633.2992,598.5361,482.7571,202.696,271.9047,25.9752,461.551,625.9943,607.1459,447.2228,295.6184,287.2691,25.6659,456.4525,A1,word_pos,voiture,N,voiture,NOM
accor,NOUN,A1,crf_first_attested,631.2547,196.4766,631.2547,163.189,90.0176,121.8305,118.6026,152.5583,196.4766,,,,,,,,,crf_only,accor,N,,
chambre,NOUN,A1,beacco,623.7626,483.8335,623.7626,723.5863,367.4506,556.334,115.6395,0.0,483.8335,756.7922,686.992,408.0173,541.1486,101.2835,0.0,507.5821,A1,word_pos,chambre,N,chambre,NOM
il y avoir,VERB,A1,crf_first_attested,620.4328,300.1322,620.4328,297.3251,236.5684,243.6138,221.8063,6.176,300.1322,,,,,,,,,crf_only,il y avoir,V,,
dernier,ADJ,A1,beacco,614.1761,627.3666,614.1761,560.936,648.748,598.6511,648.7205,764.1039,627.3666,534.3163,538.2732,582.9503,477.4424,591.1264,649.2985,554.1171,A1,word_pos,dernier,A,dernier,ADJ
personne,NOUN,A1,beacco,613.1961,686.8761,613.1961,623.87,675.6508,796.5045,734.5445,378.4275,686.8761,863.9974,978.5542,889.9353,1124.0325,786.557,434.8311,934.2075,A1,word_pos,personne,N,personne,NOM
tard,ADV,A1,beacco,604.8723,370.3414,604.8723,379.3668,393.9432,282.5487,116.2702,207.532,370.3414,648.6157,557.0665,457.63,495.7492,170.3483,306.2805,488.0087,A1,word_pos,tard,ADV,tard,ADV
travail,NOUN,A1,beacco,604.1499,724.3841,604.1499,578.1208,718.863,573.0861,880.7306,1446.1227,724.3841,609.26,590.6904,749.1167,615.5935,699.3361,1268.51,703.9089,A1,word_pos,travail,N,travail,NOM
mettre,VERB,A1,beacco,600.8192,1050.8199,600.8192,1263.9285,1165.8085,838.9059,1129.0455,875.4896,1050.8199,595.4749,1326.2624,1358.0065,1108.7943,1237.4381,930.4418,1179.717,A1,word_pos,mettre,V,mettre,VER
fête,NOUN,A1,beacco,592.1628,328.1885,592.1628,468.9227,290.305,123.445,119.9311,0.0,328.1885,576.8056,375.2247,282.8412,175.4685,66.4491,0.0,305.2002,A1,word_pos,fête,N,fête,NOM
deux,ADJ,A1,crf_first_attested,591.5947,697.1261,591.5947,856.3233,614.4498,827.6325,389.1793,683.9384,697.1261,,,,,,,,,crf_only,deux,A,,
vite,ADV,A1,beacco,582.6091,345.7149,582.6091,399.9127,317.3639,267.7708,221.47,43.6102,345.7149,565.3086,401.9265,329.1262,337.8787,205.0941,86.9662,355.0097,A1,word_pos,vite,ADV,vite,ADV
tu,ADV,A1,crf_first_attested,579.576,193.6908,579.576,312.9981,96.6189,36.9324,11.2294,0.0,193.6908,,,,,,,,,crf_only,tu,ADV,,
entrer,VERB,A1,beacco,578.3326,524.0881,578.3326,527.4506,488.9258,850.9101,203.6893,72.7833,524.0881,502.1113,580.8419,509.725,825.8862,170.044,145.006,535.3301,A1,word_pos,entrer,V,entrer,VER
entre,PREP,A1,beacco,572.7657,992.3347,572.7657,834.156,1077.1728,810.5366,1450.8782,1724.0024,992.3347,601.2213,995.3983,1023.0577,774.8342,1599.3289,2023.5687,1032.37,A1,word_pos,entre,PREP,entre,PRP
histoire,NOUN,A1,beacco,567.411,447.2181,567.411,435.6141,446.8467,369.8918,412.1573,115.473,447.2181,738.4964,628.9547,488.484,463.3645,361.1094,143.7667,526.7729,A1,word_pos,histoire,N,histoire,NOM
parce,CONJ,A1,beacco,566.8621,562.8499,,,,,,,,566.8621,643.3592,507.133,499.4798,562.4182,407.0385,562.8499,A1,beacco_only,,,parce,KON
h,NOUN,A1,crf_first_attested,565.2418,109.0242,565.2418,44.6457,50.7863,21.0331,34.7528,0.0,109.0242,,,,,,,,,crf_only,h,N,,
pays,NOUN,A1,beacco,561.7282,822.3622,561.7282,725.5828,712.5038,670.3971,1084.066,1720.5804,822.3622,639.4041,753.1489,697.4627,511.4994,988.7509,1355.1553,771.7224,A1,word_pos,pays,N,pays,NOM
la,PRON,A1,beacco,556.3736,697.1144,,,,,,,,556.3736,1048.3983,770.2385,474.179,351.8222,283.3744,697.1144,A1,beacco_only,,,la,PRO
puis,CONJ,A1,crf_first_attested,554.6855,656.7641,554.6855,795.9941,737.0238,564.9368,457.5019,223.0134,656.7641,,,,,,,,,crf_only,puis,CONJC,,
sortir,VERB,A1,beacco,551.7192,672.3204,551.7192,720.6231,668.1465,1092.0091,366.7298,156.0767,672.3204,573.6976,783.4566,653.4477,1136.5547,330.0456,174.5002,694.0968,A1,word_pos,sortir,V,sortir,VER
seul,ADJ,A1,beacco,548.4615,908.0018,548.4615,1125.835,1099.5519,784.3826,673.4021,750.3316,908.0018,627.548,1031.4196,910.5198,723.0071,557.8508,896.791,821.6381,A1,word_pos,seul,A,seul,ADJ
vraiment,ADV,A1,beacco,537.9408,302.8841,537.9408,420.2718,254.2993,153.0456,180.2495,47.8486,302.8841,567.3175,431.2593,273.6848,154.9659,205.1494,78.971,313.2732,A1,word_pos,vraiment,ADV,vraiment,ADV
préparer,VERB,A1,beacco,535.8598,222.6347,535.8598,211.7607,195.9172,93.1438,160.1891,39.0192,222.6347,500.5533,224.3898,249.3763,95.9284,129.165,56.7717,231.4962,A1,word_pos,préparer,V,préparer,VER
français,ADJ,A1,beacco,535.0849,547.0295,535.0849,368.0011,629.4738,208.123,503.842,1721.7485,547.0295,1072.8838,495.7521,698.64,318.062,658.9594,1886.2868,709.875,A1,word_pos,français,A,français,ADJ
sans,PREP,A1,beacco,532.2128,1162.99,532.2128,1155.9831,1468.367,1405.4389,1016.0465,806.003,1162.99,456.8113,1324.3205,1616.1774,1831.5618,1260.6823,1338.5515,1347.787,A1,word_pos,sans,PREP,sans,PRP
adorer,VERB,A1,beacco,530.194,136.6405,530.194,163.4157,66.3354,17.4464,9.3035,2.0587,136.6405,637.3647,149.3208,55.1359,27.2478,6.0005,4.0185,139.8898,A1,word_pos,adorer,V,adorer,VER
heure,NOUN,A1,beacco,529.4189,324.1363,529.4189,393.937,257.0969,306.4363,189.8929,57.7365,324.1363,2456.0033,1256.9327,999.0123,1575.8291,597.2663,285.9783,1270.7439,A1,word_pos,heure,N,heure,NOM
aider,VERB,A1,beacco,527.6161,307.2871,527.6161,353.443,238.9656,261.2783,175.8646,130.2559,307.2871,572.1163,369.2804,288.0627,283.5655,200.7962,135.3747,332.7336,A1,word_pos,aider,V,aider,VER
trois,DET,A1,crf_first_attested,526.2341,491.7378,526.2341,525.0053,488.1672,480.8965,393.9873,301.3469,491.7378,,,,,,,,,crf_only,trois,DET,,
parce que,CONJ,A1,crf_first_attested,526.0478,583.4665,526.0478,655.6505,542.3771,616.4803,491.1941,385.5006,583.4665,,,,,,,,,crf_only,parce que,CONJS,,
comprendre,VERB,A1,beacco,519.4456,550.3149,519.4456,607.4512,495.9649,783.5602,382.6575,276.6039,550.3149,531.4685,638.6088,625.948,851.4895,419.3532,503.8894,627.8528,A1,word_pos,comprendre,V,comprendre,VER
copain,NOUN,A1,beacco,519.1471,132.1925,519.1471,157.0012,47.602,14.5038,52.3355,0.0,132.1925,281.0214,120.8942,28.8615,8.4014,40.1357,0.0,84.7673,A1,word_pos,copain,N,copain,NOM
préférer,VERB,A1,beacco,519.1437,186.7721,519.1437,185.2537,95.9261,109.0192,84.554,166.5373,186.7721,534.6636,229.7464,111.4539,133.674,88.3167,145.006,201.25,A1,word_pos,préférer,V,préférer,VER
blanc,ADJ,A1,beacco,507.9829,278.8152,507.9829,432.5765,246.9771,121.5068,65.7904,4.1173,278.8152,668.3374,407.0583,291.7135,146.3091,127.9249,4.0185,311.8147,A1,word_pos,blanc,A,blanc,ADJ
restaurant,NOUN,A1,beacco,497.4165,141.2765,497.4165,85.2744,80.1169,122.9424,52.5248,0.0,141.2765,602.0668,92.3835,88.8051,125.3489,40.0479,0.0,148.6608,A1,word_pos,restaurant,N,restaurant,NOM
salle,NOUN,A1,beacco,494.4423,335.0708,494.4423,590.7262,222.4915,171.3584,125.5427,56.9312,335.0708,493.3535,593.7713,214.6558,194.6627,120.4072,86.9662,334.2111,A1,word_pos,salle,N,salle,NOM
tour,NOUN,A1,beacco,494.1332,243.0385,494.1332,185.4226,171.9109,323.5156,139.1993,12.9876,243.0385,429.4942,253.3794,236.8682,402.0651,181.032,12.833,288.197,A1,word_pos,tour,N,tour,NOM
tu,DET,A1,crf_first_attested,493.7582,164.5562,493.7582,243.0593,88.4509,20.8676,12.7628,0.0,164.5562,,,,,,,,,crf_only,tu,DET,,
musique,NOUN,A1,beacco,488.6275,238.9046,488.6275,185.1058,281.7797,113.2941,103.1024,9.6228,238.9046,487.8106,240.5298,295.4517,106.6866,114.8445,19.328,256.2126,A1,word_pos,musique,N,musique,NOM
écrire,VERB,A1,beacco,483.2156,448.4355,483.2156,283.4478,352.2049,535.4631,476.3217,704.4308,448.4355,494.9188,334.8676,432.5634,546.8009,383.6691,363.6706,445.6552,A1,word_pos,écrire,V,écrire,VER
photo,NOUN,A1,beacco,483.0275,163.6633,483.0275,99.6067,87.7685,166.233,120.513,0.0,163.6633,511.1007,129.0133,79.9898,169.9472,112.8614,0.0,167.4624,A1,word_pos,photo,N,photo,NOM
gens,NOUN,A1,beacco,481.1349,542.897,481.1349,649.6799,586.7844,514.5184,370.2079,114.1335,542.897,514.5968,630.9494,554.1076,597.3373,371.2665,170.3152,551.9006,A1,word_pos,gens,N,gens,NOM
beau,ADJ,A1,beacco,472.1643,199.8517,472.1643,274.9864,123.4621,142.9973,41.4596,56.9312,199.8517,1341.0359,980.7591,493.3806,591.1933,278.0214,192.6297,701.9926,A1,word_pos,beau,A,beau,ADJ
jouer,VERB,A1,beacco,468.3184,370.3902,468.3184,326.0225,354.318,337.8406,402.398,171.2003,370.3902,397.265,396.287,313.0336,344.5083,325.1379,154.9424,353.1935,A1,word_pos,jouer,V,jouer,VER
gentil,ADJ,A1,beacco,466.6073,104.984,466.6073,120.5362,37.4793,14.8429,6.4168,0.0,104.984,430.003,124.8497,38.9048,19.3845,6.8846,0.0,103.8003,A1,word_pos,gentil,A,gentil,ADJ
voyage,NOUN,A1,beacco,462.4209,259.5628,462.4209,363.199,221.8274,96.2875,130.7756,38.491,259.5628,355.4912,403.9868,190.125,113.5659,107.2298,38.656,238.04,A1,word_pos,voyage,N,voyage,NOM
région,NOUN,A1,beacco,460.8284,219.0343,460.8284,150.7338,279.8613,20.8262,178.2496,25.9752,219.0343,464.2892,146.4346,243.4017,36.3552,239.3357,25.6659,212.3073,A1,word_pos,région,N,région,NOM
raconter,VERB,A1,beacco,460.408,279.2611,460.408,316.0733,263.4863,233.5523,153.6272,19.2455,279.2611,402.194,331.4449,328.9911,265.4952,135.2963,38.656,304.364,A1,word_pos,raconter,V,raconter,VER
visiter,VERB,A1,beacco,457.0032,142.5861,457.0032,149.335,126.2721,47.1452,1.6042,0.0,142.5861,505.4389,153.2169,98.8804,31.2705,3.4423,0.0,132.3897,A1,word_pos,visiter,V,visiter,VER
lire,VERB,A1,beacco,455.2526,409.7067,455.2526,312.6925,350.6623,799.4678,260.2664,79.7941,409.7067,457.8558,370.0287,321.8942,748.759,252.4432,77.5234,405.7277,A1,word_pos,lire,V,lire,VER
après-midi,NOUN,A1,beacco,454.9101,168.9456,,,,,,,,454.9101,197.273,86.5888,128.6947,100.1198,0.0,168.9456,A1,beacco_only,,,après-midi,NOM
entendre,VERB,A1,beacco,451.8056,701.6861,451.8056,872.2843,719.5458,967.6446,352.4141,385.3263,701.6861,583.4018,841.623,803.4971,941.5543,333.5997,534.6803,743.4353,A1,word_pos,entendre,V,entendre,VER
cher,ADJ,A1,beacco,450.6836,273.0091,450.6836,233.8482,303.1983,170.7185,242.4754,39.0192,273.0091,123.8721,121.4446,112.1564,24.684,51.4303,0.0,95.0654,A1,word_pos,cher,A,cher,ADJ
en,PRON,A1,beacco,442.7153,1391.9314,442.7153,1384.6711,1676.4765,1704.8394,1521.7058,1258.2118,1391.9314,850.9738,1716.3897,2127.8014,1889.0842,1663.4821,1878.4688,1749.5856,A1,word_pos,en,PRO,en,PRO
porte,NOUN,A1,beacco,441.8016,577.5864,441.8016,607.5102,600.4575,1064.3337,140.0574,10.2933,577.5864,409.0922,611.5292,621.3631,1083.3682,135.6123,4.0185,595.8551,A1,word_pos,porte,N,porte,NOM
possible,ADJ,A1,beacco,440.2056,239.9934,440.2056,256.4394,168.2245,133.1213,227.8575,311.794,239.9934,383.9757,270.5884,186.9248,183.6359,295.7083,333.2213,258.2161,A1,word_pos,possible,A,possible,ADJ
magnifique,ADJ,A1,beacco,438.8562,127.076,438.8562,111.7777,130.3162,8.4175,0.0,0.0,127.076,459.2922,99.5375,117.55,14.4824,0.0,0.0,122.6359,A1,word_pos,magnifique,A,magnifique,ADJ
voilà,ADV,A1,beacco,434.2609,352.8409,,,,,,,,434.2609,479.6705,257.3578,422.6668,154.5671,171.4545,352.8409,A1,beacco_only,,,voilà,ADV
problème,NOUN,A1,beacco,434.234,340.3025,434.234,339.1602,198.2443,187.6802,545.6221,358.0168,340.3025,426.3875,325.5001,173.0423,152.0322,462.3625,363.5044,301.4174,A1,word_pos,problème,N,problème,NOM
nom,NOUN,A1,beacco,433.6528,470.2634,433.6528,383.0474,441.3775,708.5775,415.6824,157.2595,470.2634,358.7324,462.7507,550.3389,613.2838,380.2977,187.3741,482.213,A1,word_pos,nom,N,nom,NOM
acheter,VERB,A1,beacco,432.999,202.3963,432.999,273.1659,136.4678,78.7747,164.3803,39.0461,202.3963,458.3707,272.3286,177.2441,115.4534,211.486,4.0185,225.005,A1,word_pos,acheter,V,acheter,VER
heureux,ADJ,A1,beacco,431.5043,233.299,431.5043,374.985,210.4888,71.2455,45.6223,0.0,233.299,401.7524,401.1654,255.5808,99.0287,26.3397,0.0,248.0456,A1,word_pos,heureux,A,heureux,ADJ
mois,NOUN,A1,crf_first_attested,427.8723,526.6487,427.8723,639.7298,676.3561,295.6854,440.5716,174.4076,526.6487,,,,,,,,,crf_only,mois,N,,
cinéma,NOUN,A1,beacco,427.5142,177.8087,427.5142,173.0165,115.9036,141.7823,80.339,9.6228,177.8087,489.1008,175.9389,69.6436,123.6954,91.5429,19.328,158.7652,A1,word_pos,cinéma,N,cinéma,NOM
vrai,ADJ,A1,beacco,427.1292,346.3263,427.1292,436.4583,269.6679,367.2573,165.4438,252.9565,346.3263,538.0035,514.5419,343.906,484.0511,201.0912,290.1635,419.8399,A1,word_pos,vrai,A,VRAI,ADJ
bien sûr,ADV,A1,crf_first_attested,426.3315,226.8736,426.3315,141.841,225.3458,193.5111,168.808,185.0677,226.8736,,,,,,,,,crf_only,bien sûr,ADV,,
et puis,CONJ,A1,crf_first_attested,424.854,193.5203,424.854,303.5884,102.1886,134.171,72.5656,0.0,193.5203,,,,,,,,,crf_only,et puis,CONJC,,
jamais,ADV,A1,beacco,424.0952,599.4708,424.0952,607.329,666.4687,759.1687,553.9432,244.4446,599.4708,455.3955,647.5894,738.7387,778.9232,501.5791,323.1451,637.9541,A1,word_pos,jamais,ADV,jamais,ADV
question,NOUN,A1,beacco,416.5968,397.7727,416.5968,224.0198,270.0079,423.0837,700.095,945.7442,397.7727,504.089,272.4558,319.3346,512.0332,768.2213,791.4053,450.3313,A1,word_pos,question,N,question,NOM
téléphone,NOUN,A1,beacco,411.3698,181.1708,411.3698,109.6921,87.7544,173.3229,241.391,12.9876,181.1708,313.9597,108.7922,114.7916,238.5885,274.5576,12.833,193.9261,A1,word_pos,téléphone,N,téléphone,NOM
croire,VERB,A1,beacco,410.5376,573.4407,410.5376,665.2901,624.3235,798.7986,286.4797,175.9901,573.4407,400.2816,752.9324,679.7253,946.8253,289.9379,228.8816,641.5095,A1,word_pos,croire,V,croire,VER
table,NOUN,A1,beacco,408.7049,251.3993,408.7049,374.4097,155.738,309.0363,34.062,0.0,251.3993,313.0606,243.5479,193.0876,337.436,51.4303,0.0,231.1702,A1,word_pos,table,N,table,NOM
laisser,VERB,A1,beacco,407.3421,566.4744,407.3421,723.9496,485.6522,827.1463,355.9584,243.6257,566.4744,322.1099,676.9574,606.7888,775.6951,358.5019,302.5236,578.9165,A1,word_pos,laisser,V,laisser,VER
eux,PRON,A1,beacco,405.5984,481.2796,405.5984,385.4917,635.27,383.2927,579.0644,181.6559,481.2796,440.7667,473.4109,593.1074,483.0007,659.8695,286.1253,525.6268,A1,word_pos,eux,PRO,eux,PRO
hôtel,NOUN,A1,beacco,404.3313,174.9398,404.3313,148.3773,117.5319,292.3813,3.1012,0.0,174.9398,370.7721,207.03,111.924,277.1838,6.0005,0.0,181.1225,A1,word_pos,hôtel,N,hôtel,NOM
même,ADJ,A1,beacco,402.7835,684.9277,402.7835,720.7809,498.7187,1173.3357,675.839,1008.1879,684.9277,465.912,866.2343,827.9285,1272.5521,937.0492,1204.7183,900.835,A1,word_pos,même,A,même,ADJ
pourquoi,ADV,A1,beacco,400.2369,334.2982,400.2369,313.2704,245.5252,453.8831,295.4121,324.7939,334.2982,706.0692,611.6478,517.1286,640.5662,392.2193,111.7223,561.2054,A1,word_pos,pourquoi,ADV,pourquoi,ADV
eh,INT,A1,beacco,398.2289,231.0738,,,,,,,,398.2289,376.6957,129.326,278.5621,20.024,0.0,231.0738,A1,beacco_only,,,eh,INT
es,NOUN,A1,crf_first_attested,395.2985,163.9957,395.2985,316.6981,80.2372,31.3313,10.2669,0.0,163.9957,,,,,,,,,crf_only,es,N,,
oeil,NOUN,A1,beacco,394.3477,477.8294,394.3477,696.6093,466.3702,481.5692,254.3237,28.5334,477.8294,376.8318,717.9535,572.0339,699.7446,193.04,56.7717,543.7481,A1,word_pos,oeil,N,oeil,NOM
h,ADV,A1,crf_first_attested,392.8779,63.0872,392.8779,30.0439,17.045,0.0,0.0,0.0,63.0872,,,,,,,,,crf_only,h,ADV,,
collège,NOUN,A1,beacco,391.0263,132.1348,391.0263,165.5288,48.5444,27.779,106.714,0.0,132.1348,410.4257,105.2991,37.3807,8.2319,12.0009,0.0,95.9559,A1,word_pos,collège,N,collège,NOM
marcher,VERB,A1,beacco,388.8211,251.7268,388.8211,278.2704,248.1891,155.7866,93.4128,136.7505,251.7268,357.5523,272.8377,241.777,208.4094,58.4378,12.833,245.1108,A1,word_pos,marcher,V,marcher,VER
cuisine,NOUN,A1,beacco,383.587,139.3998,383.587,147.3505,112.7378,74.831,15.6669,0.0,139.3998,463.3158,148.0349,125.0903,71.8665,31.3528,0.0,156.7252,A1,word_pos,cuisine,N,cuisine,NOM
toutes,ADJ,A1,crf_first_attested,383.3439,522.7776,383.3439,437.4262,522.7248,724.4471,606.2945,308.3862,522.7776,,,,,,,,,crf_only,toutes,A,,
rencontrer,VERB,A1,beacco,379.0156,313.0035,379.0156,451.7781,285.5185,276.5064,108.4254,112.7361,313.0035,422.774,392.84,254.2838,297.7518,104.2058,56.7717,292.9908,A1,word_pos,rencontrer,V,rencontrer,VER
seulement,ADV,A1,beacco,374.6942,347.2878,374.6942,356.2213,245.6542,347.5214,412.0012,461.642,347.2878,440.9701,408.718,323.0828,470.1346,500.2763,548.2831,426.6582,A1,word_pos,seulement,ADV,seulement,ADV
eau,NOUN,A1,beacco,374.0729,339.2701,374.0729,325.5185,481.2526,99.8603,221.6917,326.0806,339.2701,537.9263,301.5468,547.9919,122.736,307.5979,451.9636,387.0985,A1,word_pos,eau,N,eau,NOM
triste,ADJ,A1,beacco,372.2296,177.24,372.2296,264.7341,150.1329,66.2665,9.8488,0.0,177.24,351.9392,292.965,160.1258,105.1793,20.024,0.0,194.4736,A1,word_pos,triste,A,triste,ADJ
près de,PREP,A1,crf_first_attested,367.0768,318.9965,367.0768,394.7304,276.6815,202.156,245.887,219.1475,318.9965,,,,,,,,,crf_only,près de,PREP,,
occuper,VERB,A1,beacco,366.2339,251.048,366.2339,221.2994,260.0302,248.5541,117.2798,214.5793,251.048,397.8302,296.7315,289.6685,250.965,133.8641,227.0869,277.1574,A1,word_pos,occuper,V,occuper,VER
chaud,ADJ,A1,beacco,366.0869,109.3718,366.0869,79.3832,70.5273,14.3184,32.8328,96.3631,109.3718,327.7957,67.7085,95.467,30.5915,40.6321,78.971,112.9326,A1,word_pos,chaud,A,chaud,ADJ
déjà,ADV,A1,beacco,365.4961,513.2445,365.4961,529.5733,505.1428,594.6275,579.9517,276.9808,513.2445,354.1224,535.349,542.8687,461.4478,780.1626,220.886,520.6778,A1,word_pos,déjà,ADV,déjà,ADV
peut - être,ADV,A1,crf_first_attested,363.0331,369.5592,363.0331,433.3181,296.8556,713.8355,157.4313,6.4938,369.5592,,,,,,,,,crf_only,peut - être,ADV,,
nuit,NOUN,A1,beacco,359.9227,449.9565,359.9227,612.9098,394.6263,685.8008,163.7346,44.2742,449.9565,415.419,679.2155,565.743,796.224,142.5474,134.1811,538.5295,A1,word_pos,nuit,N,nuit,NOM
personne,PRON,A1,crf_first_attested,359.7484,308.8943,359.7484,427.4361,223.52,453.5106,140.7616,0.0,308.8943,,,,,,,,,crf_only,personne,PRO,,
fils,NOUN,A1,crf_first_attested,357.2294,216.8843,357.2294,305.7509,182.3409,173.4561,33.8984,9.6228,216.8843,,,,,,,,,crf_only,fils,N,,
découvrir,VERB,A1,beacco,352.7938,255.5508,352.7938,287.286,225.9668,169.7173,191.6178,180.6399,255.5508,313.6834,337.2854,310.9851,225.0583,158.0195,230.2578,288.8421,A1,word_pos,découvrir,V,découvrir,VER
arrêter,VERB,A1,beacco,352.0201,402.9954,352.0201,502.5132,409.694,419.5783,165.3228,96.9035,402.9954,354.7876,560.5172,419.1214,467.909,199.0888,56.7717,436.4283,A1,word_pos,arrêter,V,arrêter,VER
monter,VERB,A1,beacco,350.2962,273.4018,350.2962,354.091,248.8144,245.5286,123.3784,4.1173,273.4018,316.1752,385.8814,282.5252,248.818,106.0365,0.0,274.4476,A1,word_pos,monter,V,monter,VER
dormir,VERB,A1,beacco,349.5786,193.7088,349.5786,203.3892,76.0618,190.1913,167.8991,68.1256,193.7088,297.5826,280.9941,99.577,260.2987,143.9872,25.6659,217.5919,A1,word_pos,dormir,V,dormir,VER
d'abord,ADV,A1,beacco,348.3805,318.4814,,,,,,,,348.3805,303.008,260.6,323.5577,406.6752,252.6228,318.4814,A1,beacco_only,,,d'abord,ADV
difficile,ADJ,A1,beacco,342.0016,211.1261,342.0016,120.2747,206.1739,104.0772,309.6414,170.7936,211.1261,331.754,158.6894,212.079,143.0693,343.4273,145.006,228.3352,A1,word_pos,difficile,A,difficile,ADJ
ensuite,ADV,A1,beacco,338.8515,282.882,338.8515,320.3245,222.496,271.5603,288.5066,56.5655,282.882,309.8639,331.1301,251.383,253.3258,284.303,44.6051,280.4293,A1,word_pos,ensuite,ADV,ensuite,ADV
donc,ADV,A1,beacco,338.6244,739.9011,338.6244,637.9318,743.4332,775.8901,1137.5675,957.5562,739.9011,318.9716,694.6825,790.6018,821.3836,1171.0032,1219.799,785.8032,A1,word_pos,donc,ADV,donc,ADV
livre,NOUN,A1,beacco,337.433,284.8447,337.433,330.3721,177.8466,222.5276,348.9093,319.7495,284.8447,301.5694,323.1625,188.793,226.8649,294.3485,306.2805,273.1286,A1,word_pos,livre,N,livre,NOM
jardin,NOUN,A1,beacco,336.8658,168.7583,336.8658,170.1731,151.0075,65.2342,154.6536,0.0,168.7583,333.1464,210.6639,152.0197,70.062,112.401,0.0,170.4104,A1,word_pos,jardin,N,jardin,NOM
joli,ADJ,A1,beacco,335.2315,119.619,335.2315,159.1226,73.0488,4.0241,52.2481,12.9876,119.619,356.1982,194.8083,110.5931,8.9666,50.0526,12.833,140.7456,A1,word_pos,joli,A,joli,ADJ
montrer,VERB,A1,beacco,334.5578,380.2709,334.5578,300.8455,397.4402,521.1463,397.3034,153.4441,380.2709,356.7606,360.6687,362.4504,497.3077,478.0844,134.1811,394.5527,A1,word_pos,montrer,V,montrer,VER
où,ADV,A1,beacco,329.6458,95.826,329.6458,68.1195,77.7469,39.6154,6.2023,9.6228,95.826,300.0987,91.985,106.3945,58.2404,12.0009,19.328,109.4815,A1,word_pos,où,ADV,où,ADV
important,ADJ,A1,beacco,328.7262,342.5309,328.7262,325.3353,307.7565,282.2906,372.3139,458.8707,342.5309,249.4978,413.4014,261.6455,205.8988,345.4378,346.4916,306.7872,A1,word_pos,important,A,important,ADJ
fin,NOUN,A1,beacco,327.5123,272.0328,327.5123,255.9249,262.6955,220.7719,251.1071,208.0486,272.0328,388.2303,332.9077,284.8144,293.2514,329.7661,208.1843,320.1231,A1,word_pos,fin,N,fin,NOM
appartement,NOUN,A1,beacco,325.9505,120.7436,325.9505,127.1923,87.0888,71.0915,12.4046,0.0,120.7436,300.8519,130.1854,97.3084,111.0034,12.0009,0.0,126.8556,A1,word_pos,appartement,N,appartement,NOM
oublier,VERB,A1,beacco,325.8068,304.8371,325.8068,391.1866,344.2419,238.0776,188.7735,19.2455,304.8371,283.5408,351.3458,348.2604,256.2482,242.168,38.656,308.3872,A1,word_pos,oublier,V,oublier,VER
avant,PREP,A1,beacco,325.4546,249.8844,325.4546,267.9046,250.5159,155.7052,263.077,101.5791,249.8844,448.7677,605.9729,696.1651,571.9103,854.5437,454.1738,632.9018,A1,word_pos,avant,PREP,avant,PRP
train,NOUN,A1,beacco,324.5044,109.1912,324.5044,38.3587,156.7829,26.6597,55.1534,9.6228,109.1912,379.1861,204.0559,268.4933,122.5911,108.1167,95.2552,219.582,A1,word_pos,train,N,train,NOM
autres,PRON,A1,crf_first_attested,322.9531,461.6643,322.9531,331.4279,591.4591,489.8034,436.2146,393.2531,461.6643,,,,,,,,,crf_only,autres,PRO,,
pont,NOUN,A1,beacco,322.2713,74.3147,322.2713,33.1406,25.7277,90.7704,3.1012,0.0,74.3147,229.6104,35.6946,52.475,72.9052,6.0005,0.0,72.9362,A1,word_pos,pont,N,pont,NOM
montagne,NOUN,A1,beacco,318.8325,169.4195,318.8325,132.9803,163.3063,55.188,36.8529,0.0,169.4195,313.1285,144.4909,208.314,60.2575,36.3157,0.0,180.4934,A1,word_pos,montagne,N,montagne,NOM
devenir,VERB,A1,beacco,317.4167,849.2863,317.4167,1018.9818,1120.3771,659.2011,897.394,440.2429,849.2863,324.0401,950.1412,1078.2204,666.7201,862.8571,593.8769,822.3402,A1,word_pos,devenir,V,devenir,VER
soeur,NOUN,A1,beacco,316.0632,176.2601,316.0632,382.5821,77.4828,50.2744,32.7469,43.6102,176.2601,325.9399,360.6336,100.5381,44.5431,26.3397,12.833,172.6984,A1,word_pos,soeur,N,soeur,NOM
tout,ADJ,A1,crf_first_attested,312.8691,281.4036,312.8691,266.8038,287.3148,285.0722,213.2052,187.4754,281.4036,,,,,,,,,crf_only,tout,A,,
pour,CONJ,A1,beacco,311.7883,625.8446,,,,,,,,311.7883,536.9751,763.8832,549.4186,822.8905,846.1485,625.8446,A1,beacco_only,,,pour,KON
écouter,VERB,A1,beacco,310.4591,207.2563,310.4591,271.9181,178.0623,166.651,124.676,0.0,207.2563,359.5751,349.8037,235.915,242.9361,92.2241,0.0,255.2969,A1,word_pos,écouter,V,écouter,VER
dimanche,NOUN,A1,beacco,307.7084,136.0662,307.7084,112.7618,164.7645,37.7254,62.565,0.0,136.0662,222.7219,130.9071,125.1456,36.7918,51.9203,0.0,117.2921,A1,word_pos,dimanche,N,dimanche,NOM
minute,NOUN,A1,beacco,306.1942,242.7852,306.1942,294.9374,177.9944,139.2044,183.4454,212.0013,242.7852,266.7859,282.2372,208.1059,230.6297,195.5687,127.4317,245.9091,A1,word_pos,minute,N,minute,NOM
professeur,NOUN,A1,beacco,304.8636,170.6389,304.8636,80.4584,81.9642,217.8565,161.5338,350.3381,170.6389,293.5939,73.162,67.797,236.0291,180.1846,524.9933,166.9316,A1,word_pos,professeur,N,professeur,NOM
long,ADJ,A1,beacco,303.3651,352.4572,303.3651,365.8743,369.2214,460.5422,177.7354,90.1717,352.4572,183.4503,143.6363,211.7872,201.2488,49.2784,19.328,182.6298,A1,word_pos,long,A,long,ADJ
mer,NOUN,A1,beacco,303.3204,126.1673,303.3204,67.7651,101.4957,113.7194,113.1521,2.0587,126.1673,282.2265,107.0345,110.0218,113.4894,125.8231,4.0185,143.1696,A1,word_pos,mer,N,mer,NOM
mari,NOUN,A1,beacco,303.0618,209.5838,303.0618,189.9129,223.3165,150.0318,82.6614,64.3237,209.5838,278.2646,206.5115,226.1906,195.9467,110.3589,95.2552,224.6242,A1,word_pos,mari,N,mari,NOM
garçon,NOUN,A1,beacco,302.5073,244.9356,302.5073,293.9166,216.0044,242.5752,117.017,28.8683,244.9356,402.6564,312.7262,199.1313,303.4334,107.8881,38.656,264.2524,A1,word_pos,garçon,N,garçon,NOM
ouvrer,VERB,A1,crf_first_attested,302.2718,202.455,302.2718,220.0824,191.1368,145.2117,98.8577,69.3619,202.455,,,,,,,,,crf_only,ouvrer,V,,
chien,NOUN,A1,beacco,302.1127,128.4136,302.1127,155.8777,99.0238,12.7949,8.021,84.4193,128.4136,311.1969,168.2837,127.6495,30.3518,10.3269,0.0,130.4113,A1,word_pos,chien,N,chien,NOM
même,ADV,A1,beacco,300.8639,582.97,300.8639,495.5589,625.3054,663.5351,862.569,385.6609,582.97,341.2427,633.5155,825.7638,1107.5763,1283.0329,925.0552,823.4877,A1,word_pos,même,ADV,même,ADV
contre,PREP,A1,beacco,300.1064,615.1946,300.1064,347.5935,785.5214,507.6545,999.571,1009.9396,615.1946,287.4152,410.6722,762.3873,434.6623,1001.5677,964.1605,601.6105,A1,word_pos,contre,PREP,contre,PRP
presque,ADV,A1,beacco,295.657,251.0604,295.657,252.3879,254.8621,248.0935,225.0218,67.3593,251.0604,216.0695,219.1908,264.2292,305.1109,195.5687,77.312,239.904,A1,word_pos,presque,ADV,presque,ADV
perdre,VERB,A1,beacco,291.5156,325.9791,291.5156,367.4457,335.7881,371.6612,266.8916,69.3619,325.9791,176.776,373.7592,373.1912,432.8094,225.1442,86.9662,326.7009,A1,word_pos,perdre,V,perdre,VER
après - midi,NOUN,A1,crf_first_attested,290.5833,126.7693,290.5833,147.5486,81.5182,94.6553,71.5728,0.0,126.7693,,,,,,,,,crf_only,après - midi,N,,
ouvrir,VERB,A1,beacco,289.3038,317.4151,289.3038,369.2256,237.8817,562.832,166.3523,193.1112,317.4151,288.4118,420.9927,248.9587,593.3554,186.7954,113.6757,330.6364,A1,word_pos,ouvrir,V,ouvrir,VER
jusque à,PREP,A1,crf_first_attested,288.4905,264.9684,288.4905,229.1586,244.1713,250.2113,282.6936,185.4324,264.9684,,,,,,,,,crf_only,jusque à,PREP,,
assez,ADV,A1,beacco,286.5647,250.4667,286.5647,228.0105,196.0029,395.7288,201.3434,92.7691,250.4667,325.7485,289.3872,189.0942,418.9268,255.4356,162.4685,286.6538,A1,word_pos,assez,ADV,assez,ADV
enfin,ADV,A1,beacco,285.9439,401.6723,285.9439,445.8416,401.4505,462.8909,316.0835,276.9808,401.6723,264.5499,469.9146,378.2938,488.6359,341.9356,257.2108,401.1901,A1,word_pos,enfin,ADV,enfin,ADV
idée,NOUN,A1,beacco,284.3903,415.4674,284.3903,388.5914,336.372,726.2514,447.7394,265.6034,415.4674,339.2807,357.1095,394.6309,664.8654,439.5382,270.6723,428.5505,A1,word_pos,idée,N,idée,NOM
magasin,NOUN,A1,beacco,284.122,120.4967,284.122,136.0766,87.198,41.3599,42.8753,87.8525,120.4967,211.131,121.0199,75.7496,61.4797,51.4303,43.8345,107.4246,A1,word_pos,magasin,N,magasin,NOM
sympa,ADJ,A1,beacco,282.5178,50.8026,282.5178,40.288,5.7605,4.2374,0.0,0.0,50.8026,398.5725,63.0385,6.7488,3.8116,0.0,0.0,67.3525,A1,word_pos,sympa,A,sympa,ADJ
bientôt,ADV,A1,beacco,282.0167,186.7184,282.0167,292.7905,171.9944,68.979,35.2448,19.4814,186.7184,280.0287,261.4213,187.6476,90.6908,13.7692,12.833,177.636,A1,word_pos,bientôt,ADV,bientôt,ADV
euro,NOUN,A1,beacco,280.0117,167.4249,280.0117,116.9329,93.2922,62.3153,284.6233,72.0284,167.4249,553.1324,118.5296,191.0091,197.8373,366.6623,192.6297,274.8625,A1,word_pos,euro,N,euro,NOM
vivre,VERB,A1,beacco,278.799,462.5602,278.799,464.8287,608.585,323.6847,440.8263,332.7831,462.5602,364.3825,721.5098,812.0531,742.6087,559.2389,295.3115,667.583,A1,word_pos,vivre,V,vivre,VER
boîte,NOUN,A1,beacco,278.1848,85.4359,278.1848,48.5899,42.2004,97.0747,44.3541,0.0,85.4359,246.7311,41.7626,62.3255,80.124,72.381,0.0,83.9411,A1,word_pos,boîte,N,boîte,NOM
cinq,DET,A1,crf_first_attested,277.0227,234.1045,277.0227,186.4509,229.1375,243.1534,177.8714,214.3524,234.1045,,,,,,,,,crf_only,cinq,DET,,
film,NOUN,A1,beacco,276.9344,301.3716,276.9344,359.1769,285.7755,152.9972,288.5066,73.4243,301.3716,185.913,394.5407,202.2781,134.3917,248.6287,94.5998,264.1041,A1,word_pos,film,N,film,NOM
jeune,NOUN,A1,beacco,275.959,321.6539,275.959,252.3761,329.8955,173.7913,486.1521,115.473,321.6539,237.3068,139.9754,269.3679,88.4044,333.0374,193.2799,236.9119,A1,word_pos,jeune,N,jeune,NOM
d' abord,ADV,A1,crf_first_attested,274.9193,246.5085,274.9193,229.9277,197.8598,275.5235,230.5937,241.092,246.5085,,,,,,,,,crf_only,d' abord,ADV,,
content,ADJ,A1,beacco,273.861,133.5312,273.861,168.4858,91.8777,86.64,15.6669,0.0,133.5312,406.3311,192.1011,81.1894,76.6505,31.3528,0.0,151.9056,A1,word_pos,content,A,content,ADJ
café,NOUN,A1,beacco,270.311,223.713,270.311,87.6785,232.4451,473.3545,76.1452,0.0,223.713,328.1252,86.6703,219.7153,571.6075,101.408,0.0,249.7956,A1,word_pos,café,N,café,NOM
jeudi,NOUN,A1,beacco,269.9565,68.4715,269.9565,16.1703,64.5502,3.4528,10.2524,62.0917,68.4715,281.9032,27.4452,35.1178,10.4511,8.2781,44.6051,65.1715,A1,word_pos,jeudi,N,jeudi,NOM
noir,ADJ,A1,beacco,269.0615,219.3054,269.0615,208.4552,187.8373,140.6098,243.1782,115.473,219.3054,279.7747,174.5089,209.8491,161.8069,297.9564,19.328,220.5271,A1,word_pos,noir,A,noir,ADJ
vener,VERB,A1,crf_first_attested,268.3057,175.5714,268.3057,134.6693,133.062,336.9901,64.2736,0.0,175.5714,,,,,,,,,crf_only,vener,V,,
sous,PREP,A1,beacco,267.9068,381.495,267.9068,396.7025,383.3377,408.6556,387.1266,337.0382,381.495,358.4652,427.4733,636.2057,391.7489,619.2583,393.9751,498.8978,A1,word_pos,sous,PREP,sous,PRP
quatre,DET,A1,crf_first_attested,266.9679,195.2195,266.9679,162.3869,169.6359,194.8497,192.2088,129.478,195.2195,,,,,,,,,crf_only,quatre,DET,,
célèbre,ADJ,A1,beacco,265.2485,164.5262,265.2485,96.8509,175.1981,132.54,16.042,159.9116,164.5262,271.091,124.1205,134.1005,141.2961,24.0961,246.5145,164.6145,A1,word_pos,célèbre,A,célèbre,ADJ
depuis,PREP,A1,beacco,264.6707,767.2695,264.6707,645.949,915.9901,898.2433,921.4725,1130.0057,767.2695,361.5175,736.0858,996.9179,979.156,1134.169,1055.8675,854.7009,A1,word_pos,depuis,PREP,depuis,PRP
été,NOUN,A1,beacco,264.1279,108.186,264.1279,77.4558,97.4756,68.4297,65.157,6.4938,108.186,333.7037,133.1244,93.6738,50.3734,78.6751,56.7717,123.4244,A1,word_pos,été,N,été,NOM
main,NOUN,A1,beacco,263.9021,513.6195,263.9021,665.6106,438.9674,661.0208,407.1683,56.9312,513.6195,299.4058,777.7853,544.4791,880.8631,391.12,170.3152,595.9086,A1,word_pos,main,N,main,NOM
chaque,DET,A1,beacco,261.7249,443.8986,261.7249,298.035,552.9761,371.2616,684.7764,291.831,443.8986,284.7262,330.2227,591.0783,352.8537,653.0277,270.7495,456.6083,A1,unique_word,chaque,DET,chaque,PRO
tout,DET,A1,crf_first_attested,261.6091,369.12,261.6091,249.246,375.3871,475.0019,505.789,499.1721,369.12,,,,,,,,,crf_only,tout,DET,,
lever,VERB,A1,beacco,260.7514,271.1979,260.7514,411.9406,218.7206,237.7994,106.2268,9.6228,271.1979,233.4683,373.8477,234.4727,307.1895,120.3766,19.328,278.5225,A1,word_pos,lever,V,lever,VER
déjeuner,NOUN,A1,beacco,260.3513,59.7756,260.3513,53.6708,16.535,12.133,1.6042,0.0,59.7756,236.9829,60.2165,38.3717,29.3733,10.3269,0.0,72.4677,A1,word_pos,déjeuner,N,déjeuner,NOM
apporter,VERB,A1,beacco,260.3325,232.849,260.3325,213.1004,199.4252,204.2762,303.9952,157.8469,232.849,208.7705,275.6587,189.8025,186.599,289.7528,138.6137,219.6325,A1,word_pos,apporter,V,apporter,VER
bus,NOUN,A1,beacco,259.8358,57.0409,259.8358,17.7409,19.8165,0.0,117.1816,0.0,57.0409,132.3101,21.4581,17.6356,0.0,117.4024,0.0,44.054,A1,word_pos,bus,N,bus,NOM
revoir,VERB,A1,beacco,259.7156,137.0589,259.7156,236.3084,68.196,101.2576,8.021,0.0,137.0589,266.8969,269.2388,48.8413,139.4604,10.3269,0.0,145.6908,A1,word_pos,revoir,V,revoir,VER
tourner,VERB,A1,beacco,258.3182,222.3834,258.3182,297.6351,146.5302,171.043,230.5172,28.8683,222.3834,262.606,331.2832,189.8503,242.1342,234.6331,38.656,249.2875,A1,word_pos,tourner,V,tourner,VER
retour,NOUN,A1,beacco,257.8478,175.6751,257.8478,54.0648,172.3483,139.1396,351.3538,48.0277,175.6751,252.1068,47.9494,164.5938,98.7687,325.8158,56.7717,157.2614,A1,word_pos,retour,N,retour,NOM
naître,VERB,A1,beacco,257.5706,250.4021,257.5706,206.46,217.0118,269.3876,260.3222,343.7653,250.4021,269.7807,219.6693,248.9308,271.5453,207.3614,470.9661,267.5106,A1,word_pos,naître,V,naître,VER
amour,NOUN,A1,beacco,256.8488,200.1638,256.8488,306.0332,154.8507,99.6783,134.3197,87.8525,200.1638,296.5228,409.0761,178.0218,106.2243,87.1382,78.971,235.099,A1,word_pos,amour,N,amour,NOM
lit,NOUN,A1,beacco,255.1325,173.3912,255.1325,308.1726,67.791,145.941,93.8395,9.6228,173.3912,348.4268,350.5563,75.7195,156.2793,103.8406,19.328,203.3539,A1,word_pos,lit,N,lit,NOM
classe,NOUN,A1,beacco,254.8266,102.68,254.8266,50.8067,90.98,31.1004,39.3132,19.4814,102.68,279.7528,100.4866,114.0185,86.9878,133.5996,113.5434,142.9754,A1,word_pos,classe,N,classe,NOM
intéresser,VERB,A1,beacco,253.7706,184.9966,253.7706,161.2551,198.2528,151.6356,174.1029,19.2455,184.9966,313.7416,174.8514,197.2664,237.5085,172.2793,38.656,209.2372,A1,word_pos,intéresser,V,intéresser,VER
proposer,VERB,A1,beacco,253.1414,304.0547,253.1414,247.9482,329.5021,135.2469,427.4109,308.0525,304.0547,247.2923,243.623,307.4138,128.8838,396.6516,354.4884,279.4318,A1,word_pos,proposer,V,proposer,VER
vincent,NOUN,A1,crf_first_attested,252.6739,26.5394,252.6739,2.9679,0.0,0.0,0.0,0.0,26.5394,,,,,,,,,crf_only,vincent,N,,
quartier,NOUN,A1,beacco,251.8402,258.565,251.8402,163.2403,153.2375,606.7343,186.4214,126.3794,258.565,184.736,119.0503,167.7912,583.2025,195.7353,170.3152,234.8861,A1,word_pos,quartier,N,quartier,NOM
porter,VERB,A1,beacco,251.3018,398.2567,251.3018,248.4707,569.9017,460.8236,338.1841,340.8597,398.2567,233.5371,362.9137,591.7083,445.9187,350.4134,269.5866,429.7673,A1,word_pos,porter,V,porter,VER
attention,NOUN,A1,beacco,251.221,191.8453,251.221,230.032,163.942,157.5365,95.8239,136.0308,191.8453,261.4459,214.7581,199.1585,130.8104,112.8614,193.7228,196.5202,A1,word_pos,attention,N,attention,NOM
jeu,NOUN,A1,beacco,250.9909,306.4979,250.9909,223.894,251.3994,219.1453,678.5742,228.3837,306.4979,263.2318,181.7508,286.2653,187.4315,496.3766,332.6082,278.3908,A1,word_pos,jeu,N,jeu,NOM
carte,NOUN,A1,beacco,249.6678,216.236,249.6678,125.6146,168.4398,205.3293,406.2583,9.6228,216.236,250.3086,118.9995,195.5523,201.1456,262.4297,19.328,201.2698,A1,word_pos,carte,N,carte,NOM
peur,NOUN,A1,beacco,247.0011,321.7793,247.0011,581.6627,277.2158,283.8931,154.9632,0.0,321.7793,274.2079,592.2939,337.6861,368.4387,151.4214,0.0,367.2602,A1,word_pos,peur,N,peur,NOM
vin,NOUN,A1,beacco,246.7201,118.6805,246.7201,66.9381,89.7763,83.7598,93.3328,24.704,118.6805,366.0182,86.7594,82.9562,112.9508,94.6959,16.0739,139.2362,A1,word_pos,vin,N,vin,NOM
moins,ADV,A1,beacco,246.4138,450.7633,246.4138,461.6507,501.3244,320.7161,489.5838,771.9582,450.7633,344.7353,740.2819,866.5217,918.4968,1030.53,1751.3844,841.7537,A1,word_pos,moins,ADV,moins,ADV
copine,NOUN,A1,beacco,246.275,31.5226,,,,,,,,246.275,16.0981,3.7375,2.2839,0.0,0.0,31.5226,A1,beacco_only,,,copine,NOM
vendredi,NOUN,A1,beacco,245.9074,62.05,245.9074,18.4619,6.7581,28.0116,15.5058,286.8846,62.05,212.9003,23.7744,10.5951,32.8117,12.0009,240.7752,60.3653,A1,word_pos,vendredi,N,vendredi,NOM
prochain,ADJ,A1,beacco,245.6498,110.8915,245.6498,135.4382,63.7452,23.2106,120.1086,57.7365,110.8915,271.6327,137.3158,62.3339,27.2745,101.622,19.328,106.7978,A1,word_pos,prochain,A,prochain,ADJ
surtout,ADV,A1,beacco,245.2383,361.5731,245.2383,206.6075,464.8005,335.8074,501.9031,439.8431,361.5731,282.8977,211.221,432.478,312.5443,498.1585,490.9264,352.3972,A1,word_pos,surtout,ADV,surtout,ADV
sac,NOUN,A1,beacco,244.3,120.205,244.3,120.0392,69.5639,128.981,40.9176,0.0,120.205,215.96,129.669,68.2863,111.5323,57.381,0.0,122.0869,A1,word_pos,sac,N,sac,NOM
île,NOUN,A1,beacco,243.2417,86.2358,243.2417,43.1054,66.8869,48.2207,88.9357,43.6102,86.2358,227.9225,56.3343,71.2287,63.8015,65.9532,86.9662,91.9373,A1,word_pos,île,N,île,NOM
décider,VERB,A1,beacco,240.0264,298.6692,240.0264,366.0966,351.0865,132.461,260.2452,204.4937,298.6692,226.2629,424.3253,404.3975,118.2958,240.7531,192.6297,312.6649,A1,word_pos,décider,V,décider,VER
gauche,NOUN,A1,beacco,239.7971,86.2156,239.7971,41.2959,19.8648,105.2839,125.8239,28.8683,86.2156,37.4817,3.2038,3.5822,2.5411,41.2358,0.0,14.0401,A1,word_pos,gauche,N,gauche,NOM
revenir,VERB,A1,beacco,239.6978,434.8261,239.6978,566.217,425.2316,486.5904,354.8348,104.0243,434.8261,248.617,568.7076,513.157,539.4701,297.9079,86.9662,466.6148,A1,word_pos,revenir,V,revenir,VER
maman,NOUN,A1,beacco,239.6856,86.1018,239.6856,70.4029,75.3581,7.0465,20.7298,0.0,86.1018,297.2395,86.0116,99.7922,13.5743,20.024,0.0,100.4539,A1,word_pos,maman,N,maman,NOM
merci,NOUN,A1,beacco,239.4299,39.2672,239.4299,20.0156,4.5702,9.0467,0.0,0.0,39.2672,1086.6485,267.2492,53.8468,83.0304,6.0005,19.328,216.0592,A1,word_pos,merci,N,merci,NOM
loin,ADV,A1,beacco,239.4059,201.0241,239.4059,236.4659,201.9554,107.8385,202.0854,9.6228,201.0241,417.6399,371.0079,438.5412,202.2972,230.6604,202.2974,350.9547,A1,word_pos,loin,ADV,loin,ADV
tranquille,ADJ,A1,beacco,239.3269,122.6336,239.3269,124.7094,81.5977,78.9249,43.212,81.2491,122.6336,178.7005,159.6587,86.417,110.7481,31.5653,56.7717,121.0596,A1,word_pos,tranquille,A,tranquille,ADJ
midi,NOUN,A1,beacco,236.6358,67.8518,236.6358,46.364,34.0847,51.435,29.1381,0.0,67.8518,273.9515,59.5021,50.5959,67.9083,27.403,0.0,83.4151,A1,word_pos,midi,N,midi,NOM
samedi,NOUN,A1,beacco,235.443,62.1183,235.443,48.1129,30.5906,19.6484,12.8336,9.6228,62.1183,256.3593,59.148,50.463,22.6209,20.6538,19.328,77.7188,A1,word_pos,samedi,N,samedi,NOM
pièce,NOUN,A1,beacco,234.0035,307.4708,234.0035,398.0,241.4696,478.4978,162.5994,0.0,307.4708,264.3783,368.4946,264.5919,390.463,139.2481,0.0,295.2391,A1,word_pos,pièce,N,pièce,NOM
plein,ADJ,A1,beacco,233.7172,234.1097,233.7172,330.7432,213.0826,223.0605,130.354,28.8683,234.1097,257.6108,378.9728,302.4323,305.5167,196.3537,86.9662,304.3139,A1,word_pos,plein,A,plein,ADJ
tout le monde,PRON,A1,crf_first_attested,233.2316,172.103,233.2316,158.937,202.4426,142.5018,103.7577,22.1371,172.103,,,,,,,,,crf_only,tout le monde,PRO,,
droite,NOUN,A1,crf_first_attested,231.8775,82.5561,231.8775,47.1927,33.6894,84.7538,115.5681,6.4938,82.5561,,,,,,,,,crf_only,droite,N,,
changer,VERB,A1,beacco,231.066,335.0078,231.066,322.2377,342.6517,322.3559,297.8342,506.1803,335.0078,220.9622,320.5314,292.6317,301.9886,251.3631,427.894,297.408,A1,word_pos,changer,V,changer,VER
expliquer,VERB,A1,beacco,230.7409,417.0869,230.7409,299.5551,339.8898,675.0388,431.9127,958.647,417.0869,221.8424,303.9798,349.0952,674.6672,462.7937,737.2369,414.4201,A1,word_pos,expliquer,V,expliquer,VER
siècle,NOUN,A1,beacco,228.3651,368.1308,228.3651,234.6645,401.7454,298.0528,549.0423,563.0909,368.1308,244.1784,271.8995,364.7774,300.887,558.2801,523.5007,361.7502,A1,word_pos,siècle,N,siècle,NOM
finir,VERB,A1,beacco,227.8703,265.059,227.8703,299.4549,281.8049,340.1544,66.5748,101.5791,265.059,305.2894,338.3298,313.2309,348.086,87.2843,86.9662,297.8739,A1,word_pos,finir,V,finir,VER
là-bas,ADV,A1,beacco,227.5391,117.0299,,,,,,,,227.5391,136.7502,45.1172,110.4119,31.5653,56.7717,117.0299,A1,beacco_only,,,là-bas,ADV
plage,NOUN,A1,beacco,227.3475,52.8253,227.3475,61.469,10.2791,24.7004,6.2023,0.0,52.8253,228.3333,59.71,12.2289,29.0837,6.0005,0.0,53.9446,A1,word_pos,plage,N,plage,NOM
traverser,VERB,A1,beacco,226.7032,142.559,226.7032,116.8656,184.122,68.0974,51.0513,6.4938,142.559,185.8809,87.4684,172.728,111.014,60.0719,12.833,134.1955,A1,word_pos,traverser,V,traverser,VER
continuer,VERB,A1,beacco,226.5892,356.8252,226.5892,414.5676,271.9008,473.2663,391.7164,289.1447,356.8252,198.4015,398.9747,325.0582,526.0489,387.7196,316.3039,372.0825,A1,word_pos,continuer,V,continuer,VER
comme,CONJ,A1,beacco,224.1904,386.07,224.1904,437.4031,426.1572,458.6347,311.0752,264.3656,386.07,1287.8261,1619.6458,1687.1005,1550.6473,1760.5754,1785.6919,1620.3977,A1,word_pos,comme,CONJS,comme,KON
danser,VERB,A1,beacco,223.8965,80.4663,223.8965,97.9601,52.39,14.9275,3.2084,0.0,80.4663,200.9469,79.5825,51.3054,13.6382,6.8846,0.0,72.2475,A1,word_pos,danser,V,danser,VER
froid,ADJ,A1,beacco,223.4444,130.4692,223.4444,185.9257,89.1642,52.0992,84.141,28.5334,130.4692,224.4583,180.2487,107.868,66.2677,40.0479,56.7717,133.0838,A1,word_pos,froid,A,froid,ADJ
rire,VERB,A1,beacco,222.2008,231.3213,222.2008,401.5955,231.8875,112.261,6.2023,9.6228,231.3213,246.7018,409.3112,200.4554,131.4735,6.0005,19.328,233.7087,A1,word_pos,rire,V,rire,VER
bureau,NOUN,A1,beacco,221.1374,239.5211,221.1374,133.4288,186.7431,532.7895,108.7948,79.5562,239.5211,181.1164,99.2191,154.9038,718.9857,65.168,56.7717,229.4286,A1,word_pos,bureau,N,bureau,NOM
gagner,VERB,A1,beacco,219.5495,239.5502,219.5495,403.2036,185.8729,99.4347,286.6497,19.4814,239.5502,194.2223,378.92,177.8033,113.0387,270.5925,25.6659,223.6692,A1,word_pos,gagner,V,gagner,VER
âge,NOUN,A1,beacco,219.1983,198.2193,219.1983,126.7136,219.1188,183.3376,121.2568,231.8533,198.2193,311.4269,283.1961,253.6424,156.9276,225.5637,347.3929,260.0768,A1,word_pos,âge,N,âge,NOM
week-end,NOUN,A1,beacco,218.1995,72.0068,,,,,,,,218.1995,66.3269,44.8026,31.8367,10.3269,0.0,72.0068,A1,beacco_only,,,week-end,NOM
fenêtre,NOUN,A1,beacco,216.4723,248.4589,216.4723,239.6505,110.564,812.0063,24.3636,0.0,248.4589,221.4017,280.417,149.1389,621.1994,20.6179,0.0,251.1209,A1,word_pos,fenêtre,N,fenêtre,NOM
téléphoner,VERB,A1,beacco,216.2973,61.5905,216.2973,20.9359,28.8315,80.2036,10.2669,0.0,61.5905,270.3685,33.0874,29.6891,135.2897,20.6179,0.0,87.442,A1,word_pos,téléphoner,V,téléphoner,VER
emmener,VERB,A1,beacco,214.7335,83.527,214.7335,78.9335,49.2627,25.6956,76.1022,0.0,83.527,156.1473,95.8197,81.6934,37.0003,50.0526,0.0,88.8001,A1,word_pos,emmener,V,emmener,VER
détester,VERB,A1,beacco,214.5787,40.9669,214.5787,6.2586,29.0278,4.7249,13.3747,0.0,40.9669,241.975,9.8758,36.9134,8.2319,19.861,0.0,49.8381,A1,word_pos,détester,V,détester,VER
million,NOUN,A1,beacco,213.479,305.3727,213.479,150.1965,320.6533,245.8427,524.4017,491.1941,305.3727,207.1209,163.0652,315.5462,172.6518,562.7423,534.1792,286.9301,A1,word_pos,million,N,million,NOM
pied,NOUN,A1,beacco,213.3219,226.2913,213.3219,230.9188,294.0399,212.4438,113.469,43.6102,226.2913,214.9443,313.6639,334.0847,259.9954,153.7708,77.4712,275.4,A1,word_pos,pied,N,pied,NOM
nombreux,ADJ,A1,beacco,213.2182,384.398,213.2182,289.1464,510.7558,329.4881,322.1834,785.2029,384.398,261.9942,315.5641,499.7893,297.1941,348.637,952.9018,398.7173,A1,word_pos,nombreux,A,nombreux,ADJ
gare,NOUN,A1,beacco,213.0465,75.3033,213.0465,9.5786,94.5159,80.0316,9.3035,0.0,75.3033,174.8091,19.2254,99.0678,106.0426,6.0005,0.0,81.0764,A1,word_pos,gare,N,gare,NOM
hôpital,NOUN,A1,beacco,211.9487,62.4752,211.9487,76.6451,12.2366,15.2808,56.7888,28.5334,62.4752,206.3212,85.205,10.4694,24.3904,73.3785,56.7717,67.382,A1,word_pos,hôpital,N,hôpital,NOM
hier,ADV,A1,beacco,211.7768,128.6136,211.7768,133.489,59.5965,147.4389,100.6696,87.2723,128.6136,207.3549,159.3079,74.3643,168.5821,24.0018,38.4989,136.2125,A1,word_pos,hier,ADV,hier,ADV
vélo,NOUN,A1,beacco,211.629,92.3138,211.629,29.1765,50.6329,0.0,182.968,0.0,92.3138,224.0513,41.9862,55.6347,0.0,108.0083,0.0,84.5106,A1,word_pos,vélo,N,vélo,NOM
eh bien,ADV,A1,crf_first_attested,211.4743,170.9445,211.4743,291.3991,111.6555,202.5963,3.1012,0.0,170.9445,,,,,,,,,crf_only,eh bien,ADV,,
cadeau,NOUN,A1,beacco,210.1856,64.8833,210.1856,56.7609,37.206,10.597,71.6199,0.0,64.8833,227.1417,95.7274,34.4207,2.2839,40.6321,0.0,68.2851,A1,word_pos,cadeau,N,cadeau,NOM
sport,NOUN,A1,beacco,209.8659,164.1274,209.8659,63.0923,125.8234,84.5798,22.8111,937.9715,164.1274,273.241,61.8351,95.3812,73.6397,20.024,540.361,138.851,A1,word_pos,sport,N,sport,NOM
habitant,NOUN,A1,beacco,209.4087,155.598,209.4087,162.2092,196.8774,72.5931,59.2255,0.0,155.598,181.6074,180.6944,161.9542,90.6479,102.8605,0.0,146.2235,A1,word_pos,habitant,N,habitant,NOM
cher,ADV,A1,beacco,208.9283,107.5724,,,,,,,,208.9283,59.8644,105.9266,67.4886,140.1595,56.7717,107.5724,A1,beacco_only,,,cher,ADV
marché,NOUN,A1,beacco,208.8026,158.0514,208.8026,48.5204,164.4309,103.1599,271.8425,252.921,158.0514,109.1887,70.757,163.6854,95.0464,284.6593,227.3515,148.1919,A1,word_pos,marché,N,marché,NOM
langue,NOUN,A1,beacco,208.1892,372.6959,208.1892,158.3737,220.0522,516.5335,56.5761,2866.0094,372.6959,299.2729,166.7438,232.0824,445.5842,87.4475,1629.5798,349.1186,A1,word_pos,langue,N,langue,NOM
amie,NOUN,A1,crf_first_attested,207.3644,80.7849,207.3644,134.9597,26.7115,50.6565,1.6042,0.0,80.7849,,,,,,,,,crf_only,amie,N,,
envoyer,VERB,A1,beacco,207.1038,214.0148,207.1038,211.7062,214.9123,239.7623,232.0684,9.6228,214.0148,160.0374,246.6948,229.6778,296.3142,279.3183,19.328,234.2927,A1,word_pos,envoyer,V,envoyer,VER
ensemble,ADV,A1,beacco,205.1226,182.8955,205.1226,250.9396,142.8071,106.822,214.5181,9.6228,182.8955,246.5449,295.2455,166.5763,101.4532,201.5046,56.7717,205.2561,A1,word_pos,ensemble,ADV,ensemble,ADV
différent,ADJ,A1,beacco,203.5068,259.7414,203.5068,198.6151,248.2293,128.6151,416.7817,525.2133,259.7414,214.0091,210.2083,237.6628,119.751,436.1088,465.2356,259.6191,A1,word_pos,différent,A,différent,ADJ
moment,NOUN,A1,beacco,203.4507,415.9782,203.4507,596.7281,326.5008,708.0227,271.3748,156.1801,415.9782,235.1037,737.7745,472.2412,783.4806,378.4083,174.0903,525.7507,A1,word_pos,moment,N,moment,NOM
chance,NOUN,A1,beacco,203.1258,140.5735,203.1258,220.4961,63.1603,110.7233,106.714,85.6001,140.5735,229.9155,190.3176,93.3759,140.4094,115.5086,113.6757,148.1696,A1,word_pos,chance,N,chance,NOM
choisir,VERB,A1,beacco,202.7268,277.7936,202.7268,226.6109,280.4613,275.4502,286.8145,429.8657,277.7936,257.452,249.3227,296.1338,261.3337,239.1632,313.5343,275.1907,A1,word_pos,choisir,V,choisir,VER
fort,ADJ,A1,beacco,202.2926,328.0986,202.2926,361.089,306.0272,271.2108,431.3891,344.8224,328.0986,224.8464,365.5647,311.4662,326.6026,374.1551,393.9751,330.9081,A1,word_pos,fort,A,fort,ADJ
meilleur,ADJ,A1,beacco,201.6088,197.0154,201.6088,206.3001,195.6097,96.6042,245.0039,139.0151,197.0154,215.6066,267.191,241.8774,95.0112,230.815,209.3923,228.6315,A1,word_pos,meilleur,A,meilleur,ADJ
installer,VERB,A1,beacco,200.9771,175.0393,200.9771,164.0032,132.7366,164.993,202.9946,107.2896,175.0393,193.4413,167.6542,160.5256,126.7036,186.438,135.3747,171.1097,A1,word_pos,installer,V,installer,VER
étudiant,NOUN,A1,beacco,199.982,103.9206,199.982,107.3775,77.3826,49.0505,15.5058,39.0192,103.9206,240.6649,74.7464,93.6616,64.6325,18.0014,56.7717,108.9295,A1,word_pos,étudiant,N,étudiant,NOM
amoureux,ADJ,A1,beacco,199.8813,112.414,199.8813,226.7305,65.8345,13.8577,31.0115,0.0,112.414,173.6392,169.189,68.4256,12.9899,18.0014,0.0,90.4295,A1,word_pos,amoureux,A,amoureux,ADJ
soirée,NOUN,A1,beacco,198.9539,96.4783,198.9539,109.5993,84.433,63.8825,16.2172,0.0,96.4783,212.9024,101.0246,64.0066,73.6505,27.403,0.0,94.909,A1,word_pos,soirée,N,soirée,NOM
terre,NOUN,A1,beacco,198.9195,375.4278,198.9195,517.5093,410.5891,137.8232,536.4889,231.9532,375.4278,276.042,431.8654,423.6365,200.5678,357.8109,57.984,351.9627,A1,word_pos,terre,N,terre,NOM
essayer,VERB,A1,beacco,198.0417,240.9699,198.0417,246.5428,270.0924,351.9911,98.1407,6.4938,240.9699,58.4961,105.8911,170.6096,111.8016,27.403,12.833,113.5591,A1,word_pos,essayer,V,essayer,VER
courses,NOUN,A1,crf_first_attested,197.7606,76.8694,197.7606,115.6654,47.1372,23.8751,15.6669,0.0,76.8694,,,,,,,,,crf_only,courses,N,,
arbre,NOUN,A1,beacco,197.0092,178.4039,197.0092,261.3807,177.1457,74.6959,49.6184,64.9379,178.4039,192.5326,326.2754,182.256,79.5881,24.0018,12.833,175.7346,A1,word_pos,arbre,N,arbre,NOM
espérer,VERB,A1,beacco,196.7169,120.4833,196.7169,115.1617,77.6546,116.8036,126.2188,81.2491,120.4833,220.9554,119.4332,86.4525,112.6144,120.3766,86.9662,123.082,A1,word_pos,espérer,V,espérer,VER
apprendre,VERB,A1,beacco,195.5977,237.3918,195.5977,292.3849,227.206,215.7598,216.6671,72.7833,237.3918,210.3322,332.7373,237.3357,184.1499,211.486,145.006,245.9543,A1,word_pos,apprendre,V,apprendre,VER
gros,ADJ,A1,beacco,195.5294,317.7281,195.5294,409.5573,338.1262,387.6483,126.2188,67.3593,317.7281,201.1457,412.8965,338.6144,366.5889,147.5659,38.656,312.0165,A1,word_pos,gros,A,gros,ADJ
objet,NOUN,A1,beacco,194.8447,199.8561,194.8447,76.2519,196.397,325.395,338.6738,115.382,199.8561,184.8244,38.2109,182.3875,189.501,348.2582,187.3741,166.1327,A1,word_pos,objet,N,objet,NOM
allô,INT,A1,beacco,194.7473,32.0045,,,,,,,,194.7473,15.1339,0.1029,19.0591,0.0,0.0,32.0045,A1,beacco_only,,,allô,INT
hiver,NOUN,A1,beacco,193.6305,91.231,193.6305,72.7113,121.9548,22.7421,12.4046,0.0,91.231,159.5205,74.8878,134.0125,23.3997,12.0009,0.0,94.4547,A1,word_pos,hiver,N,hiver,NOM
demie,NOUN,A1,crf_first_attested,193.4325,48.2836,193.4325,16.1157,9.2576,75.9931,1.6042,0.0,48.2836,,,,,,,,,crf_only,demie,N,,
descendre,VERB,A1,beacco,191.5677,168.267,191.5677,211.5503,171.6334,157.3326,71.6199,0.0,168.267,167.4426,233.1944,194.7693,179.0222,78.6751,0.0,185.3726,A1,word_pos,descendre,V,descendre,VER
lendemain,NOUN,A1,beacco,191.3031,150.0372,191.3031,186.7022,180.5486,102.8755,15.6669,43.6102,150.0372,181.2953,184.4375,201.6499,78.9659,31.3528,56.7717,154.2032,A1,word_pos,lendemain,N,lendemain,NOM
village,NOUN,A1,beacco,190.9993,211.6714,190.9993,227.6575,267.1423,88.5927,183.3833,28.471,211.6714,187.1341,289.5964,302.759,136.5287,101.622,43.8345,238.7177,A1,word_pos,village,N,village,NOM
tôt,ADV,A1,beacco,190.8906,102.7016,190.8906,79.19,73.3477,133.3806,44.5118,56.9312,102.7016,164.9231,85.0506,93.7258,138.2018,39.722,113.6757,113.5358,A1,word_pos,tôt,ADV,tôt,ADV
crier,VERB,A1,beacco,190.012,310.7533,190.012,488.5519,376.2104,215.0548,61.5213,0.0,310.7533,188.957,407.7929,360.8126,208.2871,46.7967,0.0,292.7014,A1,word_pos,crier,V,crier,VER
à côté de,PREP,A1,crf_first_attested,189.3238,99.6684,189.3238,109.4132,42.1573,99.0221,81.4557,57.7365,99.6684,,,,,,,,,crf_only,à côté de,PREP,,
quitter,VERB,A1,beacco,189.1532,255.855,189.1532,394.9025,238.6685,304.5951,118.4311,38.491,255.855,201.7765,454.2289,324.5572,346.87,157.558,77.312,311.8943,A1,word_pos,quitter,V,quitter,VER
étudiant,ADJ,A1,beacco,188.8115,40.0521,188.8115,31.2098,12.4198,6.9515,0.0,0.0,40.0521,115.9512,15.0562,10.1294,1.2705,0.0,0.0,22.9582,A1,word_pos,étudiant,A,étudiant,ADJ
accompagner,VERB,A1,beacco,187.5935,116.7094,187.5935,97.4489,115.2127,51.0609,89.1065,39.0192,116.7094,214.2923,127.7287,155.5499,55.8505,61.0802,77.4712,136.4806,A1,word_pos,accompagner,V,accompagner,VER
retourner,VERB,A1,beacco,187.5816,174.4054,187.5816,185.4361,190.7879,186.051,45.3131,0.0,174.4054,221.8739,207.1696,202.7453,233.9608,31.3781,0.0,199.9564,A1,word_pos,retourner,V,retourner,VER
déjeuner,VERB,A1,beacco,186.8877,48.9288,186.8877,12.5388,33.5635,42.1216,8.021,0.0,48.9288,124.3455,3.7653,24.1227,31.9278,0.0,0.0,30.6999,A1,word_pos,déjeuner,V,déjeuner,VER
cela,PRON,A1,beacco,186.8564,750.4369,186.8564,690.947,783.8725,1118.3174,1059.0522,545.405,750.4369,2982.0216,2279.9818,1939.3964,2337.7557,1395.4186,581.4678,2094.5273,A1,word_pos,cela,PRO,cela,PRO
tu as,ADV,A1,crf_first_attested,186.4501,99.3521,186.4501,214.0783,45.2789,41.0527,3.1012,0.0,99.3521,,,,,,,,,crf_only,tu as,ADV,,
habiller,VERB,A1,beacco,186.1216,113.2993,186.1216,186.8083,52.5045,125.4884,6.2023,0.0,113.2993,162.8978,195.6934,75.5739,163.1472,6.0005,0.0,127.9681,A1,word_pos,habiller,V,habiller,VER
cours,NOUN,A1,crf_first_attested,185.7263,129.9591,185.7263,74.5798,140.1583,39.5162,239.528,28.8683,129.9591,,,,,,,,,crf_only,cours,N,,
facile,ADJ,A1,beacco,185.4742,106.8835,185.4742,109.5736,86.2548,123.7899,20.5337,39.0192,106.8835,196.1281,120.8691,55.926,142.9935,20.6179,56.7717,104.5866,A1,word_pos,facile,A,facile,ADJ
ancien,ADJ,A1,beacco,185.377,211.7829,185.377,176.7507,238.4802,112.2923,304.0024,195.8409,211.7829,231.3578,223.707,240.1864,81.4158,235.0826,307.0033,217.0542,A1,word_pos,ancien,A,ancien,ADJ
campagne,NOUN,A1,beacco,185.2409,119.6525,185.2409,75.4972,88.5423,106.3282,221.2503,0.0,119.6525,191.9537,102.5674,77.5854,105.4411,290.9459,0.0,129.9344,A1,word_pos,campagne,N,campagne,NOM
par exemple,ADV,A1,crf_first_attested,184.9127,319.4079,184.9127,244.4772,303.9916,217.7919,674.8516,445.4414,319.4079,,,,,,,,,crf_only,par exemple,ADV,,
bleu,ADJ,A1,beacco,184.6269,126.1775,184.6269,105.013,121.159,116.5609,67.7967,39.0461,126.1775,240.9966,137.8884,135.1348,132.1345,50.0526,0.0,143.6669,A1,word_pos,bleu,A,bleu,ADJ
château,NOUN,A1,beacco,182.5418,194.0684,182.5418,407.3925,134.6164,45.054,20.8547,0.0,194.0684,270.7323,437.1518,105.7037,35.8767,13.7692,0.0,193.4479,A1,word_pos,château,N,château,NOM
mai,NOUN,A1,beacco,182.4711,115.4618,182.4711,36.1349,102.1383,95.422,153.377,36.3276,115.4618,180.9633,42.2508,72.5282,94.1957,185.7924,50.4231,109.1985,A1,word_pos,mai,N,mai,NOM
lundi,NOUN,A1,beacco,182.3306,67.2984,182.3306,63.5506,46.8513,4.9879,73.1023,12.9876,67.2984,177.9324,75.5304,56.7997,9.013,80.3223,12.833,73.7245,A1,word_pos,lundi,N,lundi,NOM
remercier,VERB,A1,beacco,180.9699,70.1814,180.9699,87.0453,38.0981,43.6405,14.569,0.0,70.1814,187.0576,88.8076,42.301,63.2108,29.205,0.0,78.8717,A1,word_pos,remercier,V,remercier,VER
client,NOUN,A1,beacco,180.3817,127.5798,180.3817,21.9977,104.6018,325.2575,67.1038,0.0,127.5798,162.8741,44.2956,155.1866,322.2802,80.2715,0.0,159.1946,A1,word_pos,client,N,client,NOM
tous,PRON,A1,crf_first_attested,180.0617,273.3706,180.0617,258.6937,403.6894,168.9467,266.2044,22.1371,273.3706,,,,,,,,,crf_only,tous,PRO,,
là - bas,ADV,A1,crf_first_attested,179.5994,97.0182,179.5994,130.1321,36.437,110.1944,6.4168,19.4814,97.0182,,,,,,,,,crf_only,là - bas,ADV,,
cheveu,NOUN,A1,beacco,177.6785,168.438,177.6785,205.4217,128.1615,262.5408,36.5308,9.6228,168.438,176.96,172.9703,148.7052,289.8186,20.024,19.328,172.4901,A1,word_pos,cheveu,N,cheveu,NOM
leur,PRON,A1,crf_first_attested,177.3631,310.0108,177.3631,360.7758,383.1641,228.8107,230.8551,134.7185,310.0108,,,,,,,,,crf_only,leur,PRO,,
exposition,NOUN,A1,beacco,176.5924,118.8459,176.5924,59.225,88.5069,82.5186,74.1024,228.267,118.8459,149.9907,59.7804,74.5493,94.4695,53.3655,154.9424,98.3705,A1,word_pos,exposition,N,exposition,NOM
tout de suite,ADV,A1,crf_first_attested,175.9047,110.6793,175.9047,227.6477,35.8415,113.8279,12.7628,6.4938,110.6793,,,,,,,,,crf_only,tout de suite,ADV,,
couleur,NOUN,A1,beacco,175.7287,191.8247,175.7287,300.8753,130.1212,174.507,185.4772,9.6228,191.8247,235.3426,281.5328,165.8859,197.8072,147.243,19.328,206.2359,A1,word_pos,couleur,N,couleur,NOM
bruit,NOUN,A1,beacco,175.4696,243.6222,175.4696,221.9147,327.8718,303.4401,46.1803,19.4814,243.6222,146.4294,167.2271,322.2896,270.1675,40.0479,25.6659,217.3479,A1,word_pos,bruit,N,bruit,NOM
dame,NOUN,A1,beacco,175.0923,84.4511,175.0923,58.8456,30.2765,143.3638,18.4508,19.4814,84.4511,198.1272,115.0364,27.4883,99.3414,20.6179,0.0,90.6847,A1,word_pos,dame,N,dame,NOM
mercredi,NOUN,A1,beacco,174.9005,56.869,174.9005,20.1335,55.9993,16.771,12.4046,39.0192,56.869,208.2164,30.7361,32.1607,19.4605,12.0009,56.7717,54.2187,A1,word_pos,mercredi,N,mercredi,NOM
excellent,ADJ,A1,beacco,174.5874,58.6589,174.5874,38.1573,61.9198,12.4561,0.0,9.6228,58.6589,198.118,53.7466,65.6311,15.813,0.0,19.328,68.3645,A1,word_pos,excellent,A,excellent,ADJ
accident,NOUN,A1,beacco,174.191,62.5622,174.191,40.6532,65.819,10.3721,3.2084,68.1256,62.5622,156.3706,41.9601,77.1558,18.9627,6.8846,95.2552,71.4994,A1,word_pos,accident,N,accident,NOM
plusieurs,DET,A1,crf_first_attested,173.7254,339.6327,173.7254,239.6553,338.7957,350.2205,621.0886,460.3366,339.6327,,,,,,,,,crf_only,plusieurs,DET,,
accepter,VERB,A1,beacco,173.2037,136.1372,173.2037,110.2433,175.9767,63.07,77.3268,114.1335,136.1372,137.3789,121.5096,219.1327,52.4102,80.0959,113.5434,143.0022,A1,word_pos,accepter,V,accepter,VER
parfois,ADV,A1,beacco,172.3254,219.2069,172.3254,97.2127,294.1198,185.2461,348.7463,136.3243,219.2069,172.9074,115.8115,293.0743,182.3749,376.5794,206.4962,226.5551,A1,word_pos,parfois,ADV,parfois,ADV
réveiller,VERB,A1,beacco,170.8592,131.6177,170.8592,151.3597,118.3709,156.696,41.4596,0.0,131.6177,142.9902,167.0171,137.0039,131.8928,31.3528,0.0,129.7046,A1,word_pos,réveiller,V,réveiller,VER
libre,ADJ,A1,beacco,170.6049,162.6983,170.6049,170.9878,124.0911,95.7274,213.642,289.5038,162.6983,187.1653,199.5209,125.1261,89.5953,169.8268,273.8885,166.1903,A1,word_pos,libre,A,libre,ADJ
bonjour,NOUN,A1,beacco,170.4381,53.5968,170.4381,83.6202,12.3331,6.257,25.3674,0.0,53.5968,1111.0337,302.5844,33.227,25.5051,20.024,12.833,216.6468,A1,word_pos,bonjour,N,bonjour,NOM
fermer,VERB,A1,beacco,169.9654,147.7353,169.9654,199.5297,99.2239,192.3122,55.3041,0.0,147.7353,223.8342,187.3143,91.8019,259.2706,136.2363,0.0,169.634,A1,word_pos,fermer,V,fermer,VER
ajouter,VERB,A1,beacco,169.7099,182.0679,169.7099,116.8776,134.9248,202.7935,300.8559,245.4054,182.0679,162.2497,116.2602,159.0106,184.2057,253.2767,227.3515,177.3854,A1,word_pos,ajouter,V,ajouter,VER
séjour,NOUN,A1,beacco,169.6017,87.7387,,,,,,,,169.6017,51.1792,62.4588,85.2694,54.0583,0.0,87.7387,A1,beacco_only,,,séjour,NOM
séj,NOUN,A1,crf_first_attested,168.9316,76.3656,168.9316,57.9815,56.868,69.8034,46.1996,0.0,76.3656,,,,,,,,,crf_only,séj,N,,
boire,VERB,A1,beacco,168.8487,157.5136,168.8487,168.3817,127.99,173.906,28.0139,135.1021,157.5136,305.5374,225.7893,223.6228,316.5132,60.0719,213.9065,252.7749,A1,word_pos,boire,V,boire,VER
surprise,NOUN,A1,beacco,168.5546,56.7309,168.5546,37.3609,48.7148,20.5736,31.4551,0.0,56.7309,133.0283,33.7483,29.2289,17.8055,12.0009,0.0,44.233,A1,word_pos,surprise,N,surprise,NOM
bois,NOUN,A1,beacco,168.5494,144.0759,168.5494,159.5951,177.8475,38.9296,109.158,32.9185,144.0759,129.8966,125.2397,171.4577,33.4171,115.4036,52.5084,129.2749,A1,word_pos,bois,N,bois,NOM
rêve,NOUN,A1,beacco,166.7804,126.2571,166.7804,70.0547,175.9022,83.9483,21.7081,62.2019,126.2571,172.5485,84.6499,129.9982,47.5179,12.0009,43.8345,103.5605,A1,word_pos,rêve,N,rêve,NOM
super,ADJ,A1,beacco,166.6412,40.3736,166.6412,58.2235,10.2575,0.0,4.8126,0.0,40.3736,256.6313,100.6736,6.0677,0.0,6.8846,0.0,55.5405,A1,word_pos,super,A,super,ADJ
heureusement,ADV,A1,beacco,166.5245,48.051,166.5245,23.4162,15.3349,32.9323,32.9961,9.6228,48.051,101.778,19.8784,11.1619,21.8239,54.0583,19.328,36.721,A1,word_pos,heureusement,ADV,heureusement,ADV
rappeler,VERB,A1,beacco,166.1515,196.35,166.1515,225.7116,182.0928,227.6627,115.5699,185.5717,196.35,214.9864,255.7098,184.4794,260.5502,125.6679,246.4807,218.991,A1,word_pos,rappeler,V,rappeler,VER
rouge,ADJ,A1,beacco,166.1112,155.9776,166.1112,171.0956,173.5393,118.4267,66.9404,10.2933,155.9776,243.556,196.7586,215.6017,153.6615,76.6769,8.037,190.5408,A1,word_pos,rouge,A,rouge,ADJ
dîner,VERB,A1,beacco,164.7697,68.8651,164.7697,68.1088,51.5975,39.0851,20.7298,0.0,68.8651,212.1314,71.3117,32.3315,65.021,20.024,0.0,73.2782,A1,word_pos,dîner,V,dîner,VER
recheche,NOUN,A1,crf_first_attested,164.1817,308.8946,164.1817,78.5247,241.5816,152.4184,779.6883,1129.4118,308.8946,,,,,,,,,crf_only,recheche,N,,
chocolat,NOUN,A1,beacco,163.4953,34.9499,163.4953,48.574,1.1665,0.0,20.7298,0.0,34.9499,165.626,23.865,7.3253,0.0,40.1357,0.0,33.2304,A1,word_pos,chocolat,N,chocolat,NOM
plaisir,NOUN,A1,beacco,163.3542,175.0058,163.3542,153.4365,169.7256,95.1666,235.1174,227.148,175.0058,173.1331,171.0753,177.892,101.623,195.2453,106.9533,171.3761,A1,word_pos,plaisir,N,plaisir,NOM
maître,NOUN,A1,beacco,163.2715,129.6152,163.2715,66.9999,181.7099,72.2659,147.4998,116.5635,129.6152,135.7864,51.2887,183.9214,83.0565,104.0459,113.6757,118.1389,A1,word_pos,maître,N,maître,NOM
longtemps,ADV,A1,beacco,162.4332,322.0396,162.4332,343.3804,274.7926,368.0484,432.8271,334.9777,322.0396,171.275,363.5974,291.0811,368.5315,394.1777,347.8648,329.3282,A1,word_pos,longtemps,ADV,longtemps,ADV
voici,ADV,A1,beacco,161.6441,135.2112,,,,,,,,161.6441,169.8586,128.001,114.5827,65.168,25.6659,135.2112,A1,beacco_only,,,voici,ADV
numéro,NOUN,A1,beacco,161.1746,76.0397,161.1746,70.3419,48.8678,30.2196,27.9104,92.7691,76.0397,135.4824,83.1705,60.9762,64.2599,18.0014,86.9662,82.5751,A1,word_pos,numéro,N,numéro,NOM
bain,NOUN,A1,beacco,160.024,99.855,160.024,244.988,15.8359,81.9345,9.6252,0.0,99.855,174.5323,196.6233,20.2422,52.2007,3.4423,0.0,84.3559,A1,word_pos,bain,N,bain,NOM
argent,NOUN,A1,beacco,158.934,298.8425,158.934,428.1182,332.5873,272.9061,153.2633,0.0,298.8425,165.6086,465.3337,363.8375,313.8579,131.2211,0.0,327.359,A1,word_pos,argent,N,argent,NOM
euh,INT,A1,beacco,158.7267,40.4502,,,,,,,,158.7267,60.1834,0.4665,1.3018,0.0,0.0,40.4502,A1,beacco_only,,,euh,INT
vêtement,NOUN,A1,beacco,158.4313,126.3741,158.4313,211.767,79.1708,142.2437,25.7756,6.4938,126.3741,187.0042,263.2204,83.2862,159.2451,41.1274,12.833,148.2099,A1,word_pos,vêtement,N,vêtement,NOM
quelqu'un,PRON,A1,beacco,158.1839,257.4629,,,,,,,,158.1839,332.2122,183.0451,456.4813,132.4393,12.833,257.4629,A1,beacco_only,,,quelqu'un,PRO
combien,ADV,A1,beacco,157.3162,81.8201,157.3162,78.0116,68.6248,81.1849,15.7275,43.6102,81.8201,226.9907,88.1401,69.1363,144.7537,61.8536,86.9662,114.0763,A1,word_pos,combien,ADV,combien,ADV
neige,NOUN,A1,beacco,156.6813,64.6458,156.6813,52.5119,83.2014,9.0831,6.2023,0.0,64.6458,125.0729,35.5091,108.1088,4.5679,6.0005,0.0,54.99,A1,word_pos,neige,N,neige,NOM
partout,ADV,A1,beacco,156.3101,150.9713,156.3101,150.7443,151.5364,166.4286,89.1884,72.1635,150.9713,138.4307,168.6391,156.5925,153.0199,108.6005,78.971,155.6629,A1,word_pos,partout,ADV,partout,ADV
centre,NOUN,A1,beacco,156.2732,117.2386,156.2732,118.5567,96.0654,112.3818,130.8697,9.6228,117.2386,189.4381,102.5651,107.6363,113.8936,211.486,86.9662,135.422,A1,word_pos,centre,N,centre,NOM
lieu,NOUN,A1,beacco,155.9904,295.9049,155.9904,141.48,418.8767,303.1603,345.9012,192.1109,295.9049,220.7779,350.9851,547.3006,346.7341,552.6181,396.893,429.4537,A1,word_pos,lieu,N,lieu,NOM
dîner,NOUN,A1,beacco,155.5867,47.5308,155.5867,35.168,39.1494,16.9546,0.0,0.0,47.5308,181.8094,40.2373,59.0913,22.2459,0.0,0.0,59.6267,A1,word_pos,dîner,N,dîner,NOM
recherche,NOUN,A1,beacco,155.3623,294.6085,,,,,,,,155.3623,78.1825,242.1662,194.7121,639.2757,1309.879,294.6085,A1,beacco_only,,,recherche,NOM
besoin,NOUN,A1,beacco,154.8359,261.3325,154.8359,252.5586,258.4921,368.4848,247.4888,126.3794,261.3325,208.6072,306.2352,301.6775,347.6652,263.8129,154.9424,290.9129,A1,word_pos,besoin,N,besoin,NOM
moderne,ADJ,A1,beacco,152.3005,77.3571,152.3005,40.3812,76.487,35.0726,81.4557,28.8683,77.3571,122.1815,53.358,64.0845,36.4258,119.1068,19.328,73.7751,A1,word_pos,moderne,A,moderne,ADJ
voici,VERB,A1,crf_first_attested,151.8276,98.5883,151.8276,91.8709,84.9423,98.7682,57.5361,12.9876,98.5883,,,,,,,,,crf_only,voici,V,,
animal,NOUN,A1,beacco,151.7795,218.6599,151.7795,238.5724,258.9941,45.7662,158.9069,230.4406,218.6599,150.896,191.6668,166.3732,40.4298,151.2017,174.0903,169.6866,A1,word_pos,animal,N,animal,NOM
roi,NOUN,A1,beacco,150.6507,282.3876,150.6507,889.7999,113.2019,10.9897,3.2084,38.491,282.3876,164.7597,866.5802,129.963,12.2697,0.0,19.328,273.3416,A1,word_pos,roi,N,roi,NOM
intéressant,ADJ,A1,beacco,150.5859,87.6807,150.5859,29.3143,40.1712,204.9719,56.0277,76.982,87.6807,145.2345,29.2334,34.0439,166.7921,20.024,96.64,74.3234,A1,word_pos,intéressant,A,intéressant,ADJ
poser,VERB,A1,beacco,150.4967,217.7091,150.4967,214.988,198.1385,241.0994,287.6704,135.181,217.7091,208.6954,236.8983,174.1238,276.0711,333.0345,143.8051,239.5455,A1,word_pos,poser,V,poser,VER
rencontre,NOUN,A1,beacco,149.9405,98.1675,149.9405,62.9909,130.3183,36.584,98.7714,6.4938,98.1675,36.7634,51.7842,121.7429,48.946,113.7632,12.833,83.3033,A1,word_pos,rencontre,N,rencontre,NOM
poisson,NOUN,A1,beacco,148.7598,75.3965,148.7598,23.8087,48.8666,12.0033,61.6012,301.4022,75.3965,204.1938,30.1805,56.328,16.0538,41.2358,162.4685,72.8614,A1,word_pos,poisson,N,poisson,NOM
secret,NOUN,A1,beacco,148.2388,65.1239,148.2388,24.6192,47.4415,50.8631,77.0183,113.8624,65.1239,97.6317,41.6317,53.3499,65.2704,57.1082,173.9324,66.7116,A1,word_pos,secret,N,secret,NOM
un,NOUN,A1,beacco,148.1326,386.4977,,,,,,,,148.1326,352.6183,526.1311,381.5514,391.8308,323.1451,386.4977,A1,beacco_only,,,un,NOM
coucher,VERB,A1,beacco,147.5197,116.4833,147.5197,186.9563,82.8226,73.977,30.3551,0.0,116.4833,178.4173,224.7695,103.5967,108.9731,31.5653,0.0,144.392,A1,word_pos,coucher,V,coucher,VER
poste,NOUN,A1,beacco,147.3163,112.6088,147.3163,32.8008,87.3562,171.968,107.9176,188.2221,112.6088,146.6046,34.4855,75.4145,167.1301,89.8271,96.64,103.279,A1,word_pos,poste,N,poste,NOM
présenter,VERB,A1,beacco,146.9967,250.1931,146.9967,228.3363,209.5458,209.5535,487.2326,339.1837,250.1931,228.0186,251.4564,198.3894,171.2412,419.3585,366.4021,249.4398,A1,word_pos,présenter,V,présenter,VER
entrée,NOUN,A1,beacco,146.1779,147.7929,146.1779,197.1147,155.9818,72.7226,110.804,28.8683,147.7929,120.4163,200.7569,129.847,76.3489,130.3361,38.656,133.0721,A1,word_pos,entrée,N,entrée,NOM
aventure,NOUN,A1,beacco,145.0818,114.5458,145.0818,157.8945,96.8482,84.4678,42.4715,9.6228,114.5458,118.6246,135.2935,97.3605,70.8429,49.5147,19.328,102.4909,A1,word_pos,aventure,N,aventure,NOM
parfait,ADJ,A1,beacco,144.1487,30.6448,144.1487,0.5897,17.8301,6.4162,42.8753,0.0,30.6448,96.6463,21.0684,4.9507,20.4316,63.3793,0.0,33.1841,A1,word_pos,parfait,A,parfait,ADJ
reposer,VERB,A1,beacco,143.4803,75.7094,143.4803,58.4008,52.8999,81.0728,71.8069,53.8043,75.7094,113.9555,56.6369,72.7412,131.0514,60.4644,77.5234,84.7599,A1,word_pos,reposer,V,reposer,VER
secrétaire,NOUN,A1,beacco,143.3121,38.1586,143.3121,4.5564,15.9618,6.8216,51.0722,107.2896,38.1586,165.2505,6.6433,25.4988,9.1403,63.3793,56.7717,42.9208,A1,word_pos,secrétaire,N,secrétaire,NOM
sept,DET,A1,crf_first_attested,143.0256,95.4748,143.0256,122.3436,64.418,51.4605,76.1039,19.2455,95.4748,,,,,,,,,crf_only,sept,DET,,
réfléchir,VERB,A1,beacco,143.012,106.6734,143.012,131.4837,117.7425,20.2046,139.3762,9.6228,106.6734,146.4501,147.6104,136.442,23.3254,103.3225,19.328,118.386,A1,word_pos,réfléchir,V,réfléchir,VER
pleuvoir,VERB,A1,beacco,142.8333,57.248,142.8333,109.7351,21.7746,4.5416,12.4046,0.0,57.248,132.1268,33.8427,12.9484,4.5679,6.0005,0.0,34.6575,A1,word_pos,pleuvoir,V,pleuvoir,VER
grave,ADJ,A1,beacco,142.2954,88.0131,142.2954,51.1207,108.0,26.5684,53.696,68.1256,88.0131,155.9458,49.987,93.6109,23.9192,65.168,38.4989,83.7804,A1,word_pos,grave,A,grave,ADJ
derrière,PREP,A1,beacco,141.9627,178.2076,141.9627,235.7341,193.4062,198.478,36.0811,38.491,178.2076,196.7162,250.9157,225.6945,247.381,88.3167,57.984,219.2116,A1,word_pos,derrière,PREP,derrière,PRP
lumière,NOUN,A1,beacco,141.9626,139.9265,141.9626,154.9095,147.8334,100.9037,113.0843,9.6228,139.9265,112.3544,133.851,106.1493,106.8981,101.622,19.328,111.5194,A1,word_pos,lumière,N,lumière,NOM
fruit,NOUN,A1,beacco,141.8411,75.0194,141.8411,33.9697,32.9938,40.1527,119.6606,191.096,75.0194,158.8747,39.3754,36.118,23.1332,145.0028,202.5127,81.4561,A1,word_pos,fruit,N,fruit,NOM
à partir de,PREP,A1,crf_first_attested,141.5887,72.35,141.5887,50.3236,48.5517,57.7587,105.4448,32.4689,72.35,,,,,,,,,crf_only,à partir de,PREP,,
théâtre,NOUN,A1,beacco,141.2522,120.3364,141.2522,68.9802,189.0914,65.7552,67.5821,19.2455,120.3364,166.9186,106.962,170.1162,83.4142,49.5147,19.328,127.6619,A1,word_pos,théâtre,N,théâtre,NOM
saluer,VERB,A1,beacco,141.0796,63.1874,141.0796,52.2866,41.9339,67.5687,15.1776,9.6228,63.1874,147.2992,53.6498,43.5615,69.8836,31.5653,19.328,71.8716,A1,word_pos,saluer,V,saluer,VER
deuxième,ADJ,A1,crf_first_attested,140.6751,125.423,140.6751,165.4854,62.0873,106.5337,107.5542,28.8683,125.423,,,,,,,,,crf_only,deuxième,A,,
santé,NOUN,A1,beacco,140.4676,136.2511,140.4676,15.8729,124.5469,79.8629,313.2636,442.4335,136.2511,164.9035,26.8624,110.7186,101.3021,225.3066,309.8848,132.5981,A1,word_pos,santé,N,santé,NOM
sûr,ADJ,A1,beacco,139.3143,202.4973,139.3143,268.9345,207.938,272.6655,49.2438,32.4689,202.4973,747.9034,490.1375,543.6707,701.7552,232.9488,383.6931,542.9035,A1,word_pos,sûr,A,sûr,ADJ
vent,NOUN,A1,beacco,138.8788,96.6662,138.8788,84.697,99.2696,32.9117,126.1494,39.0192,96.6662,137.1891,77.8909,119.3266,50.484,123.8024,56.7717,97.9247,A1,word_pos,vent,N,vent,NOM
journal,NOUN,A1,beacco,138.6041,233.3658,138.6041,89.276,234.9428,592.664,190.7985,176.5131,233.3658,57.9226,37.2519,114.0991,255.9545,86.6209,86.9662,110.4715,A1,word_pos,journal,N,journal,NOM
simple,ADJ,A1,beacco,137.9583,211.3245,137.9583,206.9051,164.7769,242.8634,363.4374,100.8319,211.3245,105.4607,203.5404,203.905,259.5667,312.6261,113.5434,212.0112,A1,word_pos,simple,A,simple,ADJ
désoler,VERB,A1,beacco,137.6306,25.513,137.6306,10.2754,2.2841,13.2448,3.2084,0.0,25.513,207.8112,9.3866,3.0381,25.431,3.4423,0.0,34.6057,A1,word_pos,désoler,V,désoler,VER
voisin,NOUN,A1,beacco,137.3228,101.4761,137.3228,120.2659,59.9204,82.1505,119.6765,28.8683,101.4761,139.8012,96.6596,75.7568,151.3703,80.2715,57.984,108.4527,A1,word_pos,voisin,N,voisin,NOM
affaires,NOUN,A1,crf_first_attested,137.0081,109.746,137.0081,81.919,118.278,93.3285,33.3916,108.6082,109.746,,,,,,,,,crf_only,affaires,N,,
chemin,NOUN,A1,beacco,136.3943,167.8018,136.3943,172.3185,196.9192,121.8236,149.223,28.5334,167.8018,121.1582,218.1532,203.4132,124.0312,131.9064,56.7717,174.5683,A1,word_pos,chemin,N,chemin,NOM
vieux,NOUN,A1,beacco,136.3751,94.0644,136.3751,134.5432,97.013,34.3492,0.0,0.0,94.0644,66.6435,29.1665,99.8937,8.4014,0.0,12.833,47.7746,A1,word_pos,vieux,N,vieux,NOM
peinture,NOUN,A1,beacco,136.288,32.3676,136.288,22.5612,11.2284,0.8949,6.4168,0.0,32.3676,159.2225,26.6082,9.2251,9.0539,3.4423,0.0,35.2952,A1,word_pos,peinture,N,peinture,NOM
inviter,VERB,A1,beacco,136.138,110.3295,136.138,166.0316,108.0424,45.4167,80.9158,0.0,110.3295,202.0049,174.3989,142.7826,51.3742,86.0088,0.0,137.1267,A1,word_pos,inviter,V,inviter,VER
quatre,ADJ,A1,crf_first_attested,135.9411,46.4928,135.9411,21.6336,66.7246,1.5139,9.8488,0.0,46.4928,,,,,,,,,crf_only,quatre,A,,
en général,ADV,A1,crf_first_attested,135.1492,66.519,135.1492,20.9608,59.3917,3.4528,150.0369,56.3711,66.519,,,,,,,,,crf_only,en général,ADV,,
quoi,PRON,A1,beacco,134.9867,187.0621,134.9867,145.7012,217.5461,135.1821,283.6539,56.3681,187.0621,178.2303,321.8712,297.7858,246.1171,332.8834,77.4712,283.9145,A1,word_pos,quoi,PRO,quoi,PRO
courir,VERB,A1,beacco,134.3304,185.6738,134.3304,206.3836,247.4,184.9574,45.6318,9.6228,185.6738,96.8841,203.248,239.6067,230.2503,36.3157,19.328,188.3045,A1,word_pos,courir,V,courir,VER
voler,VERB,A1,beacco,134.1951,83.759,134.1951,81.659,102.1064,49.3485,12.4046,0.0,83.759,87.1038,104.5496,145.1125,65.8688,6.0005,0.0,100.8757,A1,word_pos,voler,V,voler,VER
mme,NOUN,A1,crf_first_attested,133.8347,72.2588,133.8347,51.5748,34.841,67.1173,39.3501,9.6228,72.2588,,,,,,,,,crf_only,mme,N,,
juillet,NOUN,A1,beacco,133.7071,111.1601,133.7071,97.3095,106.9628,100.1651,46.2871,43.6102,111.1601,165.81,91.2651,110.9848,150.2984,56.8202,56.7717,122.7809,A1,word_pos,juillet,N,juillet,NOM
métro,NOUN,A1,beacco,132.3401,51.9434,132.3401,45.8279,39.2778,39.6032,0.0,9.6228,51.9434,99.3846,23.2993,34.2755,25.0469,0.0,19.328,37.0444,A1,word_pos,métro,N,métro,NOM
promener,VERB,A1,beacco,132.2776,103.6752,132.2776,173.3597,103.5124,46.1754,12.7628,0.0,103.6752,131.8328,181.4422,116.4994,57.8507,26.3397,0.0,114.0413,A1,word_pos,promener,V,promener,VER
route,NOUN,A1,beacco,132.2147,164.0433,132.2147,96.3643,330.2366,19.647,169.5335,0.0,164.0433,115.7543,129.3787,354.2119,25.0526,157.558,0.0,174.4236,A1,word_pos,route,N,route,NOM
lettre,NOUN,A1,beacco,130.0472,183.4315,130.0472,133.812,245.2551,335.9532,44.3541,39.7676,183.4315,143.166,177.4779,289.6456,394.4639,57.4021,43.8345,212.4104,A1,word_pos,lettre,N,lettre,NOM
vert,ADJ,A1,beacco,129.7619,106.19,129.7619,69.0121,97.9228,136.496,77.0183,6.176,106.19,155.1333,83.8763,108.147,91.4825,102.2081,4.0185,112.8047,A1,word_pos,vert,A,vert,ADJ
étudier,VERB,A1,beacco,129.0161,112.283,129.0161,91.007,93.0636,130.1718,42.058,201.1781,112.283,201.2025,93.2159,71.1727,136.5665,40.6321,142.7957,110.3792,A1,word_pos,étudier,V,étudier,VER
église,NOUN,A1,beacco,128.7686,96.5189,128.7686,75.6135,85.7721,89.1536,128.2287,0.0,96.5189,109.281,56.5809,81.6168,72.8399,102.4357,0.0,82.3569,A1,word_pos,église,N,église,NOM
soleil,NOUN,A1,beacco,128.55,132.3398,128.55,190.1413,140.3666,71.7498,58.4455,0.0,132.3398,169.7491,225.9338,196.52,76.8656,72.1618,12.833,171.5348,A1,word_pos,soleil,N,soleil,NOM
réponse,NOUN,A1,beacco,128.4913,107.3595,128.4913,27.1847,69.2958,157.3945,178.358,79.5562,107.3595,130.6411,52.168,86.5591,147.3162,197.4249,127.4317,123.3225,A1,word_pos,réponse,N,réponse,NOM
chat,NOUN,A1,beacco,128.4033,120.8838,128.4033,115.7041,61.6413,160.8742,34.1127,0.0,120.8838,137.6333,114.6619,61.3267,79.6239,18.0014,0.0,99.6662,A1,word_pos,chat,N,chat,NOM
air,NOUN,A1,beacco,128.2599,367.9303,128.2599,575.844,401.6851,464.7202,153.0692,38.491,367.9303,126.4404,545.007,438.4527,432.6874,190.2143,19.328,366.2042,A1,word_pos,air,N,air,NOM
sapin,NOUN,A1,beacco,127.4642,14.4196,127.4642,0.6418,1.4473,0.0,6.2023,0.0,14.4196,67.2282,0.6228,2.8865,0.0,6.0005,0.0,11.0723,A1,word_pos,sapin,N,sapin,NOM
allemand,ADJ,A1,beacco,127.3535,41.6031,127.3535,11.0596,4.7789,29.3509,12.3029,203.1582,41.6031,110.8069,17.5311,5.1517,29.8069,8.2781,113.5434,35.7918,A1,word_pos,allemand,A,allemand,ADJ
personne,ADV,A1,beacco,125.5757,140.9262,,,,,,,,125.5757,157.0349,114.5943,248.0984,80.2315,0.0,140.9262,A1,beacco_only,,,personne,ADV
adresse,NOUN,A1,beacco,124.4054,58.7112,124.4054,33.0412,43.531,42.8828,45.2699,9.6228,58.7112,115.6474,49.1789,40.0504,74.5107,56.8202,19.328,66.693,A1,word_pos,adresse,N,adresse,NOM
certain,PRON,A1,beacco,124.0527,493.1844,,,,,,,,124.0527,304.6205,562.7377,419.123,1012.6914,1136.0766,493.1844,A1,beacco_only,,,certain,PRO
tête,NOUN,A1,beacco,123.8162,422.2862,123.8162,542.1705,532.1512,510.2725,130.0655,287.2427,422.2862,155.1528,686.9556,574.6273,621.1579,211.0369,283.3744,498.2581,A1,word_pos,tête,N,tête,NOM
mieux,ADV,A1,beacco,123.756,316.1337,123.756,522.202,263.3609,291.3954,262.7894,289.6396,316.1337,166.8156,588.6259,305.6217,341.3307,289.9895,464.6188,372.4432,A1,word_pos,mieux,ADV,mieux,ADV
cacher,VERB,A1,beacco,123.0594,193.4181,123.0594,146.4963,210.2168,355.9972,52.3355,58.4441,193.4181,136.1653,175.929,261.32,293.2135,65.168,19.328,208.9927,A1,word_pos,cacher,V,cacher,VER
garder,VERB,A1,beacco,122.9224,137.6852,122.9224,114.0328,122.9069,198.3397,73.6185,115.473,137.6852,150.3059,148.6497,130.8022,195.0263,120.2103,201.2195,160.5509,A1,word_pos,garder,V,garder,VER
contrôle,NOUN,A1,beacco,122.7629,59.745,122.7629,22.3107,16.0359,28.0716,237.4294,39.0192,59.745,129.262,21.8856,10.2267,25.467,202.0253,56.7717,56.1763,A1,word_pos,contrôle,N,contrôle,NOM
pleurer,VERB,A1,beacco,122.6318,178.677,122.6318,294.2069,181.3636,176.6107,3.2084,9.6228,178.677,127.307,304.0387,156.0629,119.0899,3.4423,19.328,163.4834,A1,word_pos,pleurer,V,pleurer,VER
clair,ADJ,A1,beacco,121.7532,124.0718,121.7532,151.1076,117.6742,177.5855,24.7923,6.4938,124.0718,127.7194,96.2,115.7025,131.9259,16.5561,25.6659,112.3434,A1,word_pos,clair,A,clair,ADJ
ordinateur,NOUN,A1,beacco,121.5691,158.9865,121.5691,245.7004,36.3195,59.1253,457.6041,0.0,158.9865,179.9242,145.2802,31.834,72.8586,304.127,0.0,125.1004,A1,word_pos,ordinateur,N,ordinateur,NOM
trois,PRON,A1,crf_first_attested,121.4225,34.7166,121.4225,11.5402,25.3412,9.8514,1.6042,57.7365,34.7166,,,,,,,,,crf_only,trois,PRO,,
devoirs,NOUN,A1,crf_first_attested,121.3147,22.9842,121.3147,17.9195,0.2405,0.7062,19.6975,0.0,22.9842,,,,,,,,,crf_only,devoirs,N,,
mot,NOUN,A1,beacco,121.1302,163.1766,121.1302,147.6808,135.2738,171.6926,134.0283,419.5212,163.1766,144.1278,356.7832,400.373,397.5343,225.5637,537.4567,357.4195,A1,word_pos,mot,N,mot,NOM
parc,NOUN,A1,beacco,120.8639,77.9163,120.8639,53.7858,65.8834,58.4979,38.9993,19.4814,77.9163,138.6716,68.6683,77.3035,13.0181,78.6751,38.4989,91.8443,A1,word_pos,parc,N,parc,NOM
offrir,VERB,A1,beacco,120.6857,197.2329,120.6857,164.3178,221.8344,127.5699,327.4411,318.625,197.2329,112.2885,147.4799,224.7705,159.3481,367.2499,332.3343,204.4489,A1,word_pos,offrir,V,offrir,VER
tomber,VERB,A1,beacco,120.525,270.1347,120.525,359.9726,396.5077,203.3608,99.649,79.5562,270.1347,128.3683,416.4778,492.6,261.1918,120.3766,56.7717,319.2378,A1,word_pos,tomber,V,tomber,VER
quelle,DET,A1,crf_first_attested,120.3091,40.0695,120.3091,14.9986,10.7032,60.3922,10.2524,0.0,40.0695,,,,,,,,,crf_only,quelle,DETWH,,
verre,NOUN,A1,beacco,120.2924,135.1377,120.2924,113.5583,78.7696,210.888,95.489,25.9752,135.1377,120.0989,110.6313,104.5946,212.5714,79.4506,25.6659,133.0996,A1,word_pos,verre,N,verre,NOM
anniversaire,NOUN,A1,beacco,119.0521,20.7086,119.0521,6.7882,14.2563,0.0,1.6042,0.0,20.7086,124.425,6.5615,22.4733,0.0,3.4423,0.0,23.6773,A1,word_pos,anniversaire,N,anniversaire,NOM
promettre,VERB,A1,beacco,118.3537,104.4089,118.3537,62.6579,124.5629,86.3407,59.4589,45.4565,104.4089,103.2254,72.1447,106.4202,99.3144,50.0526,38.4989,96.9776,A1,word_pos,promettre,V,promettre,VER
élève,NOUN,A1,beacco,117.9368,123.1024,117.9368,52.0648,96.9468,166.3017,93.9766,107.2896,123.1024,135.2038,75.2797,81.0103,169.9797,87.3858,77.4712,123.1864,A1,word_pos,élève,N,élève,NOM
organiser,VERB,A1,beacco,117.7625,163.561,117.7625,134.1579,237.6656,54.7302,165.1759,197.005,163.561,146.7753,157.0574,240.2935,68.3788,132.8606,171.4545,170.7689,A1,word_pos,organiser,V,organiser,VER
dur,ADJ,A1,beacco,117.7204,114.8119,117.7204,150.7116,81.5995,104.5311,74.9602,38.491,114.8119,68.5676,93.6685,56.0291,99.6801,40.6321,0.0,77.8571,A1,word_pos,dur,A,dur,ADJ
cour,NOUN,A1,beacco,117.2994,106.7203,117.2994,98.7802,147.9578,85.0326,9.3035,0.0,106.7203,96.5985,103.6552,123.0219,83.762,0.0,0.0,96.667,A1,word_pos,cour,N,cour,NOM
papa,NOUN,A1,beacco,117.0972,71.0672,117.0972,59.7115,39.069,3.0277,9.3035,19.2455,71.0672,162.18,78.5171,69.8179,2.2839,12.0009,57.984,82.6937,A1,word_pos,papa,N,papa,NOM
finalement,ADV,A1,beacco,116.8116,104.3448,116.8116,105.5038,84.7572,91.6405,65.6657,125.573,104.3448,94.9608,62.5392,83.8672,81.8625,57.1082,95.2552,86.7238,A1,word_pos,finalement,ADV,finalement,ADV
sourire,VERB,A1,beacco,116.6429,146.967,116.6429,207.8218,121.019,169.7628,81.3665,0.0,146.967,88.1602,236.0295,165.6898,193.2271,40.0479,0.0,160.1288,A1,word_pos,sourire,V,sourire,VER
ah,ADV,A1,beacco,115.7645,28.3166,115.7645,11.7886,12.4436,14.7876,3.1012,0.0,28.3166,1245.4763,364.4159,149.3712,204.6715,58.0665,0.0,335.5555,A1,unique_word,ah,ADV,ah,INT
reprendre,VERB,A1,beacco,115.7173,217.7491,115.7173,190.6521,294.7118,172.4355,191.5891,76.982,217.7491,64.0089,206.0553,272.0331,162.8077,134.9799,57.984,193.2388,A1,word_pos,reprendre,V,reprendre,VER
étage,NOUN,A1,beacco,115.6629,94.9824,115.6629,142.8931,48.2064,112.4152,25.3674,0.0,94.9824,135.6176,110.7298,48.6032,146.3089,31.3528,0.0,95.0721,A1,word_pos,étage,N,étage,NOM
tout droit,ADV,A1,crf_first_attested,115.4076,15.6543,115.4076,0.3702,1.6366,12.3729,0.0,0.0,15.6543,,,,,,,,,crf_only,tout droit,ADV,,
études,NOUN,A1,crf_first_attested,114.8662,154.0575,114.8662,100.1891,140.7045,168.2996,214.6967,328.3118,154.0575,,,,,,,,,crf_only,études,N,,
cheval,NOUN,A1,beacco,114.8525,174.6528,114.8525,390.9696,166.8229,22.0635,15.6669,6.176,174.6528,121.3443,466.1159,242.4744,71.9275,31.5653,4.0185,221.6396,A1,word_pos,cheval,N,cheval,NOM
asseoir,VERB,A1,beacco,114.642,193.2388,114.642,424.9252,114.1529,205.8429,55.5153,9.6228,193.2388,156.1348,467.2363,166.0014,312.176,46.7967,19.328,248.5319,A1,word_pos,asseoir,V,asseoir,VER
calme,ADJ,A1,beacco,114.5243,54.1349,114.5243,24.3111,51.2827,53.6288,0.0,0.0,54.1349,159.9037,31.2152,75.7821,130.0667,3.4423,0.0,88.8431,A1,word_pos,calme,A,calme,ADJ
battre,VERB,A1,beacco,114.4038,172.9482,114.4038,239.1518,218.6662,117.4776,57.2632,0.0,172.9482,138.8889,267.8685,207.6325,88.2613,80.2315,12.833,174.3227,A1,word_pos,battre,V,battre,VER
reine,NOUN,A1,beacco,113.911,138.0916,113.911,224.5114,98.3186,0.0,0.0,8.2347,138.0916,97.9481,257.86,67.5211,0.0,0.0,8.037,141.3167,A1,word_pos,reine,N,reine,NOM
télé,NOUN,A1,beacco,113.6559,48.7087,113.6559,71.5244,14.4065,19.1193,26.7495,9.6228,48.7087,123.5368,99.4771,22.0473,11.0661,59.5829,0.0,60.7715,A1,word_pos,télé,N,télé,NOM
fleurs,NOUN,A1,crf_first_attested,113.358,99.3936,113.358,121.2604,114.5207,25.9099,45.67,8.2347,99.3936,,,,,,,,,crf_only,fleurs,N,,
permettre,VERB,A1,beacco,113.2664,463.4417,113.2664,309.6378,503.4791,337.1823,954.5904,1253.1431,463.4417,94.1561,320.262,464.7136,334.0614,999.2871,1151.0793,436.8006,A1,word_pos,permettre,V,permettre,VER
avancer,VERB,A1,beacco,112.8911,132.773,112.8911,73.2677,150.0955,158.8946,98.7095,67.3593,132.773,97.5545,46.0237,152.6693,193.6465,100.5474,77.312,132.3972,A1,word_pos,avancer,V,avancer,VER
voix,NOUN,A1,beacco,112.5885,374.1869,112.5885,520.3123,418.4903,411.5176,208.8631,0.0,374.1869,159.9058,440.319,451.2798,257.8787,183.0858,0.0,359.0881,A1,word_pos,voix,N,voix,NOM
directeur,NOUN,A1,beacco,112.3161,176.0405,112.3161,98.9278,159.7119,166.3473,43.4419,649.237,176.0405,106.6773,69.3583,133.5471,111.9737,50.2393,105.0167,120.8322,A1,word_pos,directeur,N,directeur,NOM
mal,ADV,A1,beacco,112.2906,186.187,112.2906,170.5532,233.4244,196.0343,125.3204,108.0514,186.187,246.8575,225.7367,350.7254,240.2544,136.1814,142.7957,262.7469,A1,word_pos,mal,ADV,mal,ADV
moulin,NOUN,A1,beacco,111.7833,17.6962,111.7833,10.0834,0.363,0.0,0.0,0.0,17.6962,63.9067,8.103,1.5025,0.0,0.0,0.0,13.8704,A1,word_pos,moulin,N,moulin,NOM
dix,DET,A1,crf_first_attested,111.066,209.7217,111.066,285.2483,190.4581,233.3292,295.4919,0.0,209.7217,,,,,,,,,crf_only,dix,DET,,
bord,NOUN,A1,beacco,110.8495,115.1727,110.8495,142.1857,125.1205,121.7269,48.4951,0.0,115.1727,143.5976,113.006,164.7952,152.074,49.5147,0.0,130.3001,A1,word_pos,bord,N,bord,NOM
passage,NOUN,A1,beacco,110.4055,136.3639,110.4055,136.3214,130.2162,108.356,94.3652,113.8624,136.3639,144.3895,123.7554,97.758,63.7526,151.4214,113.6757,123.3278,A1,word_pos,passage,N,passage,NOM
souvenir,NOUN,A1,beacco,110.0861,110.1074,110.0861,36.0926,129.2229,91.714,166.408,9.6228,110.1074,78.1636,56.6332,123.1192,66.4982,93.4831,19.328,91.1705,A1,word_pos,souvenir,N,souvenir,NOM
chanter,VERB,A1,beacco,109.6604,97.6206,109.6604,97.1158,135.9655,36.4831,25.386,0.0,97.6206,74.1324,122.4864,160.955,34.123,27.403,0.0,106.0313,A1,word_pos,chanter,V,chanter,VER
visite,NOUN,A1,beacco,109.3936,83.0712,109.3936,67.1003,120.1568,12.6309,15.6669,79.5562,83.0712,142.6252,113.9063,160.6289,42.6653,20.024,127.4317,120.0205,A1,word_pos,visite,N,visite,NOM
endroit,NOUN,A1,beacco,109.0797,144.919,109.0797,201.4226,128.5805,198.0766,44.058,0.0,144.919,95.9066,241.2858,177.2352,257.9593,49.1091,0.0,175.0452,A1,word_pos,endroit,N,endroit,NOM
rendre,VERB,A1,beacco,108.8172,415.9188,108.8172,419.1774,580.8365,365.4793,513.2795,283.7778,415.9188,97.098,378.0964,631.9037,348.5802,505.1477,306.2805,416.7804,A1,word_pos,rendre,V,rendre,VER
de plus en plus,ADV,A1,crf_first_attested,108.6591,199.5807,108.6591,113.672,252.6739,165.6379,228.3547,367.8152,199.5807,,,,,,,,,crf_only,de plus en plus,ADV,,
spectacle,NOUN,A1,beacco,108.1395,93.7885,108.1395,56.2006,111.0502,67.2562,48.6843,57.7365,93.7885,26.9363,57.6564,86.5854,64.095,40.7953,57.984,68.7855,A1,word_pos,spectacle,N,spectacle,NOM
italien,ADJ,A1,beacco,107.9969,40.9078,107.9969,6.1584,23.7298,36.8375,3.1012,96.2275,40.9078,136.2131,7.809,27.6684,37.5784,6.0005,115.968,46.8402,A1,word_pos,italien,A,italien,ADJ
fou,ADJ,A1,beacco,107.9799,95.5271,107.9799,127.9632,101.2756,73.5642,10.2669,0.0,95.5271,72.2113,73.4533,87.2323,70.0647,0.0,0.0,72.9017,A1,word_pos,fou,A,fou,ADJ
tu vas,ADV,A1,crf_first_attested,107.975,15.231,107.975,4.4333,0.2295,2.6847,0.0,0.0,15.231,,,,,,,,,crf_only,tu vas,ADV,,
janvier,NOUN,A1,beacco,107.9584,97.4263,107.9584,42.7802,113.6988,38.3087,147.1542,195.8724,97.4263,60.5902,26.6626,107.3239,101.5619,162.175,145.006,95.1364,A1,word_pos,janvier,N,janvier,NOM
tenir,VERB,A1,beacco,107.9215,309.0015,107.9215,300.9585,391.9806,316.006,308.9719,353.0262,309.0015,154.7155,420.6895,481.3887,473.1507,398.5818,560.5674,409.7117,A1,word_pos,tenir,V,tenir,VER
fatiguer,VERB,A1,beacco,107.7606,69.3905,107.7606,113.9889,29.7328,89.7309,0.0,6.4938,69.3905,65.0781,143.2647,51.7785,111.0505,0.0,12.833,83.1712,A1,word_pos,fatiguer,V,fatiguer,VER
grand-mère,NOUN,A1,beacco,107.7136,50.9697,,,,,,,,107.7136,107.7854,14.7123,14.1801,0.0,56.7717,50.9697,A1,beacco_only,,,grand-mère,NOM
prix,NOUN,A1,beacco,107.2072,183.2505,107.2072,123.8392,229.3623,216.9108,193.493,165.0698,183.2505,113.2316,138.9792,248.7577,226.2648,255.945,306.6137,208.2422,A1,word_pos,prix,N,prix,NOM
adulte,NOUN,A1,beacco,107.1661,52.7058,107.1661,26.8755,26.3556,44.5144,19.6134,108.6082,52.7058,94.6392,24.9072,20.5411,22.7812,29.205,77.4712,41.8069,A1,word_pos,adulte,N,adulte,NOM
imaginer,VERB,A1,beacco,106.9534,133.4927,106.9534,123.556,109.471,109.0126,183.4869,57.7365,133.4927,129.5458,124.5059,110.7369,76.9936,156.3131,38.656,119.0446,A1,word_pos,imaginer,V,imaginer,VER
côté,NOUN,A1,beacco,106.4711,177.2703,106.4711,166.338,177.9969,205.5643,241.8863,72.7833,177.2703,553.0153,556.0258,458.0393,591.6059,364.3531,134.1811,486.882,A1,word_pos,côté,N,côté,NOM
respecter,VERB,A1,beacco,106.065,54.664,106.065,13.1468,64.395,1.4125,104.6709,43.6102,54.664,121.3704,12.4866,52.6289,2.5411,123.6812,56.7717,55.4743,A1,word_pos,respecter,V,respecter,VER
aide,NOUN,A1,beacco,105.9975,89.1229,105.9975,92.5923,69.1927,46.7406,126.6556,69.3619,89.1229,134.1402,82.1259,116.4162,87.9191,138.6263,113.5434,116.561,A1,word_pos,aide,N,aide,NOM
mètre,NOUN,A1,beacco,105.9689,123.8964,105.9689,50.5498,154.8094,150.5011,180.4637,0.0,123.8964,88.804,80.6695,170.4546,132.7685,140.1678,0.0,128.9264,A1,word_pos,mètre,N,mètre,NOM
avant de,PREP,A1,crf_first_attested,105.7578,251.8442,105.7578,243.9766,293.885,263.9574,300.0439,208.0857,251.8442,,,,,,,,,crf_only,avant de,PREP,,
bise,NOUN,A1,beacco,105.4247,24.6509,105.4247,1.0107,11.921,6.3561,0.0,0.0,24.6509,56.4423,4.633,0.1029,2.5411,0.0,0.0,11.4225,A1,word_pos,bise,N,bise,NOM
discuter,VERB,A1,beacco,104.9907,40.2071,104.9907,22.788,37.4686,14.4123,18.4508,0.0,40.2071,161.1468,39.9672,54.7163,16.2155,19.861,0.0,59.2798,A1,word_pos,discuter,V,discuter,VER
frère,NOUN,A1,beacco,104.6539,155.3002,104.6539,294.577,134.779,77.2235,62.3955,38.491,155.3002,135.264,324.501,137.7691,58.5573,40.0479,77.312,162.223,A1,word_pos,frère,N,frère,NOM
génial,ADJ,A1,beacco,104.4262,47.4974,104.4262,73.843,43.6487,0.0,0.0,0.0,47.4974,106.5215,58.1115,31.5348,0.0,0.0,0.0,38.6757,A1,word_pos,génial,A,génial,ADJ
maths,NOUN,A1,beacco,104.2411,20.8166,104.2411,10.4145,0.2093,0.0,3.2084,0.0,20.8166,138.2262,33.8277,0.1219,0.911,3.4423,0.0,28.2203,A1,word_pos,maths,N,maths,NOM
avis,NOUN,A1,beacco,104.1759,97.0617,104.1759,114.189,69.3005,59.6098,62.338,152.7516,97.0617,110.4621,125.9516,87.5617,109.0234,65.9532,204.5317,115.0571,A1,word_pos,avis,N,avis,NOM
station,NOUN,A1,beacco,103.6337,32.9044,103.6337,12.1142,8.4374,10.9337,60.0832,0.0,32.9044,55.3577,8.9587,10.224,6.3771,65.9532,0.0,25.1512,A1,word_pos,station,N,station,NOM
autre,PRON,A1,crf_first_attested,103.4402,316.3503,103.4402,187.7763,350.2173,695.0517,384.2287,96.9035,316.3503,,,,,,,,,crf_only,autre,PRO,,
tout à coup,ADV,A1,crf_first_attested,102.577,110.0207,102.577,121.748,153.7332,35.407,1.6042,0.0,110.0207,,,,,,,,,crf_only,tout à coup,ADV,,
informations,NOUN,A1,crf_first_attested,102.3058,91.7523,102.3058,57.9255,57.2834,123.3068,137.1214,48.1138,91.7523,,,,,,,,,crf_only,informations,N,,
huit,DET,A1,crf_first_attested,102.0912,79.6503,102.0912,64.55,43.7662,62.9141,134.5914,32.4689,79.6503,,,,,,,,,crf_only,huit,DET,,
ski,NOUN,A1,beacco,101.6242,20.73,101.6242,2.2462,11.4325,0.0,6.2023,6.4938,20.73,106.8935,0.6228,12.5644,0.0,6.0005,12.833,16.786,A1,word_pos,ski,N,ski,NOM
à côté du,PREP,A1,crf_first_attested,101.4518,46.8446,101.4518,54.953,15.6087,34.7557,20.4505,4.1173,46.8446,,,,,,,,,crf_only,à côté du,PREP,,
un,PRON,A1,crf_first_attested,101.3261,321.9478,101.3261,386.021,394.8307,317.8511,244.7996,266.1605,321.9478,,,,,,,,,crf_only,un,PRO,,
image,NOUN,A1,beacco,100.7901,152.7128,100.7901,75.9325,110.549,196.7969,292.1855,201.6639,152.7128,87.5129,68.8839,114.2176,227.3923,289.3843,202.2974,144.8023,A1,word_pos,image,N,image,NOM
normal,ADJ,A1,beacco,100.7579,89.3364,100.7579,138.6632,57.3536,35.355,111.7563,68.1256,89.3364,93.5499,112.4159,39.0778,48.994,110.3589,77.4712,77.8971,A1,word_pos,normal,A,normal,ADJ
amuser,VERB,A1,beacco,100.3899,95.3604,100.3899,126.7307,64.5901,97.268,49.5797,9.6228,95.3604,106.1765,112.7418,70.1243,111.5967,31.3781,19.328,95.2109,A1,word_pos,amuser,V,amuser,VER
ennuyer,VERB,A1,beacco,100.1834,51.6279,100.1834,28.7397,59.8464,32.9339,3.2084,0.0,51.6279,105.4832,48.5205,55.5605,26.9603,3.4423,0.0,54.8949,A1,word_pos,ennuyer,V,ennuyer,VER
bateau,NOUN,A1,beacco,100.1378,67.1908,100.1378,31.3842,65.1497,92.7533,52.2481,0.0,67.1908,90.3054,58.2631,73.0134,71.2856,50.0526,0.0,73.0977,A1,word_pos,bateau,N,bateau,NOM
danse,NOUN,A1,beacco,99.9966,37.2021,99.9966,6.1072,51.6844,2.0121,0.0,48.1138,37.2021,120.3048,10.0646,56.8209,5.38,0.0,77.312,46.3135,A1,word_pos,danse,N,danse,NOM
sportif,ADJ,A1,beacco,99.8463,76.9161,99.8463,82.6848,33.2973,50.0021,0.0,266.2453,76.9161,107.0413,59.6543,34.0214,51.2309,0.0,128.3297,60.5577,A1,word_pos,sportif,A,sportif,ADJ
salon,NOUN,A1,beacco,99.7006,91.5253,99.7006,114.5718,123.0141,30.5835,12.4046,19.2455,91.5253,55.1073,88.072,103.5234,22.8241,6.0005,38.656,73.3941,A1,word_pos,salon,N,salon,NOM
juste,ADV,A1,crf_first_attested,99.3786,117.0037,99.3786,150.0624,86.5254,174.8748,67.3058,28.8683,117.0037,,,,,,,,,crf_only,juste,ADV,,
rêver,VERB,A1,beacco,99.0272,115.5261,99.0272,138.453,110.1691,64.992,151.5132,28.8683,115.5261,141.4912,158.3797,109.8888,77.4741,101.622,19.328,123.4448,A1,word_pos,rêver,V,rêver,VER
autour de,PREP,A1,crf_first_attested,98.8183,174.7131,98.8183,235.804,194.809,185.6319,122.6325,4.1173,174.7131,,,,,,,,,crf_only,autour de,PREP,,
troisième,ADJ,A1,crf_first_attested,98.5785,89.7139,98.5785,38.515,155.6845,26.6685,24.3636,126.3794,89.7139,,,,,,,,,crf_only,troisième,A,,
recevoir,VERB,A1,beacco,98.2402,243.2782,98.2402,203.9612,304.5506,177.5625,369.6523,187.4754,243.2782,95.886,237.9076,333.8734,228.0127,322.3716,111.7223,257.4296,A1,word_pos,recevoir,V,recevoir,VER
mourir,VERB,A1,beacco,98.1749,184.5976,98.1749,263.275,192.8331,195.7771,19.4525,96.2275,184.5976,191.4975,525.2521,368.6103,359.0114,26.3397,57.984,332.3464,A1,word_pos,mourir,V,mourir,VER
dangereux,ADJ,A1,beacco,97.9774,87.2212,97.9774,98.3612,52.4115,137.4328,56.7888,12.9876,87.2212,84.9518,99.456,66.8927,126.7796,62.7562,25.6659,91.2769,A1,word_pos,dangereux,A,dangereux,ADJ
peu,ADV,A1,beacco,97.9226,286.5596,97.9226,183.8341,370.0686,351.6158,358.9458,381.6123,286.5596,1655.8832,1199.6671,1380.1171,1022.3676,981.1337,768.6963,1245.5727,A1,word_pos,peu,ADV,peu,ADV
journaliste,NOUN,A1,beacco,97.2691,149.7005,97.2691,82.4684,138.9876,308.3908,55.8167,47.2681,149.7005,109.5304,97.2744,111.8392,265.8759,63.3793,93.687,148.1599,A1,word_pos,journaliste,N,journaliste,NOM
certains,DET,A1,crf_first_attested,96.9471,335.955,96.9471,157.5347,378.848,214.2533,807.2545,729.7173,335.955,,,,,,,,,crf_only,certains,DET,,
université,NOUN,A1,beacco,96.8951,122.5608,96.8951,52.8333,61.5315,25.6852,209.32,487.6054,122.5608,138.5249,39.2051,73.3169,17.8055,157.8089,500.0688,112.8667,A1,word_pos,université,N,université,NOM
février,NOUN,A1,beacco,96.7611,102.2228,96.7611,41.1506,91.9095,65.6621,282.8311,38.491,102.2228,124.7946,31.5655,72.9358,51.6513,256.1348,19.328,87.6871,A1,word_pos,février,N,février,NOM
ressembler,VERB,A1,beacco,96.1618,103.0063,96.1618,89.1092,125.4479,88.8904,112.0504,19.2455,103.0063,108.3922,109.7483,127.8417,102.5998,80.2715,19.328,111.146,A1,word_pos,ressembler,V,ressembler,VER
souvenir,VERB,A1,beacco,95.7369,85.4777,95.7369,55.5111,66.7792,106.1025,110.0927,9.6228,85.4777,89.1181,146.0379,80.4223,115.9991,103.7367,19.328,111.6757,A1,word_pos,souvenir,V,souvenir,VER
repas,NOUN,A1,beacco,95.7035,90.191,95.7035,143.5281,101.9038,53.4054,12.4046,0.0,90.191,90.202,163.9534,137.1126,66.4916,12.0009,0.0,106.7611,A1,word_pos,repas,N,repas,NOM
ii,ADJ,A1,crf_first_attested,95.4385,74.7454,95.4385,74.2245,89.6607,26.7712,31.2327,6.4938,74.7454,,,,,,,,,crf_only,ii,A,,
grand - parent,NOUN,A1,crf_first_attested,95.3154,14.9572,95.3154,1.9445,7.7548,0.0,0.0,12.9876,14.9572,,,,,,,,,crf_only,grand - parent,N,,
pauvre,NOUN,A1,beacco,95.1943,56.5707,95.1943,70.5089,24.233,35.2112,54.4402,6.4938,56.5707,98.4061,37.4504,23.3793,61.4036,63.3793,12.833,52.3334,A1,word_pos,pauvre,N,pauvre,NOM
début,NOUN,A1,beacco,94.8903,150.4136,94.8903,110.0729,169.4899,176.4938,174.9205,69.3619,150.4136,138.1159,146.6724,202.1927,167.4938,182.746,86.9662,177.9393,A1,word_pos,début,N,début,NOM
partager,VERB,A1,beacco,94.7197,136.5717,94.7197,125.6079,160.8374,103.0875,185.3205,28.8683,136.5717,105.8693,97.3289,149.3701,102.4395,196.3631,38.656,131.2071,A1,word_pos,partager,V,partager,VER
histoires,NOUN,A1,crf_first_attested,94.6738,53.5144,94.6738,56.7641,34.0734,35.0064,16.8923,39.0461,53.5144,,,,,,,,,crf_only,histoires,N,,
espagnol,ADJ,A1,beacco,94.5506,42.6911,94.5506,25.9256,34.1476,11.2845,6.2023,120.7672,42.6911,102.6188,45.2574,45.0276,31.7474,6.0005,154.9424,59.2799,A1,word_pos,espagnol,A,espagnol,ADJ
activité,NOUN,A1,beacco,94.4621,258.1662,94.4621,152.54,275.9034,105.3213,321.0586,1297.8717,258.1662,106.1098,163.7086,253.1438,113.3464,301.0502,1304.6722,243.9939,A1,word_pos,activité,N,activité,NOM
touriste,NOUN,A1,beacco,94.2609,35.3466,94.2609,13.8286,14.8278,16.7982,19.2505,0.0,35.3466,124.4473,28.4223,17.0041,9.8252,20.6538,0.0,39.8697,A1,word_pos,touriste,N,touriste,NOM
après,ADV,A1,beacco,93.8003,36.966,93.8003,19.715,22.0738,32.4761,25.3674,0.0,36.966,254.076,218.2226,84.4624,170.4179,12.0009,57.984,154.0486,A1,word_pos,après,ADV,après,ADV
lunettes,NOUN,A1,crf_first_attested,93.5933,20.029,93.5933,12.7255,3.4667,6.7895,9.8488,0.0,20.029,,,,,,,,,crf_only,lunettes,N,,
réserver,VERB,A1,beacco,93.1708,89.8311,93.1708,30.7614,124.3219,21.5508,129.8245,182.7867,89.8311,68.6954,34.8922,112.8183,23.8285,157.558,145.006,82.8203,A1,word_pos,réserver,V,réserver,VER
chanson,NOUN,A1,beacco,92.6086,91.7343,92.6086,110.664,100.1295,57.167,14.4378,0.0,91.7343,81.8752,144.8555,67.4905,43.0444,10.3269,0.0,83.7543,A1,word_pos,chanson,N,chanson,NOM
pantalon,NOUN,A1,beacco,91.9888,22.6583,91.9888,21.7732,8.5687,0.0,0.0,0.0,22.6583,72.2113,19.1896,12.6449,0.0,0.0,0.0,21.8587,A1,word_pos,pantalon,N,pantalon,NOM
curieux,ADJ,A1,beacco,91.9041,65.6657,91.9041,61.5806,43.9761,53.2137,45.6318,68.1256,65.6657,66.655,44.5285,51.7052,63.2108,40.0479,86.9662,62.0296,A1,word_pos,curieux,A,curieux,ADJ
réaliser,VERB,A1,beacco,91.8898,153.2039,91.8898,61.5273,163.1358,104.961,367.8375,283.8296,153.2039,63.9153,87.4585,117.1249,80.7684,389.7128,418.7845,143.6291,A1,word_pos,réaliser,V,réaliser,VER
bar,NOUN,A1,beacco,91.8179,60.3092,91.8179,8.277,50.3979,163.8255,8.021,0.0,60.3092,124.5052,16.111,36.1274,166.4881,3.4423,0.0,64.1436,A1,word_pos,bar,N,bar,NOM
internet,NOUN,A1,beacco,91.5412,31.7978,91.5412,0.1235,41.0473,5.1209,55.351,19.2455,31.7978,211.9772,44.3171,132.7435,57.4863,388.943,145.006,153.9222,A1,word_pos,internet,N,internet,NOM
solution,NOUN,A1,beacco,91.0291,88.2872,91.0291,25.2265,69.3601,108.0703,208.4827,64.3237,88.2872,66.784,19.21,77.7566,61.0443,178.4213,77.4712,79.1108,A1,word_pos,solution,N,solution,NOM
pardon,NOUN,A1,beacco,90.9512,17.4657,90.9512,17.3656,0.2041,0.0,3.2084,0.0,17.4657,50.1044,18.7274,11.7466,37.3568,3.4423,0.0,26.8263,A1,word_pos,pardon,N,pardon,NOM
ah oui,ADV,A1,crf_first_attested,90.875,27.3674,90.875,28.221,0.2041,18.4029,9.3035,0.0,27.3674,,,,,,,,,crf_only,ah oui,ADV,,
week - end,NOUN,A1,crf_first_attested,90.7466,34.8614,90.7466,49.6508,11.719,10.2239,6.4168,0.0,34.8614,,,,,,,,,crf_only,week - end,N,,
fêter,VERB,A1,beacco,90.4557,37.3071,90.4557,7.2605,68.4083,6.4693,9.3035,0.0,37.3071,114.1641,14.7205,69.336,8.4014,6.0005,0.0,42.6457,A1,word_pos,fêter,V,fêter,VER
répéter,VERB,A1,beacco,90.4158,88.1651,90.4158,85.6154,106.917,60.1181,12.7628,28.8683,88.1651,73.5221,83.9922,116.3178,88.2702,26.3397,19.328,96.199,A1,word_pos,répéter,V,répéter,VER
vingt,DET,A1,crf_first_attested,90.4061,131.1061,90.4061,121.4884,115.2361,86.0566,206.1137,161.7515,131.1061,,,,,,,,,crf_only,vingt,DET,,
avion,NOUN,A1,beacco,90.2809,68.7515,90.2809,13.8087,90.9696,80.8365,37.9244,0.0,68.7515,87.9709,17.3588,73.3995,59.0353,58.4378,0.0,61.975,A1,word_pos,avion,N,avion,NOM
projet,NOUN,A1,beacco,90.2792,230.3292,90.2792,101.6542,267.5124,215.1261,335.4096,459.769,230.3292,122.6113,81.9292,281.2005,180.0799,352.9392,465.1839,227.4284,A1,word_pos,projet,N,projet,NOM
principal,ADJ,A1,beacco,89.5272,108.6365,89.5272,68.3896,60.2421,118.8632,180.4856,245.4054,108.6365,74.7647,62.5406,81.8316,83.6328,167.8995,227.3515,105.033,A1,word_pos,principal,A,principal,ADJ
brun,ADJ,A1,beacco,89.2393,40.4077,89.2393,27.2264,54.9709,14.2956,0.0,0.0,40.4077,97.9101,40.9203,43.9489,24.6771,0.0,0.0,43.3245,A1,word_pos,brun,A,brun,ADJ
septembre,NOUN,A1,beacco,89.1783,109.2302,89.1783,61.6449,127.9057,127.9105,134.4221,22.1371,109.2302,97.7657,56.1261,123.3208,73.5776,120.2103,43.8345,98.3677,A1,word_pos,septembre,N,septembre,NOM
coin,NOUN,A1,beacco,88.5048,93.7225,88.5048,127.1759,46.2716,191.328,20.7298,0.0,93.7225,71.8662,123.7051,55.7446,225.5146,20.024,0.0,98.8485,A1,word_pos,coin,N,coin,NOM
kilomètre,NOUN,A1,beacco,88.1746,69.2107,88.1746,86.8321,52.5952,30.8445,41.5144,0.0,69.2107,95.7799,96.0864,48.319,53.4387,51.9203,0.0,75.3387,A1,word_pos,kilomètre,N,kilomètre,NOM
doux,ADJ,A1,beacco,88.1299,74.3801,88.1299,122.9608,64.8423,14.4317,55.1534,0.0,74.3801,104.7304,124.7806,63.8318,17.9917,60.0719,0.0,78.6773,A1,word_pos,doux,A,doux,ADJ
viande,NOUN,A1,beacco,87.9875,27.1965,87.9875,19.0986,10.3219,12.575,2.0505,0.0,27.1965,97.1587,24.7077,14.9666,11.8554,4.139,0.0,33.355,A1,word_pos,viande,N,viande,NOM
formidable,ADJ,A1,beacco,87.7693,39.4432,87.7693,12.77,32.0571,28.981,25.3674,48.1138,39.4432,73.2542,7.4701,18.8247,38.2104,20.024,19.328,31.5898,A1,word_pos,formidable,A,formidable,ADJ
banque,NOUN,A1,beacco,87.7026,57.9575,87.7026,9.9816,96.0981,43.1876,56.724,19.4814,57.9575,36.6928,20.2709,73.1818,50.1911,80.3223,12.833,52.2715,A1,word_pos,banque,N,banque,NOM
interroger,VERB,A1,beacco,87.2647,113.4268,87.2647,64.2342,37.4543,336.4595,109.7866,19.2455,113.4268,79.5935,76.5506,44.8828,340.3246,96.5565,19.328,117.3092,A1,word_pos,interroger,V,interroger,VER
habitude,NOUN,A1,beacco,87.0657,190.5788,87.0657,243.9262,223.2913,232.2123,90.8839,48.0277,190.5788,109.1629,314.6505,242.7354,242.1634,90.442,56.7717,222.1454,A1,word_pos,habitude,N,habitude,NOM
collection,NOUN,A1,beacco,86.9053,37.622,86.9053,23.8571,19.9149,11.7215,9.6252,67.3593,37.622,74.7662,36.7471,19.4544,8.3751,3.4423,38.656,36.6853,A1,word_pos,collection,N,collection,NOM
piscine,NOUN,A1,beacco,86.3108,31.905,86.3108,38.2387,3.5364,10.597,30.8006,0.0,31.905,116.2302,28.2095,11.246,2.2839,20.6179,0.0,27.2816,A1,word_pos,piscine,N,piscine,NOM
impossible,ADJ,A1,beacco,86.2557,164.3556,86.2557,163.0585,188.0406,177.1936,160.3346,28.8683,164.3556,55.528,142.6059,138.2897,131.989,170.044,19.328,132.2239,A1,word_pos,impossible,A,impossible,ADJ
six,DET,A1,crf_first_attested,86.2143,180.4697,86.2143,242.3596,186.3564,201.5686,87.374,69.3619,180.4697,,,,,,,,,crf_only,six,DET,,
grand - père,NOUN,A1,crf_first_attested,85.9105,14.5585,85.9105,0.3702,4.0175,0.0,6.4168,0.0,14.5585,,,,,,,,,crf_only,grand - père,N,,
mariage,NOUN,A1,beacco,85.8091,177.6226,85.8091,200.4101,109.4558,57.9448,256.3983,510.0059,177.6226,104.7694,206.7311,109.5515,60.901,223.3187,463.8719,182.4876,A1,word_pos,mariage,N,mariage,NOM
pain,NOUN,A1,beacco,85.7677,75.0791,85.7677,117.5859,54.8161,45.6882,1.6042,0.0,75.0791,116.6015,116.1231,53.7695,56.5614,3.4423,0.0,84.619,A1,word_pos,pain,N,pain,NOM
dos,NOUN,A1,beacco,85.4978,89.1091,85.4978,79.3468,61.3823,80.5639,127.1081,0.0,89.1091,106.9033,80.9401,76.4585,91.5558,92.2241,0.0,89.6201,A1,word_pos,dos,N,dos,NOM
environ,PREP,A1,beacco,84.542,70.5399,,,,,,,,84.542,56.1567,79.8793,12.8024,60.4644,134.1811,70.5399,A1,beacco_only,,,environ,PRP
ciel,NOUN,A1,beacco,84.2657,90.1379,84.2657,73.9531,105.2545,58.2623,103.6489,0.0,90.1379,97.0313,106.7368,138.0721,65.5361,60.0719,0.0,107.2489,A1,word_pos,ciel,N,ciel,NOM
août,NOUN,A1,beacco,83.9639,50.4067,83.9639,46.0077,55.9647,16.8317,54.3041,0.0,50.4067,80.0686,46.1948,50.5059,23.1703,63.1306,0.0,46.6588,A1,word_pos,août,N,août,NOM
aime,NOUN,A1,crf_first_attested,83.5761,21.5551,83.5761,15.8378,3.4382,13.4486,0.0,0.0,21.5551,,,,,,,,,crf_only,aime,N,,
côte,NOUN,A1,beacco,83.2728,31.7095,83.2728,8.6098,32.9852,9.7124,21.7081,0.0,31.7095,26.5211,15.2475,57.959,2.2839,24.0018,0.0,33.3318,A1,word_pos,côte,N,côte,NOM
nature,NOUN,A1,beacco,82.4407,78.4712,82.4407,46.7003,101.811,44.4252,79.0209,28.471,78.4712,107.7137,40.1682,123.0939,67.3661,162.175,50.4231,96.8754,A1,word_pos,nature,N,nature,NOM
climat,NOUN,A1,beacco,82.3625,30.7839,82.3625,2.7227,24.8021,3.0277,69.0437,72.1635,30.7839,68.1094,3.8553,28.1265,4.5679,91.5429,43.8345,31.7635,A1,word_pos,climat,N,climat,NOM
d' accord,ADV,A1,crf_first_attested,81.7919,29.271,81.7919,20.8991,5.8163,36.3951,0.0,32.4689,29.271,,,,,,,,,crf_only,d' accord,ADV,,
neuf,ADJ,A1,beacco,81.6703,45.4841,81.6703,39.0037,14.6498,33.2919,114.0028,9.6228,45.4841,87.7092,50.806,45.1319,81.0992,125.6164,19.328,74.6413,A1,word_pos,neuf,A,neuf,ADJ
extraordinaire,ADJ,A1,beacco,81.3525,74.3239,81.3525,44.7919,84.157,42.8751,82.1349,9.6228,74.3239,97.231,44.1579,104.3264,30.9662,41.2358,19.328,74.1343,A1,word_pos,extraordinaire,A,extraordinaire,ADJ
oreille,NOUN,A1,beacco,81.3451,105.6498,81.3451,68.1288,174.5497,83.7578,31.0115,0.0,105.6498,88.2134,90.1312,163.4195,99.2213,36.0028,0.0,113.7061,A1,word_pos,oreille,N,oreille,NOM
défendre,VERB,A1,beacco,81.3351,59.0746,81.3351,25.1381,81.2669,51.7423,45.3131,0.0,59.0746,53.3439,29.9383,88.7637,57.8288,72.2624,0.0,64.7755,A1,word_pos,défendre,V,défendre,VER
site,NOUN,A1,beacco,80.9043,126.6997,80.9043,42.6676,193.7379,74.8471,212.8697,56.3681,126.6997,93.5719,47.7168,208.5309,52.7499,207.5014,111.7223,133.926,A1,word_pos,site,N,site,NOM
bouteille,NOUN,A1,beacco,80.7082,57.4499,80.7082,78.9556,26.5274,35.0213,47.7847,0.0,57.4499,98.3134,92.0027,27.2806,38.5142,40.7953,0.0,63.8126,A1,word_pos,bouteille,N,bouteille,NOM
souhaiter,VERB,A1,beacco,80.4295,116.4813,80.4295,125.9808,120.5083,99.4338,84.116,114.1918,116.4813,121.0475,124.301,129.1035,114.3302,77.1946,134.1811,128.2457,A1,word_pos,souhaiter,V,souhaiter,VER
peintre,NOUN,A1,beacco,80.3844,46.0723,80.3844,8.0682,25.907,94.0201,32.7469,0.0,46.0723,87.8057,36.0794,25.3321,91.6786,31.3528,0.0,51.0902,A1,word_pos,peintre,N,peintre,NOM
blond,ADJ,A1,beacco,80.1545,36.3009,80.1545,34.1297,13.6922,40.9389,18.4508,0.0,36.3009,65.751,51.7847,17.0543,60.2235,19.861,0.0,43.9814,A1,word_pos,blond,A,blond,ADJ
sentir,VERB,A1,beacco,80.0969,312.3017,80.0969,399.0689,408.8577,309.6437,255.8318,108.039,312.3017,69.4478,395.4524,399.2616,336.6468,268.0661,131.2856,313.7235,A1,word_pos,sentir,V,sentir,VER
tellement,ADV,A1,beacco,79.7298,87.3935,79.7298,68.5994,107.0154,98.0969,38.905,0.0,87.3935,72.9375,71.687,108.3216,127.766,46.7967,0.0,91.2243,A1,word_pos,tellement,ADV,tellement,ADV
grand-père,NOUN,A1,beacco,79.3866,15.2335,,,,,,,,79.3866,0.606,8.6985,0.0,3.4423,0.0,15.2335,A1,beacco_only,,,grand-père,NOM
commerce,NOUN,A1,beacco,79.1985,95.6675,79.1985,76.1695,63.4407,4.7828,318.6163,48.1138,95.6675,71.1048,63.7096,76.3556,8.4014,255.1924,19.328,85.0036,A1,word_pos,commerce,N,commerce,NOM
annoncer,VERB,A1,beacco,78.5404,110.6177,78.5404,92.115,121.9898,40.9615,208.1218,29.8958,110.6177,81.0928,91.7567,119.7158,44.8286,142.4287,44.6051,104.0276,A1,word_pos,annoncer,V,annoncer,VER
repartir,VERB,A1,beacco,78.5367,55.3846,78.5367,83.1682,28.2695,46.9956,6.1515,0.0,55.3846,86.3792,73.935,40.5991,32.1334,4.139,0.0,55.0454,A1,word_pos,repartir,V,repartir,VER
appareil,NOUN,A1,beacco,78.4941,78.1678,78.4941,160.4976,18.3114,24.223,111.7828,38.491,78.1678,55.6323,118.9589,26.9044,30.2527,142.4287,38.656,71.8559,A1,word_pos,appareil,N,appareil,NOM
quart,NOUN,A1,beacco,77.9745,59.3421,77.9745,68.6744,40.6501,38.5857,27.7392,48.0277,59.3421,51.625,65.0639,32.8322,49.9906,8.2781,77.4712,53.0623,A1,word_pos,quart,N,quart,NOM
honneur,NOUN,A1,beacco,77.8832,57.9283,77.8832,34.8945,42.4561,73.6909,55.8167,0.0,57.9283,45.4066,46.2507,44.7959,63.3089,80.3223,0.0,60.3525,A1,word_pos,honneur,N,honneur,NOM
coup,NOUN,A1,beacco,77.8688,285.8728,77.8688,338.934,343.2527,433.167,157.8825,19.4814,285.8728,214.2747,562.8843,570.3353,752.1878,238.1468,56.7717,498.8974,A1,word_pos,coup,N,coup,NOM
légende,NOUN,A1,beacco,77.1913,28.8709,77.1913,9.8703,26.6878,24.9697,0.0,0.0,28.8709,36.5635,18.8239,22.3816,16.7844,0.0,0.0,21.3867,A1,word_pos,légende,N,légende,NOM
réunir,VERB,A1,beacco,77.1492,66.3458,77.1492,47.469,76.379,50.7247,62.9119,0.0,66.3458,74.2403,61.2005,93.9121,48.6847,61.8536,0.0,73.5013,A1,word_pos,réunir,V,réunir,VER
télévision,NOUN,A1,beacco,76.9878,183.1737,76.9878,92.1374,123.6464,204.5863,362.9811,441.0289,183.1737,76.2489,105.2223,86.6907,80.0839,389.5181,644.8762,164.0967,A1,word_pos,télévision,N,télévision,NOM
après,CONJ,A1,beacco,76.9664,61.491,,,,,,,,76.9664,39.8944,64.8411,66.2247,31.3528,0.0,61.491,A1,beacco_only,,,après,KON
police,NOUN,A1,beacco,76.6789,226.4841,76.6789,265.7263,66.1198,833.5148,147.8508,0.0,226.4841,90.741,202.5127,63.0204,889.782,139.9689,0.0,233.3332,A1,word_pos,police,N,police,NOM
terminer,VERB,A1,beacco,76.662,70.457,76.662,105.3399,60.3291,36.4301,52.3355,9.6228,70.457,88.165,98.1502,87.9967,38.0295,40.1357,19.328,79.1003,A1,word_pos,terminer,V,terminer,VER
anglais,ADJ,A1,beacco,76.2434,76.1703,76.2434,102.2297,47.6799,74.8229,33.8984,67.3593,76.1703,273.8167,216.8956,144.311,232.3445,146.4853,96.64,213.2646,A1,word_pos,anglais,A,anglais,ADJ
plat,NOUN,A1,beacco,76.2087,38.5742,76.2087,16.2666,41.9386,23.1877,6.2023,2.0587,38.5742,131.2083,14.4602,52.4846,28.8851,20.024,4.0185,52.9262,A1,word_pos,plat,N,plat,NOM
non plus,ADV,A1,crf_first_attested,76.0731,75.1762,76.0731,66.2836,32.2317,110.2233,116.1824,56.9312,75.1762,,,,,,,,,crf_only,non plus,ADV,,
selon,PREP,A1,beacco,75.7327,228.1653,75.7327,77.9998,262.9751,214.1294,549.321,500.2596,228.1653,79.1491,82.1112,237.3823,227.584,505.7057,466.0935,217.6353,A1,word_pos,selon,PREP,selon,PRP
menu,NOUN,A1,beacco,75.489,11.8767,75.489,3.2245,0.1637,0.7062,0.0,0.0,11.8767,148.0107,14.0171,2.5994,1.2705,3.4423,0.0,23.153,A1,word_pos,menu,N,menu,NOM
grands-parents,NOUN,A1,beacco,75.2797,27.6295,,,,,,,,75.2797,12.7147,22.2256,4.5679,0.0,12.833,27.6295,A1,beacco_only,,,grands-parents,NOM
mort,NOUN,A1,beacco,75.2669,233.0123,75.2669,108.5445,370.1972,157.1097,326.7578,126.4605,233.0123,76.5424,135.2131,456.7918,233.2257,356.2247,173.9324,275.4923,A1,word_pos,mort,N,mort,NOM
exister,VERB,A1,beacco,74.7471,263.1771,74.7471,214.2497,309.5656,222.0589,401.7301,353.6793,263.1771,81.4043,205.5815,275.9043,195.8331,375.0797,457.4467,247.5077,A1,word_pos,exister,V,exister,VER
partie,NOUN,A1,beacco,74.6883,223.7517,74.6883,164.1974,256.4671,201.2026,395.1055,203.9085,223.7517,87.0363,213.7669,284.5765,219.2306,506.0911,360.3697,261.4053,A1,word_pos,partie,N,partie,NOM
admirer,VERB,A1,beacco,74.577,28.1361,74.577,8.8621,34.1105,12.0167,6.2023,0.0,28.1361,81.6639,12.8094,43.6048,48.8847,31.3528,0.0,44.6655,A1,word_pos,admirer,V,admirer,VER
confiture,NOUN,A1,beacco,74.4057,16.3005,74.4057,1.2683,7.1942,0.0,3.2084,12.9876,16.3005,70.4846,1.2017,7.6513,0.0,3.4423,12.833,14.3284,A1,word_pos,confiture,N,confiture,NOM
disparaître,VERB,A1,beacco,74.1088,163.1204,74.1088,218.0498,187.8468,98.8695,90.0987,115.473,163.1204,92.5016,234.5953,222.1448,85.9728,94.117,96.64,175.152,A1,word_pos,disparaître,V,disparaître,VER
bande,NOUN,A1,beacco,73.8454,54.536,73.8454,56.9354,32.446,34.803,56.781,0.0,54.536,74.3464,64.4931,27.4631,14.1801,30.0023,0.0,43.9192,A1,word_pos,bande,N,bande,NOM
demi - heure,NOUN,A1,crf_first_attested,73.1585,37.5313,73.1585,40.3058,29.0633,40.619,0.0,0.0,37.5313,,,,,,,,,crf_only,demi - heure,N,,
longue,ADJ,A1,beacco,73.0762,170.4206,,,,,,,,73.0762,230.268,130.0051,216.4469,157.558,151.1435,170.4206,A1,beacco_only,,,longue,ADJ
pomme,NOUN,A1,beacco,73.0259,33.8045,73.0259,24.3894,24.8305,6.4693,6.4168,67.3593,33.8045,104.7103,32.9497,29.8409,8.4014,13.7692,57.984,43.8997,A1,word_pos,pomme,N,pomme,NOM
mairie,NOUN,A1,beacco,72.7114,57.5758,72.7114,52.125,61.6425,1.5139,25.3674,114.1335,57.5758,85.1765,44.8156,71.2806,2.2839,26.3397,38.4989,55.2126,A1,word_pos,mairie,N,mairie,NOM
trois,ADJ,A1,crf_first_attested,72.6615,134.0459,72.6615,129.0689,160.8934,112.3549,72.0068,244.9902,134.0459,,,,,,,,,crf_only,trois,A,,
couper,VERB,A1,beacco,72.3795,80.7224,72.3795,135.5947,44.6347,4.0241,90.2801,67.3593,80.7224,96.1217,134.9359,57.7738,10.76,88.3167,38.656,85.7309,A1,word_pos,couper,V,couper,VER
accueillir,VERB,A1,beacco,72.3205,65.2332,72.3205,36.6007,50.9135,50.0021,88.6541,86.6048,65.2332,107.2178,33.3076,68.0894,44.7845,85.2966,77.312,70.0411,A1,word_pos,accueillir,V,accueillir,VER
prince,NOUN,A1,beacco,72.2344,34.7443,72.2344,45.6568,11.7751,0.0,25.7756,0.0,34.7443,82.0955,59.2266,9.4167,0.0,40.0479,0.0,44.1236,A1,word_pos,prince,N,prince,NOM
chien,ADJ,A1,crf_first_attested,72.2023,15.9229,72.2023,8.9215,6.8201,3.0277,0.0,0.0,15.9229,,,,,,,,,crf_only,chien,A,,
cité,NOUN,A1,beacco,72.1776,58.5144,72.1776,48.6246,57.4334,21.514,63.6688,44.2742,58.5144,49.1742,45.5949,40.7074,4.5679,66.4491,56.7717,42.9613,A1,word_pos,cité,N,cité,NOM
origine,NOUN,A1,beacco,72.1615,150.3415,72.1615,77.3056,121.8724,61.5768,365.7898,346.8095,150.3415,67.2898,114.846,135.7032,100.3956,525.6218,480.1617,181.8051,A1,word_pos,origine,N,origine,NOM
agréable,ADJ,A1,beacco,72.0628,48.1354,72.0628,49.8167,59.9717,12.4669,3.2084,6.176,48.1354,60.1664,47.5486,74.6554,24.6051,3.4423,4.0185,51.3314,A1,word_pos,agréable,A,agréable,ADJ
milieu,NOUN,A1,beacco,71.9993,169.3815,71.9993,116.7983,190.5057,174.8724,180.3045,332.3684,169.3815,82.1906,250.3953,296.8805,251.3726,253.9662,209.3923,248.8331,A1,word_pos,milieu,N,milieu,NOM
isabelle,ADJ,A1,crf_first_attested,71.8863,13.7537,71.8863,0.7405,11.3249,0.0,1.6042,0.0,13.7537,,,,,,,,,crf_only,isabelle,A,,
inauguration,NOUN,A1,beacco,71.6046,7.0518,71.6046,0.3702,1.8309,0.0,0.0,0.0,7.0518,54.1654,0.606,3.5101,0.0,0.0,0.0,6.6271,A1,word_pos,inauguration,N,inauguration,NOM
rivière,NOUN,A1,beacco,71.4673,70.668,71.4673,86.9464,100.4273,0.6707,29.7295,9.6228,70.668,57.0878,86.4336,92.8761,1.7933,20.024,19.328,63.7441,A1,word_pos,rivière,N,rivière,NOM
entreprise,NOUN,A1,beacco,71.3917,223.6877,71.3917,96.3291,216.226,145.9966,343.6249,888.5882,223.6877,71.2134,94.6257,228.2357,149.0516,404.478,883.634,234.2362,A1,word_pos,entreprise,N,entreprise,NOM
mauvais,ADJ,A1,beacco,70.9007,146.5554,70.9007,178.6326,162.2635,103.5343,132.2244,143.5571,146.5554,58.9924,160.224,140.6015,153.5417,106.3577,206.4962,139.7015,A1,word_pos,mauvais,A,mauvais,ADJ
voyager,VERB,A1,beacco,70.4171,80.4485,70.4171,141.2635,65.5815,28.145,73.0617,9.6228,80.4485,98.0983,138.7891,75.5806,18.5428,51.9203,19.328,86.5539,A1,word_pos,voyager,V,voyager,VER
marier,VERB,A1,beacco,70.0611,91.6388,70.0611,150.5557,90.7197,20.5981,30.0911,115.0793,91.6388,208.9618,238.3781,141.7081,103.4318,84.1874,252.6228,174.9633,A1,word_pos,marier,V,marier,VER
bizarre,ADJ,A1,beacco,69.9224,33.7313,69.9224,31.7892,29.9501,26.0763,0.0,0.0,33.7313,72.7151,33.8278,31.785,24.0016,0.0,0.0,35.2304,A1,word_pos,bizarre,A,bizarre,ADJ
paysage,NOUN,A1,beacco,69.6932,72.3489,69.6932,54.7426,102.0106,27.7684,32.1283,57.7365,72.3489,89.7822,60.0856,92.835,26.8458,40.1357,19.328,72.4427,A1,word_pos,paysage,N,paysage,NOM
charmant,ADJ,A1,beacco,69.6757,12.73,69.6757,2.2314,4.0003,0.0,6.2023,0.0,12.73,83.173,4.4863,16.8713,0.0,6.0005,0.0,19.6371,A1,word_pos,charmant,A,charmant,ADJ
également,ADV,A1,beacco,69.4689,199.1224,69.4689,118.0706,190.315,127.9445,400.7085,831.2502,199.1224,61.6806,142.2635,216.095,153.8766,461.044,568.0393,207.9151,A1,word_pos,également,ADV,également,ADV
forêt,NOUN,A1,beacco,69.1449,132.3715,69.1449,169.5814,178.6658,1.1509,145.9192,64.9379,132.3715,68.7758,211.3718,147.3246,1.822,136.1814,12.833,122.1859,A1,word_pos,forêt,N,forêt,NOM
noir,NOUN,A1,beacco,68.9653,34.5727,68.9653,0.6939,14.7383,43.4883,134.3066,0.0,34.5727,36.2217,6.9772,33.8129,42.2947,16.5561,19.328,30.6129,A1,word_pos,noir,N,noir,NOM
en train de,PREP,A1,crf_first_attested,68.7475,66.0163,68.7475,106.1559,53.0699,44.6416,6.1515,19.4814,66.0163,,,,,,,,,crf_only,en train de,PREP,,
pardon,INT,A1,beacco,68.4831,12.7356,,,,,,,,68.4831,3.7555,0.4317,1.8983,3.4423,0.0,12.7356,A1,beacco_only,,,pardon,INT
avril,NOUN,A1,beacco,68.459,73.9204,68.459,24.9833,77.3117,38.9669,104.4016,214.8179,73.9204,79.5737,35.9612,62.7335,18.6073,82.2143,185.5908,64.661,A1,word_pos,avril,N,avril,NOM
sembler,VERB,A1,beacco,68.3374,340.5125,68.3374,278.3965,442.7439,504.5806,280.5722,531.2755,340.5125,56.7256,291.6812,438.7794,508.7915,350.4134,472.1677,348.7102,A1,word_pos,sembler,V,sembler,VER
merveilleux,ADJ,A1,beacco,67.8108,23.9197,67.8108,6.363,18.4652,19.8046,12.4046,0.0,23.9197,67.1831,10.0125,29.1479,14.4942,12.0009,0.0,28.6405,A1,word_pos,merveilleux,A,merveilleux,ADJ
littérature,NOUN,A1,beacco,67.787,66.7901,67.787,13.1948,12.9854,54.3517,119.561,490.7604,66.7901,81.1305,23.2356,14.0738,35.7079,93.6255,212.6079,59.5563,A1,word_pos,littérature,N,littérature,NOM
culturel,ADJ,A1,beacco,67.4474,151.1833,67.4474,36.2396,225.5697,66.5385,306.0746,178.96,151.1833,87.3013,49.3525,159.5822,57.8094,232.3871,208.1843,123.8256,A1,word_pos,culturel,A,culturel,ADJ
situer,VERB,A1,beacco,67.1445,103.5358,67.1445,31.398,145.4477,61.6977,117.8383,413.6185,103.5358,114.4904,83.203,150.2941,50.6607,144.5357,360.3697,116.5607,A1,word_pos,situer,V,situer,VER
réussir,VERB,A1,beacco,66.9841,187.2683,66.9841,308.0346,177.5269,184.4675,160.6417,9.6228,187.2683,57.356,226.2543,175.0878,223.2629,162.3917,19.328,170.2758,A1,word_pos,réussir,V,réussir,VER
groupe,NOUN,A1,beacco,66.8935,216.3733,66.8935,153.1895,234.5067,206.2342,268.7184,522.7357,216.3733,72.5165,217.2668,199.1319,178.668,222.6457,363.357,205.4735,A1,word_pos,groupe,N,groupe,NOM
prêt,ADJ,A1,beacco,66.2597,97.2658,66.2597,130.9259,121.7776,48.264,18.6069,101.5791,97.2658,53.1131,205.2011,221.0835,121.8037,76.6769,138.6137,157.5273,A1,word_pos,prêt,A,prêt,ADJ
excuser,VERB,A1,beacco,66.0976,14.0944,66.0976,0.0,12.4378,6.4693,0.0,0.0,14.0944,332.7218,54.3206,27.413,18.2638,0.0,0.0,70.0832,A1,word_pos,excuser,V,excuser,VER
parisien,NOUN,A1,beacco,65.8519,26.0329,65.8519,8.7722,5.8692,58.8882,3.2084,0.0,26.0329,54.9387,4.6396,7.475,70.1389,3.4423,12.833,27.102,A1,word_pos,parisien,N,parisien,NOM
gâteau,NOUN,A1,beacco,65.4357,31.1469,65.4357,40.2979,7.1555,1.3414,0.0,0.0,31.1469,121.1756,66.794,5.92,1.7933,0.0,0.0,37.6656,A1,word_pos,gâteau,N,gâteau,NOM
juin,NOUN,A1,beacco,65.4336,88.9708,65.4336,65.5966,126.6559,21.2809,100.9647,19.4814,88.9708,85.818,76.2958,128.2015,29.2266,91.5429,25.6659,95.6535,A1,word_pos,juin,N,juin,NOM
studio,NOUN,A1,beacco,65.373,22.2951,,,,,,,,65.373,17.1447,1.757,0.0,24.0018,38.656,22.2951,A1,beacco_only,,,studio,NOM
époque,NOUN,A1,beacco,65.2682,141.7976,65.2682,61.0326,212.2629,75.4174,274.9684,57.7365,141.7976,86.7141,95.9018,199.0158,121.8157,273.4727,57.984,156.026,A1,word_pos,époque,N,époque,NOM
parking,NOUN,A1,beacco,65.2402,22.3806,65.2402,1.9307,18.2411,0.0,56.781,0.0,22.3806,112.5804,0.5213,7.5777,0.0,41.1274,0.0,18.6561,A1,word_pos,parking,N,parking,NOM
court,ADJ,A1,beacco,65.1025,86.7419,65.1025,108.2317,73.5102,82.1484,79.3067,4.1173,86.7419,60.5748,89.6966,101.2095,105.7114,106.0365,0.0,94.846,A1,word_pos,court,A,court,ADJ
vue,NOUN,A1,beacco,64.9083,64.4659,64.9083,22.0603,45.1718,74.7777,157.438,19.2455,64.4659,88.3483,53.0899,79.8645,112.4652,154.3172,113.5434,96.5808,A1,word_pos,vue,N,vue,NOM
guerre,NOUN,A1,beacco,64.8995,130.8973,64.8995,130.058,121.3517,108.3705,174.9393,56.9312,130.8973,74.5634,142.5803,107.1463,108.806,168.8417,56.7717,130.2985,A1,word_pos,guerre,N,guerre,NOM
évidemment,ADV,A1,beacco,64.7878,55.9816,64.7878,51.2506,41.2596,60.1416,48.7271,19.2455,55.9816,69.5763,41.1746,40.3323,43.7232,49.0825,38.656,53.763,A1,word_pos,évidemment,ADV,évidemment,ADV
tourisme,NOUN,A1,beacco,64.6445,28.8904,64.6445,7.3559,35.3848,3.0277,25.3674,12.9876,28.8904,45.8817,12.6145,29.9623,4.5679,6.0005,12.833,26.5584,A1,word_pos,tourisme,N,tourisme,NOM
portable,NOUN,A1,crf_first_attested,64.5827,54.7158,64.5827,32.6908,61.4915,18.8519,34.1127,0.0,54.7158,,,,,,,,,crf_only,portable,N,,
grand - mère,NOUN,A1,crf_first_attested,64.388,39.403,64.388,79.9759,6.3316,14.0699,0.0,72.7833,39.403,,,,,,,,,crf_only,grand - mère,N,,
vendre,VERB,A1,beacco,64.2746,130.1664,64.2746,101.7318,169.3833,130.1622,154.6452,66.1574,130.1664,68.0183,125.646,223.2782,165.9622,185.4721,43.8345,165.1384,A1,word_pos,vendre,V,vendre,VER
construire,VERB,A1,beacco,63.7695,125.0151,63.7695,89.1151,111.8894,172.9416,182.6479,96.9035,125.0151,77.0806,116.8867,132.2279,129.8557,138.6991,135.3747,128.6612,A1,word_pos,construire,V,construire,VER
le plus,ADV,A1,crf_first_attested,63.7688,54.7528,63.7688,57.5912,12.7831,71.1859,77.0183,97.486,54.7528,,,,,,,,,crf_only,le plus,ADV,,
type,NOUN,A1,beacco,63.7314,120.3073,63.7314,62.0719,83.9444,118.9875,285.0928,162.8499,120.3073,50.7698,86.9003,84.5839,84.3845,273.0187,288.9928,116.9979,A1,word_pos,type,N,type,NOM
immeuble,NOUN,A1,beacco,63.6043,62.4039,63.6043,97.8438,45.93,12.9144,43.6353,0.0,62.4039,96.5408,75.1465,37.4535,8.2319,40.1357,0.0,54.5966,A1,word_pos,immeuble,N,immeuble,NOM
lycée,NOUN,A1,beacco,63.5944,48.1247,63.5944,25.5987,67.3031,0.7062,45.6223,19.4814,48.1247,80.5749,29.9801,56.4304,1.2705,26.3397,12.833,43.2483,A1,word_pos,lycée,N,lycée,NOM
celui,PRON,A1,beacco,63.2647,958.8568,63.2647,506.8111,1141.9314,1499.2122,1921.6094,1334.0945,958.8568,58.7579,701.924,1257.2845,1745.1051,2160.0187,1641.3451,1108.8441,A1,word_pos,celui,PRO,celui,PRO
prof,NOUN,A1,beacco,62.8428,27.8675,62.8428,35.9823,2.8675,11.6053,3.2084,0.0,27.8675,82.0621,49.5743,3.5101,13.6738,6.8846,0.0,28.7014,A1,word_pos,prof,N,prof,NOM
décorer,VERB,A1,beacco,62.8077,21.993,62.8077,25.2655,4.709,0.0,18.6069,0.0,21.993,40.9796,19.3475,4.8516,0.0,12.0009,0.0,15.4076,A1,word_pos,décorer,V,décorer,VER
chacun,PRON,A1,beacco,62.5824,276.1397,62.5824,123.7666,394.5443,378.8879,384.7956,279.9244,276.1397,53.5901,110.293,271.9635,365.5098,337.2365,269.6186,228.5153,A1,word_pos,chacun,PRO,chacun,PRO
roman,NOUN,A1,beacco,62.5379,164.8344,62.5379,92.6982,101.0466,534.8207,73.7058,119.3029,164.8344,74.3035,103.421,99.3188,258.5052,84.4695,43.8345,133.1546,A1,word_pos,roman,N,roman,NOM
produire,VERB,A1,beacco,62.5172,113.3485,62.5172,8.1162,119.1895,122.4974,248.0685,396.4846,113.3485,76.5932,15.0154,121.5612,76.6388,262.5783,424.1419,112.4174,A1,word_pos,produire,V,produire,VER
ouverture,NOUN,A1,beacco,62.1925,55.0091,62.1925,35.9331,38.855,45.1982,60.391,9.6228,55.0091,75.8595,50.6474,36.0755,44.031,50.0526,19.328,56.1663,A1,word_pos,ouverture,N,ouverture,NOM
beurre,NOUN,A1,beacco,61.9841,25.446,61.9841,50.0996,8.2818,0.0,0.0,0.0,25.446,57.38,39.2284,12.1689,0.0,0.0,0.0,23.0627,A1,word_pos,beurre,N,beurre,NOM
pratiquer,VERB,A1,beacco,61.858,97.3442,61.858,10.3171,124.7718,75.9983,118.8001,181.8261,97.3442,59.6121,9.8901,96.017,43.0852,96.005,102.6638,72.3496,A1,word_pos,pratiquer,V,pratiquer,VER
zone,NOUN,A1,beacco,61.6333,73.8033,61.6333,13.7498,96.8376,21.6201,133.1423,138.7238,73.8033,60.5443,22.4132,111.3922,25.2191,113.7632,173.9324,76.774,A1,word_pos,zone,N,zone,NOM
succès,NOUN,A1,beacco,61.478,180.9064,61.478,131.1882,261.7844,253.1373,129.4497,79.5353,180.9064,74.0181,132.1269,249.1277,190.7248,158.8936,87.6689,174.1918,A1,word_pos,succès,N,succès,NOM
promenade,NOUN,A1,beacco,61.3084,19.8124,61.3084,22.633,4.753,16.3904,1.6042,0.0,19.8124,67.6492,39.2612,7.1674,28.9254,3.4423,0.0,30.4241,A1,word_pos,promenade,N,promenade,NOM
refuser,VERB,A1,beacco,61.1149,157.0461,61.1149,100.2722,254.819,125.371,119.5166,136.4037,157.0461,72.0155,115.1449,247.8788,90.7043,142.8625,111.7223,155.0689,A1,word_pos,refuser,V,refuser,VER
en effet,ADV,A1,crf_first_attested,61.0665,229.29,61.0665,182.7837,196.4307,344.8363,354.1998,408.4073,229.29,,,,,,,,,crf_only,en effet,ADV,,
reste,NOUN,A1,beacco,60.912,59.6518,60.912,28.9714,37.8591,121.7856,81.0628,69.3619,59.6518,90.5872,49.7162,55.5227,125.4588,172.9276,145.006,90.576,A1,word_pos,reste,N,reste,NOM
ménage,NOUN,A1,beacco,60.6988,50.1946,60.6988,49.1647,40.3927,0.8949,113.1762,12.9876,50.1946,45.6245,23.9907,29.3755,1.8983,123.8024,12.833,38.0003,A1,word_pos,ménage,N,ménage,NOM
province,NOUN,A1,beacco,60.6734,42.3163,60.6734,49.8235,25.8954,26.1591,15.1776,12.9876,42.3163,44.8983,55.7953,22.3311,19.2437,20.024,25.6659,38.9937,A1,word_pos,province,N,province,NOM
jus,NOUN,A1,beacco,60.673,12.5441,60.673,0.7405,0.0,0.7062,14.569,87.8525,12.5441,77.1796,0.606,0.0,1.2705,19.861,43.8345,14.4917,A1,word_pos,jus,N,jus,NOM
octobre,NOUN,A1,beacco,60.6573,107.8865,60.6573,26.8957,193.4413,163.8924,36.6339,6.176,107.8865,70.6213,21.2374,151.233,129.4028,31.3781,8.037,93.6827,A1,word_pos,octobre,N,octobre,NOM
sauver,VERB,A1,beacco,60.2877,144.5795,60.2877,203.0632,195.1163,111.2014,12.8336,25.5316,144.5795,61.9609,188.8489,170.7123,121.2113,6.8846,43.8345,135.6443,A1,word_pos,sauver,V,sauver,VER
participer,VERB,A1,beacco,60.2731,84.0376,60.2731,58.1152,71.3377,49.4008,145.4199,88.1967,84.0376,52.462,78.0276,89.4297,31.1602,148.3659,87.6689,86.0773,A1,word_pos,participer,V,participer,VER
couloir,NOUN,A1,beacco,60.124,76.5038,60.124,40.4774,57.3677,132.0087,57.7841,0.0,76.5038,54.4912,31.4993,66.1627,131.8783,64.7832,0.0,75.762,A1,word_pos,couloir,N,couloir,NOM
mardi,NOUN,A1,beacco,59.9168,29.9005,59.9168,4.4632,33.7847,16.3014,26.9096,19.2455,29.9005,66.992,4.7285,25.5313,14.4824,54.0583,19.328,30.0954,A1,word_pos,mardi,N,mardi,NOM
embrasser,VERB,A1,beacco,59.7764,84.1087,59.7764,136.5875,89.7551,32.2086,62.1893,0.0,84.1087,148.6453,114.6063,116.1013,59.2505,60.0719,0.0,108.9174,A1,word_pos,embrasser,V,embrasser,VER
ensemble,NOUN,A1,beacco,59.4691,99.2457,59.4691,44.8293,78.1979,61.2174,214.9239,416.8511,99.2457,96.6691,61.8134,94.8688,79.9284,202.567,240.7752,110.5835,A1,word_pos,ensemble,N,ensemble,NOM
bravo,INT,A1,beacco,59.2608,14.3975,,,,,,,,59.2608,14.6715,0.1219,8.7861,0.0,0.0,14.3975,A1,beacco_only,,,bravo,INT
gratuit,ADJ,A1,beacco,59.2222,77.0833,59.2222,15.8431,154.7002,35.7604,51.07,0.0,77.0833,45.7774,17.9307,97.762,14.1801,54.0583,0.0,52.0809,A1,word_pos,gratuit,A,gratuit,ADJ
foot,NOUN,A1,beacco,59.0984,13.3878,59.0984,1.9588,2.7483,14.5038,0.0,0.0,13.3878,32.9601,1.3053,3.5715,18.0886,0.0,0.0,8.6735,A1,word_pos,foot,N,foot,NOM
plan,NOUN,A1,beacco,58.8816,105.9742,58.8816,7.6687,113.651,221.0816,152.979,135.3636,105.9742,53.8107,9.8155,128.5734,210.4088,151.3564,154.9424,109.6382,A1,word_pos,plan,N,plan,NOM
intelligent,ADJ,A1,beacco,58.878,69.335,58.878,108.0527,21.9891,109.7554,21.7081,43.6102,69.335,59.0873,86.0282,14.8828,202.269,18.0014,12.833,72.4813,A1,word_pos,intelligent,A,intelligent,ADJ
bout,NOUN,A1,beacco,58.8009,127.0834,58.8009,126.9604,147.5031,183.7441,59.352,19.2455,127.0834,85.1397,157.0362,210.8885,289.8768,89.8271,145.006,188.4664,A1,word_pos,bout,N,bout,NOM
sec,ADJ,A1,beacco,58.6062,21.7131,58.6062,17.6428,3.5443,8.9564,25.7756,0.0,21.7131,42.9333,7.7181,11.4089,8.3922,31.3528,0.0,20.0003,A1,word_pos,sec,A,sec,ADJ
dessert,NOUN,A1,beacco,58.2746,10.3806,58.2746,0.8826,0.3618,7.0375,0.0,0.0,10.3806,84.3687,0.8515,0.6378,2.5411,0.0,0.0,15.2811,A1,word_pos,dessert,N,dessert,NOM
médecin,NOUN,A1,beacco,58.1399,140.2957,,,,,,,,58.1399,144.3255,123.3998,183.1513,139.9744,111.7223,140.2957,A1,beacco_only,,,médecin,NOM
légume,NOUN,A1,beacco,58.1356,24.0078,58.1356,14.9651,14.0473,0.0,16.042,9.6228,24.0078,52.0507,19.1995,26.3031,0.0,27.5384,19.328,34.5799,A1,word_pos,légume,N,légume,NOM
joie,NOUN,A1,beacco,58.0949,51.0212,58.0949,31.0098,86.9042,12.8687,16.8923,0.0,51.0212,54.1321,47.2705,62.2815,15.0561,20.6179,0.0,50.0319,A1,word_pos,joie,N,joie,NOM
politique,ADJ,A1,beacco,58.0382,157.1768,58.0382,44.0501,84.6354,120.1618,469.5128,901.9236,157.1768,79.4683,55.6299,125.5351,112.9028,612.9694,1080.6151,200.1536,A1,word_pos,politique,A,politique,ADJ
informatique,NOUN,A1,beacco,57.9224,18.1282,57.9224,6.8117,4.8169,0.5755,40.4203,0.0,18.1282,60.2789,11.1654,9.561,0.911,36.8208,0.0,21.7321,A1,word_pos,informatique,N,informatique,NOM
un peu de,DET,A1,crf_first_attested,57.1913,27.3258,57.1913,17.8248,25.2395,4.9476,19.6975,0.0,27.3258,,,,,,,,,crf_only,un peu de,DET,,
amoureux,NOUN,A1,beacco,57.1715,36.135,57.1715,25.0767,21.7291,10.597,62.9101,0.0,36.135,50.8063,43.9898,35.6831,2.2839,40.6321,0.0,35.8936,A1,word_pos,amoureux,N,amoureux,NOM
fumer,VERB,A1,beacco,57.0736,74.353,57.0736,30.875,55.9758,110.5794,70.5682,6.4938,74.353,57.7925,34.524,66.3149,110.0194,49.2784,12.833,73.5481,A1,word_pos,fumer,V,fumer,VER
vide,ADJ,A1,beacco,57.0654,36.7017,57.0654,15.4288,38.8029,47.9073,1.6042,0.0,36.7017,58.9467,29.1918,63.7705,77.6399,3.4423,0.0,57.0246,A1,word_pos,vide,A,vide,ADJ
liberté,NOUN,A1,beacco,56.8836,159.9888,56.8836,112.3372,240.0765,65.9588,238.0924,151.6222,159.9888,52.438,87.9573,215.2728,111.2855,223.8156,154.9424,148.4738,A1,word_pos,liberté,N,liberté,NOM
art,NOUN,A1,beacco,56.7717,111.6917,56.7717,39.3213,140.4386,128.5489,186.9681,28.8683,111.6917,51.2546,54.4553,207.4297,185.2594,180.9168,38.656,145.8315,A1,word_pos,art,N,art,NOM
en moyenne,ADV,A1,crf_first_attested,56.738,41.7548,56.738,31.57,23.2186,18.8519,78.8946,28.8683,41.7548,,,,,,,,,crf_only,en moyenne,ADV,,
cousin,NOUN,A1,beacco,56.7155,38.7997,56.7155,81.212,17.9316,6.3292,3.2084,0.0,38.7997,71.0937,84.4006,25.8819,8.1533,6.8846,0.0,44.7459,A1,word_pos,cousin,N,cousin,NOM
remonter,VERB,A1,beacco,56.6556,67.1758,56.6556,49.7844,85.6375,50.2996,46.1803,28.8683,67.1758,56.9267,57.8472,99.8891,36.9628,41.1274,38.656,71.3625,A1,word_pos,remonter,V,remonter,VER
bicyclette,NOUN,A1,beacco,56.6096,18.4544,56.6096,8.4029,4.9465,28.7775,0.0,0.0,18.4544,42.4852,6.613,4.7626,17.5722,0.0,0.0,14.2621,A1,word_pos,bicyclette,N,bicyclette,NOM
utiliser,VERB,A1,beacco,56.6045,223.6851,56.6045,127.8955,184.4027,151.412,728.1747,360.3314,223.6851,88.1083,135.129,177.6984,97.4947,669.3424,426.0341,212.3505,A1,word_pos,utiliser,V,utiliser,VER
bébé,NOUN,A1,beacco,56.4384,13.3431,56.4384,9.0619,0.1883,3.0277,2.0505,19.2455,13.3431,67.9525,16.0451,0.3933,2.2839,4.139,57.984,20.0444,A1,word_pos,bébé,N,bébé,NOM
farine,NOUN,A1,beacco,56.3362,7.7766,56.3362,4.404,0.0,0.5755,2.0505,0.0,7.7766,51.093,4.7243,0.0,0.911,4.139,0.0,8.2264,A1,word_pos,farine,N,farine,NOM
capitale,NOUN,A1,beacco,56.3146,54.4247,56.3146,34.1143,73.9232,48.1984,3.1012,38.491,54.4247,51.3185,49.0523,69.288,49.9032,6.0005,38.656,57.3811,A1,word_pos,capitale,N,capitale,NOM
accueil,NOUN,A1,beacco,56.2935,29.0877,56.2935,13.185,33.9611,13.8842,9.8488,0.0,29.0877,52.3206,21.1529,35.6702,23.1002,20.024,0.0,35.3363,A1,word_pos,accueil,N,accueil,NOM
inquiéter,VERB,A1,beacco,56.2681,67.7235,56.2681,112.9445,25.4626,100.1666,31.4551,19.4814,67.7235,73.5285,108.7849,25.7077,67.6392,31.3781,12.833,62.018,A1,word_pos,inquiéter,V,inquiéter,VER
demi-heure,NOUN,A1,beacco,56.1173,34.689,,,,,,,,56.1173,32.3265,21.9108,54.5762,0.0,0.0,34.689,A1,beacco_only,,,demi-heure,NOM
sportif,NOUN,A1,beacco,56.0872,27.4154,56.0872,18.5059,5.4973,3.0277,0.0,71.4317,27.4154,37.0912,13.3964,3.1652,2.2839,0.0,38.4989,14.4765,A1,word_pos,sportif,N,sportif,NOM
enfance,NOUN,A1,beacco,55.9672,75.345,55.9672,53.9121,87.0151,65.2783,84.141,0.0,75.345,47.1584,48.204,84.6925,50.8146,40.0479,0.0,66.2568,A1,word_pos,enfance,N,enfance,NOM
ranger,VERB,A1,beacco,55.8376,30.6325,55.8376,19.4654,11.7394,45.495,1.6042,0.0,30.6325,52.3869,20.7553,10.7852,62.4351,3.4423,0.0,31.2046,A1,word_pos,ranger,V,ranger,VER
sûrement,ADV,A1,beacco,55.3435,61.3647,55.3435,108.4536,19.438,96.9267,0.0,6.4938,61.3647,52.5777,96.2299,21.7357,109.7871,0.0,12.833,61.7327,A1,word_pos,sûrement,ADV,sûrement,ADV
horrible,ADJ,A1,beacco,55.1886,20.0393,55.1886,3.1838,13.6862,31.7302,0.0,0.0,20.0393,75.1607,4.2582,17.787,29.3597,0.0,0.0,25.5442,A1,word_pos,horrible,A,horrible,ADJ
compter,VERB,A1,beacco,55.045,180.0137,55.045,100.6397,270.1297,144.4347,280.289,100.8319,180.0137,42.5463,107.7173,273.9607,185.1022,325.5847,135.3747,191.8612,A1,word_pos,compter,V,compter,VER
produit,NOUN,A1,beacco,54.9664,154.1164,54.9664,51.0668,82.002,198.4412,487.6248,221.003,154.1164,57.4551,54.1353,129.3871,111.7537,584.4708,151.257,147.9042,A1,word_pos,produit,N,produit,NOM
approcher,VERB,A1,beacco,54.7738,139.6009,54.7738,141.3956,234.6261,95.6202,11.2294,9.6228,139.6009,65.5989,161.5075,242.5415,128.1766,31.5653,19.328,160.1031,A1,word_pos,approcher,V,approcher,VER
indépendant,ADJ,A1,beacco,54.7664,35.2859,54.7664,19.5492,30.5342,0.0,36.875,117.0576,35.2859,62.2211,18.658,20.8695,0.0,40.1357,192.6297,34.9994,A1,word_pos,indépendant,A,indépendant,ADJ
cathédrale,NOUN,A1,beacco,54.7425,11.0001,54.7425,5.8938,1.6107,0.0,1.6042,0.0,11.0001,40.0918,4.7285,6.8639,0.0,6.8846,0.0,11.3908,A1,word_pos,cathédrale,N,cathédrale,NOM
ni,CONJ,A1,beacco,54.681,281.649,54.681,242.3338,389.3427,389.1739,327.9479,28.8683,281.649,73.542,307.489,583.3321,395.4229,502.7072,77.312,382.0292,A1,word_pos,ni,CONJC,ni,KON
découverte,NOUN,A1,beacco,54.6263,95.7344,54.6263,41.6542,99.0938,82.5985,131.6188,202.0778,95.7344,62.0244,25.7435,93.2841,49.0535,116.5686,154.624,76.4599,A1,word_pos,découverte,N,découverte,NOM
bonsoir,NOUN,A1,beacco,54.5477,8.1682,54.5477,3.1687,0.1155,0.6707,0.0,0.0,8.1682,96.7968,14.9117,0.2331,8.1533,0.0,0.0,19.1779,A1,word_pos,bonsoir,N,bonsoir,NOM
aéroport,NOUN,A1,beacco,54.5294,31.2873,54.5294,13.5781,34.9954,4.5416,31.0115,0.0,31.2873,54.0145,13.2081,30.4239,2.2839,30.0023,0.0,29.6707,A1,word_pos,aéroport,N,aéroport,NOM
quelquefois,ADV,A1,beacco,54.466,40.7281,54.466,58.2121,32.7058,20.442,2.0505,22.1371,40.7281,40.3338,39.5808,34.4784,31.8396,4.139,43.8345,39.3631,A1,word_pos,quelquefois,ADV,quelquefois,ADV
laver,VERB,A1,beacco,54.4452,63.6611,54.4452,162.3006,19.0617,62.4847,0.0,0.0,63.6611,50.5568,119.6601,33.3387,57.7077,0.0,0.0,58.8269,A1,word_pos,laver,V,laver,VER
écoute,NOUN,A1,beacco,54.1715,51.5892,54.1715,89.9116,20.5062,46.8986,4.101,19.2455,51.5892,93.7906,127.8003,65.3866,43.8942,29.205,19.328,77.3178,A1,word_pos,écoute,N,écoute,NOM
inventer,VERB,A1,beacco,54.1394,76.2919,54.1394,29.1603,41.6344,63.2546,251.3223,19.2455,76.2919,72.6499,23.6198,38.6601,54.2722,182.9332,19.328,67.2737,A1,word_pos,inventer,V,inventer,VER
quinze,DET,A1,crf_first_attested,54.1333,79.8985,54.1333,65.1413,88.1742,50.9525,41.4618,179.5003,79.8985,,,,,,,,,crf_only,quinze,DET,,
retard,NOUN,A1,beacco,53.9275,52.4586,53.9275,23.4536,92.0816,0.0,39.3132,12.9876,52.4586,44.1797,41.2879,91.1022,1.7933,55.9876,25.6659,58.6184,A1,word_pos,retard,N,retard,NOM
falaise,NOUN,A1,beacco,53.8903,8.0389,53.8903,2.4006,1.8258,0.0,0.0,0.0,8.0389,33.4927,4.7328,3.6425,0.0,0.0,0.0,8.0267,A1,word_pos,falaise,N,falaise,NOM
représenter,VERB,A1,beacco,53.8228,139.7596,53.8228,75.371,195.8735,59.0128,315.2567,126.0969,139.7596,64.6399,93.0997,193.933,63.6734,273.9477,174.5002,140.5585,A1,word_pos,représenter,V,représenter,VER
oh là là,ADV,A1,crf_first_attested,53.8179,7.3803,53.8179,0.7405,0.1812,0.0,0.0,0.0,7.3803,,,,,,,,,crf_only,oh là là,ADV,,
vérité,NOUN,A1,beacco,53.685,97.6487,53.685,70.3572,80.485,200.617,78.7938,54.0717,97.6487,44.2075,94.7555,88.9179,190.8858,85.2966,50.4231,106.9292,A1,word_pos,vérité,N,vérité,NOM
studentbostäder,NOUN,A1,crf_first_attested,53.6797,24.4462,53.6797,22.5577,3.0607,0.0,21.7081,38.491,24.4462,,,,,,,,,crf_only,studentbostäder,N,,
mots,NOUN,A1,crf_first_attested,53.6667,157.5877,53.6667,180.5464,221.5763,158.6943,32.1283,55.0502,157.5877,,,,,,,,,crf_only,mots,N,,
en même temps,ADV,A1,crf_first_attested,53.6233,46.4222,53.6233,66.6249,34.7733,37.386,6.4168,0.0,46.4222,,,,,,,,,crf_only,en même temps,ADV,,
intérieur,NOUN,A1,beacco,53.265,57.1695,53.265,23.3047,30.0771,97.6319,92.5385,25.5316,57.1695,60.9117,58.1505,118.2963,169.4805,185.6332,43.8345,115.24,A1,word_pos,intérieur,N,intérieur,NOM
printemps,NOUN,A1,beacco,53.2398,38.1377,53.2398,19.9198,58.557,19.2683,15.5058,0.0,38.1377,67.9802,32.7763,68.5148,19.2437,12.0009,0.0,49.6322,A1,word_pos,printemps,N,printemps,NOM
rouler,VERB,A1,beacco,53.2221,43.1966,53.2221,13.7038,28.2156,39.4718,98.8577,0.0,43.1966,55.9982,13.9742,40.1251,71.0416,91.344,0.0,50.7105,A1,word_pos,rouler,V,rouler,VER
à cause de,PREP,A1,crf_first_attested,52.8941,69.0559,52.8941,73.5149,61.8133,75.9364,64.4917,48.1138,69.0559,,,,,,,,,crf_only,à cause de,PREP,,
genou,NOUN,A1,beacco,52.8142,42.4259,52.8142,33.1454,50.5373,13.1957,6.2023,0.0,42.4259,44.5533,34.9582,46.0437,9.025,6.0005,0.0,37.9722,A1,word_pos,genou,N,genou,NOM
huile,NOUN,A1,beacco,52.4805,19.4891,52.4805,17.2709,1.7004,0.0,52.0771,0.0,19.4891,63.2645,14.7147,1.757,0.0,81.2641,0.0,23.6697,A1,word_pos,huile,N,huile,NOM
manquer,VERB,A1,beacco,52.4678,153.7219,52.4678,110.1258,147.345,273.3825,175.3719,76.982,153.7219,52.9955,132.1791,125.4295,212.8891,91.344,77.312,135.7779,A1,word_pos,manquer,V,manquer,VER
lecture,NOUN,A1,beacco,52.3868,89.3041,52.3868,18.055,52.7762,234.7787,111.8313,0.0,89.3041,55.9587,16.3029,37.6003,132.6992,117.24,0.0,71.1507,A1,word_pos,lecture,N,lecture,NOM
mince,ADJ,A1,beacco,52.3709,32.0273,52.3709,20.9479,35.8668,25.0626,4.8126,0.0,32.0273,85.7064,23.7908,45.4274,19.0399,3.4423,0.0,39.4307,A1,word_pos,mince,A,mince,ADJ
jeter,VERB,A1,beacco,51.8322,173.7519,51.8322,280.6779,225.1408,140.8764,19.6975,19.4814,173.7519,41.1052,300.0419,259.6543,223.2618,26.3397,12.833,198.0733,A1,word_pos,jeter,V,jeter,VER
avoir besoin,VERB,A1,crf_first_attested,51.606,16.5934,51.606,4.5144,13.9614,12.575,0.0,0.0,16.5934,,,,,,,,,crf_only,avoir besoin,V,,
feu,NOUN,A1,beacco,51.3406,154.372,51.3406,174.8093,236.7063,70.9562,157.556,6.4938,154.372,91.406,203.7324,260.8843,101.0441,94.1343,12.833,172.8335,A1,word_pos,feu,N,feu,NOM
invitation,NOUN,A1,beacco,51.303,17.5077,51.303,22.663,2.9106,6.4693,1.6042,6.4938,17.5077,85.5333,13.831,0.6378,8.4014,3.4423,12.833,18.8713,A1,word_pos,invitation,N,invitation,NOM
étoile,NOUN,A1,beacco,51.2448,38.5573,51.2448,56.0012,57.3657,1.5139,0.0,0.0,38.5573,39.301,69.5952,36.7254,0.0,0.0,0.0,32.7883,A1,word_pos,étoile,N,étoile,NOM
pâté,NOUN,A1,beacco,51.2121,7.7566,51.2121,2.8783,0.0,0.0,3.2084,0.0,7.7566,70.9716,4.7285,0.0,0.0,3.4423,0.0,9.3343,A1,word_pos,pâté,N,pâté,NOM
salade,NOUN,A1,beacco,51.1683,12.6099,51.1683,3.8178,0.1662,0.7062,3.2084,6.4938,12.6099,88.2961,5.1762,0.1029,1.2705,6.8846,12.833,19.9157,A1,word_pos,salade,N,salade,NOM
noter,VERB,A1,beacco,51.0944,78.5058,51.0944,15.2279,42.2037,172.9065,79.7893,367.5677,78.5058,58.0888,4.5382,43.3997,212.5063,66.4491,325.4685,77.2499,A1,word_pos,noter,V,noter,VER
tennis,NOUN,A1,beacco,51.0777,16.5791,51.0777,32.7751,0.5833,0.0,9.3035,0.0,16.5791,54.7841,31.3685,0.5531,0.0,6.0005,0.0,15.0461,A1,word_pos,tennis,N,tennis,NOM
frais,ADJ,A1,beacco,51.0197,45.0812,51.0197,40.9028,13.8072,69.3856,65.3878,4.1173,45.0812,71.3738,49.4981,50.3703,55.5752,120.0649,4.0185,69.2454,A1,word_pos,frais,A,frais,ADJ
posséder,VERB,A1,beacco,50.9971,106.5517,50.9971,48.2939,95.8045,74.1797,312.8287,56.9419,106.5517,50.7894,66.227,108.4863,72.5122,284.2444,87.6689,112.8938,A1,word_pos,posséder,V,posséder,VER
blague,NOUN,A1,beacco,50.9283,18.8083,50.9283,45.7669,0.0,0.0,0.0,0.0,18.8083,45.3707,21.6835,0.0,0.0,0.0,0.0,11.3368,A1,word_pos,blague,N,blague,NOM
servir,VERB,A1,beacco,50.8226,218.2901,50.8226,180.4668,201.5529,428.1338,248.6139,266.1605,218.2901,73.1743,176.5145,205.2635,304.8776,284.8521,322.9554,214.5017,A1,word_pos,servir,V,servir,VER
presser,VERB,A1,beacco,50.781,48.682,50.781,26.342,54.5416,44.042,33.1658,0.0,48.682,27.1999,14.9701,28.116,74.2239,39.722,0.0,39.0596,A1,word_pos,presser,V,presser,VER
composer,VERB,A1,beacco,50.6701,62.5585,50.6701,20.7605,114.1796,4.8562,108.7948,28.5334,62.5585,64.0924,34.0323,111.7715,8.3751,120.2103,93.687,72.6211,A1,word_pos,composer,V,composer,VER
tirer,VERB,A1,beacco,50.6348,190.9032,50.6348,154.4019,239.7264,227.8717,218.3225,101.5791,190.9032,52.9761,123.9542,231.3049,321.4223,201.2289,86.9662,194.0038,A1,word_pos,tirer,V,tirer,VER
endormir,VERB,A1,beacco,50.6063,53.0774,50.6063,52.8008,24.6139,43.8788,67.7967,0.0,53.0774,69.4848,92.6132,27.4177,43.1601,50.0526,0.0,62.8684,A1,word_pos,endormir,V,endormir,VER
terrasse,NOUN,A1,beacco,50.3908,30.3424,50.3908,0.1103,40.3316,69.5528,0.0,0.0,30.3424,72.0289,3.782,45.3612,54.6246,0.0,0.0,34.8909,A1,word_pos,terrasse,N,terrasse,NOM
quai,NOUN,A1,beacco,50.1721,30.3685,50.1721,11.4539,25.3317,82.9852,0.0,0.0,30.3685,47.5896,24.4343,33.0014,130.1956,0.0,0.0,47.8788,A1,word_pos,quai,N,quai,NOM
marche,NOUN,A1,beacco,50.1472,63.9073,50.1472,19.9492,99.1857,16.6821,99.649,72.7833,63.9073,92.0418,72.0746,118.5623,25.7494,121.9436,56.7717,96.0384,A1,word_pos,marche,N,marche,NOM
pluie,NOUN,A1,beacco,50.0451,53.8228,50.0451,80.5398,57.5204,32.4853,15.5058,0.0,53.8228,59.5565,49.0363,72.5915,43.6735,6.0005,0.0,54.1426,A1,word_pos,pluie,N,pluie,NOM
personnage,NOUN,A1,beacco,49.9974,138.2011,49.9974,159.0806,149.8737,173.9021,44.3541,2.0587,138.2011,54.09,181.9458,134.2658,96.1628,61.0802,4.0185,127.3501,A1,word_pos,personnage,N,personnage,NOM
courage,NOUN,A1,beacco,49.9436,65.5964,49.9436,18.9027,93.5346,68.5888,83.9939,0.0,65.5964,76.8399,25.8231,77.3923,62.1293,63.3793,0.0,65.2725,A1,word_pos,courage,N,courage,NOM
feuille,NOUN,A1,beacco,49.9052,48.4753,49.9052,21.6001,40.068,81.8628,41.9969,0.0,48.4753,50.2679,14.1328,44.7249,121.2416,56.8202,0.0,57.6048,A1,word_pos,feuille,N,feuille,NOM
certainement,ADV,A1,beacco,49.8349,50.2397,49.8349,44.7514,25.6607,55.0273,101.1045,0.0,50.2397,56.1554,21.7195,35.0557,78.9115,102.8605,0.0,52.5258,A1,word_pos,certainement,ADV,certainement,ADV
destination,NOUN,A1,beacco,49.7158,15.368,49.7158,9.031,5.1301,8.495,9.3035,0.0,15.368,49.5549,25.1064,7.7013,19.0072,6.0005,0.0,21.8783,A1,word_pos,destination,N,destination,NOM
message,NOUN,A1,beacco,49.638,61.381,49.638,9.9057,83.9537,26.9193,95.8239,57.7365,61.381,48.4736,11.8112,73.9505,19.035,49.1091,38.656,52.2988,A1,word_pos,message,N,message,NOM
boutique,NOUN,A1,beacco,49.511,30.2071,49.511,13.0876,31.9759,23.905,10.2524,0.0,30.2071,25.8277,10.013,26.5887,29.8538,12.4171,0.0,25.8979,A1,word_pos,boutique,N,boutique,NOM
briller,VERB,A1,beacco,49.501,31.1552,49.501,28.804,32.847,11.2745,6.2023,0.0,31.1552,68.4942,36.9178,49.3923,18.1767,6.0005,0.0,42.2046,A1,word_pos,briller,V,briller,VER
cafétéria,NOUN,A1,crf_first_attested,49.4229,5.7386,49.4229,0.1887,0.0,0.0,0.0,0.0,5.7386,,,,,,,,,crf_only,cafétéria,N,,
goûter,VERB,A1,beacco,49.3767,18.19,49.3767,0.3209,7.0742,36.6645,6.1515,0.0,18.19,39.2236,0.6228,4.9077,14.4824,19.861,0.0,14.9848,A1,word_pos,goûter,V,goûter,VER
programme,NOUN,A1,beacco,49.3118,149.5307,49.3118,115.4051,65.4273,200.694,309.6035,304.626,149.5307,68.1009,68.4962,80.8079,113.1548,266.5415,444.344,124.2864,A1,word_pos,programme,N,programme,NOM
direction,NOUN,A1,beacco,49.1746,41.9805,49.1746,10.3989,49.1842,30.8787,12.4046,113.4071,41.9805,86.8042,29.6846,61.7474,56.6059,12.0009,133.8419,61.9608,A1,word_pos,direction,N,direction,NOM
qu',ADV,A1,beacco,49.1359,69.2469,,,,,,,,49.1359,35.0045,73.5794,105.0244,66.9321,113.6757,69.2469,A1,beacco_only,,,qu',ADV
goûts,NOUN,A1,crf_first_attested,48.9893,31.931,48.9893,3.807,36.4922,12.1109,24.8092,6.4938,31.931,,,,,,,,,crf_only,goûts,N,,
écrivain,NOUN,A1,beacco,48.9826,124.9361,48.9826,61.4602,128.0467,76.3399,180.2614,442.6466,124.9361,52.003,75.973,130.743,77.6178,201.2289,328.5759,129.2549,A1,word_pos,écrivain,N,écrivain,NOM
africain,ADJ,A1,beacco,48.9535,49.5466,48.9535,8.8947,23.0406,11.2845,139.2569,307.9281,49.5466,32.462,12.4866,26.4618,9.0915,104.967,193.2799,44.6868,A1,word_pos,africain,A,africain,ADJ
décembre,NOUN,A1,beacco,48.9,82.4169,48.9,21.9267,134.0163,34.0273,197.8242,85.6001,82.4169,61.3091,19.613,117.5721,23.0366,131.9064,113.5434,69.6824,A1,word_pos,décembre,N,décembre,NOM
soudain,ADV,A1,beacco,48.7362,76.6452,48.7362,63.375,141.4797,10.8093,9.3035,0.0,76.6452,69.2939,71.5891,236.804,15.2575,6.0005,0.0,111.7598,A1,word_pos,soudain,ADV,soudain,ADV
dynamique,ADJ,A1,beacco,48.7079,30.7098,48.7079,28.6107,12.8835,11.0662,0.0,76.982,30.7098,38.1069,30.6388,12.3884,11.6267,0.0,38.656,26.1572,A1,word_pos,dynamique,A,dynamique,ADJ
son,NOUN,A1,beacco,48.6739,26.3023,48.6739,4.243,32.6377,33.9312,0.0,6.4938,26.3023,49.9188,1.8181,49.9334,69.4791,3.4423,12.833,35.8746,A1,word_pos,son,N,son,NOM
boule,NOUN,A1,beacco,48.6586,46.3607,48.6586,12.5851,5.8842,1.6517,105.8775,0.0,46.3607,32.6359,9.5455,5.7475,1.3018,72.2883,0.0,32.6705,A1,word_pos,boule,N,boule,NOM
loin de,PREP,A1,crf_first_attested,48.6503,77.0056,48.6503,19.6457,128.4453,39.6068,64.1923,165.0698,77.0056,,,,,,,,,crf_only,loin de,PREP,,
au moins,ADV,A1,crf_first_attested,48.4636,118.4129,48.4636,70.2143,138.988,150.1064,120.2377,128.6474,118.4129,,,,,,,,,crf_only,au moins,ADV,,
serpent,NOUN,A1,beacco,48.4624,15.3526,48.4624,13.6393,6.0297,0.8949,9.3035,0.0,15.3526,30.1506,5.8168,2.8865,1.8983,6.0005,0.0,8.1958,A1,word_pos,serpent,N,serpent,NOM
mec,NOUN,A1,beacco,48.3032,7.556,48.3032,3.1469,0.4152,0.7062,0.0,0.0,7.556,77.8945,4.5382,0.7812,1.2705,0.0,0.0,18.4324,A1,word_pos,mec,N,mec,NOM
lait,NOUN,A1,beacco,48.2829,21.3369,48.2829,9.8856,15.324,13.9298,9.8067,0.0,21.3369,61.4801,14.832,23.04,22.0937,19.861,0.0,29.6187,A1,word_pos,lait,N,lait,NOM
aucun,DET,A1,crf_first_attested,47.8014,280.0484,47.8014,91.6916,310.4469,521.7381,639.3436,160.9204,280.0484,,,,,,,,,crf_only,aucun,DET,,
coûter,VERB,A1,beacco,47.7968,71.2117,47.7968,71.2792,84.7356,51.4144,104.6576,9.6228,71.2117,50.1526,55.1852,75.074,44.3228,113.7632,19.328,66.9681,A1,word_pos,coûter,V,coûter,VER
forme,NOUN,A1,beacco,47.6858,178.2709,47.6858,81.0404,132.9419,196.1064,306.5786,910.2005,178.2709,68.4087,75.4214,152.9215,186.4292,352.4786,860.7128,191.8989,A1,word_pos,forme,N,forme,NOM
en face de,PREP,A1,crf_first_attested,47.656,22.7756,47.656,9.7834,12.8991,61.0507,0.0,0.0,22.7756,,,,,,,,,crf_only,en face de,PREP,,
tableau,NOUN,A1,beacco,47.6057,51.9388,47.6057,35.9642,26.7981,147.5354,9.3035,12.9876,51.9388,39.8853,27.707,29.6736,156.5678,12.0009,12.833,54.2873,A1,word_pos,tableau,N,tableau,NOM
dix,ADJ,A1,crf_first_attested,47.3686,27.5546,47.3686,25.977,12.519,9.3027,45.2518,19.2455,27.5546,,,,,,,,,crf_only,dix,A,,
étranger,NOUN,A1,beacco,47.1624,94.8655,47.1624,33.9952,96.2006,137.4419,123.1355,72.7833,94.8655,49.6075,9.8684,55.5242,73.4927,24.8342,0.0,52.9841,A1,word_pos,étranger,N,étranger,NOM
mode,NOUN,A1,beacco,47.0633,158.412,47.0633,156.7941,154.121,99.8942,277.8544,338.666,158.412,32.8693,212.4011,150.6687,97.7241,254.4415,342.909,163.4951,A1,word_pos,mode,N,mode,NOM
vieil,ADJ,A1,crf_first_attested,46.8893,36.4151,46.8893,25.5987,32.213,61.9033,0.0,0.0,36.4151,,,,,,,,,crf_only,vieil,A,,
invité,NOUN,A1,beacco,46.8508,42.5963,46.8508,54.5076,24.1545,20.352,34.728,0.0,42.5963,46.0843,47.013,28.1579,24.8122,6.0005,0.0,38.0043,A1,word_pos,invité,N,invité,NOM
sucre,NOUN,A1,beacco,46.844,24.4204,46.844,22.1083,14.0625,0.0,34.728,28.5334,24.4204,64.3261,19.3058,14.0174,0.0,52.5392,56.7717,27.7877,A1,word_pos,sucre,N,sucre,NOM
tiens,INT,A1,beacco,46.772,29.7537,,,,,,,,46.772,66.6567,11.8259,1.2705,20.024,0.0,29.7537,A1,beacco_only,,,tiens,INT
rôle,NOUN,A1,beacco,46.7485,146.6152,46.7485,50.4273,163.2922,190.572,151.2538,399.4673,146.6152,45.4446,73.5549,108.4286,108.5196,160.6204,328.0847,117.2196,A1,word_pos,rôle,N,rôle,NOM
service,NOUN,A1,beacco,46.7206,113.9762,46.7206,45.2012,169.7488,44.3943,216.6969,96.0555,113.9762,74.4064,77.433,205.909,113.5493,485.2004,190.5105,173.4485,A1,word_pos,service,N,service,NOM
quatre,PRON,A1,crf_first_attested,46.3702,35.9915,46.3702,14.9469,53.7153,40.6622,9.8067,0.0,35.9915,,,,,,,,,crf_only,quatre,PRO,,
mademoiselle,NOUN,A1,beacco,46.1385,26.3331,46.1385,38.1561,7.5694,29.2132,0.0,0.0,26.3331,83.1846,80.8254,21.1521,211.5477,0.0,0.0,82.1007,A1,word_pos,mademoiselle,N,mademoiselle,NOM
immédiatement,ADV,A1,beacco,46.0826,64.5038,46.0826,113.7228,39.5308,39.9675,65.157,0.0,64.5038,52.9484,130.8605,57.0054,42.9501,101.622,0.0,78.7042,A1,word_pos,immédiatement,ADV,immédiatement,ADV
monument,NOUN,A1,beacco,45.8649,59.0671,45.8649,37.1468,87.027,51.7111,8.021,0.0,59.0671,48.1649,37.3377,67.0726,65.8535,6.8846,0.0,55.6518,A1,word_pos,monument,N,monument,NOM
passion,NOUN,A1,beacco,45.706,70.7169,45.706,100.8096,75.88,18.5864,43.2657,4.1173,70.7169,37.5206,83.4587,67.1063,28.9647,19.861,4.0185,58.784,A1,word_pos,passion,N,passion,NOM
de nouveau,ADV,A1,crf_first_attested,45.6549,58.7711,45.6549,89.6506,38.0879,94.4676,6.2023,0.0,58.7711,,,,,,,,,crf_only,de nouveau,ADV,,
gras,ADJ,A1,beacco,45.5555,22.6979,45.5555,18.5895,7.5815,0.0,0.0,169.1042,22.6979,60.3932,19.0897,10.037,0.0,0.0,111.7223,22.9227,A1,word_pos,gras,A,gras,ADJ
considérer,VERB,A1,beacco,45.4707,149.9154,45.4707,16.3407,197.955,213.835,381.2655,86.6048,149.9154,40.1228,20.1601,195.8728,138.5584,303.5915,57.984,128.5897,A1,word_pos,considérer,V,considérer,VER
g,NOUN,A1,crf_first_attested,45.448,16.405,45.448,0.2527,38.4337,0.0,1.6042,0.0,16.405,,,,,,,,,crf_only,g,N,,
herbe,NOUN,A1,beacco,45.2931,36.7531,45.2931,57.0333,31.8227,1.6517,4.101,9.6228,36.7531,55.7398,103.6549,42.4293,9.025,40.1357,19.328,54.7132,A1,word_pos,herbe,N,herbe,NOM
fromage,NOUN,A1,beacco,45.0566,22.8555,45.0566,10.9344,23.0715,6.5159,3.2084,0.0,22.8555,47.3729,12.0042,34.4649,8.3922,6.8846,0.0,28.8845,A1,word_pos,fromage,N,fromage,NOM
oeuvre,NOUN,A1,beacco,45.0472,129.6162,45.0472,62.4516,80.9287,142.2934,449.0539,69.3619,129.6162,39.2879,65.5395,71.746,139.7558,561.6206,56.7717,134.3568,A1,word_pos,oeuvre,N,oeuvre,NOM
joyeux,ADJ,A1,beacco,44.9532,20.5254,44.9532,11.408,18.4855,6.0554,4.101,0.0,20.5254,44.8231,9.1022,14.9545,2.2839,4.139,0.0,16.6027,A1,word_pos,joyeux,A,joyeux,ADJ
âne,NOUN,A1,beacco,44.9351,10.5029,44.9351,2.6535,2.9775,3.0277,0.0,0.0,10.5029,35.1658,12.8334,0.487,2.2839,0.0,0.0,16.9484,A1,word_pos,âne,N,âne,NOM
conseil,NOUN,A1,beacco,44.8274,84.4642,44.8274,46.0497,77.8498,96.2579,88.1218,151.6222,84.4642,131.7079,68.0966,94.4587,81.1125,138.0671,51.3319,107.1709,A1,word_pos,conseil,N,conseil,NOM
drôle,ADJ,A1,beacco,44.7688,41.7015,44.7688,45.9816,50.9663,0.7062,12.4046,0.0,41.7015,80.956,41.69,35.5471,8.7861,6.0005,0.0,40.4404,A1,word_pos,drôle,A,drôle,ADJ
plutôt,ADV,A1,beacco,44.6402,171.0602,44.6402,122.8376,234.3429,255.3612,106.9511,230.9182,171.0602,55.5187,136.8937,246.3755,303.6611,189.131,396.893,201.4277,A1,word_pos,plutôt,ADV,plutôt,ADV
plus tard,ADV,A1,crf_first_attested,44.5637,45.768,44.5637,47.8325,27.9179,52.7866,21.7081,105.3719,45.768,,,,,,,,,crf_only,plus tard,ADV,,
diriger,VERB,A1,beacco,44.5231,94.787,44.5231,79.3563,96.7605,119.8751,83.2175,28.5334,94.787,40.5331,72.3821,108.8887,69.3984,74.0582,56.7717,87.0255,A1,word_pos,diriger,V,diriger,VER
pyramide,NOUN,A1,beacco,44.3791,15.7778,44.3791,0.0,27.962,12.133,0.0,0.0,15.7778,26.0616,0.0,8.7303,25.431,0.0,0.0,8.9102,A1,word_pos,pyramide,N,pyramide,NOM
